neutron	939.56536	3.42814508	99988.55588	0	0
neutron	939.56536	2.950201167	99988.55588	0	0
Ne21	19550.53637	0.3600836614	99988.55588	0	0
neutron	939.56536	10.04897159	99989.06431	0	0
neutron	939.56536	5.134719738	99989.06431	0	0
neutron	939.56536	1.832460513	99989.06431	0	0
neutron	939.56536	0.7811292622	99989.06431	0	0
neutron	939.56536	0.5940268063	99989.06431	0	0
S32	29773.62828	0.1372177484	99989.06431	0	0
proton	938.272013	20.08641415	99989.04083	0	0
neutron	939.56536	6.84181591	99989.04083	0	0
neutron	939.56536	5.550027232	99989.04083	0	0
neutron	939.56536	3.375276598	99989.04083	0	0
F19	17692.30285	0.8642858469	99989.04083	0	0
neutron	939.56536	1.659605015	99988.79779	0	0
Ne22	20479.73746	0.2346474659	99988.79779	0	0
neutron	939.56536	14.73071285	99989.2288	0	0
neutron	939.56536	8.247327139	99989.2288	0	0
neutron	939.56536	1.238782558	99989.2288	0	0
alpha	3727.379	7.776526153	99989.2288	0	0
Si28	26053.19393	0.326376578	99989.2288	0	0
neutron	939.56536	9.428321673	99989.01363	0	0
neutron	939.56536	3.812633984	99989.01363	0	0
neutron	939.56536	0.5090675218	99989.01363	0	0
Ne20	18617.73218	1.678178569	99989.01363	0	0
neutron	939.56536	17.19003012	99988.84081	0	0
neutron	939.56536	9.484333969	99988.84081	0	0
neutron	939.56536	3.621269863	99988.84081	0	0
alpha	3727.379	4.351517928	99988.84081	0	0
O16	14895.08153	2.872881136	99988.84081	0	0
neutron	939.56536	1.039506001	99989.46189	0	0
S36	33494.9558	0.04962531036	99989.46189	0	0
neutron	939.56536	1.046342204	99989.37692	0	0
Ne22	20479.73746	0.2445075345	99989.37692	0	0
neutron	939.56536	2.889016236	99988.62956	0	0
S34	31632.70018	0.3716549292	99988.62956	0	0
neutron	939.56536	22.82544375	99988.84583	0	0
neutron	939.56536	2.962262977	99988.84583	0	0
Ne21	19550.53637	0.7689884615	99988.84583	0	0
S35	32565.27968	0.1414110107	99988.73597	0	0
neutron	939.56536	2.845262562	99988.19758	0	0
S36	33494.9558	0.02296776896	99988.19758	0	0
S35	32565.27968	0.1615350463	99988.98282	0	0
Ne23	21414.10216	0.2184583241	99990.32121	0	0
neutron	939.56536	1.282616741	99989.57559	0	0
S34	31632.70018	0.07219801128	99989.57559	0	0
Ne23	21414.10216	0.2333421998	99989.30146	0	0
neutron	939.56536	6.287150058	99989.10775	0	0
neutron	939.56536	4.336595749	99989.10775	0	0
neutron	939.56536	1.936695166	99989.10775	0	0
Ne20	18617.73218	0.9119222184	99989.10775	0	0
neutron	939.56536	23.52097921	99988.70668	0	0
alpha	3727.379	5.699054505	99988.70668	0	0
O18	16762.02378	0.8557024036	99988.70668	0	0
neutron	939.56536	14.47583386	99989.07635	0	0
neutron	939.56536	4.943210399	99989.07635	0	0
alpha	3727.379	9.4090951	99989.07635	0	0
Si29	26984.28567	0.5954946999	99989.07635	0	0
S35	32565.27968	0.1620965408	99989.79597	0	0
neutron	939.56536	10.36596555	99989.76762	0	0
neutron	939.56536	1.228752749	99989.76762	0	0
Ne21	19550.53637	0.4189056082	99989.76762	0	0
neutron	939.56536	5.202553494	99988.82584	0	0
S34	31632.70018	0.1362675252	99988.82584	0	0
neutron	939.56536	28.73242036	99989.37117	0	0
proton	938.272013	8.164748919	99989.37117	0	0
neutron	939.56536	4.476670154	99989.37117	0	0
neutron	939.56536	1.263424714	99989.37117	0	0
P31	28844.21869	1.23902476	99989.37117	0	0
S35	32565.27968	0.1367917377	99988.99378	0	0
neutron	939.56536	1.327069766	99988.71117	0	0
S34	31632.70018	0.1746781478	99988.71117	0	0
S37	34430.21755	0.1421583622	99989.50864	0	0
proton	938.272013	5.769623339	99989.50483	0	0
neutron	939.56536	1.529884365	99989.50483	0	0
deuteron	1875.613	10.17730531	99989.50483	0	0
O19	17697.63348	2.4718773	99989.50483	0	0
S35	32565.27968	0.146626609	99989.45928	0	0
neutron	939.56536	2.969937622	99988.86535	0	0
Ne22	20479.73746	0.3361879341	99988.86535	0	0
proton	938.272013	16.47219583	99988.8812	0	0
neutron	939.56536	4.451088601	99988.8812	0	0
P35	32569.77755	0.2463359779	99988.8812	0	0
neutron	939.56536	34.0049112	99989.58582	0	0
proton	938.272013	15.98551336	99989.58582	0	0
neutron	939.56536	3.241588394	99989.58582	0	0
neutron	939.56536	0.5755483905	99989.58582	0	0
F19	17692.30285	1.899872413	99989.58582	0	0
S35	32565.27968	0.1646307037	99988.82115	0	0
Ne23	21414.10216	0.2254253162	99989.02724	0	0
S35	32565.27968	0.1390913704	99988.48176	0	0
Ne23	21414.10216	0.2200050422	99989.23902	0	0
proton	938.272013	9.067164072	99989.77967	0	0
neutron	939.56536	6.590990178	99989.77967	0	0
neutron	939.56536	3.682618351	99989.77967	0	0
neutron	939.56536	0.8970170048	99989.77967	0	0
P33	30705.30994	0.601436835	99989.77967	0	0
neutron	939.56536	2.853397733	99989.3973	0	0
S34	31632.70018	0.3694319035	99989.3973	0	0
neutron	939.56536	2.052584457	99989.60651	0	0
neutron	939.56536	0.3093934547	99989.60651	0	0
S33	30704.55199	0.0583817153	99989.60651	0	0
neutron	939.56536	1.804879476	99989.19381	0	0
S34	31632.70018	0.1312187363	99989.19381	0	0
neutron	939.56536	0.6069170116	99989.35741	0	0
Ne22	20479.73746	0.1807874035	99989.35741	0	0
neutron	939.56536	8.818417222	99989.73203	0	0
neutron	939.56536	3.798404958	99989.73203	0	0
neutron	939.56536	3.180427478	99989.73203	0	0
neutron	939.56536	1.290066858	99989.73203	0	0
He3	2808.391	13.54339719	99989.73203	0	0
Si30	27913.24182	0.8461557155	99989.73203	0	0
neutron	939.56536	20.05833361	99988.56827	0	0
neutron	939.56536	1.236586757	99988.56827	0	0
S33	30704.55199	0.5201136827	99988.56827	0	0
neutron	939.56536	0.7986507687	99989.8558	0	0
Ne22	20479.73746	0.07969261328	99989.8558	0	0
neutron	939.56536	6.882715115	99989.42357	0	0
neutron	939.56536	4.226667972	99989.42357	0	0
neutron	939.56536	1.424118635	99989.42357	0	0
S32	29773.62828	0.7255277911	99989.42357	0	0
neutron	939.56536	1.078120702	99989.53628	0	0
S34	31632.70018	0.09804581771	99989.53628	0	0
neutron	939.56536	2.032544529	99989.2362	0	0
S34	31632.70018	0.2887695963	99989.2362	0	0
neutron	939.56536	3.448837368	99989.33262	0	0
neutron	939.56536	3.305850003	99989.33262	0	0
neutron	939.56536	1.402952715	99989.33262	0	0
S32	29773.62828	0.2812606128	99989.33262	0	0
proton	938.272013	11.10921166	99989.62779	0	0
proton	938.272013	8.259327376	99989.62779	0	0
neutron	939.56536	4.219615231	99989.62779	0	0
Si32	29776.58515	0.5938849384	99989.62779	0	0
neutron	939.56536	2.32172168	99989.48283	0	0
S34	31632.70018	0.2292911445	99989.48283	0	0
S37	34430.21755	0.1450571223	99990.27034	0	0
neutron	939.56536	19.85126437	99989.26288	0	0
neutron	939.56536	4.692214114	99989.26288	0	0
neutron	939.56536	3.700630058	99989.26288	0	0
Ne20	18617.73218	1.167919104	99989.26288	0	0
neutron	939.56536	0.862825531	99989.25216	0	0
Ne22	20479.73746	0.08831616474	99989.25216	0	0
proton	938.272013	13.77236453	99989.35741	0	0
neutron	939.56536	1.2807151	99989.35741	0	0
neutron	939.56536	0.2989192088	99989.35741	0	0
P32	29775.84838	0.3083391737	99989.35741	0	0
S35	32565.27968	0.1577178252	99989.68919	0	0
neutron	939.56536	1.005810146	99989.31011	0	0
Ne22	20479.73746	0.0916006702	99989.31011	0	0
neutron	939.56536	2.212575158	99988.81268	0	0
S34	31632.70018	0.1531276332	99988.81268	0	0
neutron	939.56536	2.347358397	99989.63582	0	0
Ne22	20479.73746	0.1236193521	99989.63582	0	0
Ne23	21414.10216	0.2247657012	99989.1597	0	0
neutron	939.56536	32.61199386	99989.12193	0	0
neutron	939.56536	3.537522278	99989.12193	0	0
neutron	939.56536	3.488540079	99989.12193	0	0
alpha	3727.379	6.850715859	99989.12193	0	0
O16	14895.08153	2.36890541	99989.12193	0	0
Ne23	21414.10216	0.220456167	99989.16409	0	0
neutron	939.56536	0.0927812384	99989.17657	0	0
S36	33494.9558	0.1395855198	99989.17657	0	0
neutron	939.56536	35.95889182	99989.47623	0	0
neutron	939.56536	1.369713839	99989.47623	0	0
neutron	939.56536	0.06774631879	99989.47623	0	0
S34	31632.70018	0.990659739	99989.47623	0	0
S37	34430.21755	0.1279659636	99988.95064	0	0
neutron	939.56536	0.4509806468	99989.07359	0	0
Ne22	20479.73746	0.2569373637	99989.07359	0	0
S37	34430.21755	0.1320211235	99988.52573	0	0
S35	32565.27968	0.1492856661	99988.30095	0	0
neutron	939.56536	2.859672308	99989.36875	0	0
neutron	939.56536	2.42285516	99989.36875	0	0
neutron	939.56536	1.993067233	99989.36875	0	0
Ne20	18617.73218	0.4375902501	99989.36875	0	0
neutron	939.56536	0.6237312667	99989.34437	0	0
S34	31632.70018	0.1121152904	99989.34437	0	0
neutron	939.56536	0.1790539376	99989.47222	0	0
S36	33494.9558	0.1039723256	99989.47222	0	0
Ne23	21414.10216	0.2138347043	99989.04827	0	0
S35	32565.27968	0.1483478906	99988.80093	0	0
S35	32565.27968	0.146955231	99989.16102	0	0
Ne23	21414.10216	0.2311244986	99989.61984	0	0
Ne23	21414.10216	0.227297896	99989.0203	0	0
neutron	939.56536	0.04590696168	99988.99992	0	0
Ne22	20479.73746	0.2414947611	99988.99992	0	0
neutron	939.56536	19.92000316	99989.68587	0	0
neutron	939.56536	7.775105782	99989.68587	0	0
proton	938.272013	6.743734249	99989.68587	0	0
neutron	939.56536	4.031581724	99989.68587	0	0
neutron	939.56536	0.8021951083	99989.68587	0	0
P32	29775.84838	0.1752287004	99989.68587	0	0
neutron	939.56536	0.1957686631	99989.15448	0	0
Ne22	20479.73746	0.1670591965	99989.15448	0	0
Ne23	21414.10216	0.2180408491	99989.74992	0	0
Ne23	21414.10216	0.2223938484	99988.97385	0	0
Ne23	21414.10216	0.2221366761	99989.05321	0	0
S35	32565.27968	0.1616539996	99989.28595	0	0
neutron	939.56536	22.78751365	99989.35807	0	0
neutron	939.56536	5.502594052	99989.35807	0	0
S33	30704.55199	0.256255288	99989.35807	0	0
neutron	939.56536	1.964741881	99989.53509	0	0
S34	31632.70018	0.2854002078	99989.53509	0	0
Ne23	21414.10216	0.2265715171	99990.02657	0	0
proton	938.272013	21.2074239	99990.26499	0	0
F22	20491.06576	0.6970187093	99990.26499	0	0
neutron	939.56536	1.098218806	99989.43079	0	0
S34	31632.70018	0.2722472461	99989.43079	0	0
neutron	939.56536	1.860643792	99988.88539	0	0
S34	31632.70018	0.1198533077	99988.88539	0	0
S35	32565.27968	0.1382970912	99988.97613	0	0
neutron	939.56536	8.670757242	99989.58154	0	0
proton	938.272013	2.589333103	99989.58154	0	0
neutron	939.56536	1.369341973	99989.58154	0	0
P32	29775.84838	0.2488725505	99989.58154	0	0
proton	938.272013	13.92231476	99988.92367	0	0
neutron	939.56536	0.2612057916	99988.92367	0	0
F21	19556.73074	0.4785974846	99988.92367	0	0
neutron	939.56536	5.527815222	99990.0048	0	0
neutron	939.56536	2.649535826	99990.0048	0	0
neutron	939.56536	2.41247164	99990.0048	0	0
alpha	3727.379	9.564889309	99990.0048	0	0
Si28	26053.19393	1.109708017	99990.0048	0	0
Ne23	21414.10216	0.2095516511	99988.97245	0	0
S35	32565.27968	0.1479109351	99989.47072	0	0
neutron	939.56536	0.4108597025	99988.67591	0	0
S34	31632.70018	0.2055588538	99988.67591	0	0
neutron	939.56536	2.322189793	99988.83172	0	0
Ne22	20479.73746	0.3905227294	99988.83172	0	0
neutron	939.56536	0.9172608919	99989.89771	0	0
S34	31632.70018	0.1275369542	99989.89771	0	0
neutron	939.56536	7.056216217	99989.32357	0	0
neutron	939.56536	0.6575870046	99989.32357	0	0
Ne21	19550.53637	0.3969256452	99989.32357	0	0
neutron	939.56536	2.145065795	99989.53027	0	0
Ne22	20479.73746	0.02103168748	99989.53027	0	0
neutron	939.56536	0.3723668042	99989.41832	0	0
S34	31632.70018	0.08562303478	99989.41832	0	0
neutron	939.56536	20.42427491	99989.89745	0	0
neutron	939.56536	3.235171512	99989.89745	0	0
neutron	939.56536	0.9800545957	99989.89745	0	0
Ne20	18617.73218	0.3319592627	99989.89745	0	0
neutron	939.56536	0.7165697664	99989.14544	0	0
S36	33494.9558	0.04940926661	99989.14544	0	0
neutron	939.56536	7.078843396	99989.25654	0	0
neutron	939.56536	1.413703143	99989.25654	0	0
neutron	939.56536	0.6794658211	99989.25654	0	0
S32	29773.62828	0.1770675768	99989.25654	0	0
neutron	939.56536	5.519363477	99989.65619	0	0
neutron	939.56536	3.615264264	99989.65619	0	0
neutron	939.56536	1.249736612	99989.65619	0	0
Ne20	18617.73218	1.577721505	99989.65619	0	0
neutron	939.56536	9.867663252	99989.30776	0	0
alpha	3727.379	7.463700464	99989.30776	0	0
Si30	27913.24182	0.326748621	99989.30776	0	0
neutron	939.56536	6.861463454	99988.98538	0	0
neutron	939.56536	6.503074012	99988.98538	0	0
neutron	939.56536	0.1759415555	99988.98538	0	0
S34	31632.70018	0.2500390831	99988.98538	0	0
neutron	939.56536	4.396528994	99989.14819	0	0
S34	31632.70018	0.4891867111	99989.14819	0	0
Ne23	21414.10216	0.2262902589	99989.6253	0	0
Ne23	21414.10216	0.226773384	99988.64926	0	0
neutron	939.56536	0.4822710806	99989.03498	0	0
S34	31632.70018	0.1151574219	99989.03498	0	0
S35	32565.27968	0.1416966002	99989.6463	0	0
neutron	939.56536	16.95710563	99990.3705	0	0
neutron	939.56536	6.588009206	99990.3705	0	0
neutron	939.56536	1.52210372	99990.3705	0	0
Ne20	18617.73218	2.018284506	99990.3705	0	0
neutron	939.56536	3.611638664	99988.90244	0	0
S34	31632.70018	0.1447451024	99988.90244	0	0
neutron	939.56536	0.9651531334	99989.19474	0	0
S34	31632.70018	0.2099078743	99989.19474	0	0
neutron	939.56536	0.6753920357	99988.93895	0	0
S34	31632.70018	0.1507251564	99988.93895	0	0
proton	938.272013	22.28470345	99989.84773	0	0
neutron	939.56536	3.305700812	99989.84773	0	0
P33	30705.30994	0.4519214454	99989.84773	0	0
neutron	939.56536	0.2433307238	99988.52078	0	0
Ne22	20479.73746	0.2778590801	99988.52078	0	0
neutron	939.56536	0.7420064612	99989.56442	0	0
Ne22	20479.73746	0.1359237235	99989.56442	0	0
neutron	939.56536	0.2738618535	99988.46902	0	0
S34	31632.70018	0.2024946298	99988.46902	0	0
S35	32565.27968	0.1643819612	99988.56316	0	0
Ne23	21414.10216	0.2308319442	99989.81907	0	0
neutron	939.56536	0.7834796935	99989.11648	0	0
S34	31632.70018	0.1717102425	99989.11648	0	0
S35	32565.27968	0.1613928912	99988.88515	0	0
S37	34430.21755	0.1394380381	99989.502	0	0
neutron	939.56536	2.011170956	99989.27212	0	0
S34	31632.70018	0.04569342272	99989.27212	0	0
neutron	939.56536	1.449473311	99988.93771	0	0
S36	33494.9558	0.2160646609	99988.93771	0	0
neutron	939.56536	0.04207776032	99989.55206	0	0
S34	31632.70018	0.1678496469	99989.55206	0	0
S35	32565.27968	0.1550321514	99989.43198	0	0
S35	32565.27968	0.1353257942	99989.24361	0	0
neutron	939.56536	13.56026018	99988.68496	0	0
proton	938.272013	5.722191267	99988.68496	0	0
triton	2808.921	3.453036474	99988.68496	0	0
Si30	27913.24182	0.6490058742	99988.68496	0	0
neutron	939.56536	0.1962159874	99988.96073	0	0
S34	31632.70018	0.1529041065	99988.96073	0	0
proton	938.272013	7.286905435	99989.1853	0	0
neutron	939.56536	4.403575243	99989.1853	0	0
neutron	939.56536	2.192482897	99989.1853	0	0
neutron	939.56536	1.696556808	99989.1853	0	0
P31	28844.21869	1.17339065	99989.1853	0	0
Ne23	21414.10216	0.2192959365	99988.85746	0	0
S35	32565.27968	0.1493778046	99989.8659	0	0
S37	34430.21755	0.1392952017	99989.10867	0	0
proton	938.272013	5.616297496	99989.21236	0	0
neutron	939.56536	5.091892316	99989.21236	0	0
P33	30705.30994	0.4983887806	99989.21236	0	0
S35	32565.27968	0.1562801654	99989.3222	0	0
neutron	939.56536	9.404839954	99989.17916	0	0
neutron	939.56536	2.184283844	99989.17916	0	0
alpha	3727.379	12.31114349	99989.17916	0	0
Si29	26984.28567	1.465765133	99989.17916	0	0
proton	938.272013	28.98919419	99989.33495	0	0
neutron	939.56536	11.85289316	99989.33495	0	0
neutron	939.56536	1.649674296	99989.33495	0	0
P32	29775.84838	1.241265495	99989.33495	0	0
S35	32565.27968	0.1466831839	99988.86081	0	0
neutron	939.56536	6.312269317	99988.64525	0	0
neutron	939.56536	3.699307891	99988.64525	0	0
neutron	939.56536	3.640321229	99988.64525	0	0
neutron	939.56536	2.385687525	99988.64525	0	0
alpha	3727.379	5.201919174	99988.64525	0	0
O15	13971.18011	1.673857887	99988.64525	0	0
neutron	939.56536	29.14932576	99989.06584	0	0
neutron	939.56536	13.89494423	99989.06584	0	0
neutron	939.56536	5.76309002	99989.06584	0	0
alpha	3727.379	6.360140701	99989.06584	0	0
O16	14895.08153	0.968226292	99989.06584	0	0
Ne23	21414.10216	0.2252838105	99989.67019	0	0
neutron	939.56536	1.681142117	99989.06685	0	0
neutron	939.56536	1.485897765	99989.06685	0	0
neutron	939.56536	0.430425041	99989.06685	0	0
S34	31632.70018	0.2243912736	99989.06685	0	0
neutron	939.56536	1.400508492	99988.95751	0	0
Ne22	20479.73746	0.2150604141	99988.95751	0	0
neutron	939.56536	0.9267339443	99989.5058	0	0
S34	31632.70018	0.2658487537	99989.5058	0	0
neutron	939.56536	1.990037901	99988.60746	0	0
S34	31632.70018	0.3806213853	99988.60746	0	0
neutron	939.56536	2.39042477	99989.02904	0	0
Ne22	20479.73746	0.1980683216	99989.02904	0	0
neutron	939.56536	4.382406847	99989.68503	0	0
neutron	939.56536	1.306765204	99989.68503	0	0
S35	32565.27968	0.2109318723	99989.68503	0	0
S35	32565.27968	0.1495415226	99988.96533	0	0
neutron	939.56536	0.5089972119	99989.39633	0	0
Ne22	20479.73746	0.1615930911	99989.39633	0	0
neutron	939.56536	1.702143588	99989.47702	0	0
neutron	939.56536	0.1496054893	99989.47702	0	0
S35	32565.27968	0.2175140046	99989.47702	0	0
neutron	939.56536	0.9168165441	99989.11683	0	0
S34	31632.70018	0.08780180515	99989.11683	0	0
neutron	939.56536	0.5497640834	99989.45214	0	0
S34	31632.70018	0.1877666663	99989.45214	0	0
Ne23	21414.10216	0.2324970169	99988.88073	0	0
Ne23	21414.10216	0.2158059677	99988.79465	0	0
neutron	939.56536	4.08101993	99989.05675	0	0
neutron	939.56536	2.596044287	99989.05675	0	0
neutron	939.56536	0.8035664566	99989.05675	0	0
alpha	3727.379	6.148121902	99989.05675	0	0
Si28	26053.19393	0.3743669152	99989.05675	0	0
Ne23	21414.10216	0.2282031863	99989.44509	0	0
proton	938.272013	27.75871172	99989.66787	0	0
neutron	939.56536	10.21275311	99989.66787	0	0
neutron	939.56536	2.043899412	99989.66787	0	0
F20	18625.26686	0.2904773302	99989.66787	0	0
neutron	939.56536	19.81938191	99989.25787	0	0
neutron	939.56536	5.873819889	99989.25787	0	0
neutron	939.56536	0.2793073955	99989.25787	0	0
S32	29773.62828	1.411473416	99989.25787	0	0
neutron	939.56536	19.30583905	99989.17191	0	0
neutron	939.56536	0.8526675234	99989.17191	0	0
S33	30704.55199	0.4117264007	99989.17191	0	0
Ne23	21414.10216	0.2294146851	99990.9166	0	0
neutron	939.56536	1.692175189	99989.52441	0	0
Ne22	20479.73746	0.4992505923	99989.52441	0	0
neutron	939.56536	0.8492882784	99988.75895	0	0
neutron	939.56536	0.8341824196	99988.75895	0	0
S33	30704.55199	0.04903750633	99988.75895	0	0
neutron	939.56536	25.49428658	99989.12884	0	0
neutron	939.56536	19.58999117	99989.12884	0	0
neutron	939.56536	2.551966427	99989.12884	0	0
S32	29773.62828	0.7708473488	99989.12884	0	0
neutron	939.56536	1.063639577	99989.70117	0	0
Ne22	20479.73746	0.2939160543	99989.70117	0	0
neutron	939.56536	1.407930911	99989.22736	0	0
S36	33494.9558	0.2905183916	99989.22736	0	0
neutron	939.56536	14.11882955	99988.81066	0	0
neutron	939.56536	3.712446937	99988.81066	0	0
neutron	939.56536	2.041986351	99988.81066	0	0
S32	29773.62828	0.7719353969	99988.81066	0	0
neutron	939.56536	1.210080481	99988.99615	0	0
neutron	939.56536	1.124268498	99988.99615	0	0
alpha	3727.379	9.74348443	99988.99615	0	0
Si29	26984.28567	0.9034179998	99988.99615	0	0
S37	34430.21755	0.1437687655	99990.10964	0	0
S37	34430.21755	0.1429695882	99989.6925	0	0
neutron	939.56536	1.991656559	99989.19111	0	0
Ne22	20479.73746	0.0665076073	99989.19111	0	0
neutron	939.56536	7.649900553	99988.69612	0	0
neutron	939.56536	2.836663393	99988.69612	0	0
neutron	939.56536	1.886851819	99988.69612	0	0
alpha	3727.379	12.86196324	99988.69612	0	0
Si28	26053.19393	0.4210850719	99988.69612	0	0
neutron	939.56536	5.407845419	99989.03201	0	0
neutron	939.56536	5.141627222	99989.03201	0	0
proton	938.272013	3.821182879	99989.03201	0	0
proton	938.272013	2.921676839	99989.03201	0	0
neutron	939.56536	2.390117919	99989.03201	0	0
Si30	27913.24182	0.6031734664	99989.03201	0	0
S37	34430.21755	0.1365150726	99989.57016	0	0
neutron	939.56536	0.9538196608	99989.32908	0	0
S36	33494.9558	0.1955306219	99989.32908	0	0
Ne23	21414.10216	0.2195517206	99989.43686	0	0
neutron	939.56536	17.75376478	99988.72513	0	0
neutron	939.56536	8.720246923	99988.72513	0	0
neutron	939.56536	5.861039969	99988.72513	0	0
alpha	3727.379	6.054815287	99988.72513	0	0
O16	14895.08153	1.215161343	99988.72513	0	0
neutron	939.56536	0.142443242	99989.24302	0	0
S34	31632.70018	0.2033447467	99989.24302	0	0
Ne23	21414.10216	0.2332117659	99989.56125	0	0
neutron	939.56536	0.7930557341	99989.21478	0	0
S34	31632.70018	0.2083890663	99989.21478	0	0
Ne23	21414.10216	0.2289764994	99988.95418	0	0
neutron	939.56536	3.786668657	99989.30391	0	0
neutron	939.56536	2.332440511	99989.30391	0	0
neutron	939.56536	2.151607756	99989.30391	0	0
alpha	3727.379	5.589836218	99989.30391	0	0
Si30	27913.24182	1.640223635	99989.30391	0	0
S35	32565.27968	0.1526361372	99989.4377	0	0
neutron	939.56536	6.138637722	99989.94063	0	0
neutron	939.56536	2.704323414	99989.94063	0	0
S33	30704.55199	0.8297779758	99989.94063	0	0
neutron	939.56536	0.5714427644	99989.07384	0	0
Ne22	20479.73746	0.3854472056	99989.07384	0	0
Ne23	21414.10216	0.2041260258	99989.34493	0	0
neutron	939.56536	0.7980810251	99989.05587	0	0
S34	31632.70018	0.06866003933	99989.05587	0	0
neutron	939.56536	1.924054042	99990.12337	0	0
neutron	939.56536	1.2740976	99990.12337	0	0
S35	32565.27968	0.2521131995	99990.12337	0	0
neutron	939.56536	13.75882617	99988.60794	0	0
neutron	939.56536	4.961683591	99988.60794	0	0
neutron	939.56536	3.130018294	99988.60794	0	0
neutron	939.56536	3.013018718	99988.60794	0	0
neutron	939.56536	1.026224912	99988.60794	0	0
S32	29773.62828	0.3602743356	99988.60794	0	0
neutron	939.56536	1.887797475	99988.93365	0	0
deuteron	1875.613	4.74738974	99988.93365	0	0
P32	29775.84838	0.8894463679	99988.93365	0	0
neutron	939.56536	0.4142678218	99989.3507	0	0
S34	31632.70018	0.1719568436	99989.3507	0	0
neutron	939.56536	0.5780171025	99988.22596	0	0
S34	31632.70018	0.08349388429	99988.22596	0	0
neutron	939.56536	3.78184318	99989.93684	0	0
neutron	939.56536	2.704237301	99989.93684	0	0
neutron	939.56536	2.338644724	99989.93684	0	0
neutron	939.56536	0.8823902635	99989.93684	0	0
alpha	3727.379	12.29451875	99989.93684	0	0
Si29	26984.28567	1.27487593	99989.93684	0	0
neutron	939.56536	1.167282855	99988.91019	0	0
Ne22	20479.73746	0.4056581744	99988.91019	0	0
neutron	939.56536	5.147790656	99989.51732	0	0
neutron	939.56536	4.813227884	99989.51732	0	0
neutron	939.56536	0.4822600698	99989.51732	0	0
alpha	3727.379	6.802761962	99989.51732	0	0
O16	14895.08153	2.784988101	99989.51732	0	0
neutron	939.56536	0.9334267232	99989.32208	0	0
S34	31632.70018	0.1529528137	99989.32208	0	0
neutron	939.56536	15.98477735	99989.01138	0	0
alpha	3727.379	7.338522472	99989.01138	0	0
alpha	3727.379	2.662969888	99989.01138	0	0
C14	13040.87134	3.906912085	99989.01138	0	0
neutron	939.56536	9.054301257	99988.37024	0	0
neutron	939.56536	1.515239824	99988.37024	0	0
Ne21	19550.53637	0.5712574795	99988.37024	0	0
Ne23	21414.10216	0.2182733295	99989.97925	0	0
neutron	939.56536	0.4294004715	99988.92882	0	0
Ne22	20479.73746	0.3420774635	99988.92882	0	0
neutron	939.56536	2.814548589	99989.10007	0	0
S34	31632.70018	0.3669956036	99989.10007	0	0
neutron	939.56536	0.9249462512	99989.46651	0	0
Ne22	20479.73746	0.1669221515	99989.46651	0	0
neutron	939.56536	0.2349865816	99988.9349	0	0
S34	31632.70018	0.1123847805	99988.9349	0	0
S35	32565.27968	0.1402153814	99989.19883	0	0
neutron	939.56536	3.827222942	99988.3046	0	0
S36	33494.9558	0.2908874252	99988.3046	0	0
neutron	939.56536	6.437529659	99989.87768	0	0
neutron	939.56536	2.19210179	99989.87768	0	0
S33	30704.55199	0.5731968248	99989.87768	0	0
neutron	939.56536	1.328324069	99988.94702	0	0
neutron	939.56536	0.3774792751	99988.94702	0	0
S33	30704.55199	0.08749030099	99988.94702	0	0
neutron	939.56536	0.6009581151	99988.48045	0	0
Ne22	20479.73746	0.1283046446	99988.48045	0	0
neutron	939.56536	0.8695474566	99989.01212	0	0
S34	31632.70018	0.05258727301	99989.01212	0	0
neutron	939.56536	7.810248129	99989.57509	0	0
S34	31632.70018	0.1911618712	99989.57509	0	0
neutron	939.56536	22.31361726	99989.1439	0	0
neutron	939.56536	5.340871664	99989.1439	0	0
alpha	3727.379	4.359948923	99989.1439	0	0
O17	15830.5038	1.210850287	99989.1439	0	0
neutron	939.56536	1.268382202	99988.59769	0	0
Ne22	20479.73746	0.369924392	99988.59769	0	0
neutron	939.56536	2.766498791	99989.2864	0	0
alpha	3727.379	14.60838503	99989.2864	0	0
Si30	27913.24182	2.664413489	99989.2864	0	0
S35	32565.27968	0.1423564125	99989.18159	0	0
neutron	939.56536	0.4799197463	99989.42933	0	0
Ne22	20479.73746	0.2462787837	99989.42933	0	0
neutron	939.56536	30.72217191	99988.97884	0	0
neutron	939.56536	4.300556964	99988.97884	0	0
neutron	939.56536	4.068209013	99988.97884	0	0
neutron	939.56536	0.191620779	99988.97884	0	0
S33	30704.55199	0.9037486127	99988.97884	0	0
neutron	939.56536	0.4385053099	99988.627	0	0
S34	31632.70018	0.2391799808	99988.627	0	0
neutron	939.56536	3.219943314	99988.33835	0	0
neutron	939.56536	2.51317359	99988.33835	0	0
neutron	939.56536	0.3237630281	99988.33835	0	0
S32	29773.62828	0.2384391863	99988.33835	0	0
neutron	939.56536	1.728679179	99988.65777	0	0
S34	31632.70018	0.3292485867	99988.65777	0	0
neutron	939.56536	1.598226927	99989.59851	0	0
S34	31632.70018	0.132922162	99989.59851	0	0
neutron	939.56536	16.42211123	99989.40851	0	0
neutron	939.56536	7.992539812	99989.40851	0	0
neutron	939.56536	4.42490011	99989.40851	0	0
alpha	3727.379	8.799518938	99989.40851	0	0
alpha	3727.379	5.319015699	99989.40851	0	0
C12	11174.86339	2.662958587	99989.40851	0	0
neutron	939.56536	19.11042603	99989.71179	0	0
neutron	939.56536	5.712224445	99989.71179	0	0
neutron	939.56536	3.563010684	99989.71179	0	0
S34	31632.70018	0.4066034285	99989.71179	0	0
neutron	939.56536	0.9165795799	99989.00025	0	0
S34	31632.70018	0.2498474638	99989.00025	0	0
Ne23	21414.10216	0.2354358801	99989.93732	0	0
S35	32565.27968	0.1634772733	99989.29014	0	0
neutron	939.56536	0.6960213089	99989.41502	0	0
S34	31632.70018	0.1514262647	99989.41502	0	0
neutron	939.56536	9.259376095	99988.76916	0	0
neutron	939.56536	7.592024938	99988.76916	0	0
neutron	939.56536	0.9051994383	99988.76916	0	0
alpha	3727.379	6.115742749	99988.76916	0	0
O16	14895.08153	0.6392047091	99988.76916	0	0
neutron	939.56536	0.1345624403	99989.39595	0	0
Ne22	20479.73746	0.2540172267	99989.39595	0	0
neutron	939.56536	5.950418209	99990.1504	0	0
neutron	939.56536	0.414860058	99990.1504	0	0
S33	30704.55199	0.502445058	99990.1504	0	0
Ne23	21414.10216	0.2193860258	99988.87712	0	0
Ne23	21414.10216	0.2200154023	99989.79377	0	0
neutron	939.56536	1.22274624	99989.73845	0	0
S36	33494.9558	0.2032144768	99989.73845	0	0
Ne23	21414.10216	0.2141926978	99989.56846	0	0
neutron	939.56536	0.3080049817	99989.69842	0	0
S34	31632.70018	0.2218677073	99989.69842	0	0
neutron	939.56536	5.837013451	99989.79476	0	0
proton	938.272013	5.015466282	99989.79476	0	0
proton	938.272013	4.678963766	99989.79476	0	0
neutron	939.56536	1.687133992	99989.79476	0	0
neutron	939.56536	0.5161313746	99989.79476	0	0
Si30	27913.24182	0.2118823932	99989.79476	0	0
S35	32565.27968	0.145051931	99989.47646	0	0
proton	938.272013	4.522771835	99989.17594	0	0
neutron	939.56536	3.147381294	99989.17594	0	0
P33	30705.30994	0.5278233699	99989.17594	0	0
S37	34430.21755	0.1415884057	99988.93586	0	0
neutron	939.56536	0.1170737215	99989.15387	0	0
S34	31632.70018	0.1640551646	99989.15387	0	0
neutron	939.56536	21.27287227	99988.6051	0	0
neutron	939.56536	7.042233279	99988.6051	0	0
neutron	939.56536	0.8234265864	99988.6051	0	0
neutron	939.56536	0.5241505981	99988.6051	0	0
S33	30704.55199	0.7419271229	99988.6051	0	0
neutron	939.56536	4.058916204	99989.44982	0	0
S34	31632.70018	0.2436580728	99989.44982	0	0
S35	32565.27968	0.1655578927	99988.91422	0	0
S35	32565.27968	0.155098554	99989.17913	0	0
neutron	939.56536	2.656922079	99989.26921	0	0
S34	31632.70018	0.4024171897	99989.26921	0	0
neutron	939.56536	5.443859931	99988.6533	0	0
neutron	939.56536	4.170393796	99988.6533	0	0
S35	32565.27968	0.5881458217	99988.6533	0	0
neutron	939.56536	8.974518176	99989.04489	0	0
proton	938.272013	2.568652285	99989.04489	0	0
neutron	939.56536	1.190116613	99989.04489	0	0
neutron	939.56536	0.2674376091	99989.04489	0	0
P31	28844.21869	0.3937889266	99989.04489	0	0
neutron	939.56536	2.070892139	99989.78813	0	0
S36	33494.9558	0.2934632873	99989.78813	0	0
neutron	939.56536	1.139788901	99992.9246	0	0
S34	31632.70018	0.165959395	99992.9246	0	0
neutron	939.56536	2.166736671	99989.59852	0	0
neutron	939.56536	2.054163598	99989.59852	0	0
S33	30704.55199	0.3919519972	99989.59852	0	0
Ne23	21414.10216	0.2114249478	99989.6746	0	0
neutron	939.56536	2.280027744	99989.34124	0	0
Ne22	20479.73746	0.1637963066	99989.34124	0	0
neutron	939.56536	30.95153037	99988.69722	0	0
proton	938.272013	14.5675865	99988.69722	0	0
neutron	939.56536	7.909166583	99988.69722	0	0
neutron	939.56536	0.372370161	99988.69722	0	0
P31	28844.21869	0.4768218701	99988.69722	0	0
neutron	939.56536	3.348427678	99989.64866	0	0
neutron	939.56536	0.492349139	99989.64866	0	0
S33	30704.55199	0.0566539774	99989.64866	0	0
neutron	939.56536	0.05238439527	99988.98016	0	0
S34	31632.70018	0.1271451073	99988.98016	0	0
neutron	939.56536	1.420490806	99988.95639	0	0
S34	31632.70018	0.04491331837	99988.95639	0	0
neutron	939.56536	1.496264593	99988.84096	0	0
S34	31632.70018	0.1090012438	99988.84096	0	0
proton	938.272013	5.862884264	99988.85217	0	0
neutron	939.56536	5.190530874	99988.85217	0	0
neutron	939.56536	4.115681899	99988.85217	0	0
proton	938.272013	2.122900586	99988.85217	0	0
neutron	939.56536	1.784919891	99988.85217	0	0
Si30	27913.24182	0.2503213491	99988.85217	0	0
S35	32565.27968	0.164758731	99989.59606	0	0
neutron	939.56536	46.45083992	99989.52662	0	0
proton	938.272013	12.93720657	99989.52662	0	0
neutron	939.56536	0.9128732901	99989.52662	0	0
P32	29775.84838	1.720671783	99989.52662	0	0
neutron	939.56536	0.524045147	99989.03981	0	0
S34	31632.70018	0.2254308478	99989.03981	0	0
neutron	939.56536	0.1314909111	99988.47723	0	0
S34	31632.70018	0.1623168594	99988.47723	0	0
neutron	939.56536	1.060409343	99988.45551	0	0
S34	31632.70018	0.2118673424	99988.45551	0	0
neutron	939.56536	6.051211324	99989.01217	0	0
S36	33494.9558	0.03710164282	99989.01217	0	0
neutron	939.56536	1.48386306	99989.06747	0	0
S34	31632.70018	0.08182150644	99989.06747	0	0
neutron	939.56536	1.761081995	99988.71965	0	0
Ne22	20479.73746	0.1551880229	99988.71965	0	0
neutron	939.56536	1.732288365	99989.00447	0	0
Ne22	20479.73746	0.3866141696	99989.00447	0	0
Ne23	21414.10216	0.2228151608	99989.50611	0	0
Ne23	21414.10216	0.2273807531	99988.83392	0	0
S35	32565.27968	0.1581353604	99989.44652	0	0
neutron	939.56536	0.3979315038	99989.32162	0	0
Ne22	20479.73746	0.144918129	99989.32162	0	0
neutron	939.56536	0.8288405709	99988.97405	0	0
S34	31632.70018	0.05906452452	99988.97405	0	0
Ne23	21414.10216	0.2123524976	99988.82829	0	0
S35	32565.27968	0.1621011527	99989.21064	0	0
Ne23	21414.10216	0.2084622162	99989.53852	0	0
neutron	939.56536	0.5340874826	99989.69613	0	0
Ne22	20479.73746	0.3198148794	99989.69613	0	0
proton	938.272013	10.33632411	99989.85791	0	0
proton	938.272013	8.592707819	99989.85791	0	0
Si33	30711.64254	0.3299528739	99989.85791	0	0
neutron	939.56536	23.98587072	99989.4604	0	0
proton	938.272013	6.52899339	99989.4604	0	0
P33	30705.30994	1.173720972	99989.4604	0	0
neutron	939.56536	0.2755082253	99989.62768	0	0
S34	31632.70018	0.08830194508	99989.62768	0	0
neutron	939.56536	4.636766519	99988.98451	0	0
neutron	939.56536	1.677404246	99988.98451	0	0
neutron	939.56536	0.962133999	99988.98451	0	0
S32	29773.62828	0.1161158703	99988.98451	0	0
neutron	939.56536	1.212482859	99989.8591	0	0
neutron	939.56536	1.19912248	99989.8591	0	0
Ne21	19550.53637	0.1525820437	99989.8591	0	0
neutron	939.56536	13.06359288	99988.87823	0	0
proton	938.272013	2.383673554	99988.87823	0	0
neutron	939.56536	1.002949005	99988.87823	0	0
deuteron	1875.613	8.20595619	99988.87823	0	0
O18	16762.02378	1.983539137	99988.87823	0	0
neutron	939.56536	2.939868999	99988.80397	0	0
neutron	939.56536	2.595654337	99988.80397	0	0
neutron	939.56536	1.156607518	99988.80397	0	0
alpha	3727.379	7.019327968	99988.80397	0	0
Si28	26053.19393	0.4531700571	99988.80397	0	0
neutron	939.56536	0.7802310452	99988.84738	0	0
S34	31632.70018	0.1817267636	99988.84738	0	0
neutron	939.56536	0.1968338988	99989.61524	0	0
Ne22	20479.73746	0.2448404634	99989.61524	0	0
neutron	939.56536	1.264175646	99989.62756	0	0
S34	31632.70018	0.07747725421	99989.62756	0	0
neutron	939.56536	0.06644774565	99989.10367	0	0
Ne22	20479.73746	0.2646421932	99989.10367	0	0
neutron	939.56536	6.550787595	99988.71483	0	0
neutron	939.56536	5.815110234	99988.71483	0	0
neutron	939.56536	1.330680882	99988.71483	0	0
alpha	3727.379	6.175017925	99988.71483	0	0
alpha	3727.379	2.586607452	99988.71483	0	0
C12	11174.86339	4.413498544	99988.71483	0	0
proton	938.272013	13.49568802	99988.94356	0	0
neutron	939.56536	7.391013714	99988.94356	0	0
neutron	939.56536	6.560730192	99988.94356	0	0
neutron	939.56536	4.444500424	99988.94356	0	0
neutron	939.56536	4.029768685	99988.94356	0	0
alpha	3727.379	3.808938652	99988.94356	0	0
N14	13040.20433	1.321438183	99988.94356	0	0
neutron	939.56536	0.9864254389	99989.83831	0	0
S34	31632.70018	0.2715474042	99989.83831	0	0
proton	938.272013	41.5211462	99989.28541	0	0
neutron	939.56536	1.226912471	99989.28541	0	0
neutron	939.56536	0.9899003214	99989.28541	0	0
P32	29775.84838	1.755227173	99989.28541	0	0
neutron	939.56536	2.721869827	99989.04024	0	0
Ne22	20479.73746	0.5998697953	99989.04024	0	0
neutron	939.56536	8.15690804	99989.68694	0	0
neutron	939.56536	5.770933722	99989.68694	0	0
S33	30704.55199	0.2579459169	99989.68694	0	0
neutron	939.56536	0.08847832026	99988.86471	0	0
S34	31632.70018	0.1494408836	99988.86471	0	0
neutron	939.56536	3.135803285	99989.2144	0	0
Ne22	20479.73746	0.3171567069	99989.2144	0	0
neutron	939.56536	0.9391028552	99989.0675	0	0
S34	31632.70018	0.2685545553	99989.0675	0	0
Ne23	21414.10216	0.2259114275	99989.61572	0	0
neutron	939.56536	4.864683141	99989.05776	0	0
neutron	939.56536	3.278021068	99989.05776	0	0
neutron	939.56536	1.801159166	99989.05776	0	0
S32	29773.62828	0.8274962024	99989.05776	0	0
neutron	939.56536	26.00231017	99989.51071	0	0
neutron	939.56536	7.925661834	99989.51071	0	0
proton	938.272013	6.994030116	99989.51071	0	0
proton	938.272013	4.90786705	99989.51071	0	0
neutron	939.56536	1.135547456	99989.51071	0	0
Si30	27913.24182	3.571101627	99989.51071	0	0
proton	938.272013	3.802166617	99989.40603	0	0
neutron	939.56536	1.108433657	99989.40603	0	0
deuteron	1875.613	53.41943721	99989.40603	0	0
Si31	28846.21977	2.281557874	99989.40603	0	0
neutron	939.56536	11.23015376	99988.7571	0	0
neutron	939.56536	1.970730088	99988.7571	0	0
neutron	939.56536	0.6421768543	99988.7571	0	0
Ne20	18617.73218	0.775550941	99988.7571	0	0
neutron	939.56536	0.2895017394	99988.55382	0	0
Ne22	20479.73746	0.1583117833	99988.55382	0	0
neutron	939.56536	7.03996278	99989.4571	0	0
neutron	939.56536	1.516786967	99989.4571	0	0
Ne21	19550.53637	0.8892295513	99989.4571	0	0
neutron	939.56536	31.37071739	99989.29166	0	0
proton	938.272013	2.737794663	99989.29166	0	0
P33	30705.30994	0.6235508285	99989.29166	0	0
neutron	939.56536	7.100370366	99988.82935	0	0
neutron	939.56536	6.596417207	99988.82935	0	0
neutron	939.56536	3.034093856	99988.82935	0	0
S32	29773.62828	0.5065751898	99988.82935	0	0
S37	34430.21755	0.1251100533	99989.4402	0	0
Ne23	21414.10216	0.2062290091	99989.10052	0	0
S35	32565.27968	0.1497498575	99988.86134	0	0
neutron	939.56536	10.59229741	99989.34427	0	0
neutron	939.56536	6.783619463	99989.34427	0	0
neutron	939.56536	0.9715263184	99989.34427	0	0
S32	29773.62828	1.189046277	99989.34427	0	0
neutron	939.56536	7.125126312	99990.13477	0	0
neutron	939.56536	3.057067443	99990.13477	0	0
neutron	939.56536	1.662122884	99990.13477	0	0
neutron	939.56536	1.409249801	99990.13477	0	0
neutron	939.56536	0.8103315058	99990.13477	0	0
S32	29773.62828	0.5309200881	99990.13477	0	0
proton	938.272013	5.303774521	99989.2422	0	0
neutron	939.56536	4.009516027	99989.2422	0	0
proton	938.272013	3.432149011	99989.2422	0	0
neutron	939.56536	3.049887984	99989.2422	0	0
neutron	939.56536	1.761514039	99989.2422	0	0
Si30	27913.24182	0.3032784585	99989.2422	0	0
neutron	939.56536	1.019057679	99990.75099	0	0
Ne22	20479.73746	0.3590797597	99990.75099	0	0
neutron	939.56536	0.4589846803	99988.9516	0	0
S34	31632.70018	0.2149150983	99988.9516	0	0
neutron	939.56536	0.7414476097	99989.95684	0	0
S34	31632.70018	0.0609641832	99989.95684	0	0
neutron	939.56536	12.38684634	99989.42026	0	0
neutron	939.56536	9.966727502	99989.42026	0	0
neutron	939.56536	1.671420434	99989.42026	0	0
alpha	3727.379	6.437419003	99989.42026	0	0
Si30	27913.24182	1.663855575	99989.42026	0	0
Ne23	21414.10216	0.2304076222	99990.14589	0	0
neutron	939.56536	0.9683769383	99989.07131	0	0
Ne22	20479.73746	0.2519051612	99989.07131	0	0
neutron	939.56536	3.809591506	99988.61885	0	0
proton	938.272013	2.613914561	99988.61885	0	0
neutron	939.56536	1.327042796	99988.61885	0	0
P32	29775.84838	0.4125566555	99988.61885	0	0
Ne23	21414.10216	0.2247527074	99990.02418	0	0
neutron	939.56536	2.524168287	99988.50921	0	0
triton	2808.921	3.731861329	99988.50921	0	0
alpha	3727.379	5.254723291	99988.50921	0	0
N15	13968.93638	2.509787234	99988.50921	0	0
proton	938.272013	26.5494368	99989.30736	0	0
neutron	939.56536	0.6688462387	99989.30736	0	0
F21	19556.73074	1.099660616	99989.30736	0	0
neutron	939.56536	12.18206281	99989.67051	0	0
neutron	939.56536	10.26060506	99989.67051	0	0
neutron	939.56536	8.157211394	99989.67051	0	0
Ne20	18617.73218	0.8619643628	99989.67051	0	0
neutron	939.56536	1.88920368	99988.94811	0	0
S34	31632.70018	0.09132054584	99988.94811	0	0
neutron	939.56536	1.508979644	99989.4868	0	0
S36	33494.9558	0.3069130135	99989.4868	0	0
neutron	939.56536	17.5690684	99988.64452	0	0
neutron	939.56536	3.094379336	99988.64452	0	0
S33	30704.55199	0.2916014209	99988.64452	0	0
neutron	939.56536	0.4730972488	99988.65891	0	0
S34	31632.70018	0.160058865	99988.65891	0	0
neutron	939.56536	1.442746888	99989.50977	0	0
Ne22	20479.73746	0.2433563886	99989.50977	0	0
neutron	939.56536	2.887720318	99989.04689	0	0
Ne22	20479.73746	0.09633164349	99989.04689	0	0
neutron	939.56536	0.8353002886	99989.33741	0	0
S34	31632.70018	0.1504916708	99989.33741	0	0
neutron	939.56536	19.73161455	99989.18471	0	0
neutron	939.56536	6.404992961	99989.18471	0	0
proton	938.272013	6.087892551	99989.18471	0	0
neutron	939.56536	0.3797612417	99989.18471	0	0
deuteron	1875.613	3.495016759	99989.18471	0	0
Si29	26984.28567	1.945081013	99989.18471	0	0
neutron	939.56536	7.303539041	99989.42116	0	0
neutron	939.56536	6.972928094	99989.42116	0	0
neutron	939.56536	6.727236376	99989.42116	0	0
neutron	939.56536	0.4638581097	99989.42116	0	0
S33	30704.55199	0.145136186	99989.42116	0	0
Ne23	21414.10216	0.2341313108	99988.31797	0	0
neutron	939.56536	8.722145983	99989.4319	0	0
neutron	939.56536	3.361088552	99989.4319	0	0
neutron	939.56536	0.06056942233	99989.4319	0	0
S34	31632.70018	0.3225056415	99989.4319	0	0
neutron	939.56536	9.261929325	99988.79368	0	0
neutron	939.56536	3.591980258	99988.79368	0	0
neutron	939.56536	3.222138807	99988.79368	0	0
neutron	939.56536	1.007216703	99988.79368	0	0
S33	30704.55199	0.7910645809	99988.79368	0	0
neutron	939.56536	6.927693018	99988.97725	0	0
S36	33494.9558	0.1695176178	99988.97725	0	0
neutron	939.56536	4.492067615	99989.31108	0	0
alpha	3727.379	13.64439545	99989.31108	0	0
alpha	3727.379	7.495551387	99989.31108	0	0
Mg26	24196.50368	1.062288392	99989.31108	0	0
neutron	939.56536	34.77997126	99988.72585	0	0
neutron	939.56536	15.76860201	99988.72585	0	0
neutron	939.56536	4.371851585	99988.72585	0	0
S32	29773.62828	0.09020835804	99988.72585	0	0
proton	938.272013	3.442052328	99989.83462	0	0
neutron	939.56536	2.246644632	99989.83462	0	0
triton	2808.921	5.727911298	99989.83462	0	0
Si30	27913.24182	0.5670475343	99989.83462	0	0
neutron	939.56536	9.949034801	99989.59141	0	0
neutron	939.56536	3.726528593	99989.59141	0	0
neutron	939.56536	2.557164262	99989.59141	0	0
proton	938.272013	2.353777637	99989.59141	0	0
alpha	3727.379	4.561585432	99989.59141	0	0
N15	13968.93638	1.130690302	99989.59141	0	0
neutron	939.56536	2.33119738	99989.67618	0	0
S34	31632.70018	0.2721553627	99989.67618	0	0
neutron	939.56536	1.295126175	99989.78925	0	0
S34	31632.70018	0.03214675966	99989.78925	0	0
neutron	939.56536	7.742626456	99989.63198	0	0
neutron	939.56536	6.52797843	99989.63198	0	0
neutron	939.56536	3.10329394	99989.63198	0	0
Ne20	18617.73218	0.4778103804	99989.63198	0	0
S37	34430.21755	0.1343190297	99989.62985	0	0
neutron	939.56536	27.51845506	99989.98985	0	0
neutron	939.56536	15.30913979	99989.98985	0	0
neutron	939.56536	2.927247664	99989.98985	0	0
alpha	3727.379	3.966823076	99989.98985	0	0
O16	14895.08153	2.105546508	99989.98985	0	0
Ne23	21414.10216	0.2238920192	99989.86259	0	0
neutron	939.56536	1.459700886	99989.26789	0	0
S34	31632.70018	0.1306710419	99989.26789	0	0
Ne23	21414.10216	0.213360129	99989.24771	0	0
S37	34430.21755	0.1429590682	99989.86934	0	0
neutron	939.56536	2.323288717	99988.67147	0	0
S34	31632.70018	0.1899348371	99988.67147	0	0
neutron	939.56536	0.2841262735	99988.55618	0	0
S36	33494.9558	0.1822435681	99988.55618	0	0
neutron	939.56536	5.520878802	99988.3874	0	0
neutron	939.56536	2.719053331	99988.3874	0	0
Ne21	19550.53637	0.3647164487	99988.3874	0	0
neutron	939.56536	8.930103831	99989.95852	0	0
neutron	939.56536	0.9596137956	99989.95852	0	0
Ne21	19550.53637	0.9929759473	99989.95852	0	0
neutron	939.56536	26.59169464	99989.24281	0	0
neutron	939.56536	1.511106649	99989.24281	0	0
neutron	939.56536	0.5027488949	99989.24281	0	0
S32	29773.62828	1.168715245	99989.24281	0	0
neutron	939.56536	2.113009408	99989.2579	0	0
S34	31632.70018	0.1690669933	99989.2579	0	0
S35	32565.27968	0.168205258	99989.12266	0	0
neutron	939.56536	12.25020126	99988.9344	0	0
neutron	939.56536	8.928501655	99988.9344	0	0
neutron	939.56536	4.275334264	99988.9344	0	0
alpha	3727.379	6.783542476	99988.9344	0	0
O16	14895.08153	2.332137058	99988.9344	0	0
neutron	939.56536	1.259562917	99989.52146	0	0
neutron	939.56536	0.4088405218	99989.52146	0	0
S33	30704.55199	0.1393125858	99989.52146	0	0
neutron	939.56536	4.3663284	99989.41811	0	0
S34	31632.70018	0.05174806606	99989.41811	0	0
neutron	939.56536	0.8631413803	99989.61891	0	0
S34	31632.70018	0.09887597092	99989.61891	0	0
neutron	939.56536	18.50551339	99989.36973	0	0
neutron	939.56536	1.219381053	99989.36973	0	0
neutron	939.56536	1.170242338	99989.36973	0	0
neutron	939.56536	0.8138909051	99989.36973	0	0
S33	30704.55199	0.6040073484	99989.36973	0	0
proton	938.272013	12.28266683	99989.25167	0	0
neutron	939.56536	4.080616107	99989.25167	0	0
neutron	939.56536	0.3193563654	99989.25167	0	0
F20	18625.26686	0.2220624295	99989.25167	0	0
proton	938.272013	22.71169598	99989.26774	0	0
neutron	939.56536	22.52242173	99989.26774	0	0
F21	19556.73074	1.414949536	99989.26774	0	0
neutron	939.56536	12.45587377	99989.39527	0	0
neutron	939.56536	4.473638106	99989.39527	0	0
neutron	939.56536	1.716680105	99989.39527	0	0
alpha	3727.379	9.035405067	99989.39527	0	0
O16	14895.08153	1.672322733	99989.39527	0	0
neutron	939.56536	0.1159030656	99989.09317	0	0
Ne22	20479.73746	0.2322238563	99989.09317	0	0
S35	32565.27968	0.1551687846	99989.11097	0	0
neutron	939.56536	1.628931933	99989.74574	0	0
S34	31632.70018	0.1178592988	99989.74574	0	0
proton	938.272013	7.250140187	99989.65767	0	0
neutron	939.56536	4.607215892	99989.65767	0	0
neutron	939.56536	3.369584755	99989.65767	0	0
neutron	939.56536	0.2090364838	99989.65767	0	0
P33	30705.30994	0.7397072366	99989.65767	0	0
S35	32565.27968	0.1431014153	99989.29061	0	0
neutron	939.56536	6.415086038	99989.40056	0	0
S36	33494.9558	0.5183091236	99989.40056	0	0
neutron	939.56536	0.0872726057	99989.09677	0	0
Ne22	20479.73746	0.2682431499	99989.09677	0	0
neutron	939.56536	0.7400276868	99989.4568	0	0
S34	31632.70018	0.05805307862	99989.4568	0	0
neutron	939.56536	0.5510839709	99989.42802	0	0
Ne22	20479.73746	0.2402817355	99989.42802	0	0
proton	938.272013	26.64690825	99988.97067	0	0
proton	938.272013	5.378624252	99988.97067	0	0
deuteron	1875.613	4.220080766	99988.97067	0	0
Al31	28854.72354	0.3250187192	99988.97067	0	0
neutron	939.56536	0.8151397372	99989.47086	0	0
S34	31632.70018	0.1726375209	99989.47086	0	0
neutron	939.56536	12.29205417	99989.01586	0	0
neutron	939.56536	5.066192144	99989.01586	0	0
neutron	939.56536	4.615743523	99989.01586	0	0
proton	938.272013	1.799932624	99989.01586	0	0
alpha	3727.379	4.555724924	99989.01586	0	0
N15	13968.93638	3.181270037	99989.01586	0	0
neutron	939.56536	33.96011017	99989.3121	0	0
triton	2808.921	4.170929755	99989.3121	0	0
F19	17692.30285	2.975233733	99989.3121	0	0
S35	32565.27968	0.1536955992	99989.20476	0	0
neutron	939.56536	0.9554081435	99988.77442	0	0
S34	31632.70018	0.07600408719	99988.77442	0	0
Ne23	21414.10216	0.233380555	99989.53461	0	0
neutron	939.56536	8.021960696	99989.41237	0	0
neutron	939.56536	5.39171974	99989.41237	0	0
neutron	939.56536	4.785117111	99989.41237	0	0
alpha	3727.379	5.545872685	99989.41237	0	0
O16	14895.08153	1.516477712	99989.41237	0	0
S37	34430.21755	0.1321617214	99989.24177	0	0
neutron	939.56536	1.233901752	99989.28935	0	0
S36	33494.9558	0.1405118956	99989.28935	0	0
neutron	939.56536	0.2148840256	99990.20866	0	0
S34	31632.70018	0.1230992375	99990.20866	0	0
proton	938.272013	16.31638526	99989.77504	0	0
neutron	939.56536	8.713045934	99989.77504	0	0
proton	938.272013	5.970079979	99989.77504	0	0
neutron	939.56536	1.160678027	99989.77504	0	0
Si31	28846.21977	1.87881502	99989.77504	0	0
neutron	939.56536	26.39598599	99989.45991	0	0
neutron	939.56536	5.26806463	99989.45991	0	0
neutron	939.56536	1.491682753	99989.45991	0	0
Ne20	18617.73218	1.034119741	99989.45991	0	0
Ne23	21414.10216	0.2290390839	99988.90302	0	0
proton	938.272013	12.18567686	99990.37432	0	0
neutron	939.56536	4.493293706	99990.37432	0	0
neutron	939.56536	0.3892448497	99990.37432	0	0
P32	29775.84838	0.524578401	99990.37432	0	0
neutron	939.56536	0.163048757	99988.547	0	0
Ne22	20479.73746	0.1966687043	99988.547	0	0
neutron	939.56536	0.5945610307	99988.76661	0	0
S34	31632.70018	0.1259568929	99988.76661	0	0
neutron	939.56536	5.582314215	99989.30151	0	0
neutron	939.56536	1.064030147	99989.30151	0	0
neutron	939.56536	0.3965982063	99989.30151	0	0
S34	31632.70018	0.2104846723	99989.30151	0	0
neutron	939.56536	0.8067313021	99989.96937	0	0
Ne22	20479.73746	0.1307243532	99989.96937	0	0
neutron	939.56536	8.486977576	99989.32893	0	0
neutron	939.56536	0.9073955199	99989.32893	0	0
neutron	939.56536	0.4746395957	99989.32893	0	0
alpha	3727.379	15.86512676	99989.32893	0	0
Si28	26053.19393	2.811558209	99989.32893	0	0
neutron	939.56536	2.433730833	99988.54982	0	0
S34	31632.70018	0.08911603912	99988.54982	0	0
proton	938.272013	23.26620834	99989.74208	0	0
neutron	939.56536	0.7593202486	99989.74208	0	0
P33	30705.30994	0.7990101474	99989.74208	0	0
neutron	939.56536	0.3456236235	99989.43029	0	0
S34	31632.70018	0.1377983299	99989.43029	0	0
neutron	939.56536	1.12291995	99988.3524	0	0
S34	31632.70018	0.1520488838	99988.3524	0	0
neutron	939.56536	10.47799913	99988.8793	0	0
neutron	939.56536	10.44962533	99988.8793	0	0
neutron	939.56536	3.85564254	99988.8793	0	0
neutron	939.56536	0.8521200106	99988.8793	0	0
S33	30704.55199	0.9454494457	99988.8793	0	0
neutron	939.56536	4.449925201	99989.51881	0	0
neutron	939.56536	4.184026403	99989.51881	0	0
Ne21	19550.53637	0.171817021	99989.51881	0	0
neutron	939.56536	0.3808204723	99989.14383	0	0
S36	33494.9558	0.1649240405	99989.14383	0	0
S35	32565.27968	0.1382248937	99989.23373	0	0
neutron	939.56536	2.76092557	99988.63139	0	0
neutron	939.56536	2.323301378	99988.63139	0	0
neutron	939.56536	0.6523897198	99988.63139	0	0
S34	31632.70018	0.08941386995	99988.63139	0	0
neutron	939.56536	2.538524818	99989.53438	0	0
S34	31632.70018	0.1958861643	99989.53438	0	0
S35	32565.27968	0.1357499714	99989.30227	0	0
neutron	939.56536	16.49438786	99988.63043	0	0
proton	938.272013	11.72134379	99988.63043	0	0
proton	938.272013	3.86956799	99988.63043	0	0
Si32	29776.58515	0.8720563968	99988.63043	0	0
neutron	939.56536	1.636619268	99988.84141	0	0
Ne22	20479.73746	0.2053398998	99988.84141	0	0
proton	938.272013	15.44917288	99989.14707	0	0
neutron	939.56536	6.280142189	99989.14707	0	0
proton	938.272013	5.782888862	99989.14707	0	0
neutron	939.56536	4.972220732	99989.14707	0	0
neutron	939.56536	1.132734383	99989.14707	0	0
Si30	27913.24182	0.3134468757	99989.14707	0	0
proton	938.272013	23.15500649	99989.15127	0	0
neutron	939.56536	2.008698802	99989.15127	0	0
P33	30705.30994	0.7629271724	99989.15127	0	0
Ne23	21414.10216	0.2091842463	99989.08317	0	0
neutron	939.56536	6.202728572	99989.08364	0	0
neutron	939.56536	1.914378706	99989.08364	0	0
neutron	939.56536	1.404977902	99989.08364	0	0
alpha	3727.379	5.898223159	99989.08364	0	0
O16	14895.08153	1.678369794	99989.08364	0	0
neutron	939.56536	0.1227851374	99989.64959	0	0
S34	31632.70018	0.09876768986	99989.64959	0	0
Ne23	21414.10216	0.2152926837	99989.45502	0	0
neutron	939.56536	33.93690202	99988.98783	0	0
neutron	939.56536	8.751850505	99988.98783	0	0
neutron	939.56536	4.408846937	99988.98783	0	0
S32	29773.62828	2.418011085	99988.98783	0	0
neutron	939.56536	6.945230916	99989.43383	0	0
neutron	939.56536	1.127520155	99989.43383	0	0
neutron	939.56536	0.7016293628	99989.43383	0	0
alpha	3727.379	6.459552347	99989.43383	0	0
O16	14895.08153	1.828648988	99989.43383	0	0
neutron	939.56536	0.5739436252	99989.24273	0	0
S36	33494.9558	0.1988112634	99989.24273	0	0
Ne23	21414.10216	0.2304672123	99988.89561	0	0
S35	32565.27968	0.1458236324	99989.48328	0	0
neutron	939.56536	2.310353403	99989.28975	0	0
S34	31632.70018	0.08075406582	99989.28975	0	0
neutron	939.56536	2.338780029	99989.53985	0	0
S34	31632.70018	0.2791025178	99989.53985	0	0
neutron	939.56536	5.371837159	99988.87493	0	0
neutron	939.56536	2.362092105	99988.87493	0	0
neutron	939.56536	0.04132678459	99988.87493	0	0
S32	29773.62828	0.264177656	99988.87493	0	0
S37	34430.21755	0.1421851957	99989.03012	0	0
neutron	939.56536	0.5596650297	99988.90282	0	0
Ne22	20479.73746	0.1225501666	99988.90282	0	0
neutron	939.56536	1.994862561	99989.45889	0	0
S36	33494.9558	0.143917175	99989.45889	0	0
S35	32565.27968	0.1540014817	99988.99191	0	0
S35	32565.27968	0.1495150842	99988.81299	0	0
S35	32565.27968	0.1626974395	99989.71308	0	0
neutron	939.56536	0.428755152	99988.94792	0	0
Ne22	20479.73746	0.2635043783	99988.94792	0	0
Ne23	21414.10216	0.1953473846	99989.81082	0	0
S35	32565.27968	0.1364730341	99988.9159	0	0
neutron	939.56536	1.061206302	99988.84219	0	0
S34	31632.70018	0.2575708863	99988.84219	0	0
neutron	939.56536	7.412727827	99988.88686	0	0
neutron	939.56536	2.175060124	99988.88686	0	0
neutron	939.56536	0.9649842982	99988.88686	0	0
neutron	939.56536	0.6363729186	99988.88686	0	0
S33	30704.55199	0.07037325554	99988.88686	0	0
neutron	939.56536	5.221564226	99989.40273	0	0
deuteron	1875.613	4.69816822	99989.40273	0	0
F20	18625.26686	1.175551993	99989.40273	0	0
neutron	939.56536	0.7868962763	99989.31375	0	0
S36	33494.9558	0.1599930013	99989.31375	0	0
S35	32565.27968	0.1312333853	99988.9781	0	0
Ne23	21414.10216	0.2298250475	99989.5044	0	0
Ne23	21414.10216	0.2121418709	99989.44003	0	0
neutron	939.56536	9.137779401	99988.89085	0	0
neutron	939.56536	4.904456353	99988.89085	0	0
neutron	939.56536	1.717179175	99988.89085	0	0
neutron	939.56536	1.693439169	99988.89085	0	0
S33	30704.55199	0.2945741904	99988.89085	0	0
neutron	939.56536	8.706949262	99989.17709	0	0
neutron	939.56536	1.976529256	99989.17709	0	0
neutron	939.56536	0.4953036032	99989.17709	0	0
Ne20	18617.73218	0.5131487537	99989.17709	0	0
neutron	939.56536	1.588378997	99988.82385	0	0
S34	31632.70018	0.2918444671	99988.82385	0	0
neutron	939.56536	21.34468277	99988.51697	0	0
neutron	939.56536	3.983344489	99988.51697	0	0
neutron	939.56536	2.521986955	99988.51697	0	0
S34	31632.70018	0.8672237072	99988.51697	0	0
S35	32565.27968	0.1545272261	99988.79241	0	0
neutron	939.56536	0.07650568283	99988.79492	0	0
Ne22	20479.73746	0.1976679466	99988.79492	0	0
neutron	939.56536	2.327254156	99989.40738	0	0
neutron	939.56536	1.806137282	99989.40738	0	0
neutron	939.56536	0.6924023807	99989.40738	0	0
Ne20	18617.73218	0.09075359079	99989.40738	0	0
neutron	939.56536	0.2853126645	99989.47409	0	0
S34	31632.70018	0.1618794413	99989.47409	0	0
neutron	939.56536	0.3288894672	99989.74822	0	0
S34	31632.70018	0.1519766189	99989.74822	0	0
Ne23	21414.10216	0.2301642445	99989.75711	0	0
Ne23	21414.10216	0.2285427868	99988.60478	0	0
neutron	939.56536	0.3950124144	99989.15343	0	0
Ne22	20479.73746	0.3199462439	99989.15343	0	0
S35	32565.27968	0.1665990019	99988.99908	0	0
neutron	939.56536	0.1414590201	99988.92332	0	0
S34	31632.70018	0.157420494	99988.92332	0	0
neutron	939.56536	0.5667916329	99989.07518	0	0
Ne22	20479.73746	0.2880367671	99989.07518	0	0
neutron	939.56536	1.160894476	99989.09237	0	0
Ne22	20479.73746	0.4319330146	99989.09237	0	0
neutron	939.56536	0.3367617947	99989.62691	0	0
S34	31632.70018	0.1712217137	99989.62691	0	0
neutron	939.56536	1.797579271	99989.14805	0	0
S34	31632.70018	0.03011027755	99989.14805	0	0
neutron	939.56536	38.88410669	99989.49141	0	0
neutron	939.56536	3.10319104	99989.49141	0	0
neutron	939.56536	0.5271107362	99989.49141	0	0
Ne20	18617.73218	2.221217339	99989.49141	0	0
neutron	939.56536	1.354315921	99988.90317	0	0
S34	31632.70018	0.04882765817	99988.90317	0	0
neutron	939.56536	1.763971189	99989.21968	0	0
S34	31632.70018	0.07928177694	99989.21968	0	0
S37	34430.21755	0.1407219153	99988.62482	0	0
neutron	939.56536	39.64797049	99989.28394	0	0
neutron	939.56536	5.944025272	99989.28394	0	0
neutron	939.56536	1.336146487	99989.28394	0	0
S34	31632.70018	0.7459509806	99989.28394	0	0
proton	938.272013	39.95152485	99989.11756	0	0
proton	938.272013	4.707188848	99989.11756	0	0
neutron	939.56536	0.9510431122	99989.11756	0	0
O20	18629.59082	3.504458507	99989.11756	0	0
neutron	939.56536	0.3882571361	99989.33368	0	0
Ne22	20479.73746	0.1973773134	99989.33368	0	0
neutron	939.56536	1.7586296	99988.78554	0	0
S34	31632.70018	0.1930384187	99988.78554	0	0
neutron	939.56536	11.50561381	99988.76331	0	0
Ne22	20479.73746	0.9666141803	99988.76331	0	0
neutron	939.56536	0.9268476736	99989.41706	0	0
Ne22	20479.73746	0.3840807121	99989.41706	0	0
neutron	939.56536	0.2700842996	99989.53813	0	0
S36	33494.9558	0.1278748418	99989.53813	0	0
neutron	939.56536	7.018868585	99989.28591	0	0
neutron	939.56536	3.227748017	99989.28591	0	0
neutron	939.56536	0.2607304913	99989.28591	0	0
Ne20	18617.73218	0.09990725918	99989.28591	0	0
neutron	939.56536	0.7016758125	99989.24192	0	0
Ne22	20479.73746	0.07395230007	99989.24192	0	0
neutron	939.56536	19.86714808	99989.15999	0	0
neutron	939.56536	15.09127964	99989.15999	0	0
neutron	939.56536	3.115041503	99989.15999	0	0
S32	29773.62828	0.2809055469	99989.15999	0	0
Ne23	21414.10216	0.2091069377	99988.94619	0	0
neutron	939.56536	0.9491352462	99989.03623	0	0
S34	31632.70018	0.2581911582	99989.03623	0	0
neutron	939.56536	5.991239874	99989.48662	0	0
neutron	939.56536	3.831437156	99989.48662	0	0
S33	30704.55199	0.4308125906	99989.48662	0	0
neutron	939.56536	0.7198545393	99989.2037	0	0
S34	31632.70018	0.1654503483	99989.2037	0	0
neutron	939.56536	8.062883882	99989.83485	0	0
neutron	939.56536	1.941730264	99989.83485	0	0
Ne21	19550.53637	0.2805493763	99989.83485	0	0
neutron	939.56536	2.14592682	99990.00218	0	0
S34	31632.70018	0.1221583303	99990.00218	0	0
proton	938.272013	16.3321866	99990.36241	0	0
neutron	939.56536	0.4573416298	99990.36241	0	0
F21	19556.73074	1.082330377	99990.36241	0	0
Ne23	21414.10216	0.2340354695	99989.12538	0	0
Ne23	21414.10216	0.2168189474	99989.62174	0	0
S35	32565.27968	0.1436958959	99989.20358	0	0
neutron	939.56536	8.449308648	99989.03533	0	0
neutron	939.56536	2.150122724	99989.03533	0	0
neutron	939.56536	2.13935531	99989.03533	0	0
S32	29773.62828	0.2650743811	99989.03533	0	0
neutron	939.56536	1.491881779	99989.19192	0	0
Ne22	20479.73746	0.3940916734	99989.19192	0	0
Ne23	21414.10216	0.2302354004	99989.29921	0	0
neutron	939.56536	0.426380573	99988.90083	0	0
S34	31632.70018	0.07578684712	99988.90083	0	0
S35	32565.27968	0.1651548961	99989.54026	0	0
neutron	939.56536	15.56050697	99990.4823	0	0
neutron	939.56536	3.811353258	99990.4823	0	0
proton	938.272013	3.579083756	99990.4823	0	0
neutron	939.56536	1.29850432	99990.4823	0	0
P31	28844.21869	0.4340639152	99990.4823	0	0
neutron	939.56536	0.9214741531	99989.35712	0	0
S34	31632.70018	0.05576838971	99989.35712	0	0
S35	32565.27968	0.1592072444	99989.00687	0	0
neutron	939.56536	1.246229593	99989.45211	0	0
S34	31632.70018	0.2719443293	99989.45211	0	0
neutron	939.56536	4.21530427	99989.2751	0	0
neutron	939.56536	2.287590748	99989.2751	0	0
deuteron	1875.613	5.588854806	99989.2751	0	0
alpha	3727.379	3.40030214	99989.2751	0	0
N15	13968.93638	1.365227711	99989.2751	0	0
neutron	939.56536	8.96763361	99988.45852	0	0
neutron	939.56536	7.848036668	99988.45852	0	0
proton	938.272013	3.698488931	99988.45852	0	0
neutron	939.56536	3.080599527	99988.45852	0	0
proton	938.272013	2.676024819	99988.45852	0	0
Si32	29776.58515	1.766500692	99988.45852	0	0
neutron	939.56536	9.376356235	99988.76154	0	0
proton	938.272013	8.424060738	99988.76154	0	0
proton	938.272013	2.860998365	99988.76154	0	0
O20	18629.59082	0.9846240326	99988.76154	0	0
neutron	939.56536	5.130595092	99989.42101	0	0
neutron	939.56536	1.347997089	99989.42101	0	0
neutron	939.56536	1.228015078	99989.42101	0	0
alpha	3727.379	8.867104598	99989.42101	0	0
Si28	26053.19393	1.699984909	99989.42101	0	0
neutron	939.56536	0.1554215626	99988.92145	0	0
S36	33494.9558	0.1741993349	99988.92145	0	0
neutron	939.56536	0.3394369359	99988.95005	0	0
Ne22	20479.73746	0.114954826	99988.95005	0	0
neutron	939.56536	5.687545255	99989.03959	0	0
alpha	3727.379	7.71812463	99989.03959	0	0
O18	16762.02378	1.131513155	99989.03959	0	0
Ne23	21414.10216	0.2271210746	99989.21769	0	0
neutron	939.56536	4.588563041	99989.18078	0	0
neutron	939.56536	2.492785318	99989.18078	0	0
S33	30704.55199	0.443093199	99989.18078	0	0
S35	32565.27968	0.16086187	99989.33695	0	0
neutron	939.56536	1.666374094	99989.18039	0	0
neutron	939.56536	0.04755430488	99989.18039	0	0
Ne21	19550.53637	0.2294661217	99989.18039	0	0
neutron	939.56536	3.052751305	99989.3779	0	0
S36	33494.9558	0.3180820843	99989.3779	0	0
neutron	939.56536	4.418987973	99989.1624	0	0
neutron	939.56536	2.216816634	99989.1624	0	0
neutron	939.56536	0.8999283969	99989.1624	0	0
Ne20	18617.73218	0.190432117	99989.1624	0	0
neutron	939.56536	0.1644763724	99989.86135	0	0
Ne22	20479.73746	0.2686331918	99989.86135	0	0
neutron	939.56536	15.0104605	99988.67125	0	0
neutron	939.56536	3.274152595	99988.67125	0	0
neutron	939.56536	0.6606838746	99988.67125	0	0
S34	31632.70018	0.4733649309	99988.67125	0	0
S35	32565.27968	0.1372529635	99989.22862	0	0
neutron	939.56536	1.651480478	99988.75768	0	0
S34	31632.70018	0.1796123448	99988.75768	0	0
neutron	939.56536	14.82132114	99989.658	0	0
proton	938.272013	5.023435328	99989.658	0	0
neutron	939.56536	3.422289528	99989.658	0	0
neutron	939.56536	1.888865643	99989.658	0	0
triton	2808.921	3.952893274	99989.658	0	0
O16	14895.08153	3.699991323	99989.658	0	0
neutron	939.56536	2.109710984	99989.50261	0	0
Ne22	20479.73746	0.02993296669	99989.50261	0	0
proton	938.272013	31.50755939	99989.04564	0	0
neutron	939.56536	14.69993033	99989.04564	0	0
F21	19556.73074	0.8020268152	99989.04564	0	0
Ne23	21414.10216	0.208159934	99988.78124	0	0
neutron	939.56536	2.255794803	99988.77799	0	0
neutron	939.56536	0.3970520331	99988.77799	0	0
S33	30704.55199	0.09291272648	99988.77799	0	0
neutron	939.56536	2.568476036	99989.82113	0	0
S34	31632.70018	0.08242564065	99989.82113	0	0
neutron	939.56536	0.6681160767	99988.95978	0	0
S34	31632.70018	0.06966506935	99988.95978	0	0
neutron	939.56536	13.17202979	99988.53738	0	0
proton	938.272013	5.882308794	99988.53738	0	0
neutron	939.56536	3.116724556	99988.53738	0	0
neutron	939.56536	2.504136679	99988.53738	0	0
P31	28844.21869	0.6823207195	99988.53738	0	0
Ne23	21414.10216	0.2158097866	99989.49167	0	0
neutron	939.56536	0.9116815831	99988.97188	0	0
S34	31632.70018	0.2645431455	99988.97188	0	0
neutron	939.56536	1.364785673	99988.89708	0	0
S34	31632.70018	0.1441009927	99988.89708	0	0
neutron	939.56536	0.3604740969	99988.82273	0	0
S34	31632.70018	0.1300373216	99988.82273	0	0
Ne23	21414.10216	0.2211840015	99989.11488	0	0
Ne23	21414.10216	0.2217597787	99989.47116	0	0
neutron	939.56536	1.869518054	99989.20823	0	0
Ne22	20479.73746	0.1210274337	99989.20823	0	0
proton	938.272013	7.801091354	99988.95236	0	0
neutron	939.56536	2.927944792	99988.95236	0	0
neutron	939.56536	0.6477802095	99988.95236	0	0
P32	29775.84838	1.152464133	99988.95236	0	0
neutron	939.56536	4.196425016	99988.91429	0	0
neutron	939.56536	2.444319028	99988.91429	0	0
neutron	939.56536	2.116130165	99988.91429	0	0
Ne20	18617.73218	0.5909628644	99988.91429	0	0
S35	32565.27968	0.1545203061	99989.3606	0	0
neutron	939.56536	33.67767645	99988.4669	0	0
proton	938.272013	17.83954186	99988.4669	0	0
P33	30705.30994	0.1747647176	99988.4669	0	0
S37	34430.21755	0.1443310803	99989.54997	0	0
Ne23	21414.10216	0.2302708632	99989.58247	0	0
Ne23	21414.10216	0.2043980756	99988.9926	0	0
neutron	939.56536	3.126098716	99989.46967	0	0
S34	31632.70018	0.4438686709	99989.46967	0	0
S35	32565.27968	0.1504984644	99989.31157	0	0
Ne23	21414.10216	0.2337715132	99988.56998	0	0
proton	938.272013	3.323965463	99989.12266	0	0
neutron	939.56536	2.023713193	99989.12266	0	0
neutron	939.56536	1.353543777	99989.12266	0	0
P32	29775.84838	0.2260487963	99989.12266	0	0
neutron	939.56536	6.923708667	99988.85137	0	0
neutron	939.56536	1.430516594	99988.85137	0	0
deuteron	1875.613	7.905961772	99988.85137	0	0
F19	17692.30285	0.5966014272	99988.85137	0	0
S35	32565.27968	0.1585003557	99988.93907	0	0
proton	938.272013	17.05913444	99989.862	0	0
neutron	939.56536	16.15014741	99989.862	0	0
proton	938.272013	5.435309257	99989.862	0	0
neutron	939.56536	0.4249105428	99989.862	0	0
Si31	28846.21977	0.2761460922	99989.862	0	0
S35	32565.27968	0.1472872485	99989.85825	0	0
neutron	939.56536	0.7301675897	99988.66588	0	0
S34	31632.70018	0.09031437764	99988.66588	0	0
S35	32565.27968	0.1420668193	99988.98282	0	0
Ne23	21414.10216	0.2280612677	99988.87194	0	0
neutron	939.56536	1.243240466	99989.19781	0	0
S34	31632.70018	0.161280656	99989.19781	0	0
neutron	939.56536	20.1319527	99989.16058	0	0
neutron	939.56536	18.13266763	99989.16058	0	0
neutron	939.56536	3.368400402	99989.16058	0	0
Ne20	18617.73218	1.462356411	99989.16058	0	0
neutron	939.56536	32.37763487	99989.49252	0	0
neutron	939.56536	4.075564647	99989.49252	0	0
neutron	939.56536	2.030735044	99989.49252	0	0
S34	31632.70018	1.387390333	99989.49252	0	0
neutron	939.56536	0.5227979163	99989.52569	0	0
Ne22	20479.73746	0.242931015	99989.52569	0	0
neutron	939.56536	5.579899512	99989.60623	0	0
neutron	939.56536	2.433699368	99989.60623	0	0
neutron	939.56536	1.137773309	99989.60623	0	0
neutron	939.56536	0.4142582336	99989.60623	0	0
S33	30704.55199	0.08455887098	99989.60623	0	0
Ne23	21414.10216	0.2311741508	99989.58512	0	0
neutron	939.56536	5.76135667	99989.97037	0	0
neutron	939.56536	2.722784952	99989.97037	0	0
Ne21	19550.53637	0.2275912647	99989.97037	0	0
S37	34430.21755	0.1377699209	99989.37212	0	0
Ne23	21414.10216	0.2230790288	99989.39423	0	0
neutron	939.56536	5.137580704	99989.77917	0	0
neutron	939.56536	1.849458573	99989.77917	0	0
neutron	939.56536	1.695524886	99989.77917	0	0
Ne20	18617.73218	0.590407314	99989.77917	0	0
Ne23	21414.10216	0.2148168277	99988.59068	0	0
neutron	939.56536	3.86965154	99988.95201	0	0
S34	31632.70018	0.08802999898	99988.95201	0	0
neutron	939.56536	2.212165007	99988.94177	0	0
S34	31632.70018	0.2272841174	99988.94177	0	0
Ne23	21414.10216	0.2243801008	99989.08302	0	0
S35	32565.27968	0.1602825917	99989.25642	0	0
neutron	939.56536	21.03371404	99989.32539	0	0
proton	938.272013	6.691322104	99989.32539	0	0
proton	938.272013	5.982710054	99989.32539	0	0
neutron	939.56536	2.439460465	99989.32539	0	0
Si31	28846.21977	0.339845863	99989.32539	0	0
S35	32565.27968	0.1381704261	99989.59231	0	0
neutron	939.56536	16.5689697	99990.01991	0	0
neutron	939.56536	7.655085029	99990.01991	0	0
neutron	939.56536	2.340242857	99990.01991	0	0
neutron	939.56536	2.027181346	99990.01991	0	0
S33	30704.55199	0.2456340458	99990.01991	0	0
neutron	939.56536	0.5752299048	99988.91687	0	0
Ne22	20479.73746	0.3609886158	99988.91687	0	0
neutron	939.56536	7.852832264	99989.57853	0	0
Ne22	20479.73746	0.0775198384	99989.57853	0	0
Ne23	21414.10216	0.2156581562	99989.17942	0	0
Ne23	21414.10216	0.222902772	99989.39084	0	0
proton	938.272013	9.483710145	99989.40295	0	0
neutron	939.56536	8.71986777	99989.40295	0	0
neutron	939.56536	1.08698936	99989.40295	0	0
P32	29775.84838	0.3912800529	99989.40295	0	0
neutron	939.56536	3.279198392	99989.18299	0	0
S34	31632.70018	0.4236873426	99989.18299	0	0
neutron	939.56536	0.6405045381	99989.66231	0	0
S34	31632.70018	0.144075688	99989.66231	0	0
neutron	939.56536	1.611193357	99989.35464	0	0
S34	31632.70018	0.1596027789	99989.35464	0	0
neutron	939.56536	4.17269142	99989.1703	0	0
neutron	939.56536	1.431069338	99989.1703	0	0
S35	32565.27968	0.08055970198	99989.1703	0	0
proton	938.272013	7.330637854	99989.43184	0	0
neutron	939.56536	4.277037373	99989.43184	0	0
P33	30705.30994	0.8168840572	99989.43184	0	0
S35	32565.27968	0.1400969811	99990.52562	0	0
proton	938.272013	7.223734114	99989.89242	0	0
neutron	939.56536	4.431447668	99989.89242	0	0
neutron	939.56536	4.35794846	99989.89242	0	0
P34	31638.59261	1.688613895	99989.89242	0	0
proton	938.272013	11.64217132	99989.20178	0	0
neutron	939.56536	3.574395315	99989.20178	0	0
proton	938.272013	3.113856767	99989.20178	0	0
Si32	29776.58515	1.191498423	99989.20178	0	0
neutron	939.56536	1.655475091	99989.0043	0	0
neutron	939.56536	0.7835115635	99989.0043	0	0
S33	30704.55199	0.1382481788	99989.0043	0	0
neutron	939.56536	4.665055319	99989.81499	0	0
neutron	939.56536	1.831020891	99989.81499	0	0
neutron	939.56536	1.672861413	99989.81499	0	0
Ne20	18617.73218	0.02287983284	99989.81499	0	0
neutron	939.56536	7.512852535	99989.27252	0	0
neutron	939.56536	6.746941588	99989.27252	0	0
neutron	939.56536	1.152702668	99989.27252	0	0
alpha	3727.379	15.7998435	99989.27252	0	0
Si28	26053.19393	3.110996027	99989.27252	0	0
S35	32565.27968	0.1555093006	99988.87841	0	0
neutron	939.56536	1.07363055	99988.97382	0	0
S34	31632.70018	0.1050916297	99988.97382	0	0
neutron	939.56536	6.207117281	99988.55171	0	0
proton	938.272013	4.820131014	99988.55171	0	0
neutron	939.56536	0.3131682206	99988.55171	0	0
P32	29775.84838	0.1532810851	99988.55171	0	0
proton	938.272013	3.485915915	99989.59794	0	0
neutron	939.56536	1.845462331	99989.59794	0	0
neutron	939.56536	1.38602856	99989.59794	0	0
deuteron	1875.613	5.30223686	99989.59794	0	0
Si30	27913.24182	0.4154448113	99989.59794	0	0
neutron	939.56536	2.263300967	99989.23793	0	0
S34	31632.70018	0.01641701445	99989.23793	0	0
neutron	939.56536	2.204942228	99989.15747	0	0
neutron	939.56536	0.9277383445	99989.15747	0	0
neutron	939.56536	0.8773664012	99989.15747	0	0
S34	31632.70018	0.0534582299	99989.15747	0	0
neutron	939.56536	10.09800759	99989.0072	0	0
proton	938.272013	8.70051756	99989.0072	0	0
neutron	939.56536	1.291721073	99989.0072	0	0
P32	29775.84838	0.1293532427	99989.0072	0	0
Ne23	21414.10216	0.217849475	99989.59791	0	0
proton	938.272013	3.704283933	99988.73573	0	0
neutron	939.56536	3.542782428	99988.73573	0	0
P33	30705.30994	0.09209930305	99988.73573	0	0
neutron	939.56536	0.1047494881	99989.53613	0	0
Ne22	20479.73746	0.2126202825	99989.53613	0	0
neutron	939.56536	32.65726103	99988.99744	0	0
proton	938.272013	3.624928129	99988.99744	0	0
neutron	939.56536	2.62102299	99988.99744	0	0
deuteron	1875.613	14.65358253	99988.99744	0	0
Si30	27913.24182	2.202355896	99988.99744	0	0
neutron	939.56536	1.984281678	99989.13401	0	0
Ne22	20479.73746	0.02179111033	99989.13401	0	0
neutron	939.56536	1.817425052	99989.09505	0	0
S34	31632.70018	0.04349473713	99989.09505	0	0
neutron	939.56536	0.7240327146	99989.70352	0	0
S34	31632.70018	0.169876471	99989.70352	0	0
neutron	939.56536	23.08122135	99989.7115	0	0
neutron	939.56536	0.6086833688	99989.7115	0	0
Ne21	19550.53637	0.9607298811	99989.7115	0	0
neutron	939.56536	18.36426749	99989.76785	0	0
neutron	939.56536	5.143371124	99989.76785	0	0
neutron	939.56536	1.280490353	99989.76785	0	0
alpha	3727.379	4.961171269	99989.76785	0	0
O16	14895.08153	2.516837659	99989.76785	0	0
neutron	939.56536	1.042193585	99989.92823	0	0
S34	31632.70018	0.2000150986	99989.92823	0	0
neutron	939.56536	0.6172047093	99990.26617	0	0
Ne22	20479.73746	0.2105726522	99990.26617	0	0
neutron	939.56536	0.1570575471	99989.24625	0	0
S34	31632.70018	0.1331579253	99989.24625	0	0
neutron	939.56536	1.392679136	99989.01664	0	0
S36	33494.9558	0.2885481616	99989.01664	0	0
neutron	939.56536	2.428334672	99989.25119	0	0
neutron	939.56536	0.8213356509	99989.25119	0	0
Ne21	19550.53637	0.09935999861	99989.25119	0	0
Ne23	21414.10216	0.2076922488	99989.08063	0	0
neutron	939.56536	1.045097135	99988.6584	0	0
S34	31632.70018	0.1207449571	99988.6584	0	0
neutron	939.56536	2.338232983	99988.76495	0	0
S36	33494.9558	0.3122956895	99988.76495	0	0
neutron	939.56536	21.3943249	99988.67361	0	0
proton	938.272013	9.15459474	99988.67361	0	0
neutron	939.56536	3.276674907	99988.67361	0	0
neutron	939.56536	0.5185465887	99988.67361	0	0
P31	28844.21869	0.4760858306	99988.67361	0	0
neutron	939.56536	7.519339638	99988.83084	0	0
neutron	939.56536	4.595285062	99988.83084	0	0
Ne21	19550.53637	0.2230282461	99988.83084	0	0
neutron	939.56536	0.82339731	99990.5404	0	0
S34	31632.70018	0.1572400716	99990.5404	0	0
proton	938.272013	19.35947482	99989.22526	0	0
neutron	939.56536	1.669717378	99989.22526	0	0
neutron	939.56536	0.2425152924	99989.22526	0	0
F20	18625.26686	0.2682596133	99989.22526	0	0
neutron	939.56536	0.8581735003	99989.7669	0	0
S34	31632.70018	0.2769188491	99989.7669	0	0
S35	32565.27968	0.1674489296	99988.93701	0	0
neutron	939.56536	1.996356008	99989.12511	0	0
S34	31632.70018	0.1072330654	99989.12511	0	0
neutron	939.56536	1.299918139	99988.35939	0	0
S36	33494.9558	0.0407775	99988.35939	0	0
neutron	939.56536	27.34147606	99988.32474	0	0
neutron	939.56536	19.15287168	99988.32474	0	0
neutron	939.56536	0.9662059088	99988.32474	0	0
S34	31632.70018	0.4739600666	99988.32474	0	0
neutron	939.56536	0.3240284461	99989.07203	0	0
S34	31632.70018	0.1668393816	99989.07203	0	0
neutron	939.56536	1.047535537	99989.19064	0	0
He3	2808.391	6.057983198	99989.19064	0	0
Si31	28846.21977	0.8092503285	99989.19064	0	0
neutron	939.56536	25.46780239	99988.62432	0	0
neutron	939.56536	2.166171575	99988.62432	0	0
S33	30704.55199	0.4945105564	99988.62432	0	0
Ne23	21414.10216	0.2010640836	99988.71728	0	0
neutron	939.56536	8.903714447	99989.04521	0	0
proton	938.272013	5.334495839	99989.04521	0	0
neutron	939.56536	4.074619281	99989.04521	0	0
F20	18625.26686	0.9543351313	99989.04521	0	0
neutron	939.56536	0.3971146095	99989.45114	0	0
S34	31632.70018	0.19056569	99989.45114	0	0
neutron	939.56536	0.669824845	99990.23344	0	0
S34	31632.70018	0.1471629764	99990.23344	0	0
S35	32565.27968	0.1447528945	99989.27634	0	0
neutron	939.56536	0.914163931	99988.85759	0	0
S34	31632.70018	0.2868142304	99988.85759	0	0
neutron	939.56536	1.000232135	99988.66024	0	0
S36	33494.9558	0.1086127397	99988.66024	0	0
S35	32565.27968	0.1647084382	99989.53597	0	0
neutron	939.56536	32.60324208	99989.53061	0	0
neutron	939.56536	10.78087791	99989.53061	0	0
neutron	939.56536	3.412425097	99989.53061	0	0
Ne20	18617.73218	3.235498482	99989.53061	0	0
neutron	939.56536	0.4112001153	99989.96241	0	0
S34	31632.70018	0.07621749335	99989.96241	0	0
Ne23	21414.10216	0.2292087823	99989.45984	0	0
proton	938.272013	48.33120403	99989.86184	0	0
neutron	939.56536	6.043132988	99989.86184	0	0
neutron	939.56536	0.4877612327	99989.86184	0	0
P32	29775.84838	0.9483192959	99989.86184	0	0
S35	32565.27968	0.1423524704	99988.80078	0	0
neutron	939.56536	12.7029883	99989.32038	0	0
proton	938.272013	5.659482904	99989.32038	0	0
proton	938.272013	5.05282076	99989.32038	0	0
neutron	939.56536	0.1311101995	99989.32038	0	0
Si31	28846.21977	1.392087186	99989.32038	0	0
proton	938.272013	5.641198541	99988.45095	0	0
neutron	939.56536	4.206163195	99988.45095	0	0
neutron	939.56536	3.060258183	99988.45095	0	0
proton	938.272013	2.703949399	99988.45095	0	0
neutron	939.56536	1.607424866	99988.45095	0	0
Si30	27913.24182	0.47764611	99988.45095	0	0
neutron	939.56536	2.453498691	99988.29263	0	0
neutron	939.56536	2.300367023	99988.29263	0	0
Ne21	19550.53637	0.3468245267	99988.29263	0	0
neutron	939.56536	4.151859491	99989.10192	0	0
neutron	939.56536	3.501060434	99989.10192	0	0
neutron	939.56536	0.9714914798	99989.10192	0	0
alpha	3727.379	4.948790808	99989.10192	0	0
O16	14895.08153	1.547476986	99989.10192	0	0
neutron	939.56536	2.153365063	99989.70297	0	0
S34	31632.70018	0.1914308994	99989.70297	0	0
S35	32565.27968	0.1671344855	99988.77813	0	0
Ne23	21414.10216	0.2266829552	99988.86182	0	0
S35	32565.27968	0.1590052409	99989.09689	0	0
neutron	939.56536	4.32409785	99989.31475	0	0
neutron	939.56536	0.6566988875	99989.31475	0	0
Ne21	19550.53637	0.2439467246	99989.31475	0	0
neutron	939.56536	0.9187767135	99989.7849	0	0
S36	33494.9558	0.155574343	99989.7849	0	0
neutron	939.56536	1.398833764	99988.81739	0	0
S36	33494.9558	0.166991748	99988.81739	0	0
S37	34430.21755	0.1266498503	99989.47475	0	0
S37	34430.21755	0.1318065863	99989.92076	0	0
S35	32565.27968	0.1585462672	99989.46468	0	0
S35	32565.27968	0.1607953521	99989.12768	0	0
neutron	939.56536	11.5783622	99989.25081	0	0
neutron	939.56536	8.541176058	99989.25081	0	0
neutron	939.56536	1.874417457	99989.25081	0	0
S32	29773.62828	0.9082322367	99989.25081	0	0
neutron	939.56536	1.496827328	99988.99716	0	0
Ne22	20479.73746	0.2378590959	99988.99716	0	0
neutron	939.56536	34.16635722	99989.65009	0	0
S36	33494.9558	0.7846446924	99989.65009	0	0
neutron	939.56536	0.3047039333	99989.23866	0	0
Ne22	20479.73746	0.2421767093	99989.23866	0	0
Ne23	21414.10216	0.2266366695	99989.17133	0	0
neutron	939.56536	0.8923259745	99988.7942	0	0
Ne22	20479.73746	0.2183654468	99988.7942	0	0
S35	32565.27968	0.1556189872	99988.75746	0	0
neutron	939.56536	9.142238876	99989.57758	0	0
alpha	3727.379	7.573631162	99989.57758	0	0
Si30	27913.24182	0.6642470076	99989.57758	0	0
neutron	939.56536	7.768607645	99989.29235	0	0
neutron	939.56536	4.573726951	99989.29235	0	0
neutron	939.56536	1.415354333	99989.29235	0	0
deuteron	1875.613	7.010766586	99989.29235	0	0
alpha	3727.379	4.389791166	99989.29235	0	0
N14	13040.20433	1.984079707	99989.29235	0	0
Ne23	21414.10216	0.2285963213	99989.25165	0	0
S35	32565.27968	0.1407020383	99988.74015	0	0
neutron	939.56536	12.36802803	99988.87636	0	0
proton	938.272013	3.128674928	99988.87636	0	0
F21	19556.73074	0.6930049252	99988.87636	0	0
neutron	939.56536	0.3361594024	99988.82978	0	0
S34	31632.70018	0.1985540575	99988.82978	0	0
neutron	939.56536	0.255700495	99988.74579	0	0
S36	33494.9558	0.118272767	99988.74579	0	0
proton	938.272013	37.66145049	99990.02677	0	0
neutron	939.56536	19.00334041	99990.02677	0	0
F21	19556.73074	1.383422269	99990.02677	0	0
neutron	939.56536	18.38731709	99989.56128	0	0
proton	938.272013	4.017694935	99989.56128	0	0
P33	30705.30994	0.3574988696	99989.56128	0	0
proton	938.272013	20.46253775	99988.45071	0	0
neutron	939.56536	7.241666509	99988.45071	0	0
neutron	939.56536	1.779466363	99988.45071	0	0
neutron	939.56536	0.3783254916	99988.45071	0	0
P31	28844.21869	1.720196873	99988.45071	0	0
neutron	939.56536	4.988243025	99989.24507	0	0
neutron	939.56536	2.49478376	99989.24507	0	0
Ne21	19550.53637	0.4908127163	99989.24507	0	0
neutron	939.56536	24.8087599	99989.98545	0	0
neutron	939.56536	5.769969251	99989.98545	0	0
neutron	939.56536	4.16863815	99989.98545	0	0
proton	938.272013	4.098974767	99989.98545	0	0
P31	28844.21869	0.8626524483	99989.98545	0	0
neutron	939.56536	0.2877841667	99989.12717	0	0
S34	31632.70018	0.09925489492	99989.12717	0	0
neutron	939.56536	2.523384019	99989.17334	0	0
S34	31632.70018	0.3922598356	99989.17334	0	0
neutron	939.56536	0.5229728271	99988.84503	0	0
S34	31632.70018	0.1019483489	99988.84503	0	0
neutron	939.56536	11.10102295	99989.94605	0	0
neutron	939.56536	2.437001655	99989.94605	0	0
neutron	939.56536	2.420042176	99989.94605	0	0
proton	938.272013	1.559593387	99989.94605	0	0
alpha	3727.379	17.68818657	99989.94605	0	0
Al27	25126.50566	3.526198074	99989.94605	0	0
S35	32565.27968	0.1620958168	99989.33179	0	0
neutron	939.56536	0.2871966011	99988.8317	0	0
S34	31632.70018	0.2018153136	99988.8317	0	0
neutron	939.56536	0.09772787094	99988.98939	0	0
S34	31632.70018	0.1667192801	99988.98939	0	0
neutron	939.56536	0.2201621052	99989.2617	0	0
S34	31632.70018	0.1887610852	99989.2617	0	0
neutron	939.56536	1.218811324	99989.72325	0	0
S34	31632.70018	0.1999943906	99989.72325	0	0
S37	34430.21755	0.1420833196	99989.1028	0	0
neutron	939.56536	1.015054853	99991.03417	0	0
S34	31632.70018	0.2701386003	99991.03417	0	0
Ne23	21414.10216	0.2193409515	99989.44649	0	0
proton	938.272013	21.05265304	99988.51534	0	0
neutron	939.56536	1.476776126	99988.51534	0	0
deuteron	1875.613	2.894777075	99988.51534	0	0
Si31	28846.21977	0.4794003939	99988.51534	0	0
neutron	939.56536	1.798980422	99989.19771	0	0
S36	33494.9558	0.3142003479	99989.19771	0	0
neutron	939.56536	3.690010156	99989.31697	0	0
neutron	939.56536	2.42190096	99989.31697	0	0
S33	30704.55199	0.5729538995	99989.31697	0	0
Ne23	21414.10216	0.2129955781	99989.68531	0	0
neutron	939.56536	6.653517916	99989.68959	0	0
neutron	939.56536	6.016062105	99989.68959	0	0
proton	938.272013	4.188750332	99989.68959	0	0
proton	938.272013	3.992029787	99989.68959	0	0
neutron	939.56536	1.674282186	99989.68959	0	0
Si30	27913.24182	1.255384784	99989.68959	0	0
neutron	939.56536	0.3900784452	99989.677	0	0
Ne22	20479.73746	0.2715477386	99989.677	0	0
S35	32565.27968	0.1558229569	99988.98875	0	0
S35	32565.27968	0.1596981399	99989.95477	0	0
S35	32565.27968	0.1384011658	99989.09187	0	0
neutron	939.56536	0.8512384612	99988.84844	0	0
S34	31632.70018	0.2616617204	99988.84844	0	0
neutron	939.56536	1.29856933	99988.75907	0	0
neutron	939.56536	0.7806550471	99988.75907	0	0
S33	30704.55199	0.3413708074	99988.75907	0	0
neutron	939.56536	22.45320882	99988.5932	0	0
proton	938.272013	11.18306583	99988.5932	0	0
proton	938.272013	2.715903753	99988.5932	0	0
Si32	29776.58515	1.249150224	99988.5932	0	0
neutron	939.56536	7.815498476	99988.86208	0	0
neutron	939.56536	4.15638183	99988.86208	0	0
neutron	939.56536	0.5314659824	99988.86208	0	0
S32	29773.62828	0.05224594045	99988.86208	0	0
S37	34430.21755	0.1451063483	99989.13226	0	0
neutron	939.56536	18.26095214	99988.43979	0	0
proton	938.272013	15.84383318	99988.43979	0	0
neutron	939.56536	0.6263426361	99988.43979	0	0
F20	18625.26686	1.20758428	99988.43979	0	0
neutron	939.56536	20.43904817	99988.81917	0	0
neutron	939.56536	1.977729027	99988.81917	0	0
neutron	939.56536	0.3704009319	99988.81917	0	0
Ne20	18617.73218	0.7558668262	99988.81917	0	0
S35	32565.27968	0.1437800243	99989.06403	0	0
neutron	939.56536	0.40163808	99989.60095	0	0
Ne22	20479.73746	0.2767983801	99989.60095	0	0
proton	938.272013	8.417536364	99989.32279	0	0
neutron	939.56536	2.777420273	99989.32279	0	0
neutron	939.56536	2.720767098	99989.32279	0	0
neutron	939.56536	0.8917702493	99989.32279	0	0
P31	28844.21869	0.04158675175	99989.32279	0	0
neutron	939.56536	8.616057432	99988.78862	0	0
neutron	939.56536	4.735942932	99988.78862	0	0
neutron	939.56536	1.25042089	99988.78862	0	0
Ne20	18617.73218	0.8764414286	99988.78862	0	0
neutron	939.56536	12.02199697	99989.19423	0	0
neutron	939.56536	0.8297401878	99989.19423	0	0
Ne21	19550.53637	0.1535037673	99989.19423	0	0
neutron	939.56536	11.06180698	99989.73051	0	0
proton	938.272013	5.09735494	99989.73051	0	0
neutron	939.56536	3.158922498	99989.73051	0	0
P34	31638.59261	0.1739789192	99989.73051	0	0
Ne23	21414.10216	0.1996237167	99989.72189	0	0
neutron	939.56536	8.680931672	99989.61736	0	0
neutron	939.56536	3.685090415	99989.61736	0	0
neutron	939.56536	2.648578246	99989.61736	0	0
Ne20	18617.73218	0.6524063509	99989.61736	0	0
neutron	939.56536	0.4979081057	99990.04023	0	0
S34	31632.70018	0.1855749177	99990.04023	0	0
neutron	939.56536	1.462218369	99989.54877	0	0
Ne22	20479.73746	0.4355766946	99989.54877	0	0
proton	938.272013	11.829382	99988.50745	0	0
proton	938.272013	8.204420165	99988.50745	0	0
neutron	939.56536	3.825093182	99988.50745	0	0
neutron	939.56536	1.822510725	99988.50745	0	0
neutron	939.56536	1.498162981	99988.50745	0	0
Si30	27913.24182	2.209624235	99988.50745	0	0
neutron	939.56536	3.792153905	99988.97737	0	0
neutron	939.56536	2.520066266	99988.97737	0	0
neutron	939.56536	1.607000063	99988.97737	0	0
alpha	3727.379	11.2193982	99988.97737	0	0
O16	14895.08153	1.533808922	99988.97737	0	0
neutron	939.56536	19.34738663	99989.63397	0	0
neutron	939.56536	8.868798993	99989.63397	0	0
neutron	939.56536	1.576730345	99989.63397	0	0
Ne20	18617.73218	2.328154917	99989.63397	0	0
Ne23	21414.10216	0.213277267	99988.67497	0	0
neutron	939.56536	11.9450454	99988.92304	0	0
neutron	939.56536	0.8166192723	99988.92304	0	0
Ne21	19550.53637	0.226333086	99988.92304	0	0
neutron	939.56536	5.660057456	99989.63351	0	0
neutron	939.56536	5.181211662	99989.63351	0	0
neutron	939.56536	2.41228667	99989.63351	0	0
alpha	3727.379	7.144678609	99989.63351	0	0
O16	14895.08153	1.853220703	99989.63351	0	0
Ne23	21414.10216	0.2225906596	99988.86873	0	0
neutron	939.56536	5.075696012	99988.97396	0	0
neutron	939.56536	3.425239475	99988.97396	0	0
neutron	939.56536	1.8605772	99988.97396	0	0
alpha	3727.379	10.80180498	99988.97396	0	0
O16	14895.08153	2.75595205	99988.97396	0	0
S35	32565.27968	0.1344574549	99988.6053	0	0
neutron	939.56536	0.733473357	99989.51603	0	0
S36	33494.9558	0.07301702701	99989.51603	0	0
Ne23	21414.10216	0.226777467	99989.43329	0	0
neutron	939.56536	2.382622148	99989.06759	0	0
S34	31632.70018	0.1247734927	99989.06759	0	0
neutron	939.56536	6.442620314	99988.64002	0	0
neutron	939.56536	5.07888185	99988.64002	0	0
neutron	939.56536	5.034568894	99988.64002	0	0
alpha	3727.379	10.01116748	99988.64002	0	0
Si28	26053.19393	0.4716945747	99988.64002	0	0
neutron	939.56536	1.271328167	99989.33178	0	0
S34	31632.70018	0.2602622296	99989.33178	0	0
Ne23	21414.10216	0.2247475342	99988.9756	0	0
Ne23	21414.10216	0.2030404045	99988.85379	0	0
proton	938.272013	27.36600256	99989.70028	0	0
neutron	939.56536	4.028786796	99989.70028	0	0
neutron	939.56536	2.653053656	99989.70028	0	0
P34	31638.59261	0.7751227456	99989.70028	0	0
neutron	939.56536	0.3105894172	99989.08729	0	0
S34	31632.70018	0.1396748849	99989.08729	0	0
S37	34430.21755	0.1366795521	99988.72573	0	0
neutron	939.56536	13.52544639	99989.19572	0	0
neutron	939.56536	1.812032777	99989.19572	0	0
alpha	3727.379	8.174985833	99989.19572	0	0
O17	15830.5038	2.282906345	99989.19572	0	0
S35	32565.27968	0.1500851947	99989.36926	0	0
neutron	939.56536	13.31465455	99989.73125	0	0
neutron	939.56536	3.366632899	99989.73125	0	0
neutron	939.56536	0.948931378	99989.73125	0	0
S34	31632.70018	0.1696354458	99989.73125	0	0
Ne23	21414.10216	0.230319748	99989.23065	0	0
neutron	939.56536	1.966470827	99989.23969	0	0
S36	33494.9558	0.09695510207	99989.23969	0	0
neutron	939.56536	0.5175747158	99989.27268	0	0
S34	31632.70018	0.1010419992	99989.27268	0	0
neutron	939.56536	0.01490126513	99989.41285	0	0
S36	33494.9558	0.1243482498	99989.41285	0	0
neutron	939.56536	4.721573705	99988.85544	0	0
S36	33494.9558	0.2110982877	99988.85544	0	0
S35	32565.27968	0.1619610081	99988.77176	0	0
proton	938.272013	6.350998236	99989.28454	0	0
proton	938.272013	5.010830041	99989.28454	0	0
neutron	939.56536	1.353767309	99989.28454	0	0
neutron	939.56536	0.2609492542	99989.28454	0	0
O19	17697.63348	0.476077819	99989.28454	0	0
neutron	939.56536	3.913418291	99990.05788	0	0
S34	31632.70018	0.4045838364	99990.05788	0	0
proton	938.272013	25.62988503	99989.22289	0	0
neutron	939.56536	9.577371646	99989.22289	0	0
neutron	939.56536	1.241406147	99989.22289	0	0
alpha	3727.379	10.74801513	99989.22289	0	0
N16	14906.01287	0.4482633285	99989.22289	0	0
Ne23	21414.10216	0.2209738964	99989.04043	0	0
proton	938.272013	26.5926919	99989.98412	0	0
proton	938.272013	7.221187098	99989.98412	0	0
neutron	939.56536	3.595225604	99989.98412	0	0
O20	18629.59082	1.880611833	99989.98412	0	0
neutron	939.56536	7.207014028	99989.05269	0	0
proton	938.272013	4.124863963	99989.05269	0	0
neutron	939.56536	2.241191811	99989.05269	0	0
neutron	939.56536	2.016203648	99989.05269	0	0
P31	28844.21869	0.5652403791	99989.05269	0	0
neutron	939.56536	2.472122877	99989.57512	0	0
Ne22	20479.73746	0.2508423449	99989.57512	0	0
proton	938.272013	23.17813294	99989.04074	0	0
neutron	939.56536	0.5856117421	99989.04074	0	0
P33	30705.30994	0.4125728615	99989.04074	0	0
neutron	939.56536	16.08207898	99989.96467	0	0
neutron	939.56536	5.790125683	99989.96467	0	0
proton	938.272013	4.886125421	99989.96467	0	0
neutron	939.56536	3.561748003	99989.96467	0	0
proton	938.272013	2.310296636	99989.96467	0	0
Si30	27913.24182	0.2434518568	99989.96467	0	0
neutron	939.56536	27.28227521	99989.21241	0	0
neutron	939.56536	3.598960814	99989.21241	0	0
S35	32565.27968	0.7200778735	99989.21241	0	0
S35	32565.27968	0.1511596013	99990.15286	0	0
proton	938.272013	3.392072414	99989.59803	0	0
neutron	939.56536	3.23286232	99989.59803	0	0
neutron	939.56536	1.474009095	99989.59803	0	0
deuteron	1875.613	10.96094013	99989.59803	0	0
Si30	27913.24182	1.233420047	99989.59803	0	0
neutron	939.56536	0.5053642168	99988.91599	0	0
Ne22	20479.73746	0.1022068784	99988.91599	0	0
neutron	939.56536	1.227628813	99989.02313	0	0
S36	33494.9558	0.2628062308	99989.02313	0	0
proton	938.272013	10.07894467	99989.76559	0	0
neutron	939.56536	8.317875274	99989.76559	0	0
neutron	939.56536	1.242253856	99989.76559	0	0
P32	29775.84838	0.2150006958	99989.76559	0	0
neutron	939.56536	0.4665972563	99989.9922	0	0
S34	31632.70018	0.0730327183	99989.9922	0	0
neutron	939.56536	4.136264323	99989.32821	0	0
proton	938.272013	3.23419342	99989.32821	0	0
P33	30705.30994	0.09923113521	99989.32821	0	0
neutron	939.56536	2.610519607	99989.4163	0	0
S34	31632.70018	0.06745063306	99989.4163	0	0
neutron	939.56536	0.7988683887	99988.90256	0	0
Ne22	20479.73746	0.2724105767	99988.90256	0	0
Ne23	21414.10216	0.2259363232	99989.06555	0	0
Ne23	21414.10216	0.2093621642	99989.13995	0	0
neutron	939.56536	26.77196066	99989.3488	0	0
neutron	939.56536	15.37125758	99989.3488	0	0
neutron	939.56536	0.5929373223	99989.3488	0	0
alpha	3727.379	8.816063749	99989.3488	0	0
O16	14895.08153	0.6888205654	99989.3488	0	0
neutron	939.56536	1.395400992	99989.60604	0	0
S34	31632.70018	0.293569127	99989.60604	0	0
neutron	939.56536	2.147575387	99988.86944	0	0
Ne22	20479.73746	0.4512115201	99988.86944	0	0
neutron	939.56536	5.38627775	99990.6593	0	0
neutron	939.56536	5.188974237	99990.6593	0	0
neutron	939.56536	1.657069652	99990.6593	0	0
S34	31632.70018	0.2151377694	99990.6593	0	0
Ne23	21414.10216	0.220290334	99989.39481	0	0
neutron	939.56536	0.8258883833	99989.03551	0	0
S34	31632.70018	0.1120326381	99989.03551	0	0
neutron	939.56536	0.9400678654	99990.72291	0	0
S34	31632.70018	0.2168463493	99990.72291	0	0
neutron	939.56536	0.4981283623	99988.89075	0	0
S36	33494.9558	0.1894104365	99988.89075	0	0
neutron	939.56536	0.822950946	99989.37403	0	0
S34	31632.70018	0.09143978857	99989.37403	0	0
neutron	939.56536	20.15274758	99989.31021	0	0
neutron	939.56536	0.7351162532	99989.31021	0	0
S33	30704.55199	0.6889794397	99989.31021	0	0
S35	32565.27968	0.149871344	99988.79396	0	0
S35	32565.27968	0.1528240129	99989.40391	0	0
neutron	939.56536	4.687469429	99989.69811	0	0
neutron	939.56536	2.544251935	99989.69811	0	0
deuteron	1875.613	7.308679076	99989.69811	0	0
F19	17692.30285	0.9786010851	99989.69811	0	0
neutron	939.56536	1.500894106	99988.51334	0	0
S34	31632.70018	0.1194848751	99988.51334	0	0
proton	938.272013	3.863112937	99989.55969	0	0
neutron	939.56536	1.661492561	99989.55969	0	0
F21	19556.73074	0.05050435882	99989.55969	0	0
neutron	939.56536	14.75984317	99989.10171	0	0
neutron	939.56536	3.395864414	99989.10171	0	0
neutron	939.56536	2.765224518	99989.10171	0	0
proton	938.272013	2.731992033	99989.10171	0	0
F19	17692.30285	1.496028703	99989.10171	0	0
neutron	939.56536	3.056847934	99990.34945	0	0
S34	31632.70018	0.3222557192	99990.34945	0	0
neutron	939.56536	9.788387484	99989.99928	0	0
proton	938.272013	5.98666626	99989.99928	0	0
neutron	939.56536	5.255251506	99989.99928	0	0
proton	938.272013	5.044048637	99989.99928	0	0
neutron	939.56536	1.313314936	99989.99928	0	0
neutron	939.56536	0.2446274462	99989.99928	0	0
Si29	26984.28567	0.6861543549	99989.99928	0	0
neutron	939.56536	0.5870109119	99989.144	0	0
S34	31632.70018	0.1603294744	99989.144	0	0
neutron	939.56536	0.5285165236	99989.44637	0	0
S34	31632.70018	0.1617763244	99989.44637	0	0
neutron	939.56536	26.58899017	99989.00933	0	0
neutron	939.56536	4.40334412	99989.00933	0	0
S33	30704.55199	0.7364577447	99989.00933	0	0
neutron	939.56536	11.97671031	99988.70076	0	0
neutron	939.56536	9.253393675	99988.70076	0	0
proton	938.272013	2.570608082	99988.70076	0	0
neutron	939.56536	1.289659197	99988.70076	0	0
P33	30705.30994	0.2046028937	99988.70076	0	0
proton	938.272013	5.225142084	99988.67144	0	0
neutron	939.56536	4.965788512	99988.67144	0	0
neutron	939.56536	3.428342499	99988.67144	0	0
neutron	939.56536	2.058318982	99988.67144	0	0
P31	28844.21869	0.1183991502	99988.67144	0	0
neutron	939.56536	3.783160582	99989.32244	0	0
neutron	939.56536	3.046192622	99989.32244	0	0
neutron	939.56536	0.6260510611	99989.32244	0	0
He3	2808.391	14.60962882	99989.32244	0	0
Si29	26984.28567	0.9899143218	99989.32244	0	0
neutron	939.56536	0.3450248734	99989.16306	0	0
Ne22	20479.73746	0.2404083162	99989.16306	0	0
neutron	939.56536	5.809323876	99988.94009	0	0
proton	938.272013	3.306243946	99988.94009	0	0
proton	938.272013	2.904401972	99988.94009	0	0
neutron	939.56536	2.431705328	99988.94009	0	0
neutron	939.56536	1.115083722	99988.94009	0	0
O18	16762.02378	0.1716339692	99988.94009	0	0
neutron	939.56536	0.7041028466	99989.83307	0	0
neutron	939.56536	0.247853617	99989.83307	0	0
S33	30704.55199	0.1742661953	99989.83307	0	0
neutron	939.56536	8.335025398	99989.06733	0	0
proton	938.272013	2.882085715	99989.06733	0	0
P33	30705.30994	0.05141925058	99989.06733	0	0
neutron	939.56536	1.340400467	99989.5552	0	0
Ne22	20479.73746	0.03209929909	99989.5552	0	0
S35	32565.27968	0.1567324915	99989.61315	0	0
neutron	939.56536	2.899811445	99989.05046	0	0
Ne22	20479.73746	0.1794089624	99989.05046	0	0
neutron	939.56536	0.8312523245	99988.86775	0	0
S34	31632.70018	0.1593373511	99988.86775	0	0
neutron	939.56536	39.51059108	99988.97864	0	0
neutron	939.56536	21.50975172	99988.97864	0	0
neutron	939.56536	2.0823004	99988.97864	0	0
S34	31632.70018	0.5288164026	99988.97864	0	0
S37	34430.21755	0.1384152991	99989.53504	0	0
neutron	939.56536	0.4904767898	99988.93523	0	0
S36	33494.9558	0.1382800724	99988.93523	0	0
neutron	939.56536	10.65334263	99992.83619	0	0
proton	938.272013	3.528654954	99992.83619	0	0
neutron	939.56536	3.001126078	99992.83619	0	0
neutron	939.56536	1.520934752	99992.83619	0	0
P33	30705.30994	0.1319963207	99992.83619	0	0
neutron	939.56536	2.086791768	99988.76532	0	0
Ne22	20479.73746	0.2522432414	99988.76532	0	0
neutron	939.56536	1.855832458	99988.76198	0	0
S34	31632.70018	0.06510210743	99988.76198	0	0
neutron	939.56536	0.6542546194	99989.52671	0	0
S34	31632.70018	0.1612157895	99989.52671	0	0
neutron	939.56536	0.34893218	99989.23806	0	0
S34	31632.70018	0.2180338235	99989.23806	0	0
Ne23	21414.10216	0.2257094561	99988.65238	0	0
S35	32565.27968	0.1603430036	99990.2732	0	0
neutron	939.56536	0.3735964392	99989.59013	0	0
S34	31632.70018	0.1654619179	99989.59013	0	0
neutron	939.56536	13.22638514	99989.12747	0	0
neutron	939.56536	7.234887434	99989.12747	0	0
proton	938.272013	6.287980065	99989.12747	0	0
neutron	939.56536	2.52983232	99989.12747	0	0
alpha	3727.379	4.931884233	99989.12747	0	0
N15	13968.93638	0.2035496155	99989.12747	0	0
neutron	939.56536	20.64199334	99988.44238	0	0
neutron	939.56536	6.390290343	99988.44238	0	0
Ne21	19550.53637	1.432834983	99988.44238	0	0
neutron	939.56536	0.3240215633	99988.23643	0	0
S34	31632.70018	0.121566587	99988.23643	0	0
neutron	939.56536	0.7884349675	99989.91102	0	0
S36	33494.9558	0.09323797572	99989.91102	0	0
neutron	939.56536	4.3080184	99989.37701	0	0
neutron	939.56536	1.299878512	99989.37701	0	0
neutron	939.56536	1.070918662	99989.37701	0	0
neutron	939.56536	0.480184481	99989.37701	0	0
neutron	939.56536	0.4296743206	99989.37701	0	0
alpha	3727.379	6.442461499	99989.37701	0	0
Si28	26053.19393	1.385188653	99989.37701	0	0
neutron	939.56536	0.2582397403	99988.8893	0	0
S34	31632.70018	0.1584842159	99988.8893	0	0
neutron	939.56536	1.641783123	99988.86069	0	0
S34	31632.70018	0.3185987657	99988.86069	0	0
neutron	939.56536	1.195068232	99989.60845	0	0
S34	31632.70018	0.098446223	99989.60845	0	0
Ne23	21414.10216	0.2259954622	99989.08509	0	0
neutron	939.56536	2.018465946	99989.73345	0	0
Ne22	20479.73746	0.1703194164	99989.73345	0	0
neutron	939.56536	1.661084661	99989.01373	0	0
S34	31632.70018	0.06480065976	99989.01373	0	0
neutron	939.56536	11.94565641	99989.63265	0	0
neutron	939.56536	5.678034354	99989.63265	0	0
neutron	939.56536	3.15213368	99989.63265	0	0
S32	29773.62828	0.3897050226	99989.63265	0	0
proton	938.272013	18.3493816	99989.05116	0	0
neutron	939.56536	3.424327819	99989.05116	0	0
neutron	939.56536	0.9776211164	99989.05116	0	0
P32	29775.84838	0.3912308151	99989.05116	0	0
neutron	939.56536	5.215331856	99988.78308	0	0
proton	938.272013	2.821157593	99988.78308	0	0
neutron	939.56536	2.302050357	99988.78308	0	0
neutron	939.56536	0.8597357662	99988.78308	0	0
P31	28844.21869	0.3385417382	99988.78308	0	0
neutron	939.56536	12.65518081	99988.90006	0	0
proton	938.272013	11.43965395	99988.90006	0	0
neutron	939.56536	6.476211348	99988.90006	0	0
neutron	939.56536	3.046989371	99988.90006	0	0
deuteron	1875.613	2.919621976	99988.90006	0	0
Si29	26984.28567	2.475563635	99988.90006	0	0
S35	32565.27968	0.1437779663	99988.2051	0	0
neutron	939.56536	4.235293442	99990.12055	0	0
deuteron	1875.613	11.57385251	99990.12055	0	0
P32	29775.84838	0.9056261875	99990.12055	0	0
neutron	939.56536	0.1655928601	99989.41854	0	0
S34	31632.70018	0.1745342861	99989.41854	0	0
Ne23	21414.10216	0.223331525	99989.14576	0	0
proton	938.272013	20.09172153	99989.34434	0	0
neutron	939.56536	5.125871514	99989.34434	0	0
neutron	939.56536	2.431114002	99989.34434	0	0
F20	18625.26686	0.3488582367	99989.34434	0	0
proton	938.272013	3.019104066	99989.61362	0	0
neutron	939.56536	2.462800307	99989.61362	0	0
P33	30705.30994	0.3768363391	99989.61362	0	0
neutron	939.56536	0.7972139219	99988.76874	0	0
S34	31632.70018	0.1350082701	99988.76874	0	0
neutron	939.56536	7.467227924	99989.19637	0	0
neutron	939.56536	6.622811861	99989.19637	0	0
neutron	939.56536	5.131126196	99989.19637	0	0
S34	31632.70018	0.4201330449	99989.19637	0	0
neutron	939.56536	6.774040689	99989.90024	0	0
neutron	939.56536	0.9144468424	99989.90024	0	0
S33	30704.55199	0.2724676522	99989.90024	0	0
neutron	939.56536	4.099487169	99989.60478	0	0
proton	938.272013	3.626108937	99989.60478	0	0
neutron	939.56536	2.705590415	99989.60478	0	0
F20	18625.26686	0.7347183383	99989.60478	0	0
neutron	939.56536	2.431425753	99989.42346	0	0
S34	31632.70018	0.2172637855	99989.42346	0	0
neutron	939.56536	1.351100911	99990.34852	0	0
S34	31632.70018	0.1681502445	99990.34852	0	0
neutron	939.56536	0.6683991003	99988.98895	0	0
S34	31632.70018	0.1648321401	99988.98895	0	0
neutron	939.56536	4.658724169	99989.04614	0	0
neutron	939.56536	3.555316617	99989.04614	0	0
S35	32565.27968	0.2827272324	99989.04614	0	0
neutron	939.56536	1.387218954	99988.78859	0	0
S34	31632.70018	0.2587435803	99988.78859	0	0
S37	34430.21755	0.1401318984	99989.03943	0	0
neutron	939.56536	41.94976398	99988.79784	0	0
neutron	939.56536	12.97277807	99988.79784	0	0
neutron	939.56536	2.802735768	99988.79784	0	0
alpha	3727.379	4.018176227	99988.79784	0	0
O16	14895.08153	2.093515392	99988.79784	0	0
proton	938.272013	25.49459028	99989.65313	0	0
neutron	939.56536	5.060477505	99989.65313	0	0
neutron	939.56536	1.577383918	99989.65313	0	0
deuteron	1875.613	8.016702382	99989.65313	0	0
Si30	27913.24182	2.829425867	99989.65313	0	0
neutron	939.56536	0.8366120005	99989.60197	0	0
S34	31632.70018	0.2540653503	99989.60197	0	0
proton	938.272013	33.79564251	99989.5165	0	0
neutron	939.56536	5.998709265	99989.5165	0	0
neutron	939.56536	3.197355985	99989.5165	0	0
P32	29775.84838	0.3817956439	99989.5165	0	0
neutron	939.56536	0.07956380393	99989.02635	0	0
S34	31632.70018	0.1327598553	99989.02635	0	0
Ne23	21414.10216	0.2296525207	99989.62478	0	0
neutron	939.56536	1.469807516	99989.48889	0	0
S34	31632.70018	0.04592082811	99989.48889	0	0
neutron	939.56536	1.707739633	99988.77675	0	0
Ne22	20479.73746	0.2704481901	99988.77675	0	0
neutron	939.56536	67.25409528	99988.98013	0	0
alpha	3727.379	8.25571616	99988.98013	0	0
Si30	27913.24182	1.919456023	99988.98013	0	0
neutron	939.56536	1.037863541	99988.98195	0	0
S34	31632.70018	0.1169016268	99988.98195	0	0
neutron	939.56536	1.735773783	99989.19327	0	0
Ne22	20479.73746	0.09998983762	99989.19327	0	0
Ne23	21414.10216	0.2337187795	99989.43486	0	0
neutron	939.56536	6.263532223	99989.03575	0	0
neutron	939.56536	4.565425151	99989.03575	0	0
neutron	939.56536	4.207531323	99989.03575	0	0
neutron	939.56536	2.160803279	99989.03575	0	0
S33	30704.55199	0.3168969079	99989.03575	0	0
neutron	939.56536	44.49437882	99988.82623	0	0
neutron	939.56536	27.88310107	99988.82623	0	0
neutron	939.56536	0.8863597037	99988.82623	0	0
S34	31632.70018	0.1289857474	99988.82623	0	0
neutron	939.56536	1.680159116	99988.51058	0	0
S34	31632.70018	0.1942209983	99988.51058	0	0
neutron	939.56536	0.9559857357	99989.15262	0	0
Ne22	20479.73746	0.3113796011	99989.15262	0	0
neutron	939.56536	3.984131933	99989.32183	0	0
neutron	939.56536	2.661852482	99989.32183	0	0
neutron	939.56536	0.2028935639	99989.32183	0	0
Ne20	18617.73218	0.5235688141	99989.32183	0	0
proton	938.272013	24.3418069	99990.34382	0	0
neutron	939.56536	3.240313622	99990.34382	0	0
F21	19556.73074	1.553156056	99990.34382	0	0
neutron	939.56536	0.6354749523	99988.81467	0	0
S34	31632.70018	0.2415837784	99988.81467	0	0
neutron	939.56536	7.158105771	99989.07798	0	0
neutron	939.56536	4.940199053	99989.07798	0	0
neutron	939.56536	2.04580203	99989.07798	0	0
S32	29773.62828	0.7091370607	99989.07798	0	0
S35	32565.27968	0.1512437836	99989.11423	0	0
neutron	939.56536	0.6314392157	99988.49033	0	0
S34	31632.70018	0.09607641607	99988.49033	0	0
neutron	939.56536	0.1571609405	99989.70989	0	0
S34	31632.70018	0.2076571986	99989.70989	0	0
neutron	939.56536	0.1880034478	99990.03376	0	0
S34	31632.70018	0.1064875925	99990.03376	0	0
neutron	939.56536	5.507924682	99989.0786	0	0
neutron	939.56536	5.22291244	99989.0786	0	0
neutron	939.56536	0.9917700892	99989.0786	0	0
neutron	939.56536	0.4831178201	99989.0786	0	0
S33	30704.55199	0.6424290787	99989.0786	0	0
neutron	939.56536	12.44668894	99988.89863	0	0
neutron	939.56536	5.949617964	99988.89863	0	0
proton	938.272013	3.499291012	99988.89863	0	0
neutron	939.56536	3.106961912	99988.89863	0	0
neutron	939.56536	0.9487867492	99988.89863	0	0
P32	29775.84838	1.014311755	99988.89863	0	0
S35	32565.27968	0.1513140052	99990.38718	0	0
S35	32565.27968	0.1410676061	99988.68894	0	0
S35	32565.27968	0.1301737623	99988.88883	0	0
neutron	939.56536	15.24326044	99988.62291	0	0
neutron	939.56536	13.64264586	99988.62291	0	0
neutron	939.56536	3.802639214	99988.62291	0	0
S32	29773.62828	0.4146070277	99988.62291	0	0
neutron	939.56536	1.433397525	99989.27398	0	0
S34	31632.70018	0.2501628177	99989.27398	0	0
neutron	939.56536	0.9203787866	99989.58825	0	0
S34	31632.70018	0.2539665778	99989.58825	0	0
S35	32565.27968	0.1575531517	99989.06045	0	0
S35	32565.27968	0.1370356335	99989.72481	0	0
S35	32565.27968	0.1436143292	99989.41423	0	0
proton	938.272013	10.13895859	99988.80535	0	0
neutron	939.56536	9.298563495	99988.80535	0	0
neutron	939.56536	4.884311541	99988.80535	0	0
proton	938.272013	4.867963129	99988.80535	0	0
neutron	939.56536	2.014736263	99988.80535	0	0
Si30	27913.24182	0.2293844024	99988.80535	0	0
neutron	939.56536	0.3443701082	99989.20633	0	0
S34	31632.70018	0.1902595618	99989.20633	0	0
neutron	939.56536	22.39387427	99988.48113	0	0
neutron	939.56536	7.044161101	99988.48113	0	0
proton	938.272013	5.483038016	99988.48113	0	0
deuteron	1875.613	7.660521783	99988.48113	0	0
Si30	27913.24182	0.9954829782	99988.48113	0	0
Ne23	21414.10216	0.235117584	99988.81984	0	0
neutron	939.56536	0.5641050323	99989.38892	0	0
S36	33494.9558	0.1089031344	99989.38892	0	0
neutron	939.56536	0.7379070119	99988.82414	0	0
S34	31632.70018	0.2091557429	99988.82414	0	0
neutron	939.56536	1.53547724	99988.83057	0	0
S36	33494.9558	0.3176009024	99988.83057	0	0
proton	938.272013	17.25404232	99988.82646	0	0
neutron	939.56536	10.89977901	99988.82646	0	0
neutron	939.56536	1.948427688	99988.82646	0	0
F20	18625.26686	0.663885341	99988.82646	0	0
S35	32565.27968	0.1477906693	99988.77916	0	0
neutron	939.56536	9.681997697	99989.34653	0	0
proton	938.272013	9.424468397	99989.34653	0	0
neutron	939.56536	6.692700198	99989.34653	0	0
proton	938.272013	3.19165928	99989.34653	0	0
neutron	939.56536	1.754824667	99989.34653	0	0
Si30	27913.24182	0.5216589252	99989.34653	0	0
neutron	939.56536	0.4865327761	99989.04979	0	0
S34	31632.70018	0.1615553402	99989.04979	0	0
Ne23	21414.10216	0.2306703418	99988.86919	0	0
neutron	939.56536	0.6637299406	99988.75482	0	0
Ne22	20479.73746	0.2354071491	99988.75482	0	0
proton	938.272013	12.92007834	99989.97831	0	0
proton	938.272013	2.974536129	99989.97831	0	0
neutron	939.56536	0.3889583599	99989.97831	0	0
Si32	29776.58515	0.1310976289	99989.97831	0	0
S35	32565.27968	0.1615028674	99989.27068	0	0
S35	32565.27968	0.1657577646	99989.30601	0	0
neutron	939.56536	1.225057487	99988.61976	0	0
S34	31632.70018	0.1383313941	99988.61976	0	0
neutron	939.56536	1.051650493	99989.27698	0	0
S36	33494.9558	0.1830420212	99989.27698	0	0
neutron	939.56536	0.9527324187	99989.65899	0	0
S34	31632.70018	0.2074246487	99989.65899	0	0
neutron	939.56536	1.820151203	99989.02557	0	0
S34	31632.70018	0.06084599119	99989.02557	0	0
neutron	939.56536	0.2896903065	99989.16233	0	0
Ne22	20479.73746	0.2665203616	99989.16233	0	0
neutron	939.56536	1.099222658	99989.69877	0	0
S34	31632.70018	0.07418176902	99989.69877	0	0
neutron	939.56536	0.2154739679	99989.17221	0	0
S36	33494.9558	0.1234031825	99989.17221	0	0
neutron	939.56536	2.351874404	99988.78442	0	0
Ne22	20479.73746	0.1123119835	99988.78442	0	0
Ne23	21414.10216	0.2209565812	99989.1071	0	0
neutron	939.56536	6.217128281	99989.44463	0	0
neutron	939.56536	4.086758109	99989.44463	0	0
neutron	939.56536	2.130207357	99989.44463	0	0
alpha	3727.379	5.189504983	99989.44463	0	0
O16	14895.08153	0.7940091009	99989.44463	0	0
neutron	939.56536	6.529052231	99989.17958	0	0
S34	31632.70018	0.08458860621	99989.17958	0	0
neutron	939.56536	1.176332641	99989.12743	0	0
neutron	939.56536	0.1301519031	99989.12743	0	0
S33	30704.55199	0.2730956929	99989.12743	0	0
Ne23	21414.10216	0.2206810745	99989.73318	0	0
proton	938.272013	14.44899511	99988.74789	0	0
neutron	939.56536	9.478624473	99988.74789	0	0
neutron	939.56536	3.52752713	99988.74789	0	0
neutron	939.56536	1.530500109	99988.74789	0	0
F19	17692.30285	1.391229204	99988.74789	0	0
neutron	939.56536	0.1845037354	99989.25172	0	0
S36	33494.9558	0.09000547867	99989.25172	0	0
neutron	939.56536	16.63268949	99989.22982	0	0
neutron	939.56536	3.410110931	99989.22982	0	0
neutron	939.56536	3.312398992	99989.22982	0	0
neutron	939.56536	1.95018979	99989.22982	0	0
S33	30704.55199	0.03743312763	99989.22982	0	0
Ne23	21414.10216	0.2178855884	99988.95766	0	0
S35	32565.27968	0.1575316316	99990.0899	0	0
neutron	939.56536	8.463779909	99989.22783	0	0
neutron	939.56536	4.910589773	99989.22783	0	0
neutron	939.56536	2.015956347	99989.22783	0	0
Ne20	18617.73218	0.09332045348	99989.22783	0	0
Ne23	21414.10216	0.2306377572	99989.29025	0	0
neutron	939.56536	3.158901477	99989.07046	0	0
S34	31632.70018	0.324118556	99989.07046	0	0
neutron	939.56536	7.110262593	99988.66867	0	0
neutron	939.56536	4.760087567	99988.66867	0	0
neutron	939.56536	3.119408191	99988.66867	0	0
neutron	939.56536	1.81912063	99988.66867	0	0
proton	938.272013	1.804379782	99988.66867	0	0
alpha	3727.379	14.76644813	99988.66867	0	0
N14	13040.20433	1.748120328	99988.66867	0	0
neutron	939.56536	7.848940647	99989.04787	0	0
neutron	939.56536	4.191238562	99989.04787	0	0
neutron	939.56536	2.811333523	99989.04787	0	0
S32	29773.62828	0.9788676148	99989.04787	0	0
proton	938.272013	9.698144657	99989.59761	0	0
P36	33505.87834	0.3399846496	99989.59761	0	0
S35	32565.27968	0.1621416258	99989.38529	0	0
neutron	939.56536	11.88499157	99989.00834	0	0
neutron	939.56536	8.750022703	99989.00834	0	0
neutron	939.56536	4.7337703	99989.00834	0	0
alpha	3727.379	6.900390825	99989.00834	0	0
O16	14895.08153	1.305428757	99989.00834	0	0
S35	32565.27968	0.1392106524	99989.29985	0	0
S35	32565.27968	0.1407930384	99988.87048	0	0
neutron	939.56536	0.2885290392	99988.64698	0	0
Ne22	20479.73746	0.135998656	99988.64698	0	0
neutron	939.56536	13.91701338	99990.15998	0	0
neutron	939.56536	3.01200964	99990.15998	0	0
neutron	939.56536	1.921004974	99990.15998	0	0
S34	31632.70018	0.5098573524	99990.15998	0	0
neutron	939.56536	5.623402007	99989.39299	0	0
proton	938.272013	5.245459843	99989.39299	0	0
neutron	939.56536	4.338624211	99989.39299	0	0
neutron	939.56536	0.9338221923	99989.39299	0	0
P31	28844.21869	0.3515797254	99989.39299	0	0
S35	32565.27968	0.1614002504	99988.94764	0	0
neutron	939.56536	24.51618821	99988.9255	0	0
neutron	939.56536	10.12494341	99988.9255	0	0
neutron	939.56536	2.370336707	99988.9255	0	0
S34	31632.70018	0.320804813	99988.9255	0	0
neutron	939.56536	9.376094536	99989.36841	0	0
neutron	939.56536	1.885769229	99989.36841	0	0
Ne21	19550.53637	0.2852067968	99989.36841	0	0
proton	938.272013	9.345518649	99988.68396	0	0
neutron	939.56536	2.652967648	99988.68396	0	0
P33	30705.30994	0.2272592825	99988.68396	0	0
neutron	939.56536	0.3320657704	99989.11406	0	0
S34	31632.70018	0.08998401248	99989.11406	0	0
S35	32565.27968	0.1481260365	99989.89263	0	0
neutron	939.56536	0.5030599486	99989.24533	0	0
S34	31632.70018	0.1627341422	99989.24533	0	0
neutron	939.56536	3.848298671	99989.70628	0	0
neutron	939.56536	3.670065269	99989.70628	0	0
neutron	939.56536	0.1569640352	99989.70628	0	0
S34	31632.70018	0.3272203593	99989.70628	0	0
neutron	939.56536	0.06495951176	99988.61114	0	0
S34	31632.70018	0.1377752301	99988.61114	0	0
neutron	939.56536	1.437198779	99988.56105	0	0
Ne22	20479.73746	0.1259042608	99988.56105	0	0
neutron	939.56536	0.5330175993	99989.11122	0	0
Ne22	20479.73746	0.2562138527	99989.11122	0	0
proton	938.272013	8.275690533	99988.69566	0	0
neutron	939.56536	4.384969888	99988.69566	0	0
P33	30705.30994	0.3616421877	99988.69566	0	0
Ne23	21414.10216	0.2332832371	99989.62794	0	0
Ne23	21414.10216	0.2248577939	99989.14856	0	0
neutron	939.56536	1.545538061	99989.18811	0	0
S34	31632.70018	0.2387352243	99989.18811	0	0
neutron	939.56536	0.2657572464	99988.9863	0	0
Ne22	20479.73746	0.2998631687	99988.9863	0	0
S35	32565.27968	0.1331462497	99989.60934	0	0
neutron	939.56536	26.40793945	99988.91026	0	0
proton	938.272013	8.851376445	99988.91026	0	0
neutron	939.56536	8.356053013	99988.91026	0	0
proton	938.272013	2.245444466	99988.91026	0	0
neutron	939.56536	1.171227089	99988.91026	0	0
Si30	27913.24182	2.372862076	99988.91026	0	0
neutron	939.56536	0.7475243412	99988.92965	0	0
S34	31632.70018	0.1554040153	99988.92965	0	0
S37	34430.21755	0.1363146112	99989.11073	0	0
neutron	939.56536	0.7553111563	99989.06961	0	0
Ne22	20479.73746	0.3723104997	99989.06961	0	0
neutron	939.56536	0.2332009714	99989.36479	0	0
S34	31632.70018	0.122067347	99989.36479	0	0
neutron	939.56536	2.129274177	99988.97495	0	0
Ne22	20479.73746	0.5057135983	99988.97495	0	0
neutron	939.56536	0.6271474966	99988.81469	0	0
S34	31632.70018	0.1369906905	99988.81469	0	0
Ne23	21414.10216	0.2303560015	99989.32193	0	0
neutron	939.56536	0.2165799107	99989.27763	0	0
S34	31632.70018	0.1568413385	99989.27763	0	0
neutron	939.56536	1.731341723	99989.18814	0	0
S34	31632.70018	0.2461742678	99989.18814	0	0
neutron	939.56536	39.75320038	99989.12463	0	0
neutron	939.56536	0.4962362864	99989.12463	0	0
Ne21	19550.53637	1.265319367	99989.12463	0	0
proton	938.272013	22.13372104	99989.64986	0	0
neutron	939.56536	9.765950894	99989.64986	0	0
proton	938.272013	4.213240067	99989.64986	0	0
neutron	939.56536	3.075088786	99989.64986	0	0
neutron	939.56536	2.592022458	99989.64986	0	0
neutron	939.56536	0.6640235159	99989.64986	0	0
O17	15830.5038	0.4897115877	99989.64986	0	0
neutron	939.56536	13.43967939	99990.04824	0	0
neutron	939.56536	2.602483955	99990.04824	0	0
neutron	939.56536	1.767767575	99990.04824	0	0
Ne20	18617.73218	1.122236093	99990.04824	0	0
neutron	939.56536	1.764544794	99989.09464	0	0
S34	31632.70018	0.08259506833	99989.09464	0	0
Ne23	21414.10216	0.2318889121	99989.43453	0	0
Ne23	21414.10216	0.2167912395	99990.04652	0	0
S35	32565.27968	0.1588162999	99988.74541	0	0
neutron	939.56536	1.040854316	99989.01719	0	0
S34	31632.70018	0.1743834367	99989.01719	0	0
neutron	939.56536	2.532140602	99989.68208	0	0
neutron	939.56536	2.157948662	99989.68208	0	0
S33	30704.55199	0.1256492683	99989.68208	0	0
neutron	939.56536	0.7960560229	99989.37872	0	0
S34	31632.70018	0.06129359734	99989.37872	0	0
neutron	939.56536	2.233665061	99989.08617	0	0
S34	31632.70018	0.3071026791	99989.08617	0	0
neutron	939.56536	0.2178953308	99989.27434	0	0
S36	33494.9558	0.0913210316	99989.27434	0	0
neutron	939.56536	3.666782388	99988.49797	0	0
Ne22	20479.73746	0.0203039489	99988.49797	0	0
Ne23	21414.10216	0.2246785437	99988.68352	0	0
neutron	939.56536	1.923366411	99989.24334	0	0
Ne22	20479.73746	0.4020473503	99989.24334	0	0
neutron	939.56536	0.7431038402	99989.50323	0	0
S34	31632.70018	0.1847065212	99989.50323	0	0
neutron	939.56536	6.602048661	99989.24066	0	0
neutron	939.56536	2.747465034	99989.24066	0	0
neutron	939.56536	2.033972084	99989.24066	0	0
neutron	939.56536	1.978268594	99989.24066	0	0
S33	30704.55199	0.0785724778	99989.24066	0	0
neutron	939.56536	11.71014853	99989.23805	0	0
neutron	939.56536	3.646392215	99989.23805	0	0
neutron	939.56536	2.526902099	99989.23805	0	0
Ne20	18617.73218	1.354964312	99989.23805	0	0
neutron	939.56536	9.565596965	99988.9126	0	0
neutron	939.56536	1.437309603	99988.9126	0	0
Ne21	19550.53637	0.6456766039	99988.9126	0	0
proton	938.272013	22.75999521	99988.75248	0	0
neutron	939.56536	10.99858276	99988.75248	0	0
neutron	939.56536	4.72555254	99988.75248	0	0
P32	29775.84838	0.334434301	99988.75248	0	0
Ne23	21414.10216	0.2150754129	99988.77219	0	0
Ne23	21414.10216	0.2132924936	99989.14947	0	0
neutron	939.56536	16.26130162	99989.26066	0	0
proton	938.272013	6.155468479	99989.26066	0	0
F21	19556.73074	1.326402274	99989.26066	0	0
neutron	939.56536	20.91534647	99989.03293	0	0
proton	938.272013	4.792321328	99989.03293	0	0
neutron	939.56536	3.724876941	99989.03293	0	0
neutron	939.56536	2.296662855	99989.03293	0	0
P31	28844.21869	1.576681181	99989.03293	0	0
neutron	939.56536	1.726951287	99989.05879	0	0
S34	31632.70018	0.02541102417	99989.05879	0	0
neutron	939.56536	0.975247148	99988.95319	0	0
S34	31632.70018	0.08132003179	99988.95319	0	0
Ne23	21414.10216	0.2114123045	99989.19199	0	0
proton	938.272013	21.48539128	99988.46028	0	0
neutron	939.56536	11.2003445	99988.46028	0	0
proton	938.272013	7.662197042	99988.46028	0	0
neutron	939.56536	7.571296295	99988.46028	0	0
neutron	939.56536	1.002914694	99988.46028	0	0
Si30	27913.24182	1.11926729	99988.46028	0	0
neutron	939.56536	0.2074933147	99989.09958	0	0
Ne22	20479.73746	0.2948936362	99989.09958	0	0
neutron	939.56536	0.5688294767	99989.83465	0	0
S34	31632.70018	0.1505497078	99989.83465	0	0
neutron	939.56536	0.3715808491	99989.6386	0	0
S34	31632.70018	0.09915538832	99989.6386	0	0
neutron	939.56536	23.54592674	99988.97607	0	0
neutron	939.56536	10.60852092	99988.97607	0	0
proton	938.272013	5.85973171	99988.97607	0	0
neutron	939.56536	4.369755954	99988.97607	0	0
proton	938.272013	2.920327562	99988.97607	0	0
Si30	27913.24182	0.8873390248	99988.97607	0	0
proton	938.272013	18.16556318	99988.95547	0	0
proton	938.272013	7.901872803	99988.95547	0	0
neutron	939.56536	4.528651112	99988.95547	0	0
neutron	939.56536	2.126828265	99988.95547	0	0
neutron	939.56536	1.651079179	99988.95547	0	0
Si30	27913.24182	2.393683584	99988.95547	0	0
Ne23	21414.10216	0.2307998052	99989.27212	0	0
S37	34430.21755	0.1434131208	99989.62264	0	0
neutron	939.56536	5.805206028	99989.57807	0	0
neutron	939.56536	1.340544191	99989.57807	0	0
Ne21	19550.53637	0.4176855717	99989.57807	0	0
neutron	939.56536	1.069656158	99990.04469	0	0
S34	31632.70018	0.2211704421	99990.04469	0	0
neutron	939.56536	0.4465732184	99989.65537	0	0
S34	31632.70018	0.1138708895	99989.65537	0	0
neutron	939.56536	1.191025331	99989.30171	0	0
S34	31632.70018	0.2246418531	99989.30171	0	0
S35	32565.27968	0.1555579525	99988.62924	0	0
neutron	939.56536	0.3701307798	99988.71047	0	0
Ne22	20479.73746	0.1250889621	99988.71047	0	0
neutron	939.56536	0.2291846437	99989.87235	0	0
S34	31632.70018	0.1265601176	99989.87235	0	0
proton	938.272013	42.1594298	99988.65536	0	0
neutron	939.56536	12.54572635	99988.65536	0	0
P33	30705.30994	1.26855529	99988.65536	0	0
neutron	939.56536	0.001140985669	99990.02678	0	0
S34	31632.70018	0.1479796094	99990.02678	0	0
neutron	939.56536	8.526899049	99989.23042	0	0
neutron	939.56536	6.340479092	99989.23042	0	0
proton	938.272013	5.414629697	99989.23042	0	0
neutron	939.56536	4.306135223	99989.23042	0	0
neutron	939.56536	0.5324559972	99989.23042	0	0
P32	29775.84838	0.3487836801	99989.23042	0	0
S35	32565.27968	0.1549058341	99988.96896	0	0
neutron	939.56536	1.101503766	99989.01336	0	0
S34	31632.70018	0.1148014613	99989.01336	0	0
neutron	939.56536	0.5658879885	99989.47831	0	0
S34	31632.70018	0.151845108	99989.47831	0	0
S35	32565.27968	0.1572088379	99989.03881	0	0
neutron	939.56536	5.588617173	99989.30289	0	0
neutron	939.56536	1.582207535	99989.30289	0	0
alpha	3727.379	8.698095579	99989.30289	0	0
Si29	26984.28567	2.191351743	99989.30289	0	0
Ne23	21414.10216	0.2257001956	99989.11566	0	0
neutron	939.56536	5.402394813	99988.74425	0	0
neutron	939.56536	4.711147891	99988.74425	0	0
neutron	939.56536	3.092870199	99988.74425	0	0
S34	31632.70018	0.07231907315	99988.74425	0	0
Ne23	21414.10216	0.2220591122	99989.47062	0	0
neutron	939.56536	1.694341647	99989.1048	0	0
S36	33494.9558	0.1171696389	99989.1048	0	0
S35	32565.27968	0.1622934049	99989.3716	0	0
neutron	939.56536	0.05861685065	99989.50987	0	0
S34	31632.70018	0.1201343454	99989.50987	0	0
proton	938.272013	8.033768424	99988.85627	0	0
neutron	939.56536	4.107119516	99988.85627	0	0
neutron	939.56536	2.499346578	99988.85627	0	0
P32	29775.84838	0.1505484169	99988.85627	0	0
neutron	939.56536	0.5956602453	99988.96567	0	0
S34	31632.70018	0.2123876029	99988.96567	0	0
S35	32565.27968	0.1362172185	99990.31324	0	0
proton	938.272013	32.52416659	99989.09903	0	0
neutron	939.56536	2.1692674	99989.09903	0	0
neutron	939.56536	1.726974134	99989.09903	0	0
neutron	939.56536	0.6539104242	99989.09903	0	0
F19	17692.30285	1.61319358	99989.09903	0	0
neutron	939.56536	1.368468725	99988.81338	0	0
S34	31632.70018	0.05505711425	99988.81338	0	0
S37	34430.21755	0.1350978633	99988.95068	0	0
Ne23	21414.10216	0.231142225	99989.31299	0	0
neutron	939.56536	2.523930152	99989.34695	0	0
S34	31632.70018	0.3046803715	99989.34695	0	0
Ne23	21414.10216	0.2264889276	99989.57527	0	0
proton	938.272013	12.36053138	99988.8083	0	0
neutron	939.56536	6.664572547	99988.8083	0	0
neutron	939.56536	2.320974809	99988.8083	0	0
neutron	939.56536	0.5624899022	99988.8083	0	0
P31	28844.21869	0.9779965557	99988.8083	0	0
neutron	939.56536	8.436227304	99988.85064	0	0
neutron	939.56536	3.298183633	99988.85064	0	0
neutron	939.56536	0.2886178253	99988.85064	0	0
S32	29773.62828	0.2645494636	99988.85064	0	0
neutron	939.56536	1.132219942	99988.52084	0	0
S34	31632.70018	0.1820430453	99988.52084	0	0
neutron	939.56536	0.5818002978	99988.97673	0	0
S36	33494.9558	0.0853177786	99988.97673	0	0
neutron	939.56536	0.9671634014	99988.86236	0	0
S34	31632.70018	0.13029792	99988.86236	0	0
neutron	939.56536	4.246667479	99989.15835	0	0
S34	31632.70018	0.4321867883	99989.15835	0	0
neutron	939.56536	11.87390224	99988.89322	0	0
neutron	939.56536	5.279645742	99988.89322	0	0
neutron	939.56536	0.6703470524	99988.89322	0	0
alpha	3727.379	8.480727621	99988.89322	0	0
O16	14895.08153	4.60558898	99988.89322	0	0
S35	32565.27968	0.1649444972	99989.18929	0	0
Ne23	21414.10216	0.2271211174	99988.56328	0	0
S35	32565.27968	0.1491947733	99989.55402	0	0
neutron	939.56536	3.85372741	99988.9492	0	0
neutron	939.56536	2.511437107	99988.9492	0	0
neutron	939.56536	1.321622875	99988.9492	0	0
alpha	3727.379	4.562499922	99988.9492	0	0
O16	14895.08153	0.6920947251	99988.9492	0	0
S35	32565.27968	0.1577980589	99990.13965	0	0
neutron	939.56536	1.57783221	99988.91313	0	0
Ne22	20479.73746	0.04480629134	99988.91313	0	0
neutron	939.56536	9.29966273	99988.92441	0	0
neutron	939.56536	2.364158677	99988.92441	0	0
neutron	939.56536	1.088700626	99988.92441	0	0
alpha	3727.379	4.341793514	99988.92441	0	0
O16	14895.08153	2.55393922	99988.92441	0	0
neutron	939.56536	10.11273871	99989.12234	0	0
proton	938.272013	8.881552137	99989.12234	0	0
neutron	939.56536	0.5245981278	99989.12234	0	0
F20	18625.26686	2.048661428	99989.12234	0	0
neutron	939.56536	0.07148718726	99990.01451	0	0
Ne22	20479.73746	0.2020530941	99990.01451	0	0
neutron	939.56536	4.202624978	99989.37958	0	0
neutron	939.56536	3.660499185	99989.37958	0	0
proton	938.272013	2.345608115	99989.37958	0	0
neutron	939.56536	0.611457692	99989.37958	0	0
P31	28844.21869	0.6653351088	99989.37958	0	0
Ne23	21414.10216	0.215959225	99989.56655	0	0
Ne23	21414.10216	0.228485436	99989.88651	0	0
proton	938.272013	7.796389016	99989.44765	0	0
neutron	939.56536	5.476643835	99989.44765	0	0
neutron	939.56536	2.102227045	99989.44765	0	0
P32	29775.84838	0.4326500047	99989.44765	0	0
S35	32565.27968	0.1588990839	99989.55978	0	0
neutron	939.56536	1.252202349	99989.75308	0	0
S34	31632.70018	0.2713848599	99989.75308	0	0
neutron	939.56536	7.304719065	99989.18399	0	0
proton	938.272013	3.852310949	99989.18399	0	0
proton	938.272013	2.99757807	99989.18399	0	0
neutron	939.56536	2.8132896	99989.18399	0	0
neutron	939.56536	2.541956562	99989.18399	0	0
neutron	939.56536	1.822059572	99989.18399	0	0
neutron	939.56536	0.826023108	99989.18399	0	0
Si30	27913.24182	0.4968871518	99989.18399	0	0
proton	938.272013	17.26750439	99989.51395	0	0
proton	938.272013	9.925872818	99989.51395	0	0
neutron	939.56536	3.273076064	99989.51395	0	0
neutron	939.56536	2.711515536	99989.51395	0	0
neutron	939.56536	2.061615855	99989.51395	0	0
Si30	27913.24182	0.3439064408	99989.51395	0	0
Ne23	21414.10216	0.2335562143	99988.9882	0	0
S37	34430.21755	0.1337069792	99989.27057	0	0
neutron	939.56536	0.1471263891	99989.73174	0	0
S34	31632.70018	0.1352051361	99989.73174	0	0
neutron	939.56536	0.5407075496	99989.60314	0	0
S36	33494.9558	0.1841670093	99989.60314	0	0
Ne23	21414.10216	0.2110817685	99989.40898	0	0
neutron	939.56536	0.1318578004	99989.31058	0	0
Ne22	20479.73746	0.1679367465	99989.31058	0	0
neutron	939.56536	3.294154292	99988.95634	0	0
S36	33494.9558	0.1288321034	99988.95634	0	0
proton	938.272013	6.977810328	99989.81717	0	0
neutron	939.56536	5.930818877	99989.81717	0	0
proton	938.272013	4.261148992	99989.81717	0	0
neutron	939.56536	2.525872125	99989.81717	0	0
Si31	28846.21977	0.5800820662	99989.81717	0	0
Ne23	21414.10216	0.2168344353	99988.88688	0	0
neutron	939.56536	1.025890474	99990.13811	0	0
S34	31632.70018	0.2541106355	99990.13811	0	0
neutron	939.56536	0.4697744212	99989.37696	0	0
S34	31632.70018	0.2053819357	99989.37696	0	0
S35	32565.27968	0.1530253635	99988.64254	0	0
neutron	939.56536	10.66754783	99989.83294	0	0
neutron	939.56536	4.600417424	99989.83294	0	0
Ne21	19550.53637	1.021544022	99989.83294	0	0
neutron	939.56536	2.318351257	99989.37701	0	0
S34	31632.70018	0.315006907	99989.37701	0	0
neutron	939.56536	0.9256040951	99989.95368	0	0
S34	31632.70018	0.06078067649	99989.95368	0	0
neutron	939.56536	0.3035445243	99988.95419	0	0
S34	31632.70018	0.1261514834	99988.95419	0	0
neutron	939.56536	1.369096157	99989.85216	0	0
Ne22	20479.73746	0.2519855492	99989.85216	0	0
neutron	939.56536	4.791432595	99990.06467	0	0
neutron	939.56536	1.838179747	99990.06467	0	0
neutron	939.56536	0.06300559513	99990.06467	0	0
alpha	3727.379	10.19985558	99990.06467	0	0
Si30	27913.24182	1.163773558	99990.06467	0	0
Ne23	21414.10216	0.2291418022	99989.19265	0	0
neutron	939.56536	15.3214668	99988.99893	0	0
neutron	939.56536	2.325468767	99988.99893	0	0
neutron	939.56536	2.311448708	99988.99893	0	0
S34	31632.70018	0.2068859739	99988.99893	0	0
neutron	939.56536	6.885115674	99988.91088	0	0
neutron	939.56536	1.267767877	99988.91088	0	0
neutron	939.56536	0.7022058079	99988.91088	0	0
Ne20	18617.73218	0.3039774163	99988.91088	0	0
neutron	939.56536	0.05691304543	99989.23	0	0
S36	33494.9558	0.164238554	99989.23	0	0
Ne23	21414.10216	0.2322598749	99988.91679	0	0
Ne23	21414.10216	0.226110152	99988.78131	0	0
neutron	939.56536	0.5628704281	99988.79295	0	0
Ne22	20479.73746	0.2993027954	99988.79295	0	0
neutron	939.56536	0.6050631844	99988.94119	0	0
Ne22	20479.73746	0.1878828492	99988.94119	0	0
S35	32565.27968	0.1644583479	99989.51159	0	0
neutron	939.56536	21.01254132	99988.62505	0	0
neutron	939.56536	4.838153584	99988.62505	0	0
neutron	939.56536	1.213980319	99988.62505	0	0
Ne20	18617.73218	1.756479656	99988.62505	0	0
neutron	939.56536	1.683402739	99989.22601	0	0
S34	31632.70018	0.1142385628	99989.22601	0	0
neutron	939.56536	16.67374541	99988.55272	0	0
proton	938.272013	5.145606554	99988.55272	0	0
neutron	939.56536	5.113852779	99988.55272	0	0
neutron	939.56536	4.213680488	99988.55272	0	0
deuteron	1875.613	5.731254907	99988.55272	0	0
Si29	26984.28567	2.007423828	99988.55272	0	0
neutron	939.56536	1.108797367	99989.2998	0	0
S36	33494.9558	0.073280384	99989.2998	0	0
neutron	939.56536	0.5940093869	99989.73606	0	0
S34	31632.70018	0.09822211253	99989.73606	0	0
neutron	939.56536	12.8480515	99989.6729	0	0
neutron	939.56536	6.174952652	99989.6729	0	0
neutron	939.56536	1.14604295	99989.6729	0	0
Ne20	18617.73218	0.3644878869	99989.6729	0	0
neutron	939.56536	2.579613924	99988.98242	0	0
Ne22	20479.73746	0.08980053285	99988.98242	0	0
neutron	939.56536	9.56528452	99988.84686	0	0
proton	938.272013	3.160364547	99988.84686	0	0
neutron	939.56536	0.6276841187	99988.84686	0	0
P32	29775.84838	1.072331778	99988.84686	0	0
neutron	939.56536	9.023610488	99988.44195	0	0
proton	938.272013	3.431655166	99988.44195	0	0
neutron	939.56536	0.4001516426	99988.44195	0	0
triton	2808.921	8.042662358	99988.44195	0	0
O17	15830.5038	0.1028773533	99988.44195	0	0
neutron	939.56536	10.22863488	99989.44523	0	0
neutron	939.56536	5.493505189	99989.44523	0	0
neutron	939.56536	4.858980652	99989.44523	0	0
neutron	939.56536	3.371446419	99989.44523	0	0
neutron	939.56536	0.6773482113	99989.44523	0	0
S32	29773.62828	0.3300987551	99989.44523	0	0
Ne23	21414.10216	0.2264935761	99989.02987	0	0
neutron	939.56536	5.600597239	99989.77277	0	0
proton	938.272013	4.931747586	99989.77277	0	0
neutron	939.56536	3.661716544	99989.77277	0	0
neutron	939.56536	1.142774457	99989.77277	0	0
F19	17692.30285	0.5876629482	99989.77277	0	0
neutron	939.56536	0.8275819448	99989.4683	0	0
S34	31632.70018	0.08336779789	99989.4683	0	0
S37	34430.21755	0.1405025788	99989.15433	0	0
neutron	939.56536	1.512879081	99988.95107	0	0
neutron	939.56536	1.267971505	99988.95107	0	0
S33	30704.55199	0.2200219864	99988.95107	0	0
S35	32565.27968	0.1581929114	99988.87874	0	0
neutron	939.56536	0.5414657436	99989.41098	0	0
S36	33494.9558	0.1273521806	99989.41098	0	0
neutron	939.56536	3.597595597	99989.28888	0	0
neutron	939.56536	2.571047962	99989.28888	0	0
neutron	939.56536	1.858608478	99989.28888	0	0
S34	31632.70018	0.2910946674	99989.28888	0	0
neutron	939.56536	1.080565138	99989.89304	0	0
Ne22	20479.73746	0.1740215142	99989.89304	0	0
neutron	939.56536	2.233462693	99989.44374	0	0
S34	31632.70018	0.3257995349	99989.44374	0	0
S35	32565.27968	0.144908227	99989.0911	0	0
Ne23	21414.10216	0.2318504584	99989.39553	0	0
neutron	939.56536	0.6196036873	99990.03182	0	0
S34	31632.70018	0.1802558728	99990.03182	0	0
proton	938.272013	13.25212204	99989.98333	0	0
neutron	939.56536	1.694067442	99989.98333	0	0
neutron	939.56536	1.627998672	99989.98333	0	0
P32	29775.84838	0.3446826709	99989.98333	0	0
proton	938.272013	12.69064566	99989.11304	0	0
neutron	939.56536	5.015960468	99989.11304	0	0
neutron	939.56536	4.662171633	99989.11304	0	0
neutron	939.56536	2.434746658	99989.11304	0	0
neutron	939.56536	0.2604730188	99989.11304	0	0
P32	29775.84838	1.488526431	99989.11304	0	0
Ne23	21414.10216	0.228928172	99988.61393	0	0
neutron	939.56536	1.761153485	99988.90154	0	0
S34	31632.70018	0.1029502692	99988.90154	0	0
neutron	939.56536	0.4423062684	99989.30769	0	0
S36	33494.9558	0.1968637477	99989.30769	0	0
neutron	939.56536	2.168718147	99989.25228	0	0
neutron	939.56536	1.866197036	99989.25228	0	0
Ne21	19550.53637	0.5174764886	99989.25228	0	0
S37	34430.21755	0.1313158287	99988.79901	0	0
neutron	939.56536	9.953932239	99988.68205	0	0
neutron	939.56536	8.315976037	99988.68205	0	0
neutron	939.56536	1.747547917	99988.68205	0	0
alpha	3727.379	6.10918815	99988.68205	0	0
O16	14895.08153	1.717545925	99988.68205	0	0
neutron	939.56536	0.5162426909	99989.15705	0	0
S36	33494.9558	0.1249288322	99989.15705	0	0
neutron	939.56536	1.208666097	99989.79698	0	0
Ne22	20479.73746	0.4265869927	99989.79698	0	0
neutron	939.56536	7.679984765	99989.00484	0	0
neutron	939.56536	2.353615103	99989.00484	0	0
S33	30704.55199	0.7215151483	99989.00484	0	0
neutron	939.56536	10.86316322	99989.85597	0	0
neutron	939.56536	5.325617974	99989.85597	0	0
neutron	939.56536	3.438007461	99989.85597	0	0
S32	29773.62828	0.6515858668	99989.85597	0	0
neutron	939.56536	0.2566365567	99989.12057	0	0
S34	31632.70018	0.1545261001	99989.12057	0	0
neutron	939.56536	2.786573993	99988.68665	0	0
neutron	939.56536	1.031298867	99988.68665	0	0
Ne21	19550.53637	0.2925599611	99988.68665	0	0
neutron	939.56536	16.71577948	99989.02972	0	0
neutron	939.56536	3.516601274	99989.02972	0	0
neutron	939.56536	0.4698147424	99989.02972	0	0
S34	31632.70018	1.000698241	99989.02972	0	0
neutron	939.56536	24.09984887	99988.50993	0	0
neutron	939.56536	3.040778123	99988.50993	0	0
neutron	939.56536	0.6796314657	99988.50993	0	0
Ne20	18617.73218	0.7511294662	99988.50993	0	0
neutron	939.56536	5.15604615	99989.54387	0	0
neutron	939.56536	3.465468307	99989.54387	0	0
neutron	939.56536	2.403011375	99989.54387	0	0
proton	938.272013	1.966449058	99989.54387	0	0
neutron	939.56536	1.063953695	99989.54387	0	0
deuteron	1875.613	5.907395566	99989.54387	0	0
O16	14895.08153	0.6661017368	99989.54387	0	0
neutron	939.56536	1.077499563	99989.67303	0	0
S34	31632.70018	0.08536492324	99989.67303	0	0
S35	32565.27968	0.1569332858	99989.577	0	0
neutron	939.56536	31.14181907	99989.22132	0	0
neutron	939.56536	4.155647513	99989.22132	0	0
neutron	939.56536	2.503091343	99989.22132	0	0
S32	29773.62828	1.178052214	99989.22132	0	0
neutron	939.56536	0.4523929931	99988.73852	0	0
Ne22	20479.73746	0.2375974071	99988.73852	0	0
neutron	939.56536	27.23462955	99988.45423	0	0
neutron	939.56536	10.03200196	99988.45423	0	0
neutron	939.56536	4.014136708	99988.45423	0	0
S34	31632.70018	1.623382653	99988.45423	0	0
Ne23	21414.10216	0.2142532067	99988.93487	0	0
neutron	939.56536	5.374346123	99989.05921	0	0
neutron	939.56536	3.768505981	99989.05921	0	0
proton	938.272013	3.621742775	99989.05921	0	0
neutron	939.56536	3.353718593	99989.05921	0	0
P31	28844.21869	0.8206439779	99989.05921	0	0
neutron	939.56536	5.309247242	99989.27272	0	0
neutron	939.56536	2.72588818	99989.27272	0	0
neutron	939.56536	1.075145591	99989.27272	0	0
S34	31632.70018	0.3997585589	99989.27272	0	0
neutron	939.56536	28.8524284	99989.23017	0	0
neutron	939.56536	3.900554236	99989.23017	0	0
neutron	939.56536	3.367379521	99989.23017	0	0
alpha	3727.379	5.197714754	99989.23017	0	0
O16	14895.08153	0.973379276	99989.23017	0	0
neutron	939.56536	0.1498957147	99989.01525	0	0
Ne22	20479.73746	0.2550227134	99989.01525	0	0
neutron	939.56536	0.9302918055	99988.73781	0	0
S34	31632.70018	0.08256305355	99988.73781	0	0
proton	938.272013	40.72972887	99989.26952	0	0
neutron	939.56536	3.272038312	99989.26952	0	0
neutron	939.56536	1.345187812	99989.26952	0	0
neutron	939.56536	0.3265102663	99989.26952	0	0
P31	28844.21869	1.067803033	99989.26952	0	0
neutron	939.56536	0.6898544686	99989.15293	0	0
S34	31632.70018	0.2371135528	99989.15293	0	0
proton	938.272013	10.60839583	99988.58667	0	0
neutron	939.56536	3.442506358	99988.58667	0	0
P33	30705.30994	0.3251361526	99988.58667	0	0
S35	32565.27968	0.1421977481	99989.07868	0	0
Ne23	21414.10216	0.2340610878	99989.45432	0	0
neutron	939.56536	1.663745374	99990.48308	0	0
S36	33494.9558	0.06552375645	99990.48308	0	0
Ne23	21414.10216	0.2218396902	99989.26328	0	0
neutron	939.56536	0.4590287364	99988.80016	0	0
S36	33494.9558	0.1181876216	99988.80016	0	0
neutron	939.56536	1.069371602	99988.84403	0	0
Ne22	20479.73746	0.3688383275	99988.84403	0	0
neutron	939.56536	5.462259546	99988.7987	0	0
proton	938.272013	3.358272462	99988.7987	0	0
neutron	939.56536	2.303266144	99988.7987	0	0
neutron	939.56536	1.923194583	99988.7987	0	0
alpha	3727.379	4.951691631	99988.7987	0	0
N15	13968.93638	0.8217831467	99988.7987	0	0
proton	938.272013	7.298485205	99989.75887	0	0
neutron	939.56536	2.610620136	99989.75887	0	0
P35	32569.77755	0.5717972527	99989.75887	0	0
neutron	939.56536	0.391306083	99988.50619	0	0
Ne22	20479.73746	0.3411633536	99988.50619	0	0
S35	32565.27968	0.1570587628	99989.66775	0	0
neutron	939.56536	1.113194676	99989.23845	0	0
S36	33494.9558	0.1911889275	99989.23845	0	0
S35	32565.27968	0.1458371493	99989.00592	0	0
neutron	939.56536	0.4932392657	99989.34983	0	0
Ne22	20479.73746	0.2400809948	99989.34983	0	0
neutron	939.56536	0.06703773638	99988.54262	0	0
S34	31632.70018	0.169951427	99988.54262	0	0
neutron	939.56536	0.4423163445	99989.32151	0	0
S34	31632.70018	0.1405466515	99989.32151	0	0
neutron	939.56536	3.066342134	99989.17357	0	0
S34	31632.70018	0.03579320938	99989.17357	0	0
neutron	939.56536	24.13810666	99988.81426	0	0
neutron	939.56536	6.955986755	99988.81426	0	0
neutron	939.56536	5.060467683	99988.81426	0	0
Ne20	18617.73218	1.276092886	99988.81426	0	0
neutron	939.56536	0.9493927086	99989.56251	0	0
S34	31632.70018	0.2589020169	99989.56251	0	0
S35	32565.27968	0.1542642917	99989.19581	0	0
S35	32565.27968	0.1559422515	99988.97095	0	0
neutron	939.56536	0.1472482559	99989.39377	0	0
S36	33494.9558	0.122908168	99989.39377	0	0
neutron	939.56536	4.51674308	99990.09322	0	0
neutron	939.56536	1.497993731	99990.09322	0	0
S33	30704.55199	0.2530045979	99990.09322	0	0
neutron	939.56536	0.4710839546	99989.28355	0	0
Ne22	20479.73746	0.2162180191	99989.28355	0	0
neutron	939.56536	0.7234733405	99988.54751	0	0
S34	31632.70018	0.1704227479	99988.54751	0	0
neutron	939.56536	0.7008696565	99988.7453	0	0
Ne22	20479.73746	0.1966555027	99988.7453	0	0
S35	32565.27968	0.1438290494	99989.42827	0	0
neutron	939.56536	7.82643033	99989.18356	0	0
neutron	939.56536	5.588379882	99989.18356	0	0
neutron	939.56536	5.269948087	99989.18356	0	0
alpha	3727.379	4.436970215	99989.18356	0	0
O16	14895.08153	2.345362709	99989.18356	0	0
neutron	939.56536	2.364573197	99989.11216	0	0
neutron	939.56536	1.163057377	99989.11216	0	0
neutron	939.56536	0.8344079429	99989.11216	0	0
alpha	3727.379	7.640179649	99989.11216	0	0
Si28	26053.19393	1.328237979	99989.11216	0	0
neutron	939.56536	5.294377494	99989.37395	0	0
neutron	939.56536	4.811730914	99989.37395	0	0
proton	938.272013	2.890451508	99989.37395	0	0
proton	938.272013	2.159417892	99989.37395	0	0
neutron	939.56536	2.083294496	99989.37395	0	0
O18	16762.02378	0.08270044471	99989.37395	0	0
proton	938.272013	9.058486821	99989.03639	0	0
neutron	939.56536	2.301022531	99989.03639	0	0
neutron	939.56536	0.2257792687	99989.03639	0	0
P32	29775.84838	0.4950633601	99989.03639	0	0
neutron	939.56536	1.410807943	99988.77532	0	0
S34	31632.70018	0.1395679055	99988.77532	0	0
neutron	939.56536	1.005370842	99989.6165	0	0
S34	31632.70018	0.2109170271	99989.6165	0	0
S35	32565.27968	0.1592037667	99989.59555	0	0
proton	938.272013	12.79461485	99988.89116	0	0
neutron	939.56536	2.159173143	99988.89116	0	0
neutron	939.56536	0.2770219699	99988.89116	0	0
P32	29775.84838	0.08979791865	99988.89116	0	0
neutron	939.56536	10.89140114	99989.80053	0	0
neutron	939.56536	5.108346555	99989.80053	0	0
neutron	939.56536	1.835049556	99989.80053	0	0
alpha	3727.379	5.112575965	99989.80053	0	0
O16	14895.08153	1.813030342	99989.80053	0	0
Ne23	21414.10216	0.2234909473	99989.15169	0	0
neutron	939.56536	0.1256849063	99989.47523	0	0
S36	33494.9558	0.1249843417	99989.47523	0	0
neutron	939.56536	0.8192096731	99989.06739	0	0
Ne22	20479.73746	0.1656527011	99989.06739	0	0
neutron	939.56536	24.52605443	99989.68536	0	0
alpha	3727.379	8.619247145	99989.68536	0	0
alpha	3727.379	8.695875823	99989.68536	0	0
C14	13040.87134	1.866394977	99989.68536	0	0
neutron	939.56536	0.7827616934	99989.47928	0	0
S34	31632.70018	0.1800359142	99989.47928	0	0
neutron	939.56536	22.88943338	99989.88926	0	0
neutron	939.56536	3.177469786	99989.88926	0	0
neutron	939.56536	1.917306226	99989.88926	0	0
Ne20	18617.73218	0.8324828131	99989.88926	0	0
neutron	939.56536	1.982891141	99989.1933	0	0
neutron	939.56536	1.357488795	99989.1933	0	0
S35	32565.27968	0.09545729667	99989.1933	0	0
Ne23	21414.10216	0.2346132611	99989.57701	0	0
proton	938.272013	28.76319884	99989.21861	0	0
neutron	939.56536	10.7624276	99989.21861	0	0
neutron	939.56536	1.293634541	99989.21861	0	0
F20	18625.26686	1.897122728	99989.21861	0	0
neutron	939.56536	1.933002818	99989.23257	0	0
S34	31632.70018	0.08633125373	99989.23257	0	0
neutron	939.56536	5.115305538	99989.21827	0	0
proton	938.272013	2.58503896	99989.21827	0	0
neutron	939.56536	2.521584845	99989.21827	0	0
neutron	939.56536	1.8494212	99989.21827	0	0
P31	28844.21869	0.695608887	99989.21827	0	0
neutron	939.56536	0.4092007183	99990.16717	0	0
S34	31632.70018	0.1806592416	99990.16717	0	0
proton	938.272013	3.210899175	99989.35063	0	0
neutron	939.56536	0.6030811565	99989.35063	0	0
neutron	939.56536	0.4872384716	99989.35063	0	0
neutron	939.56536	0.3403961119	99989.35063	0	0
deuteron	1875.613	33.86868714	99989.35063	0	0
Si29	26984.28567	1.354861108	99989.35063	0	0
neutron	939.56536	1.937829535	99989.12081	0	0
S36	33494.9558	0.1674717883	99989.12081	0	0
neutron	939.56536	2.870518513	99989.22251	0	0
neutron	939.56536	2.501678442	99989.22251	0	0
neutron	939.56536	2.482631173	99989.22251	0	0
S32	29773.62828	0.2540327198	99989.22251	0	0
neutron	939.56536	6.509088731	99989.34089	0	0
neutron	939.56536	0.3592140666	99989.34089	0	0
S33	30704.55199	0.3247085002	99989.34089	0	0
proton	938.272013	32.02013346	99988.32999	0	0
proton	938.272013	8.8065262	99988.32999	0	0
neutron	939.56536	3.473008677	99988.32999	0	0
Si32	29776.58515	1.434748899	99988.32999	0	0
neutron	939.56536	4.739626402	99989.33724	0	0
neutron	939.56536	4.092471116	99989.33724	0	0
alpha	3727.379	8.108729327	99989.33724	0	0
Si29	26984.28567	2.219877691	99989.33724	0	0
Ne23	21414.10216	0.2204922106	99988.93118	0	0
proton	938.272013	17.76560254	99989.25464	0	0
neutron	939.56536	0.7226091852	99989.25464	0	0
neutron	939.56536	0.07075333503	99989.25464	0	0
P32	29775.84838	0.3513261681	99989.25464	0	0
proton	938.272013	18.21512794	99989.15129	0	0
neutron	939.56536	4.843001394	99989.15129	0	0
P33	30705.30994	0.3002207612	99989.15129	0	0
neutron	939.56536	9.365649086	99989.11347	0	0
neutron	939.56536	0.9964072977	99989.11347	0	0
S33	30704.55199	0.5874074994	99989.11347	0	0
neutron	939.56536	1.520139662	99988.60623	0	0
S34	31632.70018	0.245224763	99988.60623	0	0
Ne23	21414.10216	0.2310370526	99988.91705	0	0
Ne23	21414.10216	0.2175057941	99989.09529	0	0
neutron	939.56536	0.5617485129	99989.47412	0	0
S36	33494.9558	0.1313124652	99989.47412	0	0
neutron	939.56536	15.53387394	99989.36817	0	0
neutron	939.56536	14.08015256	99989.36817	0	0
neutron	939.56536	5.88038603	99989.36817	0	0
alpha	3727.379	7.508912126	99989.36817	0	0
O16	14895.08153	0.8467572633	99989.36817	0	0
S35	32565.27968	0.1515068005	99989.05014	0	0
Ne23	21414.10216	0.2114397569	99989.57549	0	0
neutron	939.56536	0.394126319	99988.6293	0	0
Ne22	20479.73746	0.265974203	99988.6293	0	0
neutron	939.56536	1.20889772	99988.56865	0	0
S34	31632.70018	0.2414071881	99988.56865	0	0
neutron	939.56536	8.503059234	99988.74797	0	0
neutron	939.56536	0.345078757	99988.74797	0	0
Ne21	19550.53637	0.6343466096	99988.74797	0	0
proton	938.272013	15.39414654	99989.74629	0	0
deuteron	1875.613	5.837056747	99989.74629	0	0
O20	18629.59082	2.343318596	99989.74629	0	0
Ne23	21414.10216	0.2047956989	99989.2899	0	0
S37	34430.21755	0.1306891983	99989.1861	0	0
neutron	939.56536	4.191586518	99988.89919	0	0
neutron	939.56536	1.956757683	99988.89919	0	0
Ne21	19550.53637	0.4375462229	99988.89919	0	0
neutron	939.56536	26.95329261	99989.0522	0	0
neutron	939.56536	18.65865409	99989.0522	0	0
neutron	939.56536	0.7130010496	99989.0522	0	0
Ne20	18617.73218	0.7412013846	99989.0522	0	0
proton	938.272013	27.12690701	99988.75473	0	0
neutron	939.56536	9.241949152	99988.75473	0	0
F21	19556.73074	1.605603814	99988.75473	0	0
neutron	939.56536	9.334453721	99989.28807	0	0
proton	938.272013	2.899913572	99989.28807	0	0
neutron	939.56536	2.578202388	99989.28807	0	0
neutron	939.56536	0.988489742	99989.28807	0	0
P31	28844.21869	0.4990227716	99989.28807	0	0
neutron	939.56536	0.9989095768	99989.75726	0	0
Ne22	20479.73746	0.3464748635	99989.75726	0	0
proton	938.272013	3.807076984	99989.12623	0	0
neutron	939.56536	1.716070238	99989.12623	0	0
neutron	939.56536	0.2446728045	99989.12623	0	0
P32	29775.84838	0.02304618994	99989.12623	0	0
Ne23	21414.10216	0.2222396329	99988.96428	0	0
neutron	939.56536	1.363024406	99988.63577	0	0
S34	31632.70018	0.1930491779	99988.63577	0	0
neutron	939.56536	0.5785607386	99990.24857	0	0
S34	31632.70018	0.116751666	99990.24857	0	0
S35	32565.27968	0.1460435472	99990.26974	0	0
neutron	939.56536	5.766347868	99989.789	0	0
neutron	939.56536	2.362944128	99989.789	0	0
neutron	939.56536	1.666849096	99989.789	0	0
S32	29773.62828	0.149409241	99989.789	0	0
Ne23	21414.10216	0.222361517	99989.29622	0	0
neutron	939.56536	0.4213613189	99989.38596	0	0
S36	33494.9558	0.146820438	99989.38596	0	0
Ne23	21414.10216	0.2324578467	99989.29775	0	0
S35	32565.27968	0.1351431616	99988.84652	0	0
neutron	939.56536	0.5412140003	99989.20237	0	0
Ne22	20479.73746	0.1673418876	99989.20237	0	0
neutron	939.56536	1.474426525	99988.80189	0	0
S34	31632.70018	0.04960710497	99988.80189	0	0
neutron	939.56536	1.35918341	99989.29015	0	0
S34	31632.70018	0.2390041441	99989.29015	0	0
Ne23	21414.10216	0.2055404682	99988.64465	0	0
neutron	939.56536	0.9933517922	99989.27806	0	0
Ne22	20479.73746	0.3420515313	99989.27806	0	0
neutron	939.56536	0.2819611696	99989.81013	0	0
S34	31632.70018	0.2140389552	99989.81013	0	0
neutron	939.56536	0.7024186271	99988.63592	0	0
S34	31632.70018	0.1344589644	99988.63592	0	0
S37	34430.21755	0.1398833533	99989.12208	0	0
Ne23	21414.10216	0.2247581806	99989.98057	0	0
proton	938.272013	15.474802	99989.28165	0	0
neutron	939.56536	1.687914679	99989.28165	0	0
P33	30705.30994	0.8828594899	99989.28165	0	0
neutron	939.56536	11.00668521	99989.26217	0	0
neutron	939.56536	3.830353814	99989.26217	0	0
neutron	939.56536	1.477286784	99989.26217	0	0
Ne20	18617.73218	0.3048848025	99989.26217	0	0
neutron	939.56536	9.770843998	99988.95214	0	0
proton	938.272013	7.781870952	99988.95214	0	0
neutron	939.56536	1.9171134	99988.95214	0	0
neutron	939.56536	0.8319082412	99988.95214	0	0
neutron	939.56536	0.1436778551	99988.95214	0	0
P32	29775.84838	0.1201568663	99988.95214	0	0
proton	938.272013	27.50873139	99989.20353	0	0
proton	938.272013	21.30719245	99989.20353	0	0
neutron	939.56536	2.008265743	99989.20353	0	0
Si32	29776.58515	0.5077613948	99989.20353	0	0
S35	32565.27968	0.1410263246	99989.2489	0	0
neutron	939.56536	11.47461175	99988.80822	0	0
deuteron	1875.613	3.161875461	99988.80822	0	0
deuteron	1875.613	7.653740411	99988.80822	0	0
O18	16762.02378	0.2047382077	99988.80822	0	0
neutron	939.56536	5.780579679	99989.64151	0	0
neutron	939.56536	4.772989018	99989.64151	0	0
Ne21	19550.53637	0.1731559949	99989.64151	0	0
neutron	939.56536	1.583131447	99988.85725	0	0
neutron	939.56536	0.993657355	99988.85725	0	0
neutron	939.56536	0.09434715165	99988.85725	0	0
S34	31632.70018	0.2453027339	99988.85725	0	0
S35	32565.27968	0.1608453186	99989.12903	0	0
neutron	939.56536	0.4054380463	99988.45075	0	0
S34	31632.70018	0.2385199805	99988.45075	0	0
Ne23	21414.10216	0.2248611621	99989.42956	0	0
proton	938.272013	9.724408734	99989.04411	0	0
neutron	939.56536	7.035258506	99989.04411	0	0
proton	938.272013	3.759573896	99989.04411	0	0
neutron	939.56536	2.823044776	99989.04411	0	0
deuteron	1875.613	3.72047871	99989.04411	0	0
Al29	26988.4858	0.1429234845	99989.04411	0	0
neutron	939.56536	0.9676312509	99989.61147	0	0
S34	31632.70018	0.1585797226	99989.61147	0	0
neutron	939.56536	5.595641269	99989.3882	0	0
Ne22	20479.73746	0.4217697088	99989.3882	0	0
neutron	939.56536	6.396122607	99989.03524	0	0
neutron	939.56536	0.4559895157	99989.03524	0	0
neutron	939.56536	0.4473123429	99989.03524	0	0
S34	31632.70018	0.3933185195	99989.03524	0	0
proton	938.272013	3.313142479	99989.64046	0	0
neutron	939.56536	1.644466026	99989.64046	0	0
F21	19556.73074	0.2766767509	99989.64046	0	0
S35	32565.27968	0.1614216122	99988.90871	0	0
neutron	939.56536	0.8554542147	99989.10739	0	0
S34	31632.70018	0.27656858	99989.10739	0	0
neutron	939.56536	1.385058243	99988.67739	0	0
S34	31632.70018	0.2716584047	99988.67739	0	0
neutron	939.56536	0.1924677472	99988.98157	0	0
S34	31632.70018	0.1715697599	99988.98157	0	0
neutron	939.56536	1.486128658	99989.6584	0	0
S34	31632.70018	0.3245205545	99989.6584	0	0
proton	938.272013	3.284813981	99989.11109	0	0
neutron	939.56536	0.2400133694	99989.11109	0	0
P33	30705.30994	0.331484123	99989.11109	0	0
S35	32565.27968	0.1342269636	99989.63223	0	0
neutron	939.56536	1.471532064	99989.2011	0	0
Ne22	20479.73746	0.3854603175	99989.2011	0	0
Ne23	21414.10216	0.2232178185	99990.33756	0	0
neutron	939.56536	17.05893508	99989.70533	0	0
neutron	939.56536	3.823194706	99989.70533	0	0
neutron	939.56536	2.846678454	99989.70533	0	0
S32	29773.62828	1.1909505	99989.70533	0	0
neutron	939.56536	1.424567545	99988.98244	0	0
S34	31632.70018	0.0894408687	99988.98244	0	0
proton	938.272013	20.37417001	99988.57893	0	0
neutron	939.56536	9.143464291	99988.57893	0	0
neutron	939.56536	3.281645539	99988.57893	0	0
neutron	939.56536	2.398385256	99988.57893	0	0
alpha	3727.379	4.705158788	99988.57893	0	0
N15	13968.93638	2.946332188	99988.57893	0	0
neutron	939.56536	1.363381433	99989.22434	0	0
S34	31632.70018	0.1759278643	99989.22434	0	0
neutron	939.56536	5.310868642	99989.33871	0	0
neutron	939.56536	2.473588537	99989.33871	0	0
S33	30704.55199	0.2993399316	99989.33871	0	0
neutron	939.56536	1.779523274	99989.58352	0	0
S34	31632.70018	0.220892972	99989.58352	0	0
neutron	939.56536	20.26716755	99989.29207	0	0
neutron	939.56536	3.815797208	99989.29207	0	0
S33	30704.55199	0.7734781033	99989.29207	0	0
neutron	939.56536	6.816033016	99989.64875	0	0
S36	33494.9558	0.02328895553	99989.64875	0	0
neutron	939.56536	0.4078215219	99989.65464	0	0
S34	31632.70018	0.1234975782	99989.65464	0	0
neutron	939.56536	1.273300591	99989.701	0	0
S34	31632.70018	0.0557706828	99989.701	0	0
neutron	939.56536	2.682549414	99989.14326	0	0
S34	31632.70018	0.4111606031	99989.14326	0	0
neutron	939.56536	1.164728253	99988.89745	0	0
S34	31632.70018	0.1474460818	99988.89745	0	0
neutron	939.56536	1.875020311	99989.18201	0	0
S34	31632.70018	0.2625670822	99989.18201	0	0
Ne23	21414.10216	0.2140034783	99989.21085	0	0
neutron	939.56536	5.448083939	99988.63347	0	0
neutron	939.56536	0.183550139	99988.63347	0	0
S33	30704.55199	0.4545639667	99988.63347	0	0
S35	32565.27968	0.1659666662	99989.058	0	0
S35	32565.27968	0.1611447204	99989.43358	0	0
neutron	939.56536	19.1289106	99988.61896	0	0
neutron	939.56536	5.388527939	99988.61896	0	0
neutron	939.56536	0.1701707247	99988.61896	0	0
Ne20	18617.73218	1.567987119	99988.61896	0	0
proton	938.272013	4.590312687	99988.69341	0	0
neutron	939.56536	2.951726985	99988.69341	0	0
neutron	939.56536	1.059119576	99988.69341	0	0
P34	31638.59261	0.06865476286	99988.69341	0	0
proton	938.272013	38.80541755	99988.96778	0	0
neutron	939.56536	4.100177924	99988.96778	0	0
P33	30705.30994	0.5281566576	99988.96778	0	0
neutron	939.56536	17.85539725	99989.2077	0	0
neutron	939.56536	3.649960037	99989.2077	0	0
neutron	939.56536	0.6279521409	99989.2077	0	0
S32	29773.62828	0.6270356185	99989.2077	0	0
neutron	939.56536	1.612285351	99989.32147	0	0
neutron	939.56536	0.5574573154	99989.32147	0	0
S33	30704.55199	0.3860849618	99989.32147	0	0
neutron	939.56536	6.065197366	99988.95807	0	0
S34	31632.70018	0.02764950945	99988.95807	0	0
neutron	939.56536	3.085333596	99989.12307	0	0
Ne22	20479.73746	0.2651244209	99989.12307	0	0
Ne23	21414.10216	0.2238579078	99988.76594	0	0
neutron	939.56536	0.7636423611	99990.70629	0	0
Ne22	20479.73746	0.3528738302	99990.70629	0	0
neutron	939.56536	17.34361924	99988.73384	0	0
neutron	939.56536	8.216329744	99988.73384	0	0
neutron	939.56536	1.016092324	99988.73384	0	0
Ne20	18617.73218	0.66705232	99988.73384	0	0
neutron	939.56536	11.41189831	99989.09443	0	0
neutron	939.56536	1.739245069	99989.09443	0	0
alpha	3727.379	15.74527781	99989.09443	0	0
O17	15830.5038	5.99517246	99989.09443	0	0
neutron	939.56536	20.70794659	99988.67471	0	0
neutron	939.56536	9.897358087	99988.67471	0	0
proton	938.272013	1.757330973	99988.67471	0	0
F20	18625.26686	1.503245232	99988.67471	0	0
neutron	939.56536	28.57530899	99989.32276	0	0
neutron	939.56536	1.194148596	99989.32276	0	0
Ne21	19550.53637	1.036042237	99989.32276	0	0
neutron	939.56536	9.266020673	99988.60542	0	0
neutron	939.56536	5.754990406	99988.60542	0	0
neutron	939.56536	3.709861555	99988.60542	0	0
alpha	3727.379	8.028212511	99988.60542	0	0
O16	14895.08153	1.63848368	99988.60542	0	0
neutron	939.56536	0.8102171779	99989.00827	0	0
alpha	3727.379	9.197239245	99989.00827	0	0
Si30	27913.24182	1.322736975	99989.00827	0	0
neutron	939.56536	5.925275443	99988.5857	0	0
alpha	3727.379	12.8667707	99988.5857	0	0
alpha	3727.379	5.510238363	99988.5857	0	0
C14	13040.87134	2.161465413	99988.5857	0	0
neutron	939.56536	7.114130552	99988.6737	0	0
neutron	939.56536	1.324984958	99988.6737	0	0
S33	30704.55199	0.08818846717	99988.6737	0	0
neutron	939.56536	7.373902232	99989.02584	0	0
neutron	939.56536	2.823636152	99989.02584	0	0
neutron	939.56536	0.3322690411	99989.02584	0	0
Ne20	18617.73218	1.103555926	99989.02584	0	0
S35	32565.27968	0.1589981054	99988.67693	0	0
neutron	939.56536	9.452996881	99989.53885	0	0
neutron	939.56536	8.371437581	99989.53885	0	0
neutron	939.56536	1.115614348	99989.53885	0	0
S34	31632.70018	0.8461313482	99989.53885	0	0
neutron	939.56536	9.074092554	99989.47985	0	0
neutron	939.56536	1.076772996	99989.47985	0	0
neutron	939.56536	0.3511793553	99989.47985	0	0
S32	29773.62828	0.3939537865	99989.47985	0	0
S37	34430.21755	0.1312059013	99990.02493	0	0
neutron	939.56536	3.662659636	99989.05111	0	0
neutron	939.56536	3.604176044	99989.05111	0	0
neutron	939.56536	2.630449119	99989.05111	0	0
Ne20	18617.73218	0.623269141	99989.05111	0	0
proton	938.272013	9.703179641	99989.6157	0	0
proton	938.272013	6.62002967	99989.6157	0	0
neutron	939.56536	4.370656996	99989.6157	0	0
neutron	939.56536	2.599468542	99989.6157	0	0
O19	17697.63348	0.5598039237	99989.6157	0	0
neutron	939.56536	30.2329936	99989.27582	0	0
neutron	939.56536	16.8020207	99989.27582	0	0
neutron	939.56536	0.9393678924	99989.27582	0	0
S32	29773.62828	0.4417681249	99989.27582	0	0
Ne23	21414.10216	0.228190449	99988.92988	0	0
proton	938.272013	17.22892434	99990.29073	0	0
neutron	939.56536	9.74044988	99990.29073	0	0
neutron	939.56536	0.9447118504	99990.29073	0	0
F20	18625.26686	1.092907717	99990.29073	0	0
neutron	939.56536	0.7551424413	99990.01305	0	0
S34	31632.70018	0.07089177814	99990.01305	0	0
neutron	939.56536	0.6011843991	99989.59188	0	0
Ne22	20479.73746	0.1048036141	99989.59188	0	0
neutron	939.56536	9.001311446	99989.94705	0	0
neutron	939.56536	3.520650291	99989.94705	0	0
S35	32565.27968	0.7569227453	99989.94705	0	0
neutron	939.56536	4.554250145	99989.04232	0	0
neutron	939.56536	2.813946559	99989.04232	0	0
S33	30704.55199	0.08595333059	99989.04232	0	0
S35	32565.27968	0.1568912225	99989.67283	0	0
proton	938.272013	22.36098005	99989.68167	0	0
neutron	939.56536	7.093076524	99989.68167	0	0
neutron	939.56536	6.644608592	99989.68167	0	0
neutron	939.56536	4.559110544	99989.68167	0	0
alpha	3727.379	3.990357763	99989.68167	0	0
N15	13968.93638	2.781331484	99989.68167	0	0
proton	938.272013	4.343629239	99989.13802	0	0
neutron	939.56536	0.2287478381	99989.13802	0	0
P33	30705.30994	0.2873314019	99989.13802	0	0
neutron	939.56536	0.3900609462	99989.00001	0	0
S34	31632.70018	0.08015938137	99989.00001	0	0
neutron	939.56536	3.54734659	99989.54124	0	0
neutron	939.56536	0.9229292575	99989.54124	0	0
S35	32565.27968	0.2045079466	99989.54124	0	0
neutron	939.56536	0.3250031916	99989.29766	0	0
Ne22	20479.73746	0.2196515562	99989.29766	0	0
neutron	939.56536	29.02157577	99989.48928	0	0
proton	938.272013	5.638286757	99989.48928	0	0
neutron	939.56536	2.527695904	99989.48928	0	0
P32	29775.84838	0.3157843091	99989.48928	0	0
proton	938.272013	6.969492655	99989.51196	0	0
proton	938.272013	6.936953555	99989.51196	0	0
neutron	939.56536	6.212271221	99989.51196	0	0
neutron	939.56536	3.893240001	99989.51196	0	0
neutron	939.56536	0.1486117249	99989.51196	0	0
neutron	939.56536	0.08430505425	99989.51196	0	0
Si29	26984.28567	0.4657699362	99989.51196	0	0
neutron	939.56536	1.911224139	99988.81619	0	0
S34	31632.70018	0.2077646653	99988.81619	0	0
neutron	939.56536	0.3499177444	99989.85731	0	0
Ne22	20479.73746	0.1095258874	99989.85731	0	0
Ne23	21414.10216	0.2169854418	99988.81458	0	0
neutron	939.56536	1.282301023	99989.79282	0	0
Ne22	20479.73746	0.2556566223	99989.79282	0	0
neutron	939.56536	29.31310799	99988.81574	0	0
neutron	939.56536	4.084553553	99988.81574	0	0
neutron	939.56536	2.342708686	99988.81574	0	0
S32	29773.62828	0.8415216517	99988.81574	0	0
neutron	939.56536	0.678251186	99989.39638	0	0
S34	31632.70018	0.2018772465	99989.39638	0	0
S35	32565.27968	0.1621565107	99989.5487	0	0
neutron	939.56536	0.9979861247	99988.9483	0	0
S34	31632.70018	0.07544281871	99988.9483	0	0
neutron	939.56536	6.334180103	99988.76866	0	0
neutron	939.56536	2.535591675	99988.76866	0	0
neutron	939.56536	1.452225071	99988.76866	0	0
Ne20	18617.73218	0.6577077913	99988.76866	0	0
Ne23	21414.10216	0.196155349	99989.27882	0	0
neutron	939.56536	3.305539776	99989.1365	0	0
neutron	939.56536	2.96189966	99989.1365	0	0
Ne21	19550.53637	0.03746179122	99989.1365	0	0
neutron	939.56536	0.3282274185	99988.96496	0	0
S34	31632.70018	0.214058446	99988.96496	0	0
neutron	939.56536	3.155671326	99989.25458	0	0
neutron	939.56536	1.932309614	99989.25458	0	0
neutron	939.56536	1.186715438	99989.25458	0	0
Ne20	18617.73218	1.084369367	99989.25458	0	0
neutron	939.56536	3.70581679	99989.22057	0	0
neutron	939.56536	0.6557120925	99989.22057	0	0
Ne21	19550.53637	0.3083152588	99989.22057	0	0
neutron	939.56536	0.796471911	99988.97503	0	0
S34	31632.70018	0.2438737816	99988.97503	0	0
Ne23	21414.10216	0.2196852885	99988.88464	0	0
neutron	939.56536	0.2392973101	99988.69841	0	0
S34	31632.70018	0.1723284024	99988.69841	0	0
neutron	939.56536	2.058743225	99989.43033	0	0
S34	31632.70018	0.2095050128	99989.43033	0	0
neutron	939.56536	0.9030425704	99989.08759	0	0
neutron	939.56536	0.3070181225	99989.08759	0	0
S33	30704.55199	0.05441230028	99989.08759	0	0
neutron	939.56536	15.95297893	99990.35203	0	0
proton	938.272013	8.370965766	99990.35203	0	0
alpha	3727.379	6.989446254	99990.35203	0	0
Al29	26988.4858	1.249957317	99990.35203	0	0
neutron	939.56536	23.60146586	99990.43185	0	0
proton	938.272013	9.001307682	99990.43185	0	0
proton	938.272013	2.636949811	99990.43185	0	0
O20	18629.59082	0.4995221137	99990.43185	0	0
neutron	939.56536	3.298873486	99988.8957	0	0
S34	31632.70018	0.3452996606	99988.8957	0	0
S35	32565.27968	0.1449243972	99989.43141	0	0
neutron	939.56536	2.602983129	99989.17425	0	0
S34	31632.70018	0.4014806927	99989.17425	0	0
neutron	939.56536	4.703983041	99989.64214	0	0
neutron	939.56536	3.250986576	99989.64214	0	0
alpha	3727.379	10.83091789	99989.64214	0	0
alpha	3727.379	18.28934994	99989.64214	0	0
C13	12109.48242	7.242868681	99989.64214	0	0
Ne23	21414.10216	0.2288365899	99989.72509	0	0
neutron	939.56536	1.844709106	99988.99146	0	0
neutron	939.56536	0.2710159927	99988.99146	0	0
S33	30704.55199	0.1214901204	99988.99146	0	0
neutron	939.56536	0.1375414082	99989.39469	0	0
S34	31632.70018	0.1588701445	99989.39469	0	0
neutron	939.56536	0.9702689108	99988.0847	0	0
S34	31632.70018	0.273023098	99988.0847	0	0
neutron	939.56536	17.92437476	99988.76797	0	0
alpha	3727.379	12.55098907	99988.76797	0	0
alpha	3727.379	9.484495836	99988.76797	0	0
C14	13040.87134	2.325371167	99988.76797	0	0
neutron	939.56536	2.85162494	99989.12971	0	0
S34	31632.70018	0.07459686009	99989.12971	0	0
neutron	939.56536	31.045307	99989.29572	0	0
neutron	939.56536	20.4456673	99989.29572	0	0
neutron	939.56536	4.75453554	99989.29572	0	0
Ne20	18617.73218	2.757812611	99989.29572	0	0
S37	34430.21755	0.1431083854	99988.98463	0	0
neutron	939.56536	0.1482983388	99988.73869	0	0
S34	31632.70018	0.1897829293	99988.73869	0	0
Ne23	21414.10216	0.2253927135	99989.60588	0	0
S35	32565.27968	0.1614584965	99988.91628	0	0
proton	938.272013	4.200419277	99990.06924	0	0
F22	20491.06576	0.3718782934	99990.06924	0	0
neutron	939.56536	12.50862975	99989.31424	0	0
proton	938.272013	6.731651986	99989.31424	0	0
neutron	939.56536	6.269343995	99989.31424	0	0
neutron	939.56536	3.994423008	99989.31424	0	0
neutron	939.56536	0.8887662321	99989.31424	0	0
neutron	939.56536	0.3160701872	99989.31424	0	0
P31	28844.21869	0.5324733057	99989.31424	0	0
Ne23	21414.10216	0.2115331773	99989.24177	0	0
neutron	939.56536	0.7393759128	99989.56841	0	0
S34	31632.70018	0.08749379878	99989.56841	0	0
Ne23	21414.10216	0.216496393	99989.6468	0	0
neutron	939.56536	7.654922552	99989.0751	0	0
neutron	939.56536	0.9513698199	99989.0751	0	0
S35	32565.27968	0.4839633603	99989.0751	0	0
neutron	939.56536	11.11458365	99989.3853	0	0
neutron	939.56536	2.62877632	99989.3853	0	0
neutron	939.56536	0.8883017412	99989.3853	0	0
S32	29773.62828	0.2100990229	99989.3853	0	0
S35	32565.27968	0.1570686177	99988.9296	0	0
neutron	939.56536	0.7601721866	99989.13915	0	0
S34	31632.70018	0.2570619306	99989.13915	0	0
Ne23	21414.10216	0.2230420631	99988.55478	0	0
Ne23	21414.10216	0.230570345	99989.29941	0	0
neutron	939.56536	1.882446111	99989.01178	0	0
S34	31632.70018	0.120110231	99989.01178	0	0
neutron	939.56536	11.5274826	99989.69263	0	0
proton	938.272013	7.094323617	99989.69263	0	0
neutron	939.56536	2.266841279	99989.69263	0	0
P32	29775.84838	0.3828085703	99989.69263	0	0
neutron	939.56536	24.52915945	99989.26888	0	0
proton	938.272013	10.02070033	99989.26888	0	0
neutron	939.56536	7.64091031	99989.26888	0	0
proton	938.272013	5.311586971	99989.26888	0	0
neutron	939.56536	2.404703622	99989.26888	0	0
Si30	27913.24182	0.384861887	99989.26888	0	0
neutron	939.56536	0.5811812744	99989.02688	0	0
S34	31632.70018	0.1851794602	99989.02688	0	0
neutron	939.56536	1.020906934	99988.90066	0	0
S34	31632.70018	0.1011156352	99988.90066	0	0
neutron	939.56536	1.295270357	99989.23541	0	0
S36	33494.9558	0.06215030869	99989.23541	0	0
neutron	939.56536	0.4217457045	99989.4864	0	0
S34	31632.70018	0.07487712897	99989.4864	0	0
neutron	939.56536	13.97173059	99989.13212	0	0
proton	938.272013	7.665926187	99989.13212	0	0
neutron	939.56536	5.893839336	99989.13212	0	0
neutron	939.56536	3.216631842	99989.13212	0	0
proton	938.272013	2.906876817	99989.13212	0	0
Si30	27913.24182	1.53909854	99989.13212	0	0
neutron	939.56536	0.1254364163	99989.25027	0	0
S34	31632.70018	0.1112256867	99989.25027	0	0
proton	938.272013	30.4372876	99989.74082	0	0
neutron	939.56536	2.664839055	99989.74082	0	0
P33	30705.30994	0.6306598293	99989.74082	0	0
S35	32565.27968	0.1571832617	99989.24964	0	0
Ne23	21414.10216	0.1977561447	99988.95424	0	0
neutron	939.56536	0.4676280063	99989.00416	0	0
S34	31632.70018	0.1577619415	99989.00416	0	0
neutron	939.56536	15.00036232	99989.01532	0	0
proton	938.272013	3.55244546	99989.01532	0	0
neutron	939.56536	2.82163942	99989.01532	0	0
neutron	939.56536	2.735315606	99989.01532	0	0
neutron	939.56536	0.7203441307	99989.01532	0	0
neutron	939.56536	0.2430514493	99989.01532	0	0
P31	28844.21869	0.8604928811	99989.01532	0	0
Ne23	21414.10216	0.2216065473	99989.35447	0	0
S35	32565.27968	0.1302363697	99989.49765	0	0
neutron	939.56536	1.012975926	99989.42863	0	0
Ne22	20479.73746	0.2858089245	99989.42863	0	0
neutron	939.56536	8.255424357	99989.19845	0	0
neutron	939.56536	8.051752584	99989.19845	0	0
neutron	939.56536	5.991432214	99989.19845	0	0
S34	31632.70018	0.5084724787	99989.19845	0	0
neutron	939.56536	3.921858367	99989.33864	0	0
S34	31632.70018	0.4161455347	99989.33864	0	0
proton	938.272013	11.07071685	99988.96456	0	0
neutron	939.56536	2.759916324	99988.96456	0	0
neutron	939.56536	2.456887762	99988.96456	0	0
F20	18625.26686	0.2248160281	99988.96456	0	0
neutron	939.56536	11.80438191	99989.21845	0	0
neutron	939.56536	8.553398106	99989.21845	0	0
neutron	939.56536	3.33697683	99989.21845	0	0
Ne20	18617.73218	2.956038451	99989.21845	0	0
neutron	939.56536	10.01103937	99988.95165	0	0
neutron	939.56536	3.235970047	99988.95165	0	0
S33	30704.55199	0.3069989541	99988.95165	0	0
Ne23	21414.10216	0.222031756	99989.35776	0	0
proton	938.272013	33.97335215	99989.21535	0	0
neutron	939.56536	1.128919888	99989.21535	0	0
F21	19556.73074	1.03736707	99989.21535	0	0
S35	32565.27968	0.153636254	99990.21149	0	0
neutron	939.56536	11.42990006	99989.27736	0	0
neutron	939.56536	5.004278791	99989.27736	0	0
neutron	939.56536	0.7393945358	99989.27736	0	0
alpha	3727.379	7.880808631	99989.27736	0	0
O16	14895.08153	2.342510137	99989.27736	0	0
proton	938.272013	10.12452377	99989.93839	0	0
neutron	939.56536	7.695785432	99989.93839	0	0
neutron	939.56536	3.880102834	99989.93839	0	0
neutron	939.56536	1.712637996	99989.93839	0	0
F19	17692.30285	0.07821225553	99989.93839	0	0
S35	32565.27968	0.1469128407	99989.45442	0	0
proton	938.272013	8.338874597	99988.58518	0	0
neutron	939.56536	1.755431657	99988.58518	0	0
P33	30705.30994	0.09778457956	99988.58518	0	0
S35	32565.27968	0.1605114185	99988.99944	0	0
neutron	939.56536	2.662040062	99989.54907	0	0
S36	33494.9558	0.118649907	99989.54907	0	0
neutron	939.56536	0.1938544721	99990.4837	0	0
S36	33494.9558	0.1368704037	99990.4837	0	0
neutron	939.56536	0.91545589	99989.18982	0	0
Ne22	20479.73746	0.1016436723	99989.18982	0	0
S37	34430.21755	0.134324791	99989.03245	0	0
neutron	939.56536	1.139352901	99990.05431	0	0
S34	31632.70018	0.1309952451	99990.05431	0	0
Ne23	21414.10216	0.2349906693	99990.32133	0	0
neutron	939.56536	1.259694082	99989.19468	0	0
S34	31632.70018	0.1712676479	99989.19468	0	0
S35	32565.27968	0.1527976965	99989.01686	0	0
neutron	939.56536	0.8248638882	99989.00274	0	0
S34	31632.70018	0.1886057628	99989.00274	0	0
neutron	939.56536	12.13376472	99989.73582	0	0
alpha	3727.379	12.49331922	99989.73582	0	0
O18	16762.02378	4.210213264	99989.73582	0	0
neutron	939.56536	0.1326078325	99989.33589	0	0
S34	31632.70018	0.1454051925	99989.33589	0	0
neutron	939.56536	0.1233363208	99989.1853	0	0
Ne22	20479.73746	0.2816113289	99989.1853	0	0
neutron	939.56536	16.8106386	99989.31523	0	0
neutron	939.56536	10.5408673	99989.31523	0	0
neutron	939.56536	7.385707775	99989.31523	0	0
proton	938.272013	6.760772671	99989.31523	0	0
proton	938.272013	4.975634798	99989.31523	0	0
Si30	27913.24182	0.09254603548	99989.31523	0	0
neutron	939.56536	0.5212857769	99989.81524	0	0
S34	31632.70018	0.1403104079	99989.81524	0	0
neutron	939.56536	13.53700669	99988.67608	0	0
neutron	939.56536	6.865593288	99988.67608	0	0
neutron	939.56536	6.662252778	99988.67608	0	0
alpha	3727.379	4.728666217	99988.67608	0	0
O16	14895.08153	0.7929044118	99988.67608	0	0
Ne23	21414.10216	0.2282662003	99989.25015	0	0
neutron	939.56536	0.4301165774	99989.46478	0	0
Ne22	20479.73746	0.1215350328	99989.46478	0	0
neutron	939.56536	0.595969616	99988.75636	0	0
S34	31632.70018	0.103712338	99988.75636	0	0
neutron	939.56536	0.07536315761	99988.13455	0	0
S34	31632.70018	0.160138277	99988.13455	0	0
neutron	939.56536	0.4051084459	99988.68709	0	0
Ne22	20479.73746	0.3287246998	99988.68709	0	0
S35	32565.27968	0.1626833825	99989.14	0	0
neutron	939.56536	5.168190472	99989.02269	0	0
proton	938.272013	4.470368023	99989.02269	0	0
neutron	939.56536	1.667614178	99989.02269	0	0
P32	29775.84838	0.393199947	99989.02269	0	0
neutron	939.56536	0.2398971584	99989.19186	0	0
S34	31632.70018	0.1223740187	99989.19186	0	0
neutron	939.56536	7.556426608	99989.05576	0	0
neutron	939.56536	2.211701865	99989.05576	0	0
neutron	939.56536	1.301636426	99989.05576	0	0
S32	29773.62828	0.5119377101	99989.05576	0	0
neutron	939.56536	6.498948358	99989.35563	0	0
neutron	939.56536	1.979834661	99989.35563	0	0
neutron	939.56536	0.952771562	99989.35563	0	0
alpha	3727.379	3.963208208	99989.35563	0	0
O16	14895.08153	1.85038322	99989.35563	0	0
neutron	939.56536	6.238829744	99988.69461	0	0
proton	938.272013	3.419930174	99988.69461	0	0
P33	30705.30994	0.1600329513	99988.69461	0	0
neutron	939.56536	4.426422807	99989.39946	0	0
S34	31632.70018	0.4530274087	99989.39946	0	0
neutron	939.56536	3.726155082	99989.73588	0	0
neutron	939.56536	2.639917911	99989.73588	0	0
neutron	939.56536	1.849290501	99989.73588	0	0
alpha	3727.379	5.133583328	99989.73588	0	0
O16	14895.08153	1.672192116	99989.73588	0	0
Ne23	21414.10216	0.2230222143	99989.41342	0	0
S35	32565.27968	0.1654695895	99989.40449	0	0
neutron	939.56536	3.462509397	99989.53125	0	0
neutron	939.56536	2.56793372	99989.53125	0	0
neutron	939.56536	1.733856304	99989.53125	0	0
S32	29773.62828	0.9193402306	99989.53125	0	0
neutron	939.56536	0.6107926997	99990.38626	0	0
S34	31632.70018	0.2439868345	99990.38626	0	0
S35	32565.27968	0.1521176775	99989.52228	0	0
S37	34430.21755	0.1398681346	99989.13062	0	0
neutron	939.56536	0.5387387511	99989.01717	0	0
Ne22	20479.73746	0.2172364031	99989.01717	0	0
proton	938.272013	6.091529352	99988.99939	0	0
neutron	939.56536	1.454914118	99988.99939	0	0
neutron	939.56536	0.2239305698	99988.99939	0	0
P32	29775.84838	0.2794289267	99988.99939	0	0
S35	32565.27968	0.151176591	99989.63211	0	0
neutron	939.56536	4.3953841	99989.65616	0	0
proton	938.272013	3.540585168	99989.65616	0	0
neutron	939.56536	3.142204011	99989.65616	0	0
neutron	939.56536	1.752971306	99989.65616	0	0
neutron	939.56536	1.639824262	99989.65616	0	0
neutron	939.56536	1.19502081	99989.65616	0	0
P31	28844.21869	0.5584867951	99989.65616	0	0
neutron	939.56536	0.01654061427	99989.43019	0	0
Ne22	20479.73746	0.2394411083	99989.43019	0	0
neutron	939.56536	2.468253776	99988.81742	0	0
S34	31632.70018	0.3814396059	99988.81742	0	0
neutron	939.56536	6.195298086	99989.1113	0	0
neutron	939.56536	3.989112244	99989.1113	0	0
Ne21	19550.53637	0.4462762259	99989.1113	0	0
neutron	939.56536	18.2722534	99989.78908	0	0
neutron	939.56536	6.112406052	99989.78908	0	0
neutron	939.56536	5.86385319	99989.78908	0	0
alpha	3727.379	19.30793471	99989.78908	0	0
Si28	26053.19393	0.6875405276	99989.78908	0	0
Ne23	21414.10216	0.2248235409	99989.15691	0	0
Ne23	21414.10216	0.224838087	99989.6649	0	0
neutron	939.56536	0.425513539	99989.60157	0	0
S34	31632.70018	0.1451849165	99989.60157	0	0
neutron	939.56536	4.31945375	99989.91137	0	0
neutron	939.56536	0.7781083378	99989.91137	0	0
neutron	939.56536	0.7430777133	99989.91137	0	0
S34	31632.70018	0.1747796938	99989.91137	0	0
proton	938.272013	20.01244144	99988.97961	0	0
neutron	939.56536	3.736558009	99988.97961	0	0
neutron	939.56536	3.382542105	99988.97961	0	0
neutron	939.56536	0.8937685916	99988.97961	0	0
P31	28844.21869	0.3779201004	99988.97961	0	0
neutron	939.56536	0.6511493392	99989.17943	0	0
Ne22	20479.73746	0.1252886101	99989.17943	0	0
S35	32565.27968	0.1624640985	99989.29837	0	0
neutron	939.56536	5.012946501	99989.26064	0	0
neutron	939.56536	4.364782866	99989.26064	0	0
neutron	939.56536	0.1105612381	99989.26064	0	0
Ne20	18617.73218	0.5398878352	99989.26064	0	0
S37	34430.21755	0.1426696399	99989.13278	0	0
neutron	939.56536	29.8287864	99988.66661	0	0
proton	938.272013	6.030253757	99988.66661	0	0
neutron	939.56536	2.603849783	99988.66661	0	0
P32	29775.84838	1.311921342	99988.66661	0	0
neutron	939.56536	20.04758738	99988.72911	0	0
neutron	939.56536	5.512779013	99988.72911	0	0
proton	938.272013	5.362238898	99988.72911	0	0
neutron	939.56536	2.316600841	99988.72911	0	0
P31	28844.21869	0.2051325783	99988.72911	0	0
neutron	939.56536	0.238697685	99989.65698	0	0
S34	31632.70018	0.1850916981	99989.65698	0	0
neutron	939.56536	0.592896926	99989.06622	0	0
S36	33494.9558	0.1032346414	99989.06622	0	0
neutron	939.56536	13.95371202	99989.38135	0	0
neutron	939.56536	3.91923548	99989.38135	0	0
neutron	939.56536	3.121899932	99989.38135	0	0
S32	29773.62828	0.2167567899	99989.38135	0	0
proton	938.272013	14.25259518	99989.25468	0	0
neutron	939.56536	7.378161146	99989.25468	0	0
neutron	939.56536	6.21572186	99989.25468	0	0
neutron	939.56536	3.375628643	99989.25468	0	0
neutron	939.56536	3.193887687	99989.25468	0	0
P32	29775.84838	0.2408092677	99989.25468	0	0
S35	32565.27968	0.149205626	99989.81771	0	0
Ne23	21414.10216	0.216576753	99990.0449	0	0
S35	32565.27968	0.1609358577	99989.37339	0	0
neutron	939.56536	0.6881100304	99989.60477	0	0
S36	33494.9558	0.07501134635	99989.60477	0	0
neutron	939.56536	1.113795158	99989.57699	0	0
S34	31632.70018	0.1181451	99989.57699	0	0
neutron	939.56536	4.176356718	99989.12746	0	0
neutron	939.56536	0.4026640479	99989.12746	0	0
Ne21	19550.53637	0.2990397633	99989.12746	0	0
neutron	939.56536	2.854700975	99989.30628	0	0
Ne22	20479.73746	0.3191339946	99989.30628	0	0
neutron	939.56536	0.6616626033	99988.73399	0	0
S34	31632.70018	0.1398420561	99988.73399	0	0
S35	32565.27968	0.1596298431	99989.69311	0	0
S35	32565.27968	0.1429291678	99989.90045	0	0
proton	938.272013	15.48093167	99989.59659	0	0
neutron	939.56536	2.996219247	99989.59659	0	0
P35	32569.77755	0.5663235276	99989.59659	0	0
neutron	939.56536	2.854575181	99989.30168	0	0
S34	31632.70018	0.05260035861	99989.30168	0	0
neutron	939.56536	1.426516361	99989.61192	0	0
S34	31632.70018	0.3054768412	99989.61192	0	0
neutron	939.56536	3.155335863	99988.75365	0	0
S36	33494.9558	0.1544526043	99988.75365	0	0
neutron	939.56536	10.97918274	99989.34238	0	0
proton	938.272013	3.822259935	99989.34238	0	0
neutron	939.56536	3.297327851	99989.34238	0	0
proton	938.272013	2.726891134	99989.34238	0	0
neutron	939.56536	2.396677812	99989.34238	0	0
alpha	3727.379	19.1705113	99989.34238	0	0
Mg26	24196.50368	3.779771942	99989.34238	0	0
neutron	939.56536	8.079006353	99989.17561	0	0
neutron	939.56536	5.443711037	99989.17561	0	0
neutron	939.56536	1.235713657	99989.17561	0	0
alpha	3727.379	7.59992011	99989.17561	0	0
O16	14895.08153	0.5957246132	99989.17561	0	0
neutron	939.56536	0.9194630148	99988.757	0	0
S36	33494.9558	0.05226920506	99988.757	0	0
neutron	939.56536	0.4469691917	99989.12022	0	0
S34	31632.70018	0.1552469641	99989.12022	0	0
proton	938.272013	22.20222982	99989.20535	0	0
neutron	939.56536	3.721400227	99989.20535	0	0
neutron	939.56536	1.175538308	99989.20535	0	0
P34	31638.59261	0.4705616276	99989.20535	0	0
proton	938.272013	10.84114363	99989.91083	0	0
neutron	939.56536	5.736558489	99989.91083	0	0
neutron	939.56536	4.160053371	99989.91083	0	0
proton	938.272013	2.96656492	99989.91083	0	0
neutron	939.56536	2.737461038	99989.91083	0	0
neutron	939.56536	2.136785265	99989.91083	0	0
Si29	26984.28567	0.6125618971	99989.91083	0	0
S37	34430.21755	0.1423465349	99988.89004	0	0
neutron	939.56536	8.155363537	99988.90665	0	0
neutron	939.56536	7.662154712	99988.90665	0	0
neutron	939.56536	4.575541469	99988.90665	0	0
proton	938.272013	2.782202211	99988.90665	0	0
P31	28844.21869	0.1886207476	99988.90665	0	0
neutron	939.56536	0.2916745595	99989.08274	0	0
Ne22	20479.73746	0.2175200436	99989.08274	0	0
neutron	939.56536	0.4711507173	99989.1487	0	0
S34	31632.70018	0.1901112005	99989.1487	0	0
S35	32565.27968	0.1501404612	99988.88497	0	0
S35	32565.27968	0.1622837768	99989.01401	0	0
neutron	939.56536	14.88630424	99989.03053	0	0
proton	938.272013	2.805128535	99989.03053	0	0
neutron	939.56536	2.689127544	99989.03053	0	0
deuteron	1875.613	6.47762203	99989.03053	0	0
Si32	29776.58515	3.152512732	99989.03053	0	0
neutron	939.56536	4.648707122	99989.11996	0	0
proton	938.272013	1.9341359	99989.11996	0	0
neutron	939.56536	1.688352097	99989.11996	0	0
deuteron	1875.613	9.055623458	99989.11996	0	0
Si30	27913.24182	0.4940356841	99989.11996	0	0
neutron	939.56536	0.7433423372	99989.74544	0	0
Ne22	20479.73746	0.3977241914	99989.74544	0	0
neutron	939.56536	0.07582304926	99989.6933	0	0
Ne22	20479.73746	0.2720731661	99989.6933	0	0
neutron	939.56536	2.585759338	99988.89351	0	0
S34	31632.70018	0.3134589636	99988.89351	0	0
Ne23	21414.10216	0.223380535	99989.33228	0	0
S35	32565.27968	0.1645147574	99989.24139	0	0
Ne23	21414.10216	0.2108039339	99989.90598	0	0
neutron	939.56536	15.93293237	99989.62458	0	0
neutron	939.56536	7.300162143	99989.62458	0	0
neutron	939.56536	2.221082208	99989.62458	0	0
alpha	3727.379	14.66638004	99989.62458	0	0
Si28	26053.19393	2.76214795	99989.62458	0	0
proton	938.272013	32.70056207	99989.0274	0	0
neutron	939.56536	4.230261165	99989.0274	0	0
neutron	939.56536	3.21172327	99989.0274	0	0
P32	29775.84838	1.3724732	99989.0274	0	0
neutron	939.56536	0.3544594052	99989.36204	0	0
S34	31632.70018	0.1278905949	99989.36204	0	0
neutron	939.56536	23.92788227	99989.10508	0	0
neutron	939.56536	5.06094055	99989.10508	0	0
neutron	939.56536	3.781909469	99989.10508	0	0
Ne20	18617.73218	0.7253273406	99989.10508	0	0
neutron	939.56536	1.458214947	99989.09242	0	0
Ne22	20479.73746	0.2840831623	99989.09242	0	0
neutron	939.56536	17.01718357	99988.80366	0	0
proton	938.272013	3.938936094	99988.80366	0	0
neutron	939.56536	2.62481291	99988.80366	0	0
neutron	939.56536	0.7686090449	99988.80366	0	0
P31	28844.21869	0.6832894824	99988.80366	0	0
proton	938.272013	14.43351312	99989.36695	0	0
proton	938.272013	5.383940889	99989.36695	0	0
neutron	939.56536	5.224053135	99989.36695	0	0
neutron	939.56536	3.706026971	99989.36695	0	0
O19	17697.63348	0.2642387053	99989.36695	0	0
neutron	939.56536	6.538030967	99989.02655	0	0
proton	938.272013	3.483353231	99989.02655	0	0
neutron	939.56536	3.033956821	99989.02655	0	0
neutron	939.56536	2.788403932	99989.02655	0	0
deuteron	1875.613	7.476362499	99989.02655	0	0
Si29	26984.28567	0.3416969235	99989.02655	0	0
neutron	939.56536	1.30038502	99989.88091	0	0
S34	31632.70018	0.05028463161	99989.88091	0	0
S35	32565.27968	0.1410030434	99989.55655	0	0
neutron	939.56536	4.200851123	99989.13801	0	0
neutron	939.56536	2.048862388	99989.13801	0	0
alpha	3727.379	5.972905745	99989.13801	0	0
Si29	26984.28567	1.193918101	99989.13801	0	0
neutron	939.56536	3.820467482	99988.96806	0	0
neutron	939.56536	1.032938446	99988.96806	0	0
Ne21	19550.53637	0.1601140358	99988.96806	0	0
neutron	939.56536	0.5311459356	99988.57926	0	0
Ne22	20479.73746	0.2411346524	99988.57926	0	0
S37	34430.21755	0.144866675	99989.28993	0	0
neutron	939.56536	20.00462836	99989.74907	0	0
neutron	939.56536	1.5827936	99989.74907	0	0
neutron	939.56536	0.5949904558	99989.74907	0	0
S34	31632.70018	1.084636361	99989.74907	0	0
neutron	939.56536	7.234075249	99989.15755	0	0
alpha	3727.379	4.106812833	99989.15755	0	0
alpha	3727.379	3.154822213	99989.15755	0	0
C14	13040.87134	6.386474668	99989.15755	0	0
S37	34430.21755	0.1423635544	99989.40399	0	0
Ne23	21414.10216	0.2327790123	99988.92994	0	0
S35	32565.27968	0.1609868707	99989.2745	0	0
Ne23	21414.10216	0.2336063166	99988.58346	0	0
neutron	939.56536	56.48040575	99989.20205	0	0
neutron	939.56536	2.816162326	99989.20205	0	0
neutron	939.56536	1.265684252	99989.20205	0	0
S32	29773.62828	1.013376298	99989.20205	0	0
neutron	939.56536	3.918185639	99989.31392	0	0
neutron	939.56536	0.995190629	99989.31392	0	0
S33	30704.55199	0.0916283956	99989.31392	0	0
S37	34430.21755	0.140006556	99989.68768	0	0
neutron	939.56536	36.79416473	99989.10261	0	0
proton	938.272013	29.04124782	99989.10261	0	0
neutron	939.56536	0.4208036849	99989.10261	0	0
P32	29775.84838	0.08601842548	99989.10261	0	0
neutron	939.56536	0.6798624528	99989.56346	0	0
S34	31632.70018	0.08398165493	99989.56346	0	0
neutron	939.56536	1.453590413	99989.75387	0	0
S34	31632.70018	0.1869296839	99989.75387	0	0
neutron	939.56536	14.85599962	99989.64859	0	0
neutron	939.56536	5.343770487	99989.64859	0	0
neutron	939.56536	3.224661045	99989.64859	0	0
S32	29773.62828	0.2199258813	99989.64859	0	0
neutron	939.56536	0.6078943223	99988.75036	0	0
S34	31632.70018	0.2377937782	99988.75036	0	0
proton	938.272013	5.618644006	99989.51129	0	0
neutron	939.56536	5.436589852	99989.51129	0	0
neutron	939.56536	5.214331483	99989.51129	0	0
proton	938.272013	3.746327177	99989.51129	0	0
neutron	939.56536	1.033861271	99989.51129	0	0
Si30	27913.24182	1.820366068	99989.51129	0	0
neutron	939.56536	6.795893844	99988.55601	0	0
neutron	939.56536	3.558805115	99988.55601	0	0
Ne21	19550.53637	1.458189856	99988.55601	0	0
neutron	939.56536	15.01382008	99989.09803	0	0
neutron	939.56536	9.249692455	99989.09803	0	0
neutron	939.56536	2.595937575	99989.09803	0	0
S34	31632.70018	0.4479139745	99989.09803	0	0
neutron	939.56536	19.00491336	99988.54587	0	0
neutron	939.56536	13.09090811	99988.54587	0	0
proton	938.272013	4.174155142	99988.54587	0	0
P32	29775.84838	0.6795421169	99988.54587	0	0
neutron	939.56536	0.9315285005	99988.63917	0	0
S36	33494.9558	0.1350504984	99988.63917	0	0
neutron	939.56536	2.664899413	99989.08096	0	0
S34	31632.70018	0.07581373381	99989.08096	0	0
Ne23	21414.10216	0.2262028073	99988.88711	0	0
neutron	939.56536	4.530155361	99989.30976	0	0
S34	31632.70018	0.4836603611	99989.30976	0	0
neutron	939.56536	3.48067674	99989.00556	0	0
neutron	939.56536	2.546865651	99989.00556	0	0
neutron	939.56536	2.525402477	99989.00556	0	0
Ne20	18617.73218	0.3230550452	99989.00556	0	0
neutron	939.56536	16.20179484	99989.01286	0	0
neutron	939.56536	0.6054539611	99989.01286	0	0
neutron	939.56536	0.2637056931	99989.01286	0	0
Ne20	18617.73218	0.1761256299	99989.01286	0	0
S35	32565.27968	0.1396195212	99989.38735	0	0
neutron	939.56536	0.4304228119	99989.10321	0	0
S34	31632.70018	0.1569636728	99989.10321	0	0
Ne23	21414.10216	0.2260647337	99989.45229	0	0
neutron	939.56536	4.759484584	99989.5308	0	0
neutron	939.56536	1.014954719	99989.5308	0	0
alpha	3727.379	5.760146697	99989.5308	0	0
Si29	26984.28567	0.09758501647	99989.5308	0	0
neutron	939.56536	28.04680536	99989.18925	0	0
neutron	939.56536	6.028975162	99989.18925	0	0
neutron	939.56536	2.000801963	99989.18925	0	0
alpha	3727.379	7.932881651	99989.18925	0	0
Si28	26053.19393	1.862560084	99989.18925	0	0
neutron	939.56536	2.966255353	99989.3828	0	0
S34	31632.70018	0.4057182917	99989.3828	0	0
neutron	939.56536	2.973320042	99988.53417	0	0
neutron	939.56536	2.945735023	99988.53417	0	0
Ne21	19550.53637	0.1462280211	99988.53417	0	0
Ne23	21414.10216	0.2258793109	99989.4563	0	0
proton	938.272013	10.05240277	99988.76034	0	0
proton	938.272013	4.733506149	99988.76034	0	0
neutron	939.56536	2.98288838	99988.76034	0	0
Si32	29776.58515	0.8277405248	99988.76034	0	0
neutron	939.56536	0.4893224919	99988.94642	0	0
Ne22	20479.73746	0.2694351272	99988.94642	0	0
neutron	939.56536	1.61185334	99989.36479	0	0
S34	31632.70018	0.06499136593	99989.36479	0	0
neutron	939.56536	0.753429694	99988.88171	0	0
S34	31632.70018	0.1342497606	99988.88171	0	0
neutron	939.56536	0.7075401773	99989.49288	0	0
S34	31632.70018	0.1713044882	99989.49288	0	0
neutron	939.56536	1.598413816	99989.09538	0	0
Ne22	20479.73746	0.3283177722	99989.09538	0	0
Ne23	21414.10216	0.2248982886	99988.74378	0	0
S37	34430.21755	0.1292014737	99989.16618	0	0
S37	34430.21755	0.1444191506	99989.00595	0	0
neutron	939.56536	8.385248165	99989.3787	0	0
proton	938.272013	2.476048154	99989.3787	0	0
neutron	939.56536	1.281976905	99989.3787	0	0
P32	29775.84838	0.2242156554	99989.3787	0	0
neutron	939.56536	22.12653345	99988.94367	0	0
neutron	939.56536	4.696898449	99988.94367	0	0
neutron	939.56536	2.80120066	99988.94367	0	0
alpha	3727.379	8.534432911	99988.94367	0	0
O16	14895.08153	5.095389394	99988.94367	0	0
neutron	939.56536	0.1535828503	99989.15863	0	0
Ne22	20479.73746	0.2222463357	99989.15863	0	0
neutron	939.56536	0.387985872	99988.71734	0	0
S34	31632.70018	0.2379336695	99988.71734	0	0
neutron	939.56536	0.42875472	99989.82372	0	0
S34	31632.70018	0.2113932895	99989.82372	0	0
neutron	939.56536	8.41840089	99989.09748	0	0
proton	938.272013	4.98282074	99989.09748	0	0
P33	30705.30994	0.3328615551	99989.09748	0	0
neutron	939.56536	0.3249223672	99989.59553	0	0
S36	33494.9558	0.08778364128	99989.59553	0	0
neutron	939.56536	5.246368375	99989.45784	0	0
neutron	939.56536	0.8092731034	99989.45784	0	0
neutron	939.56536	0.08359865213	99989.45784	0	0
Ne20	18617.73218	0.817716535	99989.45784	0	0
neutron	939.56536	0.8518161138	99989.28012	0	0
S34	31632.70018	0.1363351191	99989.28012	0	0
neutron	939.56536	1.84215915	99989.62571	0	0
S34	31632.70018	0.3238018705	99989.62571	0	0
S35	32565.27968	0.1557138229	99989.36015	0	0
neutron	939.56536	6.823928824	99988.94639	0	0
neutron	939.56536	3.59072596	99988.94639	0	0
S35	32565.27968	0.1379467802	99988.94639	0	0
proton	938.272013	4.701535746	99989.56373	0	0
neutron	939.56536	3.191946494	99989.56373	0	0
proton	938.272013	3.143282296	99989.56373	0	0
neutron	939.56536	2.701412847	99989.56373	0	0
neutron	939.56536	1.525307679	99989.56373	0	0
Si30	27913.24182	0.5179842019	99989.56373	0	0
neutron	939.56536	1.4787236	99988.79267	0	0
S34	31632.70018	0.1911855722	99988.79267	0	0
neutron	939.56536	1.627837346	99988.89807	0	0
S34	31632.70018	0.09065151364	99988.89807	0	0
neutron	939.56536	0.3099687402	99989.89837	0	0
S34	31632.70018	0.1248443236	99989.89837	0	0
Ne23	21414.10216	0.2194512332	99989.22373	0	0
neutron	939.56536	1.18395854	99989.25767	0	0
S34	31632.70018	0.1822127992	99989.25767	0	0
neutron	939.56536	8.056210163	99989.27652	0	0
neutron	939.56536	6.299890393	99989.27652	0	0
proton	938.272013	4.328846992	99989.27652	0	0
proton	938.272013	2.444935516	99989.27652	0	0
neutron	939.56536	1.232647084	99989.27652	0	0
Si30	27913.24182	1.544290049	99989.27652	0	0
proton	938.272013	6.091811563	99988.74041	0	0
neutron	939.56536	5.701871491	99988.74041	0	0
neutron	939.56536	5.332676705	99988.74041	0	0
neutron	939.56536	2.484777962	99988.74041	0	0
P31	28844.21869	0.2248675672	99988.74041	0	0
proton	938.272013	15.51317381	99989.55405	0	0
proton	938.272013	6.489952178	99989.55405	0	0
neutron	939.56536	0.08031731075	99989.55405	0	0
O20	18629.59082	0.8867442922	99989.55405	0	0
neutron	939.56536	1.058151035	99989.72699	0	0
S34	31632.70018	0.2472805477	99989.72699	0	0
neutron	939.56536	2.942941792	99989.34824	0	0
S34	31632.70018	0.1616650542	99989.34824	0	0
neutron	939.56536	1.045339812	99989.15633	0	0
S34	31632.70018	0.05026422674	99989.15633	0	0
neutron	939.56536	1.061072331	99989.76734	0	0
Ne22	20479.73746	0.08847856856	99989.76734	0	0
S35	32565.27968	0.161756955	99989.27857	0	0
S37	34430.21755	0.1399292627	99989.69988	0	0
neutron	939.56536	14.67990651	99989.31073	0	0
neutron	939.56536	4.797849613	99989.31073	0	0
neutron	939.56536	0.3757053993	99989.31073	0	0
S32	29773.62828	0.9933100236	99989.31073	0	0
S35	32565.27968	0.1467737773	99989.06833	0	0
neutron	939.56536	1.788761618	99989.56225	0	0
S34	31632.70018	0.08231748889	99989.56225	0	0
neutron	939.56536	1.092893268	99989.10423	0	0
S36	33494.9558	0.09319617054	99989.10423	0	0
Ne23	21414.10216	0.2291972658	99989.46367	0	0
neutron	939.56536	5.641841904	99989.42832	0	0
neutron	939.56536	1.602271099	99989.42832	0	0
Ne21	19550.53637	0.3361250375	99989.42832	0	0
neutron	939.56536	8.304224356	99989.0932	0	0
proton	938.272013	1.533370889	99989.0932	0	0
neutron	939.56536	0.8552847086	99989.0932	0	0
F20	18625.26686	0.8839168581	99989.0932	0	0
neutron	939.56536	7.666537358	99989.01245	0	0
neutron	939.56536	3.117832253	99989.01245	0	0
S35	32565.27968	0.3945175635	99989.01245	0	0
neutron	939.56536	1.199947419	99989.02627	0	0
Ne22	20479.73746	0.1058420207	99989.02627	0	0
neutron	939.56536	0.956440573	99989.00242	0	0
S34	31632.70018	0.1724171481	99989.00242	0	0
Ne23	21414.10216	0.2161814598	99989.34352	0	0
neutron	939.56536	6.392455112	99989.66182	0	0
neutron	939.56536	4.723344345	99989.66182	0	0
S33	30704.55199	0.2222597364	99989.66182	0	0
neutron	939.56536	26.86806585	99988.99956	0	0
neutron	939.56536	4.375249915	99988.99956	0	0
neutron	939.56536	1.723179531	99988.99956	0	0
S34	31632.70018	1.869788217	99988.99956	0	0
neutron	939.56536	25.4016978	99988.55269	0	0
neutron	939.56536	6.759802705	99988.55269	0	0
neutron	939.56536	5.259674038	99988.55269	0	0
Ne20	18617.73218	1.099219174	99988.55269	0	0
neutron	939.56536	0.4177636828	99988.96139	0	0
S34	31632.70018	0.2301765232	99988.96139	0	0
S35	32565.27968	0.1637803272	99988.8805	0	0
neutron	939.56536	1.155669129	99989.40109	0	0
S34	31632.70018	0.1283306467	99989.40109	0	0
neutron	939.56536	3.29023019	99989.03743	0	0
Ne22	20479.73746	0.111350783	99989.03743	0	0
proton	938.272013	34.79546296	99989.95256	0	0
neutron	939.56536	0.7561765057	99989.95256	0	0
P33	30705.30994	0.7226399934	99989.95256	0	0
S35	32565.27968	0.1649859365	99989.1274	0	0
S35	32565.27968	0.1636035793	99989.53568	0	0
neutron	939.56536	0.7252832191	99989.45685	0	0
Ne22	20479.73746	0.3740609578	99989.45685	0	0
neutron	939.56536	0.4938160498	99989.02384	0	0
Ne22	20479.73746	0.2631552158	99989.02384	0	0
neutron	939.56536	0.3449918561	99989.07946	0	0
Ne22	20479.73746	0.1567979016	99989.07946	0	0
neutron	939.56536	5.287492992	99989.88388	0	0
neutron	939.56536	0.6513587573	99989.88388	0	0
S35	32565.27968	0.5312033073	99989.88388	0	0
proton	938.272013	4.692695934	99989.5795	0	0
neutron	939.56536	1.696100795	99989.5795	0	0
neutron	939.56536	0.385198435	99989.5795	0	0
alpha	3727.379	10.09729797	99989.5795	0	0
Al28	26058.3459	0.6935453164	99989.5795	0	0
neutron	939.56536	8.259630364	99989.4436	0	0
neutron	939.56536	1.410680983	99989.4436	0	0
neutron	939.56536	1.167196542	99989.4436	0	0
S34	31632.70018	0.6433750626	99989.4436	0	0
neutron	939.56536	3.550640168	99989.17039	0	0
neutron	939.56536	2.902482792	99989.17039	0	0
S33	30704.55199	0.1755002927	99989.17039	0	0
neutron	939.56536	9.329233711	99989.77945	0	0
proton	938.272013	8.888674166	99989.77945	0	0
neutron	939.56536	7.657910397	99989.77945	0	0
neutron	939.56536	5.79796026	99989.77945	0	0
neutron	939.56536	0.5858166993	99989.77945	0	0
P32	29775.84838	1.058254311	99989.77945	0	0
Ne23	21414.10216	0.2298229006	99990.42955	0	0
proton	938.272013	4.552439392	99989.1369	0	0
neutron	939.56536	2.297305271	99989.1369	0	0
neutron	939.56536	1.186511863	99989.1369	0	0
P32	29775.84838	0.2573244338	99989.1369	0	0
neutron	939.56536	5.361356471	99989.22002	0	0
neutron	939.56536	3.252393329	99989.22002	0	0
neutron	939.56536	0.2948984024	99989.22002	0	0
S32	29773.62828	0.5399881611	99989.22002	0	0
proton	938.272013	7.648914572	99988.81132	0	0
neutron	939.56536	3.436725379	99988.81132	0	0
P33	30705.30994	0.09246555973	99988.81132	0	0
S35	32565.27968	0.1613040447	99989.00965	0	0
neutron	939.56536	3.914166987	99989.21419	0	0
Ne22	20479.73746	0.4736804805	99989.21419	0	0
neutron	939.56536	1.692394674	99989.42617	0	0
neutron	939.56536	1.617434671	99989.42617	0	0
neutron	939.56536	0.5892564802	99989.42617	0	0
S32	29773.62828	0.3642921101	99989.42617	0	0
S35	32565.27968	0.1680469618	99988.46423	0	0
S35	32565.27968	0.1679362396	99989.72407	0	0
neutron	939.56536	7.572064863	99989.47683	0	0
neutron	939.56536	1.001172656	99989.47683	0	0
S33	30704.55199	0.04412949965	99989.47683	0	0
neutron	939.56536	2.421037027	99989.47482	0	0
neutron	939.56536	2.416807924	99989.47482	0	0
neutron	939.56536	1.437561781	99989.47482	0	0
S34	31632.70018	0.04535392141	99989.47482	0	0
neutron	939.56536	0.7517630049	99988.77437	0	0
neutron	939.56536	0.5864508897	99988.77437	0	0
Ne21	19550.53637	0.4290028601	99988.77437	0	0
neutron	939.56536	10.92130421	99988.75709	0	0
Ne22	20479.73746	0.8020165882	99988.75709	0	0
neutron	939.56536	0.5775787222	99989.51678	0	0
S34	31632.70018	0.2444566485	99989.51678	0	0
Ne23	21414.10216	0.2079298788	99989.52058	0	0
neutron	939.56536	5.135262723	99989.11261	0	0
neutron	939.56536	2.631520667	99989.11261	0	0
neutron	939.56536	1.508079041	99989.11261	0	0
neutron	939.56536	1.19589341	99989.11261	0	0
S33	30704.55199	0.09085979155	99989.11261	0	0
neutron	939.56536	2.546468713	99989.64885	0	0
neutron	939.56536	1.740064924	99989.64885	0	0
neutron	939.56536	0.6140003815	99989.64885	0	0
Ne20	18617.73218	0.2015327628	99989.64885	0	0
neutron	939.56536	2.191822884	99990.07951	0	0
S34	31632.70018	0.1363856573	99990.07951	0	0
neutron	939.56536	1.259022651	99988.75607	0	0
S34	31632.70018	0.2539363083	99988.75607	0	0
neutron	939.56536	14.01131619	99988.97842	0	0
neutron	939.56536	6.618175102	99988.97842	0	0
neutron	939.56536	1.490517488	99988.97842	0	0
alpha	3727.379	6.554907568	99988.97842	0	0
alpha	3727.379	4.632220699	99988.97842	0	0
C12	11174.86339	1.460904823	99988.97842	0	0
S35	32565.27968	0.1503066607	99989.08331	0	0
neutron	939.56536	2.181285321	99989.18219	0	0
S34	31632.70018	0.1912930859	99989.18219	0	0
S35	32565.27968	0.1403348356	99989.23719	0	0
neutron	939.56536	1.160290721	99989.65515	0	0
S36	33494.9558	0.1576184932	99989.65515	0	0
neutron	939.56536	0.7390871057	99989.24198	0	0
Ne22	20479.73746	0.2316812402	99989.24198	0	0
S35	32565.27968	0.1354465459	99988.92036	0	0
S35	32565.27968	0.1336206026	99989.34661	0	0
neutron	939.56536	2.345107582	99988.65683	0	0
neutron	939.56536	1.112644661	99988.65683	0	0
neutron	939.56536	0.5582829743	99988.65683	0	0
S34	31632.70018	0.1210206398	99988.65683	0	0
neutron	939.56536	3.984296164	99988.91545	0	0
Ne22	20479.73746	0.02730595239	99988.91545	0	0
neutron	939.56536	0.2132312156	99988.80046	0	0
S34	31632.70018	0.142715476	99988.80046	0	0
S37	34430.21755	0.1351937435	99988.76058	0	0
neutron	939.56536	1.774562526	99989.32073	0	0
S34	31632.70018	0.2736230719	99989.32073	0	0
neutron	939.56536	1.378723928	99988.71248	0	0
Ne22	20479.73746	0.08616689204	99988.71248	0	0
neutron	939.56536	1.151365811	99989.33399	0	0
S36	33494.9558	0.1729124091	99989.33399	0	0
neutron	939.56536	0.4187083975	99989.05663	0	0
S34	31632.70018	0.1201849855	99989.05663	0	0
neutron	939.56536	0.2968779904	99988.51352	0	0
S34	31632.70018	0.110147556	99988.51352	0	0
S35	32565.27968	0.1548439283	99989.2759	0	0
neutron	939.56536	2.751124226	99989.11816	0	0
S34	31632.70018	0.0622183277	99989.11816	0	0
Ne23	21414.10216	0.2024557887	99989.38258	0	0
neutron	939.56536	1.655601643	99988.45351	0	0
neutron	939.56536	0.4628694155	99988.45351	0	0
S35	32565.27968	0.03492316162	99988.45351	0	0
S35	32565.27968	0.1437544162	99989.25998	0	0
neutron	939.56536	17.62264621	99988.56367	0	0
neutron	939.56536	8.676395111	99988.56367	0	0
neutron	939.56536	3.575710505	99988.56367	0	0
alpha	3727.379	5.807633514	99988.56367	0	0
O16	14895.08153	1.374722863	99988.56367	0	0
neutron	939.56536	15.69552007	99989.30483	0	0
neutron	939.56536	2.326408815	99989.30483	0	0
neutron	939.56536	1.055350377	99989.30483	0	0
Ne20	18617.73218	0.2896650825	99989.30483	0	0
neutron	939.56536	2.202933584	99989.3591	0	0
neutron	939.56536	1.284509496	99989.3591	0	0
S33	30704.55199	0.1288820569	99989.3591	0	0
proton	938.272013	18.88743942	99989.67052	0	0
neutron	939.56536	2.928324255	99989.67052	0	0
neutron	939.56536	2.007908626	99989.67052	0	0
neutron	939.56536	0.7232635275	99989.67052	0	0
P31	28844.21869	0.8937589907	99989.67052	0	0
neutron	939.56536	20.33702333	99989.05519	0	0
neutron	939.56536	7.793093798	99989.05519	0	0
neutron	939.56536	2.453747127	99989.05519	0	0
Ne20	18617.73218	1.322045037	99989.05519	0	0
neutron	939.56536	0.2242174034	99988.7676	0	0
S34	31632.70018	0.1322353854	99988.7676	0	0
proton	938.272013	34.14146658	99989.01426	0	0
neutron	939.56536	1.035653264	99989.01426	0	0
P35	32569.77755	0.9396796951	99989.01426	0	0
S35	32565.27968	0.145254999	99989.0953	0	0
neutron	939.56536	1.384826006	99989.16071	0	0
neutron	939.56536	0.7527569329	99989.16071	0	0
S35	32565.27968	0.3431953639	99989.16071	0	0
Ne23	21414.10216	0.2321858272	99988.89981	0	0
S35	32565.27968	0.1573895059	99988.79389	0	0
proton	938.272013	28.90152596	99989.29325	0	0
neutron	939.56536	12.15899147	99989.29325	0	0
proton	938.272013	7.292677712	99989.29325	0	0
Si32	29776.58515	0.67974692	99989.29325	0	0
neutron	939.56536	5.795403844	99989.50613	0	0
neutron	939.56536	2.665211792	99989.50613	0	0
Ne21	19550.53637	0.1490105354	99989.50613	0	0
neutron	939.56536	4.670233242	99989.11743	0	0
neutron	939.56536	0.4709912957	99989.11743	0	0
Ne21	19550.53637	0.4019415044	99989.11743	0	0
Na23	21409.21625	0.1999042153	99996.52194	13.90069857	13.68838527
neutron	939.56536	0.3364524355	99990.07472	0	0
Ne22	20479.73746	0.233091704	99990.07472	0	0
neutron	939.56536	7.829686444	99989.50021	0	0
proton	938.272013	3.132234665	99989.50021	0	0
P33	30705.30994	0.2566243691	99989.50021	0	0
neutron	939.56536	3.153084291	99989.21432	0	0
neutron	939.56536	0.5160971286	99989.21432	0	0
S33	30704.55199	0.1442049364	99989.21432	0	0
neutron	939.56536	10.1371999	99989.17364	0	0
neutron	939.56536	1.933108693	99989.17364	0	0
neutron	939.56536	1.496819621	99989.17364	0	0
alpha	3727.379	7.674870978	99989.17364	0	0
Si28	26053.19393	1.755020952	99989.17364	0	0
neutron	939.56536	40.00670122	99989.32904	0	0
neutron	939.56536	3.641584389	99989.32904	0	0
neutron	939.56536	3.068609885	99989.32904	0	0
alpha	3727.379	4.136905855	99989.32904	0	0
O16	14895.08153	2.519574249	99989.32904	0	0
neutron	939.56536	1.689849603	99988.88168	0	0
S34	31632.70018	0.2276154676	99988.88168	0	0
neutron	939.56536	0.740873456	99989.22765	0	0
S34	31632.70018	0.243901996	99989.22765	0	0
proton	938.272013	28.52139912	99989.21714	0	0
neutron	939.56536	19.55846816	99989.21714	0	0
neutron	939.56536	0.5316619486	99989.21714	0	0
F20	18625.26686	0.4453543512	99989.21714	0	0
S35	32565.27968	0.1533886769	99988.55392	0	0
neutron	939.56536	1.471563513	99989.11465	0	0
Ne22	20479.73746	0.4363373153	99989.11465	0	0
Ne23	21414.10216	0.2270486716	99988.75273	0	0
S35	32565.27968	0.1405083476	99989.25603	0	0
neutron	939.56536	1.179529815	99989.92942	0	0
S34	31632.70018	0.2988168635	99989.92942	0	0
neutron	939.56536	3.640620522	99989.36816	0	0
proton	938.272013	3.212066684	99989.36816	0	0
F21	19556.73074	0.08345035971	99989.36816	0	0
neutron	939.56536	5.700869278	99989.36808	0	0
neutron	939.56536	2.629412237	99989.36808	0	0
deuteron	1875.613	17.75138087	99989.36808	0	0
triton	2808.921	4.646616631	99989.36808	0	0
Si28	26053.19393	2.583481325	99989.36808	0	0
neutron	939.56536	12.07258948	99989.15777	0	0
neutron	939.56536	3.412416582	99989.15777	0	0
neutron	939.56536	2.635274874	99989.15777	0	0
alpha	3727.379	5.526788738	99989.15777	0	0
O16	14895.08153	3.453755281	99989.15777	0	0
S35	32565.27968	0.151954024	99991.98624	0	0
neutron	939.56536	0.2816400547	99989.15467	0	0
S34	31632.70018	0.1105879445	99989.15467	0	0
S35	32565.27968	0.164227688	99988.70454	0	0
S35	32565.27968	0.1606706012	99989.39595	0	0
neutron	939.56536	1.799563837	99989.5792	0	0
S34	31632.70018	0.2856176908	99989.5792	0	0
neutron	939.56536	1.017830728	99989.39554	0	0
Ne22	20479.73746	0.2143467742	99989.39554	0	0
neutron	939.56536	0.2572044224	99989.36013	0	0
S34	31632.70018	0.1169381272	99989.36013	0	0
neutron	939.56536	0.3392025237	99989.51033	0	0
Ne22	20479.73746	0.2780903007	99989.51033	0	0
neutron	939.56536	8.00634556	99988.88872	0	0
neutron	939.56536	5.059527965	99988.88872	0	0
neutron	939.56536	2.758302272	99988.88872	0	0
alpha	3727.379	8.735543137	99988.88872	0	0
O16	14895.08153	1.745693806	99988.88872	0	0
Ne23	21414.10216	0.2105579695	99989.12329	0	0
neutron	939.56536	0.5764867518	99988.74434	0	0
S34	31632.70018	0.08180236184	99988.74434	0	0
neutron	939.56536	26.16738347	99989.68695	0	0
proton	938.272013	5.690931928	99989.68695	0	0
neutron	939.56536	4.250941893	99989.68695	0	0
P32	29775.84838	1.36529194	99989.68695	0	0
neutron	939.56536	1.406859214	99988.78284	0	0
S34	31632.70018	0.1479964954	99988.78284	0	0
neutron	939.56536	1.02702736	99989.84962	0	0
S36	33494.9558	0.1959156506	99989.84962	0	0
proton	938.272013	12.46273889	99989.06849	0	0
proton	938.272013	4.321157742	99989.06849	0	0
neutron	939.56536	1.890912324	99989.06849	0	0
neutron	939.56536	0.914065831	99989.06849	0	0
Si31	28846.21977	1.04554446	99989.06849	0	0
neutron	939.56536	7.411950238	99988.88678	0	0
neutron	939.56536	4.995359917	99988.88678	0	0
neutron	939.56536	4.303689917	99988.88678	0	0
alpha	3727.379	5.347243308	99988.88678	0	0
O16	14895.08153	1.731462905	99988.88678	0	0
S35	32565.27968	0.1617957861	99988.76403	0	0
S35	32565.27968	0.1597128756	99989.11715	0	0
S37	34430.21755	0.1385308708	99988.90868	0	0
neutron	939.56536	6.77977583	99989.08529	0	0
neutron	939.56536	3.667851498	99989.08529	0	0
neutron	939.56536	3.250349619	99989.08529	0	0
Ne20	18617.73218	1.783443654	99989.08529	0	0
neutron	939.56536	0.9854094748	99988.72707	0	0
S34	31632.70018	0.2105134544	99988.72707	0	0
Ne23	21414.10216	0.1999701957	99988.67312	0	0
neutron	939.56536	0.3496748475	99988.84999	0	0
Ne22	20479.73746	0.2754124347	99988.84999	0	0
neutron	939.56536	0.5090648824	99989.53372	0	0
Ne22	20479.73746	0.1992924178	99989.53372	0	0
Ne23	21414.10216	0.2280832766	99989.5186	0	0
neutron	939.56536	0.1338602324	99988.83608	0	0
S36	33494.9558	0.1065952779	99988.83608	0	0
neutron	939.56536	26.94106727	99991.47678	0	0
neutron	939.56536	8.89732632	99991.47678	0	0
neutron	939.56536	0.5506256547	99991.47678	0	0
Ne20	18617.73218	0.3342417855	99991.47678	0	0
neutron	939.56536	1.078722498	99989.32177	0	0
Ne22	20479.73746	0.3848545432	99989.32177	0	0
neutron	939.56536	0.3188370274	99989.22036	0	0
Ne22	20479.73746	0.1612559419	99989.22036	0	0
neutron	939.56536	0.6048394018	99989.06808	0	0
S36	33494.9558	0.2090287917	99989.06808	0	0
neutron	939.56536	1.059500099	99989.64082	0	0
deuteron	1875.613	24.92312655	99989.64082	0	0
P32	29775.84838	1.858791556	99989.64082	0	0
S35	32565.27968	0.1415160904	99989.56745	0	0
proton	938.272013	24.66103879	99989.04182	0	0
neutron	939.56536	11.62609496	99989.04182	0	0
neutron	939.56536	0.5627412441	99989.04182	0	0
P32	29775.84838	0.4542881918	99989.04182	0	0
neutron	939.56536	37.76733195	99989.0875	0	0
proton	938.272013	4.078965177	99989.0875	0	0
neutron	939.56536	2.29703551	99989.0875	0	0
neutron	939.56536	1.920371495	99989.0875	0	0
P31	28844.21869	1.256032355	99989.0875	0	0
S35	32565.27968	0.1528925312	99989.21191	0	0
neutron	939.56536	0.5755410117	99989.3647	0	0
neutron	939.56536	0.4818990805	99989.3647	0	0
S33	30704.55199	0.09957099637	99989.3647	0	0
neutron	939.56536	3.067302943	99988.53793	0	0
neutron	939.56536	1.694962396	99988.53793	0	0
Ne21	19550.53637	0.3037716413	99988.53793	0	0
neutron	939.56536	0.4850891852	99989.06847	0	0
S34	31632.70018	0.1163360978	99989.06847	0	0
neutron	939.56536	0.8810128061	99989.19518	0	0
Ne22	20479.73746	0.08350759728	99989.19518	0	0
neutron	939.56536	1.499823835	99989.40163	0	0
S34	31632.70018	0.2831761792	99989.40163	0	0
neutron	939.56536	0.9006377866	99989.64572	0	0
S34	31632.70018	0.05357174907	99989.64572	0	0
Ne23	21414.10216	0.2270070535	99988.79086	0	0
S35	32565.27968	0.146235638	99989.02394	0	0
S35	32565.27968	0.137946537	99989.6251	0	0
neutron	939.56536	0.5280594385	99989.67659	0	0
S34	31632.70018	0.1686013635	99989.67659	0	0
neutron	939.56536	7.434912808	99988.97104	0	0
neutron	939.56536	0.2630657359	99988.97104	0	0
S33	30704.55199	0.1593286242	99988.97104	0	0
proton	938.272013	7.286169165	99989.00825	0	0
neutron	939.56536	1.79872799	99989.00825	0	0
neutron	939.56536	1.497516681	99989.00825	0	0
P32	29775.84838	0.4651470267	99989.00825	0	0
neutron	939.56536	0.1521433546	99989.24379	0	0
Ne22	20479.73746	0.1925441074	99989.24379	0	0
neutron	939.56536	0.4682562812	99989.39104	0	0
S34	31632.70018	0.1061893978	99989.39104	0	0
neutron	939.56536	5.809022524	99989.41413	0	0
neutron	939.56536	4.178813894	99989.41413	0	0
proton	938.272013	2.790540357	99989.41413	0	0
neutron	939.56536	1.489755524	99989.41413	0	0
P31	28844.21869	0.2903445044	99989.41413	0	0
neutron	939.56536	12.35266738	99989.24059	0	0
neutron	939.56536	5.885020671	99989.24059	0	0
neutron	939.56536	4.162362466	99989.24059	0	0
alpha	3727.379	5.670967032	99989.24059	0	0
O16	14895.08153	3.315912289	99989.24059	0	0
S35	32565.27968	0.1338994516	99988.64869	0	0
neutron	939.56536	4.520423258	99989.01627	0	0
S34	31632.70018	0.1121517784	99989.01627	0	0
neutron	939.56536	0.16418396	99989.06911	0	0
S34	31632.70018	0.157679139	99989.06911	0	0
neutron	939.56536	0.9276577445	99989.79991	0	0
Ne22	20479.73746	0.442198439	99989.79991	0	0
neutron	939.56536	2.747924315	99988.86327	0	0
S34	31632.70018	0.351393133	99988.86327	0	0
Ne23	21414.10216	0.2281698788	99989.15556	0	0
neutron	939.56536	10.41941976	99988.89775	0	0
neutron	939.56536	3.29566123	99988.89775	0	0
proton	938.272013	2.786606658	99988.89775	0	0
neutron	939.56536	1.694487911	99988.89775	0	0
neutron	939.56536	1.673463636	99988.89775	0	0
neutron	939.56536	0.7966022228	99988.89775	0	0
P31	28844.21869	0.115254517	99988.89775	0	0
neutron	939.56536	28.86886874	99989.56498	0	0
neutron	939.56536	2.572576257	99989.56498	0	0
Ne21	19550.53637	1.547160635	99989.56498	0	0
S37	34430.21755	0.1327688025	99988.15019	0	0
S35	32565.27968	0.1587512157	99988.66261	0	0
proton	938.272013	27.59918876	99988.75066	0	0
neutron	939.56536	2.52802745	99988.75066	0	0
neutron	939.56536	1.123667538	99988.75066	0	0
deuteron	1875.613	5.604596411	99988.75066	0	0
Si30	27913.24182	0.7601617629	99988.75066	0	0
Ne23	21414.10216	0.2007843815	99989.37867	0	0
neutron	939.56536	0.081617119	99988.47252	0	0
S36	33494.9558	0.1485186586	99988.47252	0	0
neutron	939.56536	20.28599962	99990.10329	0	0
neutron	939.56536	5.632190452	99990.10329	0	0
neutron	939.56536	0.09644425583	99990.10329	0	0
Ne20	18617.73218	0.4699797031	99990.10329	0	0
neutron	939.56536	9.23610617	99989.31838	0	0
neutron	939.56536	4.893602529	99989.31838	0	0
neutron	939.56536	1.062161381	99989.31838	0	0
S32	29773.62828	0.001755208039	99989.31838	0	0
neutron	939.56536	1.982730744	99989.59244	0	0
neutron	939.56536	0.1529441531	99989.59244	0	0
alpha	3727.379	7.165549462	99989.59244	0	0
Si29	26984.28567	1.555804903	99989.59244	0	0
neutron	939.56536	4.259077633	99989.38806	0	0
neutron	939.56536	2.404558067	99989.38806	0	0
Ne21	19550.53637	0.2423573738	99989.38806	0	0
neutron	939.56536	4.231620087	99989.2886	0	0
neutron	939.56536	0.3547635925	99989.2886	0	0
Ne21	19550.53637	0.8288148703	99989.2886	0	0
neutron	939.56536	0.6934095727	99989.27355	0	0
S36	33494.9558	0.0991861277	99989.27355	0	0
neutron	939.56536	4.045394391	99989.28652	0	0
Ne22	20479.73746	0.4468444839	99989.28652	0	0
neutron	939.56536	9.604709109	99989.03373	0	0
proton	938.272013	4.624758403	99989.03373	0	0
proton	938.272013	3.68597593	99989.03373	0	0
neutron	939.56536	1.884667785	99989.03373	0	0
neutron	939.56536	1.49135016	99989.03373	0	0
Si30	27913.24182	0.5174229195	99989.03373	0	0
neutron	939.56536	0.5567156186	99989.04687	0	0
S34	31632.70018	0.1452921561	99989.04687	0	0
neutron	939.56536	0.7390010482	99989.224	0	0
Ne22	20479.73746	0.1998718723	99989.224	0	0
neutron	939.56536	0.7251086709	99989.30173	0	0
S36	33494.9558	0.1072409559	99989.30173	0	0
neutron	939.56536	0.6482424219	99988.36812	0	0
S34	31632.70018	0.05042628624	99988.36812	0	0
neutron	939.56536	14.44702902	99988.84601	0	0
alpha	3727.379	8.314430234	99988.84601	0	0
O18	16762.02378	4.755522003	99988.84601	0	0
S35	32565.27968	0.142828936	99989.13751	0	0
neutron	939.56536	28.05000718	99988.91457	0	0
neutron	939.56536	12.74178161	99988.91457	0	0
neutron	939.56536	4.35427272	99988.91457	0	0
S32	29773.62828	1.142950644	99988.91457	0	0
neutron	939.56536	1.249503481	99989.09775	0	0
S34	31632.70018	0.3061188905	99989.09775	0	0
Ne23	21414.10216	0.219098192	99988.45764	0	0
neutron	939.56536	12.6418741	99989.86991	0	0
neutron	939.56536	3.69819263	99989.86991	0	0
proton	938.272013	2.714044106	99989.86991	0	0
neutron	939.56536	2.408726807	99989.86991	0	0
deuteron	1875.613	4.790920998	99989.86991	0	0
O17	15830.5038	1.763896411	99989.86991	0	0
neutron	939.56536	4.49932453	99989.97918	0	0
proton	938.272013	3.651101774	99989.97918	0	0
neutron	939.56536	2.391814393	99989.97918	0	0
neutron	939.56536	0.5024702287	99989.97918	0	0
P31	28844.21869	0.09894627668	99989.97918	0	0
neutron	939.56536	1.097812809	99988.8836	0	0
Ne22	20479.73746	0.4478264582	99988.8836	0	0
neutron	939.56536	23.26498703	99989.59171	0	0
alpha	3727.379	6.794680363	99989.59171	0	0
Si30	27913.24182	1.434609251	99989.59171	0	0
neutron	939.56536	2.338577486	99988.9629	0	0
neutron	939.56536	1.303222284	99988.9629	0	0
Ne21	19550.53637	0.2566317046	99988.9629	0	0
neutron	939.56536	0.2386107228	99989.36767	0	0
S34	31632.70018	0.1775676005	99989.36767	0	0
proton	938.272013	6.707631602	99988.7971	0	0
neutron	939.56536	5.256779714	99988.7971	0	0
neutron	939.56536	4.820072543	99988.7971	0	0
neutron	939.56536	3.169434733	99988.7971	0	0
neutron	939.56536	2.242845537	99988.7971	0	0
P30	27916.96459	0.1712458203	99988.7971	0	0
neutron	939.56536	0.2944672516	99989.76646	0	0
Ne22	20479.73746	0.2317236606	99989.76646	0	0
S35	32565.27968	0.1485302645	99989.43707	0	0
neutron	939.56536	0.4809384412	99988.82638	0	0
S34	31632.70018	0.2353371138	99988.82638	0	0
neutron	939.56536	11.89411482	99989.51441	0	0
neutron	939.56536	10.02570706	99989.51441	0	0
neutron	939.56536	5.903263865	99989.51441	0	0
proton	938.272013	3.298405899	99989.51441	0	0
P31	28844.21869	1.115997982	99989.51441	0	0
proton	938.272013	18.12415072	99989.18449	0	0
neutron	939.56536	4.371637145	99989.18449	0	0
neutron	939.56536	2.531609188	99989.18449	0	0
neutron	939.56536	1.397926537	99989.18449	0	0
P31	28844.21869	1.181058796	99989.18449	0	0
neutron	939.56536	0.4321367069	99989.73268	0	0
S34	31632.70018	0.1403720823	99989.73268	0	0
proton	938.272013	7.365114104	99989.56654	0	0
proton	938.272013	4.445692465	99989.56654	0	0
neutron	939.56536	3.211891269	99989.56654	0	0
neutron	939.56536	1.58739848	99989.56654	0	0
neutron	939.56536	0.873745625	99989.56654	0	0
Si30	27913.24182	0.1932713521	99989.56654	0	0
Ne23	21414.10216	0.2262946972	99988.57347	0	0
neutron	939.56536	16.42938976	99989.33524	0	0
neutron	939.56536	11.87703903	99989.33524	0	0
neutron	939.56536	2.841107352	99989.33524	0	0
neutron	939.56536	1.915073046	99989.33524	0	0
S33	30704.55199	0.547866088	99989.33524	0	0
S37	34430.21755	0.1366920481	99989.3807	0	0
S35	32565.27968	0.138729129	99988.9151	0	0
proton	938.272013	19.33997189	99989.71452	0	0
neutron	939.56536	13.40751561	99989.71452	0	0
neutron	939.56536	6.240106301	99989.71452	0	0
neutron	939.56536	5.041194746	99989.71452	0	0
F19	17692.30285	0.3321170095	99989.71452	0	0
neutron	939.56536	2.409614186	99989.17769	0	0
Ne22	20479.73746	0.3639328939	99989.17769	0	0
neutron	939.56536	3.522996292	99989.15221	0	0
Ne22	20479.73746	0.622477851	99989.15221	0	0
neutron	939.56536	6.954066457	99988.83663	0	0
neutron	939.56536	6.441619943	99988.83663	0	0
proton	938.272013	4.388875605	99988.83663	0	0
neutron	939.56536	2.722826833	99988.83663	0	0
proton	938.272013	2.693731889	99988.83663	0	0
Si30	27913.24182	0.1016753841	99988.83663	0	0
Ne23	21414.10216	0.2184408045	99989.6268	0	0
neutron	939.56536	0.4622214557	99989.02156	0	0
Ne22	20479.73746	0.1935452263	99989.02156	0	0
neutron	939.56536	0.6158073176	99990.40555	0	0
S34	31632.70018	0.2058443652	99990.40555	0	0
neutron	939.56536	23.96475628	99988.38983	0	0
neutron	939.56536	2.300373066	99988.38983	0	0
neutron	939.56536	1.881137689	99988.38983	0	0
alpha	3727.379	3.230803598	99988.38983	0	0
O16	14895.08153	4.261364621	99988.38983	0	0
Ne23	21414.10216	0.2286346451	99988.79773	0	0
neutron	939.56536	7.916317099	99988.83923	0	0
neutron	939.56536	5.843334011	99988.83923	0	0
proton	938.272013	4.911249384	99988.83923	0	0
neutron	939.56536	2.10102104	99988.83923	0	0
alpha	3727.379	12.29315204	99988.83923	0	0
N15	13968.93638	5.215470771	99988.83923	0	0
neutron	939.56536	29.58840694	99989.1449	0	0
neutron	939.56536	26.53448848	99989.1449	0	0
neutron	939.56536	2.319449494	99989.1449	0	0
S32	29773.62828	1.516014427	99989.1449	0	0
neutron	939.56536	10.91102328	99989.37318	0	0
neutron	939.56536	3.1879692	99989.37318	0	0
neutron	939.56536	2.279582477	99989.37318	0	0
alpha	3727.379	4.582396744	99989.37318	0	0
O16	14895.08153	0.9730342106	99989.37318	0	0
neutron	939.56536	11.24318924	99989.29136	0	0
neutron	939.56536	2.55179999	99989.29136	0	0
S33	30704.55199	0.03570780467	99989.29136	0	0
proton	938.272013	17.94735671	99989.28317	0	0
neutron	939.56536	1.365079366	99989.28317	0	0
neutron	939.56536	0.509432202	99989.28317	0	0
P32	29775.84838	0.3154099962	99989.28317	0	0
neutron	939.56536	6.747532066	99988.52611	0	0
neutron	939.56536	5.887457365	99988.52611	0	0
neutron	939.56536	1.386213685	99988.52611	0	0
Ne20	18617.73218	0.1382208806	99988.52611	0	0
neutron	939.56536	0.4390225636	99990.02599	0	0
S34	31632.70018	0.194860627	99990.02599	0	0
neutron	939.56536	0.251799425	99989.13231	0	0
S36	33494.9558	0.09466164324	99989.13231	0	0
neutron	939.56536	1.323526766	99989.15204	0	0
S36	33494.9558	0.1183322611	99989.15204	0	0
S35	32565.27968	0.1631512394	99988.5388	0	0
neutron	939.56536	2.816835188	99988.95544	0	0
alpha	3727.379	6.799855259	99988.95544	0	0
O18	16762.02378	0.9100793987	99988.95544	0	0
neutron	939.56536	0.6340885054	99989.10424	0	0
S34	31632.70018	0.0874728048	99989.10424	0	0
neutron	939.56536	0.4577775882	99989.36868	0	0
S36	33494.9558	0.1033071097	99989.36868	0	0
neutron	939.56536	18.84055835	99988.65517	0	0
neutron	939.56536	3.47113177	99988.65517	0	0
neutron	939.56536	0.1366758678	99988.65517	0	0
Ne20	18617.73218	2.168212732	99988.65517	0	0
neutron	939.56536	9.360935222	99989.07816	0	0
neutron	939.56536	1.847794114	99989.07816	0	0
neutron	939.56536	1.531295412	99989.07816	0	0
alpha	3727.379	5.479552684	99989.07816	0	0
O16	14895.08153	1.181970789	99989.07816	0	0
neutron	939.56536	2.136425136	99988.85278	0	0
S34	31632.70018	0.2979116425	99988.85278	0	0
neutron	939.56536	16.09070233	99988.3424	0	0
proton	938.272013	10.46530913	99988.3424	0	0
neutron	939.56536	5.17086046	99988.3424	0	0
proton	938.272013	2.820975718	99988.3424	0	0
neutron	939.56536	1.729069258	99988.3424	0	0
neutron	939.56536	1.069968483	99988.3424	0	0
O17	15830.5038	0.3402217314	99988.3424	0	0
neutron	939.56536	8.727870541	99989.76155	0	0
neutron	939.56536	5.262389711	99989.76155	0	0
neutron	939.56536	1.198440676	99989.76155	0	0
S32	29773.62828	0.2282167097	99989.76155	0	0
Ne23	21414.10216	0.225628725	99989.16398	0	0
neutron	939.56536	0.531367635	99988.87577	0	0
Ne22	20479.73746	0.1024297509	99988.87577	0	0
neutron	939.56536	0.01976420547	99989.41707	0	0
Ne22	20479.73746	0.2384507618	99989.41707	0	0
S35	32565.27968	0.1573574065	99988.86148	0	0
neutron	939.56536	24.23443473	99989.01405	0	0
neutron	939.56536	6.853792576	99989.01405	0	0
neutron	939.56536	0.9758937655	99989.01405	0	0
alpha	3727.379	7.309602844	99989.01405	0	0
O16	14895.08153	2.536396365	99989.01405	0	0
neutron	939.56536	1.587157378	99989.31877	0	0
S34	31632.70018	0.1908813673	99989.31877	0	0
S37	34430.21755	0.1439344006	99989.12843	0	0
neutron	939.56536	11.05389578	99988.58981	0	0
neutron	939.56536	0.2012179943	99988.58981	0	0
alpha	3727.379	8.335463901	99988.58981	0	0
Si29	26984.28567	2.491765726	99988.58981	0	0
neutron	939.56536	1.606972505	99989.19576	0	0
Ne22	20479.73746	0.390750743	99989.19576	0	0
neutron	939.56536	1.98558728	99989.7974	0	0
triton	2808.921	14.4852771	99989.7974	0	0
F19	17692.30285	3.19350417	99989.7974	0	0
neutron	939.56536	0.09098608545	99989.3464	0	0
Ne22	20479.73746	0.1693675663	99989.3464	0	0
neutron	939.56536	0.1866388808	99988.9288	0	0
Ne22	20479.73746	0.3095874229	99988.9288	0	0
neutron	939.56536	0.1205766758	99989.89504	0	0
S34	31632.70018	0.1888015537	99989.89504	0	0
neutron	939.56536	3.353783622	99989.10686	0	0
neutron	939.56536	0.8666023671	99989.10686	0	0
S33	30704.55199	0.1561389483	99989.10686	0	0
neutron	939.56536	4.048483261	99988.86626	0	0
neutron	939.56536	3.163350755	99988.86626	0	0
neutron	939.56536	0.1505871351	99988.86626	0	0
S34	31632.70018	0.5748557043	99988.86626	0	0
neutron	939.56536	0.1470771582	99989.11608	0	0
Ne22	20479.73746	0.2210712942	99989.11608	0	0
neutron	939.56536	1.501151035	99989.35329	0	0
S34	31632.70018	0.2164328844	99989.35329	0	0
neutron	939.56536	16.0922742	99988.87136	0	0
neutron	939.56536	0.6221467465	99988.87136	0	0
neutron	939.56536	0.4811168218	99988.87136	0	0
S32	29773.62828	0.7329977192	99988.87136	0	0
S35	32565.27968	0.1559274656	99989.04118	0	0
Ne23	21414.10216	0.2201114195	99990.21122	0	0
neutron	939.56536	0.1207132321	99988.7696	0	0
S34	31632.70018	0.1769106326	99988.7696	0	0
neutron	939.56536	1.93351729	99989.53664	0	0
S34	31632.70018	0.1725406096	99989.53664	0	0
neutron	939.56536	1.33926561	99989.13827	0	0
S34	31632.70018	0.04386051571	99989.13827	0	0
neutron	939.56536	2.980979177	99988.48522	0	0
neutron	939.56536	2.963609195	99988.48522	0	0
alpha	3727.379	4.690816149	99988.48522	0	0
O17	15830.5038	1.048826775	99988.48522	0	0
neutron	939.56536	2.999777157	99988.69234	0	0
Ne22	20479.73746	0.3997859357	99988.69234	0	0
neutron	939.56536	1.475909038	99989.48434	0	0
S34	31632.70018	0.2233770505	99989.48434	0	0
neutron	939.56536	4.346396349	99989.28325	0	0
Ne22	20479.73746	0.5235590145	99989.28325	0	0
Ne23	21414.10216	0.2230239104	99989.66258	0	0
neutron	939.56536	0.2970018787	99988.70872	0	0
S34	31632.70018	0.1190059351	99988.70872	0	0
neutron	939.56536	3.053713762	99989.42591	0	0
neutron	939.56536	1.701240607	99989.42591	0	0
neutron	939.56536	1.10158881	99989.42591	0	0
alpha	3727.379	5.174760914	99989.42591	0	0
O16	14895.08153	2.355933754	99989.42591	0	0
neutron	939.56536	41.32473693	99988.61279	0	0
proton	938.272013	3.603603265	99988.61279	0	0
neutron	939.56536	2.324306154	99988.61279	0	0
proton	938.272013	2.108184569	99988.61279	0	0
Si31	28846.21977	2.420223005	99988.61279	0	0
neutron	939.56536	1.265256241	99988.98026	0	0
Ne22	20479.73746	0.08137863934	99988.98026	0	0
Ne23	21414.10216	0.2250223828	99989.64317	0	0
neutron	939.56536	44.01585641	99988.77685	0	0
neutron	939.56536	14.01296002	99988.77685	0	0
neutron	939.56536	0.326362225	99988.77685	0	0
Ne20	18617.73218	1.618098753	99988.77685	0	0
neutron	939.56536	4.380891815	99989.6887	0	0
neutron	939.56536	2.242263922	99989.6887	0	0
Ne21	19550.53637	0.2301896743	99989.6887	0	0
neutron	939.56536	0.2278945917	99988.95315	0	0
S34	31632.70018	0.2059974871	99988.95315	0	0
neutron	939.56536	2.442207716	99988.32813	0	0
S34	31632.70018	0.3500594537	99988.32813	0	0
neutron	939.56536	25.1907348	99989.35241	0	0
proton	938.272013	3.542089526	99989.35241	0	0
neutron	939.56536	3.337570841	99989.35241	0	0
neutron	939.56536	0.797624453	99989.35241	0	0
P31	28844.21869	0.7735624922	99989.35241	0	0
neutron	939.56536	0.4614870219	99988.97452	0	0
Ne22	20479.73746	0.1395105549	99988.97452	0	0
neutron	939.56536	0.3555369706	99989.69773	0	0
S34	31632.70018	0.1849760853	99989.69773	0	0
S35	32565.27968	0.1622801772	99989.13013	0	0
neutron	939.56536	8.032406409	99989.3021	0	0
neutron	939.56536	3.619825967	99989.3021	0	0
neutron	939.56536	1.364284675	99989.3021	0	0
S34	31632.70018	0.8624082978	99989.3021	0	0
neutron	939.56536	2.079925295	99989.4521	0	0
S34	31632.70018	0.3685324613	99989.4521	0	0
S35	32565.27968	0.143561066	99988.53688	0	0
Ne23	21414.10216	0.2070798681	99988.79587	0	0
neutron	939.56536	11.85611641	99989.51395	0	0
neutron	939.56536	4.301796993	99989.51395	0	0
neutron	939.56536	3.818730903	99989.51395	0	0
S34	31632.70018	0.1567165702	99989.51395	0	0
neutron	939.56536	1.322440904	99989.43819	0	0
S34	31632.70018	0.305034588	99989.43819	0	0
neutron	939.56536	0.4198825321	99989.97371	0	0
S34	31632.70018	0.1818823464	99989.97371	0	0
neutron	939.56536	0.4206839477	99989.01513	0	0
S34	31632.70018	0.0989619768	99989.01513	0	0
neutron	939.56536	0.9674758589	99989.52501	0	0
S34	31632.70018	0.109152023	99989.52501	0	0
neutron	939.56536	4.217242876	99988.67762	0	0
neutron	939.56536	2.826765977	99988.67762	0	0
Ne21	19550.53637	0.282079371	99988.67762	0	0
neutron	939.56536	1.119076511	99988.40736	0	0
S34	31632.70018	0.1115075724	99988.40736	0	0
S35	32565.27968	0.1618797828	99989.02485	0	0
neutron	939.56536	5.88325888	99988.76131	0	0
S34	31632.70018	0.221420713	99988.76131	0	0
neutron	939.56536	0.2792354776	99988.68166	0	0
S34	31632.70018	0.2096670058	99988.68166	0	0
proton	938.272013	27.54722499	99988.9038	0	0
neutron	939.56536	1.262487329	99988.9038	0	0
neutron	939.56536	0.4060555147	99988.9038	0	0
neutron	939.56536	0.04337250348	99988.9038	0	0
P33	30705.30994	1.140944351	99988.9038	0	0
neutron	939.56536	2.053545827	99989.16653	0	0
Ne22	20479.73746	0.1037535305	99989.16653	0	0
neutron	939.56536	13.02000595	99989.5394	0	0
neutron	939.56536	5.941288217	99989.5394	0	0
neutron	939.56536	0.7247940259	99989.5394	0	0
Ne20	18617.73218	2.28026527	99989.5394	0	0
S35	32565.27968	0.1467832343	99988.71987	0	0
neutron	939.56536	9.913909427	99989.31065	0	0
neutron	939.56536	6.399694392	99989.31065	0	0
neutron	939.56536	0.2182551433	99989.31065	0	0
S32	29773.62828	0.3448103405	99989.31065	0	0
neutron	939.56536	2.992403177	99988.72731	0	0
S34	31632.70018	0.3013182815	99988.72731	0	0
neutron	939.56536	4.376260421	99989.04343	0	0
neutron	939.56536	0.963842244	99989.04343	0	0
S35	32565.27968	0.1691537104	99989.04343	0	0
Ne23	21414.10216	0.2149347444	99988.54319	0	0
neutron	939.56536	0.5801943455	99989.42715	0	0
S34	31632.70018	0.131736746	99989.42715	0	0
neutron	939.56536	0.6841859229	99988.95521	0	0
S34	31632.70018	0.1400269258	99988.95521	0	0
S35	32565.27968	0.1546939768	99988.59892	0	0
neutron	939.56536	0.2023296081	99988.88152	0	0
Ne22	20479.73746	0.21753503	99988.88152	0	0
neutron	939.56536	4.726660092	99989.03901	0	0
Ne22	20479.73746	0.03508659165	99989.03901	0	0
neutron	939.56536	6.923474286	99989.39703	0	0
neutron	939.56536	3.895027305	99989.39703	0	0
S33	30704.55199	0.6294315377	99989.39703	0	0
neutron	939.56536	12.60257172	99989.26202	0	0
proton	938.272013	4.073785954	99989.26202	0	0
neutron	939.56536	3.56829253	99989.26202	0	0
neutron	939.56536	3.252123338	99989.26202	0	0
proton	938.272013	2.545883769	99989.26202	0	0
O18	16762.02378	1.949723411	99989.26202	0	0
neutron	939.56536	9.113668384	99988.96472	0	0
neutron	939.56536	0.4960575306	99988.96472	0	0
S33	30704.55199	0.3535661653	99988.96472	0	0
neutron	939.56536	39.16372988	99989.65579	0	0
neutron	939.56536	9.445180078	99989.65579	0	0
neutron	939.56536	1.572579904	99989.65579	0	0
alpha	3727.379	8.372722461	99989.65579	0	0
O16	14895.08153	1.007472631	99989.65579	0	0
neutron	939.56536	0.9517317922	99989.31675	0	0
S36	33494.9558	0.2700811788	99989.31675	0	0
neutron	939.56536	1.143967461	99988.83751	0	0
S34	31632.70018	0.1986805276	99988.83751	0	0
neutron	939.56536	9.702440735	99989.53258	0	0
neutron	939.56536	3.124023784	99989.53258	0	0
triton	2808.921	3.565191405	99989.53258	0	0
deuteron	1875.613	5.288468328	99989.53258	0	0
O16	14895.08153	1.501457235	99989.53258	0	0
neutron	939.56536	0.6325083441	99989.62042	0	0
Ne22	20479.73746	0.3723012943	99989.62042	0	0
neutron	939.56536	2.253549762	99988.93552	0	0
S36	33494.9558	0.1707578956	99988.93552	0	0
neutron	939.56536	0.7615092546	99989.3672	0	0
Ne22	20479.73746	0.1235127338	99989.3672	0	0
neutron	939.56536	34.70687317	99989.26133	0	0
proton	938.272013	9.576610146	99989.26133	0	0
P33	30705.30994	0.3617431717	99989.26133	0	0
S35	32565.27968	0.1571015262	99989.08033	0	0
neutron	939.56536	2.358660134	99989.43463	0	0
S34	31632.70018	0.06516214792	99989.43463	0	0
S35	32565.27968	0.1617416547	99989.70318	0	0
neutron	939.56536	10.2162841	99989.23485	0	0
neutron	939.56536	7.109217038	99989.23485	0	0
neutron	939.56536	1.479657215	99989.23485	0	0
S34	31632.70018	0.9379169747	99989.23485	0	0
neutron	939.56536	4.522686787	99989.32	0	0
neutron	939.56536	0.3227629691	99989.32	0	0
S33	30704.55199	0.1698293476	99989.32	0	0
neutron	939.56536	2.582151829	99989.29315	0	0
neutron	939.56536	1.823199764	99989.29315	0	0
neutron	939.56536	0.7741667283	99989.29315	0	0
alpha	3727.379	7.205112041	99989.29315	0	0
Si28	26053.19393	0.5435099782	99989.29315	0	0
neutron	939.56536	3.749114172	99989.55353	0	0
S34	31632.70018	0.1373142568	99989.55353	0	0
S37	34430.21755	0.1344234124	99989.55361	0	0
neutron	939.56536	5.612232726	99989.01818	0	0
proton	938.272013	4.058059639	99989.01818	0	0
neutron	939.56536	2.688406576	99989.01818	0	0
P34	31638.59261	0.9040111385	99989.01818	0	0
S35	32565.27968	0.1573711912	99989.1304	0	0
neutron	939.56536	0.08323686741	99989.77417	0	0
Ne22	20479.73746	0.2161959639	99989.77417	0	0
Ne23	21414.10216	0.2324702467	99988.3255	0	0
proton	938.272013	4.614440203	99989.10153	0	0
neutron	939.56536	4.377545565	99989.10153	0	0
neutron	939.56536	1.180386075	99989.10153	0	0
deuteron	1875.613	8.574707972	99989.10153	0	0
Si30	27913.24182	0.3996916201	99989.10153	0	0
Ne23	21414.10216	0.2288152057	99988.86519	0	0
Ne23	21414.10216	0.2272065125	99989.85019	0	0
neutron	939.56536	2.97494126	99989.12074	0	0
S36	33494.9558	0.3486299591	99989.12074	0	0
neutron	939.56536	12.83128689	99990.17048	0	0
neutron	939.56536	8.348861286	99990.17048	0	0
proton	938.272013	3.167855174	99990.17048	0	0
P32	29775.84838	1.234782852	99990.17048	0	0
Ne23	21414.10216	0.2251497522	99988.98285	0	0
neutron	939.56536	7.690511085	99989.07921	0	0
neutron	939.56536	5.263120857	99989.07921	0	0
neutron	939.56536	1.372851611	99989.07921	0	0
alpha	3727.379	7.077057257	99989.07921	0	0
O16	14895.08153	0.605320346	99989.07921	0	0
neutron	939.56536	6.270347958	99988.58735	0	0
neutron	939.56536	4.710451938	99988.58735	0	0
neutron	939.56536	3.23328437	99988.58735	0	0
neutron	939.56536	2.622137641	99988.58735	0	0
neutron	939.56536	2.437445467	99988.58735	0	0
proton	938.272013	2.130113021	99988.58735	0	0
P31	28844.21869	1.385041021	99988.58735	0	0
neutron	939.56536	5.495652703	99989.25389	0	0
proton	938.272013	2.756307213	99989.25389	0	0
neutron	939.56536	2.527149421	99989.25389	0	0
P32	29775.84838	0.2747824755	99989.25389	0	0
proton	938.272013	18.94004987	99988.76476	0	0
neutron	939.56536	9.953729219	99988.76476	0	0
neutron	939.56536	6.962172754	99988.76476	0	0
proton	938.272013	2.238955345	99988.76476	0	0
neutron	939.56536	1.616955719	99988.76476	0	0
Si30	27913.24182	1.806818253	99988.76476	0	0
proton	938.272013	3.118953572	99989.73802	0	0
neutron	939.56536	2.604190898	99989.73802	0	0
neutron	939.56536	1.400236238	99989.73802	0	0
P32	29775.84838	0.1912858003	99989.73802	0	0
proton	938.272013	21.18858919	99989.58994	0	0
neutron	939.56536	1.58785467	99989.58994	0	0
neutron	939.56536	0.9930604865	99989.58994	0	0
neutron	939.56536	0.6292101024	99989.58994	0	0
F19	17692.30285	1.557895002	99989.58994	0	0
Ne23	21414.10216	0.2107736007	99989.70936	0	0
neutron	939.56536	0.300660631	99988.90386	0	0
S34	31632.70018	0.1227570415	99988.90386	0	0
neutron	939.56536	0.9890876836	99990.27498	0	0
S34	31632.70018	0.2524652118	99990.27498	0	0
proton	938.272013	28.8855247	99989.03791	0	0
neutron	939.56536	5.595199765	99989.03791	0	0
P33	30705.30994	0.7317971555	99989.03791	0	0
neutron	939.56536	13.65189088	99989.19253	0	0
neutron	939.56536	10.02762056	99989.19253	0	0
neutron	939.56536	3.344126678	99989.19253	0	0
alpha	3727.379	5.676781851	99989.19253	0	0
O16	14895.08153	0.6479308562	99989.19253	0	0
neutron	939.56536	0.6378148843	99989.61994	0	0
S34	31632.70018	0.1446382992	99989.61994	0	0
S35	32565.27968	0.1561498174	99989.19563	0	0
neutron	939.56536	0.4310890291	99989.24833	0	0
Ne22	20479.73746	0.2157560908	99989.24833	0	0
neutron	939.56536	25.57774437	99989.08916	0	0
neutron	939.56536	1.881968148	99989.08916	0	0
neutron	939.56536	0.4216471841	99989.08916	0	0
S32	29773.62828	0.7884754961	99989.08916	0	0
neutron	939.56536	0.1995238358	99989.98061	0	0
S34	31632.70018	0.1020010229	99989.98061	0	0
neutron	939.56536	8.589431639	99990.05798	0	0
proton	938.272013	3.922618655	99990.05798	0	0
neutron	939.56536	0.6054715927	99990.05798	0	0
F20	18625.26686	0.1892809576	99990.05798	0	0
neutron	939.56536	0.1898649965	99990.03781	0	0
S34	31632.70018	0.1817236227	99990.03781	0	0
neutron	939.56536	3.234678576	99989.02921	0	0
neutron	939.56536	2.080718812	99989.02921	0	0
neutron	939.56536	0.5461765582	99989.02921	0	0
neutron	939.56536	0.2441387064	99989.02921	0	0
S33	30704.55199	0.3310548238	99989.02921	0	0
neutron	939.56536	23.08968046	99989.00902	0	0
neutron	939.56536	7.217732689	99989.00902	0	0
neutron	939.56536	3.690402886	99989.00902	0	0
alpha	3727.379	5.291088486	99989.00902	0	0
O16	14895.08153	1.168940538	99989.00902	0	0
proton	938.272013	16.6615549	99989.1586	0	0
neutron	939.56536	8.609374065	99989.1586	0	0
proton	938.272013	6.206874068	99989.1586	0	0
neutron	939.56536	2.178234172	99989.1586	0	0
neutron	939.56536	0.3133810293	99989.1586	0	0
O18	16762.02378	0.5722334519	99989.1586	0	0
neutron	939.56536	19.67205206	99989.12933	0	0
neutron	939.56536	6.516955996	99989.12933	0	0
proton	938.272013	4.889757353	99989.12933	0	0
neutron	939.56536	3.350423673	99989.12933	0	0
proton	938.272013	2.26899407	99989.12933	0	0
neutron	939.56536	0.9607897248	99989.12933	0	0
Si29	26984.28567	0.4400694855	99989.12933	0	0
neutron	939.56536	0.6092634533	99988.81492	0	0
Ne22	20479.73746	0.2413174	99988.81492	0	0
neutron	939.56536	44.25057818	99989.29413	0	0
neutron	939.56536	13.0684076	99989.29413	0	0
neutron	939.56536	2.394749996	99989.29413	0	0
S34	31632.70018	1.202979873	99989.29413	0	0
S35	32565.27968	0.1413122816	99989.26619	0	0
neutron	939.56536	0.3214471158	99989.91861	0	0
Ne22	20479.73746	0.2093642264	99989.91861	0	0
neutron	939.56536	0.06436856825	99989.35517	0	0
S34	31632.70018	0.1210682847	99989.35517	0	0
neutron	939.56536	5.415409412	99989.68291	0	0
proton	938.272013	4.508771836	99989.68291	0	0
neutron	939.56536	3.618029108	99989.68291	0	0
neutron	939.56536	2.269382952	99989.68291	0	0
alpha	3727.379	6.561587553	99989.68291	0	0
N15	13968.93638	1.391038125	99989.68291	0	0
S37	34430.21755	0.1396896469	99988.88793	0	0
neutron	939.56536	0.1327261442	99988.91118	0	0
S34	31632.70018	0.1894924869	99988.91118	0	0
neutron	939.56536	1.02832566	99989.19162	0	0
S34	31632.70018	0.06711563037	99989.19162	0	0
neutron	939.56536	11.45962308	99988.67164	0	0
neutron	939.56536	2.749378371	99988.67164	0	0
deuteron	1875.613	9.563347739	99988.67164	0	0
P31	28844.21869	0.6346201849	99988.67164	0	0
Ne23	21414.10216	0.217524069	99989.64925	0	0
neutron	939.56536	0.6246470157	99989.54034	0	0
S34	31632.70018	0.09767994704	99989.54034	0	0
neutron	939.56536	0.5413454641	99989.88844	0	0
S34	31632.70018	0.1442906302	99989.88844	0	0
Ne23	21414.10216	0.2282543829	99988.80108	0	0
neutron	939.56536	1.007777121	99989.18814	0	0
S34	31632.70018	0.09647434619	99989.18814	0	0
proton	938.272013	17.19517786	99989.30194	0	0
neutron	939.56536	6.486708098	99989.30194	0	0
neutron	939.56536	2.37692636	99989.30194	0	0
neutron	939.56536	0.8756778645	99989.30194	0	0
alpha	3727.379	3.276485602	99989.30194	0	0
N15	13968.93638	3.331164492	99989.30194	0	0
proton	938.272013	10.77197029	99989.08876	0	0
neutron	939.56536	6.976383734	99989.08876	0	0
neutron	939.56536	2.565670355	99989.08876	0	0
F20	18625.26686	0.03270351161	99989.08876	0	0
S35	32565.27968	0.1573205094	99989.75157	0	0
neutron	939.56536	7.384159199	99989.93485	0	0
neutron	939.56536	6.021596222	99989.93485	0	0
neutron	939.56536	0.2632690335	99989.93485	0	0
Ne20	18617.73218	1.167038856	99989.93485	0	0
S35	32565.27968	0.1517175867	99988.48257	0	0
neutron	939.56536	0.8025630898	99988.86869	0	0
Ne22	20479.73746	0.3358131722	99988.86869	0	0
Ne23	21414.10216	0.2296379937	99988.60973	0	0
neutron	939.56536	17.36577422	99989.81627	0	0
neutron	939.56536	1.753529677	99989.81627	0	0
S33	30704.55199	0.3440677469	99989.81627	0	0
Ne23	21414.10216	0.2261689285	99989.63647	0	0
neutron	939.56536	1.216954034	99989.78325	0	0
S34	31632.70018	0.2646993577	99989.78325	0	0
neutron	939.56536	0.6211948783	99989.63983	0	0
S36	33494.9558	0.2039731239	99989.63983	0	0
neutron	939.56536	1.176351302	99988.89604	0	0
S34	31632.70018	0.1855301048	99988.89604	0	0
neutron	939.56536	0.1744752457	99989.6143	0	0
S34	31632.70018	0.1474926978	99989.6143	0	0
neutron	939.56536	1.088684149	99990.11711	0	0
Ne22	20479.73746	0.2795269965	99990.11711	0	0
neutron	939.56536	1.546298574	99990.17763	0	0
S36	33494.9558	0.191863009	99990.17763	0	0
neutron	939.56536	1.623862957	99989.46463	0	0
Ne22	20479.73746	0.1013679384	99989.46463	0	0
neutron	939.56536	4.127672356	99989.10158	0	0
neutron	939.56536	1.15134189	99989.10158	0	0
alpha	3727.379	10.59078904	99989.10158	0	0
O17	15830.5038	1.625596564	99989.10158	0	0
neutron	939.56536	3.574062008	99988.64045	0	0
neutron	939.56536	1.591134099	99988.64045	0	0
neutron	939.56536	1.09716104	99988.64045	0	0
S34	31632.70018	0.1371722653	99988.64045	0	0
neutron	939.56536	3.626294992	99988.76797	0	0
S34	31632.70018	0.07285644685	99988.76797	0	0
neutron	939.56536	33.97468473	99989.60945	0	0
neutron	939.56536	3.990138082	99989.60945	0	0
neutron	939.56536	2.82714488	99989.60945	0	0
proton	938.272013	2.173930823	99989.60945	0	0
alpha	3727.379	8.675052324	99989.60945	0	0
N15	13968.93638	2.565922244	99989.60945	0	0
neutron	939.56536	4.642952539	99988.61217	0	0
neutron	939.56536	4.213332598	99988.61217	0	0
neutron	939.56536	2.120174091	99988.61217	0	0
alpha	3727.379	4.312203505	99988.61217	0	0
O16	14895.08153	1.09039296	99988.61217	0	0
Ne23	21414.10216	0.2063256298	99989.13396	0	0
neutron	939.56536	3.502738477	99987.88946	0	0
alpha	3727.379	7.248034615	99987.88946	0	0
Si30	27913.24182	0.9099181332	99987.88946	0	0
neutron	939.56536	6.332591831	99988.62115	0	0
Ne22	20479.73746	0.3762159261	99988.62115	0	0
S35	32565.27968	0.1581834882	99989.32537	0	0
neutron	939.56536	0.7913132786	99989.0089	0	0
S34	31632.70018	0.1708053948	99989.0089	0	0
neutron	939.56536	22.92850391	99989.54216	0	0
neutron	939.56536	2.939972925	99989.54216	0	0
neutron	939.56536	2.462379896	99989.54216	0	0
Ne20	18617.73218	1.66149352	99989.54216	0	0
neutron	939.56536	1.151034875	99989.63492	0	0
S34	31632.70018	0.09865656608	99989.63492	0	0
neutron	939.56536	1.427272877	99989.44069	0	0
S36	33494.9558	0.1536722848	99989.44069	0	0
neutron	939.56536	19.20071383	99988.79729	0	0
neutron	939.56536	2.968069955	99988.79729	0	0
neutron	939.56536	0.5650086246	99988.79729	0	0
Ne20	18617.73218	0.7399855313	99988.79729	0	0
neutron	939.56536	6.6475708	99989.05281	0	0
neutron	939.56536	4.666744572	99989.05281	0	0
neutron	939.56536	1.492677222	99989.05281	0	0
alpha	3727.379	3.201352416	99989.05281	0	0
O16	14895.08153	3.033747237	99989.05281	0	0
neutron	939.56536	12.08745043	99988.56242	0	0
neutron	939.56536	10.58270854	99988.56242	0	0
proton	938.272013	8.339484493	99988.56242	0	0
neutron	939.56536	4.776983893	99988.56242	0	0
neutron	939.56536	4.549770402	99988.56242	0	0
P32	29775.84838	0.07042592658	99988.56242	0	0
neutron	939.56536	0.6369157585	99989.09668	0	0
S36	33494.9558	0.1461156303	99989.09668	0	0
neutron	939.56536	10.58793524	99988.34252	0	0
neutron	939.56536	4.809530089	99988.34252	0	0
neutron	939.56536	3.930349392	99988.34252	0	0
alpha	3727.379	6.935691537	99988.34252	0	0
O16	14895.08153	0.5735093036	99988.34252	0	0
neutron	939.56536	0.5656537679	99989.05101	0	0
Ne22	20479.73746	0.229957772	99989.05101	0	0
Ne23	21414.10216	0.2233376264	99988.71631	0	0
neutron	939.56536	0.1007681618	99988.97484	0	0
Ne22	20479.73746	0.2182857191	99988.97484	0	0
neutron	939.56536	12.0188245	99988.59469	0	0
neutron	939.56536	9.710466331	99988.59469	0	0
neutron	939.56536	3.047101158	99988.59469	0	0
alpha	3727.379	7.10503622	99988.59469	0	0
alpha	3727.379	7.703391639	99988.59469	0	0
Mg24	22335.7966	0.7685526945	99988.59469	0	0
S35	32565.27968	0.1428086268	99988.8763	0	0
neutron	939.56536	4.826195287	99989.4129	0	0
S34	31632.70018	0.012256779	99989.4129	0	0
proton	938.272013	4.365886393	99989.21637	0	0
neutron	939.56536	1.675739754	99989.21637	0	0
neutron	939.56536	0.2962759011	99989.21637	0	0
P32	29775.84838	0.1959640338	99989.21637	0	0
neutron	939.56536	0.460855768	99989.65996	0	0
S34	31632.70018	0.2121680542	99989.65996	0	0
S35	32565.27968	0.1504310356	99988.92002	0	0
neutron	939.56536	11.266972	99990.59653	0	0
Ne22	20479.73746	0.84639162	99990.59653	0	0
neutron	939.56536	0.4673395115	99989.40639	0	0
Ne22	20479.73746	0.360168458	99989.40639	0	0
S37	34430.21755	0.1398092971	99989.28609	0	0
S37	34430.21755	0.1370968822	99989.93073	0	0
neutron	939.56536	16.82597056	99988.7256	0	0
neutron	939.56536	0.6705110632	99988.7256	0	0
S33	30704.55199	0.1992131433	99988.7256	0	0
proton	938.272013	17.94004136	99989.9141	0	0
neutron	939.56536	8.510810562	99989.9141	0	0
proton	938.272013	3.325077652	99989.9141	0	0
neutron	939.56536	0.9624054674	99989.9141	0	0
Si31	28846.21977	0.2319582254	99989.9141	0	0
S35	32565.27968	0.1478134422	99989.55265	0	0
neutron	939.56536	0.4830224416	99989.34275	0	0
S34	31632.70018	0.2379176745	99989.34275	0	0
neutron	939.56536	8.679589845	99989.01987	0	0
neutron	939.56536	5.173175066	99989.01987	0	0
proton	938.272013	3.140803363	99989.01987	0	0
neutron	939.56536	0.4341398213	99989.01987	0	0
P31	28844.21869	0.8859784616	99989.01987	0	0
neutron	939.56536	4.471162187	99989.88027	0	0
neutron	939.56536	0.9981159327	99989.88027	0	0
neutron	939.56536	0.6066548166	99989.88027	0	0
Ne20	18617.73218	0.3566587731	99989.88027	0	0
neutron	939.56536	1.108781495	99989.36389	0	0
Ne22	20479.73746	0.4556184632	99989.36389	0	0
neutron	939.56536	9.052048399	99989.28709	0	0
neutron	939.56536	4.173814845	99989.28709	0	0
neutron	939.56536	1.430316735	99989.28709	0	0
Ne20	18617.73218	0.8532062802	99989.28709	0	0
neutron	939.56536	0.9602810364	99989.46884	0	0
Ne22	20479.73746	0.08710673681	99989.46884	0	0
S35	32565.27968	0.1478555058	99989.40555	0	0
neutron	939.56536	3.338476884	99989.17802	0	0
S34	31632.70018	0.2536276322	99989.17802	0	0
S35	32565.27968	0.1668188027	99989.37551	0	0
S35	32565.27968	0.1408855231	99989.29942	0	0
S35	32565.27968	0.1665262066	99988.95775	0	0
neutron	939.56536	5.299035159	99989.22757	0	0
proton	938.272013	5.030691793	99989.22757	0	0
neutron	939.56536	4.19205706	99989.22757	0	0
proton	938.272013	4.090221075	99989.22757	0	0
neutron	939.56536	2.826827875	99989.22757	0	0
neutron	939.56536	1.479384694	99989.22757	0	0
Si29	26984.28567	1.692222702	99989.22757	0	0
Ne23	21414.10216	0.213680597	99989.13524	0	0
neutron	939.56536	1.189508492	99988.2894	0	0
S36	33494.9558	0.2777437919	99988.2894	0	0
neutron	939.56536	0.04070021475	99989.40187	0	0
Ne22	20479.73746	0.2046833387	99989.40187	0	0
proton	938.272013	40.42122783	99989.4109	0	0
neutron	939.56536	4.122329646	99989.4109	0	0
neutron	939.56536	2.935412303	99989.4109	0	0
P34	31638.59261	1.253703436	99989.4109	0	0
S35	32565.27968	0.142229176	99989.42768	0	0
proton	938.272013	19.3582389	99989.14824	0	0
neutron	939.56536	1.245442985	99989.14824	0	0
F21	19556.73074	0.8750017391	99989.14824	0	0
Ne23	21414.10216	0.2172742172	99989.63557	0	0
neutron	939.56536	11.50355632	99989.9289	0	0
neutron	939.56536	1.648186786	99989.9289	0	0
Ne21	19550.53637	0.976547574	99989.9289	0	0
S37	34430.21755	0.1393274618	99989.23583	0	0
S35	32565.27968	0.1501552069	99990.05165	0	0
neutron	939.56536	0.7313147162	99988.69963	0	0
Ne22	20479.73746	0.3951040653	99988.69963	0	0
neutron	939.56536	0.5799115985	99988.90051	0	0
Ne22	20479.73746	0.1547064938	99988.90051	0	0
neutron	939.56536	6.753502278	99989.55843	0	0
neutron	939.56536	2.676795576	99989.55843	0	0
neutron	939.56536	2.08968169	99989.55843	0	0
S32	29773.62828	0.2406152879	99989.55843	0	0
neutron	939.56536	1.173264311	99988.98045	0	0
Ne22	20479.73746	0.1485025294	99988.98045	0	0
neutron	939.56536	3.002387394	99988.67732	0	0
S34	31632.70018	0.1313111204	99988.67732	0	0
neutron	939.56536	0.5931957469	99990.16314	0	0
S34	31632.70018	0.1667565856	99990.16314	0	0
Ne23	21414.10216	0.2140366385	99989.41657	0	0
neutron	939.56536	1.035820742	99989.45548	0	0
S34	31632.70018	0.1262530661	99989.45548	0	0
neutron	939.56536	4.662865669	99989.52423	0	0
Ne22	20479.73746	0.07128148061	99989.52423	0	0
neutron	939.56536	26.41888577	99989.50338	0	0
proton	938.272013	9.60686575	99989.50338	0	0
neutron	939.56536	4.678082402	99989.50338	0	0
neutron	939.56536	1.595132149	99989.50338	0	0
P31	28844.21869	1.2603744	99989.50338	0	0
Ne23	21414.10216	0.2328332695	99988.27048	0	0
neutron	939.56536	1.443848709	99989.06238	0	0
S34	31632.70018	0.232101148	99989.06238	0	0
Ne23	21414.10216	0.2144893947	99989.04694	0	0
neutron	939.56536	4.876380295	99989.60545	0	0
neutron	939.56536	4.448615637	99989.60545	0	0
neutron	939.56536	2.60082509	99989.60545	0	0
Ne20	18617.73218	0.6877252776	99989.60545	0	0
Ne23	21414.10216	0.2131775993	99989.69181	0	0
neutron	939.56536	0.3514939931	99988.85841	0	0
S34	31632.70018	0.1119465702	99988.85841	0	0
neutron	939.56536	7.968354156	99988.88181	0	0
neutron	939.56536	1.447184818	99988.88181	0	0
Ne21	19550.53637	0.8306048208	99988.88181	0	0
proton	938.272013	8.101778444	99988.54428	0	0
P36	33505.87834	0.1597271713	99988.54428	0	0
neutron	939.56536	11.47148669	99989.21394	0	0
neutron	939.56536	6.969630922	99989.21394	0	0
Ne21	19550.53637	1.347863688	99989.21394	0	0
neutron	939.56536	0.846196757	99989.41022	0	0
Ne22	20479.73746	0.4099671695	99989.41022	0	0
neutron	939.56536	26.07628632	99988.72565	0	0
neutron	939.56536	3.635257333	99988.72565	0	0
neutron	939.56536	0.3475004794	99988.72565	0	0
S32	29773.62828	0.3591497678	99988.72565	0	0
neutron	939.56536	0.9767309839	99990.04859	0	0
S34	31632.70018	0.04948301966	99990.04859	0	0
neutron	939.56536	0.4369745917	99989.09738	0	0
S34	31632.70018	0.2121089147	99989.09738	0	0
neutron	939.56536	0.187678239	99988.90744	0	0
S36	33494.9558	0.1060377407	99988.90744	0	0
neutron	939.56536	19.3594945	99989.0621	0	0
proton	938.272013	10.77072064	99989.0621	0	0
proton	938.272013	7.974555456	99989.0621	0	0
Si34	31643.69416	0.467363432	99989.0621	0	0
neutron	939.56536	7.961796695	99988.55797	0	0
neutron	939.56536	2.77284907	99988.55797	0	0
neutron	939.56536	2.447067802	99988.55797	0	0
S34	31632.70018	0.1957401218	99988.55797	0	0
neutron	939.56536	27.44274946	99988.74873	0	0
neutron	939.56536	1.765994157	99988.74873	0	0
alpha	3727.379	8.24211188	99988.74873	0	0
Si29	26984.28567	4.039421981	99988.74873	0	0
neutron	939.56536	22.39825562	99989.47782	0	0
neutron	939.56536	4.823040979	99989.47782	0	0
neutron	939.56536	0.7995422553	99989.47782	0	0
S34	31632.70018	1.074248087	99989.47782	0	0
proton	938.272013	30.12025862	99988.90142	0	0
neutron	939.56536	1.213446871	99988.90142	0	0
neutron	939.56536	0.5319086278	99988.90142	0	0
P32	29775.84838	0.7330840773	99988.90142	0	0
neutron	939.56536	11.12343377	99988.6087	0	0
neutron	939.56536	8.038921046	99988.6087	0	0
neutron	939.56536	6.069870468	99988.6087	0	0
proton	938.272013	4.616840647	99988.6087	0	0
proton	938.272013	2.743525171	99988.6087	0	0
Si30	27913.24182	1.327598286	99988.6087	0	0
neutron	939.56536	0.3154076486	99989.39011	0	0
S34	31632.70018	0.1868901512	99989.39011	0	0
neutron	939.56536	9.085932687	99989.11347	0	0
neutron	939.56536	7.18386467	99989.11347	0	0
proton	938.272013	5.360166675	99989.11347	0	0
proton	938.272013	5.100037974	99989.11347	0	0
neutron	939.56536	1.886991767	99989.11347	0	0
neutron	939.56536	0.548957421	99989.11347	0	0
Si29	26984.28567	0.6090776698	99989.11347	0	0
neutron	939.56536	0.6627530222	99989.03363	0	0
Ne22	20479.73746	0.0921000452	99989.03363	0	0
neutron	939.56536	7.068317535	99989.17719	0	0
neutron	939.56536	1.623228163	99989.17719	0	0
S33	30704.55199	0.3760049012	99989.17719	0	0
neutron	939.56536	32.40171284	99989.62369	0	0
neutron	939.56536	4.754210132	99989.62369	0	0
neutron	939.56536	0.4280063032	99989.62369	0	0
Ne20	18617.73218	2.710002249	99989.62369	0	0
Ne23	21414.10216	0.226214777	99988.63286	0	0
proton	938.272013	15.18572409	99988.79216	0	0
F22	20491.06576	1.014257543	99988.79216	0	0
neutron	939.56536	0.6193897006	99989.35319	0	0
Ne22	20479.73746	0.2328857109	99989.35319	0	0
S37	34430.21755	0.1431824479	99989.59853	0	0
neutron	939.56536	2.717524675	99989.20589	0	0
S34	31632.70018	0.2543955179	99989.20589	0	0
Ne23	21414.10216	0.2290457214	99989.81775	0	0
S35	32565.27968	0.1460283922	99989.39199	0	0
proton	938.272013	6.132529442	99990.15379	0	0
proton	938.272013	4.116163006	99990.15379	0	0
neutron	939.56536	3.769739191	99990.15379	0	0
neutron	939.56536	2.429868823	99990.15379	0	0
neutron	939.56536	1.377737122	99990.15379	0	0
Si30	27913.24182	0.1470374188	99990.15379	0	0
neutron	939.56536	8.455260417	99989.62185	0	0
neutron	939.56536	2.902639831	99989.62185	0	0
neutron	939.56536	1.811527024	99989.62185	0	0
alpha	3727.379	6.821387194	99989.62185	0	0
Si30	27913.24182	0.5769158196	99989.62185	0	0
S35	32565.27968	0.1551665106	99988.94858	0	0
neutron	939.56536	1.506377878	99989.95664	0	0
S34	31632.70018	0.2991768003	99989.95664	0	0
neutron	939.56536	16.31851197	99990.07346	0	0
neutron	939.56536	14.43704727	99990.07346	0	0
proton	938.272013	6.389473521	99990.07346	0	0
proton	938.272013	4.393882247	99990.07346	0	0
neutron	939.56536	1.880553907	99990.07346	0	0
Si30	27913.24182	0.6785304401	99990.07346	0	0
neutron	939.56536	0.355793366	99989.21468	0	0
S34	31632.70018	0.0887761741	99989.21468	0	0
neutron	939.56536	0.6258057201	99988.89818	0	0
S34	31632.70018	0.2448365116	99988.89818	0	0
neutron	939.56536	6.403406402	99989.92378	0	0
Ne22	20479.73746	0.7753872593	99989.92378	0	0
S35	32565.27968	0.1545926851	99989.84531	0	0
proton	938.272013	32.1519175	99989.10255	0	0
proton	938.272013	7.349865857	99989.10255	0	0
neutron	939.56536	4.525799937	99989.10255	0	0
Si32	29776.58515	1.51071669	99989.10255	0	0
neutron	939.56536	1.236864113	99989.03103	0	0
Ne22	20479.73746	0.342879042	99989.03103	0	0
Ne23	21414.10216	0.2125355237	99989.9801	0	0
neutron	939.56536	15.92896503	99990.80803	0	0
neutron	939.56536	2.315040528	99990.80803	0	0
S35	32565.27968	0.4936987921	99990.80803	0	0
S35	32565.27968	0.153029391	99989.14346	0	0
neutron	939.56536	6.679671626	99989.07589	0	0
neutron	939.56536	4.25750861	99989.07589	0	0
neutron	939.56536	1.951403519	99989.07589	0	0
S34	31632.70018	0.2616616632	99989.07589	0	0
neutron	939.56536	2.642899153	99989.73041	0	0
neutron	939.56536	2.246757575	99989.73041	0	0
neutron	939.56536	0.2972147027	99989.73041	0	0
Ne20	18617.73218	0.1369629315	99989.73041	0	0
Ne23	21414.10216	0.2311782326	99989.2619	0	0
neutron	939.56536	24.13206214	99989.16862	0	0
neutron	939.56536	1.156814388	99989.16862	0	0
neutron	939.56536	0.9364457993	99989.16862	0	0
Ne20	18617.73218	1.146709467	99989.16862	0	0
neutron	939.56536	3.072803527	99989.62944	0	0
S34	31632.70018	0.3800039137	99989.62944	0	0
S35	32565.27968	0.1506546166	99988.90887	0	0
S35	32565.27968	0.1526683534	99989.26866	0	0
neutron	939.56536	8.657264472	99988.71952	0	0
neutron	939.56536	3.962213607	99988.71952	0	0
neutron	939.56536	2.238361903	99988.71952	0	0
alpha	3727.379	7.101269252	99988.71952	0	0
O16	14895.08153	1.466149242	99988.71952	0	0
neutron	939.56536	14.0532478	99988.69427	0	0
neutron	939.56536	13.20567113	99988.69427	0	0
neutron	939.56536	3.038265454	99988.69427	0	0
Ne20	18617.73218	0.2224152454	99988.69427	0	0
proton	938.272013	14.32689674	99989.353	0	0
neutron	939.56536	5.945773946	99989.353	0	0
neutron	939.56536	1.137565426	99989.353	0	0
P34	31638.59261	0.09709798115	99989.353	0	0
neutron	939.56536	1.242808315	99989.14219	0	0
S34	31632.70018	0.1437681212	99989.14219	0	0
neutron	939.56536	19.64142806	99989.77867	0	0
neutron	939.56536	4.13220711	99989.77867	0	0
neutron	939.56536	2.686711197	99989.77867	0	0
alpha	3727.379	7.298134706	99989.77867	0	0
O16	14895.08153	0.924604795	99989.77867	0	0
neutron	939.56536	0.964776969	99989.04546	0	0
S34	31632.70018	0.07503182436	99989.04546	0	0
neutron	939.56536	0.8482625824	99989.27325	0	0
S34	31632.70018	0.2295710616	99989.27325	0	0
neutron	939.56536	2.947045892	99989.53458	0	0
neutron	939.56536	0.8667601044	99989.53458	0	0
Ne21	19550.53637	0.4077188165	99989.53458	0	0
Ne23	21414.10216	0.2355648989	99989.27817	0	0
neutron	939.56536	37.43626159	99989.45936	0	0
neutron	939.56536	1.349488038	99989.45936	0	0
neutron	939.56536	1.081463794	99989.45936	0	0
S32	29773.62828	1.765418526	99989.45936	0	0
neutron	939.56536	1.134550873	99988.81563	0	0
S36	33494.9558	0.1748926182	99988.81563	0	0
neutron	939.56536	3.918722635	99989.75336	0	0
neutron	939.56536	0.3402366867	99989.75336	0	0
S33	30704.55199	0.2625321179	99989.75336	0	0
S35	32565.27968	0.1537982236	99989.32193	0	0
proton	938.272013	27.21002857	99989.48304	0	0
proton	938.272013	3.416113829	99989.48304	0	0
neutron	939.56536	1.05896399	99989.48304	0	0
Si32	29776.58515	0.8720100721	99989.48304	0	0
neutron	939.56536	0.6093042531	99989.1186	0	0
Ne22	20479.73746	0.1411149775	99989.1186	0	0
neutron	939.56536	0.4465280133	99989.29865	0	0
S34	31632.70018	0.1622300193	99989.29865	0	0
neutron	939.56536	3.863030849	99989.4092	0	0
S34	31632.70018	0.1059289208	99989.4092	0	0
proton	938.272013	21.67417247	99989.53022	0	0
neutron	939.56536	16.86387168	99989.53022	0	0
neutron	939.56536	0.4429100401	99989.53022	0	0
P32	29775.84838	0.5551005335	99989.53022	0	0
proton	938.272013	7.025362492	99989.45507	0	0
neutron	939.56536	1.949190249	99989.45507	0	0
triton	2808.921	3.070363927	99989.45507	0	0
Si30	27913.24182	0.2315079477	99989.45507	0	0
neutron	939.56536	10.70826563	99988.73537	0	0
proton	938.272013	8.473451091	99988.73537	0	0
neutron	939.56536	5.018509936	99988.73537	0	0
neutron	939.56536	4.43458669	99988.73537	0	0
proton	938.272013	2.434676226	99988.73537	0	0
Si30	27913.24182	1.131436822	99988.73537	0	0
proton	938.272013	8.934916896	99989.86989	0	0
neutron	939.56536	4.987573872	99989.86989	0	0
neutron	939.56536	3.527588142	99989.86989	0	0
neutron	939.56536	3.339908174	99989.86989	0	0
P33	30705.30994	0.3014134692	99989.86989	0	0
neutron	939.56536	7.674631242	99990.23516	0	0
neutron	939.56536	3.157817356	99990.23516	0	0
alpha	3727.379	6.969412179	99990.23516	0	0
Si29	26984.28567	1.566483721	99990.23516	0	0
neutron	939.56536	12.55252958	99988.81774	0	0
neutron	939.56536	8.336348682	99988.81774	0	0
S33	30704.55199	0.9473203201	99988.81774	0	0
S35	32565.27968	0.1668744183	99989.55012	0	0
neutron	939.56536	0.8185262201	99989.91152	0	0
S34	31632.70018	0.1459468676	99989.91152	0	0
neutron	939.56536	1.007518507	99989.19335	0	0
S34	31632.70018	0.1452853816	99989.19335	0	0
neutron	939.56536	12.33018807	99989.65224	0	0
neutron	939.56536	7.841657775	99989.65224	0	0
proton	938.272013	6.448987277	99989.65224	0	0
neutron	939.56536	1.68824556	99989.65224	0	0
neutron	939.56536	0.8874719106	99989.65224	0	0
P32	29775.84838	0.08680717288	99989.65224	0	0
neutron	939.56536	6.17490345	99990.04602	0	0
neutron	939.56536	5.870397014	99990.04602	0	0
neutron	939.56536	3.122760337	99990.04602	0	0
neutron	939.56536	2.864859164	99990.04602	0	0
neutron	939.56536	2.329464593	99990.04602	0	0
S32	29773.62828	0.152077994	99990.04602	0	0
neutron	939.56536	0.6405246446	99989.16532	0	0
S36	33494.9558	0.2207217973	99989.16532	0	0
neutron	939.56536	5.257080035	99989.32764	0	0
neutron	939.56536	3.829114619	99989.32764	0	0
Ne21	19550.53637	0.1727713935	99989.32764	0	0
neutron	939.56536	32.41157974	99989.22879	0	0
neutron	939.56536	7.340537135	99989.22879	0	0
neutron	939.56536	2.423667574	99989.22879	0	0
Ne20	18617.73218	0.8455299537	99989.22879	0	0
S35	32565.27968	0.1542098196	99988.79881	0	0
S35	32565.27968	0.1644081375	99989.10722	0	0
S35	32565.27968	0.1601816453	99988.94935	0	0
Ne23	21414.10216	0.2258551867	99989.28658	0	0
neutron	939.56536	1.3618545	99989.71621	0	0
Ne22	20479.73746	0.3054764604	99989.71621	0	0
proton	938.272013	9.297088608	99989.21762	0	0
neutron	939.56536	1.726529915	99989.21762	0	0
neutron	939.56536	0.8858206083	99989.21762	0	0
neutron	939.56536	0.842206097	99989.21762	0	0
P31	28844.21869	1.094751917	99989.21762	0	0
neutron	939.56536	5.457915441	99989.42474	0	0
neutron	939.56536	0.5082068944	99989.42474	0	0
S33	30704.55199	0.1467789524	99989.42474	0	0
neutron	939.56536	1.141061211	99989.47542	0	0
neutron	939.56536	0.3402553059	99989.47542	0	0
deuteron	1875.613	9.130182454	99989.47542	0	0
triton	2808.921	4.668702557	99989.47542	0	0
Si28	26053.19393	0.5935288335	99989.47542	0	0
neutron	939.56536	0.9093457674	99989.36916	0	0
Ne22	20479.73746	0.08957641675	99989.36916	0	0
neutron	939.56536	2.74917934	99989.29421	0	0
S34	31632.70018	0.352917398	99989.29421	0	0
neutron	939.56536	20.30878872	99989.17431	0	0
neutron	939.56536	5.365073733	99989.17431	0	0
proton	938.272013	3.13486363	99989.17431	0	0
neutron	939.56536	1.964198731	99989.17431	0	0
P31	28844.21869	1.444802006	99989.17431	0	0
neutron	939.56536	1.850511138	99988.95895	0	0
S34	31632.70018	0.08023669335	99988.95895	0	0
neutron	939.56536	6.299301385	99989.17525	0	0
alpha	3727.379	6.555199431	99989.17525	0	0
Si32	29776.58515	1.512751558	99989.17525	0	0
neutron	939.56536	0.3895285962	99989.37602	0	0
S34	31632.70018	0.1387166965	99989.37602	0	0
proton	938.272013	28.24850752	99989.41054	0	0
neutron	939.56536	5.382178018	99989.41054	0	0
neutron	939.56536	2.778037329	99989.41054	0	0
F20	18625.26686	2.9982205	99989.41054	0	0
neutron	939.56536	3.301006335	99989.5159	0	0
S34	31632.70018	0.1672211531	99989.5159	0	0
neutron	939.56536	23.33865384	99989.60201	0	0
neutron	939.56536	4.539852405	99989.60201	0	0
neutron	939.56536	2.309714942	99989.60201	0	0
Ne20	18617.73218	0.5645069206	99989.60201	0	0
neutron	939.56536	0.8668943401	99988.93659	0	0
S34	31632.70018	0.1622223897	99988.93659	0	0
neutron	939.56536	7.725379057	99989.43879	0	0
proton	938.272013	4.952461253	99989.43879	0	0
neutron	939.56536	4.718682482	99989.43879	0	0
neutron	939.56536	0.386483071	99989.43879	0	0
P31	28844.21869	0.01265109075	99989.43879	0	0
neutron	939.56536	28.1814404	99989.12897	0	0
neutron	939.56536	7.399277199	99989.12897	0	0
proton	938.272013	4.23502922	99989.12897	0	0
P32	29775.84838	1.779049698	99989.12897	0	0
Ne23	21414.10216	0.2337724076	99988.824	0	0
Ne23	21414.10216	0.2112233913	99988.88868	0	0
neutron	939.56536	0.962578424	99989.09202	0	0
Ne22	20479.73746	0.3598288734	99989.09202	0	0
neutron	939.56536	1.873536607	99989.67232	0	0
S34	31632.70018	0.1946756236	99989.67232	0	0
neutron	939.56536	0.6902729248	99990.0321	0	0
S34	31632.70018	0.1960383437	99990.0321	0	0
neutron	939.56536	15.96671989	99989.49311	0	0
neutron	939.56536	2.559978747	99989.49311	0	0
Ne21	19550.53637	0.2991926974	99989.49311	0	0
S35	32565.27968	0.1605571757	99989.07102	0	0
Ne23	21414.10216	0.2290827042	99989.359	0	0
neutron	939.56536	21.3790725	99989.08647	0	0
proton	938.272013	9.923475059	99989.08647	0	0
neutron	939.56536	6.524134579	99989.08647	0	0
F20	18625.26686	2.527637306	99989.08647	0	0
S35	32565.27968	0.1378030359	99990.48942	0	0
neutron	939.56536	8.566574703	99989.24272	0	0
proton	938.272013	5.512476272	99989.24272	0	0
proton	938.272013	4.663252442	99989.24272	0	0
neutron	939.56536	0.9637957782	99989.24272	0	0
neutron	939.56536	0.6889719135	99989.24272	0	0
O18	16762.02378	1.862223775	99989.24272	0	0
neutron	939.56536	14.517405	99989.99402	0	0
neutron	939.56536	4.965892478	99989.99402	0	0
neutron	939.56536	2.288136395	99989.99402	0	0
S32	29773.62828	0.5948597988	99989.99402	0	0
neutron	939.56536	5.1681716	99989.12573	0	0
neutron	939.56536	1.579342078	99989.12573	0	0
Ne21	19550.53637	0.3540617586	99989.12573	0	0
S35	32565.27968	0.1552856703	99989.53577	0	0
S35	32565.27968	0.1517105927	99988.81887	0	0
neutron	939.56536	12.52435343	99988.59368	0	0
neutron	939.56536	2.628609598	99988.59368	0	0
neutron	939.56536	0.5723905009	99988.59368	0	0
S34	31632.70018	0.9156105801	99988.59368	0	0
neutron	939.56536	3.964757778	99989.02131	0	0
alpha	3727.379	6.876926083	99989.02131	0	0
Si30	27913.24182	0.9278329086	99989.02131	0	0
Ne23	21414.10216	0.2255349522	99989.0493	0	0
S35	32565.27968	0.167370841	99989.02357	0	0
neutron	939.56536	0.3873469155	99988.64762	0	0
S34	31632.70018	0.1688294997	99988.64762	0	0
neutron	939.56536	12.91707437	99989.51044	0	0
neutron	939.56536	4.771634483	99989.51044	0	0
neutron	939.56536	3.89411979	99989.51044	0	0
S34	31632.70018	0.4672568867	99989.51044	0	0
neutron	939.56536	4.053415129	99989.44428	0	0
neutron	939.56536	2.948740348	99989.44428	0	0
neutron	939.56536	0.5276961182	99989.44428	0	0
S34	31632.70018	0.4161538305	99989.44428	0	0
neutron	939.56536	1.099220674	99989.35658	0	0
S36	33494.9558	0.07555900385	99989.35658	0	0
neutron	939.56536	0.9961596797	99989.63091	0	0
S36	33494.9558	0.06271779534	99989.63091	0	0
S37	34430.21755	0.1361854401	99989.50408	0	0
neutron	939.56536	3.235656655	99988.79245	0	0
Ne22	20479.73746	0.2726506918	99988.79245	0	0
neutron	939.56536	0.5646393939	99989.18628	0	0
S34	31632.70018	0.07537637811	99989.18628	0	0
S35	32565.27968	0.1640725181	99989.01977	0	0
neutron	939.56536	6.114225588	99989.23917	0	0
S34	31632.70018	0.08011797006	99989.23917	0	0
neutron	939.56536	5.389830308	99989.33757	0	0
neutron	939.56536	0.4773299737	99989.33757	0	0
Ne21	19550.53637	0.3142388365	99989.33757	0	0
neutron	939.56536	0.152215481	99988.44325	0	0
S34	31632.70018	0.1075762608	99988.44325	0	0
Ne23	21414.10216	0.2309898812	99989.44025	0	0
neutron	939.56536	25.03153585	99988.9399	0	0
neutron	939.56536	9.09990794	99988.9399	0	0
neutron	939.56536	8.754815833	99988.9399	0	0
Ne20	18617.73218	0.5686926202	99988.9399	0	0
proton	938.272013	8.911174272	99989.10276	0	0
proton	938.272013	2.852373658	99989.10276	0	0
neutron	939.56536	2.825798131	99989.10276	0	0
neutron	939.56536	0.2129008262	99989.10276	0	0
Si31	28846.21977	1.06049384	99989.10276	0	0
neutron	939.56536	31.03220436	99988.79976	0	0
proton	938.272013	24.02403408	99988.79976	0	0
P35	32569.77755	0.01643475185	99988.79976	0	0
S35	32565.27968	0.1606715658	99989.95189	0	0
neutron	939.56536	1.421841466	99989.55348	0	0
S34	31632.70018	0.3338805783	99989.55348	0	0
neutron	939.56536	0.3155771586	99989.4864	0	0
S34	31632.70018	0.1890171638	99989.4864	0	0
neutron	939.56536	0.2983313034	99988.83363	0	0
S36	33494.9558	0.1967905493	99988.83363	0	0
neutron	939.56536	5.169024575	99988.77849	0	0
neutron	939.56536	1.206889176	99988.77849	0	0
S33	30704.55199	0.4604915995	99988.77849	0	0
neutron	939.56536	20.7763248	99989.05367	0	0
neutron	939.56536	1.151323434	99989.05367	0	0
neutron	939.56536	0.0842885714	99989.05367	0	0
deuteron	1875.613	7.996699614	99989.05367	0	0
P32	29775.84838	0.1297848245	99989.05367	0	0
neutron	939.56536	34.92909799	99989.10226	0	0
neutron	939.56536	5.159207208	99989.10226	0	0
neutron	939.56536	2.267755404	99989.10226	0	0
Ne20	18617.73218	1.992723445	99989.10226	0	0
neutron	939.56536	21.26624838	99989.36943	0	0
neutron	939.56536	2.885108715	99989.36943	0	0
neutron	939.56536	2.05993351	99989.36943	0	0
Ne20	18617.73218	1.76574969	99989.36943	0	0
Ne23	21414.10216	0.2292581948	99989.16052	0	0
neutron	939.56536	4.402393304	99989.30119	0	0
neutron	939.56536	1.556588749	99989.30119	0	0
neutron	939.56536	0.9116116251	99989.30119	0	0
alpha	3727.379	10.36269234	99989.30119	0	0
Si30	27913.24182	0.982617408	99989.30119	0	0
neutron	939.56536	0.3243059267	99989.49283	0	0
S34	31632.70018	0.1882731249	99989.49283	0	0
Ne23	21414.10216	0.209958701	99989.62845	0	0
Ne23	21414.10216	0.2333511429	99989.5136	0	0
neutron	939.56536	2.613115397	99989.25177	0	0
S34	31632.70018	0.2386569202	99989.25177	0	0
neutron	939.56536	4.950224852	99988.99349	0	0
S34	31632.70018	0.2142543797	99988.99349	0	0
neutron	939.56536	3.331536731	99989.02005	0	0
neutron	939.56536	0.580175716	99989.02005	0	0
Ne21	19550.53637	0.6315688457	99989.02005	0	0
S35	32565.27968	0.15688552	99989.49175	0	0
neutron	939.56536	0.1498267067	99989.98799	0	0
S34	31632.70018	0.1014958751	99989.98799	0	0
neutron	939.56536	2.527385316	99989.17175	0	0
neutron	939.56536	0.6114449138	99989.17175	0	0
deuteron	1875.613	2.717642036	99989.17175	0	0
P31	28844.21869	0.1079191817	99989.17175	0	0
Ne23	21414.10216	0.2288841449	99989.48427	0	0
neutron	939.56536	16.04469887	99989.58606	0	0
neutron	939.56536	7.663817805	99989.58606	0	0
neutron	939.56536	5.590551921	99989.58606	0	0
proton	938.272013	3.11300198	99989.58606	0	0
alpha	3727.379	8.450047618	99989.58606	0	0
Al27	25126.50566	3.976554706	99989.58606	0	0
neutron	939.56536	2.139122059	99989.39545	0	0
Ne22	20479.73746	0.1231756177	99989.39545	0	0
neutron	939.56536	0.6538565417	99988.54652	0	0
Ne22	20479.73746	0.127180638	99988.54652	0	0
neutron	939.56536	25.71817785	99989.49043	0	0
neutron	939.56536	2.144458081	99989.49043	0	0
neutron	939.56536	0.9260325105	99989.49043	0	0
S34	31632.70018	0.3858197785	99989.49043	0	0
neutron	939.56536	0.4719982768	99988.90363	0	0
S34	31632.70018	0.2121050145	99988.90363	0	0
neutron	939.56536	0.01929759964	99988.64241	0	0
S34	31632.70018	0.1548696678	99988.64241	0	0
proton	938.272013	5.058731509	99988.63293	0	0
neutron	939.56536	2.936301151	99988.63293	0	0
neutron	939.56536	2.363924124	99988.63293	0	0
deuteron	1875.613	6.452256539	99988.63293	0	0
Si30	27913.24182	0.1858842979	99988.63293	0	0
proton	938.272013	4.811815525	99988.95026	0	0
neutron	939.56536	2.135312664	99988.95026	0	0
P33	30705.30994	0.1911383397	99988.95026	0	0
S35	32565.27968	0.1541422164	99989.04765	0	0
neutron	939.56536	3.960567705	99989.69324	0	0
proton	938.272013	3.893931764	99989.69324	0	0
P33	30705.30994	0.3563443841	99989.69324	0	0
neutron	939.56536	25.86848102	99988.92713	0	0
neutron	939.56536	2.415363146	99988.92713	0	0
neutron	939.56536	1.612314632	99988.92713	0	0
S34	31632.70018	0.9848310468	99988.92713	0	0
S35	32565.27968	0.1582900005	99989.59107	0	0
neutron	939.56536	2.249317818	99989.61683	0	0
S34	31632.70018	0.01780083517	99989.61683	0	0
neutron	939.56536	8.016337611	99988.99186	0	0
neutron	939.56536	3.61749043	99988.99186	0	0
S33	30704.55199	0.2669824166	99988.99186	0	0
S35	32565.27968	0.1599092789	99989.25953	0	0
S35	32565.27968	0.1587424122	99989.17008	0	0
neutron	939.56536	14.80982653	99989.76342	0	0
neutron	939.56536	9.138323026	99989.76342	0	0
neutron	939.56536	4.706660879	99989.76342	0	0
alpha	3727.379	6.194340441	99989.76342	0	0
O16	14895.08153	1.634992817	99989.76342	0	0
neutron	939.56536	27.3774091	99989.90652	0	0
neutron	939.56536	12.84209144	99989.90652	0	0
neutron	939.56536	1.530745991	99989.90652	0	0
S32	29773.62828	2.286781412	99989.90652	0	0
neutron	939.56536	14.88502441	99989.65613	0	0
neutron	939.56536	5.108805436	99989.65613	0	0
proton	938.272013	4.316442901	99989.65613	0	0
neutron	939.56536	4.089253694	99989.65613	0	0
alpha	3727.379	8.366507985	99989.65613	0	0
Al27	25126.50566	2.359292982	99989.65613	0	0
neutron	939.56536	5.313878647	99989.34925	0	0
neutron	939.56536	5.179154107	99989.34925	0	0
neutron	939.56536	1.799156235	99989.34925	0	0
S32	29773.62828	0.3155956342	99989.34925	0	0
S37	34430.21755	0.1428136987	99990.15509	0	0
neutron	939.56536	4.53559627	99989.60692	0	0
neutron	939.56536	2.070264447	99989.60692	0	0
neutron	939.56536	1.485108197	99989.60692	0	0
Ne20	18617.73218	0.07531884181	99989.60692	0	0
neutron	939.56536	0.2144027907	99988.98948	0	0
Ne22	20479.73746	0.2963677142	99988.98948	0	0
neutron	939.56536	41.73231222	99989.53354	0	0
neutron	939.56536	10.00628045	99989.53354	0	0
neutron	939.56536	2.964461759	99989.53354	0	0
Ne20	18617.73218	2.504110455	99989.53354	0	0
neutron	939.56536	0.4853116993	99989.28707	0	0
S34	31632.70018	0.0795213908	99989.28707	0	0
proton	938.272013	14.46612059	99989.85611	0	0
neutron	939.56536	13.69070394	99989.85611	0	0
neutron	939.56536	5.290145255	99989.85611	0	0
proton	938.272013	3.061060615	99989.85611	0	0
neutron	939.56536	0.8036244861	99989.85611	0	0
Si30	27913.24182	0.2349637868	99989.85611	0	0
S35	32565.27968	0.1640992964	99989.11217	0	0
neutron	939.56536	10.43248586	99988.77779	0	0
proton	938.272013	6.073047209	99988.77779	0	0
neutron	939.56536	3.391411138	99988.77779	0	0
neutron	939.56536	2.41916691	99988.77779	0	0
neutron	939.56536	1.660783273	99988.77779	0	0
P32	29775.84838	0.3990446039	99988.77779	0	0
neutron	939.56536	1.799055057	99989.36651	0	0
Ne22	20479.73746	0.2764406297	99989.36651	0	0
Ne23	21414.10216	0.2192109785	99988.46504	0	0
neutron	939.56536	26.37877952	99989.02126	0	0
neutron	939.56536	3.519557829	99989.02126	0	0
neutron	939.56536	1.401106135	99989.02126	0	0
alpha	3727.379	6.330828887	99989.02126	0	0
O16	14895.08153	2.92502635	99989.02126	0	0
S35	32565.27968	0.1610884684	99988.64145	0	0
proton	938.272013	22.84131628	99989.27733	0	0
neutron	939.56536	6.322716462	99989.27733	0	0
neutron	939.56536	2.957762059	99989.27733	0	0
P32	29775.84838	0.9266255922	99989.27733	0	0
neutron	939.56536	0.6861142074	99989.66034	0	0
S36	33494.9558	0.08727269415	99989.66034	0	0
neutron	939.56536	0.5647867042	99989.14583	0	0
S34	31632.70018	0.2069432803	99989.14583	0	0
S35	32565.27968	0.1607346845	99989.42636	0	0
neutron	939.56536	0.1003574715	99989.24593	0	0
S34	31632.70018	0.1380830818	99989.24593	0	0
S35	32565.27968	0.1621173862	99988.68977	0	0
neutron	939.56536	0.6908958039	99989.24952	0	0
S34	31632.70018	0.09484857609	99989.24952	0	0
neutron	939.56536	11.89177922	99989.00338	0	0
neutron	939.56536	0.242406975	99989.00338	0	0
Ne21	19550.53637	0.267928492	99989.00338	0	0
neutron	939.56536	1.251688532	99988.74004	0	0
Ne22	20479.73746	0.4770255439	99988.74004	0	0
neutron	939.56536	4.852489072	99988.76529	0	0
Ne22	20479.73746	0.6403686761	99988.76529	0	0
neutron	939.56536	0.3170696802	99989.6917	0	0
S34	31632.70018	0.129378666	99989.6917	0	0
neutron	939.56536	1.625644341	99989.57054	0	0
S34	31632.70018	0.142815829	99989.57054	0	0
neutron	939.56536	2.074689713	99989.21271	0	0
Ne22	20479.73746	0.07781570555	99989.21271	0	0
neutron	939.56536	0.03296925347	99989.8863	0	0
Ne22	20479.73746	0.2148359804	99989.8863	0	0
S35	32565.27968	0.1625385716	99989.29823	0	0
neutron	939.56536	6.369495796	99989.10355	0	0
neutron	939.56536	6.200898845	99989.10355	0	0
neutron	939.56536	5.924624801	99989.10355	0	0
Ne20	18617.73218	0.2890070945	99989.10355	0	0
proton	938.272013	35.47754869	99989.31923	0	0
neutron	939.56536	4.893453513	99989.31923	0	0
neutron	939.56536	1.50411065	99989.31923	0	0
P32	29775.84838	1.668262046	99989.31923	0	0
Ne23	21414.10216	0.232115495	99989.49512	0	0
proton	938.272013	6.948831984	99989.12934	0	0
neutron	939.56536	1.182504339	99989.12934	0	0
P33	30705.30994	0.2265371009	99989.12934	0	0
neutron	939.56536	0.3085708912	99989.35328	0	0
Ne22	20479.73746	0.1827033265	99989.35328	0	0
neutron	939.56536	0.2947954437	99989.60862	0	0
S34	31632.70018	0.2003310953	99989.60862	0	0
neutron	939.56536	18.41647221	99988.78007	0	0
neutron	939.56536	4.968777107	99988.78007	0	0
neutron	939.56536	0.4098634285	99988.78007	0	0
S32	29773.62828	0.6337785228	99988.78007	0	0
neutron	939.56536	1.850497933	99989.6261	0	0
S34	31632.70018	0.06516781373	99989.6261	0	0
neutron	939.56536	0.2453204317	99990.61886	0	0
Ne22	20479.73746	0.152077026	99990.61886	0	0
S37	34430.21755	0.1384373484	99988.54899	0	0
Ne23	21414.10216	0.2280469325	99988.83163	0	0
neutron	939.56536	4.491156501	99989.77703	0	0
proton	938.272013	3.758703597	99989.77703	0	0
P33	30705.30994	0.6502754252	99989.77703	0	0
neutron	939.56536	25.05213658	99989.45136	0	0
neutron	939.56536	3.028423532	99989.45136	0	0
S33	30704.55199	0.720697913	99989.45136	0	0
neutron	939.56536	13.42099635	99989.08175	0	0
neutron	939.56536	1.637853074	99989.08175	0	0
neutron	939.56536	0.9160968638	99989.08175	0	0
Ne20	18617.73218	0.9312610429	99989.08175	0	0
neutron	939.56536	0.07991861833	99988.87163	0	0
S34	31632.70018	0.1230821165	99988.87163	0	0
neutron	939.56536	4.240849608	99989.89435	0	0
neutron	939.56536	1.39700613	99989.89435	0	0
S33	30704.55199	0.04373033606	99989.89435	0	0
neutron	939.56536	1.567475473	99989.24484	0	0
S34	31632.70018	0.07419489905	99989.24484	0	0
neutron	939.56536	4.393544186	99989.92179	0	0
S34	31632.70018	0.3787950928	99989.92179	0	0
Ne23	21414.10216	0.2177163258	99988.92895	0	0
neutron	939.56536	1.56523085	99989.92768	0	0
neutron	939.56536	0.9602194946	99989.92768	0	0
Ne21	19550.53637	0.3489179296	99989.92768	0	0
S35	32565.27968	0.159097143	99988.70677	0	0
neutron	939.56536	4.720093347	99989.25608	0	0
alpha	3727.379	6.092398731	99989.25608	0	0
O18	16762.02378	2.243290861	99989.25608	0	0
neutron	939.56536	7.804786484	99989.17035	0	0
proton	938.272013	4.420563058	99989.17035	0	0
neutron	939.56536	3.013251831	99989.17035	0	0
neutron	939.56536	2.194737911	99989.17035	0	0
F19	17692.30285	0.3739197936	99989.17035	0	0
neutron	939.56536	0.3108573268	99989.04827	0	0
Ne22	20479.73746	0.2075741396	99989.04827	0	0
Ne23	21414.10216	0.2039740346	99989.06605	0	0
S35	32565.27968	0.1508930092	99989.2495	0	0
neutron	939.56536	0.5628802755	99989.45513	0	0
S36	33494.9558	0.1004759157	99989.45513	0	0
neutron	939.56536	1.540544416	99988.83983	0	0
S34	31632.70018	0.2496370242	99988.83983	0	0
S35	32565.27968	0.1327758002	99988.66516	0	0
neutron	939.56536	0.2116614384	99989.37292	0	0
Ne22	20479.73746	0.1543605023	99989.37292	0	0
neutron	939.56536	1.948929163	99989.27229	0	0
Ne22	20479.73746	0.2028709598	99989.27229	0	0
neutron	939.56536	0.5345002276	99989.0265	0	0
S34	31632.70018	0.1156147584	99989.0265	0	0
neutron	939.56536	5.903339187	99988.87237	0	0
proton	938.272013	3.282663396	99988.87237	0	0
neutron	939.56536	0.8813254929	99988.87237	0	0
P32	29775.84838	0.4244029249	99988.87237	0	0
Ne23	21414.10216	0.2272195367	99989.76944	0	0
neutron	939.56536	5.428507411	99989.05206	0	0
proton	938.272013	5.327724552	99989.05206	0	0
deuteron	1875.613	10.32794695	99989.05206	0	0
Si31	28846.21977	1.080198318	99989.05206	0	0
proton	938.272013	13.11381923	99989.23752	0	0
proton	938.272013	3.56620028	99989.23752	0	0
neutron	939.56536	2.715008157	99989.23752	0	0
neutron	939.56536	0.9210376917	99989.23752	0	0
neutron	939.56536	0.6573725057	99989.23752	0	0
Si30	27913.24182	0.9674890089	99989.23752	0	0
neutron	939.56536	11.21933648	99988.64927	0	0
proton	938.272013	5.276835868	99988.64927	0	0
neutron	939.56536	3.631676592	99988.64927	0	0
proton	938.272013	2.652142482	99988.64927	0	0
neutron	939.56536	2.593806925	99988.64927	0	0
Si30	27913.24182	0.2553752768	99988.64927	0	0
neutron	939.56536	0.4233021673	99989.14897	0	0
S36	33494.9558	0.1928444877	99989.14897	0	0
neutron	939.56536	22.84975661	99988.77476	0	0
proton	938.272013	9.469960285	99988.77476	0	0
proton	938.272013	2.468073357	99988.77476	0	0
Si32	29776.58515	0.5518049894	99988.77476	0	0
neutron	939.56536	10.36560295	99988.97606	0	0
Ne22	20479.73746	0.9625151302	99988.97606	0	0
neutron	939.56536	0.3305424172	99988.95647	0	0
Ne22	20479.73746	0.1537679112	99988.95647	0	0
proton	938.272013	29.57867026	99990.42891	0	0
neutron	939.56536	17.75288674	99990.42891	0	0
neutron	939.56536	5.248454071	99990.42891	0	0
P32	29775.84838	1.870166878	99990.42891	0	0
Ne23	21414.10216	0.2052850942	99988.62647	0	0
S35	32565.27968	0.1623534358	99989.42226	0	0
neutron	939.56536	1.037561947	99989.82016	0	0
S34	31632.70018	0.229895037	99989.82016	0	0
neutron	939.56536	0.3231094266	99988.87055	0	0
Ne22	20479.73746	0.2756178224	99988.87055	0	0
Ne23	21414.10216	0.2221817784	99989.31472	0	0
neutron	939.56536	1.369960685	99989.42379	0	0
S34	31632.70018	0.1535268817	99989.42379	0	0
S37	34430.21755	0.145539426	99988.57054	0	0
S35	32565.27968	0.1324082175	99989.56597	0	0
neutron	939.56536	0.5337988995	99990.13746	0	0
Ne22	20479.73746	0.2081342773	99990.13746	0	0
S35	32565.27968	0.1530202614	99988.97866	0	0
neutron	939.56536	1.442899919	99989.87074	0	0
Ne22	20479.73746	0.3417360241	99989.87074	0	0
neutron	939.56536	4.871324027	99989.68345	0	0
neutron	939.56536	2.684105331	99989.68345	0	0
neutron	939.56536	1.887702797	99989.68345	0	0
alpha	3727.379	5.04222213	99989.68345	0	0
O16	14895.08153	0.9003740777	99989.68345	0	0
S35	32565.27968	0.1491199167	99989.94474	0	0
neutron	939.56536	22.52955283	99988.64469	0	0
neutron	939.56536	0.00313042373	99988.64469	0	0
alpha	3727.379	12.28402454	99988.64469	0	0
Si29	26984.28567	0.9660709217	99988.64469	0	0
S37	34430.21755	0.140122129	99989.49805	0	0
neutron	939.56536	10.44377287	99989.28132	0	0
neutron	939.56536	2.846121539	99989.28132	0	0
proton	938.272013	2.172741204	99989.28132	0	0
neutron	939.56536	1.312047406	99989.28132	0	0
P33	30705.30994	0.2894718653	99989.28132	0	0
Ne23	21414.10216	0.2275066712	99989.27421	0	0
neutron	939.56536	4.064577107	99990.03106	0	0
neutron	939.56536	1.777923163	99990.03106	0	0
neutron	939.56536	1.736193314	99990.03106	0	0
Ne20	18617.73218	0.9775747383	99990.03106	0	0
S35	32565.27968	0.1504566494	99990.04158	0	0
neutron	939.56536	1.022854445	99988.79276	0	0
Ne22	20479.73746	0.3762057243	99988.79276	0	0
neutron	939.56536	0.3332792419	99988.63379	0	0
S34	31632.70018	0.1748801106	99988.63379	0	0
neutron	939.56536	2.90619932	99989.53065	0	0
S34	31632.70018	0.165126924	99989.53065	0	0
neutron	939.56536	1.566775189	99989.18582	0	0
Ne22	20479.73746	0.3528268305	99989.18582	0	0
Ne23	21414.10216	0.2122164379	99989.39964	0	0
neutron	939.56536	1.870973433	99989.42006	0	0
neutron	939.56536	1.766329134	99989.42006	0	0
neutron	939.56536	1.341052791	99989.42006	0	0
S34	31632.70018	0.01465707417	99989.42006	0	0
neutron	939.56536	15.13392384	99988.87515	0	0
neutron	939.56536	5.590222275	99988.87515	0	0
neutron	939.56536	2.567719187	99988.87515	0	0
S34	31632.70018	0.6984559432	99988.87515	0	0
neutron	939.56536	1.294448982	99989.44376	0	0
S34	31632.70018	0.05941243957	99989.44376	0	0
neutron	939.56536	24.90640147	99988.99046	0	0
neutron	939.56536	3.663648654	99988.99046	0	0
neutron	939.56536	0.5982845353	99988.99046	0	0
Ne20	18617.73218	2.046651259	99988.99046	0	0
neutron	939.56536	8.871648748	99989.09341	0	0
deuteron	1875.613	7.505904833	99989.09341	0	0
P32	29775.84838	0.2601767355	99989.09341	0	0
neutron	939.56536	4.162557484	99989.54945	0	0
neutron	939.56536	0.1643403462	99989.54945	0	0
neutron	939.56536	0.1295376833	99989.54945	0	0
Ne20	18617.73218	0.1422787301	99989.54945	0	0
neutron	939.56536	4.925227341	99988.39593	0	0
Ne22	20479.73746	0.6089603886	99988.39593	0	0
neutron	939.56536	1.839149483	99989.09718	0	0
neutron	939.56536	1.139055206	99989.09718	0	0
neutron	939.56536	0.3855038148	99989.09718	0	0
S32	29773.62828	0.09427782353	99989.09718	0	0
neutron	939.56536	1.384132594	99990.10792	0	0
neutron	939.56536	1.265769726	99990.10792	0	0
S33	30704.55199	0.09877390321	99990.10792	0	0
neutron	939.56536	0.8836343362	99989.21935	0	0
S34	31632.70018	0.1844189542	99989.21935	0	0
neutron	939.56536	4.911000415	99989.20635	0	0
S34	31632.70018	0.311507412	99989.20635	0	0
Ne23	21414.10216	0.2199954368	99989.7461	0	0
Ne23	21414.10216	0.2269179925	99989.05298	0	0
neutron	939.56536	0.10310973	99988.99616	0	0
S34	31632.70018	0.1526698442	99988.99616	0	0
neutron	939.56536	19.19026904	99989.16349	0	0
neutron	939.56536	15.01049457	99989.16349	0	0
neutron	939.56536	5.415674665	99989.16349	0	0
S34	31632.70018	0.6016447714	99989.16349	0	0
neutron	939.56536	10.34621716	99989.46575	0	0
proton	938.272013	4.742507075	99989.46575	0	0
proton	938.272013	3.560499524	99989.46575	0	0
neutron	939.56536	0.9860958855	99989.46575	0	0
alpha	3727.379	8.469599678	99989.46575	0	0
Mg27	25129.62564	2.039995398	99989.46575	0	0
S35	32565.27968	0.1418700554	99989.11172	0	0
neutron	939.56536	0.3674019895	99989.7585	0	0
S34	31632.70018	0.1359824701	99989.7585	0	0
neutron	939.56536	11.89372863	99988.99073	0	0
neutron	939.56536	5.013357951	99988.99073	0	0
neutron	939.56536	4.081526277	99988.99073	0	0
proton	938.272013	3.446256028	99988.99073	0	0
P31	28844.21869	0.6428388393	99988.99073	0	0
neutron	939.56536	0.1898334669	99989.33421	0	0
S34	31632.70018	0.10905037	99989.33421	0	0
Ne23	21414.10216	0.2161239384	99989.44831	0	0
neutron	939.56536	42.38090963	99989.02727	0	0
neutron	939.56536	3.32497096	99989.02727	0	0
neutron	939.56536	0.4867776571	99989.02727	0	0
alpha	3727.379	16.18422268	99989.02727	0	0
O16	14895.08153	1.560215677	99989.02727	0	0
S37	34430.21755	0.1450443059	99988.73533	0	0
neutron	939.56536	0.8291277513	99988.35311	0	0
S34	31632.70018	0.1578543047	99988.35311	0	0
neutron	939.56536	1.11586134	99989.13783	0	0
Ne22	20479.73746	0.2690926087	99989.13783	0	0
neutron	939.56536	0.5493794312	99989.00669	0	0
Ne22	20479.73746	0.2731313439	99989.00669	0	0
S37	34430.21755	0.1432141943	99988.8115	0	0
neutron	939.56536	1.886241832	99989.41156	0	0
S34	31632.70018	0.3152537138	99989.41156	0	0
neutron	939.56536	2.188959908	99989.93494	0	0
Ne22	20479.73746	0.3788396396	99989.93494	0	0
neutron	939.56536	3.316916205	99990.12927	0	0
S36	33494.9558	0.1255084644	99990.12927	0	0
neutron	939.56536	11.69329319	99989.28012	0	0
neutron	939.56536	2.207818345	99989.28012	0	0
Ne21	19550.53637	0.7150575368	99989.28012	0	0
neutron	939.56536	1.478911087	99989.47615	0	0
Ne22	20479.73746	0.4212357619	99989.47615	0	0
neutron	939.56536	10.65416959	99989.4466	0	0
neutron	939.56536	3.655801715	99989.4466	0	0
alpha	3727.379	6.484984597	99989.4466	0	0
Si29	26984.28567	1.332059664	99989.4466	0	0
neutron	939.56536	1.336270444	99989.29406	0	0
S34	31632.70018	0.06552812636	99989.29406	0	0
S35	32565.27968	0.1427772037	99988.54723	0	0
proton	938.272013	21.25798436	99989.40322	0	0
neutron	939.56536	6.091784423	99989.40322	0	0
proton	938.272013	3.527569449	99989.40322	0	0
neutron	939.56536	2.539605447	99989.40322	0	0
neutron	939.56536	1.801210926	99989.40322	0	0
Si30	27913.24182	0.6161156174	99989.40322	0	0
Ne23	21414.10216	0.2282898783	99989.08247	0	0
S37	34430.21755	0.1384397788	99988.71702	0	0
neutron	939.56536	26.57262329	99989.01312	0	0
proton	938.272013	5.415073396	99989.01312	0	0
neutron	939.56536	2.387359614	99989.01312	0	0
neutron	939.56536	2.100262308	99989.01312	0	0
F19	17692.30285	0.8039282854	99989.01312	0	0
S37	34430.21755	0.1385782062	99988.70232	0	0
S35	32565.27968	0.1537262254	99988.64216	0	0
neutron	939.56536	1.076073827	99989.17807	0	0
S34	31632.70018	0.1790118813	99989.17807	0	0
neutron	939.56536	0.1798534114	99989.51085	0	0
S34	31632.70018	0.1700388842	99989.51085	0	0
S37	34430.21755	0.1368531412	99989.21893	0	0
neutron	939.56536	0.514820219	99989.54603	0	0
S34	31632.70018	0.1203826621	99989.54603	0	0
neutron	939.56536	0.8997867193	99989.39834	0	0
Ne22	20479.73746	0.07602603653	99989.39834	0	0
neutron	939.56536	16.30824326	99989.19629	0	0
proton	938.272013	14.35367955	99989.19629	0	0
proton	938.272013	4.008097177	99989.19629	0	0
neutron	939.56536	0.06974714844	99989.19629	0	0
Si31	28846.21977	0.03263619183	99989.19629	0	0
neutron	939.56536	17.65811492	99989.14218	0	0
neutron	939.56536	1.208645504	99989.14218	0	0
neutron	939.56536	0.7801792957	99989.14218	0	0
S34	31632.70018	0.3657761112	99989.14218	0	0
S37	34430.21755	0.1452163556	99988.69521	0	0
neutron	939.56536	15.30209762	99989.40342	0	0
neutron	939.56536	9.202280859	99989.40342	0	0
neutron	939.56536	5.5966288	99989.40342	0	0
alpha	3727.379	6.48289683	99989.40342	0	0
O16	14895.08153	2.385679259	99989.40342	0	0
Ne23	21414.10216	0.2101647397	99989.11016	0	0
neutron	939.56536	3.698587732	99988.52829	0	0
neutron	939.56536	3.426192561	99988.52829	0	0
proton	938.272013	2.470324501	99988.52829	0	0
neutron	939.56536	0.8300487239	99988.52829	0	0
P31	28844.21869	0.7253568549	99988.52829	0	0
S37	34430.21755	0.1431038184	99988.90011	0	0
neutron	939.56536	6.971291279	99989.16143	0	0
neutron	939.56536	4.774818313	99989.16143	0	0
proton	938.272013	4.222380497	99989.16143	0	0
neutron	939.56536	0.3503332904	99989.16143	0	0
P31	28844.21869	0.08122215205	99989.16143	0	0
Ne23	21414.10216	0.2197590893	99988.59627	0	0
neutron	939.56536	0.7751013164	99989.31844	0	0
S34	31632.70018	0.08007799304	99989.31844	0	0
S35	32565.27968	0.1502292444	99988.92016	0	0
neutron	939.56536	8.517681145	99989.72699	0	0
proton	938.272013	6.145667416	99989.72699	0	0
neutron	939.56536	0.7330495591	99989.72699	0	0
neutron	939.56536	0.4809777738	99989.72699	0	0
P31	28844.21869	0.3539472569	99989.72699	0	0
neutron	939.56536	3.259085025	99989.14776	0	0
neutron	939.56536	2.57669087	99989.14776	0	0
neutron	939.56536	0.4311378581	99989.14776	0	0
S34	31632.70018	0.1759618982	99989.14776	0	0
neutron	939.56536	7.089829072	99989.25073	0	0
neutron	939.56536	5.799326762	99989.25073	0	0
neutron	939.56536	1.011233147	99989.25073	0	0
Ne20	18617.73218	0.8682784335	99989.25073	0	0
neutron	939.56536	0.4469482764	99989.53649	0	0
Ne22	20479.73746	0.2301752626	99989.53649	0	0
neutron	939.56536	2.23563918	99989.74054	0	0
S34	31632.70018	0.1537930791	99989.74054	0	0
neutron	939.56536	28.03175306	99989.6366	0	0
neutron	939.56536	3.807554368	99989.6366	0	0
neutron	939.56536	3.772643647	99989.6366	0	0
S32	29773.62828	1.7481899	99989.6366	0	0
neutron	939.56536	4.469899002	99989.77428	0	0
neutron	939.56536	1.892218535	99989.77428	0	0
deuteron	1875.613	5.663965353	99989.77428	0	0
alpha	3727.379	3.586078106	99989.77428	0	0
N15	13968.93638	3.093469909	99989.77428	0	0
neutron	939.56536	18.9232399	99989.60352	0	0
proton	938.272013	4.735812374	99989.60352	0	0
proton	938.272013	4.443407455	99989.60352	0	0
Si32	29776.58515	0.2850239387	99989.60352	0	0
S35	32565.27968	0.1427499904	99988.88305	0	0
neutron	939.56536	0.1721592841	99988.82373	0	0
S34	31632.70018	0.1180821927	99988.82373	0	0
neutron	939.56536	0.5130694695	99989.47439	0	0
S34	31632.70018	0.1821253717	99989.47439	0	0
neutron	939.56536	0.5673915173	99988.7099	0	0
S34	31632.70018	0.1102824295	99988.7099	0	0
neutron	939.56536	0.314869548	99989.37793	0	0
S36	33494.9558	0.165650243	99989.37793	0	0
proton	938.272013	13.16626045	99989.39663	0	0
neutron	939.56536	9.339728713	99989.39663	0	0
neutron	939.56536	6.601115994	99989.39663	0	0
proton	938.272013	3.626432196	99989.39663	0	0
neutron	939.56536	1.989234148	99989.39663	0	0
Si30	27913.24182	0.4632765594	99989.39663	0	0
proton	938.272013	22.12723954	99989.17005	0	0
neutron	939.56536	7.568438721	99989.17005	0	0
neutron	939.56536	1.139065229	99989.17005	0	0
P32	29775.84838	0.7070258532	99989.17005	0	0
neutron	939.56536	7.561851335	99988.74388	0	0
neutron	939.56536	3.098895777	99988.74388	0	0
neutron	939.56536	1.409070467	99988.74388	0	0
alpha	3727.379	6.397629806	99988.74388	0	0
O16	14895.08153	1.222949021	99988.74388	0	0
neutron	939.56536	0.1523067963	99989.92453	0	0
S34	31632.70018	0.1171123149	99989.92453	0	0
Ne23	21414.10216	0.2052407937	99989.886	0	0
S37	34430.21755	0.1412863053	99988.87944	0	0
neutron	939.56536	0.3256618997	99989.20521	0	0
S34	31632.70018	0.2087074944	99989.20521	0	0
proton	938.272013	16.28316752	99988.6405	0	0
neutron	939.56536	1.23345899	99988.6405	0	0
P33	30705.30994	0.2141584976	99988.6405	0	0
neutron	939.56536	14.2948102	99988.63372	0	0
neutron	939.56536	8.073271758	99988.63372	0	0
proton	938.272013	4.856122906	99988.63372	0	0
neutron	939.56536	0.8821978559	99988.63372	0	0
P31	28844.21869	0.8072129818	99988.63372	0	0
neutron	939.56536	1.328441323	99989.08841	0	0
S36	33494.9558	0.2226473819	99989.08841	0	0
S35	32565.27968	0.1550785903	99988.51023	0	0
neutron	939.56536	0.9358293007	99989.10362	0	0
S36	33494.9558	0.1151656995	99989.10362	0	0
neutron	939.56536	1.440129784	99988.89681	0	0
S34	31632.70018	0.2317938569	99988.89681	0	0
neutron	939.56536	40.63013864	99989.24338	0	0
neutron	939.56536	17.08512125	99989.24338	0	0
neutron	939.56536	1.607925773	99989.24338	0	0
S34	31632.70018	1.580579895	99989.24338	0	0
neutron	939.56536	2.338530434	99989.19733	0	0
S34	31632.70018	0.0609505421	99989.19733	0	0
neutron	939.56536	1.069108267	99989.08636	0	0
S36	33494.9558	0.03945747998	99989.08636	0	0
neutron	939.56536	1.240633226	99989.37115	0	0
S34	31632.70018	0.0681931248	99989.37115	0	0
neutron	939.56536	1.011764194	99989.48319	0	0
S34	31632.70018	0.1820146011	99989.48319	0	0
neutron	939.56536	15.53081684	99990.08878	0	0
neutron	939.56536	5.215809535	99990.08878	0	0
neutron	939.56536	1.059532869	99990.08878	0	0
Ne20	18617.73218	0.4715420942	99990.08878	0	0
neutron	939.56536	0.2114061757	99988.84489	0	0
Ne22	20479.73746	0.2531206612	99988.84489	0	0
S35	32565.27968	0.1613261268	99989.80733	0	0
neutron	939.56536	3.99978337	99988.81324	0	0
neutron	939.56536	3.438923549	99988.81324	0	0
neutron	939.56536	1.241915499	99988.81324	0	0
Ne20	18617.73218	0.06668904624	99988.81324	0	0
proton	938.272013	4.80781997	99989.34524	0	0
neutron	939.56536	3.738436256	99989.34524	0	0
proton	938.272013	3.486556346	99989.34524	0	0
neutron	939.56536	3.00607633	99989.34524	0	0
Si31	28846.21977	0.2813155821	99989.34524	0	0
proton	938.272013	14.65476481	99989.36801	0	0
neutron	939.56536	5.110044967	99989.36801	0	0
proton	938.272013	3.182533809	99989.36801	0	0
neutron	939.56536	0.4267969351	99989.36801	0	0
Si31	28846.21977	0.337097799	99989.36801	0	0
neutron	939.56536	0.1424848561	99989.76439	0	0
Ne22	20479.73746	0.2272328529	99989.76439	0	0
neutron	939.56536	0.9091066972	99989.96815	0	0
S34	31632.70018	0.1964720914	99989.96815	0	0
S35	32565.27968	0.1368921973	99988.47384	0	0
proton	938.272013	12.46754148	99989.15607	0	0
neutron	939.56536	2.815248613	99989.15607	0	0
neutron	939.56536	1.969077321	99989.15607	0	0
P32	29775.84838	0.705550012	99989.15607	0	0
Ne23	21414.10216	0.2272049767	99988.72539	0	0
neutron	939.56536	13.60236064	99989.01261	0	0
neutron	939.56536	5.232210533	99989.01261	0	0
proton	938.272013	3.345404183	99989.01261	0	0
neutron	939.56536	1.293806916	99989.01261	0	0
P31	28844.21869	1.682022992	99989.01261	0	0
S35	32565.27968	0.1594256932	99989.24114	0	0
neutron	939.56536	2.618580989	99989.51949	0	0
Ne22	20479.73746	0.5732166189	99989.51949	0	0
S35	32565.27968	0.1576803797	99988.99892	0	0
neutron	939.56536	4.883404638	99989.37134	0	0
neutron	939.56536	4.482819976	99989.37134	0	0
neutron	939.56536	3.385431639	99989.37134	0	0
alpha	3727.379	7.017529481	99989.37134	0	0
O16	14895.08153	1.597892985	99989.37134	0	0
neutron	939.56536	0.2154640412	99988.84891	0	0
Ne22	20479.73746	0.1600265798	99988.84891	0	0
neutron	939.56536	5.219148642	99989.48948	0	0
neutron	939.56536	3.509963381	99989.48948	0	0
Ne21	19550.53637	0.2661500414	99989.48948	0	0
neutron	939.56536	1.266069175	99989.91391	0	0
Ne22	20479.73746	0.1245893391	99989.91391	0	0
neutron	939.56536	3.003832925	99989.34759	0	0
neutron	939.56536	2.801170048	99989.34759	0	0
neutron	939.56536	0.8152432336	99989.34759	0	0
neutron	939.56536	0.1054645034	99989.34759	0	0
S33	30704.55199	0.4187056601	99989.34759	0	0
neutron	939.56536	5.844798679	99989.11025	0	0
neutron	939.56536	2.138769489	99989.11025	0	0
neutron	939.56536	0.8744578994	99989.11025	0	0
Ne20	18617.73218	0.1705533503	99989.11025	0	0
S35	32565.27968	0.1575779847	99989.22007	0	0
Ne23	21414.10216	0.231988374	99988.76276	0	0
neutron	939.56536	11.67608924	99989.12533	0	0
proton	938.272013	7.356647975	99989.12533	0	0
neutron	939.56536	3.922838693	99989.12533	0	0
neutron	939.56536	2.046579229	99989.12533	0	0
P31	28844.21869	0.8546205344	99989.12533	0	0
neutron	939.56536	0.3254467685	99989.06977	0	0
S34	31632.70018	0.2212756993	99989.06977	0	0
Ne23	21414.10216	0.224842527	99989.04826	0	0
proton	938.272013	23.37625719	99989.89814	0	0
neutron	939.56536	10.12707293	99989.89814	0	0
neutron	939.56536	2.383196159	99989.89814	0	0
neutron	939.56536	1.769540874	99989.89814	0	0
F19	17692.30285	1.100276732	99989.89814	0	0
Ne23	21414.10216	0.2348245642	99988.82566	0	0
neutron	939.56536	11.39843411	99989.35796	0	0
neutron	939.56536	4.220797485	99989.35796	0	0
neutron	939.56536	0.32062597	99989.35796	0	0
S32	29773.62828	1.287460475	99989.35796	0	0
S37	34430.21755	0.1350204107	99989.29272	0	0
neutron	939.56536	2.921525188	99988.93871	0	0
S36	33494.9558	0.2320765908	99988.93871	0	0
S35	32565.27968	0.1654905127	99988.98627	0	0
neutron	939.56536	0.7745550972	99989.70843	0	0
S34	31632.70018	0.2704172979	99989.70843	0	0
Ne23	21414.10216	0.2294093843	99989.20291	0	0
S37	34430.21755	0.1433515162	99989.06721	0	0
neutron	939.56536	0.3253993895	99989.03622	0	0
Ne22	20479.73746	0.2161725557	99989.03622	0	0
neutron	939.56536	2.289516663	99989.54467	0	0
S34	31632.70018	0.1430504071	99989.54467	0	0
neutron	939.56536	13.18426037	99989.09515	0	0
proton	938.272013	10.4566308	99989.09515	0	0
F21	19556.73074	0.1893174998	99989.09515	0	0
S35	32565.27968	0.1620004464	99989.80051	0	0
S35	32565.27968	0.1468910161	99989.10455	0	0
neutron	939.56536	0.09065754199	99988.8952	0	0
Ne22	20479.73746	0.279639757	99988.8952	0	0
neutron	939.56536	6.585971124	99989.1594	0	0
neutron	939.56536	5.494746726	99989.1594	0	0
proton	938.272013	2.415347159	99989.1594	0	0
neutron	939.56536	0.6980281077	99989.1594	0	0
alpha	3727.379	4.386134689	99989.1594	0	0
N15	13968.93638	0.9371071059	99989.1594	0	0
neutron	939.56536	0.9279483303	99989.19647	0	0
Ne22	20479.73746	0.1244471531	99989.19647	0	0
neutron	939.56536	22.50954713	99989.15193	0	0
neutron	939.56536	2.198287685	99989.15193	0	0
neutron	939.56536	1.799175654	99989.15193	0	0
Ne20	18617.73218	1.121719762	99989.15193	0	0
neutron	939.56536	1.256422854	99988.94387	0	0
S34	31632.70018	0.1056124294	99988.94387	0	0
proton	938.272013	5.615925054	99988.68842	0	0
neutron	939.56536	5.47480914	99988.68842	0	0
neutron	939.56536	1.50970904	99988.68842	0	0
deuteron	1875.613	3.054975068	99988.68842	0	0
alpha	3727.379	13.01096991	99988.68842	0	0
C14	13040.87134	1.797810722	99988.68842	0	0
S35	32565.27968	0.1461159691	99988.28357	0	0
proton	938.272013	20.75389008	99989.18094	0	0
neutron	939.56536	15.65717998	99989.18094	0	0
neutron	939.56536	4.056822823	99989.18094	0	0
P34	31638.59261	0.06671708366	99989.18094	0	0
neutron	939.56536	6.234062464	99988.88272	0	0
neutron	939.56536	5.141492448	99988.88272	0	0
neutron	939.56536	3.615091575	99988.88272	0	0
S34	31632.70018	1.174842723	99988.88272	0	0
neutron	939.56536	16.48679802	99988.7625	0	0
neutron	939.56536	16.1343814	99988.7625	0	0
neutron	939.56536	0.1953877043	99988.7625	0	0
S32	29773.62828	0.1367469982	99988.7625	0	0
S37	34430.21755	0.1293080907	99989.05214	0	0
Ne23	21414.10216	0.217261725	99989.21291	0	0
neutron	939.56536	11.03547697	99988.88577	0	0
neutron	939.56536	7.796454234	99988.88577	0	0
proton	938.272013	4.321092204	99988.88577	0	0
neutron	939.56536	2.617411327	99988.88577	0	0
alpha	3727.379	9.64996484	99988.88577	0	0
N15	13968.93638	0.386115076	99988.88577	0	0
proton	938.272013	5.252140801	99989.35041	0	0
neutron	939.56536	2.688982539	99989.35041	0	0
P35	32569.77755	0.4505610899	99989.35041	0	0
neutron	939.56536	4.960649986	99989.40696	0	0
neutron	939.56536	3.135159758	99989.40696	0	0
S33	30704.55199	0.08668995751	99989.40696	0	0
S35	32565.27968	0.1596995347	99989.51214	0	0
neutron	939.56536	0.4248486771	99988.81742	0	0
Ne22	20479.73746	0.2354327305	99988.81742	0	0
neutron	939.56536	1.64848795	99989.60363	0	0
Ne22	20479.73746	0.1223163283	99989.60363	0	0
neutron	939.56536	0.457415776	99989.13402	0	0
S34	31632.70018	0.1574442198	99989.13402	0	0
S35	32565.27968	0.1408286059	99989.46262	0	0
neutron	939.56536	7.268873682	99988.83518	0	0
neutron	939.56536	3.720695025	99988.83518	0	0
neutron	939.56536	0.4957851322	99988.83518	0	0
alpha	3727.379	8.25223948	99988.83518	0	0
O16	14895.08153	2.43638548	99988.83518	0	0
neutron	939.56536	4.935176018	99989.61461	0	0
neutron	939.56536	4.027067149	99989.61461	0	0
proton	938.272013	2.769211081	99989.61461	0	0
neutron	939.56536	0.9971442811	99989.61461	0	0
P31	28844.21869	0.211662322	99989.61461	0	0
neutron	939.56536	20.76525308	99988.87323	0	0
Ne22	20479.73746	0.6821901922	99988.87323	0	0
neutron	939.56536	0.3040986996	99988.96872	0	0
S34	31632.70018	0.08495237336	99988.96872	0	0
neutron	939.56536	0.3864313001	99989.90059	0	0
S34	31632.70018	0.1014732045	99989.90059	0	0
neutron	939.56536	2.658286012	99989.12971	0	0
S34	31632.70018	0.2267836117	99989.12971	0	0
neutron	939.56536	18.3491498	99989.10838	0	0
neutron	939.56536	2.324265418	99989.10838	0	0
neutron	939.56536	1.837963933	99989.10838	0	0
S32	29773.62828	0.7794970956	99989.10838	0	0
neutron	939.56536	0.01721473005	99988.79948	0	0
S34	31632.70018	0.1456479658	99988.79948	0	0
neutron	939.56536	4.485930984	99990.29262	0	0
neutron	939.56536	0.2145422183	99990.29262	0	0
S35	32565.27968	0.1809856857	99990.29262	0	0
Ne23	21414.10216	0.2294087923	99989.83257	0	0
Ne23	21414.10216	0.2191064868	99989.24243	0	0
S35	32565.27968	0.1384312669	99989.00847	0	0
neutron	939.56536	6.35283906	99988.69319	0	0
proton	938.272013	3.434627937	99988.69319	0	0
neutron	939.56536	1.635553658	99988.69319	0	0
neutron	939.56536	0.2698387392	99988.69319	0	0
deuteron	1875.613	3.061848123	99988.69319	0	0
Si29	26984.28567	0.3887170588	99988.69319	0	0
neutron	939.56536	35.15388596	99989.29731	0	0
proton	938.272013	10.10087201	99989.29731	0	0
neutron	939.56536	2.054691861	99989.29731	0	0
neutron	939.56536	0.08750713645	99989.29731	0	0
P33	30705.30994	0.5830656871	99989.29731	0	0
Ne23	21414.10216	0.2338568454	99989.20562	0	0
neutron	939.56536	0.9158633709	99988.99137	0	0
S34	31632.70018	0.07554732765	99988.99137	0	0
neutron	939.56536	0.7633768746	99991.35158	0	0
S36	33494.9558	0.1600207522	99991.35158	0	0
proton	938.272013	5.832202505	99988.69145	0	0
neutron	939.56536	3.451211629	99988.69145	0	0
proton	938.272013	2.482150919	99988.69145	0	0
neutron	939.56536	1.69190506	99988.69145	0	0
Si31	28846.21977	0.2805808121	99988.69145	0	0
proton	938.272013	21.70196411	99989.19225	0	0
neutron	939.56536	7.43677004	99989.19225	0	0
neutron	939.56536	2.070079089	99989.19225	0	0
P34	31638.59261	0.1189457161	99989.19225	0	0
proton	938.272013	5.163720443	99990.25915	0	0
neutron	939.56536	4.650888754	99990.25915	0	0
neutron	939.56536	3.100516012	99990.25915	0	0
neutron	939.56536	1.441386174	99990.25915	0	0
alpha	3727.379	10.03617064	99990.25915	0	0
Al27	25126.50566	1.432942842	99990.25915	0	0
S35	32565.27968	0.1559769747	99989.13798	0	0
neutron	939.56536	2.019400007	99989.39164	0	0
neutron	939.56536	1.749222875	99989.39164	0	0
neutron	939.56536	1.288876523	99989.39164	0	0
S32	29773.62828	0.5566873959	99989.39164	0	0
neutron	939.56536	0.1416966459	99989.14646	0	0
S36	33494.9558	0.1376503146	99989.14646	0	0
S35	32565.27968	0.1641055445	99989.4324	0	0
neutron	939.56536	0.5319895586	99989.83871	0	0
S36	33494.9558	0.05467540713	99989.83871	0	0
neutron	939.56536	1.478970702	99988.97262	0	0
Ne22	20479.73746	0.1493997306	99988.97262	0	0
neutron	939.56536	5.820304783	99988.82019	0	0
S36	33494.9558	0.07401275094	99988.82019	0	0
S37	34430.21755	0.1371557612	99988.80752	0	0
neutron	939.56536	22.80267019	99989.30362	0	0
neutron	939.56536	2.399360864	99989.30362	0	0
neutron	939.56536	1.957184566	99989.30362	0	0
Ne20	18617.73218	1.293965223	99989.30362	0	0
neutron	939.56536	1.292932121	99989.29527	0	0
S34	31632.70018	0.1460946582	99989.29527	0	0
proton	938.272013	9.264378209	99988.74901	0	0
neutron	939.56536	4.508399574	99988.74901	0	0
neutron	939.56536	1.344827338	99988.74901	0	0
P32	29775.84838	1.320075777	99988.74901	0	0
neutron	939.56536	1.528177741	99989.5028	0	0
S34	31632.70018	0.2799009715	99989.5028	0	0
neutron	939.56536	3.135308389	99989.31296	0	0
neutron	939.56536	2.368053515	99989.31296	0	0
alpha	3727.379	28.45693974	99989.31296	0	0
Si29	26984.28567	2.197995317	99989.31296	0	0
Ne23	21414.10216	0.2231889117	99988.50817	0	0
neutron	939.56536	2.5282383	99989.12633	0	0
Ne22	20479.73746	0.4508840407	99989.12633	0	0
neutron	939.56536	30.50608942	99989.4565	0	0
proton	938.272013	12.88723672	99989.4565	0	0
neutron	939.56536	3.223880533	99989.4565	0	0
neutron	939.56536	2.540502289	99989.4565	0	0
P33	30705.30994	0.6638987326	99989.4565	0	0
proton	938.272013	32.19409376	99988.77547	0	0
neutron	939.56536	1.676369415	99988.77547	0	0
F21	19556.73074	1.684619586	99988.77547	0	0
S35	32565.27968	0.1525086343	99989.20605	0	0
neutron	939.56536	4.950702762	99989.60163	0	0
neutron	939.56536	2.69886918	99989.60163	0	0
neutron	939.56536	0.8998548518	99989.60163	0	0
alpha	3727.379	9.086687743	99989.60163	0	0
Si28	26053.19393	1.011959139	99989.60163	0	0
neutron	939.56536	1.260148522	99989.22336	0	0
Ne22	20479.73746	0.3826069172	99989.22336	0	0
neutron	939.56536	0.9029079423	99988.73473	0	0
S34	31632.70018	0.07447597562	99988.73473	0	0
neutron	939.56536	5.823451185	99989.46718	0	0
S34	31632.70018	0.3314004832	99989.46718	0	0
S35	32565.27968	0.1417580994	99990.56872	0	0
neutron	939.56536	0.322711014	99989.31673	0	0
S34	31632.70018	0.190060992	99989.31673	0	0
S37	34430.21755	0.14106793	99989.76764	0	0
Ne23	21414.10216	0.2041914095	99989.42586	0	0
neutron	939.56536	20.82712597	99989.52787	0	0
neutron	939.56536	0.4762276622	99989.52787	0	0
alpha	3727.379	5.802620597	99989.52787	0	0
O17	15830.5038	3.023451805	99989.52787	0	0
S37	34430.21755	0.1389527499	99989.54695	0	0
neutron	939.56536	5.936216212	99988.96269	0	0
neutron	939.56536	3.496807232	99988.96269	0	0
neutron	939.56536	3.40056275	99988.96269	0	0
Ne20	18617.73218	0.1594103769	99988.96269	0	0
S35	32565.27968	0.162606839	99989.14128	0	0
S37	34430.21755	0.143452299	99988.95157	0	0
neutron	939.56536	4.041598961	99988.8498	0	0
neutron	939.56536	0.1091476826	99988.8498	0	0
Ne21	19550.53637	0.3502620004	99988.8498	0	0
neutron	939.56536	2.558451163	99989.06986	0	0
S36	33494.9558	0.03488381675	99989.06986	0	0
neutron	939.56536	15.16283613	99989.30215	0	0
neutron	939.56536	4.766571901	99989.30215	0	0
neutron	939.56536	2.068859143	99989.30215	0	0
Ne20	18617.73218	0.1376338045	99989.30215	0	0
Ne23	21414.10216	0.2317526334	99989.28354	0	0
S35	32565.27968	0.1399248307	99989.13344	0	0
neutron	939.56536	3.849990642	99988.73868	0	0
neutron	939.56536	3.691763748	99988.73868	0	0
S33	30704.55199	0.1373492657	99988.73868	0	0
neutron	939.56536	1.355036407	99989.89708	0	0
S34	31632.70018	0.1209906533	99989.89708	0	0
S35	32565.27968	0.1559790467	99989.65095	0	0
proton	938.272013	6.738364003	99989.31086	0	0
neutron	939.56536	6.493895714	99989.31086	0	0
neutron	939.56536	1.479878886	99989.31086	0	0
P32	29775.84838	0.1990024481	99989.31086	0	0
neutron	939.56536	0.7181409646	99989.1806	0	0
Ne22	20479.73746	0.1313610831	99989.1806	0	0
neutron	939.56536	2.418957077	99988.82089	0	0
neutron	939.56536	1.831873781	99988.82089	0	0
S33	30704.55199	0.1137264884	99988.82089	0	0
neutron	939.56536	4.950791439	99989.64202	0	0
neutron	939.56536	1.351298395	99989.64202	0	0
neutron	939.56536	0.8959747591	99989.64202	0	0
Ne20	18617.73218	0.1041734077	99989.64202	0	0
neutron	939.56536	28.9706665	99990.41628	0	0
proton	938.272013	11.37476675	99990.41628	0	0
proton	938.272013	6.551721205	99990.41628	0	0
neutron	939.56536	0.2410404986	99990.41628	0	0
Si31	28846.21977	0.347585349	99990.41628	0	0
neutron	939.56536	8.412696189	99988.89015	0	0
neutron	939.56536	3.446647807	99988.89015	0	0
S33	30704.55199	0.715448597	99988.89015	0	0
neutron	939.56536	4.492072031	99988.71882	0	0
Ne22	20479.73746	0.1969692112	99988.71882	0	0
neutron	939.56536	1.881805751	99988.7111	0	0
S34	31632.70018	0.1329424519	99988.7111	0	0
neutron	939.56536	2.085329284	99988.65538	0	0
Ne22	20479.73746	0.04365397936	99988.65538	0	0
S35	32565.27968	0.1593715058	99989.20232	0	0
neutron	939.56536	2.197605642	99989.78687	0	0
S34	31632.70018	0.02527631054	99989.78687	0	0
neutron	939.56536	1.975313065	99988.64501	0	0
neutron	939.56536	0.770373116	99988.64501	0	0
S35	32565.27968	0.1927829006	99988.64501	0	0
neutron	939.56536	6.89544315	99989.14858	0	0
neutron	939.56536	3.193551425	99989.14858	0	0
deuteron	1875.613	6.616243177	99989.14858	0	0
P31	28844.21869	0.8573219777	99989.14858	0	0
S35	32565.27968	0.1480111279	99989.3465	0	0
Ne23	21414.10216	0.200970398	99989.00045	0	0
Ne23	21414.10216	0.2330860362	99989.67608	0	0
neutron	939.56536	10.32085597	99989.24069	0	0
neutron	939.56536	9.146920386	99989.24069	0	0
proton	938.272013	3.708120765	99989.24069	0	0
neutron	939.56536	0.7200929662	99989.24069	0	0
P31	28844.21869	0.3961903077	99989.24069	0	0
neutron	939.56536	7.134348117	99989.4252	0	0
neutron	939.56536	5.176179353	99989.4252	0	0
proton	938.272013	4.842653848	99989.4252	0	0
neutron	939.56536	3.073287312	99989.4252	0	0
proton	938.272013	2.359040779	99989.4252	0	0
neutron	939.56536	1.723861238	99989.4252	0	0
Si29	26984.28567	0.1905285294	99989.4252	0	0
S35	32565.27968	0.1546321496	99989.48825	0	0
S35	32565.27968	0.1451944396	99989.47052	0	0
neutron	939.56536	1.005882249	99988.48209	0	0
S34	31632.70018	0.1629502897	99988.48209	0	0
proton	938.272013	4.463486957	99989.82775	0	0
neutron	939.56536	3.234954556	99989.82775	0	0
P33	30705.30994	0.3209033226	99989.82775	0	0
S35	32565.27968	0.165437063	99990.01973	0	0
neutron	939.56536	2.67788738	99989.14616	0	0
S34	31632.70018	0.04210636267	99989.14616	0	0
S37	34430.21755	0.1413003948	99990.15976	0	0
neutron	939.56536	3.317670511	99989.6855	0	0
S34	31632.70018	0.1864149723	99989.6855	0	0
Ne23	21414.10216	0.2169158962	99989.42786	0	0
neutron	939.56536	0.209973851	99989.01155	0	0
S34	31632.70018	0.1003948612	99989.01155	0	0
proton	938.272013	18.16588322	99989.07411	0	0
neutron	939.56536	0.8929592113	99989.07411	0	0
F21	19556.73074	1.459826961	99989.07411	0	0
neutron	939.56536	13.14537137	99988.35433	0	0
neutron	939.56536	10.13279216	99988.35433	0	0
neutron	939.56536	3.682044166	99988.35433	0	0
proton	938.272013	3.171818542	99988.35433	0	0
P31	28844.21869	1.561046306	99988.35433	0	0
neutron	939.56536	2.557952367	99988.81615	0	0
S34	31632.70018	0.0926405217	99988.81615	0	0
Ne23	21414.10216	0.2257012518	99988.82444	0	0
neutron	939.56536	2.421602608	99988.84728	0	0
neutron	939.56536	2.004803632	99988.84728	0	0
S33	30704.55199	0.1916252267	99988.84728	0	0
neutron	939.56536	0.6856535812	99989.48157	0	0
Ne22	20479.73746	0.2095447649	99989.48157	0	0
neutron	939.56536	4.110821662	99989.19301	0	0
neutron	939.56536	2.712516511	99989.19301	0	0
S33	30704.55199	0.1772978367	99989.19301	0	0
neutron	939.56536	0.9485376219	99989.3565	0	0
S34	31632.70018	0.09512833494	99989.3565	0	0
proton	938.272013	14.58778939	99988.71744	0	0
neutron	939.56536	7.573165812	99988.71744	0	0
neutron	939.56536	0.5532997837	99988.71744	0	0
deuteron	1875.613	4.422938817	99988.71744	0	0
Si30	27913.24182	0.5463284936	99988.71744	0	0
neutron	939.56536	0.3695515542	99989.15179	0	0
S36	33494.9558	0.128272083	99989.15179	0	0
neutron	939.56536	16.07548921	99989.49195	0	0
neutron	939.56536	4.269384327	99989.49195	0	0
neutron	939.56536	2.816110001	99989.49195	0	0
neutron	939.56536	0.5726463794	99989.49195	0	0
S33	30704.55199	0.7622086798	99989.49195	0	0
neutron	939.56536	1.855558296	99988.84605	0	0
neutron	939.56536	0.6100286232	99988.84605	0	0
S33	30704.55199	0.1359687644	99988.84605	0	0
proton	938.272013	8.508216977	99989.99897	0	0
neutron	939.56536	5.644535899	99989.99897	0	0
neutron	939.56536	1.592489997	99989.99897	0	0
neutron	939.56536	0.2191604305	99989.99897	0	0
alpha	3727.379	5.459685068	99989.99897	0	0
N15	13968.93638	0.2523216277	99989.99897	0	0
neutron	939.56536	1.119235088	99989.57189	0	0
S36	33494.9558	0.2000931784	99989.57189	0	0
neutron	939.56536	0.2370203289	99989.07608	0	0
S36	33494.9558	0.1822172655	99989.07608	0	0
neutron	939.56536	0.6519989273	99989.34817	0	0
S34	31632.70018	0.1255646093	99989.34817	0	0
S35	32565.27968	0.1327078287	99989.32232	0	0
neutron	939.56536	44.53255073	99989.9879	0	0
neutron	939.56536	1.649264591	99989.9879	0	0
neutron	939.56536	0.4745375459	99989.9879	0	0
alpha	3727.379	8.109070198	99989.9879	0	0
Si28	26053.19393	0.7898470434	99989.9879	0	0
neutron	939.56536	5.057689805	99989.39216	0	0
neutron	939.56536	3.342479206	99989.39216	0	0
S33	30704.55199	0.8208397866	99989.39216	0	0
proton	938.272013	44.20234789	99988.92125	0	0
neutron	939.56536	2.634606403	99988.92125	0	0
neutron	939.56536	0.940391071	99988.92125	0	0
neutron	939.56536	0.2675389026	99988.92125	0	0
P31	28844.21869	1.921554704	99988.92125	0	0
neutron	939.56536	1.750330224	99988.6042	0	0
S34	31632.70018	0.2703549372	99988.6042	0	0
neutron	939.56536	7.360267312	99988.96185	0	0
neutron	939.56536	0.7761354937	99988.96185	0	0
S33	30704.55199	0.5293618435	99988.96185	0	0
S37	34430.21755	0.1400705617	99989.70924	0	0
Ne23	21414.10216	0.2133023254	99988.92419	0	0
neutron	939.56536	1.286625196	99989.44672	0	0
S34	31632.70018	0.1048685835	99989.44672	0	0
neutron	939.56536	0.6326391699	99988.35659	0	0
alpha	3727.379	7.600080726	99988.35659	0	0
Si32	29776.58515	0.7114371946	99988.35659	0	0
neutron	939.56536	5.25160021	99989.50634	0	0
neutron	939.56536	4.335389618	99989.50634	0	0
neutron	939.56536	2.690880519	99989.50634	0	0
Ne20	18617.73218	0.8449395141	99989.50634	0	0
neutron	939.56536	20.490091	99989.39591	0	0
neutron	939.56536	3.896255314	99989.39591	0	0
Ne21	19550.53637	1.160950697	99989.39591	0	0
neutron	939.56536	1.012695679	99988.78357	0	0
S34	31632.70018	0.1946800077	99988.78357	0	0
Ne23	21414.10216	0.2314704055	99988.35198	0	0
neutron	939.56536	4.150802562	99990.2088	0	0
neutron	939.56536	2.00034133	99990.2088	0	0
Ne21	19550.53637	0.1641434745	99990.2088	0	0
S35	32565.27968	0.15396149	99989.61942	0	0
neutron	939.56536	10.03584553	99988.97244	0	0
proton	938.272013	3.37595714	99988.97244	0	0
proton	938.272013	2.481686538	99988.97244	0	0
Si32	29776.58515	0.4252646385	99988.97244	0	0
neutron	939.56536	1.09355934	99989.26897	0	0
Ne22	20479.73746	0.1052024653	99989.26897	0	0
neutron	939.56536	14.70248502	99989.00738	0	0
neutron	939.56536	9.330840346	99989.00738	0	0
neutron	939.56536	8.988010789	99989.00738	0	0
alpha	3727.379	8.889575412	99989.00738	0	0
O16	14895.08153	1.010041581	99989.00738	0	0
Ne23	21414.10216	0.2206614118	99989.73177	0	0
neutron	939.56536	50.17072076	99990.04373	0	0
proton	938.272013	15.06243834	99990.04373	0	0
F21	19556.73074	1.410955732	99990.04373	0	0
neutron	939.56536	2.304977299	99989.84272	0	0
neutron	939.56536	0.6328791559	99989.84272	0	0
S33	30704.55199	0.06810342533	99989.84272	0	0
neutron	939.56536	16.07825845	99989.91838	0	0
neutron	939.56536	14.4711842	99989.91838	0	0
neutron	939.56536	5.712515475	99989.91838	0	0
proton	938.272013	3.021215559	99989.91838	0	0
F19	17692.30285	0.1588473776	99989.91838	0	0
neutron	939.56536	23.54720781	99989.14684	0	0
neutron	939.56536	12.39815976	99989.14684	0	0
neutron	939.56536	5.279649089	99989.14684	0	0
Ne20	18617.73218	0.3726392723	99989.14684	0	0
neutron	939.56536	2.246318551	99989.02878	0	0
neutron	939.56536	0.6724283943	99989.02878	0	0
S33	30704.55199	0.0735880929	99989.02878	0	0
neutron	939.56536	1.479489832	99989.36697	0	0
S34	31632.70018	0.3270481553	99989.36697	0	0
S35	32565.27968	0.1515366806	99988.96746	0	0
neutron	939.56536	1.585838144	99989.08643	0	0
S34	31632.70018	0.1441124511	99989.08643	0	0
S37	34430.21755	0.1448572958	99989.31974	0	0
Ne23	21414.10216	0.2329682861	99988.8825	0	0
Ne23	21414.10216	0.2171814272	99989.76491	0	0
Ne23	21414.10216	0.2336868175	99989.45284	0	0
neutron	939.56536	15.02201334	99989.29754	0	0
neutron	939.56536	1.518849653	99989.29754	0	0
neutron	939.56536	0.2667832104	99989.29754	0	0
S34	31632.70018	0.5956982694	99989.29754	0	0
S37	34430.21755	0.1444975171	99989.58458	0	0
neutron	939.56536	1.81203427	99989.33343	0	0
S34	31632.70018	0.3322644584	99989.33343	0	0
neutron	939.56536	0.6916547559	99989.02573	0	0
S36	33494.9558	0.2450528055	99989.02573	0	0
neutron	939.56536	14.26971096	99989.51514	0	0
proton	938.272013	9.44552941	99989.51514	0	0
neutron	939.56536	5.627062007	99989.51514	0	0
proton	938.272013	3.762779963	99989.51514	0	0
neutron	939.56536	2.112715724	99989.51514	0	0
O18	16762.02378	2.617415379	99989.51514	0	0
neutron	939.56536	0.08587477461	99988.92305	0	0
Ne22	20479.73746	0.2643526124	99988.92305	0	0
neutron	939.56536	14.13203572	99989.22942	0	0
neutron	939.56536	2.731245604	99989.22942	0	0
S33	30704.55199	0.2140809529	99989.22942	0	0
neutron	939.56536	2.597171355	99988.48195	0	0
Ne22	20479.73746	0.4471380141	99988.48195	0	0
neutron	939.56536	11.61741116	99988.10403	0	0
neutron	939.56536	5.303070801	99988.10403	0	0
neutron	939.56536	0.5264277546	99988.10403	0	0
Ne20	18617.73218	1.010535869	99988.10403	0	0
neutron	939.56536	15.01846107	99989.18778	0	0
neutron	939.56536	10.0773938	99989.18778	0	0
proton	938.272013	4.194530919	99989.18778	0	0
neutron	939.56536	2.533972877	99989.18778	0	0
triton	2808.921	9.908585497	99989.18778	0	0
Si30	27913.24182	0.1409553425	99989.18778	0	0
neutron	939.56536	13.23828591	99989.22988	0	0
neutron	939.56536	2.218110741	99989.22988	0	0
neutron	939.56536	0.8294500952	99989.22988	0	0
alpha	3727.379	20.70601313	99989.22988	0	0
Si28	26053.19393	1.802577643	99989.22988	0	0
S35	32565.27968	0.1606525978	99989.0699	0	0
neutron	939.56536	3.688924014	99988.94045	0	0
S34	31632.70018	0.2346061578	99988.94045	0	0
proton	938.272013	6.615197336	99989.10707	0	0
F22	20491.06576	0.4511815717	99989.10707	0	0
neutron	939.56536	37.13983549	99989.6975	0	0
neutron	939.56536	8.901314026	99989.6975	0	0
neutron	939.56536	5.482067867	99989.6975	0	0
S32	29773.62828	1.111542993	99989.6975	0	0
S35	32565.27968	0.149081682	99988.9056	0	0
neutron	939.56536	6.957194025	99989.53525	0	0
neutron	939.56536	5.179345479	99989.53525	0	0
neutron	939.56536	0.4625339579	99989.53525	0	0
S32	29773.62828	0.4340982407	99989.53525	0	0
neutron	939.56536	8.062682149	99989.27926	0	0
neutron	939.56536	7.396006411	99989.27926	0	0
neutron	939.56536	3.744565977	99989.27926	0	0
neutron	939.56536	3.642253795	99989.27926	0	0
neutron	939.56536	0.2506888955	99989.27926	0	0
alpha	3727.379	7.807087575	99989.27926	0	0
Si28	26053.19393	0.3726356144	99989.27926	0	0
neutron	939.56536	6.002528311	99990.18325	0	0
neutron	939.56536	5.540277778	99990.18325	0	0
neutron	939.56536	5.009429574	99990.18325	0	0
S34	31632.70018	0.6118922031	99990.18325	0	0
neutron	939.56536	15.04368841	99989.40423	0	0
proton	938.272013	9.453889068	99989.40423	0	0
neutron	939.56536	5.1322815	99989.40423	0	0
neutron	939.56536	4.797215519	99989.40423	0	0
F19	17692.30285	1.518675647	99989.40423	0	0
neutron	939.56536	1.955653082	99990.02488	0	0
S34	31632.70018	0.1321272099	99990.02488	0	0
neutron	939.56536	0.8324758025	99988.82806	0	0
S34	31632.70018	0.1508813004	99988.82806	0	0
neutron	939.56536	0.3736855314	99988.99887	0	0
S36	33494.9558	0.07467686844	99988.99887	0	0
Ne23	21414.10216	0.2128710334	99988.91208	0	0
proton	938.272013	32.4551446	99988.52966	0	0
neutron	939.56536	4.37939423	99988.52966	0	0
neutron	939.56536	1.228843915	99988.52966	0	0
neutron	939.56536	1.133215725	99988.52966	0	0
P31	28844.21869	2.230364366	99988.52966	0	0
neutron	939.56536	4.108137883	99988.91889	0	0
neutron	939.56536	2.175659325	99988.91889	0	0
neutron	939.56536	2.150760988	99988.91889	0	0
Ne20	18617.73218	0.5176876245	99988.91889	0	0
neutron	939.56536	18.15863628	99988.98473	0	0
neutron	939.56536	4.143417361	99988.98473	0	0
neutron	939.56536	2.027062221	99988.98473	0	0
Ne20	18617.73218	0.9689609482	99988.98473	0	0
neutron	939.56536	0.9045340602	99988.95586	0	0
Ne22	20479.73746	0.2289610566	99988.95586	0	0
S35	32565.27968	0.1462006652	99988.85137	0	0
neutron	939.56536	0.850259082	99989.10866	0	0
S34	31632.70018	0.1577153585	99989.10866	0	0
neutron	939.56536	4.20753591	99988.87042	0	0
neutron	939.56536	2.823083819	99988.87042	0	0
S33	30704.55199	0.3227770046	99988.87042	0	0
S35	32565.27968	0.1479889048	99989.12407	0	0
neutron	939.56536	3.326913026	99989.77053	0	0
S34	31632.70018	0.1106433219	99989.77053	0	0
neutron	939.56536	6.787278955	99989.14148	0	0
proton	938.272013	3.062210719	99989.14148	0	0
neutron	939.56536	1.970592384	99989.14148	0	0
deuteron	1875.613	11.29517874	99989.14148	0	0
triton	2808.921	4.145526065	99989.14148	0	0
Al27	25126.50566	2.616089025	99989.14148	0	0
Ne23	21414.10216	0.2352925906	99990.45211	0	0
neutron	939.56536	0.2505596929	99988.73754	0	0
Ne22	20479.73746	0.1210698075	99988.73754	0	0
Ne23	21414.10216	0.2295880289	99989.47302	0	0
neutron	939.56536	1.773559493	99988.52344	0	0
S34	31632.70018	0.04167417228	99988.52344	0	0
neutron	939.56536	0.8763512457	99989.27616	0	0
S34	31632.70018	0.2562659358	99989.27616	0	0
neutron	939.56536	9.798264754	99989.15205	0	0
proton	938.272013	6.07965847	99989.15205	0	0
neutron	939.56536	4.519100414	99989.15205	0	0
proton	938.272013	3.035356725	99989.15205	0	0
neutron	939.56536	2.421354943	99989.15205	0	0
Si30	27913.24182	0.5428843616	99989.15205	0	0
neutron	939.56536	3.695970624	99989.19198	0	0
S34	31632.70018	0.09263226274	99989.19198	0	0
neutron	939.56536	0.5003086794	99989.17647	0	0
Ne22	20479.73746	0.1427119364	99989.17647	0	0
neutron	939.56536	8.986605549	99988.8591	0	0
neutron	939.56536	3.632827454	99988.8591	0	0
neutron	939.56536	2.186509241	99988.8591	0	0
alpha	3727.379	7.982800382	99988.8591	0	0
O16	14895.08153	2.252746905	99988.8591	0	0
neutron	939.56536	23.89457581	99989.82508	0	0
neutron	939.56536	12.79519098	99989.82508	0	0
neutron	939.56536	2.981498769	99989.82508	0	0
alpha	3727.379	7.684910679	99989.82508	0	0
O16	14895.08153	1.238384249	99989.82508	0	0
neutron	939.56536	1.086887139	99989.90048	0	0
Ne22	20479.73746	0.250848956	99989.90048	0	0
neutron	939.56536	1.803424264	99988.70923	0	0
S34	31632.70018	0.3327178274	99988.70923	0	0
neutron	939.56536	2.960554095	99989.12885	0	0
S34	31632.70018	0.2188646054	99989.12885	0	0
proton	938.272013	13.26901685	99989.1071	0	0
neutron	939.56536	10.05168598	99989.1071	0	0
neutron	939.56536	1.544996633	99989.1071	0	0
neutron	939.56536	0.04709378933	99989.1071	0	0
alpha	3727.379	5.922617351	99989.1071	0	0
N15	13968.93638	0.5169882012	99989.1071	0	0
S37	34430.21755	0.1451413172	99989.03282	0	0
neutron	939.56536	1.379787897	99989.88746	0	0
Ne22	20479.73746	0.2829720199	99989.88746	0	0
S35	32565.27968	0.1576428552	99990.37924	0	0
neutron	939.56536	1.877197979	99989.55136	0	0
S34	31632.70018	0.193784356	99989.55136	0	0
neutron	939.56536	0.4667752977	99989.32619	0	0
S34	31632.70018	0.1757298241	99989.32619	0	0
neutron	939.56536	2.750957786	99989.38666	0	0
neutron	939.56536	2.051125254	99989.38666	0	0
neutron	939.56536	1.844173896	99989.38666	0	0
S32	29773.62828	0.3452265404	99989.38666	0	0
neutron	939.56536	18.53668786	99989.73247	0	0
neutron	939.56536	7.102838182	99989.73247	0	0
proton	938.272013	4.303994636	99989.73247	0	0
neutron	939.56536	2.866055832	99989.73247	0	0
neutron	939.56536	2.344995026	99989.73247	0	0
P30	27916.96459	0.7818238263	99989.73247	0	0
neutron	939.56536	0.3076230048	99989.65646	0	0
S34	31632.70018	0.2096157206	99989.65646	0	0
neutron	939.56536	3.834158584	99989.21913	0	0
neutron	939.56536	1.653496029	99989.21913	0	0
neutron	939.56536	0.4965172743	99989.21913	0	0
alpha	3727.379	17.13863759	99989.21913	0	0
alpha	3727.379	12.53201606	99989.21913	0	0
C12	11174.86339	4.910888923	99989.21913	0	0
neutron	939.56536	47.88917513	99989.02798	0	0
neutron	939.56536	4.066462712	99989.02798	0	0
neutron	939.56536	1.527454965	99989.02798	0	0
alpha	3727.379	4.748142449	99989.02798	0	0
O16	14895.08153	1.789737354	99989.02798	0	0
Ne23	21414.10216	0.2358641671	99989.16791	0	0
S35	32565.27968	0.1368780155	99989.44286	0	0
Ne23	21414.10216	0.2306686314	99988.56792	0	0
Ne23	21414.10216	0.2230429132	99989.45203	0	0
neutron	939.56536	2.701144256	99988.82836	0	0
Ne22	20479.73746	0.1796668811	99988.82836	0	0
S35	32565.27968	0.1628941196	99989.50222	0	0
S37	34430.21755	0.1412912539	99989.5936	0	0
neutron	939.56536	1.54111663	99989.77624	0	0
S34	31632.70018	0.2191540083	99989.77624	0	0
Ne23	21414.10216	0.2259583891	99989.2555	0	0
Ne23	21414.10216	0.2252147441	99989.09345	0	0
neutron	939.56536	8.141839167	99989.30164	0	0
S34	31632.70018	0.5978459382	99989.30164	0	0
neutron	939.56536	2.453190773	99988.87434	0	0
S34	31632.70018	0.1184787905	99988.87434	0	0
proton	938.272013	15.52204801	99988.93889	0	0
proton	938.272013	7.242593684	99988.93889	0	0
neutron	939.56536	0.4328516636	99988.93889	0	0
Si32	29776.58515	0.8551578287	99988.93889	0	0
S35	32565.27968	0.1574207883	99988.70717	0	0
neutron	939.56536	8.720469229	99988.66324	0	0
neutron	939.56536	5.128985931	99988.66324	0	0
neutron	939.56536	0.7154460499	99988.66324	0	0
Ne20	18617.73218	0.8813708554	99988.66324	0	0
neutron	939.56536	22.00312729	99989.13486	0	0
neutron	939.56536	2.362937317	99989.13486	0	0
neutron	939.56536	1.206461229	99989.13486	0	0
S32	29773.62828	1.07828696	99989.13486	0	0
neutron	939.56536	3.20951703	99988.94402	0	0
neutron	939.56536	3.107524633	99988.94402	0	0
proton	938.272013	1.675252751	99988.94402	0	0
deuteron	1875.613	5.346393644	99988.94402	0	0
O18	16762.02378	1.160555954	99988.94402	0	0
neutron	939.56536	2.687068721	99989.67331	0	0
neutron	939.56536	1.142591806	99989.67331	0	0
S35	32565.27968	0.2062167134	99989.67331	0	0
neutron	939.56536	1.420937685	99988.90833	0	0
S34	31632.70018	0.1324582007	99988.90833	0	0
Ne23	21414.10216	0.2334333688	99989.10896	0	0
proton	938.272013	5.423808457	99989.3984	0	0
neutron	939.56536	4.655465082	99989.3984	0	0
neutron	939.56536	2.044314231	99989.3984	0	0
P34	31638.59261	0.08852154984	99989.3984	0	0
neutron	939.56536	1.174305494	99989.4441	0	0
S34	31632.70018	0.2444100726	99989.4441	0	0
neutron	939.56536	14.01085747	99989.44684	0	0
proton	938.272013	6.849914984	99989.44684	0	0
neutron	939.56536	3.369641077	99989.44684	0	0
P32	29775.84838	0.3207282633	99989.44684	0	0
Ne23	21414.10216	0.2311733211	99989.27039	0	0
neutron	939.56536	0.7696085577	99988.79214	0	0
S34	31632.70018	0.1345837282	99988.79214	0	0
neutron	939.56536	2.47985548	99988.89533	0	0
neutron	939.56536	2.032488975	99988.89533	0	0
alpha	3727.379	9.796126076	99988.89533	0	0
Si29	26984.28567	0.6981348416	99988.89533	0	0
Ne23	21414.10216	0.2249226183	99988.83775	0	0
neutron	939.56536	2.896619359	99988.74513	0	0
Ne22	20479.73746	0.2505654807	99988.74513	0	0
neutron	939.56536	1.518606169	99988.99651	0	0
S34	31632.70018	0.04554950315	99988.99651	0	0
neutron	939.56536	0.2973462108	99989.34251	0	0
S34	31632.70018	0.1222776576	99989.34251	0	0
neutron	939.56536	9.696691468	99989.16676	0	0
proton	938.272013	5.865665795	99989.16676	0	0
neutron	939.56536	5.824252549	99989.16676	0	0
neutron	939.56536	0.355310054	99989.16676	0	0
deuteron	1875.613	8.255476386	99989.16676	0	0
Si29	26984.28567	0.7940103276	99989.16676	0	0
S35	32565.27968	0.1505220176	99989.36128	0	0
S37	34430.21755	0.128745748	99989.43305	0	0
neutron	939.56536	3.464021302	99989.01256	0	0
S34	31632.70018	0.04899916538	99989.01256	0	0
neutron	939.56536	1.082337219	99989.24091	0	0
neutron	939.56536	0.408094736	99989.24091	0	0
S33	30704.55199	0.06296510001	99989.24091	0	0
neutron	939.56536	40.03511895	99989.26981	0	0
neutron	939.56536	5.046475208	99989.26981	0	0
neutron	939.56536	3.786769552	99989.26981	0	0
alpha	3727.379	2.541470604	99989.26981	0	0
O16	14895.08153	3.311754333	99989.26981	0	0
S37	34430.21755	0.135554486	99989.05238	0	0
neutron	939.56536	14.31929484	99989.19178	0	0
proton	938.272013	7.006435301	99989.19178	0	0
neutron	939.56536	5.067264091	99989.19178	0	0
neutron	939.56536	1.150715027	99989.19178	0	0
P31	28844.21869	0.6474585505	99989.19178	0	0
neutron	939.56536	0.5362715468	99989.09548	0	0
Ne22	20479.73746	0.145417801	99989.09548	0	0
neutron	939.56536	1.298666089	99989.6898	0	0
S34	31632.70018	0.1009735448	99989.6898	0	0
S35	32565.27968	0.1359448443	99989.12396	0	0
Ne23	21414.10216	0.2237580095	99988.86232	0	0
neutron	939.56536	0.4223814082	99989.14951	0	0
S34	31632.70018	0.2344212999	99989.14951	0	0
neutron	939.56536	0.2812841023	99989.36441	0	0
S36	33494.9558	0.106116532	99989.36441	0	0
neutron	939.56536	14.83063254	99989.47663	0	0
proton	938.272013	7.617442985	99989.47663	0	0
proton	938.272013	4.763495281	99989.47663	0	0
neutron	939.56536	4.416871672	99989.47663	0	0
neutron	939.56536	2.958064056	99989.47663	0	0
neutron	939.56536	1.058625621	99989.47663	0	0
Si29	26984.28567	0.0517752922	99989.47663	0	0
neutron	939.56536	5.583348437	99989.44601	0	0
neutron	939.56536	5.213268643	99989.44601	0	0
neutron	939.56536	1.206607083	99989.44601	0	0
alpha	3727.379	5.840977165	99989.44601	0	0
O16	14895.08153	0.9664571463	99989.44601	0	0
proton	938.272013	47.08349238	99989.63279	0	0
neutron	939.56536	10.87277621	99989.63279	0	0
neutron	939.56536	1.174011423	99989.63279	0	0
F20	18625.26686	0.5999848837	99989.63279	0	0
Ne23	21414.10216	0.2196295773	99989.40345	0	0
Ne23	21414.10216	0.218261959	99989.44223	0	0
proton	938.272013	24.66808522	99989.53658	0	0
neutron	939.56536	21.57859431	99989.53658	0	0
neutron	939.56536	1.183027407	99989.53658	0	0
P32	29775.84838	0.7166493679	99989.53658	0	0
proton	938.272013	6.617839248	99989.43465	0	0
neutron	939.56536	6.31194073	99989.43465	0	0
neutron	939.56536	6.178940895	99989.43465	0	0
neutron	939.56536	5.86370345	99989.43465	0	0
proton	938.272013	3.042890476	99989.43465	0	0
Si30	27913.24182	0.578732516	99989.43465	0	0
S35	32565.27968	0.1491178704	99988.98497	0	0
neutron	939.56536	6.85279958	99989.85503	0	0
neutron	939.56536	0.3314143552	99989.85503	0	0
Ne21	19550.53637	0.6557914605	99989.85503	0	0
neutron	939.56536	14.70030778	99989.49112	0	0
neutron	939.56536	1.734526	99989.49112	0	0
neutron	939.56536	0.8373407841	99989.49112	0	0
alpha	3727.379	25.51626945	99989.49112	0	0
O16	14895.08153	4.197869236	99989.49112	0	0
neutron	939.56536	16.91566712	99989.09704	0	0
neutron	939.56536	3.454180218	99989.09704	0	0
neutron	939.56536	0.377414152	99989.09704	0	0
Ne20	18617.73218	0.2944859972	99989.09704	0	0
neutron	939.56536	28.13746884	99989.43947	0	0
neutron	939.56536	6.555327835	99989.43947	0	0
neutron	939.56536	1.916300265	99989.43947	0	0
neutron	939.56536	0.8256312267	99989.43947	0	0
S33	30704.55199	0.2439014706	99989.43947	0	0
neutron	939.56536	5.712591354	99989.4478	0	0
neutron	939.56536	2.606981542	99989.4478	0	0
He3	2808.391	7.492774216	99989.4478	0	0
alpha	3727.379	9.138907376	99989.4478	0	0
Mg26	24196.50368	4.055223493	99989.4478	0	0
neutron	939.56536	0.7023457761	99989.25373	0	0
Ne22	20479.73746	0.06535145249	99989.25373	0	0
neutron	939.56536	0.9690496895	99988.88399	0	0
S34	31632.70018	0.1660099903	99988.88399	0	0
neutron	939.56536	2.704206487	99989.77002	0	0
neutron	939.56536	2.260395497	99989.77002	0	0
Ne21	19550.53637	0.8592541551	99989.77002	0	0
neutron	939.56536	0.4046328331	99989.61076	0	0
S36	33494.9558	0.2057258168	99989.61076	0	0
neutron	939.56536	0.3091611007	99989.2871	0	0
S34	31632.70018	0.1275164383	99989.2871	0	0
neutron	939.56536	5.681519411	99989.55719	0	0
neutron	939.56536	4.200733976	99989.55719	0	0
Ne21	19550.53637	0.6933185547	99989.55719	0	0
neutron	939.56536	2.298143316	99989.07916	0	0
S36	33494.9558	0.1289054644	99989.07916	0	0
neutron	939.56536	10.48265275	99989.04243	0	0
neutron	939.56536	3.498879492	99989.04243	0	0
Ne21	19550.53637	0.5035046628	99989.04243	0	0
neutron	939.56536	1.97062971	99989.03341	0	0
Ne22	20479.73746	0.3382858847	99989.03341	0	0
neutron	939.56536	2.275644737	99989.27842	0	0
neutron	939.56536	1.206012938	99989.27842	0	0
S33	30704.55199	0.2163953856	99989.27842	0	0
neutron	939.56536	1.375003083	99989.77839	0	0
S34	31632.70018	0.10499439	99989.77839	0	0
neutron	939.56536	0.5167396179	99989.21427	0	0
Ne22	20479.73746	0.1594159619	99989.21427	0	0
neutron	939.56536	1.930211152	99989.28658	0	0
S34	31632.70018	0.05715839455	99989.28658	0	0
neutron	939.56536	0.03573706736	99989.76636	0	0
S34	31632.70018	0.1703721616	99989.76636	0	0
neutron	939.56536	43.00137041	99989.10499	0	0
neutron	939.56536	0.5276099554	99989.10499	0	0
alpha	3727.379	9.33091346	99989.10499	0	0
Si29	26984.28567	0.7266739601	99989.10499	0	0
neutron	939.56536	10.65089662	99989.55337	0	0
neutron	939.56536	10.30553355	99989.55337	0	0
neutron	939.56536	3.234710065	99989.55337	0	0
S32	29773.62828	0.7329712075	99989.55337	0	0
neutron	939.56536	3.781079071	99989.48767	0	0
neutron	939.56536	1.000159356	99989.48767	0	0
alpha	3727.379	9.072310157	99989.48767	0	0
Si29	26984.28567	0.9646148024	99989.48767	0	0
Ne23	21414.10216	0.2344023704	99988.63744	0	0
neutron	939.56536	3.753562816	99989.47198	0	0
Ne22	20479.73746	0.3219848206	99989.47198	0	0
Ne23	21414.10216	0.226702081	99990.10976	0	0
neutron	939.56536	1.538750838	99988.90016	0	0
S36	33494.9558	0.320459097	99988.90016	0	0
neutron	939.56536	24.44429213	99990.28244	0	0
neutron	939.56536	4.579882836	99990.28244	0	0
neutron	939.56536	3.173214841	99990.28244	0	0
S32	29773.62828	1.094826417	99990.28244	0	0
neutron	939.56536	0.3692821155	99988.81924	0	0
S36	33494.9558	0.2169208698	99988.81924	0	0
neutron	939.56536	6.31202212	99989.12917	0	0
neutron	939.56536	5.215876464	99989.12917	0	0
neutron	939.56536	4.216956039	99989.12917	0	0
neutron	939.56536	3.059196211	99989.12917	0	0
He3	2808.391	8.525751757	99989.12917	0	0
O16	14895.08153	1.504520645	99989.12917	0	0
neutron	939.56536	8.562469198	99989.47581	0	0
alpha	3727.379	13.78351081	99989.47581	0	0
Si30	27913.24182	1.870070702	99989.47581	0	0
proton	938.272013	4.440128182	99988.67951	0	0
neutron	939.56536	2.933378807	99988.67951	0	0
neutron	939.56536	2.448408145	99988.67951	0	0
deuteron	1875.613	6.336118865	99988.67951	0	0
Si30	27913.24182	1.857983459	99988.67951	0	0
neutron	939.56536	3.54632435	99988.98052	0	0
proton	938.272013	3.467715819	99988.98052	0	0
neutron	939.56536	0.1935729933	99988.98052	0	0
P32	29775.84838	0.05949454117	99988.98052	0	0
neutron	939.56536	0.8801423139	99989.55231	0	0
S36	33494.9558	0.1213631172	99989.55231	0	0
Ne23	21414.10216	0.2202871142	99989.21059	0	0
neutron	939.56536	9.803058992	99989.16024	0	0
neutron	939.56536	3.235495069	99989.16024	0	0
neutron	939.56536	0.7078287862	99989.16024	0	0
Ne20	18617.73218	0.8636551498	99989.16024	0	0
neutron	939.56536	3.377334916	99989.23606	0	0
Ne22	20479.73746	0.07936123578	99989.23606	0	0
Ne23	21414.10216	0.2234623498	99989.5588	0	0
neutron	939.56536	1.957879029	99988.97177	0	0
neutron	939.56536	1.486957278	99988.97177	0	0
Ne21	19550.53637	0.3962526147	99988.97177	0	0
neutron	939.56536	4.338445382	99989.14775	0	0
neutron	939.56536	1.402238534	99989.14775	0	0
S35	32565.27968	0.06702698422	99989.14775	0	0
neutron	939.56536	2.645268025	99988.57203	0	0
S34	31632.70018	0.01876042559	99988.57203	0	0
S35	32565.27968	0.1399687697	99989.19395	0	0
neutron	939.56536	3.683037741	99989.626	0	0
S36	33494.9558	0.2977004956	99989.626	0	0
Ne23	21414.10216	0.2151082381	99989.64456	0	0
Ne23	21414.10216	0.2008314026	99989.94832	0	0
neutron	939.56536	0.2164922277	99989.31445	0	0
S34	31632.70018	0.1399025105	99989.31445	0	0
Ne23	21414.10216	0.2140271398	99989.64694	0	0
neutron	939.56536	7.549259025	99989.20425	0	0
neutron	939.56536	7.031268316	99989.20425	0	0
neutron	939.56536	1.358527019	99989.20425	0	0
Ne20	18617.73218	0.83708309	99989.20425	0	0
neutron	939.56536	1.05309906	99988.41175	0	0
S36	33494.9558	0.1467174176	99988.41175	0	0
neutron	939.56536	3.153144652	99989.24565	0	0
Ne22	20479.73746	0.2501863025	99989.24565	0	0
neutron	939.56536	0.4864795385	99988.96762	0	0
S34	31632.70018	0.1535900914	99988.96762	0	0
proton	938.272013	23.33824074	99988.60264	0	0
neutron	939.56536	10.97418057	99988.60264	0	0
proton	938.272013	6.940446782	99988.60264	0	0
Si32	29776.58515	0.34367874	99988.60264	0	0
proton	938.272013	8.031207047	99990.09261	0	0
neutron	939.56536	2.942268823	99990.09261	0	0
P33	30705.30994	0.3429371331	99990.09261	0	0
neutron	939.56536	0.3045905227	99989.81759	0	0
S36	33494.9558	0.09894543573	99989.81759	0	0
S37	34430.21755	0.1435075971	99989.10007	0	0
proton	938.272013	4.655770592	99988.84592	0	0
neutron	939.56536	0.6633017373	99988.84592	0	0
neutron	939.56536	0.6498978138	99988.84592	0	0
deuteron	1875.613	12.6172316	99988.84592	0	0
O18	16762.02378	1.71512069	99988.84592	0	0
proton	938.272013	8.819791293	99988.83249	0	0
neutron	939.56536	1.206966966	99988.83249	0	0
deuteron	1875.613	5.38043771	99988.83249	0	0
Si31	28846.21977	0.7138050384	99988.83249	0	0
neutron	939.56536	14.52524075	99989.15007	0	0
neutron	939.56536	4.723727644	99989.15007	0	0
proton	938.272013	4.08451856	99989.15007	0	0
neutron	939.56536	1.580449281	99989.15007	0	0
P31	28844.21869	0.9344097013	99989.15007	0	0
neutron	939.56536	0.4929444833	99989.34512	0	0
Ne22	20479.73746	0.3379802181	99989.34512	0	0
neutron	939.56536	0.1703247655	99989.111	0	0
S36	33494.9558	0.1436527623	99989.111	0	0
neutron	939.56536	0.08947641596	99989.00342	0	0
S34	31632.70018	0.1298172273	99989.00342	0	0
neutron	939.56536	0.9832829376	99988.89878	0	0
Ne22	20479.73746	0.3181203861	99988.89878	0	0
neutron	939.56536	11.41963306	99989.73771	0	0
neutron	939.56536	7.295287469	99989.73771	0	0
neutron	939.56536	6.820453664	99989.73771	0	0
neutron	939.56536	4.899221701	99989.73771	0	0
proton	938.272013	3.363433501	99989.73771	0	0
neutron	939.56536	2.617145815	99989.73771	0	0
P31	28844.21869	1.764209123	99989.73771	0	0
S35	32565.27968	0.1435388672	99988.566	0	0
neutron	939.56536	4.742756934	99988.88318	0	0
neutron	939.56536	4.348594666	99988.88318	0	0
neutron	939.56536	0.5390914035	99988.88318	0	0
S32	29773.62828	0.4751678674	99988.88318	0	0
Ne23	21414.10216	0.2262792912	99989.48658	0	0
neutron	939.56536	2.690339176	99989.17671	0	0
S36	33494.9558	0.03325948217	99989.17671	0	0
S35	32565.27968	0.1619079511	99989.02043	0	0
neutron	939.56536	0.8580720855	99988.76187	0	0
Ne22	20479.73746	0.3416977343	99988.76187	0	0
neutron	939.56536	4.49589374	99989.83082	0	0
neutron	939.56536	1.635135345	99989.83082	0	0
neutron	939.56536	1.302715479	99989.83082	0	0
alpha	3727.379	12.13532799	99989.83082	0	0
Si28	26053.19393	1.561629281	99989.83082	0	0
neutron	939.56536	4.265087609	99989.73942	0	0
neutron	939.56536	2.637916112	99989.73942	0	0
neutron	939.56536	0.4066558929	99989.73942	0	0
S32	29773.62828	0.2599228885	99989.73942	0	0
neutron	939.56536	7.18379239	99988.71015	0	0
neutron	939.56536	4.668951221	99988.71015	0	0
neutron	939.56536	4.227753967	99988.71015	0	0
Ne20	18617.73218	1.022176695	99988.71015	0	0
neutron	939.56536	0.257874606	99988.94968	0	0
S34	31632.70018	0.1607332678	99988.94968	0	0
neutron	939.56536	8.980372667	99988.90019	0	0
neutron	939.56536	3.071769376	99988.90019	0	0
Ne21	19550.53637	0.3934818498	99988.90019	0	0
neutron	939.56536	13.53966814	99990.90192	0	0
neutron	939.56536	1.062202921	99990.90192	0	0
neutron	939.56536	1.04939481	99990.90192	0	0
S32	29773.62828	1.156020575	99990.90192	0	0
neutron	939.56536	3.384465177	99988.6077	0	0
neutron	939.56536	0.441652361	99988.6077	0	0
S33	30704.55199	0.1268241449	99988.6077	0	0
neutron	939.56536	32.5500718	99989.34196	0	0
neutron	939.56536	2.433022081	99989.34196	0	0
neutron	939.56536	1.710431154	99989.34196	0	0
S32	29773.62828	0.2897836954	99989.34196	0	0
neutron	939.56536	24.49829806	99989.82854	0	0
proton	938.272013	17.86344681	99989.82854	0	0
F21	19556.73074	0.5424790195	99989.82854	0	0
Ne23	21414.10216	0.2337641576	99988.98533	0	0
neutron	939.56536	0.5897164388	99988.55402	0	0
S34	31632.70018	0.06299329178	99988.55402	0	0
proton	938.272013	25.41703417	99989.40394	0	0
neutron	939.56536	19.91369869	99989.40394	0	0
neutron	939.56536	1.10522485	99989.40394	0	0
P32	29775.84838	0.8320387414	99989.40394	0	0
neutron	939.56536	2.322385368	99989.24902	0	0
S34	31632.70018	0.01465643978	99989.24902	0	0
Ne23	21414.10216	0.223069712	99989.12018	0	0
S35	32565.27968	0.1504123412	99989.32423	0	0
neutron	939.56536	0.0173512451	99990.16739	0	0
S34	31632.70018	0.1621827283	99990.16739	0	0
neutron	939.56536	14.31580947	99989.97912	0	0
neutron	939.56536	1.067205878	99989.97912	0	0
neutron	939.56536	0.4736672061	99989.97912	0	0
S34	31632.70018	0.2173559179	99989.97912	0	0
Ne23	21414.10216	0.2208263934	99989.64055	0	0
neutron	939.56536	30.01927806	99989.96196	0	0
neutron	939.56536	9.968143194	99989.96196	0	0
neutron	939.56536	0.6130840972	99989.96196	0	0
neutron	939.56536	0.2938042447	99989.96196	0	0
S33	30704.55199	0.815766903	99989.96196	0	0
Ne23	21414.10216	0.2212975374	99989.12445	0	0
S35	32565.27968	0.1551027192	99990.25484	0	0
neutron	939.56536	0.5277018248	99989.16997	0	0
Ne22	20479.73746	0.3144983613	99989.16997	0	0
neutron	939.56536	0.1070479125	99989.1793	0	0
S34	31632.70018	0.1423558385	99989.1793	0	0
S35	32565.27968	0.1655818953	99989.21956	0	0
neutron	939.56536	0.6736059541	99989.18516	0	0
alpha	3727.379	8.145223782	99989.18516	0	0
O18	16762.02378	1.297140234	99989.18516	0	0
neutron	939.56536	6.277778013	99990.0014	0	0
neutron	939.56536	0.4002657745	99990.0014	0	0
S33	30704.55199	0.488477904	99990.0014	0	0
neutron	939.56536	0.9825708546	99989.68959	0	0
Ne22	20479.73746	0.1342893404	99989.68959	0	0
S35	32565.27968	0.1597424577	99988.87181	0	0
neutron	939.56536	4.735872775	99989.36529	0	0
neutron	939.56536	0.8135677451	99989.36529	0	0
neutron	939.56536	0.4208603733	99989.36529	0	0
S32	29773.62828	0.2524723426	99989.36529	0	0
proton	938.272013	9.169112376	99989.47677	0	0
neutron	939.56536	4.094630528	99989.47677	0	0
neutron	939.56536	1.11551113	99989.47677	0	0
neutron	939.56536	0.08517971931	99989.47677	0	0
alpha	3727.379	11.48865157	99989.47677	0	0
N15	13968.93638	5.1343635	99989.47677	0	0
Ne23	21414.10216	0.2054825189	99989.2061	0	0
neutron	939.56536	0.6651107565	99988.66644	0	0
Ne22	20479.73746	0.2945642731	99988.66644	0	0
S37	34430.21755	0.1362649349	99988.75267	0	0
Ne23	21414.10216	0.2337687911	99989.82522	0	0
proton	938.272013	11.25704882	99989.43869	0	0
neutron	939.56536	6.03004454	99989.43869	0	0
neutron	939.56536	1.662934629	99989.43869	0	0
P32	29775.84838	0.2393573377	99989.43869	0	0
neutron	939.56536	7.82536181	99989.24899	0	0
proton	938.272013	3.121873884	99989.24899	0	0
neutron	939.56536	2.819771093	99989.24899	0	0
neutron	939.56536	2.316436192	99989.24899	0	0
P33	30705.30994	0.399065299	99989.24899	0	0
S35	32565.27968	0.1545056975	99989.1489	0	0
neutron	939.56536	1.404418932	99989.51655	0	0
S34	31632.70018	0.2705321231	99989.51655	0	0
neutron	939.56536	1.223406809	99988.8174	0	0
S34	31632.70018	0.2414268314	99988.8174	0	0
neutron	939.56536	7.074769576	99988.45397	0	0
proton	938.272013	5.348047011	99988.45397	0	0
neutron	939.56536	5.342228658	99988.45397	0	0
proton	938.272013	3.435953616	99988.45397	0	0
neutron	939.56536	1.41007831	99988.45397	0	0
Si30	27913.24182	0.0783040143	99988.45397	0	0
neutron	939.56536	0.8347938613	99990.14094	0	0
S34	31632.70018	0.1912217552	99990.14094	0	0
neutron	939.56536	9.753357965	99989.76428	0	0
neutron	939.56536	2.598545155	99989.76428	0	0
S33	30704.55199	0.2834671276	99989.76428	0	0
neutron	939.56536	7.578034416	99989.35369	0	0
neutron	939.56536	4.397557669	99989.35369	0	0
Ne21	19550.53637	0.42766415	99989.35369	0	0
S35	32565.27968	0.1599124656	99988.56481	0	0
neutron	939.56536	0.2842559106	99988.42871	0	0
S34	31632.70018	0.1793638404	99988.42871	0	0
S35	32565.27968	0.1484450511	99989.19208	0	0
neutron	939.56536	0.25995969	99988.76726	0	0
S34	31632.70018	0.1215781617	99988.76726	0	0
neutron	939.56536	1.71618755	99989.76101	0	0
S34	31632.70018	0.04352263985	99989.76101	0	0
neutron	939.56536	7.548357167	99989.33705	0	0
neutron	939.56536	5.476930496	99989.33705	0	0
proton	938.272013	4.714896875	99989.33705	0	0
neutron	939.56536	0.2692325845	99989.33705	0	0
P31	28844.21869	0.9566221416	99989.33705	0	0
Ne23	21414.10216	0.2182864662	99988.92783	0	0
S35	32565.27968	0.1635446997	99989.02029	0	0
neutron	939.56536	6.113127541	99989.24083	0	0
neutron	939.56536	2.271095603	99989.24083	0	0
neutron	939.56536	0.4375259468	99989.24083	0	0
S34	31632.70018	0.2158279708	99989.24083	0	0
neutron	939.56536	2.160342959	99988.73492	0	0
S36	33494.9558	0.2671767888	99988.73492	0	0
proton	938.272013	12.17671163	99989.05143	0	0
neutron	939.56536	5.215948168	99989.05143	0	0
neutron	939.56536	0.6170750055	99989.05143	0	0
P32	29775.84838	0.863654647	99989.05143	0	0
proton	938.272013	28.46345308	99988.55233	0	0
neutron	939.56536	6.773692439	99988.55233	0	0
proton	938.272013	5.459713086	99988.55233	0	0
neutron	939.56536	0.4749874546	99988.55233	0	0
Si31	28846.21977	1.087813489	99988.55233	0	0
neutron	939.56536	0.5139318318	99988.9135	0	0
Ne22	20479.73746	0.1802788264	99988.9135	0	0
proton	938.272013	35.08981699	99989.12254	0	0
neutron	939.56536	1.260779918	99989.12254	0	0
P33	30705.30994	0.6319562044	99989.12254	0	0
neutron	939.56536	1.401307711	99988.85812	0	0
S34	31632.70018	0.2866307195	99988.85812	0	0
Ne23	21414.10216	0.2284323918	99990.89488	0	0
neutron	939.56536	1.791677649	99988.66502	0	0
neutron	939.56536	1.49188394	99988.66502	0	0
Ne21	19550.53637	0.1450907648	99988.66502	0	0
S35	32565.27968	0.1535708047	99988.94135	0	0
neutron	939.56536	0.8738220098	99989.36966	0	0
S34	31632.70018	0.272260516	99989.36966	0	0
neutron	939.56536	1.592531379	99989.31368	0	0
S34	31632.70018	0.1696649499	99989.31368	0	0
neutron	939.56536	11.7033937	99989.63233	0	0
proton	938.272013	3.437677933	99989.63233	0	0
neutron	939.56536	2.556674012	99989.63233	0	0
neutron	939.56536	2.134278944	99989.63233	0	0
P31	28844.21869	1.380114294	99989.63233	0	0
neutron	939.56536	2.29274953	99989.17337	0	0
S34	31632.70018	0.1626125869	99989.17337	0	0
Ne23	21414.10216	0.2352982219	99989.09844	0	0
S35	32565.27968	0.1626328838	99989.24336	0	0
neutron	939.56536	5.667033839	99989.02992	0	0
neutron	939.56536	5.625424346	99989.02992	0	0
neutron	939.56536	3.466961425	99989.02992	0	0
alpha	3727.379	8.459051547	99989.02992	0	0
O16	14895.08153	2.65808177	99989.02992	0	0
S37	34430.21755	0.1371319763	99989.63667	0	0
Ne23	21414.10216	0.2298334987	99988.74932	0	0
neutron	939.56536	27.70623343	99989.35381	0	0
neutron	939.56536	24.82330721	99989.35381	0	0
neutron	939.56536	3.517987609	99989.35381	0	0
Ne20	18617.73218	0.3227430148	99989.35381	0	0
neutron	939.56536	4.938882934	99989.06192	0	0
neutron	939.56536	2.61726626	99989.06192	0	0
neutron	939.56536	0.5763696495	99989.06192	0	0
neutron	939.56536	0.5097345069	99989.06192	0	0
S33	30704.55199	0.1707319606	99989.06192	0	0
neutron	939.56536	12.59501486	99988.54442	0	0
neutron	939.56536	8.156511186	99988.54442	0	0
neutron	939.56536	0.8305543422	99988.54442	0	0
alpha	3727.379	5.029297227	99988.54442	0	0
O16	14895.08153	1.974785939	99988.54442	0	0
neutron	939.56536	22.3063842	99989.39244	0	0
neutron	939.56536	7.634513154	99989.39244	0	0
neutron	939.56536	3.691848179	99989.39244	0	0
alpha	3727.379	5.118619304	99989.39244	0	0
O16	14895.08153	3.163495739	99989.39244	0	0
Ne23	21414.10216	0.2203621576	99989.52392	0	0
neutron	939.56536	2.757354825	99989.22257	0	0
S34	31632.70018	0.3660894488	99989.22257	0	0
neutron	939.56536	6.427959704	99988.6157	0	0
neutron	939.56536	0.2488274248	99988.6157	0	0
S33	30704.55199	0.4644572835	99988.6157	0	0
neutron	939.56536	28.13840974	99989.43294	0	0
neutron	939.56536	4.065570114	99989.43294	0	0
neutron	939.56536	0.2624830106	99989.43294	0	0
Ne20	18617.73218	0.4074898775	99989.43294	0	0
proton	938.272013	12.48764803	99989.49005	0	0
neutron	939.56536	12.11263685	99989.49005	0	0
proton	938.272013	5.937643098	99989.49005	0	0
neutron	939.56536	0.7168373866	99989.49005	0	0
Si31	28846.21977	0.4994207369	99989.49005	0	0
neutron	939.56536	33.21232492	99989.00573	0	0
neutron	939.56536	1.913624766	99989.00573	0	0
neutron	939.56536	1.545073435	99989.00573	0	0
S34	31632.70018	0.6566160339	99989.00573	0	0
neutron	939.56536	2.814837699	99989.78649	0	0
neutron	939.56536	1.174913492	99989.78649	0	0
S33	30704.55199	0.08098741775	99989.78649	0	0
S35	32565.27968	0.150374014	99988.49856	0	0
neutron	939.56536	3.580022875	99989.05545	0	0
neutron	939.56536	2.805771251	99989.05545	0	0
deuteron	1875.613	11.05811768	99989.05545	0	0
P33	30705.30994	0.6273814877	99989.05545	0	0
proton	938.272013	33.48961128	99989.66809	0	0
neutron	939.56536	12.62976233	99989.66809	0	0
F21	19556.73074	1.356926756	99989.66809	0	0
neutron	939.56536	0.2409805458	99989.3051	0	0
S36	33494.9558	0.1388738897	99989.3051	0	0
neutron	939.56536	0.1791981863	99989.68723	0	0
Ne22	20479.73746	0.1564610941	99989.68723	0	0
neutron	939.56536	0.5328569659	99989.11013	0	0
S34	31632.70018	0.138747378	99989.11013	0	0
neutron	939.56536	0.1384325342	99989.14902	0	0
Ne22	20479.73746	0.1916972131	99989.14902	0	0
Ne23	21414.10216	0.2260924269	99989.05677	0	0
S35	32565.27968	0.1545219485	99990.27669	0	0
neutron	939.56536	0.6179833958	99989.03142	0	0
Ne22	20479.73746	0.2024951507	99989.03142	0	0
neutron	939.56536	14.14619518	99988.97044	0	0
proton	938.272013	6.473551855	99988.97044	0	0
proton	938.272013	5.578846351	99988.97044	0	0
neutron	939.56536	4.403234149	99988.97044	0	0
neutron	939.56536	1.473569121	99988.97044	0	0
Si32	29776.58515	0.2444654295	99988.97044	0	0
neutron	939.56536	1.96280214	99988.70617	0	0
neutron	939.56536	1.075294299	99988.70617	0	0
S33	30704.55199	0.1783532725	99988.70617	0	0
Ne23	21414.10216	0.225472563	99988.82161	0	0
S35	32565.27968	0.1464069835	99989.58208	0	0
neutron	939.56536	1.023612313	99989.31798	0	0
S34	31632.70018	0.1804135079	99989.31798	0	0
neutron	939.56536	0.8976669399	99989.17063	0	0
S34	31632.70018	0.1055805362	99989.17063	0	0
S35	32565.27968	0.1626742527	99988.52158	0	0
S35	32565.27968	0.1601712189	99989.12174	0	0
S35	32565.27968	0.1595315587	99989.37112	0	0
neutron	939.56536	26.12483671	99989.49119	0	0
neutron	939.56536	6.340779601	99989.49119	0	0
neutron	939.56536	2.377226863	99989.49119	0	0
Ne20	18617.73218	2.062744873	99989.49119	0	0
neutron	939.56536	28.76157269	99989.78062	0	0
proton	938.272013	4.990797608	99989.78062	0	0
neutron	939.56536	4.456907785	99989.78062	0	0
P32	29775.84838	0.6254390843	99989.78062	0	0
Ne23	21414.10216	0.2199795885	99989.12748	0	0
S35	32565.27968	0.1410616686	99988.64196	0	0
neutron	939.56536	10.05382974	99988.97305	0	0
neutron	939.56536	8.98463679	99988.97305	0	0
neutron	939.56536	3.284569211	99988.97305	0	0
neutron	939.56536	1.761093684	99988.97305	0	0
S33	30704.55199	0.5030517197	99988.97305	0	0
neutron	939.56536	6.005389575	99989.26785	0	0
proton	938.272013	3.740678145	99989.26785	0	0
neutron	939.56536	1.601228999	99989.26785	0	0
F20	18625.26686	0.1113818058	99989.26785	0	0
neutron	939.56536	6.953347833	99988.78099	0	0
proton	938.272013	4.144682816	99988.78099	0	0
P33	30705.30994	0.3525073361	99988.78099	0	0
neutron	939.56536	6.05064199	99989.40441	0	0
neutron	939.56536	1.62638872	99989.40441	0	0
neutron	939.56536	0.3791637211	99989.40441	0	0
alpha	3727.379	8.896149773	99989.40441	0	0
O16	14895.08153	2.028131918	99989.40441	0	0
neutron	939.56536	13.90155238	99988.84634	0	0
neutron	939.56536	7.623926091	99988.84634	0	0
neutron	939.56536	6.488907142	99988.84634	0	0
proton	938.272013	4.129358453	99988.84634	0	0
proton	938.272013	3.872355108	99988.84634	0	0
Si30	27913.24182	1.111841633	99988.84634	0	0
neutron	939.56536	11.2011352	99988.79245	0	0
neutron	939.56536	2.115612197	99988.79245	0	0
Ne21	19550.53637	0.2844728526	99988.79245	0	0
neutron	939.56536	1.208018509	99989.1763	0	0
S34	31632.70018	0.2211927097	99989.1763	0	0
neutron	939.56536	2.744919582	99989.90376	0	0
S34	31632.70018	0.2831630214	99989.90376	0	0
Ne23	21414.10216	0.2270187283	99989.30168	0	0
neutron	939.56536	2.834229865	99989.51579	0	0
S34	31632.70018	0.304137794	99989.51579	0	0
S37	34430.21755	0.1363707186	99989.47865	0	0
neutron	939.56536	3.856231744	99989.01354	0	0
S36	33494.9558	0.1041204288	99989.01354	0	0
neutron	939.56536	51.80543395	99989.17012	0	0
proton	938.272013	4.415087517	99989.17012	0	0
P33	30705.30994	1.406433344	99989.17012	0	0
neutron	939.56536	29.48942033	99988.54482	0	0
neutron	939.56536	9.62903171	99988.54482	0	0
neutron	939.56536	1.515097027	99988.54482	0	0
S32	29773.62828	2.928390681	99988.54482	0	0
neutron	939.56536	4.395833793	99989.19486	0	0
neutron	939.56536	3.528204935	99989.19486	0	0
neutron	939.56536	2.466861756	99989.19486	0	0
proton	938.272013	2.092037529	99989.19486	0	0
alpha	3727.379	7.827164159	99989.19486	0	0
Al27	25126.50566	1.380352149	99989.19486	0	0
proton	938.272013	13.41500831	99988.96492	0	0
neutron	939.56536	1.149134644	99988.96492	0	0
neutron	939.56536	0.9736989592	99988.96492	0	0
P32	29775.84838	0.6476850984	99988.96492	0	0
neutron	939.56536	21.02597078	99988.55355	0	0
neutron	939.56536	20.82733022	99988.55355	0	0
neutron	939.56536	1.341730784	99988.55355	0	0
S32	29773.62828	0.6260753861	99988.55355	0	0
neutron	939.56536	2.565539196	99989.30324	0	0
S34	31632.70018	0.2450551046	99989.30324	0	0
Ne23	21414.10216	0.2318929325	99988.76542	0	0
neutron	939.56536	0.8124449968	99989.13945	0	0
Ne22	20479.73746	0.2624383156	99989.13945	0	0
neutron	939.56536	8.616625741	99989.38466	0	0
neutron	939.56536	2.242485621	99989.38466	0	0
neutron	939.56536	0.7936941743	99989.38466	0	0
alpha	3727.379	4.025033075	99989.38466	0	0
O16	14895.08153	2.782968874	99989.38466	0	0
Ne23	21414.10216	0.2355444274	99989.3369	0	0
S35	32565.27968	0.1585546029	99989.19897	0	0
neutron	939.56536	0.3780684148	99988.82916	0	0
Ne22	20479.73746	0.303920829	99988.82916	0	0
neutron	939.56536	1.574164716	99988.67201	0	0
Ne22	20479.73746	0.1481517978	99988.67201	0	0
neutron	939.56536	0.4586624628	99989.57816	0	0
Ne22	20479.73746	0.2829619522	99989.57816	0	0
neutron	939.56536	20.51190131	99989.48334	0	0
neutron	939.56536	3.944296702	99989.48334	0	0
S35	32565.27968	0.3131383793	99989.48334	0	0
neutron	939.56536	10.39049854	99993.29593	0	0
proton	938.272013	4.791191056	99993.29593	0	0
neutron	939.56536	4.047132352	99993.29593	0	0
proton	938.272013	3.575881632	99993.29593	0	0
neutron	939.56536	2.506137587	99993.29593	0	0
Si30	27913.24182	0.5243640668	99993.29593	0	0
neutron	939.56536	1.356426152	99988.72847	0	0
Ne22	20479.73746	0.4016985819	99988.72847	0	0
neutron	939.56536	4.362639868	99989.52543	0	0
neutron	939.56536	0.8348063379	99989.52543	0	0
Ne21	19550.53637	0.4570123472	99989.52543	0	0
neutron	939.56536	6.304252032	99989.02695	0	0
neutron	939.56536	0.8107258038	99989.02695	0	0
S35	32565.27968	0.117234228	99989.02695	0	0
neutron	939.56536	2.456136452	99988.70181	0	0
S34	31632.70018	0.1457658604	99988.70181	0	0
neutron	939.56536	2.061994875	99988.79929	0	0
alpha	3727.379	5.300946005	99988.79929	0	0
Si30	27913.24182	0.8790759879	99988.79929	0	0
neutron	939.56536	1.305757838	99989.3702	0	0
Ne22	20479.73746	0.1071215753	99989.3702	0	0
neutron	939.56536	15.19874223	99988.91446	0	0
neutron	939.56536	6.005814712	99988.91446	0	0
neutron	939.56536	1.390583709	99988.91446	0	0
S32	29773.62828	0.452529865	99988.91446	0	0
neutron	939.56536	1.763402404	99988.76235	0	0
Ne22	20479.73746	0.2668259635	99988.76235	0	0
neutron	939.56536	32.54035964	99989.21109	0	0
proton	938.272013	6.630736087	99989.21109	0	0
neutron	939.56536	2.816165659	99989.21109	0	0
neutron	939.56536	2.436839572	99989.21109	0	0
P31	28844.21869	0.5957046997	99989.21109	0	0
S35	32565.27968	0.1643673632	99989.13889	0	0
neutron	939.56536	15.80163462	99989.0684	0	0
proton	938.272013	7.57772823	99989.0684	0	0
neutron	939.56536	5.432985513	99989.0684	0	0
neutron	939.56536	1.935556396	99989.0684	0	0
triton	2808.921	5.686326897	99989.0684	0	0
O16	14895.08153	0.5097327113	99989.0684	0	0
neutron	939.56536	0.1131237854	99990.38448	0	0
S34	31632.70018	0.1373185996	99990.38448	0	0
neutron	939.56536	0.8173576817	99989.26375	0	0
S34	31632.70018	0.1305682072	99989.26375	0	0
neutron	939.56536	7.76437321	99989.49318	0	0
neutron	939.56536	2.907903648	99989.49318	0	0
neutron	939.56536	2.885177688	99989.49318	0	0
S34	31632.70018	0.1689893144	99989.49318	0	0
S35	32565.27968	0.1562093841	99989.71586	0	0
neutron	939.56536	26.04846878	99988.76835	0	0
neutron	939.56536	9.782458494	99988.76835	0	0
Ne21	19550.53637	2.242951193	99988.76835	0	0
neutron	939.56536	6.919265534	99989.49993	0	0
neutron	939.56536	5.864302687	99989.49993	0	0
neutron	939.56536	4.570222895	99989.49993	0	0
S34	31632.70018	0.3352954404	99989.49993	0	0
S35	32565.27968	0.1502463324	99991.46853	0	0
neutron	939.56536	4.039176202	99989.10287	0	0
S34	31632.70018	0.2736732207	99989.10287	0	0
neutron	939.56536	0.3575376799	99989.22581	0	0
S34	31632.70018	0.09052480698	99989.22581	0	0
Ne23	21414.10216	0.2275551155	99988.78535	0	0
neutron	939.56536	49.69686764	99988.76714	0	0
neutron	939.56536	3.48345548	99988.76714	0	0
neutron	939.56536	3.207877548	99988.76714	0	0
alpha	3727.379	8.716865812	99988.76714	0	0
O16	14895.08153	1.296666962	99988.76714	0	0
neutron	939.56536	9.60410169	99990.22104	0	0
neutron	939.56536	2.254460159	99990.22104	0	0
Ne21	19550.53637	0.1294129485	99990.22104	0	0
neutron	939.56536	0.04269642604	99988.84231	0	0
S34	31632.70018	0.1611327506	99988.84231	0	0
neutron	939.56536	0.7173069405	99989.09063	0	0
S36	33494.9558	0.2048709983	99989.09063	0	0
Ne23	21414.10216	0.23014711	99989.06205	0	0
neutron	939.56536	0.544442261	99989.10714	0	0
S36	33494.9558	0.0937715755	99989.10714	0	0
Ne23	21414.10216	0.2261251906	99989.53025	0	0
S37	34430.21755	0.1402200563	99989.33085	0	0
neutron	939.56536	4.539380334	99989.97022	0	0
proton	938.272013	3.874411201	99989.97022	0	0
neutron	939.56536	1.592606	99989.97022	0	0
neutron	939.56536	0.6159387293	99989.97022	0	0
alpha	3727.379	4.778568166	99989.97022	0	0
N15	13968.93638	2.34567292	99989.97022	0	0
Ne23	21414.10216	0.2151170381	99990.14256	0	0
neutron	939.56536	0.7807496696	99989.21396	0	0
S34	31632.70018	0.137073186	99989.21396	0	0
neutron	939.56536	19.84753016	99989.30021	0	0
neutron	939.56536	12.85574056	99989.30021	0	0
neutron	939.56536	2.43655526	99989.30021	0	0
Ne20	18617.73218	0.3245314981	99989.30021	0	0
neutron	939.56536	0.6003743385	99988.92608	0	0
S34	31632.70018	0.1243141303	99988.92608	0	0
neutron	939.56536	4.481945891	99988.79466	0	0
neutron	939.56536	3.945935563	99988.79466	0	0
neutron	939.56536	1.950922426	99988.79466	0	0
S32	29773.62828	0.510392311	99988.79466	0	0
Ne23	21414.10216	0.232721351	99989.16966	0	0
neutron	939.56536	1.32595966	99989.62346	0	0
S34	31632.70018	0.2967115156	99989.62346	0	0
S35	32565.27968	0.1507430487	99989.77301	0	0
neutron	939.56536	0.7030076014	99989.23087	0	0
S34	31632.70018	0.2129814969	99989.23087	0	0
neutron	939.56536	0.4723353125	99989.74048	0	0
S36	33494.9558	0.1267615499	99989.74048	0	0
Ne23	21414.10216	0.2285671823	99989.74171	0	0
S35	32565.27968	0.1501375268	99989.60102	0	0
proton	938.272013	41.39864097	99990.04519	0	0
neutron	939.56536	2.021697526	99990.04519	0	0
neutron	939.56536	1.725377214	99990.04519	0	0
neutron	939.56536	1.5824193	99990.04519	0	0
P31	28844.21869	1.178316664	99990.04519	0	0
Ne23	21414.10216	0.2333616019	99989.51098	0	0
neutron	939.56536	1.216712992	99989.01727	0	0
Ne22	20479.73746	0.1349127176	99989.01727	0	0
Ne23	21414.10216	0.2286746608	99989.39887	0	0
neutron	939.56536	9.526432591	99988.71996	0	0
neutron	939.56536	0.07075345457	99988.71996	0	0
S33	30704.55199	0.5367351719	99988.71996	0	0
neutron	939.56536	1.651561614	99989.29967	0	0
S34	31632.70018	0.1038824619	99989.29967	0	0
neutron	939.56536	30.78253907	99988.35248	0	0
alpha	3727.379	9.415579621	99988.35248	0	0
Si30	27913.24182	0.6420556667	99988.35248	0	0
S35	32565.27968	0.1452629164	99988.81543	0	0
neutron	939.56536	1.108648907	99989.02474	0	0
S34	31632.70018	0.09105489799	99989.02474	0	0
neutron	939.56536	25.91387949	99988.83797	0	0
proton	938.272013	5.75561963	99988.83797	0	0
neutron	939.56536	0.06541516207	99988.83797	0	0
P32	29775.84838	0.7821918788	99988.83797	0	0
neutron	939.56536	4.940861565	99989.65571	0	0
S34	31632.70018	0.3122672411	99989.65571	0	0
neutron	939.56536	0.3336004321	99988.52814	0	0
S34	31632.70018	0.1059480923	99988.52814	0	0
neutron	939.56536	33.47259242	99989.40165	0	0
neutron	939.56536	2.963357126	99989.40165	0	0
Ne21	19550.53637	1.340058309	99989.40165	0	0
neutron	939.56536	5.754636612	99988.77613	0	0
proton	938.272013	2.94569991	99988.77613	0	0
neutron	939.56536	0.6257996333	99988.77613	0	0
P32	29775.84838	0.3428683885	99988.77613	0	0
S35	32565.27968	0.1404810858	99989.0658	0	0
Ne23	21414.10216	0.2330634964	99988.8438	0	0
neutron	939.56536	0.9825739202	99989.40658	0	0
S34	31632.70018	0.2278354606	99989.40658	0	0
neutron	939.56536	4.649006861	99989.19989	0	0
proton	938.272013	3.882290638	99989.19989	0	0
proton	938.272013	3.74711004	99989.19989	0	0
neutron	939.56536	2.657207532	99989.19989	0	0
neutron	939.56536	0.6725153307	99989.19989	0	0
Si30	27913.24182	0.7074889747	99989.19989	0	0
neutron	939.56536	0.3270195887	99989.58165	0	0
S36	33494.9558	0.1610987692	99989.58165	0	0
S35	32565.27968	0.1485137355	99989.13994	0	0
Ne23	21414.10216	0.229832029	99989.55358	0	0
neutron	939.56536	1.26547269	99989.09429	0	0
S34	31632.70018	0.3232046116	99989.09429	0	0
neutron	939.56536	0.3396731831	99989.94234	0	0
Ne22	20479.73746	0.3430345226	99989.94234	0	0
S35	32565.27968	0.1450619185	99989.32399	0	0
neutron	939.56536	9.17216221	99989.11791	0	0
neutron	939.56536	2.838520401	99989.11791	0	0
neutron	939.56536	0.1662118167	99989.11791	0	0
S32	29773.62828	0.9790089831	99989.11791	0	0
neutron	939.56536	8.047700437	99989.82549	0	0
proton	938.272013	4.817366838	99989.82549	0	0
neutron	939.56536	1.516276546	99989.82549	0	0
F20	18625.26686	0.9354011605	99989.82549	0	0
neutron	939.56536	14.56185592	99989.35187	0	0
neutron	939.56536	10.87745105	99989.35187	0	0
neutron	939.56536	1.70485889	99989.35187	0	0
neutron	939.56536	1.451633749	99989.35187	0	0
neutron	939.56536	0.8321842575	99989.35187	0	0
Ne18	16767.10368	0.8191679192	99989.35187	0	0
neutron	939.56536	9.148862488	99989.12275	0	0
neutron	939.56536	4.446909605	99989.12275	0	0
neutron	939.56536	2.06876038	99989.12275	0	0
neutron	939.56536	1.643978986	99989.12275	0	0
neutron	939.56536	0.6224727705	99989.12275	0	0
S32	29773.62828	0.7775677926	99989.12275	0	0
neutron	939.56536	0.5842094783	99988.80872	0	0
Ne22	20479.73746	0.2477427358	99988.80872	0	0
neutron	939.56536	6.923170644	99990.40105	0	0
S36	33494.9558	0.4794603825	99990.40105	0	0
neutron	939.56536	0.4945881318	99990.11854	0	0
Ne22	20479.73746	0.2159349628	99990.11854	0	0
neutron	939.56536	0.9758613837	99989.91086	0	0
S34	31632.70018	0.2170887956	99989.91086	0	0
neutron	939.56536	0.3302200002	99989.47204	0	0
Ne22	20479.73746	0.1434517028	99989.47204	0	0
neutron	939.56536	8.007287034	99989.26981	0	0
proton	938.272013	7.541226444	99989.26981	0	0
proton	938.272013	2.804847729	99989.26981	0	0
Si32	29776.58515	0.469684384	99989.26981	0	0
S35	32565.27968	0.1378509688	99988.82169	0	0
neutron	939.56536	3.104551786	99989.18395	0	0
Ne22	20479.73746	0.1532311953	99989.18395	0	0
neutron	939.56536	20.86300907	99989.07033	0	0
neutron	939.56536	19.74524925	99989.07033	0	0
neutron	939.56536	2.932837226	99989.07033	0	0
S34	31632.70018	0.1017326007	99989.07033	0	0
neutron	939.56536	1.785500991	99989.28703	0	0
Ne22	20479.73746	0.4001154498	99989.28703	0	0
neutron	939.56536	4.204161224	99989.62403	0	0
neutron	939.56536	0.6376050264	99989.62403	0	0
Ne21	19550.53637	0.05123434904	99989.62403	0	0
Ne23	21414.10216	0.2263764285	99989.37941	0	0
S37	34430.21755	0.1396296482	99989.66356	0	0
neutron	939.56536	0.3465546622	99989.03415	0	0
S34	31632.70018	0.1436363564	99989.03415	0	0
neutron	939.56536	25.51723065	99989.04189	0	0
proton	938.272013	17.11789661	99989.04189	0	0
neutron	939.56536	0.1469009603	99989.04189	0	0
P32	29775.84838	0.1762542348	99989.04189	0	0
neutron	939.56536	0.4556620202	99989.2213	0	0
S34	31632.70018	0.1627703903	99989.2213	0	0
S35	32565.27968	0.1370376212	99988.70944	0	0
neutron	939.56536	7.745273356	99989.43924	0	0
neutron	939.56536	1.852223666	99989.43924	0	0
neutron	939.56536	1.002370951	99989.43924	0	0
alpha	3727.379	6.551873883	99989.43924	0	0
Si28	26053.19393	0.6465188224	99989.43924	0	0
neutron	939.56536	0.1566712108	99988.8768	0	0
S34	31632.70018	0.1353779704	99988.8768	0	0
proton	938.272013	4.056834519	99989.04971	0	0
proton	938.272013	3.032977486	99989.04971	0	0
neutron	939.56536	2.785752427	99989.04971	0	0
neutron	939.56536	1.943018989	99989.04971	0	0
Si31	28846.21977	0.145372672	99989.04971	0	0
neutron	939.56536	17.81374829	99989.0749	0	0
neutron	939.56536	17.38725266	99989.0749	0	0
neutron	939.56536	2.282262059	99989.0749	0	0
S32	29773.62828	0.5936961641	99989.0749	0	0
neutron	939.56536	1.440746478	99989.07094	0	0
neutron	939.56536	1.263600314	99989.07094	0	0
neutron	939.56536	0.07246132153	99989.07094	0	0
S32	29773.62828	0.07745814519	99989.07094	0	0
neutron	939.56536	33.07499656	99989.61245	0	0
proton	938.272013	3.213332346	99989.61245	0	0
proton	938.272013	2.977986246	99989.61245	0	0
neutron	939.56536	0.5098894911	99989.61245	0	0
Si31	28846.21977	0.2652904479	99989.61245	0	0
neutron	939.56536	1.234433728	99988.97178	0	0
S34	31632.70018	0.2873323093	99988.97178	0	0
neutron	939.56536	13.10216605	99989.61523	0	0
neutron	939.56536	2.109224704	99989.61523	0	0
S35	32565.27968	0.2452663855	99989.61523	0	0
neutron	939.56536	0.7276018288	99989.76227	0	0
Ne22	20479.73746	0.3223289923	99989.76227	0	0
Ne23	21414.10216	0.2266233676	99989.23707	0	0
neutron	939.56536	36.06876203	99988.49702	0	0
proton	938.272013	9.314783173	99988.49702	0	0
neutron	939.56536	1.038395676	99988.49702	0	0
P32	29775.84838	1.564690818	99988.49702	0	0
neutron	939.56536	2.378155822	99988.93491	0	0
neutron	939.56536	1.620943945	99988.93491	0	0
neutron	939.56536	1.163957535	99988.93491	0	0
S34	31632.70018	0.1714875812	99988.93491	0	0
S35	32565.27968	0.1555091119	99989.10064	0	0
neutron	939.56536	7.646810348	99988.92199	0	0
neutron	939.56536	3.034536669	99988.92199	0	0
neutron	939.56536	2.631877826	99988.92199	0	0
Ne20	18617.73218	0.3456910843	99988.92199	0	0
Ne23	21414.10216	0.2089573964	99990.15925	0	0
neutron	939.56536	25.99478624	99988.9782	0	0
neutron	939.56536	3.802146727	99988.9782	0	0
neutron	939.56536	2.166365128	99988.9782	0	0
S32	29773.62828	1.093857243	99988.9782	0	0
neutron	939.56536	1.757827919	99988.62722	0	0
S34	31632.70018	0.3523883073	99988.62722	0	0
neutron	939.56536	2.565488097	99989.41957	0	0
S34	31632.70018	0.2401273019	99989.41957	0	0
neutron	939.56536	1.963339289	99988.35308	0	0
neutron	939.56536	0.809493063	99988.35308	0	0
S35	32565.27968	0.2512426953	99988.35308	0	0
proton	938.272013	3.302573477	99989.28712	0	0
neutron	939.56536	0.938850966	99989.28712	0	0
P33	30705.30994	0.08564888364	99989.28712	0	0
neutron	939.56536	0.2812949276	99989.61237	0	0
Ne22	20479.73746	0.3307094301	99989.61237	0	0
neutron	939.56536	27.49964873	99988.67649	0	0
neutron	939.56536	2.408202254	99988.67649	0	0
S35	32565.27968	0.6269328768	99988.67649	0	0
Ne23	21414.10216	0.2251262212	99988.85226	0	0
neutron	939.56536	0.4912092336	99988.94861	0	0
S34	31632.70018	0.1069644122	99988.94861	0	0
neutron	939.56536	1.926954364	99988.66961	0	0
neutron	939.56536	1.720550938	99988.66961	0	0
S33	30704.55199	0.1089586893	99988.66961	0	0
neutron	939.56536	1.076408716	99989.06676	0	0
S34	31632.70018	0.07776398918	99989.06676	0	0
neutron	939.56536	13.42609781	99989.20016	0	0
proton	938.272013	6.359212245	99989.20016	0	0
P33	30705.30994	0.6802652209	99989.20016	0	0
neutron	939.56536	2.181104856	99988.76153	0	0
neutron	939.56536	1.058956685	99988.76153	0	0
S35	32565.27968	0.2750429435	99988.76153	0	0
neutron	939.56536	5.03403614	99989.43042	0	0
neutron	939.56536	4.140719679	99989.43042	0	0
neutron	939.56536	1.972931832	99989.43042	0	0
S34	31632.70018	0.4080600864	99989.43042	0	0
neutron	939.56536	14.99311052	99989.07548	0	0
proton	938.272013	11.60757859	99989.07548	0	0
neutron	939.56536	0.9894135515	99989.07548	0	0
P32	29775.84838	0.694434261	99989.07548	0	0
neutron	939.56536	2.224858451	99989.46971	0	0
neutron	939.56536	2.186021377	99989.46971	0	0
neutron	939.56536	0.4519918985	99989.46971	0	0
S34	31632.70018	0.2656510096	99989.46971	0	0
S35	32565.27968	0.1534384653	99988.60355	0	0
neutron	939.56536	0.9902523939	99988.33209	0	0
S34	31632.70018	0.1337547349	99988.33209	0	0
neutron	939.56536	2.799181047	99989.23217	0	0
neutron	939.56536	1.547236481	99989.23217	0	0
Ne21	19550.53637	0.1220382659	99989.23217	0	0
neutron	939.56536	6.02073093	99988.38322	0	0
neutron	939.56536	4.82109604	99988.38322	0	0
neutron	939.56536	3.36841547	99988.38322	0	0
deuteron	1875.613	3.946521248	99988.38322	0	0
F18	16763.16938	0.9208470762	99988.38322	0	0
neutron	939.56536	12.94227402	99988.81661	0	0
neutron	939.56536	2.787657204	99988.81661	0	0
neutron	939.56536	2.269608492	99988.81661	0	0
alpha	3727.379	14.33162892	99988.81661	0	0
O16	14895.08153	2.279598616	99988.81661	0	0
neutron	939.56536	4.569534692	99989.07549	0	0
S36	33494.9558	0.09611100966	99989.07549	0	0
neutron	939.56536	0.698389823	99988.71005	0	0
S34	31632.70018	0.263384953	99988.71005	0	0
Ne23	21414.10216	0.2323853438	99989.0852	0	0
neutron	939.56536	7.653455855	99988.66684	0	0
neutron	939.56536	3.277524958	99988.66684	0	0
neutron	939.56536	0.8852005297	99988.66684	0	0
alpha	3727.379	6.373608746	99988.66684	0	0
O16	14895.08153	3.766251512	99988.66684	0	0
neutron	939.56536	0.9156196537	99988.41224	0	0
S34	31632.70018	0.1134293139	99988.41224	0	0
proton	938.272013	11.96721419	99988.98219	0	0
neutron	939.56536	7.590331316	99988.98219	0	0
neutron	939.56536	7.516830544	99988.98219	0	0
neutron	939.56536	3.85201787	99988.98219	0	0
P31	28844.21869	0.1311071729	99988.98219	0	0
Ne23	21414.10216	0.2280627607	99989.10514	0	0
neutron	939.56536	38.71665431	99989.70511	0	0
neutron	939.56536	2.900031273	99989.70511	0	0
alpha	3727.379	18.57630852	99989.70511	0	0
Si29	26984.28567	2.276478847	99989.70511	0	0
neutron	939.56536	23.45702123	99988.48818	0	0
neutron	939.56536	20.21678498	99988.48818	0	0
neutron	939.56536	2.709123423	99988.48818	0	0
Ne20	18617.73218	0.05496404829	99988.48818	0	0
neutron	939.56536	2.085354531	99989.58203	0	0
S34	31632.70018	0.3388025131	99989.58203	0	0
neutron	939.56536	9.113158869	99989.5651	0	0
S34	31632.70018	0.3581288271	99989.5651	0	0
neutron	939.56536	3.719261936	99990.39087	0	0
Ne22	20479.73746	0.6668475245	99990.39087	0	0
neutron	939.56536	1.353317383	99989.03631	0	0
neutron	939.56536	1.097551928	99989.03631	0	0
neutron	939.56536	0.8422762322	99989.03631	0	0
S34	31632.70018	0.03530315579	99989.03631	0	0
neutron	939.56536	4.5568826	99989.09803	0	0
neutron	939.56536	1.640690761	99989.09803	0	0
neutron	939.56536	1.012015108	99989.09803	0	0
S32	29773.62828	0.6664490261	99989.09803	0	0
Ne23	21414.10216	0.2323322031	99989.44118	0	0
neutron	939.56536	0.05445152972	99988.73841	0	0
S36	33494.9558	0.1651137577	99988.73841	0	0
neutron	939.56536	4.046431586	99989.19034	0	0
triton	2808.921	7.45764878	99989.19034	0	0
F19	17692.30285	1.197959887	99989.19034	0	0
Ne23	21414.10216	0.2350068495	99989.54121	0	0
neutron	939.56536	0.7739692874	99988.71339	0	0
S34	31632.70018	0.2015642312	99988.71339	0	0
proton	938.272013	22.83918119	99988.69163	0	0
neutron	939.56536	13.61661188	99988.69163	0	0
neutron	939.56536	0.2149354402	99988.69163	0	0
F20	18625.26686	0.7235292423	99988.69163	0	0
proton	938.272013	23.25139427	99989.40456	0	0
proton	938.272013	5.467043303	99989.40456	0	0
neutron	939.56536	3.119253909	99989.40456	0	0
neutron	939.56536	1.19716762	99989.40456	0	0
Si33	30711.64254	0.9308193272	99989.40456	0	0
neutron	939.56536	6.316308958	99989.57134	0	0
Ne22	20479.73746	0.5712068532	99989.57134	0	0
neutron	939.56536	3.916348619	99989.49499	0	0
neutron	939.56536	0.4964015135	99989.49499	0	0
S35	32565.27968	0.28798922	99989.49499	0	0
proton	938.272013	11.35236572	99988.50202	0	0
neutron	939.56536	3.754061569	99988.50202	0	0
proton	938.272013	3.654497997	99988.50202	0	0
neutron	939.56536	1.012161587	99988.50202	0	0
Si31	28846.21977	0.8094057071	99988.50202	0	0
neutron	939.56536	0.4490910234	99989.39315	0	0
S36	33494.9558	0.08548321988	99989.39315	0	0
neutron	939.56536	6.492715298	99989.61993	0	0
neutron	939.56536	4.613492917	99989.61993	0	0
neutron	939.56536	3.138583867	99989.61993	0	0
S34	31632.70018	0.1901214748	99989.61993	0	0
neutron	939.56536	2.043791869	99988.94603	0	0
S34	31632.70018	0.2622637053	99988.94603	0	0
neutron	939.56536	2.89627993	99989.37319	0	0
S34	31632.70018	0.3072462602	99989.37319	0	0
neutron	939.56536	0.4576283501	99989.46769	0	0
Ne22	20479.73746	0.1077677133	99989.46769	0	0
S35	32565.27968	0.1632674511	99988.51082	0	0
S37	34430.21755	0.135560563	99989.59829	0	0
Ne23	21414.10216	0.2244139644	99989.49047	0	0
neutron	939.56536	1.803492721	99989.07348	0	0
neutron	939.56536	0.6563071707	99989.07348	0	0
Ne21	19550.53637	0.2254409942	99989.07348	0	0
neutron	939.56536	1.563473983	99988.51292	0	0
S34	31632.70018	0.1340112161	99988.51292	0	0
proton	938.272013	3.501568826	99988.49642	0	0
neutron	939.56536	2.703054111	99988.49642	0	0
P33	30705.30994	0.1154761737	99988.49642	0	0
neutron	939.56536	1.773899755	99988.93655	0	0
S34	31632.70018	0.09248018232	99988.93655	0	0
neutron	939.56536	2.61981552	99988.5877	0	0
Ne22	20479.73746	0.03082578792	99988.5877	0	0
neutron	939.56536	3.103183124	99988.52791	0	0
Ne22	20479.73746	0.06662061773	99988.52791	0	0
Ne23	21414.10216	0.2079300064	99988.83243	0	0
neutron	939.56536	10.84325981	99989.69124	0	0
neutron	939.56536	4.32707775	99989.69124	0	0
proton	938.272013	3.713361629	99989.69124	0	0
neutron	939.56536	3.023801295	99989.69124	0	0
P33	30705.30994	0.1162013553	99989.69124	0	0
Ne23	21414.10216	0.2240260667	99988.38794	0	0
neutron	939.56536	25.48029045	99988.95079	0	0
neutron	939.56536	8.194201122	99988.95079	0	0
neutron	939.56536	6.177548896	99988.95079	0	0
alpha	3727.379	5.115387003	99988.95079	0	0
O16	14895.08153	3.780418551	99988.95079	0	0
proton	938.272013	20.08559177	99988.80809	0	0
neutron	939.56536	4.22961517	99988.80809	0	0
proton	938.272013	2.852838961	99988.80809	0	0
neutron	939.56536	1.955633028	99988.80809	0	0
Si31	28846.21977	0.6017006906	99988.80809	0	0
Ne23	21414.10216	0.2174514325	99988.71175	0	0
neutron	939.56536	0.3645650374	99989.80418	0	0
S34	31632.70018	0.1309213703	99989.80418	0	0
neutron	939.56536	0.9140466368	99988.77872	0	0
S34	31632.70018	0.1870194418	99988.77872	0	0
neutron	939.56536	1.831095305	99990.63135	0	0
Ne22	20479.73746	0.4791292134	99990.63135	0	0
Ne23	21414.10216	0.2086757759	99989.08089	0	0
neutron	939.56536	6.47751613	99989.13056	0	0
neutron	939.56536	5.671589122	99989.13056	0	0
neutron	939.56536	4.275616022	99989.13056	0	0
neutron	939.56536	2.13750678	99989.13056	0	0
S33	30704.55199	0.3441807864	99989.13056	0	0
neutron	939.56536	40.45751129	99988.74563	0	0
neutron	939.56536	13.15788758	99988.74563	0	0
neutron	939.56536	1.036587041	99988.74563	0	0
S32	29773.62828	0.595436672	99988.74563	0	0
proton	938.272013	7.040854314	99989.43829	0	0
neutron	939.56536	4.95215729	99989.43829	0	0
P33	30705.30994	0.5790906217	99989.43829	0	0
neutron	939.56536	1.018944296	99989.86655	0	0
S34	31632.70018	0.2945688893	99989.86655	0	0
Ne23	21414.10216	0.2329189799	99989.00206	0	0
neutron	939.56536	0.1425654186	99988.36511	0	0
Ne22	20479.73746	0.2256975421	99988.36511	0	0
S35	32565.27968	0.1562112916	99989.20767	0	0
neutron	939.56536	0.2845541231	99989.936	0	0
S34	31632.70018	0.2141242744	99989.936	0	0
neutron	939.56536	0.3906071656	99989.30203	0	0
S34	31632.70018	0.09404391098	99989.30203	0	0
neutron	939.56536	0.1820118049	99989.15806	0	0
S34	31632.70018	0.1465988218	99989.15806	0	0
neutron	939.56536	0.7094436792	99988.82049	0	0
Ne22	20479.73746	0.2918575401	99988.82049	0	0
proton	938.272013	17.03718304	99988.84169	0	0
neutron	939.56536	3.336098172	99988.84169	0	0
neutron	939.56536	1.706935407	99988.84169	0	0
neutron	939.56536	1.54990267	99988.84169	0	0
alpha	3727.379	3.616012528	99988.84169	0	0
N15	13968.93638	2.56192197	99988.84169	0	0
S35	32565.27968	0.1503418524	99989.17612	0	0
neutron	939.56536	23.41056219	99989.68391	0	0
neutron	939.56536	2.394514513	99989.68391	0	0
neutron	939.56536	0.5079737321	99989.68391	0	0
alpha	3727.379	4.153981088	99989.68391	0	0
O16	14895.08153	1.946967353	99989.68391	0	0
Ne23	21414.10216	0.204029939	99989.71024	0	0
Ne23	21414.10216	0.2329008523	99988.69779	0	0
neutron	939.56536	3.010322945	99989.59778	0	0
Ne22	20479.73746	0.4504875059	99989.59778	0	0
S35	32565.27968	0.1647352234	99989.14587	0	0
neutron	939.56536	26.84773209	99988.98081	0	0
neutron	939.56536	6.917278731	99988.98081	0	0
neutron	939.56536	5.755602263	99988.98081	0	0
S32	29773.62828	0.7656330161	99988.98081	0	0
neutron	939.56536	43.25614852	99988.5236	0	0
proton	938.272013	18.82556851	99988.5236	0	0
P33	30705.30994	1.227582376	99988.5236	0	0
neutron	939.56536	8.435614453	99989.17949	0	0
S34	31632.70018	0.126161179	99989.17949	0	0
neutron	939.56536	11.16499213	99988.76596	0	0
proton	938.272013	3.790617286	99988.76596	0	0
neutron	939.56536	1.721681904	99988.76596	0	0
neutron	939.56536	1.549154303	99988.76596	0	0
neutron	939.56536	0.9600891582	99988.76596	0	0
neutron	939.56536	0.5005314221	99988.76596	0	0
P31	28844.21869	0.3253284792	99988.76596	0	0
neutron	939.56536	16.54336269	99989.21381	0	0
neutron	939.56536	3.999233673	99989.21381	0	0
neutron	939.56536	1.53930914	99989.21381	0	0
Ne20	18617.73218	0.6291525356	99989.21381	0	0
neutron	939.56536	14.72331463	99989.25425	0	0
neutron	939.56536	6.295946899	99989.25425	0	0
neutron	939.56536	2.683106037	99989.25425	0	0
Ne20	18617.73218	0.04001591433	99989.25425	0	0
S35	32565.27968	0.1410487019	99988.55769	0	0
proton	938.272013	9.766775958	99989.26276	0	0
neutron	939.56536	3.021223655	99989.26276	0	0
F21	19556.73074	0.6849570532	99989.26276	0	0
neutron	939.56536	0.2559146031	99988.61136	0	0
Ne22	20479.73746	0.1549139698	99988.61136	0	0
neutron	939.56536	2.53912587	99988.72422	0	0
S34	31632.70018	0.3346540447	99988.72422	0	0
Ne23	21414.10216	0.23455031	99988.99962	0	0
neutron	939.56536	0.2674425672	99989.1117	0	0
S34	31632.70018	0.1310997427	99989.1117	0	0
neutron	939.56536	1.064693464	99989.75984	0	0
Ne22	20479.73746	0.1170023948	99989.75984	0	0
neutron	939.56536	1.6851132	99988.91421	0	0
S34	31632.70018	0.1287800485	99988.91421	0	0
neutron	939.56536	11.16155532	99988.73533	0	0
neutron	939.56536	10.18734872	99988.73533	0	0
neutron	939.56536	4.19573717	99988.73533	0	0
alpha	3727.379	5.928626118	99988.73533	0	0
O16	14895.08153	2.072512592	99988.73533	0	0
S37	34430.21755	0.1412352345	99989.66576	0	0
neutron	939.56536	9.091308246	99989.38619	0	0
proton	938.272013	3.804581567	99989.38619	0	0
neutron	939.56536	3.302554287	99989.38619	0	0
P34	31638.59261	0.2149853125	99989.38619	0	0
S35	32565.27968	0.1566823376	99989.67193	0	0
neutron	939.56536	1.377394163	99989.45733	0	0
S34	31632.70018	0.2526824738	99989.45733	0	0
neutron	939.56536	11.67118506	99989.31542	0	0
neutron	939.56536	3.434150744	99989.31542	0	0
neutron	939.56536	2.583738304	99989.31542	0	0
S34	31632.70018	0.7369451564	99989.31542	0	0
neutron	939.56536	1.575869895	99989.52275	0	0
neutron	939.56536	1.157678585	99989.52275	0	0
S33	30704.55199	0.1393465838	99989.52275	0	0
neutron	939.56536	0.6685366303	99989.33713	0	0
S34	31632.70018	0.153177728	99989.33713	0	0
neutron	939.56536	25.6729183	99989.12256	0	0
neutron	939.56536	1.767796707	99989.12256	0	0
neutron	939.56536	0.8933126297	99989.12256	0	0
S32	29773.62828	1.074879992	99989.12256	0	0
neutron	939.56536	4.207138848	99989.48114	0	0
neutron	939.56536	1.798920033	99989.48114	0	0
neutron	939.56536	1.220507662	99989.48114	0	0
Ne20	18617.73218	0.6332033962	99989.48114	0	0
neutron	939.56536	1.07000011	99988.64809	0	0
Ne22	20479.73746	0.0925555618	99988.64809	0	0
proton	938.272013	3.594791529	99988.59796	0	0
neutron	939.56536	3.385128726	99988.59796	0	0
neutron	939.56536	2.936191154	99988.59796	0	0
P32	29775.84838	0.26667311	99988.59796	0	0
neutron	939.56536	0.05389184744	99989.1274	0	0
S34	31632.70018	0.1428524628	99989.1274	0	0
S35	32565.27968	0.1466602349	99989.49679	0	0
S37	34430.21755	0.1384346462	99989.46844	0	0
S35	32565.27968	0.1454302874	99989.30662	0	0
neutron	939.56536	4.771777664	99990.03814	0	0
S34	31632.70018	0.4592547358	99990.03814	0	0
S35	32565.27968	0.1519312294	99989.35206	0	0
neutron	939.56536	0.4152500203	99989.57153	0	0
Ne22	20479.73746	0.2345481038	99989.57153	0	0
neutron	939.56536	0.8212896605	99989.57404	0	0
S34	31632.70018	0.07876960391	99989.57404	0	0
neutron	939.56536	0.1737734072	99988.5972	0	0
S36	33494.9558	0.1740951092	99988.5972	0	0
neutron	939.56536	11.45984578	99988.91385	0	0
neutron	939.56536	0.7824752407	99988.91385	0	0
Ne21	19550.53637	1.016526154	99988.91385	0	0
neutron	939.56536	20.71407722	99989.43051	0	0
neutron	939.56536	1.367394692	99989.43051	0	0
Ne21	19550.53637	1.070044084	99989.43051	0	0
neutron	939.56536	1.233613299	99989.32019	0	0
S34	31632.70018	0.191541125	99989.32019	0	0
neutron	939.56536	6.851734619	99989.46948	0	0
proton	938.272013	3.517930629	99989.46948	0	0
proton	938.272013	2.673108531	99989.46948	0	0
neutron	939.56536	1.7252668	99989.46948	0	0
neutron	939.56536	0.7295325783	99989.46948	0	0
Si30	27913.24182	0.1975781738	99989.46948	0	0
S37	34430.21755	0.1428837901	99988.98964	0	0
neutron	939.56536	5.990612968	99989.12463	0	0
neutron	939.56536	4.084437077	99989.12463	0	0
neutron	939.56536	3.15739541	99989.12463	0	0
Ne20	18617.73218	0.571036948	99989.12463	0	0
neutron	939.56536	10.46072171	99988.97608	0	0
neutron	939.56536	5.880536827	99988.97608	0	0
proton	938.272013	5.294134099	99988.97608	0	0
neutron	939.56536	4.956867429	99988.97608	0	0
neutron	939.56536	4.566098209	99988.97608	0	0
P32	29775.84838	1.482612554	99988.97608	0	0
S35	32565.27968	0.1541177251	99989.01687	0	0
neutron	939.56536	0.941734488	99989.09543	0	0
S34	31632.70018	0.07190873411	99989.09543	0	0
neutron	939.56536	4.219072254	99989.40954	0	0
Ne22	20479.73746	0.7468456127	99989.40954	0	0
neutron	939.56536	3.907684258	99989.55618	0	0
proton	938.272013	2.499096783	99989.55618	0	0
neutron	939.56536	1.66769914	99989.55618	0	0
neutron	939.56536	0.5505408291	99989.55618	0	0
P31	28844.21869	0.3019384256	99989.55618	0	0
neutron	939.56536	4.928171315	99988.68166	0	0
neutron	939.56536	2.013819073	99988.68166	0	0
neutron	939.56536	1.067162796	99988.68166	0	0
alpha	3727.379	13.07764271	99988.68166	0	0
O16	14895.08153	3.691883221	99988.68166	0	0
neutron	939.56536	7.126442268	99989.54008	0	0
neutron	939.56536	5.344564853	99989.54008	0	0
proton	938.272013	2.47915513	99989.54008	0	0
proton	938.272013	2.149264247	99989.54008	0	0
neutron	939.56536	1.998744105	99989.54008	0	0
Si30	27913.24182	1.579420116	99989.54008	0	0
neutron	939.56536	5.848444457	99988.9972	0	0
neutron	939.56536	3.72409658	99988.9972	0	0
neutron	939.56536	2.146923628	99988.9972	0	0
S34	31632.70018	0.5426695171	99988.9972	0	0
Ne23	21414.10216	0.2285158833	99989.75286	0	0
Ne23	21414.10216	0.2166296325	99989.27659	0	0
Ne23	21414.10216	0.2269738125	99989.18465	0	0
neutron	939.56536	0.204952231	99989.9922	0	0
Ne22	20479.73746	0.1978322002	99989.9922	0	0
neutron	939.56536	0.3737904795	99989.06964	0	0
S34	31632.70018	0.1066960419	99989.06964	0	0
neutron	939.56536	1.905721794	99989.67641	0	0
S34	31632.70018	0.1962081918	99989.67641	0	0
neutron	939.56536	1.353527036	99989.07595	0	0
S36	33494.9558	0.2236904765	99989.07595	0	0
neutron	939.56536	2.486481079	99989.43321	0	0
S34	31632.70018	0.122531456	99989.43321	0	0
S35	32565.27968	0.1459109532	99989.52864	0	0
proton	938.272013	10.1386627	99988.89278	0	0
proton	938.272013	4.47723807	99988.89278	0	0
neutron	939.56536	2.81391798	99988.89278	0	0
neutron	939.56536	2.048547888	99988.89278	0	0
neutron	939.56536	0.7555197435	99988.89278	0	0
Si30	27913.24182	0.1899100631	99988.89278	0	0
Ne23	21414.10216	0.216815809	99989.22617	0	0
Ne23	21414.10216	0.2069228982	99988.99453	0	0
S35	32565.27968	0.1503612509	99989.01885	0	0
neutron	939.56536	5.60409702	99990.18413	0	0
S34	31632.70018	0.5170973579	99990.18413	0	0
neutron	939.56536	8.786133591	99989.08347	0	0
neutron	939.56536	4.201286137	99989.08347	0	0
neutron	939.56536	0.3927961574	99989.08347	0	0
alpha	3727.379	5.398274275	99989.08347	0	0
O16	14895.08153	1.227877797	99989.08347	0	0
neutron	939.56536	26.0164645	99989.66681	0	0
neutron	939.56536	14.38447439	99989.66681	0	0
neutron	939.56536	3.95263762	99989.66681	0	0
S32	29773.62828	0.9151110374	99989.66681	0	0
neutron	939.56536	1.905068926	99989.55191	0	0
Ne22	20479.73746	0.2606055368	99989.55191	0	0
proton	938.272013	19.56846994	99988.7814	0	0
neutron	939.56536	6.665494243	99988.7814	0	0
neutron	939.56536	6.045742396	99988.7814	0	0
neutron	939.56536	3.262889906	99988.7814	0	0
alpha	3727.379	6.58477931	99988.7814	0	0
N15	13968.93638	0.4862365386	99988.7814	0	0
neutron	939.56536	3.090887487	99989.94756	0	0
Ne22	20479.73746	0.6622688089	99989.94756	0	0
neutron	939.56536	30.24976608	99988.49284	0	0
neutron	939.56536	1.087725241	99988.49284	0	0
Ne21	19550.53637	1.49480877	99988.49284	0	0
Ne23	21414.10216	0.2212491408	99988.91776	0	0
S37	34430.21755	0.1422032915	99989.18703	0	0
neutron	939.56536	3.719454028	99988.7367	0	0
neutron	939.56536	2.865396672	99988.7367	0	0
neutron	939.56536	1.294900893	99988.7367	0	0
S34	31632.70018	0.8975973375	99988.7367	0	0
neutron	939.56536	2.792019384	99989.27523	0	0
S34	31632.70018	0.254898314	99989.27523	0	0
Ne23	21414.10216	0.2179673705	99989.65446	0	0
neutron	939.56536	0.406074863	99988.35615	0	0
S36	33494.9558	0.1222706226	99988.35615	0	0
S35	32565.27968	0.1561712424	99988.76905	0	0
neutron	939.56536	0.305800159	99989.35993	0	0
S34	31632.70018	0.1620652654	99989.35993	0	0
neutron	939.56536	29.59648612	99989.28867	0	0
neutron	939.56536	1.566469586	99989.28867	0	0
alpha	3727.379	9.369310294	99989.28867	0	0
Si29	26984.28567	1.366144352	99989.28867	0	0
Ne23	21414.10216	0.2289573299	99988.75012	0	0
neutron	939.56536	1.381918415	99989.23292	0	0
Ne22	20479.73746	0.277519602	99989.23292	0	0
neutron	939.56536	2.658876797	99988.93846	0	0
neutron	939.56536	1.749141019	99988.93846	0	0
neutron	939.56536	0.3753914153	99988.93846	0	0
S32	29773.62828	0.3952392326	99988.93846	0	0
S35	32565.27968	0.1656383175	99989.75329	0	0
neutron	939.56536	1.754719846	99989.49069	0	0
S34	31632.70018	0.2724749247	99989.49069	0	0
neutron	939.56536	5.209005212	99988.9782	0	0
Ne22	20479.73746	0.398498788	99988.9782	0	0
Ne23	21414.10216	0.2352352569	99988.86971	0	0
neutron	939.56536	0.9445472523	99989.39717	0	0
S34	31632.70018	0.2284811328	99989.39717	0	0
neutron	939.56536	1.053088942	99989.25247	0	0
Ne22	20479.73746	0.360070585	99989.25247	0	0
neutron	939.56536	1.80533413	99989.32755	0	0
S34	31632.70018	0.1818177282	99989.32755	0	0
neutron	939.56536	0.1791948871	99989.57705	0	0
Ne22	20479.73746	0.1605023159	99989.57705	0	0
neutron	939.56536	5.146963517	99988.35838	0	0
neutron	939.56536	4.020666649	99988.35838	0	0
neutron	939.56536	1.023911897	99988.35838	0	0
alpha	3727.379	9.934744413	99988.35838	0	0
Si28	26053.19393	1.288551868	99988.35838	0	0
Ne23	21414.10216	0.2281838491	99989.86768	0	0
neutron	939.56536	1.555793804	99989.31939	0	0
S36	33494.9558	0.02899005682	99989.31939	0	0
neutron	939.56536	16.49433154	99989.20237	0	0
alpha	3727.379	4.73930645	99989.20237	0	0
O18	16762.02378	2.630390105	99989.20237	0	0
neutron	939.56536	18.986826	99990.14817	0	0
neutron	939.56536	13.58030976	99990.14817	0	0
Ne21	19550.53637	2.572743001	99990.14817	0	0
Ne23	21414.10216	0.2124816864	99989.56821	0	0
S37	34430.21755	0.1374260655	99989.09609	0	0
neutron	939.56536	6.072680532	99988.80894	0	0
neutron	939.56536	4.35404882	99988.80894	0	0
neutron	939.56536	3.121132141	99988.80894	0	0
alpha	3727.379	2.995068921	99988.80894	0	0
O16	14895.08153	3.30072812	99988.80894	0	0
neutron	939.56536	0.3210482067	99989.02081	0	0
S36	33494.9558	0.08780613647	99989.02081	0	0
neutron	939.56536	1.849020393	99988.85573	0	0
S34	31632.70018	0.1753199181	99988.85573	0	0
neutron	939.56536	16.13528054	99989.28545	0	0
neutron	939.56536	7.401717921	99989.28545	0	0
proton	938.272013	4.39833601	99989.28545	0	0
proton	938.272013	4.246877659	99989.28545	0	0
Si31	28846.21977	0.2970481093	99989.28545	0	0
S37	34430.21755	0.1400049774	99989.72635	0	0
proton	938.272013	13.99317651	99988.6709	0	0
neutron	939.56536	12.89977345	99988.6709	0	0
neutron	939.56536	5.794096569	99988.6709	0	0
neutron	939.56536	3.210982195	99988.6709	0	0
P31	28844.21869	1.000073479	99988.6709	0	0
S35	32565.27968	0.1485080877	99989.70387	0	0
neutron	939.56536	8.865691364	99989.39855	0	0
neutron	939.56536	5.839418577	99989.39855	0	0
neutron	939.56536	5.687539708	99989.39855	0	0
proton	938.272013	4.499191117	99989.39855	0	0
proton	938.272013	1.942310139	99989.39855	0	0
Si30	27913.24182	1.467661518	99989.39855	0	0
Ne23	21414.10216	0.2286091413	99989.0843	0	0
neutron	939.56536	5.8210705	99989.18168	0	0
neutron	939.56536	1.730327362	99989.18168	0	0
S33	30704.55199	0.720448219	99989.18168	0	0
neutron	939.56536	31.63767781	99989.27005	0	0
neutron	939.56536	1.733024434	99989.27005	0	0
neutron	939.56536	1.602487617	99989.27005	0	0
alpha	3727.379	7.432866024	99989.27005	0	0
O16	14895.08153	0.8607778183	99989.27005	0	0
neutron	939.56536	1.122592766	99989.1435	0	0
S34	31632.70018	0.2154562335	99989.1435	0	0
S35	32565.27968	0.1464735604	99989.39926	0	0
neutron	939.56536	18.0616274	99989.385	0	0
neutron	939.56536	5.418270197	99989.385	0	0
neutron	939.56536	2.751870467	99989.385	0	0
S32	29773.62828	1.255346139	99989.385	0	0
neutron	939.56536	0.6084683254	99989.05788	0	0
S34	31632.70018	0.255527774	99989.05788	0	0
neutron	939.56536	2.204314598	99989.21059	0	0
S34	31632.70018	0.2407563496	99989.21059	0	0
S35	32565.27968	0.1614470366	99989.07319	0	0
S35	32565.27968	0.1512041785	99988.99489	0	0
neutron	939.56536	1.277448585	99989.44248	0	0
S34	31632.70018	0.102951944	99989.44248	0	0
S35	32565.27968	0.160266567	99989.1194	0	0
S35	32565.27968	0.1559853454	99989.18682	0	0
neutron	939.56536	16.31607909	99989.30252	0	0
neutron	939.56536	2.834547938	99989.30252	0	0
neutron	939.56536	0.5732179087	99989.30252	0	0
Ne20	18617.73218	1.007428109	99989.30252	0	0
S35	32565.27968	0.1506603971	99989.59362	0	0
S37	34430.21755	0.1454419091	99989.91194	0	0
Ne23	21414.10216	0.2265869104	99988.91465	0	0
S35	32565.27968	0.1299889443	99989.28702	0	0
S35	32565.27968	0.1492597217	99988.42511	0	0
neutron	939.56536	17.15539295	99989.27505	0	0
proton	938.272013	5.04220616	99989.27505	0	0
neutron	939.56536	3.718514539	99989.27505	0	0
neutron	939.56536	0.848860479	99989.27505	0	0
P31	28844.21869	0.08677518503	99989.27505	0	0
proton	938.272013	14.3564016	99989.27135	0	0
proton	938.272013	7.277917355	99989.27135	0	0
neutron	939.56536	6.544978458	99989.27135	0	0
neutron	939.56536	3.468047568	99989.27135	0	0
neutron	939.56536	0.527538588	99989.27135	0	0
Si30	27913.24182	1.063354002	99989.27135	0	0
neutron	939.56536	3.191797077	99989.39007	0	0
S36	33494.9558	0.2453095471	99989.39007	0	0
proton	938.272013	33.68730766	99989.19763	0	0
neutron	939.56536	2.169571912	99989.19763	0	0
F21	19556.73074	0.8836455578	99989.19763	0	0
neutron	939.56536	0.9892953279	99989.24365	0	0
Ne22	20479.73746	0.427301444	99989.24365	0	0
neutron	939.56536	14.53677934	99989.2593	0	0
neutron	939.56536	0.3762922749	99989.2593	0	0
alpha	3727.379	6.463514006	99989.2593	0	0
Si29	26984.28567	1.476310259	99989.2593	0	0
neutron	939.56536	0.6511703849	99989.40133	0	0
Ne22	20479.73746	0.295304965	99989.40133	0	0
Ne23	21414.10216	0.2181152308	99989.45047	0	0
neutron	939.56536	0.2131726346	99988.63941	0	0
S34	31632.70018	0.1918657846	99988.63941	0	0
neutron	939.56536	0.9735272659	99989.17696	0	0
S34	31632.70018	0.08865832018	99989.17696	0	0
S37	34430.21755	0.1428740535	99989.6127	0	0
neutron	939.56536	36.80495763	99988.80265	0	0
neutron	939.56536	13.76311601	99988.80265	0	0
neutron	939.56536	1.634608174	99988.80265	0	0
S34	31632.70018	0.9122548849	99988.80265	0	0
neutron	939.56536	0.4180051082	99988.91182	0	0
Ne22	20479.73746	0.2825230758	99988.91182	0	0
neutron	939.56536	1.179670442	99989.55669	0	0
S34	31632.70018	0.05212257868	99989.55669	0	0
neutron	939.56536	30.41331289	99988.76448	0	0
neutron	939.56536	6.585480477	99988.76448	0	0
neutron	939.56536	2.767291388	99988.76448	0	0
S32	29773.62828	0.5228508267	99988.76448	0	0
neutron	939.56536	12.5089099	99989.09504	0	0
neutron	939.56536	1.882044519	99989.09504	0	0
neutron	939.56536	1.761089795	99989.09504	0	0
Ne20	18617.73218	1.213632212	99989.09504	0	0
Ne23	21414.10216	0.2220783127	99989.2521	0	0
Ne23	21414.10216	0.2257594247	99989.37453	0	0
neutron	939.56536	6.191188465	99989.19609	0	0
neutron	939.56536	5.507347683	99989.19609	0	0
neutron	939.56536	1.870625478	99989.19609	0	0
alpha	3727.379	4.394181375	99989.19609	0	0
O16	14895.08153	0.7612815055	99989.19609	0	0
S35	32565.27968	0.1637748709	99989.0895	0	0
S35	32565.27968	0.164177449	99989.43857	0	0
S35	32565.27968	0.1510633317	99990.1747	0	0
neutron	939.56536	0.4646024164	99988.74593	0	0
S34	31632.70018	0.1547023436	99988.74593	0	0
neutron	939.56536	12.28419812	99989.47474	0	0
neutron	939.56536	6.83289966	99989.47474	0	0
neutron	939.56536	3.316300838	99989.47474	0	0
alpha	3727.379	9.361941268	99989.47474	0	0
alpha	3727.379	4.978624456	99989.47474	0	0
C12	11174.86339	1.059324558	99989.47474	0	0
S35	32565.27968	0.1526360017	99989.61821	0	0
neutron	939.56536	0.07912896492	99989.09866	0	0
S34	31632.70018	0.185581938	99989.09866	0	0
neutron	939.56536	1.547502816	99989.34987	0	0
S34	31632.70018	0.1662337142	99989.34987	0	0
neutron	939.56536	16.70334101	99990.01156	0	0
neutron	939.56536	8.459751617	99990.01156	0	0
neutron	939.56536	6.088278788	99990.01156	0	0
Ne20	18617.73218	0.2973653968	99990.01156	0	0
neutron	939.56536	5.428237881	99989.51876	0	0
neutron	939.56536	3.162565496	99989.51876	0	0
alpha	3727.379	18.89479234	99989.51876	0	0
Si29	26984.28567	4.992371378	99989.51876	0	0
neutron	939.56536	0.862541049	99989.10836	0	0
S34	31632.70018	0.1964473878	99989.10836	0	0
neutron	939.56536	27.79049565	99989.43458	0	0
proton	938.272013	7.096842948	99989.43458	0	0
neutron	939.56536	5.590297118	99989.43458	0	0
proton	938.272013	5.140198041	99989.43458	0	0
neutron	939.56536	0.144626774	99989.43458	0	0
Si30	27913.24182	0.3260349099	99989.43458	0	0
neutron	939.56536	16.39604929	99989.26221	0	0
neutron	939.56536	0.0293528109	99989.26221	0	0
alpha	3727.379	13.96501857	99989.26221	0	0
O17	15830.5038	6.024959808	99989.26221	0	0
neutron	939.56536	16.64190571	99989.21948	0	0
neutron	939.56536	3.320753971	99989.21948	0	0
Ne21	19550.53637	0.9848867415	99989.21948	0	0
Ne23	21414.10216	0.2356125677	99989.55471	0	0
neutron	939.56536	26.36960469	99989.62681	0	0
proton	938.272013	8.83284939	99989.62681	0	0
P33	30705.30994	0.7242686962	99989.62681	0	0
neutron	939.56536	2.85512921	99989.90731	0	0
neutron	939.56536	1.13816636	99989.90731	0	0
alpha	3727.379	15.55337242	99989.90731	0	0
Si29	26984.28567	0.9096002931	99989.90731	0	0
Ne23	21414.10216	0.2072213402	99989.15856	0	0
proton	938.272013	7.030677282	99988.6536	0	0
neutron	939.56536	1.746800472	99988.6536	0	0
neutron	939.56536	1.62383408	99988.6536	0	0
F20	18625.26686	0.7684079509	99988.6536	0	0
Ne23	21414.10216	0.2237812366	99989.11858	0	0
neutron	939.56536	3.280104449	99989.72158	0	0
neutron	939.56536	2.618496759	99989.72158	0	0
deuteron	1875.613	11.06817356	99989.72158	0	0
P33	30705.30994	0.6911333193	99989.72158	0	0
neutron	939.56536	24.99574261	99988.75936	0	0
proton	938.272013	9.832035018	99988.75936	0	0
neutron	939.56536	6.130392371	99988.75936	0	0
neutron	939.56536	1.763756514	99988.75936	0	0
neutron	939.56536	0.6818832252	99988.75936	0	0
P30	27916.96459	1.111004651	99988.75936	0	0
neutron	939.56536	19.18612678	99989.28186	0	0
proton	938.272013	5.098393335	99989.28186	0	0
neutron	939.56536	4.996677361	99989.28186	0	0
proton	938.272013	4.506792517	99989.28186	0	0
neutron	939.56536	3.181641544	99989.28186	0	0
Si30	27913.24182	0.4972188318	99989.28186	0	0
neutron	939.56536	4.041418102	99989.02033	0	0
neutron	939.56536	3.776839227	99989.02033	0	0
neutron	939.56536	2.177761003	99989.02033	0	0
S32	29773.62828	0.2290061847	99989.02033	0	0
neutron	939.56536	4.902026332	99989.04208	0	0
proton	938.272013	3.791909638	99989.04208	0	0
neutron	939.56536	2.95142144	99989.04208	0	0
neutron	939.56536	0.080345433	99989.04208	0	0
P31	28844.21869	0.4387066327	99989.04208	0	0
neutron	939.56536	5.118150973	99989.00011	0	0
neutron	939.56536	5.039131436	99989.00011	0	0
neutron	939.56536	4.884012957	99989.00011	0	0
alpha	3727.379	5.092187456	99989.00011	0	0
O16	14895.08153	1.888898338	99989.00011	0	0
neutron	939.56536	0.8797534645	99989.23597	0	0
S34	31632.70018	0.2201114002	99989.23597	0	0
S35	32565.27968	0.1549397356	99988.97618	0	0
neutron	939.56536	22.36129743	99989.55752	0	0
neutron	939.56536	21.33864226	99989.55752	0	0
neutron	939.56536	6.20144333	99989.55752	0	0
Ne20	18617.73218	0.58685583	99989.55752	0	0
neutron	939.56536	12.3044783	99989.20844	0	0
neutron	939.56536	8.473445899	99989.20844	0	0
neutron	939.56536	6.190348882	99989.20844	0	0
S34	31632.70018	1.348331968	99989.20844	0	0
neutron	939.56536	1.08946862	99988.58269	0	0
S34	31632.70018	0.1722959425	99988.58269	0	0
neutron	939.56536	0.6388034153	99988.72035	0	0
S34	31632.70018	0.1098070765	99988.72035	0	0
neutron	939.56536	1.328514729	99989.53612	0	0
S34	31632.70018	0.07368049535	99989.53612	0	0
neutron	939.56536	0.08658048741	99989.40675	0	0
S34	31632.70018	0.179350212	99989.40675	0	0
S35	32565.27968	0.1459672114	99989.1998	0	0
neutron	939.56536	5.41947282	99988.96697	0	0
neutron	939.56536	4.017537193	99988.96697	0	0
neutron	939.56536	2.176369859	99988.96697	0	0
deuteron	1875.613	8.262735247	99988.96697	0	0
P32	29775.84838	0.4925955476	99988.96697	0	0
neutron	939.56536	25.21324905	99989.19087	0	0
neutron	939.56536	0.3306597976	99989.19087	0	0
alpha	3727.379	9.998673515	99989.19087	0	0
Si31	28846.21977	0.2191287937	99989.19087	0	0
neutron	939.56536	0.2227808463	99989.29341	0	0
Ne22	20479.73746	0.1634752148	99989.29341	0	0
S37	34430.21755	0.1424871657	99989.23868	0	0
neutron	939.56536	1.069122416	99988.95861	0	0
S34	31632.70018	0.283036231	99988.95861	0	0
neutron	939.56536	0.8463672171	99988.35299	0	0
S34	31632.70018	0.263257307	99988.35299	0	0
Ne23	21414.10216	0.2195473176	99988.99567	0	0
neutron	939.56536	7.933515331	99988.791	0	0
Ne22	20479.73746	0.1550275125	99988.791	0	0
neutron	939.56536	1.616894558	99988.8455	0	0
S34	31632.70018	0.1336762884	99988.8455	0	0
neutron	939.56536	0.7366694353	99990.40121	0	0
S36	33494.9558	0.2153330756	99990.40121	0	0
proton	938.272013	4.761185773	99989.27242	0	0
neutron	939.56536	1.699943133	99989.27242	0	0
neutron	939.56536	1.624682984	99989.27242	0	0
P32	29775.84838	0.1015163127	99989.27242	0	0
Ne23	21414.10216	0.2128961948	99988.73452	0	0
S35	32565.27968	0.159634092	99989.56448	0	0
S35	32565.27968	0.1604258115	99989.56796	0	0
proton	938.272013	5.072956475	99989.07359	0	0
neutron	939.56536	4.764458493	99989.07359	0	0
neutron	939.56536	2.31223641	99989.07359	0	0
neutron	939.56536	2.163209313	99989.07359	0	0
P31	28844.21869	0.2317435742	99989.07359	0	0
S37	34430.21755	0.1437232958	99990.3994	0	0
S37	34430.21755	0.1356313973	99988.82658	0	0
neutron	939.56536	1.369104867	99989.50467	0	0
S34	31632.70018	0.108723369	99989.50467	0	0
neutron	939.56536	10.32643392	99989.54958	0	0
neutron	939.56536	4.698289283	99989.54958	0	0
neutron	939.56536	2.810417197	99989.54958	0	0
alpha	3727.379	5.014976184	99989.54958	0	0
O16	14895.08153	3.06605324	99989.54958	0	0
neutron	939.56536	1.979658993	99989.59497	0	0
Ne22	20479.73746	0.4185751513	99989.59497	0	0
proton	938.272013	41.33474795	99988.99243	0	0
neutron	939.56536	6.712735595	99988.99243	0	0
proton	938.272013	3.22305805	99988.99243	0	0
neutron	939.56536	2.203421039	99988.99243	0	0
Si31	28846.21977	0.3255197446	99988.99243	0	0
neutron	939.56536	0.5249842782	99989.22565	0	0
S36	33494.9558	0.1492785295	99989.22565	0	0
neutron	939.56536	27.94101566	99989.37122	0	0
neutron	939.56536	6.562388894	99989.37122	0	0
Ne21	19550.53637	1.014132201	99989.37122	0	0
Ne23	21414.10216	0.2317324168	99989.03186	0	0
neutron	939.56536	9.998925403	99989.26482	0	0
neutron	939.56536	4.150398409	99989.26482	0	0
neutron	939.56536	1.921545647	99989.26482	0	0
proton	938.272013	1.115078041	99989.26482	0	0
alpha	3727.379	8.09783338	99989.26482	0	0
N15	13968.93638	7.176044467	99989.26482	0	0
neutron	939.56536	3.850323535	99989.36982	0	0
neutron	939.56536	1.939310917	99989.36982	0	0
neutron	939.56536	0.544177796	99989.36982	0	0
S32	29773.62828	0.09326560049	99989.36982	0	0
neutron	939.56536	32.79356279	99988.95223	0	0
neutron	939.56536	6.163910904	99988.95223	0	0
neutron	939.56536	3.566437789	99988.95223	0	0
neutron	939.56536	0.7959579923	99988.95223	0	0
S33	30704.55199	0.5741431963	99988.95223	0	0
neutron	939.56536	15.52245624	99988.99689	0	0
proton	938.272013	7.964706362	99988.99689	0	0
neutron	939.56536	2.151553946	99988.99689	0	0
neutron	939.56536	2.069892851	99988.99689	0	0
P31	28844.21869	2.379717311	99988.99689	0	0
neutron	939.56536	0.5096346083	99989.26807	0	0
Ne22	20479.73746	0.2909136245	99989.26807	0	0
neutron	939.56536	3.344961695	99989.16335	0	0
S34	31632.70018	0.1253663279	99989.16335	0	0
neutron	939.56536	13.27837185	99988.95187	0	0
neutron	939.56536	5.681656855	99988.95187	0	0
neutron	939.56536	2.023183798	99988.95187	0	0
alpha	3727.379	7.06617234	99988.95187	0	0
alpha	3727.379	5.770415975	99988.95187	0	0
C12	11174.86339	4.398186784	99988.95187	0	0
neutron	939.56536	0.4758895281	99989.29447	0	0
S34	31632.70018	0.07420068522	99989.29447	0	0
Ne23	21414.10216	0.2193606644	99989.74988	0	0
neutron	939.56536	8.24437677	99989.53317	0	0
neutron	939.56536	5.029141956	99989.53317	0	0
neutron	939.56536	3.228367465	99989.53317	0	0
Ne20	18617.73218	0.6206658039	99989.53317	0	0
neutron	939.56536	0.4225395334	99989.05238	0	0
Ne22	20479.73746	0.1865337567	99989.05238	0	0
neutron	939.56536	14.17967516	99989.22332	0	0
neutron	939.56536	10.85662711	99989.22332	0	0
neutron	939.56536	3.521321614	99989.22332	0	0
Ne20	18617.73218	1.008374234	99989.22332	0	0
neutron	939.56536	0.9325267135	99988.87783	0	0
S36	33494.9558	0.07447877823	99988.87783	0	0
neutron	939.56536	1.224861937	99989.08698	0	0
S34	31632.70018	0.1203136554	99989.08698	0	0
neutron	939.56536	0.9172695135	99988.84816	0	0
S36	33494.9558	0.2296390476	99988.84816	0	0
proton	938.272013	10.03514018	99989.21816	0	0
neutron	939.56536	4.674777331	99989.21816	0	0
neutron	939.56536	0.738975597	99989.21816	0	0
P32	29775.84838	0.9490623091	99989.21816	0	0
S35	32565.27968	0.1486504048	99989.19814	0	0
S35	32565.27968	0.1579803513	99989.52594	0	0
neutron	939.56536	1.470428511	99990.05914	0	0
S34	31632.70018	0.2082025925	99990.05914	0	0
neutron	939.56536	0.6671854904	99989.28344	0	0
S34	31632.70018	0.2052407696	99989.28344	0	0
proton	938.272013	24.17908925	99994.88907	0	0
neutron	939.56536	6.473228754	99994.88907	0	0
neutron	939.56536	2.572020803	99994.88907	0	0
neutron	939.56536	1.60384331	99994.88907	0	0
neutron	939.56536	0.4079291298	99994.88907	0	0
P32	29775.84838	0.2963110323	99994.88907	0	0
neutron	939.56536	9.006474608	99988.61668	0	0
neutron	939.56536	8.446465505	99988.61668	0	0
neutron	939.56536	7.028247651	99988.61668	0	0
neutron	939.56536	0.3128868448	99988.61668	0	0
S33	30704.55199	0.7447783537	99988.61668	0	0
proton	938.272013	8.370843253	99989.38402	0	0
neutron	939.56536	8.133298632	99989.38402	0	0
neutron	939.56536	2.388840181	99989.38402	0	0
P32	29775.84838	0.3019164299	99989.38402	0	0
neutron	939.56536	43.91900663	99989.60625	0	0
neutron	939.56536	5.58651779	99989.60625	0	0
Ne21	19550.53637	3.906669653	99989.60625	0	0
S35	32565.27968	0.1493692351	99988.74583	0	0
neutron	939.56536	0.4394419117	99988.98291	0	0
S36	33494.9558	0.1923148972	99988.98291	0	0
S35	32565.27968	0.1475554203	99989.34616	0	0
neutron	939.56536	0.475353707	99988.7897	0	0
S36	33494.9558	0.1765855555	99988.7897	0	0
neutron	939.56536	0.1445035579	99989.25926	0	0
Ne22	20479.73746	0.245790544	99989.25926	0	0
neutron	939.56536	9.193166399	99989.08273	0	0
neutron	939.56536	6.440038579	99989.08273	0	0
neutron	939.56536	1.838638003	99989.08273	0	0
Ne20	18617.73218	0.516947583	99989.08273	0	0
Ne23	21414.10216	0.2245150061	99989.05074	0	0
neutron	939.56536	1.365582803	99989.0131	0	0
neutron	939.56536	0.8670273536	99989.0131	0	0
Ne21	19550.53637	0.1992094929	99989.0131	0	0
Ne23	21414.10216	0.2333764009	99990.20573	0	0
neutron	939.56536	43.04684893	99990.02635	0	0
neutron	939.56536	8.541103483	99990.02635	0	0
neutron	939.56536	1.69140855	99990.02635	0	0
alpha	3727.379	5.969348132	99990.02635	0	0
O16	14895.08153	2.485897175	99990.02635	0	0
neutron	939.56536	0.4526624746	99989.23245	0	0
S34	31632.70018	0.1135328263	99989.23245	0	0
neutron	939.56536	0.5969300438	99989.29166	0	0
S34	31632.70018	0.07888929178	99989.29166	0	0
neutron	939.56536	0.9295055796	99989.21665	0	0
S34	31632.70018	0.1672442762	99989.21665	0	0
neutron	939.56536	4.73370475	99989.37807	0	0
S36	33494.9558	0.1188046659	99989.37807	0	0
S35	32565.27968	0.1446239801	99989.05895	0	0
neutron	939.56536	0.3993844989	99988.97266	0	0
S34	31632.70018	0.2264733531	99988.97266	0	0
S35	32565.27968	0.1477213598	99988.7915	0	0
neutron	939.56536	5.113908463	99988.78539	0	0
neutron	939.56536	2.926256263	99988.78539	0	0
neutron	939.56536	0.3089247418	99988.78539	0	0
S32	29773.62828	0.2876415763	99988.78539	0	0
neutron	939.56536	0.8262397983	99988.71206	0	0
S34	31632.70018	0.1705233348	99988.71206	0	0
S35	32565.27968	0.1676751184	99991.38017	0	0
neutron	939.56536	1.118298228	99989.07948	0	0
S34	31632.70018	0.1816518407	99989.07948	0	0
Ne23	21414.10216	0.2111068011	99989.40631	0	0
Ne23	21414.10216	0.2015618263	99989.18822	0	0
neutron	939.56536	10.09386258	99989.30841	0	0
neutron	939.56536	8.347573261	99989.30841	0	0
neutron	939.56536	2.574280681	99989.30841	0	0
S32	29773.62828	0.2709040759	99989.30841	0	0
neutron	939.56536	1.28269357	99989.53732	0	0
S34	31632.70018	0.1003652449	99989.53732	0	0
neutron	939.56536	22.02006559	99989.43132	0	0
neutron	939.56536	3.674946079	99989.43132	0	0
neutron	939.56536	0.7637898511	99989.43132	0	0
S34	31632.70018	0.6458193567	99989.43132	0	0
neutron	939.56536	0.3945436303	99989.55217	0	0
S34	31632.70018	0.1280233456	99989.55217	0	0
neutron	939.56536	5.610588618	99989.27654	0	0
neutron	939.56536	4.189535899	99989.27654	0	0
neutron	939.56536	1.386768326	99989.27654	0	0
alpha	3727.379	10.56397783	99989.27654	0	0
O16	14895.08153	2.996790197	99989.27654	0	0
neutron	939.56536	14.03692205	99989.16414	0	0
alpha	3727.379	6.280456015	99989.16414	0	0
Si30	27913.24182	1.86487352	99989.16414	0	0
neutron	939.56536	1.959164477	99989.13274	0	0
S34	31632.70018	0.2820621233	99989.13274	0	0
neutron	939.56536	6.846603616	99989.04292	0	0
neutron	939.56536	2.563689148	99989.04292	0	0
neutron	939.56536	0.4394551841	99989.04292	0	0
neutron	939.56536	0.3127834754	99989.04292	0	0
S33	30704.55199	0.3263626147	99989.04292	0	0
S35	32565.27968	0.1527022932	99989.04822	0	0
neutron	939.56536	1.798633542	99988.883	0	0
neutron	939.56536	1.224872934	99988.883	0	0
deuteron	1875.613	5.157342999	99988.883	0	0
P31	28844.21869	0.9640595827	99988.883	0	0
neutron	939.56536	2.296793143	99989.24856	0	0
S34	31632.70018	0.2574718309	99989.24856	0	0
S35	32565.27968	0.149672885	99991.12676	0	0
neutron	939.56536	2.050696225	99989.32649	0	0
Ne22	20479.73746	0.02945816785	99989.32649	0	0
neutron	939.56536	30.50056678	99989.73678	0	0
neutron	939.56536	8.910621752	99989.73678	0	0
proton	938.272013	2.378324106	99989.73678	0	0
neutron	939.56536	1.887948646	99989.73678	0	0
P31	28844.21869	1.781589997	99989.73678	0	0
Ne23	21414.10216	0.2246050181	99989.32474	0	0
neutron	939.56536	0.3686010195	99992.66698	0	0
S34	31632.70018	0.1519343857	99992.66698	0	0
proton	938.272013	29.89842718	99989.03575	0	0
neutron	939.56536	2.6711699	99989.03575	0	0
neutron	939.56536	2.118061227	99989.03575	0	0
F20	18625.26686	2.086080795	99989.03575	0	0
Ne23	21414.10216	0.218953336	99988.70206	0	0
neutron	939.56536	1.560804507	99988.40977	0	0
Ne22	20479.73746	0.4716427417	99988.40977	0	0
neutron	939.56536	1.26179759	99989.56568	0	0
S34	31632.70018	0.322829247	99989.56568	0	0
neutron	939.56536	17.37518932	99988.73915	0	0
neutron	939.56536	2.369588929	99988.73915	0	0
neutron	939.56536	2.221451671	99988.73915	0	0
neutron	939.56536	0.9858848463	99988.73915	0	0
S33	30704.55199	1.557594762	99988.73915	0	0
proton	938.272013	15.5190156	99989.30059	0	0
neutron	939.56536	3.443239177	99989.30059	0	0
neutron	939.56536	1.630950524	99989.30059	0	0
neutron	939.56536	0.4804185157	99989.30059	0	0
P31	28844.21869	0.4510268991	99989.30059	0	0
neutron	939.56536	0.6303105954	99989.37718	0	0
S36	33494.9558	0.1004660895	99989.37718	0	0
neutron	939.56536	0.4166575121	99989.38726	0	0
S36	33494.9558	0.07263193105	99989.38726	0	0
neutron	939.56536	1.07177283	99989.90365	0	0
Ne22	20479.73746	0.3514620065	99989.90365	0	0
neutron	939.56536	8.711214612	99989.60404	0	0
neutron	939.56536	5.356018773	99989.60404	0	0
neutron	939.56536	0.7388888486	99989.60404	0	0
Ne20	18617.73218	1.082324164	99989.60404	0	0
Ne23	21414.10216	0.2302612155	99988.64629	0	0
proton	938.272013	16.62775974	99989.9927	0	0
neutron	939.56536	1.532480774	99989.9927	0	0
neutron	939.56536	0.2352703943	99989.9927	0	0
P32	29775.84838	0.6116078878	99989.9927	0	0
S37	34430.21755	0.1424759023	99989.67955	0	0
proton	938.272013	7.039982041	99988.83855	0	0
neutron	939.56536	3.998953643	99988.83855	0	0
neutron	939.56536	2.468982627	99988.83855	0	0
proton	938.272013	2.366415374	99988.83855	0	0
neutron	939.56536	1.223803054	99988.83855	0	0
neutron	939.56536	1.053831285	99988.83855	0	0
O17	15830.5038	0.6897621864	99988.83855	0	0
neutron	939.56536	3.378164135	99988.952	0	0
S34	31632.70018	0.4443405504	99988.952	0	0
neutron	939.56536	0.8022980377	99989.28647	0	0
neutron	939.56536	0.6204306367	99989.28647	0	0
S33	30704.55199	0.2085676856	99989.28647	0	0
neutron	939.56536	7.473462158	99989.4993	0	0
neutron	939.56536	5.455929684	99989.4993	0	0
Ne21	19550.53637	0.8992978888	99989.4993	0	0
S35	32565.27968	0.1595078854	99988.84104	0	0
neutron	939.56536	1.685233513	99989.69072	0	0
neutron	939.56536	0.5684350737	99989.69072	0	0
S33	30704.55199	0.1228081979	99989.69072	0	0
neutron	939.56536	5.073336389	99989.3327	0	0
neutron	939.56536	4.261755418	99989.3327	0	0
neutron	939.56536	3.134925174	99989.3327	0	0
alpha	3727.379	5.479329262	99989.3327	0	0
O16	14895.08153	0.37964405	99989.3327	0	0
neutron	939.56536	2.79721805	99990.00068	0	0
S36	33494.9558	0.08002186673	99990.00068	0	0
neutron	939.56536	8.480534586	99989.06381	0	0
neutron	939.56536	4.58608212	99989.06381	0	0
neutron	939.56536	3.243520639	99989.06381	0	0
Ne20	18617.73218	0.04580537775	99989.06381	0	0
neutron	939.56536	2.322637194	99989.20611	0	0
Ne22	20479.73746	0.3329686315	99989.20611	0	0
neutron	939.56536	7.107979644	99989.29911	0	0
neutron	939.56536	7.078276902	99989.29911	0	0
neutron	939.56536	3.268513587	99989.29911	0	0
Ne20	18617.73218	0.1906869972	99989.29911	0	0
neutron	939.56536	22.34073749	99989.2947	0	0
neutron	939.56536	9.972149339	99989.2947	0	0
neutron	939.56536	0.7458291431	99989.2947	0	0
S32	29773.62828	1.050441152	99989.2947	0	0
neutron	939.56536	5.455686934	99989.71934	0	0
neutron	939.56536	4.140480611	99989.71934	0	0
neutron	939.56536	2.368025889	99989.71934	0	0
neutron	939.56536	2.01192294	99989.71934	0	0
S33	30704.55199	0.7542261301	99989.71934	0	0
S35	32565.27968	0.1603491021	99989.14949	0	0
Ne23	21414.10216	0.2328969935	99988.93828	0	0
neutron	939.56536	0.2906988836	99989.30801	0	0
S34	31632.70018	0.1198473231	99989.30801	0	0
neutron	939.56536	33.44792072	99988.99415	0	0
neutron	939.56536	13.70168612	99988.99415	0	0
neutron	939.56536	1.036073198	99988.99415	0	0
S34	31632.70018	3.064814901	99988.99415	0	0
neutron	939.56536	6.052904792	99988.41367	0	0
proton	938.272013	3.642117173	99988.41367	0	0
neutron	939.56536	0.6705703422	99988.41367	0	0
P32	29775.84838	0.3174216384	99988.41367	0	0
neutron	939.56536	8.611189484	99989.05057	0	0
neutron	939.56536	0.8294640011	99989.05057	0	0
neutron	939.56536	0.8291834588	99989.05057	0	0
S34	31632.70018	0.5965832163	99989.05057	0	0
Ne23	21414.10216	0.2043575819	99989.58556	0	0
neutron	939.56536	9.683283291	99989.19503	0	0
neutron	939.56536	0.8933798514	99989.19503	0	0
S33	30704.55199	0.1667614407	99989.19503	0	0
proton	938.272013	6.368715992	99989.4753	0	0
neutron	939.56536	6.319547105	99989.4753	0	0
neutron	939.56536	4.322203386	99989.4753	0	0
neutron	939.56536	0.2532778848	99989.4753	0	0
P31	28844.21869	0.2784181155	99989.4753	0	0
neutron	939.56536	5.102758412	99988.49083	0	0
proton	938.272013	3.8637399	99988.49083	0	0
P33	30705.30994	0.4261939571	99988.49083	0	0
neutron	939.56536	5.935178097	99989.18002	0	0
proton	938.272013	4.249058877	99989.18002	0	0
neutron	939.56536	0.1478928026	99989.18002	0	0
deuteron	1875.613	3.586580342	99989.18002	0	0
alpha	3727.379	9.55870989	99989.18002	0	0
Mg26	24196.50368	0.623461841	99989.18002	0	0
neutron	939.56536	1.132658404	99988.4439	0	0
S34	31632.70018	0.2795631283	99988.4439	0	0
neutron	939.56536	2.281872392	99988.82276	0	0
neutron	939.56536	1.693823875	99988.82276	0	0
S33	30704.55199	0.2119299873	99988.82276	0	0
neutron	939.56536	0.9483149304	99989.05181	0	0
S34	31632.70018	0.177362245	99989.05181	0	0
neutron	939.56536	1.250845531	99988.90971	0	0
S34	31632.70018	0.2219944669	99988.90971	0	0
neutron	939.56536	1.64668497	99988.78949	0	0
S34	31632.70018	0.09698041214	99988.78949	0	0
neutron	939.56536	9.577630424	99989.37154	0	0
neutron	939.56536	4.81875457	99989.37154	0	0
Ne21	19550.53637	1.380098376	99989.37154	0	0
neutron	939.56536	0.7413652605	99989.65571	0	0
Ne22	20479.73746	0.1351911725	99989.65571	0	0
proton	938.272013	5.668353376	99988.87546	0	0
neutron	939.56536	4.54783139	99988.87546	0	0
neutron	939.56536	3.035917371	99988.87546	0	0
neutron	939.56536	0.4482171836	99988.87546	0	0
P31	28844.21869	0.4330951791	99988.87546	0	0
neutron	939.56536	26.34784781	99988.4706	0	0
neutron	939.56536	5.670215761	99988.4706	0	0
neutron	939.56536	2.469522202	99988.4706	0	0
S32	29773.62828	0.593691503	99988.4706	0	0
Ne23	21414.10216	0.2204777148	99989.34214	0	0
S35	32565.27968	0.1624399487	99988.25445	0	0
neutron	939.56536	0.7204802111	99989.09717	0	0
S36	33494.9558	0.1261227638	99989.09717	0	0
neutron	939.56536	4.331328035	99989.46057	0	0
proton	938.272013	2.274749713	99989.46057	0	0
P33	30705.30994	0.6140575741	99989.46057	0	0
neutron	939.56536	8.623767372	99989.16381	0	0
neutron	939.56536	0.602699867	99989.16381	0	0
alpha	3727.379	10.95775656	99989.16381	0	0
Si29	26984.28567	2.749654837	99989.16381	0	0
neutron	939.56536	0.8723268549	99988.91216	0	0
S34	31632.70018	0.1226760226	99988.91216	0	0
neutron	939.56536	19.71894864	99988.717	0	0
neutron	939.56536	5.72312297	99988.717	0	0
neutron	939.56536	2.548371701	99988.717	0	0
alpha	3727.379	4.308374853	99988.717	0	0
O16	14895.08153	3.814279804	99988.717	0	0
neutron	939.56536	8.01164834	99990.36333	0	0
proton	938.272013	6.845722151	99990.36333	0	0
neutron	939.56536	5.818731021	99990.36333	0	0
neutron	939.56536	4.018878218	99990.36333	0	0
proton	938.272013	2.388602672	99990.36333	0	0
neutron	939.56536	0.9379766534	99990.36333	0	0
Si29	26984.28567	0.7627170586	99990.36333	0	0
Ne23	21414.10216	0.2296090119	99989.06515	0	0
Ne23	21414.10216	0.2269014782	99989.52367	0	0
S35	32565.27968	0.1547354552	99989.83943	0	0
S35	32565.27968	0.1466928655	99989.16741	0	0
neutron	939.56536	10.47947601	99989.41053	0	0
neutron	939.56536	9.419274455	99989.41053	0	0
neutron	939.56536	3.883346342	99989.41053	0	0
alpha	3727.379	15.92443673	99989.41053	0	0
O16	14895.08153	3.048177687	99989.41053	0	0
neutron	939.56536	1.299439438	99988.75584	0	0
S36	33494.9558	0.07347292984	99988.75584	0	0
neutron	939.56536	1.209369131	99989.31545	0	0
S34	31632.70018	0.169903652	99989.31545	0	0
neutron	939.56536	2.955801623	99989.0091	0	0
Ne22	20479.73746	0.3358193251	99989.0091	0	0
neutron	939.56536	0.7686073048	99988.95572	0	0
Ne22	20479.73746	0.243674567	99988.95572	0	0
neutron	939.56536	2.42676386	99989.72313	0	0
neutron	939.56536	0.9323884292	99989.72313	0	0
Ne21	19550.53637	0.2898289434	99989.72313	0	0
neutron	939.56536	0.5276820171	99988.87229	0	0
S34	31632.70018	0.0809592145	99988.87229	0	0
neutron	939.56536	29.33139719	99989.80244	0	0
neutron	939.56536	0.6547718268	99989.80244	0	0
Ne21	19550.53637	1.091252822	99989.80244	0	0
neutron	939.56536	7.995456098	99988.87958	0	0
neutron	939.56536	7.753702885	99988.87958	0	0
neutron	939.56536	5.409947878	99988.87958	0	0
proton	938.272013	2.974868963	99988.87958	0	0
P31	28844.21869	0.1913903967	99988.87958	0	0
neutron	939.56536	23.11044023	99989.25355	0	0
proton	938.272013	10.43251943	99989.25355	0	0
proton	938.272013	3.311617666	99989.25355	0	0
neutron	939.56536	3.02100314	99989.25355	0	0
Si31	28846.21977	1.15039758	99989.25355	0	0
neutron	939.56536	0.9686541479	99990.01586	0	0
Ne22	20479.73746	0.1074647361	99990.01586	0	0
S37	34430.21755	0.1393755401	99989.73101	0	0
S35	32565.27968	0.1406831814	99989.39479	0	0
S35	32565.27968	0.1644748204	99988.69727	0	0
S35	32565.27968	0.1622143665	99988.84866	0	0
neutron	939.56536	6.265996459	99990.23168	0	0
Ne22	20479.73746	0.4807336571	99990.23168	0	0
neutron	939.56536	2.847065765	99989.02978	0	0
Ne22	20479.73746	0.2451190252	99989.02978	0	0
neutron	939.56536	7.481909747	99988.7356	0	0
neutron	939.56536	2.665024146	99988.7356	0	0
alpha	3727.379	15.08192272	99988.7356	0	0
Si29	26984.28567	1.586127897	99988.7356	0	0
neutron	939.56536	15.56555526	99988.70074	0	0
neutron	939.56536	6.296404278	99988.70074	0	0
neutron	939.56536	4.372293841	99988.70074	0	0
Ne20	18617.73218	0.659890191	99988.70074	0	0
neutron	939.56536	16.32218901	99989.84299	0	0
neutron	939.56536	2.227184761	99989.84299	0	0
Ne21	19550.53637	0.787805316	99989.84299	0	0
neutron	939.56536	2.399778416	99989.26631	0	0
S34	31632.70018	0.2618682885	99989.26631	0	0
neutron	939.56536	1.673455506	99988.59508	0	0
S34	31632.70018	0.3293655277	99988.59508	0	0
neutron	939.56536	9.101483979	99988.73691	0	0
neutron	939.56536	0.6350819811	99988.73691	0	0
Ne21	19550.53637	0.9799559744	99988.73691	0	0
S35	32565.27968	0.1551473846	99988.8746	0	0
neutron	939.56536	9.901841827	99989.44276	0	0
neutron	939.56536	3.861357923	99989.44276	0	0
Ne21	19550.53637	0.2862293038	99989.44276	0	0
neutron	939.56536	13.6610192	99988.85187	0	0
neutron	939.56536	12.16734396	99988.85187	0	0
neutron	939.56536	3.718808329	99988.85187	0	0
S32	29773.62828	1.617265681	99988.85187	0	0
neutron	939.56536	15.4111174	99989.2788	0	0
neutron	939.56536	4.126635996	99989.2788	0	0
proton	938.272013	3.111914256	99989.2788	0	0
neutron	939.56536	1.952974828	99989.2788	0	0
P31	28844.21869	0.5597160382	99989.2788	0	0
neutron	939.56536	2.460717673	99989.37043	0	0
neutron	939.56536	0.784511639	99989.37043	0	0
S35	32565.27968	0.368482528	99989.37043	0	0
neutron	939.56536	35.65036414	99989.54769	0	0
neutron	939.56536	1.639070093	99989.54769	0	0
neutron	939.56536	1.218157548	99989.54769	0	0
triton	2808.921	4.710239747	99989.54769	0	0
P31	28844.21869	1.6641097	99989.54769	0	0
neutron	939.56536	2.937436095	99989.52669	0	0
Ne22	20479.73746	0.5533894118	99989.52669	0	0
neutron	939.56536	3.240002658	99989.60411	0	0
neutron	939.56536	3.219610692	99989.60411	0	0
S33	30704.55199	0.282412509	99989.60411	0	0
neutron	939.56536	0.4460514002	99988.86115	0	0
S36	33494.9558	0.1659242035	99988.86115	0	0
neutron	939.56536	8.283241136	99988.95903	0	0
neutron	939.56536	6.318828909	99988.95903	0	0
neutron	939.56536	5.401387697	99988.95903	0	0
neutron	939.56536	5.262125896	99988.95903	0	0
alpha	3727.379	6.582547845	99988.95903	0	0
O15	13971.18011	1.306047906	99988.95903	0	0
proton	938.272013	12.39936519	99990.11421	0	0
neutron	939.56536	8.152687866	99990.11421	0	0
neutron	939.56536	2.59409094	99990.11421	0	0
neutron	939.56536	2.078829735	99990.11421	0	0
P31	28844.21869	0.9116527006	99990.11421	0	0
neutron	939.56536	30.62712998	99989.4046	0	0
alpha	3727.379	6.691942033	99989.4046	0	0
alpha	3727.379	2.086268811	99989.4046	0	0
C14	13040.87134	7.283177058	99989.4046	0	0
neutron	939.56536	1.002528475	99989.75027	0	0
S36	33494.9558	0.1890881659	99989.75027	0	0
Cl37	34424.84314	0.07584546922	99994.07074	11.74517828	11.49849143
neutron	939.56536	44.07888774	99993.07641	0	0
proton	938.272013	14.49997439	99993.07641	0	0
neutron	939.56536	2.631061955	99993.07641	0	0
P34	31638.59261	0.9881893714	99993.07641	0	0
neutron	939.56536	5.40235346	99988.97916	0	0
neutron	939.56536	5.390125833	99988.97916	0	0
proton	938.272013	2.776681238	99988.97916	0	0
proton	938.272013	2.335593515	99988.97916	0	0
alpha	3727.379	9.150942953	99988.97916	0	0
Mg27	25129.62564	2.756799884	99988.97916	0	0
neutron	939.56536	0.8387542584	99988.93189	0	0
S34	31632.70018	0.2367793316	99988.93189	0	0
neutron	939.56536	4.67903524	99989.44075	0	0
S36	33494.9558	0.2630505838	99989.44075	0	0
neutron	939.56536	1.100390969	99989.06711	0	0
S36	33494.9558	0.04953642594	99989.06711	0	0
neutron	939.56536	0.07233040157	99989.2381	0	0
S36	33494.9558	0.1121120051	99989.2381	0	0
S35	32565.27968	0.1533646796	99989.1025	0	0
Ne23	21414.10216	0.2313453754	99989.55952	0	0
neutron	939.56536	36.92901447	99989.35949	0	0
proton	938.272013	2.821129576	99989.35949	0	0
triton	2808.921	9.919503003	99989.35949	0	0
Si30	27913.24182	2.266810128	99989.35949	0	0
neutron	939.56536	0.1208324186	99989.51135	0	0
S36	33494.9558	0.1716580676	99989.51135	0	0
neutron	939.56536	1.237637874	99989.44554	0	0
S34	31632.70018	0.1811800054	99989.44554	0	0
Ne23	21414.10216	0.2262050515	99989.14211	0	0
S35	32565.27968	0.1552583919	99989.38719	0	0
neutron	939.56536	0.8934880827	99989.35696	0	0
S34	31632.70018	0.04541651946	99989.35696	0	0
S35	32565.27968	0.143984983	99989.33567	0	0
neutron	939.56536	0.5551510708	99988.68666	0	0
Ne22	20479.73746	0.1805528677	99988.68666	0	0
neutron	939.56536	0.1507720721	99989.89043	0	0
S36	33494.9558	0.1832178256	99989.89043	0	0
S35	32565.27968	0.1473942555	99990.0558	0	0
proton	938.272013	10.57808393	99988.84784	0	0
proton	938.272013	3.639519545	99988.84784	0	0
neutron	939.56536	2.214729407	99988.84784	0	0
neutron	939.56536	0.5685854418	99988.84784	0	0
Si31	28846.21977	0.5788703821	99988.84784	0	0
neutron	939.56536	2.040513306	99989.09445	0	0
S34	31632.70018	0.0202643822	99989.09445	0	0
S35	32565.27968	0.1388015963	99989.29622	0	0
neutron	939.56536	2.825600891	99989.34122	0	0
neutron	939.56536	2.027775395	99989.34122	0	0
S33	30704.55199	0.3009727721	99989.34122	0	0
neutron	939.56536	12.98831159	99989.4918	0	0
neutron	939.56536	1.959927173	99989.4918	0	0
S33	30704.55199	1.01461254	99989.4918	0	0
neutron	939.56536	0.221927877	99988.79553	0	0
Ne22	20479.73746	0.1438555744	99988.79553	0	0
neutron	939.56536	1.051305754	99989.24891	0	0
S34	31632.70018	0.1222858266	99989.24891	0	0
neutron	939.56536	0.8756404279	99989.27983	0	0
S34	31632.70018	0.154600622	99989.27983	0	0
neutron	939.56536	0.6428362952	99988.61231	0	0
Ne22	20479.73746	0.2914143684	99988.61231	0	0
neutron	939.56536	0.9788391583	99988.98161	0	0
Ne22	20479.73746	0.2761192817	99988.98161	0	0
neutron	939.56536	1.096557503	99989.61781	0	0
S34	31632.70018	0.08733432544	99989.61781	0	0
neutron	939.56536	3.772782318	99988.94349	0	0
S34	31632.70018	0.4620872996	99988.94349	0	0
neutron	939.56536	1.818005612	99989.45004	0	0
S34	31632.70018	0.3132864295	99989.45004	0	0
neutron	939.56536	0.2109637995	99989.40673	0	0
S34	31632.70018	0.1614464425	99989.40673	0	0
neutron	939.56536	1.827728822	99988.26011	0	0
S36	33494.9558	0.1757488699	99988.26011	0	0
neutron	939.56536	0.5989188257	99988.81303	0	0
Ne22	20479.73746	0.3778031976	99988.81303	0	0
Ne23	21414.10216	0.22174874	99989.05769	0	0
neutron	939.56536	3.899693984	99989.3708	0	0
neutron	939.56536	2.667833857	99989.3708	0	0
S35	32565.27968	0.1245495432	99989.3708	0	0
neutron	939.56536	15.63185023	99989.75418	0	0
proton	938.272013	3.47239574	99989.75418	0	0
neutron	939.56536	1.314511641	99989.75418	0	0
neutron	939.56536	1.201731873	99989.75418	0	0
P31	28844.21869	1.107183177	99989.75418	0	0
Ne23	21414.10216	0.2231869331	99989.06147	0	0
neutron	939.56536	0.8973291472	99989.66887	0	0
S34	31632.70018	0.1653045538	99989.66887	0	0
Ne23	21414.10216	0.2315717669	99989.33729	0	0
proton	938.272013	11.60588123	99990.16261	0	0
proton	938.272013	4.923357915	99990.16261	0	0
neutron	939.56536	4.499256517	99990.16261	0	0
neutron	939.56536	1.447931086	99990.16261	0	0
Si31	28846.21977	0.2724493866	99990.16261	0	0
neutron	939.56536	14.72563313	99989.03989	0	0
neutron	939.56536	10.09018216	99989.03989	0	0
neutron	939.56536	2.7764736	99989.03989	0	0
alpha	3727.379	4.976329557	99989.03989	0	0
O16	14895.08153	1.223358516	99989.03989	0	0
proton	938.272013	6.073931013	99989.48399	0	0
neutron	939.56536	4.073294706	99989.48399	0	0
neutron	939.56536	4.052648066	99989.48399	0	0
neutron	939.56536	0.9125287184	99989.48399	0	0
neutron	939.56536	0.606588527	99989.48399	0	0
deuteron	1875.613	14.8150878	99989.48399	0	0
O16	14895.08153	1.200316758	99989.48399	0	0
S35	32565.27968	0.1608081282	99989.49283	0	0
proton	938.272013	43.07018627	99988.95364	0	0
neutron	939.56536	1.194739043	99988.95364	0	0
P33	30705.30994	1.124983055	99988.95364	0	0
S35	32565.27968	0.1624614106	99989.28744	0	0
Ne23	21414.10216	0.2073136181	99989.0206	0	0
Ne23	21414.10216	0.2294997577	99989.32951	0	0
neutron	939.56536	3.695590259	99988.58987	0	0
neutron	939.56536	2.602264769	99988.58987	0	0
neutron	939.56536	2.380552374	99988.58987	0	0
S34	31632.70018	0.1550571096	99988.58987	0	0
S35	32565.27968	0.1409892934	99988.57431	0	0
proton	938.272013	19.281712	99988.68728	0	0
proton	938.272013	12.45274168	99988.68728	0	0
neutron	939.56536	4.619524271	99988.68728	0	0
neutron	939.56536	1.824082259	99988.68728	0	0
Si31	28846.21977	1.47921817	99988.68728	0	0
neutron	939.56536	0.1720791228	99989.32241	0	0
S34	31632.70018	0.123441315	99989.32241	0	0
S37	34430.21755	0.1304166715	99989.49839	0	0
S35	32565.27968	0.1452697013	99988.77276	0	0
Ne23	21414.10216	0.2235813683	99989.63099	0	0
neutron	939.56536	1.873509372	99989.82593	0	0
S34	31632.70018	0.1126351314	99989.82593	0	0
neutron	939.56536	0.2867804872	99989.22911	0	0
S34	31632.70018	0.1257095031	99989.22911	0	0
neutron	939.56536	15.94645106	99989.26045	0	0
neutron	939.56536	7.193523909	99989.26045	0	0
neutron	939.56536	2.270470686	99989.26045	0	0
alpha	3727.379	12.17767112	99989.26045	0	0
O16	14895.08153	3.899481104	99989.26045	0	0
neutron	939.56536	6.180198959	99989.74779	0	0
neutron	939.56536	1.531498475	99989.74779	0	0
Ne21	19550.53637	1.08583264	99989.74779	0	0
proton	938.272013	12.95591293	99989.32921	0	0
F22	20491.06576	0.300534799	99989.32921	0	0
Ne23	21414.10216	0.2297952564	99989.06732	0	0
neutron	939.56536	10.55376432	99989.61259	0	0
neutron	939.56536	3.449576096	99989.61259	0	0
proton	938.272013	2.979549205	99989.61259	0	0
neutron	939.56536	2.259365212	99989.61259	0	0
P31	28844.21869	0.6288201873	99989.61259	0	0
S35	32565.27968	0.1599495942	99989.23878	0	0
neutron	939.56536	5.183632054	99989.35986	0	0
neutron	939.56536	2.452706311	99989.35986	0	0
neutron	939.56536	1.004715447	99989.35986	0	0
Ne20	18617.73218	0.2553592218	99989.35986	0	0
neutron	939.56536	0.2495891016	99988.90119	0	0
S34	31632.70018	0.1311671346	99988.90119	0	0
neutron	939.56536	0.7781220035	99989.5403	0	0
S34	31632.70018	0.2158041614	99989.5403	0	0
neutron	939.56536	0.5621678278	99988.9094	0	0
S34	31632.70018	0.111648042	99988.9094	0	0
Ne23	21414.10216	0.2290960686	99989.15648	0	0
Ne23	21414.10216	0.2236901132	99990.08599	0	0
S35	32565.27968	0.1457949144	99989.67092	0	0
neutron	939.56536	0.242601958	99989.5761	0	0
S34	31632.70018	0.1234073978	99989.5761	0	0
Ne23	21414.10216	0.226753733	99989.43446	0	0
neutron	939.56536	14.21019447	99989.16427	0	0
neutron	939.56536	8.290552941	99989.16427	0	0
proton	938.272013	7.446945018	99989.16427	0	0
neutron	939.56536	2.376357764	99989.16427	0	0
proton	938.272013	2.150291929	99989.16427	0	0
Si30	27913.24182	2.842867777	99989.16427	0	0
neutron	939.56536	9.910426139	99989.21743	0	0
neutron	939.56536	8.566243133	99989.21743	0	0
neutron	939.56536	5.48308099	99989.21743	0	0
Ne20	18617.73218	0.3503889703	99989.21743	0	0
S35	32565.27968	0.1563078653	99989.10915	0	0
Ne23	21414.10216	0.2157803942	99989.24167	0	0
neutron	939.56536	6.707116361	99989.67179	0	0
neutron	939.56536	2.453749092	99989.67179	0	0
neutron	939.56536	1.039987152	99989.67179	0	0
S32	29773.62828	0.1750073978	99989.67179	0	0
S37	34430.21755	0.1297467039	99990.26761	0	0
neutron	939.56536	0.4904609699	99989.41023	0	0
S34	31632.70018	0.1014407211	99989.41023	0	0
neutron	939.56536	2.973721323	99989.56637	0	0
neutron	939.56536	0.4032246402	99989.56637	0	0
neutron	939.56536	0.2828038011	99989.56637	0	0
S32	29773.62828	0.1143078772	99989.56637	0	0
neutron	939.56536	1.466802448	99989.32877	0	0
S34	31632.70018	0.02780597131	99989.32877	0	0
neutron	939.56536	5.56300498	99989.19574	0	0
neutron	939.56536	1.467185321	99989.19574	0	0
neutron	939.56536	1.040836839	99989.19574	0	0
Ne20	18617.73218	0.5922368601	99989.19574	0	0
neutron	939.56536	6.900990061	99988.67142	0	0
neutron	939.56536	3.94296571	99988.67142	0	0
neutron	939.56536	1.210376176	99988.67142	0	0
Ne20	18617.73218	0.6468492305	99988.67142	0	0
neutron	939.56536	11.48908239	99989.27674	0	0
neutron	939.56536	7.104708978	99989.27674	0	0
neutron	939.56536	2.025047024	99989.27674	0	0
S32	29773.62828	0.1391187831	99989.27674	0	0
neutron	939.56536	1.120679676	99989.22147	0	0
Ne22	20479.73746	0.2425129554	99989.22147	0	0
neutron	939.56536	23.50336478	99989.10741	0	0
neutron	939.56536	4.279372429	99989.10741	0	0
neutron	939.56536	1.276966325	99989.10741	0	0
alpha	3727.379	7.229514599	99989.10741	0	0
Si30	27913.24182	0.2509796043	99989.10741	0	0
S35	32565.27968	0.1550448833	99989.89324	0	0
neutron	939.56536	0.5465515338	99989.47976	0	0
Ne22	20479.73746	0.175180423	99989.47976	0	0
neutron	939.56536	2.506732256	99989.43906	0	0
neutron	939.56536	2.376426217	99989.43906	0	0
neutron	939.56536	1.450589842	99989.43906	0	0
alpha	3727.379	12.35070855	99989.43906	0	0
Si28	26053.19393	0.842624926	99989.43906	0	0
neutron	939.56536	4.0185548	99989.12284	0	0
proton	938.272013	3.55613204	99989.12284	0	0
neutron	939.56536	2.901008147	99989.12284	0	0
P32	29775.84838	0.1201651179	99989.12284	0	0
neutron	939.56536	5.760505161	99989.68369	0	0
neutron	939.56536	2.185411985	99989.68369	0	0
alpha	3727.379	6.453847641	99989.68369	0	0
O17	15830.5038	0.4932857206	99989.68369	0	0
neutron	939.56536	1.295247574	99989.77523	0	0
Ne22	20479.73746	0.1879219603	99989.77523	0	0
Ne23	21414.10216	0.2142897351	99989.39195	0	0
neutron	939.56536	4.57959024	99990.36219	0	0
neutron	939.56536	1.985738394	99990.36219	0	0
Ne21	19550.53637	0.3532772638	99990.36219	0	0
neutron	939.56536	21.58819091	99989.55589	0	0
neutron	939.56536	0.9205821427	99989.55589	0	0
alpha	3727.379	10.91695172	99989.55589	0	0
O17	15830.5038	3.706421152	99989.55589	0	0
proton	938.272013	45.40001187	99988.70641	0	0
neutron	939.56536	0.4132753014	99988.70641	0	0
neutron	939.56536	0.0680278582	99988.70641	0	0
P32	29775.84838	1.677972138	99988.70641	0	0
Ne23	21414.10216	0.2162993694	99989.63493	0	0
neutron	939.56536	1.939357159	99989.13555	0	0
S34	31632.70018	0.138740749	99989.13555	0	0
neutron	939.56536	1.506036628	99989.65522	0	0
neutron	939.56536	0.721305668	99989.65522	0	0
neutron	939.56536	0.3173288639	99989.65522	0	0
S32	29773.62828	0.3017143019	99989.65522	0	0
Ne23	21414.10216	0.2234824588	99989.11271	0	0
neutron	939.56536	2.032283581	99989.4559	0	0
S34	31632.70018	0.0935445217	99989.4559	0	0
Ne23	21414.10216	0.2273574526	99989.44782	0	0
neutron	939.56536	0.2755587824	99988.93967	0	0
S36	33494.9558	0.1493573802	99988.93967	0	0
S37	34430.21755	0.1439348619	99989.44745	0	0
neutron	939.56536	0.1339761007	99989.55616	0	0
S34	31632.70018	0.1310794525	99989.55616	0	0
Ne23	21414.10216	0.2119789676	99988.70098	0	0
neutron	939.56536	2.196140598	99988.56712	0	0
proton	938.272013	1.931002898	99988.56712	0	0
deuteron	1875.613	24.8449109	99988.56712	0	0
O19	17697.63348	4.677947613	99988.56712	0	0
neutron	939.56536	0.0305268356	99989.33445	0	0
Ne22	20479.73746	0.2181283787	99989.33445	0	0
neutron	939.56536	4.430268133	99989.98621	0	0
neutron	939.56536	1.885580558	99989.98621	0	0
neutron	939.56536	0.5480252829	99989.98621	0	0
Ne20	18617.73218	0.06963588659	99989.98621	0	0
neutron	939.56536	0.5889349757	99988.99517	0	0
S34	31632.70018	0.2268418932	99988.99517	0	0
S37	34430.21755	0.1441770196	99989.18542	0	0
neutron	939.56536	3.530911831	99989.45939	0	0
S36	33494.9558	0.166727511	99989.45939	0	0
neutron	939.56536	3.52046111	99988.71847	0	0
neutron	939.56536	2.53601182	99988.71847	0	0
Ne21	19550.53637	0.7291777802	99988.71847	0	0
S35	32565.27968	0.1632833464	99988.80112	0	0
neutron	939.56536	32.29416193	99989.09544	0	0
neutron	939.56536	3.253208758	99989.09544	0	0
neutron	939.56536	3.122751212	99989.09544	0	0
S34	31632.70018	0.6279833368	99989.09544	0	0
neutron	939.56536	0.9614452182	99991.05012	0	0
S34	31632.70018	0.2505749556	99991.05012	0	0
S35	32565.27968	0.1387807459	99989.12428	0	0
neutron	939.56536	6.730305134	99989.1432	0	0
neutron	939.56536	3.899000415	99989.1432	0	0
neutron	939.56536	1.894570219	99989.1432	0	0
neutron	939.56536	0.3624089014	99989.1432	0	0
S33	30704.55199	0.1593781226	99989.1432	0	0
neutron	939.56536	11.18871138	99988.56909	0	0
neutron	939.56536	3.836848286	99988.56909	0	0
neutron	939.56536	2.983919536	99988.56909	0	0
S32	29773.62828	0.3813786043	99988.56909	0	0
neutron	939.56536	1.767539371	99988.81546	0	0
neutron	939.56536	1.686606128	99988.81546	0	0
neutron	939.56536	1.209459364	99988.81546	0	0
alpha	3727.379	6.250137217	99988.81546	0	0
O16	14895.08153	0.5894056554	99988.81546	0	0
neutron	939.56536	4.337861188	99989.4902	0	0
neutron	939.56536	3.351208739	99989.4902	0	0
neutron	939.56536	0.4026685434	99989.4902	0	0
S34	31632.70018	0.0586696385	99989.4902	0	0
proton	938.272013	12.65832261	99990.02816	0	0
proton	938.272013	7.472773069	99990.02816	0	0
neutron	939.56536	4.450878791	99990.02816	0	0
neutron	939.56536	3.628674601	99990.02816	0	0
neutron	939.56536	2.092681613	99990.02816	0	0
neutron	939.56536	0.8923318919	99990.02816	0	0
Si29	26984.28567	1.208508636	99990.02816	0	0
neutron	939.56536	0.5618990223	99988.82834	0	0
Ne22	20479.73746	0.345000648	99988.82834	0	0
S35	32565.27968	0.1596373175	99989.03413	0	0
S35	32565.27968	0.1405363233	99988.61658	0	0
neutron	939.56536	0.2826788454	99989.2776	0	0
Ne22	20479.73746	0.2556969035	99989.2776	0	0
neutron	939.56536	4.573962179	99988.91638	0	0
neutron	939.56536	2.770031253	99988.91638	0	0
neutron	939.56536	1.745681424	99988.91638	0	0
alpha	3727.379	4.905359445	99988.91638	0	0
O16	14895.08153	0.7531246881	99988.91638	0	0
Ne23	21414.10216	0.2290081558	99988.85554	0	0
proton	938.272013	3.642955683	99989.58675	0	0
neutron	939.56536	1.233047007	99989.58675	0	0
neutron	939.56536	0.1537113216	99989.58675	0	0
P32	29775.84838	0.2182600254	99989.58675	0	0
neutron	939.56536	16.26469927	99989.06645	0	0
neutron	939.56536	8.219789607	99989.06645	0	0
neutron	939.56536	2.831261241	99989.06645	0	0
S32	29773.62828	2.244543792	99989.06645	0	0
neutron	939.56536	18.55390455	99988.77417	0	0
neutron	939.56536	11.59052484	99988.77417	0	0
proton	938.272013	7.583466578	99988.77417	0	0
neutron	939.56536	3.011954341	99988.77417	0	0
P31	28844.21869	0.6757957815	99988.77417	0	0
neutron	939.56536	3.483029742	99988.97036	0	0
neutron	939.56536	3.128692144	99988.97036	0	0
neutron	939.56536	0.6916815511	99988.97036	0	0
neutron	939.56536	0.4013897515	99988.97036	0	0
S33	30704.55199	0.116699999	99988.97036	0	0
neutron	939.56536	7.998651016	99988.46377	0	0
neutron	939.56536	3.185719156	99988.46377	0	0
neutron	939.56536	1.193058906	99988.46377	0	0
alpha	3727.379	7.925375671	99988.46377	0	0
O16	14895.08153	1.935220336	99988.46377	0	0
neutron	939.56536	2.288991693	99988.59374	0	0
S34	31632.70018	0.1424772776	99988.59374	0	0
neutron	939.56536	25.25458415	99989.0638	0	0
neutron	939.56536	6.830936425	99989.0638	0	0
Ne21	19550.53637	0.2207294616	99989.0638	0	0
neutron	939.56536	1.028849176	99989.70958	0	0
S34	31632.70018	0.1281872051	99989.70958	0	0
neutron	939.56536	0.4198221242	99988.88933	0	0
S34	31632.70018	0.153078469	99988.88933	0	0
Ne23	21414.10216	0.2289506479	99989.39542	0	0
S37	34430.21755	0.1443914531	99988.83215	0	0
Ne23	21414.10216	0.2237187944	99989.50238	0	0
neutron	939.56536	0.3265797801	99988.89881	0	0
Ne22	20479.73746	0.123185406	99988.89881	0	0
neutron	939.56536	3.199951549	99989.42436	0	0
neutron	939.56536	1.87160668	99989.42436	0	0
neutron	939.56536	0.8221978903	99989.42436	0	0
S34	31632.70018	0.03953236226	99989.42436	0	0
neutron	939.56536	22.14733267	99989.15188	0	0
neutron	939.56536	0.674733237	99989.15188	0	0
alpha	3727.379	12.02953016	99989.15188	0	0
Si29	26984.28567	1.688718073	99989.15188	0	0
Cl35	32564.60306	0.07239461821	99991.37294	6.445354956	6.36363122
neutron	939.56536	54.09498453	99988.6688	0	0
neutron	939.56536	4.713058993	99988.6688	0	0
neutron	939.56536	2.815120306	99988.6688	0	0
S32	29773.62828	1.305559844	99988.6688	0	0
neutron	939.56536	3.624462346	99989.06941	0	0
S34	31632.70018	0.0969912715	99989.06941	0	0
neutron	939.56536	28.76898672	99989.77048	0	0
neutron	939.56536	7.84322436	99989.77048	0	0
neutron	939.56536	3.367117951	99989.77048	0	0
S34	31632.70018	0.9865003243	99989.77048	0	0
S35	32565.27968	0.1542953179	99989.17358	0	0
S35	32565.27968	0.1471570332	99988.5772	0	0
S35	32565.27968	0.1526296427	99989.5242	0	0
neutron	939.56536	1.460985413	99989.10607	0	0
Ne22	20479.73746	0.09303626521	99989.10607	0	0
proton	938.272013	6.179179788	99989.19411	0	0
neutron	939.56536	5.912126084	99989.19411	0	0
neutron	939.56536	4.363944467	99989.19411	0	0
P32	29775.84838	0.3674279015	99989.19411	0	0
Ne23	21414.10216	0.2135664697	99989.93213	0	0
neutron	939.56536	2.564503621	99988.86592	0	0
Ne22	20479.73746	0.1398417498	99988.86592	0	0
neutron	939.56536	0.4122128682	99988.96104	0	0
S34	31632.70018	0.1488773658	99988.96104	0	0
neutron	939.56536	21.05540683	99989.46282	0	0
neutron	939.56536	2.33074158	99989.46282	0	0
S35	32565.27968	0.9481094872	99989.46282	0	0
proton	938.272013	4.841499394	99990.19184	0	0
proton	938.272013	2.774145383	99990.19184	0	0
neutron	939.56536	1.475193811	99990.19184	0	0
Si32	29776.58515	0.07496393312	99990.19184	0	0
Ne23	21414.10216	0.2171040747	99988.80666	0	0
neutron	939.56536	1.191133724	99988.91138	0	0
Ne22	20479.73746	0.3596748668	99988.91138	0	0
neutron	939.56536	3.914555819	99988.9208	0	0
S34	31632.70018	0.3494343611	99988.9208	0	0
Ne23	21414.10216	0.2337498747	99989.61166	0	0
neutron	939.56536	5.136943914	99989.64066	0	0
neutron	939.56536	3.370071934	99989.64066	0	0
neutron	939.56536	2.287842451	99989.64066	0	0
S32	29773.62828	0.558775346	99989.64066	0	0
neutron	939.56536	0.4254210578	99989.37847	0	0
Ne22	20479.73746	0.2930418662	99989.37847	0	0
proton	938.272013	21.03162942	99990.10465	0	0
neutron	939.56536	7.114620968	99990.10465	0	0
P33	30705.30994	0.2503080173	99990.10465	0	0
Ne23	21414.10216	0.2309088474	99988.74054	0	0
neutron	939.56536	6.492173805	99989.06958	0	0
neutron	939.56536	2.236175692	99989.06958	0	0
deuteron	1875.613	10.52292646	99989.06958	0	0
alpha	3727.379	6.921197983	99989.06958	0	0
N15	13968.93638	2.662031443	99989.06958	0	0
Ne23	21414.10216	0.2051208279	99988.59472	0	0
Ne23	21414.10216	0.2284962112	99988.98597	0	0
proton	938.272013	18.71941765	99989.09848	0	0
neutron	939.56536	16.41641558	99989.09848	0	0
neutron	939.56536	4.822536648	99989.09848	0	0
neutron	939.56536	2.298237129	99989.09848	0	0
P31	28844.21869	0.4810859607	99989.09848	0	0
S35	32565.27968	0.156856835	99990.4065	0	0
neutron	939.56536	0.9760927431	99989.35322	0	0
neutron	939.56536	0.4713246262	99989.35322	0	0
S35	32565.27968	0.07906064475	99989.35322	0	0
proton	938.272013	15.55831014	99989.75045	0	0
proton	938.272013	7.971242354	99989.75045	0	0
neutron	939.56536	4.652798161	99989.75045	0	0
neutron	939.56536	0.288867563	99989.75045	0	0
O19	17697.63348	3.298106288	99989.75045	0	0
neutron	939.56536	0.156554851	99990.05115	0	0
S36	33494.9558	0.1777827642	99990.05115	0	0
neutron	939.56536	22.07864565	99989.54767	0	0
proton	938.272013	3.714070861	99989.54767	0	0
neutron	939.56536	3.177057406	99989.54767	0	0
P32	29775.84838	0.1096853957	99989.54767	0	0
neutron	939.56536	0.1310454783	99989.24	0	0
S36	33494.9558	0.117645462	99989.24	0	0
Ne23	21414.10216	0.2257981304	99989.12428	0	0
neutron	939.56536	13.505445	99989.69712	0	0
alpha	3727.379	10.49329375	99989.69712	0	0
Si30	27913.24182	3.576358745	99989.69712	0	0
Ne23	21414.10216	0.215290906	99989.29737	0	0
neutron	939.56536	0.9048758901	99989.34799	0	0
neutron	939.56536	0.5515355309	99989.34799	0	0
S33	30704.55199	0.1296129314	99989.34799	0	0
Ne23	21414.10216	0.2317163517	99989.1136	0	0
neutron	939.56536	41.52990053	99989.16284	0	0
proton	938.272013	24.22514952	99989.16284	0	0
F21	19556.73074	0.174432536	99989.16284	0	0
Ne23	21414.10216	0.2309146845	99988.95553	0	0
neutron	939.56536	1.058783216	99989.47716	0	0
S34	31632.70018	0.298302312	99989.47716	0	0
neutron	939.56536	1.28812944	99988.74298	0	0
S34	31632.70018	0.1214531884	99988.74298	0	0
S35	32565.27968	0.1527527909	99989.10961	0	0
neutron	939.56536	0.05025773579	99989.48064	0	0
Ne22	20479.73746	0.2050914104	99989.48064	0	0
neutron	939.56536	13.05303644	99989.27138	0	0
neutron	939.56536	8.268523907	99989.27138	0	0
neutron	939.56536	1.411355608	99989.27138	0	0
alpha	3727.379	5.966603737	99989.27138	0	0
Si28	26053.19393	3.273234545	99989.27138	0	0
neutron	939.56536	3.358255964	99988.54881	0	0
S34	31632.70018	0.08524195776	99988.54881	0	0
neutron	939.56536	15.82968414	99989.29275	0	0
neutron	939.56536	5.580201689	99989.29275	0	0
neutron	939.56536	3.423548439	99989.29275	0	0
alpha	3727.379	3.758771952	99989.29275	0	0
O16	14895.08153	2.426573963	99989.29275	0	0
neutron	939.56536	0.427903054	99989.18002	0	0
Ne22	20479.73746	0.1601979084	99989.18002	0	0
neutron	939.56536	9.220438863	99989.37904	0	0
neutron	939.56536	5.514832063	99989.37904	0	0
neutron	939.56536	2.881384819	99989.37904	0	0
S34	31632.70018	0.7841122998	99989.37904	0	0
Ne23	21414.10216	0.2345866571	99989.36697	0	0
neutron	939.56536	25.9910292	99988.67449	0	0
neutron	939.56536	1.105637152	99988.67449	0	0
alpha	3727.379	8.536187911	99988.67449	0	0
Si29	26984.28567	3.178857546	99988.67449	0	0
neutron	939.56536	8.031195144	99989.60681	0	0
proton	938.272013	7.44595144	99989.60681	0	0
neutron	939.56536	4.848895062	99989.60681	0	0
neutron	939.56536	3.391875637	99989.60681	0	0
neutron	939.56536	2.14313227	99989.60681	0	0
P32	29775.84838	0.1756735551	99989.60681	0	0
neutron	939.56536	1.018711864	99988.60522	0	0
S36	33494.9558	0.09586355718	99988.60522	0	0
neutron	939.56536	11.00425153	99989.16066	0	0
neutron	939.56536	4.453547712	99989.16066	0	0
neutron	939.56536	0.8972863672	99989.16066	0	0
Ne20	18617.73218	1.007177965	99989.16066	0	0
neutron	939.56536	0.8817719438	99989.31846	0	0
Ne22	20479.73746	0.07128352816	99989.31846	0	0
proton	938.272013	4.455387271	99988.5781	0	0
neutron	939.56536	3.403740452	99988.5781	0	0
P33	30705.30994	0.2578712654	99988.5781	0	0
neutron	939.56536	3.642905069	99988.77365	0	0
neutron	939.56536	0.9951158537	99988.77365	0	0
neutron	939.56536	0.5875217193	99988.77365	0	0
S32	29773.62828	0.0460314478	99988.77365	0	0
proton	938.272013	8.57542409	99988.81911	0	0
neutron	939.56536	4.091108958	99988.81911	0	0
neutron	939.56536	1.89504454	99988.81911	0	0
deuteron	1875.613	3.709193557	99988.81911	0	0
Si30	27913.24182	0.6119614978	99988.81911	0	0
neutron	939.56536	17.80464024	99988.93548	0	0
neutron	939.56536	8.472478883	99988.93548	0	0
neutron	939.56536	4.716080885	99988.93548	0	0
neutron	939.56536	4.394907772	99988.93548	0	0
neutron	939.56536	0.7331516669	99988.93548	0	0
S32	29773.62828	0.1366723315	99988.93548	0	0
S35	32565.27968	0.1472870632	99988.57089	0	0
neutron	939.56536	5.153507033	99989.45385	0	0
neutron	939.56536	2.955114337	99989.45385	0	0
proton	938.272013	2.545850788	99989.45385	0	0
neutron	939.56536	1.353279874	99989.45385	0	0
P31	28844.21869	0.07555825973	99989.45385	0	0
neutron	939.56536	0.9474270922	99989.25429	0	0
S34	31632.70018	0.1596400793	99989.25429	0	0
neutron	939.56536	0.6759673853	99989.04091	0	0
S34	31632.70018	0.1194170634	99989.04091	0	0
Ne23	21414.10216	0.2132103439	99989.27755	0	0
neutron	939.56536	4.070573774	99988.51573	0	0
S34	31632.70018	0.2697787784	99988.51573	0	0
S35	32565.27968	0.1493520632	99988.86299	0	0
neutron	939.56536	2.18176786	99988.57386	0	0
Ne22	20479.73746	0.4740002014	99988.57386	0	0
neutron	939.56536	1.745458581	99989.24897	0	0
S36	33494.9558	0.2360416105	99989.24897	0	0
neutron	939.56536	2.81710601	99989.98194	0	0
S34	31632.70018	0.2064715441	99989.98194	0	0
neutron	939.56536	30.6536103	99989.71248	0	0
proton	938.272013	12.43762661	99989.71248	0	0
neutron	939.56536	1.78685975	99989.71248	0	0
P32	29775.84838	2.055678738	99989.71248	0	0
neutron	939.56536	0.8546454147	99989.109	0	0
S34	31632.70018	0.1830235796	99989.109	0	0
neutron	939.56536	0.7642648373	99988.2652	0	0
Ne22	20479.73746	0.3424335383	99988.2652	0	0
Ne23	21414.10216	0.2288796698	99988.88493	0	0
neutron	939.56536	1.367821177	99989.05027	0	0
neutron	939.56536	0.8671295827	99989.05027	0	0
S33	30704.55199	0.1331520937	99989.05027	0	0
neutron	939.56536	35.68616601	99989.34743	0	0
neutron	939.56536	20.90728666	99989.34743	0	0
neutron	939.56536	2.159552795	99989.34743	0	0
S34	31632.70018	0.1702402418	99989.34743	0	0
neutron	939.56536	5.162335895	99989.08487	0	0
proton	938.272013	3.228231774	99989.08487	0	0
neutron	939.56536	0.07978233606	99989.08487	0	0
P32	29775.84838	0.454887487	99989.08487	0	0
neutron	939.56536	0.7871903957	99989.77415	0	0
S34	31632.70018	0.23777146	99989.77415	0	0
S37	34430.21755	0.1247634646	99989.29791	0	0
Ne23	21414.10216	0.2187725565	99989.35204	0	0
neutron	939.56536	0.5638636753	99990.00337	0	0
S36	33494.9558	0.1215716336	99990.00337	0	0
S35	32565.27968	0.1538410916	99989.0864	0	0
S37	34430.21755	0.142570684	99989.17474	0	0
proton	938.272013	33.36252564	99988.99603	0	0
neutron	939.56536	9.47038039	99988.99603	0	0
proton	938.272013	2.454944349	99988.99603	0	0
Si32	29776.58515	0.6558051351	99988.99603	0	0
S35	32565.27968	0.1587768769	99988.83791	0	0
S35	32565.27968	0.1445828366	99988.76027	0	0
proton	938.272013	21.85762523	99990.62616	0	0
neutron	939.56536	15.35280992	99990.62616	0	0
P35	32569.77755	0.4414290663	99990.62616	0	0
neutron	939.56536	3.222561943	99988.98036	0	0
neutron	939.56536	1.35161866	99988.98036	0	0
Ne21	19550.53637	0.17574949	99988.98036	0	0
neutron	939.56536	1.594949357	99989.01111	0	0
S34	31632.70018	0.2002992546	99989.01111	0	0
neutron	939.56536	1.915126235	99989.62166	0	0
S34	31632.70018	0.2117641702	99989.62166	0	0
neutron	939.56536	1.192699466	99989.35233	0	0
S34	31632.70018	0.05786940463	99989.35233	0	0
proton	938.272013	23.7380298	99989.0297	0	0
neutron	939.56536	11.39232566	99989.0297	0	0
neutron	939.56536	1.001436177	99989.0297	0	0
F20	18625.26686	2.369807795	99989.0297	0	0
neutron	939.56536	31.39380268	99989.00718	0	0
neutron	939.56536	0.1562490317	99989.00718	0	0
S35	32565.27968	0.6920007303	99989.00718	0	0
Ne23	21414.10216	0.2336347359	99988.87478	0	0
neutron	939.56536	1.348443175	99989.53159	0	0
S36	33494.9558	0.1615068632	99989.53159	0	0
neutron	939.56536	11.31073796	99989.21715	0	0
proton	938.272013	6.624213473	99989.21715	0	0
proton	938.272013	3.096917054	99989.21715	0	0
neutron	939.56536	2.6732797	99989.21715	0	0
neutron	939.56536	1.878733483	99989.21715	0	0
alpha	3727.379	14.01444168	99989.21715	0	0
Mg26	24196.50368	0.3251283356	99989.21715	0	0
neutron	939.56536	3.81966677	99989.29455	0	0
neutron	939.56536	1.321181768	99989.29455	0	0
neutron	939.56536	0.7583045956	99989.29455	0	0
Ne20	18617.73218	0.6362975037	99989.29455	0	0
neutron	939.56536	1.736227295	99989.52094	0	0
Ne22	20479.73746	0.3855105581	99989.52094	0	0
neutron	939.56536	34.37002694	99989.17667	0	0
neutron	939.56536	3.136646849	99989.17667	0	0
neutron	939.56536	0.7884083266	99989.17667	0	0
alpha	3727.379	6.479616407	99989.17667	0	0
O16	14895.08153	3.009966702	99989.17667	0	0
neutron	939.56536	0.7125849426	99989.26772	0	0
S34	31632.70018	0.13562358	99989.26772	0	0
proton	938.272013	10.38683727	99989.00311	0	0
neutron	939.56536	6.798088911	99989.00311	0	0
neutron	939.56536	1.3385877	99989.00311	0	0
neutron	939.56536	0.979710879	99989.00311	0	0
F19	17692.30285	0.8820156864	99989.00311	0	0
neutron	939.56536	0.60642551	99989.04229	0	0
S34	31632.70018	0.1047704776	99989.04229	0	0
neutron	939.56536	6.851795328	99989.60116	0	0
neutron	939.56536	5.554845476	99989.60116	0	0
neutron	939.56536	4.46665512	99989.60116	0	0
Ne20	18617.73218	0.636143281	99989.60116	0	0
neutron	939.56536	1.386101054	99988.80093	0	0
S34	31632.70018	0.03768059102	99988.80093	0	0
neutron	939.56536	15.37993239	99989.18004	0	0
neutron	939.56536	1.67933215	99989.18004	0	0
neutron	939.56536	1.275418481	99989.18004	0	0
S32	29773.62828	0.6495977573	99989.18004	0	0
proton	938.272013	2.684417294	99989.16211	0	0
neutron	939.56536	0.5328278891	99989.16211	0	0
P33	30705.30994	0.0510080448	99989.16211	0	0
S35	32565.27968	0.1606815834	99989.21559	0	0
neutron	939.56536	2.907962495	99989.3954	0	0
S34	31632.70018	0.3522920859	99989.3954	0	0
neutron	939.56536	3.022581337	99989.0628	0	0
Ne22	20479.73746	0.2885278553	99989.0628	0	0
proton	938.272013	34.80975608	99988.42353	0	0
neutron	939.56536	4.176431354	99988.42353	0	0
neutron	939.56536	2.681790378	99988.42353	0	0
P32	29775.84838	1.140193144	99988.42353	0	0
neutron	939.56536	4.942972824	99988.84393	0	0
neutron	939.56536	3.975348422	99988.84393	0	0
proton	938.272013	3.205407233	99988.84393	0	0
neutron	939.56536	1.97678905	99988.84393	0	0
P31	28844.21869	0.06674524077	99988.84393	0	0
neutron	939.56536	3.36084272	99989.66969	0	0
S34	31632.70018	0.1129392621	99989.66969	0	0
S35	32565.27968	0.1560621934	99989.52906	0	0
proton	938.272013	7.914876039	99989.50989	0	0
neutron	939.56536	5.885213979	99989.50989	0	0
neutron	939.56536	0.4793037344	99989.50989	0	0
P34	31638.59261	0.1970150659	99989.50989	0	0
neutron	939.56536	0.9132964557	99989.52523	0	0
S34	31632.70018	0.2362256944	99989.52523	0	0
neutron	939.56536	1.729950184	99989.40112	0	0
S34	31632.70018	0.2075044129	99989.40112	0	0
neutron	939.56536	7.999378687	99988.75455	0	0
proton	938.272013	5.000370784	99988.75455	0	0
neutron	939.56536	4.544886883	99988.75455	0	0
P32	29775.84838	0.5643134942	99988.75455	0	0
S37	34430.21755	0.1294747859	99990.48129	0	0
proton	938.272013	11.72158064	99989.23008	0	0
neutron	939.56536	8.536527068	99989.23008	0	0
proton	938.272013	3.428373217	99989.23008	0	0
neutron	939.56536	2.903595964	99989.23008	0	0
neutron	939.56536	0.1434317113	99989.23008	0	0
Si30	27913.24182	1.111500139	99989.23008	0	0
neutron	939.56536	4.024467851	99990.16343	0	0
neutron	939.56536	0.8696815652	99990.16343	0	0
alpha	3727.379	10.26007658	99990.16343	0	0
Si29	26984.28567	0.9461756156	99990.16343	0	0
neutron	939.56536	2.084876025	99989.73255	0	0
neutron	939.56536	1.083592668	99989.73255	0	0
neutron	939.56536	0.762538392	99989.73255	0	0
Ne20	18617.73218	0.1762990536	99989.73255	0	0
Ne23	21414.10216	0.225896133	99989.98387	0	0
proton	938.272013	46.71862138	99989.35055	0	0
neutron	939.56536	2.458099393	99989.35055	0	0
neutron	939.56536	0.6703293631	99989.35055	0	0
P32	29775.84838	1.094266036	99989.35055	0	0
neutron	939.56536	0.4009874479	99989.07304	0	0
S34	31632.70018	0.1240439116	99989.07304	0	0
Ne23	21414.10216	0.2295315628	99988.75703	0	0
neutron	939.56536	16.87313358	99988.47764	0	0
neutron	939.56536	3.685901321	99988.47764	0	0
neutron	939.56536	3.163637923	99988.47764	0	0
proton	938.272013	2.398057764	99988.47764	0	0
P31	28844.21869	0.9138152444	99988.47764	0	0
S37	34430.21755	0.1390625067	99989.17333	0	0
neutron	939.56536	2.64594409	99989.17409	0	0
S34	31632.70018	0.09053126562	99989.17409	0	0
neutron	939.56536	1.056455788	99988.77472	0	0
S34	31632.70018	0.09946494448	99988.77472	0	0
neutron	939.56536	1.029402594	99988.6654	0	0
S34	31632.70018	0.2626036963	99988.6654	0	0
neutron	939.56536	0.07102217536	99989.57709	0	0
S34	31632.70018	0.1282013928	99989.57709	0	0
neutron	939.56536	2.368739563	99989.14149	0	0
S34	31632.70018	0.1702413102	99989.14149	0	0
neutron	939.56536	4.510100299	99989.39949	0	0
neutron	939.56536	2.939562614	99989.39949	0	0
S33	30704.55199	0.08409944892	99989.39949	0	0
neutron	939.56536	3.961509725	99989.25568	0	0
neutron	939.56536	3.413765651	99989.25568	0	0
S35	32565.27968	0.1391425192	99989.25568	0	0
neutron	939.56536	7.957270965	99989.75377	0	0
neutron	939.56536	2.203388666	99989.75377	0	0
S35	32565.27968	0.02706467892	99989.75377	0	0
S35	32565.27968	0.16784402	99989.44342	0	0
S35	32565.27968	0.1531732497	99989.71444	0	0
Ne23	21414.10216	0.216343902	99989.24484	0	0
neutron	939.56536	0.71096188	99988.62112	0	0
Ne22	20479.73746	0.2188880283	99988.62112	0	0
S35	32565.27968	0.1471444649	99988.8972	0	0
neutron	939.56536	1.455276741	99989.25335	0	0
S34	31632.70018	0.05600691259	99989.25335	0	0
neutron	939.56536	11.55247658	99989.72136	0	0
neutron	939.56536	11.28930356	99989.72136	0	0
neutron	939.56536	4.364353997	99989.72136	0	0
alpha	3727.379	6.24621856	99989.72136	0	0
O16	14895.08153	3.88948707	99989.72136	0	0
neutron	939.56536	0.4471221246	99989.05546	0	0
S36	33494.9558	0.1417444455	99989.05546	0	0
neutron	939.56536	1.781753651	99989.12089	0	0
S36	33494.9558	0.1969936425	99989.12089	0	0
neutron	939.56536	16.391357	99989.58207	0	0
proton	938.272013	7.639080587	99989.58207	0	0
neutron	939.56536	1.617702725	99989.58207	0	0
neutron	939.56536	0.6118738344	99989.58207	0	0
P31	28844.21869	1.452143916	99989.58207	0	0
neutron	939.56536	7.368773705	99989.0842	0	0
neutron	939.56536	0.2755909885	99989.0842	0	0
S33	30704.55199	0.2737843522	99989.0842	0	0
neutron	939.56536	5.827921056	99988.76688	0	0
neutron	939.56536	2.613228158	99988.76688	0	0
neutron	939.56536	2.110713753	99988.76688	0	0
S34	31632.70018	0.05940980951	99988.76688	0	0
neutron	939.56536	1.184529039	99990.66896	0	0
S34	31632.70018	0.05668577078	99990.66896	0	0
S35	32565.27968	0.1681434603	99989.37067	0	0
neutron	939.56536	2.501186738	99988.95904	0	0
S36	33494.9558	0.01595831772	99988.95904	0	0
neutron	939.56536	1.406736998	99989.31238	0	0
Ne22	20479.73746	0.2493883383	99989.31238	0	0
neutron	939.56536	2.512647897	99989.35546	0	0
Ne22	20479.73746	0.03047825446	99989.35546	0	0
S37	34430.21755	0.1439203655	99988.50726	0	0
neutron	939.56536	37.21285234	99990.30515	0	0
proton	938.272013	6.188149168	99990.30515	0	0
neutron	939.56536	2.381477742	99990.30515	0	0
neutron	939.56536	1.089718201	99990.30515	0	0
P31	28844.21869	2.534414722	99990.30515	0	0
Ne23	21414.10216	0.2213255198	99989.95807	0	0
Ne23	21414.10216	0.2167289703	99988.52046	0	0
neutron	939.56536	0.8321065703	99989.08116	0	0
S34	31632.70018	0.1030229893	99989.08116	0	0
neutron	939.56536	4.562434445	99989.36139	0	0
proton	938.272013	3.411305194	99989.36139	0	0
neutron	939.56536	3.339787128	99989.36139	0	0
neutron	939.56536	1.793499848	99989.36139	0	0
alpha	3727.379	10.56582518	99989.36139	0	0
Al27	25126.50566	1.927896102	99989.36139	0	0
neutron	939.56536	0.5430984454	99988.79689	0	0
S34	31632.70018	0.1985749415	99988.79689	0	0
neutron	939.56536	0.1997677295	99989.10166	0	0
Ne22	20479.73746	0.1733800898	99989.10166	0	0
neutron	939.56536	2.726730612	99989.71601	0	0
S34	31632.70018	0.1324035645	99989.71601	0	0
neutron	939.56536	9.906673229	99989.59161	0	0
neutron	939.56536	3.040898629	99989.59161	0	0
neutron	939.56536	1.770479315	99989.59161	0	0
S32	29773.62828	0.5902018894	99989.59161	0	0
neutron	939.56536	9.380802475	99988.81249	0	0
proton	938.272013	3.153302083	99988.81249	0	0
triton	2808.921	2.620574545	99988.81249	0	0
O18	16762.02378	0.3757062306	99988.81249	0	0
neutron	939.56536	11.92069978	99989.19202	0	0
neutron	939.56536	4.15726668	99989.19202	0	0
neutron	939.56536	4.134347906	99989.19202	0	0
S34	31632.70018	0.3144187034	99989.19202	0	0
neutron	939.56536	0.3612277771	99989.3567	0	0
Ne22	20479.73746	0.1382395844	99989.3567	0	0
S35	32565.27968	0.1626335973	99989.07764	0	0
neutron	939.56536	0.3306691039	99989.58165	0	0
S34	31632.70018	0.2192630955	99989.58165	0	0
neutron	939.56536	16.74449174	99988.96458	0	0
neutron	939.56536	2.15112279	99988.96458	0	0
neutron	939.56536	1.565144697	99988.96458	0	0
S32	29773.62828	0.5571439408	99988.96458	0	0
S35	32565.27968	0.1494643988	99989.00593	0	0
neutron	939.56536	0.5161227941	99989.38557	0	0
S34	31632.70018	0.1925872511	99989.38557	0	0
S35	32565.27968	0.1380873832	99989.13944	0	0
Ne23	21414.10216	0.2062814847	99989.30355	0	0
neutron	939.56536	25.13436291	99988.98378	0	0
proton	938.272013	20.104826	99988.98378	0	0
neutron	939.56536	0.358463796	99988.98378	0	0
P32	29775.84838	0.1130122054	99988.98378	0	0
neutron	939.56536	9.679969816	99988.54014	0	0
neutron	939.56536	2.07631918	99988.54014	0	0
alpha	3727.379	9.904411814	99988.54014	0	0
Si29	26984.28567	1.835781263	99988.54014	0	0
neutron	939.56536	1.077246481	99988.91714	0	0
S34	31632.70018	0.266162103	99988.91714	0	0
proton	938.272013	10.44909661	99989.39837	0	0
neutron	939.56536	3.997825573	99989.39837	0	0
neutron	939.56536	0.3899543084	99989.39837	0	0
neutron	939.56536	0.03533532234	99989.39837	0	0
P31	28844.21869	1.09095488	99989.39837	0	0
neutron	939.56536	0.4766330299	99989.01893	0	0
Ne22	20479.73746	0.1594675316	99989.01893	0	0
neutron	939.56536	2.100687236	99989.00184	0	0
S34	31632.70018	0.3404969281	99989.00184	0	0
neutron	939.56536	5.044252053	99988.93794	0	0
neutron	939.56536	1.391543815	99988.93794	0	0
alpha	3727.379	9.807161943	99988.93794	0	0
Si29	26984.28567	0.6524416431	99988.93794	0	0
neutron	939.56536	0.6151610761	99988.55295	0	0
S34	31632.70018	0.1000935865	99988.55295	0	0
neutron	939.56536	0.8558553404	99989.42641	0	0
S34	31632.70018	0.2264433685	99989.42641	0	0
neutron	939.56536	17.47281472	99988.89006	0	0
proton	938.272013	7.400778799	99988.89006	0	0
neutron	939.56536	1.523737196	99988.89006	0	0
F20	18625.26686	0.7604411577	99988.89006	0	0
neutron	939.56536	0.09046052891	99988.83927	0	0
S34	31632.70018	0.1808665954	99988.83927	0	0
S37	34430.21755	0.1426586381	99988.81247	0	0
neutron	939.56536	0.196419281	99988.75815	0	0
S34	31632.70018	0.1105917753	99988.75815	0	0
neutron	939.56536	8.825403713	99988.93155	0	0
neutron	939.56536	8.584772773	99988.93155	0	0
proton	938.272013	6.300587196	99988.93155	0	0
neutron	939.56536	2.261024131	99988.93155	0	0
alpha	3727.379	3.944928514	99988.93155	0	0
N15	13968.93638	1.046273597	99988.93155	0	0
Ne23	21414.10216	0.225734195	99993.72618	0	0
proton	938.272013	24.09347534	99989.0871	0	0
P34	31638.59261	0.9986017751	99989.0871	0	0
neutron	939.56536	0.7550447049	99988.84968	0	0
S34	31632.70018	0.2730562202	99988.84968	0	0
Na23	21409.21625	0.1700541936	99995.14648	12.44985649	12.26579422
neutron	939.56536	6.894933428	99995.78847	0	0
neutron	939.56536	6.819493518	99995.78847	0	0
S35	32565.27968	0.4778256075	99995.78847	0	0
neutron	939.56536	1.568488244	99989.24868	0	0
Ne22	20479.73746	0.2666196989	99989.24868	0	0
S37	34430.21755	0.1335872294	99988.81865	0	0
neutron	939.56536	0.9841573319	99989.04541	0	0
Ne22	20479.73746	0.3114746978	99989.04541	0	0
neutron	939.56536	1.798360474	99989.62613	0	0
neutron	939.56536	1.582876825	99989.62613	0	0
S33	30704.55199	0.05329934663	99989.62613	0	0
neutron	939.56536	0.5484775926	99989.21397	0	0
S34	31632.70018	0.09742228188	99989.21397	0	0
neutron	939.56536	9.990770413	99989.64669	0	0
neutron	939.56536	7.525937739	99989.64669	0	0
neutron	939.56536	1.029018196	99989.64669	0	0
Ne20	18617.73218	0.4723988514	99989.64669	0	0
neutron	939.56536	7.459817628	99989.19186	0	0
neutron	939.56536	0.6157757213	99989.19186	0	0
Ne21	19550.53637	0.2978540126	99989.19186	0	0
neutron	939.56536	1.915006001	99989.15407	0	0
S34	31632.70018	0.2667071466	99989.15407	0	0
neutron	939.56536	18.30916482	99989.8708	0	0
neutron	939.56536	3.228121273	99989.8708	0	0
neutron	939.56536	0.7227827858	99989.8708	0	0
S34	31632.70018	0.2161934796	99989.8708	0	0
neutron	939.56536	2.65210848	99989.95707	0	0
S34	31632.70018	0.03663270018	99989.95707	0	0
neutron	939.56536	2.264535658	99989.10372	0	0
S34	31632.70018	0.03619918537	99989.10372	0	0
Ne23	21414.10216	0.2278823643	99989.05268	0	0
Ne23	21414.10216	0.2266536045	99989.75067	0	0
neutron	939.56536	1.842313995	99989.48869	0	0
neutron	939.56536	0.5684947901	99989.48869	0	0
alpha	3727.379	7.7723284	99989.48869	0	0
Si29	26984.28567	1.50466026	99989.48869	0	0
neutron	939.56536	6.480852806	99988.88406	0	0
neutron	939.56536	1.452922857	99988.88406	0	0
Ne21	19550.53637	0.2259095952	99988.88406	0	0
S35	32565.27968	0.1444081439	99990.28124	0	0
neutron	939.56536	5.864918528	99989.22016	0	0
neutron	939.56536	4.784970796	99989.22016	0	0
neutron	939.56536	1.27250382	99989.22016	0	0
Ne20	18617.73218	0.3130161245	99989.22016	0	0
neutron	939.56536	32.05487085	99989.60068	0	0
neutron	939.56536	9.673505331	99989.60068	0	0
neutron	939.56536	1.907637557	99989.60068	0	0
alpha	3727.379	6.513172748	99989.60068	0	0
O16	14895.08153	2.028020638	99989.60068	0	0
neutron	939.56536	15.78832787	99989.84792	0	0
neutron	939.56536	0.2949771133	99989.84792	0	0
deuteron	1875.613	5.864172716	99989.84792	0	0
F19	17692.30285	0.2636063584	99989.84792	0	0
neutron	939.56536	1.598104818	99989.04687	0	0
S34	31632.70018	0.2424298616	99989.04687	0	0
Ne23	21414.10216	0.2146766573	99989.07416	0	0
Ne23	21414.10216	0.2220664052	99989.51489	0	0
neutron	939.56536	4.813712692	99989.34072	0	0
proton	938.272013	1.923982792	99989.34072	0	0
triton	2808.921	3.922700888	99989.34072	0	0
Si32	29776.58515	1.087664731	99989.34072	0	0
proton	938.272013	10.61441558	99988.73582	0	0
neutron	939.56536	6.624588896	99988.73582	0	0
proton	938.272013	4.661857818	99988.73582	0	0
neutron	939.56536	3.824836588	99988.73582	0	0
neutron	939.56536	0.6050352221	99988.73582	0	0
O18	16762.02378	1.818622145	99988.73582	0	0
S37	34430.21755	0.1393328466	99988.55941	0	0
neutron	939.56536	24.88161808	99989.36077	0	0
neutron	939.56536	18.80752522	99989.36077	0	0
neutron	939.56536	1.71283223	99989.36077	0	0
Ne20	18617.73218	2.167049267	99989.36077	0	0
S37	34430.21755	0.1398032923	99989.51905	0	0
neutron	939.56536	0.8705514559	99988.78601	0	0
Ne22	20479.73746	0.3380932791	99988.78601	0	0
Ne23	21414.10216	0.2321135375	99989.72472	0	0
neutron	939.56536	5.274448824	99988.79934	0	0
S34	31632.70018	0.3433207068	99988.79934	0	0
S35	32565.27968	0.1534174758	99989.70434	0	0
neutron	939.56536	45.05829739	99989.80681	0	0
proton	938.272013	3.260100913	99989.80681	0	0
neutron	939.56536	2.549802405	99989.80681	0	0
neutron	939.56536	0.1897551601	99989.80681	0	0
P31	28844.21869	1.271504738	99989.80681	0	0
neutron	939.56536	1.444214744	99989.2696	0	0
S34	31632.70018	0.09240649502	99989.2696	0	0
neutron	939.56536	1.181784229	99988.66268	0	0
S34	31632.70018	0.2984611278	99988.66268	0	0
neutron	939.56536	34.71292392	99989.43379	0	0
Ne22	20479.73746	1.29535264	99989.43379	0	0
neutron	939.56536	3.488031986	99989.05169	0	0
neutron	939.56536	0.945224058	99989.05169	0	0
Ne21	19550.53637	0.5197367586	99989.05169	0	0
S35	32565.27968	0.1522503995	99989.25222	0	0
neutron	939.56536	2.58504176	99988.60286	0	0
S34	31632.70018	0.1260049398	99988.60286	0	0
neutron	939.56536	0.6169585773	99988.8717	0	0
S34	31632.70018	0.1777711029	99988.8717	0	0
proton	938.272013	6.088533045	99989.0955	0	0
proton	938.272013	3.484997865	99989.0955	0	0
neutron	939.56536	2.055291457	99989.0955	0	0
Si32	29776.58515	0.08612975517	99989.0955	0	0
neutron	939.56536	0.2126266563	99989.56277	0	0
S34	31632.70018	0.1385483521	99989.56277	0	0
proton	938.272013	9.053468148	99989.14687	0	0
neutron	939.56536	7.658149762	99989.14687	0	0
neutron	939.56536	3.819691132	99989.14687	0	0
neutron	939.56536	2.736622022	99989.14687	0	0
P31	28844.21869	0.08752976513	99989.14687	0	0
neutron	939.56536	0.1739181823	99989.11566	0	0
S34	31632.70018	0.1607100795	99989.11566	0	0
neutron	939.56536	0.2960708214	99988.86182	0	0
Ne22	20479.73746	0.1503749025	99988.86182	0	0
neutron	939.56536	1.52394704	99989.10389	0	0
neutron	939.56536	0.1510870002	99989.10389	0	0
triton	2808.921	4.462645031	99989.10389	0	0
P32	29775.84838	0.5837711391	99989.10389	0	0
S35	32565.27968	0.1464037607	99989.84098	0	0
neutron	939.56536	28.04419378	99988.80521	0	0
neutron	939.56536	6.921909849	99988.80521	0	0
neutron	939.56536	1.3746522	99988.80521	0	0
S32	29773.62828	0.8377160269	99988.80521	0	0
proton	938.272013	38.65832822	99989.14086	0	0
neutron	939.56536	11.23785267	99989.14086	0	0
neutron	939.56536	1.426102668	99989.14086	0	0
neutron	939.56536	0.5195962378	99989.14086	0	0
P31	28844.21869	0.7655113485	99989.14086	0	0
S37	34430.21755	0.1434248577	99989.01706	0	0
neutron	939.56536	0.2069091421	99988.77848	0	0
S34	31632.70018	0.1718945392	99988.77848	0	0
neutron	939.56536	3.884415737	99988.70791	0	0
S34	31632.70018	0.02751798216	99988.70791	0	0
S35	32565.27968	0.1592150027	99988.55517	0	0
neutron	939.56536	3.128933716	99989.29928	0	0
proton	938.272013	2.322919037	99989.29928	0	0
neutron	939.56536	0.7604687686	99989.29928	0	0
P32	29775.84838	0.2052154811	99989.29928	0	0
neutron	939.56536	7.059024833	99989.0296	0	0
neutron	939.56536	6.928521489	99989.0296	0	0
neutron	939.56536	3.100910927	99989.0296	0	0
proton	938.272013	2.703844445	99989.0296	0	0
P31	28844.21869	0.2908768015	99989.0296	0	0
neutron	939.56536	1.737674634	99988.72667	0	0
neutron	939.56536	1.457984022	99988.72667	0	0
neutron	939.56536	1.215922414	99988.72667	0	0
neutron	939.56536	0.7726431684	99988.72667	0	0
S33	30704.55199	0.09879799098	99988.72667	0	0
neutron	939.56536	4.883477	99989.55894	0	0
proton	938.272013	3.006211693	99989.55894	0	0
P33	30705.30994	0.237446884	99989.55894	0	0
neutron	939.56536	26.35095663	99989.26602	0	0
neutron	939.56536	8.036179339	99989.26602	0	0
proton	938.272013	3.558802364	99989.26602	0	0
proton	938.272013	2.310131982	99989.26602	0	0
neutron	939.56536	1.104167365	99989.26602	0	0
Si30	27913.24182	0.4224628149	99989.26602	0	0
S35	32565.27968	0.1674383623	99988.60066	0	0
neutron	939.56536	0.08886372014	99988.6175	0	0
S36	33494.9558	0.1245478603	99988.6175	0	0
neutron	939.56536	1.071023801	99989.06707	0	0
alpha	3727.379	8.026389576	99989.06707	0	0
Si30	27913.24182	1.515821378	99989.06707	0	0
proton	938.272013	5.392886155	99989.48013	0	0
neutron	939.56536	1.557348469	99989.48013	0	0
neutron	939.56536	0.05849719249	99989.48013	0	0
P32	29775.84838	0.2613171959	99989.48013	0	0
neutron	939.56536	2.504272493	99989.4745	0	0
neutron	939.56536	1.792089363	99989.4745	0	0
neutron	939.56536	0.9870624495	99989.4745	0	0
alpha	3727.379	5.498614404	99989.4745	0	0
alpha	3727.379	6.334550018	99989.4745	0	0
C12	11174.86339	1.443708947	99989.4745	0	0
neutron	939.56536	34.60219714	99989.10469	0	0
proton	938.272013	3.086077774	99989.10469	0	0
neutron	939.56536	2.311799068	99989.10469	0	0
P32	29775.84838	0.6873376123	99989.10469	0	0
neutron	939.56536	1.922374942	99988.41179	0	0
neutron	939.56536	0.5685979679	99988.41179	0	0
S33	30704.55199	0.0131301798	99988.41179	0	0
neutron	939.56536	0.551758446	99989.50367	0	0
S34	31632.70018	0.1038281496	99989.50367	0	0
neutron	939.56536	0.6113732051	99988.81305	0	0
S34	31632.70018	0.0626628361	99988.81305	0	0
neutron	939.56536	4.316283254	99989.93651	0	0
S34	31632.70018	0.2629010757	99989.93651	0	0
neutron	939.56536	37.3571591	99989.19606	0	0
neutron	939.56536	20.79534518	99989.19606	0	0
neutron	939.56536	4.378336224	99989.19606	0	0
Ne20	18617.73218	1.442420034	99989.19606	0	0
neutron	939.56536	3.90616511	99988.98161	0	0
neutron	939.56536	0.217220788	99988.98161	0	0
S33	30704.55199	0.3794079416	99988.98161	0	0
neutron	939.56536	3.027008713	99989.38535	0	0
Ne22	20479.73746	0.3368986523	99989.38535	0	0
neutron	939.56536	0.5387590399	99989.49363	0	0
S34	31632.70018	0.1301763597	99989.49363	0	0
neutron	939.56536	0.6568126767	99988.73089	0	0
S34	31632.70018	0.1949289576	99988.73089	0	0
neutron	939.56536	1.733011367	99988.88928	0	0
S34	31632.70018	0.2310096241	99988.88928	0	0
S35	32565.27968	0.141770182	99989.19038	0	0
neutron	939.56536	11.86244754	99989.93705	0	0
S34	31632.70018	0.1869156776	99989.93705	0	0
neutron	939.56536	3.672391185	99989.00094	0	0
neutron	939.56536	3.245104256	99989.00094	0	0
neutron	939.56536	1.157227501	99989.00094	0	0
S32	29773.62828	0.4975701871	99989.00094	0	0
neutron	939.56536	1.747797314	99989.02951	0	0
S36	33494.9558	0.266129498	99989.02951	0	0
neutron	939.56536	11.46441041	99989.14926	0	0
proton	938.272013	4.071946842	99989.14926	0	0
neutron	939.56536	1.884378611	99989.14926	0	0
F20	18625.26686	1.564842436	99989.14926	0	0
S35	32565.27968	0.1645272428	99988.99545	0	0
neutron	939.56536	9.213648573	99988.70282	0	0
neutron	939.56536	5.562067066	99988.70282	0	0
neutron	939.56536	5.051777732	99988.70282	0	0
Ne20	18617.73218	0.3584740931	99988.70282	0	0
neutron	939.56536	0.2302483387	99990.29953	0	0
S34	31632.70018	0.1930831978	99990.29953	0	0
neutron	939.56536	31.07420549	99989.47757	0	0
neutron	939.56536	1.381940747	99989.47757	0	0
neutron	939.56536	0.3882342948	99989.47757	0	0
Ne20	18617.73218	1.618366817	99989.47757	0	0
neutron	939.56536	15.10196035	99989.41679	0	0
neutron	939.56536	2.243814054	99989.41679	0	0
S35	32565.27968	0.9802159193	99989.41679	0	0
S35	32565.27968	0.1555210601	99988.98317	0	0
Ne23	21414.10216	0.2331508853	99989.49928	0	0
Ne23	21414.10216	0.220983022	99989.05896	0	0
neutron	939.56536	8.716027938	99989.6849	0	0
neutron	939.56536	2.934988186	99989.6849	0	0
neutron	939.56536	2.264178518	99989.6849	0	0
S32	29773.62828	0.6913729541	99989.6849	0	0
neutron	939.56536	1.896916819	99988.59714	0	0
Ne22	20479.73746	0.1227987004	99988.59714	0	0
proton	938.272013	3.730095147	99989.94962	0	0
neutron	939.56536	2.268770671	99989.94962	0	0
neutron	939.56536	1.816691869	99989.94962	0	0
P32	29775.84838	0.7507278182	99989.94962	0	0
proton	938.272013	38.11601861	99989.11586	0	0
neutron	939.56536	30.86744741	99989.11586	0	0
P35	32569.77755	1.082401372	99989.11586	0	0
neutron	939.56536	2.671446163	99988.88983	0	0
Ne22	20479.73746	0.2861122948	99988.88983	0	0
Ne23	21414.10216	0.2209591362	99989.40113	0	0
S35	32565.27968	0.1583650866	99988.80399	0	0
neutron	939.56536	1.487071455	99989.2079	0	0
Ne22	20479.73746	0.4048490506	99989.2079	0	0
neutron	939.56536	0.2517738669	99989.20839	0	0
S34	31632.70018	0.205804249	99989.20839	0	0
neutron	939.56536	0.9277587403	99989.21372	0	0
S34	31632.70018	0.08506012241	99989.21372	0	0
neutron	939.56536	1.17233836	99989.81509	0	0
S34	31632.70018	0.1603691057	99989.81509	0	0
neutron	939.56536	1.678547069	99988.91053	0	0
Ne22	20479.73746	0.2323936349	99988.91053	0	0
neutron	939.56536	2.240575386	99989.14615	0	0
neutron	939.56536	0.7799624161	99989.14615	0	0
S33	30704.55199	0.1006590717	99989.14615	0	0
S37	34430.21755	0.1455220304	99989.06852	0	0
S35	32565.27968	0.1472399413	99989.43558	0	0
neutron	939.56536	1.337370032	99989.24753	0	0
S34	31632.70018	0.06538566114	99989.24753	0	0
neutron	939.56536	0.4885451405	99989.96118	0	0
S36	33494.9558	0.0836770915	99989.96118	0	0
neutron	939.56536	19.63441091	99989.07253	0	0
neutron	939.56536	4.752610104	99989.07253	0	0
neutron	939.56536	2.962751756	99989.07253	0	0
alpha	3727.379	6.189073161	99989.07253	0	0
O16	14895.08153	2.402643133	99989.07253	0	0
proton	938.272013	12.97593021	99989.35338	0	0
neutron	939.56536	5.336930648	99989.35338	0	0
neutron	939.56536	5.04600277	99989.35338	0	0
neutron	939.56536	4.260599155	99989.35338	0	0
proton	938.272013	2.770321834	99989.35338	0	0
Si30	27913.24182	2.727495346	99989.35338	0	0
S35	32565.27968	0.1540860815	99989.49314	0	0
neutron	939.56536	3.656728808	99988.90701	0	0
neutron	939.56536	1.791991043	99988.90701	0	0
S33	30704.55199	0.08016097624	99988.90701	0	0
Ne23	21414.10216	0.2293500413	99989.27692	0	0
Ne23	21414.10216	0.2332642637	99988.72292	0	0
neutron	939.56536	11.68132201	99988.67093	0	0
proton	938.272013	4.643380948	99988.67093	0	0
neutron	939.56536	2.912623056	99988.67093	0	0
neutron	939.56536	1.492624721	99988.67093	0	0
P31	28844.21869	0.519503528	99988.67093	0	0
proton	938.272013	8.363834456	99989.06434	0	0
proton	938.272013	6.03723407	99989.06434	0	0
neutron	939.56536	5.352811081	99989.06434	0	0
neutron	939.56536	2.076245414	99989.06434	0	0
neutron	939.56536	1.579195474	99989.06434	0	0
Si32	29776.58515	0.6271560294	99989.06434	0	0
neutron	939.56536	16.90492149	99989.04421	0	0
neutron	939.56536	1.869053217	99989.04421	0	0
neutron	939.56536	0.4922787521	99989.04421	0	0
Ne20	18617.73218	0.9356544377	99989.04421	0	0
neutron	939.56536	4.917651715	99989.25121	0	0
proton	938.272013	3.471029059	99989.25121	0	0
neutron	939.56536	1.482692444	99989.25121	0	0
P32	29775.84838	0.250979728	99989.25121	0	0
Ne23	21414.10216	0.2310998414	99989.80459	0	0
neutron	939.56536	18.22358427	99988.78834	0	0
neutron	939.56536	1.11855396	99988.78834	0	0
S33	30704.55199	0.6099343656	99988.78834	0	0
alpha	3727.379	5.942752892	99990.13242	0	0
Si31	28846.21977	1.322281716	99990.13242	0	0
neutron	939.56536	11.1845614	99989.50189	0	0
neutron	939.56536	2.520541065	99989.50189	0	0
neutron	939.56536	1.525843226	99989.50189	0	0
neutron	939.56536	1.196686039	99989.50189	0	0
S33	30704.55199	0.05021730342	99989.50189	0	0
neutron	939.56536	1.905579405	99988.94345	0	0
S34	31632.70018	0.2957249889	99988.94345	0	0
S37	34430.21755	0.1345763731	99988.90623	0	0
neutron	939.56536	3.27217683	99989.12561	0	0
neutron	939.56536	1.594638071	99989.12561	0	0
neutron	939.56536	0.1507958561	99989.12561	0	0
Ne20	18617.73218	0.2309221542	99989.12561	0	0
neutron	939.56536	8.561238991	99988.80558	0	0
neutron	939.56536	2.490020904	99988.80558	0	0
neutron	939.56536	1.682495119	99988.80558	0	0
S34	31632.70018	1.013586465	99988.80558	0	0
Ne23	21414.10216	0.2175163489	99989.63114	0	0
neutron	939.56536	0.8344782763	99989.71198	0	0
S36	33494.9558	0.1304056364	99989.71198	0	0
neutron	939.56536	15.47995907	99989.21613	0	0
neutron	939.56536	7.112741591	99989.21613	0	0
neutron	939.56536	2.811275151	99989.21613	0	0
Ne20	18617.73218	0.8628719163	99989.21613	0	0
neutron	939.56536	1.686624859	99988.86002	0	0
S34	31632.70018	0.1594572585	99988.86002	0	0
Ne23	21414.10216	0.2274812624	99989.20424	0	0
neutron	939.56536	0.01918629392	99989.21718	0	0
Ne22	20479.73746	0.2116230056	99989.21718	0	0
neutron	939.56536	0.5276101806	99989.62266	0	0
S34	31632.70018	0.1926714163	99989.62266	0	0
neutron	939.56536	32.58944756	99990.69055	0	0
neutron	939.56536	1.732493741	99990.69055	0	0
alpha	3727.379	7.458488516	99990.69055	0	0
Si29	26984.28567	2.969224168	99990.69055	0	0
Ne23	21414.10216	0.2271120162	99989.67594	0	0
neutron	939.56536	9.161676963	99989.70435	0	0
proton	938.272013	7.841302776	99989.70435	0	0
proton	938.272013	5.573683083	99989.70435	0	0
Si32	29776.58515	0.5299308075	99989.70435	0	0
S35	32565.27968	0.1510105693	99988.92311	0	0
neutron	939.56536	9.44215995	99989.6102	0	0
proton	938.272013	4.38379557	99989.6102	0	0
neutron	939.56536	4.319949048	99989.6102	0	0
neutron	939.56536	2.855590444	99989.6102	0	0
P31	28844.21869	0.4005513503	99989.6102	0	0
neutron	939.56536	11.0729612	99989.06073	0	0
neutron	939.56536	7.374563177	99989.06073	0	0
proton	938.272013	5.634280269	99989.06073	0	0
proton	938.272013	4.82901901	99989.06073	0	0
neutron	939.56536	1.714434125	99989.06073	0	0
Si30	27913.24182	0.3928426683	99989.06073	0	0
proton	938.272013	31.70651288	99988.72147	0	0
neutron	939.56536	28.1866976	99988.72147	0	0
neutron	939.56536	2.622981774	99988.72147	0	0
P32	29775.84838	0.4308130705	99988.72147	0	0
neutron	939.56536	0.7754065417	99989.29287	0	0
S34	31632.70018	0.1181482787	99989.29287	0	0
neutron	939.56536	5.303077782	99989.36126	0	0
proton	938.272013	4.942239107	99989.36126	0	0
P33	30705.30994	0.1437318482	99989.36126	0	0
neutron	939.56536	0.1504800423	99989.98194	0	0
Ne22	20479.73746	0.261774388	99989.98194	0	0
proton	938.272013	15.55400271	99988.8992	0	0
neutron	939.56536	9.428818594	99988.8992	0	0
proton	938.272013	4.190251182	99988.8992	0	0
neutron	939.56536	0.5197051278	99988.8992	0	0
Si31	28846.21977	0.9957102816	99988.8992	0	0
neutron	939.56536	9.545250547	99989.4951	0	0
neutron	939.56536	2.54192419	99989.4951	0	0
proton	938.272013	1.962395967	99989.4951	0	0
deuteron	1875.613	5.940092562	99989.4951	0	0
O18	16762.02378	0.4547805882	99989.4951	0	0
neutron	939.56536	21.26058306	99989.41277	0	0
neutron	939.56536	8.709284072	99989.41277	0	0
neutron	939.56536	0.4576296213	99989.41277	0	0
S34	31632.70018	0.7514629824	99989.41277	0	0
S35	32565.27968	0.14815175	99989.40769	0	0
Ne23	21414.10216	0.2181084211	99989.53703	0	0
Ne23	21414.10216	0.2303947122	99988.96547	0	0
Ne23	21414.10216	0.2283137938	99988.19119	0	0
neutron	939.56536	0.579731652	99988.96465	0	0
Ne22	20479.73746	0.309197598	99988.96465	0	0
neutron	939.56536	15.84977126	99988.94585	0	0
proton	938.272013	6.997682908	99988.94585	0	0
neutron	939.56536	4.434020602	99988.94585	0	0
proton	938.272013	2.551999606	99988.94585	0	0
neutron	939.56536	0.7516671315	99988.94585	0	0
Si30	27913.24182	1.807831332	99988.94585	0	0
Ne23	21414.10216	0.228342258	99988.31427	0	0
neutron	939.56536	1.223227385	99990.0304	0	0
S34	31632.70018	0.1755479118	99990.0304	0	0
neutron	939.56536	0.1333500465	99991.67212	0	0
Ne22	20479.73746	0.2755197414	99991.67212	0	0
neutron	939.56536	0.649504619	99989.11013	0	0
Ne22	20479.73746	0.078167406	99989.11013	0	0
neutron	939.56536	0.7987679875	99989.67133	0	0
Ne22	20479.73746	0.08931201104	99989.67133	0	0
neutron	939.56536	19.1110586	99989.3136	0	0
neutron	939.56536	1.494971332	99989.3136	0	0
neutron	939.56536	0.7368932007	99989.3136	0	0
S34	31632.70018	0.831591714	99989.3136	0	0
Ne23	21414.10216	0.2327709858	99989.11088	0	0
S35	32565.27968	0.1655930699	99989.5534	0	0
S35	32565.27968	0.1541437202	99989.24042	0	0
neutron	939.56536	1.198416406	99989.00875	0	0
Ne22	20479.73746	0.3674268805	99989.00875	0	0
S35	32565.27968	0.15882271	99990.07857	0	0
neutron	939.56536	2.770241181	99989.634	0	0
neutron	939.56536	0.923595982	99989.634	0	0
S33	30704.55199	0.3417335947	99989.634	0	0
Ne23	21414.10216	0.2230360422	99989.53562	0	0
neutron	939.56536	26.21301356	99989.33668	0	0
neutron	939.56536	0.5823644488	99989.33668	0	0
Ne21	19550.53637	0.7312815154	99989.33668	0	0
neutron	939.56536	0.1246534636	99990.20166	0	0
S36	33494.9558	0.1493352374	99990.20166	0	0
neutron	939.56536	17.86937403	99989.2278	0	0
neutron	939.56536	14.90559079	99989.2278	0	0
neutron	939.56536	5.899787139	99989.2278	0	0
alpha	3727.379	4.751897093	99989.2278	0	0
O16	14895.08153	2.161184236	99989.2278	0	0
neutron	939.56536	0.4113013127	99989.5295	0	0
S34	31632.70018	0.1270467087	99989.5295	0	0
Ne23	21414.10216	0.2214803051	99988.6251	0	0
neutron	939.56536	3.701625887	99988.91975	0	0
neutron	939.56536	2.782522238	99988.91975	0	0
neutron	939.56536	2.128919128	99988.91975	0	0
S32	29773.62828	0.01968780451	99988.91975	0	0
neutron	939.56536	23.76637707	99989.88488	0	0
proton	938.272013	1.832527511	99989.88488	0	0
F21	19556.73074	0.9549714465	99989.88488	0	0
neutron	939.56536	1.849689726	99989.09155	0	0
S34	31632.70018	0.07526518809	99989.09155	0	0
neutron	939.56536	0.3361186544	99989.03306	0	0
Ne22	20479.73746	0.1482282306	99989.03306	0	0
Ne23	21414.10216	0.2220718269	99989.28988	0	0
S35	32565.27968	0.1523670951	99988.56832	0	0
proton	938.272013	13.36498783	99989.60654	0	0
proton	938.272013	9.679422086	99989.60654	0	0
neutron	939.56536	5.660591146	99989.60654	0	0
neutron	939.56536	1.955589991	99989.60654	0	0
neutron	939.56536	0.575368932	99989.60654	0	0
neutron	939.56536	0.1673262052	99989.60654	0	0
Si29	26984.28567	0.8559127733	99989.60654	0	0
neutron	939.56536	1.335016955	99989.67679	0	0
Ne22	20479.73746	0.08273016601	99989.67679	0	0
neutron	939.56536	26.17973923	99988.89893	0	0
neutron	939.56536	5.968591039	99988.89893	0	0
neutron	939.56536	3.725923678	99988.89893	0	0
Ne20	18617.73218	0.6274774831	99988.89893	0	0
neutron	939.56536	12.95583969	99988.95609	0	0
neutron	939.56536	1.882620745	99988.95609	0	0
neutron	939.56536	0.2044261983	99988.95609	0	0
S32	29773.62828	0.1681075138	99988.95609	0	0
neutron	939.56536	3.700662648	99988.80217	0	0
proton	938.272013	2.104991989	99988.80217	0	0
deuteron	1875.613	19.15596468	99988.80217	0	0
O19	17697.63348	2.137894853	99988.80217	0	0
neutron	939.56536	1.328181114	99989.43991	0	0
S34	31632.70018	0.03395725529	99989.43991	0	0
Ne23	21414.10216	0.2120162106	99988.97911	0	0
S35	32565.27968	0.1636966617	99989.5216	0	0
neutron	939.56536	2.670624104	99988.97007	0	0
S34	31632.70018	0.1256145181	99988.97007	0	0
neutron	939.56536	0.5187533908	99988.89342	0	0
S34	31632.70018	0.2541176273	99988.89342	0	0
S35	32565.27968	0.1351649261	99991.28008	0	0
neutron	939.56536	23.81488951	99988.70949	0	0
proton	938.272013	4.857299878	99988.70949	0	0
neutron	939.56536	4.004308144	99988.70949	0	0
proton	938.272013	2.302778158	99988.70949	0	0
neutron	939.56536	1.050475026	99988.70949	0	0
Si30	27913.24182	0.3276226858	99988.70949	0	0
neutron	939.56536	2.929252397	99989.53271	0	0
neutron	939.56536	1.562350125	99989.53271	0	0
Ne21	19550.53637	0.2109516	99989.53271	0	0
neutron	939.56536	8.108314036	99989.29768	0	0
neutron	939.56536	3.983432846	99989.29768	0	0
neutron	939.56536	3.13995761	99989.29768	0	0
neutron	939.56536	2.919360956	99989.29768	0	0
neutron	939.56536	0.2660594126	99989.29768	0	0
S32	29773.62828	1.015522208	99989.29768	0	0
neutron	939.56536	3.072599477	99989.10492	0	0
neutron	939.56536	2.528636718	99989.10492	0	0
S35	32565.27968	0.4789832608	99989.10492	0	0
S35	32565.27968	0.1438506253	99989.49563	0	0
S35	32565.27968	0.1584437744	99989.5327	0	0
neutron	939.56536	3.542578262	99989.01165	0	0
neutron	939.56536	1.196183933	99989.01165	0	0
neutron	939.56536	0.7112906818	99989.01165	0	0
S34	31632.70018	0.3648951544	99989.01165	0	0
Ne23	21414.10216	0.2109578119	99988.75821	0	0
neutron	939.56536	0.7293527134	99988.78446	0	0
S34	31632.70018	0.2211110688	99988.78446	0	0
neutron	939.56536	2.444533784	99989.81582	0	0
neutron	939.56536	1.407890435	99989.81582	0	0
neutron	939.56536	0.1457413596	99989.81582	0	0
S34	31632.70018	0.1125750683	99989.81582	0	0
proton	938.272013	19.50996333	99989.19312	0	0
neutron	939.56536	2.17414946	99989.19312	0	0
neutron	939.56536	0.284401455	99989.19312	0	0
deuteron	1875.613	11.33396122	99989.19312	0	0
Si30	27913.24182	0.9114425507	99989.19312	0	0
neutron	939.56536	0.1713359391	99989.66378	0	0
Ne22	20479.73746	0.3062686418	99989.66378	0	0
neutron	939.56536	0.2994079359	99989.87933	0	0
S34	31632.70018	0.2035605372	99989.87933	0	0
proton	938.272013	6.740583157	99988.88957	0	0
neutron	939.56536	3.247643747	99988.88957	0	0
F21	19556.73074	1.287351924	99988.88957	0	0
neutron	939.56536	0.1975629137	99988.94756	0	0
Ne22	20479.73746	0.1936044864	99988.94756	0	0
S35	32565.27968	0.160105703	99989.03186	0	0
neutron	939.56536	3.399052036	99989.92845	0	0
neutron	939.56536	3.031628475	99989.92845	0	0
neutron	939.56536	2.82698978	99989.92845	0	0
Ne20	18617.73218	0.7363546468	99989.92845	0	0
neutron	939.56536	0.4150653274	99989.33037	0	0
S34	31632.70018	0.1108641016	99989.33037	0	0
proton	938.272013	5.930024424	99988.85411	0	0
neutron	939.56536	2.948383896	99988.85411	0	0
neutron	939.56536	0.9058876524	99988.85411	0	0
deuteron	1875.613	4.677060249	99988.85411	0	0
Si30	27913.24182	0.1771297261	99988.85411	0	0
neutron	939.56536	0.1572552783	99988.71945	0	0
Ne22	20479.73746	0.2324484585	99988.71945	0	0
Ne23	21414.10216	0.2209828127	99989.51324	0	0
neutron	939.56536	11.20554468	99991.46497	0	0
neutron	939.56536	5.157906981	99991.46497	0	0
neutron	939.56536	1.265145579	99991.46497	0	0
alpha	3727.379	7.941362891	99991.46497	0	0
O16	14895.08153	2.520809565	99991.46497	0	0
neutron	939.56536	7.613116519	99988.97502	0	0
neutron	939.56536	5.534820496	99988.97502	0	0
neutron	939.56536	1.382118154	99988.97502	0	0
neutron	939.56536	0.01419975084	99988.97502	0	0
S33	30704.55199	0.2835401878	99988.97502	0	0
neutron	939.56536	31.7930905	99989.05765	0	0
S34	31632.70018	0.8994718159	99989.05765	0	0
neutron	939.56536	6.480527876	99988.90297	0	0
neutron	939.56536	3.122703319	99988.90297	0	0
S35	32565.27968	0.1884568698	99988.90297	0	0
neutron	939.56536	0.8798521699	99989.56737	0	0
Ne22	20479.73746	0.1895089832	99989.56737	0	0
neutron	939.56536	0.107339445	99989.30822	0	0
S34	31632.70018	0.1912613306	99989.30822	0	0
neutron	939.56536	0.9241183126	99989.18047	0	0
Ne22	20479.73746	0.2242859366	99989.18047	0	0
neutron	939.56536	2.014390439	99989.58795	0	0
S34	31632.70018	0.2650342896	99989.58795	0	0
neutron	939.56536	1.341391116	99988.97642	0	0
S34	31632.70018	0.1147571778	99988.97642	0	0
neutron	939.56536	38.9470032	99988.8277	0	0
proton	938.272013	33.25995384	99988.8277	0	0
P33	30705.30994	0.8329768219	99988.8277	0	0
Ne23	21414.10216	0.2289770855	99990.01304	0	0
neutron	939.56536	5.814932869	99988.67882	0	0
neutron	939.56536	3.410588628	99988.67882	0	0
neutron	939.56536	2.966689168	99988.67882	0	0
Ne20	18617.73218	0.9039317776	99988.67882	0	0
S35	32565.27968	0.1428067615	99989.36648	0	0
S35	32565.27968	0.1528795896	99989.18708	0	0
neutron	939.56536	4.785992007	99989.60244	0	0
proton	938.272013	3.01060326	99989.60244	0	0
neutron	939.56536	2.27038174	99989.60244	0	0
neutron	939.56536	1.801894475	99989.60244	0	0
P31	28844.21869	0.1783294142	99989.60244	0	0
neutron	939.56536	2.308770825	99989.48843	0	0
S36	33494.9558	0.2235784089	99989.48843	0	0
neutron	939.56536	49.5698054	99989.87679	0	0
neutron	939.56536	3.250635166	99989.87679	0	0
neutron	939.56536	1.521694205	99989.87679	0	0
S34	31632.70018	0.8291496209	99989.87679	0	0
proton	938.272013	22.68042396	99989.44417	0	0
neutron	939.56536	3.175120569	99989.44417	0	0
neutron	939.56536	2.635900926	99989.44417	0	0
neutron	939.56536	1.118580507	99989.44417	0	0
P31	28844.21869	0.4582324213	99989.44417	0	0
neutron	939.56536	4.923426994	99988.45588	0	0
neutron	939.56536	4.270096898	99988.45588	0	0
neutron	939.56536	0.5821126227	99988.45588	0	0
Ne20	18617.73218	0.5531831864	99988.45588	0	0
neutron	939.56536	2.713054832	99989.19276	0	0
S36	33494.9558	0.1517099291	99989.19276	0	0
neutron	939.56536	42.98049281	99988.94007	0	0
neutron	939.56536	2.575627756	99988.94007	0	0
neutron	939.56536	2.507776369	99988.94007	0	0
S34	31632.70018	0.9503881713	99988.94007	0	0
S37	34430.21755	0.1327385161	99989.14405	0	0
proton	938.272013	15.93911613	99989.21878	0	0
neutron	939.56536	4.440773714	99989.21878	0	0
neutron	939.56536	1.561296063	99989.21878	0	0
P32	29775.84838	0.5970889988	99989.21878	0	0
neutron	939.56536	8.217870552	99988.873	0	0
neutron	939.56536	3.498234433	99988.873	0	0
neutron	939.56536	2.787242342	99988.873	0	0
S34	31632.70018	0.02124086751	99988.873	0	0
neutron	939.56536	1.240558156	99989.34791	0	0
Ne22	20479.73746	0.3000689369	99989.34791	0	0
neutron	939.56536	3.593098951	99989.2299	0	0
neutron	939.56536	0.818037212	99989.2299	0	0
S35	32565.27968	0.4832434676	99989.2299	0	0
neutron	939.56536	5.961817117	99989.63546	0	0
neutron	939.56536	4.984877265	99989.63546	0	0
neutron	939.56536	0.419648947	99989.63546	0	0
Ne20	18617.73218	0.4585846017	99989.63546	0	0
neutron	939.56536	0.03699859673	99988.97028	0	0
Ne22	20479.73746	0.2415932353	99988.97028	0	0
neutron	939.56536	2.312325074	99989.49602	0	0
S34	31632.70018	0.08681841888	99989.49602	0	0
S35	32565.27968	0.1661510137	99989.48342	0	0
neutron	939.56536	24.35951789	99988.54352	0	0
proton	938.272013	6.844452653	99988.54352	0	0
triton	2808.921	6.648425311	99988.54352	0	0
O18	16762.02378	2.142648921	99988.54352	0	0
neutron	939.56536	0.02141306133	99989.31322	0	0
S36	33494.9558	0.1453785584	99989.31322	0	0
S35	32565.27968	0.1517690771	99989.37077	0	0
neutron	939.56536	2.540149348	99989.54391	0	0
S34	31632.70018	0.06437423843	99989.54391	0	0
S35	32565.27968	0.1525069872	99989.01442	0	0
neutron	939.56536	3.344472034	99988.4367	0	0
S34	31632.70018	0.2361306256	99988.4367	0	0
neutron	939.56536	0.3833802594	99989.32669	0	0
Ne22	20479.73746	0.1195553235	99989.32669	0	0
neutron	939.56536	1.257226251	99988.76538	0	0
Ne22	20479.73746	0.4015385295	99988.76538	0	0
neutron	939.56536	36.45356586	99989.21815	0	0
neutron	939.56536	2.365716659	99989.21815	0	0
alpha	3727.379	6.80662124	99989.21815	0	0
O17	15830.5038	0.2138578725	99989.21815	0	0
neutron	939.56536	0.8882187538	99989.24412	0	0
S34	31632.70018	0.199944062	99989.24412	0	0
neutron	939.56536	7.538582417	99989.09084	0	0
neutron	939.56536	4.930807877	99989.09084	0	0
neutron	939.56536	4.604733118	99989.09084	0	0
Ne20	18617.73218	1.393655553	99989.09084	0	0
neutron	939.56536	8.048584963	99988.91922	0	0
neutron	939.56536	0.9716267276	99988.91922	0	0
neutron	939.56536	0.6643801389	99988.91922	0	0
alpha	3727.379	5.735049406	99988.91922	0	0
alpha	3727.379	2.214919498	99988.91922	0	0
C12	11174.86339	3.124396879	99988.91922	0	0
proton	938.272013	34.41284625	99989.0866	0	0
neutron	939.56536	3.405467597	99989.0866	0	0
neutron	939.56536	2.774958532	99989.0866	0	0
neutron	939.56536	1.696475547	99989.0866	0	0
P33	30705.30994	1.238438552	99989.0866	0	0
Ne23	21414.10216	0.2352464902	99989.51486	0	0
neutron	939.56536	12.18095743	99990.18533	0	0
neutron	939.56536	5.603050678	99990.18533	0	0
proton	938.272013	3.729114642	99990.18533	0	0
neutron	939.56536	1.246981463	99990.18533	0	0
F19	17692.30285	0.963026619	99990.18533	0	0
neutron	939.56536	0.5634835397	99989.22479	0	0
S34	31632.70018	0.09203886243	99989.22479	0	0
neutron	939.56536	0.2972700712	99989.2168	0	0
S34	31632.70018	0.1026165015	99989.2168	0	0
Ne23	21414.10216	0.2296207307	99988.82436	0	0
neutron	939.56536	0.3394521334	99989.03263	0	0
Ne22	20479.73746	0.1578174547	99989.03263	0	0
Ne23	21414.10216	0.2101742177	99989.09828	0	0
Ne23	21414.10216	0.2340007897	99989.45706	0	0
Ne23	21414.10216	0.2261404432	99989.85241	0	0
neutron	939.56536	3.859635586	99989.40618	0	0
neutron	939.56536	1.435874668	99989.40618	0	0
neutron	939.56536	1.222555864	99989.40618	0	0
neutron	939.56536	1.222033262	99989.40618	0	0
S33	30704.55199	0.1348511998	99989.40618	0	0
Ne23	21414.10216	0.2243127362	99988.85839	0	0
Ne23	21414.10216	0.2349245759	99988.80032	0	0
neutron	939.56536	1.136221772	99989.38846	0	0
S34	31632.70018	0.0584495635	99989.38846	0	0
neutron	939.56536	11.47914669	99988.84166	0	0
neutron	939.56536	5.771512773	99988.84166	0	0
neutron	939.56536	5.055899013	99988.84166	0	0
neutron	939.56536	2.577099906	99988.84166	0	0
neutron	939.56536	0.9326995625	99988.84166	0	0
S32	29773.62828	0.5085074475	99988.84166	0	0
neutron	939.56536	0.5194937479	99989.13895	0	0
S34	31632.70018	0.1320319439	99989.13895	0	0
Ne23	21414.10216	0.222352396	99989.94364	0	0
neutron	939.56536	2.039572126	99988.80119	0	0
S34	31632.70018	0.2994915866	99988.80119	0	0
neutron	939.56536	3.240716521	99989.05244	0	0
Ne22	20479.73746	0.2168514533	99989.05244	0	0
neutron	939.56536	4.023758433	99988.70761	0	0
neutron	939.56536	0.4353177319	99988.70761	0	0
S33	30704.55199	0.02627952012	99988.70761	0	0
proton	938.272013	35.64703772	99989.46128	0	0
neutron	939.56536	10.28939797	99989.46128	0	0
proton	938.272013	3.870189503	99989.46128	0	0
neutron	939.56536	1.987033539	99989.46128	0	0
neutron	939.56536	0.05646994869	99989.46128	0	0
O18	16762.02378	2.458385773	99989.46128	0	0
S35	32565.27968	0.1532626544	99989.47929	0	0
neutron	939.56536	1.027777662	99990.02387	0	0
S34	31632.70018	0.1999743781	99990.02387	0	0
proton	938.272013	10.31189908	99989.21697	0	0
proton	938.272013	10.00215988	99989.21697	0	0
neutron	939.56536	3.273857685	99989.21697	0	0
neutron	939.56536	1.494704827	99989.21697	0	0
neutron	939.56536	0.3141043082	99989.21697	0	0
Si30	27913.24182	0.8298830953	99989.21697	0	0
neutron	939.56536	0.2616497248	99989.2015	0	0
S36	33494.9558	0.1733458712	99989.2015	0	0
Ne23	21414.10216	0.2357406882	99989.30252	0	0
proton	938.272013	4.033519325	99989.11457	0	0
neutron	939.56536	3.314973772	99989.11457	0	0
P33	30705.30994	0.03722958149	99989.11457	0	0
Ne23	21414.10216	0.2164622527	99989.03781	0	0
neutron	939.56536	1.910126371	99988.18392	0	0
S36	33494.9558	0.2044722423	99988.18392	0	0
S35	32565.27968	0.14702354	99989.59388	0	0
neutron	939.56536	1.894049367	99991.05022	0	0
neutron	939.56536	1.390586572	99991.05022	0	0
deuteron	1875.613	19.78495156	99991.05022	0	0
alpha	3727.379	3.770303402	99991.05022	0	0
N15	13968.93638	1.562259251	99991.05022	0	0
neutron	939.56536	0.538508906	99989.47044	0	0
S34	31632.70018	0.2500717597	99989.47044	0	0
S35	32565.27968	0.1540545127	99989.58378	0	0
neutron	939.56536	0.7637915018	99988.77606	0	0
Ne22	20479.73746	0.2582469446	99988.77606	0	0
neutron	939.56536	2.030269694	99989.17008	0	0
Ne22	20479.73746	0.01782641857	99989.17008	0	0
S35	32565.27968	0.1397723533	99988.78397	0	0
S35	32565.27968	0.1443762386	99989.30574	0	0
neutron	939.56536	19.91556335	99988.59149	0	0
neutron	939.56536	0.3927260646	99988.59149	0	0
S35	32565.27968	0.3758320025	99988.59149	0	0
neutron	939.56536	0.5287625647	99988.80336	0	0
S34	31632.70018	0.2485578799	99988.80336	0	0
neutron	939.56536	5.029785353	99990.21983	0	0
neutron	939.56536	0.4838793492	99990.21983	0	0
Ne21	19550.53637	0.30804611	99990.21983	0	0
neutron	939.56536	6.009326258	99989.51779	0	0
proton	938.272013	4.168424737	99989.51779	0	0
neutron	939.56536	2.541052275	99989.51779	0	0
P32	29775.84838	0.04838527375	99989.51779	0	0
Ne23	21414.10216	0.2066823344	99989.58976	0	0
neutron	939.56536	2.695289277	99989.53252	0	0
neutron	939.56536	1.444358875	99989.53252	0	0
S33	30704.55199	0.4824616694	99989.53252	0	0
proton	938.272013	8.293098419	99989.40903	0	0
neutron	939.56536	5.14270331	99989.40903	0	0
proton	938.272013	4.425842505	99989.40903	0	0
neutron	939.56536	3.988991378	99989.40903	0	0
neutron	939.56536	2.501360301	99989.40903	0	0
Si30	27913.24182	0.8522619769	99989.40903	0	0
neutron	939.56536	6.984326617	99989.01057	0	0
neutron	939.56536	5.980632672	99989.01057	0	0
neutron	939.56536	1.045739879	99989.01057	0	0
Ne20	18617.73218	0.2424450158	99989.01057	0	0
neutron	939.56536	31.83842619	99988.78751	0	0
neutron	939.56536	16.88193289	99988.78751	0	0
neutron	939.56536	0.7358766747	99988.78751	0	0
S32	29773.62828	1.443288691	99988.78751	0	0
neutron	939.56536	6.823776867	99989.30638	0	0
neutron	939.56536	2.718399179	99989.30638	0	0
Ne21	19550.53637	0.0207946212	99989.30638	0	0
Ne23	21414.10216	0.2220853713	99989.35091	0	0
neutron	939.56536	0.7905563311	99989.05622	0	0
S34	31632.70018	0.1925112633	99989.05622	0	0
neutron	939.56536	6.494178994	99988.93318	0	0
neutron	939.56536	0.821112301	99988.93318	0	0
S33	30704.55199	0.1216547949	99988.93318	0	0
neutron	939.56536	35.89626728	99989.46419	0	0
neutron	939.56536	9.365786098	99989.46419	0	0
deuteron	1875.613	5.398327138	99989.46419	0	0
P31	28844.21869	2.521421574	99989.46419	0	0
neutron	939.56536	1.275497363	99989.39031	0	0
S34	31632.70018	0.18327116	99989.39031	0	0
neutron	939.56536	6.957909901	99989.1913	0	0
Ne22	20479.73746	0.8358375972	99989.1913	0	0
S35	32565.27968	0.1484544848	99989.14472	0	0
Ne23	21414.10216	0.2295845162	99989.18532	0	0
Ne23	21414.10216	0.2335265297	99989.17537	0	0
neutron	939.56536	1.371756918	99988.85564	0	0
S34	31632.70018	0.1711159929	99988.85564	0	0
proton	938.272013	5.552125092	99988.8377	0	0
neutron	939.56536	3.82407555	99988.8377	0	0
neutron	939.56536	2.496178788	99988.8377	0	0
P32	29775.84838	0.3250855248	99988.8377	0	0
neutron	939.56536	4.042812527	99989.70445	0	0
Ne22	20479.73746	0.021317129	99989.70445	0	0
S37	34430.21755	0.1364531089	99988.84941	0	0
neutron	939.56536	4.275038301	99989.47351	0	0
neutron	939.56536	3.68446206	99989.47351	0	0
neutron	939.56536	3.3732748	99989.47351	0	0
Ne20	18617.73218	0.7864099374	99989.47351	0	0
proton	938.272013	30.55354009	99988.92421	0	0
neutron	939.56536	3.707841704	99988.92421	0	0
neutron	939.56536	2.138769518	99988.92421	0	0
neutron	939.56536	1.783121276	99988.92421	0	0
P33	30705.30994	0.5502083915	99988.92421	0	0
neutron	939.56536	0.4511342337	99989.17968	0	0
S34	31632.70018	0.08499942586	99989.17968	0	0
Ne23	21414.10216	0.212934434	99988.59997	0	0
neutron	939.56536	0.6177455464	99989.22275	0	0
S34	31632.70018	0.2551240157	99989.22275	0	0
neutron	939.56536	6.089019397	99989.36724	0	0
alpha	3727.379	6.738351464	99989.36724	0	0
Si30	27913.24182	2.242364335	99989.36724	0	0
neutron	939.56536	0.8831069455	99989.68214	0	0
Ne22	20479.73746	0.08306196216	99989.68214	0	0
neutron	939.56536	33.27040828	99989.0967	0	0
neutron	939.56536	3.205984194	99989.0967	0	0
neutron	939.56536	0.4345530373	99989.0967	0	0
Ne20	18617.73218	2.20559223	99989.0967	0	0
neutron	939.56536	0.1963881971	99989.5861	0	0
Ne22	20479.73746	0.2878129757	99989.5861	0	0
S37	34430.21755	0.1423395778	99989.12679	0	0
Ne23	21414.10216	0.2116427782	99989.01884	0	0
Ne23	21414.10216	0.2327827598	99988.79792	0	0
Ne23	21414.10216	0.2289848804	99988.80811	0	0
Ne23	21414.10216	0.2339140722	99989.50151	0	0
neutron	939.56536	24.29061897	99989.45572	0	0
neutron	939.56536	4.278405183	99989.45572	0	0
proton	938.272013	3.200605931	99989.45572	0	0
P32	29775.84838	0.8436702697	99989.45572	0	0
Ne23	21414.10216	0.2285498955	99989.43448	0	0
neutron	939.56536	0.5399107989	99988.76346	0	0
S34	31632.70018	0.1344410455	99988.76346	0	0
Ne23	21414.10216	0.2226619904	99988.89131	0	0
S35	32565.27968	0.1492102016	99988.67704	0	0
neutron	939.56536	0.6478267305	99988.96003	0	0
S36	33494.9558	0.1085871193	99988.96003	0	0
neutron	939.56536	27.23345117	99988.82123	0	0
neutron	939.56536	12.03320118	99988.82123	0	0
neutron	939.56536	1.420010406	99988.82123	0	0
S34	31632.70018	1.253828816	99988.82123	0	0
Ne23	21414.10216	0.2267395139	99988.95573	0	0
neutron	939.56536	0.423129863	99989.12213	0	0
S34	31632.70018	0.1659827366	99989.12213	0	0
neutron	939.56536	7.46675425	99989.35578	0	0
proton	938.272013	7.456728318	99989.35578	0	0
neutron	939.56536	5.550347778	99989.35578	0	0
F20	18625.26686	1.643300513	99989.35578	0	0
Ne23	21414.10216	0.231922528	99989.5042	0	0
neutron	939.56536	2.58129122	99988.72737	0	0
S34	31632.70018	0.2583192633	99988.72737	0	0
neutron	939.56536	8.433868883	99990.08979	0	0
alpha	3727.379	5.863945775	99990.08979	0	0
O18	16762.02378	1.910284849	99990.08979	0	0
neutron	939.56536	0.4207012738	99988.81831	0	0
S34	31632.70018	0.1836254748	99988.81831	0	0
neutron	939.56536	14.78275338	99988.87715	0	0
neutron	939.56536	7.973493356	99988.87715	0	0
neutron	939.56536	3.694156748	99988.87715	0	0
alpha	3727.379	2.82138463	99988.87715	0	0
O16	14895.08153	6.229157407	99988.87715	0	0
S35	32565.27968	0.153659365	99988.90911	0	0
neutron	939.56536	7.505970981	99989.17851	0	0
neutron	939.56536	6.826770644	99989.17851	0	0
neutron	939.56536	6.132647628	99989.17851	0	0
neutron	939.56536	5.215118381	99989.17851	0	0
neutron	939.56536	3.984204115	99989.17851	0	0
S32	29773.62828	0.8410273868	99989.17851	0	0
neutron	939.56536	2.502487567	99989.22621	0	0
S34	31632.70018	0.1165426114	99989.22621	0	0
neutron	939.56536	18.74845712	99989.46868	0	0
neutron	939.56536	7.098925567	99989.46868	0	0
neutron	939.56536	3.050069929	99989.46868	0	0
proton	938.272013	2.787598393	99989.46868	0	0
P31	28844.21869	1.453222509	99989.46868	0	0
neutron	939.56536	1.132767485	99988.70792	0	0
S34	31632.70018	0.2159093448	99988.70792	0	0
neutron	939.56536	0.7713437623	99989.44531	0	0
S34	31632.70018	0.11311449	99989.44531	0	0
neutron	939.56536	1.847976599	99989.80244	0	0
S34	31632.70018	0.2727151059	99989.80244	0	0
S35	32565.27968	0.1416773959	99989.21196	0	0
proton	938.272013	22.50997716	99989.8168	0	0
neutron	939.56536	2.979877113	99989.8168	0	0
neutron	939.56536	2.364577005	99989.8168	0	0
F20	18625.26686	1.941475059	99989.8168	0	0
neutron	939.56536	5.450396446	99989.21431	0	0
S34	31632.70018	0.4328838988	99989.21431	0	0
Ne23	21414.10216	0.2109982694	99989.91824	0	0
neutron	939.56536	0.8411284587	99989.17287	0	0
S34	31632.70018	0.1972478694	99989.17287	0	0
S35	32565.27968	0.1386793944	99989.1017	0	0
Ne23	21414.10216	0.2323115985	99989.23207	0	0
Ne23	21414.10216	0.2273785369	99989.99717	0	0
S35	32565.27968	0.1435898228	99988.93107	0	0
neutron	939.56536	11.93086808	99989.16271	0	0
neutron	939.56536	8.22165384	99989.16271	0	0
neutron	939.56536	4.697083639	99989.16271	0	0
neutron	939.56536	2.842635693	99989.16271	0	0
S33	30704.55199	2.385844465	99989.16271	0	0
neutron	939.56536	20.40736407	99989.43641	0	0
neutron	939.56536	3.374792353	99989.43641	0	0
neutron	939.56536	2.451659453	99989.43641	0	0
Ne20	18617.73218	2.245652282	99989.43641	0	0
Ne23	21414.10216	0.2241014959	99988.97182	0	0
Ne23	21414.10216	0.2169877855	99989.13402	0	0
neutron	939.56536	3.800189243	99988.73329	0	0
Ne22	20479.73746	0.2041344385	99988.73329	0	0
neutron	939.56536	3.764746647	99989.11643	0	0
neutron	939.56536	3.476698666	99989.11643	0	0
S33	30704.55199	0.7522789003	99989.11643	0	0
neutron	939.56536	4.257628053	99989.18809	0	0
neutron	939.56536	2.789471005	99989.18809	0	0
neutron	939.56536	1.007030327	99989.18809	0	0
S32	29773.62828	0.4142010845	99989.18809	0	0
neutron	939.56536	0.3481378825	99989.67836	0	0
S36	33494.9558	0.1805244556	99989.67836	0	0
neutron	939.56536	0.9698263569	99989.35546	0	0
S34	31632.70018	0.0746192964	99989.35546	0	0
S35	32565.27968	0.1609929641	99989.70154	0	0
neutron	939.56536	14.7513716	99989.37441	0	0
proton	938.272013	7.741315613	99989.37441	0	0
neutron	939.56536	0.2209102978	99989.37441	0	0
P32	29775.84838	0.200181377	99989.37441	0	0
neutron	939.56536	0.402189111	99989.22446	0	0
S34	31632.70018	0.1061774129	99989.22446	0	0
neutron	939.56536	1.995849921	99988.98447	0	0
Ne22	20479.73746	0.03499461635	99988.98447	0	0
neutron	939.56536	42.66182988	99989.54471	0	0
neutron	939.56536	5.955620856	99989.54471	0	0
neutron	939.56536	3.458730031	99989.54471	0	0
S34	31632.70018	2.911461215	99989.54471	0	0
neutron	939.56536	0.7589423934	99989.68191	0	0
S34	31632.70018	0.2077160791	99989.68191	0	0
S37	34430.21755	0.1408204209	99989.53621	0	0
proton	938.272013	14.86342574	99988.55296	0	0
neutron	939.56536	0.5711202769	99988.55296	0	0
F21	19556.73074	0.3072063788	99988.55296	0	0
proton	938.272013	19.52025074	99989.19469	0	0
proton	938.272013	10.23204632	99989.19469	0	0
neutron	939.56536	1.405032661	99989.19469	0	0
Si34	31643.69416	1.525806912	99989.19469	0	0
S35	32565.27968	0.1413161267	99989.05851	0	0
neutron	939.56536	11.35180988	99989.7259	0	0
neutron	939.56536	2.851864922	99989.7259	0	0
neutron	939.56536	0.9671233024	99989.7259	0	0
S32	29773.62828	0.4820629585	99989.7259	0	0
S35	32565.27968	0.1642495553	99988.67875	0	0
neutron	939.56536	1.523425214	99989.66616	0	0
S36	33494.9558	0.2073085358	99989.66616	0	0
neutron	939.56536	3.085564598	99989.09495	0	0
neutron	939.56536	0.9655697276	99989.09495	0	0
S33	30704.55199	0.2778902104	99989.09495	0	0
neutron	939.56536	0.3718824823	99988.5899	0	0
S34	31632.70018	0.1009613244	99988.5899	0	0
neutron	939.56536	1.383091664	99988.86061	0	0
S34	31632.70018	0.1815730049	99988.86061	0	0
neutron	939.56536	31.37833316	99989.2792	0	0
neutron	939.56536	19.9020115	99989.2792	0	0
neutron	939.56536	1.821055113	99989.2792	0	0
alpha	3727.379	8.588318959	99989.2792	0	0
O16	14895.08153	1.804770044	99989.2792	0	0
neutron	939.56536	0.4264642971	99989.94282	0	0
S34	31632.70018	0.1237287229	99989.94282	0	0
neutron	939.56536	6.240578994	99989.14085	0	0
neutron	939.56536	1.585980742	99989.14085	0	0
neutron	939.56536	0.7195191613	99989.14085	0	0
S34	31632.70018	0.4099976789	99989.14085	0	0
Ne23	21414.10216	0.2315538277	99989.06333	0	0
Cl35	32564.60306	0.07773392437	99995.269	12.09117996	11.99378117
Ne23	21414.10216	0.2132821104	99994.22735	0	0
neutron	939.56536	0.5760086803	99988.95044	0	0
Ne22	20479.73746	0.3873933779	99988.95044	0	0
neutron	939.56536	5.893131919	99989.51623	0	0
proton	938.272013	4.221534813	99989.51623	0	0
neutron	939.56536	3.805625459	99989.51623	0	0
neutron	939.56536	3.0563485	99989.51623	0	0
alpha	3727.379	3.831371027	99989.51623	0	0
N15	13968.93638	1.671228754	99989.51623	0	0
Ne23	21414.10216	0.210610624	99989.17837	0	0
neutron	939.56536	17.36620476	99989.01778	0	0
neutron	939.56536	15.06188423	99989.01778	0	0
neutron	939.56536	1.351833721	99989.01778	0	0
S32	29773.62828	0.5757832651	99989.01778	0	0
Ne23	21414.10216	0.2184716639	99989.41074	0	0
proton	938.272013	26.48031319	99988.71746	0	0
proton	938.272013	7.508445404	99988.71746	0	0
neutron	939.56536	0.6767954619	99988.71746	0	0
Si32	29776.58515	0.5202856769	99988.71746	0	0
Ne23	21414.10216	0.2010214207	99988.98342	0	0
neutron	939.56536	7.045014137	99989.45916	0	0
neutron	939.56536	2.517721049	99989.45916	0	0
proton	938.272013	2.209424842	99989.45916	0	0
neutron	939.56536	1.412671659	99989.45916	0	0
P31	28844.21869	0.7616020661	99989.45916	0	0
neutron	939.56536	38.126062	99989.38442	0	0
neutron	939.56536	16.55492932	99989.38442	0	0
neutron	939.56536	0.6974506243	99989.38442	0	0
S34	31632.70018	2.196787215	99989.38442	0	0
neutron	939.56536	8.313410864	99989.33545	0	0
neutron	939.56536	4.438460567	99989.33545	0	0
neutron	939.56536	0.3364773247	99989.33545	0	0
S32	29773.62828	0.8908773049	99989.33545	0	0
neutron	939.56536	0.2915279661	99989.5071	0	0
S34	31632.70018	0.08975529871	99989.5071	0	0
Ne23	21414.10216	0.2278705758	99988.9781	0	0
S35	32565.27968	0.1475330223	99989.03506	0	0
neutron	939.56536	0.4407383456	99989.07368	0	0
S36	33494.9558	0.08398162328	99989.07368	0	0
neutron	939.56536	10.73288848	99988.94986	0	0
neutron	939.56536	10.10758566	99988.94986	0	0
proton	938.272013	3.566677576	99988.94986	0	0
proton	938.272013	2.44101361	99988.94986	0	0
Si31	28846.21977	0.2903488915	99988.94986	0	0
proton	938.272013	4.456209745	99989.61949	0	0
neutron	939.56536	3.534935223	99989.61949	0	0
neutron	939.56536	0.8926889228	99989.61949	0	0
deuteron	1875.613	16.37733096	99989.61949	0	0
Si30	27913.24182	1.010160251	99989.61949	0	0
proton	938.272013	27.19956622	99988.86437	0	0
neutron	939.56536	1.11706559	99988.86437	0	0
P33	30705.30994	1.498065062	99988.86437	0	0
neutron	939.56536	3.996990102	99988.95595	0	0
neutron	939.56536	2.565879133	99988.95595	0	0
neutron	939.56536	1.871204706	99988.95595	0	0
S32	29773.62828	0.2397726529	99988.95595	0	0
S35	32565.27968	0.1603593662	99988.79848	0	0
neutron	939.56536	16.00829388	99989.25462	0	0
neutron	939.56536	7.276147705	99989.25462	0	0
neutron	939.56536	1.359570569	99989.25462	0	0
alpha	3727.379	5.162312418	99989.25462	0	0
O16	14895.08153	0.7964621368	99989.25462	0	0
neutron	939.56536	10.41932641	99988.81109	0	0
proton	938.272013	9.461641101	99988.81109	0	0
neutron	939.56536	4.647607722	99988.81109	0	0
neutron	939.56536	3.460501358	99988.81109	0	0
proton	938.272013	3.110363915	99988.81109	0	0
Si30	27913.24182	1.572332397	99988.81109	0	0
neutron	939.56536	13.41391707	99989.30857	0	0
proton	938.272013	6.385372062	99989.30857	0	0
neutron	939.56536	6.097038498	99989.30857	0	0
proton	938.272013	3.328087522	99989.30857	0	0
neutron	939.56536	0.8689052398	99989.30857	0	0
Si30	27913.24182	0.3111859062	99989.30857	0	0
proton	938.272013	6.348126817	99989.00629	0	0
neutron	939.56536	1.429195578	99989.00629	0	0
P33	30705.30994	0.7134796981	99989.00629	0	0
neutron	939.56536	0.5452524138	99989.13466	0	0
Ne22	20479.73746	0.2589024061	99989.13466	0	0
S35	32565.27968	0.1657801642	99989.65575	0	0
neutron	939.56536	4.680930664	99988.58595	0	0
neutron	939.56536	0.780407067	99988.58595	0	0
neutron	939.56536	0.6256154433	99988.58595	0	0
Ne20	18617.73218	0.2300017199	99988.58595	0	0
neutron	939.56536	0.2805653959	99988.99941	0	0
S36	33494.9558	0.07740869624	99988.99941	0	0
neutron	939.56536	28.98064132	99989.23258	0	0
neutron	939.56536	0.3640465863	99989.23258	0	0
S33	30704.55199	1.016685831	99989.23258	0	0
neutron	939.56536	11.68332927	99989.38703	0	0
neutron	939.56536	0.66540585	99989.38703	0	0
neutron	939.56536	0.5923063527	99989.38703	0	0
Ne20	18617.73218	1.685526608	99989.38703	0	0
neutron	939.56536	0.592099903	99989.86704	0	0
S34	31632.70018	0.08180377158	99989.86704	0	0
Ne23	21414.10216	0.2075327072	99988.86068	0	0
neutron	939.56536	6.070733149	99989.5389	0	0
neutron	939.56536	1.215715794	99989.5389	0	0
alpha	3727.379	9.559296573	99989.5389	0	0
Si29	26984.28567	1.719387631	99989.5389	0	0
neutron	939.56536	0.3347798751	99988.63139	0	0
S34	31632.70018	0.1098503294	99988.63139	0	0
neutron	939.56536	31.38960371	99992.39537	0	0
alpha	3727.379	5.991113874	99992.39537	0	0
Si30	27913.24182	1.62359149	99992.39537	0	0
S35	32565.27968	0.1383855449	99989.72223	0	0
Ne23	21414.10216	0.2174457208	99989.45103	0	0
neutron	939.56536	1.048936291	99988.97714	0	0
S34	31632.70018	0.06460379668	99988.97714	0	0
neutron	939.56536	0.7004020872	99989.29843	0	0
S36	33494.9558	0.0778133791	99989.29843	0	0
proton	938.272013	28.84114683	99990.11899	0	0
neutron	939.56536	25.80989868	99990.11899	0	0
neutron	939.56536	0.196514701	99990.11899	0	0
P34	31638.59261	0.3006830813	99990.11899	0	0
proton	938.272013	7.285078109	99989.01344	0	0
neutron	939.56536	1.27632204	99989.01344	0	0
P33	30705.30994	0.07797599656	99989.01344	0	0
S35	32565.27968	0.1433701578	99989.26259	0	0
neutron	939.56536	37.73887994	99990.02459	0	0
neutron	939.56536	17.54786026	99990.02459	0	0
neutron	939.56536	0.9725791877	99990.02459	0	0
S32	29773.62828	0.1569346081	99990.02459	0	0
neutron	939.56536	12.10192664	99989.26388	0	0
neutron	939.56536	3.286439187	99989.26388	0	0
neutron	939.56536	0.8508430459	99989.26388	0	0
S32	29773.62828	1.109231291	99989.26388	0	0
S35	32565.27968	0.149905163	99988.86988	0	0
proton	938.272013	8.625186522	99989.36207	0	0
neutron	939.56536	8.455021242	99989.36207	0	0
neutron	939.56536	4.217143064	99989.36207	0	0
P34	31638.59261	0.3160169332	99989.36207	0	0
neutron	939.56536	1.295462013	99989.20729	0	0
S34	31632.70018	0.1407004926	99989.20729	0	0
S35	32565.27968	0.1598372013	99988.96723	0	0
neutron	939.56536	1.09368192	99989.12633	0	0
neutron	939.56536	0.1579927978	99989.12633	0	0
S33	30704.55199	0.09144390059	99989.12633	0	0
neutron	939.56536	1.741945117	99989.78233	0	0
S34	31632.70018	0.3333897482	99989.78233	0	0
neutron	939.56536	4.424493987	99988.46421	0	0
neutron	939.56536	2.949047382	99988.46421	0	0
neutron	939.56536	1.293673796	99988.46421	0	0
alpha	3727.379	4.908406826	99988.46421	0	0
O16	14895.08153	3.035497749	99988.46421	0	0
Ne23	21414.10216	0.2129188722	99988.86046	0	0
neutron	939.56536	12.92217659	99988.76707	0	0
neutron	939.56536	2.04238946	99988.76707	0	0
S33	30704.55199	0.9101646591	99988.76707	0	0
Ne23	21414.10216	0.2124632996	99989.39362	0	0
neutron	939.56536	0.6855627123	99989.26992	0	0
S34	31632.70018	0.09196408985	99989.26992	0	0
neutron	939.56536	5.391257788	99989.45546	0	0
neutron	939.56536	1.516195502	99989.45546	0	0
neutron	939.56536	0.876650431	99989.45546	0	0
Ne20	18617.73218	0.2905937808	99989.45546	0	0
Ne23	21414.10216	0.2303154709	99989.46868	0	0
neutron	939.56536	9.908431177	99989.31928	0	0
neutron	939.56536	1.987189421	99989.31928	0	0
alpha	3727.379	12.26045292	99989.31928	0	0
Si29	26984.28567	1.943688928	99989.31928	0	0
Ne23	21414.10216	0.2193588381	99988.91268	0	0
neutron	939.56536	0.888532707	99989.45254	0	0
S34	31632.70018	0.1152973122	99989.45254	0	0
neutron	939.56536	0.267178801	99989.29447	0	0
Ne22	20479.73746	0.3079890717	99989.29447	0	0
neutron	939.56536	0.1544844459	99989.46872	0	0
S34	31632.70018	0.127522545	99989.46872	0	0
neutron	939.56536	2.530790533	99989.67714	0	0
neutron	939.56536	1.547019066	99989.67714	0	0
neutron	939.56536	1.264717073	99989.67714	0	0
S32	29773.62828	0.03582129358	99989.67714	0	0
neutron	939.56536	1.649019232	99990.10448	0	0
S34	31632.70018	0.3195851681	99990.10448	0	0
S37	34430.21755	0.1353015192	99989.1183	0	0
proton	938.272013	14.26896811	99989.14302	0	0
proton	938.272013	6.590577388	99989.14302	0	0
neutron	939.56536	3.951653244	99989.14302	0	0
neutron	939.56536	3.941619454	99989.14302	0	0
neutron	939.56536	0.6507055174	99989.14302	0	0
O18	16762.02378	0.1289900026	99989.14302	0	0
neutron	939.56536	3.275161054	99989.72302	0	0
S34	31632.70018	0.3645314564	99989.72302	0	0
neutron	939.56536	15.72571681	99988.86846	0	0
neutron	939.56536	1.989469329	99988.86846	0	0
neutron	939.56536	0.8293556885	99988.86846	0	0
alpha	3727.379	6.710640081	99988.86846	0	0
O16	14895.08153	1.57639556	99988.86846	0	0
proton	938.272013	7.359771438	99989.80051	0	0
neutron	939.56536	5.075639297	99989.80051	0	0
proton	938.272013	2.345084177	99989.80051	0	0
neutron	939.56536	1.638114889	99989.80051	0	0
neutron	939.56536	0.9615530694	99989.80051	0	0
O18	16762.02378	0.05278823338	99989.80051	0	0
neutron	939.56536	2.902094378	99989.3168	0	0
neutron	939.56536	1.589440265	99989.3168	0	0
Ne21	19550.53637	0.5757691792	99989.3168	0	0
neutron	939.56536	25.02288068	99989.08548	0	0
neutron	939.56536	3.038261662	99989.08548	0	0
S33	30704.55199	1.081994123	99989.08548	0	0
neutron	939.56536	4.763904696	99989.36858	0	0
S34	31632.70018	0.3321165002	99989.36858	0	0
neutron	939.56536	1.128174269	99989.32971	0	0
neutron	939.56536	0.3823207658	99989.32971	0	0
alpha	3727.379	11.10280311	99989.32971	0	0
Si29	26984.28567	2.413500455	99989.32971	0	0
neutron	939.56536	3.706574219	99989.23211	0	0
neutron	939.56536	1.727078649	99989.23211	0	0
S33	30704.55199	0.09585096485	99989.23211	0	0
neutron	939.56536	2.074833834	99988.93708	0	0
S34	31632.70018	0.3625723129	99988.93708	0	0
neutron	939.56536	1.036668201	99989.5407	0	0
S34	31632.70018	0.1517779071	99989.5407	0	0
proton	938.272013	14.25676708	99988.79149	0	0
neutron	939.56536	4.284901655	99988.79149	0	0
proton	938.272013	2.573792946	99988.79149	0	0
neutron	939.56536	2.499519356	99988.79149	0	0
neutron	939.56536	0.7209490661	99988.79149	0	0
Si30	27913.24182	1.518576603	99988.79149	0	0
S37	34430.21755	0.1372315591	99988.9354	0	0
neutron	939.56536	0.1391683669	99988.76067	0	0
Ne22	20479.73746	0.2717282811	99988.76067	0	0
neutron	939.56536	1.935925863	99988.77709	0	0
S34	31632.70018	0.02037414443	99988.77709	0	0
neutron	939.56536	1.193415455	99988.48346	0	0
neutron	939.56536	0.7790316037	99988.48346	0	0
S33	30704.55199	0.02612465381	99988.48346	0	0
Ne23	21414.10216	0.2302233012	99989.44116	0	0
neutron	939.56536	5.83820055	99989.13884	0	0
S34	31632.70018	0.3046572446	99989.13884	0	0
neutron	939.56536	2.739922061	99988.74746	0	0
S34	31632.70018	0.1149905699	99988.74746	0	0
neutron	939.56536	1.332887478	99989.47536	0	0
S34	31632.70018	0.2964012899	99989.47536	0	0
neutron	939.56536	1.338146182	99989.13088	0	0
S34	31632.70018	0.3136922912	99989.13088	0	0
neutron	939.56536	2.206025446	99989.32015	0	0
S34	31632.70018	0.2094200726	99989.32015	0	0
neutron	939.56536	18.1782147	99989.61494	0	0
neutron	939.56536	5.63703803	99989.61494	0	0
neutron	939.56536	4.250987954	99989.61494	0	0
Ne20	18617.73218	1.956622611	99989.61494	0	0
S35	32565.27968	0.1430123002	99988.57823	0	0
neutron	939.56536	6.075842849	99989.08819	0	0
neutron	939.56536	5.15287212	99989.08819	0	0
neutron	939.56536	2.246717015	99989.08819	0	0
alpha	3727.379	9.792037031	99989.08819	0	0
Si28	26053.19393	0.9769049045	99989.08819	0	0
neutron	939.56536	37.58066526	99989.07597	0	0
neutron	939.56536	8.130775136	99989.07597	0	0
neutron	939.56536	3.168786644	99989.07597	0	0
Ne20	18617.73218	2.266624718	99989.07597	0	0
Cl35	32564.60306	0.08966738175	99992.054	7.869883642	7.739582905
neutron	939.56536	0.670594379	99988.4793	0	0
S34	31632.70018	0.06593967189	99988.4793	0	0
S37	34430.21755	0.1443943012	99988.9474	0	0
S35	32565.27968	0.1591688163	99989.37503	0	0
Ne23	21414.10216	0.2227588941	99989.29088	0	0
neutron	939.56536	4.437002088	99989.29365	0	0
S34	31632.70018	0.07675872887	99989.29365	0	0
neutron	939.56536	0.5920024125	99988.73962	0	0
S34	31632.70018	0.2131837425	99988.73962	0	0
neutron	939.56536	9.394577783	99989.72205	0	0
neutron	939.56536	8.05387091	99989.72205	0	0
neutron	939.56536	2.935028787	99989.72205	0	0
Ne20	18617.73218	0.2559613094	99989.72205	0	0
S35	32565.27968	0.1418788932	99989.01837	0	0
neutron	939.56536	1.046858288	99989.00038	0	0
S34	31632.70018	0.1670293423	99989.00038	0	0
neutron	939.56536	3.014282305	99989.17629	0	0
neutron	939.56536	2.080168908	99989.17629	0	0
deuteron	1875.613	4.805331694	99989.17629	0	0
F19	17692.30285	0.5926429713	99989.17629	0	0
neutron	939.56536	0.009834812175	99988.85491	0	0
S34	31632.70018	0.1599552535	99988.85491	0	0
neutron	939.56536	1.460077816	99989.67724	0	0
S34	31632.70018	0.1498243101	99989.67724	0	0
neutron	939.56536	24.68312637	99989.24094	0	0
proton	938.272013	11.81409117	99989.24094	0	0
neutron	939.56536	5.615601655	99989.24094	0	0
neutron	939.56536	3.316561972	99989.24094	0	0
proton	938.272013	2.647586909	99989.24094	0	0
Si30	27913.24182	0.5306112137	99989.24094	0	0
neutron	939.56536	4.723057427	99988.54116	0	0
neutron	939.56536	4.57705847	99988.54116	0	0
neutron	939.56536	1.320505393	99988.54116	0	0
neutron	939.56536	1.234112007	99988.54116	0	0
alpha	3727.379	5.920177179	99988.54116	0	0
Si29	26984.28567	0.5477729342	99988.54116	0	0
S35	32565.27968	0.1395114229	99989.04073	0	0
neutron	939.56536	12.43941057	99989.63403	0	0
neutron	939.56536	6.488818803	99989.63403	0	0
neutron	939.56536	6.24292202	99989.63403	0	0
neutron	939.56536	4.696685079	99989.63403	0	0
neutron	939.56536	1.893882944	99989.63403	0	0
S32	29773.62828	2.670173928	99989.63403	0	0
S37	34430.21755	0.1391367503	99989.26975	0	0
neutron	939.56536	35.69730262	99989.25831	0	0
neutron	939.56536	15.96072562	99989.25831	0	0
neutron	939.56536	5.481070514	99989.25831	0	0
S34	31632.70018	0.9902146214	99989.25831	0	0
neutron	939.56536	12.2284469	99989.54077	0	0
neutron	939.56536	2.876964435	99989.54077	0	0
neutron	939.56536	1.280239382	99989.54077	0	0
S32	29773.62828	0.4368922047	99989.54077	0	0
neutron	939.56536	5.11234072	99988.93693	0	0
alpha	3727.379	13.0399345	99988.93693	0	0
O18	16762.02378	3.665474627	99988.93693	0	0
proton	938.272013	4.157954873	99988.61821	0	0
neutron	939.56536	0.5074905313	99988.61821	0	0
neutron	939.56536	0.09857257257	99988.61821	0	0
P32	29775.84838	0.1893862298	99988.61821	0	0
neutron	939.56536	36.90954765	99989.0831	0	0
neutron	939.56536	14.54443487	99989.0831	0	0
neutron	939.56536	2.811546923	99989.0831	0	0
alpha	3727.379	5.306108985	99989.0831	0	0
O16	14895.08153	4.784771055	99989.0831	0	0
neutron	939.56536	5.886233333	99988.59691	0	0
neutron	939.56536	4.416145198	99988.59691	0	0
neutron	939.56536	2.054580607	99988.59691	0	0
neutron	939.56536	0.2968208729	99988.59691	0	0
alpha	3727.379	6.878751026	99988.59691	0	0
Si29	26984.28567	0.2308471827	99988.59691	0	0
neutron	939.56536	11.24929931	99989.85289	0	0
neutron	939.56536	6.372966345	99989.85289	0	0
neutron	939.56536	3.005110773	99989.85289	0	0
neutron	939.56536	2.433004154	99989.85289	0	0
neutron	939.56536	0.3245374122	99989.85289	0	0
alpha	3727.379	5.00470416	99989.85289	0	0
Si28	26053.19393	2.836715996	99989.85289	0	0
Ne23	21414.10216	0.2240631787	99988.59206	0	0
neutron	939.56536	14.461039	99989.33473	0	0
neutron	939.56536	6.289709404	99989.33473	0	0
proton	938.272013	3.099530873	99989.33473	0	0
neutron	939.56536	2.970952749	99989.33473	0	0
P31	28844.21869	0.6483189927	99989.33473	0	0
Ne23	21414.10216	0.2258380947	99989.29658	0	0
S35	32565.27968	0.1550069318	99988.51849	0	0
neutron	939.56536	22.22671313	99989.81876	0	0
neutron	939.56536	20.16350063	99989.81876	0	0
neutron	939.56536	0.6330269344	99989.81876	0	0
S34	31632.70018	0.1180230452	99989.81876	0	0
S35	32565.27968	0.1674930152	99989.27233	0	0
S37	34430.21755	0.1334432275	99988.7169	0	0
neutron	939.56536	4.143044219	99988.97373	0	0
Ne22	20479.73746	0.2370443267	99988.97373	0	0
neutron	939.56536	13.56080599	99989.2071	0	0
neutron	939.56536	5.786443264	99989.2071	0	0
neutron	939.56536	3.464262982	99989.2071	0	0
proton	938.272013	2.901958516	99989.2071	0	0
P31	28844.21869	0.6581178583	99989.2071	0	0
Ne23	21414.10216	0.2138764978	99989.27923	0	0
neutron	939.56536	1.670232281	99990.12984	0	0
S36	33494.9558	0.3206272079	99990.12984	0	0
proton	938.272013	6.00286157	99989.06434	0	0
neutron	939.56536	3.278561811	99989.06434	0	0
neutron	939.56536	1.059491282	99989.06434	0	0
P32	29775.84838	0.1878414236	99989.06434	0	0
Ne23	21414.10216	0.2173990392	99988.88705	0	0
neutron	939.56536	19.70762389	99989.5239	0	0
neutron	939.56536	12.57000783	99989.5239	0	0
neutron	939.56536	6.60666127	99989.5239	0	0
alpha	3727.379	6.536174636	99989.5239	0	0
O16	14895.08153	1.395486553	99989.5239	0	0
S35	32565.27968	0.1649669872	99989.44476	0	0
proton	938.272013	11.36752514	99989.30289	0	0
neutron	939.56536	0.4298006225	99989.30289	0	0
P33	30705.30994	0.2798237699	99989.30289	0	0
Ne23	21414.10216	0.2130729166	99988.95119	0	0
neutron	939.56536	20.00553374	99988.5881	0	0
neutron	939.56536	12.72681774	99988.5881	0	0
neutron	939.56536	5.873949493	99988.5881	0	0
proton	938.272013	2.757408671	99988.5881	0	0
P31	28844.21869	0.6029920766	99988.5881	0	0
neutron	939.56536	11.6751453	99988.8224	0	0
neutron	939.56536	9.025233371	99988.8224	0	0
Ne21	19550.53637	0.08897106927	99988.8224	0	0
S35	32565.27968	0.166266035	99989.19443	0	0
neutron	939.56536	0.3955614005	99988.98934	0	0
S34	31632.70018	0.1105471444	99988.98934	0	0
S37	34430.21755	0.1384169359	99988.74078	0	0
S35	32565.27968	0.1509269219	99989.21376	0	0
neutron	939.56536	0.9703892047	99988.59837	0	0
Ne22	20479.73746	0.3749784567	99988.59837	0	0
S35	32565.27968	0.1494660934	99990.26656	0	0
neutron	939.56536	0.6197449241	99989.30411	0	0
S34	31632.70018	0.1902205916	99989.30411	0	0
neutron	939.56536	0.6716993665	99989.38302	0	0
Ne22	20479.73746	0.08604501571	99989.38302	0	0
neutron	939.56536	3.733776554	99988.19537	0	0
neutron	939.56536	1.837902582	99988.19537	0	0
S33	30704.55199	0.191805707	99988.19537	0	0
neutron	939.56536	0.5091167099	99988.82644	0	0
S34	31632.70018	0.1892423613	99988.82644	0	0
proton	938.272013	10.58768349	99989.04944	0	0
neutron	939.56536	10.18797298	99989.04944	0	0
proton	938.272013	5.954834146	99989.04944	0	0
neutron	939.56536	4.107906349	99989.04944	0	0
neutron	939.56536	2.369715382	99989.04944	0	0
neutron	939.56536	0.7062413308	99989.04944	0	0
Si29	26984.28567	0.05060602341	99989.04944	0	0
neutron	939.56536	4.290471951	99990.37549	0	0
Ne22	20479.73746	0.6417193992	99990.37549	0	0
neutron	939.56536	5.768975079	99989.73969	0	0
S36	33494.9558	0.2814805994	99989.73969	0	0
neutron	939.56536	4.425915119	99989.2528	0	0
neutron	939.56536	3.878781419	99989.2528	0	0
neutron	939.56536	1.798063471	99989.2528	0	0
alpha	3727.379	9.043513767	99989.2528	0	0
O16	14895.08153	1.335055244	99989.2528	0	0
neutron	939.56536	0.5600909295	99988.86858	0	0
S34	31632.70018	0.1031077194	99988.86858	0	0
Cl37	34424.84314	0.09044234689	99997.81493	15.2731742	15.07402584
neutron	939.56536	7.100520139	99996.57754	0	0
neutron	939.56536	5.914101723	99996.57754	0	0
neutron	939.56536	3.073581484	99996.57754	0	0
alpha	3727.379	6.433921691	99996.57754	0	0
alpha	3727.379	5.352135356	99996.57754	0	0
C12	11174.86339	2.291215428	99996.57754	0	0
neutron	939.56536	0.527913572	99988.92518	0	0
S34	31632.70018	0.2434191615	99988.92518	0	0
neutron	939.56536	1.390303856	99989.91591	0	0
Ne22	20479.73746	0.4848862404	99989.91591	0	0
neutron	939.56536	4.868900122	99989.21624	0	0
neutron	939.56536	3.666467091	99989.21624	0	0
He3	2808.391	7.479872933	99989.21624	0	0
Si30	27913.24182	0.7768393349	99989.21624	0	0
proton	938.272013	24.68070226	99989.23731	0	0
neutron	939.56536	11.35355337	99989.23731	0	0
neutron	939.56536	0.9776840961	99989.23731	0	0
neutron	939.56536	0.1192469274	99989.23731	0	0
P31	28844.21869	1.850937453	99989.23731	0	0
neutron	939.56536	12.09394938	99990.14486	0	0
neutron	939.56536	11.59359499	99990.14486	0	0
neutron	939.56536	5.901274869	99990.14486	0	0
proton	938.272013	4.234131321	99990.14486	0	0
proton	938.272013	3.019214622	99990.14486	0	0
O18	16762.02378	0.6479029439	99990.14486	0	0
neutron	939.56536	16.92344413	99989.03967	0	0
proton	938.272013	15.60236972	99989.03967	0	0
neutron	939.56536	7.157704228	99989.03967	0	0
P32	29775.84838	1.788861872	99989.03967	0	0
neutron	939.56536	1.572076039	99989.09392	0	0
neutron	939.56536	0.8202840315	99989.09392	0	0
neutron	939.56536	0.09796649875	99989.09392	0	0
Ne20	18617.73218	0.323303165	99989.09392	0	0
S35	32565.27968	0.1631688564	99989.67641	0	0
proton	938.272013	13.97740763	99989.29478	0	0
neutron	939.56536	3.413702622	99989.29478	0	0
neutron	939.56536	1.19006402	99989.29478	0	0
neutron	939.56536	0.9420141118	99989.29478	0	0
F19	17692.30285	0.0664592355	99989.29478	0	0
neutron	939.56536	27.33670197	99988.79065	0	0
proton	938.272013	5.983903315	99988.79065	0	0
neutron	939.56536	5.768267332	99988.79065	0	0
alpha	3727.379	3.472144098	99988.79065	0	0
N16	14906.01287	5.14629121	99988.79065	0	0
neutron	939.56536	35.05225786	99989.85259	0	0
neutron	939.56536	1.732921187	99989.85259	0	0
Ne21	19550.53637	2.319644916	99989.85259	0	0
neutron	939.56536	4.887578466	99989.00699	0	0
neutron	939.56536	1.274415965	99989.00699	0	0
neutron	939.56536	1.143862546	99989.00699	0	0
Ne20	18617.73218	0.2763792787	99989.00699	0	0
neutron	939.56536	18.11717789	99989.36569	0	0
neutron	939.56536	1.253696852	99989.36569	0	0
neutron	939.56536	0.8195813842	99989.36569	0	0
S34	31632.70018	0.1155971561	99989.36569	0	0
neutron	939.56536	37.6076609	99988.88273	0	0
alpha	3727.379	9.329086284	99988.88273	0	0
Si30	27913.24182	0.2533452386	99988.88273	0	0
S35	32565.27968	0.1652467616	99989.34573	0	0
neutron	939.56536	0.2813813444	99989.57507	0	0
S34	31632.70018	0.1747288467	99989.57507	0	0
neutron	939.56536	14.61060548	99988.94001	0	0
neutron	939.56536	8.615312317	99988.94001	0	0
neutron	939.56536	7.930812492	99988.94001	0	0
alpha	3727.379	3.907459725	99988.94001	0	0
O16	14895.08153	3.594512196	99988.94001	0	0
neutron	939.56536	2.120945663	99989.37577	0	0
alpha	3727.379	9.595228342	99989.37577	0	0
Si30	27913.24182	1.393929556	99989.37577	0	0
S35	32565.27968	0.152841331	99989.09075	0	0
neutron	939.56536	6.223719578	99989.39024	0	0
neutron	939.56536	5.816783733	99989.39024	0	0
neutron	939.56536	4.905828184	99989.39024	0	0
alpha	3727.379	7.742943628	99989.39024	0	0
O16	14895.08153	1.780292656	99989.39024	0	0
neutron	939.56536	0.1336050931	99989.98319	0	0
Ne22	20479.73746	0.143320758	99989.98319	0	0
neutron	939.56536	0.3006450082	99988.31246	0	0
S34	31632.70018	0.1001021652	99988.31246	0	0
Ne23	21414.10216	0.2334896448	99989.00245	0	0
neutron	939.56536	16.8267282	99988.76877	0	0
neutron	939.56536	4.696790683	99988.76877	0	0
proton	938.272013	3.214153297	99988.76877	0	0
neutron	939.56536	2.822312727	99988.76877	0	0
P33	30705.30994	1.367370108	99988.76877	0	0
S35	32565.27968	0.1396464495	99989.90353	0	0
S35	32565.27968	0.1437186178	99989.67903	0	0
neutron	939.56536	3.902087599	99989.94608	0	0
neutron	939.56536	1.263057983	99989.94608	0	0
Ne21	19550.53637	0.3477009982	99989.94608	0	0
Ne23	21414.10216	0.2131205653	99988.56075	0	0
neutron	939.56536	2.084888432	99989.76339	0	0
S34	31632.70018	0.1991517874	99989.76339	0	0
S35	32565.27968	0.1561051723	99989.44349	0	0
Ne23	21414.10216	0.2119653962	99989.36527	0	0
S35	32565.27968	0.1484901331	99989.40416	0	0
neutron	939.56536	1.66833739	99988.53834	0	0
neutron	939.56536	0.9717654983	99988.53834	0	0
deuteron	1875.613	11.31805596	99988.53834	0	0
F19	17692.30285	0.4621743886	99988.53834	0	0
neutron	939.56536	6.158085164	99989.79378	0	0
neutron	939.56536	1.353186926	99989.79378	0	0
He3	2808.391	10.70875179	99989.79378	0	0
O18	16762.02378	1.381101876	99989.79378	0	0
neutron	939.56536	12.35863403	99989.1572	0	0
neutron	939.56536	6.453796876	99989.1572	0	0
neutron	939.56536	4.723785025	99989.1572	0	0
neutron	939.56536	0.2887996301	99989.1572	0	0
S31	28849.10726	0.09171811568	99989.1572	0	0
proton	938.272013	25.26952326	99990.0654	0	0
neutron	939.56536	13.89933307	99990.0654	0	0
neutron	939.56536	0.643403121	99990.0654	0	0
F20	18625.26686	0.7288823281	99990.0654	0	0
neutron	939.56536	0.167252084	99989.45757	0	0
Ne22	20479.73746	0.1628726783	99989.45757	0	0
neutron	939.56536	0.04075586926	99990.19141	0	0
Ne22	20479.73746	0.2093645167	99990.19141	0	0
Ne23	21414.10216	0.22885912	99989.55424	0	0
neutron	939.56536	2.799026835	99988.84681	0	0
S34	31632.70018	0.03702267631	99988.84681	0	0
neutron	939.56536	12.02308505	99988.48814	0	0
neutron	939.56536	10.21003503	99988.48814	0	0
neutron	939.56536	6.351228592	99988.48814	0	0
alpha	3727.379	9.516345263	99988.48814	0	0
O16	14895.08153	0.4022555291	99988.48814	0	0
neutron	939.56536	0.6416867001	99988.88766	0	0
S34	31632.70018	0.1330441305	99988.88766	0	0
neutron	939.56536	0.8475084738	99989.20257	0	0
Ne22	20479.73746	0.2687876093	99989.20257	0	0
Ne23	21414.10216	0.2146359758	99991.58488	0	0
neutron	939.56536	0.1209613492	99990.57671	0	0
Ne22	20479.73746	0.1905316541	99990.57671	0	0
neutron	939.56536	9.273148726	99989.49656	0	0
neutron	939.56536	5.85234067	99989.49656	0	0
neutron	939.56536	0.6279547801	99989.49656	0	0
S34	31632.70018	1.032710089	99989.49656	0	0
neutron	939.56536	6.743038312	99989.24513	0	0
neutron	939.56536	2.98432762	99989.24513	0	0
neutron	939.56536	1.702557926	99989.24513	0	0
S32	29773.62828	0.7934570656	99989.24513	0	0
neutron	939.56536	4.467037551	99989.101	0	0
neutron	939.56536	2.429105411	99989.101	0	0
deuteron	1875.613	8.061538326	99989.101	0	0
P31	28844.21869	1.051697843	99989.101	0	0
neutron	939.56536	1.089979713	99989.24622	0	0
S34	31632.70018	0.1932959444	99989.24622	0	0
neutron	939.56536	12.20763609	99989.47319	0	0
proton	938.272013	4.548920959	99989.47319	0	0
proton	938.272013	2.60835186	99989.47319	0	0
neutron	939.56536	1.356305212	99989.47319	0	0
Si31	28846.21977	0.9090073869	99989.47319	0	0
S37	34430.21755	0.1386517592	99989.51497	0	0
neutron	939.56536	6.37205923	99989.42859	0	0
neutron	939.56536	6.190060907	99989.42859	0	0
neutron	939.56536	4.947351432	99989.42859	0	0
Ne20	18617.73218	0.6770929922	99989.42859	0	0
Ne23	21414.10216	0.2290370618	99989.19864	0	0
neutron	939.56536	0.100633493	99989.57211	0	0
S34	31632.70018	0.184807091	99989.57211	0	0
neutron	939.56536	0.7735488152	99989.03622	0	0
S34	31632.70018	0.1612881627	99989.03622	0	0
Ne23	21414.10216	0.2155237643	99988.69806	0	0
neutron	939.56536	20.68103501	99989.35606	0	0
proton	938.272013	8.422496844	99989.35606	0	0
proton	938.272013	6.844130208	99989.35606	0	0
neutron	939.56536	0.05249020304	99989.35606	0	0
Si31	28846.21977	1.152874758	99989.35606	0	0
proton	938.272013	6.546658487	99989.23698	0	0
neutron	939.56536	0.4673648312	99989.23698	0	0
neutron	939.56536	0.3189998716	99989.23698	0	0
P32	29775.84838	0.3220058279	99989.23698	0	0
S37	34430.21755	0.1346315502	99989.39294	0	0
neutron	939.56536	1.291263788	99988.9835	0	0
S34	31632.70018	0.03035015845	99988.9835	0	0
Ne23	21414.10216	0.2140033629	99989.64266	0	0
Ne23	21414.10216	0.218481734	99988.59643	0	0
neutron	939.56536	24.89721329	99989.70096	0	0
proton	938.272013	8.063156767	99989.70096	0	0
neutron	939.56536	2.435215446	99989.70096	0	0
P32	29775.84838	0.2588337087	99989.70096	0	0
neutron	939.56536	2.694288063	99988.77627	0	0
Ne22	20479.73746	0.3706300939	99988.77627	0	0
neutron	939.56536	0.4061532112	99989.2428	0	0
S36	33494.9558	0.08786695134	99989.2428	0	0
proton	938.272013	24.62214887	99989.26194	0	0
neutron	939.56536	7.276034911	99989.26194	0	0
proton	938.272013	7.252920454	99989.26194	0	0
neutron	939.56536	1.481195907	99989.26194	0	0
Si31	28846.21977	0.563312611	99989.26194	0	0
Ne23	21414.10216	0.2195981068	99988.13213	0	0
neutron	939.56536	0.8685605132	99989.30595	0	0
S34	31632.70018	0.1359943955	99989.30595	0	0
neutron	939.56536	2.116759428	99989.22168	0	0
S34	31632.70018	0.1676754633	99989.22168	0	0
neutron	939.56536	0.3883397731	99989.46547	0	0
Ne22	20479.73746	0.1307981645	99989.46547	0	0
Ne23	21414.10216	0.2332708978	99989.0811	0	0
neutron	939.56536	4.078074208	99989.12479	0	0
neutron	939.56536	3.464200067	99989.12479	0	0
Ne21	19550.53637	0.7898150459	99989.12479	0	0
neutron	939.56536	1.853895124	99988.92367	0	0
S36	33494.9558	0.275333498	99988.92367	0	0
neutron	939.56536	0.8414652006	99989.78133	0	0
S34	31632.70018	0.1357497161	99989.78133	0	0
neutron	939.56536	0.7514714533	99989.70794	0	0
Ne22	20479.73746	0.4145281356	99989.70794	0	0
neutron	939.56536	21.41103443	99989.31861	0	0
neutron	939.56536	4.128770425	99989.31861	0	0
neutron	939.56536	1.80758286	99989.31861	0	0
neutron	939.56536	0.4598868809	99989.31861	0	0
S33	30704.55199	0.5257224664	99989.31861	0	0
neutron	939.56536	29.56351539	99989.77049	0	0
proton	938.272013	9.295749184	99989.77049	0	0
neutron	939.56536	1.890174855	99989.77049	0	0
neutron	939.56536	0.4328356219	99989.77049	0	0
P31	28844.21869	0.526551082	99989.77049	0	0
neutron	939.56536	1.532165738	99989.08016	0	0
S34	31632.70018	0.2049939044	99989.08016	0	0
proton	938.272013	16.73302631	99988.66794	0	0
neutron	939.56536	0.3959601806	99988.66794	0	0
F21	19556.73074	0.9268440079	99988.66794	0	0
neutron	939.56536	1.703586966	99989.21975	0	0
Ne22	20479.73746	0.2366996655	99989.21975	0	0
neutron	939.56536	1.198629908	99989.0518	0	0
S36	33494.9558	0.0937605527	99989.0518	0	0
neutron	939.56536	1.944262645	99989.61891	0	0
S34	31632.70018	0.084732553	99989.61891	0	0
neutron	939.56536	1.162025299	99989.84097	0	0
S34	31632.70018	0.2376759056	99989.84097	0	0
neutron	939.56536	0.1919348141	99988.95433	0	0
S34	31632.70018	0.1510964594	99988.95433	0	0
S37	34430.21755	0.1432355475	99989.39941	0	0
Ne23	21414.10216	0.2091079663	99989.83993	0	0
neutron	939.56536	1.415186028	99989.20838	0	0
S34	31632.70018	0.1351205322	99989.20838	0	0
Ne23	21414.10216	0.2284228929	99988.94831	0	0
neutron	939.56536	0.2805918632	99989.10485	0	0
S34	31632.70018	0.1595313477	99989.10485	0	0
neutron	939.56536	1.481005676	99988.8602	0	0
S36	33494.9558	0.06774371224	99988.8602	0	0
Ne23	21414.10216	0.2192693886	99989.49671	0	0
neutron	939.56536	0.9273101084	99988.92422	0	0
S36	33494.9558	0.1802034341	99988.92422	0	0
neutron	939.56536	4.640258694	99988.91094	0	0
deuteron	1875.613	2.952760997	99988.91094	0	0
P32	29775.84838	0.5475646466	99988.91094	0	0
neutron	939.56536	9.15627034	99989.18867	0	0
neutron	939.56536	5.557611166	99989.18867	0	0
alpha	3727.379	3.853981817	99989.18867	0	0
O17	15830.5038	0.6121956889	99989.18867	0	0
neutron	939.56536	7.540631787	99988.98566	0	0
neutron	939.56536	6.929736419	99988.98566	0	0
neutron	939.56536	0.5838674939	99988.98566	0	0
Ne20	18617.73218	0.6407511442	99988.98566	0	0
proton	938.272013	6.530115409	99989.13862	0	0
proton	938.272013	5.831295398	99989.13862	0	0
neutron	939.56536	4.92111614	99989.13862	0	0
neutron	939.56536	3.85935182	99989.13862	0	0
neutron	939.56536	0.4147872923	99989.13862	0	0
Si30	27913.24182	0.9363924528	99989.13862	0	0
neutron	939.56536	7.86874676	99989.04195	0	0
S34	31632.70018	0.2584309331	99989.04195	0	0
S35	32565.27968	0.1597189238	99988.37315	0	0
neutron	939.56536	2.205475034	99988.70143	0	0
S34	31632.70018	0.02789468008	99988.70143	0	0
neutron	939.56536	15.72405029	99989.29168	0	0
proton	938.272013	3.78087731	99989.29168	0	0
P33	30705.30994	0.5194998101	99989.29168	0	0
neutron	939.56536	0.119310442	99988.56814	0	0
Ne22	20479.73746	0.186796094	99988.56814	0	0
S35	32565.27968	0.1586381844	99989.50483	0	0
neutron	939.56536	0.4189186316	99989.62396	0	0
S34	31632.70018	0.1382470685	99989.62396	0	0
Ne23	21414.10216	0.2326339415	99988.73354	0	0
neutron	939.56536	9.370309223	99989.29636	0	0
neutron	939.56536	5.207706802	99989.29636	0	0
neutron	939.56536	0.8793292983	99989.29636	0	0
Ne20	18617.73218	0.7792644031	99989.29636	0	0
neutron	939.56536	7.067766824	99988.84192	0	0
neutron	939.56536	2.44765852	99988.84192	0	0
neutron	939.56536	2.408839008	99988.84192	0	0
S34	31632.70018	0.9533240258	99988.84192	0	0
neutron	939.56536	33.39305245	99989.14927	0	0
neutron	939.56536	15.36143921	99989.14927	0	0
neutron	939.56536	3.958042146	99989.14927	0	0
Ne20	18617.73218	0.8499519925	99989.14927	0	0
Ne23	21414.10216	0.2163695583	99989.24402	0	0
neutron	939.56536	4.669302458	99988.51766	0	0
neutron	939.56536	1.685122903	99988.51766	0	0
neutron	939.56536	1.628527753	99988.51766	0	0
S34	31632.70018	0.4000129916	99988.51766	0	0
neutron	939.56536	39.98318191	99989.22659	0	0
proton	938.272013	5.359080939	99989.22659	0	0
neutron	939.56536	0.3932094885	99989.22659	0	0
P32	29775.84838	0.6663144668	99989.22659	0	0
Ne23	21414.10216	0.211659597	99989.04279	0	0
S35	32565.27968	0.155143496	99989.28244	0	0
neutron	939.56536	0.7725237029	99989.0198	0	0
Ne22	20479.73746	0.2489211218	99989.0198	0	0
neutron	939.56536	0.1639605767	99988.99183	0	0
Ne22	20479.73746	0.1930961287	99988.99183	0	0
proton	938.272013	45.66959444	99989.06431	0	0
neutron	939.56536	6.909826127	99989.06431	0	0
proton	938.272013	5.685542978	99989.06431	0	0
neutron	939.56536	0.7974361084	99989.06431	0	0
Si31	28846.21977	1.260813499	99989.06431	0	0
neutron	939.56536	4.503199519	99989.05996	0	0
neutron	939.56536	0.6628106872	99989.05996	0	0
Ne21	19550.53637	0.5802542574	99989.05996	0	0
neutron	939.56536	2.01141876	99990.15049	0	0
S34	31632.70018	0.1385795309	99990.15049	0	0
S35	32565.27968	0.1597967703	99989.48414	0	0
S35	32565.27968	0.1442730627	99989.40667	0	0
neutron	939.56536	0.61523814	99989.03133	0	0
S34	31632.70018	0.2416728162	99989.03133	0	0
S35	32565.27968	0.1560384877	99989.80896	0	0
neutron	939.56536	0.8323768251	99989.16842	0	0
S36	33494.9558	0.1953929586	99989.16842	0	0
neutron	939.56536	4.578499276	99989.23953	0	0
proton	938.272013	3.041952846	99989.23953	0	0
neutron	939.56536	2.166910912	99989.23953	0	0
neutron	939.56536	0.7304543631	99989.23953	0	0
P31	28844.21869	0.2045409597	99989.23953	0	0
neutron	939.56536	4.48164147	99989.21928	0	0
neutron	939.56536	3.030065116	99989.21928	0	0
neutron	939.56536	2.075036582	99989.21928	0	0
proton	938.272013	1.976947258	99989.21928	0	0
F19	17692.30285	0.859435905	99989.21928	0	0
Ne23	21414.10216	0.2317187647	99989.40298	0	0
neutron	939.56536	0.3322743028	99989.3057	0	0
Ne22	20479.73746	0.3450274603	99989.3057	0	0
neutron	939.56536	0.7781375229	99988.24732	0	0
S34	31632.70018	0.1571399314	99988.24732	0	0
neutron	939.56536	1.806959515	99989.38649	0	0
S34	31632.70018	0.3246162609	99989.38649	0	0
proton	938.272013	7.757989751	99988.8863	0	0
neutron	939.56536	0.6517198373	99988.8863	0	0
P33	30705.30994	0.3045654894	99988.8863	0	0
S37	34430.21755	0.1292894957	99989.01318	0	0
proton	938.272013	30.7238346	99988.93654	0	0
neutron	939.56536	5.581923452	99988.93654	0	0
neutron	939.56536	0.4226222598	99988.93654	0	0
P32	29775.84838	2.380326623	99988.93654	0	0
neutron	939.56536	1.613294199	99989.26993	0	0
S34	31632.70018	0.26948069	99989.26993	0	0
S35	32565.27968	0.1508425659	99989.73343	0	0
neutron	939.56536	1.599291749	99989.47416	0	0
S34	31632.70018	0.1158685419	99989.47416	0	0
S35	32565.27968	0.1512352784	99989.77641	0	0
proton	938.272013	5.208762905	99989.65364	0	0
neutron	939.56536	1.967993489	99989.65364	0	0
P33	30705.30994	0.2161155818	99989.65364	0	0
S35	32565.27968	0.135209004	99988.8655	0	0
neutron	939.56536	0.5920159847	99989.66485	0	0
Ne22	20479.73746	0.2601885489	99989.66485	0	0
neutron	939.56536	14.9358571	99989.96031	0	0
neutron	939.56536	5.731430735	99989.96031	0	0
neutron	939.56536	3.979875163	99989.96031	0	0
Ne20	18617.73218	0.3041354733	99989.96031	0	0
neutron	939.56536	0.8285015705	99989.75697	0	0
S34	31632.70018	0.1158830811	99989.75697	0	0
S37	34430.21755	0.141286065	99989.60388	0	0
neutron	939.56536	20.60489138	99989.22431	0	0
neutron	939.56536	3.34526403	99989.22431	0	0
neutron	939.56536	2.160721854	99989.22431	0	0
S34	31632.70018	1.36976574	99989.22431	0	0
Ne23	21414.10216	0.2194555253	99989.86416	0	0
proton	938.272013	5.084504979	99989.62432	0	0
neutron	939.56536	3.859469685	99989.62432	0	0
P33	30705.30994	0.4358871642	99989.62432	0	0
proton	938.272013	5.323303545	99988.35072	0	0
proton	938.272013	3.577085162	99988.35072	0	0
neutron	939.56536	3.265050234	99988.35072	0	0
Si32	29776.58515	0.5964745477	99988.35072	0	0
neutron	939.56536	3.523071066	99988.88186	0	0
S36	33494.9558	0.3083465194	99988.88186	0	0
Ne23	21414.10216	0.2105339831	99989.27178	0	0
neutron	939.56536	10.35328733	99989.10632	0	0
neutron	939.56536	1.110076899	99989.10632	0	0
S33	30704.55199	0.4266744053	99989.10632	0	0
neutron	939.56536	33.57683521	99990.08763	0	0
neutron	939.56536	6.591125592	99990.08763	0	0
neutron	939.56536	1.660612193	99990.08763	0	0
neutron	939.56536	0.6925729014	99990.08763	0	0
S33	30704.55199	1.97301448	99990.08763	0	0
S35	32565.27968	0.1560891481	99989.55511	0	0
Ne23	21414.10216	0.2177727347	99988.94558	0	0
neutron	939.56536	38.16783219	99989.47635	0	0
neutron	939.56536	20.94034147	99989.47635	0	0
neutron	939.56536	0.5729905366	99989.47635	0	0
Ne20	18617.73218	3.379790747	99989.47635	0	0
neutron	939.56536	17.70306323	99988.849	0	0
neutron	939.56536	2.380770313	99988.849	0	0
neutron	939.56536	1.580859161	99988.849	0	0
S32	29773.62828	0.4587661623	99988.849	0	0
neutron	939.56536	0.1234125329	99988.8099	0	0
S34	31632.70018	0.189603007	99988.8099	0	0
neutron	939.56536	1.253410751	99989.50807	0	0
S36	33494.9558	0.2236450047	99989.50807	0	0
S35	32565.27968	0.1616984246	99990.23251	0	0
neutron	939.56536	21.07049389	99989.07182	0	0
neutron	939.56536	4.581483732	99989.07182	0	0
triton	2808.921	4.577940403	99989.07182	0	0
deuteron	1875.613	3.064776831	99989.07182	0	0
O16	14895.08153	1.885843618	99989.07182	0	0
neutron	939.56536	2.719127274	99988.93928	0	0
neutron	939.56536	0.4800500936	99988.93928	0	0
Ne21	19550.53637	0.1446201541	99988.93928	0	0
neutron	939.56536	0.3757355712	99988.55917	0	0
Ne22	20479.73746	0.2535743063	99988.55917	0	0
neutron	939.56536	10.6477115	99988.81079	0	0
neutron	939.56536	6.695319267	99988.81079	0	0
proton	938.272013	3.268589475	99988.81079	0	0
neutron	939.56536	0.8843024065	99988.81079	0	0
P31	28844.21869	0.1008117725	99988.81079	0	0
neutron	939.56536	18.85014344	99988.99114	0	0
neutron	939.56536	11.82684459	99988.99114	0	0
deuteron	1875.613	6.725492395	99988.99114	0	0
alpha	3727.379	3.592367637	99988.99114	0	0
N15	13968.93638	4.466267188	99988.99114	0	0
proton	938.272013	38.68811799	99988.6687	0	0
neutron	939.56536	4.12274658	99988.6687	0	0
neutron	939.56536	0.4436327073	99988.6687	0	0
P32	29775.84838	1.253030985	99988.6687	0	0
neutron	939.56536	0.733688025	99988.86288	0	0
Ne22	20479.73746	0.1327437349	99988.86288	0	0
Ne23	21414.10216	0.2191215774	99988.92897	0	0
proton	938.272013	12.99666221	99988.42799	0	0
neutron	939.56536	2.028916204	99988.42799	0	0
neutron	939.56536	1.074641087	99988.42799	0	0
F20	18625.26686	0.2744130694	99988.42799	0	0
neutron	939.56536	21.38579358	99989.58782	0	0
neutron	939.56536	3.412247071	99989.58782	0	0
neutron	939.56536	2.848195956	99989.58782	0	0
S32	29773.62828	0.1990964712	99989.58782	0	0
neutron	939.56536	1.494615448	99988.93531	0	0
Ne22	20479.73746	0.1698652	99988.93531	0	0
neutron	939.56536	5.702906273	99989.28045	0	0
neutron	939.56536	3.522248199	99989.28045	0	0
neutron	939.56536	2.871724233	99989.28045	0	0
alpha	3727.379	6.117792128	99989.28045	0	0
O16	14895.08153	2.442135448	99989.28045	0	0
neutron	939.56536	15.50209594	99990.12413	0	0
neutron	939.56536	10.67412642	99990.12413	0	0
neutron	939.56536	6.676624928	99990.12413	0	0
Ne20	18617.73218	0.4756872639	99990.12413	0	0
neutron	939.56536	0.6116371776	99988.50313	0	0
Ne22	20479.73746	0.2662861989	99988.50313	0	0
neutron	939.56536	0.2432500739	99989.5504	0	0
Ne22	20479.73746	0.1496794723	99989.5504	0	0
S35	32565.27968	0.1501353299	99990.60124	0	0
Ne23	21414.10216	0.2091959308	99989.75832	0	0
Ne23	21414.10216	0.230568999	99989.92828	0	0
neutron	939.56536	2.537241274	99988.37461	0	0
S34	31632.70018	0.3933291681	99988.37461	0	0
S35	32565.27968	0.1658993504	99990.1143	0	0
neutron	939.56536	19.33099955	99989.76145	0	0
proton	938.272013	6.751278213	99989.76145	0	0
neutron	939.56536	3.310119006	99989.76145	0	0
neutron	939.56536	1.656273489	99989.76145	0	0
neutron	939.56536	0.8022756343	99989.76145	0	0
P32	29775.84838	0.4305271885	99989.76145	0	0
neutron	939.56536	3.020430504	99989.58373	0	0
S36	33494.9558	0.1664011706	99989.58373	0	0
S35	32565.27968	0.157578214	99988.98635	0	0
neutron	939.56536	1.977966122	99989.59207	0	0
S34	31632.70018	0.2946407237	99989.59207	0	0
Ne23	21414.10216	0.2231280512	99989.23959	0	0
neutron	939.56536	24.88307531	99988.50976	0	0
proton	938.272013	3.413466512	99988.50976	0	0
neutron	939.56536	1.377823339	99988.50976	0	0
neutron	939.56536	0.4718716497	99988.50976	0	0
P31	28844.21869	0.9216151833	99988.50976	0	0
S35	32565.27968	0.1526933893	99989.53579	0	0
neutron	939.56536	0.490415293	99990.09426	0	0
S34	31632.70018	0.07202476418	99990.09426	0	0
neutron	939.56536	3.641422296	99988.11979	0	0
S34	31632.70018	0.3474145176	99988.11979	0	0
neutron	939.56536	7.463215583	99989.40086	0	0
neutron	939.56536	6.824691027	99989.40086	0	0
neutron	939.56536	3.490778415	99989.40086	0	0
neutron	939.56536	0.3821071376	99989.40086	0	0
S33	30704.55199	0.2292616296	99989.40086	0	0
neutron	939.56536	7.594753029	99988.98205	0	0
neutron	939.56536	0.839537631	99988.98205	0	0
Ne21	19550.53637	0.1219940261	99988.98205	0	0
neutron	939.56536	21.53395132	99989.5274	0	0
proton	938.272013	4.057278966	99989.5274	0	0
neutron	939.56536	3.056400808	99989.5274	0	0
deuteron	1875.613	4.569286999	99989.5274	0	0
Si30	27913.24182	0.6803589663	99989.5274	0	0
neutron	939.56536	7.259179506	99988.85714	0	0
proton	938.272013	4.149980689	99988.85714	0	0
neutron	939.56536	3.426733592	99988.85714	0	0
neutron	939.56536	3.058464335	99988.85714	0	0
F19	17692.30285	1.067480781	99988.85714	0	0
neutron	939.56536	0.1941313102	99988.80582	0	0
S34	31632.70018	0.1086825786	99988.80582	0	0
neutron	939.56536	10.08755242	99989.15107	0	0
proton	938.272013	3.909982465	99989.15107	0	0
neutron	939.56536	2.656333186	99989.15107	0	0
neutron	939.56536	0.1105474315	99989.15107	0	0
F19	17692.30285	0.6342634386	99989.15107	0	0
neutron	939.56536	17.44646668	99989.29881	0	0
proton	938.272013	6.477049495	99989.29881	0	0
proton	938.272013	4.565848226	99989.29881	0	0
neutron	939.56536	2.997967913	99989.29881	0	0
Si31	28846.21977	1.874760811	99989.29881	0	0
neutron	939.56536	0.46273538	99988.74053	0	0
S34	31632.70018	0.09914039625	99988.74053	0	0
neutron	939.56536	9.09006587	99989.60812	0	0
Ne22	20479.73746	0.9871423474	99989.60812	0	0
neutron	939.56536	0.07384415376	99989.19481	0	0
S34	31632.70018	0.1825142676	99989.19481	0	0
neutron	939.56536	0.3440386812	99989.00191	0	0
S34	31632.70018	0.1805486481	99989.00191	0	0
neutron	939.56536	0.3475515492	99989.24598	0	0
S34	31632.70018	0.1890907338	99989.24598	0	0
Ne23	21414.10216	0.2215413568	99989.45781	0	0
neutron	939.56536	1.508210496	99989.50908	0	0
S34	31632.70018	0.199994297	99989.50908	0	0
S35	32565.27968	0.1538616415	99989.11653	0	0
proton	938.272013	13.6165135	99989.12149	0	0
neutron	939.56536	0.287720203	99989.12149	0	0
P33	30705.30994	0.53904139	99989.12149	0	0
neutron	939.56536	0.2406804755	99988.97915	0	0
S36	33494.9558	0.09415930635	99988.97915	0	0
Ne23	21414.10216	0.2324036317	99989.22375	0	0
neutron	939.56536	1.115835132	99989.22802	0	0
S34	31632.70018	0.2449008198	99989.22802	0	0
neutron	939.56536	0.906799644	99988.83286	0	0
S34	31632.70018	0.06936871437	99988.83286	0	0
S35	32565.27968	0.1501303568	99988.94675	0	0
Ne23	21414.10216	0.214285072	99988.74803	0	0
neutron	939.56536	2.211281836	99988.9182	0	0
S34	31632.70018	0.2603211602	99988.9182	0	0
proton	938.272013	15.32106326	99989.04316	0	0
neutron	939.56536	6.787383963	99989.04316	0	0
neutron	939.56536	2.333071656	99989.04316	0	0
F20	18625.26686	0.3523293579	99989.04316	0	0
neutron	939.56536	0.2811083026	99988.72027	0	0
S34	31632.70018	0.09878632219	99988.72027	0	0
neutron	939.56536	1.692786853	99989.10501	0	0
Ne22	20479.73746	0.05167133255	99989.10501	0	0
neutron	939.56536	1.219033648	99989.26315	0	0
Ne22	20479.73746	0.05409182146	99989.26315	0	0
S35	32565.27968	0.1624001024	99989.43107	0	0
neutron	939.56536	32.83707966	99988.97896	0	0
neutron	939.56536	27.91616566	99988.97896	0	0
neutron	939.56536	2.374225468	99988.97896	0	0
Ne20	18617.73218	3.806098095	99988.97896	0	0
neutron	939.56536	2.514512381	99989.02296	0	0
S36	33494.9558	0.314743049	99989.02296	0	0
neutron	939.56536	3.945150585	99989.34311	0	0
proton	938.272013	2.41750948	99989.34311	0	0
P33	30705.30994	0.6681466265	99989.34311	0	0
neutron	939.56536	2.021177958	99988.61971	0	0
neutron	939.56536	1.428297089	99988.61971	0	0
S35	32565.27968	0.1475332777	99988.61971	0	0
neutron	939.56536	3.066578229	99989.2991	0	0
S34	31632.70018	0.3018479462	99989.2991	0	0
neutron	939.56536	0.4601203845	99989.21561	0	0
S34	31632.70018	0.192575113	99989.21561	0	0
neutron	939.56536	2.78700479	99989.50716	0	0
S34	31632.70018	0.1833350104	99989.50716	0	0
neutron	939.56536	3.442797795	99989.60611	0	0
neutron	939.56536	3.068488221	99989.60611	0	0
neutron	939.56536	0.3104275632	99989.60611	0	0
S32	29773.62828	0.05393571148	99989.60611	0	0
neutron	939.56536	0.3179219618	99989.39373	0	0
Ne22	20479.73746	0.2484395414	99989.39373	0	0
neutron	939.56536	1.47201512	99990.38572	0	0
Ne22	20479.73746	0.2871728313	99990.38572	0	0
neutron	939.56536	0.6104601362	99988.91689	0	0
S34	31632.70018	0.1342073214	99988.91689	0	0
neutron	939.56536	0.1520935841	99989.84176	0	0
Ne22	20479.73746	0.1712206874	99989.84176	0	0
S35	32565.27968	0.1598123795	99989.21991	0	0
neutron	939.56536	1.96137071	99989.12719	0	0
S34	31632.70018	0.2390219539	99989.12719	0	0
S35	32565.27968	0.1482203683	99988.81327	0	0
neutron	939.56536	0.6380625882	99989.43723	0	0
triton	2808.921	12.97860624	99989.43723	0	0
F19	17692.30285	1.691077684	99989.43723	0	0
neutron	939.56536	0.9369988285	99988.62143	0	0
Ne22	20479.73746	0.1336881915	99988.62143	0	0
neutron	939.56536	1.169405601	99989.67623	0	0
S34	31632.70018	0.06086208165	99989.67623	0	0
Ne23	21414.10216	0.2326565991	99989.20807	0	0
neutron	939.56536	2.160809445	99989.11772	0	0
S34	31632.70018	0.1636605828	99989.11772	0	0
neutron	939.56536	0.8254279384	99989.17835	0	0
Ne22	20479.73746	0.3451226857	99989.17835	0	0
neutron	939.56536	1.450226863	99988.81941	0	0
S34	31632.70018	0.1749611248	99988.81941	0	0
neutron	939.56536	0.4452118868	99988.84518	0	0
Ne22	20479.73746	0.1330109424	99988.84518	0	0
S35	32565.27968	0.1427980223	99989.82072	0	0
Ne23	21414.10216	0.224593762	99989.32642	0	0
neutron	939.56536	0.7037334333	99988.58486	0	0
S34	31632.70018	0.1442980475	99988.58486	0	0
neutron	939.56536	21.66992053	99989.19874	0	0
neutron	939.56536	11.75854377	99989.19874	0	0
neutron	939.56536	3.742175644	99989.19874	0	0
Ne20	18617.73218	2.377871384	99989.19874	0	0
neutron	939.56536	29.11521845	99989.22195	0	0
neutron	939.56536	15.92376636	99989.22195	0	0
neutron	939.56536	1.154590388	99989.22195	0	0
S34	31632.70018	0.2986023799	99989.22195	0	0
neutron	939.56536	0.4003878568	99989.18209	0	0
Ne22	20479.73746	0.2315057159	99989.18209	0	0
S37	34430.21755	0.1440920181	99988.86016	0	0
neutron	939.56536	2.271246935	99989.13757	0	0
Ne22	20479.73746	0.1148143	99989.13757	0	0
Ne23	21414.10216	0.1980972622	99989.48676	0	0
neutron	939.56536	11.81910941	99989.42172	0	0
neutron	939.56536	3.010353534	99989.42172	0	0
neutron	939.56536	0.847654979	99989.42172	0	0
Ne20	18617.73218	0.6917358208	99989.42172	0	0
neutron	939.56536	6.191165628	99988.78114	0	0
proton	938.272013	6.129991279	99988.78114	0	0
neutron	939.56536	0.228563063	99988.78114	0	0
P32	29775.84838	0.2571777379	99988.78114	0	0
neutron	939.56536	1.980241369	99988.70416	0	0
S34	31632.70018	0.3515118136	99988.70416	0	0
neutron	939.56536	10.53438458	99989.2595	0	0
neutron	939.56536	6.493554424	99989.2595	0	0
proton	938.272013	3.209459477	99989.2595	0	0
deuteron	1875.613	6.532157379	99989.2595	0	0
Si30	27913.24182	0.5728283763	99989.2595	0	0
neutron	939.56536	0.5399451478	99988.77373	0	0
Ne22	20479.73746	0.2812095814	99988.77373	0	0
neutron	939.56536	4.106090007	99989.53614	0	0
alpha	3727.379	11.8794534	99989.53614	0	0
O18	16762.02378	2.974459235	99989.53614	0	0
neutron	939.56536	12.56953403	99988.49527	0	0
proton	938.272013	4.01234319	99988.49527	0	0
proton	938.272013	2.726713348	99988.49527	0	0
neutron	939.56536	1.961720412	99988.49527	0	0
neutron	939.56536	0.9793360904	99988.49527	0	0
neutron	939.56536	0.5024127904	99988.49527	0	0
Si29	26984.28567	0.05908303002	99988.49527	0	0
neutron	939.56536	0.9306307534	99989.49969	0	0
S34	31632.70018	0.06793814183	99989.49969	0	0
S35	32565.27968	0.1564471556	99989.7264	0	0
proton	938.272013	50.22247563	99989.3918	0	0
proton	938.272013	8.20656975	99989.3918	0	0
neutron	939.56536	2.965384306	99989.3918	0	0
Si32	29776.58515	2.193594347	99989.3918	0	0
neutron	939.56536	28.99577562	99989.33417	0	0
proton	938.272013	25.68725833	99989.33417	0	0
F21	19556.73074	0.7130361011	99989.33417	0	0
neutron	939.56536	3.909877858	99989.08276	0	0
Ne22	20479.73746	0.542615353	99989.08276	0	0
neutron	939.56536	6.150627793	99989.49295	0	0
neutron	939.56536	0.874547191	99989.49295	0	0
alpha	3727.379	5.587453593	99989.49295	0	0
O17	15830.5038	2.62383394	99989.49295	0	0
Ne23	21414.10216	0.2127261318	99989.53569	0	0
neutron	939.56536	7.739372687	99989.03713	0	0
neutron	939.56536	0.6441881226	99989.03713	0	0
neutron	939.56536	0.3986628761	99989.03713	0	0
Ne20	18617.73218	0.8867150997	99989.03713	0	0
neutron	939.56536	0.6889223553	99989.0094	0	0
Ne22	20479.73746	0.157045425	99989.0094	0	0
neutron	939.56536	0.7221043653	99988.85361	0	0
S34	31632.70018	0.06582311428	99988.85361	0	0
Ne23	21414.10216	0.2194004556	99989.18093	0	0
S35	32565.27968	0.1506864156	99988.88731	0	0
neutron	939.56536	0.287152894	99989.05398	0	0
S36	33494.9558	0.0747218843	99989.05398	0	0
neutron	939.56536	19.07423482	99989.48003	0	0
neutron	939.56536	10.83167574	99989.48003	0	0
proton	938.272013	8.583433396	99989.48003	0	0
neutron	939.56536	6.113295696	99989.48003	0	0
proton	938.272013	2.113641159	99989.48003	0	0
Si30	27913.24182	0.4384688101	99989.48003	0	0
neutron	939.56536	2.335432118	99988.88114	0	0
neutron	939.56536	1.221774159	99988.88114	0	0
neutron	939.56536	0.5924783196	99988.88114	0	0
S32	29773.62828	0.05530648504	99988.88114	0	0
neutron	939.56536	6.262153107	99988.4269	0	0
neutron	939.56536	2.036486852	99988.4269	0	0
Ne21	19550.53637	1.018872738	99988.4269	0	0
Ne23	21414.10216	0.2016546146	99989.26599	0	0
proton	938.272013	19.45559119	99989.3124	0	0
neutron	939.56536	6.348647343	99989.3124	0	0
proton	938.272013	3.366852569	99989.3124	0	0
neutron	939.56536	0.3968955039	99989.3124	0	0
alpha	3727.379	6.750321971	99989.3124	0	0
Mg29	26996.59748	2.463396466	99989.3124	0	0
neutron	939.56536	5.250908871	99989.90353	0	0
S34	31632.70018	0.3979733317	99989.90353	0	0
Ne23	21414.10216	0.231303061	99989.74881	0	0
neutron	939.56536	0.1748426075	99989.83997	0	0
S36	33494.9558	0.1209994033	99989.83997	0	0
Ne23	21414.10216	0.2161803391	99989.59087	0	0
neutron	939.56536	30.83393468	99989.03163	0	0
proton	938.272013	4.06583768	99989.03163	0	0
proton	938.272013	3.004077983	99989.03163	0	0
Si32	29776.58515	0.7856404146	99989.03163	0	0
neutron	939.56536	28.34191147	99988.82968	0	0
neutron	939.56536	7.298567476	99988.82968	0	0
neutron	939.56536	3.387791824	99988.82968	0	0
alpha	3727.379	5.483697976	99988.82968	0	0
O16	14895.08153	2.34503048	99988.82968	0	0
neutron	939.56536	45.3917097	99989.01736	0	0
neutron	939.56536	19.58548799	99989.01736	0	0
neutron	939.56536	0.497168424	99989.01736	0	0
S32	29773.62828	1.766191762	99989.01736	0	0
neutron	939.56536	31.81436947	99989.27835	0	0
proton	938.272013	11.42074515	99989.27835	0	0
proton	938.272013	4.598120851	99989.27835	0	0
neutron	939.56536	4.505818317	99989.27835	0	0
neutron	939.56536	3.67840679	99989.27835	0	0
Si30	27913.24182	1.15943579	99989.27835	0	0
neutron	939.56536	0.5253382693	99988.84167	0	0
S34	31632.70018	0.1216990366	99988.84167	0	0
neutron	939.56536	3.610987405	99989.26107	0	0
S34	31632.70018	0.1694333434	99989.26107	0	0
Ne23	21414.10216	0.2244611023	99989.45234	0	0
neutron	939.56536	0.5412822058	99989.77587	0	0
S34	31632.70018	0.2009872866	99989.77587	0	0
proton	938.272013	12.19642378	99988.60725	0	0
neutron	939.56536	3.596606636	99988.60725	0	0
neutron	939.56536	0.524676427	99988.60725	0	0
F20	18625.26686	0.3421974871	99988.60725	0	0
neutron	939.56536	14.05839615	99989.24187	0	0
neutron	939.56536	3.922568246	99989.24187	0	0
neutron	939.56536	3.105004264	99989.24187	0	0
alpha	3727.379	9.959300246	99989.24187	0	0
O16	14895.08153	2.201408027	99989.24187	0	0
neutron	939.56536	30.72356109	99990.15334	0	0
neutron	939.56536	26.2031468	99990.15334	0	0
neutron	939.56536	1.934654678	99990.15334	0	0
S32	29773.62828	0.1518169512	99990.15334	0	0
neutron	939.56536	0.2911798844	99990.423	0	0
S36	33494.9558	0.113638841	99990.423	0	0
Ne23	21414.10216	0.2273832378	99989.11997	0	0
Ne23	21414.10216	0.2342848691	99989.06369	0	0
Ne23	21414.10216	0.2355142251	99988.92089	0	0
neutron	939.56536	4.761892342	99989.24617	0	0
S34	31632.70018	0.06284466845	99989.24617	0	0
neutron	939.56536	0.1851887828	99989.0003	0	0
Ne22	20479.73746	0.1505921986	99989.0003	0	0
neutron	939.56536	0.02016173678	99989.37626	0	0
S36	33494.9558	0.1528437855	99989.37626	0	0
S37	34430.21755	0.1391665937	99989.03659	0	0
neutron	939.56536	0.8080476533	99988.25859	0	0
deuteron	1875.613	8.101168082	99988.25859	0	0
alpha	3727.379	11.09525058	99988.25859	0	0
Al28	26058.3459	1.82440618	99988.25859	0	0
S35	32565.27968	0.146963626	99988.57045	0	0
neutron	939.56536	11.41749576	99989.03148	0	0
neutron	939.56536	0.7889313368	99989.03148	0	0
S33	30704.55199	0.6882889864	99989.03148	0	0
neutron	939.56536	0.9193510365	99988.85435	0	0
S34	31632.70018	0.1179587368	99988.85435	0	0
neutron	939.56536	0.9011604101	99988.80492	0	0
Ne22	20479.73746	0.3008839172	99988.80492	0	0
S37	34430.21755	0.1390388722	99989.23199	0	0
neutron	939.56536	0.4635544019	99989.47819	0	0
S34	31632.70018	0.1732682627	99989.47819	0	0
neutron	939.56536	2.731079267	99988.95896	0	0
Ne22	20479.73746	0.4720620251	99988.95896	0	0
neutron	939.56536	0.1558617938	99988.99777	0	0
S34	31632.70018	0.2070652055	99988.99777	0	0
neutron	939.56536	9.392281706	99988.89806	0	0
neutron	939.56536	4.60682966	99988.89806	0	0
proton	938.272013	4.360595594	99988.89806	0	0
P32	29775.84838	0.06382706737	99988.89806	0	0
neutron	939.56536	15.29079864	99989.03833	0	0
proton	938.272013	6.241404325	99989.03833	0	0
neutron	939.56536	1.394139184	99989.03833	0	0
P32	29775.84838	0.3454456977	99989.03833	0	0
neutron	939.56536	0.7271001073	99989.8074	0	0
S34	31632.70018	0.1035884788	99989.8074	0	0
neutron	939.56536	0.1018515422	99989.45305	0	0
S34	31632.70018	0.1125391016	99989.45305	0	0
neutron	939.56536	2.329824443	99988.70248	0	0
neutron	939.56536	1.599973434	99988.70248	0	0
neutron	939.56536	1.521825558	99988.70248	0	0
neutron	939.56536	0.0364268884	99988.70248	0	0
S33	30704.55199	0.4951680817	99988.70248	0	0
proton	938.272013	6.698719644	99989.98415	0	0
neutron	939.56536	6.609682891	99989.98415	0	0
neutron	939.56536	5.052682758	99989.98415	0	0
neutron	939.56536	0.2367728311	99989.98415	0	0
P31	28844.21869	0.1716827261	99989.98415	0	0
neutron	939.56536	0.6275023716	99988.58591	0	0
S34	31632.70018	0.1384945845	99988.58591	0	0
neutron	939.56536	0.4973495748	99989.34681	0	0
S36	33494.9558	0.1542094383	99989.34681	0	0
S37	34430.21755	0.1332736772	99989.33084	0	0
Ne23	21414.10216	0.2156400548	99989.4115	0	0
Ne23	21414.10216	0.2255603968	99988.75179	0	0
neutron	939.56536	8.385359908	99989.58954	0	0
neutron	939.56536	5.717166118	99989.58954	0	0
proton	938.272013	3.114245943	99989.58954	0	0
P32	29775.84838	0.2942682016	99989.58954	0	0
neutron	939.56536	0.661926824	99989.13779	0	0
S34	31632.70018	0.2686874219	99989.13779	0	0
proton	938.272013	6.418800435	99989.83721	0	0
neutron	939.56536	0.4927821668	99989.83721	0	0
P33	30705.30994	0.2803666468	99989.83721	0	0
neutron	939.56536	5.263278723	99988.88976	0	0
S34	31632.70018	0.0983345776	99988.88976	0	0
neutron	939.56536	9.26193411	99989.38745	0	0
neutron	939.56536	1.808087961	99989.38745	0	0
neutron	939.56536	0.4841953902	99989.38745	0	0
S32	29773.62828	0.3191548149	99989.38745	0	0
neutron	939.56536	12.39284599	99988.454	0	0
neutron	939.56536	5.572867862	99988.454	0	0
proton	938.272013	5.42993563	99988.454	0	0
F20	18625.26686	1.679298757	99988.454	0	0
neutron	939.56536	1.819102304	99989.29979	0	0
Ne22	20479.73746	0.04658283946	99989.29979	0	0
neutron	939.56536	4.774205602	99988.47243	0	0
neutron	939.56536	2.57281092	99988.47243	0	0
alpha	3727.379	7.236700461	99988.47243	0	0
Si29	26984.28567	1.418655693	99988.47243	0	0
S37	34430.21755	0.1439222553	99990.21856	0	0
neutron	939.56536	1.294816746	99989.22002	0	0
S36	33494.9558	0.06503436052	99989.22002	0	0
neutron	939.56536	4.454247233	99988.65633	0	0
neutron	939.56536	2.400825031	99988.65633	0	0
S33	30704.55199	0.4093859287	99988.65633	0	0
neutron	939.56536	1.3296193	99989.55193	0	0
Ne22	20479.73746	0.3110077272	99989.55193	0	0
neutron	939.56536	6.276481869	99989.2589	0	0
neutron	939.56536	4.62863461	99989.2589	0	0
neutron	939.56536	1.527243397	99989.2589	0	0
S32	29773.62828	0.430973039	99989.2589	0	0
neutron	939.56536	0.1750974559	99988.6325	0	0
S34	31632.70018	0.1254194412	99988.6325	0	0
proton	938.272013	11.10188641	99991.1188	0	0
proton	938.272013	5.783115062	99991.1188	0	0
neutron	939.56536	2.273322542	99991.1188	0	0
O20	18629.59082	1.289170808	99991.1188	0	0
Ne23	21414.10216	0.2206126327	99989.67828	0	0
neutron	939.56536	4.982312543	99989.46435	0	0
neutron	939.56536	3.15354679	99989.46435	0	0
neutron	939.56536	3.074813392	99989.46435	0	0
neutron	939.56536	0.160060665	99989.46435	0	0
S33	30704.55199	0.153383056	99989.46435	0	0
neutron	939.56536	2.820371681	99989.23673	0	0
S34	31632.70018	0.1452031166	99989.23673	0	0
neutron	939.56536	5.720256714	99989.83028	0	0
neutron	939.56536	0.5322924298	99989.83028	0	0
S33	30704.55199	0.4121638757	99989.83028	0	0
neutron	939.56536	0.845913563	99988.55666	0	0
Ne22	20479.73746	0.314757535	99988.55666	0	0
neutron	939.56536	7.728707525	99989.27274	0	0
proton	938.272013	6.178099163	99989.27274	0	0
neutron	939.56536	3.977956844	99989.27274	0	0
neutron	939.56536	1.864041642	99989.27274	0	0
P31	28844.21869	0.8776593537	99989.27274	0	0
neutron	939.56536	2.677837223	99989.20117	0	0
S34	31632.70018	0.4003934109	99989.20117	0	0
neutron	939.56536	29.73681234	99989.07574	0	0
neutron	939.56536	19.65181904	99989.07574	0	0
neutron	939.56536	1.599976375	99989.07574	0	0
S32	29773.62828	1.212614828	99989.07574	0	0
neutron	939.56536	0.1191606933	99989.07754	0	0
Ne22	20479.73746	0.2423806963	99989.07754	0	0
neutron	939.56536	1.35616481	99988.6823	0	0
S36	33494.9558	0.2201857813	99988.6823	0	0
neutron	939.56536	3.600427794	99989.77881	0	0
S34	31632.70018	0.2234810797	99989.77881	0	0
neutron	939.56536	0.4722963256	99989.34275	0	0
S34	31632.70018	0.1908655197	99989.34275	0	0
Na23	21409.21625	0.1500837097	99994.24739	11.17174266	10.98288181
neutron	939.56536	4.362886873	99988.98208	0	0
proton	938.272013	3.583028802	99988.98208	0	0
neutron	939.56536	1.177356356	99988.98208	0	0
F20	18625.26686	0.09996042399	99988.98208	0	0
neutron	939.56536	1.604659167	99989.44605	0	0
S34	31632.70018	0.1060200113	99989.44605	0	0
neutron	939.56536	12.70528546	99989.49858	0	0
neutron	939.56536	6.343960913	99989.49858	0	0
neutron	939.56536	2.743145564	99989.49858	0	0
neutron	939.56536	1.000811605	99989.49858	0	0
S33	30704.55199	1.645653222	99989.49858	0	0
Ne23	21414.10216	0.227597052	99988.70857	0	0
neutron	939.56536	5.853892983	99988.96621	0	0
neutron	939.56536	1.28180575	99988.96621	0	0
neutron	939.56536	0.1468202248	99988.96621	0	0
Ne20	18617.73218	0.814588731	99988.96621	0	0
neutron	939.56536	19.45799275	99989.59898	0	0
neutron	939.56536	0.6280374918	99989.59898	0	0
Ne21	19550.53637	0.9545378414	99989.59898	0	0
neutron	939.56536	1.875290132	99989.12285	0	0
S34	31632.70018	0.2159793731	99989.12285	0	0
neutron	939.56536	0.158258165	99989.41127	0	0
Ne22	20479.73746	0.1844745677	99989.41127	0	0
proton	938.272013	6.537841161	99989.05862	0	0
neutron	939.56536	4.037574505	99989.05862	0	0
neutron	939.56536	0.4896527066	99989.05862	0	0
deuteron	1875.613	33.11866813	99989.05862	0	0
O18	16762.02378	3.258292927	99989.05862	0	0
neutron	939.56536	2.665750836	99988.16835	0	0
S34	31632.70018	0.2835966296	99988.16835	0	0
neutron	939.56536	14.64397073	99989.55688	0	0
neutron	939.56536	4.036546733	99989.55688	0	0
neutron	939.56536	1.385315008	99989.55688	0	0
alpha	3727.379	11.37003613	99989.55688	0	0
O16	14895.08153	2.014516838	99989.55688	0	0
neutron	939.56536	1.539108822	99989.30399	0	0
Ne22	20479.73746	0.02577367682	99989.30399	0	0
neutron	939.56536	7.240521351	99989.00483	0	0
neutron	939.56536	0.4203147147	99989.00483	0	0
S33	30704.55199	0.4585584152	99989.00483	0	0
Ne23	21414.10216	0.2220774851	99988.9982	0	0
neutron	939.56536	28.00034012	99989.34587	0	0
neutron	939.56536	2.197315901	99989.34587	0	0
neutron	939.56536	1.55860696	99989.34587	0	0
Ne20	18617.73218	1.296681301	99989.34587	0	0
S35	32565.27968	0.162261742	99989.04128	0	0
Ne23	21414.10216	0.2322044292	99989.11166	0	0
Ne23	21414.10216	0.2098262007	99989.10237	0	0
neutron	939.56536	16.21817233	99989.25879	0	0
neutron	939.56536	3.253237472	99989.25879	0	0
neutron	939.56536	0.2028716904	99989.25879	0	0
S34	31632.70018	0.2138042798	99989.25879	0	0
neutron	939.56536	19.28616361	99988.94757	0	0
neutron	939.56536	10.47841476	99988.94757	0	0
proton	938.272013	2.177087626	99988.94757	0	0
F20	18625.26686	0.2877520239	99988.94757	0	0
neutron	939.56536	1.08193254	99988.89017	0	0
S34	31632.70018	0.06216091747	99988.89017	0	0
neutron	939.56536	5.086961599	99988.85388	0	0
neutron	939.56536	2.82230827	99988.85388	0	0
neutron	939.56536	1.920409538	99988.85388	0	0
alpha	3727.379	10.08433426	99988.85388	0	0
Si28	26053.19393	1.227570861	99988.85388	0	0
Ne23	21414.10216	0.2118052326	99989.15109	0	0
neutron	939.56536	4.7908923	99988.72014	0	0
neutron	939.56536	2.950754145	99988.72014	0	0
S33	30704.55199	0.06019000182	99988.72014	0	0
neutron	939.56536	11.94582323	99988.94957	0	0
neutron	939.56536	2.98825849	99988.94957	0	0
neutron	939.56536	0.07810951683	99988.94957	0	0
alpha	3727.379	11.18822174	99988.94957	0	0
Si28	26053.19393	0.9405364715	99988.94957	0	0
S35	32565.27968	0.1462335425	99988.76109	0	0
neutron	939.56536	2.146568937	99989.50931	0	0
S34	31632.70018	0.1405805838	99989.50931	0	0
neutron	939.56536	1.944714059	99989.28096	0	0
neutron	939.56536	1.883815781	99989.28096	0	0
S35	32565.27968	0.4077344411	99989.28096	0	0
proton	938.272013	4.825849057	99989.75557	0	0
proton	938.272013	3.343325421	99989.75557	0	0
neutron	939.56536	1.782039286	99989.75557	0	0
Si32	29776.58515	0.1478752515	99989.75557	0	0
neutron	939.56536	25.41454778	99989.44753	0	0
neutron	939.56536	9.14585378	99989.44753	0	0
proton	938.272013	2.69757928	99989.44753	0	0
neutron	939.56536	0.8653576851	99989.44753	0	0
F19	17692.30285	4.240539505	99989.44753	0	0
neutron	939.56536	4.847713263	99988.91307	0	0
neutron	939.56536	3.542254608	99988.91307	0	0
Ne21	19550.53637	0.3737527232	99988.91307	0	0
neutron	939.56536	44.39515647	99988.66533	0	0
neutron	939.56536	4.561652148	99988.66533	0	0
neutron	939.56536	1.928248364	99988.66533	0	0
S34	31632.70018	0.6645678697	99988.66533	0	0
neutron	939.56536	22.33751669	99989.36034	0	0
neutron	939.56536	6.599364971	99989.36034	0	0
neutron	939.56536	0.1381592195	99989.36034	0	0
alpha	3727.379	6.248837628	99989.36034	0	0
Si28	26053.19393	1.490880636	99989.36034	0	0
neutron	939.56536	1.555828166	99989.38291	0	0
S34	31632.70018	0.2832876237	99989.38291	0	0
proton	938.272013	4.946555113	99989.50695	0	0
neutron	939.56536	4.448519575	99989.50695	0	0
neutron	939.56536	2.522583151	99989.50695	0	0
neutron	939.56536	2.275053306	99989.50695	0	0
triton	2808.921	4.407900591	99989.50695	0	0
Si28	26053.19393	0.8048901806	99989.50695	0	0
S35	32565.27968	0.1597719734	99989.52685	0	0
neutron	939.56536	3.651848256	99988.63847	0	0
neutron	939.56536	3.25483144	99988.63847	0	0
neutron	939.56536	0.0554876835	99988.63847	0	0
Ne20	18617.73218	0.9946370409	99988.63847	0	0
neutron	939.56536	4.861202089	99989.2074	0	0
neutron	939.56536	1.664313905	99989.2074	0	0
deuteron	1875.613	5.110178139	99989.2074	0	0
F19	17692.30285	0.196943655	99989.2074	0	0
S35	32565.27968	0.1517591403	99990.64677	0	0
neutron	939.56536	2.898989897	99988.86101	0	0
neutron	939.56536	2.748061693	99988.86101	0	0
neutron	939.56536	0.2707296452	99988.86101	0	0
S34	31632.70018	0.3144582909	99988.86101	0	0
neutron	939.56536	1.346217115	99989.74395	0	0
S34	31632.70018	0.03841739114	99989.74395	0	0
neutron	939.56536	0.5673174152	99989.692	0	0
S34	31632.70018	0.2408862543	99989.692	0	0
S35	32565.27968	0.1646277004	99988.83295	0	0
neutron	939.56536	0.986730223	99988.94192	0	0
S34	31632.70018	0.06545594645	99988.94192	0	0
neutron	939.56536	7.019184694	99989.95025	0	0
neutron	939.56536	6.98517967	99989.95025	0	0
neutron	939.56536	2.67587559	99989.95025	0	0
neutron	939.56536	2.43344297	99989.95025	0	0
alpha	3727.379	5.818456151	99989.95025	0	0
Si29	26984.28567	1.645432321	99989.95025	0	0
Ne23	21414.10216	0.2295161841	99989.06621	0	0
neutron	939.56536	5.421909168	99989.22105	0	0
Ne22	20479.73746	0.4284771497	99989.22105	0	0
Ne23	21414.10216	0.23094068	99989.12234	0	0
neutron	939.56536	14.01750833	99989.16628	0	0
neutron	939.56536	5.468004638	99989.16628	0	0
proton	938.272013	3.024938543	99989.16628	0	0
P32	29775.84838	0.9680498122	99989.16628	0	0
neutron	939.56536	0.3737565771	99989.68966	0	0
S36	33494.9558	0.1982033285	99989.68966	0	0
S37	34430.21755	0.1323517115	99989.54355	0	0
neutron	939.56536	5.384655167	99989.334	0	0
alpha	3727.379	3.85920768	99989.334	0	0
O18	16762.02378	1.230661446	99989.334	0	0
neutron	939.56536	0.832562655	99989.40214	0	0
S34	31632.70018	0.2834336318	99989.40214	0	0
neutron	939.56536	2.366907913	99988.86427	0	0
alpha	3727.379	9.066390689	99988.86427	0	0
Si30	27913.24182	0.8527031808	99988.86427	0	0
Ne23	21414.10216	0.2300411563	99989.8547	0	0
Ne23	21414.10216	0.2075605105	99989.63299	0	0
neutron	939.56536	1.584372294	99989.42079	0	0
S34	31632.70018	0.172591198	99989.42079	0	0
neutron	939.56536	1.188253623	99989.19807	0	0
S36	33494.9558	0.1245089078	99989.19807	0	0
S37	34430.21755	0.1417353418	99989.84635	0	0
neutron	939.56536	5.459900424	99988.79544	0	0
neutron	939.56536	0.6909923054	99988.79544	0	0
S33	30704.55199	0.1339729791	99988.79544	0	0
proton	938.272013	9.876736303	99988.23271	0	0
neutron	939.56536	5.073674975	99988.23271	0	0
proton	938.272013	3.306949315	99988.23271	0	0
Si32	29776.58515	0.3777988419	99988.23271	0	0
proton	938.272013	8.382450862	99992.34758	0	0
neutron	939.56536	2.363857756	99992.34758	0	0
P35	32569.77755	0.4101396722	99992.34758	0	0
neutron	939.56536	0.2124136415	99989.11837	0	0
Ne22	20479.73746	0.3113129708	99989.11837	0	0
neutron	939.56536	1.287239186	99989.39524	0	0
S34	31632.70018	0.2770013873	99989.39524	0	0
S35	32565.27968	0.1306408162	99988.96184	0	0
neutron	939.56536	9.074267365	99989.77174	0	0
neutron	939.56536	3.023660264	99989.77174	0	0
neutron	939.56536	2.301074195	99989.77174	0	0
S32	29773.62828	0.06830225596	99989.77174	0	0
neutron	939.56536	0.5280534883	99989.53676	0	0
Ne22	20479.73746	0.1247833617	99989.53676	0	0
proton	938.272013	14.54909372	99989.23611	0	0
neutron	939.56536	2.998980934	99989.23611	0	0
neutron	939.56536	0.2722921509	99989.23611	0	0
P32	29775.84838	0.4159344254	99989.23611	0	0
Ne23	21414.10216	0.214871301	99988.63498	0	0
Ne23	21414.10216	0.2189325054	99988.98585	0	0
neutron	939.56536	0.8621869211	99989.27093	0	0
S34	31632.70018	0.1765332867	99989.27093	0	0
neutron	939.56536	1.26577621	99989.47138	0	0
S36	33494.9558	0.07772429306	99989.47138	0	0
neutron	939.56536	10.12222742	99989.70454	0	0
alpha	3727.379	9.680822313	99989.70454	0	0
Si30	27913.24182	1.753415908	99989.70454	0	0
neutron	939.56536	0.3623593894	99989.01465	0	0
Ne22	20479.73746	0.3154128313	99989.01465	0	0
S35	32565.27968	0.1569806185	99988.67552	0	0
S35	32565.27968	0.1533244509	99988.8841	0	0
neutron	939.56536	8.877318561	99988.77149	0	0
neutron	939.56536	4.788520206	99988.77149	0	0
neutron	939.56536	2.832529341	99988.77149	0	0
Ne20	18617.73218	1.019387905	99988.77149	0	0
neutron	939.56536	8.830977466	99989.54544	0	0
neutron	939.56536	4.461951906	99989.54544	0	0
neutron	939.56536	0.4806688548	99989.54544	0	0
alpha	3727.379	11.43553898	99989.54544	0	0
Si28	26053.19393	1.20857626	99989.54544	0	0
S35	32565.27968	0.1362490607	99989.76439	0	0
S35	32565.27968	0.1643839454	99989.34365	0	0
neutron	939.56536	2.412889112	99989.2832	0	0
neutron	939.56536	1.659232946	99989.2832	0	0
Ne21	19550.53637	0.0498794543	99989.2832	0	0
neutron	939.56536	19.12822604	99989.21645	0	0
neutron	939.56536	4.658798971	99989.21645	0	0
proton	938.272013	4.39482117	99989.21645	0	0
neutron	939.56536	1.091185275	99989.21645	0	0
P31	28844.21869	0.3710401468	99989.21645	0	0
Ne23	21414.10216	0.226043571	99988.96906	0	0
neutron	939.56536	8.513213895	99988.69044	0	0
neutron	939.56536	5.385789626	99988.69044	0	0
neutron	939.56536	5.116311557	99988.69044	0	0
Ne20	18617.73218	0.8644821333	99988.69044	0	0
S35	32565.27968	0.1506496432	99989.31419	0	0
neutron	939.56536	37.35017612	99988.64091	0	0
neutron	939.56536	12.76494312	99988.64091	0	0
neutron	939.56536	0.7298351644	99988.64091	0	0
Ne20	18617.73218	3.103225613	99988.64091	0	0
S37	34430.21755	0.1378893612	99988.82235	0	0
proton	938.272013	12.54442562	99988.95485	0	0
neutron	939.56536	12.51260717	99988.95485	0	0
neutron	939.56536	7.102204477	99988.95485	0	0
neutron	939.56536	6.324895126	99988.95485	0	0
proton	938.272013	2.433826068	99988.95485	0	0
neutron	939.56536	0.1818842061	99988.95485	0	0
O17	15830.5038	2.031286878	99988.95485	0	0
neutron	939.56536	5.853336832	99989.4622	0	0
neutron	939.56536	5.524303957	99989.4622	0	0
neutron	939.56536	2.241979499	99989.4622	0	0
alpha	3727.379	7.966688023	99989.4622	0	0
O16	14895.08153	0.7132983826	99989.4622	0	0
neutron	939.56536	0.7527995228	99988.95034	0	0
S34	31632.70018	0.1385424007	99988.95034	0	0
Ne23	21414.10216	0.2162204063	99989.26957	0	0
neutron	939.56536	7.439418036	99989.52487	0	0
neutron	939.56536	3.173948613	99989.52487	0	0
neutron	939.56536	1.038266824	99989.52487	0	0
alpha	3727.379	8.153293217	99989.52487	0	0
Si28	26053.19393	0.9666497454	99989.52487	0	0
neutron	939.56536	15.43210397	99989.64778	0	0
neutron	939.56536	1.402874809	99989.64778	0	0
Ne21	19550.53637	1.125464274	99989.64778	0	0
neutron	939.56536	4.232142485	99988.87292	0	0
neutron	939.56536	0.5018182004	99988.87292	0	0
Ne21	19550.53637	0.8666306287	99988.87292	0	0
S35	32565.27968	0.1551932091	99989.12006	0	0
neutron	939.56536	32.7953481	99989.06289	0	0
neutron	939.56536	3.523962707	99989.06289	0	0
neutron	939.56536	2.868216683	99989.06289	0	0
alpha	3727.379	7.555776099	99989.06289	0	0
Si30	27913.24182	1.806808142	99989.06289	0	0
neutron	939.56536	0.7017712371	99991.79159	0	0
Ne22	20479.73746	0.2876225522	99991.79159	0	0
neutron	939.56536	1.279973498	99990.63224	0	0
S34	31632.70018	0.2804420922	99990.63224	0	0
S35	32565.27968	0.1661729923	99989.29128	0	0
neutron	939.56536	0.9245095122	99989.15983	0	0
neutron	939.56536	0.2590553825	99989.15983	0	0
S33	30704.55199	0.1815069235	99989.15983	0	0
neutron	939.56536	11.30866918	99989.69794	0	0
neutron	939.56536	8.754683608	99989.69794	0	0
neutron	939.56536	4.28144772	99989.69794	0	0
S32	29773.62828	1.718105898	99989.69794	0	0
S35	32565.27968	0.1509219383	99989.54897	0	0
neutron	939.56536	3.113356181	99989.27618	0	0
neutron	939.56536	2.783307676	99989.27618	0	0
neutron	939.56536	2.137875355	99989.27618	0	0
S32	29773.62828	0.07496476001	99989.27618	0	0
Ne23	21414.10216	0.2303616905	99989.45809	0	0
Cl35	32564.60306	0.09537705178	99996.61664	13.89317394	13.79526512
neutron	939.56536	2.089735003	99996.9144	0	0
S34	31632.70018	0.08077362665	99996.9144	0	0
neutron	939.56536	1.311500136	99988.67518	0	0
S34	31632.70018	0.1015512203	99988.67518	0	0
neutron	939.56536	0.3444972095	99989.46173	0	0
S34	31632.70018	0.2025781171	99989.46173	0	0
neutron	939.56536	0.06764882081	99989.82877	0	0
Ne22	20479.73746	0.1956266846	99989.82877	0	0
neutron	939.56536	1.096894447	99988.58167	0	0
S34	31632.70018	0.1999610188	99988.58167	0	0
neutron	939.56536	0.06109719805	99989.1359	0	0
Ne22	20479.73746	0.2385301723	99989.1359	0	0
neutron	939.56536	10.58887516	99989.33484	0	0
neutron	939.56536	9.143348194	99989.33484	0	0
proton	938.272013	2.251013711	99989.33484	0	0
neutron	939.56536	1.070782076	99989.33484	0	0
alpha	3727.379	7.218669244	99989.33484	0	0
N15	13968.93638	0.5187287018	99989.33484	0	0
neutron	939.56536	10.30139995	99989.17823	0	0
neutron	939.56536	4.755773698	99989.17823	0	0
neutron	939.56536	2.497521288	99989.17823	0	0
Ne20	18617.73218	0.07529501303	99989.17823	0	0
neutron	939.56536	0.6596083135	99988.80238	0	0
S34	31632.70018	0.1201778133	99988.80238	0	0
neutron	939.56536	11.28420453	99989.09388	0	0
neutron	939.56536	7.017329344	99989.09388	0	0
neutron	939.56536	1.017918568	99989.09388	0	0
S34	31632.70018	0.7500943059	99989.09388	0	0
proton	938.272013	28.9421274	99989.46721	0	0
neutron	939.56536	18.71966201	99989.46721	0	0
neutron	939.56536	0.9932066314	99989.46721	0	0
P32	29775.84838	0.4483197193	99989.46721	0	0
S35	32565.27968	0.1497580954	99989.23048	0	0
neutron	939.56536	0.1596232415	99989.11109	0	0
S34	31632.70018	0.1224381137	99989.11109	0	0
neutron	939.56536	2.835327728	99989.37131	0	0
S36	33494.9558	0.0907488436	99989.37131	0	0
S35	32565.27968	0.1365521219	99988.95726	0	0
S35	32565.27968	0.1474558913	99989.61309	0	0
Ne23	21414.10216	0.2289136708	99989.49395	0	0
neutron	939.56536	0.8469770228	99989.09026	0	0
S34	31632.70018	0.1298710539	99989.09026	0	0
neutron	939.56536	0.3408755277	99990.17262	0	0
S34	31632.70018	0.1625289136	99990.17262	0	0
S35	32565.27968	0.1543517983	99989.68477	0	0
neutron	939.56536	29.00607258	99990.04491	0	0
proton	938.272013	16.26333256	99990.04491	0	0
neutron	939.56536	0.6612437503	99990.04491	0	0
P32	29775.84838	1.21536844	99990.04491	0	0
neutron	939.56536	0.7110362382	99989.0528	0	0
S36	33494.9558	0.08461553673	99989.0528	0	0
neutron	939.56536	2.151547069	99989.15634	0	0
S34	31632.70018	0.1802459004	99989.15634	0	0
neutron	939.56536	7.89434694	99988.6313	0	0
neutron	939.56536	2.010112233	99988.6313	0	0
neutron	939.56536	0.113299752	99988.6313	0	0
Ne20	18617.73218	0.6579552708	99988.6313	0	0
proton	938.272013	5.354098499	99989.53721	0	0
neutron	939.56536	2.138604514	99989.53721	0	0
F21	19556.73074	0.2106499266	99989.53721	0	0
neutron	939.56536	0.3247556018	99989.23639	0	0
S34	31632.70018	0.2340523992	99989.23639	0	0
neutron	939.56536	13.50634707	99988.94961	0	0
neutron	939.56536	4.542551112	99988.94961	0	0
neutron	939.56536	0.2234798952	99988.94961	0	0
S32	29773.62828	0.6094564445	99988.94961	0	0
Ne23	21414.10216	0.2229727066	99989.49834	0	0
neutron	939.56536	0.7852299547	99989.66326	0	0
Ne22	20479.73746	0.377609565	99989.66326	0	0
S35	32565.27968	0.1494694322	99989.16715	0	0
proton	938.272013	7.136058059	99989.40286	0	0
neutron	939.56536	5.853976695	99989.40286	0	0
neutron	939.56536	2.19298779	99989.40286	0	0
neutron	939.56536	0.4020819923	99989.40286	0	0
P31	28844.21869	0.5108123072	99989.40286	0	0
neutron	939.56536	6.142745391	99989.44495	0	0
neutron	939.56536	1.586113456	99989.44495	0	0
neutron	939.56536	1.441391168	99989.44495	0	0
alpha	3727.379	13.02839973	99989.44495	0	0
Si28	26053.19393	3.034801746	99989.44495	0	0
S37	34430.21755	0.1366306266	99989.33266	0	0
neutron	939.56536	45.03491761	99989.31551	0	0
proton	938.272013	3.593492529	99989.31551	0	0
neutron	939.56536	3.522759321	99989.31551	0	0
neutron	939.56536	1.988981706	99989.31551	0	0
P31	28844.21869	1.806033759	99989.31551	0	0
S35	32565.27968	0.1460495628	99988.99715	0	0
neutron	939.56536	0.1793759368	99989.15205	0	0
S34	31632.70018	0.2002927245	99989.15205	0	0
neutron	939.56536	21.28885694	99989.23094	0	0
neutron	939.56536	15.91528121	99989.23094	0	0
neutron	939.56536	3.431673403	99989.23094	0	0
neutron	939.56536	0.130852904	99989.23094	0	0
S33	30704.55199	0.355731763	99989.23094	0	0
proton	938.272013	20.70492688	99989.33884	0	0
neutron	939.56536	6.641056	99989.33884	0	0
neutron	939.56536	3.184250162	99989.33884	0	0
proton	938.272013	2.430108397	99989.33884	0	0
neutron	939.56536	0.7310064869	99989.33884	0	0
Si30	27913.24182	1.726880225	99989.33884	0	0
neutron	939.56536	2.428527558	99988.8047	0	0
Ne22	20479.73746	0.0659159742	99988.8047	0	0
neutron	939.56536	1.717582158	99989.56344	0	0
Ne22	20479.73746	0.2540509957	99989.56344	0	0
Ne23	21414.10216	0.2317625313	99989.34647	0	0
proton	938.272013	13.48011805	99989.3541	0	0
neutron	939.56536	1.352862249	99989.3541	0	0
P33	30705.30994	0.4431938983	99989.3541	0	0
neutron	939.56536	23.1585194	99988.86468	0	0
neutron	939.56536	18.20132701	99988.86468	0	0
proton	938.272013	4.484896284	99988.86468	0	0
neutron	939.56536	3.516874623	99988.86468	0	0
P31	28844.21869	0.781482765	99988.86468	0	0
neutron	939.56536	0.3567155188	99989.10871	0	0
S34	31632.70018	0.1043898447	99989.10871	0	0
neutron	939.56536	12.81403214	99989.05653	0	0
neutron	939.56536	1.092515408	99989.05653	0	0
neutron	939.56536	0.2960623375	99989.05653	0	0
S32	29773.62828	0.5638897562	99989.05653	0	0
neutron	939.56536	0.4926237513	99989.02324	0	0
S34	31632.70018	0.2033600279	99989.02324	0	0
neutron	939.56536	2.249458887	99988.91535	0	0
S34	31632.70018	0.3025052144	99988.91535	0	0
neutron	939.56536	5.512843972	99989.69399	0	0
neutron	939.56536	2.905575121	99989.69399	0	0
neutron	939.56536	1.532446527	99989.69399	0	0
S34	31632.70018	0.1521057902	99989.69399	0	0
Cl35	32564.60306	0.1097141966	99994.85771	11.33418185	11.14802028
Ne23	21414.10216	0.2327460106	99989.11241	0	0
S37	34430.21755	0.1340388367	99988.93424	0	0
neutron	939.56536	46.53600844	99989.57244	0	0
neutron	939.56536	11.04026139	99989.57244	0	0
neutron	939.56536	3.888358451	99989.57244	0	0
S34	31632.70018	1.898679928	99989.57244	0	0
Ne23	21414.10216	0.2275125094	99988.78535	0	0
Ne23	21414.10216	0.1973399349	99988.93587	0	0
neutron	939.56536	0.255968162	99989.09942	0	0
Ne22	20479.73746	0.3212100542	99989.09942	0	0
neutron	939.56536	0.3038301527	99988.69689	0	0
S34	31632.70018	0.1459436504	99988.69689	0	0
neutron	939.56536	0.06597087287	99988.92717	0	0
S36	33494.9558	0.1507068263	99988.92717	0	0
neutron	939.56536	2.609784229	99989.17449	0	0
S36	33494.9558	0.3485657031	99989.17449	0	0
neutron	939.56536	16.59829573	99989.77969	0	0
neutron	939.56536	2.364418702	99989.77969	0	0
alpha	3727.379	13.36553955	99989.77969	0	0
Si29	26984.28567	1.896615894	99989.77969	0	0
neutron	939.56536	0.4620880017	99988.92953	0	0
S36	33494.9558	0.07063053989	99988.92953	0	0
neutron	939.56536	0.7359744903	99989.78824	0	0
S34	31632.70018	0.1018801707	99989.78824	0	0
neutron	939.56536	3.021224355	99989.45669	0	0
neutron	939.56536	0.1335355959	99989.45669	0	0
S35	32565.27968	0.3138914811	99989.45669	0	0
neutron	939.56536	1.09884308	99988.8054	0	0
S34	31632.70018	0.2234914105	99988.8054	0	0
neutron	939.56536	0.1648431085	99988.80107	0	0
S34	31632.70018	0.1609097114	99988.80107	0	0
neutron	939.56536	1.997023303	99989.16423	0	0
neutron	939.56536	0.878112923	99989.16423	0	0
Ne21	19550.53637	0.1837710578	99989.16423	0	0
Ne23	21414.10216	0.2055815331	99988.86961	0	0
neutron	939.56536	1.269335629	99988.73649	0	0
S36	33494.9558	0.1856371824	99988.73649	0	0
S35	32565.27968	0.1526473846	99989.15565	0	0
neutron	939.56536	16.91438943	99989.19501	0	0
proton	938.272013	5.702827782	99989.19501	0	0
neutron	939.56536	2.625286015	99989.19501	0	0
neutron	939.56536	0.5827225436	99989.19501	0	0
P31	28844.21869	0.133870919	99989.19501	0	0
S35	32565.27968	0.165181682	99989.54535	0	0
neutron	939.56536	9.75552772	99988.93747	0	0
neutron	939.56536	4.318508214	99988.93747	0	0
S33	30704.55199	0.1140821252	99988.93747	0	0
neutron	939.56536	0.217854083	99988.68571	0	0
S34	31632.70018	0.1279520477	99988.68571	0	0
neutron	939.56536	0.516443031	99989.4355	0	0
S34	31632.70018	0.1379877347	99989.4355	0	0
Ne23	21414.10216	0.228205804	99991.01405	0	0
S35	32565.27968	0.1432875362	99989.47102	0	0
neutron	939.56536	0.4670308675	99988.86867	0	0
S34	31632.70018	0.1801836938	99988.86867	0	0
neutron	939.56536	14.27365316	99989.47884	0	0
proton	938.272013	3.796577833	99989.47884	0	0
neutron	939.56536	1.219679904	99989.47884	0	0
P32	29775.84838	0.3135203383	99989.47884	0	0
Ne23	21414.10216	0.231530361	99989.20569	0	0
S35	32565.27968	0.1522359586	99988.50769	0	0
neutron	939.56536	2.56132116	99989.14992	0	0
S34	31632.70018	0.2010062053	99989.14992	0	0
proton	938.272013	14.15244994	99989.45357	0	0
neutron	939.56536	13.17354427	99989.45357	0	0
proton	938.272013	5.922413792	99989.45357	0	0
neutron	939.56536	5.592419838	99989.45357	0	0
neutron	939.56536	3.115499903	99989.45357	0	0
neutron	939.56536	1.899981485	99989.45357	0	0
Si29	26984.28567	0.2391769975	99989.45357	0	0
neutron	939.56536	18.52037323	99988.86774	0	0
proton	938.272013	3.130112419	99988.86774	0	0
alpha	3727.379	11.7380202	99988.86774	0	0
N17	15839.69307	3.264618946	99988.86774	0	0
neutron	939.56536	3.622230553	99989.36973	0	0
proton	938.272013	2.131903483	99989.36973	0	0
neutron	939.56536	0.7311526344	99989.36973	0	0
deuteron	1875.613	15.51045891	99989.36973	0	0
O18	16762.02378	1.666468699	99989.36973	0	0
S35	32565.27968	0.1617839638	99993.13041	0	0
S35	32565.27968	0.1571675671	99988.46288	0	0
neutron	939.56536	0.662646527	99989.62464	0	0
S36	33494.9558	0.05607057491	99989.62464	0	0
neutron	939.56536	0.8601167519	99989.38429	0	0
S34	31632.70018	0.197960259	99989.38429	0	0
neutron	939.56536	1.044834332	99989.24174	0	0
S34	31632.70018	0.07809772121	99989.24174	0	0
neutron	939.56536	2.23670294	99988.75941	0	0
S34	31632.70018	0.2806562816	99988.75941	0	0
neutron	939.56536	1.423940609	99989.12161	0	0
S34	31632.70018	0.3077754469	99989.12161	0	0
neutron	939.56536	1.044550936	99989.40082	0	0
S34	31632.70018	0.2618444785	99989.40082	0	0
proton	938.272013	6.40528934	99988.85728	0	0
proton	938.272013	2.686263427	99988.85728	0	0
neutron	939.56536	2.428039493	99988.85728	0	0
Si32	29776.58515	0.4533560897	99988.85728	0	0
S35	32565.27968	0.1539314995	99989.38279	0	0
neutron	939.56536	0.4903580009	99989.60522	0	0
S34	31632.70018	0.2355806726	99989.60522	0	0
neutron	939.56536	7.11673583	99989.36374	0	0
neutron	939.56536	6.996313119	99989.36374	0	0
neutron	939.56536	2.308439199	99989.36374	0	0
Ne20	18617.73218	1.389524872	99989.36374	0	0
neutron	939.56536	5.748790634	99989.05515	0	0
proton	938.272013	5.43418463	99989.05515	0	0
neutron	939.56536	2.676810146	99989.05515	0	0
neutron	939.56536	1.20766729	99989.05515	0	0
F19	17692.30285	0.2279088666	99989.05515	0	0
neutron	939.56536	0.9070481864	99989.23761	0	0
S34	31632.70018	0.2318967548	99989.23761	0	0
neutron	939.56536	6.720837217	99989.32957	0	0
neutron	939.56536	3.807634429	99989.32957	0	0
S33	30704.55199	0.1748918541	99989.32957	0	0
neutron	939.56536	2.61941558	99988.29835	0	0
S34	31632.70018	0.209624552	99988.29835	0	0
neutron	939.56536	1.001663987	99989.21899	0	0
Ne22	20479.73746	0.3353273796	99989.21899	0	0
neutron	939.56536	5.875686698	99989.7433	0	0
neutron	939.56536	0.9684032385	99989.7433	0	0
S33	30704.55199	0.3171847335	99989.7433	0	0
neutron	939.56536	0.563747359	99988.67159	0	0
S34	31632.70018	0.1716052146	99988.67159	0	0
proton	938.272013	31.09102439	99989.04497	0	0
neutron	939.56536	0.7888156311	99989.04497	0	0
deuteron	1875.613	7.890106881	99989.04497	0	0
O19	17697.63348	1.851468549	99989.04497	0	0
neutron	939.56536	0.9240689805	99989.33571	0	0
Ne22	20479.73746	0.110782497	99989.33571	0	0
S37	34430.21755	0.1420643599	99989.62375	0	0
S37	34430.21755	0.12766326	99989.30203	0	0
neutron	939.56536	5.793091247	99989.20974	0	0
Ne22	20479.73746	0.2135563672	99989.20974	0	0
neutron	939.56536	1.435586198	99988.82519	0	0
S34	31632.70018	0.2967484777	99988.82519	0	0
neutron	939.56536	0.1345890798	99989.07824	0	0
S34	31632.70018	0.1692151383	99989.07824	0	0
neutron	939.56536	8.549588027	99989.5631	0	0
neutron	939.56536	6.760174416	99989.5631	0	0
neutron	939.56536	6.206865843	99989.5631	0	0
Ne20	18617.73218	1.924072788	99989.5631	0	0
S35	32565.27968	0.148783342	99989.19668	0	0
neutron	939.56536	29.20604925	99989.48071	0	0
neutron	939.56536	19.70427673	99989.48071	0	0
neutron	939.56536	0.2725917525	99989.48071	0	0
S32	29773.62828	0.7385001266	99989.48071	0	0
neutron	939.56536	7.902954499	99989.15746	0	0
neutron	939.56536	5.809117778	99989.15746	0	0
neutron	939.56536	3.949074813	99989.15746	0	0
proton	938.272013	3.143469605	99989.15746	0	0
P31	28844.21869	0.9289693181	99989.15746	0	0
neutron	939.56536	33.18903355	99989.33861	0	0
proton	938.272013	4.265156821	99989.33861	0	0
proton	938.272013	3.434971871	99989.33861	0	0
neutron	939.56536	3.373573078	99989.33861	0	0
neutron	939.56536	3.268169568	99989.33861	0	0
Si30	27913.24182	1.202410676	99989.33861	0	0
S35	32565.27968	0.1372800479	99988.51045	0	0
neutron	939.56536	0.3893369721	99989.09173	0	0
S34	31632.70018	0.2038594548	99989.09173	0	0
neutron	939.56536	0.2196622077	99989.20022	0	0
S34	31632.70018	0.147854108	99989.20022	0	0
S37	34430.21755	0.1387535243	99989.20521	0	0
neutron	939.56536	6.843347504	99989.50796	0	0
Ne22	20479.73746	0.4750446482	99989.50796	0	0
Ne23	21414.10216	0.2056527227	99989.65792	0	0
neutron	939.56536	1.769095582	99989.52312	0	0
S34	31632.70018	0.06174509801	99989.52312	0	0
S35	32565.27968	0.1504203169	99988.29523	0	0
neutron	939.56536	1.448675974	99988.91961	0	0
S34	31632.70018	0.06540858305	99988.91961	0	0
proton	938.272013	13.32120352	99989.31686	0	0
neutron	939.56536	2.544379777	99989.31686	0	0
neutron	939.56536	2.201889737	99989.31686	0	0
neutron	939.56536	1.936755688	99989.31686	0	0
alpha	3727.379	4.607899326	99989.31686	0	0
N15	13968.93638	1.105269948	99989.31686	0	0
neutron	939.56536	11.47240966	99989.2094	0	0
neutron	939.56536	3.698506123	99989.2094	0	0
neutron	939.56536	3.698151609	99989.2094	0	0
neutron	939.56536	0.3444151632	99989.2094	0	0
S33	30704.55199	0.05503239201	99989.2094	0	0
neutron	939.56536	0.1571657522	99989.28361	0	0
S36	33494.9558	0.111817804	99989.28361	0	0
neutron	939.56536	0.6201635611	99989.33569	0	0
S34	31632.70018	0.2103124413	99989.33569	0	0
Ne23	21414.10216	0.2163535691	99989.50734	0	0
neutron	939.56536	0.6924804391	99990.85666	0	0
S34	31632.70018	0.2524581419	99990.85666	0	0
neutron	939.56536	0.4101521861	99989.3598	0	0
S34	31632.70018	0.1395915519	99989.3598	0	0
neutron	939.56536	0.3620834303	99989.70824	0	0
S34	31632.70018	0.2049197778	99989.70824	0	0
neutron	939.56536	17.56464487	99989.64224	0	0
neutron	939.56536	2.186987747	99989.64224	0	0
neutron	939.56536	0.7442418075	99989.64224	0	0
S32	29773.62828	0.3993808367	99989.64224	0	0
neutron	939.56536	47.28242313	99989.94831	0	0
neutron	939.56536	6.705323594	99989.94831	0	0
neutron	939.56536	3.045489496	99989.94831	0	0
S34	31632.70018	1.174207635	99989.94831	0	0
neutron	939.56536	18.30832779	99989.01602	0	0
neutron	939.56536	6.739925176	99989.01602	0	0
neutron	939.56536	0.604263036	99989.01602	0	0
Ne20	18617.73218	2.469806082	99989.01602	0	0
neutron	939.56536	8.093558744	99989.43384	0	0
neutron	939.56536	1.992480887	99989.43384	0	0
alpha	3727.379	6.467182437	99989.43384	0	0
Si29	26984.28567	2.263124949	99989.43384	0	0
Ne23	21414.10216	0.2315155092	99989.00063	0	0
neutron	939.56536	19.62546212	99989.77216	0	0
neutron	939.56536	6.935430198	99989.77216	0	0
neutron	939.56536	2.566083902	99989.77216	0	0
alpha	3727.379	4.266145605	99989.77216	0	0
O16	14895.08153	2.908021816	99989.77216	0	0
neutron	939.56536	0.8924653196	99988.70788	0	0
S34	31632.70018	0.2553878368	99988.70788	0	0
S37	34430.21755	0.1377762323	99989.13701	0	0
neutron	939.56536	7.038144558	99988.9545	0	0
S34	31632.70018	0.5934006752	99988.9545	0	0
neutron	939.56536	2.93524084	99989.35997	0	0
S34	31632.70018	0.03986548861	99989.35997	0	0
S35	32565.27968	0.1572006945	99988.87611	0	0
neutron	939.56536	6.581326081	99989.22299	0	0
neutron	939.56536	1.702052792	99989.22299	0	0
neutron	939.56536	1.205914706	99989.22299	0	0
alpha	3727.379	10.11771747	99989.22299	0	0
O16	14895.08153	2.10991459	99989.22299	0	0
neutron	939.56536	7.277281642	99988.83687	0	0
neutron	939.56536	5.633019036	99988.83687	0	0
neutron	939.56536	2.089261126	99988.83687	0	0
alpha	3727.379	5.961654325	99988.83687	0	0
O16	14895.08153	0.7482028764	99988.83687	0	0
neutron	939.56536	0.3795491305	99988.54639	0	0
S34	31632.70018	0.1775687505	99988.54639	0	0
neutron	939.56536	0.5640003216	99989.45845	0	0
S36	33494.9558	0.2323561998	99989.45845	0	0
neutron	939.56536	20.44198511	99989.5618	0	0
neutron	939.56536	2.513091249	99989.5618	0	0
neutron	939.56536	1.184028723	99989.5618	0	0
alpha	3727.379	6.401363304	99989.5618	0	0
O16	14895.08153	0.7988573207	99989.5618	0	0
neutron	939.56536	1.596871138	99989.54785	0	0
Ne22	20479.73746	0.5217825427	99989.54785	0	0
proton	938.272013	24.55853066	99989.02181	0	0
proton	938.272013	6.268550272	99989.02181	0	0
neutron	939.56536	6.240682204	99989.02181	0	0
neutron	939.56536	3.337918246	99989.02181	0	0
neutron	939.56536	1.631117122	99989.02181	0	0
Si30	27913.24182	0.8907716911	99989.02181	0	0
Ne23	21414.10216	0.2189440421	99989.35955	0	0
neutron	939.56536	10.9245307	99989.18358	0	0
neutron	939.56536	1.005833113	99989.18358	0	0
neutron	939.56536	0.6245484048	99989.18358	0	0
S32	29773.62828	0.1587914907	99989.18358	0	0
neutron	939.56536	1.554507177	99988.90909	0	0
S34	31632.70018	0.02918235318	99988.90909	0	0
neutron	939.56536	35.03689688	99988.91108	0	0
neutron	939.56536	13.55389793	99988.91108	0	0
neutron	939.56536	4.11843895	99988.91108	0	0
Ne20	18617.73218	0.7797733418	99988.91108	0	0
Ne23	21414.10216	0.2165252562	99988.96896	0	0
neutron	939.56536	0.6254921608	99989.61307	0	0
S34	31632.70018	0.1463329327	99989.61307	0	0
neutron	939.56536	1.118114016	99988.52598	0	0
Ne22	20479.73746	0.3551244418	99988.52598	0	0
neutron	939.56536	0.1308285764	99988.86577	0	0
S34	31632.70018	0.191140238	99988.86577	0	0
neutron	939.56536	7.863574495	99989.54188	0	0
neutron	939.56536	6.574806275	99989.54188	0	0
neutron	939.56536	3.572184948	99989.54188	0	0
neutron	939.56536	1.961934815	99989.54188	0	0
He3	2808.391	19.63905901	99989.54188	0	0
O16	14895.08153	0.8712112164	99989.54188	0	0
neutron	939.56536	0.2093738542	99988.98787	0	0
S34	31632.70018	0.1685244413	99988.98787	0	0
neutron	939.56536	1.529725338	99989.02102	0	0
Ne22	20479.73746	0.1075932559	99989.02102	0	0
Ne23	21414.10216	0.2231057602	99988.67579	0	0
S35	32565.27968	0.1508173912	99989.14932	0	0
neutron	939.56536	9.96371905	99988.90074	0	0
neutron	939.56536	8.621114197	99988.90074	0	0
neutron	939.56536	1.125086962	99988.90074	0	0
S34	31632.70018	0.6294593271	99988.90074	0	0
neutron	939.56536	0.816590775	99990.12802	0	0
S34	31632.70018	0.1112053775	99990.12802	0	0
neutron	939.56536	7.812946097	99988.88907	0	0
neutron	939.56536	3.759948291	99988.88907	0	0
neutron	939.56536	0.6823183454	99988.88907	0	0
S34	31632.70018	0.564298448	99988.88907	0	0
Ne23	21414.10216	0.2104126241	99989.59296	0	0
neutron	939.56536	4.017278339	99988.56376	0	0
neutron	939.56536	1.996452285	99988.56376	0	0
neutron	939.56536	0.1564323966	99988.56376	0	0
S32	29773.62828	0.1541437961	99988.56376	0	0
neutron	939.56536	6.245853867	99990.05823	0	0
neutron	939.56536	0.1056856308	99990.05823	0	0
alpha	3727.379	11.45605838	99990.05823	0	0
Si29	26984.28567	0.7391818404	99990.05823	0	0
neutron	939.56536	0.2379240854	99988.96833	0	0
Ne22	20479.73746	0.2347643356	99988.96833	0	0
S35	32565.27968	0.1598736311	99989.45108	0	0
Ne23	21414.10216	0.2301806487	99989.12496	0	0
neutron	939.56536	3.277684401	99989.37678	0	0
Ne22	20479.73746	0.0234292675	99989.37678	0	0
neutron	939.56536	1.982347929	99989.51069	0	0
S34	31632.70018	0.03410326238	99989.51069	0	0
S35	32565.27968	0.1672588855	99989.01121	0	0
neutron	939.56536	0.8954791057	99989.54672	0	0
Ne22	20479.73746	0.1816791497	99989.54672	0	0
neutron	939.56536	7.022779475	99989.23516	0	0
neutron	939.56536	4.61583722	99989.23516	0	0
neutron	939.56536	4.379248825	99989.23516	0	0
neutron	939.56536	0.2775367944	99989.23516	0	0
alpha	3727.379	9.792505122	99989.23516	0	0
Si29	26984.28567	0.8106284078	99989.23516	0	0
neutron	939.56536	1.594100125	99989.21595	0	0
S34	31632.70018	0.1040016015	99989.21595	0	0
Ne23	21414.10216	0.2065449597	99989.04695	0	0
neutron	939.56536	1.884266995	99988.82166	0	0
S34	31632.70018	0.2192317357	99988.82166	0	0
neutron	939.56536	8.613049025	99988.76395	0	0
proton	938.272013	3.16213103	99988.76395	0	0
neutron	939.56536	1.439853793	99988.76395	0	0
alpha	3727.379	6.803098864	99988.76395	0	0
Al28	26058.3459	0.1016687753	99988.76395	0	0
proton	938.272013	15.10907416	99989.43475	0	0
neutron	939.56536	6.489901339	99989.43475	0	0
neutron	939.56536	3.582538031	99989.43475	0	0
neutron	939.56536	1.855107427	99989.43475	0	0
F19	17692.30285	0.4515727808	99989.43475	0	0
neutron	939.56536	10.72499778	99989.58824	0	0
neutron	939.56536	4.270500245	99989.58824	0	0
neutron	939.56536	1.618799476	99989.58824	0	0
Ne20	18617.73218	0.487192375	99989.58824	0	0
neutron	939.56536	1.106290892	99989.81789	0	0
Ne22	20479.73746	0.4155011874	99989.81789	0	0
neutron	939.56536	13.54784096	99988.90304	0	0
neutron	939.56536	8.995150579	99988.90304	0	0
neutron	939.56536	4.423940736	99988.90304	0	0
Ne20	18617.73218	3.233500032	99988.90304	0	0
neutron	939.56536	0.3792147655	99989.34529	0	0
S34	31632.70018	0.1592779285	99989.34529	0	0
Ne23	21414.10216	0.228312528	99988.71872	0	0
Ne23	21414.10216	0.2161512392	99990.11996	0	0
proton	938.272013	10.872307	99988.99002	0	0
neutron	939.56536	8.899562654	99988.99002	0	0
neutron	939.56536	0.515050142	99988.99002	0	0
alpha	3727.379	6.01805642	99988.99002	0	0
Al28	26058.3459	2.571841388	99988.99002	0	0
S37	34430.21755	0.1438285094	99988.87685	0	0
neutron	939.56536	1.953791154	99988.9404	0	0
S34	31632.70018	0.1099665076	99988.9404	0	0
S35	32565.27968	0.1628073379	99989.55915	0	0
S35	32565.27968	0.1671057184	99989.53206	0	0
neutron	939.56536	0.1431842996	99989.25061	0	0
S34	31632.70018	0.1712930256	99989.25061	0	0
Ne23	21414.10216	0.2098580179	99988.54221	0	0
neutron	939.56536	6.792101634	99988.89845	0	0
neutron	939.56536	2.561895274	99988.89845	0	0
neutron	939.56536	0.7442081224	99988.89845	0	0
S32	29773.62828	0.548447668	99988.89845	0	0
proton	938.272013	28.65109248	99988.70266	0	0
neutron	939.56536	3.03620551	99988.70266	0	0
neutron	939.56536	1.313646138	99988.70266	0	0
neutron	939.56536	0.1339841895	99988.70266	0	0
P31	28844.21869	0.6517005958	99988.70266	0	0
Ne23	21414.10216	0.2196519771	99989.25888	0	0
proton	938.272013	12.90155751	99990.40152	0	0
neutron	939.56536	6.153040136	99990.40152	0	0
neutron	939.56536	0.566660947	99990.40152	0	0
F20	18625.26686	0.8803734138	99990.40152	0	0
neutron	939.56536	1.245721587	99989.40818	0	0
Ne22	20479.73746	0.2972235213	99989.40818	0	0
neutron	939.56536	0.9791408636	99988.83361	0	0
Ne22	20479.73746	0.1968325334	99988.83361	0	0
neutron	939.56536	0.8276207632	99988.81289	0	0
Ne22	20479.73746	0.0766944227	99988.81289	0	0
neutron	939.56536	0.2349647451	99988.76712	0	0
Ne22	20479.73746	0.203998916	99988.76712	0	0
S35	32565.27968	0.1316141321	99988.98658	0	0
neutron	939.56536	0.986553771	99989.67451	0	0
S34	31632.70018	0.2995460798	99989.67451	0	0
neutron	939.56536	5.17181339	99989.68987	0	0
neutron	939.56536	4.344928912	99989.68987	0	0
neutron	939.56536	3.929451657	99989.68987	0	0
S34	31632.70018	0.4721683158	99989.68987	0	0
neutron	939.56536	0.2046274245	99989.10905	0	0
S34	31632.70018	0.1901022068	99989.10905	0	0
neutron	939.56536	3.847172413	99989.4595	0	0
S34	31632.70018	0.1296772779	99989.4595	0	0
neutron	939.56536	0.2433372344	99989.59452	0	0
alpha	3727.379	6.563185673	99989.59452	0	0
Si30	27913.24182	0.2812882168	99989.59452	0	0
proton	938.272013	8.594922567	99989.33576	0	0
neutron	939.56536	0.200506417	99989.33576	0	0
P33	30705.30994	0.6393285526	99989.33576	0	0
neutron	939.56536	6.885927484	99988.96493	0	0
neutron	939.56536	0.1104419784	99988.96493	0	0
Ne21	19550.53637	0.7039627965	99988.96493	0	0
neutron	939.56536	0.5028677164	99990.28001	0	0
S34	31632.70018	0.1778589704	99990.28001	0	0
neutron	939.56536	0.4730931478	99989.40399	0	0
S34	31632.70018	0.09480279534	99989.40399	0	0
neutron	939.56536	14.98041203	99988.89292	0	0
neutron	939.56536	4.754016103	99988.89292	0	0
neutron	939.56536	4.446163648	99988.89292	0	0
S32	29773.62828	0.5704158701	99988.89292	0	0
neutron	939.56536	0.1105049855	99989.57101	0	0
Ne22	20479.73746	0.2464331578	99989.57101	0	0
Ne23	21414.10216	0.1939270093	99989.46249	0	0
neutron	939.56536	0.2175505609	99988.46811	0	0
S34	31632.70018	0.1316955893	99988.46811	0	0
neutron	939.56536	32.1057066	99989.41065	0	0
neutron	939.56536	28.67531305	99989.41065	0	0
neutron	939.56536	1.313458918	99989.41065	0	0
Ne20	18617.73218	0.3444730448	99989.41065	0	0
neutron	939.56536	1.418153193	99989.25629	0	0
Ne22	20479.73746	0.2897699144	99989.25629	0	0
neutron	939.56536	1.142949862	99988.83327	0	0
Ne22	20479.73746	0.2668239929	99988.83327	0	0
neutron	939.56536	17.97479363	99989.07569	0	0
proton	938.272013	3.628539113	99989.07569	0	0
neutron	939.56536	2.845372078	99989.07569	0	0
neutron	939.56536	2.524411037	99989.07569	0	0
P31	28844.21869	0.1946869185	99989.07569	0	0
S37	34430.21755	0.1393090624	99989.33289	0	0
neutron	939.56536	0.9761066551	99989.06211	0	0
Ne22	20479.73746	0.3791402401	99989.06211	0	0
S37	34430.21755	0.132907064	99989.18726	0	0
neutron	939.56536	5.489357396	99988.67628	0	0
Ne22	20479.73746	0.7412396301	99988.67628	0	0
proton	938.272013	5.215168795	99988.90681	0	0
proton	938.272013	4.588720466	99988.90681	0	0
neutron	939.56536	4.064250793	99988.90681	0	0
neutron	939.56536	0.8982387742	99988.90681	0	0
Si31	28846.21977	0.8566755247	99988.90681	0	0
neutron	939.56536	4.817534451	99988.92856	0	0
neutron	939.56536	4.464878981	99988.92856	0	0
neutron	939.56536	1.569785316	99988.92856	0	0
deuteron	1875.613	6.465843407	99988.92856	0	0
deuteron	1875.613	6.101963443	99988.92856	0	0
Si28	26053.19393	0.4201731228	99988.92856	0	0
neutron	939.56536	4.720496046	99988.9852	0	0
neutron	939.56536	2.863364453	99988.9852	0	0
S35	32565.27968	0.01680511083	99988.9852	0	0
neutron	939.56536	0.4241804332	99990.01096	0	0
S34	31632.70018	0.08140448725	99990.01096	0	0
neutron	939.56536	0.3023751974	99988.90148	0	0
S36	33494.9558	0.1880721256	99988.90148	0	0
S37	34430.21755	0.1332430831	99988.9426	0	0
neutron	939.56536	0.1822651414	99989.40017	0	0
Ne22	20479.73746	0.2120129687	99989.40017	0	0
neutron	939.56536	10.69027977	99988.78595	0	0
alpha	3727.379	17.78061167	99988.78595	0	0
O18	16762.02378	2.732046628	99988.78595	0	0
neutron	939.56536	20.56230444	99989.25227	0	0
neutron	939.56536	1.812853987	99989.25227	0	0
neutron	939.56536	0.3752611523	99989.25227	0	0
alpha	3727.379	6.806205176	99989.25227	0	0
O16	14895.08153	0.4589011199	99989.25227	0	0
neutron	939.56536	12.79105528	99989.51181	0	0
neutron	939.56536	1.962326536	99989.51181	0	0
S35	32565.27968	0.7758702496	99989.51181	0	0
neutron	939.56536	16.34866524	99988.78702	0	0
neutron	939.56536	8.64969588	99988.78702	0	0
proton	938.272013	4.009466805	99988.78702	0	0
neutron	939.56536	2.454228827	99988.78702	0	0
alpha	3727.379	6.54691166	99988.78702	0	0
Al27	25126.50566	1.073754085	99988.78702	0	0
neutron	939.56536	4.798966388	99988.74604	0	0
neutron	939.56536	2.977444254	99988.74604	0	0
neutron	939.56536	2.142847273	99988.74604	0	0
S32	29773.62828	0.058169292	99988.74604	0	0
proton	938.272013	22.80125114	99988.7771	0	0
neutron	939.56536	4.607516606	99988.7771	0	0
neutron	939.56536	3.131757576	99988.7771	0	0
neutron	939.56536	0.4244237165	99988.7771	0	0
P31	28844.21869	1.551500764	99988.7771	0	0
neutron	939.56536	0.5328529256	99988.58594	0	0
Ne22	20479.73746	0.1222448957	99988.58594	0	0
neutron	939.56536	8.212664399	99989.31104	0	0
neutron	939.56536	3.880193565	99989.31104	0	0
neutron	939.56536	2.668055181	99989.31104	0	0
S32	29773.62828	0.7790477617	99989.31104	0	0
proton	938.272013	2.527248642	99989.2091	0	0
neutron	939.56536	2.26420967	99989.2091	0	0
P33	30705.30994	0.3775991464	99989.2091	0	0
S37	34430.21755	0.1402232767	99989.42135	0	0
neutron	939.56536	2.732081423	99989.18261	0	0
Ne22	20479.73746	0.04987234286	99989.18261	0	0
S35	32565.27968	0.1647723551	99989.39747	0	0
neutron	939.56536	3.394747171	99989.77496	0	0
neutron	939.56536	3.15808466	99989.77496	0	0
S35	32565.27968	0.07998457309	99989.77496	0	0
neutron	939.56536	0.05525788462	99988.76443	0	0
S34	31632.70018	0.1265795869	99988.76443	0	0
neutron	939.56536	0.1023910615	99989.03225	0	0
Ne22	20479.73746	0.1869223252	99989.03225	0	0
proton	938.272013	11.88765569	99988.70786	0	0
neutron	939.56536	2.945331807	99988.70786	0	0
neutron	939.56536	1.98340931	99988.70786	0	0
alpha	3727.379	6.40595663	99988.70786	0	0
Al28	26058.3459	0.3793614487	99988.70786	0	0
Ne23	21414.10216	0.2043183837	99989.2014	0	0
S35	32565.27968	0.1492279309	99989.21971	0	0
Ne23	21414.10216	0.2192197455	99989.35339	0	0
neutron	939.56536	0.9218275312	99988.78086	0	0
Ne22	20479.73746	0.09302155755	99988.78086	0	0
neutron	939.56536	0.207543628	99989.18535	0	0
S36	33494.9558	0.1759429198	99989.18535	0	0
proton	938.272013	10.55846169	99989.11213	0	0
neutron	939.56536	5.349244205	99989.11213	0	0
neutron	939.56536	3.244559124	99989.11213	0	0
neutron	939.56536	2.376422536	99989.11213	0	0
deuteron	1875.613	4.85858113	99989.11213	0	0
O17	15830.5038	3.004973571	99989.11213	0	0
neutron	939.56536	37.77515548	99988.8707	0	0
proton	938.272013	7.49090278	99988.8707	0	0
neutron	939.56536	1.295223455	99988.8707	0	0
P32	29775.84838	1.643313438	99988.8707	0	0
neutron	939.56536	0.6241265722	99988.45399	0	0
S34	31632.70018	0.2234039435	99988.45399	0	0
neutron	939.56536	1.553522975	99989.05687	0	0
Ne22	20479.73746	0.3887623481	99989.05687	0	0
neutron	939.56536	0.3338046248	99989.50645	0	0
S34	31632.70018	0.2248494114	99989.50645	0	0
neutron	939.56536	6.722703358	99989.61985	0	0
neutron	939.56536	5.08929594	99989.61985	0	0
neutron	939.56536	4.801247357	99989.61985	0	0
proton	938.272013	2.35896023	99989.61985	0	0
F19	17692.30285	1.425217065	99989.61985	0	0
neutron	939.56536	0.7630672834	99989.30324	0	0
S34	31632.70018	0.09150927066	99989.30324	0	0
neutron	939.56536	1.281183386	99988.98312	0	0
S34	31632.70018	0.2138861493	99988.98312	0	0
neutron	939.56536	3.16261366	99989.18121	0	0
S34	31632.70018	0.0276121283	99989.18121	0	0
neutron	939.56536	1.171961526	99989.72975	0	0
S36	33494.9558	0.03848499899	99989.72975	0	0
neutron	939.56536	15.27761264	99989.23991	0	0
neutron	939.56536	6.649671761	99989.23991	0	0
neutron	939.56536	3.271510294	99989.23991	0	0
alpha	3727.379	7.502812282	99989.23991	0	0
O16	14895.08153	0.5881208707	99989.23991	0	0
S35	32565.27968	0.1434206538	99989.7515	0	0
neutron	939.56536	0.507513173	99989.31995	0	0
Ne22	20479.73746	0.2833033202	99989.31995	0	0
neutron	939.56536	0.426309191	99989.03508	0	0
Ne22	20479.73746	0.1572704594	99989.03508	0	0
Ne23	21414.10216	0.2259682465	99990.07417	0	0
Ne23	21414.10216	0.1997666124	99989.53826	0	0
neutron	939.56536	1.531463432	99989.07663	0	0
S34	31632.70018	0.1240739509	99989.07663	0	0
S35	32565.27968	0.1471695043	99992.29679	0	0
proton	938.272013	3.994088952	99988.94042	0	0
proton	938.272013	3.992478091	99988.94042	0	0
neutron	939.56536	3.250444535	99988.94042	0	0
neutron	939.56536	0.8130014261	99988.94042	0	0
alpha	3727.379	8.078140082	99988.94042	0	0
Mg27	25129.62564	2.083898464	99988.94042	0	0
Ne23	21414.10216	0.2329076096	99988.87078	0	0
S37	34430.21755	0.1380176452	99989.3232	0	0
S37	34430.21755	0.137487568	99989.53111	0	0
neutron	939.56536	11.11553474	99989.87766	0	0
S34	31632.70018	0.5632818543	99989.87766	0	0
neutron	939.56536	1.055615127	99989.24943	0	0
S34	31632.70018	0.07547643306	99989.24943	0	0
neutron	939.56536	2.08277757	99989.0283	0	0
S34	31632.70018	0.1600081354	99989.0283	0	0
S35	32565.27968	0.1599946857	99989.80356	0	0
proton	938.272013	20.03312958	99988.69517	0	0
neutron	939.56536	12.10324614	99988.69517	0	0
neutron	939.56536	2.638651673	99988.69517	0	0
F20	18625.26686	0.1340295739	99988.69517	0	0
neutron	939.56536	11.49822263	99989.21498	0	0
neutron	939.56536	8.478253005	99989.21498	0	0
neutron	939.56536	8.282044088	99989.21498	0	0
alpha	3727.379	8.001834455	99989.21498	0	0
O16	14895.08153	1.737469311	99989.21498	0	0
neutron	939.56536	18.08882685	99989.56404	0	0
neutron	939.56536	3.510744145	99989.56404	0	0
neutron	939.56536	1.91364952	99989.56404	0	0
neutron	939.56536	0.5208892116	99989.56404	0	0
S33	30704.55199	0.2502120461	99989.56404	0	0
Ne23	21414.10216	0.2331780093	99988.77084	0	0
neutron	939.56536	1.477270354	99989.1361	0	0
neutron	939.56536	0.9685831669	99989.1361	0	0
neutron	939.56536	0.601740636	99989.1361	0	0
S32	29773.62828	0.1001493877	99989.1361	0	0
Ne23	21414.10216	0.2340629347	99989.82824	0	0
Ne23	21414.10216	0.2200073966	99989.33623	0	0
proton	938.272013	33.17809929	99989.26803	0	0
neutron	939.56536	6.484836771	99989.26803	0	0
neutron	939.56536	5.991304219	99989.26803	0	0
neutron	939.56536	0.6001487851	99989.26803	0	0
P33	30705.30994	0.3426254394	99989.26803	0	0
neutron	939.56536	5.397610551	99989.47533	0	0
neutron	939.56536	0.3653134045	99989.47533	0	0
S35	32565.27968	0.3153959344	99989.47533	0	0
neutron	939.56536	0.6776613225	99988.99671	0	0
Ne22	20479.73746	0.3177329078	99988.99671	0	0
neutron	939.56536	42.95030867	99989.15467	0	0
proton	938.272013	6.059112367	99989.15467	0	0
neutron	939.56536	4.225333536	99989.15467	0	0
neutron	939.56536	1.02470723	99989.15467	0	0
F19	17692.30285	2.146993438	99989.15467	0	0
S37	34430.21755	0.1296857464	99988.85438	0	0
neutron	939.56536	1.485857488	99989.10782	0	0
S34	31632.70018	0.02928124024	99989.10782	0	0
Ne23	21414.10216	0.2070675362	99989.6905	0	0
neutron	939.56536	29.52767731	99988.5646	0	0
neutron	939.56536	5.436329174	99988.5646	0	0
neutron	939.56536	5.095696638	99988.5646	0	0
S32	29773.62828	1.323689936	99988.5646	0	0
proton	938.272013	5.574381121	99989.71574	0	0
neutron	939.56536	1.546261397	99989.71574	0	0
P33	30705.30994	0.7568053237	99989.71574	0	0
Ne23	21414.10216	0.2284329931	99989.06025	0	0
neutron	939.56536	1.639561504	99989.5172	0	0
S34	31632.70018	0.2967295928	99989.5172	0	0
neutron	939.56536	0.07509620661	99989.04172	0	0
S34	31632.70018	0.1332131609	99989.04172	0	0
Ne23	21414.10216	0.2224640755	99989.20926	0	0
neutron	939.56536	0.3752244052	99989.30761	0	0
S34	31632.70018	0.1099541603	99989.30761	0	0
Ne23	21414.10216	0.2322703274	99989.26953	0	0
Ne23	21414.10216	0.2124169907	99988.96009	0	0
proton	938.272013	10.55462933	99988.92311	0	0
neutron	939.56536	2.127079371	99988.92311	0	0
neutron	939.56536	0.3812300084	99988.92311	0	0
neutron	939.56536	0.3239184853	99988.92311	0	0
P33	30705.30994	0.4956912131	99988.92311	0	0
neutron	939.56536	10.48066908	99989.68463	0	0
neutron	939.56536	10.11967803	99989.68463	0	0
neutron	939.56536	3.467800714	99989.68463	0	0
neutron	939.56536	1.249883304	99989.68463	0	0
alpha	3727.379	9.826204624	99989.68463	0	0
Si29	26984.28567	0.4949825633	99989.68463	0	0
neutron	939.56536	42.50880883	99989.32432	0	0
neutron	939.56536	2.376603095	99989.32432	0	0
neutron	939.56536	2.016895727	99989.32432	0	0
S32	29773.62828	2.831259273	99989.32432	0	0
neutron	939.56536	7.374834298	99990.10971	0	0
neutron	939.56536	3.674149527	99990.10971	0	0
neutron	939.56536	2.942820548	99990.10971	0	0
proton	938.272013	2.889919247	99990.10971	0	0
alpha	3727.379	4.407160208	99990.10971	0	0
N15	13968.93638	0.6624732217	99990.10971	0	0
neutron	939.56536	10.71204025	99988.98115	0	0
neutron	939.56536	5.156446466	99988.98115	0	0
Ne21	19550.53637	1.948947958	99988.98115	0	0
neutron	939.56536	2.266939685	99989.17326	0	0
alpha	3727.379	15.17142205	99989.17326	0	0
alpha	3727.379	4.293469182	99989.17326	0	0
C14	13040.87134	4.073611283	99989.17326	0	0
neutron	939.56536	2.253749191	99989.06242	0	0
S34	31632.70018	0.2443694288	99989.06242	0	0
neutron	939.56536	9.331112912	99989.8726	0	0
proton	938.272013	3.045097451	99989.8726	0	0
neutron	939.56536	0.169685731	99989.8726	0	0
alpha	3727.379	7.248101068	99989.8726	0	0
Al28	26058.3459	1.952898138	99989.8726	0	0
S35	32565.27968	0.1566860036	99988.98807	0	0
neutron	939.56536	7.98195564	99989.09166	0	0
neutron	939.56536	1.505735767	99989.09166	0	0
Ne21	19550.53637	0.04821882013	99989.09166	0	0
neutron	939.56536	0.3024552486	99989.0681	0	0
S34	31632.70018	0.2316176041	99989.0681	0	0
neutron	939.56536	17.11749307	99988.69834	0	0
neutron	939.56536	3.179149744	99988.69834	0	0
alpha	3727.379	8.416039819	99988.69834	0	0
Si29	26984.28567	1.275113242	99988.69834	0	0
Ne23	21414.10216	0.2178488342	99989.00782	0	0
neutron	939.56536	32.20737367	99989.05005	0	0
proton	938.272013	27.80493843	99989.05005	0	0
P33	30705.30994	0.4402783302	99989.05005	0	0
S35	32565.27968	0.142386222	99989.06467	0	0
neutron	939.56536	3.198601315	99989.41945	0	0
neutron	939.56536	1.835232338	99989.41945	0	0
neutron	939.56536	0.5773031274	99989.41945	0	0
S32	29773.62828	0.1719451755	99989.41945	0	0
neutron	939.56536	1.33890848	99988.55935	0	0
S36	33494.9558	0.2253320456	99988.55935	0	0
neutron	939.56536	4.452593327	99989.69885	0	0
neutron	939.56536	3.008739975	99989.69885	0	0
neutron	939.56536	1.879648263	99989.69885	0	0
Ne20	18617.73218	0.825070185	99989.69885	0	0
Ne23	21414.10216	0.2252992449	99989.55108	0	0
neutron	939.56536	3.682240817	99988.43228	0	0
Ne22	20479.73746	0.201626435	99988.43228	0	0
neutron	939.56536	0.6471084106	99989.29965	0	0
neutron	939.56536	0.5781446652	99989.29965	0	0
S33	30704.55199	0.2041816182	99989.29965	0	0
neutron	939.56536	12.4905516	99989.31404	0	0
neutron	939.56536	3.691834661	99989.31404	0	0
neutron	939.56536	3.086681752	99989.31404	0	0
proton	938.272013	1.989774391	99989.31404	0	0
F19	17692.30285	0.5589269266	99989.31404	0	0
neutron	939.56536	0.3256462142	99989.40859	0	0
S34	31632.70018	0.2063261791	99989.40859	0	0
neutron	939.56536	0.8436365586	99989.36217	0	0
S36	33494.9558	0.2170393209	99989.36217	0	0
S35	32565.27968	0.1627587668	99989.26114	0	0
proton	938.272013	10.25175077	99989.92078	0	0
proton	938.272013	8.862275877	99989.92078	0	0
neutron	939.56536	5.29114001	99989.92078	0	0
neutron	939.56536	1.465120759	99989.92078	0	0
Si31	28846.21977	0.2816322678	99989.92078	0	0
neutron	939.56536	10.90329942	99988.89262	0	0
Ne22	20479.73746	0.497905024	99988.89262	0	0
neutron	939.56536	0.1064344339	99989.47633	0	0
S34	31632.70018	0.1410996517	99989.47633	0	0
neutron	939.56536	2.96301601	99989.35829	0	0
S34	31632.70018	0.1152447658	99989.35829	0	0
neutron	939.56536	0.2936090621	99989.12546	0	0
Ne22	20479.73746	0.2113899481	99989.12546	0	0
neutron	939.56536	0.404434977	99989.12617	0	0
S34	31632.70018	0.09554166623	99989.12617	0	0
neutron	939.56536	1.797079606	99989.13613	0	0
neutron	939.56536	1.496138177	99989.13613	0	0
neutron	939.56536	0.8049130888	99989.13613	0	0
S32	29773.62828	0.08523701826	99989.13613	0	0
neutron	939.56536	1.552774531	99989.10994	0	0
Ne22	20479.73746	0.0780008862	99989.10994	0	0
neutron	939.56536	1.872901377	99989.02634	0	0
neutron	939.56536	0.1911551675	99989.02634	0	0
alpha	3727.379	8.721843005	99989.02634	0	0
Si29	26984.28567	0.6296414117	99989.02634	0	0
S35	32565.27968	0.1439894153	99989.04604	0	0
neutron	939.56536	5.931029624	99990.45883	0	0
neutron	939.56536	3.017999874	99990.45883	0	0
neutron	939.56536	1.6808951	99990.45883	0	0
S32	29773.62828	0.2603389749	99990.45883	0	0
neutron	939.56536	21.00499545	99989.92382	0	0
neutron	939.56536	19.72902609	99989.92382	0	0
neutron	939.56536	1.711942972	99989.92382	0	0
Ne20	18617.73218	0.432506116	99989.92382	0	0
neutron	939.56536	0.05396422171	99989.21544	0	0
S34	31632.70018	0.176915418	99989.21544	0	0
neutron	939.56536	3.858512287	99989.60926	0	0
neutron	939.56536	3.069855266	99989.60926	0	0
Ne21	19550.53637	0.5833070773	99989.60926	0	0
Ne23	21414.10216	0.2331515313	99988.7116	0	0
neutron	939.56536	0.7882971795	99989.17977	0	0
S34	31632.70018	0.0921575785	99989.17977	0	0
neutron	939.56536	4.714714117	99989.02247	0	0
proton	938.272013	3.647991225	99989.02247	0	0
neutron	939.56536	2.84453715	99989.02247	0	0
neutron	939.56536	2.568914004	99989.02247	0	0
F19	17692.30285	0.02346483232	99989.02247	0	0
proton	938.272013	14.59516823	99988.97256	0	0
neutron	939.56536	2.115569087	99988.97256	0	0
P35	32569.77755	0.3859968644	99988.97256	0	0
neutron	939.56536	0.8579758678	99989.68514	0	0
S34	31632.70018	0.276391619	99989.68514	0	0
neutron	939.56536	5.959504432	99989.11471	0	0
S36	33494.9558	0.4643432275	99989.11471	0	0
neutron	939.56536	9.828541017	99989.11901	0	0
neutron	939.56536	0.502960959	99989.11901	0	0
S33	30704.55199	0.07653940696	99989.11901	0	0
Ne23	21414.10216	0.2160805716	99988.84197	0	0
neutron	939.56536	8.441063772	99989.12444	0	0
neutron	939.56536	2.351915476	99989.12444	0	0
Ne21	19550.53637	0.1700097825	99989.12444	0	0
proton	938.272013	23.03600146	99988.94274	0	0
neutron	939.56536	0.3673786853	99988.94274	0	0
P33	30705.30994	0.7733246391	99988.94274	0	0
neutron	939.56536	0.5087209822	99989.3913	0	0
S34	31632.70018	0.2183413941	99989.3913	0	0
neutron	939.56536	5.552383841	99992.62171	0	0
neutron	939.56536	2.569485665	99992.62171	0	0
neutron	939.56536	0.7002311655	99992.62171	0	0
Ne20	18617.73218	0.06631274912	99992.62171	0	0
neutron	939.56536	1.186780114	99988.73168	0	0
S34	31632.70018	0.2867918676	99988.73168	0	0
neutron	939.56536	5.170014472	99989.26056	0	0
neutron	939.56536	0.71370627	99989.26056	0	0
S33	30704.55199	0.2358857136	99989.26056	0	0
neutron	939.56536	0.4035078961	99989.36331	0	0
S34	31632.70018	0.2141457321	99989.36331	0	0
neutron	939.56536	4.074341907	99989.15456	0	0
neutron	939.56536	0.1137232093	99989.15456	0	0
S33	30704.55199	0.3289131129	99989.15456	0	0
S35	32565.27968	0.15455592	99990.49084	0	0
neutron	939.56536	0.1538280838	99989.42044	0	0
S34	31632.70018	0.104863724	99989.42044	0	0
neutron	939.56536	3.480173306	99989.11591	0	0
S34	31632.70018	0.3975523133	99989.11591	0	0
proton	938.272013	17.33313166	99990.26065	0	0
neutron	939.56536	7.334438435	99990.26065	0	0
proton	938.272013	3.418090986	99990.26065	0	0
Si32	29776.58515	1.635138717	99990.26065	0	0
S35	32565.27968	0.1548101904	99990.04333	0	0
neutron	939.56536	2.088658895	99989.60487	0	0
S34	31632.70018	0.07426780329	99989.60487	0	0
S35	32565.27968	0.1537129942	99989.13007	0	0
proton	938.272013	7.168476021	99988.65916	0	0
neutron	939.56536	2.516178416	99988.65916	0	0
P35	32569.77755	0.3052399687	99988.65916	0	0
Ne23	21414.10216	0.2179292466	99989.24939	0	0
neutron	939.56536	4.830617349	99988.76915	0	0
S36	33494.9558	0.267006141	99988.76915	0	0
S35	32565.27968	0.1616590329	99989.08324	0	0
S35	32565.27968	0.1553683662	99989.73459	0	0
neutron	939.56536	11.70042466	99989.00077	0	0
proton	938.272013	5.910685879	99989.00077	0	0
proton	938.272013	5.325889993	99989.00077	0	0
neutron	939.56536	3.238909919	99989.00077	0	0
neutron	939.56536	3.207682492	99989.00077	0	0
neutron	939.56536	0.2869538723	99989.00077	0	0
Si29	26984.28567	0.6969204489	99989.00077	0	0
neutron	939.56536	0.7003729312	99988.63723	0	0
Ne22	20479.73746	0.1706357489	99988.63723	0	0
neutron	939.56536	0.1271163531	99989.12445	0	0
S34	31632.70018	0.1800845659	99989.12445	0	0
neutron	939.56536	9.768263901	99989.2547	0	0
neutron	939.56536	2.349191081	99989.2547	0	0
proton	938.272013	1.763467327	99989.2547	0	0
neutron	939.56536	1.175062217	99989.2547	0	0
deuteron	1875.613	3.856742619	99989.2547	0	0
Si29	26984.28567	0.815210002	99989.2547	0	0
neutron	939.56536	2.933822717	99989.51681	0	0
neutron	939.56536	1.200907849	99989.51681	0	0
deuteron	1875.613	12.86804434	99989.51681	0	0
P33	30705.30994	0.2741798344	99989.51681	0	0
S35	32565.27968	0.1473115425	99989.39169	0	0
neutron	939.56536	5.648597645	99989.36525	0	0
neutron	939.56536	4.066252498	99989.36525	0	0
alpha	3727.379	4.49865721	99989.36525	0	0
O17	15830.5038	3.651210508	99989.36525	0	0
neutron	939.56536	16.29675592	99989.59912	0	0
neutron	939.56536	4.639692236	99989.59912	0	0
neutron	939.56536	0.3021428166	99989.59912	0	0
S32	29773.62828	0.1190616723	99989.59912	0	0
neutron	939.56536	0.8857017831	99989.18678	0	0
S34	31632.70018	0.1906152882	99989.18678	0	0
neutron	939.56536	10.6353779	99988.98926	0	0
neutron	939.56536	0.8672625686	99988.98926	0	0
Ne21	19550.53637	0.4016795919	99988.98926	0	0
Ne23	21414.10216	0.2260299764	99989.78982	0	0
neutron	939.56536	24.2788791	99988.8055	0	0
proton	938.272013	21.59368992	99988.8055	0	0
neutron	939.56536	2.953157871	99988.8055	0	0
neutron	939.56536	1.115633221	99988.8055	0	0
P31	28844.21869	3.400056141	99988.8055	0	0
neutron	939.56536	0.237580605	99989.48725	0	0
Ne22	20479.73746	0.2461896479	99989.48725	0	0
proton	938.272013	16.77845375	99989.11261	0	0
neutron	939.56536	4.681752155	99989.11261	0	0
neutron	939.56536	2.817618054	99989.11261	0	0
neutron	939.56536	2.75500905	99989.11261	0	0
P33	30705.30994	0.4663778817	99989.11261	0	0
neutron	939.56536	34.58803113	99989.21654	0	0
neutron	939.56536	6.651453287	99989.21654	0	0
neutron	939.56536	0.6770557933	99989.21654	0	0
alpha	3727.379	8.122391195	99989.21654	0	0
O16	14895.08153	3.425157427	99989.21654	0	0
S35	32565.27968	0.1512156689	99988.79532	0	0
neutron	939.56536	0.295593549	99989.11698	0	0
S34	31632.70018	0.1199166492	99989.11698	0	0
neutron	939.56536	1.9314397	99989.27139	0	0
S34	31632.70018	0.009842953855	99989.27139	0	0
Ne23	21414.10216	0.2252721305	99989.63669	0	0
neutron	939.56536	0.2818188774	99989.26175	0	0
S34	31632.70018	0.1977462428	99989.26175	0	0
neutron	939.56536	20.57543112	99989.55991	0	0
neutron	939.56536	9.341016303	99989.55991	0	0
neutron	939.56536	6.899586924	99989.55991	0	0
alpha	3727.379	11.12745248	99989.55991	0	0
O16	14895.08153	7.000339954	99989.55991	0	0
neutron	939.56536	1.286626623	99988.80968	0	0
neutron	939.56536	0.9590342718	99988.80968	0	0
Ne21	19550.53637	0.1664803192	99988.80968	0	0
Ne23	21414.10216	0.2196896925	99989.20871	0	0
neutron	939.56536	0.1752727865	99989.55776	0	0
Ne22	20479.73746	0.1779585726	99989.55776	0	0
proton	938.272013	5.534749755	99988.70363	0	0
proton	938.272013	5.495131049	99988.70363	0	0
neutron	939.56536	4.250634046	99988.70363	0	0
neutron	939.56536	1.3280201	99988.70363	0	0
neutron	939.56536	0.4703972439	99988.70363	0	0
Si30	27913.24182	1.164623794	99988.70363	0	0
neutron	939.56536	6.711993568	99989.31657	0	0
neutron	939.56536	3.321602149	99989.31657	0	0
Ne21	19550.53637	0.005195352234	99989.31657	0	0
neutron	939.56536	2.804806549	99989.66823	0	0
neutron	939.56536	2.17103703	99989.66823	0	0
neutron	939.56536	2.00816166	99989.66823	0	0
S32	29773.62828	0.1107056458	99989.66823	0	0
neutron	939.56536	7.975697012	99989.27004	0	0
neutron	939.56536	3.132797191	99989.27004	0	0
S33	30704.55199	0.3002628498	99989.27004	0	0
proton	938.272013	21.67420939	99989.12332	0	0
neutron	939.56536	2.157827153	99989.12332	0	0
neutron	939.56536	1.023000262	99989.12332	0	0
F20	18625.26686	2.030402403	99989.12332	0	0
neutron	939.56536	1.931111282	99988.94674	0	0
Ne22	20479.73746	0.4454327293	99988.94674	0	0
neutron	939.56536	6.012544051	99989.44525	0	0
neutron	939.56536	2.654554706	99989.44525	0	0
neutron	939.56536	0.5142246155	99989.44525	0	0
S32	29773.62828	0.1386716125	99989.44525	0	0
neutron	939.56536	1.438103809	99988.98181	0	0
Ne22	20479.73746	0.3916017531	99988.98181	0	0
Ne23	21414.10216	0.2243086604	99989.30853	0	0
neutron	939.56536	13.02960634	99989.75229	0	0
neutron	939.56536	11.16387905	99989.75229	0	0
neutron	939.56536	2.226362014	99989.75229	0	0
S32	29773.62828	0.3216408965	99989.75229	0	0
proton	938.272013	12.65758531	99989.91129	0	0
neutron	939.56536	7.96561178	99989.91129	0	0
neutron	939.56536	0.4375615252	99989.91129	0	0
P32	29775.84838	0.9159829143	99989.91129	0	0
proton	938.272013	10.61682356	99989.10273	0	0
neutron	939.56536	5.005710468	99989.10273	0	0
neutron	939.56536	2.600692709	99989.10273	0	0
neutron	939.56536	0.07974438858	99989.10273	0	0
P31	28844.21869	0.524290961	99989.10273	0	0
S35	32565.27968	0.1469859355	99988.96992	0	0
neutron	939.56536	16.14685988	99989.41337	0	0
neutron	939.56536	3.603062171	99989.41337	0	0
neutron	939.56536	1.060397033	99989.41337	0	0
S32	29773.62828	0.5490446437	99989.41337	0	0
neutron	939.56536	0.2602596676	99988.74983	0	0
Ne22	20479.73746	0.177314367	99988.74983	0	0
proton	938.272013	6.794896379	99989.21611	0	0
neutron	939.56536	4.008430002	99989.21611	0	0
neutron	939.56536	3.599409022	99989.21611	0	0
P32	29775.84838	1.230923506	99989.21611	0	0
neutron	939.56536	15.63793991	99990.33121	0	0
proton	938.272013	4.988732193	99990.33121	0	0
neutron	939.56536	2.183887935	99990.33121	0	0
neutron	939.56536	1.819364213	99990.33121	0	0
deuteron	1875.613	3.641829355	99990.33121	0	0
Si29	26984.28567	0.669163815	99990.33121	0	0
neutron	939.56536	6.644290655	99988.4956	0	0
neutron	939.56536	2.109307268	99988.4956	0	0
deuteron	1875.613	10.79452271	99988.4956	0	0
F19	17692.30285	0.1937187011	99988.4956	0	0
neutron	939.56536	6.207278984	99990.23316	0	0
neutron	939.56536	0.7239093051	99990.23316	0	0
S35	32565.27968	0.3285524161	99990.23316	0	0
neutron	939.56536	5.993399066	99989.39002	0	0
S34	31632.70018	0.09389948276	99989.39002	0	0
neutron	939.56536	6.608919462	99989.31662	0	0
Ne22	20479.73746	0.3442369638	99989.31662	0	0
Ne23	21414.10216	0.2151125084	99989.23565	0	0
S37	34430.21755	0.1338599647	99989.11565	0	0
proton	938.272013	9.758271856	99989.06657	0	0
neutron	939.56536	8.227709664	99989.06657	0	0
neutron	939.56536	1.851130346	99989.06657	0	0
neutron	939.56536	1.31680905	99989.06657	0	0
neutron	939.56536	0.8183151113	99989.06657	0	0
P32	29775.84838	0.09031207842	99989.06657	0	0
neutron	939.56536	5.638233058	99989.44169	0	0
neutron	939.56536	1.176071998	99989.44169	0	0
S35	32565.27968	0.08769154638	99989.44169	0	0
neutron	939.56536	0.08489792177	99989.15677	0	0
S34	31632.70018	0.1781452877	99989.15677	0	0
neutron	939.56536	7.239205914	99989.99752	0	0
neutron	939.56536	3.226794784	99989.99752	0	0
S35	32565.27968	0.4857530133	99989.99752	0	0
neutron	939.56536	0.6692489728	99989.82776	0	0
S36	33494.9558	0.1464348478	99989.82776	0	0
neutron	939.56536	45.96277915	99989.66877	0	0
neutron	939.56536	3.767626485	99989.66877	0	0
proton	938.272013	2.740987047	99989.66877	0	0
neutron	939.56536	0.6788121455	99989.66877	0	0
F19	17692.30285	0.7655343117	99989.66877	0	0
neutron	939.56536	0.2349277908	99989.48277	0	0
S34	31632.70018	0.1162717221	99989.48277	0	0
neutron	939.56536	0.7676293272	99989.11751	0	0
S34	31632.70018	0.1465429796	99989.11751	0	0
neutron	939.56536	3.849397264	99989.12444	0	0
neutron	939.56536	2.331243462	99989.12444	0	0
neutron	939.56536	1.485626108	99989.12444	0	0
S32	29773.62828	0.2606217204	99989.12444	0	0
neutron	939.56536	9.920686457	99989.3388	0	0
neutron	939.56536	2.681648765	99989.3388	0	0
neutron	939.56536	1.140115082	99989.3388	0	0
alpha	3727.379	8.755432106	99989.3388	0	0
O16	14895.08153	1.763500437	99989.3388	0	0
S35	32565.27968	0.137618777	99989.3335	0	0
neutron	939.56536	7.817249257	99989.90534	0	0
neutron	939.56536	5.752603915	99989.90534	0	0
proton	938.272013	4.642134488	99989.90534	0	0
neutron	939.56536	3.501668322	99989.90534	0	0
alpha	3727.379	4.259231544	99989.90534	0	0
N15	13968.93638	2.388911548	99989.90534	0	0
proton	938.272013	23.75459956	99988.75206	0	0
neutron	939.56536	18.26298446	99988.75206	0	0
neutron	939.56536	3.252161715	99988.75206	0	0
P32	29775.84838	0.3094465652	99988.75206	0	0
Ne23	21414.10216	0.2228150335	99988.99283	0	0
S37	34430.21755	0.1418238037	99988.78885	0	0
neutron	939.56536	0.07016955399	99989.39015	0	0
S34	31632.70018	0.169093491	99989.39015	0	0
neutron	939.56536	0.3226952713	99988.80102	0	0
Ne22	20479.73746	0.2305998825	99988.80102	0	0
neutron	939.56536	6.222728044	99989.15733	0	0
neutron	939.56536	3.37038123	99989.15733	0	0
proton	938.272013	2.472045392	99989.15733	0	0
neutron	939.56536	1.058034306	99989.15733	0	0
F19	17692.30285	0.8291201035	99989.15733	0	0
neutron	939.56536	0.8970748245	99989.19955	0	0
S34	31632.70018	0.2531307306	99989.19955	0	0
Ne23	21414.10216	0.2334208678	99988.80217	0	0
neutron	939.56536	1.234380935	99988.84886	0	0
S34	31632.70018	0.1612019496	99988.84886	0	0
neutron	939.56536	4.797175502	99989.33898	0	0
neutron	939.56536	1.4030072	99989.33898	0	0
deuteron	1875.613	13.28250176	99989.33898	0	0
alpha	3727.379	1.807132422	99989.33898	0	0
N15	13968.93638	6.989623158	99989.33898	0	0
Ne23	21414.10216	0.2214628987	99989.18828	0	0
neutron	939.56536	0.4341588516	99989.54702	0	0
Ne22	20479.73746	0.3258592479	99989.54702	0	0
neutron	939.56536	0.1637990107	99989.20566	0	0
S34	31632.70018	0.1949319789	99989.20566	0	0
neutron	939.56536	22.61512763	99989.28389	0	0
neutron	939.56536	0.4931175503	99989.28389	0	0
alpha	3727.379	9.55805087	99989.28389	0	0
Si29	26984.28567	1.544024642	99989.28389	0	0
neutron	939.56536	22.61919798	99989.08659	0	0
neutron	939.56536	11.21297237	99989.08659	0	0
neutron	939.56536	1.182720348	99989.08659	0	0
S34	31632.70018	0.8970206186	99989.08659	0	0
neutron	939.56536	24.3902596	99989.48302	0	0
neutron	939.56536	10.8924362	99989.48302	0	0
neutron	939.56536	5.779507494	99989.48302	0	0
proton	938.272013	3.072392316	99989.48302	0	0
P31	28844.21869	1.685106586	99989.48302	0	0
neutron	939.56536	28.31223846	99989.49053	0	0
neutron	939.56536	19.08953287	99989.49053	0	0
neutron	939.56536	2.585716712	99989.49053	0	0
S32	29773.62828	0.2485505686	99989.49053	0	0
neutron	939.56536	0.6707513655	99989.21311	0	0
S34	31632.70018	0.2619378073	99989.21311	0	0
neutron	939.56536	0.9531063798	99988.52984	0	0
S34	31632.70018	0.06979637637	99988.52984	0	0
neutron	939.56536	0.02243140737	99988.91729	0	0
Ne22	20479.73746	0.2390439694	99988.91729	0	0
Ne23	21414.10216	0.2319929797	99990.1595	0	0
neutron	939.56536	1.885751961	99989.13233	0	0
S36	33494.9558	0.2765324021	99989.13233	0	0
neutron	939.56536	2.216652295	99989.24672	0	0
Ne22	20479.73746	0.1698807536	99989.24672	0	0
neutron	939.56536	1.720492799	99989.82227	0	0
Ne22	20479.73746	0.1516156232	99989.82227	0	0
S35	32565.27968	0.1649267245	99988.99747	0	0
neutron	939.56536	0.6239766841	99989.71922	0	0
Ne22	20479.73746	0.1740716183	99989.71922	0	0
S35	32565.27968	0.1443421017	99989.86777	0	0
neutron	939.56536	5.459316413	99989.06992	0	0
neutron	939.56536	2.001568391	99989.06992	0	0
neutron	939.56536	1.05477514	99989.06992	0	0
Ne20	18617.73218	0.2859924247	99989.06992	0	0
neutron	939.56536	0.8329857217	99989.5878	0	0
S34	31632.70018	0.1742488492	99989.5878	0	0
S37	34430.21755	0.1380501538	99989.06181	0	0
neutron	939.56536	4.698766764	99989.14646	0	0
neutron	939.56536	3.473372136	99989.14646	0	0
neutron	939.56536	2.290913068	99989.14646	0	0
alpha	3727.379	5.966063088	99989.14646	0	0
alpha	3727.379	2.901553934	99989.14646	0	0
C12	11174.86339	5.25695243	99989.14646	0	0
neutron	939.56536	2.102757288	99988.74456	0	0
S34	31632.70018	0.05627760161	99988.74456	0	0
neutron	939.56536	1.136561217	99989.53028	0	0
S34	31632.70018	0.1019873799	99989.53028	0	0
Ne23	21414.10216	0.2171810559	99989.38989	0	0
proton	938.272013	3.306314062	99988.81517	0	0
neutron	939.56536	2.814799687	99988.81517	0	0
neutron	939.56536	2.534974864	99988.81517	0	0
neutron	939.56536	1.862130139	99988.81517	0	0
P33	30705.30994	0.2702317067	99988.81517	0	0
neutron	939.56536	0.1263401249	99988.80542	0	0
Ne22	20479.73746	0.2350239451	99988.80542	0	0
Ne23	21414.10216	0.2308251152	99989.75586	0	0
Ne23	21414.10216	0.2080912679	99988.72197	0	0
neutron	939.56536	1.841027975	99988.19534	0	0
Ne22	20479.73746	0.03745413219	99988.19534	0	0
neutron	939.56536	0.6528086325	99988.79571	0	0
S34	31632.70018	0.1589482616	99988.79571	0	0
neutron	939.56536	3.262752374	99989.05269	0	0
S36	33494.9558	0.02964901538	99989.05269	0	0
proton	938.272013	48.69600881	99989.33955	0	0
neutron	939.56536	1.787790659	99989.33955	0	0
neutron	939.56536	1.52061347	99989.33955	0	0
P32	29775.84838	2.678090391	99989.33955	0	0
neutron	939.56536	5.077420106	99988.73179	0	0
neutron	939.56536	3.091428815	99988.73179	0	0
neutron	939.56536	1.581237477	99988.73179	0	0
alpha	3727.379	12.22803832	99988.73179	0	0
O16	14895.08153	3.933010887	99988.73179	0	0
neutron	939.56536	0.3575912167	99989.26015	0	0
Ne22	20479.73746	0.1352647703	99989.26015	0	0
Ne23	21414.10216	0.2288288586	99989.42229	0	0
neutron	939.56536	0.6932789085	99988.85668	0	0
S36	33494.9558	0.1487809347	99988.85668	0	0
Ne23	21414.10216	0.2216534191	99989.43601	0	0
neutron	939.56536	1.014376663	99989.63187	0	0
Ne22	20479.73746	0.2029998024	99989.63187	0	0
neutron	939.56536	1.05494348	99989.42884	0	0
S34	31632.70018	0.1639331696	99989.42884	0	0
S35	32565.27968	0.1647372078	99989.03642	0	0
neutron	939.56536	0.5754115111	99988.90752	0	0
S36	33494.9558	0.1669963695	99988.90752	0	0
neutron	939.56536	9.36098541	99988.844	0	0
neutron	939.56536	0.3515693803	99988.844	0	0
alpha	3727.379	9.878816262	99988.844	0	0
O17	15830.5038	0.3538773033	99988.844	0	0
S35	32565.27968	0.1484805311	99992.27806	0	0
neutron	939.56536	27.57805339	99989.09167	0	0
neutron	939.56536	12.90031791	99989.09167	0	0
neutron	939.56536	5.679384253	99989.09167	0	0
Ne20	18617.73218	0.386992086	99989.09167	0	0
neutron	939.56536	20.17407348	99989.80974	0	0
neutron	939.56536	7.190124563	99989.80974	0	0
Ne21	19550.53637	0.2015718166	99989.80974	0	0
neutron	939.56536	25.48233339	99989.10466	0	0
neutron	939.56536	7.453172858	99989.10466	0	0
neutron	939.56536	0.7218628276	99989.10466	0	0
Ne20	18617.73218	0.05548574985	99989.10466	0	0
neutron	939.56536	0.5126998132	99989.56969	0	0
S34	31632.70018	0.09624182718	99989.56969	0	0
neutron	939.56536	0.3264711583	99989.58126	0	0
S34	31632.70018	0.166899495	99989.58126	0	0
Ne23	21414.10216	0.2137932856	99989.22288	0	0
proton	938.272013	6.33832136	99989.23929	0	0
neutron	939.56536	6.092711554	99989.23929	0	0
neutron	939.56536	4.533293649	99989.23929	0	0
neutron	939.56536	0.8098337889	99989.23929	0	0
P31	28844.21869	0.180644712	99989.23929	0	0
S37	34430.21755	0.1406634716	99988.92476	0	0
proton	938.272013	14.245226	99989.55893	0	0
neutron	939.56536	5.976678687	99989.55893	0	0
neutron	939.56536	1.919250005	99989.55893	0	0
neutron	939.56536	0.2161860767	99989.55893	0	0
P31	28844.21869	0.3566291308	99989.55893	0	0
neutron	939.56536	0.9241380633	99990.57259	0	0
S34	31632.70018	0.1415064233	99990.57259	0	0
S35	32565.27968	0.1602943052	99989.70441	0	0
neutron	939.56536	0.8206711618	99989.42581	0	0
S34	31632.70018	0.136244325	99989.42581	0	0
Ne23	21414.10216	0.2296805516	99989.42864	0	0
S37	34430.21755	0.1282430443	99989.079	0	0
proton	938.272013	33.16047918	99989.02036	0	0
neutron	939.56536	30.28992147	99989.02036	0	0
neutron	939.56536	1.200747198	99989.02036	0	0
P32	29775.84838	1.847960555	99989.02036	0	0
S35	32565.27968	0.1582169625	99989.5416	0	0
Ne23	21414.10216	0.2229520886	99989.54677	0	0
neutron	939.56536	5.950084898	99988.33563	0	0
alpha	3727.379	7.282728704	99988.33563	0	0
O18	16762.02378	2.928409	99988.33563	0	0
neutron	939.56536	0.1507976631	99989.4477	0	0
S34	31632.70018	0.111352425	99989.4477	0	0
S35	32565.27968	0.151504586	99989.96599	0	0
proton	938.272013	5.81403631	99989.7903	0	0
neutron	939.56536	1.570961505	99989.7903	0	0
deuteron	1875.613	17.9429673	99989.7903	0	0
Si31	28846.21977	0.9651736696	99989.7903	0	0
proton	938.272013	11.2709568	99989.32817	0	0
neutron	939.56536	5.386201969	99989.32817	0	0
neutron	939.56536	5.259219543	99989.32817	0	0
F20	18625.26686	1.165780932	99989.32817	0	0
Ne23	21414.10216	0.2317438851	99989.45026	0	0
proton	938.272013	6.699721264	99988.46274	0	0
neutron	939.56536	1.728560454	99988.46274	0	0
P33	30705.30994	0.3981268426	99988.46274	0	0
S35	32565.27968	0.1564555718	99989.29357	0	0
neutron	939.56536	1.179188699	99989.22424	0	0
S34	31632.70018	0.2977535596	99989.22424	0	0
neutron	939.56536	3.717656982	99988.54476	0	0
neutron	939.56536	2.572337686	99988.54476	0	0
neutron	939.56536	2.570909669	99988.54476	0	0
neutron	939.56536	1.986343046	99988.54476	0	0
neutron	939.56536	1.565333542	99988.54476	0	0
alpha	3727.379	5.798716925	99988.54476	0	0
Si28	26053.19393	2.54162691	99988.54476	0	0
neutron	939.56536	0.3799124632	99988.97479	0	0
S34	31632.70018	0.225312663	99988.97479	0	0
neutron	939.56536	12.27411988	99989.59617	0	0
neutron	939.56536	2.753910403	99989.59617	0	0
neutron	939.56536	2.498217562	99989.59617	0	0
alpha	3727.379	10.08791862	99989.59617	0	0
O16	14895.08153	0.4733970204	99989.59617	0	0
neutron	939.56536	1.369682435	99989.29751	0	0
alpha	3727.379	20.35123486	99989.29751	0	0
Si30	27913.24182	2.606834911	99989.29751	0	0
neutron	939.56536	0.3858740386	99989.39483	0	0
Ne22	20479.73746	0.2255907213	99989.39483	0	0
Ne23	21414.10216	0.2167034609	99990.2483	0	0
neutron	939.56536	2.711382795	99989.03638	0	0
S34	31632.70018	0.2981038806	99989.03638	0	0
S35	32565.27968	0.1509390784	99989.09987	0	0
Ne23	21414.10216	0.2229675402	99989.01595	0	0
neutron	939.56536	27.6862364	99988.93192	0	0
neutron	939.56536	22.18987873	99988.93192	0	0
neutron	939.56536	0.7182553261	99988.93192	0	0
S32	29773.62828	0.6994045496	99988.93192	0	0
neutron	939.56536	0.6960098737	99989.26995	0	0
S34	31632.70018	0.1329566429	99989.26995	0	0
neutron	939.56536	0.01737934119	99989.32623	0	0
S34	31632.70018	0.1616779636	99989.32623	0	0
Ne23	21414.10216	0.2133713892	99989.21784	0	0
neutron	939.56536	1.049023125	99989.62418	0	0
Ne22	20479.73746	0.3548866045	99989.62418	0	0
neutron	939.56536	6.006621586	99989.22663	0	0
neutron	939.56536	2.112562964	99989.22663	0	0
neutron	939.56536	1.141747526	99989.22663	0	0
S32	29773.62828	0.1752143132	99989.22663	0	0
neutron	939.56536	34.20969228	99989.34125	0	0
alpha	3727.379	21.74862293	99989.34125	0	0
O18	16762.02378	1.580351116	99989.34125	0	0
neutron	939.56536	1.684883605	99988.66701	0	0
S34	31632.70018	0.1879727383	99988.66701	0	0
neutron	939.56536	1.220412979	99989.09514	0	0
S34	31632.70018	0.2746077519	99989.09514	0	0
neutron	939.56536	0.1308337918	99989.58811	0	0
S34	31632.70018	0.1990810928	99989.58811	0	0
neutron	939.56536	1.157909811	99988.74999	0	0
S34	31632.70018	0.04631387007	99988.74999	0	0
neutron	939.56536	1.464414337	99989.92564	0	0
Ne22	20479.73746	0.4812005479	99989.92564	0	0
neutron	939.56536	16.00505096	99989.54214	0	0
proton	938.272013	8.824255227	99989.54214	0	0
neutron	939.56536	1.171013711	99989.54214	0	0
F20	18625.26686	0.8923667951	99989.54214	0	0
neutron	939.56536	0.9517325254	99989.4052	0	0
S34	31632.70018	0.08578338894	99989.4052	0	0
neutron	939.56536	1.413298081	99988.89734	0	0
S36	33494.9558	0.2489038828	99988.89734	0	0
neutron	939.56536	0.8403407908	99989.56225	0	0
S36	33494.9558	0.2600382751	99989.56225	0	0
neutron	939.56536	3.619469263	99989.46454	0	0
Ne22	20479.73746	0.04777301258	99989.46454	0	0
neutron	939.56536	14.57017399	99989.7495	0	0
neutron	939.56536	4.503305974	99989.7495	0	0
proton	938.272013	2.935148377	99989.7495	0	0
neutron	939.56536	2.852062365	99989.7495	0	0
P31	28844.21869	0.7480619741	99989.7495	0	0
S35	32565.27968	0.1566031894	99989.21624	0	0
neutron	939.56536	7.960149814	99988.95681	0	0
neutron	939.56536	7.274866196	99988.95681	0	0
proton	938.272013	3.995630262	99988.95681	0	0
neutron	939.56536	0.3595005672	99988.95681	0	0
P31	28844.21869	0.5661043161	99988.95681	0	0
neutron	939.56536	2.907898821	99989.19757	0	0
S34	31632.70018	0.006802825105	99989.19757	0	0
neutron	939.56536	1.157835755	99989.77175	0	0
triton	2808.921	11.11440477	99989.77175	0	0
alpha	3727.379	9.493222223	99989.77175	0	0
N15	13968.93638	8.41539662	99989.77175	0	0
neutron	939.56536	0.3376108858	99989.04241	0	0
S34	31632.70018	0.06835444555	99989.04241	0	0
neutron	939.56536	6.170269566	99988.95812	0	0
neutron	939.56536	6.020676065	99988.95812	0	0
neutron	939.56536	1.511913841	99988.95812	0	0
neutron	939.56536	1.429720768	99988.95812	0	0
S33	30704.55199	0.3803865119	99988.95812	0	0
neutron	939.56536	1.220723248	99989.4106	0	0
Ne22	20479.73746	0.3036564364	99989.4106	0	0
neutron	939.56536	20.56628734	99988.57769	0	0
proton	938.272013	6.31680315	99988.57769	0	0
neutron	939.56536	5.51564711	99988.57769	0	0
neutron	939.56536	1.260150145	99988.57769	0	0
P31	28844.21869	0.4300528136	99988.57769	0	0
proton	938.272013	6.704358154	99989.53563	0	0
neutron	939.56536	0.3640713301	99989.53563	0	0
deuteron	1875.613	7.549683361	99989.53563	0	0
Si31	28846.21977	0.7810837473	99989.53563	0	0
S35	32565.27968	0.1451798624	99989.22053	0	0
neutron	939.56536	11.91930931	99989.18514	0	0
neutron	939.56536	1.32479025	99989.18514	0	0
neutron	939.56536	1.164673125	99989.18514	0	0
neutron	939.56536	0.3136122678	99989.18514	0	0
alpha	3727.379	7.262855397	99989.18514	0	0
Si29	26984.28567	1.535795513	99989.18514	0	0
neutron	939.56536	0.4074664298	99988.7801	0	0
S34	31632.70018	0.1132484965	99988.7801	0	0
neutron	939.56536	1.823907322	99989.60001	0	0
S34	31632.70018	0.2371273603	99989.60001	0	0
neutron	939.56536	6.688652947	99988.85531	0	0
S34	31632.70018	0.170226378	99988.85531	0	0
neutron	939.56536	0.445037356	99989.11984	0	0
S34	31632.70018	0.1888391033	99989.11984	0	0
neutron	939.56536	0.4178771536	99989.35766	0	0
Ne22	20479.73746	0.3142762853	99989.35766	0	0
neutron	939.56536	25.22237367	99989.20941	0	0
neutron	939.56536	8.803950939	99989.20941	0	0
neutron	939.56536	1.044371641	99989.20941	0	0
S32	29773.62828	1.746836227	99989.20941	0	0
neutron	939.56536	3.488668411	99989.73767	0	0
S34	31632.70018	0.4232462223	99989.73767	0	0
S35	32565.27968	0.1559879094	99989.65574	0	0
neutron	939.56536	0.5201345474	99989.33945	0	0
S34	31632.70018	0.177962458	99989.33945	0	0
neutron	939.56536	6.207795861	99988.84784	0	0
neutron	939.56536	3.278953542	99988.84784	0	0
neutron	939.56536	2.722224929	99988.84784	0	0
neutron	939.56536	0.3809799324	99988.84784	0	0
S33	30704.55199	0.6212964576	99988.84784	0	0
S37	34430.21755	0.142478984	99989.62911	0	0
neutron	939.56536	33.58442022	99989.14147	0	0
neutron	939.56536	8.874305076	99989.14147	0	0
proton	938.272013	3.242688615	99989.14147	0	0
neutron	939.56536	1.258919877	99989.14147	0	0
P31	28844.21869	1.236529791	99989.14147	0	0
neutron	939.56536	1.193724783	99989.7724	0	0
S34	31632.70018	0.1592596246	99989.7724	0	0
neutron	939.56536	16.70789518	99989.39393	0	0
neutron	939.56536	12.53083001	99989.39393	0	0
neutron	939.56536	3.128240677	99989.39393	0	0
alpha	3727.379	5.40712962	99989.39393	0	0
O16	14895.08153	1.463498027	99989.39393	0	0
neutron	939.56536	0.5408812373	99989.44323	0	0
Ne22	20479.73746	0.2339852305	99989.44323	0	0
neutron	939.56536	16.41427641	99988.93451	0	0
neutron	939.56536	12.94910528	99988.93451	0	0
neutron	939.56536	1.246674324	99988.93451	0	0
S32	29773.62828	0.830156148	99988.93451	0	0
S35	32565.27968	0.154777439	99989.79394	0	0
neutron	939.56536	1.509343444	99988.68798	0	0
S34	31632.70018	0.0359553236	99988.68798	0	0
neutron	939.56536	1.972850087	99989.08179	0	0
S36	33494.9558	0.3385863044	99989.08179	0	0
Ne23	21414.10216	0.2229081951	99989.136	0	0
neutron	939.56536	38.43241151	99989.21338	0	0
proton	938.272013	20.09656569	99989.21338	0	0
F21	19556.73074	0.4656228746	99989.21338	0	0
S35	32565.27968	0.1515137548	99988.93359	0	0
neutron	939.56536	2.376341551	99988.94812	0	0
neutron	939.56536	2.288902453	99988.94812	0	0
S35	32565.27968	0.2465096282	99988.94812	0	0
neutron	939.56536	38.53049428	99988.95626	0	0
neutron	939.56536	3.104154143	99988.95626	0	0
neutron	939.56536	0.8369099317	99988.95626	0	0
S32	29773.62828	0.8473860247	99988.95626	0	0
S35	32565.27968	0.1622967044	99989.504	0	0
neutron	939.56536	0.2622838264	99989.32424	0	0
S36	33494.9558	0.1582574889	99989.32424	0	0
neutron	939.56536	1.652784107	99989.56317	0	0
S34	31632.70018	0.3197755562	99989.56317	0	0
neutron	939.56536	5.287129179	99988.68328	0	0
neutron	939.56536	2.459450419	99988.68328	0	0
neutron	939.56536	1.676169205	99988.68328	0	0
Ne20	18617.73218	0.01494048768	99988.68328	0	0
neutron	939.56536	3.341118407	99989.54282	0	0
neutron	939.56536	3.230675461	99989.54282	0	0
neutron	939.56536	1.424420705	99989.54282	0	0
S32	29773.62828	0.09486974399	99989.54282	0	0
neutron	939.56536	0.7971277514	99988.56548	0	0
S34	31632.70018	0.08447702707	99988.56548	0	0
neutron	939.56536	17.32094151	99989.30657	0	0
neutron	939.56536	8.134392997	99989.30657	0	0
neutron	939.56536	1.923297795	99989.30657	0	0
Ne20	18617.73218	0.3956361688	99989.30657	0	0
neutron	939.56536	4.044278605	99988.42338	0	0
neutron	939.56536	0.7199166531	99988.42338	0	0
neutron	939.56536	0.1140841374	99988.42338	0	0
S32	29773.62828	0.1589165858	99988.42338	0	0
neutron	939.56536	1.066100281	99989.47698	0	0
Ne22	20479.73746	0.2734984297	99989.47698	0	0
Ne23	21414.10216	0.2144560459	99988.65725	0	0
proton	938.272013	8.986737569	99989.82006	0	0
neutron	939.56536	6.264044561	99989.82006	0	0
neutron	939.56536	3.757900272	99989.82006	0	0
neutron	939.56536	0.5455865661	99989.82006	0	0
F19	17692.30285	1.848859258	99989.82006	0	0
neutron	939.56536	3.580431781	99989.40672	0	0
neutron	939.56536	2.122516553	99989.40672	0	0
S33	30704.55199	0.02992966548	99989.40672	0	0
Ne23	21414.10216	0.2116180976	99988.23547	0	0
neutron	939.56536	0.2575706444	99988.65913	0	0
S34	31632.70018	0.1162144859	99988.65913	0	0
neutron	939.56536	0.3528552467	99989.0708	0	0
S34	31632.70018	0.1839178062	99989.0708	0	0
neutron	939.56536	0.6265531296	99989.53744	0	0
S34	31632.70018	0.07616280476	99989.53744	0	0
S37	34430.21755	0.1433521668	99989.46826	0	0
S37	34430.21755	0.1414279037	99989.40462	0	0
neutron	939.56536	0.5001265362	99989.4297	0	0
Ne22	20479.73746	0.2206654272	99989.4297	0	0
S35	32565.27968	0.1664241803	99988.80338	0	0
Ne23	21414.10216	0.2227605616	99988.53135	0	0
S35	32565.27968	0.1521503164	99989.99551	0	0
neutron	939.56536	0.612317513	99989.79338	0	0
S34	31632.70018	0.1375731264	99989.79338	0	0
S37	34430.21755	0.1365086124	99988.2835	0	0
neutron	939.56536	42.61697072	99989.07143	0	0
proton	938.272013	16.80307817	99989.07143	0	0
neutron	939.56536	5.558388214	99989.07143	0	0
P32	29775.84838	0.9427862256	99989.07143	0	0
neutron	939.56536	5.254609293	99988.86118	0	0
neutron	939.56536	1.421641337	99988.86118	0	0
neutron	939.56536	1.00669556	99988.86118	0	0
Ne20	18617.73218	0.1557339814	99988.86118	0	0
neutron	939.56536	0.1232445357	99989.19926	0	0
S34	31632.70018	0.1806225532	99989.19926	0	0
Ne23	21414.10216	0.2301063065	99990.0429	0	0
neutron	939.56536	2.299940677	99989.28808	0	0
S34	31632.70018	0.1570082408	99989.28808	0	0
neutron	939.56536	0.8527249271	99989.53021	0	0
S34	31632.70018	0.1926360725	99989.53021	0	0
Ne23	21414.10216	0.2173943728	99989.14583	0	0
neutron	939.56536	22.70973268	99990.26122	0	0
proton	938.272013	7.848873052	99990.26122	0	0
proton	938.272013	4.456950499	99990.26122	0	0
Si32	29776.58515	2.088349554	99990.26122	0	0
Ne23	21414.10216	0.2344631509	99989.02073	0	0
neutron	939.56536	6.544983049	99988.96088	0	0
proton	938.272013	5.017793859	99988.96088	0	0
neutron	939.56536	3.996631891	99988.96088	0	0
neutron	939.56536	1.093033151	99988.96088	0	0
P31	28844.21869	0.7748320159	99988.96088	0	0
neutron	939.56536	3.352528751	99988.5412	0	0
neutron	939.56536	3.051214525	99988.5412	0	0
S33	30704.55199	0.08395756974	99988.5412	0	0
Ne23	21414.10216	0.2285014869	99989.24668	0	0
neutron	939.56536	7.122131671	99989.33167	0	0
proton	938.272013	4.222923923	99989.33167	0	0
neutron	939.56536	4.064190915	99989.33167	0	0
proton	938.272013	3.910853634	99989.33167	0	0
neutron	939.56536	2.983861222	99989.33167	0	0
Si30	27913.24182	0.5066079881	99989.33167	0	0
neutron	939.56536	8.066243286	99989.39994	0	0
neutron	939.56536	0.2286765005	99989.39994	0	0
Ne21	19550.53637	1.147256646	99989.39994	0	0
proton	938.272013	5.064088245	99989.48243	0	0
deuteron	1875.613	14.5044809	99989.48243	0	0
O20	18629.59082	1.951635347	99989.48243	0	0
Ne23	21414.10216	0.2253376987	99989.05535	0	0
neutron	939.56536	0.7628153153	99989.13589	0	0
S34	31632.70018	0.2072218843	99989.13589	0	0
S35	32565.27968	0.1389221919	99989.28831	0	0
neutron	939.56536	2.8344004	99989.23212	0	0
S36	33494.9558	0.2433310827	99989.23212	0	0
neutron	939.56536	1.432300083	99989.40038	0	0
S36	33494.9558	0.2877733617	99989.40038	0	0
neutron	939.56536	5.106369477	99989.54651	0	0
proton	938.272013	2.58916996	99989.54651	0	0
P33	30705.30994	0.2253654843	99989.54651	0	0
neutron	939.56536	0.1919806749	99989.48264	0	0
S36	33494.9558	0.09990154838	99989.48264	0	0
proton	938.272013	3.779872509	99989.14455	0	0
proton	938.272013	2.399753715	99989.14455	0	0
neutron	939.56536	1.769848467	99989.14455	0	0
Si32	29776.58515	0.3108041433	99989.14455	0	0
neutron	939.56536	0.4195183518	99988.89562	0	0
S34	31632.70018	0.1686041486	99988.89562	0	0
neutron	939.56536	15.48770736	99989.31522	0	0
neutron	939.56536	6.611927324	99989.31522	0	0
neutron	939.56536	4.434730544	99989.31522	0	0
S32	29773.62828	0.399180702	99989.31522	0	0
neutron	939.56536	0.2201790367	99989.27439	0	0
S34	31632.70018	0.1471829365	99989.27439	0	0
neutron	939.56536	11.10150334	99989.14986	0	0
neutron	939.56536	10.23634064	99989.14986	0	0
neutron	939.56536	0.02019191186	99989.14986	0	0
S32	29773.62828	0.3007647088	99989.14986	0	0
neutron	939.56536	2.4103519	99989.44773	0	0
neutron	939.56536	2.156464309	99989.44773	0	0
neutron	939.56536	1.125210617	99989.44773	0	0
Ne20	18617.73218	1.172600017	99989.44773	0	0
neutron	939.56536	6.761364486	99989.10284	0	0
neutron	939.56536	1.547761027	99989.10284	0	0
S33	30704.55199	0.2369535989	99989.10284	0	0
neutron	939.56536	4.564657397	99989.21144	0	0
proton	938.272013	3.821750797	99989.21144	0	0
proton	938.272013	3.355929369	99989.21144	0	0
neutron	939.56536	3.30459009	99989.21144	0	0
neutron	939.56536	2.788577169	99989.21144	0	0
Si30	27913.24182	0.378311905	99989.21144	0	0
neutron	939.56536	13.0073656	99988.937	0	0
neutron	939.56536	12.30597016	99988.937	0	0
proton	938.272013	11.55087193	99988.937	0	0
P32	29775.84838	2.27035755	99988.937	0	0
S35	32565.27968	0.1530460349	99989.06861	0	0
Ne23	21414.10216	0.2298497499	99988.63258	0	0
neutron	939.56536	0.4338939238	99989.76626	0	0
S36	33494.9558	0.1072163699	99989.76626	0	0
neutron	939.56536	0.6725545288	99988.79249	0	0
S34	31632.70018	0.06489055138	99988.79249	0	0
neutron	939.56536	0.7915985564	99988.91553	0	0
S36	33494.9558	0.203339366	99988.91553	0	0
neutron	939.56536	1.804060851	99988.99941	0	0
S34	31632.70018	0.2115394883	99988.99941	0	0
Ne23	21414.10216	0.2240887659	99989.49568	0	0
neutron	939.56536	44.67229727	99989.45424	0	0
neutron	939.56536	11.7555846	99989.45424	0	0
neutron	939.56536	0.8419389857	99989.45424	0	0
Ne20	18617.73218	2.346226093	99989.45424	0	0
neutron	939.56536	0.4381863483	99989.61295	0	0
S34	31632.70018	0.1879744089	99989.61295	0	0
neutron	939.56536	0.6453487583	99989.5318	0	0
S34	31632.70018	0.1667836689	99989.5318	0	0
Ne23	21414.10216	0.2344174957	99989.05411	0	0
neutron	939.56536	0.189748081	99989.14908	0	0
Ne22	20479.73746	0.2358003002	99989.14908	0	0
neutron	939.56536	19.4041807	99990.16264	0	0
neutron	939.56536	15.96781744	99990.16264	0	0
neutron	939.56536	0.8939283328	99990.16264	0	0
Ne20	18617.73218	1.333409362	99990.16264	0	0
neutron	939.56536	8.213217011	99989.95488	0	0
neutron	939.56536	3.544971035	99989.95488	0	0
Ne21	19550.53637	0.7486867924	99989.95488	0	0
S35	32565.27968	0.1551304799	99989.38241	0	0
neutron	939.56536	0.1857225476	99989.5471	0	0
Ne22	20479.73746	0.2528656842	99989.5471	0	0
neutron	939.56536	28.81201758	99989.24088	0	0
neutron	939.56536	15.48662746	99989.24088	0	0
neutron	939.56536	8.092644933	99989.24088	0	0
Ne20	18617.73218	0.5245513304	99989.24088	0	0
neutron	939.56536	1.323071609	99988.98166	0	0
neutron	939.56536	0.6874857164	99988.98166	0	0
S33	30704.55199	0.05764278149	99988.98166	0	0
neutron	939.56536	1.586190023	99988.7702	0	0
neutron	939.56536	0.336362042	99988.7702	0	0
S33	30704.55199	0.3879899431	99988.7702	0	0
Ne23	21414.10216	0.2078578945	99988.80859	0	0
neutron	939.56536	0.2591556131	99989.147	0	0
S36	33494.9558	0.1068816069	99989.147	0	0
S35	32565.27968	0.157496469	99989.94485	0	0
S35	32565.27968	0.1596130091	99989.13869	0	0
proton	938.272013	6.85306322	99989.25223	0	0
neutron	939.56536	3.134368403	99989.25223	0	0
neutron	939.56536	1.171579146	99989.25223	0	0
neutron	939.56536	1.103122718	99989.25223	0	0
deuteron	1875.613	3.976627921	99989.25223	0	0
Si29	26984.28567	1.282679168	99989.25223	0	0
Ne23	21414.10216	0.215538916	99988.62117	0	0
S35	32565.27968	0.1496160031	99988.85531	0	0
neutron	939.56536	0.2858559208	99991.62575	0	0
S36	33494.9558	0.1437631532	99991.62575	0	0
Ne23	21414.10216	0.2190163588	99988.74733	0	0
neutron	939.56536	1.037490234	99990.15462	0	0
S36	33494.9558	0.1244862402	99990.15462	0	0
neutron	939.56536	0.5322579989	99989.27763	0	0
Ne22	20479.73746	0.243326839	99989.27763	0	0
proton	938.272013	3.678894461	99989.26577	0	0
neutron	939.56536	2.334684922	99989.26577	0	0
P33	30705.30994	0.4155326218	99989.26577	0	0
Ne23	21414.10216	0.2230512944	99989.25928	0	0
S35	32565.27968	0.1406678878	99988.69736	0	0
S35	32565.27968	0.1425200056	99989.4338	0	0
neutron	939.56536	10.40088072	99988.90505	0	0
neutron	939.56536	0.2831643895	99988.90505	0	0
alpha	3727.379	10.63569398	99988.90505	0	0
Si29	26984.28567	1.078898949	99988.90505	0	0
neutron	939.56536	18.88552316	99989.44258	0	0
neutron	939.56536	5.011797334	99989.44258	0	0
proton	938.272013	4.974956428	99989.44258	0	0
neutron	939.56536	2.263286796	99989.44258	0	0
P31	28844.21869	0.500101165	99989.44258	0	0
neutron	939.56536	1.000657585	99989.41975	0	0
S36	33494.9558	0.2413537142	99989.41975	0	0
neutron	939.56536	0.290862195	99988.62375	0	0
Ne22	20479.73746	0.1565802049	99988.62375	0	0
Ne23	21414.10216	0.2157257872	99989.45362	0	0
neutron	939.56536	0.3524902386	99989.25463	0	0
S34	31632.70018	0.1960835443	99989.25463	0	0
neutron	939.56536	4.888355054	99988.69433	0	0
neutron	939.56536	1.927761961	99988.69433	0	0
alpha	3727.379	7.82532776	99988.69433	0	0
Si29	26984.28567	1.733409505	99988.69433	0	0
neutron	939.56536	17.01692059	99989.22054	0	0
neutron	939.56536	14.9905666	99989.22054	0	0
proton	938.272013	3.766728697	99989.22054	0	0
neutron	939.56536	0.4084243376	99989.22054	0	0
P31	28844.21869	0.1608032997	99989.22054	0	0
neutron	939.56536	42.77243542	99989.15924	0	0
neutron	939.56536	10.35623128	99989.15924	0	0
neutron	939.56536	0.2864947514	99989.15924	0	0
Ne20	18617.73218	1.831294829	99989.15924	0	0
neutron	939.56536	25.24373072	99988.56528	0	0
neutron	939.56536	7.501192197	99988.56528	0	0
proton	938.272013	4.03978375	99988.56528	0	0
neutron	939.56536	2.03408818	99988.56528	0	0
F19	17692.30285	1.414465861	99988.56528	0	0
neutron	939.56536	10.59253593	99989.18337	0	0
proton	938.272013	10.08397099	99989.18337	0	0
neutron	939.56536	0.5417490956	99989.18337	0	0
P32	29775.84838	0.43567859	99989.18337	0	0
neutron	939.56536	28.37036486	99989.13748	0	0
proton	938.272013	4.845496159	99989.13748	0	0
neutron	939.56536	4.053126072	99989.13748	0	0
neutron	939.56536	2.956876229	99989.13748	0	0
P31	28844.21869	0.7631321818	99989.13748	0	0
neutron	939.56536	15.7094004	99989.19933	0	0
neutron	939.56536	2.651007687	99989.19933	0	0
neutron	939.56536	1.612535768	99989.19933	0	0
Ne20	18617.73218	0.9695268028	99989.19933	0	0
neutron	939.56536	0.106360867	99989.04591	0	0
S34	31632.70018	0.1937776633	99989.04591	0	0
neutron	939.56536	5.309518418	99988.69757	0	0
neutron	939.56536	3.866416565	99988.69757	0	0
S33	30704.55199	0.4702034935	99988.69757	0	0
S37	34430.21755	0.1391120464	99989.03163	0	0
neutron	939.56536	34.68997874	99988.96071	0	0
neutron	939.56536	2.486845371	99988.96071	0	0
neutron	939.56536	2.142353211	99988.96071	0	0
S34	31632.70018	0.6940717459	99988.96071	0	0
S35	32565.27968	0.1374705459	99989.11689	0	0
neutron	939.56536	0.4103073943	99989.48986	0	0
Ne22	20479.73746	0.2503839374	99989.48986	0	0
S37	34430.21755	0.1368776308	99989.04053	0	0
neutron	939.56536	1.589654189	99988.70885	0	0
S34	31632.70018	0.2813357455	99988.70885	0	0
Ne23	21414.10216	0.1965982693	99988.94293	0	0
neutron	939.56536	32.48959411	99989.30642	0	0
neutron	939.56536	22.60084703	99989.30642	0	0
neutron	939.56536	0.79916041	99989.30642	0	0
Ne20	18617.73218	0.5433846287	99989.30642	0	0
neutron	939.56536	1.571835164	99988.41217	0	0
S34	31632.70018	0.2532615528	99988.41217	0	0
S35	32565.27968	0.1616936548	99989.26696	0	0
neutron	939.56536	0.4583173362	99989.08865	0	0
Ne22	20479.73746	0.1046975192	99989.08865	0	0
neutron	939.56536	2.124000565	99989.21519	0	0
S36	33494.9558	0.1273764526	99989.21519	0	0
S35	32565.27968	0.1569644904	99988.79692	0	0
neutron	939.56536	10.17130561	99988.97335	0	0
neutron	939.56536	0.3237482579	99988.97335	0	0
He3	2808.391	10.84772261	99988.97335	0	0
O18	16762.02378	0.2682994939	99988.97335	0	0
neutron	939.56536	3.382277707	99989.38002	0	0
neutron	939.56536	0.4763775505	99989.38002	0	0
Ne21	19550.53637	0.3720681265	99989.38002	0	0
proton	938.272013	26.83361687	99988.74364	0	0
neutron	939.56536	2.226211484	99988.74364	0	0
neutron	939.56536	1.988574907	99988.74364	0	0
P32	29775.84838	1.213461323	99988.74364	0	0
proton	938.272013	23.15750488	99989.81189	0	0
neutron	939.56536	20.33086859	99989.81189	0	0
neutron	939.56536	3.015540077	99989.81189	0	0
neutron	939.56536	2.172269042	99989.81189	0	0
P33	30705.30994	0.3668652766	99989.81189	0	0
neutron	939.56536	0.9663762546	99989.72411	0	0
neutron	939.56536	0.8583271684	99989.72411	0	0
Ne21	19550.53637	0.06052058313	99989.72411	0	0
Ne23	21414.10216	0.2171288631	99989.26524	0	0
neutron	939.56536	2.316788718	99989.34215	0	0
S34	31632.70018	0.3695576463	99989.34215	0	0
neutron	939.56536	2.348465548	99989.53656	0	0
S34	31632.70018	0.2482790043	99989.53656	0	0
S35	32565.27968	0.1527679574	99988.86025	0	0
neutron	939.56536	0.4315616426	99988.79216	0	0
Ne22	20479.73746	0.1233697677	99988.79216	0	0
neutron	939.56536	20.61217821	99989.67627	0	0
neutron	939.56536	8.293372399	99989.67627	0	0
neutron	939.56536	1.065004827	99989.67627	0	0
Ne20	18617.73218	0.3724426048	99989.67627	0	0
neutron	939.56536	7.205087973	99989.06142	0	0
proton	938.272013	6.469698987	99989.06142	0	0
neutron	939.56536	6.226352954	99989.06142	0	0
neutron	939.56536	2.595754895	99989.06142	0	0
P31	28844.21869	0.4878654336	99989.06142	0	0
neutron	939.56536	0.1001802783	99988.26525	0	0
Ne22	20479.73746	0.2440976473	99988.26525	0	0
S37	34430.21755	0.1361107612	99988.90676	0	0
Ne23	21414.10216	0.2307971845	99989.63828	0	0
neutron	939.56536	4.739431131	99989.16623	0	0
neutron	939.56536	0.3547505904	99989.16623	0	0
Ne21	19550.53637	0.3060980958	99989.16623	0	0
neutron	939.56536	5.471585733	99989.55429	0	0
neutron	939.56536	2.175088038	99989.55429	0	0
neutron	939.56536	0.345270157	99989.55429	0	0
alpha	3727.379	6.026181336	99989.55429	0	0
O16	14895.08153	0.8930417268	99989.55429	0	0
proton	938.272013	7.25370157	99988.84243	0	0
neutron	939.56536	1.562037915	99988.84243	0	0
P35	32569.77755	0.2862502835	99988.84243	0	0
neutron	939.56536	2.846809626	99989.69259	0	0
neutron	939.56536	1.774073226	99989.69259	0	0
S35	32565.27968	0.121380876	99989.69259	0	0
neutron	939.56536	6.046465975	99989.60005	0	0
S34	31632.70018	0.117413915	99989.60005	0	0
neutron	939.56536	14.34923106	99989.59629	0	0
neutron	939.56536	4.306029252	99989.59629	0	0
neutron	939.56536	0.1286633528	99989.59629	0	0
S34	31632.70018	0.9050532341	99989.59629	0	0
neutron	939.56536	0.07916093151	99989.73035	0	0
S34	31632.70018	0.1796134342	99989.73035	0	0
neutron	939.56536	11.87580295	99988.80555	0	0
neutron	939.56536	10.72634702	99988.80555	0	0
proton	938.272013	4.738204929	99988.80555	0	0
neutron	939.56536	1.439842307	99988.80555	0	0
P31	28844.21869	0.6181201671	99988.80555	0	0
neutron	939.56536	0.219579487	99989.054	0	0
Ne22	20479.73746	0.2833305862	99989.054	0	0
Ne23	21414.10216	0.2318464023	99989.04829	0	0
neutron	939.56536	0.3690311695	99989.10984	0	0
S34	31632.70018	0.1976720057	99989.10984	0	0
neutron	939.56536	0.2162934515	99989.68271	0	0
S34	31632.70018	0.1419741757	99989.68271	0	0
neutron	939.56536	13.2127135	99990.67677	0	0
neutron	939.56536	2.452644197	99990.67677	0	0
neutron	939.56536	2.32908657	99990.67677	0	0
S32	29773.62828	0.5740462602	99990.67677	0	0
neutron	939.56536	3.85202895	99988.9379	0	0
neutron	939.56536	1.205076933	99988.9379	0	0
S35	32565.27968	0.04870343784	99988.9379	0	0
Ne23	21414.10216	0.2130949893	99988.46329	0	0
neutron	939.56536	0.7698914315	99989.01963	0	0
S34	31632.70018	0.1817528331	99989.01963	0	0
Ne23	21414.10216	0.2238186664	99988.8217	0	0
neutron	939.56536	8.295100326	99988.68014	0	0
neutron	939.56536	1.978784107	99988.68014	0	0
S33	30704.55199	0.6002969239	99988.68014	0	0
neutron	939.56536	0.4950837046	99988.65625	0	0
S34	31632.70018	0.1932979725	99988.65625	0	0
proton	938.272013	42.64137551	99989.41333	0	0
neutron	939.56536	1.610806363	99989.41333	0	0
neutron	939.56536	0.9410688586	99989.41333	0	0
F20	18625.26686	2.048978273	99989.41333	0	0
neutron	939.56536	2.162076241	99989.4751	0	0
S34	31632.70018	0.372999582	99989.4751	0	0
neutron	939.56536	0.8276324363	99989.75429	0	0
S34	31632.70018	0.2681395579	99989.75429	0	0
neutron	939.56536	9.050100289	99990.99721	0	0
neutron	939.56536	6.400232579	99990.99721	0	0
neutron	939.56536	1.780658234	99990.99721	0	0
S32	29773.62828	0.9441783455	99990.99721	0	0
S37	34430.21755	0.1289624999	99988.89193	0	0
neutron	939.56536	18.91102973	99989.08899	0	0
neutron	939.56536	6.098383586	99989.08899	0	0
proton	938.272013	4.104929051	99989.08899	0	0
neutron	939.56536	3.943987517	99989.08899	0	0
F19	17692.30285	2.514503256	99989.08899	0	0
Ne23	21414.10216	0.2309804215	99988.75712	0	0
neutron	939.56536	10.12118804	99989.59529	0	0
neutron	939.56536	5.195354274	99989.59529	0	0
neutron	939.56536	2.258949308	99989.59529	0	0
alpha	3727.379	5.481340026	99989.59529	0	0
O16	14895.08153	3.297131324	99989.59529	0	0
proton	938.272013	4.259619889	99989.43399	0	0
neutron	939.56536	1.436291387	99989.43399	0	0
neutron	939.56536	0.1044177537	99989.43399	0	0
F20	18625.26686	0.1358318663	99989.43399	0	0
neutron	939.56536	15.61258459	99990.2705	0	0
neutron	939.56536	10.20173805	99990.2705	0	0
neutron	939.56536	3.948326187	99990.2705	0	0
alpha	3727.379	5.894239268	99990.2705	0	0
O16	14895.08153	0.04870677253	99990.2705	0	0
S37	34430.21755	0.1278508778	99989.39597	0	0
neutron	939.56536	29.88030196	99988.86624	0	0
proton	938.272013	12.13887065	99988.86624	0	0
proton	938.272013	4.00547701	99988.86624	0	0
neutron	939.56536	2.086666279	99988.86624	0	0
neutron	939.56536	1.625957335	99988.86624	0	0
Si30	27913.24182	1.171268199	99988.86624	0	0
neutron	939.56536	33.90457841	99989.50904	0	0
neutron	939.56536	3.065899306	99989.50904	0	0
neutron	939.56536	0.7492933717	99989.50904	0	0
S32	29773.62828	0.8095100288	99989.50904	0	0
neutron	939.56536	1.638228846	99989.21442	0	0
Ne22	20479.73746	0.3696952255	99989.21442	0	0
neutron	939.56536	1.282162118	99989.00639	0	0
S34	31632.70018	0.3068506363	99989.00639	0	0
neutron	939.56536	7.252109791	99990.06146	0	0
neutron	939.56536	1.171959949	99990.06146	0	0
neutron	939.56536	0.8572738949	99990.06146	0	0
Ne20	18617.73218	0.1998175293	99990.06146	0	0
neutron	939.56536	2.051947496	99988.83323	0	0
S34	31632.70018	0.2326756233	99988.83323	0	0
neutron	939.56536	0.1457466805	99989.08818	0	0
Ne22	20479.73746	0.1597404908	99989.08818	0	0
proton	938.272013	20.83421529	99989.01138	0	0
neutron	939.56536	7.074383557	99989.01138	0	0
neutron	939.56536	4.250513255	99989.01138	0	0
neutron	939.56536	3.080646466	99989.01138	0	0
proton	938.272013	2.409703221	99989.01138	0	0
Si32	29776.58515	0.7411259194	99989.01138	0	0
S37	34430.21755	0.1314052093	99989.93099	0	0
S35	32565.27968	0.1633729187	99989.37276	0	0
neutron	939.56536	1.464035001	99989.80153	0	0
Ne22	20479.73746	0.2286085752	99989.80153	0	0
neutron	939.56536	7.93719393	99989.12444	0	0
proton	938.272013	2.83204679	99989.12444	0	0
neutron	939.56536	2.171050018	99989.12444	0	0
neutron	939.56536	0.4843135256	99989.12444	0	0
P31	28844.21869	0.6248195463	99989.12444	0	0
neutron	939.56536	22.83115361	99989.25927	0	0
proton	938.272013	5.716450579	99989.25927	0	0
neutron	939.56536	5.644102968	99989.25927	0	0
neutron	939.56536	4.684471931	99989.25927	0	0
neutron	939.56536	2.241646232	99989.25927	0	0
neutron	939.56536	0.398615753	99989.25927	0	0
P31	28844.21869	0.1114660115	99989.25927	0	0
neutron	939.56536	2.624460099	99988.87653	0	0
neutron	939.56536	2.166057694	99988.87653	0	0
Ne21	19550.53637	0.4208353951	99988.87653	0	0
S35	32565.27968	0.1478868688	99989.05348	0	0
neutron	939.56536	0.9115341166	99989.30281	0	0
S34	31632.70018	0.2080612994	99989.30281	0	0
neutron	939.56536	0.7141105378	99989.69306	0	0
Ne22	20479.73746	0.1707914497	99989.69306	0	0
neutron	939.56536	0.9379030161	99988.95932	0	0
S34	31632.70018	0.0667376882	99988.95932	0	0
neutron	939.56536	2.640568057	99988.83366	0	0
S34	31632.70018	0.01048907211	99988.83366	0	0
neutron	939.56536	1.631457565	99989.47777	0	0
Ne22	20479.73746	0.08008602611	99989.47777	0	0
S37	34430.21755	0.1441980724	99988.7424	0	0
Ne23	21414.10216	0.2345398704	99988.58811	0	0
neutron	939.56536	7.777170607	99989.47706	0	0
neutron	939.56536	2.769340115	99989.47706	0	0
neutron	939.56536	1.439838642	99989.47706	0	0
alpha	3727.379	7.515306644	99989.47706	0	0
O16	14895.08153	0.8076087774	99989.47706	0	0
S35	32565.27968	0.1553340411	99989.04047	0	0
neutron	939.56536	8.393081165	99988.86157	0	0
neutron	939.56536	1.909984306	99988.86157	0	0
neutron	939.56536	1.192466405	99988.86157	0	0
Ne20	18617.73218	1.813651998	99988.86157	0	0
Ne23	21414.10216	0.1929461293	99989.44334	0	0
Ne23	21414.10216	0.2297132297	99990.20764	0	0
Ne23	21414.10216	0.2026075922	99988.24227	0	0
neutron	939.56536	0.326002827	99989.23204	0	0
S36	33494.9558	0.07429267501	99989.23204	0	0
neutron	939.56536	0.8031319275	99988.83519	0	0
S34	31632.70018	0.2039471659	99988.83519	0	0
neutron	939.56536	0.3038181545	99989.07845	0	0
Ne22	20479.73746	0.1637180077	99989.07845	0	0
Ne23	21414.10216	0.2293769702	99988.75637	0	0
neutron	939.56536	20.98734445	99989.9788	0	0
neutron	939.56536	0.6584528167	99989.9788	0	0
S35	32565.27968	0.4844298675	99989.9788	0	0
neutron	939.56536	0.5592614192	99989.04375	0	0
S34	31632.70018	0.2184904413	99989.04375	0	0
S35	32565.27968	0.1536542221	99989.10527	0	0
proton	938.272013	14.45542707	99988.60634	0	0
neutron	939.56536	0.6975020641	99988.60634	0	0
P33	30705.30994	0.8758189109	99988.60634	0	0
neutron	939.56536	3.098462693	99989.08887	0	0
S34	31632.70018	0.3943479295	99989.08887	0	0
neutron	939.56536	0.7714229249	99989.04521	0	0
S34	31632.70018	0.05586607839	99989.04521	0	0
neutron	939.56536	0.5009063727	99988.97431	0	0
S36	33494.9558	0.06786133827	99988.97431	0	0
neutron	939.56536	16.80797682	99988.89491	0	0
proton	938.272013	7.892047369	99988.89491	0	0
neutron	939.56536	6.943543739	99988.89491	0	0
neutron	939.56536	2.679145366	99988.89491	0	0
P33	30705.30994	3.180690112	99988.89491	0	0
S35	32565.27968	0.1579554976	99989.45955	0	0
neutron	939.56536	0.1302823599	99989.43183	0	0
S34	31632.70018	0.1299307313	99989.43183	0	0
neutron	939.56536	0.08823842742	99989.05902	0	0
S34	31632.70018	0.1599419865	99989.05902	0	0
Ne23	21414.10216	0.2279991473	99988.99807	0	0
neutron	939.56536	0.3816080196	99988.96042	0	0
S34	31632.70018	0.1023100257	99988.96042	0	0
Ne23	21414.10216	0.2266075566	99988.64687	0	0
S37	34430.21755	0.1398498106	99988.7166	0	0
S35	32565.27968	0.1546530331	99989.32466	0	0
neutron	939.56536	2.482844053	99989.34966	0	0
neutron	939.56536	1.513049499	99989.34966	0	0
neutron	939.56536	1.463999521	99989.34966	0	0
S32	29773.62828	0.5241224734	99989.34966	0	0
neutron	939.56536	12.481219	99989.60732	0	0
alpha	3727.379	8.677117502	99989.60732	0	0
Si30	27913.24182	2.27344636	99989.60732	0	0
S35	32565.27968	0.163892988	99989.23892	0	0
neutron	939.56536	2.775237022	99989.48341	0	0
S34	31632.70018	0.203895698	99989.48341	0	0
neutron	939.56536	0.8718698528	99989.26482	0	0
Ne22	20479.73746	0.3445949927	99989.26482	0	0
neutron	939.56536	2.113879029	99989.50136	0	0
neutron	939.56536	0.6358454239	99989.50136	0	0
Ne21	19550.53637	0.2323111845	99989.50136	0	0
neutron	939.56536	0.7938241234	99989.04582	0	0
Ne22	20479.73746	0.3151538374	99989.04582	0	0
S35	32565.27968	0.153324592	99989.19951	0	0
neutron	939.56536	0.9466232452	99989.39927	0	0
Ne22	20479.73746	0.362018675	99989.39927	0	0
S35	32565.27968	0.1618365329	99989.10758	0	0
proton	938.272013	15.65151395	99988.49175	0	0
neutron	939.56536	6.365476351	99988.49175	0	0
F21	19556.73074	1.207565002	99988.49175	0	0
neutron	939.56536	0.761445321	99989.1995	0	0
S36	33494.9558	0.06866230155	99989.1995	0	0
Ne23	21414.10216	0.2347192448	99989.60233	0	0
S35	32565.27968	0.1540383992	99989.43662	0	0
S35	32565.27968	0.1478994924	99989.38254	0	0
neutron	939.56536	2.051093357	99988.70183	0	0
S34	31632.70018	0.04397374995	99988.70183	0	0
neutron	939.56536	1.787482885	99989.45938	0	0
S34	31632.70018	0.1068607392	99989.45938	0	0
neutron	939.56536	0.5020580655	99989.07653	0	0
S34	31632.70018	0.08487751117	99989.07653	0	0
neutron	939.56536	31.12347024	99988.82692	0	0
neutron	939.56536	2.622775418	99988.82692	0	0
neutron	939.56536	2.162591801	99988.82692	0	0
S32	29773.62828	1.328028699	99988.82692	0	0
neutron	939.56536	44.68952472	99989.29839	0	0
neutron	939.56536	2.899769184	99989.29839	0	0
neutron	939.56536	0.3233849064	99989.29839	0	0
S34	31632.70018	1.457512296	99989.29839	0	0
neutron	939.56536	7.377028974	99989.08625	0	0
neutron	939.56536	6.238792661	99989.08625	0	0
neutron	939.56536	3.414239599	99989.08625	0	0
Ne20	18617.73218	1.087601751	99989.08625	0	0
neutron	939.56536	0.5267953252	99989.61887	0	0
S34	31632.70018	0.2389289506	99989.61887	0	0
neutron	939.56536	1.480110587	99989.56197	0	0
S34	31632.70018	0.2563677963	99989.56197	0	0
neutron	939.56536	0.7056888995	99989.1815	0	0
S34	31632.70018	0.1902254549	99989.1815	0	0
neutron	939.56536	32.74761377	99988.70903	0	0
neutron	939.56536	0.1842754282	99988.70903	0	0
alpha	3727.379	6.179767128	99988.70903	0	0
Si29	26984.28567	3.40617209	99988.70903	0	0
Ne23	21414.10216	0.2207736555	99988.80705	0	0
neutron	939.56536	3.785818482	99989.14761	0	0
neutron	939.56536	1.683155833	99989.14761	0	0
neutron	939.56536	0.251321216	99989.14761	0	0
S32	29773.62828	0.1442898412	99989.14761	0	0
S35	32565.27968	0.1532300323	99989.13679	0	0
Ne23	21414.10216	0.23313473	99988.76703	0	0
neutron	939.56536	0.6185654754	99989.25562	0	0
S34	31632.70018	0.1395522871	99989.25562	0	0
Ne23	21414.10216	0.2322873033	99988.72282	0	0
S35	32565.27968	0.1530082973	99989.18489	0	0
neutron	939.56536	29.80559677	99988.81711	0	0
neutron	939.56536	3.775590762	99988.81711	0	0
neutron	939.56536	1.497236779	99988.81711	0	0
alpha	3727.379	3.933435212	99988.81711	0	0
alpha	3727.379	8.699252289	99988.81711	0	0
C12	11174.86339	0.6417021204	99988.81711	0	0
neutron	939.56536	0.8076110034	99989.18405	0	0
S34	31632.70018	0.1383708656	99989.18405	0	0
neutron	939.56536	13.82356266	99989.18239	0	0
neutron	939.56536	3.186853656	99989.18239	0	0
neutron	939.56536	0.5340171518	99989.18239	0	0
S34	31632.70018	0.5591951548	99989.18239	0	0
proton	938.272013	11.75971423	99988.60659	0	0
neutron	939.56536	7.748633258	99988.60659	0	0
neutron	939.56536	1.67920697	99988.60659	0	0
P32	29775.84838	0.588698393	99988.60659	0	0
neutron	939.56536	0.5281029043	99988.90759	0	0
S36	33494.9558	0.07509717121	99988.90759	0	0
neutron	939.56536	0.752096607	99989.61173	0	0
Ne22	20479.73746	0.3625096489	99989.61173	0	0
neutron	939.56536	14.95511268	99990.77637	0	0
neutron	939.56536	2.370718837	99990.77637	0	0
neutron	939.56536	2.029934221	99990.77637	0	0
S32	29773.62828	1.104302173	99990.77637	0	0
neutron	939.56536	47.56253437	99988.58502	0	0
proton	938.272013	3.807513745	99988.58502	0	0
neutron	939.56536	1.113446235	99988.58502	0	0
neutron	939.56536	0.2210683368	99988.58502	0	0
P31	28844.21869	1.287779759	99988.58502	0	0
neutron	939.56536	1.735171682	99988.81846	0	0
S34	31632.70018	0.3627626144	99988.81846	0	0
neutron	939.56536	1.024383111	99989.18856	0	0
S34	31632.70018	0.2228149121	99989.18856	0	0
neutron	939.56536	17.327589	99989.50489	0	0
neutron	939.56536	6.791192832	99989.50489	0	0
neutron	939.56536	3.266639729	99989.50489	0	0
S32	29773.62828	0.5357017194	99989.50489	0	0
neutron	939.56536	1.752626893	99989.07997	0	0
deuteron	1875.613	19.73314394	99989.07997	0	0
F20	18625.26686	1.699958326	99989.07997	0	0
neutron	939.56536	1.978328944	99989.07218	0	0
S34	31632.70018	0.02747661881	99989.07218	0	0
Ne23	21414.10216	0.2282701234	99989.03964	0	0
proton	938.272013	7.658589735	99989.16138	0	0
neutron	939.56536	5.523882753	99989.16138	0	0
neutron	939.56536	1.851481557	99989.16138	0	0
neutron	939.56536	1.075442762	99989.16138	0	0
alpha	3727.379	12.80621524	99989.16138	0	0
Al27	25126.50566	1.434365469	99989.16138	0	0
Ne23	21414.10216	0.2196241842	99988.8249	0	0
neutron	939.56536	5.228338162	99988.87409	0	0
proton	938.272013	4.120895122	99988.87409	0	0
F21	19556.73074	0.1505139067	99988.87409	0	0
neutron	939.56536	0.7366037086	99989.72687	0	0
S34	31632.70018	0.1568252267	99989.72687	0	0
neutron	939.56536	4.525378849	99988.92605	0	0
neutron	939.56536	1.40927073	99988.92605	0	0
deuteron	1875.613	41.26641728	99988.92605	0	0
alpha	3727.379	5.702201472	99988.92605	0	0
N15	13968.93638	3.260143455	99988.92605	0	0
neutron	939.56536	9.931417151	99989.45283	0	0
neutron	939.56536	7.334195042	99989.45283	0	0
neutron	939.56536	0.1474613648	99989.45283	0	0
S32	29773.62828	0.1521980912	99989.45283	0	0
neutron	939.56536	1.805057949	99989.44652	0	0
alpha	3727.379	7.303505601	99989.44652	0	0
Si30	27913.24182	1.037867818	99989.44652	0	0
neutron	939.56536	0.5607265224	99988.72132	0	0
S34	31632.70018	0.2477136755	99988.72132	0	0
neutron	939.56536	4.481355853	99989.08239	0	0
neutron	939.56536	3.849797659	99989.08239	0	0
neutron	939.56536	3.147710347	99989.08239	0	0
deuteron	1875.613	16.09811438	99989.08239	0	0
P30	27916.96459	1.910092288	99989.08239	0	0
neutron	939.56536	5.351710941	99989.12164	0	0
neutron	939.56536	3.976822048	99989.12164	0	0
neutron	939.56536	1.326981251	99989.12164	0	0
Ne20	18617.73218	0.901050485	99989.12164	0	0
S35	32565.27968	0.1659522381	99988.91475	0	0
neutron	939.56536	1.204332283	99988.6852	0	0
S36	33494.9558	0.1656212577	99988.6852	0	0
neutron	939.56536	0.1889748165	99988.73517	0	0
Ne22	20479.73746	0.2897053475	99988.73517	0	0
neutron	939.56536	5.375337312	99988.93875	0	0
neutron	939.56536	4.419307699	99988.93875	0	0
proton	938.272013	3.444403611	99988.93875	0	0
neutron	939.56536	2.31558755	99988.93875	0	0
neutron	939.56536	1.045542458	99988.93875	0	0
deuteron	1875.613	2.902829044	99988.93875	0	0
Si28	26053.19393	0.5773588166	99988.93875	0	0
Ne23	21414.10216	0.2331356267	99989.18916	0	0
neutron	939.56536	9.23704033	99989.52494	0	0
neutron	939.56536	1.587216465	99989.52494	0	0
Ne21	19550.53637	0.2415725519	99989.52494	0	0
neutron	939.56536	16.24108151	99989.86443	0	0
neutron	939.56536	7.498993031	99989.86443	0	0
neutron	939.56536	0.5843589488	99989.86443	0	0
S34	31632.70018	0.1455503912	99989.86443	0	0
neutron	939.56536	2.337794602	99989.69985	0	0
neutron	939.56536	1.603300684	99989.69985	0	0
Ne21	19550.53637	0.1999721103	99989.69985	0	0
neutron	939.56536	12.15835154	99988.89691	0	0
neutron	939.56536	5.155636864	99988.89691	0	0
neutron	939.56536	2.793073957	99988.89691	0	0
S32	29773.62828	1.325175752	99988.89691	0	0
neutron	939.56536	5.38543867	99989.34933	0	0
alpha	3727.379	6.540887703	99989.34933	0	0
Si30	27913.24182	1.414064653	99989.34933	0	0
neutron	939.56536	5.318277245	99988.64369	0	0
neutron	939.56536	3.657319392	99988.64369	0	0
neutron	939.56536	2.489810073	99988.64369	0	0
Ne20	18617.73218	0.7466375371	99988.64369	0	0
S35	32565.27968	0.154521343	99988.94528	0	0
neutron	939.56536	0.5045727794	99989.38167	0	0
S34	31632.70018	0.2089517624	99989.38167	0	0
Ne23	21414.10216	0.2283102496	99989.19139	0	0
neutron	939.56536	1.462961747	99989.63769	0	0
S34	31632.70018	0.03725332542	99989.63769	0	0
neutron	939.56536	8.702495067	99989.44935	0	0
neutron	939.56536	3.785055301	99989.44935	0	0
neutron	939.56536	0.9936635844	99989.44935	0	0
alpha	3727.379	5.176623231	99989.44935	0	0
alpha	3727.379	6.65629592	99989.44935	0	0
C12	11174.86339	4.089386896	99989.44935	0	0
neutron	939.56536	7.220057964	99989.03161	0	0
neutron	939.56536	5.089697615	99989.03161	0	0
proton	938.272013	4.817029976	99989.03161	0	0
neutron	939.56536	2.492537098	99989.03161	0	0
P33	30705.30994	0.6448052526	99989.03161	0	0
neutron	939.56536	1.668149675	99989.14502	0	0
S34	31632.70018	0.149443414	99989.14502	0	0
Ne23	21414.10216	0.2250665091	99989.2906	0	0
neutron	939.56536	2.184199915	99988.43965	0	0
Ne22	20479.73746	0.3438314524	99988.43965	0	0
neutron	939.56536	29.35488736	99989.1052	0	0
neutron	939.56536	1.421189653	99989.1052	0	0
neutron	939.56536	0.9917350118	99989.1052	0	0
neutron	939.56536	0.6385521979	99989.1052	0	0
S33	30704.55199	1.430506149	99989.1052	0	0
neutron	939.56536	18.3281563	99990.40804	0	0
neutron	939.56536	5.852976053	99990.40804	0	0
neutron	939.56536	2.725526163	99990.40804	0	0
Ne20	18617.73218	0.3079789165	99990.40804	0	0
Ne23	21414.10216	0.2126491385	99988.54586	0	0
neutron	939.56536	10.57333652	99988.98657	0	0
neutron	939.56536	9.693065514	99988.98657	0	0
proton	938.272013	5.522736856	99988.98657	0	0
neutron	939.56536	3.745696038	99988.98657	0	0
neutron	939.56536	0.08807575479	99988.98657	0	0
P30	27916.96459	1.198512841	99988.98657	0	0
proton	938.272013	10.13689544	99989.04237	0	0
neutron	939.56536	5.059789175	99989.04237	0	0
neutron	939.56536	3.297554145	99989.04237	0	0
neutron	939.56536	2.841192915	99989.04237	0	0
P31	28844.21869	1.656206625	99989.04237	0	0
neutron	939.56536	1.256167898	99989.19926	0	0
Ne22	20479.73746	0.1453821333	99989.19926	0	0
neutron	939.56536	5.162440429	99988.93654	0	0
neutron	939.56536	1.592187591	99988.93654	0	0
neutron	939.56536	0.009773005368	99988.93654	0	0
S34	31632.70018	0.2175767951	99988.93654	0	0
neutron	939.56536	0.2650903531	99990.10247	0	0
Ne22	20479.73746	0.1571733347	99990.10247	0	0
proton	938.272013	45.27862867	99989.50963	0	0
neutron	939.56536	26.88700195	99989.50963	0	0
F21	19556.73074	0.5968854645	99989.50963	0	0
S37	34430.21755	0.1397489923	99988.43383	0	0
neutron	939.56536	0.08170231309	99989.09171	0	0
Ne22	20479.73746	0.2031773762	99989.09171	0	0
neutron	939.56536	1.128090337	99989.39069	0	0
S34	31632.70018	0.06761737087	99989.39069	0	0
neutron	939.56536	0.9821272409	99988.89846	0	0
Ne22	20479.73746	0.396639024	99988.89846	0	0
Ne23	21414.10216	0.2252304468	99988.42987	0	0
S37	34430.21755	0.1395181561	99989.12462	0	0
S37	34430.21755	0.1412256579	99989.85057	0	0
Ne23	21414.10216	0.2271745978	99988.99388	0	0
Ne23	21414.10216	0.234323783	99990.01196	0	0
neutron	939.56536	0.6586905516	99989.18447	0	0
S34	31632.70018	0.1929673656	99989.18447	0	0
S37	34430.21755	0.1408067376	99988.86958	0	0
neutron	939.56536	8.44539173	99989.73261	0	0
neutron	939.56536	6.433130012	99989.73261	0	0
neutron	939.56536	0.03446374678	99989.73261	0	0
Ne20	18617.73218	1.748044288	99989.73261	0	0
neutron	939.56536	3.271616091	99988.5018	0	0
Ne22	20479.73746	0.6836043391	99988.5018	0	0
neutron	939.56536	1.139215064	99989.44637	0	0
S36	33494.9558	0.2925964676	99989.44637	0	0
neutron	939.56536	23.85584864	99989.1571	0	0
neutron	939.56536	8.178067232	99989.1571	0	0
neutron	939.56536	1.288659705	99989.1571	0	0
neutron	939.56536	1.179852702	99989.1571	0	0
neutron	939.56536	0.1763192955	99989.1571	0	0
S32	29773.62828	0.7058522097	99989.1571	0	0
neutron	939.56536	1.377520435	99989.60833	0	0
S36	33494.9558	0.2137589812	99989.60833	0	0
neutron	939.56536	18.63483221	99989.37917	0	0
neutron	939.56536	4.933035096	99989.37917	0	0
neutron	939.56536	4.662124714	99989.37917	0	0
S32	29773.62828	0.9749574313	99989.37917	0	0
proton	938.272013	23.81676208	99989.56458	0	0
neutron	939.56536	14.16420765	99989.56458	0	0
P35	32569.77755	0.547865894	99989.56458	0	0
neutron	939.56536	10.00447089	99989.50762	0	0
neutron	939.56536	2.473031064	99989.50762	0	0
neutron	939.56536	2.240806168	99989.50762	0	0
Ne20	18617.73218	0.9080271509	99989.50762	0	0
neutron	939.56536	1.304502932	99989.43091	0	0
S34	31632.70018	0.08173218885	99989.43091	0	0
Ne23	21414.10216	0.2136253002	99988.42057	0	0
neutron	939.56536	3.992900906	99989.33554	0	0
neutron	939.56536	1.884072012	99989.33554	0	0
neutron	939.56536	1.066584581	99989.33554	0	0
Ne20	18617.73218	0.8037690715	99989.33554	0	0
neutron	939.56536	9.597095717	99988.64772	0	0
proton	938.272013	5.538054706	99988.64772	0	0
neutron	939.56536	5.110332073	99988.64772	0	0
neutron	939.56536	1.761438774	99988.64772	0	0
P31	28844.21869	0.9251409381	99988.64772	0	0
neutron	939.56536	0.8404045392	99989.70711	0	0
S34	31632.70018	0.2648243449	99989.70711	0	0
neutron	939.56536	1.23690997	99989.71128	0	0
S34	31632.70018	0.14813946	99989.71128	0	0
neutron	939.56536	1.681366115	99989.2195	0	0
S34	31632.70018	0.165440862	99989.2195	0	0
neutron	939.56536	0.9842375307	99988.9589	0	0
S34	31632.70018	0.1501461769	99988.9589	0	0
neutron	939.56536	3.914330044	99989.18265	0	0
S34	31632.70018	0.3937963142	99989.18265	0	0
S35	32565.27968	0.1668120799	99989.5799	0	0
neutron	939.56536	6.247345553	99989.04655	0	0
neutron	939.56536	4.471726895	99989.04655	0	0
neutron	939.56536	4.162931039	99989.04655	0	0
S34	31632.70018	0.9703401951	99989.04655	0	0
neutron	939.56536	1.052335122	99990.31723	0	0
S34	31632.70018	0.05789239786	99990.31723	0	0
neutron	939.56536	16.38044666	99989.07952	0	0
neutron	939.56536	5.078496736	99989.07952	0	0
neutron	939.56536	2.321878355	99989.07952	0	0
alpha	3727.379	9.326709309	99989.07952	0	0
O16	14895.08153	1.025868265	99989.07952	0	0
neutron	939.56536	9.503260561	99989.27258	0	0
proton	938.272013	4.40403176	99989.27258	0	0
neutron	939.56536	1.311196805	99989.27258	0	0
neutron	939.56536	0.9808841445	99989.27258	0	0
P31	28844.21869	0.2944951346	99989.27258	0	0
neutron	939.56536	0.1273770971	99989.30635	0	0
S34	31632.70018	0.1728651355	99989.30635	0	0
neutron	939.56536	25.99844078	99988.93221	0	0
neutron	939.56536	6.411208033	99988.93221	0	0
neutron	939.56536	2.066409007	99988.93221	0	0
Ne20	18617.73218	2.90292599	99988.93221	0	0
proton	938.272013	22.2880332	99989.29179	0	0
neutron	939.56536	2.291780361	99989.29179	0	0
neutron	939.56536	0.7580981803	99989.29179	0	0
neutron	939.56536	0.2018798305	99989.29179	0	0
P31	28844.21869	1.275109559	99989.29179	0	0
neutron	939.56536	3.250602498	99989.65331	0	0
S34	31632.70018	0.1955155114	99989.65331	0	0
neutron	939.56536	0.8908638079	99988.90642	0	0
neutron	939.56536	0.4448345146	99988.90642	0	0
neutron	939.56536	0.3345600395	99988.90642	0	0
Ne20	18617.73218	0.3191369333	99988.90642	0	0
neutron	939.56536	17.53536888	99989.19183	0	0
neutron	939.56536	13.30759321	99989.19183	0	0
neutron	939.56536	1.323114882	99989.19183	0	0
alpha	3727.379	3.835685645	99989.19183	0	0
O16	14895.08153	3.908190936	99989.19183	0	0
neutron	939.56536	18.91793666	99988.95711	0	0
neutron	939.56536	4.522336495	99988.95711	0	0
neutron	939.56536	2.410328518	99988.95711	0	0
alpha	3727.379	5.184756222	99988.95711	0	0
O16	14895.08153	2.050970452	99988.95711	0	0
proton	938.272013	4.703353082	99989.00696	0	0
neutron	939.56536	0.5588535955	99989.00696	0	0
P35	32569.77755	0.03683806239	99989.00696	0	0
neutron	939.56536	1.135886994	99988.58492	0	0
Ne22	20479.73746	0.1433921171	99988.58492	0	0
neutron	939.56536	16.62154278	99990.0305	0	0
neutron	939.56536	8.842009	99990.0305	0	0
neutron	939.56536	8.389042794	99990.0305	0	0
proton	938.272013	2.812730602	99990.0305	0	0
F19	17692.30285	1.653483004	99990.0305	0	0
neutron	939.56536	0.893225662	99989.38057	0	0
Ne22	20479.73746	0.2244694737	99989.38057	0	0
neutron	939.56536	2.232495662	99989.20173	0	0
neutron	939.56536	2.081999821	99989.20173	0	0
Ne21	19550.53637	0.0612682049	99989.20173	0	0
Ne23	21414.10216	0.223660899	99989.07154	0	0
Ne23	21414.10216	0.1991297078	99989.48567	0	0
neutron	939.56536	0.5164132492	99988.97814	0	0
Ne22	20479.73746	0.110625671	99988.97814	0	0
Ne23	21414.10216	0.2331471898	99989.71604	0	0
Ne23	21414.10216	0.2111427116	99989.92863	0	0
S35	32565.27968	0.1623176552	99989.54105	0	0
neutron	939.56536	0.2514705274	99989.07832	0	0
S34	31632.70018	0.1015783784	99989.07832	0	0
proton	938.272013	19.79205921	99989.68926	0	0
neutron	939.56536	12.28467119	99989.68926	0	0
neutron	939.56536	2.604921749	99989.68926	0	0
neutron	939.56536	0.7054017928	99989.68926	0	0
deuteron	1875.613	5.791845326	99989.68926	0	0
O17	15830.5038	0.8082868356	99989.68926	0	0
neutron	939.56536	0.7308958804	99988.86211	0	0
Ne22	20479.73746	0.122584279	99988.86211	0	0
neutron	939.56536	35.15416964	99989.68034	0	0
neutron	939.56536	6.808809569	99989.68034	0	0
neutron	939.56536	2.04857176	99989.68034	0	0
Ne20	18617.73218	1.422941261	99989.68034	0	0
neutron	939.56536	0.3025849285	99988.18661	0	0
Ne22	20479.73746	0.2572178574	99988.18661	0	0
proton	938.272013	25.95973801	99988.73158	0	0
neutron	939.56536	1.247647405	99988.73158	0	0
neutron	939.56536	0.6440511871	99988.73158	0	0
P32	29775.84838	1.125850768	99988.73158	0	0
neutron	939.56536	1.126182525	99989.00731	0	0
S34	31632.70018	0.2186428334	99989.00731	0	0
proton	938.272013	22.14514517	99989.90318	0	0
neutron	939.56536	3.351075021	99989.90318	0	0
neutron	939.56536	3.234964549	99989.90318	0	0
neutron	939.56536	2.034517367	99989.90318	0	0
P33	30705.30994	0.6093955054	99989.90318	0	0
Ne23	21414.10216	0.233338134	99988.40791	0	0
neutron	939.56536	0.4542470488	99989.26458	0	0
S34	31632.70018	0.1110237902	99989.26458	0	0
neutron	939.56536	0.1686507688	99990.06625	0	0
S34	31632.70018	0.1586327673	99990.06625	0	0
neutron	939.56536	15.18904243	99989.59477	0	0
neutron	939.56536	9.720078371	99989.59477	0	0
neutron	939.56536	5.815673117	99989.59477	0	0
alpha	3727.379	2.667709502	99989.59477	0	0
O16	14895.08153	4.760194001	99989.59477	0	0
S35	32565.27968	0.1591338806	99989.51584	0	0
S35	32565.27968	0.1603425765	99989.13963	0	0
neutron	939.56536	1.238889795	99989.31918	0	0
S34	31632.70018	0.1354239036	99989.31918	0	0
neutron	939.56536	0.2088958511	99988.84746	0	0
Ne22	20479.73746	0.1973684419	99988.84746	0	0
neutron	939.56536	11.55612453	99988.99746	0	0
neutron	939.56536	1.991074853	99988.99746	0	0
neutron	939.56536	0.5651127728	99988.99746	0	0
S32	29773.62828	0.4956840257	99988.99746	0	0
neutron	939.56536	0.2217013298	99989.26781	0	0
S34	31632.70018	0.1564170288	99989.26781	0	0
Ne23	21414.10216	0.2232790798	99989.69499	0	0
neutron	939.56536	9.547982724	99989.00588	0	0
neutron	939.56536	3.557755463	99989.00588	0	0
neutron	939.56536	0.9471138926	99989.00588	0	0
alpha	3727.379	9.600713646	99989.00588	0	0
Si30	27913.24182	1.404211951	99989.00588	0	0
Ne23	21414.10216	0.2334448404	99989.16658	0	0
S35	32565.27968	0.1600717309	99989.44977	0	0
neutron	939.56536	13.92959214	99989.0628	0	0
proton	938.272013	3.898920717	99989.0628	0	0
neutron	939.56536	1.272102354	99989.0628	0	0
F20	18625.26686	0.4342754691	99989.0628	0	0
neutron	939.56536	1.991902963	99989.21334	0	0
S34	31632.70018	0.1048942858	99989.21334	0	0
proton	938.272013	3.203723157	99989.12346	0	0
neutron	939.56536	1.329233528	99989.12346	0	0
P33	30705.30994	0.1922420403	99989.12346	0	0
neutron	939.56536	8.310550963	99988.66244	0	0
neutron	939.56536	0.2358189736	99988.66244	0	0
S33	30704.55199	0.1616077367	99988.66244	0	0
Ne23	21414.10216	0.2251732041	99988.27708	0	0
neutron	939.56536	9.221093027	99989.65802	0	0
proton	938.272013	5.111309696	99989.65802	0	0
neutron	939.56536	1.633807303	99989.65802	0	0
neutron	939.56536	1.3855426	99989.65802	0	0
P31	28844.21869	0.8789711361	99989.65802	0	0
neutron	939.56536	0.08115053302	99989.61292	0	0
Ne22	20479.73746	0.2304921851	99989.61292	0	0
Ne23	21414.10216	0.2305076188	99990.05831	0	0
neutron	939.56536	1.273526408	99988.80343	0	0
Ne22	20479.73746	0.2904296161	99988.80343	0	0
neutron	939.56536	0.9424180372	99988.81159	0	0
S34	31632.70018	0.1946113251	99988.81159	0	0
neutron	939.56536	13.48712922	99989.44996	0	0
neutron	939.56536	9.107875058	99989.44996	0	0
alpha	3727.379	6.798977765	99989.44996	0	0
deuteron	1875.613	4.787392316	99989.44996	0	0
Al27	25126.50566	0.6864873956	99989.44996	0	0
neutron	939.56536	0.1069050556	99989.6855	0	0
Ne22	20479.73746	0.2421116557	99989.6855	0	0
neutron	939.56536	9.118429603	99989.19924	0	0
neutron	939.56536	5.81609287	99989.19924	0	0
neutron	939.56536	1.631899748	99989.19924	0	0
alpha	3727.379	4.312112436	99989.19924	0	0
O16	14895.08153	2.794326776	99989.19924	0	0
neutron	939.56536	7.691088766	99989.02042	0	0
neutron	939.56536	1.793041776	99989.02042	0	0
neutron	939.56536	1.337543728	99989.02042	0	0
Ne20	18617.73218	0.0898526889	99989.02042	0	0
neutron	939.56536	2.880072706	99989.45753	0	0
S34	31632.70018	0.3328683361	99989.45753	0	0
neutron	939.56536	2.902651862	99989.37786	0	0
S34	31632.70018	0.3524025792	99989.37786	0	0
neutron	939.56536	7.469159516	99989.5395	0	0
Ne22	20479.73746	0.2389222493	99989.5395	0	0
proton	938.272013	24.29948428	99989.3677	0	0
neutron	939.56536	2.634479245	99989.3677	0	0
neutron	939.56536	0.7101386688	99989.3677	0	0
F20	18625.26686	0.8224285908	99989.3677	0	0
neutron	939.56536	17.38124016	99988.28974	0	0
neutron	939.56536	3.787474861	99988.28974	0	0
neutron	939.56536	2.154771278	99988.28974	0	0
S32	29773.62828	0.6162042103	99988.28974	0	0
S35	32565.27968	0.1502689343	99988.77638	0	0
neutron	939.56536	1.237800074	99989.27073	0	0
S34	31632.70018	0.1427616994	99989.27073	0	0
neutron	939.56536	0.4602938227	99989.43171	0	0
S36	33494.9558	0.1127720173	99989.43171	0	0
S35	32565.27968	0.1541823521	99989.10596	0	0
S37	34430.21755	0.131121026	99989.70926	0	0
neutron	939.56536	16.38154497	99989.41937	0	0
proton	938.272013	11.2863889	99989.41937	0	0
neutron	939.56536	1.80619221	99989.41937	0	0
F20	18625.26686	1.830955123	99989.41937	0	0
neutron	939.56536	2.102978535	99989.79402	0	0
S34	31632.70018	0.1246837073	99989.79402	0	0
neutron	939.56536	6.496353582	99988.82615	0	0
neutron	939.56536	2.791539958	99988.82615	0	0
Ne21	19550.53637	0.2794280619	99988.82615	0	0
Ne23	21414.10216	0.2233159275	99989.3756	0	0
neutron	939.56536	18.64594721	99989.14518	0	0
neutron	939.56536	2.96841149	99989.14518	0	0
neutron	939.56536	0.289360299	99989.14518	0	0
Ne20	18617.73218	0.6964950345	99989.14518	0	0
neutron	939.56536	0.7303190603	99989.84366	0	0
S34	31632.70018	0.1224924246	99989.84366	0	0
S35	32565.27968	0.1587903648	99988.55668	0	0
neutron	939.56536	0.2980456215	99988.80772	0	0
S34	31632.70018	0.1299994585	99988.80772	0	0
neutron	939.56536	2.077039363	99988.99434	0	0
Ne22	20479.73746	0.1391773861	99988.99434	0	0
neutron	939.56536	0.9897889663	99988.9889	0	0
S34	31632.70018	0.250696427	99988.9889	0	0
neutron	939.56536	0.8783843995	99988.95319	0	0
S34	31632.70018	0.1161458976	99988.95319	0	0
proton	938.272013	19.29138354	99988.67349	0	0
neutron	939.56536	17.23163303	99988.67349	0	0
neutron	939.56536	0.2680975706	99988.67349	0	0
F20	18625.26686	0.1602500275	99988.67349	0	0
neutron	939.56536	0.5852230176	99989.10944	0	0
Ne22	20479.73746	0.2837433054	99989.10944	0	0
proton	938.272013	31.21455774	99988.96978	0	0
neutron	939.56536	8.141065682	99988.96978	0	0
P35	32569.77755	0.7998502083	99988.96978	0	0
proton	938.272013	8.92798155	99989.69555	0	0
neutron	939.56536	3.863769515	99989.69555	0	0
F21	19556.73074	0.4666535532	99989.69555	0	0
neutron	939.56536	1.136424618	99989.89088	0	0
S34	31632.70018	0.1390145602	99989.89088	0	0
neutron	939.56536	10.2616065	99989.24524	0	0
neutron	939.56536	3.768895406	99989.24524	0	0
neutron	939.56536	3.714436656	99989.24524	0	0
S32	29773.62828	0.3340577823	99989.24524	0	0
neutron	939.56536	10.5766249	99989.07582	0	0
neutron	939.56536	4.069546966	99989.07582	0	0
neutron	939.56536	3.798982494	99989.07582	0	0
S32	29773.62828	0.8106275236	99989.07582	0	0
S35	32565.27968	0.1356452435	99989.35785	0	0
neutron	939.56536	0.9528229456	99989.87255	0	0
S34	31632.70018	0.2399051909	99989.87255	0	0
neutron	939.56536	7.984709757	99988.79657	0	0
alpha	3727.379	6.43533372	99988.79657	0	0
alpha	3727.379	9.591761618	99988.79657	0	0
C14	13040.87134	0.3098802265	99988.79657	0	0
neutron	939.56536	0.4750079894	99988.81477	0	0
S34	31632.70018	0.1072820698	99988.81477	0	0
neutron	939.56536	9.931723717	99989.60028	0	0
neutron	939.56536	2.255148282	99989.60028	0	0
Ne21	19550.53637	0.7762726587	99989.60028	0	0
Ne23	21414.10216	0.2088453566	99989.43443	0	0
neutron	939.56536	7.465681255	99988.79039	0	0
deuteron	1875.613	9.162785053	99988.79039	0	0
deuteron	1875.613	6.870134748	99988.79039	0	0
alpha	3727.379	5.238578416	99988.79039	0	0
C14	13040.87134	0.1366846945	99988.79039	0	0
Ne23	21414.10216	0.2255235954	99989.29641	0	0
neutron	939.56536	17.34657251	99988.80504	0	0
neutron	939.56536	5.761308197	99988.80504	0	0
neutron	939.56536	5.386448896	99988.80504	0	0
neutron	939.56536	0.8620074222	99988.80504	0	0
neutron	939.56536	0.5782353685	99988.80504	0	0
S32	29773.62828	1.407457547	99988.80504	0	0
proton	938.272013	26.35927659	99988.75302	0	0
neutron	939.56536	1.960819539	99988.75302	0	0
neutron	939.56536	1.166176394	99988.75302	0	0
F20	18625.26686	1.865455934	99988.75302	0	0
neutron	939.56536	13.77893025	99989.56764	0	0
neutron	939.56536	5.094412473	99989.56764	0	0
neutron	939.56536	4.083094005	99989.56764	0	0
alpha	3727.379	5.24082326	99989.56764	0	0
O16	14895.08153	1.645343453	99989.56764	0	0
proton	938.272013	4.20049211	99989.10363	0	0
neutron	939.56536	1.688719849	99989.10363	0	0
P33	30705.30994	0.238277125	99989.10363	0	0
Ne23	21414.10216	0.227549118	99989.02905	0	0
neutron	939.56536	1.19449146	99989.36391	0	0
S34	31632.70018	0.2024955368	99989.36391	0	0
Ne23	21414.10216	0.227998248	99988.88946	0	0
neutron	939.56536	12.77339013	99989.16473	0	0
neutron	939.56536	1.439399446	99989.16473	0	0
neutron	939.56536	0.8175886785	99989.16473	0	0
S34	31632.70018	0.347515974	99989.16473	0	0
S35	32565.27968	0.162921477	99988.62797	0	0
proton	938.272013	35.37837052	99988.97357	0	0
neutron	939.56536	14.19620143	99988.97357	0	0
neutron	939.56536	4.969893645	99988.97357	0	0
F20	18625.26686	0.4713611303	99988.97357	0	0
neutron	939.56536	8.029425634	99989.44276	0	0
neutron	939.56536	6.883438381	99989.44276	0	0
S35	32565.27968	0.665551727	99989.44276	0	0
Ne23	21414.10216	0.2126126219	99989.46843	0	0
neutron	939.56536	0.1026230251	99989.80605	0	0
S34	31632.70018	0.1255587354	99989.80605	0	0
neutron	939.56536	1.781680458	99990.10738	0	0
S34	31632.70018	0.02584701703	99990.10738	0	0
neutron	939.56536	28.96322882	99989.21563	0	0
proton	938.272013	2.572583173	99989.21563	0	0
neutron	939.56536	1.833652002	99989.21563	0	0
P32	29775.84838	0.5042647889	99989.21563	0	0
neutron	939.56536	0.9252468261	99989.35665	0	0
Ne22	20479.73746	0.08334471034	99989.35665	0	0
Ne23	21414.10216	0.2220296794	99989.17259	0	0
neutron	939.56536	6.71866121	99989.19596	0	0
neutron	939.56536	1.985164405	99989.19596	0	0
neutron	939.56536	0.5990453803	99989.19596	0	0
S32	29773.62828	0.03015947762	99989.19596	0	0
neutron	939.56536	29.1143482	99989.84686	0	0
neutron	939.56536	7.331004713	99989.84686	0	0
neutron	939.56536	2.146904413	99989.84686	0	0
S34	31632.70018	0.1048621244	99989.84686	0	0
neutron	939.56536	28.928094	99989.17226	0	0
neutron	939.56536	3.395276375	99989.17226	0	0
alpha	3727.379	18.9970786	99989.17226	0	0
Si29	26984.28567	1.226226854	99989.17226	0	0
neutron	939.56536	1.143775493	99989.48156	0	0
S34	31632.70018	0.09757021321	99989.48156	0	0
neutron	939.56536	15.36099112	99988.85511	0	0
neutron	939.56536	0.6787915469	99988.85511	0	0
Ne21	19550.53637	1.247254046	99988.85511	0	0
neutron	939.56536	3.470130438	99989.26308	0	0
neutron	939.56536	2.049103262	99989.26308	0	0
Ne21	19550.53637	0.1144304232	99989.26308	0	0
neutron	939.56536	0.2786176226	99988.6616	0	0
S36	33494.9558	0.1138694411	99988.6616	0	0
neutron	939.56536	0.4822745313	99989.72579	0	0
S34	31632.70018	0.1473016514	99989.72579	0	0
neutron	939.56536	30.95709629	99989.78122	0	0
neutron	939.56536	8.93076545	99989.78122	0	0
neutron	939.56536	0.2093882118	99989.78122	0	0
S34	31632.70018	0.8069677874	99989.78122	0	0
neutron	939.56536	1.067237586	99988.81083	0	0
Ne22	20479.73746	0.1069263924	99988.81083	0	0
Ne23	21414.10216	0.2317370966	99989.38043	0	0
neutron	939.56536	0.6040669917	99989.28473	0	0
Ne22	20479.73746	0.1553937473	99989.28473	0	0
S35	32565.27968	0.1588487804	99989.03683	0	0
S35	32565.27968	0.1446796335	99988.90809	0	0
proton	938.272013	14.12690216	99989.11088	0	0
neutron	939.56536	7.31351191	99989.11088	0	0
neutron	939.56536	4.027879838	99989.11088	0	0
neutron	939.56536	0.7175344709	99989.11088	0	0
deuteron	1875.613	3.678835334	99989.11088	0	0
Si29	26984.28567	1.478212918	99989.11088	0	0
neutron	939.56536	0.4821078629	99988.85345	0	0
S36	33494.9558	0.07430966302	99988.85345	0	0
neutron	939.56536	10.57075243	99989.08581	0	0
neutron	939.56536	9.96657595	99989.08581	0	0
neutron	939.56536	3.150589068	99989.08581	0	0
alpha	3727.379	3.608053184	99989.08581	0	0
O16	14895.08153	2.690121936	99989.08581	0	0
proton	938.272013	8.890605621	99989.34821	0	0
neutron	939.56536	8.60541784	99989.34821	0	0
neutron	939.56536	4.668244246	99989.34821	0	0
proton	938.272013	4.087508983	99989.34821	0	0
neutron	939.56536	0.80338132	99989.34821	0	0
Si30	27913.24182	0.761133109	99989.34821	0	0
neutron	939.56536	1.038118254	99989.8133	0	0
S34	31632.70018	0.1701798264	99989.8133	0	0
Ne23	21414.10216	0.2344244697	99988.37871	0	0
neutron	939.56536	41.21011042	99989.24875	0	0
proton	938.272013	24.96979295	99989.24875	0	0
neutron	939.56536	0.05498824195	99989.24875	0	0
P32	29775.84838	0.1230034938	99989.24875	0	0
neutron	939.56536	5.63479101	99988.9706	0	0
neutron	939.56536	2.044995133	99988.9706	0	0
Ne21	19550.53637	0.2350807061	99988.9706	0	0
neutron	939.56536	2.18137586	99988.99671	0	0
S34	31632.70018	0.2883165	99988.99671	0	0
S35	32565.27968	0.1556552571	99989.19153	0	0
neutron	939.56536	3.733925633	99989.5416	0	0
neutron	939.56536	0.8234729852	99989.5416	0	0
neutron	939.56536	0.2602185023	99989.5416	0	0
alpha	3727.379	7.321541262	99989.5416	0	0
Si28	26053.19393	2.388026312	99989.5416	0	0
proton	938.272013	19.01903565	99989.79046	0	0
neutron	939.56536	1.228413582	99989.79046	0	0
P33	30705.30994	0.8069875267	99989.79046	0	0
Ne23	21414.10216	0.2325966315	99989.5694	0	0
S35	32565.27968	0.14326271	99989.20786	0	0
neutron	939.56536	0.08126013136	99988.8675	0	0
S36	33494.9558	0.1566491611	99988.8675	0	0
neutron	939.56536	24.12099849	99989.35392	0	0
neutron	939.56536	3.347230337	99989.35392	0	0
neutron	939.56536	3.078408544	99989.35392	0	0
S34	31632.70018	0.3705774649	99989.35392	0	0
proton	938.272013	5.31821742	99988.44733	0	0
neutron	939.56536	1.256571377	99988.44733	0	0
triton	2808.921	5.257645441	99988.44733	0	0
Si30	27913.24182	1.134169063	99988.44733	0	0
neutron	939.56536	0.6041541072	99989.47977	0	0
S34	31632.70018	0.2293511539	99989.47977	0	0
neutron	939.56536	2.553809156	99989.11412	0	0
neutron	939.56536	0.1647845053	99989.11412	0	0
S33	30704.55199	0.1816738127	99989.11412	0	0
Ne23	21414.10216	0.2282763513	99989.12804	0	0
proton	938.272013	7.526327593	99989.82979	0	0
proton	938.272013	4.360301282	99989.82979	0	0
neutron	939.56536	3.940511813	99989.82979	0	0
Si32	29776.58515	0.7387010332	99989.82979	0	0
neutron	939.56536	5.184096832	99989.03876	0	0
neutron	939.56536	4.889692494	99989.03876	0	0
neutron	939.56536	2.837931414	99989.03876	0	0
Ne20	18617.73218	0.4845805654	99989.03876	0	0
neutron	939.56536	1.255581005	99988.98195	0	0
S34	31632.70018	0.2534455299	99988.98195	0	0
neutron	939.56536	0.246974515	99989.33229	0	0
S34	31632.70018	0.2233084517	99989.33229	0	0
S35	32565.27968	0.1532423028	99990.13931	0	0
neutron	939.56536	1.352026779	99988.76758	0	0
neutron	939.56536	0.1106829166	99988.76758	0	0
Ne21	19550.53637	0.2317418283	99988.76758	0	0
S35	32565.27968	0.150095309	99989.28402	0	0
S35	32565.27968	0.1672719224	99989.25085	0	0
Ne23	21414.10216	0.2351591843	99988.80093	0	0
S37	34430.21755	0.137477236	99989.24074	0	0
S35	32565.27968	0.1433146439	99988.3939	0	0
S35	32565.27968	0.1490700727	99990.68345	0	0
neutron	939.56536	3.856198532	99989.06248	0	0
neutron	939.56536	0.7947478208	99989.06248	0	0
neutron	939.56536	0.07833516272	99989.06248	0	0
S32	29773.62828	0.3169263045	99989.06248	0	0
neutron	939.56536	14.35456194	99989.41364	0	0
proton	938.272013	4.854263005	99989.41364	0	0
neutron	939.56536	4.61029282	99989.41364	0	0
neutron	939.56536	3.706738656	99989.41364	0	0
proton	938.272013	3.015251946	99989.41364	0	0
neutron	939.56536	0.8143332703	99989.41364	0	0
Si29	26984.28567	2.49163411	99989.41364	0	0
proton	938.272013	42.96767563	99989.44337	0	0
proton	938.272013	12.57577975	99989.44337	0	0
neutron	939.56536	1.536097215	99989.44337	0	0
Si32	29776.58515	0.6941519419	99989.44337	0	0
neutron	939.56536	5.704435894	99989.01833	0	0
neutron	939.56536	5.564371625	99989.01833	0	0
neutron	939.56536	4.072465531	99989.01833	0	0
neutron	939.56536	1.211566414	99989.01833	0	0
S33	30704.55199	0.846517498	99989.01833	0	0
S35	32565.27968	0.1367664615	99988.65415	0	0
neutron	939.56536	12.94356611	99988.98716	0	0
alpha	3727.379	4.436590946	99988.98716	0	0
O18	16762.02378	2.229556774	99988.98716	0	0
neutron	939.56536	0.6886942582	99988.85102	0	0
S34	31632.70018	0.1789444967	99988.85102	0	0
neutron	939.56536	2.352035849	99989.23837	0	0
S34	31632.70018	0.1889215598	99989.23837	0	0
S35	32565.27968	0.1600713417	99989.4875	0	0
S35	32565.27968	0.1453618544	99989.02546	0	0
neutron	939.56536	0.7780405732	99990.05663	0	0
Ne22	20479.73746	0.2587761831	99990.05663	0	0
Ne23	21414.10216	0.2247665218	99989.3662	0	0
proton	938.272013	10.68821318	99989.22663	0	0
proton	938.272013	6.364233518	99989.22663	0	0
neutron	939.56536	3.386005118	99989.22663	0	0
neutron	939.56536	2.334808989	99989.22663	0	0
neutron	939.56536	1.953824205	99989.22663	0	0
neutron	939.56536	0.5562764948	99989.22663	0	0
Si29	26984.28567	0.3744071815	99989.22663	0	0
Ne23	21414.10216	0.218033264	99989.18196	0	0
S35	32565.27968	0.1635066023	99989.3619	0	0
neutron	939.56536	0.2188364154	99989.21884	0	0
S34	31632.70018	0.1022033628	99989.21884	0	0
neutron	939.56536	0.8989749463	99988.77879	0	0
S34	31632.70018	0.1562570649	99988.77879	0	0
neutron	939.56536	3.239165355	99989.40446	0	0
S34	31632.70018	0.2715425963	99989.40446	0	0
S35	32565.27968	0.1625995916	99988.97976	0	0
neutron	939.56536	1.206954433	99989.03806	0	0
S34	31632.70018	0.2962755343	99989.03806	0	0
neutron	939.56536	8.088929973	99989.09931	0	0
neutron	939.56536	5.689617078	99989.09931	0	0
neutron	939.56536	3.293920203	99989.09931	0	0
proton	938.272013	2.042325785	99989.09931	0	0
F19	17692.30285	0.3300496584	99989.09931	0	0
neutron	939.56536	9.603452898	99989.22894	0	0
proton	938.272013	1.932062829	99989.22894	0	0
triton	2808.921	8.248787222	99989.22894	0	0
O18	16762.02378	0.1353639222	99989.22894	0	0
S35	32565.27968	0.1563432153	99988.89106	0	0
Ne23	21414.10216	0.2281189202	99988.86586	0	0
S35	32565.27968	0.1486594499	99988.84371	0	0
neutron	939.56536	1.848953172	99988.91775	0	0
S34	31632.70018	0.2733182018	99988.91775	0	0
neutron	939.56536	0.8126820782	99988.86933	0	0
Ne22	20479.73746	0.1495426117	99988.86933	0	0
neutron	939.56536	39.50330767	99989.15524	0	0
proton	938.272013	7.914767792	99989.15524	0	0
neutron	939.56536	1.185434822	99989.15524	0	0
neutron	939.56536	1.071746818	99989.15524	0	0
F19	17692.30285	3.572512637	99989.15524	0	0
S37	34430.21755	0.1394866911	99988.91103	0	0
Ne23	21414.10216	0.2330536043	99989.10758	0	0
neutron	939.56536	1.587648957	99989.50145	0	0
S34	31632.70018	0.2514313148	99989.50145	0	0
Ne23	21414.10216	0.2274047917	99988.88778	0	0
neutron	939.56536	3.370746739	99989.3145	0	0
neutron	939.56536	0.7730699181	99989.3145	0	0
Ne21	19550.53637	0.09894617521	99989.3145	0	0
neutron	939.56536	45.62689555	99988.81152	0	0
neutron	939.56536	9.024513308	99988.81152	0	0
neutron	939.56536	2.134089726	99988.81152	0	0
S32	29773.62828	3.106666511	99988.81152	0	0
Ne23	21414.10216	0.2340063519	99989.03537	0	0
neutron	939.56536	2.558090725	99989.22315	0	0
S34	31632.70018	0.1766962053	99989.22315	0	0
neutron	939.56536	0.7049489	99989.16548	0	0
S34	31632.70018	0.09757955422	99989.16548	0	0
neutron	939.56536	14.79387893	99988.72909	0	0
neutron	939.56536	12.17971069	99988.72909	0	0
neutron	939.56536	1.973293502	99988.72909	0	0
S32	29773.62828	2.135855986	99988.72909	0	0
Ne23	21414.10216	0.2312140576	99989.54814	0	0
neutron	939.56536	2.971898526	99988.79598	0	0
neutron	939.56536	2.180258859	99988.79598	0	0
neutron	939.56536	1.46612877	99988.79598	0	0
alpha	3727.379	9.066122296	99988.79598	0	0
Si28	26053.19393	1.643050232	99988.79598	0	0
neutron	939.56536	0.6419685951	99989.91766	0	0
Ne22	20479.73746	0.1725093559	99989.91766	0	0
neutron	939.56536	11.08682406	99989.29503	0	0
neutron	939.56536	3.172971256	99989.29503	0	0
neutron	939.56536	2.133277709	99989.29503	0	0
proton	938.272013	1.453331353	99989.29503	0	0
alpha	3727.379	13.43341046	99989.29503	0	0
Al27	25126.50566	1.949411502	99989.29503	0	0
Ne23	21414.10216	0.1949733132	99988.70545	0	0
neutron	939.56536	0.611853949	99988.52829	0	0
S36	33494.9558	0.06949948534	99988.52829	0	0
neutron	939.56536	43.6328849	99988.72767	0	0
neutron	939.56536	0.7286581903	99988.72767	0	0
S33	30704.55199	1.249777126	99988.72767	0	0
neutron	939.56536	6.17453089	99988.78774	0	0
neutron	939.56536	2.791287225	99988.78774	0	0
neutron	939.56536	2.322436763	99988.78774	0	0
alpha	3727.379	10.78524862	99988.78774	0	0
O16	14895.08153	2.744545376	99988.78774	0	0
neutron	939.56536	40.04571171	99989.59273	0	0
neutron	939.56536	2.300466562	99989.59273	0	0
S33	30704.55199	1.566246542	99989.59273	0	0
S35	32565.27968	0.1641353014	99989.70101	0	0
neutron	939.56536	0.08624914646	99989.37664	0	0
Ne22	20479.73746	0.2582978936	99989.37664	0	0
neutron	939.56536	6.799138424	99989.15334	0	0
neutron	939.56536	1.685784351	99989.15334	0	0
neutron	939.56536	0.8044303683	99989.15334	0	0
alpha	3727.379	4.218780539	99989.15334	0	0
O16	14895.08153	2.640803895	99989.15334	0	0
proton	938.272013	9.455065561	99989.96004	0	0
proton	938.272013	6.376156327	99989.96004	0	0
neutron	939.56536	3.658170962	99989.96004	0	0
Si32	29776.58515	0.4920251417	99989.96004	0	0
neutron	939.56536	1.701265827	99989.90586	0	0
S34	31632.70018	0.3158682347	99989.90586	0	0
Ne23	21414.10216	0.2090477458	99989.48508	0	0
neutron	939.56536	2.124209473	99989.25539	0	0
Ne22	20479.73746	0.4130175386	99989.25539	0	0
neutron	939.56536	0.5792469734	99988.95587	0	0
S34	31632.70018	0.2167970968	99988.95587	0	0
neutron	939.56536	8.357584667	99989.98137	0	0
neutron	939.56536	0.1047110189	99989.98137	0	0
Ne21	19550.53637	1.053810921	99989.98137	0	0
S35	32565.27968	0.1478325083	99989.12936	0	0
S35	32565.27968	0.1424958911	99990.14678	0	0
neutron	939.56536	2.747660251	99989.4381	0	0
neutron	939.56536	1.823536843	99989.4381	0	0
neutron	939.56536	0.9620956073	99989.4381	0	0
S32	29773.62828	0.09842172762	99989.4381	0	0
S35	32565.27968	0.1502182608	99988.66672	0	0
neutron	939.56536	2.186906289	99989.10588	0	0
S34	31632.70018	0.2994823484	99989.10588	0	0
neutron	939.56536	17.74735011	99989.12801	0	0
neutron	939.56536	6.871730383	99989.12801	0	0
neutron	939.56536	2.384887094	99989.12801	0	0
alpha	3727.379	5.390571335	99989.12801	0	0
O16	14895.08153	6.478294409	99989.12801	0	0
Ne23	21414.10216	0.2305078135	99988.4167	0	0
S35	32565.27968	0.1486986476	99989.96389	0	0
neutron	939.56536	0.4646354602	99989.07968	0	0
S34	31632.70018	0.1996712591	99989.07968	0	0
neutron	939.56536	5.43922418	99988.50483	0	0
Ne22	20479.73746	0.2044181132	99988.50483	0	0
neutron	939.56536	0.2499169037	99989.27997	0	0
Ne22	20479.73746	0.1824477821	99989.27997	0	0
neutron	939.56536	0.4476046429	99989.38377	0	0
S34	31632.70018	0.1594625969	99989.38377	0	0
neutron	939.56536	0.09327195999	99989.70115	0	0
S36	33494.9558	0.1477437883	99989.70115	0	0
neutron	939.56536	1.755429324	99988.99953	0	0
Ne22	20479.73746	0.1231855808	99988.99953	0	0
neutron	939.56536	8.379011172	99989.32355	0	0
neutron	939.56536	6.863365166	99989.32355	0	0
neutron	939.56536	0.8861351921	99989.32355	0	0
alpha	3727.379	8.058209558	99989.32355	0	0
Si30	27913.24182	1.333123139	99989.32355	0	0
neutron	939.56536	0.3905276821	99989.73924	0	0
S34	31632.70018	0.1745198174	99989.73924	0	0
neutron	939.56536	3.685415396	99989.50239	0	0
neutron	939.56536	3.204400517	99989.50239	0	0
Ne21	19550.53637	0.3251160601	99989.50239	0	0
Ne23	21414.10216	0.2310161851	99988.98286	0	0
Ne23	21414.10216	0.2241680586	99989.56812	0	0
neutron	939.56536	1.078381353	99988.68157	0	0
Ne22	20479.73746	0.06437400632	99988.68157	0	0
S35	32565.27968	0.1460052343	99989.13893	0	0
neutron	939.56536	33.86770769	99989.11484	0	0
neutron	939.56536	4.484983918	99989.11484	0	0
proton	938.272013	2.162085534	99989.11484	0	0
neutron	939.56536	2.154882202	99989.11484	0	0
P31	28844.21869	2.060927539	99989.11484	0	0
neutron	939.56536	1.617730658	99988.60727	0	0
S34	31632.70018	0.209411569	99988.60727	0	0
neutron	939.56536	30.37145147	99988.42207	0	0
neutron	939.56536	3.728033388	99988.42207	0	0
neutron	939.56536	1.722030172	99988.42207	0	0
alpha	3727.379	4.424781497	99988.42207	0	0
O16	14895.08153	2.077254021	99988.42207	0	0
S35	32565.27968	0.1406855424	99990.3758	0	0
neutron	939.56536	0.1494032992	99989.02256	0	0
S36	33494.9558	0.1102064178	99989.02256	0	0
proton	938.272013	31.87215811	99989.47029	0	0
F22	20491.06576	1.041715423	99989.47029	0	0
proton	938.272013	36.06018108	99989.74075	0	0
neutron	939.56536	20.95501384	99989.74075	0	0
neutron	939.56536	0.2255893884	99989.74075	0	0
P32	29775.84838	0.1549682117	99989.74075	0	0
S35	32565.27968	0.1676876461	99989.89331	0	0
neutron	939.56536	1.426818041	99989.89805	0	0
S34	31632.70018	0.2465157614	99989.89805	0	0
neutron	939.56536	0.1832740575	99989.65764	0	0
Ne22	20479.73746	0.1880455341	99989.65764	0	0
neutron	939.56536	5.134713164	99989.04455	0	0
neutron	939.56536	4.439460999	99989.04455	0	0
neutron	939.56536	0.2875467426	99989.04455	0	0
S34	31632.70018	0.1489596171	99989.04455	0	0
neutron	939.56536	17.73801387	99989.65789	0	0
neutron	939.56536	3.52377826	99989.65789	0	0
proton	938.272013	2.663995508	99989.65789	0	0
proton	938.272013	2.010778974	99989.65789	0	0
neutron	939.56536	1.962018926	99989.65789	0	0
Si30	27913.24182	1.075088763	99989.65789	0	0
neutron	939.56536	0.3483610137	99988.8413	0	0
S34	31632.70018	0.200842574	99988.8413	0	0
Ne23	21414.10216	0.2240901144	99989.30091	0	0
S37	34430.21755	0.1365409255	99989.12503	0	0
Ne23	21414.10216	0.227452614	99989.11365	0	0
neutron	939.56536	0.2353991931	99989.32218	0	0
S34	31632.70018	0.1470579294	99989.32218	0	0
proton	938.272013	23.98747318	99988.87835	0	0
neutron	939.56536	1.879072044	99988.87835	0	0
neutron	939.56536	0.5546265128	99988.87835	0	0
neutron	939.56536	0.07171946188	99988.87835	0	0
F19	17692.30285	0.8816781854	99988.87835	0	0
neutron	939.56536	6.389417892	99989.19862	0	0
proton	938.272013	3.112971926	99989.19862	0	0
neutron	939.56536	1.457093073	99989.19862	0	0
P32	29775.84838	0.2182046437	99989.19862	0	0
neutron	939.56536	1.434870553	99988.98187	0	0
S36	33494.9558	0.2793789249	99988.98187	0	0
neutron	939.56536	0.6089919793	99989.43483	0	0
S34	31632.70018	0.2408082222	99989.43483	0	0
Ne23	21414.10216	0.2113606379	99990.43886	0	0
neutron	939.56536	2.879276053	99988.62823	0	0
neutron	939.56536	0.8210504214	99988.62823	0	0
neutron	939.56536	0.8012353836	99988.62823	0	0
S34	31632.70018	0.4295244094	99988.62823	0	0
neutron	939.56536	17.00233781	99988.96971	0	0
neutron	939.56536	0.2444621409	99988.96971	0	0
S35	32565.27968	0.4174653916	99988.96971	0	0
neutron	939.56536	28.93182838	99989.24398	0	0
neutron	939.56536	8.13293713	99989.24398	0	0
neutron	939.56536	5.510360404	99989.24398	0	0
proton	938.272013	4.618288886	99989.24398	0	0
P31	28844.21869	2.141159546	99989.24398	0	0
neutron	939.56536	0.3832448405	99989.38225	0	0
S34	31632.70018	0.113738894	99989.38225	0	0
neutron	939.56536	9.38162412	99988.97817	0	0
neutron	939.56536	1.710315031	99988.97817	0	0
neutron	939.56536	0.8989672772	99988.97817	0	0
alpha	3727.379	5.017874499	99988.97817	0	0
O16	14895.08153	2.831506408	99988.97817	0	0
S35	32565.27968	0.137137746	99989.13156	0	0
neutron	939.56536	2.892334356	99989.47515	0	0
deuteron	1875.613	9.57320934	99989.47515	0	0
F20	18625.26686	1.564653857	99989.47515	0	0
neutron	939.56536	9.420363891	99988.50856	0	0
neutron	939.56536	3.989386027	99988.50856	0	0
neutron	939.56536	0.8423319433	99988.50856	0	0
Ne20	18617.73218	0.1053621744	99988.50856	0	0
neutron	939.56536	3.692099214	99989.31143	0	0
S34	31632.70018	0.3426615722	99989.31143	0	0
neutron	939.56536	0.8065176852	99988.96592	0	0
S34	31632.70018	0.1986597633	99988.96592	0	0
neutron	939.56536	1.319650544	99989.69461	0	0
S34	31632.70018	0.2001704439	99989.69461	0	0
neutron	939.56536	9.252412526	99988.59604	0	0
alpha	3727.379	20.71557538	99988.59604	0	0
O18	16762.02378	7.463517476	99988.59604	0	0
neutron	939.56536	41.45041847	99989.4014	0	0
neutron	939.56536	4.313768132	99989.4014	0	0
neutron	939.56536	0.4580329095	99989.4014	0	0
S32	29773.62828	1.753465437	99989.4014	0	0
neutron	939.56536	22.29452046	99989.60767	0	0
neutron	939.56536	1.396670561	99989.60767	0	0
S33	30704.55199	0.3462751275	99989.60767	0	0
S35	32565.27968	0.1651287497	99989.2996	0	0
neutron	939.56536	3.239373869	99989.46716	0	0
neutron	939.56536	2.864317246	99989.46716	0	0
neutron	939.56536	0.3257785105	99989.46716	0	0
S32	29773.62828	0.08573070142	99989.46716	0	0
neutron	939.56536	0.1190437774	99989.17846	0	0
S34	31632.70018	0.1499899048	99989.17846	0	0
neutron	939.56536	4.830285309	99989.30685	0	0
S34	31632.70018	0.2131449388	99989.30685	0	0
S37	34430.21755	0.1412532545	99989.29773	0	0
neutron	939.56536	3.84361881	99988.96066	0	0
Ne22	20479.73746	0.2123318789	99988.96066	0	0
neutron	939.56536	2.398375569	99988.91435	0	0
S34	31632.70018	0.28527917	99988.91435	0	0
neutron	939.56536	0.873390527	99990.29019	0	0
S36	33494.9558	0.2035753623	99990.29019	0	0
Ne23	21414.10216	0.225155386	99989.11692	0	0
S37	34430.21755	0.1430779316	99988.92051	0	0
neutron	939.56536	0.4881803067	99989.65985	0	0
Ne22	20479.73746	0.1086857235	99989.65985	0	0
neutron	939.56536	0.6035037155	99988.55711	0	0
S34	31632.70018	0.1466391472	99988.55711	0	0
neutron	939.56536	0.1424257828	99989.36776	0	0
S36	33494.9558	0.1697564642	99989.36776	0	0
proton	938.272013	34.25736768	99990.06721	0	0
neutron	939.56536	0.2204915378	99990.06721	0	0
neutron	939.56536	0.1476855497	99990.06721	0	0
deuteron	1875.613	7.269085708	99990.06721	0	0
O18	16762.02378	3.545446115	99990.06721	0	0
Ne23	21414.10216	0.2209281945	99988.58435	0	0
neutron	939.56536	0.5348885611	99989.06227	0	0
S34	31632.70018	0.117926303	99989.06227	0	0
neutron	939.56536	4.39797363	99990.36284	0	0
neutron	939.56536	3.087693246	99990.36284	0	0
neutron	939.56536	1.891359526	99990.36284	0	0
S32	29773.62828	0.2428455241	99990.36284	0	0
neutron	939.56536	0.3583711387	99989.03255	0	0
S34	31632.70018	0.1839785861	99989.03255	0	0
neutron	939.56536	0.3039602534	99989.20854	0	0
S34	31632.70018	0.08627066079	99989.20854	0	0
neutron	939.56536	38.65444836	99990.21996	0	0
neutron	939.56536	1.975492606	99990.21996	0	0
neutron	939.56536	0.8287735661	99990.21996	0	0
S34	31632.70018	1.37394737	99990.21996	0	0
neutron	939.56536	6.595175497	99989.86977	0	0
neutron	939.56536	3.356922571	99989.86977	0	0
S35	32565.27968	0.8717932907	99989.86977	0	0
Ne23	21414.10216	0.2328631333	99989.45855	0	0
S35	32565.27968	0.1491882768	99988.85353	0	0
S35	32565.27968	0.1559731757	99989.67415	0	0
proton	938.272013	12.09735119	99989.04988	0	0
neutron	939.56536	8.89599841	99989.04988	0	0
neutron	939.56536	0.8872509802	99989.04988	0	0
F20	18625.26686	0.3144292358	99989.04988	0	0
S35	32565.27968	0.1429264797	99988.93042	0	0
neutron	939.56536	1.665742681	99989.6174	0	0
S34	31632.70018	0.3157905173	99989.6174	0	0
neutron	939.56536	4.869125537	99989.07001	0	0
neutron	939.56536	3.569413469	99989.07001	0	0
proton	938.272013	2.83026976	99989.07001	0	0
deuteron	1875.613	10.36283248	99989.07001	0	0
Si32	29776.58515	0.3401060456	99989.07001	0	0
proton	938.272013	7.388356366	99989.21409	0	0
neutron	939.56536	1.173508334	99989.21409	0	0
neutron	939.56536	0.7334417547	99989.21409	0	0
P34	31638.59261	0.09334104092	99989.21409	0	0
neutron	939.56536	1.755004978	99989.96104	0	0
S34	31632.70018	0.3364204129	99989.96104	0	0
Ne23	21414.10216	0.2167251043	99988.843	0	0
neutron	939.56536	4.257778422	99988.97624	0	0
S36	33494.9558	0.1400283629	99988.97624	0	0
neutron	939.56536	2.190241859	99989.15871	0	0
neutron	939.56536	1.665394839	99989.15871	0	0
neutron	939.56536	1.419306648	99989.15871	0	0
S32	29773.62828	0.1177814933	99989.15871	0	0
neutron	939.56536	3.17145491	99989.80341	0	0
neutron	939.56536	1.1313966	99989.80341	0	0
neutron	939.56536	0.721464725	99989.80341	0	0
S32	29773.62828	0.01805968573	99989.80341	0	0
neutron	939.56536	3.533429828	99989.30097	0	0
neutron	939.56536	1.976431208	99989.30097	0	0
neutron	939.56536	1.524428897	99989.30097	0	0
neutron	939.56536	1.268988343	99989.30097	0	0
neutron	939.56536	0.1932187192	99989.30097	0	0
S32	29773.62828	0.06688901809	99989.30097	0	0
neutron	939.56536	0.2582600659	99989.11353	0	0
S34	31632.70018	0.1693511673	99989.11353	0	0
neutron	939.56536	0.2966188362	99990.00351	0	0
Ne22	20479.73746	0.1999478828	99990.00351	0	0
Ne23	21414.10216	0.2251362218	99988.93758	0	0
neutron	939.56536	2.111277869	99988.80279	0	0
Ne22	20479.73746	0.4854879781	99988.80279	0	0
neutron	939.56536	20.97260108	99988.44705	0	0
proton	938.272013	4.381878436	99988.44705	0	0
neutron	939.56536	0.2673540415	99988.44705	0	0
P32	29775.84838	0.8297023739	99988.44705	0	0
Ne23	21414.10216	0.2216838753	99988.55215	0	0
neutron	939.56536	0.3954461459	99988.69643	0	0
S34	31632.70018	0.1932356051	99988.69643	0	0
Ne23	21414.10216	0.2227443681	99988.68806	0	0
neutron	939.56536	1.029137143	99988.9336	0	0
Ne22	20479.73746	0.219458136	99988.9336	0	0
S35	32565.27968	0.1619105195	99989.11909	0	0
Ne23	21414.10216	0.2257489693	99988.7239	0	0
neutron	939.56536	0.7236937558	99988.96525	0	0
S36	33494.9558	0.08032425388	99988.96525	0	0
S35	32565.27968	0.1671703706	99989.02827	0	0
neutron	939.56536	0.2983276047	99988.85607	0	0
Ne22	20479.73746	0.300497238	99988.85607	0	0
proton	938.272013	40.01876081	99989.32119	0	0
neutron	939.56536	11.94934697	99989.32119	0	0
neutron	939.56536	0.1508590211	99989.32119	0	0
P32	29775.84838	0.3221324706	99989.32119	0	0
neutron	939.56536	0.2018224913	99989.56011	0	0
S34	31632.70018	0.09883387289	99989.56011	0	0
neutron	939.56536	0.6763737431	99989.14972	0	0
S34	31632.70018	0.2557040665	99989.14972	0	0
neutron	939.56536	0.2472939101	99989.11369	0	0
S34	31632.70018	0.1476186108	99989.11369	0	0
S35	32565.27968	0.1615815022	99993.00334	0	0
neutron	939.56536	1.3611931	99989.51268	0	0
S34	31632.70018	0.286089766	99989.51268	0	0
neutron	939.56536	1.638140633	99988.96093	0	0
S34	31632.70018	0.2374321644	99988.96093	0	0
neutron	939.56536	22.7791072	99989.76112	0	0
neutron	939.56536	4.809990217	99989.76112	0	0
proton	938.272013	4.521578284	99989.76112	0	0
neutron	939.56536	0.7806402806	99989.76112	0	0
F19	17692.30285	4.599190315	99989.76112	0	0
neutron	939.56536	1.884108355	99989.26733	0	0
neutron	939.56536	0.2960445672	99989.26733	0	0
S35	32565.27968	0.008998007772	99989.26733	0	0
neutron	939.56536	4.338090296	99988.95643	0	0
neutron	939.56536	4.261838918	99988.95643	0	0
proton	938.272013	3.59692868	99988.95643	0	0
triton	2808.921	6.159124035	99988.95643	0	0
Si31	28846.21977	1.02947174	99988.95643	0	0
neutron	939.56536	6.760124563	99989.45234	0	0
proton	938.272013	3.559224082	99989.45234	0	0
neutron	939.56536	3.337740134	99989.45234	0	0
neutron	939.56536	3.262884495	99989.45234	0	0
proton	938.272013	3.166811677	99989.45234	0	0
alpha	3727.379	11.97689374	99989.45234	0	0
Mg26	24196.50368	0.8875473912	99989.45234	0	0
neutron	939.56536	18.51487738	99989.22215	0	0
proton	938.272013	15.88794238	99989.22215	0	0
neutron	939.56536	1.161257593	99989.22215	0	0
P32	29775.84838	0.9156308463	99989.22215	0	0
neutron	939.56536	1.069837153	99989.0869	0	0
S34	31632.70018	0.1620517252	99989.0869	0	0
proton	938.272013	19.7374257	99989.35768	0	0
neutron	939.56536	9.363937256	99989.35768	0	0
neutron	939.56536	2.747193293	99989.35768	0	0
neutron	939.56536	2.627764945	99989.35768	0	0
P31	28844.21869	0.6251602522	99989.35768	0	0
proton	938.272013	8.156966141	99989.57899	0	0
neutron	939.56536	8.063391937	99989.57899	0	0
neutron	939.56536	5.429989854	99989.57899	0	0
proton	938.272013	2.810642997	99989.57899	0	0
neutron	939.56536	1.278324317	99989.57899	0	0
Si30	27913.24182	1.034653724	99989.57899	0	0
proton	938.272013	33.18204191	99988.26739	0	0
neutron	939.56536	2.51411919	99988.26739	0	0
neutron	939.56536	1.404730991	99988.26739	0	0
P34	31638.59261	0.3061110712	99988.26739	0	0
neutron	939.56536	9.080323983	99990.55831	0	0
neutron	939.56536	1.473973081	99990.55831	0	0
neutron	939.56536	0.4007385829	99990.55831	0	0
S32	29773.62828	0.4103639755	99990.55831	0	0
neutron	939.56536	6.470304623	99988.96065	0	0
neutron	939.56536	1.251805107	99988.96065	0	0
Ne21	19550.53637	0.5574959508	99988.96065	0	0
S37	34430.21755	0.1383329557	99988.83866	0	0
neutron	939.56536	18.5492662	99988.94548	0	0
proton	938.272013	5.060907048	99988.94548	0	0
neutron	939.56536	3.00309394	99988.94548	0	0
proton	938.272013	2.417322529	99988.94548	0	0
neutron	939.56536	2.357994154	99988.94548	0	0
Si30	27913.24182	1.912991682	99988.94548	0	0
neutron	939.56536	1.753848712	99989.70996	0	0
S34	31632.70018	0.2213956688	99989.70996	0	0
S35	32565.27968	0.1536371537	99988.99948	0	0
neutron	939.56536	3.567086265	99989.37985	0	0
S34	31632.70018	0.1387275139	99989.37985	0	0
proton	938.272013	27.07881808	99989.42497	0	0
neutron	939.56536	16.11078605	99989.42497	0	0
F21	19556.73074	1.182362577	99989.42497	0	0
neutron	939.56536	1.827067775	99991.24676	0	0
S34	31632.70018	0.3104223845	99991.24676	0	0
S35	32565.27968	0.1468276378	99989.47139	0	0
Ne23	21414.10216	0.2286686183	99989.39902	0	0
neutron	939.56536	14.92740611	99988.9058	0	0
neutron	939.56536	7.399209777	99988.9058	0	0
neutron	939.56536	1.386486048	99988.9058	0	0
alpha	3727.379	9.004847262	99988.9058	0	0
O16	14895.08153	1.298738108	99988.9058	0	0
neutron	939.56536	49.07278169	99989.22002	0	0
alpha	3727.379	11.05221894	99989.22002	0	0
Si30	27913.24182	0.3452924049	99989.22002	0	0
neutron	939.56536	0.4420971816	99989.77213	0	0
S34	31632.70018	0.2146688025	99989.77213	0	0
neutron	939.56536	17.92576908	99989.14364	0	0
neutron	939.56536	1.230932541	99989.14364	0	0
alpha	3727.379	14.11366169	99989.14364	0	0
Si29	26984.28567	3.373303761	99989.14364	0	0
neutron	939.56536	3.666054483	99989.274	0	0
neutron	939.56536	2.915578715	99989.274	0	0
neutron	939.56536	0.4024400118	99989.274	0	0
Ne20	18617.73218	0.7389501695	99989.274	0	0
neutron	939.56536	0.6293720786	99989.01897	0	0
S34	31632.70018	0.134877122	99989.01897	0	0
neutron	939.56536	5.597788618	99988.85175	0	0
S34	31632.70018	0.505098695	99988.85175	0	0
neutron	939.56536	2.228172155	99989.28195	0	0
Ne22	20479.73746	0.1552206934	99989.28195	0	0
Ne23	21414.10216	0.2081428034	99989.91645	0	0
proton	938.272013	22.72256199	99989.74912	0	0
neutron	939.56536	9.014681546	99989.74912	0	0
proton	938.272013	2.297278534	99989.74912	0	0
neutron	939.56536	0.03699853412	99989.74912	0	0
O19	17697.63348	0.9145966016	99989.74912	0	0
neutron	939.56536	15.08143847	99989.46901	0	0
proton	938.272013	5.884565695	99989.46901	0	0
proton	938.272013	4.269306628	99989.46901	0	0
neutron	939.56536	1.745273472	99989.46901	0	0
neutron	939.56536	1.593865166	99989.46901	0	0
Si30	27913.24182	0.01907782275	99989.46901	0	0
neutron	939.56536	1.408750607	99989.64875	0	0
Ne22	20479.73746	0.08480085082	99989.64875	0	0
S35	32565.27968	0.1582693937	99988.88277	0	0
neutron	939.56536	1.074368398	99989.47578	0	0
Ne22	20479.73746	0.1431198135	99989.47578	0	0
Ne23	21414.10216	0.2284347665	99989.5795	0	0
neutron	939.56536	20.2997521	99989.48875	0	0
neutron	939.56536	5.346607799	99989.48875	0	0
neutron	939.56536	2.922889133	99989.48875	0	0
Ne20	18617.73218	0.7873370553	99989.48875	0	0
neutron	939.56536	5.39934492	99988.63616	0	0
proton	938.272013	5.162165057	99988.63616	0	0
neutron	939.56536	4.273973378	99988.63616	0	0
F20	18625.26686	0.2188613458	99988.63616	0	0
proton	938.272013	7.343886579	99989.28048	0	0
neutron	939.56536	4.906395624	99989.28048	0	0
neutron	939.56536	3.232207825	99989.28048	0	0
proton	938.272013	2.922680317	99989.28048	0	0
neutron	939.56536	1.855817828	99989.28048	0	0
Si30	27913.24182	0.3522200212	99989.28048	0	0
neutron	939.56536	1.925986163	99988.9297	0	0
neutron	939.56536	1.606192034	99988.9297	0	0
alpha	3727.379	3.721831266	99988.9297	0	0
O17	15830.5038	1.28702554	99988.9297	0	0
neutron	939.56536	6.487493512	99989.39284	0	0
neutron	939.56536	4.902133606	99989.39284	0	0
neutron	939.56536	0.1678679475	99989.39284	0	0
Ne20	18617.73218	0.349014063	99989.39284	0	0
neutron	939.56536	4.200162178	99988.44439	0	0
neutron	939.56536	2.660859796	99988.44439	0	0
S33	30704.55199	0.2445277494	99988.44439	0	0
neutron	939.56536	6.956607736	99988.72382	0	0
neutron	939.56536	3.989322573	99988.72382	0	0
S33	30704.55199	0.3157428047	99988.72382	0	0
neutron	939.56536	24.55556279	99988.71493	0	0
neutron	939.56536	6.022715225	99988.71493	0	0
neutron	939.56536	2.119047288	99988.71493	0	0
Ne20	18617.73218	0.8001632744	99988.71493	0	0
neutron	939.56536	2.978967886	99988.93357	0	0
S34	31632.70018	0.3821223776	99988.93357	0	0
neutron	939.56536	0.4146590456	99988.99772	0	0
S34	31632.70018	0.1666707905	99988.99772	0	0
S35	32565.27968	0.1554295967	99989.34799	0	0
neutron	939.56536	0.3287028501	99989.19563	0	0
Ne22	20479.73746	0.2311336856	99989.19563	0	0
S35	32565.27968	0.1401369677	99989.44689	0	0
neutron	939.56536	1.495972455	99989.56274	0	0
S34	31632.70018	0.09040214061	99989.56274	0	0
proton	938.272013	6.294620552	99989.3512	0	0
neutron	939.56536	4.710268446	99989.3512	0	0
neutron	939.56536	1.875912379	99989.3512	0	0
neutron	939.56536	0.09756942802	99989.3512	0	0
P31	28844.21869	0.2226830242	99989.3512	0	0
neutron	939.56536	5.489238263	99989.86188	0	0
proton	938.272013	4.19749736	99989.86188	0	0
neutron	939.56536	2.107280862	99989.86188	0	0
neutron	939.56536	0.8148268869	99989.86188	0	0
P31	28844.21869	0.3231055735	99989.86188	0	0
proton	938.272013	12.36854707	99989.362	0	0
neutron	939.56536	2.152756408	99989.362	0	0
P33	30705.30994	0.3605152575	99989.362	0	0
neutron	939.56536	0.09694398456	99989.26016	0	0
Ne22	20479.73746	0.1659361749	99989.26016	0	0
neutron	939.56536	11.98155464	99989.10858	0	0
neutron	939.56536	3.281900744	99989.10858	0	0
neutron	939.56536	3.018393445	99989.10858	0	0
Ne20	18617.73218	0.6473935425	99989.10858	0	0
Ne23	21414.10216	0.2200331014	99988.97962	0	0
neutron	939.56536	1.551433472	99988.65231	0	0
Ne22	20479.73746	0.3347759469	99988.65231	0	0
neutron	939.56536	35.37921507	99988.92107	0	0
neutron	939.56536	0.9521362976	99988.92107	0	0
neutron	939.56536	0.1666497372	99988.92107	0	0
Ne20	18617.73218	2.218665888	99988.92107	0	0
neutron	939.56536	0.4212697107	99989.23179	0	0
S34	31632.70018	0.2002701115	99989.23179	0	0
proton	938.272013	20.7979974	99990.02142	0	0
neutron	939.56536	6.604020333	99990.02142	0	0
neutron	939.56536	0.2225034505	99990.02142	0	0
P34	31638.59261	0.3766498351	99990.02142	0	0
neutron	939.56536	4.22301785	99988.77041	0	0
neutron	939.56536	4.087012419	99988.77041	0	0
neutron	939.56536	2.167013202	99988.77041	0	0
Ne20	18617.73218	0.567830923	99988.77041	0	0
neutron	939.56536	0.6015881336	99989.02926	0	0
S34	31632.70018	0.2095272347	99989.02926	0	0
Ne23	21414.10216	0.2052303733	99988.62151	0	0
neutron	939.56536	11.11140182	99989.13597	0	0
proton	938.272013	4.608889114	99989.13597	0	0
proton	938.272013	2.806289426	99989.13597	0	0
neutron	939.56536	2.43102999	99989.13597	0	0
neutron	939.56536	2.063696439	99989.13597	0	0
Si30	27913.24182	0.1360740953	99989.13597	0	0
neutron	939.56536	3.056847715	99989.57979	0	0
neutron	939.56536	0.8723424361	99989.57979	0	0
neutron	939.56536	0.3382278613	99989.57979	0	0
S32	29773.62828	0.2484269613	99989.57979	0	0
S35	32565.27968	0.1430335851	99989.64568	0	0
S37	34430.21755	0.1353261971	99989.20816	0	0
proton	938.272013	28.87977803	99989.08862	0	0
neutron	939.56536	2.376682417	99989.08862	0	0
neutron	939.56536	0.4376835798	99989.08862	0	0
P32	29775.84838	0.6107749762	99989.08862	0	0
neutron	939.56536	2.66307607	99990.15192	0	0
Ne22	20479.73746	0.2022440401	99990.15192	0	0
neutron	939.56536	1.646300179	99989.04272	0	0
S34	31632.70018	0.1928074105	99989.04272	0	0
neutron	939.56536	2.955865257	99988.55013	0	0
neutron	939.56536	2.136650049	99988.55013	0	0
neutron	939.56536	1.564090768	99988.55013	0	0
S34	31632.70018	0.05746078198	99988.55013	0	0
neutron	939.56536	0.2416496879	99989.64546	0	0
S34	31632.70018	0.180665998	99989.64546	0	0
neutron	939.56536	0.7943108374	99988.83429	0	0
Ne22	20479.73746	0.2196422621	99988.83429	0	0
neutron	939.56536	10.63160732	99989.187	0	0
neutron	939.56536	0.8303210891	99989.187	0	0
Ne21	19550.53637	0.4431118095	99989.187	0	0
S35	32565.27968	0.1612218754	99989.31825	0	0
neutron	939.56536	3.906360111	99989.50355	0	0
S36	33494.9558	0.2990025871	99989.50355	0	0
S35	32565.27968	0.1320321637	99988.72355	0	0
neutron	939.56536	7.099773318	99989.35152	0	0
neutron	939.56536	2.228051904	99989.35152	0	0
neutron	939.56536	1.892301585	99989.35152	0	0
S32	29773.62828	0.2440188869	99989.35152	0	0
S35	32565.27968	0.1431845149	99989.34523	0	0
neutron	939.56536	1.793786573	99988.97356	0	0
S34	31632.70018	0.2070429698	99988.97356	0	0
neutron	939.56536	0.4515441943	99989.3717	0	0
S34	31632.70018	0.1667311489	99989.3717	0	0
neutron	939.56536	2.284975093	99989.3223	0	0
neutron	939.56536	0.5204927578	99989.3223	0	0
neutron	939.56536	0.2842297422	99989.3223	0	0
Ne20	18617.73218	0.2412674418	99989.3223	0	0
neutron	939.56536	1.959762631	99989.32488	0	0
S36	33494.9558	0.330255444	99989.32488	0	0
neutron	939.56536	1.016766321	99988.87378	0	0
S36	33494.9558	0.1745702004	99988.87378	0	0
neutron	939.56536	0.9543506391	99988.27766	0	0
Ne22	20479.73746	0.08255161336	99988.27766	0	0
neutron	939.56536	19.96136832	99989.23563	0	0
proton	938.272013	16.04448764	99989.23563	0	0
proton	938.272013	11.4938451	99989.23563	0	0
O20	18629.59082	1.351306723	99989.23563	0	0
proton	938.272013	25.72734131	99988.70071	0	0
neutron	939.56536	2.857325755	99988.70071	0	0
neutron	939.56536	2.62210385	99988.70071	0	0
neutron	939.56536	0.6091813747	99988.70071	0	0
P31	28844.21869	1.74231113	99988.70071	0	0
S37	34430.21755	0.1307904655	99989.55257	0	0
Ne23	21414.10216	0.2263287529	99988.96758	0	0
neutron	939.56536	4.420947956	99988.94499	0	0
neutron	939.56536	0.9630091851	99988.94499	0	0
Ne21	19550.53637	0.5211892382	99988.94499	0	0
S35	32565.27968	0.1452837018	99988.65024	0	0
proton	938.272013	42.06352738	99989.04577	0	0
neutron	939.56536	0.8856351387	99989.04577	0	0
neutron	939.56536	0.3886730316	99989.04577	0	0
deuteron	1875.613	4.778960746	99989.04577	0	0
Si30	27913.24182	0.4809990206	99989.04577	0	0
proton	938.272013	5.921188735	99989.20254	0	0
proton	938.272013	4.897454435	99989.20254	0	0
neutron	939.56536	2.13812666	99989.20254	0	0
neutron	939.56536	1.257718805	99989.20254	0	0
O19	17697.63348	0.9832739554	99989.20254	0	0
proton	938.272013	10.64878305	99989.79632	0	0
neutron	939.56536	1.867995991	99989.79632	0	0
neutron	939.56536	1.233471425	99989.79632	0	0
P34	31638.59261	0.08923541883	99989.79632	0	0
neutron	939.56536	4.589449886	99988.3665	0	0
neutron	939.56536	0.2257450831	99988.3665	0	0
S35	32565.27968	0.3649490695	99988.3665	0	0
neutron	939.56536	0.498418154	99989.53852	0	0
S34	31632.70018	0.1970326832	99989.53852	0	0
Ne23	21414.10216	0.2231163899	99989.43305	0	0
neutron	939.56536	2.377527768	99989.10168	0	0
S34	31632.70018	0.1422991145	99989.10168	0	0
neutron	939.56536	0.112163189	99989.55756	0	0
S34	31632.70018	0.1663698894	99989.55756	0	0
proton	938.272013	3.376096876	99989.86065	0	0
neutron	939.56536	2.666048646	99989.86065	0	0
neutron	939.56536	2.575218191	99989.86065	0	0
P32	29775.84838	0.09490659543	99989.86065	0	0
neutron	939.56536	19.73779595	99988.75499	0	0
alpha	3727.379	9.059412683	99988.75499	0	0
O18	16762.02378	3.819728994	99988.75499	0	0
neutron	939.56536	22.98698365	99988.91431	0	0
neutron	939.56536	12.26234356	99988.91431	0	0
neutron	939.56536	4.014239318	99988.91431	0	0
alpha	3727.379	3.966530852	99988.91431	0	0
alpha	3727.379	8.081463512	99988.91431	0	0
C12	11174.86339	8.823037562	99988.91431	0	0
S35	32565.27968	0.1568905477	99989.26134	0	0
S35	32565.27968	0.1569344159	99988.96548	0	0
neutron	939.56536	0.4773352749	99988.86736	0	0
S34	31632.70018	0.1620442569	99988.86736	0	0
Ne23	21414.10216	0.2339716735	99988.93082	0	0
neutron	939.56536	0.1190600164	99989.13639	0	0
S34	31632.70018	0.106905556	99989.13639	0	0
S35	32565.27968	0.1345488743	99989.13247	0	0
proton	938.272013	3.483274813	99989.32549	0	0
P34	31638.59261	0.2252254459	99989.32549	0	0
Ne23	21414.10216	0.229600286	99989.07793	0	0
Ne23	21414.10216	0.2148435708	99988.66953	0	0
neutron	939.56536	29.66699467	99989.06735	0	0
neutron	939.56536	28.60739878	99989.06735	0	0
neutron	939.56536	0.9128322618	99989.06735	0	0
Ne20	18617.73218	0.743699278	99989.06735	0	0
neutron	939.56536	39.86770646	99989.0217	0	0
proton	938.272013	23.80710333	99989.0217	0	0
P35	32569.77755	0.275847312	99989.0217	0	0
neutron	939.56536	5.219459999	99988.51267	0	0
S34	31632.70018	0.07358964061	99988.51267	0	0
neutron	939.56536	0.8746810997	99989.921	0	0
neutron	939.56536	0.7383818714	99989.921	0	0
S33	30704.55199	0.2161749402	99989.921	0	0
neutron	939.56536	7.358786626	99989.28371	0	0
neutron	939.56536	5.631973288	99989.28371	0	0
neutron	939.56536	0.5828476519	99989.28371	0	0
neutron	939.56536	0.0681962318	99989.28371	0	0
S33	30704.55199	0.2548526009	99989.28371	0	0
neutron	939.56536	1.442188396	99989.61132	0	0
Ne22	20479.73746	0.1733970836	99989.61132	0	0
neutron	939.56536	24.75382606	99988.77746	0	0
neutron	939.56536	1.568512726	99988.77746	0	0
neutron	939.56536	0.2362808141	99988.77746	0	0
alpha	3727.379	6.757340794	99988.77746	0	0
O16	14895.08153	0.6118746938	99988.77746	0	0
neutron	939.56536	1.594252211	99989.62862	0	0
S34	31632.70018	0.08176540267	99989.62862	0	0
S35	32565.27968	0.1470604496	99989.27915	0	0
S35	32565.27968	0.1592524538	99989.8243	0	0
neutron	939.56536	5.135910548	99989.18238	0	0
neutron	939.56536	1.023348627	99989.18238	0	0
S33	30704.55199	0.1705290994	99989.18238	0	0
proton	938.272013	4.07995148	99989.44982	0	0
neutron	939.56536	2.784709132	99989.44982	0	0
neutron	939.56536	0.8401546044	99989.44982	0	0
P32	29775.84838	0.3323060722	99989.44982	0	0
neutron	939.56536	1.208516865	99989.45498	0	0
S34	31632.70018	0.09900682065	99989.45498	0	0
neutron	939.56536	1.614101491	99990.0526	0	0
Ne22	20479.73746	0.1717651749	99990.0526	0	0
proton	938.272013	18.76994777	99989.393	0	0
neutron	939.56536	7.061611895	99989.393	0	0
neutron	939.56536	2.044949531	99989.393	0	0
F20	18625.26686	0.8478215085	99989.393	0	0
S35	32565.27968	0.1550812614	99988.65287	0	0
neutron	939.56536	32.49776388	99989.16827	0	0
neutron	939.56536	32.11327733	99989.16827	0	0
neutron	939.56536	1.281136163	99989.16827	0	0
Ne20	18617.73218	0.353830281	99989.16827	0	0
S35	32565.27968	0.1564208351	99989.73891	0	0
S35	32565.27968	0.1524919201	99989.00536	0	0
Ne23	21414.10216	0.2221478889	99989.46541	0	0
neutron	939.56536	1.54700797	99988.92756	0	0
neutron	939.56536	1.261190234	99988.92756	0	0
Ne21	19550.53637	0.3636158331	99988.92756	0	0
S35	32565.27968	0.1543864079	99989.34203	0	0
Ne23	21414.10216	0.231555563	99988.97007	0	0
neutron	939.56536	43.13376046	99989.05111	0	0
neutron	939.56536	5.011504125	99989.05111	0	0
neutron	939.56536	2.858753447	99989.05111	0	0
S32	29773.62828	0.4380802702	99989.05111	0	0
proton	938.272013	19.09053867	99989.32196	0	0
F22	20491.06576	0.8930540803	99989.32196	0	0
neutron	939.56536	10.59820726	99989.18229	0	0
neutron	939.56536	8.861803345	99989.18229	0	0
proton	938.272013	4.796019328	99989.18229	0	0
proton	938.272013	3.843152317	99989.18229	0	0
neutron	939.56536	3.640658794	99989.18229	0	0
Si30	27913.24182	0.4334420284	99989.18229	0	0
neutron	939.56536	10.1953168	99989.93751	0	0
neutron	939.56536	4.558773255	99989.93751	0	0
neutron	939.56536	3.532660569	99989.93751	0	0
neutron	939.56536	0.08742887555	99989.93751	0	0
S33	30704.55199	1.163405274	99989.93751	0	0
neutron	939.56536	2.339805001	99988.65037	0	0
S36	33494.9558	0.1238314071	99988.65037	0	0
neutron	939.56536	0.1376915869	99989.24526	0	0
S34	31632.70018	0.1110427967	99989.24526	0	0
neutron	939.56536	33.82231725	99989.79213	0	0
neutron	939.56536	27.41665671	99989.79213	0	0
neutron	939.56536	0.7270348158	99989.79213	0	0
Ne20	18617.73218	2.872339776	99989.79213	0	0
neutron	939.56536	0.9329137369	99989.05817	0	0
Ne22	20479.73746	0.1046839295	99989.05817	0	0
neutron	939.56536	1.833886717	99988.87419	0	0
Ne22	20479.73746	0.5084673552	99988.87419	0	0
neutron	939.56536	29.87293647	99989.25648	0	0
neutron	939.56536	26.70809246	99989.25648	0	0
neutron	939.56536	0.6882067844	99989.25648	0	0
Ne20	18617.73218	0.102367496	99989.25648	0	0
Ne23	21414.10216	0.2263559783	99989.22033	0	0
Ne23	21414.10216	0.2086104486	99989.46583	0	0
neutron	939.56536	28.90605305	99989.41775	0	0
alpha	3727.379	8.604136975	99989.41775	0	0
Si30	27913.24182	0.8229581374	99989.41775	0	0
Ne23	21414.10216	0.2199627712	99989.18359	0	0
neutron	939.56536	1.678272431	99989.17619	0	0
S34	31632.70018	0.1904773743	99989.17619	0	0
neutron	939.56536	2.470433241	99988.86913	0	0
Ne22	20479.73746	0.02532379634	99988.86913	0	0
S37	34430.21755	0.1319552505	99989.7263	0	0
proton	938.272013	23.54896853	99989.0238	0	0
neutron	939.56536	21.32943247	99989.0238	0	0
neutron	939.56536	0.1340417446	99989.0238	0	0
F20	18625.26686	0.7329685657	99989.0238	0	0
S37	34430.21755	0.1451033464	99988.95242	0	0
proton	938.272013	40.02238558	99988.57122	0	0
neutron	939.56536	6.850502345	99988.57122	0	0
neutron	939.56536	6.302428683	99988.57122	0	0
P32	29775.84838	1.990969537	99988.57122	0	0
S35	32565.27968	0.1576721157	99988.95213	0	0
neutron	939.56536	29.85692255	99989.86285	0	0
proton	938.272013	3.980315712	99989.86285	0	0
neutron	939.56536	2.477579015	99989.86285	0	0
deuteron	1875.613	10.49439937	99989.86285	0	0
Si30	27913.24182	0.4905960166	99989.86285	0	0
neutron	939.56536	22.05659184	99989.01197	0	0
neutron	939.56536	5.217015952	99989.01197	0	0
neutron	939.56536	2.850420333	99989.01197	0	0
neutron	939.56536	1.117384394	99989.01197	0	0
neutron	939.56536	0.6643008953	99989.01197	0	0
S32	29773.62828	1.160159941	99989.01197	0	0
neutron	939.56536	0.385767158	99988.70996	0	0
S34	31632.70018	0.1153522906	99988.70996	0	0
Ne23	21414.10216	0.2333021558	99989.091	0	0
neutron	939.56536	0.8222402952	99990.10554	0	0
S34	31632.70018	0.2226042726	99990.10554	0	0
neutron	939.56536	14.29636983	99989.25266	0	0
neutron	939.56536	2.172462885	99989.25266	0	0
deuteron	1875.613	1.923686085	99989.25266	0	0
P31	28844.21869	0.07391593872	99989.25266	0	0
neutron	939.56536	12.648169	99988.85643	0	0
neutron	939.56536	11.1403314	99988.85643	0	0
neutron	939.56536	3.830183632	99988.85643	0	0
S32	29773.62828	0.1892343092	99988.85643	0	0
neutron	939.56536	1.52909815	99989.20941	0	0
Ne22	20479.73746	0.4017127597	99989.20941	0	0
neutron	939.56536	5.492131131	99989.60707	0	0
S34	31632.70018	0.4767590411	99989.60707	0	0
S35	32565.27968	0.1592878769	99989.53589	0	0
neutron	939.56536	18.22418328	99989.443	0	0
alpha	3727.379	8.651337078	99989.443	0	0
Si30	27913.24182	1.202774071	99989.443	0	0
neutron	939.56536	0.4026632945	99989.52618	0	0
S34	31632.70018	0.106339638	99989.52618	0	0
neutron	939.56536	7.370038953	99989.20727	0	0
neutron	939.56536	6.335277477	99989.20727	0	0
neutron	939.56536	3.059803397	99989.20727	0	0
Ne20	18617.73218	0.6771244022	99989.20727	0	0
neutron	939.56536	1.590847693	99989.11403	0	0
neutron	939.56536	0.8942896426	99989.11403	0	0
neutron	939.56536	0.4658053241	99989.11403	0	0
S32	29773.62828	0.1708969093	99989.11403	0	0
neutron	939.56536	0.431648304	99988.61804	0	0
Ne22	20479.73746	0.3285384149	99988.61804	0	0
neutron	939.56536	0.641960862	99989.05329	0	0
Ne22	20479.73746	0.2093695348	99989.05329	0	0
S35	32565.27968	0.1623662198	99988.84348	0	0
neutron	939.56536	0.3404515826	99989.40856	0	0
Ne22	20479.73746	0.2105916296	99989.40856	0	0
S35	32565.27968	0.1402954384	99989.41962	0	0
neutron	939.56536	1.265562774	99989.30111	0	0
Ne22	20479.73746	0.1862930097	99989.30111	0	0
S35	32565.27968	0.1466860565	99988.54521	0	0
Ne23	21414.10216	0.2270928902	99989.46507	0	0
neutron	939.56536	0.1512709318	99990.00135	0	0
S36	33494.9558	0.134546837	99990.00135	0	0
neutron	939.56536	0.6252895965	99989.39688	0	0
S34	31632.70018	0.06070773955	99989.39688	0	0
Ne23	21414.10216	0.2164084549	99988.52265	0	0
neutron	939.56536	19.24000681	99988.37849	0	0
neutron	939.56536	4.165542701	99988.37849	0	0
alpha	3727.379	13.90598955	99988.37849	0	0
Si29	26984.28567	1.097140683	99988.37849	0	0
Ne23	21414.10216	0.2322372326	99989.40332	0	0
S35	32565.27968	0.1548858966	99989.27145	0	0
S35	32565.27968	0.1659859256	99989.72287	0	0
neutron	939.56536	4.446261179	99990.06572	0	0
Ne22	20479.73746	0.4889928088	99990.06572	0	0
S35	32565.27968	0.1439256538	99988.89115	0	0
proton	938.272013	28.69348282	99989.676	0	0
neutron	939.56536	21.43245629	99989.676	0	0
neutron	939.56536	2.445569869	99989.676	0	0
neutron	939.56536	1.440961062	99989.676	0	0
P33	30705.30994	0.5340111316	99989.676	0	0
neutron	939.56536	1.842863523	99989.82988	0	0
S34	31632.70018	0.1404977768	99989.82988	0	0
S35	32565.27968	0.15988517	99989.40549	0	0
proton	938.272013	25.94871219	99989.71898	0	0
neutron	939.56536	0.6494131353	99989.71898	0	0
F21	19556.73074	1.166747103	99989.71898	0	0
neutron	939.56536	0.2239049695	99989.87135	0	0
Ne22	20479.73746	0.151072022	99989.87135	0	0
neutron	939.56536	1.065300385	99989.17299	0	0
S36	33494.9558	0.05813025543	99989.17299	0	0
neutron	939.56536	2.305448443	99988.87411	0	0
Ne22	20479.73746	0.1346267306	99988.87411	0	0
neutron	939.56536	7.408482643	99989.20389	0	0
proton	938.272013	2.413613399	99989.20389	0	0
neutron	939.56536	1.734461469	99989.20389	0	0
neutron	939.56536	1.139014755	99989.20389	0	0
P31	28844.21869	0.3703035946	99989.20389	0	0
neutron	939.56536	3.307749655	99989.08494	0	0
neutron	939.56536	2.482929933	99989.08494	0	0
Ne21	19550.53637	0.04622294939	99989.08494	0	0
neutron	939.56536	13.44109183	99988.68026	0	0
neutron	939.56536	1.901698342	99988.68026	0	0
neutron	939.56536	0.7999515787	99988.68026	0	0
neutron	939.56536	0.7980883009	99988.68026	0	0
alpha	3727.379	11.06516049	99988.68026	0	0
O15	13971.18011	1.949940673	99988.68026	0	0
neutron	939.56536	2.186991608	99989.02322	0	0
S34	31632.70018	0.04866992267	99989.02322	0	0
neutron	939.56536	0.3819049738	99989.27051	0	0
S34	31632.70018	0.1310485861	99989.27051	0	0
neutron	939.56536	0.6266403181	99989.40382	0	0
S34	31632.70018	0.06887765045	99989.40382	0	0
neutron	939.56536	12.4129766	99988.61587	0	0
neutron	939.56536	2.035574363	99988.61587	0	0
neutron	939.56536	0.6704459915	99988.61587	0	0
S32	29773.62828	0.5020927104	99988.61587	0	0
neutron	939.56536	4.20441835	99988.64727	0	0
neutron	939.56536	1.562060888	99988.64727	0	0
neutron	939.56536	0.6112975458	99988.64727	0	0
Ne20	18617.73218	0.2638616689	99988.64727	0	0
Ne23	21414.10216	0.2198430214	99990.03441	0	0
neutron	939.56536	0.4320878872	99988.72567	0	0
Ne22	20479.73746	0.1289481332	99988.72567	0	0
neutron	939.56536	3.770375918	99989.10627	0	0
neutron	939.56536	1.036972846	99989.10627	0	0
S35	32565.27968	0.3937953138	99989.10627	0	0
neutron	939.56536	0.8657979844	99989.25669	0	0
S34	31632.70018	0.2573513433	99989.25669	0	0
neutron	939.56536	13.31099593	99988.76981	0	0
proton	938.272013	6.39071616	99988.76981	0	0
neutron	939.56536	5.314976476	99988.76981	0	0
proton	938.272013	4.214409096	99988.76981	0	0
Si31	28846.21977	2.45572754	99988.76981	0	0
neutron	939.56536	6.028538233	99988.7705	0	0
neutron	939.56536	3.603186554	99988.7705	0	0
proton	938.272013	3.389855802	99988.7705	0	0
neutron	939.56536	3.30147594	99988.7705	0	0
P31	28844.21869	0.447363952	99988.7705	0	0
neutron	939.56536	40.61820076	99988.88896	0	0
alpha	3727.379	6.80016443	99988.88896	0	0
alpha	3727.379	7.606548664	99988.88896	0	0
C14	13040.87134	3.381016027	99988.88896	0	0
neutron	939.56536	0.7542941206	99988.8028	0	0
S34	31632.70018	0.2566995457	99988.8028	0	0
neutron	939.56536	1.189521173	99988.96069	0	0
S34	31632.70018	0.3090880349	99988.96069	0	0
neutron	939.56536	0.9637018693	99989.1441	0	0
S34	31632.70018	0.1473384335	99989.1441	0	0
neutron	939.56536	1.060401705	99989.77131	0	0
neutron	939.56536	0.8617306006	99989.77131	0	0
S35	32565.27968	0.1344461549	99989.77131	0	0
neutron	939.56536	4.783663355	99990.29736	0	0
Ne22	20479.73746	0.3056515105	99990.29736	0	0
Ne23	21414.10216	0.2293641654	99989.70519	0	0
S37	34430.21755	0.140056701	99989.56829	0	0
Ne23	21414.10216	0.2138019186	99988.96777	0	0
neutron	939.56536	2.532852674	99989.35512	0	0
S34	31632.70018	0.2032831496	99989.35512	0	0
S35	32565.27968	0.1531394978	99988.91827	0	0
neutron	939.56536	13.43408547	99989.14753	0	0
proton	938.272013	2.97380658	99989.14753	0	0
neutron	939.56536	1.407388577	99989.14753	0	0
P34	31638.59261	0.3743847046	99989.14753	0	0
Ne23	21414.10216	0.2041468692	99989.48917	0	0
proton	938.272013	30.85569416	99988.54484	0	0
neutron	939.56536	30.32123065	99988.54484	0	0
neutron	939.56536	4.268352716	99988.54484	0	0
neutron	939.56536	0.106006257	99988.54484	0	0
P33	30705.30994	0.5686475244	99988.54484	0	0
neutron	939.56536	7.499423501	99990.62561	0	0
alpha	3727.379	10.84448612	99990.62561	0	0
triton	2808.921	4.926986962	99990.62561	0	0
N15	13968.93638	0.7092081911	99990.62561	0	0
proton	938.272013	3.102104157	99989.0308	0	0
proton	938.272013	2.357858384	99989.0308	0	0
neutron	939.56536	2.312636782	99989.0308	0	0
neutron	939.56536	1.799799883	99989.0308	0	0
neutron	939.56536	0.5406592264	99989.0308	0	0
Si30	27913.24182	0.1473063352	99989.0308	0	0
neutron	939.56536	1.086562171	99988.68644	0	0
S34	31632.70018	0.2111398506	99988.68644	0	0
neutron	939.56536	24.40622432	99989.02727	0	0
neutron	939.56536	4.276708605	99989.02727	0	0
neutron	939.56536	3.012146071	99989.02727	0	0
Ne20	18617.73218	0.09264467111	99989.02727	0	0
S37	34430.21755	0.1429824826	99989.28943	0	0
S35	32565.27968	0.157156533	99989.00227	0	0
neutron	939.56536	7.758696352	99989.40562	0	0
neutron	939.56536	5.040292931	99989.40562	0	0
neutron	939.56536	1.14493699	99989.40562	0	0
Ne20	18617.73218	0.4350991597	99989.40562	0	0
neutron	939.56536	0.5730213354	99988.67839	0	0
S34	31632.70018	0.1349298783	99988.67839	0	0
neutron	939.56536	1.769812285	99988.62804	0	0
S34	31632.70018	0.3563863832	99988.62804	0	0
neutron	939.56536	10.52441166	99989.66313	0	0
neutron	939.56536	1.474343171	99989.66313	0	0
neutron	939.56536	0.9708214286	99989.66313	0	0
Ne20	18617.73218	0.399899823	99989.66313	0	0
neutron	939.56536	1.905723606	99989.68877	0	0
S34	31632.70018	0.1173216178	99989.68877	0	0
proton	938.272013	8.314448713	99989.78203	0	0
neutron	939.56536	1.724367031	99989.78203	0	0
neutron	939.56536	0.4017927021	99989.78203	0	0
P32	29775.84838	0.1658544982	99989.78203	0	0
Ne23	21414.10216	0.2236691181	99989.03121	0	0
neutron	939.56536	1.284483147	99988.52131	0	0
S34	31632.70018	0.2768156348	99988.52131	0	0
neutron	939.56536	0.349263001	99989.31826	0	0
S36	33494.9558	0.08416209398	99989.31826	0	0
neutron	939.56536	0.08656628368	99989.807	0	0
S34	31632.70018	0.1418070878	99989.807	0	0
Ne23	21414.10216	0.2323413944	99989.11897	0	0
neutron	939.56536	2.505154647	99989.31047	0	0
S34	31632.70018	0.1315247665	99989.31047	0	0
S35	32565.27968	0.1468799507	99989.16439	0	0
Ne23	21414.10216	0.2261143708	99988.85473	0	0
S37	34430.21755	0.1421378215	99989.3271	0	0
proton	938.272013	8.243760332	99989.15261	0	0
neutron	939.56536	1.259157863	99989.15261	0	0
P33	30705.30994	0.3835397722	99989.15261	0	0
neutron	939.56536	0.4776472809	99989.8574	0	0
S36	33494.9558	0.1965304535	99989.8574	0	0
neutron	939.56536	2.256442805	99988.73788	0	0
neutron	939.56536	1.945270238	99988.73788	0	0
alpha	3727.379	12.17046316	99988.73788	0	0
Si29	26984.28567	1.358185031	99988.73788	0	0
neutron	939.56536	29.75496306	99989.24372	0	0
neutron	939.56536	15.67896768	99989.24372	0	0
neutron	939.56536	1.910462529	99989.24372	0	0
Ne20	18617.73218	0.7242860364	99989.24372	0	0
S37	34430.21755	0.1397296135	99989.58178	0	0
proton	938.272013	4.703214193	99989.12499	0	0
neutron	939.56536	1.28693577	99989.12499	0	0
F21	19556.73074	0.01154408315	99989.12499	0	0
neutron	939.56536	1.219734402	99989.71563	0	0
Ne22	20479.73746	0.1354519916	99989.71563	0	0
neutron	939.56536	5.041457024	99988.93822	0	0
neutron	939.56536	4.798736814	99988.93822	0	0
proton	938.272013	2.602954145	99988.93822	0	0
deuteron	1875.613	2.75414274	99988.93822	0	0
O18	16762.02378	0.2865949946	99988.93822	0	0
neutron	939.56536	3.656081745	99989.15509	0	0
neutron	939.56536	0.3907412504	99989.15509	0	0
deuteron	1875.613	3.971096543	99989.15509	0	0
P31	28844.21869	0.2760976405	99989.15509	0	0
neutron	939.56536	3.700239994	99989.55297	0	0
neutron	939.56536	1.749644559	99989.55297	0	0
Ne21	19550.53637	1.100456558	99989.55297	0	0
neutron	939.56536	5.205047286	99989.15676	0	0
neutron	939.56536	0.8328217526	99989.15676	0	0
neutron	939.56536	0.5916258165	99989.15676	0	0
S32	29773.62828	0.1115799868	99989.15676	0	0
neutron	939.56536	6.215187824	99988.9418	0	0
neutron	939.56536	2.086923793	99988.9418	0	0
neutron	939.56536	0.9069231868	99988.9418	0	0
Ne20	18617.73218	0.4973719844	99988.9418	0	0
neutron	939.56536	4.123297314	99988.97902	0	0
neutron	939.56536	2.055759717	99988.97902	0	0
neutron	939.56536	1.618231559	99988.97902	0	0
S34	31632.70018	0.09625299055	99988.97902	0	0
neutron	939.56536	5.118830687	99988.63025	0	0
neutron	939.56536	3.506356973	99988.63025	0	0
Ne21	19550.53637	0.8089738469	99988.63025	0	0
S35	32565.27968	0.1627314292	99990.3647	0	0
proton	938.272013	6.263608928	99989.35214	0	0
neutron	939.56536	3.818787154	99989.35214	0	0
neutron	939.56536	1.575998104	99989.35214	0	0
F20	18625.26686	0.4704276285	99989.35214	0	0
neutron	939.56536	2.271296271	99989.37524	0	0
S34	31632.70018	0.16480199	99989.37524	0	0
Ne23	21414.10216	0.2149533179	99989.72658	0	0
neutron	939.56536	2.562204144	99989.20291	0	0
S36	33494.9558	0.1635366379	99989.20291	0	0
neutron	939.56536	3.232347905	99989.97173	0	0
neutron	939.56536	2.078668217	99989.97173	0	0
neutron	939.56536	0.2705038659	99989.97173	0	0
Ne20	18617.73218	0.246698567	99989.97173	0	0
neutron	939.56536	16.69113375	99989.20765	0	0
proton	938.272013	11.32003773	99989.20765	0	0
neutron	939.56536	0.4359071299	99989.20765	0	0
F20	18625.26686	2.223635545	99989.20765	0	0
neutron	939.56536	1.06288639	99988.65061	0	0
Ne22	20479.73746	0.3716960175	99988.65061	0	0
neutron	939.56536	13.28443111	99989.08691	0	0
proton	938.272013	3.264211677	99989.08691	0	0
proton	938.272013	2.270501303	99989.08691	0	0
neutron	939.56536	1.666381528	99989.08691	0	0
neutron	939.56536	1.431377407	99989.08691	0	0
Si30	27913.24182	1.61538868	99989.08691	0	0
Ne23	21414.10216	0.2208931656	99989.0802	0	0
neutron	939.56536	0.7893437047	99989.48764	0	0
S34	31632.70018	0.2598856347	99989.48764	0	0
neutron	939.56536	0.8137847241	99988.64764	0	0
Ne22	20479.73746	0.3480950169	99988.64764	0	0
neutron	939.56536	29.0625066	99989.3966	0	0
neutron	939.56536	13.77530276	99989.3966	0	0
neutron	939.56536	8.530944935	99989.3966	0	0
S32	29773.62828	1.001611745	99989.3966	0	0
S35	32565.27968	0.1551598365	99989.3887	0	0
neutron	939.56536	4.234685274	99989.07538	0	0
alpha	3727.379	9.60090137	99989.07538	0	0
Si30	27913.24182	1.420771126	99989.07538	0	0
neutron	939.56536	1.424385684	99988.78699	0	0
S36	33494.9558	0.3174708103	99988.78699	0	0
neutron	939.56536	8.196481904	99989.21135	0	0
neutron	939.56536	6.785177391	99989.21135	0	0
neutron	939.56536	6.39130043	99989.21135	0	0
alpha	3727.379	12.5005283	99989.21135	0	0
O16	14895.08153	3.27103081	99989.21135	0	0
neutron	939.56536	0.6080848758	99988.98408	0	0
S34	31632.70018	0.1675739572	99988.98408	0	0
Ne23	21414.10216	0.2133487109	99989.11684	0	0
neutron	939.56536	1.519903831	99989.42002	0	0
S34	31632.70018	0.09307960625	99989.42002	0	0
neutron	939.56536	23.49655452	99988.93936	0	0
neutron	939.56536	6.12143663	99988.93936	0	0
Ne21	19550.53637	1.478561284	99988.93936	0	0
neutron	939.56536	4.645179406	99989.15337	0	0
neutron	939.56536	2.491973521	99989.15337	0	0
S33	30704.55199	0.1020742828	99989.15337	0	0
S35	32565.27968	0.1548483832	99989.55323	0	0
neutron	939.56536	12.71615115	99990.07425	0	0
neutron	939.56536	2.234700683	99990.07425	0	0
neutron	939.56536	0.8505355102	99990.07425	0	0
alpha	3727.379	10.35376467	99990.07425	0	0
Si28	26053.19393	0.8930718564	99990.07425	0	0
