neutron	939.56536	3.074112733	99998.75381	0	0
neutron	939.56536	1.794050211	99998.75381	0	0
neutron	939.56536	0.8911985641	99998.75381	0	0
S34	31632.70018	0.258915443	99998.75381	0	0
S35	32565.27968	0.1531107165	99998.69736	0	0
neutron	939.56536	0.7889593112	99998.8378	0	0
S34	31632.70018	0.2513530543	99998.8378	0	0
neutron	939.56536	0.3390028521	99998.84429	0	0
S34	31632.70018	0.150284563	99998.84429	0	0
neutron	939.56536	9.832927271	99998.7087	0	0
neutron	939.56536	1.605265909	99998.7087	0	0
Ne21	19550.53637	0.5349630438	99998.7087	0	0
neutron	939.56536	13.01257997	99998.71415	0	0
proton	938.272013	8.453198741	99998.71415	0	0
neutron	939.56536	5.331232275	99998.71415	0	0
neutron	939.56536	4.688499038	99998.71415	0	0
proton	938.272013	2.520481965	99998.71415	0	0
Si30	27913.24182	1.176546395	99998.71415	0	0
neutron	939.56536	1.539161036	99998.92465	0	0
S34	31632.70018	0.3038408948	99998.92465	0	0
neutron	939.56536	0.2283933908	99998.74111	0	0
S34	31632.70018	0.1550298355	99998.74111	0	0
neutron	939.56536	3.387448897	99998.79165	0	0
S34	31632.70018	0.1070487462	99998.79165	0	0
neutron	939.56536	1.522207425	99998.7302	0	0
S36	33494.9558	0.2560811493	99998.7302	0	0
neutron	939.56536	15.82843045	99998.75878	0	0
proton	938.272013	5.377966461	99998.75878	0	0
proton	938.272013	4.97493132	99998.75878	0	0
neutron	939.56536	0.06717155845	99998.75878	0	0
Si33	30711.64254	0.8320911233	99998.75878	0	0
neutron	939.56536	0.9801550212	99998.75237	0	0
S34	31632.70018	0.2960509493	99998.75237	0	0
neutron	939.56536	7.736816776	99998.81604	0	0
neutron	939.56536	3.155144725	99998.81604	0	0
neutron	939.56536	3.041461765	99998.81604	0	0
Ne20	18617.73218	0.5249940869	99998.81604	0	0
neutron	939.56536	12.09314923	99998.71594	0	0
neutron	939.56536	10.82998901	99998.71594	0	0
neutron	939.56536	4.349306498	99998.71594	0	0
alpha	3727.379	4.849685418	99998.71594	0	0
O16	14895.08153	3.885855613	99998.71594	0	0
neutron	939.56536	0.2930581523	99998.71399	0	0
S36	33494.9558	0.1733178695	99998.71399	0	0
S35	32565.27968	0.1431732522	99998.74229	0	0
neutron	939.56536	4.132269616	99998.72795	0	0
S34	31632.70018	0.09436069967	99998.72795	0	0
neutron	939.56536	0.3582856571	99998.79247	0	0
S34	31632.70018	0.119070269	99998.79247	0	0
S37	34430.21755	0.1422770937	99998.73994	0	0
neutron	939.56536	1.231868364	99998.78109	0	0
S34	31632.70018	0.2038590476	99998.78109	0	0
Ne23	21414.10216	0.2303337029	99998.73521	0	0
neutron	939.56536	11.87487147	99998.68613	0	0
Ne22	20479.73746	0.8579094695	99998.68613	0	0
Ne23	21414.10216	0.2228233246	99998.83641	0	0
Ne23	21414.10216	0.2163844864	99998.72023	0	0
neutron	939.56536	5.897770054	99998.7463	0	0
neutron	939.56536	0.8042211757	99998.7463	0	0
S35	32565.27968	0.1546459048	99998.7463	0	0
neutron	939.56536	0.3423029481	99998.7954	0	0
S36	33494.9558	0.1679278906	99998.7954	0	0
Ne23	21414.10216	0.2231691825	99998.74845	0	0
neutron	939.56536	3.289322597	99998.76381	0	0
neutron	939.56536	2.962820469	99998.76381	0	0
neutron	939.56536	0.3173903142	99998.76381	0	0
alpha	3727.379	6.978094777	99998.76381	0	0
Si28	26053.19393	2.225530089	99998.76381	0	0
neutron	939.56536	4.619603002	99998.72782	0	0
neutron	939.56536	3.597830675	99998.72782	0	0
neutron	939.56536	2.009545886	99998.72782	0	0
neutron	939.56536	0.8057510174	99998.72782	0	0
neutron	939.56536	0.6808458659	99998.72782	0	0
S32	29773.62828	0.2172639718	99998.72782	0	0
S35	32565.27968	0.1642040355	99998.83046	0	0
neutron	939.56536	6.520579206	99998.71141	0	0
neutron	939.56536	5.674863342	99998.71141	0	0
neutron	939.56536	3.372549	99998.71141	0	0
neutron	939.56536	1.592525148	99998.71141	0	0
S33	30704.55199	0.2286681887	99998.71141	0	0
proton	938.272013	27.61115043	99998.73151	0	0
neutron	939.56536	1.549064643	99998.73151	0	0
P33	30705.30994	0.898046467	99998.73151	0	0
neutron	939.56536	0.8756415728	99998.73397	0	0
S36	33494.9558	0.238492753	99998.73397	0	0
S35	32565.27968	0.1576667313	99998.71892	0	0
neutron	939.56536	8.898290598	99998.64079	0	0
proton	938.272013	6.687503946	99998.64079	0	0
neutron	939.56536	5.111519151	99998.64079	0	0
neutron	939.56536	3.049290052	99998.64079	0	0
P31	28844.21869	1.68169182	99998.64079	0	0
neutron	939.56536	30.86374868	99998.75934	0	0
neutron	939.56536	16.36120263	99998.75934	0	0
neutron	939.56536	5.697656539	99998.75934	0	0
Ne20	18617.73218	1.670332482	99998.75934	0	0
neutron	939.56536	4.775312184	99998.71722	0	0
neutron	939.56536	4.501937287	99998.71722	0	0
neutron	939.56536	4.501112905	99998.71722	0	0
S32	29773.62828	0.2925940711	99998.71722	0	0
neutron	939.56536	24.82278643	99998.68762	0	0
neutron	939.56536	6.354807178	99998.68762	0	0
neutron	939.56536	4.531384222	99998.68762	0	0
neutron	939.56536	0.08208250757	99998.68762	0	0
S33	30704.55199	0.2172530166	99998.68762	0	0
S35	32565.27968	0.1654634675	99998.66154	0	0
neutron	939.56536	1.255484322	99998.70319	0	0
Ne22	20479.73746	0.123903316	99998.70319	0	0
Ne23	21414.10216	0.2183451726	99998.70424	0	0
neutron	939.56536	2.947737474	99998.74009	0	0
S34	31632.70018	0.3576322582	99998.74009	0	0
neutron	939.56536	36.22178556	99998.65965	0	0
proton	938.272013	4.909872159	99998.65965	0	0
neutron	939.56536	0.5136546741	99998.65965	0	0
neutron	939.56536	0.4093908639	99998.65965	0	0
P31	28844.21869	0.500438152	99998.65965	0	0
neutron	939.56536	3.17422171	99998.70127	0	0
Ne22	20479.73746	0.4849032611	99998.70127	0	0
S35	32565.27968	0.1640812394	99998.6922	0	0
neutron	939.56536	1.96622213	99998.7703	0	0
S34	31632.70018	0.2227129485	99998.7703	0	0
neutron	939.56536	1.541514886	99998.70559	0	0
S34	31632.70018	0.2109999263	99998.70559	0	0
neutron	939.56536	0.7595432346	99998.69352	0	0
Ne22	20479.73746	0.3052170014	99998.69352	0	0
Ne23	21414.10216	0.2277237242	99998.79321	0	0
neutron	939.56536	0.9122215142	99998.75544	0	0
S34	31632.70018	0.05854860871	99998.75544	0	0
neutron	939.56536	1.5382519	99998.75311	0	0
Ne22	20479.73746	0.1809221635	99998.75311	0	0
Ne23	21414.10216	0.2211272586	99998.6234	0	0
Ne23	21414.10216	0.2176688969	99998.80597	0	0
S35	32565.27968	0.1668610646	99998.75876	0	0
neutron	939.56536	0.2376728308	99998.74189	0	0
Ne22	20479.73746	0.1804871238	99998.74189	0	0
Ne23	21414.10216	0.2069023839	99998.75041	0	0
neutron	939.56536	17.97924223	99998.74919	0	0
neutron	939.56536	3.404618107	99998.74919	0	0
Ne21	19550.53637	0.9453675399	99998.74919	0	0
neutron	939.56536	1.980930257	99998.70152	0	0
S34	31632.70018	0.07995244264	99998.70152	0	0
proton	938.272013	18.1111892	99998.69107	0	0
neutron	939.56536	5.606316286	99998.69107	0	0
P35	32569.77755	0.3176299275	99998.69107	0	0
neutron	939.56536	0.1779067517	99998.82172	0	0
Ne22	20479.73746	0.1998607462	99998.82172	0	0
S35	32565.27968	0.1493939446	99998.69835	0	0
Ne23	21414.10216	0.2193082065	99998.77973	0	0
neutron	939.56536	6.073519822	99998.75921	0	0
neutron	939.56536	4.772277725	99998.75921	0	0
neutron	939.56536	3.245662748	99998.75921	0	0
S34	31632.70018	0.9039497045	99998.75921	0	0
neutron	939.56536	0.8241732937	99998.6733	0	0
S34	31632.70018	0.2322048161	99998.6733	0	0
neutron	939.56536	0.4102816566	99998.67391	0	0
S34	31632.70018	0.1933728191	99998.67391	0	0
S37	34430.21755	0.1374082675	99998.69012	0	0
neutron	939.56536	0.5796452045	99998.69015	0	0
Ne22	20479.73746	0.325835077	99998.69015	0	0
neutron	939.56536	0.2234522054	99998.76529	0	0
S36	33494.9558	0.08937000197	99998.76529	0	0
neutron	939.56536	12.47745835	99998.67629	0	0
neutron	939.56536	2.071422849	99998.67629	0	0
neutron	939.56536	1.12941518	99998.67629	0	0
Ne20	18617.73218	0.1487822209	99998.67629	0	0
neutron	939.56536	26.19256149	99998.72401	0	0
neutron	939.56536	4.859905497	99998.72401	0	0
neutron	939.56536	0.9817277834	99998.72401	0	0
alpha	3727.379	5.812728041	99998.72401	0	0
O16	14895.08153	6.271377092	99998.72401	0	0
proton	938.272013	28.35132285	99998.7354	0	0
proton	938.272013	6.839539244	99998.7354	0	0
neutron	939.56536	0.8493921963	99998.7354	0	0
neutron	939.56536	0.2842301319	99998.7354	0	0
O19	17697.63348	1.347673127	99998.7354	0	0
neutron	939.56536	29.90020806	99998.75858	0	0
neutron	939.56536	1.123276275	99998.75858	0	0
alpha	3727.379	5.768241199	99998.75858	0	0
O17	15830.5038	0.4905362426	99998.75858	0	0
neutron	939.56536	5.692204133	99998.74356	0	0
neutron	939.56536	0.7671123027	99998.74356	0	0
S33	30704.55199	0.5009398651	99998.74356	0	0
neutron	939.56536	2.907648306	99998.71063	0	0
Ne22	20479.73746	0.5227067434	99998.71063	0	0
S37	34430.21755	0.1282673895	99998.80954	0	0
neutron	939.56536	3.71428977	99998.70043	0	0
S34	31632.70018	0.3819320642	99998.70043	0	0
neutron	939.56536	0.6482781805	99998.76549	0	0
S34	31632.70018	0.1243533657	99998.76549	0	0
neutron	939.56536	0.8541458518	99998.68589	0	0
S36	33494.9558	0.1843682385	99998.68589	0	0
Ne23	21414.10216	0.2087136693	99998.64805	0	0
neutron	939.56536	25.43125343	99998.75884	0	0
proton	938.272013	11.11978118	99998.75884	0	0
neutron	939.56536	6.296343805	99998.75884	0	0
neutron	939.56536	3.349798204	99998.75884	0	0
proton	938.272013	2.126381855	99998.75884	0	0
Si30	27913.24182	1.24585285	99998.75884	0	0
S35	32565.27968	0.1553182819	99998.75952	0	0
neutron	939.56536	9.468016329	99998.79454	0	0
neutron	939.56536	3.845949607	99998.79454	0	0
neutron	939.56536	1.191499945	99998.79454	0	0
S34	31632.70018	0.117225918	99998.79454	0	0
neutron	939.56536	17.60428115	99998.70007	0	0
neutron	939.56536	12.91115375	99998.70007	0	0
neutron	939.56536	1.595221873	99998.70007	0	0
Ne20	18617.73218	1.970171535	99998.70007	0	0
S35	32565.27968	0.1497378114	99998.63731	0	0
neutron	939.56536	5.623932666	99998.72585	0	0
neutron	939.56536	4.68542663	99998.72585	0	0
neutron	939.56536	2.522135084	99998.72585	0	0
S34	31632.70018	0.1407856687	99998.72585	0	0
S35	32565.27968	0.1449276222	99998.85186	0	0
neutron	939.56536	18.50899239	99998.73505	0	0
proton	938.272013	5.065495734	99998.73505	0	0
neutron	939.56536	3.316699698	99998.73505	0	0
neutron	939.56536	2.56795436	99998.73505	0	0
P31	28844.21869	1.989992349	99998.73505	0	0
neutron	939.56536	0.3491197664	99998.70591	0	0
S34	31632.70018	0.1763860504	99998.70591	0	0
neutron	939.56536	1.614269248	99998.78418	0	0
S34	31632.70018	0.1349984947	99998.78418	0	0
neutron	939.56536	1.573011723	99998.71447	0	0
S34	31632.70018	0.2310311636	99998.71447	0	0
neutron	939.56536	1.47442472	99998.69881	0	0
Ne22	20479.73746	0.1268265834	99998.69881	0	0
Ne23	21414.10216	0.2145189552	99998.78969	0	0
neutron	939.56536	0.1992203644	99998.73702	0	0
Ne22	20479.73746	0.1589705073	99998.73702	0	0
neutron	939.56536	34.81374167	99998.73924	0	0
neutron	939.56536	18.19360723	99998.73924	0	0
neutron	939.56536	2.887588547	99998.73924	0	0
S32	29773.62828	0.5996107259	99998.73924	0	0
proton	938.272013	11.16614121	99998.7369	0	0
neutron	939.56536	8.62452502	99998.7369	0	0
P33	30705.30994	0.7408689358	99998.7369	0	0
Ne23	21414.10216	0.2135819714	99998.65754	0	0
Ne23	21414.10216	0.2234992899	99998.73723	0	0
Ne23	21414.10216	0.2277020577	99998.72407	0	0
Ne23	21414.10216	0.216968494	99998.78533	0	0
S35	32565.27968	0.159519745	99998.75076	0	0
neutron	939.56536	1.622823702	99998.73016	0	0
S34	31632.70018	0.2502825642	99998.73016	0	0
S35	32565.27968	0.1590471912	99998.69187	0	0
neutron	939.56536	9.619711177	99998.69907	0	0
neutron	939.56536	0.4275415592	99998.69907	0	0
S33	30704.55199	0.1848375747	99998.69907	0	0
neutron	939.56536	9.904530032	99998.68169	0	0
proton	938.272013	8.968358079	99998.68169	0	0
neutron	939.56536	5.379961909	99998.68169	0	0
neutron	939.56536	4.218926839	99998.68169	0	0
neutron	939.56536	1.957593725	99998.68169	0	0
F18	16763.16938	2.757517064	99998.68169	0	0
neutron	939.56536	8.701423604	99998.83922	0	0
neutron	939.56536	7.070099939	99998.83922	0	0
neutron	939.56536	1.450867378	99998.83922	0	0
alpha	3727.379	9.962303432	99998.83922	0	0
Si28	26053.19393	2.021450304	99998.83922	0	0
neutron	939.56536	1.801651373	99998.73716	0	0
S34	31632.70018	0.3258084491	99998.73716	0	0
neutron	939.56536	2.375973796	99998.76062	0	0
neutron	939.56536	1.682681986	99998.76062	0	0
S33	30704.55199	0.1929896556	99998.76062	0	0
S35	32565.27968	0.1492513145	99998.75658	0	0
proton	938.272013	20.53680602	99998.6666	0	0
neutron	939.56536	5.242448821	99998.6666	0	0
neutron	939.56536	0.9569705601	99998.6666	0	0
P32	29775.84838	0.2534802202	99998.6666	0	0
Ne23	21414.10216	0.2284752561	99998.74055	0	0
neutron	939.56536	0.05816717712	99998.66319	0	0
S34	31632.70018	0.1376399952	99998.66319	0	0
Ne23	21414.10216	0.202947172	99998.7259	0	0
neutron	939.56536	2.79972067	99998.80991	0	0
neutron	939.56536	0.008427619675	99998.80991	0	0
deuteron	1875.613	27.5533622	99998.80991	0	0
F19	17692.30285	2.690081786	99998.80991	0	0
neutron	939.56536	1.413660424	99998.75468	0	0
S34	31632.70018	0.1978049014	99998.75468	0	0
neutron	939.56536	29.08301091	99998.69233	0	0
neutron	939.56536	7.371692802	99998.69233	0	0
Ne21	19550.53637	0.7126938544	99998.69233	0	0
neutron	939.56536	12.08270479	99998.68777	0	0
proton	938.272013	9.161466357	99998.68777	0	0
neutron	939.56536	5.418471451	99998.68777	0	0
neutron	939.56536	2.152563349	99998.68777	0	0
P31	28844.21869	0.1233875476	99998.68777	0	0
proton	938.272013	20.22556669	99998.71518	0	0
neutron	939.56536	13.29232478	99998.71518	0	0
neutron	939.56536	0.6789930848	99998.71518	0	0
P32	29775.84838	0.2213064087	99998.71518	0	0
neutron	939.56536	0.8024061695	99998.74315	0	0
S34	31632.70018	0.08169785906	99998.74315	0	0
neutron	939.56536	3.868489849	99998.71376	0	0
neutron	939.56536	3.733336369	99998.71376	0	0
neutron	939.56536	1.393068421	99998.71376	0	0
neutron	939.56536	0.8038605546	99998.71376	0	0
S33	30704.55199	0.05710290418	99998.71376	0	0
proton	938.272013	7.06134795	99998.73503	0	0
neutron	939.56536	1.767801337	99998.73503	0	0
neutron	939.56536	1.650610852	99998.73503	0	0
P32	29775.84838	0.25458411	99998.73503	0	0
Ne23	21414.10216	0.2015839707	99998.78914	0	0
neutron	939.56536	0.6823444336	99998.73196	0	0
Ne22	20479.73746	0.1895343659	99998.73196	0	0
neutron	939.56536	21.73301088	99998.81625	0	0
neutron	939.56536	3.088068083	99998.81625	0	0
neutron	939.56536	0.8500777986	99998.81625	0	0
S34	31632.70018	1.047481642	99998.81625	0	0
S37	34430.21755	0.1432854831	99998.68598	0	0
neutron	939.56536	1.69026766	99998.71751	0	0
neutron	939.56536	1.200170715	99998.71751	0	0
neutron	939.56536	0.7553508033	99998.71751	0	0
S32	29773.62828	0.1791500087	99998.71751	0	0
neutron	939.56536	2.417116177	99998.7856	0	0
S34	31632.70018	0.09961159298	99998.7856	0	0
proton	938.272013	6.989079742	99998.75127	0	0
neutron	939.56536	3.314044752	99998.75127	0	0
neutron	939.56536	1.242712636	99998.75127	0	0
neutron	939.56536	1.021311154	99998.75127	0	0
P31	28844.21869	0.4879719126	99998.75127	0	0
proton	938.272013	12.20354149	99998.75638	0	0
neutron	939.56536	4.179633243	99998.75638	0	0
neutron	939.56536	0.5455969364	99998.75638	0	0
F20	18625.26686	1.111083156	99998.75638	0	0
neutron	939.56536	33.66490128	99998.76787	0	0
neutron	939.56536	7.760427523	99998.76787	0	0
neutron	939.56536	2.842261277	99998.76787	0	0
Ne20	18617.73218	0.8968592376	99998.76787	0	0
S35	32565.27968	0.1553900079	99998.68396	0	0
neutron	939.56536	12.23562908	99998.70654	0	0
neutron	939.56536	2.515118926	99998.70654	0	0
neutron	939.56536	0.4297708171	99998.70654	0	0
S32	29773.62828	0.1870769016	99998.70654	0	0
S35	32565.27968	0.1631042258	99998.71252	0	0
S35	32565.27968	0.1464210747	99998.72538	0	0
proton	938.272013	11.33328568	99998.88755	0	0
neutron	939.56536	0.6545528983	99998.88755	0	0
P33	30705.30994	0.4810106987	99998.88755	0	0
neutron	939.56536	10.3254004	99998.63596	0	0
neutron	939.56536	1.828637252	99998.63596	0	0
neutron	939.56536	1.341836942	99998.63596	0	0
alpha	3727.379	15.75562545	99998.63596	0	0
O16	14895.08153	3.744711885	99998.63596	0	0
neutron	939.56536	2.303527875	99998.75147	0	0
S34	31632.70018	0.18090914	99998.75147	0	0
neutron	939.56536	3.782928151	99998.7698	0	0
S36	33494.9558	0.1741296141	99998.7698	0	0
neutron	939.56536	2.23817359	99998.73065	0	0
S36	33494.9558	0.02540182928	99998.73065	0	0
neutron	939.56536	1.042768136	99998.77439	0	0
S34	31632.70018	0.193109683	99998.77439	0	0
neutron	939.56536	0.5670722007	99998.76281	0	0
S34	31632.70018	0.1454959452	99998.76281	0	0
proton	938.272013	7.476751786	99998.72813	0	0
neutron	939.56536	7.358716878	99998.72813	0	0
neutron	939.56536	4.096089084	99998.72813	0	0
neutron	939.56536	1.555019663	99998.72813	0	0
F19	17692.30285	0.6243605185	99998.72813	0	0
neutron	939.56536	1.907687461	99998.83312	0	0
neutron	939.56536	0.7513313146	99998.83312	0	0
Ne21	19550.53637	0.5161964265	99998.83312	0	0
Ne23	21414.10216	0.2288530853	99998.75572	0	0
neutron	939.56536	0.7946148916	99998.74328	0	0
S34	31632.70018	0.2615601278	99998.74328	0	0
neutron	939.56536	1.146533007	99998.78153	0	0
S34	31632.70018	0.2852575254	99998.78153	0	0
neutron	939.56536	2.579863586	99998.68871	0	0
neutron	939.56536	1.78533398	99998.68871	0	0
Ne21	19550.53637	0.3962123758	99998.68871	0	0
S35	32565.27968	0.1585889302	99998.75834	0	0
Ne23	21414.10216	0.227789737	99998.7776	0	0
proton	938.272013	16.15778559	99998.72319	0	0
neutron	939.56536	9.526663213	99998.72319	0	0
neutron	939.56536	0.5408459719	99998.72319	0	0
P34	31638.59261	0.2082761671	99998.72319	0	0
S35	32565.27968	0.1565702591	99998.71438	0	0
neutron	939.56536	3.620730296	99998.61369	0	0
neutron	939.56536	3.458471129	99998.61369	0	0
neutron	939.56536	2.883577215	99998.61369	0	0
alpha	3727.379	6.875773096	99998.61369	0	0
Si30	27913.24182	1.216221128	99998.61369	0	0
neutron	939.56536	0.282827686	99998.76232	0	0
S34	31632.70018	0.1911742397	99998.76232	0	0
neutron	939.56536	0.7765535714	99998.73026	0	0
S34	31632.70018	0.1593644656	99998.73026	0	0
neutron	939.56536	2.58896575	99998.6692	0	0
neutron	939.56536	1.265534829	99998.6692	0	0
S35	32565.27968	0.378921086	99998.6692	0	0
neutron	939.56536	4.685709591	99998.69287	0	0
neutron	939.56536	1.183467328	99998.69287	0	0
neutron	939.56536	0.2820861096	99998.69287	0	0
S32	29773.62828	0.3895046432	99998.69287	0	0
proton	938.272013	18.40611567	99998.72301	0	0
neutron	939.56536	2.106133577	99998.72301	0	0
neutron	939.56536	2.018348901	99998.72301	0	0
neutron	939.56536	0.3703657505	99998.72301	0	0
P33	30705.30994	0.4457324384	99998.72301	0	0
proton	938.272013	6.65294235	99998.7399	0	0
neutron	939.56536	6.641103888	99998.7399	0	0
neutron	939.56536	4.887419382	99998.7399	0	0
proton	938.272013	4.142496542	99998.7399	0	0
neutron	939.56536	2.979821672	99998.7399	0	0
proton	938.272013	2.352024831	99998.7399	0	0
Al29	26988.4858	0.8398016657	99998.7399	0	0
neutron	939.56536	9.930821118	99998.8063	0	0
neutron	939.56536	8.551925269	99998.8063	0	0
neutron	939.56536	3.932921108	99998.8063	0	0
neutron	939.56536	0.8411329719	99998.8063	0	0
neutron	939.56536	0.141212306	99998.8063	0	0
S32	29773.62828	0.1982157776	99998.8063	0	0
neutron	939.56536	3.050422648	99998.62979	0	0
neutron	939.56536	0.8874540697	99998.62979	0	0
Ne21	19550.53637	0.07010460804	99998.62979	0	0
neutron	939.56536	28.02968344	99998.85084	0	0
neutron	939.56536	11.39877372	99998.85084	0	0
neutron	939.56536	0.8129161252	99998.85084	0	0
S32	29773.62828	0.9935148005	99998.85084	0	0
neutron	939.56536	3.640990374	99998.7049	0	0
neutron	939.56536	0.7218178509	99998.7049	0	0
S33	30704.55199	0.3239960511	99998.7049	0	0
neutron	939.56536	0.3450305656	99998.67544	0	0
Ne22	20479.73746	0.330523329	99998.67544	0	0
Ne23	21414.10216	0.2078943514	99998.74278	0	0
neutron	939.56536	28.31183361	99998.79651	0	0
neutron	939.56536	4.489408807	99998.79651	0	0
neutron	939.56536	3.949415818	99998.79651	0	0
alpha	3727.379	3.149013132	99998.79651	0	0
O16	14895.08153	2.769248179	99998.79651	0	0
S35	32565.27968	0.1639135457	99998.79209	0	0
Ne23	21414.10216	0.2323547888	99998.71706	0	0
neutron	939.56536	1.524895921	99998.72447	0	0
S34	31632.70018	0.2817565308	99998.72447	0	0
proton	938.272013	8.24582085	99998.73368	0	0
neutron	939.56536	2.491742326	99998.73368	0	0
neutron	939.56536	0.2287863251	99998.73368	0	0
P34	31638.59261	0.3998581573	99998.73368	0	0
neutron	939.56536	1.086855651	99998.82502	0	0
S34	31632.70018	0.1642368081	99998.82502	0	0
neutron	939.56536	0.5908692987	99998.82671	0	0
S34	31632.70018	0.1006061749	99998.82671	0	0
neutron	939.56536	4.726378806	99998.83396	0	0
Ne22	20479.73746	0.319334708	99998.83396	0	0
neutron	939.56536	0.3666080903	99998.74008	0	0
Ne22	20479.73746	0.1104244041	99998.74008	0	0
neutron	939.56536	0.5321909524	99998.78642	0	0
S34	31632.70018	0.08045225548	99998.78642	0	0
neutron	939.56536	11.02158161	99998.68857	0	0
neutron	939.56536	8.979770989	99998.68857	0	0
neutron	939.56536	2.491526082	99998.68857	0	0
alpha	3727.379	5.186396712	99998.68857	0	0
O16	14895.08153	1.612897125	99998.68857	0	0
proton	938.272013	19.70740715	99998.78819	0	0
neutron	939.56536	5.222601707	99998.78819	0	0
neutron	939.56536	3.46112939	99998.78819	0	0
triton	2808.921	2.697982464	99998.78819	0	0
Si29	26984.28567	1.640233895	99998.78819	0	0
Ne23	21414.10216	0.2341141021	99998.6001	0	0
proton	938.272013	38.80581711	99998.77682	0	0
neutron	939.56536	2.346488951	99998.77682	0	0
neutron	939.56536	0.7793329186	99998.77682	0	0
P32	29775.84838	1.091820435	99998.77682	0	0
neutron	939.56536	0.818167541	99998.69339	0	0
S36	33494.9558	0.04725336404	99998.69339	0	0
proton	938.272013	8.056607533	99998.77238	0	0
neutron	939.56536	6.361495509	99998.77238	0	0
neutron	939.56536	4.828323415	99998.77238	0	0
neutron	939.56536	2.533181018	99998.77238	0	0
neutron	939.56536	0.6217483011	99998.77238	0	0
P32	29775.84838	1.075808347	99998.77238	0	0
neutron	939.56536	3.528750279	99998.72952	0	0
Ne22	20479.73746	0.399925046	99998.72952	0	0
Ne23	21414.10216	0.2215374695	99998.71996	0	0
neutron	939.56536	5.406650722	99998.77844	0	0
proton	938.272013	3.761691508	99998.77844	0	0
proton	938.272013	2.978720971	99998.77844	0	0
neutron	939.56536	0.4321394657	99998.77844	0	0
Si31	28846.21977	0.3891772648	99998.77844	0	0
proton	938.272013	27.79364798	99998.70656	0	0
neutron	939.56536	1.257816118	99998.70656	0	0
neutron	939.56536	0.6176072173	99998.70656	0	0
P34	31638.59261	0.8650231144	99998.70656	0	0
neutron	939.56536	2.6710426	99998.72677	0	0
S36	33494.9558	0.06385238663	99998.72677	0	0
Ne23	21414.10216	0.2205963624	99998.74285	0	0
neutron	939.56536	3.738921474	99998.78458	0	0
neutron	939.56536	2.077647296	99998.78458	0	0
alpha	3727.379	8.799972353	99998.78458	0	0
Si29	26984.28567	1.63778591	99998.78458	0	0
neutron	939.56536	10.67375321	99998.69256	0	0
neutron	939.56536	5.473926024	99998.69256	0	0
neutron	939.56536	3.232249819	99998.69256	0	0
neutron	939.56536	1.37073654	99998.69256	0	0
neutron	939.56536	1.353851942	99998.69256	0	0
S32	29773.62828	0.5629222302	99998.69256	0	0
S35	32565.27968	0.1553683461	99998.78396	0	0
neutron	939.56536	9.696756356	99998.80109	0	0
proton	938.272013	8.25271796	99998.80109	0	0
proton	938.272013	4.274824363	99998.80109	0	0
neutron	939.56536	3.06805313	99998.80109	0	0
neutron	939.56536	2.296709324	99998.80109	0	0
Si30	27913.24182	0.5114916231	99998.80109	0	0
neutron	939.56536	1.063458516	99998.73946	0	0
S34	31632.70018	0.1604760332	99998.73946	0	0
Ne23	21414.10216	0.2343754773	99998.69507	0	0
proton	938.272013	2.338024595	99998.73245	0	0
neutron	939.56536	0.8403688502	99998.73245	0	0
P33	30705.30994	0.182956514	99998.73245	0	0
neutron	939.56536	0.641508452	99998.80701	0	0
Ne22	20479.73746	0.1874570816	99998.80701	0	0
neutron	939.56536	0.7365003048	99998.72327	0	0
S34	31632.70018	0.09601084131	99998.72327	0	0
S35	32565.27968	0.1588364414	99998.79498	0	0
S35	32565.27968	0.1493587165	99998.69659	0	0
neutron	939.56536	6.175438851	99998.70963	0	0
neutron	939.56536	1.766897146	99998.70963	0	0
neutron	939.56536	1.295550231	99998.70963	0	0
S32	29773.62828	0.4813011958	99998.70963	0	0
neutron	939.56536	6.374169866	99998.7536	0	0
neutron	939.56536	5.587803989	99998.7536	0	0
proton	938.272013	3.651161259	99998.7536	0	0
neutron	939.56536	3.288265965	99998.7536	0	0
neutron	939.56536	2.361997982	99998.7536	0	0
neutron	939.56536	1.929860976	99998.7536	0	0
P31	28844.21869	0.7980285984	99998.7536	0	0
neutron	939.56536	0.2176308107	99998.71598	0	0
S34	31632.70018	0.1941374789	99998.71598	0	0
neutron	939.56536	22.7875416	99998.76311	0	0
neutron	939.56536	5.683657692	99998.76311	0	0
neutron	939.56536	2.155666032	99998.76311	0	0
S32	29773.62828	1.676339025	99998.76311	0	0
neutron	939.56536	0.990434059	99998.65001	0	0
S36	33494.9558	0.2548248063	99998.65001	0	0
neutron	939.56536	1.916150811	99998.62541	0	0
neutron	939.56536	1.62930107	99998.62541	0	0
neutron	939.56536	0.8705181088	99998.62541	0	0
S34	31632.70018	0.01316172484	99998.62541	0	0
neutron	939.56536	0.5548427246	99998.68593	0	0
S34	31632.70018	0.09241424897	99998.68593	0	0
neutron	939.56536	6.91903561	99998.75622	0	0
neutron	939.56536	6.128785485	99998.75622	0	0
proton	938.272013	4.076387161	99998.75622	0	0
neutron	939.56536	3.757864085	99998.75622	0	0
proton	938.272013	2.814580304	99998.75622	0	0
Si30	27913.24182	0.6780617793	99998.75622	0	0
neutron	939.56536	0.7094337679	99998.64311	0	0
S36	33494.9558	0.2116679173	99998.64311	0	0
neutron	939.56536	5.536150462	99998.77401	0	0
S36	33494.9558	0.3893349614	99998.77401	0	0
neutron	939.56536	1.399643623	99998.80606	0	0
neutron	939.56536	1.141752874	99998.80606	0	0
S33	30704.55199	0.4314672027	99998.80606	0	0
Ne23	21414.10216	0.2083984696	99998.75208	0	0
neutron	939.56536	2.047759058	99998.78964	0	0
S34	31632.70018	0.3526463375	99998.78964	0	0
Ne23	21414.10216	0.2338883078	99998.78231	0	0
S35	32565.27968	0.1459700035	99998.75051	0	0
neutron	939.56536	7.659356339	99998.71311	0	0
neutron	939.56536	3.140174078	99998.71311	0	0
neutron	939.56536	1.733425363	99998.71311	0	0
alpha	3727.379	11.57547995	99998.71311	0	0
Si28	26053.19393	2.750655093	99998.71311	0	0
neutron	939.56536	0.5750788962	99998.77704	0	0
Ne22	20479.73746	0.3246459815	99998.77704	0	0
S37	34430.21755	0.1393066841	99998.6942	0	0
neutron	939.56536	9.876238418	99998.72277	0	0
proton	938.272013	3.114931827	99998.72277	0	0
proton	938.272013	2.263163953	99998.72277	0	0
Si32	29776.58515	0.523832972	99998.72277	0	0
Ne23	21414.10216	0.223666693	99998.71064	0	0
neutron	939.56536	0.06523895694	99998.76541	0	0
Ne22	20479.73746	0.244688531	99998.76541	0	0
neutron	939.56536	0.3252800699	99998.7864	0	0
Ne22	20479.73746	0.195197412	99998.7864	0	0
neutron	939.56536	2.644887554	99998.66555	0	0
S34	31632.70018	0.09916981908	99998.66555	0	0
neutron	939.56536	8.292216343	99998.76367	0	0
neutron	939.56536	6.851733871	99998.76367	0	0
neutron	939.56536	2.83026691	99998.76367	0	0
S34	31632.70018	0.8448694904	99998.76367	0	0
neutron	939.56536	0.4190329377	99998.73286	0	0
S34	31632.70018	0.2017566275	99998.73286	0	0
neutron	939.56536	1.227622281	99998.67165	0	0
Ne22	20479.73746	0.09584290978	99998.67165	0	0
neutron	939.56536	6.349487886	99998.7485	0	0
Ne22	20479.73746	0.3322799012	99998.7485	0	0
neutron	939.56536	2.700151673	99998.75367	0	0
S34	31632.70018	0.07891103322	99998.75367	0	0
S35	32565.27968	0.1659350611	99998.68164	0	0
neutron	939.56536	0.2225210206	99998.83464	0	0
S36	33494.9558	0.1920923905	99998.83464	0	0
neutron	939.56536	19.31231371	99998.70889	0	0
neutron	939.56536	5.649186388	99998.70889	0	0
neutron	939.56536	2.410936903	99998.70889	0	0
S34	31632.70018	0.4827497102	99998.70889	0	0
proton	938.272013	49.29082648	99998.80047	0	0
neutron	939.56536	9.269924084	99998.80047	0	0
neutron	939.56536	1.88193328	99998.80047	0	0
neutron	939.56536	0.5504915051	99998.80047	0	0
P31	28844.21869	0.6060651988	99998.80047	0	0
neutron	939.56536	0.8360509542	99998.72591	0	0
S34	31632.70018	0.1243921032	99998.72591	0	0
neutron	939.56536	2.214616466	99998.67417	0	0
Ne22	20479.73746	0.3070767241	99998.67417	0	0
Ne23	21414.10216	0.2296686644	99998.69684	0	0
neutron	939.56536	30.9015943	99998.73933	0	0
neutron	939.56536	6.697899036	99998.73933	0	0
neutron	939.56536	2.388946175	99998.73933	0	0
Ne20	18617.73218	1.815012432	99998.73933	0	0
Ne23	21414.10216	0.2227436322	99998.8198	0	0
neutron	939.56536	6.909912578	99998.72345	0	0
neutron	939.56536	4.419504687	99998.72345	0	0
neutron	939.56536	4.070935323	99998.72345	0	0
proton	938.272013	2.74886777	99998.72345	0	0
P31	28844.21869	0.1315070424	99998.72345	0	0
neutron	939.56536	7.46606862	99998.73628	0	0
neutron	939.56536	0.9447561517	99998.73628	0	0
Ne21	19550.53637	0.1721091597	99998.73628	0	0
neutron	939.56536	2.075664355	99998.92135	0	0
neutron	939.56536	1.178673613	99998.92135	0	0
neutron	939.56536	0.8606864433	99998.92135	0	0
Ne20	18617.73218	0.410406714	99998.92135	0	0
neutron	939.56536	1.905913542	99998.80187	0	0
S36	33494.9558	0.04211083675	99998.80187	0	0
neutron	939.56536	1.4018518	99998.81356	0	0
S34	31632.70018	0.1306872711	99998.81356	0	0
neutron	939.56536	10.62804946	99998.69839	0	0
neutron	939.56536	5.610728966	99998.69839	0	0
neutron	939.56536	4.711798056	99998.69839	0	0
proton	938.272013	4.336408335	99998.69839	0	0
P31	28844.21869	0.3419752616	99998.69839	0	0
proton	938.272013	8.155689173	99998.78101	0	0
neutron	939.56536	7.402482555	99998.78101	0	0
proton	938.272013	5.747026238	99998.78101	0	0
neutron	939.56536	4.378228945	99998.78101	0	0
neutron	939.56536	0.5912612142	99998.78101	0	0
Si30	27913.24182	1.623330307	99998.78101	0	0
Ne23	21414.10216	0.2297125549	99998.76202	0	0
neutron	939.56536	11.45800833	99998.66513	0	0
neutron	939.56536	5.020374759	99998.66513	0	0
neutron	939.56536	1.81316564	99998.66513	0	0
S32	29773.62828	0.1362998761	99998.66513	0	0
Ne23	21414.10216	0.2136311525	99998.84298	0	0
neutron	939.56536	12.77632438	99998.72375	0	0
neutron	939.56536	12.74949074	99998.72375	0	0
neutron	939.56536	4.982699121	99998.72375	0	0
neutron	939.56536	4.161176947	99998.72375	0	0
Ne19	17695.03214	1.178086676	99998.72375	0	0
neutron	939.56536	0.5330077151	99998.72816	0	0
S34	31632.70018	0.1447967241	99998.72816	0	0
neutron	939.56536	9.239905919	99998.75228	0	0
neutron	939.56536	2.095402296	99998.75228	0	0
S33	30704.55199	0.3513388544	99998.75228	0	0
proton	938.272013	9.240278143	99998.7213	0	0
proton	938.272013	7.008744931	99998.7213	0	0
neutron	939.56536	4.647999906	99998.7213	0	0
neutron	939.56536	1.811834554	99998.7213	0	0
Si31	28846.21977	0.4870760293	99998.7213	0	0
neutron	939.56536	0.1766403001	99998.70526	0	0
Ne22	20479.73746	0.2803244442	99998.70526	0	0
neutron	939.56536	0.7724499834	99998.72718	0	0
Ne22	20479.73746	0.3761332863	99998.72718	0	0
neutron	939.56536	10.37251858	99998.80767	0	0
neutron	939.56536	7.153519275	99998.80767	0	0
neutron	939.56536	1.840430335	99998.80767	0	0
Ne20	18617.73218	0.3327463978	99998.80767	0	0
Ne23	21414.10216	0.2296579592	99998.75721	0	0
proton	938.272013	30.62705964	99998.76386	0	0
neutron	939.56536	21.74575858	99998.76386	0	0
neutron	939.56536	0.6681236354	99998.76386	0	0
P32	29775.84838	0.2464137587	99998.76386	0	0
S35	32565.27968	0.1362906505	99998.65807	0	0
neutron	939.56536	9.720662351	99998.75529	0	0
neutron	939.56536	3.021817603	99998.75529	0	0
Ne21	19550.53637	0.5561747253	99998.75529	0	0
Ne23	21414.10216	0.2187141187	99998.70796	0	0
neutron	939.56536	5.719234267	99998.71948	0	0
neutron	939.56536	0.2848333773	99998.71948	0	0
S33	30704.55199	0.4066744103	99998.71948	0	0
proton	938.272013	24.58143935	99998.74847	0	0
neutron	939.56536	23.28686518	99998.74847	0	0
F21	19556.73074	0.06792242452	99998.74847	0	0
Ne23	21414.10216	0.2274117488	99998.73152	0	0
S35	32565.27968	0.1337322436	99998.72438	0	0
neutron	939.56536	2.250119315	99998.65591	0	0
S34	31632.70018	0.2725014291	99998.65591	0	0
neutron	939.56536	4.934950994	99998.66235	0	0
neutron	939.56536	2.748993465	99998.66235	0	0
neutron	939.56536	0.3382001341	99998.66235	0	0
Ne20	18617.73218	1.25421478	99998.66235	0	0
proton	938.272013	10.91189639	99998.70218	0	0
neutron	939.56536	0.9240209007	99998.70218	0	0
neutron	939.56536	0.8061285906	99998.70218	0	0
neutron	939.56536	0.4316865535	99998.70218	0	0
P33	30705.30994	0.3911923293	99998.70218	0	0
neutron	939.56536	0.2425819857	99998.76869	0	0
S34	31632.70018	0.1246615747	99998.76869	0	0
neutron	939.56536	0.8240466212	99998.77689	0	0
Ne22	20479.73746	0.3624351301	99998.77689	0	0
neutron	939.56536	7.608682098	99998.70328	0	0
proton	938.272013	3.716543719	99998.70328	0	0
neutron	939.56536	1.033208693	99998.70328	0	0
F20	18625.26686	1.097851988	99998.70328	0	0
neutron	939.56536	0.8908494137	99998.78372	0	0
Ne22	20479.73746	0.1083239654	99998.78372	0	0
neutron	939.56536	14.98211997	99998.74466	0	0
neutron	939.56536	5.716494554	99998.74466	0	0
neutron	939.56536	1.186858432	99998.74466	0	0
Ne20	18617.73218	0.4782564175	99998.74466	0	0
S35	32565.27968	0.1520562002	99998.76901	0	0
S35	32565.27968	0.1634221122	99998.68434	0	0
neutron	939.56536	1.279532523	99998.72978	0	0
S34	31632.70018	0.1770529585	99998.72978	0	0
Ne23	21414.10216	0.2290773815	99998.73172	0	0
S35	32565.27968	0.1395782374	99998.77197	0	0
proton	938.272013	12.35542684	99998.6982	0	0
neutron	939.56536	7.505903422	99998.6982	0	0
neutron	939.56536	2.116987731	99998.6982	0	0
neutron	939.56536	1.193847162	99998.6982	0	0
P31	28844.21869	0.9404734305	99998.6982	0	0
neutron	939.56536	1.490518831	99998.74775	0	0
S34	31632.70018	0.2193443367	99998.74775	0	0
Ne23	21414.10216	0.2118693501	99998.81213	0	0
neutron	939.56536	5.876729716	99998.7729	0	0
neutron	939.56536	0.1888839278	99998.7729	0	0
alpha	3727.379	8.139392953	99998.7729	0	0
Si29	26984.28567	1.672193773	99998.7729	0	0
neutron	939.56536	0.008323449697	99998.78922	0	0
S34	31632.70018	0.1570245966	99998.78922	0	0
neutron	939.56536	0.1886151525	99998.75732	0	0
Ne22	20479.73746	0.2374491298	99998.75732	0	0
S35	32565.27968	0.1521059508	99998.79216	0	0
Ne23	21414.10216	0.2240036947	99998.79401	0	0
S35	32565.27968	0.1417712691	99998.82035	0	0
neutron	939.56536	0.7553412153	99998.68445	0	0
Ne22	20479.73746	0.3353366723	99998.68445	0	0
neutron	939.56536	3.980392902	99998.66742	0	0
neutron	939.56536	0.2202985178	99998.66742	0	0
S33	30704.55199	0.3727063742	99998.66742	0	0
neutron	939.56536	0.9995628205	99998.82074	0	0
Ne22	20479.73746	0.2645193759	99998.82074	0	0
neutron	939.56536	2.288015688	99998.75812	0	0
Ne22	20479.73746	0.191959518	99998.75812	0	0
S37	34430.21755	0.1424415829	99998.75299	0	0
neutron	939.56536	34.25351559	99998.86745	0	0
neutron	939.56536	5.728536762	99998.86745	0	0
Ne21	19550.53637	0.7012630043	99998.86745	0	0
neutron	939.56536	30.44747165	99998.8219	0	0
proton	938.272013	19.04518385	99998.8219	0	0
neutron	939.56536	0.4063175391	99998.8219	0	0
P32	29775.84838	0.5587389775	99998.8219	0	0
proton	938.272013	6.98090503	99998.69391	0	0
neutron	939.56536	4.234575365	99998.69391	0	0
F21	19556.73074	0.3051121757	99998.69391	0	0
neutron	939.56536	0.8225345972	99998.70685	0	0
S34	31632.70018	0.1043452259	99998.70685	0	0
proton	938.272013	12.59371245	99998.74617	0	0
neutron	939.56536	8.49873441	99998.74617	0	0
alpha	3727.379	5.765044664	99998.74617	0	0
N17	15839.69307	3.04596362	99998.74617	0	0
neutron	939.56536	1.858087688	99998.73975	0	0
S34	31632.70018	0.1241550502	99998.73975	0	0
S35	32565.27968	0.1645265013	99998.75026	0	0
neutron	939.56536	0.4976705148	99998.70564	0	0
S34	31632.70018	0.169498186	99998.70564	0	0
neutron	939.56536	1.311242556	99998.63022	0	0
S34	31632.70018	0.1829922265	99998.63022	0	0
S35	32565.27968	0.1501677993	99998.8445	0	0
neutron	939.56536	0.2700482569	99998.73094	0	0
S34	31632.70018	0.1973998036	99998.73094	0	0
S35	32565.27968	0.1517344145	99998.71656	0	0
neutron	939.56536	0.6886497619	99998.79005	0	0
S34	31632.70018	0.09145481841	99998.79005	0	0
neutron	939.56536	31.35413296	99998.7779	0	0
proton	938.272013	6.968483985	99998.7779	0	0
neutron	939.56536	2.715838473	99998.7779	0	0
F20	18625.26686	1.721918606	99998.7779	0	0
neutron	939.56536	41.72859165	99998.78684	0	0
neutron	939.56536	0.085724557	99998.78684	0	0
alpha	3727.379	11.47913627	99998.78684	0	0
O17	15830.5038	0.1581050271	99998.78684	0	0
neutron	939.56536	0.03597103672	99998.76883	0	0
S34	31632.70018	0.1729813369	99998.76883	0	0
Ne23	21414.10216	0.2209036904	99998.77366	0	0
neutron	939.56536	23.26661154	99998.74754	0	0
neutron	939.56536	5.486318209	99998.74754	0	0
neutron	939.56536	0.4370700193	99998.74754	0	0
alpha	3727.379	6.837232291	99998.74754	0	0
Si28	26053.19393	2.305010908	99998.74754	0	0
neutron	939.56536	1.864430333	99998.75774	0	0
S36	33494.9558	0.2343556912	99998.75774	0	0
neutron	939.56536	1.760551617	99998.74996	0	0
S34	31632.70018	0.2020436744	99998.74996	0	0
S35	32565.27968	0.1657422225	99998.66369	0	0
neutron	939.56536	12.92203661	99998.7813	0	0
neutron	939.56536	5.82629483	99998.7813	0	0
neutron	939.56536	3.961838216	99998.7813	0	0
neutron	939.56536	2.749042531	99998.7813	0	0
neutron	939.56536	1.437558683	99998.7813	0	0
alpha	3727.379	8.082783277	99998.7813	0	0
Si28	26053.19393	0.7443229185	99998.7813	0	0
neutron	939.56536	0.9447701519	99998.7122	0	0
S34	31632.70018	0.09520667263	99998.7122	0	0
neutron	939.56536	1.470197964	99998.7354	0	0
neutron	939.56536	0.696637488	99998.7354	0	0
Ne21	19550.53637	0.128582473	99998.7354	0	0
S37	34430.21755	0.1334938621	99998.64632	0	0
neutron	939.56536	6.727660504	99998.71213	0	0
proton	938.272013	6.481941858	99998.71213	0	0
neutron	939.56536	2.174745372	99998.71213	0	0
neutron	939.56536	2.142702018	99998.71213	0	0
neutron	939.56536	1.430073723	99998.71213	0	0
P32	29775.84838	0.7788520034	99998.71213	0	0
neutron	939.56536	0.09344409004	99998.6986	0	0
S34	31632.70018	0.1872702706	99998.6986	0	0
S35	32565.27968	0.1534237048	99998.80617	0	0
neutron	939.56536	5.084501142	99998.72293	0	0
neutron	939.56536	1.257268527	99998.72293	0	0
Ne21	19550.53637	0.3000887859	99998.72293	0	0
neutron	939.56536	0.4471440846	99998.78722	0	0
S34	31632.70018	0.130502891	99998.78722	0	0
neutron	939.56536	41.95567879	99998.73306	0	0
neutron	939.56536	3.223200993	99998.73306	0	0
Ne21	19550.53637	2.195519269	99998.73306	0	0
S35	32565.27968	0.1421066319	99998.7569	0	0
neutron	939.56536	3.538037774	99998.83532	0	0
Ne22	20479.73746	0.5055908507	99998.83532	0	0
neutron	939.56536	1.71797974	99998.6881	0	0
S36	33494.9558	0.3165014463	99998.6881	0	0
Ne23	21414.10216	0.22442274	99998.72488	0	0
neutron	939.56536	0.4001650531	99998.65853	0	0
S34	31632.70018	0.09349097292	99998.65853	0	0
neutron	939.56536	6.15389439	99998.82424	0	0
proton	938.272013	1.756107197	99998.82424	0	0
proton	938.272013	1.601599105	99998.82424	0	0
O20	18629.59082	0.9798248547	99998.82424	0	0
S35	32565.27968	0.1456533944	99998.7293	0	0
proton	938.272013	11.80027036	99998.72231	0	0
neutron	939.56536	6.556173625	99998.72231	0	0
neutron	939.56536	4.430718678	99998.72231	0	0
neutron	939.56536	3.163880006	99998.72231	0	0
P33	30705.30994	0.1049818745	99998.72231	0	0
neutron	939.56536	1.217850643	99998.75338	0	0
Ne22	20479.73746	0.2928831261	99998.75338	0	0
neutron	939.56536	2.218571876	99998.80688	0	0
Ne22	20479.73746	0.3603186686	99998.80688	0	0
proton	938.272013	5.7184603	99998.68019	0	0
neutron	939.56536	4.233672231	99998.68019	0	0
neutron	939.56536	1.30234897	99998.68019	0	0
neutron	939.56536	0.9802610977	99998.68019	0	0
P31	28844.21869	0.5011484337	99998.68019	0	0
neutron	939.56536	0.4871223305	99998.86099	0	0
S36	33494.9558	0.1211647286	99998.86099	0	0
neutron	939.56536	0.03548221918	99998.82835	0	0
S34	31632.70018	0.1385714987	99998.82835	0	0
neutron	939.56536	12.37826672	99998.72621	0	0
proton	938.272013	6.534957007	99998.72621	0	0
neutron	939.56536	5.105239598	99998.72621	0	0
proton	938.272013	2.965272619	99998.72621	0	0
neutron	939.56536	1.921981922	99998.72621	0	0
Si30	27913.24182	0.6745179669	99998.72621	0	0
neutron	939.56536	1.026244843	99998.72852	0	0
S34	31632.70018	0.08798770384	99998.72852	0	0
proton	938.272013	27.46492394	99998.76282	0	0
neutron	939.56536	2.210808378	99998.76282	0	0
neutron	939.56536	1.492694138	99998.76282	0	0
F20	18625.26686	1.851460984	99998.76282	0	0
neutron	939.56536	0.1988038863	99998.71164	0	0
Ne22	20479.73746	0.2482583773	99998.71164	0	0
Ne23	21414.10216	0.2324507416	99998.76061	0	0
proton	938.272013	7.685251312	99998.78119	0	0
neutron	939.56536	0.3861098097	99998.78119	0	0
P33	30705.30994	0.3919530836	99998.78119	0	0
neutron	939.56536	11.60326958	99998.78399	0	0
neutron	939.56536	7.933305364	99998.78399	0	0
neutron	939.56536	4.741418137	99998.78399	0	0
Ne20	18617.73218	1.388795498	99998.78399	0	0
neutron	939.56536	3.302462232	99998.72771	0	0
Ne22	20479.73746	0.1229339011	99998.72771	0	0
neutron	939.56536	1.557033219	99998.68566	0	0
S34	31632.70018	0.2176308278	99998.68566	0	0
S35	32565.27968	0.1552252126	99998.69207	0	0
neutron	939.56536	1.189310914	99998.67337	0	0
Ne22	20479.73746	0.2645968325	99998.67337	0	0
Ne23	21414.10216	0.2271827585	99998.72832	0	0
neutron	939.56536	4.929959306	99998.70412	0	0
Ne22	20479.73746	0.7754935542	99998.70412	0	0
neutron	939.56536	4.6615813	99998.69884	0	0
neutron	939.56536	2.086905939	99998.69884	0	0
S33	30704.55199	0.5807656718	99998.69884	0	0
neutron	939.56536	10.16986448	99998.7979	0	0
neutron	939.56536	7.362627265	99998.7979	0	0
proton	938.272013	5.459702086	99998.7979	0	0
neutron	939.56536	1.816955389	99998.7979	0	0
P31	28844.21869	1.7629563	99998.7979	0	0
neutron	939.56536	2.77676846	99998.70343	0	0
neutron	939.56536	1.602521559	99998.70343	0	0
deuteron	1875.613	13.03719816	99998.70343	0	0
F19	17692.30285	0.8970388781	99998.70343	0	0
neutron	939.56536	3.358863001	99998.71147	0	0
S36	33494.9558	0.3179116553	99998.71147	0	0
neutron	939.56536	1.394493421	99998.79304	0	0
neutron	939.56536	1.071181069	99998.79304	0	0
Ne21	19550.53637	0.4388063746	99998.79304	0	0
S35	32565.27968	0.1405839685	99998.70811	0	0
neutron	939.56536	8.750801623	99998.76688	0	0
proton	938.272013	5.448163324	99998.76688	0	0
proton	938.272013	3.219182221	99998.76688	0	0
neutron	939.56536	1.107683527	99998.76688	0	0
Si31	28846.21977	0.3209438864	99998.76688	0	0
S35	32565.27968	0.1406018011	99998.69385	0	0
neutron	939.56536	0.8076950087	99998.77297	0	0
S34	31632.70018	0.1804507369	99998.77297	0	0
neutron	939.56536	22.76296296	99998.78702	0	0
neutron	939.56536	2.123843659	99998.78702	0	0
neutron	939.56536	1.867168748	99998.78702	0	0
neutron	939.56536	0.08398141221	99998.78702	0	0
S33	30704.55199	0.6608420044	99998.78702	0	0
Ne23	21414.10216	0.2185299944	99998.70364	0	0
Ne23	21414.10216	0.2291495252	99998.86511	0	0
proton	938.272013	30.33594631	99998.77367	0	0
neutron	939.56536	1.316314535	99998.77367	0	0
neutron	939.56536	0.5964666636	99998.77367	0	0
P32	29775.84838	1.118763028	99998.77367	0	0
S35	32565.27968	0.1517213498	99998.71855	0	0
S35	32565.27968	0.1574727727	99998.73361	0	0
neutron	939.56536	37.30918229	99998.78115	0	0
proton	938.272013	17.74472696	99998.78115	0	0
neutron	939.56536	0.4451601654	99998.78115	0	0
P34	31638.59261	0.4443488821	99998.78115	0	0
neutron	939.56536	0.9159427389	99998.70939	0	0
neutron	939.56536	0.3151492028	99998.70939	0	0
S33	30704.55199	0.1409053904	99998.70939	0	0
neutron	939.56536	33.87376135	99998.70949	0	0
neutron	939.56536	3.775120445	99998.70949	0	0
neutron	939.56536	1.791077003	99998.70949	0	0
S34	31632.70018	0.4778645188	99998.70949	0	0
neutron	939.56536	0.9125662374	99998.70424	0	0
S34	31632.70018	0.2195125892	99998.70424	0	0
neutron	939.56536	24.48210119	99998.78304	0	0
neutron	939.56536	6.028163116	99998.78304	0	0
neutron	939.56536	1.542154419	99998.78304	0	0
alpha	3727.379	4.20271567	99998.78304	0	0
O16	14895.08153	2.074477168	99998.78304	0	0
neutron	939.56536	26.34174155	99998.78836	0	0
neutron	939.56536	23.77978357	99998.78836	0	0
neutron	939.56536	2.911972425	99998.78836	0	0
S32	29773.62828	0.3378980162	99998.78836	0	0
neutron	939.56536	0.445381842	99998.74729	0	0
Ne22	20479.73746	0.1458933978	99998.74729	0	0
neutron	939.56536	3.995079971	99998.70031	0	0
neutron	939.56536	2.366127972	99998.70031	0	0
neutron	939.56536	0.3210962628	99998.70031	0	0
alpha	3727.379	5.653986457	99998.70031	0	0
O16	14895.08153	1.150472336	99998.70031	0	0
S37	34430.21755	0.1421421665	99998.68997	0	0
neutron	939.56536	0.2609725783	99998.72928	0	0
Ne22	20479.73746	0.3238287209	99998.72928	0	0
neutron	939.56536	2.676624172	99998.74069	0	0
S34	31632.70018	0.008545208068	99998.74069	0	0
S37	34430.21755	0.1364000916	99998.68202	0	0
S35	32565.27968	0.1375283836	99998.68004	0	0
neutron	939.56536	6.348415512	99998.7509	0	0
S34	31632.70018	0.4110439277	99998.7509	0	0
S35	32565.27968	0.1600694671	99998.62818	0	0
neutron	939.56536	1.528972761	99998.67995	0	0
S34	31632.70018	0.3151606382	99998.67995	0	0
neutron	939.56536	2.008806705	99998.68809	0	0
S34	31632.70018	0.2330476036	99998.68809	0	0
neutron	939.56536	0.999836259	99998.69138	0	0
Ne22	20479.73746	0.395345122	99998.69138	0	0
neutron	939.56536	3.294320758	99998.77035	0	0
neutron	939.56536	1.07238904	99998.77035	0	0
Ne21	19550.53637	0.4502056069	99998.77035	0	0
neutron	939.56536	1.190551092	99998.66978	0	0
S34	31632.70018	0.2857089825	99998.66978	0	0
neutron	939.56536	14.42445843	99998.7375	0	0
neutron	939.56536	6.154350579	99998.7375	0	0
neutron	939.56536	5.020076427	99998.7375	0	0
neutron	939.56536	0.5839722754	99998.7375	0	0
S33	30704.55199	0.7149596986	99998.7375	0	0
neutron	939.56536	37.70784243	99998.65276	0	0
neutron	939.56536	0.883450848	99998.65276	0	0
neutron	939.56536	0.634150569	99998.65276	0	0
S32	29773.62828	1.143080138	99998.65276	0	0
neutron	939.56536	1.933258592	99998.71596	0	0
S34	31632.70018	0.3625584337	99998.71596	0	0
proton	938.272013	17.31118079	99998.76038	0	0
proton	938.272013	4.974869055	99998.76038	0	0
neutron	939.56536	3.347299717	99998.76038	0	0
neutron	939.56536	1.539733487	99998.76038	0	0
neutron	939.56536	1.279241149	99998.76038	0	0
neutron	939.56536	1.054713962	99998.76038	0	0
Si29	26984.28567	2.000878936	99998.76038	0	0
neutron	939.56536	2.930836743	99998.66386	0	0
S34	31632.70018	0.03819007387	99998.66386	0	0
neutron	939.56536	0.1932046321	99998.74409	0	0
S34	31632.70018	0.14500749	99998.74409	0	0
proton	938.272013	23.61051501	99998.72355	0	0
neutron	939.56536	4.339360997	99998.72355	0	0
neutron	939.56536	0.6570758578	99998.72355	0	0
F20	18625.26686	0.8650511193	99998.72355	0	0
neutron	939.56536	2.878401959	99998.70368	0	0
neutron	939.56536	0.458526136	99998.70368	0	0
S33	30704.55199	0.2126204458	99998.70368	0	0
S37	34430.21755	0.1334511736	99998.6471	0	0
neutron	939.56536	2.335536341	99998.78656	0	0
neutron	939.56536	1.405654788	99998.78656	0	0
neutron	939.56536	1.227612492	99998.78656	0	0
Ne20	18617.73218	0.2608290423	99998.78656	0	0
neutron	939.56536	16.33641889	99998.6994	0	0
proton	938.272013	14.7849477	99998.6994	0	0
neutron	939.56536	4.612613311	99998.6994	0	0
proton	938.272013	3.155050833	99998.6994	0	0
neutron	939.56536	2.719209199	99998.6994	0	0
Si30	27913.24182	1.71722186	99998.6994	0	0
neutron	939.56536	2.781836047	99998.70569	0	0
S34	31632.70018	0.02799525848	99998.70569	0	0
neutron	939.56536	2.391635982	99998.81015	0	0
S34	31632.70018	0.3942594394	99998.81015	0	0
S35	32565.27968	0.15095677	99998.70385	0	0
neutron	939.56536	0.2264933405	99998.70949	0	0
S34	31632.70018	0.1622631308	99998.70949	0	0
neutron	939.56536	1.752568039	99998.707	0	0
S34	31632.70018	0.1401273817	99998.707	0	0
S35	32565.27968	0.1428867272	99998.76816	0	0
neutron	939.56536	0.09665844898	99998.65437	0	0
S34	31632.70018	0.1755287871	99998.65437	0	0
S37	34430.21755	0.1305932291	99998.77182	0	0
neutron	939.56536	2.087401728	99998.67689	0	0
neutron	939.56536	0.6123318582	99998.67689	0	0
alpha	3727.379	7.943718875	99998.67689	0	0
Si29	26984.28567	0.9077892401	99998.67689	0	0
neutron	939.56536	3.511157179	99998.76782	0	0
neutron	939.56536	1.367728157	99998.76782	0	0
neutron	939.56536	1.202045915	99998.76782	0	0
Ne20	18617.73218	0.6294161217	99998.76782	0	0
neutron	939.56536	0.4133430212	99998.70837	0	0
Ne22	20479.73746	0.1242033963	99998.70837	0	0
S35	32565.27968	0.1539935392	99998.63679	0	0
neutron	939.56536	0.2977252426	99998.7216	0	0
S34	31632.70018	0.1806221722	99998.7216	0	0
neutron	939.56536	12.63504397	99998.71971	0	0
neutron	939.56536	2.617543714	99998.71971	0	0
neutron	939.56536	0.9710910605	99998.71971	0	0
alpha	3727.379	10.59347687	99998.71971	0	0
O16	14895.08153	3.581634583	99998.71971	0	0
neutron	939.56536	0.3729934562	99998.87495	0	0
Ne22	20479.73746	0.1640291262	99998.87495	0	0
proton	938.272013	11.89735322	99998.65043	0	0
proton	938.272013	4.753987977	99998.65043	0	0
neutron	939.56536	4.585198104	99998.65043	0	0
neutron	939.56536	3.436571347	99998.65043	0	0
neutron	939.56536	0.1458244098	99998.65043	0	0
Si30	27913.24182	0.4873215701	99998.65043	0	0
S35	32565.27968	0.1609802904	99998.69399	0	0
proton	938.272013	3.819658892	99998.70986	0	0
neutron	939.56536	2.194625816	99998.70986	0	0
P33	30705.30994	0.5301683946	99998.70986	0	0
neutron	939.56536	3.945180309	99998.74038	0	0
proton	938.272013	3.736096437	99998.74038	0	0
neutron	939.56536	2.094700199	99998.74038	0	0
P32	29775.84838	0.1272442294	99998.74038	0	0
neutron	939.56536	0.2873365913	99998.65847	0	0
S34	31632.70018	0.09511610153	99998.65847	0	0
neutron	939.56536	26.70018747	99998.73829	0	0
proton	938.272013	17.34651563	99998.73829	0	0
neutron	939.56536	3.750280146	99998.73829	0	0
neutron	939.56536	0.919643037	99998.73829	0	0
P31	28844.21869	0.3612968006	99998.73829	0	0
neutron	939.56536	15.24320831	99998.71776	0	0
neutron	939.56536	7.23548252	99998.71776	0	0
neutron	939.56536	4.396817151	99998.71776	0	0
neutron	939.56536	0.8437869087	99998.71776	0	0
deuteron	1875.613	6.524314376	99998.71776	0	0
P31	28844.21869	0.2546244668	99998.71776	0	0
neutron	939.56536	0.1524296055	99998.66156	0	0
S34	31632.70018	0.1257224435	99998.66156	0	0
Ne23	21414.10216	0.2151481647	99998.71536	0	0
neutron	939.56536	4.974072539	99998.75369	0	0
S34	31632.70018	0.496110833	99998.75369	0	0
neutron	939.56536	1.360009023	99998.76047	0	0
Ne22	20479.73746	0.3272461891	99998.76047	0	0
S37	34430.21755	0.1439479827	99998.79501	0	0
neutron	939.56536	0.6209225871	99998.81194	0	0
S36	33494.9558	0.05585636841	99998.81194	0	0
S35	32565.27968	0.1573360738	99998.77286	0	0
neutron	939.56536	3.620824911	99998.73702	0	0
neutron	939.56536	2.251351571	99998.73702	0	0
S33	30704.55199	0.412992135	99998.73702	0	0
neutron	939.56536	0.7054324923	99998.76044	0	0
Ne22	20479.73746	0.2005637169	99998.76044	0	0
Ne23	21414.10216	0.217312344	99998.67348	0	0
Ne23	21414.10216	0.218636692	99998.70548	0	0
neutron	939.56536	11.24912807	99998.7437	0	0
neutron	939.56536	4.189201514	99998.7437	0	0
neutron	939.56536	2.045399322	99998.7437	0	0
alpha	3727.379	10.70088704	99998.7437	0	0
O16	14895.08153	3.609145329	99998.7437	0	0
neutron	939.56536	2.136010665	99998.73378	0	0
S36	33494.9558	0.3157242727	99998.73378	0	0
S35	32565.27968	0.155824292	99998.65158	0	0
Ne23	21414.10216	0.2160036114	99998.80924	0	0
Ne23	21414.10216	0.224733456	99998.73385	0	0
neutron	939.56536	19.10942852	99998.80537	0	0
neutron	939.56536	0.6706703951	99998.80537	0	0
neutron	939.56536	0.4988702053	99998.80537	0	0
S32	29773.62828	0.946892529	99998.80537	0	0
S35	32565.27968	0.1598936415	99998.69552	0	0
neutron	939.56536	3.098705885	99998.72816	0	0
S36	33494.9558	0.210656867	99998.72816	0	0
neutron	939.56536	13.36605248	99998.71486	0	0
proton	938.272013	11.0413326	99998.71486	0	0
proton	938.272013	2.681415857	99998.71486	0	0
O20	18629.59082	0.5456974261	99998.71486	0	0
neutron	939.56536	7.256701582	99998.71436	0	0
neutron	939.56536	0.6966572451	99998.71436	0	0
neutron	939.56536	0.3465374204	99998.71436	0	0
S32	29773.62828	0.3413824005	99998.71436	0	0
neutron	939.56536	2.237276856	99998.66841	0	0
S34	31632.70018	0.2843906154	99998.66841	0	0
neutron	939.56536	2.168008819	99998.79613	0	0
neutron	939.56536	0.293302036	99998.79613	0	0
Ne21	19550.53637	0.03854984681	99998.79613	0	0
neutron	939.56536	0.2864116482	99998.73962	0	0
S34	31632.70018	0.2121739039	99998.73962	0	0
S37	34430.21755	0.1387749114	99998.76181	0	0
S35	32565.27968	0.1507465688	99998.84072	0	0
neutron	939.56536	0.2674743888	99998.71226	0	0
S34	31632.70018	0.1202158377	99998.71226	0	0
neutron	939.56536	0.3825656634	99998.73091	0	0
S34	31632.70018	0.09600372975	99998.73091	0	0
Ne23	21414.10216	0.2353975392	99998.76278	0	0
S37	34430.21755	0.1421550089	99998.74239	0	0
neutron	939.56536	7.281319667	99998.80576	0	0
proton	938.272013	7.038973691	99998.80576	0	0
proton	938.272013	5.472613706	99998.80576	0	0
neutron	939.56536	0.6973818206	99998.80576	0	0
Si31	28846.21977	0.6021605607	99998.80576	0	0
neutron	939.56536	21.91312152	99998.85548	0	0
alpha	3727.379	14.36626049	99998.85548	0	0
Si30	27913.24182	2.327695285	99998.85548	0	0
Ne23	21414.10216	0.2186042386	99998.78266	0	0
neutron	939.56536	10.03543859	99998.67164	0	0
neutron	939.56536	6.954054476	99998.67164	0	0
neutron	939.56536	0.645288319	99998.67164	0	0
Ne20	18617.73218	2.266758921	99998.67164	0	0
neutron	939.56536	0.1079950442	99998.78055	0	0
S34	31632.70018	0.1189853591	99998.78055	0	0
neutron	939.56536	6.428693413	99998.76689	0	0
S34	31632.70018	0.3035731424	99998.76689	0	0
neutron	939.56536	18.41700311	99998.72475	0	0
neutron	939.56536	8.169029901	99998.72475	0	0
proton	938.272013	5.21946789	99998.72475	0	0
neutron	939.56536	1.30411098	99998.72475	0	0
deuteron	1875.613	6.012039165	99998.72475	0	0
Si29	26984.28567	2.1087262	99998.72475	0	0
proton	938.272013	3.531632979	99998.735	0	0
neutron	939.56536	2.263866898	99998.735	0	0
P33	30705.30994	0.6780190787	99998.735	0	0
S37	34430.21755	0.1292520114	99998.84162	0	0
S37	34430.21755	0.1368576569	99998.69772	0	0
neutron	939.56536	5.992514001	99998.69719	0	0
neutron	939.56536	0.2833028133	99998.69719	0	0
S33	30704.55199	0.3926709694	99998.69719	0	0
neutron	939.56536	0.2604279864	99998.68554	0	0
S34	31632.70018	0.2029837037	99998.68554	0	0
neutron	939.56536	2.491557575	99998.74312	0	0
Ne22	20479.73746	0.07119169938	99998.74312	0	0
S35	32565.27968	0.1462443499	99998.78588	0	0
neutron	939.56536	19.36347298	99998.76769	0	0
proton	938.272013	18.61711884	99998.76769	0	0
neutron	939.56536	3.057255285	99998.76769	0	0
neutron	939.56536	1.551247038	99998.76769	0	0
F19	17692.30285	1.431110531	99998.76769	0	0
proton	938.272013	11.22199865	99998.77944	0	0
proton	938.272013	8.517611764	99998.77944	0	0
neutron	939.56536	5.129311051	99998.77944	0	0
neutron	939.56536	4.361413265	99998.77944	0	0
neutron	939.56536	4.086173393	99998.77944	0	0
Si30	27913.24182	1.239086666	99998.77944	0	0
neutron	939.56536	2.685099334	99998.77236	0	0
Ne22	20479.73746	0.1175737113	99998.77236	0	0
neutron	939.56536	0.6745831522	99998.70216	0	0
Ne22	20479.73746	0.08664833598	99998.70216	0	0
neutron	939.56536	5.423693943	99998.80815	0	0
neutron	939.56536	4.467476272	99998.80815	0	0
neutron	939.56536	4.116904881	99998.80815	0	0
proton	938.272013	3.83127035	99998.80815	0	0
deuteron	1875.613	8.244788011	99998.80815	0	0
Si31	28846.21977	1.058564688	99998.80815	0	0
neutron	939.56536	1.997782853	99998.6869	0	0
S34	31632.70018	0.1351461277	99998.6869	0	0
neutron	939.56536	1.407184425	99998.73916	0	0
S34	31632.70018	0.2355783659	99998.73916	0	0
neutron	939.56536	2.352762566	99998.71086	0	0
neutron	939.56536	1.748504267	99998.71086	0	0
neutron	939.56536	0.5127385635	99998.71086	0	0
S34	31632.70018	0.3735678313	99998.71086	0	0
neutron	939.56536	4.272075947	99998.68856	0	0
neutron	939.56536	3.656978686	99998.68856	0	0
neutron	939.56536	0.5593004096	99998.68856	0	0
S34	31632.70018	0.441098136	99998.68856	0	0
S37	34430.21755	0.135744892	99998.72525	0	0
neutron	939.56536	2.432550158	99998.74062	0	0
S34	31632.70018	0.2373755918	99998.74062	0	0
neutron	939.56536	0.3887656501	99998.58016	0	0
S34	31632.70018	0.2201033695	99998.58016	0	0
proton	938.272013	3.334382039	99998.71456	0	0
neutron	939.56536	1.194295609	99998.71456	0	0
P33	30705.30994	0.04218724482	99998.71456	0	0
neutron	939.56536	0.6791810091	99998.71241	0	0
S36	33494.9558	0.06772608445	99998.71241	0	0
neutron	939.56536	0.5561365581	99998.82399	0	0
Ne22	20479.73746	0.110547132	99998.82399	0	0
neutron	939.56536	8.656777035	99998.74078	0	0
neutron	939.56536	4.587415723	99998.74078	0	0
proton	938.272013	3.407824441	99998.74078	0	0
neutron	939.56536	2.858631852	99998.74078	0	0
P31	28844.21869	0.1553642135	99998.74078	0	0
neutron	939.56536	1.366052265	99998.71759	0	0
S36	33494.9558	0.1676912035	99998.71759	0	0
Ne23	21414.10216	0.2065637573	99998.76511	0	0
Ne23	21414.10216	0.2191694949	99998.63275	0	0
proton	938.272013	3.36309256	99998.82986	0	0
neutron	939.56536	2.309076433	99998.82986	0	0
P33	30705.30994	0.1218334448	99998.82986	0	0
proton	938.272013	8.889478695	99998.77378	0	0
neutron	939.56536	4.825802445	99998.77378	0	0
proton	938.272013	3.374909616	99998.77378	0	0
neutron	939.56536	3.134549337	99998.77378	0	0
neutron	939.56536	3.051378768	99998.77378	0	0
Si30	27913.24182	0.4024596364	99998.77378	0	0
neutron	939.56536	0.1279765235	99998.7885	0	0
deuteron	1875.613	17.37937032	99998.7885	0	0
triton	2808.921	3.376678895	99998.7885	0	0
O17	15830.5038	4.121115331	99998.7885	0	0
neutron	939.56536	0.9974620003	99998.67974	0	0
S36	33494.9558	0.1547821531	99998.67974	0	0
S35	32565.27968	0.1512294651	99998.68697	0	0
S37	34430.21755	0.1368039439	99998.83096	0	0
S35	32565.27968	0.1444990799	99998.76441	0	0
neutron	939.56536	30.89723903	99998.77389	0	0
neutron	939.56536	4.048005127	99998.77389	0	0
S33	30704.55199	0.8958850506	99998.77389	0	0
S35	32565.27968	0.1534416497	99998.69	0	0
Ne23	21414.10216	0.2266817742	99998.75298	0	0
S35	32565.27968	0.1638559586	99998.71476	0	0
neutron	939.56536	0.3879405742	99998.668	0	0
S34	31632.70018	0.1171037993	99998.668	0	0
Ne23	21414.10216	0.2276505436	99998.68909	0	0
neutron	939.56536	8.212186278	99998.71588	0	0
neutron	939.56536	5.883554339	99998.71588	0	0
neutron	939.56536	1.367402324	99998.71588	0	0
Ne20	18617.73218	0.2616194966	99998.71588	0	0
neutron	939.56536	19.43101648	99998.61955	0	0
neutron	939.56536	8.150660799	99998.61955	0	0
neutron	939.56536	7.734371726	99998.61955	0	0
Ne20	18617.73218	2.285646653	99998.61955	0	0
S35	32565.27968	0.1593555843	99998.72089	0	0
neutron	939.56536	0.7906359886	99998.75395	0	0
S36	33494.9558	0.2299805696	99998.75395	0	0
proton	938.272013	32.23478543	99998.70857	0	0
neutron	939.56536	29.78023041	99998.70857	0	0
neutron	939.56536	0.09135510981	99998.70857	0	0
P32	29775.84838	0.04654659088	99998.70857	0	0
proton	938.272013	6.242585711	99998.72736	0	0
neutron	939.56536	5.390197872	99998.72736	0	0
neutron	939.56536	4.03755174	99998.72736	0	0
proton	938.272013	2.466667581	99998.72736	0	0
neutron	939.56536	0.8990008077	99998.72736	0	0
Si30	27913.24182	0.426712046	99998.72736	0	0
neutron	939.56536	0.7840096893	99998.74298	0	0
S34	31632.70018	0.2005162162	99998.74298	0	0
proton	938.272013	9.663489927	99998.69489	0	0
neutron	939.56536	6.687612282	99998.69489	0	0
neutron	939.56536	4.643320054	99998.69489	0	0
neutron	939.56536	1.971376992	99998.69489	0	0
P31	28844.21869	0.09586673076	99998.69489	0	0
neutron	939.56536	0.3913510099	99998.82158	0	0
S34	31632.70018	0.1691097011	99998.82158	0	0
neutron	939.56536	1.707604478	99998.71173	0	0
S34	31632.70018	0.1511379205	99998.71173	0	0
neutron	939.56536	1.081520147	99998.73033	0	0
Ne22	20479.73746	0.2570482749	99998.73033	0	0
neutron	939.56536	20.69307113	99998.75107	0	0
neutron	939.56536	2.907540066	99998.75107	0	0
neutron	939.56536	1.191887231	99998.75107	0	0
S32	29773.62828	0.5778216198	99998.75107	0	0
neutron	939.56536	10.30319551	99998.76211	0	0
proton	938.272013	9.779916265	99998.76211	0	0
neutron	939.56536	6.379457872	99998.76211	0	0
neutron	939.56536	3.697857752	99998.76211	0	0
alpha	3727.379	3.517006557	99998.76211	0	0
N15	13968.93638	2.617196402	99998.76211	0	0
neutron	939.56536	14.20494053	99998.63003	0	0
neutron	939.56536	2.863213333	99998.63003	0	0
neutron	939.56536	0.6831935391	99998.63003	0	0
S34	31632.70018	0.383657583	99998.63003	0	0
neutron	939.56536	0.8880240941	99998.7095	0	0
Ne22	20479.73746	0.2671392251	99998.7095	0	0
neutron	939.56536	4.778039334	99998.70989	0	0
neutron	939.56536	2.662986463	99998.70989	0	0
neutron	939.56536	0.6561879444	99998.70989	0	0
S34	31632.70018	0.1764434365	99998.70989	0	0
neutron	939.56536	1.282758337	99998.76588	0	0
S34	31632.70018	0.09736021217	99998.76588	0	0
S35	32565.27968	0.1341028626	99998.78301	0	0
neutron	939.56536	38.61560666	99998.75862	0	0
neutron	939.56536	1.471648303	99998.75862	0	0
S33	30704.55199	1.012514375	99998.75862	0	0
S35	32565.27968	0.1476901896	99998.81472	0	0
S37	34430.21755	0.1376840218	99998.71066	0	0
proton	938.272013	3.123405263	99998.68633	0	0
neutron	939.56536	0.134743244	99998.68633	0	0
P33	30705.30994	0.1694043284	99998.68633	0	0
neutron	939.56536	1.619753035	99998.73367	0	0
S34	31632.70018	0.0837502067	99998.73367	0	0
neutron	939.56536	0.3515268444	99998.73184	0	0
S34	31632.70018	0.1438695691	99998.73184	0	0
neutron	939.56536	21.27285501	99998.80824	0	0
neutron	939.56536	5.402182613	99998.80824	0	0
neutron	939.56536	4.475792474	99998.80824	0	0
Ne20	18617.73218	1.342954426	99998.80824	0	0
S37	34430.21755	0.1436042575	99998.86576	0	0
neutron	939.56536	6.429917869	99998.79252	0	0
neutron	939.56536	0.7359710115	99998.79252	0	0
neutron	939.56536	0.6565169079	99998.79252	0	0
S32	29773.62828	0.6174715772	99998.79252	0	0
neutron	939.56536	7.982566993	99998.72188	0	0
neutron	939.56536	4.301902447	99998.72188	0	0
proton	938.272013	2.050114002	99998.72188	0	0
neutron	939.56536	0.6028819521	99998.72188	0	0
alpha	3727.379	16.06479014	99998.72188	0	0
Al27	25126.50566	3.800585606	99998.72188	0	0
S35	32565.27968	0.142365971	99998.74515	0	0
S37	34430.21755	0.1405427526	99998.74417	0	0
proton	938.272013	14.55438065	99998.74373	0	0
proton	938.272013	10.18266676	99998.74373	0	0
neutron	939.56536	8.804433744	99998.74373	0	0
neutron	939.56536	2.09576531	99998.74373	0	0
neutron	939.56536	0.7094864206	99998.74373	0	0
neutron	939.56536	0.1225728963	99998.74373	0	0
Si29	26984.28567	0.1446050355	99998.74373	0	0
Ne23	21414.10216	0.2187516953	99998.75708	0	0
neutron	939.56536	1.406622387	99998.74577	0	0
S34	31632.70018	0.08789092334	99998.74577	0	0
neutron	939.56536	0.6926425384	99998.71008	0	0
S36	33494.9558	0.06927498599	99998.71008	0	0
proton	938.272013	8.079435997	99998.72854	0	0
neutron	939.56536	0.257573265	99998.72854	0	0
P33	30705.30994	0.4794705999	99998.72854	0	0
neutron	939.56536	35.62587596	99998.71704	0	0
neutron	939.56536	3.025725784	99998.71704	0	0
S33	30704.55199	0.4800986672	99998.71704	0	0
S35	32565.27968	0.1557968934	99998.67422	0	0
neutron	939.56536	7.597370356	99998.69229	0	0
neutron	939.56536	6.540255239	99998.69229	0	0
neutron	939.56536	0.8460216379	99998.69229	0	0
Ne20	18617.73218	1.946332841	99998.69229	0	0
neutron	939.56536	8.976430007	99999.01537	0	0
neutron	939.56536	5.843439711	99999.01537	0	0
proton	938.272013	2.984996563	99999.01537	0	0
neutron	939.56536	1.420311354	99999.01537	0	0
alpha	3727.379	13.79073451	99999.01537	0	0
Al27	25126.50566	3.069649306	99999.01537	0	0
neutron	939.56536	1.537637811	99998.78138	0	0
S34	31632.70018	0.1843242229	99998.78138	0	0
neutron	939.56536	0.4528681965	99998.75199	0	0
S34	31632.70018	0.07877425408	99998.75199	0	0
neutron	939.56536	1.683681878	99998.69528	0	0
S34	31632.70018	0.3403263948	99998.69528	0	0
neutron	939.56536	8.579883312	99998.71944	0	0
neutron	939.56536	1.147332539	99998.71944	0	0
Ne21	19550.53637	0.4582394835	99998.71944	0	0
neutron	939.56536	0.6859486072	99998.83436	0	0
S34	31632.70018	0.09385955574	99998.83436	0	0
neutron	939.56536	0.4140811411	99998.74438	0	0
S34	31632.70018	0.218896803	99998.74438	0	0
neutron	939.56536	2.92175382	99998.64817	0	0
neutron	939.56536	0.499662953	99998.64817	0	0
Ne21	19550.53637	0.2552839967	99998.64817	0	0
neutron	939.56536	1.365081233	99998.78392	0	0
S34	31632.70018	0.05062324258	99998.78392	0	0
neutron	939.56536	1.140069292	99998.6349	0	0
S34	31632.70018	0.1940757887	99998.6349	0	0
neutron	939.56536	1.659620633	99998.7472	0	0
Ne22	20479.73746	0.3393287936	99998.7472	0	0
neutron	939.56536	0.0596967406	99998.74691	0	0
S34	31632.70018	0.141109407	99998.74691	0	0
neutron	939.56536	1.771329765	99998.70562	0	0
neutron	939.56536	0.1164197717	99998.70562	0	0
S33	30704.55199	0.1620237354	99998.70562	0	0
neutron	939.56536	1.838632839	99998.75655	0	0
S34	31632.70018	0.08137089304	99998.75655	0	0
S35	32565.27968	0.1620048437	99998.77804	0	0
neutron	939.56536	1.032107222	99998.78721	0	0
S34	31632.70018	0.1780306669	99998.78721	0	0
S35	32565.27968	0.1401735193	99998.72921	0	0
neutron	939.56536	1.012094409	99998.72333	0	0
Ne22	20479.73746	0.1546940896	99998.72333	0	0
Ne23	21414.10216	0.2243191481	99998.63614	0	0
S37	34430.21755	0.1370994013	99998.77391	0	0
neutron	939.56536	0.4461923245	99998.77861	0	0
S34	31632.70018	0.08649185998	99998.77861	0	0
neutron	939.56536	2.043049152	99998.67878	0	0
Ne22	20479.73746	0.3925389235	99998.67878	0	0
neutron	939.56536	0.6186145166	99998.69106	0	0
S34	31632.70018	0.234486516	99998.69106	0	0
proton	938.272013	16.67466777	99998.75157	0	0
neutron	939.56536	10.94051094	99998.75157	0	0
alpha	3727.379	13.10804276	99998.75157	0	0
Al29	26988.4858	1.24526104	99998.75157	0	0
S35	32565.27968	0.136268297	99998.80476	0	0
neutron	939.56536	4.878991175	99998.67151	0	0
neutron	939.56536	3.378838603	99998.67151	0	0
neutron	939.56536	1.413992301	99998.67151	0	0
Ne20	18617.73218	0.8591122556	99998.67151	0	0
neutron	939.56536	5.510812705	99998.71198	0	0
S34	31632.70018	0.3095061281	99998.71198	0	0
Ne23	21414.10216	0.2190482891	99998.96778	0	0
neutron	939.56536	0.7440375416	99998.75021	0	0
S36	33494.9558	0.1775594029	99998.75021	0	0
proton	938.272013	11.9753582	99998.81707	0	0
proton	938.272013	3.415630656	99998.81707	0	0
neutron	939.56536	1.0948402	99998.81707	0	0
neutron	939.56536	0.9441626403	99998.81707	0	0
neutron	939.56536	0.7816507077	99998.81707	0	0
alpha	3727.379	7.868336005	99998.81707	0	0
Mg26	24196.50368	2.876652965	99998.81707	0	0
neutron	939.56536	2.923840104	99998.80035	0	0
S34	31632.70018	0.038132212	99998.80035	0	0
neutron	939.56536	2.836743274	99998.77359	0	0
S34	31632.70018	0.2903154848	99998.77359	0	0
Ne23	21414.10216	0.2334410906	99998.64633	0	0
Ne23	21414.10216	0.2276458429	99998.7636	0	0
neutron	939.56536	2.959932757	99998.78487	0	0
S36	33494.9558	0.2849315623	99998.78487	0	0
neutron	939.56536	4.538356971	99998.67042	0	0
Ne22	20479.73746	0.3532494802	99998.67042	0	0
neutron	939.56536	0.785215212	99998.78463	0	0
S34	31632.70018	0.2157594373	99998.78463	0	0
neutron	939.56536	0.5404195331	99998.70035	0	0
S34	31632.70018	0.09603388442	99998.70035	0	0
S37	34430.21755	0.1406407992	99998.69641	0	0
Ne23	21414.10216	0.2248774862	99998.72129	0	0
neutron	939.56536	6.671697428	99998.68075	0	0
neutron	939.56536	2.443947987	99998.68075	0	0
neutron	939.56536	0.5897386866	99998.68075	0	0
alpha	3727.379	10.67285682	99998.68075	0	0
Si28	26053.19393	2.489133094	99998.68075	0	0
neutron	939.56536	0.8920752487	99998.74828	0	0
S34	31632.70018	0.1873338173	99998.74828	0	0
Ne23	21414.10216	0.2080011955	99998.78366	0	0
neutron	939.56536	1.184015039	99998.73432	0	0
S34	31632.70018	0.2653618789	99998.73432	0	0
neutron	939.56536	1.592083561	99998.70609	0	0
Ne22	20479.73746	0.1928228918	99998.70609	0	0
neutron	939.56536	6.275042477	99998.77878	0	0
neutron	939.56536	1.417334492	99998.77878	0	0
neutron	939.56536	0.8234330255	99998.77878	0	0
S32	29773.62828	0.2822821336	99998.77878	0	0
neutron	939.56536	2.177753597	99998.75504	0	0
neutron	939.56536	1.203178884	99998.75504	0	0
neutron	939.56536	0.59777585	99998.75504	0	0
S32	29773.62828	0.01386403759	99998.75504	0	0
proton	938.272013	36.71192688	99998.7166	0	0
neutron	939.56536	8.354511177	99998.7166	0	0
neutron	939.56536	3.942889212	99998.7166	0	0
neutron	939.56536	0.5075630492	99998.7166	0	0
P31	28844.21869	1.177633173	99998.7166	0	0
neutron	939.56536	0.007606750923	99998.71202	0	0
Ne22	20479.73746	0.2256955944	99998.71202	0	0
neutron	939.56536	0.7744511518	99998.65855	0	0
S34	31632.70018	0.2177988158	99998.65855	0	0
neutron	939.56536	1.509458467	99998.75995	0	0
S34	31632.70018	0.1267064915	99998.75995	0	0
proton	938.272013	4.580170705	99998.74256	0	0
neutron	939.56536	0.6549190878	99998.74256	0	0
triton	2808.921	4.955384742	99998.74256	0	0
Si30	27913.24182	0.2125090227	99998.74256	0	0
Ne23	21414.10216	0.2274718983	99998.82827	0	0
proton	938.272013	41.56663541	99998.74059	0	0
neutron	939.56536	4.223771009	99998.74059	0	0
neutron	939.56536	2.996499038	99998.74059	0	0
P34	31638.59261	2.152609978	99998.74059	0	0
S35	32565.27968	0.1497880901	99998.84435	0	0
neutron	939.56536	15.46894297	99998.74929	0	0
neutron	939.56536	13.69544535	99998.74929	0	0
Ne21	19550.53637	0.5740245666	99998.74929	0	0
neutron	939.56536	4.936677134	99998.7322	0	0
neutron	939.56536	3.44870655	99998.7322	0	0
neutron	939.56536	0.9568164688	99998.7322	0	0
alpha	3727.379	8.588141346	99998.7322	0	0
Si28	26053.19393	3.127639208	99998.7322	0	0
proton	938.272013	12.94538179	99998.77009	0	0
neutron	939.56536	7.661733136	99998.77009	0	0
proton	938.272013	6.345027799	99998.77009	0	0
Si32	29776.58515	0.2206510144	99998.77009	0	0
neutron	939.56536	2.598333106	99998.71201	0	0
neutron	939.56536	1.232437216	99998.71201	0	0
S33	30704.55199	0.003712261105	99998.71201	0	0
neutron	939.56536	0.6241495779	99998.79715	0	0
Ne22	20479.73746	0.1707335592	99998.79715	0	0
neutron	939.56536	3.033530384	99998.64398	0	0
Ne22	20479.73746	0.4369980842	99998.64398	0	0
S35	32565.27968	0.1375979136	99998.82784	0	0
proton	938.272013	6.438718878	99998.74105	0	0
neutron	939.56536	5.224534308	99998.74105	0	0
neutron	939.56536	4.474801429	99998.74105	0	0
neutron	939.56536	4.190076635	99998.74105	0	0
neutron	939.56536	1.634474299	99998.74105	0	0
P30	27916.96459	1.512588711	99998.74105	0	0
neutron	939.56536	1.212905047	99998.72645	0	0
S34	31632.70018	0.2076768889	99998.72645	0	0
Ne23	21414.10216	0.2237254445	99998.67985	0	0
Ne23	21414.10216	0.2311524637	99998.7108	0	0
neutron	939.56536	0.9495789287	99998.78232	0	0
S34	31632.70018	0.1565100885	99998.78232	0	0
neutron	939.56536	1.366723367	99998.78261	0	0
neutron	939.56536	0.4493690395	99998.78261	0	0
S33	30704.55199	0.2509948539	99998.78261	0	0
Ne23	21414.10216	0.2216862732	99998.73718	0	0
S35	32565.27968	0.1559355696	99998.70164	0	0
S35	32565.27968	0.1597524064	99998.70567	0	0
proton	938.272013	6.126737606	99998.73265	0	0
neutron	939.56536	1.934736193	99998.73265	0	0
P35	32569.77755	0.2697250692	99998.73265	0	0
neutron	939.56536	8.796018855	99998.7011	0	0
neutron	939.56536	7.824574405	99998.7011	0	0
neutron	939.56536	1.668551217	99998.7011	0	0
Ne20	18617.73218	1.096261994	99998.7011	0	0
neutron	939.56536	2.642079988	99998.639	0	0
S34	31632.70018	0.2266589991	99998.639	0	0
neutron	939.56536	31.19402627	99999.65657	0	0
proton	938.272013	4.291921098	99999.65657	0	0
neutron	939.56536	1.028266839	99999.65657	0	0
F20	18625.26686	0.4298338714	99999.65657	0	0
neutron	939.56536	24.01834353	99998.70559	0	0
neutron	939.56536	5.793753223	99998.70559	0	0
neutron	939.56536	0.1478433018	99998.70559	0	0
alpha	3727.379	4.497768627	99998.70559	0	0
O16	14895.08153	1.265386261	99998.70559	0	0
neutron	939.56536	10.4508728	99998.78865	0	0
neutron	939.56536	4.09344745	99998.78865	0	0
neutron	939.56536	4.021698059	99998.78865	0	0
alpha	3727.379	6.214041637	99998.78865	0	0
O16	14895.08153	2.802736864	99998.78865	0	0
neutron	939.56536	10.33274037	99998.81376	0	0
alpha	3727.379	6.35048616	99998.81376	0	0
deuteron	1875.613	5.518590754	99998.81376	0	0
Al28	26058.3459	2.137971978	99998.81376	0	0
neutron	939.56536	14.22993023	99998.67077	0	0
alpha	3727.379	11.14072704	99998.67077	0	0
O18	16762.02378	1.961805431	99998.67077	0	0
neutron	939.56536	2.23553177	99998.67907	0	0
S34	31632.70018	0.2005149729	99998.67907	0	0
neutron	939.56536	2.904716877	99998.68751	0	0
S36	33494.9558	0.2548812532	99998.68751	0	0
neutron	939.56536	1.560372305	99998.66533	0	0
Ne22	20479.73746	0.2542877258	99998.66533	0	0
neutron	939.56536	0.1862694624	99998.71234	0	0
S36	33494.9558	0.1481697998	99998.71234	0	0
neutron	939.56536	0.607531712	99998.79993	0	0
S34	31632.70018	0.2091712239	99998.79993	0	0
proton	938.272013	42.12405733	99998.71542	0	0
neutron	939.56536	4.120431442	99998.71542	0	0
neutron	939.56536	1.421368089	99998.71542	0	0
F20	18625.26686	2.283503847	99998.71542	0	0
neutron	939.56536	12.29666005	99998.79888	0	0
neutron	939.56536	5.68663388	99998.79888	0	0
proton	938.272013	3.240677225	99998.79888	0	0
neutron	939.56536	2.31927426	99998.79888	0	0
P31	28844.21869	0.5319457895	99998.79888	0	0
neutron	939.56536	8.173661045	99998.78626	0	0
neutron	939.56536	2.289660535	99998.78626	0	0
Ne21	19550.53637	0.2003295492	99998.78626	0	0
neutron	939.56536	10.05361432	99998.67618	0	0
neutron	939.56536	4.168500088	99998.67618	0	0
alpha	3727.379	10.85314745	99998.67618	0	0
Si29	26984.28567	3.127889494	99998.67618	0	0
Ne23	21414.10216	0.2149099155	99998.73334	0	0
neutron	939.56536	0.1418790904	99998.77873	0	0
S34	31632.70018	0.1792045218	99998.77873	0	0
neutron	939.56536	1.119714687	99998.74633	0	0
Ne22	20479.73746	0.3090303515	99998.74633	0	0
S35	32565.27968	0.1624041681	99998.67592	0	0
neutron	939.56536	1.725049097	99998.82084	0	0
neutron	939.56536	0.7700567549	99998.82084	0	0
S33	30704.55199	0.03249169077	99998.82084	0	0
neutron	939.56536	0.1269830702	99998.80789	0	0
Ne22	20479.73746	0.1777911315	99998.80789	0	0
neutron	939.56536	7.4884295	99998.80582	0	0
neutron	939.56536	6.500531115	99998.80582	0	0
neutron	939.56536	5.164691424	99998.80582	0	0
alpha	3727.379	9.063088485	99998.80582	0	0
O16	14895.08153	1.20453792	99998.80582	0	0
proton	938.272013	38.10121698	99998.76301	0	0
neutron	939.56536	5.740690871	99998.76301	0	0
proton	938.272013	2.555356793	99998.76301	0	0
neutron	939.56536	2.478713779	99998.76301	0	0
neutron	939.56536	1.516894518	99998.76301	0	0
Si30	27913.24182	1.372647131	99998.76301	0	0
neutron	939.56536	0.6860929815	99998.75752	0	0
S34	31632.70018	0.1333410191	99998.75752	0	0
S37	34430.21755	0.1350584915	99998.73088	0	0
S37	34430.21755	0.1360825951	99998.78693	0	0
neutron	939.56536	0.2937978046	99998.69943	0	0
Ne22	20479.73746	0.3290299515	99998.69943	0	0
neutron	939.56536	9.904008683	99998.72385	0	0
proton	938.272013	8.852313742	99998.72385	0	0
proton	938.272013	3.666777604	99998.72385	0	0
neutron	939.56536	2.487752438	99998.72385	0	0
Si31	28846.21977	0.3895739693	99998.72385	0	0
proton	938.272013	3.148918933	99998.75402	0	0
neutron	939.56536	1.119307575	99998.75402	0	0
alpha	3727.379	12.84248021	99998.75402	0	0
Al29	26988.4858	1.101099624	99998.75402	0	0
neutron	939.56536	1.480485184	99998.71342	0	0
S34	31632.70018	0.1844417705	99998.71342	0	0
neutron	939.56536	0.8844446896	99998.73518	0	0
S34	31632.70018	0.1582329342	99998.73518	0	0
S37	34430.21755	0.1355625442	99998.74385	0	0
neutron	939.56536	12.62490192	99998.70315	0	0
proton	938.272013	8.742017658	99998.70315	0	0
neutron	939.56536	7.142915895	99998.70315	0	0
neutron	939.56536	4.696713653	99998.70315	0	0
neutron	939.56536	0.5505698792	99998.70315	0	0
P30	27916.96459	1.39233255	99998.70315	0	0
proton	938.272013	20.06138138	99998.73358	0	0
neutron	939.56536	4.114043602	99998.73358	0	0
neutron	939.56536	0.07029160061	99998.73358	0	0
P32	29775.84838	0.4183993354	99998.73358	0	0
neutron	939.56536	3.149102149	99998.79107	0	0
neutron	939.56536	1.398334121	99998.79107	0	0
S35	32565.27968	0.4556093569	99998.79107	0	0
neutron	939.56536	6.297404858	99998.78478	0	0
neutron	939.56536	1.924498698	99998.78478	0	0
neutron	939.56536	0.8400345915	99998.78478	0	0
alpha	3727.379	5.787179063	99998.78478	0	0
O16	14895.08153	1.575570959	99998.78478	0	0
neutron	939.56536	1.600078003	99998.81674	0	0
S34	31632.70018	0.2707203859	99998.81674	0	0
S35	32565.27968	0.1443280009	99998.71632	0	0
Ne23	21414.10216	0.2252296523	99998.79316	0	0
neutron	939.56536	3.557167222	99998.76018	0	0
neutron	939.56536	3.524962707	99998.76018	0	0
proton	938.272013	2.459343371	99998.76018	0	0
deuteron	1875.613	6.696956669	99998.76018	0	0
alpha	3727.379	4.695108673	99998.76018	0	0
C14	13040.87134	2.300719029	99998.76018	0	0
neutron	939.56536	0.626861114	99998.68445	0	0
S36	33494.9558	0.2361230543	99998.68445	0	0
proton	938.272013	17.96401677	99998.67568	0	0
neutron	939.56536	1.971549761	99998.67568	0	0
neutron	939.56536	0.2362876317	99998.67568	0	0
P32	29775.84838	0.7229844624	99998.67568	0	0
neutron	939.56536	8.676228668	99998.72085	0	0
proton	938.272013	4.067707337	99998.72085	0	0
neutron	939.56536	1.495261746	99998.72085	0	0
neutron	939.56536	0.2178680604	99998.72085	0	0
P31	28844.21869	0.1440668239	99998.72085	0	0
neutron	939.56536	0.2142353505	99998.70145	0	0
S34	31632.70018	0.1712534742	99998.70145	0	0
Ne23	21414.10216	0.2175144696	99998.66048	0	0
S35	32565.27968	0.1499716066	99998.76926	0	0
proton	938.272013	14.52850523	99998.76172	0	0
neutron	939.56536	9.546208196	99998.76172	0	0
neutron	939.56536	1.712905026	99998.76172	0	0
F20	18625.26686	2.034102383	99998.76172	0	0
neutron	939.56536	33.3896169	99998.69247	0	0
neutron	939.56536	17.9386772	99998.69247	0	0
neutron	939.56536	1.342457518	99998.69247	0	0
Ne20	18617.73218	0.5962173311	99998.69247	0	0
neutron	939.56536	0.9141970137	99998.81367	0	0
S36	33494.9558	0.2743258794	99998.81367	0	0
neutron	939.56536	0.8971035183	99998.71951	0	0
S34	31632.70018	0.1425773893	99998.71951	0	0
neutron	939.56536	41.10098685	99998.75301	0	0
proton	938.272013	15.4629661	99998.75301	0	0
alpha	3727.379	1.600166026	99998.75301	0	0
N17	15839.69307	4.820128963	99998.75301	0	0
neutron	939.56536	0.5959995599	99998.69622	0	0
Ne22	20479.73746	0.1786372369	99998.69622	0	0
neutron	939.56536	1.043036832	99998.70809	0	0
neutron	939.56536	0.8577991349	99998.70809	0	0
Ne21	19550.53637	0.3416986904	99998.70809	0	0
Ne23	21414.10216	0.2301481397	99998.70864	0	0
neutron	939.56536	2.565463975	99998.72751	0	0
S34	31632.70018	0.1282596806	99998.72751	0	0
neutron	939.56536	23.64092681	99998.75373	0	0
neutron	939.56536	5.432087598	99998.75373	0	0
neutron	939.56536	3.069823655	99998.75373	0	0
Ne20	18617.73218	0.9692249061	99998.75373	0	0
S35	32565.27968	0.1630547118	99998.72705	0	0
neutron	939.56536	12.03845373	99998.74981	0	0
neutron	939.56536	3.743049538	99998.74981	0	0
S35	32565.27968	0.1361608639	99998.74981	0	0
neutron	939.56536	2.575240827	99998.69529	0	0
S34	31632.70018	0.2209712867	99998.69529	0	0
neutron	939.56536	30.03627803	99998.72546	0	0
proton	938.272013	15.02556797	99998.72546	0	0
neutron	939.56536	7.482493416	99998.72546	0	0
neutron	939.56536	1.224823319	99998.72546	0	0
F19	17692.30285	2.428815954	99998.72546	0	0
neutron	939.56536	0.2488629097	99998.67011	0	0
S34	31632.70018	0.1625560626	99998.67011	0	0
S35	32565.27968	0.1502296519	99998.70662	0	0
neutron	939.56536	3.10903509	99998.75832	0	0
neutron	939.56536	2.759285495	99998.75832	0	0
neutron	939.56536	0.374570567	99998.75832	0	0
alpha	3727.379	8.638796643	99998.75832	0	0
O16	14895.08153	2.602746782	99998.75832	0	0
neutron	939.56536	2.672099926	99998.7601	0	0
neutron	939.56536	1.797694187	99998.7601	0	0
neutron	939.56536	0.7009059703	99998.7601	0	0
alpha	3727.379	7.575590868	99998.7601	0	0
Si28	26053.19393	0.4452134445	99998.7601	0	0
Ne23	21414.10216	0.2228397769	99998.78723	0	0
neutron	939.56536	5.156556166	99998.722	0	0
neutron	939.56536	1.797462906	99998.722	0	0
Ne21	19550.53637	0.1322628962	99998.722	0	0
neutron	939.56536	1.319635422	99998.70757	0	0
Ne22	20479.73746	0.379107455	99998.70757	0	0
Ne23	21414.10216	0.2286675533	99998.76785	0	0
neutron	939.56536	1.624198316	99998.75774	0	0
S34	31632.70018	0.1190875699	99998.75774	0	0
proton	938.272013	7.553936888	99998.68495	0	0
neutron	939.56536	6.723281459	99998.68495	0	0
neutron	939.56536	2.144762931	99998.68495	0	0
neutron	939.56536	0.9830046505	99998.68495	0	0
P31	28844.21869	0.6042062153	99998.68495	0	0
neutron	939.56536	31.42517426	99998.75307	0	0
neutron	939.56536	2.247290819	99998.75307	0	0
neutron	939.56536	1.635596513	99998.75307	0	0
Ne20	18617.73218	1.820741824	99998.75307	0	0
S35	32565.27968	0.1554933729	99998.75359	0	0
neutron	939.56536	17.86970313	99998.65213	0	0
neutron	939.56536	8.594669682	99998.65213	0	0
Ne21	19550.53637	1.699930468	99998.65213	0	0
neutron	939.56536	2.979499834	99998.73473	0	0
S36	33494.9558	0.05080885114	99998.73473	0	0
Ne23	21414.10216	0.202328663	99998.69556	0	0
neutron	939.56536	1.428079079	99998.76696	0	0
S34	31632.70018	0.2062452619	99998.76696	0	0
neutron	939.56536	0.10279617	99998.88041	0	0
S34	31632.70018	0.1151866193	99998.88041	0	0
neutron	939.56536	0.180949639	99998.75159	0	0
S34	31632.70018	0.1555675563	99998.75159	0	0
neutron	939.56536	4.63452648	99998.85421	0	0
Ne22	20479.73746	0.009659584311	99998.85421	0	0
Ne23	21414.10216	0.2331295029	99998.65493	0	0
neutron	939.56536	0.6254237286	99998.78902	0	0
Ne22	20479.73746	0.09773056869	99998.78902	0	0
proton	938.272013	10.74028572	99998.81559	0	0
neutron	939.56536	8.602758884	99998.81559	0	0
neutron	939.56536	1.654696128	99998.81559	0	0
neutron	939.56536	1.560672353	99998.81559	0	0
neutron	939.56536	0.5343477627	99998.81559	0	0
P32	29775.84838	0.1476911461	99998.81559	0	0
neutron	939.56536	2.326052458	99998.65627	0	0
Ne22	20479.73746	0.2713183463	99998.65627	0	0
neutron	939.56536	29.03486703	99998.84537	0	0
neutron	939.56536	6.347300795	99998.84537	0	0
neutron	939.56536	0.1541894907	99998.84537	0	0
alpha	3727.379	6.83708872	99998.84537	0	0
Si28	26053.19393	1.920487655	99998.84537	0	0
S35	32565.27968	0.1317078966	99998.78483	0	0
Ne23	21414.10216	0.2130244279	99998.82565	0	0
neutron	939.56536	6.462249187	99998.72796	0	0
Ne22	20479.73746	0.5517544723	99998.72796	0	0
neutron	939.56536	0.0445664504	99998.73181	0	0
S34	31632.70018	0.1515555038	99998.73181	0	0
proton	938.272013	4.019514651	99998.72835	0	0
neutron	939.56536	3.385992858	99998.72835	0	0
neutron	939.56536	1.207412915	99998.72835	0	0
neutron	939.56536	0.8932202688	99998.72835	0	0
P31	28844.21869	0.1421624862	99998.72835	0	0
S37	34430.21755	0.1233505336	99998.71789	0	0
neutron	939.56536	0.2855203968	99998.77263	0	0
S34	31632.70018	0.1141214972	99998.77263	0	0
neutron	939.56536	0.8349409979	99998.76167	0	0
Ne22	20479.73746	0.3442529115	99998.76167	0	0
neutron	939.56536	3.886378046	99998.85556	0	0
neutron	939.56536	2.330792711	99998.85556	0	0
neutron	939.56536	1.698187594	99998.85556	0	0
S32	29773.62828	0.1346577152	99998.85556	0	0
S35	32565.27968	0.1542125105	99998.76438	0	0
neutron	939.56536	0.7684839847	99998.68402	0	0
neutron	939.56536	0.4405661293	99998.68402	0	0
S33	30704.55199	0.1520923375	99998.68402	0	0
neutron	939.56536	4.939468163	99998.80855	0	0
S34	31632.70018	0.03774779746	99998.80855	0	0
neutron	939.56536	6.605772614	99998.75515	0	0
neutron	939.56536	2.835463349	99998.75515	0	0
proton	938.272013	2.235937451	99998.75515	0	0
neutron	939.56536	0.9316080263	99998.75515	0	0
F19	17692.30285	0.5849735547	99998.75515	0	0
Ne23	21414.10216	0.2278885535	99998.75914	0	0
neutron	939.56536	3.095240689	99998.71856	0	0
S34	31632.70018	0.294802675	99998.71856	0	0
neutron	939.56536	2.056707099	99998.71717	0	0
Ne22	20479.73746	0.1324895199	99998.71717	0	0
neutron	939.56536	2.058281715	99998.74097	0	0
S36	33494.9558	0.1684117972	99998.74097	0	0
neutron	939.56536	1.093055653	99999.42847	0	0
S34	31632.70018	0.1890537658	99999.42847	0	0
neutron	939.56536	1.235212082	99998.72448	0	0
Ne22	20479.73746	0.240645575	99998.72448	0	0
neutron	939.56536	34.95780471	99998.75529	0	0
neutron	939.56536	0.8502447588	99998.75529	0	0
neutron	939.56536	0.314050484	99998.75529	0	0
alpha	3727.379	16.96897914	99998.75529	0	0
O16	14895.08153	1.954216583	99998.75529	0	0
S37	34430.21755	0.139051202	99998.67363	0	0
neutron	939.56536	7.830225492	99998.65989	0	0
proton	938.272013	4.059710573	99998.65989	0	0
proton	938.272013	3.67323965	99998.65989	0	0
O20	18629.59082	0.8092599396	99998.65989	0	0
neutron	939.56536	6.343488621	99998.79754	0	0
neutron	939.56536	3.888865641	99998.79754	0	0
neutron	939.56536	1.420988057	99998.79754	0	0
neutron	939.56536	0.7738194727	99998.79754	0	0
neutron	939.56536	0.606184142	99998.79754	0	0
S32	29773.62828	0.6603771106	99998.79754	0	0
neutron	939.56536	3.317644562	99998.77228	0	0
Ne22	20479.73746	0.3723403224	99998.77228	0	0
neutron	939.56536	29.16653107	99998.75232	0	0
proton	938.272013	8.806932656	99998.75232	0	0
neutron	939.56536	0.2086422831	99998.75232	0	0
P34	31638.59261	0.2867257938	99998.75232	0	0
neutron	939.56536	29.11555189	99998.74032	0	0
neutron	939.56536	24.20746024	99998.74032	0	0
neutron	939.56536	5.976011185	99998.74032	0	0
S32	29773.62828	0.3235960164	99998.74032	0	0
neutron	939.56536	41.35423429	99998.71123	0	0
neutron	939.56536	25.5135044	99998.71123	0	0
neutron	939.56536	2.529155364	99998.71123	0	0
S32	29773.62828	1.01451572	99998.71123	0	0
neutron	939.56536	1.895151599	99998.71771	0	0
Ne22	20479.73746	0.5079176912	99998.71771	0	0
neutron	939.56536	0.09023264492	99998.69059	0	0
S36	33494.9558	0.1500414656	99998.69059	0	0
S35	32565.27968	0.1383009825	99998.70353	0	0
proton	938.272013	3.540464276	99998.7008	0	0
neutron	939.56536	2.265782724	99998.7008	0	0
neutron	939.56536	0.7450822792	99998.7008	0	0
neutron	939.56536	0.2843774841	99998.7008	0	0
F19	17692.30285	0.5190005833	99998.7008	0	0
Ne23	21414.10216	0.1998802326	99998.80294	0	0
neutron	939.56536	2.211204381	99998.7337	0	0
S34	31632.70018	0.2980858457	99998.7337	0	0
neutron	939.56536	0.1791987635	99998.68203	0	0
S36	33494.9558	0.1162495251	99998.68203	0	0
neutron	939.56536	22.42380355	99998.7501	0	0
neutron	939.56536	3.495099585	99998.7501	0	0
deuteron	1875.613	3.382457914	99998.7501	0	0
P33	30705.30994	1.525638067	99998.7501	0	0
neutron	939.56536	51.42262687	99998.67442	0	0
neutron	939.56536	1.201686826	99998.67442	0	0
alpha	3727.379	12.71798732	99998.67442	0	0
Si29	26984.28567	2.175913748	99998.67442	0	0
proton	938.272013	4.643623258	99998.76848	0	0
neutron	939.56536	0.347099228	99998.76848	0	0
F21	19556.73074	0.06953171982	99998.76848	0	0
neutron	939.56536	9.225567896	99998.70684	0	0
neutron	939.56536	3.358764686	99998.70684	0	0
neutron	939.56536	0.6414662329	99998.70684	0	0
Ne20	18617.73218	0.4080016498	99998.70684	0	0
neutron	939.56536	0.3740232234	99998.76446	0	0
S34	31632.70018	0.1342971759	99998.76446	0	0
neutron	939.56536	28.4847313	99998.72558	0	0
proton	938.272013	20.41536811	99998.72558	0	0
neutron	939.56536	0.2685042137	99998.72558	0	0
F20	18625.26686	0.4528294232	99998.72558	0	0
neutron	939.56536	3.502936049	99998.76574	0	0
S34	31632.70018	0.3014155225	99998.76574	0	0
neutron	939.56536	0.2006520737	99998.77738	0	0
Ne22	20479.73746	0.175949287	99998.77738	0	0
neutron	939.56536	0.6383140886	99998.77741	0	0
S34	31632.70018	0.06278626917	99998.77741	0	0
neutron	939.56536	27.23481857	99998.68801	0	0
neutron	939.56536	3.602924202	99998.68801	0	0
neutron	939.56536	1.000303649	99998.68801	0	0
S34	31632.70018	0.9693445826	99998.68801	0	0
neutron	939.56536	0.21561872	99998.73158	0	0
S34	31632.70018	0.1855589171	99998.73158	0	0
neutron	939.56536	0.9212584184	99998.71975	0	0
S34	31632.70018	0.1323205667	99998.71975	0	0
neutron	939.56536	0.473730082	99998.64138	0	0
S36	33494.9558	0.1750765441	99998.64138	0	0
S35	32565.27968	0.1385300017	99998.74465	0	0
neutron	939.56536	11.27638256	99998.75381	0	0
neutron	939.56536	7.137969478	99998.75381	0	0
proton	938.272013	4.286494457	99998.75381	0	0
proton	938.272013	3.760465411	99998.75381	0	0
neutron	939.56536	2.332631437	99998.75381	0	0
Si30	27913.24182	0.6364762351	99998.75381	0	0
neutron	939.56536	31.58458706	99998.75155	0	0
proton	938.272013	11.87453113	99998.75155	0	0
neutron	939.56536	4.776024284	99998.75155	0	0
neutron	939.56536	1.522617022	99998.75155	0	0
P31	28844.21869	0.5185655059	99998.75155	0	0
proton	938.272013	10.79126226	99998.68071	0	0
neutron	939.56536	3.564153134	99998.68071	0	0
neutron	939.56536	0.9639495486	99998.68071	0	0
F20	18625.26686	0.9551760962	99998.68071	0	0
neutron	939.56536	0.1646003931	99998.67816	0	0
Ne22	20479.73746	0.1943003062	99998.67816	0	0
Ne23	21414.10216	0.2288494638	99998.76162	0	0
neutron	939.56536	0.1468538083	99998.82156	0	0
Ne22	20479.73746	0.2292571087	99998.82156	0	0
S35	32565.27968	0.1660651601	99998.66344	0	0
S37	34430.21755	0.1404474177	99998.74743	0	0
neutron	939.56536	16.52681189	99998.73693	0	0
neutron	939.56536	10.4842161	99998.73693	0	0
neutron	939.56536	0.8414418543	99998.73693	0	0
S32	29773.62828	0.07865437352	99998.73693	0	0
neutron	939.56536	2.175334548	99998.76356	0	0
S34	31632.70018	0.3727943133	99998.76356	0	0
Ne23	21414.10216	0.2081230054	99998.75872	0	0
neutron	939.56536	12.7708837	99998.67831	0	0
proton	938.272013	6.263099231	99998.67831	0	0
neutron	939.56536	6.054090174	99998.67831	0	0
neutron	939.56536	1.955220606	99998.67831	0	0
alpha	3727.379	7.659764258	99998.67831	0	0
N15	13968.93638	1.402988213	99998.67831	0	0
neutron	939.56536	21.00565447	99998.73545	0	0
neutron	939.56536	2.704031774	99998.73545	0	0
neutron	939.56536	1.846981696	99998.73545	0	0
S32	29773.62828	0.8897149007	99998.73545	0	0
neutron	939.56536	7.719998025	99998.74922	0	0
neutron	939.56536	5.675310409	99998.74922	0	0
proton	938.272013	2.717048309	99998.74922	0	0
neutron	939.56536	2.024484039	99998.74922	0	0
P31	28844.21869	0.2240769742	99998.74922	0	0
neutron	939.56536	3.464458366	99998.8081	0	0
neutron	939.56536	2.4077985	99998.8081	0	0
neutron	939.56536	0.394040802	99998.8081	0	0
S32	29773.62828	0.2443060437	99998.8081	0	0
Ne23	21414.10216	0.2103661487	99998.77079	0	0
S35	32565.27968	0.1425351636	99998.68767	0	0
neutron	939.56536	30.19315707	99998.7891	0	0
neutron	939.56536	26.55296043	99998.7891	0	0
neutron	939.56536	1.202360946	99998.7891	0	0
Ne20	18617.73218	2.740351228	99998.7891	0	0
neutron	939.56536	0.327476992	99998.7647	0	0
S36	33494.9558	0.1276233365	99998.7647	0	0
neutron	939.56536	19.99207977	99998.73939	0	0
neutron	939.56536	15.68724916	99998.73939	0	0
neutron	939.56536	3.87739844	99998.73939	0	0
S32	29773.62828	2.483555205	99998.73939	0	0
S35	32565.27968	0.1526459969	99998.87088	0	0
neutron	939.56536	1.587973057	99998.6998	0	0
Ne22	20479.73746	0.08284564375	99998.6998	0	0
neutron	939.56536	1.037852075	99998.68124	0	0
S36	33494.9558	0.0803191357	99998.68124	0	0
neutron	939.56536	3.870705324	99998.67291	0	0
neutron	939.56536	1.599075151	99998.67291	0	0
neutron	939.56536	0.09353206066	99998.67291	0	0
S34	31632.70018	0.230474555	99998.67291	0	0
neutron	939.56536	14.42106407	99998.76862	0	0
neutron	939.56536	5.386447371	99998.76862	0	0
neutron	939.56536	4.025902139	99998.76862	0	0
Ne20	18617.73218	0.5224762403	99998.76862	0	0
proton	938.272013	3.322868891	99998.80332	0	0
neutron	939.56536	3.084875777	99998.80332	0	0
P33	30705.30994	0.1711974819	99998.80332	0	0
proton	938.272013	4.628657046	99998.75609	0	0
neutron	939.56536	2.788673898	99998.75609	0	0
neutron	939.56536	1.558515938	99998.75609	0	0
deuteron	1875.613	6.951402698	99998.75609	0	0
Si30	27913.24182	0.3703011226	99998.75609	0	0
neutron	939.56536	15.46638693	99998.73521	0	0
neutron	939.56536	6.982748342	99998.73521	0	0
neutron	939.56536	2.905893299	99998.73521	0	0
alpha	3727.379	4.594931962	99998.73521	0	0
O16	14895.08153	2.048205973	99998.73521	0	0
neutron	939.56536	0.6609660724	99998.70143	0	0
Ne22	20479.73746	0.1445427339	99998.70143	0	0
S37	34430.21755	0.1440205423	99998.74822	0	0
neutron	939.56536	0.3650882918	99998.70053	0	0
Ne22	20479.73746	0.2501748901	99998.70053	0	0
neutron	939.56536	5.242374571	99999.97025	0	0
neutron	939.56536	2.201597333	99999.97025	0	0
neutron	939.56536	1.919983321	99999.97025	0	0
S32	29773.62828	0.3782765215	99999.97025	0	0
proton	938.272013	10.6447598	99998.76834	0	0
neutron	939.56536	7.441508091	99998.76834	0	0
neutron	939.56536	2.318470337	99998.76834	0	0
neutron	939.56536	1.191763967	99998.76834	0	0
F19	17692.30285	0.6131291512	99998.76834	0	0
Ne23	21414.10216	0.2287084355	99998.76224	0	0
proton	938.272013	19.36546205	99998.72391	0	0
neutron	939.56536	3.117598673	99998.72391	0	0
neutron	939.56536	2.504047103	99998.72391	0	0
neutron	939.56536	1.695809683	99998.72391	0	0
P33	30705.30994	0.146704544	99998.72391	0	0
S35	32565.27968	0.1444052113	99998.74103	0	0
neutron	939.56536	1.602606616	99998.7112	0	0
S34	31632.70018	0.1258205689	99998.7112	0	0
neutron	939.56536	5.239571482	99998.72428	0	0
Ne22	20479.73746	0.2284132565	99998.72428	0	0
neutron	939.56536	1.075237295	99998.8017	0	0
S34	31632.70018	0.1401767882	99998.8017	0	0
neutron	939.56536	9.015862519	99998.82606	0	0
neutron	939.56536	5.659006629	99998.82606	0	0
proton	938.272013	3.524564329	99998.82606	0	0
deuteron	1875.613	5.480756296	99998.82606	0	0
Si30	27913.24182	0.6457550029	99998.82606	0	0
S35	32565.27968	0.1615354489	99998.69059	0	0
Ne23	21414.10216	0.2288686883	99999.07346	0	0
neutron	939.56536	1.272309448	99998.70154	0	0
S34	31632.70018	0.2503650183	99998.70154	0	0
neutron	939.56536	0.04295986841	99998.76123	0	0
S34	31632.70018	0.1696682131	99998.76123	0	0
neutron	939.56536	10.17892972	99998.69615	0	0
proton	938.272013	4.707114107	99998.69615	0	0
neutron	939.56536	4.056742196	99998.69615	0	0
proton	938.272013	3.586521637	99998.69615	0	0
Si31	28846.21977	0.6013914535	99998.69615	0	0
neutron	939.56536	4.153488571	99998.8145	0	0
neutron	939.56536	3.48964244	99998.8145	0	0
neutron	939.56536	2.67344909	99998.8145	0	0
S34	31632.70018	0.242004316	99998.8145	0	0
neutron	939.56536	0.3703223268	99998.65502	0	0
S34	31632.70018	0.2346839478	99998.65502	0	0
neutron	939.56536	0.251469025	99998.69944	0	0
Ne22	20479.73746	0.2017128618	99998.69944	0	0
proton	938.272013	3.787487879	99998.79043	0	0
neutron	939.56536	3.134460895	99998.79043	0	0
neutron	939.56536	2.692634373	99998.79043	0	0
neutron	939.56536	1.526015601	99998.79043	0	0
P31	28844.21869	0.5631589269	99998.79043	0	0
neutron	939.56536	4.636149385	99998.77576	0	0
neutron	939.56536	4.580547162	99998.77576	0	0
S33	30704.55199	0.5345669508	99998.77576	0	0
S37	34430.21755	0.1348736846	99998.76808	0	0
neutron	939.56536	0.6050809782	99998.83216	0	0
Ne22	20479.73746	0.181430449	99998.83216	0	0
neutron	939.56536	0.8183807585	99998.77318	0	0
S34	31632.70018	0.2502976174	99998.77318	0	0
neutron	939.56536	5.759660219	99998.6855	0	0
proton	938.272013	5.717785947	99998.6855	0	0
neutron	939.56536	0.8365585648	99998.6855	0	0
P32	29775.84838	0.1410680995	99998.6855	0	0
Ne23	21414.10216	0.223592849	99998.73616	0	0
neutron	939.56536	15.22488462	99998.84202	0	0
neutron	939.56536	12.86647679	99998.84202	0	0
neutron	939.56536	2.575143291	99998.84202	0	0
S34	31632.70018	2.106618058	99998.84202	0	0
S37	34430.21755	0.1419307169	99998.70193	0	0
neutron	939.56536	32.40986396	99998.75303	0	0
neutron	939.56536	25.15387966	99998.75303	0	0
neutron	939.56536	1.731663711	99998.75303	0	0
S32	29773.62828	0.9430356265	99998.75303	0	0
neutron	939.56536	26.47260967	99998.85109	0	0
neutron	939.56536	6.374883583	99998.85109	0	0
proton	938.272013	4.122088778	99998.85109	0	0
proton	938.272013	3.757981545	99998.85109	0	0
neutron	939.56536	3.567957251	99998.85109	0	0
Si30	27913.24182	0.7866501633	99998.85109	0	0
neutron	939.56536	2.250421341	99998.77818	0	0
S34	31632.70018	0.02984191509	99998.77818	0	0
proton	938.272013	42.315211	99998.76769	0	0
neutron	939.56536	5.354602359	99998.76769	0	0
neutron	939.56536	3.664134144	99998.76769	0	0
neutron	939.56536	2.249227921	99998.76769	0	0
F19	17692.30285	1.0774676	99998.76769	0	0
neutron	939.56536	0.1558540243	99998.74416	0	0
Ne22	20479.73746	0.2346319669	99998.74416	0	0
proton	938.272013	9.918870425	99998.7332	0	0
neutron	939.56536	1.765362743	99998.7332	0	0
neutron	939.56536	1.266783135	99998.7332	0	0
neutron	939.56536	0.7593802983	99998.7332	0	0
P33	30705.30994	0.03675810729	99998.7332	0	0
neutron	939.56536	33.26024498	99998.67822	0	0
neutron	939.56536	10.31042614	99998.67822	0	0
neutron	939.56536	1.505643198	99998.67822	0	0
Ne20	18617.73218	1.198334948	99998.67822	0	0
neutron	939.56536	0.6429979127	99998.74417	0	0
Ne22	20479.73746	0.359766375	99998.74417	0	0
Ne23	21414.10216	0.2218578995	99998.77154	0	0
neutron	939.56536	0.9202142466	99998.72562	0	0
S36	33494.9558	0.1928959707	99998.72562	0	0
neutron	939.56536	2.883650309	99998.73624	0	0
neutron	939.56536	1.522002002	99998.73624	0	0
neutron	939.56536	0.5084173916	99998.73624	0	0
Ne20	18617.73218	0.06436432627	99998.73624	0	0
neutron	939.56536	1.126379379	99998.70515	0	0
S34	31632.70018	0.06011741065	99998.70515	0	0
neutron	939.56536	6.497514217	99998.70197	0	0
neutron	939.56536	0.3999394438	99998.70197	0	0
deuteron	1875.613	4.623769097	99998.70197	0	0
P31	28844.21869	0.2342316553	99998.70197	0	0
proton	938.272013	28.57271274	99998.76948	0	0
neutron	939.56536	3.437608989	99998.76948	0	0
proton	938.272013	2.744881192	99998.76948	0	0
O20	18629.59082	1.899071885	99998.76948	0	0
neutron	939.56536	8.065174453	99998.74487	0	0
neutron	939.56536	5.488349835	99998.74487	0	0
proton	938.272013	5.122386421	99998.74487	0	0
triton	2808.921	0.9103205631	99998.74487	0	0
O17	15830.5038	2.618665342	99998.74487	0	0
Ne23	21414.10216	0.2257758172	99998.78717	0	0
proton	938.272013	16.36027545	99998.67921	0	0
neutron	939.56536	12.89722679	99998.67921	0	0
proton	938.272013	4.519798534	99998.67921	0	0
O20	18629.59082	2.098757282	99998.67921	0	0
S35	32565.27968	0.1499498288	99998.65314	0	0
neutron	939.56536	1.888589436	99998.68345	0	0
S34	31632.70018	0.2215529003	99998.68345	0	0
neutron	939.56536	1.498172681	99998.74001	0	0
S34	31632.70018	0.07658359128	99998.74001	0	0
proton	938.272013	6.594841783	99998.72851	0	0
neutron	939.56536	0.4931325697	99998.72851	0	0
F21	19556.73074	0.343604035	99998.72851	0	0
neutron	939.56536	0.8385167813	99998.64204	0	0
Ne22	20479.73746	0.3341401884	99998.64204	0	0
neutron	939.56536	0.5470954794	99998.79237	0	0
S36	33494.9558	0.2326728424	99998.79237	0	0
neutron	939.56536	2.414053801	99998.69935	0	0
S34	31632.70018	0.1017668526	99998.69935	0	0
neutron	939.56536	1.854930521	99998.73625	0	0
S34	31632.70018	0.1918352767	99998.73625	0	0
neutron	939.56536	22.76080402	99998.77163	0	0
neutron	939.56536	0.9895262504	99998.77163	0	0
S33	30704.55199	0.5245462622	99998.77163	0	0
neutron	939.56536	3.664006132	99998.80894	0	0
S34	31632.70018	0.4682165354	99998.80894	0	0
S35	32565.27968	0.139568695	99998.72965	0	0
neutron	939.56536	4.811342323	99998.78535	0	0
neutron	939.56536	3.998412008	99998.78535	0	0
proton	938.272013	3.903186342	99998.78535	0	0
neutron	939.56536	1.449652823	99998.78535	0	0
F19	17692.30285	0.4077089484	99998.78535	0	0
neutron	939.56536	1.20041377	99998.70353	0	0
Ne22	20479.73746	0.10939915	99998.70353	0	0
neutron	939.56536	0.857180405	99998.76762	0	0
S34	31632.70018	0.2786725241	99998.76762	0	0
neutron	939.56536	0.658213546	99998.77558	0	0
S34	31632.70018	0.1039289389	99998.77558	0	0
Ne23	21414.10216	0.2192743993	99998.7096	0	0
S35	32565.27968	0.1487109115	99998.67089	0	0
neutron	939.56536	3.518296225	99998.80525	0	0
neutron	939.56536	0.7842342852	99998.80525	0	0
S33	30704.55199	0.07945088706	99998.80525	0	0
S37	34430.21755	0.1405303173	99998.70107	0	0
neutron	939.56536	18.36020918	99998.70496	0	0
neutron	939.56536	7.951016381	99998.70496	0	0
neutron	939.56536	3.752487996	99998.70496	0	0
alpha	3727.379	5.722167552	99998.70496	0	0
O16	14895.08153	1.552768352	99998.70496	0	0
neutron	939.56536	1.049301174	99998.70926	0	0
Ne22	20479.73746	0.1594763465	99998.70926	0	0
neutron	939.56536	9.008794551	99998.72679	0	0
proton	938.272013	5.046002787	99998.72679	0	0
neutron	939.56536	2.307265169	99998.72679	0	0
neutron	939.56536	2.251760144	99998.72679	0	0
neutron	939.56536	1.960157459	99998.72679	0	0
P32	29775.84838	0.2190032891	99998.72679	0	0
S35	32565.27968	0.1663646041	99998.67096	0	0
neutron	939.56536	7.434885475	99998.66592	0	0
neutron	939.56536	2.37487814	99998.66592	0	0
S33	30704.55199	0.10271703	99998.66592	0	0
Ne23	21414.10216	0.2153849599	99998.65528	0	0
proton	938.272013	5.533659097	99998.87895	0	0
neutron	939.56536	2.506977453	99998.87895	0	0
P35	32569.77755	0.01851142177	99998.87895	0	0
neutron	939.56536	4.476435046	99998.68071	0	0
neutron	939.56536	3.237336667	99998.68071	0	0
S33	30704.55199	0.06479536843	99998.68071	0	0
neutron	939.56536	9.022366191	99998.76393	0	0
neutron	939.56536	0.4448059675	99998.76393	0	0
S33	30704.55199	0.1473338299	99998.76393	0	0
neutron	939.56536	10.65636005	99998.6282	0	0
neutron	939.56536	2.979231559	99998.6282	0	0
neutron	939.56536	2.273234037	99998.6282	0	0
alpha	3727.379	6.568834648	99998.6282	0	0
O16	14895.08153	0.8825577035	99998.6282	0	0
proton	938.272013	9.160919593	99998.88539	0	0
neutron	939.56536	5.1778425	99998.88539	0	0
proton	938.272013	3.047860728	99998.88539	0	0
neutron	939.56536	1.846987844	99998.88539	0	0
neutron	939.56536	0.7186834936	99998.88539	0	0
neutron	939.56536	0.2633139535	99998.88539	0	0
Si29	26984.28567	0.6120212199	99998.88539	0	0
neutron	939.56536	5.534285173	99998.71163	0	0
neutron	939.56536	4.194223974	99998.71163	0	0
neutron	939.56536	3.499488141	99998.71163	0	0
alpha	3727.379	5.823134393	99998.71163	0	0
O16	14895.08153	2.098161309	99998.71163	0	0
neutron	939.56536	20.54067272	99998.74257	0	0
neutron	939.56536	13.71770211	99998.74257	0	0
neutron	939.56536	1.626830054	99998.74257	0	0
S34	31632.70018	0.03049944988	99998.74257	0	0
neutron	939.56536	12.87934831	99998.74214	0	0
neutron	939.56536	3.971852497	99998.74214	0	0
neutron	939.56536	3.758734414	99998.74214	0	0
S32	29773.62828	1.355576173	99998.74214	0	0
neutron	939.56536	0.5669935183	99998.75229	0	0
S34	31632.70018	0.1018997769	99998.75229	0	0
neutron	939.56536	4.533865615	99998.72184	0	0
neutron	939.56536	4.297390265	99998.72184	0	0
neutron	939.56536	2.119445306	99998.72184	0	0
S32	29773.62828	0.2278078222	99998.72184	0	0
neutron	939.56536	0.5588766004	99998.7112	0	0
S36	33494.9558	0.2425977931	99998.7112	0	0
neutron	939.56536	0.1513751976	99998.66404	0	0
S34	31632.70018	0.1099903232	99998.66404	0	0
proton	938.272013	27.70203104	99998.7101	0	0
proton	938.272013	23.06176518	99998.7101	0	0
neutron	939.56536	1.010899496	99998.7101	0	0
Si32	29776.58515	0.5005596196	99998.7101	0	0
proton	938.272013	4.968195612	99998.87639	0	0
neutron	939.56536	1.922806987	99998.87639	0	0
neutron	939.56536	0.6482990514	99998.87639	0	0
neutron	939.56536	0.5777661135	99998.87639	0	0
deuteron	1875.613	1.503446557	99998.87639	0	0
Si29	26984.28567	0.5419965751	99998.87639	0	0
neutron	939.56536	26.00337011	99998.69034	0	0
neutron	939.56536	3.49603851	99998.69034	0	0
neutron	939.56536	1.965584115	99998.69034	0	0
Ne20	18617.73218	2.687713369	99998.69034	0	0
neutron	939.56536	1.437590241	99998.65232	0	0
S36	33494.9558	0.1438980446	99998.65232	0	0
neutron	939.56536	8.364700594	99998.66092	0	0
Ne22	20479.73746	0.6822260735	99998.66092	0	0
neutron	939.56536	0.5882023364	99998.69687	0	0
S34	31632.70018	0.127649599	99998.69687	0	0
neutron	939.56536	6.922036957	99998.7361	0	0
neutron	939.56536	5.558249786	99998.7361	0	0
neutron	939.56536	1.569849949	99998.7361	0	0
alpha	3727.379	5.50766513	99998.7361	0	0
alpha	3727.379	6.105194467	99998.7361	0	0
C12	11174.86339	2.709695736	99998.7361	0	0
neutron	939.56536	7.267889711	99998.7373	0	0
neutron	939.56536	6.03799245	99998.7373	0	0
neutron	939.56536	0.5951427576	99998.7373	0	0
alpha	3727.379	6.765183088	99998.7373	0	0
Si28	26053.19393	0.5870707614	99998.7373	0	0
proton	938.272013	9.530952761	99998.7788	0	0
neutron	939.56536	8.882699467	99998.7788	0	0
neutron	939.56536	2.586823217	99998.7788	0	0
neutron	939.56536	2.15598942	99998.7788	0	0
P31	28844.21869	0.3745675685	99998.7788	0	0
neutron	939.56536	2.587992548	99998.7262	0	0
neutron	939.56536	2.246075936	99998.7262	0	0
S33	30704.55199	0.3216932149	99998.7262	0	0
neutron	939.56536	1.146727555	99998.76869	0	0
S36	33494.9558	0.0870398837	99998.76869	0	0
Ne23	21414.10216	0.2087027827	99998.75512	0	0
neutron	939.56536	1.852729245	99998.78546	0	0
S34	31632.70018	0.04345323697	99998.78546	0	0
Ne23	21414.10216	0.2217175578	99998.7492	0	0
neutron	939.56536	0.7139864135	99998.75722	0	0
S36	33494.9558	0.07110601291	99998.75722	0	0
neutron	939.56536	13.08018639	99998.72953	0	0
neutron	939.56536	5.297121827	99998.72953	0	0
neutron	939.56536	3.933780387	99998.72953	0	0
Ne20	18617.73218	0.2969863895	99998.72953	0	0
S35	32565.27968	0.1478645747	99998.74421	0	0
neutron	939.56536	0.7451025007	99998.67047	0	0
S36	33494.9558	0.1305585944	99998.67047	0	0
neutron	939.56536	0.2860410337	99998.77848	0	0
S36	33494.9558	0.1086984558	99998.77848	0	0
S35	32565.27968	0.1562036274	99998.79608	0	0
neutron	939.56536	2.888233393	99998.65818	0	0
S36	33494.9558	0.2495139463	99998.65818	0	0
S35	32565.27968	0.1581373783	99998.81792	0	0
neutron	939.56536	3.188411575	99998.7101	0	0
neutron	939.56536	1.234825635	99998.7101	0	0
alpha	3727.379	14.27846815	99998.7101	0	0
Si29	26984.28567	2.732122752	99998.7101	0	0
neutron	939.56536	1.909954634	99998.72658	0	0
S34	31632.70018	0.3377087909	99998.72658	0	0
neutron	939.56536	20.99239039	99998.71965	0	0
neutron	939.56536	2.440843683	99998.71965	0	0
neutron	939.56536	2.259670674	99998.71965	0	0
S32	29773.62828	0.8881092528	99998.71965	0	0
neutron	939.56536	30.70221315	99998.71826	0	0
proton	938.272013	3.224935001	99998.71826	0	0
neutron	939.56536	2.482271302	99998.71826	0	0
neutron	939.56536	0.3715199501	99998.71826	0	0
P31	28844.21869	0.1500606516	99998.71826	0	0
S35	32565.27968	0.1622699676	99998.68014	0	0
neutron	939.56536	1.438568072	99998.68827	0	0
S34	31632.70018	0.180932847	99998.68827	0	0
S35	32565.27968	0.1551346606	99998.79897	0	0
neutron	939.56536	9.718729114	99998.76128	0	0
neutron	939.56536	6.470746262	99998.76128	0	0
neutron	939.56536	2.074254915	99998.76128	0	0
S32	29773.62828	0.6717387846	99998.76128	0	0
S35	32565.27968	0.1438949182	99998.66945	0	0
S35	32565.27968	0.1432149687	99998.70842	0	0
neutron	939.56536	0.4551706544	99998.81068	0	0
S34	31632.70018	0.08806660225	99998.81068	0	0
neutron	939.56536	0.9274570079	99998.67309	0	0
S34	31632.70018	0.1839094684	99998.67309	0	0
neutron	939.56536	8.084247667	99998.74288	0	0
Ne22	20479.73746	0.7713773765	99998.74288	0	0
neutron	939.56536	7.196539026	99998.73873	0	0
neutron	939.56536	0.4397664224	99998.73873	0	0
S33	30704.55199	0.06736776603	99998.73873	0	0
neutron	939.56536	6.54151699	99998.68757	0	0
proton	938.272013	3.888351961	99998.68757	0	0
deuteron	1875.613	2.768433654	99998.68757	0	0
Si33	30711.64254	0.1069415885	99998.68757	0	0
Ne23	21414.10216	0.2197237714	99998.71012	0	0
neutron	939.56536	0.66948979	99998.69679	0	0
Ne22	20479.73746	0.2901971215	99998.69679	0	0
Ne23	21414.10216	0.2126579284	99998.73801	0	0
neutron	939.56536	15.2085012	99998.71127	0	0
proton	938.272013	10.92844551	99998.71127	0	0
neutron	939.56536	3.578912337	99998.71127	0	0
neutron	939.56536	3.193007225	99998.71127	0	0
P31	28844.21869	0.124013477	99998.71127	0	0
neutron	939.56536	2.564176638	99998.72411	0	0
neutron	939.56536	0.1825000054	99998.72411	0	0
S33	30704.55199	0.2499731544	99998.72411	0	0
S35	32565.27968	0.1650596518	99998.75242	0	0
neutron	939.56536	2.311541752	99998.71816	0	0
neutron	939.56536	1.60411954	99998.71816	0	0
neutron	939.56536	0.3520503817	99998.71816	0	0
S34	31632.70018	0.08988497144	99998.71816	0	0
neutron	939.56536	35.76956302	99998.73459	0	0
neutron	939.56536	9.154436446	99998.73459	0	0
neutron	939.56536	8.473869833	99998.73459	0	0
neutron	939.56536	1.604942493	99998.73459	0	0
S33	30704.55199	2.224520295	99998.73459	0	0
neutron	939.56536	1.555420978	99998.7077	0	0
S34	31632.70018	0.1774382507	99998.7077	0	0
neutron	939.56536	0.9523128644	99998.76159	0	0
S34	31632.70018	0.2897017763	99998.76159	0	0
S37	34430.21755	0.1320292678	99998.69372	0	0
S35	32565.27968	0.1580555171	99998.79985	0	0
neutron	939.56536	1.208224377	99998.75	0	0
S36	33494.9558	0.1834408612	99998.75	0	0
Ne23	21414.10216	0.2292960582	99998.69676	0	0
Ne23	21414.10216	0.2235477033	99998.80242	0	0
Ne23	21414.10216	0.2101940843	99998.76256	0	0
neutron	939.56536	1.96499059	99998.77451	0	0
S34	31632.70018	0.09230129457	99998.77451	0	0
neutron	939.56536	2.495877722	99998.62693	0	0
S34	31632.70018	0.1275879734	99998.62693	0	0
neutron	939.56536	7.936970319	99998.68666	0	0
neutron	939.56536	6.007490824	99998.68666	0	0
neutron	939.56536	4.55878769	99998.68666	0	0
alpha	3727.379	3.781950136	99998.68666	0	0
O16	14895.08153	1.958029706	99998.68666	0	0
Ne23	21414.10216	0.2200402202	99998.68444	0	0
neutron	939.56536	4.064503691	99998.87364	0	0
neutron	939.56536	1.365194949	99998.87364	0	0
neutron	939.56536	0.9626739091	99998.87364	0	0
Ne20	18617.73218	0.2248968399	99998.87364	0	0
neutron	939.56536	0.8007485153	99998.78095	0	0
S36	33494.9558	0.06850256371	99998.78095	0	0
neutron	939.56536	0.1340928663	99998.70325	0	0
Ne22	20479.73746	0.2642172032	99998.70325	0	0
neutron	939.56536	0.8631550341	99998.69871	0	0
S36	33494.9558	0.2668471901	99998.69871	0	0
Ne23	21414.10216	0.2185665413	99998.77414	0	0
proton	938.272013	11.74596445	99998.71319	0	0
neutron	939.56536	5.673990083	99998.71319	0	0
neutron	939.56536	1.20551317	99998.71319	0	0
deuteron	1875.613	10.94413576	99998.71319	0	0
Si30	27913.24182	1.063788592	99998.71319	0	0
neutron	939.56536	1.583277538	99998.72831	0	0
S34	31632.70018	0.02737196374	99998.72831	0	0
neutron	939.56536	4.057242867	99998.77315	0	0
neutron	939.56536	3.877732774	99998.77315	0	0
neutron	939.56536	1.719402693	99998.77315	0	0
S34	31632.70018	0.155395128	99998.77315	0	0
Ne23	21414.10216	0.230627572	99998.76419	0	0
neutron	939.56536	3.05127571	99998.69899	0	0
S34	31632.70018	0.1983415983	99998.69899	0	0
neutron	939.56536	0.468155199	99998.79855	0	0
S36	33494.9558	0.1167183215	99998.79855	0	0
S35	32565.27968	0.1535428257	99998.68534	0	0
neutron	939.56536	5.35562678	99998.72063	0	0
neutron	939.56536	4.377538481	99998.72063	0	0
neutron	939.56536	2.87884381	99998.72063	0	0
Ne20	18617.73218	0.6312489822	99998.72063	0	0
neutron	939.56536	0.5092533105	99998.73663	0	0
S34	31632.70018	0.2408414352	99998.73663	0	0
neutron	939.56536	0.2653070465	99998.75782	0	0
S34	31632.70018	0.1247770974	99998.75782	0	0
neutron	939.56536	0.1525559199	99998.76298	0	0
S34	31632.70018	0.1464298141	99998.76298	0	0
neutron	939.56536	0.317806094	99998.75919	0	0
Ne22	20479.73746	0.1638124616	99998.75919	0	0
neutron	939.56536	0.8178386451	99998.67622	0	0
S34	31632.70018	0.2508945493	99998.67622	0	0
S35	32565.27968	0.1550174001	99998.70001	0	0
S37	34430.21755	0.1434862933	99998.76694	0	0
Ne23	21414.10216	0.2257210614	99998.73267	0	0
S35	32565.27968	0.1383886765	99998.71429	0	0
neutron	939.56536	1.742084625	99998.76389	0	0
S34	31632.70018	0.1998024991	99998.76389	0	0
neutron	939.56536	22.75662702	99998.72975	0	0
neutron	939.56536	1.563373792	99998.72975	0	0
alpha	3727.379	9.341605112	99998.72975	0	0
O17	15830.5038	3.113170906	99998.72975	0	0
neutron	939.56536	0.1325710854	99998.79885	0	0
Ne22	20479.73746	0.2080504252	99998.79885	0	0
neutron	939.56536	0.257389453	99998.83548	0	0
Ne22	20479.73746	0.2267782607	99998.83548	0	0
S37	34430.21755	0.13938541	99998.77134	0	0
Ne23	21414.10216	0.2146109055	99998.68239	0	0
neutron	939.56536	9.677790079	99998.70662	0	0
neutron	939.56536	3.394270993	99998.70662	0	0
S33	30704.55199	0.2840468783	99998.70662	0	0
Ne23	21414.10216	0.2192084477	99998.75958	0	0
neutron	939.56536	6.564367634	99998.74411	0	0
neutron	939.56536	5.866235302	99998.74411	0	0
neutron	939.56536	5.220822306	99998.74411	0	0
proton	938.272013	2.304691682	99998.74411	0	0
P31	28844.21869	0.3513419999	99998.74411	0	0
neutron	939.56536	21.3030521	99998.75708	0	0
neutron	939.56536	16.77464314	99998.75708	0	0
neutron	939.56536	1.360444423	99998.75708	0	0
S32	29773.62828	0.3183415538	99998.75708	0	0
neutron	939.56536	2.278941891	99998.65593	0	0
S36	33494.9558	0.1513983782	99998.65593	0	0
Ne23	21414.10216	0.2317948372	99998.72359	0	0
neutron	939.56536	0.7607152564	99998.81828	0	0
Ne22	20479.73746	0.3270975264	99998.81828	0	0
Ne23	21414.10216	0.2143496485	99998.67586	0	0
neutron	939.56536	0.4396156106	99998.72503	0	0
S34	31632.70018	0.1427121169	99998.72503	0	0
proton	938.272013	20.98907011	99998.70359	0	0
neutron	939.56536	2.254360771	99998.70359	0	0
neutron	939.56536	1.653451789	99998.70359	0	0
deuteron	1875.613	5.005876757	99998.70359	0	0
Si30	27913.24182	1.280889228	99998.70359	0	0
Ne23	21414.10216	0.2210518509	99998.77861	0	0
neutron	939.56536	0.0379135408	99998.65705	0	0
S36	33494.9558	0.1153412852	99998.65705	0	0
neutron	939.56536	28.29381965	99998.72191	0	0
alpha	3727.379	16.17129995	99998.72191	0	0
Si30	27913.24182	3.230132161	99998.72191	0	0
S37	34430.21755	0.1374022235	99998.73822	0	0
S35	32565.27968	0.1361605097	99998.76744	0	0
neutron	939.56536	0.9118883215	99998.69885	0	0
S34	31632.70018	0.280495004	99998.69885	0	0
neutron	939.56536	0.5436149174	99998.75454	0	0
S34	31632.70018	0.06363762665	99998.75454	0	0
neutron	939.56536	4.229432707	99998.74117	0	0
neutron	939.56536	0.7797454093	99998.74117	0	0
neutron	939.56536	0.3929551167	99998.74117	0	0
Ne20	18617.73218	0.3403869182	99998.74117	0	0
neutron	939.56536	34.26594036	99998.81241	0	0
neutron	939.56536	3.099860311	99998.81241	0	0
neutron	939.56536	1.259746676	99998.81241	0	0
S32	29773.62828	1.372150592	99998.81241	0	0
Ne23	21414.10216	0.2229584669	99998.84871	0	0
Ne23	21414.10216	0.2151496389	99998.68922	0	0
S35	32565.27968	0.1420709144	99998.7467	0	0
neutron	939.56536	9.691021887	99998.70802	0	0
proton	938.272013	9.368078541	99998.70802	0	0
neutron	939.56536	0.207925038	99998.70802	0	0
P32	29775.84838	0.03168050445	99998.70802	0	0
S35	32565.27968	0.1644648534	99998.89031	0	0
neutron	939.56536	1.179105866	99998.75064	0	0
S34	31632.70018	0.1856081537	99998.75064	0	0
neutron	939.56536	1.808567469	99998.74639	0	0
S34	31632.70018	0.06282392839	99998.74639	0	0
S35	32565.27968	0.1540335535	99998.7023	0	0
neutron	939.56536	0.3043120912	99998.80507	0	0
alpha	3727.379	7.733759123	99998.80507	0	0
Si30	27913.24182	0.8435741605	99998.80507	0	0
Ne23	21414.10216	0.2027613393	99998.71728	0	0
neutron	939.56536	0.2784649536	99998.78557	0	0
S34	31632.70018	0.2261001955	99998.78557	0	0
S35	32565.27968	0.1448916915	99998.77657	0	0
neutron	939.56536	0.2660552578	99998.78004	0	0
Ne22	20479.73746	0.1331533712	99998.78004	0	0
neutron	939.56536	4.171578567	99998.77327	0	0
deuteron	1875.613	7.003904868	99998.77327	0	0
P32	29775.84838	0.3605027523	99998.77327	0	0
neutron	939.56536	14.46548874	99998.74949	0	0
neutron	939.56536	12.38637099	99998.74949	0	0
neutron	939.56536	3.21548299	99998.74949	0	0
alpha	3727.379	4.050725797	99998.74949	0	0
O16	14895.08153	2.096035624	99998.74949	0	0
neutron	939.56536	8.196366273	99998.72199	0	0
proton	938.272013	4.911855625	99998.72199	0	0
proton	938.272013	3.951123678	99998.72199	0	0
Si32	29776.58515	0.5794647524	99998.72199	0	0
proton	938.272013	8.29536501	99998.82109	0	0
neutron	939.56536	3.701464489	99998.82109	0	0
neutron	939.56536	3.578140593	99998.82109	0	0
neutron	939.56536	1.343262927	99998.82109	0	0
F19	17692.30285	0.07575733588	99998.82109	0	0
neutron	939.56536	4.895882549	99998.74361	0	0
neutron	939.56536	2.805302752	99998.74361	0	0
neutron	939.56536	1.267310153	99998.74361	0	0
neutron	939.56536	0.5215451449	99998.74361	0	0
S33	30704.55199	0.2258099357	99998.74361	0	0
neutron	939.56536	0.957662412	99998.76118	0	0
S34	31632.70018	0.09859537684	99998.76118	0	0
neutron	939.56536	5.654305499	99998.73012	0	0
neutron	939.56536	4.717764893	99998.73012	0	0
neutron	939.56536	0.5615315387	99998.73012	0	0
S32	29773.62828	0.4057185533	99998.73012	0	0
neutron	939.56536	0.2657994378	99998.91208	0	0
S34	31632.70018	0.1802596239	99998.91208	0	0
neutron	939.56536	4.365356927	99998.73269	0	0
neutron	939.56536	3.516964681	99998.73269	0	0
Ne21	19550.53637	0.1639099417	99998.73269	0	0
neutron	939.56536	0.9748766219	99998.66973	0	0
S36	33494.9558	0.06781721362	99998.66973	0	0
neutron	939.56536	0.1763692313	99998.70565	0	0
S34	31632.70018	0.1878298523	99998.70565	0	0
neutron	939.56536	3.305871545	99998.77264	0	0
Ne22	20479.73746	0.006318347946	99998.77264	0	0
neutron	939.56536	0.6855661084	99998.78823	0	0
S36	33494.9558	0.05391564237	99998.78823	0	0
neutron	939.56536	12.98195063	99998.71777	0	0
neutron	939.56536	3.680374864	99998.71777	0	0
proton	938.272013	3.627993587	99998.71777	0	0
proton	938.272013	3.006378183	99998.71777	0	0
neutron	939.56536	1.284894673	99998.71777	0	0
Si30	27913.24182	1.035667869	99998.71777	0	0
S37	34430.21755	0.1367361041	99998.74463	0	0
neutron	939.56536	0.2985053585	99998.75198	0	0
S36	33494.9558	0.1017030091	99998.75198	0	0
neutron	939.56536	3.156792538	99998.68161	0	0
S34	31632.70018	0.1936724436	99998.68161	0	0
neutron	939.56536	0.9680026546	99998.85162	0	0
S34	31632.70018	0.2846171138	99998.85162	0	0
S35	32565.27968	0.1484078712	99998.79431	0	0
proton	938.272013	20.50562636	99998.62482	0	0
neutron	939.56536	10.33916049	99998.62482	0	0
neutron	939.56536	2.678950807	99998.62482	0	0
F20	18625.26686	0.666465869	99998.62482	0	0
proton	938.272013	6.16610861	99998.71404	0	0
neutron	939.56536	1.972214796	99998.71404	0	0
neutron	939.56536	0.4277341512	99998.71404	0	0
F20	18625.26686	0.1689689567	99998.71404	0	0
neutron	939.56536	0.314759	99998.79479	0	0
S34	31632.70018	0.2185346223	99998.79479	0	0
neutron	939.56536	2.244340472	99998.67203	0	0
S34	31632.70018	0.1859873774	99998.67203	0	0
neutron	939.56536	6.826230638	99998.74042	0	0
neutron	939.56536	0.8640430238	99998.74042	0	0
neutron	939.56536	0.6202017993	99998.74042	0	0
S34	31632.70018	0.08413145081	99998.74042	0	0
neutron	939.56536	0.499506359	99998.75297	0	0
S34	31632.70018	0.2188138796	99998.75297	0	0
neutron	939.56536	1.459111668	99998.75142	0	0
Ne22	20479.73746	0.1473061419	99998.75142	0	0
Ne23	21414.10216	0.2262302397	99998.76366	0	0
S37	34430.21755	0.1277268104	99998.66708	0	0
proton	938.272013	6.19498255	99998.71653	0	0
proton	938.272013	2.661899434	99998.71653	0	0
neutron	939.56536	2.259757633	99998.71653	0	0
neutron	939.56536	1.923179059	99998.71653	0	0
neutron	939.56536	0.2787896996	99998.71653	0	0
O18	16762.02378	1.19526261	99998.71653	0	0
neutron	939.56536	0.9360427877	99998.73564	0	0
Ne22	20479.73746	0.3857061713	99998.73564	0	0
S35	32565.27968	0.1523496366	99998.81216	0	0
S35	32565.27968	0.1478271779	99998.71753	0	0
neutron	939.56536	0.7920919325	99998.72773	0	0
S34	31632.70018	0.1723821346	99998.72773	0	0
proton	938.272013	9.127790359	99998.73576	0	0
neutron	939.56536	6.318700342	99998.73576	0	0
neutron	939.56536	4.406036707	99998.73576	0	0
alpha	3727.379	4.723154091	99998.73576	0	0
N16	14906.01287	1.589805339	99998.73576	0	0
neutron	939.56536	12.26509148	99998.80239	0	0
proton	938.272013	3.177970561	99998.80239	0	0
proton	938.272013	2.729139556	99998.80239	0	0
neutron	939.56536	2.534733679	99998.80239	0	0
neutron	939.56536	0.6588205719	99998.80239	0	0
neutron	939.56536	0.5455679624	99998.80239	0	0
Si29	26984.28567	1.393607322	99998.80239	0	0
neutron	939.56536	8.938516241	99998.7185	0	0
S34	31632.70018	0.502658415	99998.7185	0	0
proton	938.272013	12.63456051	99998.77173	0	0
neutron	939.56536	2.837419113	99998.77173	0	0
neutron	939.56536	2.636667629	99998.77173	0	0
F20	18625.26686	1.038992838	99998.77173	0	0
S35	32565.27968	0.1504557136	99998.78734	0	0
neutron	939.56536	0.488785249	99998.7136	0	0
Ne22	20479.73746	0.2586104997	99998.7136	0	0
neutron	939.56536	2.567870937	99998.76171	0	0
S34	31632.70018	0.1923572459	99998.76171	0	0
neutron	939.56536	1.285329414	99998.70521	0	0
S34	31632.70018	0.1080801691	99998.70521	0	0
neutron	939.56536	33.29815496	99998.70658	0	0
neutron	939.56536	3.863913173	99998.70658	0	0
neutron	939.56536	2.797206658	99998.70658	0	0
Ne20	18617.73218	2.488165368	99998.70658	0	0
S35	32565.27968	0.1543571767	99998.72186	0	0
neutron	939.56536	0.8711029042	99998.64284	0	0
S34	31632.70018	0.1805309258	99998.64284	0	0
neutron	939.56536	3.63425434	99998.69166	0	0
neutron	939.56536	3.44418296	99998.69166	0	0
S35	32565.27968	0.4121652915	99998.69166	0	0
neutron	939.56536	17.34710084	99998.78291	0	0
neutron	939.56536	11.10932868	99998.78291	0	0
proton	938.272013	6.586576297	99998.78291	0	0
neutron	939.56536	4.006190305	99998.78291	0	0
alpha	3727.379	7.776869785	99998.78291	0	0
N15	13968.93638	1.412396173	99998.78291	0	0
Ne23	21414.10216	0.2296829023	99998.77683	0	0
neutron	939.56536	1.157342828	99998.74625	0	0
S36	33494.9558	0.2224944847	99998.74625	0	0
Ne23	21414.10216	0.2139661022	99998.74577	0	0
neutron	939.56536	0.5625418328	99998.8068	0	0
S36	33494.9558	0.151046728	99998.8068	0	0
neutron	939.56536	0.6689707121	99998.75911	0	0
S34	31632.70018	0.234755375	99998.75911	0	0
neutron	939.56536	42.31738397	99998.64028	0	0
neutron	939.56536	5.995716108	99998.64028	0	0
neutron	939.56536	5.437069679	99998.64028	0	0
Ne20	18617.73218	3.709175324	99998.64028	0	0
proton	938.272013	5.982423008	99998.72754	0	0
neutron	939.56536	1.880582768	99998.72754	0	0
neutron	939.56536	1.662431429	99998.72754	0	0
neutron	939.56536	1.233299317	99998.72754	0	0
F19	17692.30285	0.2530124769	99998.72754	0	0
proton	938.272013	13.64963452	99998.72246	0	0
neutron	939.56536	3.437859625	99998.72246	0	0
P35	32569.77755	0.3829308815	99998.72246	0	0
Ne23	21414.10216	0.2247445322	99998.71094	0	0
neutron	939.56536	0.6737321462	99998.75511	0	0
Ne22	20479.73746	0.195521329	99998.75511	0	0
neutron	939.56536	0.4808515407	99998.78878	0	0
Ne22	20479.73746	0.199003232	99998.78878	0	0
neutron	939.56536	0.1004640874	99998.87223	0	0
Ne22	20479.73746	0.2554343222	99998.87223	0	0
S35	32565.27968	0.1500003726	99998.72955	0	0
neutron	939.56536	1.337239359	99999.10131	0	0
S34	31632.70018	0.1448980134	99999.10131	0	0
neutron	939.56536	1.503104399	99998.76784	0	0
S34	31632.70018	0.117507271	99998.76784	0	0
neutron	939.56536	2.371331327	99998.73184	0	0
S34	31632.70018	0.05316657107	99998.73184	0	0
neutron	939.56536	0.1418218773	99998.81389	0	0
S36	33494.9558	0.1085422773	99998.81389	0	0
neutron	939.56536	0.1883327249	99998.78025	0	0
S36	33494.9558	0.1210446272	99998.78025	0	0
S35	32565.27968	0.1562993994	99998.77494	0	0
Ne23	21414.10216	0.2087617744	99998.84222	0	0
neutron	939.56536	0.7526072693	99998.62818	0	0
Ne22	20479.73746	0.3060574839	99998.62818	0	0
Ne23	21414.10216	0.2308631896	99998.82566	0	0
neutron	939.56536	5.266311202	99998.72935	0	0
neutron	939.56536	4.043355088	99998.72935	0	0
neutron	939.56536	0.212838374	99998.72935	0	0
alpha	3727.379	8.211349084	99998.72935	0	0
Si28	26053.19393	0.6795378179	99998.72935	0	0
Ne23	21414.10216	0.206171952	99998.71676	0	0
neutron	939.56536	0.8092554456	99998.73704	0	0
Ne22	20479.73746	0.3227970841	99998.73704	0	0
proton	938.272013	25.54573967	99998.74029	0	0
neutron	939.56536	0.8168676087	99998.74029	0	0
P33	30705.30994	0.7273468715	99998.74029	0	0
S35	32565.27968	0.1376321405	99998.76647	0	0
neutron	939.56536	0.4535914191	99998.83005	0	0
S34	31632.70018	0.1875968409	99998.83005	0	0
neutron	939.56536	0.06836177385	99998.65562	0	0
S34	31632.70018	0.1387340759	99998.65562	0	0
S35	32565.27968	0.1518574281	99998.78471	0	0
neutron	939.56536	0.220052065	99998.72927	0	0
S34	31632.70018	0.09339889971	99998.72927	0	0
S37	34430.21755	0.1376907184	99998.72762	0	0
neutron	939.56536	1.131619138	99998.74156	0	0
neutron	939.56536	0.4833479244	99998.74156	0	0
alpha	3727.379	7.624519535	99998.74156	0	0
O17	15830.5038	1.407285258	99998.74156	0	0
neutron	939.56536	8.993111993	99998.76754	0	0
proton	938.272013	3.764177277	99998.76754	0	0
neutron	939.56536	0.4618536462	99998.76754	0	0
alpha	3727.379	19.22393204	99998.76754	0	0
Al28	26058.3459	3.22458615	99998.76754	0	0
Ne23	21414.10216	0.2270213337	99998.79838	0	0
S37	34430.21755	0.1337561423	99998.76512	0	0
Ne23	21414.10216	0.215153865	99998.7654	0	0
proton	938.272013	3.610824159	99998.71501	0	0
proton	938.272013	2.925675185	99998.71501	0	0
neutron	939.56536	2.555639114	99998.71501	0	0
neutron	939.56536	1.124304542	99998.71501	0	0
neutron	939.56536	1.09428429	99998.71501	0	0
Si30	27913.24182	0.4744596338	99998.71501	0	0
neutron	939.56536	2.809943227	99998.77665	0	0
neutron	939.56536	1.164807001	99998.77665	0	0
deuteron	1875.613	12.32188532	99998.77665	0	0
P31	28844.21869	0.4473354162	99998.77665	0	0
neutron	939.56536	4.535434962	99998.71185	0	0
neutron	939.56536	2.612949744	99998.71185	0	0
neutron	939.56536	0.2030921443	99998.71185	0	0
S32	29773.62828	0.5323964496	99998.71185	0	0
Ne23	21414.10216	0.2206130238	99998.68522	0	0
neutron	939.56536	0.6692444025	99998.66772	0	0
S34	31632.70018	0.2372246903	99998.66772	0	0
proton	938.272013	6.114339674	99998.75948	0	0
neutron	939.56536	3.565983754	99998.75948	0	0
neutron	939.56536	0.05610445743	99998.75948	0	0
P32	29775.84838	0.3010810321	99998.75948	0	0
S35	32565.27968	0.1495220777	99998.62632	0	0
proton	938.272013	22.31134087	99998.75461	0	0
neutron	939.56536	3.035846246	99998.75461	0	0
neutron	939.56536	1.75021555	99998.75461	0	0
F20	18625.26686	0.841928077	99998.75461	0	0
neutron	939.56536	1.414696601	99998.78363	0	0
S34	31632.70018	0.2791914616	99998.78363	0	0
neutron	939.56536	4.794752946	99998.71669	0	0
neutron	939.56536	1.830286369	99998.71669	0	0
S35	32565.27968	0.08682765893	99998.71669	0	0
S35	32565.27968	0.1627912191	99998.69282	0	0
neutron	939.56536	0.2073222498	99998.77624	0	0
S34	31632.70018	0.2019943143	99998.77624	0	0
Ne23	21414.10216	0.2228211439	99998.71435	0	0
Ne23	21414.10216	0.2024769828	99998.73338	0	0
proton	938.272013	24.99256338	99998.71216	0	0
neutron	939.56536	4.064044931	99998.71216	0	0
F21	19556.73074	1.036095503	99998.71216	0	0
neutron	939.56536	2.655816394	99998.75627	0	0
neutron	939.56536	1.658193626	99998.75627	0	0
neutron	939.56536	1.416491452	99998.75627	0	0
Ne20	18617.73218	0.06529676426	99998.75627	0	0
proton	938.272013	4.369251132	99998.77342	0	0
neutron	939.56536	3.451292406	99998.77342	0	0
neutron	939.56536	3.427374509	99998.77342	0	0
neutron	939.56536	3.320261044	99998.77342	0	0
P31	28844.21869	0.2073360492	99998.77342	0	0
neutron	939.56536	6.461383315	99998.76401	0	0
neutron	939.56536	5.945839777	99998.76401	0	0
neutron	939.56536	1.276231385	99998.76401	0	0
S34	31632.70018	0.9528128054	99998.76401	0	0
neutron	939.56536	0.9847520174	99998.74465	0	0
S34	31632.70018	0.1634136613	99998.74465	0	0
neutron	939.56536	20.46331562	99998.78053	0	0
neutron	939.56536	2.247257564	99998.78053	0	0
neutron	939.56536	2.20373214	99998.78053	0	0
Ne20	18617.73218	1.600546768	99998.78053	0	0
neutron	939.56536	18.59784975	99998.78324	0	0
neutron	939.56536	2.148782921	99998.78324	0	0
alpha	3727.379	6.425704864	99998.78324	0	0
Si29	26984.28567	1.075160552	99998.78324	0	0
neutron	939.56536	2.503494344	99998.70687	0	0
S34	31632.70018	0.1327573009	99998.70687	0	0
neutron	939.56536	1.450974324	99998.70604	0	0
S36	33494.9558	0.1442032863	99998.70604	0	0
proton	938.272013	7.838961304	99998.64374	0	0
neutron	939.56536	7.706619983	99998.64374	0	0
neutron	939.56536	3.417181353	99998.64374	0	0
neutron	939.56536	1.110043829	99998.64374	0	0
F19	17692.30285	1.79206694	99998.64374	0	0
neutron	939.56536	19.17960811	99998.67506	0	0
proton	938.272013	3.309558272	99998.67506	0	0
neutron	939.56536	0.6054105843	99998.67506	0	0
neutron	939.56536	0.3484285932	99998.67506	0	0
P31	28844.21869	0.8489067621	99998.67506	0	0
neutron	939.56536	28.19734569	99998.70606	0	0
neutron	939.56536	2.683257154	99998.70606	0	0
neutron	939.56536	0.6478342893	99998.70606	0	0
Ne20	18617.73218	1.229251333	99998.70606	0	0
neutron	939.56536	48.03743142	99998.78116	0	0
neutron	939.56536	2.604746374	99998.78116	0	0
neutron	939.56536	1.416001452	99998.78116	0	0
S32	29773.62828	1.040110313	99998.78116	0	0
S37	34430.21755	0.1407764001	99998.73953	0	0
neutron	939.56536	0.3155374748	99998.70958	0	0
Ne22	20479.73746	0.1451673572	99998.70958	0	0
neutron	939.56536	0.7586089425	99998.79497	0	0
S34	31632.70018	0.231960809	99998.79497	0	0
neutron	939.56536	15.94978479	99998.75411	0	0
proton	938.272013	13.84305106	99998.75411	0	0
neutron	939.56536	1.645104089	99998.75411	0	0
neutron	939.56536	0.9602407354	99998.75411	0	0
alpha	3727.379	6.802946749	99998.75411	0	0
N15	13968.93638	3.55735954	99998.75411	0	0
neutron	939.56536	0.3339816102	99998.69869	0	0
S34	31632.70018	0.1883178054	99998.69869	0	0
proton	938.272013	12.49770619	99998.76777	0	0
proton	938.272013	9.030361987	99998.76777	0	0
neutron	939.56536	8.05447515	99998.76777	0	0
neutron	939.56536	3.03649118	99998.76777	0	0
neutron	939.56536	2.112013514	99998.76777	0	0
Si30	27913.24182	0.2222891678	99998.76777	0	0
Ne23	21414.10216	0.2220780831	99998.7137	0	0
neutron	939.56536	1.036704999	99998.68043	0	0
Ne22	20479.73746	0.1972641447	99998.68043	0	0
neutron	939.56536	1.165526545	99998.75599	0	0
S34	31632.70018	0.1040644032	99998.75599	0	0
neutron	939.56536	1.725055148	99998.79007	0	0
S34	31632.70018	0.1885849019	99998.79007	0	0
neutron	939.56536	0.9349495306	99998.72641	0	0
S34	31632.70018	0.1691774284	99998.72641	0	0
S37	34430.21755	0.1356451665	99998.71109	0	0
Ne23	21414.10216	0.2153145342	99998.70648	0	0
S35	32565.27968	0.1384472209	99998.68944	0	0
neutron	939.56536	1.251865	99998.65394	0	0
Ne22	20479.73746	0.488724493	99998.65394	0	0
S35	32565.27968	0.1453462502	99998.85235	0	0
Ne23	21414.10216	0.2333584627	99998.75983	0	0
neutron	939.56536	0.03398844979	99998.67294	0	0
S34	31632.70018	0.1300970168	99998.67294	0	0
neutron	939.56536	15.42063574	99998.7219	0	0
neutron	939.56536	3.92029011	99998.7219	0	0
neutron	939.56536	3.896087235	99998.7219	0	0
neutron	939.56536	2.071017753	99998.7219	0	0
Ne19	17695.03214	0.4143300151	99998.7219	0	0
neutron	939.56536	0.3220805397	99998.71042	0	0
S34	31632.70018	0.1575710144	99998.71042	0	0
neutron	939.56536	0.414598767	99998.80193	0	0
Ne22	20479.73746	0.3052177445	99998.80193	0	0
neutron	939.56536	4.444125165	99998.75413	0	0
neutron	939.56536	1.747971863	99998.75413	0	0
neutron	939.56536	1.740200448	99998.75413	0	0
Ne20	18617.73218	0.5246855756	99998.75413	0	0
neutron	939.56536	5.085045013	99998.70149	0	0
neutron	939.56536	2.314900564	99998.70149	0	0
Ne21	19550.53637	0.1122490896	99998.70149	0	0
neutron	939.56536	31.8481453	99998.70537	0	0
neutron	939.56536	28.4397192	99998.70537	0	0
neutron	939.56536	1.709976302	99998.70537	0	0
S32	29773.62828	0.8496784826	99998.70537	0	0
neutron	939.56536	0.08479502345	99998.73817	0	0
Ne22	20479.73746	0.1853957047	99998.73817	0	0
S37	34430.21755	0.1335082676	99998.74001	0	0
neutron	939.56536	0.2088227013	99998.69525	0	0
S34	31632.70018	0.1911526401	99998.69525	0	0
neutron	939.56536	4.92377436	99998.77166	0	0
neutron	939.56536	4.412680502	99998.77166	0	0
neutron	939.56536	3.273895684	99998.77166	0	0
proton	938.272013	2.934461205	99998.77166	0	0
deuteron	1875.613	6.352844377	99998.77166	0	0
O17	15830.5038	0.5379295428	99998.77166	0	0
neutron	939.56536	23.47712103	99998.79168	0	0
neutron	939.56536	14.53336762	99998.79168	0	0
neutron	939.56536	2.207241824	99998.79168	0	0
S32	29773.62828	0.9362054676	99998.79168	0	0
neutron	939.56536	11.02215979	99998.71249	0	0
neutron	939.56536	0.3025733328	99998.71249	0	0
S33	30704.55199	0.1673572863	99998.71249	0	0
neutron	939.56536	6.602714008	99998.77	0	0
proton	938.272013	4.031768642	99998.77	0	0
neutron	939.56536	3.103074337	99998.77	0	0
neutron	939.56536	2.770956767	99998.77	0	0
F19	17692.30285	0.4479623588	99998.77	0	0
neutron	939.56536	1.089127008	99998.76769	0	0
S34	31632.70018	0.1292259322	99998.76769	0	0
S37	34430.21755	0.144020385	99998.77641	0	0
S35	32565.27968	0.1476719697	99998.67446	0	0
neutron	939.56536	1.456678003	99998.71186	0	0
S34	31632.70018	0.2183255326	99998.71186	0	0
neutron	939.56536	4.138963751	99998.68347	0	0
S34	31632.70018	0.2226265659	99998.68347	0	0
neutron	939.56536	1.335144752	99998.68956	0	0
Ne22	20479.73746	0.3304435411	99998.68956	0	0
S35	32565.27968	0.1618234067	99998.77592	0	0
neutron	939.56536	6.808270303	99998.81099	0	0
neutron	939.56536	2.580793016	99998.81099	0	0
S33	30704.55199	0.2441355046	99998.81099	0	0
neutron	939.56536	2.986479962	99998.67259	0	0
Ne22	20479.73746	0.1030145821	99998.67259	0	0
neutron	939.56536	5.253893586	99998.72221	0	0
neutron	939.56536	2.738333711	99998.72221	0	0
proton	938.272013	2.181366939	99998.72221	0	0
neutron	939.56536	1.757186244	99998.72221	0	0
F19	17692.30285	0.3381163163	99998.72221	0	0
neutron	939.56536	1.103688446	99998.75434	0	0
S34	31632.70018	0.1453378488	99998.75434	0	0
S35	32565.27968	0.1467133924	99998.69386	0	0
S37	34430.21755	0.1373917039	99998.69711	0	0
neutron	939.56536	5.516497242	99998.70623	0	0
neutron	939.56536	3.591840044	99998.70623	0	0
S33	30704.55199	0.6580303317	99998.70623	0	0
neutron	939.56536	1.788088885	99998.7224	0	0
neutron	939.56536	0.2518476248	99998.7224	0	0
Ne21	19550.53637	0.1449879117	99998.7224	0	0
neutron	939.56536	3.617507136	99998.83013	0	0
S34	31632.70018	0.2480100103	99998.83013	0	0
neutron	939.56536	4.908974409	99998.79406	0	0
S34	31632.70018	0.01307871804	99998.79406	0	0
neutron	939.56536	1.943144003	99998.76883	0	0
neutron	939.56536	1.806986305	99998.76883	0	0
S33	30704.55199	0.3395918862	99998.76883	0	0
proton	938.272013	11.7628656	99998.65633	0	0
neutron	939.56536	1.315507247	99998.65633	0	0
P33	30705.30994	0.4114884186	99998.65633	0	0
neutron	939.56536	0.5347934772	99998.67123	0	0
S34	31632.70018	0.1595447904	99998.67123	0	0
Ne23	21414.10216	0.2311427696	99998.68018	0	0
neutron	939.56536	3.351992291	99998.64182	0	0
S34	31632.70018	0.2749732882	99998.64182	0	0
neutron	939.56536	1.306819768	99998.72252	0	0
Ne22	20479.73746	0.09401199265	99998.72252	0	0
Ne23	21414.10216	0.2128005453	99998.78417	0	0
neutron	939.56536	8.664792475	99998.74612	0	0
proton	938.272013	4.471466665	99998.74612	0	0
proton	938.272013	3.751654713	99998.74612	0	0
neutron	939.56536	0.6389590351	99998.74612	0	0
Si31	28846.21977	0.8781777967	99998.74612	0	0
Ne23	21414.10216	0.221161821	99998.7641	0	0
S35	32565.27968	0.1673277472	99998.69269	0	0
Ne23	21414.10216	0.2238606244	99998.74947	0	0
neutron	939.56536	4.133534929	99998.72366	0	0
Ne22	20479.73746	0.1481098427	99998.72366	0	0
neutron	939.56536	4.125554603	99998.77215	0	0
neutron	939.56536	3.760428779	99998.77215	0	0
S33	30704.55199	0.2720967734	99998.77215	0	0
neutron	939.56536	0.5285141078	99998.69067	0	0
S34	31632.70018	0.2539757133	99998.69067	0	0
neutron	939.56536	3.462929076	99998.58317	0	0
neutron	939.56536	1.304471126	99998.58317	0	0
S33	30704.55199	0.1047038896	99998.58317	0	0
neutron	939.56536	0.731907442	99998.62535	0	0
S34	31632.70018	0.2476309663	99998.62535	0	0
S35	32565.27968	0.148809783	99998.68475	0	0
neutron	939.56536	1.501865121	99998.8066	0	0
Ne22	20479.73746	0.1846172014	99998.8066	0	0
neutron	939.56536	0.5209662237	99998.81264	0	0
S34	31632.70018	0.1753197732	99998.81264	0	0
Ne23	21414.10216	0.2285298261	99998.79493	0	0
S35	32565.27968	0.1429821241	99998.76588	0	0
neutron	939.56536	11.94291089	99998.73854	0	0
neutron	939.56536	7.591638403	99998.73854	0	0
Ne21	19550.53637	1.194885968	99998.73854	0	0
S35	32565.27968	0.1661604221	99998.68828	0	0
neutron	939.56536	6.52466309	99998.78244	0	0
neutron	939.56536	5.179241058	99998.78244	0	0
Ne21	19550.53637	0.4004134431	99998.78244	0	0
neutron	939.56536	2.103512141	99998.75625	0	0
S34	31632.70018	0.3165424105	99998.75625	0	0
neutron	939.56536	27.82423601	99998.73155	0	0
neutron	939.56536	4.86146607	99998.73155	0	0
neutron	939.56536	1.660010673	99998.73155	0	0
S34	31632.70018	1.260826219	99998.73155	0	0
neutron	939.56536	2.804762616	99998.71824	0	0
S34	31632.70018	0.2650442983	99998.71824	0	0
S35	32565.27968	0.1373201271	99998.69334	0	0
Ne23	21414.10216	0.2277528448	99998.71789	0	0
neutron	939.56536	0.367751235	99998.77906	0	0
S34	31632.70018	0.1781357036	99998.77906	0	0
neutron	939.56536	1.885375696	99998.74431	0	0
S34	31632.70018	0.1619629979	99998.74431	0	0
S35	32565.27968	0.1590218291	99998.76037	0	0
Ne23	21414.10216	0.2123057112	99998.91039	0	0
neutron	939.56536	1.229630155	99998.68447	0	0
S34	31632.70018	0.1410383057	99998.68447	0	0
proton	938.272013	23.9960002	99998.76443	0	0
proton	938.272013	7.27417517	99998.76443	0	0
neutron	939.56536	2.30822611	99998.76443	0	0
neutron	939.56536	1.303901053	99998.76443	0	0
neutron	939.56536	1.006089387	99998.76443	0	0
Si30	27913.24182	0.6033177762	99998.76443	0	0
Ne23	21414.10216	0.2192683272	99998.79909	0	0
neutron	939.56536	1.123082254	99998.98656	0	0
Ne22	20479.73746	0.05200617474	99998.98656	0	0
neutron	939.56536	15.86159663	99998.68444	0	0
proton	938.272013	14.6074306	99998.68444	0	0
neutron	939.56536	3.970386971	99998.68444	0	0
neutron	939.56536	2.523513833	99998.68444	0	0
P31	28844.21869	0.5388462476	99998.68444	0	0
neutron	939.56536	8.511463491	99998.62285	0	0
proton	938.272013	6.044231596	99998.62285	0	0
neutron	939.56536	2.264842069	99998.62285	0	0
neutron	939.56536	0.2252629534	99998.62285	0	0
P31	28844.21869	0.4127052789	99998.62285	0	0
Ne23	21414.10216	0.2208707449	99998.71343	0	0
neutron	939.56536	8.466454979	99998.68712	0	0
S34	31632.70018	0.6028403765	99998.68712	0	0
neutron	939.56536	0.2848693006	99998.64443	0	0
Ne22	20479.73746	0.2043909726	99998.64443	0	0
neutron	939.56536	36.7991233	99998.78709	0	0
neutron	939.56536	0.287647272	99998.78709	0	0
Ne21	19550.53637	1.74647348	99998.78709	0	0
S35	32565.27968	0.1522234812	99998.66993	0	0
neutron	939.56536	0.2668085042	99998.6853	0	0
S34	31632.70018	0.1073269424	99998.6853	0	0
neutron	939.56536	0.3355021212	99998.69602	0	0
S34	31632.70018	0.1625426823	99998.69602	0	0
neutron	939.56536	9.434708318	99998.76231	0	0
neutron	939.56536	1.605921925	99998.76231	0	0
neutron	939.56536	1.237511039	99998.76231	0	0
S32	29773.62828	0.330382985	99998.76231	0	0
S35	32565.27968	0.1481168466	99998.72512	0	0
neutron	939.56536	1.644521836	99998.74467	0	0
S34	31632.70018	0.1989648291	99998.74467	0	0
neutron	939.56536	22.7230055	99998.76721	0	0
neutron	939.56536	1.57099159	99998.76721	0	0
neutron	939.56536	0.6295754828	99998.76721	0	0
alpha	3727.379	9.129710097	99998.76721	0	0
Si30	27913.24182	0.6637123379	99998.76721	0	0
neutron	939.56536	14.07735623	99998.84439	0	0
proton	938.272013	10.22039017	99998.84439	0	0
neutron	939.56536	1.553118577	99998.84439	0	0
neutron	939.56536	1.269131835	99998.84439	0	0
P31	28844.21869	0.7261813976	99998.84439	0	0
neutron	939.56536	3.504179674	99998.78774	0	0
S34	31632.70018	0.04882796434	99998.78774	0	0
S35	32565.27968	0.1614040563	99998.72835	0	0
proton	938.272013	19.52813013	99998.75891	0	0
neutron	939.56536	2.117251502	99998.75891	0	0
neutron	939.56536	0.397980993	99998.75891	0	0
P32	29775.84838	0.3290615469	99998.75891	0	0
neutron	939.56536	5.853381441	99998.76135	0	0
Ne22	20479.73746	0.05775012599	99998.76135	0	0
neutron	939.56536	5.509266084	99998.72319	0	0
alpha	3727.379	16.35514927	99998.72319	0	0
O18	16762.02378	1.339082163	99998.72319	0	0
proton	938.272013	21.46649332	99998.79067	0	0
neutron	939.56536	3.001811725	99998.79067	0	0
neutron	939.56536	1.014134424	99998.79067	0	0
P32	29775.84838	0.2971822843	99998.79067	0	0
S35	32565.27968	0.164908562	99998.91855	0	0
neutron	939.56536	0.7264611885	99998.77835	0	0
S34	31632.70018	0.06555319557	99998.77835	0	0
neutron	939.56536	2.536037116	99998.69491	0	0
S34	31632.70018	0.06647925246	99998.69491	0	0
proton	938.272013	10.16605441	99998.68319	0	0
proton	938.272013	5.916075994	99998.68319	0	0
neutron	939.56536	5.743210098	99998.68319	0	0
neutron	939.56536	3.865198366	99998.68319	0	0
neutron	939.56536	0.3440325388	99998.68319	0	0
Si30	27913.24182	0.3513193316	99998.68319	0	0
neutron	939.56536	4.411029581	99998.74356	0	0
proton	938.272013	3.681957488	99998.74356	0	0
neutron	939.56536	3.319768715	99998.74356	0	0
neutron	939.56536	0.2289690226	99998.74356	0	0
P33	30705.30994	0.03312540274	99998.74356	0	0
Ne23	21414.10216	0.2192704913	99998.73803	0	0
neutron	939.56536	0.5488593325	99998.79076	0	0
Ne22	20479.73746	0.2858162564	99998.79076	0	0
neutron	939.56536	35.51097653	99998.69406	0	0
neutron	939.56536	8.131666332	99998.69406	0	0
proton	938.272013	5.206715185	99998.69406	0	0
neutron	939.56536	0.7140908656	99998.69406	0	0
P31	28844.21869	1.489094459	99998.69406	0	0
neutron	939.56536	13.57192911	99998.72697	0	0
neutron	939.56536	0.7957499486	99998.72697	0	0
deuteron	1875.613	6.070871489	99998.72697	0	0
deuteron	1875.613	1.201487701	99998.72697	0	0
O17	15830.5038	0.4772962944	99998.72697	0	0
neutron	939.56536	26.74987387	99998.88024	0	0
neutron	939.56536	15.53357555	99998.88024	0	0
neutron	939.56536	1.802678321	99998.88024	0	0
Ne20	18617.73218	1.010939651	99998.88024	0	0
neutron	939.56536	1.401422401	99998.74929	0	0
S36	33494.9558	0.1341343197	99998.74929	0	0
neutron	939.56536	0.8862141786	99998.74986	0	0
S34	31632.70018	0.252229216	99998.74986	0	0
neutron	939.56536	1.319052025	99998.85884	0	0
S34	31632.70018	0.2919461841	99998.85884	0	0
S37	34430.21755	0.1408672214	99998.77462	0	0
neutron	939.56536	0.1314741004	99998.67117	0	0
S36	33494.9558	0.1164995003	99998.67117	0	0
proton	938.272013	29.87251388	99998.73075	0	0
neutron	939.56536	27.26676731	99998.73075	0	0
neutron	939.56536	0.2656476152	99998.73075	0	0
P32	29775.84838	1.019184032	99998.73075	0	0
Ne23	21414.10216	0.2237868982	99998.85363	0	0
neutron	939.56536	13.67546256	99998.74309	0	0
neutron	939.56536	3.736185221	99998.74309	0	0
neutron	939.56536	2.100913006	99998.74309	0	0
S32	29773.62828	0.3496326513	99998.74309	0	0
neutron	939.56536	1.809185634	99998.7379	0	0
S34	31632.70018	0.1123512617	99998.7379	0	0
Ne23	21414.10216	0.2289487641	99998.7595	0	0
neutron	939.56536	0.3994091761	99998.75791	0	0
Ne22	20479.73746	0.328741026	99998.75791	0	0
neutron	939.56536	25.53080577	99998.74302	0	0
proton	938.272013	4.2095302	99998.74302	0	0
alpha	3727.379	6.396903723	99998.74302	0	0
alpha	3727.379	10.43132994	99998.74302	0	0
Na25	23272.37635	1.195653431	99998.74302	0	0
neutron	939.56536	0.3838886961	99998.73737	0	0
S34	31632.70018	0.1193896464	99998.73737	0	0
proton	938.272013	10.31975123	99998.71327	0	0
F22	20491.06576	0.1905288285	99998.71327	0	0
neutron	939.56536	22.97750791	99998.79694	0	0
neutron	939.56536	3.196849471	99998.79694	0	0
neutron	939.56536	2.144770001	99998.79694	0	0
S32	29773.62828	0.6319034849	99998.79694	0	0
Ne23	21414.10216	0.2191726326	99998.75592	0	0
S35	32565.27968	0.1585609355	99998.70519	0	0
proton	938.272013	9.979406717	99998.71047	0	0
neutron	939.56536	3.458304783	99998.71047	0	0
neutron	939.56536	0.5008158728	99998.71047	0	0
P32	29775.84838	0.4653958847	99998.71047	0	0
proton	938.272013	3.636267294	99998.74801	0	0
neutron	939.56536	1.654169337	99998.74801	0	0
neutron	939.56536	1.558208951	99998.74801	0	0
neutron	939.56536	1.476866063	99998.74801	0	0
P31	28844.21869	0.01766930053	99998.74801	0	0
neutron	939.56536	0.8563091069	99998.72804	0	0
S34	31632.70018	0.2350063057	99998.72804	0	0
neutron	939.56536	1.638492548	99998.78294	0	0
Ne22	20479.73746	0.1853586405	99998.78294	0	0
neutron	939.56536	1.931391215	99998.76002	0	0
S34	31632.70018	0.02029615696	99998.76002	0	0
neutron	939.56536	0.3785165193	99998.74424	0	0
S34	31632.70018	0.08229361094	99998.74424	0	0
neutron	939.56536	0.7268180559	99998.69304	0	0
S34	31632.70018	0.2345538032	99998.69304	0	0
S35	32565.27968	0.1533516167	99998.67655	0	0
Ne23	21414.10216	0.2005914303	99998.88878	0	0
neutron	939.56536	5.523297637	99998.70982	0	0
neutron	939.56536	1.871975519	99998.70982	0	0
neutron	939.56536	0.4353559555	99998.70982	0	0
Ne20	18617.73218	0.456896579	99998.70982	0	0
proton	938.272013	30.3443651	99998.72628	0	0
neutron	939.56536	5.95114409	99998.72628	0	0
neutron	939.56536	0.9064152797	99998.72628	0	0
P32	29775.84838	0.2343758048	99998.72628	0	0
S35	32565.27968	0.1438074665	99998.7399	0	0
neutron	939.56536	4.902037784	99998.68937	0	0
neutron	939.56536	3.692297314	99998.68937	0	0
neutron	939.56536	1.606014494	99998.68937	0	0
S32	29773.62828	0.300303295	99998.68937	0	0
neutron	939.56536	20.55459474	99999.08255	0	0
neutron	939.56536	5.877987482	99999.08255	0	0
neutron	939.56536	2.318858738	99999.08255	0	0
deuteron	1875.613	10.45616935	99999.08255	0	0
P32	29775.84838	1.77201619	99999.08255	0	0
neutron	939.56536	22.71609755	99998.74526	0	0
S36	33494.9558	0.4231823024	99998.74526	0	0
neutron	939.56536	0.4207863431	99998.78664	0	0
S34	31632.70018	0.0827947198	99998.78664	0	0
neutron	939.56536	5.855559545	99998.72162	0	0
neutron	939.56536	2.89822169	99998.72162	0	0
neutron	939.56536	2.580115732	99998.72162	0	0
S34	31632.70018	0.4982299411	99998.72162	0	0
proton	938.272013	23.32283625	99998.73706	0	0
neutron	939.56536	7.11145275	99998.73706	0	0
neutron	939.56536	1.166417677	99998.73706	0	0
neutron	939.56536	0.403332518	99998.73706	0	0
P31	28844.21869	0.5337546795	99998.73706	0	0
neutron	939.56536	0.7287927725	99999.43381	0	0
S34	31632.70018	0.2224566141	99999.43381	0	0
proton	938.272013	21.73246057	99998.7892	0	0
neutron	939.56536	1.321811143	99998.7892	0	0
P33	30705.30994	0.339689679	99998.7892	0	0
neutron	939.56536	1.648703893	99998.77336	0	0
Ne22	20479.73746	0.07745362456	99998.77336	0	0
S37	34430.21755	0.1295974178	99998.67824	0	0
neutron	939.56536	9.621242074	99998.78641	0	0
neutron	939.56536	9.126243259	99998.78641	0	0
neutron	939.56536	0.9973689096	99998.78641	0	0
S32	29773.62828	0.7404027623	99998.78641	0	0
neutron	939.56536	5.424954962	99998.73182	0	0
neutron	939.56536	2.724088677	99998.73182	0	0
neutron	939.56536	2.49838495	99998.73182	0	0
S34	31632.70018	0.5061782244	99998.73182	0	0
neutron	939.56536	7.412693252	99998.80458	0	0
neutron	939.56536	5.446732157	99998.80458	0	0
neutron	939.56536	4.884265601	99998.80458	0	0
alpha	3727.379	9.222650257	99998.80458	0	0
Si28	26053.19393	2.024558461	99998.80458	0	0
S35	32565.27968	0.1530492738	99998.75101	0	0
neutron	939.56536	0.6177723354	99998.71751	0	0
Ne22	20479.73746	0.08831146893	99998.71751	0	0
Ne23	21414.10216	0.2119450161	99998.71395	0	0
neutron	939.56536	22.09031904	99998.58544	0	0
neutron	939.56536	4.313727154	99998.58544	0	0
neutron	939.56536	3.129069377	99998.58544	0	0
S32	29773.62828	0.5849179303	99998.58544	0	0
neutron	939.56536	58.04270402	99998.71288	0	0
neutron	939.56536	1.072985466	99998.71288	0	0
neutron	939.56536	0.8096226595	99998.71288	0	0
Ne20	18617.73218	3.178095903	99998.71288	0	0
neutron	939.56536	0.6809912989	99998.8349	0	0
S34	31632.70018	0.1868307176	99998.8349	0	0
neutron	939.56536	1.704032466	99998.70165	0	0
Ne22	20479.73746	0.08028221693	99998.70165	0	0
neutron	939.56536	1.053565032	99998.71334	0	0
S34	31632.70018	0.1789977006	99998.71334	0	0
neutron	939.56536	0.4806079274	99998.75016	0	0
Ne22	20479.73746	0.3577133946	99998.75016	0	0
neutron	939.56536	2.468921157	99998.69601	0	0
S36	33494.9558	0.2907051703	99998.69601	0	0
neutron	939.56536	4.496637431	99998.7211	0	0
S34	31632.70018	0.06467888972	99998.7211	0	0
S37	34430.21755	0.1311140504	99998.68891	0	0
neutron	939.56536	4.710662622	99998.692	0	0
neutron	939.56536	2.11388253	99998.692	0	0
neutron	939.56536	0.8352148475	99998.692	0	0
S34	31632.70018	0.01052964539	99998.692	0	0
neutron	939.56536	2.460911499	99998.65047	0	0
S34	31632.70018	0.1139777746	99998.65047	0	0
neutron	939.56536	9.356853487	99998.70954	0	0
neutron	939.56536	3.46109575	99998.70954	0	0
neutron	939.56536	0.6432584887	99998.70954	0	0
S34	31632.70018	0.5979807369	99998.70954	0	0
neutron	939.56536	1.326930049	99998.75347	0	0
Ne22	20479.73746	0.3021340996	99998.75347	0	0
neutron	939.56536	30.75975	99998.70867	0	0
neutron	939.56536	1.609844185	99998.70867	0	0
S35	32565.27968	1.252124932	99998.70867	0	0
neutron	939.56536	6.659000519	99998.83494	0	0
neutron	939.56536	2.624629754	99998.83494	0	0
S35	32565.27968	0.2035818695	99998.83494	0	0
neutron	939.56536	13.84129369	99998.60962	0	0
neutron	939.56536	4.651395429	99998.60962	0	0
neutron	939.56536	3.190933824	99998.60962	0	0
S32	29773.62828	0.3840333414	99998.60962	0	0
neutron	939.56536	0.9411900576	99998.70859	0	0
S34	31632.70018	0.08319221969	99998.70859	0	0
neutron	939.56536	34.42289487	99998.75084	0	0
neutron	939.56536	27.25898643	99998.75084	0	0
neutron	939.56536	2.071129852	99998.75084	0	0
S32	29773.62828	0.3645275924	99998.75084	0	0
neutron	939.56536	1.656043926	99998.75854	0	0
S34	31632.70018	0.05803363497	99998.75854	0	0
neutron	939.56536	16.57010388	99998.6327	0	0
neutron	939.56536	4.41604315	99998.6327	0	0
neutron	939.56536	2.548219423	99998.6327	0	0
S32	29773.62828	0.922358519	99998.6327	0	0
neutron	939.56536	5.124021989	99998.75336	0	0
neutron	939.56536	3.334942717	99998.75336	0	0
Ne21	19550.53637	0.5046389821	99998.75336	0	0
proton	938.272013	9.840876395	99998.72298	0	0
neutron	939.56536	6.240687645	99998.72298	0	0
proton	938.272013	4.659107002	99998.72298	0	0
neutron	939.56536	2.725127193	99998.72298	0	0
neutron	939.56536	2.114919972	99998.72298	0	0
neutron	939.56536	1.089697492	99998.72298	0	0
Si29	26984.28567	0.7063372508	99998.72298	0	0
S35	32565.27968	0.1513173513	99998.78228	0	0
S37	34430.21755	0.1425374577	99998.74467	0	0
neutron	939.56536	2.834067128	99998.79916	0	0
S34	31632.70018	0.1721693392	99998.79916	0	0
neutron	939.56536	1.28212761	99998.67303	0	0
S34	31632.70018	0.06565137202	99998.67303	0	0
neutron	939.56536	4.871701859	99998.65027	0	0
neutron	939.56536	3.526761262	99998.65027	0	0
S33	30704.55199	0.5585454232	99998.65027	0	0
neutron	939.56536	0.1061279302	99998.69961	0	0
Ne22	20479.73746	0.2509769554	99998.69961	0	0
proton	938.272013	8.19519312	99998.63429	0	0
neutron	939.56536	5.644850058	99998.63429	0	0
neutron	939.56536	5.36250795	99998.63429	0	0
proton	938.272013	3.7195505	99998.63429	0	0
neutron	939.56536	1.66427423	99998.63429	0	0
O18	16762.02378	0.3596552882	99998.63429	0	0
S37	34430.21755	0.1431725136	99998.67168	0	0
S37	34430.21755	0.1393094775	99998.82053	0	0
Ne23	21414.10216	0.2330187055	99998.73651	0	0
neutron	939.56536	1.319434565	99998.67772	0	0
Ne22	20479.73746	0.1392855476	99998.67772	0	0
neutron	939.56536	2.585053142	99998.6534	0	0
S34	31632.70018	0.1366391672	99998.6534	0	0
neutron	939.56536	10.24876199	99998.65594	0	0
neutron	939.56536	2.714920217	99998.65594	0	0
S33	30704.55199	0.3252743041	99998.65594	0	0
S35	32565.27968	0.1433643563	99998.74179	0	0
neutron	939.56536	0.4781302085	99998.83723	0	0
neutron	939.56536	0.07790922137	99998.83723	0	0
S33	30704.55199	0.1950763538	99998.83723	0	0
neutron	939.56536	0.0588822318	99998.73627	0	0
S34	31632.70018	0.1490314065	99998.73627	0	0
neutron	939.56536	0.3790022702	99998.78441	0	0
S34	31632.70018	0.2115924532	99998.78441	0	0
S35	32565.27968	0.1457216583	99998.72068	0	0
proton	938.272013	5.174505653	99998.74075	0	0
neutron	939.56536	1.44760772	99998.74075	0	0
P33	30705.30994	0.1109757546	99998.74075	0	0
neutron	939.56536	1.39338453	99998.77726	0	0
S34	31632.70018	0.2164201071	99998.77726	0	0
neutron	939.56536	0.4779361079	99998.81033	0	0
S34	31632.70018	0.08136464275	99998.81033	0	0
neutron	939.56536	5.819474404	99998.72854	0	0
neutron	939.56536	3.244942372	99998.72854	0	0
neutron	939.56536	1.961881928	99998.72854	0	0
S32	29773.62828	0.6563251972	99998.72854	0	0
S37	34430.21755	0.1333848639	99998.75794	0	0
neutron	939.56536	27.94877146	99998.78235	0	0
neutron	939.56536	10.46009419	99998.78235	0	0
neutron	939.56536	4.456754218	99998.78235	0	0
S32	29773.62828	1.568473118	99998.78235	0	0
proton	938.272013	13.47599012	99998.73556	0	0
F22	20491.06576	0.8617979597	99998.73556	0	0
S35	32565.27968	0.1568223891	99998.7529	0	0
neutron	939.56536	1.319430691	99998.83302	0	0
S34	31632.70018	0.1662624415	99998.83302	0	0
neutron	939.56536	0.5598109534	99998.76246	0	0
S34	31632.70018	0.1326742874	99998.76246	0	0
neutron	939.56536	9.387251598	99998.70904	0	0
neutron	939.56536	3.58505348	99998.70904	0	0
neutron	939.56536	2.940328819	99998.70904	0	0
Ne20	18617.73218	0.03431426924	99998.70904	0	0
S35	32565.27968	0.1612794164	99998.73802	0	0
neutron	939.56536	3.285739809	99998.69179	0	0
Ne22	20479.73746	0.4676654127	99998.69179	0	0
neutron	939.56536	4.826971668	99998.74115	0	0
S36	33494.9558	0.3497779598	99998.74115	0	0
neutron	939.56536	2.165423208	99998.73665	0	0
S34	31632.70018	0.3441942345	99998.73665	0	0
neutron	939.56536	1.395004598	99998.68181	0	0
Ne22	20479.73746	0.1378857444	99998.68181	0	0
Ne23	21414.10216	0.2274481982	99998.68117	0	0
neutron	939.56536	1.141885372	99998.68215	0	0
Ne22	20479.73746	0.06040605128	99998.68215	0	0
S35	32565.27968	0.1612471707	99998.76648	0	0
neutron	939.56536	0.4310225043	99998.74181	0	0
S34	31632.70018	0.1747652855	99998.74181	0	0
Ne23	21414.10216	0.2253401059	99998.79908	0	0
Ne23	21414.10216	0.2304201112	99998.77647	0	0
neutron	939.56536	0.5436098737	99998.84212	0	0
S34	31632.70018	0.1574686572	99998.84212	0	0
neutron	939.56536	3.661956298	99998.75448	0	0
neutron	939.56536	2.457289935	99998.75448	0	0
neutron	939.56536	0.8923257768	99998.75448	0	0
alpha	3727.379	4.267172862	99998.75448	0	0
O16	14895.08153	1.441553	99998.75448	0	0
neutron	939.56536	0.8564722821	99998.73926	0	0
S34	31632.70018	0.2315104513	99998.73926	0	0
neutron	939.56536	0.1433631977	99998.67212	0	0
Ne22	20479.73746	0.2326231965	99998.67212	0	0
neutron	939.56536	0.8990217809	99998.69945	0	0
S34	31632.70018	0.1268107893	99998.69945	0	0
Ne23	21414.10216	0.2223040402	99998.76416	0	0
neutron	939.56536	0.2143808294	99998.6956	0	0
Ne22	20479.73746	0.253951418	99998.6956	0	0
proton	938.272013	7.63646687	99999.33731	0	0
neutron	939.56536	5.698135254	99999.33731	0	0
neutron	939.56536	3.471807851	99999.33731	0	0
proton	938.272013	3.155686742	99999.33731	0	0
neutron	939.56536	0.8554583948	99999.33731	0	0
Si30	27913.24182	0.3399132337	99999.33731	0	0
neutron	939.56536	7.763646638	99998.85443	0	0
neutron	939.56536	1.888754287	99998.85443	0	0
neutron	939.56536	1.518179759	99998.85443	0	0
Ne20	18617.73218	0.3666427403	99998.85443	0	0
neutron	939.56536	0.6297735143	99998.69143	0	0
S34	31632.70018	0.09333734154	99998.69143	0	0
neutron	939.56536	21.18944621	99998.77376	0	0
neutron	939.56536	10.01580296	99998.77376	0	0
neutron	939.56536	0.6031168035	99998.77376	0	0
Ne20	18617.73218	0.4251927183	99998.77376	0	0
Ne23	21414.10216	0.2191786672	99998.75964	0	0
neutron	939.56536	2.534741537	99998.71578	0	0
neutron	939.56536	0.5790099517	99998.71578	0	0
S35	32565.27968	0.1783867645	99998.71578	0	0
neutron	939.56536	29.34703142	99998.7215	0	0
neutron	939.56536	7.357928552	99998.7215	0	0
neutron	939.56536	1.030041045	99998.7215	0	0
neutron	939.56536	0.580231619	99998.7215	0	0
S33	30704.55199	1.446988112	99998.7215	0	0
neutron	939.56536	0.8757575462	99998.72976	0	0
Ne22	20479.73746	0.2301329862	99998.72976	0	0
neutron	939.56536	26.28629794	99998.7738	0	0
proton	938.272013	15.57562039	99998.7738	0	0
proton	938.272013	3.315168182	99998.7738	0	0
Si32	29776.58515	1.006116837	99998.7738	0	0
Ne23	21414.10216	0.2129870966	99998.83049	0	0
S35	32565.27968	0.1547294346	99998.77883	0	0
neutron	939.56536	0.8734700591	99998.70296	0	0
S34	31632.70018	0.1216178466	99998.70296	0	0
Ne23	21414.10216	0.2246345683	99998.76114	0	0
neutron	939.56536	16.82540265	99998.69345	0	0
neutron	939.56536	6.169682081	99998.69345	0	0
deuteron	1875.613	2.920364345	99998.69345	0	0
F19	17692.30285	3.089990291	99998.69345	0	0
Ne23	21414.10216	0.2166394765	99998.63897	0	0
neutron	939.56536	0.6766247321	99998.76585	0	0
Ne22	20479.73746	0.2320730547	99998.76585	0	0
neutron	939.56536	3.468645221	99998.66189	0	0
neutron	939.56536	3.220945743	99998.66189	0	0
S33	30704.55199	0.1700099543	99998.66189	0	0
proton	938.272013	17.46722628	99998.79108	0	0
neutron	939.56536	1.855155652	99998.79108	0	0
F21	19556.73074	1.617059556	99998.79108	0	0
neutron	939.56536	4.15345964	99998.64975	0	0
S34	31632.70018	0.3234628565	99998.64975	0	0
S35	32565.27968	0.1457661212	99998.66999	0	0
neutron	939.56536	0.3643776977	99998.75082	0	0
Ne22	20479.73746	0.310500865	99998.75082	0	0
Ne23	21414.10216	0.2262445773	99998.7131	0	0
S35	32565.27968	0.1671857946	99998.69656	0	0
neutron	939.56536	0.5281653599	99998.66979	0	0
Ne22	20479.73746	0.1580508545	99998.66979	0	0
neutron	939.56536	3.386909202	99998.83696	0	0
S34	31632.70018	0.4053119963	99998.83696	0	0
proton	938.272013	13.3043702	99998.73572	0	0
neutron	939.56536	2.761817417	99998.73572	0	0
P35	32569.77755	0.1711464898	99998.73572	0	0
neutron	939.56536	5.46844467	99998.72292	0	0
neutron	939.56536	2.983494729	99998.72292	0	0
S33	30704.55199	0.3304089073	99998.72292	0	0
neutron	939.56536	35.36866656	99998.69198	0	0
neutron	939.56536	20.84285463	99998.69198	0	0
neutron	939.56536	2.38034664	99998.69198	0	0
Ne20	18617.73218	1.308379003	99998.69198	0	0
neutron	939.56536	1.686640567	99998.70522	0	0
S34	31632.70018	0.2214380375	99998.70522	0	0
proton	938.272013	38.13559844	99998.86333	0	0
neutron	939.56536	1.298092704	99998.86333	0	0
P35	32569.77755	0.7619937308	99998.86333	0	0
S37	34430.21755	0.1442409476	99998.69415	0	0
neutron	939.56536	0.7011226327	99998.7863	0	0
Ne22	20479.73746	0.1020888646	99998.7863	0	0
neutron	939.56536	4.490014648	99998.68919	0	0
proton	938.272013	2.396312174	99998.68919	0	0
neutron	939.56536	2.10077144	99998.68919	0	0
neutron	939.56536	1.579656048	99998.68919	0	0
P31	28844.21869	0.4858432483	99998.68919	0	0
neutron	939.56536	14.74722726	99998.80315	0	0
neutron	939.56536	4.731006611	99998.80315	0	0
neutron	939.56536	4.586370341	99998.80315	0	0
Ne20	18617.73218	1.762351079	99998.80315	0	0
neutron	939.56536	5.727164583	99998.81299	0	0
neutron	939.56536	0.08816068003	99998.81299	0	0
S33	30704.55199	0.1834601499	99998.81299	0	0
neutron	939.56536	2.555462526	99998.74163	0	0
neutron	939.56536	2.402068839	99998.74163	0	0
Ne21	19550.53637	0.6728366743	99998.74163	0	0
S35	32565.27968	0.1601751698	99998.73592	0	0
Ne23	21414.10216	0.2355185039	99998.68391	0	0
neutron	939.56536	0.3768697829	99998.73103	0	0
Ne22	20479.73746	0.3114866197	99998.73103	0	0
S35	32565.27968	0.1516125384	99998.69512	0	0
neutron	939.56536	31.22693952	99998.71337	0	0
neutron	939.56536	21.02694261	99998.71337	0	0
neutron	939.56536	2.507743212	99998.71337	0	0
Ne20	18617.73218	0.6628540701	99998.71337	0	0
neutron	939.56536	6.944300868	99998.7585	0	0
neutron	939.56536	5.956646244	99998.7585	0	0
neutron	939.56536	4.159003308	99998.7585	0	0
Ne20	18617.73218	0.5057552711	99998.7585	0	0
neutron	939.56536	1.271000656	99998.69046	0	0
S36	33494.9558	0.1232611709	99998.69046	0	0
neutron	939.56536	1.83380525	99998.61483	0	0
Ne22	20479.73746	0.1974432361	99998.61483	0	0
neutron	939.56536	6.276031024	99998.70351	0	0
Ne22	20479.73746	0.1970889266	99998.70351	0	0
proton	938.272013	38.23818908	99998.74747	0	0
neutron	939.56536	25.5254321	99998.74747	0	0
neutron	939.56536	2.551508549	99998.74747	0	0
P32	29775.84838	0.8512407816	99998.74747	0	0
S37	34430.21755	0.137637195	99998.77338	0	0
Ne23	21414.10216	0.2125006931	99998.74107	0	0
neutron	939.56536	15.41919	99998.73921	0	0
neutron	939.56536	9.087342576	99998.73921	0	0
neutron	939.56536	5.87357791	99998.73921	0	0
proton	938.272013	2.267326921	99998.73921	0	0
F19	17692.30285	0.9765534013	99998.73921	0	0
triton	2808.921	6.971619903	99998.75359	0	0
P34	31638.59261	0.434208013	99998.75359	0	0
Ne23	21414.10216	0.2332218121	99998.70994	0	0
neutron	939.56536	0.9557476845	99998.68313	0	0
Ne22	20479.73746	0.1106074269	99998.68313	0	0
neutron	939.56536	2.172513523	99998.75813	0	0
Ne22	20479.73746	0.419114013	99998.75813	0	0
neutron	939.56536	5.174288754	99998.81086	0	0
neutron	939.56536	4.488893829	99998.81086	0	0
neutron	939.56536	1.070426875	99998.81086	0	0
S34	31632.70018	0.04256468607	99998.81086	0	0
neutron	939.56536	14.7328336	99998.67711	0	0
neutron	939.56536	0.03527613406	99998.67711	0	0
alpha	3727.379	7.640673617	99998.67711	0	0
Si29	26984.28567	1.123130705	99998.67711	0	0
neutron	939.56536	0.3538252423	99998.72474	0	0
S34	31632.70018	0.1500259156	99998.72474	0	0
Ne23	21414.10216	0.2326872169	99998.77822	0	0
S35	32565.27968	0.1537598767	99998.71068	0	0
neutron	939.56536	6.763036379	99998.69404	0	0
neutron	939.56536	3.682927899	99998.69404	0	0
neutron	939.56536	2.788380512	99998.69404	0	0
alpha	3727.379	3.567816846	99998.69404	0	0
O16	14895.08153	2.450978777	99998.69404	0	0
S37	34430.21755	0.1398510516	99998.71454	0	0
proton	938.272013	10.8749753	99998.69184	0	0
neutron	939.56536	6.92298147	99998.69184	0	0
neutron	939.56536	1.907977023	99998.69184	0	0
neutron	939.56536	1.341979521	99998.69184	0	0
alpha	3727.379	4.215304689	99998.69184	0	0
N15	13968.93638	0.7572953865	99998.69184	0	0
neutron	939.56536	10.73449753	99998.79509	0	0
neutron	939.56536	7.965328659	99998.79509	0	0
neutron	939.56536	4.660801843	99998.79509	0	0
S32	29773.62828	0.7319607053	99998.79509	0	0
neutron	939.56536	2.079043169	99998.68865	0	0
neutron	939.56536	1.767428976	99998.68865	0	0
neutron	939.56536	0.8557053495	99998.68865	0	0
S32	29773.62828	0.1195339335	99998.68865	0	0
neutron	939.56536	0.628319829	99998.74225	0	0
S36	33494.9558	0.1318057325	99998.74225	0	0
Ne23	21414.10216	0.2274922483	99998.72575	0	0
neutron	939.56536	25.79629298	99998.73585	0	0
neutron	939.56536	8.390444193	99998.73585	0	0
neutron	939.56536	3.878509697	99998.73585	0	0
Ne20	18617.73218	2.554094679	99998.73585	0	0
S35	32565.27968	0.1643727067	99998.77713	0	0
neutron	939.56536	6.869889432	99998.74737	0	0
S34	31632.70018	0.359969658	99998.74737	0	0
neutron	939.56536	10.27421085	99998.66737	0	0
neutron	939.56536	3.237877849	99998.66737	0	0
alpha	3727.379	12.05628288	99998.66737	0	0
alpha	3727.379	3.502909441	99998.66737	0	0
C13	12109.48242	3.578582826	99998.66737	0	0
Ne23	21414.10216	0.2087249743	99998.74416	0	0
Ne23	21414.10216	0.2042967547	99998.74113	0	0
neutron	939.56536	3.52722191	99998.90493	0	0
Ne22	20479.73746	0.525585935	99998.90493	0	0
proton	938.272013	3.228154768	99998.78822	0	0
neutron	939.56536	1.594584237	99998.78822	0	0
P33	30705.30994	0.1812447439	99998.78822	0	0
neutron	939.56536	4.405814654	99998.75167	0	0
neutron	939.56536	1.753864232	99998.75167	0	0
neutron	939.56536	0.7890498285	99998.75167	0	0
S32	29773.62828	0.03458558063	99998.75167	0	0
Ne23	21414.10216	0.2245447624	99998.73123	0	0
Ne23	21414.10216	0.216522433	99998.83533	0	0
neutron	939.56536	0.771871695	99998.77533	0	0
S36	33494.9558	0.1137055539	99998.77533	0	0
neutron	939.56536	4.035444306	99998.73299	0	0
neutron	939.56536	2.728121471	99998.73299	0	0
neutron	939.56536	1.23003256	99998.73299	0	0
Ne20	18617.73218	0.5012866437	99998.73299	0	0
neutron	939.56536	0.8325159106	99998.75365	0	0
S34	31632.70018	0.1843410479	99998.75365	0	0
Ne23	21414.10216	0.2207364777	99998.78951	0	0
neutron	939.56536	7.431615532	99998.85177	0	0
proton	938.272013	3.235493553	99998.85177	0	0
triton	2808.921	6.135900365	99998.85177	0	0
Si32	29776.58515	0.8375883082	99998.85177	0	0
neutron	939.56536	2.429502241	99998.76514	0	0
Ne22	20479.73746	0.3347103649	99998.76514	0	0
S35	32565.27968	0.1643644783	99998.87957	0	0
neutron	939.56536	10.53141039	99998.70215	0	0
proton	938.272013	6.322751954	99998.70215	0	0
neutron	939.56536	2.041743226	99998.70215	0	0
neutron	939.56536	0.730674812	99998.70215	0	0
P31	28844.21869	1.513074269	99998.70215	0	0
Ne23	21414.10216	0.2105260715	99998.76644	0	0
neutron	939.56536	8.847100793	99998.70781	0	0
neutron	939.56536	8.292875885	99998.70781	0	0
neutron	939.56536	0.7621160681	99998.70781	0	0
alpha	3727.379	8.630640974	99998.70781	0	0
Si30	27913.24182	1.740009849	99998.70781	0	0
proton	938.272013	29.6167646	99998.78053	0	0
neutron	939.56536	3.89691673	99998.78053	0	0
proton	938.272013	3.797581965	99998.78053	0	0
neutron	939.56536	2.445924362	99998.78053	0	0
neutron	939.56536	0.5818726675	99998.78053	0	0
O18	16762.02378	2.206946351	99998.78053	0	0
neutron	939.56536	14.32021376	99998.64099	0	0
proton	938.272013	6.203334446	99998.64099	0	0
neutron	939.56536	3.799517101	99998.64099	0	0
neutron	939.56536	1.963569778	99998.64099	0	0
P31	28844.21869	0.07916107401	99998.64099	0	0
Ne23	21414.10216	0.20989102	99998.72415	0	0
neutron	939.56536	3.061877764	99998.6559	0	0
S34	31632.70018	0.1883504942	99998.6559	0	0
S35	32565.27968	0.1537723058	99998.70257	0	0
Ne23	21414.10216	0.2318412474	99998.69942	0	0
neutron	939.56536	15.31332336	99998.71007	0	0
neutron	939.56536	8.970640281	99998.71007	0	0
neutron	939.56536	0.487023603	99998.71007	0	0
S34	31632.70018	1.313208133	99998.71007	0	0
neutron	939.56536	5.451576536	99998.77767	0	0
neutron	939.56536	3.452829711	99998.77767	0	0
Ne21	19550.53637	0.2737729876	99998.77767	0	0
Ne23	21414.10216	0.2228700397	99998.82571	0	0
neutron	939.56536	24.4271638	99998.81539	0	0
proton	938.272013	5.630085821	99998.81539	0	0
neutron	939.56536	0.8995440741	99998.81539	0	0
neutron	939.56536	0.6839542941	99998.81539	0	0
P31	28844.21869	1.391215631	99998.81539	0	0
neutron	939.56536	3.877013335	99998.77569	0	0
neutron	939.56536	1.460152407	99998.77569	0	0
S33	30704.55199	0.1573403138	99998.77569	0	0
Ne23	21414.10216	0.2265246333	99998.68457	0	0
Ne23	21414.10216	0.1991449781	99998.69719	0	0
neutron	939.56536	8.553388962	99998.787	0	0
neutron	939.56536	3.720094763	99998.787	0	0
neutron	939.56536	3.315346027	99998.787	0	0
alpha	3727.379	12.59397442	99998.787	0	0
O16	14895.08153	2.822536318	99998.787	0	0
neutron	939.56536	0.489864827	99998.78561	0	0
S34	31632.70018	0.1130717785	99998.78561	0	0
S35	32565.27968	0.1597012758	99998.71639	0	0
neutron	939.56536	1.025536632	99998.69464	0	0
Ne22	20479.73746	0.2520807825	99998.69464	0	0
S35	32565.27968	0.1569999442	99998.75375	0	0
S37	34430.21755	0.1372150949	99998.75968	0	0
neutron	939.56536	5.229985536	99998.864	0	0
neutron	939.56536	4.447924047	99998.864	0	0
proton	938.272013	2.638004755	99998.864	0	0
P32	29775.84838	0.1546988864	99998.864	0	0
neutron	939.56536	10.01754702	99998.84697	0	0
neutron	939.56536	5.135370008	99998.84697	0	0
neutron	939.56536	2.379389112	99998.84697	0	0
Ne20	18617.73218	2.17620215	99998.84697	0	0
proton	938.272013	13.35313112	99998.68619	0	0
neutron	939.56536	4.001493768	99998.68619	0	0
P33	30705.30994	0.6232964057	99998.68619	0	0
proton	938.272013	17.05510691	99998.74708	0	0
neutron	939.56536	3.902567887	99998.74708	0	0
neutron	939.56536	3.276235467	99998.74708	0	0
proton	938.272013	1.894513778	99998.74708	0	0
O19	17697.63348	0.1501171245	99998.74708	0	0
neutron	939.56536	0.3598714725	99998.75366	0	0
S36	33494.9558	0.1632997732	99998.75366	0	0
proton	938.272013	11.21652499	99998.77748	0	0
neutron	939.56536	0.1374105689	99998.77748	0	0
P33	30705.30994	0.5678427426	99998.77748	0	0
Ne23	21414.10216	0.2173986336	99998.67006	0	0
proton	938.272013	27.45523611	99998.81729	0	0
neutron	939.56536	1.703322242	99998.81729	0	0
P35	32569.77755	0.7800124582	99998.81729	0	0
neutron	939.56536	37.84938634	99998.80563	0	0
neutron	939.56536	16.12200671	99998.80563	0	0
neutron	939.56536	1.513308498	99998.80563	0	0
S32	29773.62828	1.062146712	99998.80563	0	0
neutron	939.56536	8.819300842	99998.67567	0	0
neutron	939.56536	5.292433044	99998.67567	0	0
S35	32565.27968	0.1254022436	99998.67567	0	0
Ne23	21414.10216	0.2088808146	99998.71495	0	0
Ne23	21414.10216	0.2062100887	99998.6715	0	0
S35	32565.27968	0.1621756812	99998.7006	0	0
neutron	939.56536	7.847824082	99998.75105	0	0
neutron	939.56536	4.108676371	99998.75105	0	0
neutron	939.56536	3.935056373	99998.75105	0	0
S32	29773.62828	0.3270837649	99998.75105	0	0
neutron	939.56536	5.703414368	99998.73543	0	0
neutron	939.56536	4.864751715	99998.73543	0	0
neutron	939.56536	1.542520493	99998.73543	0	0
Ne20	18617.73218	0.3917938903	99998.73543	0	0
neutron	939.56536	6.699414961	99998.7781	0	0
neutron	939.56536	0.9106398817	99998.7781	0	0
neutron	939.56536	0.8112132664	99998.7781	0	0
S34	31632.70018	0.04152165513	99998.7781	0	0
neutron	939.56536	1.075492907	99998.79167	0	0
S34	31632.70018	0.05146870294	99998.79167	0	0
neutron	939.56536	8.25174051	99998.69134	0	0
neutron	939.56536	1.490598492	99998.69134	0	0
alpha	3727.379	5.853242181	99998.69134	0	0
Si29	26984.28567	2.585417532	99998.69134	0	0
neutron	939.56536	4.112267439	99998.90886	0	0
neutron	939.56536	3.00421849	99998.90886	0	0
neutron	939.56536	0.9521924885	99998.90886	0	0
S32	29773.62828	0.2835952104	99998.90886	0	0
S37	34430.21755	0.1351165286	99998.78839	0	0
neutron	939.56536	8.980492523	99998.68562	0	0
neutron	939.56536	2.517592989	99998.68562	0	0
neutron	939.56536	2.052914803	99998.68562	0	0
alpha	3727.379	3.517399544	99998.68562	0	0
O16	14895.08153	1.663931177	99998.68562	0	0
S35	32565.27968	0.1645010026	99998.86076	0	0
Ne23	21414.10216	0.2082600987	99998.70983	0	0
neutron	939.56536	0.7379191613	99998.74908	0	0
Ne22	20479.73746	0.2710888268	99998.74908	0	0
neutron	939.56536	0.6568259081	99998.7032	0	0
S36	33494.9558	0.07388695013	99998.7032	0	0
S35	32565.27968	0.1594744434	99998.77713	0	0
neutron	939.56536	0.6747790302	99998.72603	0	0
Ne22	20479.73746	0.2918708543	99998.72603	0	0
Ne23	21414.10216	0.2335521739	99998.72442	0	0
S35	32565.27968	0.1588914738	99998.69922	0	0
neutron	939.56536	6.860224028	99998.76086	0	0
Ne22	20479.73746	0.7326233124	99998.76086	0	0
S35	32565.27968	0.153912001	99998.76682	0	0
neutron	939.56536	7.005040594	99998.88578	0	0
neutron	939.56536	6.688342816	99998.88578	0	0
neutron	939.56536	5.705419351	99998.88578	0	0
neutron	939.56536	2.232087309	99998.88578	0	0
S33	30704.55199	0.2929948021	99998.88578	0	0
neutron	939.56536	23.91976575	99998.83063	0	0
neutron	939.56536	6.748933676	99998.83063	0	0
neutron	939.56536	4.207943173	99998.83063	0	0
alpha	3727.379	5.990135749	99998.83063	0	0
O16	14895.08153	0.8955052536	99998.83063	0	0
neutron	939.56536	0.2524031203	99998.7342	0	0
S36	33494.9558	0.08662046064	99998.7342	0	0
neutron	939.56536	0.2573137343	99998.68908	0	0
Ne22	20479.73746	0.2279944743	99998.68908	0	0
S35	32565.27968	0.1561150609	99998.73396	0	0
neutron	939.56536	1.233553581	99998.8178	0	0
S34	31632.70018	0.07127837515	99998.8178	0	0
neutron	939.56536	46.18751855	99998.66723	0	0
neutron	939.56536	4.453970336	99998.66723	0	0
neutron	939.56536	2.387980218	99998.66723	0	0
alpha	3727.379	4.727620495	99998.66723	0	0
O16	14895.08153	3.503848225	99998.66723	0	0
neutron	939.56536	0.2802484899	99998.68313	0	0
S34	31632.70018	0.1421961242	99998.68313	0	0
neutron	939.56536	0.5933527596	99998.70206	0	0
S34	31632.70018	0.2122889467	99998.70206	0	0
Ne23	21414.10216	0.2064664847	99998.68658	0	0
neutron	939.56536	4.550845344	99998.79383	0	0
neutron	939.56536	2.902112683	99998.79383	0	0
deuteron	1875.613	6.644305441	99998.79383	0	0
P31	28844.21869	0.3833637806	99998.79383	0	0
neutron	939.56536	0.4173197117	99998.75189	0	0
S34	31632.70018	0.108147373	99998.75189	0	0
neutron	939.56536	3.641140701	99998.76532	0	0
neutron	939.56536	3.081788615	99998.76532	0	0
neutron	939.56536	2.19057859	99998.76532	0	0
S34	31632.70018	0.1114036272	99998.76532	0	0
neutron	939.56536	4.497978806	99998.67491	0	0
neutron	939.56536	3.702292485	99998.67491	0	0
neutron	939.56536	0.8712376664	99998.67491	0	0
Ne20	18617.73218	0.1148486426	99998.67491	0	0
S35	32565.27968	0.1461022512	99998.70128	0	0
Ne23	21414.10216	0.2142422671	99998.79711	0	0
proton	938.272013	7.826578094	99998.72237	0	0
neutron	939.56536	6.385714139	99998.72237	0	0
neutron	939.56536	6.182756938	99998.72237	0	0
neutron	939.56536	5.887568811	99998.72237	0	0
P31	28844.21869	1.021059713	99998.72237	0	0
neutron	939.56536	1.220468669	99998.7459	0	0
Ne22	20479.73746	0.2503626228	99998.7459	0	0
Ne23	21414.10216	0.2301597208	99998.77768	0	0
S35	32565.27968	0.1427456962	99998.67168	0	0
S35	32565.27968	0.1625852365	99998.73839	0	0
neutron	939.56536	0.3232219267	99998.71442	0	0
S36	33494.9558	0.1846701138	99998.71442	0	0
neutron	939.56536	39.10545434	99998.76966	0	0
neutron	939.56536	12.73974433	99998.76966	0	0
neutron	939.56536	0.02767995546	99998.76966	0	0
S32	29773.62828	0.3175083719	99998.76966	0	0
neutron	939.56536	8.057312808	99998.68553	0	0
proton	938.272013	4.490324107	99998.68553	0	0
proton	938.272013	2.771988118	99998.68553	0	0
Si32	29776.58515	1.060493464	99998.68553	0	0
neutron	939.56536	4.279383075	99998.72957	0	0
neutron	939.56536	3.784552316	99998.72957	0	0
neutron	939.56536	3.295226896	99998.72957	0	0
alpha	3727.379	4.667447531	99998.72957	0	0
O16	14895.08153	1.033447315	99998.72957	0	0
neutron	939.56536	54.85614076	99998.72195	0	0
neutron	939.56536	3.802415084	99998.72195	0	0
neutron	939.56536	1.041098248	99998.72195	0	0
Ne20	18617.73218	4.563431754	99998.72195	0	0
neutron	939.56536	1.845448195	99998.73516	0	0
Ne22	20479.73746	0.4176410522	99998.73516	0	0
neutron	939.56536	11.8900618	99998.67724	0	0
neutron	939.56536	0.8597388662	99998.67724	0	0
alpha	3727.379	6.748231603	99998.67724	0	0
Si29	26984.28567	1.263271906	99998.67724	0	0
neutron	939.56536	0.6409450804	99998.68131	0	0
S34	31632.70018	0.1294195066	99998.68131	0	0
Ne23	21414.10216	0.2277914007	99998.81955	0	0
neutron	939.56536	1.156283739	99998.75722	0	0
S34	31632.70018	0.2142510943	99998.75722	0	0
proton	938.272013	3.829570212	99998.66384	0	0
neutron	939.56536	3.506244102	99998.66384	0	0
deuteron	1875.613	3.395971896	99998.66384	0	0
Si31	28846.21977	0.3894975699	99998.66384	0	0
neutron	939.56536	4.469801947	99998.74983	0	0
neutron	939.56536	0.8017926003	99998.74983	0	0
S33	30704.55199	0.5537507598	99998.74983	0	0
S35	32565.27968	0.1661851106	99998.80253	0	0
Ne23	21414.10216	0.2234570658	99998.77397	0	0
S37	34430.21755	0.1425233969	99998.74823	0	0
S35	32565.27968	0.1622069513	99998.78046	0	0
neutron	939.56536	16.7422212	99998.66236	0	0
neutron	939.56536	12.444879	99998.66236	0	0
neutron	939.56536	2.154967738	99998.66236	0	0
neutron	939.56536	0.1263089678	99998.66236	0	0
S33	30704.55199	0.4494227228	99998.66236	0	0
neutron	939.56536	1.705657327	99998.73407	0	0
S34	31632.70018	0.310532882	99998.73407	0	0
neutron	939.56536	7.671919698	99998.72756	0	0
Ne22	20479.73746	0.2803040153	99998.72756	0	0
neutron	939.56536	20.26533248	99998.72569	0	0
neutron	939.56536	2.070650732	99998.72569	0	0
neutron	939.56536	0.650471789	99998.72569	0	0
Ne20	18617.73218	0.7195742453	99998.72569	0	0
S35	32565.27968	0.1593805273	99998.6843	0	0
neutron	939.56536	1.111	99998.67061	0	0
S34	31632.70018	0.05179559651	99998.67061	0	0
S37	34430.21755	0.1371648788	99998.73197	0	0
neutron	939.56536	18.15071532	99998.77216	0	0
neutron	939.56536	7.736306284	99998.77216	0	0
neutron	939.56536	6.501655841	99998.77216	0	0
neutron	939.56536	4.416234093	99998.77216	0	0
proton	938.272013	4.010146003	99998.77216	0	0
P32	29775.84838	1.446085303	99998.77216	0	0
neutron	939.56536	5.47206475	99998.72419	0	0
proton	938.272013	4.441984117	99998.72419	0	0
neutron	939.56536	1.923849797	99998.72419	0	0
P32	29775.84838	0.1179569048	99998.72419	0	0
neutron	939.56536	0.1188310165	99998.69061	0	0
S34	31632.70018	0.1157316129	99998.69061	0	0
Ne23	21414.10216	0.2147915876	99998.81553	0	0
neutron	939.56536	29.2670265	99998.72925	0	0
neutron	939.56536	0.9326614005	99998.72925	0	0
S33	30704.55199	0.5730285646	99998.72925	0	0
Ne23	21414.10216	0.2279217459	99998.80256	0	0
neutron	939.56536	0.4858532129	99998.76335	0	0
S36	33494.9558	0.1660407721	99998.76335	0	0
S35	32565.27968	0.1610550019	99998.67882	0	0
neutron	939.56536	13.16263445	99998.8184	0	0
neutron	939.56536	0.6407236079	99998.8184	0	0
S33	30704.55199	0.3731927295	99998.8184	0	0
neutron	939.56536	0.4802946374	99998.72239	0	0
Ne22	20479.73746	0.2218381435	99998.72239	0	0
neutron	939.56536	15.18131341	99998.69237	0	0
neutron	939.56536	9.662545162	99998.69237	0	0
neutron	939.56536	6.835858243	99998.69237	0	0
alpha	3727.379	5.774030912	99998.69237	0	0
O16	14895.08153	1.423719741	99998.69237	0	0
neutron	939.56536	0.2098691861	99998.70383	0	0
S34	31632.70018	0.10927114	99998.70383	0	0
Ne23	21414.10216	0.2325166115	99998.6456	0	0
Ne23	21414.10216	0.2211821135	99998.7784	0	0
Ne23	21414.10216	0.2091124065	99998.74668	0	0
S35	32565.27968	0.1422142408	99998.80258	0	0
Ne23	21414.10216	0.2254429535	99998.70688	0	0
S35	32565.27968	0.160711633	99998.77723	0	0
Ne23	21414.10216	0.2095365578	99998.70697	0	0
neutron	939.56536	4.559460188	99998.68455	0	0
neutron	939.56536	3.011950544	99998.68455	0	0
neutron	939.56536	1.633763599	99998.68455	0	0
alpha	3727.379	7.725634369	99998.68455	0	0
O16	14895.08153	2.652289964	99998.68455	0	0
S37	34430.21755	0.1313653849	99998.78079	0	0
neutron	939.56536	0.3103656899	99998.77926	0	0
Ne22	20479.73746	0.1938250655	99998.77926	0	0
neutron	939.56536	0.3270416139	99998.75393	0	0
S36	33494.9558	0.2017363106	99998.75393	0	0
Ne23	21414.10216	0.2303210188	99998.6968	0	0
neutron	939.56536	11.72557116	99998.58584	0	0
neutron	939.56536	3.697604069	99998.58584	0	0
neutron	939.56536	1.815732985	99998.58584	0	0
alpha	3727.379	8.648934492	99998.58584	0	0
O16	14895.08153	1.072389489	99998.58584	0	0
Ne23	21414.10216	0.2221406622	99998.73111	0	0
neutron	939.56536	25.15620754	99998.76258	0	0
neutron	939.56536	22.58052824	99998.76258	0	0
Ne21	19550.53637	1.251340633	99998.76258	0	0
S35	32565.27968	0.158295877	99998.71546	0	0
S35	32565.27968	0.1637661592	99998.72089	0	0
neutron	939.56536	10.80596539	99998.76805	0	0
neutron	939.56536	2.804178402	99998.76805	0	0
S33	30704.55199	0.2251762365	99998.76805	0	0
neutron	939.56536	2.09043487	99998.72948	0	0
neutron	939.56536	1.781530244	99998.72948	0	0
neutron	939.56536	1.401754628	99998.72948	0	0
S34	31632.70018	0.1452373453	99998.72948	0	0
neutron	939.56536	34.37441122	99998.6693	0	0
neutron	939.56536	17.61446647	99998.6693	0	0
neutron	939.56536	2.312891713	99998.6693	0	0
S32	29773.62828	0.2137710212	99998.6693	0	0
proton	938.272013	4.49185819	99998.73173	0	0
neutron	939.56536	0.1836218923	99998.73173	0	0
P33	30705.30994	0.005063947505	99998.73173	0	0
Ne23	21414.10216	0.2283428424	99998.71335	0	0
neutron	939.56536	1.950611456	99998.72322	0	0
neutron	939.56536	0.2661829843	99998.72322	0	0
S33	30704.55199	0.09730509766	99998.72322	0	0
neutron	939.56536	0.5639764452	99998.74587	0	0
S34	31632.70018	0.2272786189	99998.74587	0	0
neutron	939.56536	1.110966462	99998.70851	0	0
neutron	939.56536	0.5360584482	99998.70851	0	0
Ne21	19550.53637	0.4817701714	99998.70851	0	0
S35	32565.27968	0.1372201467	99998.66798	0	0
neutron	939.56536	0.4460396042	99998.77646	0	0
S34	31632.70018	0.1679958289	99998.77646	0	0
Ne23	21414.10216	0.2130390794	99998.66828	0	0
neutron	939.56536	0.2100359827	99998.76722	0	0
S36	33494.9558	0.1520566613	99998.76722	0	0
neutron	939.56536	5.82926333	99998.64718	0	0
S36	33494.9558	0.455010504	99998.64718	0	0
S35	32565.27968	0.1598968564	99998.74709	0	0
neutron	939.56536	1.386633883	99998.73249	0	0
S34	31632.70018	0.1506089966	99998.73249	0	0
neutron	939.56536	1.143009178	99998.61794	0	0
S34	31632.70018	0.06941533514	99998.61794	0	0
neutron	939.56536	1.010442186	99998.77955	0	0
S34	31632.70018	0.1370680712	99998.77955	0	0
neutron	939.56536	5.575300694	99998.79205	0	0
neutron	939.56536	1.505584531	99998.79205	0	0
deuteron	1875.613	15.2511171	99998.79205	0	0
alpha	3727.379	6.71576172	99998.79205	0	0
Al29	26988.4858	3.057299652	99998.79205	0	0
S35	32565.27968	0.1600370448	99998.76918	0	0
neutron	939.56536	11.40969029	99998.65256	0	0
neutron	939.56536	4.45144999	99998.65256	0	0
proton	938.272013	3.939711761	99998.65256	0	0
neutron	939.56536	3.811111664	99998.65256	0	0
neutron	939.56536	2.195914452	99998.65256	0	0
P32	29775.84838	0.2918088805	99998.65256	0	0
neutron	939.56536	1.387364171	99998.78657	0	0
S34	31632.70018	0.0418488441	99998.78657	0	0
neutron	939.56536	1.405981784	99998.69302	0	0
Ne22	20479.73746	0.1575514711	99998.69302	0	0
neutron	939.56536	1.801599971	99999.02034	0	0
S34	31632.70018	0.1263294912	99999.02034	0	0
neutron	939.56536	26.44868979	99998.78311	0	0
alpha	3727.379	7.361946416	99998.78311	0	0
Si32	29776.58515	2.042243315	99998.78311	0	0
Ne23	21414.10216	0.2329351367	99998.79374	0	0
Ne23	21414.10216	0.2340923418	99998.72669	0	0
neutron	939.56536	1.126216276	99998.70785	0	0
S36	33494.9558	0.2208238907	99998.70785	0	0
Ne23	21414.10216	0.2271493062	99998.66303	0	0
neutron	939.56536	4.410605601	99998.75711	0	0
neutron	939.56536	1.331256293	99998.75711	0	0
S35	32565.27968	0.1428339264	99998.75711	0	0
neutron	939.56536	11.49221662	99998.69714	0	0
proton	938.272013	8.754054535	99998.69714	0	0
neutron	939.56536	1.467684451	99998.69714	0	0
neutron	939.56536	0.6172508469	99998.69714	0	0
P33	30705.30994	0.6825185215	99998.69714	0	0
Ne23	21414.10216	0.2263011012	99998.68988	0	0
neutron	939.56536	10.10473822	99998.70834	0	0
neutron	939.56536	4.35986937	99998.70834	0	0
neutron	939.56536	4.283238104	99998.70834	0	0
S32	29773.62828	0.08427443734	99998.70834	0	0
neutron	939.56536	1.455885495	99998.70524	0	0
S34	31632.70018	0.1147792008	99998.70524	0	0
neutron	939.56536	2.181602177	99998.85178	0	0
S34	31632.70018	0.3395553454	99998.85178	0	0
neutron	939.56536	0.4602562254	99998.78301	0	0
S34	31632.70018	0.07596337836	99998.78301	0	0
alpha	3727.379	6.501147048	99998.78006	0	0
Si31	28846.21977	1.497032225	99998.78006	0	0
neutron	939.56536	12.30783331	99998.75574	0	0
neutron	939.56536	2.918926082	99998.75574	0	0
neutron	939.56536	2.699319398	99998.75574	0	0
alpha	3727.379	4.211548033	99998.75574	0	0
O16	14895.08153	1.732546914	99998.75574	0	0
neutron	939.56536	0.5751740442	99998.71939	0	0
Ne22	20479.73746	0.2966274004	99998.71939	0	0
neutron	939.56536	0.8993436943	99998.73709	0	0
S36	33494.9558	0.07926716924	99998.73709	0	0
S35	32565.27968	0.1615044016	99998.77405	0	0
neutron	939.56536	6.113729578	99998.70036	0	0
S34	31632.70018	0.05036097002	99998.70036	0	0
neutron	939.56536	6.268160013	99998.73481	0	0
neutron	939.56536	2.522881754	99998.73481	0	0
neutron	939.56536	1.978673059	99998.73481	0	0
S32	29773.62828	0.365125013	99998.73481	0	0
neutron	939.56536	2.582595173	99998.79898	0	0
neutron	939.56536	1.237025746	99998.79898	0	0
Ne21	19550.53637	0.3211228733	99998.79898	0	0
neutron	939.56536	24.84061287	99998.73547	0	0
neutron	939.56536	23.26953386	99998.73547	0	0
neutron	939.56536	2.052823961	99998.73547	0	0
Ne20	18617.73218	3.577222298	99998.73547	0	0
neutron	939.56536	0.5551068043	99998.80267	0	0
S34	31632.70018	0.2010892257	99998.80267	0	0
neutron	939.56536	2.091415547	99998.76453	0	0
neutron	939.56536	1.49295051	99998.76453	0	0
S33	30704.55199	0.2420652334	99998.76453	0	0
proton	938.272013	14.65732158	99998.80707	0	0
F22	20491.06576	0.7696406646	99998.80707	0	0
neutron	939.56536	3.225664188	99998.80247	0	0
Ne22	20479.73746	0.2883226202	99998.80247	0	0
S37	34430.21755	0.1337109414	99998.86974	0	0
neutron	939.56536	1.581003538	99998.66914	0	0
Ne22	20479.73746	0.3608100958	99998.66914	0	0
neutron	939.56536	1.400636286	99998.76662	0	0
Ne22	20479.73746	0.1554877168	99998.76662	0	0
neutron	939.56536	2.24134427	99998.76681	0	0
neutron	939.56536	0.4136354796	99998.76681	0	0
Ne21	19550.53637	0.0395704086	99998.76681	0	0
neutron	939.56536	1.448115607	99998.7668	0	0
S34	31632.70018	0.2954395084	99998.7668	0	0
neutron	939.56536	6.352120304	99998.75524	0	0
neutron	939.56536	5.067990294	99998.75524	0	0
neutron	939.56536	0.117471431	99998.75524	0	0
S32	29773.62828	0.4684809589	99998.75524	0	0
proton	938.272013	10.70668575	99998.71731	0	0
neutron	939.56536	3.522470029	99998.71731	0	0
neutron	939.56536	0.9642685907	99998.71731	0	0
alpha	3727.379	13.82624478	99998.71731	0	0
Al28	26058.3459	2.554546708	99998.71731	0	0
neutron	939.56536	2.281250434	99998.70531	0	0
S34	31632.70018	0.2096983734	99998.70531	0	0
neutron	939.56536	1.478328432	99998.73898	0	0
S36	33494.9558	0.1839434216	99998.73898	0	0
neutron	939.56536	5.615742867	99998.67917	0	0
neutron	939.56536	4.807069963	99998.67917	0	0
neutron	939.56536	2.83598235	99998.67917	0	0
alpha	3727.379	10.85362437	99998.67917	0	0
alpha	3727.379	6.782473896	99998.67917	0	0
C12	11174.86339	3.126130231	99998.67917	0	0
neutron	939.56536	13.05217833	99998.77198	0	0
neutron	939.56536	6.165074466	99998.77198	0	0
neutron	939.56536	3.838417021	99998.77198	0	0
alpha	3727.379	8.35023186	99998.77198	0	0
Si28	26053.19393	1.472491914	99998.77198	0	0
S37	34430.21755	0.1315979018	99998.74874	0	0
Ne23	21414.10216	0.212378092	99998.70565	0	0
proton	938.272013	16.09285573	99998.79636	0	0
neutron	939.56536	12.20925577	99998.79636	0	0
neutron	939.56536	4.395814538	99998.79636	0	0
neutron	939.56536	3.902294426	99998.79636	0	0
neutron	939.56536	1.859877165	99998.79636	0	0
P32	29775.84838	0.5725482516	99998.79636	0	0
neutron	939.56536	30.02025349	99998.84317	0	0
neutron	939.56536	7.451733565	99998.84317	0	0
neutron	939.56536	6.012656033	99998.84317	0	0
proton	938.272013	3.153233362	99998.84317	0	0
P31	28844.21869	2.268165776	99998.84317	0	0
S35	32565.27968	0.1539748624	99998.85785	0	0
neutron	939.56536	21.22233387	99998.77786	0	0
proton	938.272013	12.99709445	99998.77786	0	0
neutron	939.56536	0.4954019282	99998.77786	0	0
P32	29775.84838	0.9964290577	99998.77786	0	0
Ne23	21414.10216	0.2054481048	99998.72961	0	0
S35	32565.27968	0.1644910222	99998.68998	0	0
Ne23	21414.10216	0.2147037222	99998.67864	0	0
neutron	939.56536	1.51902104	99998.6712	0	0
S34	31632.70018	0.1082095752	99998.6712	0	0
neutron	939.56536	1.19658715	99998.75608	0	0
S34	31632.70018	0.06348869774	99998.75608	0	0
neutron	939.56536	0.1896002599	99998.68765	0	0
S34	31632.70018	0.09980702421	99998.68765	0	0
neutron	939.56536	0.7106035577	99998.64201	0	0
S36	33494.9558	0.2254570358	99998.64201	0	0
neutron	939.56536	3.8886946	99998.82303	0	0
neutron	939.56536	1.803082816	99998.82303	0	0
neutron	939.56536	1.52468741	99998.82303	0	0
neutron	939.56536	0.371722626	99998.82303	0	0
S33	30704.55199	0.2718736144	99998.82303	0	0
neutron	939.56536	0.6003434467	99998.7257	0	0
S36	33494.9558	0.08915746716	99998.7257	0	0
neutron	939.56536	5.691170121	99998.72452	0	0
neutron	939.56536	4.913116147	99998.72452	0	0
proton	938.272013	2.642876392	99998.72452	0	0
P32	29775.84838	0.04191370214	99998.72452	0	0
neutron	939.56536	6.379534872	99998.68842	0	0
neutron	939.56536	0.5379106632	99998.68842	0	0
neutron	939.56536	0.1362253107	99998.68842	0	0
Ne20	18617.73218	0.02642869928	99998.68842	0	0
neutron	939.56536	0.3595735336	99998.68986	0	0
Ne22	20479.73746	0.1422854824	99998.68986	0	0
neutron	939.56536	3.757002328	99998.73747	0	0
neutron	939.56536	2.704776837	99998.73747	0	0
S33	30704.55199	0.693075022	99998.73747	0	0
neutron	939.56536	10.25478538	99998.73997	0	0
neutron	939.56536	1.847407071	99998.73997	0	0
Ne21	19550.53637	0.38966155	99998.73997	0	0
S37	34430.21755	0.1378256265	99998.78217	0	0
neutron	939.56536	8.864062394	99998.79157	0	0
neutron	939.56536	0.9122729535	99998.79157	0	0
S35	32565.27968	0.5897022191	99998.79157	0	0
neutron	939.56536	1.970321091	99998.67868	0	0
S34	31632.70018	0.3231742082	99998.67868	0	0
Ne23	21414.10216	0.2204698725	99998.75309	0	0
neutron	939.56536	0.1229917905	99998.78153	0	0
S34	31632.70018	0.1581720318	99998.78153	0	0
neutron	939.56536	1.002948762	99998.6842	0	0
Ne22	20479.73746	0.2963685225	99998.6842	0	0
proton	938.272013	51.04382531	99998.70734	0	0
neutron	939.56536	1.309037751	99998.70734	0	0
neutron	939.56536	1.130890378	99998.70734	0	0
neutron	939.56536	0.5437522484	99998.70734	0	0
P31	28844.21869	1.355236883	99998.70734	0	0
neutron	939.56536	12.4277788	99998.72366	0	0
neutron	939.56536	2.8757212	99998.72366	0	0
neutron	939.56536	1.378280853	99998.72366	0	0
neutron	939.56536	0.2140408929	99998.72366	0	0
S33	30704.55199	0.6862437437	99998.72366	0	0
neutron	939.56536	6.887865942	99998.77435	0	0
neutron	939.56536	6.385592629	99998.77435	0	0
neutron	939.56536	5.719425059	99998.77435	0	0
proton	938.272013	3.132617244	99998.77435	0	0
P31	28844.21869	0.1696156664	99998.77435	0	0
neutron	939.56536	1.421079967	99998.73634	0	0
S34	31632.70018	0.08321283423	99998.73634	0	0
neutron	939.56536	1.410733011	99998.75059	0	0
S34	31632.70018	0.1439165227	99998.75059	0	0
neutron	939.56536	0.9648869137	99998.69788	0	0
S36	33494.9558	0.2132528628	99998.69788	0	0
S35	32565.27968	0.147436925	99998.85614	0	0
Ne23	21414.10216	0.2266708439	99998.85163	0	0
Ne23	21414.10216	0.2244389722	99998.70751	0	0
neutron	939.56536	3.54398999	99998.74886	0	0
Ne22	20479.73746	0.6366472297	99998.74886	0	0
neutron	939.56536	14.21188346	99998.71363	0	0
neutron	939.56536	4.385411602	99998.71363	0	0
neutron	939.56536	0.718826566	99998.71363	0	0
S32	29773.62828	0.557873995	99998.71363	0	0
S35	32565.27968	0.1498653168	99998.73708	0	0
proton	938.272013	20.9708177	99998.83793	0	0
neutron	939.56536	6.306101434	99998.83793	0	0
P35	32569.77755	0.1142680682	99998.83793	0	0
Ne23	21414.10216	0.2081723474	99998.93606	0	0
S35	32565.27968	0.1613857534	99998.75259	0	0
neutron	939.56536	0.6792481741	99998.78986	0	0
S34	31632.70018	0.139893335	99998.78986	0	0
S35	32565.27968	0.1593482332	99998.72839	0	0
neutron	939.56536	0.1567607488	99998.77411	0	0
S34	31632.70018	0.1022890441	99998.77411	0	0
neutron	939.56536	17.92025789	99998.71406	0	0
neutron	939.56536	2.554738791	99998.71406	0	0
S33	30704.55199	0.4953641858	99998.71406	0	0
proton	938.272013	22.79505622	99998.82616	0	0
neutron	939.56536	5.03131601	99998.82616	0	0
neutron	939.56536	2.878986043	99998.82616	0	0
P32	29775.84838	1.090876624	99998.82616	0	0
neutron	939.56536	1.349059358	99998.73854	0	0
neutron	939.56536	0.3770347237	99998.73854	0	0
Ne21	19550.53637	0.3190824085	99998.73854	0	0
Ne23	21414.10216	0.209690556	99998.74171	0	0
S35	32565.27968	0.1516412173	99998.7713	0	0
neutron	939.56536	0.7057525198	99998.70289	0	0
neutron	939.56536	0.6223287363	99998.70289	0	0
Ne21	19550.53637	0.4256313814	99998.70289	0	0
S35	32565.27968	0.1522863738	99998.7126	0	0
neutron	939.56536	22.05074271	99998.73673	0	0
neutron	939.56536	7.801134305	99998.73673	0	0
neutron	939.56536	1.10529489	99998.73673	0	0
alpha	3727.379	14.89698234	99998.73673	0	0
alpha	3727.379	4.301724613	99998.73673	0	0
C12	11174.86339	2.732267432	99998.73673	0	0
S35	32565.27968	0.1451667872	99998.71294	0	0
neutron	939.56536	0.70980269	99998.65984	0	0
S36	33494.9558	0.1141994149	99998.65984	0	0
neutron	939.56536	13.89907904	99998.68249	0	0
proton	938.272013	10.53967877	99998.68249	0	0
neutron	939.56536	0.341213106	99998.68249	0	0
P32	29775.84838	0.1057411552	99998.68249	0	0
neutron	939.56536	0.3854929726	99998.81127	0	0
S34	31632.70018	0.2046484645	99998.81127	0	0
neutron	939.56536	13.48868273	99998.74093	0	0
proton	938.272013	3.599138385	99998.74093	0	0
alpha	3727.379	7.664669892	99998.74093	0	0
N17	15839.69307	2.737284794	99998.74093	0	0
neutron	939.56536	43.73616555	99998.73789	0	0
neutron	939.56536	9.452816301	99998.73789	0	0
neutron	939.56536	5.686737665	99998.73789	0	0
S32	29773.62828	0.9264825951	99998.73789	0	0
Ne23	21414.10216	0.2264829504	99998.81303	0	0
neutron	939.56536	0.2442731109	99998.65226	0	0
S34	31632.70018	0.09550131961	99998.65226	0	0
S35	32565.27968	0.1675170911	99998.73667	0	0
neutron	939.56536	3.454978448	99998.62665	0	0
Ne22	20479.73746	0.4079087624	99998.62665	0	0
S37	34430.21755	0.1327865728	99998.70225	0	0
Ne23	21414.10216	0.2231543834	99998.78014	0	0
neutron	939.56536	23.55851274	99998.77678	0	0
proton	938.272013	5.397317848	99998.77678	0	0
neutron	939.56536	4.130521918	99998.77678	0	0
neutron	939.56536	2.333291504	99998.77678	0	0
proton	938.272013	1.895478844	99998.77678	0	0
Si30	27913.24182	0.8621424093	99998.77678	0	0
Ne23	21414.10216	0.2298883661	99998.80926	0	0
S35	32565.27968	0.1597444011	99998.77067	0	0
S35	32565.27968	0.1566905898	99998.67932	0	0
neutron	939.56536	12.52120929	99998.64982	0	0
neutron	939.56536	2.867439977	99998.64982	0	0
neutron	939.56536	0.05468499824	99998.64982	0	0
S34	31632.70018	0.2558794435	99998.64982	0	0
neutron	939.56536	9.641837547	99998.76819	0	0
neutron	939.56536	4.614730237	99998.76819	0	0
neutron	939.56536	2.242829032	99998.76819	0	0
Ne20	18617.73218	0.3482302962	99998.76819	0	0
neutron	939.56536	0.1459348791	99998.74653	0	0
Ne22	20479.73746	0.2444746771	99998.74653	0	0
neutron	939.56536	0.4994510445	99998.74502	0	0
S34	31632.70018	0.1905334685	99998.74502	0	0
neutron	939.56536	4.368617625	99998.73695	0	0
neutron	939.56536	3.421235946	99998.73695	0	0
S33	30704.55199	0.1930532485	99998.73695	0	0
neutron	939.56536	0.6748974443	99998.74715	0	0
S34	31632.70018	0.2266791181	99998.74715	0	0
Ne23	21414.10216	0.2145389924	99998.75331	0	0
Ne23	21414.10216	0.2051024281	99998.82011	0	0
neutron	939.56536	1.977489602	99998.73166	0	0
neutron	939.56536	0.2238170825	99998.73166	0	0
S33	30704.55199	0.1033587525	99998.73166	0	0
neutron	939.56536	8.252707936	99998.74477	0	0
neutron	939.56536	7.660441045	99998.74477	0	0
neutron	939.56536	1.021252141	99998.74477	0	0
alpha	3727.379	6.360835261	99998.74477	0	0
O16	14895.08153	4.389317058	99998.74477	0	0
Ne23	21414.10216	0.2298779013	99998.68723	0	0
Ne23	21414.10216	0.2328206656	99998.79836	0	0
S37	34430.21755	0.1388966043	99998.75805	0	0
neutron	939.56536	2.263850755	99998.75662	0	0
S36	33494.9558	0.1799511787	99998.75662	0	0
neutron	939.56536	1.051987815	99998.70767	0	0
Ne22	20479.73746	0.3836824989	99998.70767	0	0
neutron	939.56536	2.198811899	99998.73533	0	0
S34	31632.70018	0.0668625259	99998.73533	0	0
Ne23	21414.10216	0.2137853258	99998.77045	0	0
neutron	939.56536	27.55534809	99998.7791	0	0
neutron	939.56536	3.862464978	99998.7791	0	0
neutron	939.56536	0.2246195674	99998.7791	0	0
alpha	3727.379	6.873928177	99998.7791	0	0
O16	14895.08153	0.9599273884	99998.7791	0	0
neutron	939.56536	0.2759202258	99998.71152	0	0
S34	31632.70018	0.1094555695	99998.71152	0	0
neutron	939.56536	5.085410737	99998.76296	0	0
neutron	939.56536	2.551032692	99998.76296	0	0
neutron	939.56536	0.3421341193	99998.76296	0	0
alpha	3727.379	7.246636372	99998.76296	0	0
Si28	26053.19393	0.3122982387	99998.76296	0	0
neutron	939.56536	4.821219128	99998.74643	0	0
neutron	939.56536	3.444931889	99998.74643	0	0
neutron	939.56536	2.004699703	99998.74643	0	0
S32	29773.62828	0.589882029	99998.74643	0	0
neutron	939.56536	1.169854896	99998.70758	0	0
S34	31632.70018	0.07280646074	99998.70758	0	0
Ne23	21414.10216	0.2302533658	99998.72209	0	0
Ne23	21414.10216	0.2187316011	99998.72838	0	0
neutron	939.56536	2.266571618	99998.80677	0	0
S36	33494.9558	0.09046172772	99998.80677	0	0
neutron	939.56536	30.4924	99998.78295	0	0
neutron	939.56536	5.745805707	99998.78295	0	0
neutron	939.56536	0.5031346401	99998.78295	0	0
Ne20	18617.73218	2.421775949	99998.78295	0	0
neutron	939.56536	1.282178269	99998.68442	0	0
Ne22	20479.73746	0.2596163883	99998.68442	0	0
neutron	939.56536	0.2980358128	99998.68034	0	0
S36	33494.9558	0.1684076515	99998.68034	0	0
neutron	939.56536	0.3198090135	99998.78957	0	0
S34	31632.70018	0.1809411379	99998.78957	0	0
neutron	939.56536	0.2644731792	99998.84469	0	0
S34	31632.70018	0.1275200855	99998.84469	0	0
neutron	939.56536	0.2262680308	99998.7486	0	0
S36	33494.9558	0.1289504972	99998.7486	0	0
S35	32565.27968	0.1549037232	99998.72102	0	0
proton	938.272013	11.92676335	99998.72857	0	0
neutron	939.56536	9.209167716	99998.72857	0	0
neutron	939.56536	5.796016591	99998.72857	0	0
neutron	939.56536	1.637408135	99998.72857	0	0
alpha	3727.379	11.20108466	99998.72857	0	0
Al27	25126.50566	1.293951885	99998.72857	0	0
neutron	939.56536	1.85624416	99998.71889	0	0
neutron	939.56536	0.5027488055	99998.71889	0	0
S33	30704.55199	0.3708956398	99998.71889	0	0
neutron	939.56536	7.499733784	99998.69994	0	0
neutron	939.56536	0.7948209204	99998.69994	0	0
Ne21	19550.53637	0.7324952591	99998.69994	0	0
neutron	939.56536	7.084118433	99998.81877	0	0
proton	938.272013	2.629071757	99998.81877	0	0
P33	30705.30994	0.1207477085	99998.81877	0	0
S35	32565.27968	0.1571235766	99998.80533	0	0
S35	32565.27968	0.160355396	99998.95559	0	0
neutron	939.56536	0.4605274575	99998.72099	0	0
S34	31632.70018	0.1849175825	99998.72099	0	0
neutron	939.56536	0.3882951716	99998.73828	0	0
S34	31632.70018	0.1514831427	99998.73828	0	0
neutron	939.56536	0.7988105863	99998.75514	0	0
S34	31632.70018	0.2475999754	99998.75514	0	0
S35	32565.27968	0.1535531642	99998.70496	0	0
neutron	939.56536	4.800403798	99998.77986	0	0
alpha	3727.379	4.44234956	99998.77986	0	0
O18	16762.02378	0.9743243985	99998.77986	0	0
Ne23	21414.10216	0.2287461051	99998.74257	0	0
neutron	939.56536	0.1286369357	99998.82296	0	0
S34	31632.70018	0.1326021689	99998.82296	0	0
neutron	939.56536	59.51088687	99998.84898	0	0
neutron	939.56536	4.943434103	99998.84898	0	0
neutron	939.56536	0.7300927735	99998.84898	0	0
Ne20	18617.73218	1.268588258	99998.84898	0	0
S35	32565.27968	0.1423620401	99998.68694	0	0
neutron	939.56536	2.117905438	99998.74531	0	0
Ne22	20479.73746	0.4591419273	99998.74531	0	0
neutron	939.56536	9.465836333	99998.73299	0	0
neutron	939.56536	8.944046441	99998.73299	0	0
proton	938.272013	7.572383955	99998.73299	0	0
neutron	939.56536	5.077748432	99998.73299	0	0
neutron	939.56536	1.222779391	99998.73299	0	0
P32	29775.84838	0.3311809306	99998.73299	0	0
neutron	939.56536	10.18248728	99998.69782	0	0
neutron	939.56536	0.3650375009	99998.69782	0	0
S33	30704.55199	0.5807087374	99998.69782	0	0
neutron	939.56536	11.43941408	99998.77358	0	0
proton	938.272013	9.999714526	99998.77358	0	0
neutron	939.56536	8.889572582	99998.77358	0	0
neutron	939.56536	4.89654129	99998.77358	0	0
proton	938.272013	3.660516054	99998.77358	0	0
neutron	939.56536	2.591465458	99998.77358	0	0
Si29	26984.28567	0.9079281695	99998.77358	0	0
neutron	939.56536	4.829962093	99998.85148	0	0
neutron	939.56536	2.989060325	99998.85148	0	0
neutron	939.56536	0.0773258889	99998.85148	0	0
Ne20	18617.73218	0.3352782582	99998.85148	0	0
neutron	939.56536	0.1258142416	99998.80034	0	0
S36	33494.9558	0.1206468565	99998.80034	0	0
proton	938.272013	8.948034749	99998.70508	0	0
neutron	939.56536	6.616356601	99998.70508	0	0
neutron	939.56536	3.767634844	99998.70508	0	0
neutron	939.56536	2.760143693	99998.70508	0	0
P31	28844.21869	1.045066971	99998.70508	0	0
Ne23	21414.10216	0.209369433	99998.8352	0	0
neutron	939.56536	4.9798626	99998.71643	0	0
S34	31632.70018	0.5235241809	99998.71643	0	0
proton	938.272013	25.91122922	99998.70801	0	0
neutron	939.56536	0.4627330768	99998.70801	0	0
P33	30705.30994	0.911866387	99998.70801	0	0
neutron	939.56536	0.9779742083	99998.73116	0	0
S34	31632.70018	0.1372689707	99998.73116	0	0
neutron	939.56536	0.5468803616	99998.66274	0	0
S36	33494.9558	0.1689855775	99998.66274	0	0
neutron	939.56536	0.1800485022	99998.7428	0	0
S34	31632.70018	0.1575839067	99998.7428	0	0
neutron	939.56536	5.352776746	99998.74486	0	0
proton	938.272013	4.516584572	99998.74486	0	0
neutron	939.56536	3.059022351	99998.74486	0	0
neutron	939.56536	2.810555068	99998.74486	0	0
neutron	939.56536	1.346992375	99998.74486	0	0
neutron	939.56536	1.155137792	99998.74486	0	0
P31	28844.21869	0.8533338129	99998.74486	0	0
neutron	939.56536	1.088000793	99998.74615	0	0
S34	31632.70018	0.2416101776	99998.74615	0	0
Ne23	21414.10216	0.2186667079	99998.67706	0	0
neutron	939.56536	1.535884888	99998.72089	0	0
Ne22	20479.73746	0.4706204991	99998.72089	0	0
neutron	939.56536	1.700596572	99998.7916	0	0
S34	31632.70018	0.1537260428	99998.7916	0	0
neutron	939.56536	7.618988641	99998.74861	0	0
S34	31632.70018	0.02582552434	99998.74861	0	0
neutron	939.56536	4.808201109	99998.77155	0	0
proton	938.272013	4.154397114	99998.77155	0	0
neutron	939.56536	4.000135003	99998.77155	0	0
neutron	939.56536	3.821950243	99998.77155	0	0
P31	28844.21869	0.4959190115	99998.77155	0	0
neutron	939.56536	5.674899879	99998.69892	0	0
neutron	939.56536	0.4217940418	99998.69892	0	0
Ne21	19550.53637	0.7669549523	99998.69892	0	0
S37	34430.21755	0.1321712066	99998.75904	0	0
Ne23	21414.10216	0.2244915576	99998.74157	0	0
neutron	939.56536	2.314736337	99998.77993	0	0
neutron	939.56536	1.415686828	99998.77993	0	0
Ne21	19550.53637	0.4833869773	99998.77993	0	0
neutron	939.56536	28.23799025	99998.71363	0	0
proton	938.272013	18.26873915	99998.71363	0	0
F21	19556.73074	1.986169472	99998.71363	0	0
Ne23	21414.10216	0.2177324477	99998.7102	0	0
neutron	939.56536	6.395652146	99998.7173	0	0
neutron	939.56536	5.575729542	99998.7173	0	0
neutron	939.56536	4.361862608	99998.7173	0	0
Ne20	18617.73218	0.5219950064	99998.7173	0	0
S35	32565.27968	0.1469332112	99998.72368	0	0
Ne23	21414.10216	0.214067225	99998.78996	0	0
S35	32565.27968	0.1577296808	99998.84144	0	0
S35	32565.27968	0.1389907823	99998.75782	0	0
neutron	939.56536	0.6974244562	99998.75561	0	0
S34	31632.70018	0.06285723252	99998.75561	0	0
neutron	939.56536	1.102747402	99998.70141	0	0
neutron	939.56536	0.4054182234	99998.70141	0	0
neutron	939.56536	0.1399286394	99998.70141	0	0
S34	31632.70018	0.07927258041	99998.70141	0	0
neutron	939.56536	0.2863395786	99998.72404	0	0
S36	33494.9558	0.1384386271	99998.72404	0	0
neutron	939.56536	22.49474268	99998.69716	0	0
alpha	3727.379	5.004199602	99998.69716	0	0
O18	16762.02378	0.402989612	99998.69716	0	0
S35	32565.27968	0.1471909893	99998.65258	0	0
neutron	939.56536	6.029950775	99998.67967	0	0
neutron	939.56536	3.136507934	99998.67967	0	0
proton	938.272013	2.942007808	99998.67967	0	0
neutron	939.56536	2.379283433	99998.67967	0	0
P31	28844.21869	0.8832575566	99998.67967	0	0
S37	34430.21755	0.1381128833	99998.6823	0	0
Ne23	21414.10216	0.2300884427	99998.71319	0	0
neutron	939.56536	15.78185928	99998.79876	0	0
neutron	939.56536	4.957550805	99998.79876	0	0
neutron	939.56536	1.585519177	99998.79876	0	0
Ne20	18617.73218	0.705367915	99998.79876	0	0
neutron	939.56536	5.082653683	99998.6921	0	0
neutron	939.56536	4.353495287	99998.6921	0	0
S33	30704.55199	0.7165329749	99998.6921	0	0
Ne23	21414.10216	0.2187247445	99998.76343	0	0
neutron	939.56536	1.400280762	99998.68213	0	0
S34	31632.70018	0.2346216188	99998.68213	0	0
neutron	939.56536	5.981419251	99998.64304	0	0
neutron	939.56536	1.01604585	99998.64304	0	0
S33	30704.55199	0.1220685559	99998.64304	0	0
neutron	939.56536	10.01479905	99998.86817	0	0
neutron	939.56536	4.358694927	99998.86817	0	0
neutron	939.56536	2.762749809	99998.86817	0	0
S32	29773.62828	0.428331004	99998.86817	0	0
proton	938.272013	3.966516176	99998.68612	0	0
neutron	939.56536	3.918094249	99998.68612	0	0
P33	30705.30994	0.0282299123	99998.68612	0	0
neutron	939.56536	0.4054178081	99998.79842	0	0
S34	31632.70018	0.1072239387	99998.79842	0	0
neutron	939.56536	0.6908895911	99998.68745	0	0
S36	33494.9558	0.07830712467	99998.68745	0	0
neutron	939.56536	8.888845591	99998.67752	0	0
proton	938.272013	8.720336298	99998.67752	0	0
neutron	939.56536	3.101199749	99998.67752	0	0
neutron	939.56536	0.8750905366	99998.67752	0	0
deuteron	1875.613	7.722310076	99998.67752	0	0
Si29	26984.28567	0.4196244341	99998.67752	0	0
neutron	939.56536	0.3175072665	99998.71653	0	0
S36	33494.9558	0.1034181346	99998.71653	0	0
neutron	939.56536	2.281099015	99998.67704	0	0
neutron	939.56536	1.393476738	99998.67704	0	0
neutron	939.56536	0.3564927738	99998.67704	0	0
S34	31632.70018	0.3113093385	99998.67704	0	0
Ne23	21414.10216	0.2142684673	99998.77114	0	0
neutron	939.56536	8.215006396	99998.72501	0	0
neutron	939.56536	6.892838354	99998.72501	0	0
neutron	939.56536	4.599042095	99998.72501	0	0
proton	938.272013	3.757912676	99998.72501	0	0
P31	28844.21869	1.106137955	99998.72501	0	0
neutron	939.56536	1.397722797	99998.85311	0	0
S34	31632.70018	0.2094549144	99998.85311	0	0
proton	938.272013	8.899002505	99998.72464	0	0
neutron	939.56536	0.5676957248	99998.72464	0	0
P33	30705.30994	0.2298574634	99998.72464	0	0
neutron	939.56536	1.257708868	99998.72189	0	0
S34	31632.70018	0.1346284722	99998.72189	0	0
Ne23	21414.10216	0.2354010376	99998.69242	0	0
neutron	939.56536	7.453841163	99998.79208	0	0
neutron	939.56536	1.557257774	99998.79208	0	0
neutron	939.56536	1.501009686	99998.79208	0	0
S32	29773.62828	0.1203752136	99998.79208	0	0
neutron	939.56536	0.3485266478	99998.71932	0	0
Ne22	20479.73746	0.2542286738	99998.71932	0	0
neutron	939.56536	0.3703056046	99998.82202	0	0
S34	31632.70018	0.07954711513	99998.82202	0	0
neutron	939.56536	1.054055874	99998.71071	0	0
Ne22	20479.73746	0.1467356426	99998.71071	0	0
neutron	939.56536	3.572468707	99998.74147	0	0
S34	31632.70018	0.4344881264	99998.74147	0	0
neutron	939.56536	4.96558576	99998.72588	0	0
S34	31632.70018	0.5365455089	99998.72588	0	0
neutron	939.56536	21.70628953	99998.79904	0	0
neutron	939.56536	3.115755496	99998.79904	0	0
S35	32565.27968	0.1029434193	99998.79904	0	0
proton	938.272013	9.700471855	99998.73772	0	0
neutron	939.56536	5.759426915	99998.73772	0	0
neutron	939.56536	3.031349391	99998.73772	0	0
neutron	939.56536	2.098619612	99998.73772	0	0
deuteron	1875.613	4.980553765	99998.73772	0	0
Si29	26984.28567	0.1235867326	99998.73772	0	0
neutron	939.56536	9.505770491	99998.73024	0	0
proton	938.272013	7.698054581	99998.73024	0	0
neutron	939.56536	5.391662866	99998.73024	0	0
neutron	939.56536	3.099388532	99998.73024	0	0
triton	2808.921	2.238915628	99998.73024	0	0
O16	14895.08153	1.652836565	99998.73024	0	0
neutron	939.56536	1.634364744	99998.69992	0	0
S36	33494.9558	0.173867093	99998.69992	0	0
S37	34430.21755	0.1443649809	99998.58208	0	0
neutron	939.56536	0.647719314	99998.66499	0	0
S34	31632.70018	0.2536529181	99998.66499	0	0
neutron	939.56536	9.470961541	99998.74355	0	0
neutron	939.56536	2.055000473	99998.74355	0	0
Ne21	19550.53637	1.215744695	99998.74355	0	0
S35	32565.27968	0.1471050777	99998.71222	0	0
neutron	939.56536	8.391978764	99998.78887	0	0
neutron	939.56536	5.687539154	99998.78887	0	0
neutron	939.56536	3.264235757	99998.78887	0	0
S32	29773.62828	0.3270466969	99998.78887	0	0
neutron	939.56536	0.3829870021	99998.71603	0	0
S34	31632.70018	0.1904746791	99998.71603	0	0
neutron	939.56536	4.207182489	99998.8031	0	0
S36	33494.9558	0.2166182217	99998.8031	0	0
neutron	939.56536	0.7227237268	99998.76692	0	0
Ne22	20479.73746	0.3886366861	99998.76692	0	0
proton	938.272013	25.98553004	99998.65224	0	0
neutron	939.56536	5.406583279	99998.65224	0	0
F21	19556.73074	2.659501881	99998.65224	0	0
Ne23	21414.10216	0.2270875224	99998.65757	0	0
S35	32565.27968	0.167509395	99998.67741	0	0
S37	34430.21755	0.1403820269	99998.74095	0	0
neutron	939.56536	5.495073487	99998.91754	0	0
neutron	939.56536	0.2515811125	99998.91754	0	0
Ne21	19550.53637	0.1003843484	99998.91754	0	0
neutron	939.56536	2.578431598	99998.66984	0	0
S34	31632.70018	0.2730013371	99998.66984	0	0
neutron	939.56536	0.9431318302	99998.76252	0	0
Ne22	20479.73746	0.07129677681	99998.76252	0	0
neutron	939.56536	6.921901454	99998.78053	0	0
neutron	939.56536	3.598944014	99998.78053	0	0
S33	30704.55199	0.2963515842	99998.78053	0	0
S35	32565.27968	0.1598669942	99998.71513	0	0
neutron	939.56536	1.28905415	99998.80011	0	0
Ne22	20479.73746	0.446468148	99998.80011	0	0
neutron	939.56536	0.5061227277	99998.72735	0	0
S34	31632.70018	0.07565411608	99998.72735	0	0
S37	34430.21755	0.1370725106	99998.73241	0	0
neutron	939.56536	8.404886237	99998.69035	0	0
proton	938.272013	3.869470385	99998.69035	0	0
proton	938.272013	3.484085021	99998.69035	0	0
neutron	939.56536	2.680717386	99998.69035	0	0
neutron	939.56536	1.925289504	99998.69035	0	0
O18	16762.02378	1.661771953	99998.69035	0	0
neutron	939.56536	2.008000649	99998.71827	0	0
Ne22	20479.73746	0.5560383495	99998.71827	0	0
neutron	939.56536	7.97934675	99998.77841	0	0
neutron	939.56536	5.878247947	99998.77841	0	0
neutron	939.56536	0.734780922	99998.77841	0	0
alpha	3727.379	5.219339672	99998.77841	0	0
alpha	3727.379	3.182761084	99998.77841	0	0
C12	11174.86339	5.326026645	99998.77841	0	0
neutron	939.56536	0.5119689938	99998.74972	0	0
Ne22	20479.73746	0.366475428	99998.74972	0	0
neutron	939.56536	0.4784971616	99998.75088	0	0
S34	31632.70018	0.1140407383	99998.75088	0	0
neutron	939.56536	1.202823005	99998.83936	0	0
Ne22	20479.73746	0.3312550546	99998.83936	0	0
proton	938.272013	21.47556135	99998.71441	0	0
neutron	939.56536	7.855421681	99998.71441	0	0
P33	30705.30994	0.6705557293	99998.71441	0	0
neutron	939.56536	24.73710335	99998.7481	0	0
proton	938.272013	24.06967357	99998.7481	0	0
neutron	939.56536	2.550823851	99998.7481	0	0
P32	29775.84838	1.301492128	99998.7481	0	0
S35	32565.27968	0.1614099522	99998.90301	0	0
neutron	939.56536	3.029430982	99998.76599	0	0
deuteron	1875.613	9.428496252	99998.76599	0	0
F20	18625.26686	0.9076508463	99998.76599	0	0
neutron	939.56536	4.185746618	99998.77213	0	0
neutron	939.56536	4.074609918	99998.77213	0	0
neutron	939.56536	1.229516752	99998.77213	0	0
S34	31632.70018	0.4376434547	99998.77213	0	0
neutron	939.56536	3.990785719	99998.81237	0	0
neutron	939.56536	3.339340503	99998.81237	0	0
neutron	939.56536	1.482363669	99998.81237	0	0
S34	31632.70018	0.6513356106	99998.81237	0	0
neutron	939.56536	3.837983624	99998.68082	0	0
S34	31632.70018	0.218329379	99998.68082	0	0
neutron	939.56536	16.63564826	99998.70877	0	0
neutron	939.56536	2.534728325	99998.70877	0	0
Ne21	19550.53637	0.7481903547	99998.70877	0	0
neutron	939.56536	0.5166006317	99998.77078	0	0
S36	33494.9558	0.1522521015	99998.77078	0	0
neutron	939.56536	1.274653665	99998.8593	0	0
S36	33494.9558	0.2206973326	99998.8593	0	0
proton	938.272013	3.15703282	99998.64638	0	0
neutron	939.56536	1.33493221	99998.64638	0	0
P33	30705.30994	0.2386606615	99998.64638	0	0
neutron	939.56536	0.5374820523	99998.72773	0	0
Ne22	20479.73746	0.3442634576	99998.72773	0	0
neutron	939.56536	0.9415338273	99998.7744	0	0
S34	31632.70018	0.2215258418	99998.7744	0	0
neutron	939.56536	2.816204099	99998.67068	0	0
neutron	939.56536	1.801484375	99998.67068	0	0
S33	30704.55199	0.1680898533	99998.67068	0	0
neutron	939.56536	12.7506204	99998.75158	0	0
neutron	939.56536	5.887573583	99998.75158	0	0
neutron	939.56536	1.358182644	99998.75158	0	0
Ne20	18617.73218	0.7064828691	99998.75158	0	0
neutron	939.56536	1.444723546	99998.79459	0	0
S34	31632.70018	0.100547053	99998.79459	0	0
proton	938.272013	12.56194036	99998.74578	0	0
neutron	939.56536	3.271259036	99998.74578	0	0
neutron	939.56536	2.135599814	99998.74578	0	0
P32	29775.84838	0.4284745488	99998.74578	0	0
S37	34430.21755	0.1378769089	99998.74663	0	0
neutron	939.56536	3.340609376	99998.68733	0	0
neutron	939.56536	1.891154668	99998.68733	0	0
neutron	939.56536	0.5774398355	99998.68733	0	0
S32	29773.62828	0.1153419175	99998.68733	0	0
neutron	939.56536	13.47843415	99998.68583	0	0
proton	938.272013	10.68909036	99998.68583	0	0
neutron	939.56536	6.580219872	99998.68583	0	0
neutron	939.56536	6.530702032	99998.68583	0	0
P31	28844.21869	0.9358101414	99998.68583	0	0
S35	32565.27968	0.1532322656	99998.8687	0	0
neutron	939.56536	1.075615581	99998.74186	0	0
S34	31632.70018	0.1805157409	99998.74186	0	0
neutron	939.56536	25.38080137	99998.73514	0	0
neutron	939.56536	3.209434744	99998.73514	0	0
neutron	939.56536	2.124185443	99998.73514	0	0
Ne20	18617.73218	0.8495217358	99998.73514	0	0
S35	32565.27968	0.1478999961	99998.69846	0	0
neutron	939.56536	0.5680200445	99998.71236	0	0
S34	31632.70018	0.2519815484	99998.71236	0	0
neutron	939.56536	1.299290772	99998.69124	0	0
S34	31632.70018	0.3012476461	99998.69124	0	0
neutron	939.56536	0.3255690138	99998.71839	0	0
Ne22	20479.73746	0.1749494583	99998.71839	0	0
S35	32565.27968	0.1494157988	99998.71878	0	0
neutron	939.56536	4.702948183	99998.69316	0	0
neutron	939.56536	1.414783484	99998.69316	0	0
S33	30704.55199	0.2284820466	99998.69316	0	0
neutron	939.56536	12.78954237	99998.70849	0	0
neutron	939.56536	9.003246572	99998.70849	0	0
neutron	939.56536	8.363953621	99998.70849	0	0
proton	938.272013	3.716404061	99998.70849	0	0
triton	2808.921	0.699851006	99998.70849	0	0
O16	14895.08153	2.346145711	99998.70849	0	0
neutron	939.56536	8.192940505	99998.75209	0	0
proton	938.272013	6.718915526	99998.75209	0	0
proton	938.272013	4.439039377	99998.75209	0	0
neutron	939.56536	4.239566776	99998.75209	0	0
neutron	939.56536	1.669700384	99998.75209	0	0
Si30	27913.24182	0.4639217324	99998.75209	0	0
proton	938.272013	9.674669057	99998.66461	0	0
neutron	939.56536	4.727343251	99998.66461	0	0
neutron	939.56536	2.565163014	99998.66461	0	0
F20	18625.26686	0.3018560639	99998.66461	0	0
neutron	939.56536	5.862774062	99998.75022	0	0
proton	938.272013	4.820351915	99998.75022	0	0
neutron	939.56536	4.064531668	99998.75022	0	0
proton	938.272013	2.812973274	99998.75022	0	0
neutron	939.56536	1.064227209	99998.75022	0	0
O18	16762.02378	2.38616162	99998.75022	0	0
neutron	939.56536	5.994127623	99998.64315	0	0
S34	31632.70018	0.1291676232	99998.64315	0	0
neutron	939.56536	0.07349217995	99998.72943	0	0
S34	31632.70018	0.1469754007	99998.72943	0	0
neutron	939.56536	1.93050818	99998.72617	0	0
S34	31632.70018	0.1164341939	99998.72617	0	0
neutron	939.56536	38.01205187	99998.74422	0	0
neutron	939.56536	15.92990728	99998.74422	0	0
neutron	939.56536	2.934102193	99998.74422	0	0
S32	29773.62828	0.1128675541	99998.74422	0	0
neutron	939.56536	6.489846296	99998.70181	0	0
neutron	939.56536	2.02431009	99998.70181	0	0
neutron	939.56536	1.747338875	99998.70181	0	0
S32	29773.62828	0.04027580368	99998.70181	0	0
neutron	939.56536	4.985254124	99998.77742	0	0
neutron	939.56536	1.960607256	99998.77742	0	0
neutron	939.56536	0.7284839431	99998.77742	0	0
alpha	3727.379	4.456902378	99998.77742	0	0
O16	14895.08153	2.602346895	99998.77742	0	0
proton	938.272013	17.21569658	99998.68086	0	0
neutron	939.56536	1.478140526	99998.68086	0	0
neutron	939.56536	1.071658079	99998.68086	0	0
F20	18625.26686	0.9967213968	99998.68086	0	0
S35	32565.27968	0.1589019857	99998.70796	0	0
neutron	939.56536	1.896371178	99998.73397	0	0
S34	31632.70018	0.3653565525	99998.73397	0	0
neutron	939.56536	0.4787409595	99998.7705	0	0
S34	31632.70018	0.09305836236	99998.7705	0	0
neutron	939.56536	3.159672938	99998.70597	0	0
Ne22	20479.73746	0.06197836096	99998.70597	0	0
proton	938.272013	6.594883379	99998.74354	0	0
neutron	939.56536	5.887410599	99998.74354	0	0
neutron	939.56536	3.065505018	99998.74354	0	0
proton	938.272013	2.142476527	99998.74354	0	0
neutron	939.56536	0.6683499423	99998.74354	0	0
Si30	27913.24182	0.7593863988	99998.74354	0	0
neutron	939.56536	0.245113842	99998.75689	0	0
Ne22	20479.73746	0.1940622382	99998.75689	0	0
Ne23	21414.10216	0.2139917345	99998.78924	0	0
proton	938.272013	15.44227121	99998.73129	0	0
neutron	939.56536	5.427892018	99998.73129	0	0
F21	19556.73074	1.538771857	99998.73129	0	0
proton	938.272013	26.7044502	99998.72175	0	0
neutron	939.56536	14.57673779	99998.72175	0	0
F21	19556.73074	0.8314085313	99998.72175	0	0
neutron	939.56536	21.99834113	99998.83563	0	0
neutron	939.56536	4.992588347	99998.83563	0	0
neutron	939.56536	3.815779638	99998.83563	0	0
Ne20	18617.73218	1.781590077	99998.83563	0	0
neutron	939.56536	0.9256224883	99998.76555	0	0
S34	31632.70018	0.2615525453	99998.76555	0	0
neutron	939.56536	36.24913078	99998.69181	0	0
neutron	939.56536	19.8577068	99998.69181	0	0
neutron	939.56536	0.1377535114	99998.69181	0	0
Ne20	18617.73218	1.640777974	99998.69181	0	0
neutron	939.56536	6.726626813	99998.71192	0	0
neutron	939.56536	1.866080478	99998.71192	0	0
neutron	939.56536	1.056934471	99998.71192	0	0
Ne20	18617.73218	0.3156016045	99998.71192	0	0
neutron	939.56536	15.2024314	99998.7726	0	0
neutron	939.56536	0.8185741725	99998.7726	0	0
S35	32565.27968	0.2216587822	99998.7726	0	0
neutron	939.56536	0.4973210304	99998.79185	0	0
S34	31632.70018	0.2135273023	99998.79185	0	0
neutron	939.56536	0.2539505534	99998.68842	0	0
S36	33494.9558	0.1697335074	99998.68842	0	0
neutron	939.56536	1.306526823	99998.69767	0	0
Ne22	20479.73746	0.1494176792	99998.69767	0	0
neutron	939.56536	22.01919927	99998.71321	0	0
neutron	939.56536	8.649964096	99998.71321	0	0
proton	938.272013	4.502261432	99998.71321	0	0
neutron	939.56536	1.339037166	99998.71321	0	0
neutron	939.56536	1.278110076	99998.71321	0	0
P32	29775.84838	0.9940364636	99998.71321	0	0
neutron	939.56536	30.36231966	99998.99308	0	0
neutron	939.56536	20.41912297	99998.99308	0	0
neutron	939.56536	3.50321394	99998.99308	0	0
S34	31632.70018	0.6143290748	99998.99308	0	0
neutron	939.56536	6.746371307	99998.75964	0	0
proton	938.272013	5.38411398	99998.75964	0	0
neutron	939.56536	3.759454058	99998.75964	0	0
P32	29775.84838	0.2224352737	99998.75964	0	0
S35	32565.27968	0.1679456963	99998.68216	0	0
neutron	939.56536	0.3128686273	99998.79616	0	0
S36	33494.9558	0.1271834325	99998.79616	0	0
neutron	939.56536	0.6160730518	99998.7468	0	0
S34	31632.70018	0.125120895	99998.7468	0	0
neutron	939.56536	0.0459806313	99998.76355	0	0
Ne22	20479.73746	0.2039849491	99998.76355	0	0
S35	32565.27968	0.1470051976	99998.82091	0	0
neutron	939.56536	0.6528236831	99998.75788	0	0
S34	31632.70018	0.2111451802	99998.75788	0	0
neutron	939.56536	1.216637474	99998.85172	0	0
Ne22	20479.73746	0.3812670448	99998.85172	0	0
neutron	939.56536	0.4794696451	99998.83165	0	0
S34	31632.70018	0.07262746547	99998.83165	0	0
neutron	939.56536	0.7240718839	99998.68978	0	0
neutron	939.56536	0.05782263819	99998.68978	0	0
S33	30704.55199	0.1856767277	99998.68978	0	0
neutron	939.56536	33.95365118	99998.73712	0	0
neutron	939.56536	12.76473647	99998.73712	0	0
neutron	939.56536	3.557172667	99998.73712	0	0
alpha	3727.379	3.504887801	99998.73712	0	0
O16	14895.08153	6.907806608	99998.73712	0	0
Ne23	21414.10216	0.2284217926	99998.75259	0	0
Ne23	21414.10216	0.2170041862	99998.71842	0	0
neutron	939.56536	1.794681471	99998.75766	0	0
neutron	939.56536	0.3417456881	99998.75766	0	0
S35	32565.27968	0.03699179575	99998.75766	0	0
neutron	939.56536	3.792902341	99998.72154	0	0
neutron	939.56536	2.6025634	99998.72154	0	0
neutron	939.56536	2.161036016	99998.72154	0	0
S34	31632.70018	0.3041614168	99998.72154	0	0
neutron	939.56536	0.4037438105	99998.79709	0	0
Ne22	20479.73746	0.1073959936	99998.79709	0	0
S37	34430.21755	0.1373397287	99998.81885	0	0
S37	34430.21755	0.1435937163	99998.77264	0	0
neutron	939.56536	28.8298187	99998.73746	0	0
proton	938.272013	20.69995091	99998.73746	0	0
F21	19556.73074	2.154610904	99998.73746	0	0
neutron	939.56536	0.470280129	99998.70445	0	0
Ne22	20479.73746	0.1189565331	99998.70445	0	0
neutron	939.56536	30.32381534	99998.751	0	0
proton	938.272013	4.208165713	99998.751	0	0
P35	32569.77755	0.5543121975	99998.751	0	0
Ne23	21414.10216	0.2312539631	99998.68111	0	0
Ne23	21414.10216	0.2097131938	99998.68746	0	0
Ne23	21414.10216	0.229696871	99998.69504	0	0
neutron	939.56536	2.971671931	99998.648	0	0
neutron	939.56536	2.878079663	99998.648	0	0
Ne21	19550.53637	0.2396692669	99998.648	0	0
neutron	939.56536	0.3545615625	99998.74446	0	0
S34	31632.70018	0.1110886425	99998.74446	0	0
neutron	939.56536	3.182710308	99998.95547	0	0
neutron	939.56536	0.6289199506	99998.95547	0	0
S35	32565.27968	0.04478616195	99998.95547	0	0
S35	32565.27968	0.1534114328	99998.65559	0	0
neutron	939.56536	0.1697272524	99998.70577	0	0
S34	31632.70018	0.1146257316	99998.70577	0	0
proton	938.272013	11.90695122	99998.79909	0	0
proton	938.272013	4.484115245	99998.79909	0	0
neutron	939.56536	2.927155803	99998.79909	0	0
neutron	939.56536	2.231424487	99998.79909	0	0
neutron	939.56536	1.873269539	99998.79909	0	0
Si30	27913.24182	0.4073730055	99998.79909	0	0
neutron	939.56536	5.072946535	99998.72544	0	0
neutron	939.56536	3.34057496	99998.72544	0	0
Ne21	19550.53637	0.4142906176	99998.72544	0	0
neutron	939.56536	0.5594063323	99998.68011	0	0
S34	31632.70018	0.2420834273	99998.68011	0	0
Ne23	21414.10216	0.2042784934	99998.78678	0	0
Ne23	21414.10216	0.2330723387	99998.7609	0	0
neutron	939.56536	4.310846075	99998.77828	0	0
neutron	939.56536	2.533259471	99998.77828	0	0
neutron	939.56536	0.7792059403	99998.77828	0	0
S34	31632.70018	0.1053228692	99998.77828	0	0
neutron	939.56536	0.09391942027	99998.74523	0	0
Ne22	20479.73746	0.212794332	99998.74523	0	0
S35	32565.27968	0.1541372563	99998.77498	0	0
neutron	939.56536	2.534887368	99998.74911	0	0
S34	31632.70018	0.2077559881	99998.74911	0	0
neutron	939.56536	3.965784581	99998.76971	0	0
neutron	939.56536	1.195135684	99998.76971	0	0
neutron	939.56536	0.6357386666	99998.76971	0	0
S34	31632.70018	0.2877412424	99998.76971	0	0
neutron	939.56536	8.54608675	99998.69505	0	0
proton	938.272013	4.831702172	99998.69505	0	0
P33	30705.30994	0.2249423762	99998.69505	0	0
S35	32565.27968	0.1552605949	99998.8089	0	0
S37	34430.21755	0.1335517581	99998.75896	0	0
neutron	939.56536	3.166133042	99998.9967	0	0
Ne22	20479.73746	0.07104925529	99998.9967	0	0
proton	938.272013	10.71330377	99998.71309	0	0
proton	938.272013	4.688727527	99998.71309	0	0
neutron	939.56536	3.527156761	99998.71309	0	0
neutron	939.56536	1.568843445	99998.71309	0	0
neutron	939.56536	0.8669651939	99998.71309	0	0
Si30	27913.24182	0.6090966197	99998.71309	0	0
Ne23	21414.10216	0.2051890191	99999.30783	0	0
S35	32565.27968	0.1455195737	99998.7386	0	0
neutron	939.56536	4.972181285	99998.80043	0	0
neutron	939.56536	0.737575546	99998.80043	0	0
S33	30704.55199	0.5021212234	99998.80043	0	0
S35	32565.27968	0.1643370224	99998.71129	0	0
S37	34430.21755	0.1280340009	99998.72672	0	0
Ne23	21414.10216	0.2248873756	99998.75169	0	0
neutron	939.56536	4.064526483	99998.70947	0	0
neutron	939.56536	3.535330289	99998.70947	0	0
neutron	939.56536	2.71040168	99998.70947	0	0
S32	29773.62828	0.2552225361	99998.70947	0	0
neutron	939.56536	45.26283431	99998.73978	0	0
proton	938.272013	18.29767505	99998.73978	0	0
F21	19556.73074	1.70232007	99998.73978	0	0
S35	32565.27968	0.159115393	99998.67764	0	0
neutron	939.56536	5.719454613	99998.65609	0	0
neutron	939.56536	3.572616862	99998.65609	0	0
neutron	939.56536	0.7029051295	99998.65609	0	0
S32	29773.62828	0.5768199923	99998.65609	0	0
Ne23	21414.10216	0.2131588512	99998.86108	0	0
neutron	939.56536	8.064831755	99998.66239	0	0
proton	938.272013	3.346481587	99998.66239	0	0
neutron	939.56536	2.045669581	99998.66239	0	0
P32	29775.84838	0.2001103432	99998.66239	0	0
neutron	939.56536	15.99190169	99998.78501	0	0
neutron	939.56536	1.622027655	99998.78501	0	0
neutron	939.56536	0.2853605829	99998.78501	0	0
S32	29773.62828	0.8757550724	99998.78501	0	0
neutron	939.56536	1.795950511	99998.7769	0	0
S34	31632.70018	0.1166426742	99998.7769	0	0
Ne23	21414.10216	0.2258113083	99998.85341	0	0
neutron	939.56536	9.800834241	99998.75328	0	0
neutron	939.56536	5.967879885	99998.75328	0	0
proton	938.272013	3.961882376	99998.75328	0	0
proton	938.272013	2.45480869	99998.75328	0	0
neutron	939.56536	2.27240975	99998.75328	0	0
Si30	27913.24182	0.2527600559	99998.75328	0	0
Ne23	21414.10216	0.2173584861	99998.74953	0	0
neutron	939.56536	1.361932243	99998.72568	0	0
S36	33494.9558	0.06303697117	99998.72568	0	0
neutron	939.56536	14.93769849	99998.85122	0	0
neutron	939.56536	4.390175943	99998.85122	0	0
neutron	939.56536	4.145174146	99998.85122	0	0
Ne20	18617.73218	1.420699966	99998.85122	0	0
Ne23	21414.10216	0.2151725974	99998.75223	0	0
neutron	939.56536	0.6670747022	99998.72582	0	0
Ne22	20479.73746	0.1273569202	99998.72582	0	0
neutron	939.56536	4.853153937	99998.72517	0	0
neutron	939.56536	3.117783937	99998.72517	0	0
neutron	939.56536	1.251620455	99998.72517	0	0
alpha	3727.379	6.038518586	99998.72517	0	0
O16	14895.08153	1.63370217	99998.72517	0	0
neutron	939.56536	0.5618610306	99998.7706	0	0
Ne22	20479.73746	0.2332966174	99998.7706	0	0
neutron	939.56536	0.06880609523	99998.68445	0	0
S34	31632.70018	0.1468449249	99998.68445	0	0
neutron	939.56536	0.2592155225	99998.63215	0	0
S34	31632.70018	0.1865381683	99998.63215	0	0
neutron	939.56536	2.529973211	99998.72219	0	0
S34	31632.70018	0.1966001886	99998.72219	0	0
proton	938.272013	10.68204235	99998.68585	0	0
F22	20491.06576	1.11838889	99998.68585	0	0
Ne23	21414.10216	0.2340046256	99998.86264	0	0
neutron	939.56536	4.349350198	99998.75614	0	0
neutron	939.56536	1.997616057	99998.75614	0	0
neutron	939.56536	1.320900563	99998.75614	0	0
alpha	3727.379	7.283455506	99998.75614	0	0
Si28	26053.19393	1.478234807	99998.75614	0	0
Ne23	21414.10216	0.227133655	99998.77851	0	0
neutron	939.56536	17.62902498	99998.72605	0	0
neutron	939.56536	2.879188415	99998.72605	0	0
Ne21	19550.53637	0.2576109363	99998.72605	0	0
neutron	939.56536	0.3803787041	99998.81951	0	0
S34	31632.70018	0.1714148719	99998.81951	0	0
neutron	939.56536	0.5995289422	99998.72788	0	0
Ne22	20479.73746	0.1007277685	99998.72788	0	0
S37	34430.21755	0.1363177726	99998.72907	0	0
neutron	939.56536	0.7758523743	99998.70036	0	0
Ne22	20479.73746	0.3812332222	99998.70036	0	0
neutron	939.56536	10.31802087	99998.72764	0	0
proton	938.272013	8.935872505	99998.72764	0	0
neutron	939.56536	0.261077338	99998.72764	0	0
P34	31638.59261	0.1308850545	99998.72764	0	0
neutron	939.56536	2.411016627	99998.75805	0	0
neutron	939.56536	2.224417142	99998.75805	0	0
S33	30704.55199	0.1562618104	99998.75805	0	0
neutron	939.56536	14.00322652	99998.76849	0	0
neutron	939.56536	6.055029315	99998.76849	0	0
neutron	939.56536	2.497284854	99998.76849	0	0
alpha	3727.379	7.545625201	99998.76849	0	0
O16	14895.08153	3.053698752	99998.76849	0	0
neutron	939.56536	17.47640886	99998.74162	0	0
neutron	939.56536	1.169504008	99998.74162	0	0
S33	30704.55199	0.3664326652	99998.74162	0	0
S35	32565.27968	0.157801069	99998.68829	0	0
Ne23	21414.10216	0.223479186	99998.75449	0	0
neutron	939.56536	5.803163926	99998.76895	0	0
neutron	939.56536	1.319338053	99998.76895	0	0
S35	32565.27968	0.1078501526	99998.76895	0	0
neutron	939.56536	7.526301128	99998.72615	0	0
neutron	939.56536	2.527163609	99998.72615	0	0
neutron	939.56536	0.5086236886	99998.72615	0	0
Ne20	18617.73218	0.7703774943	99998.72615	0	0
Ne23	21414.10216	0.2155191319	99998.82521	0	0
neutron	939.56536	0.3131567806	99998.69858	0	0
S34	31632.70018	0.1063235652	99998.69858	0	0
neutron	939.56536	0.4912357043	99998.72535	0	0
S34	31632.70018	0.1084260811	99998.72535	0	0
neutron	939.56536	2.797741871	99998.81278	0	0
proton	938.272013	2.152010916	99998.81278	0	0
F21	19556.73074	0.2480359932	99998.81278	0	0
S35	32565.27968	0.1549313029	99998.75873	0	0
neutron	939.56536	1.40741171	99998.75532	0	0
neutron	939.56536	0.2709769551	99998.75532	0	0
S33	30704.55199	0.1559477738	99998.75532	0	0
neutron	939.56536	0.9203120452	99998.72086	0	0
S34	31632.70018	0.1543734058	99998.72086	0	0
S37	34430.21755	0.1439627439	99998.78802	0	0
Ne23	21414.10216	0.2187195608	99998.77589	0	0
neutron	939.56536	0.5506219885	99998.76405	0	0
S34	31632.70018	0.09647789733	99998.76405	0	0
neutron	939.56536	0.9122016922	99998.72293	0	0
deuteron	1875.613	4.608465464	99998.72293	0	0
F20	18625.26686	0.5966537298	99998.72293	0	0
neutron	939.56536	0.8544903385	99998.74947	0	0
Ne22	20479.73746	0.2458299871	99998.74947	0	0
neutron	939.56536	2.750122746	99998.69618	0	0
neutron	939.56536	1.332833701	99998.69618	0	0
Ne21	19550.53637	0.3217869542	99998.69618	0	0
Ne23	21414.10216	0.2261283181	99998.6742	0	0
proton	938.272013	4.693535776	99998.80632	0	0
neutron	939.56536	1.443545116	99998.80632	0	0
neutron	939.56536	0.3173885421	99998.80632	0	0
F20	18625.26686	1.048256686	99998.80632	0	0
neutron	939.56536	0.3316791327	99998.75267	0	0
Ne22	20479.73746	0.1861697391	99998.75267	0	0
neutron	939.56536	4.107990292	99998.80757	0	0
neutron	939.56536	2.195115604	99998.80757	0	0
Ne21	19550.53637	0.1085802572	99998.80757	0	0
neutron	939.56536	2.391921675	99998.74662	0	0
neutron	939.56536	1.829166555	99998.74662	0	0
alpha	3727.379	11.41510439	99998.74662	0	0
Si29	26984.28567	1.790261866	99998.74662	0	0
neutron	939.56536	0.9339930653	99998.73384	0	0
S34	31632.70018	0.04366028671	99998.73384	0	0
proton	938.272013	18.26294716	99998.75201	0	0
neutron	939.56536	13.23080496	99998.75201	0	0
neutron	939.56536	1.333407927	99998.75201	0	0
neutron	939.56536	0.5328153678	99998.75201	0	0
triton	2808.921	6.557095401	99998.75201	0	0
Si30	27913.24182	0.1811324008	99998.75201	0	0
neutron	939.56536	0.4320851531	99998.80188	0	0
Ne22	20479.73746	0.2687394935	99998.80188	0	0
neutron	939.56536	0.119183034	99998.7228	0	0
S34	31632.70018	0.1130904807	99998.7228	0	0
neutron	939.56536	0.4560906171	99998.77071	0	0
Ne22	20479.73746	0.307953628	99998.77071	0	0
neutron	939.56536	7.446360547	99998.70296	0	0
S36	33494.9558	0.03194257431	99998.70296	0	0
neutron	939.56536	3.002570563	99998.71218	0	0
neutron	939.56536	2.12928203	99998.71218	0	0
neutron	939.56536	1.899944692	99998.71218	0	0
S34	31632.70018	0.3344257823	99998.71218	0	0
proton	938.272013	6.10329592	99998.78961	0	0
neutron	939.56536	1.377828562	99998.78961	0	0
deuteron	1875.613	8.694377862	99998.78961	0	0
O19	17697.63348	0.1825459896	99998.78961	0	0
S35	32565.27968	0.1416306667	99998.659	0	0
neutron	939.56536	1.041647683	99998.73497	0	0
S34	31632.70018	0.2750095739	99998.73497	0	0
Ne23	21414.10216	0.2285228638	99998.6718	0	0
neutron	939.56536	0.5624622115	99998.99771	0	0
S34	31632.70018	0.06857144401	99998.99771	0	0
Ne23	21414.10216	0.2350589156	99998.68444	0	0
Ne23	21414.10216	0.2219846664	99998.79286	0	0
Ne23	21414.10216	0.2293849397	99998.70692	0	0
neutron	939.56536	6.587552599	99998.71968	0	0
neutron	939.56536	3.412848677	99998.71968	0	0
neutron	939.56536	0.8917316186	99998.71968	0	0
Ne20	18617.73218	0.6495105241	99998.71968	0	0
neutron	939.56536	23.82601486	99998.69309	0	0
neutron	939.56536	1.935213754	99998.69309	0	0
neutron	939.56536	1.4704939	99998.69309	0	0
S32	29773.62828	1.175772779	99998.69309	0	0
neutron	939.56536	0.6982148747	99998.72667	0	0
He3	2808.391	6.117641145	99998.72667	0	0
Si31	28846.21977	0.8709820809	99998.72667	0	0
neutron	939.56536	1.753972035	99998.63765	0	0
S36	33494.9558	0.1239918722	99998.63765	0	0
neutron	939.56536	9.732694157	99998.66973	0	0
S34	31632.70018	0.6018142667	99998.66973	0	0
proton	938.272013	2.44577147	99998.83525	0	0
neutron	939.56536	1.46613265	99998.83525	0	0
neutron	939.56536	0.3301162975	99998.83525	0	0
F20	18625.26686	0.4531308066	99998.83525	0	0
S35	32565.27968	0.1530490306	99998.78823	0	0
neutron	939.56536	0.409291079	99998.67939	0	0
S34	31632.70018	0.09546461266	99998.67939	0	0
neutron	939.56536	13.39319112	99998.7242	0	0
neutron	939.56536	5.048173682	99998.7242	0	0
neutron	939.56536	3.360614482	99998.7242	0	0
alpha	3727.379	4.363067959	99998.7242	0	0
O16	14895.08153	1.741241702	99998.7242	0	0
neutron	939.56536	1.761252777	99998.65101	0	0
S34	31632.70018	0.1716536208	99998.65101	0	0
Ne23	21414.10216	0.2339295741	99998.79075	0	0
neutron	939.56536	1.127451556	99998.75263	0	0
Ne22	20479.73746	0.1852667221	99998.75263	0	0
Ne23	21414.10216	0.2244518182	99998.67934	0	0
neutron	939.56536	5.719793624	99998.69532	0	0
neutron	939.56536	2.244640953	99998.69532	0	0
neutron	939.56536	1.606072788	99998.69532	0	0
alpha	3727.379	9.444624596	99998.69532	0	0
Si30	27913.24182	0.9198411907	99998.69532	0	0
proton	938.272013	6.600321998	99998.71968	0	0
neutron	939.56536	3.518112657	99998.71968	0	0
neutron	939.56536	2.058543829	99998.71968	0	0
P32	29775.84838	0.4836755072	99998.71968	0	0
proton	938.272013	12.25377758	99998.7504	0	0
neutron	939.56536	3.954091592	99998.7504	0	0
triton	2808.921	8.789719814	99998.7504	0	0
Si30	27913.24182	0.8934981956	99998.7504	0	0
neutron	939.56536	3.477261068	99998.66107	0	0
deuteron	1875.613	11.28095258	99998.66107	0	0
P32	29775.84838	0.7026144706	99998.66107	0	0
S35	32565.27968	0.1612859371	99998.69219	0	0
neutron	939.56536	0.9421326661	99998.79322	0	0
S34	31632.70018	0.2017119366	99998.79322	0	0
neutron	939.56536	10.49274014	99998.7733	0	0
neutron	939.56536	5.641985416	99998.7733	0	0
neutron	939.56536	0.6545372393	99998.7733	0	0
S34	31632.70018	0.1872328467	99998.7733	0	0
S35	32565.27968	0.1524874964	99998.74899	0	0
neutron	939.56536	1.232144715	99998.7239	0	0
Ne22	20479.73746	0.2184797358	99998.7239	0	0
neutron	939.56536	8.789332003	99998.71553	0	0
neutron	939.56536	3.652210545	99998.71553	0	0
neutron	939.56536	0.8461144317	99998.71553	0	0
Ne20	18617.73218	1.362778073	99998.71553	0	0
neutron	939.56536	0.4451677795	99998.79484	0	0
S34	31632.70018	0.1111175575	99998.79484	0	0
S35	32565.27968	0.1634391072	99998.69991	0	0
neutron	939.56536	20.1371787	99998.81073	0	0
proton	938.272013	5.57999246	99998.81073	0	0
neutron	939.56536	3.763962497	99998.81073	0	0
P34	31638.59261	0.1869880256	99998.81073	0	0
neutron	939.56536	41.75867963	99998.70191	0	0
neutron	939.56536	3.155571222	99998.70191	0	0
S33	30704.55199	1.284816396	99998.70191	0	0
neutron	939.56536	8.091499704	99998.76802	0	0
neutron	939.56536	1.063343189	99998.76802	0	0
Ne21	19550.53637	0.7025780253	99998.76802	0	0
neutron	939.56536	2.231381284	99998.80305	0	0
S34	31632.70018	0.04424489146	99998.80305	0	0
neutron	939.56536	1.887974474	99998.80014	0	0
Ne22	20479.73746	0.5134356899	99998.80014	0	0
neutron	939.56536	0.6194712648	99998.71152	0	0
Ne22	20479.73746	0.3390226802	99998.71152	0	0
S37	34430.21755	0.1326831602	99998.64245	0	0
neutron	939.56536	1.482733206	99998.71048	0	0
S36	33494.9558	0.2829132066	99998.71048	0	0
neutron	939.56536	1.237557776	99998.81681	0	0
S34	31632.70018	0.05011875067	99998.81681	0	0
neutron	939.56536	6.129327891	99998.74443	0	0
neutron	939.56536	3.505358369	99998.74443	0	0
alpha	3727.379	6.313965936	99998.74443	0	0
Si29	26984.28567	0.476170766	99998.74443	0	0
neutron	939.56536	0.3428192206	99998.71382	0	0
S34	31632.70018	0.2192372856	99998.71382	0	0
S35	32565.27968	0.1655319509	99998.83964	0	0
neutron	939.56536	40.20669431	99998.75157	0	0
neutron	939.56536	0.3929251984	99998.75157	0	0
alpha	3727.379	9.15638292	99998.75157	0	0
Si31	28846.21977	2.032093647	99998.75157	0	0
neutron	939.56536	1.406371764	99998.66092	0	0
S34	31632.70018	0.2374839858	99998.66092	0	0
neutron	939.56536	0.3280623375	99998.74185	0	0
S34	31632.70018	0.2029961693	99998.74185	0	0
neutron	939.56536	18.5187275	99998.7379	0	0
proton	938.272013	14.05596514	99998.7379	0	0
neutron	939.56536	1.055268736	99998.7379	0	0
F20	18625.26686	0.5663033147	99998.7379	0	0
proton	938.272013	5.83430544	99998.72242	0	0
proton	938.272013	2.720314514	99998.72242	0	0
neutron	939.56536	2.42582484	99998.72242	0	0
neutron	939.56536	1.333323652	99998.72242	0	0
neutron	939.56536	0.8102041058	99998.72242	0	0
Si30	27913.24182	0.2738631089	99998.72242	0	0
neutron	939.56536	0.5528769744	99998.77073	0	0
S34	31632.70018	0.1162669391	99998.77073	0	0
neutron	939.56536	0.655755181	99998.7874	0	0
Ne22	20479.73746	0.2399431422	99998.7874	0	0
neutron	939.56536	0.5287822968	99998.78971	0	0
S34	31632.70018	0.1158407111	99998.78971	0	0
S35	32565.27968	0.145727214	99998.719	0	0
S35	32565.27968	0.1524109703	99998.7611	0	0
neutron	939.56536	0.7003658935	99998.76039	0	0
S34	31632.70018	0.06261991592	99998.76039	0	0
neutron	939.56536	0.3940033846	99998.70153	0	0
Ne22	20479.73746	0.3546431828	99998.70153	0	0
neutron	939.56536	4.036583077	99998.72868	0	0
neutron	939.56536	2.347286396	99998.72868	0	0
neutron	939.56536	1.818805583	99998.72868	0	0
alpha	3727.379	5.210948786	99998.72868	0	0
O16	14895.08153	3.607948768	99998.72868	0	0
neutron	939.56536	0.6712559731	99998.68216	0	0
S34	31632.70018	0.1172946508	99998.68216	0	0
neutron	939.56536	1.624394627	99998.71567	0	0
S36	33494.9558	0.1868266403	99998.71567	0	0
neutron	939.56536	3.681369162	99998.66241	0	0
neutron	939.56536	1.962336761	99998.66241	0	0
neutron	939.56536	1.721074638	99998.66241	0	0
Ne20	18617.73218	0.4355779706	99998.66241	0	0
neutron	939.56536	8.281128525	99998.66801	0	0
neutron	939.56536	4.450378042	99998.66801	0	0
neutron	939.56536	0.7693566984	99998.66801	0	0
Ne20	18617.73218	0.4076754565	99998.66801	0	0
Ne23	21414.10216	0.2233557858	99998.73646	0	0
neutron	939.56536	8.305653424	99998.7046	0	0
neutron	939.56536	2.174518671	99998.7046	0	0
neutron	939.56536	0.5519670263	99998.7046	0	0
Ne20	18617.73218	0.3067608644	99998.7046	0	0
neutron	939.56536	1.836981084	99998.71603	0	0
S34	31632.70018	0.08836242517	99998.71603	0	0
neutron	939.56536	6.355688574	99998.74319	0	0
neutron	939.56536	4.927661036	99998.74319	0	0
neutron	939.56536	2.667996754	99998.74319	0	0
alpha	3727.379	6.274692468	99998.74319	0	0
O16	14895.08153	0.2584882533	99998.74319	0	0
proton	938.272013	25.86508897	99998.7938	0	0
neutron	939.56536	10.68615317	99998.7938	0	0
F21	19556.73074	0.1502686052	99998.7938	0	0
neutron	939.56536	7.926075347	99998.84929	0	0
neutron	939.56536	7.487220246	99998.84929	0	0
neutron	939.56536	3.634448486	99998.84929	0	0
neutron	939.56536	0.427367675	99998.84929	0	0
S33	30704.55199	1.799065048	99998.84929	0	0
proton	938.272013	7.802235266	99998.71446	0	0
proton	938.272013	5.043920072	99998.71446	0	0
proton	938.272013	4.752809445	99998.71446	0	0
neutron	939.56536	3.672932954	99998.71446	0	0
neutron	939.56536	2.484934144	99998.71446	0	0
neutron	939.56536	1.37211166	99998.71446	0	0
Al29	26988.4858	1.708024826	99998.71446	0	0
Ne23	21414.10216	0.2238997389	99998.77195	0	0
proton	938.272013	19.49197352	99998.7937	0	0
neutron	939.56536	15.65821917	99998.7937	0	0
neutron	939.56536	6.584266862	99998.7937	0	0
neutron	939.56536	1.343850712	99998.7937	0	0
P31	28844.21869	0.09706330056	99998.7937	0	0
proton	938.272013	5.14073302	99998.78027	0	0
neutron	939.56536	1.874855773	99998.78027	0	0
P33	30705.30994	0.6471778153	99998.78027	0	0
neutron	939.56536	0.3625338422	99998.71736	0	0
Ne22	20479.73746	0.2251189866	99998.71736	0	0
proton	938.272013	2.820572339	99998.67128	0	0
deuteron	1875.613	7.107389107	99998.67128	0	0
O20	18629.59082	0.5342037116	99998.67128	0	0
Ne23	21414.10216	0.2173381507	99998.70747	0	0
neutron	939.56536	0.882678845	99998.7247	0	0
S34	31632.70018	0.09932932241	99998.7247	0	0
neutron	939.56536	0.1717432684	99998.71646	0	0
S34	31632.70018	0.1016619463	99998.71646	0	0
neutron	939.56536	16.18165697	99998.68479	0	0
alpha	3727.379	12.73883652	99998.68479	0	0
O18	16762.02378	4.415954113	99998.68479	0	0
neutron	939.56536	21.80716972	99998.65873	0	0
neutron	939.56536	3.239548124	99998.65873	0	0
neutron	939.56536	0.8835285675	99998.65873	0	0
S34	31632.70018	1.34400458	99998.65873	0	0
neutron	939.56536	0.6251757878	99998.68691	0	0
neutron	939.56536	0.4375719157	99998.68691	0	0
Ne21	19550.53637	0.1343640215	99998.68691	0	0
S35	32565.27968	0.1615927163	99998.76558	0	0
neutron	939.56536	23.02152903	99998.68292	0	0
neutron	939.56536	13.04125612	99998.68292	0	0
neutron	939.56536	5.763634463	99998.68292	0	0
S32	29773.62828	0.9702419373	99998.68292	0	0
neutron	939.56536	6.842458459	99998.70257	0	0
neutron	939.56536	5.343243319	99998.70257	0	0
proton	938.272013	4.952790722	99998.70257	0	0
neutron	939.56536	1.805335261	99998.70257	0	0
P31	28844.21869	0.3066765719	99998.70257	0	0
neutron	939.56536	0.05656220734	99998.7005	0	0
S34	31632.70018	0.1430196384	99998.7005	0	0
neutron	939.56536	6.48359292	99998.75763	0	0
neutron	939.56536	3.970361121	99998.75763	0	0
neutron	939.56536	2.055670296	99998.75763	0	0
alpha	3727.379	23.36699786	99998.75763	0	0
O16	14895.08153	5.000451183	99998.75763	0	0
neutron	939.56536	5.138230868	99998.7952	0	0
neutron	939.56536	1.778873447	99998.7952	0	0
neutron	939.56536	1.154950509	99998.7952	0	0
alpha	3727.379	6.977662434	99998.7952	0	0
O16	14895.08153	2.397090867	99998.7952	0	0
neutron	939.56536	0.1658867568	99998.70328	0	0
Ne22	20479.73746	0.1663139007	99998.70328	0	0
S35	32565.27968	0.1531880199	99998.66774	0	0
S35	32565.27968	0.1559039861	99998.70321	0	0
neutron	939.56536	1.734761246	99998.86911	0	0
S34	31632.70018	0.1081023792	99998.86911	0	0
neutron	939.56536	0.5673283004	99998.68325	0	0
S36	33494.9558	0.1301857047	99998.68325	0	0
neutron	939.56536	1.306798935	99998.68201	0	0
neutron	939.56536	0.7402158373	99998.68201	0	0
Ne21	19550.53637	0.1794379288	99998.68201	0	0
neutron	939.56536	0.6103097858	99998.8184	0	0
S36	33494.9558	0.2221505023	99998.8184	0	0
neutron	939.56536	4.919927913	99998.72591	0	0
neutron	939.56536	4.490951846	99998.72591	0	0
neutron	939.56536	1.86831386	99998.72591	0	0
S34	31632.70018	0.276155294	99998.72591	0	0
neutron	939.56536	4.889413873	99998.68733	0	0
neutron	939.56536	1.866703485	99998.68733	0	0
neutron	939.56536	1.032864334	99998.68733	0	0
S32	29773.62828	0.4525952316	99998.68733	0	0
Ne23	21414.10216	0.2051657848	99998.81934	0	0
neutron	939.56536	2.026755257	99998.71061	0	0
S34	31632.70018	0.1777758789	99998.71061	0	0
S37	34430.21755	0.1384362311	99998.69925	0	0
Ne23	21414.10216	0.2234914398	99998.81303	0	0
neutron	939.56536	2.31435074	99998.73878	0	0
neutron	939.56536	1.287706254	99998.73878	0	0
neutron	939.56536	0.5197964237	99998.73878	0	0
S34	31632.70018	0.09764821489	99998.73878	0	0
neutron	939.56536	26.11145576	99998.73877	0	0
neutron	939.56536	4.240914603	99998.73877	0	0
proton	938.272013	2.715443297	99998.73877	0	0
P32	29775.84838	0.4770180338	99998.73877	0	0
neutron	939.56536	1.183252542	99998.86622	0	0
Ne22	20479.73746	0.4567316007	99998.86622	0	0
neutron	939.56536	0.3486017302	99998.74889	0	0
S36	33494.9558	0.1376083073	99998.74889	0	0
S35	32565.27968	0.1384347387	99998.7532	0	0
neutron	939.56536	6.051644242	99998.74658	0	0
proton	938.272013	4.767939821	99998.74658	0	0
neutron	939.56536	3.107219346	99998.74658	0	0
neutron	939.56536	0.4255514879	99998.74658	0	0
F19	17692.30285	0.4288041162	99998.74658	0	0
neutron	939.56536	24.46538489	99998.78244	0	0
neutron	939.56536	3.254796029	99998.78244	0	0
deuteron	1875.613	6.366121916	99998.78244	0	0
P31	28844.21869	1.409482142	99998.78244	0	0
S35	32565.27968	0.1562896767	99998.71184	0	0
Ne23	21414.10216	0.2023843272	99998.80438	0	0
Ne23	21414.10216	0.216644259	99998.69505	0	0
neutron	939.56536	2.333400003	99998.67772	0	0
S34	31632.70018	0.04930006253	99998.67772	0	0
neutron	939.56536	0.7027271353	99998.70433	0	0
Ne22	20479.73746	0.1771109473	99998.70433	0	0
S37	34430.21755	0.132709072	99998.64492	0	0
neutron	939.56536	8.901673665	99998.76631	0	0
neutron	939.56536	0.6155640488	99998.76631	0	0
alpha	3727.379	21.46002592	99998.76631	0	0
alpha	3727.379	11.7889153	99998.76631	0	0
C13	12109.48242	2.893372416	99998.76631	0	0
proton	938.272013	4.807219364	99998.85387	0	0
proton	938.272013	4.563054377	99998.85387	0	0
neutron	939.56536	3.471087911	99998.85387	0	0
neutron	939.56536	1.11411661	99998.85387	0	0
Si31	28846.21977	0.02370100565	99998.85387	0	0
proton	938.272013	9.66229624	99998.74983	0	0
neutron	939.56536	9.05357032	99998.74983	0	0
neutron	939.56536	5.298074535	99998.74983	0	0
neutron	939.56536	3.480360459	99998.74983	0	0
alpha	3727.379	19.16641251	99998.74983	0	0
N15	13968.93638	0.4202431066	99998.74983	0	0
neutron	939.56536	9.428966744	99998.71769	0	0
neutron	939.56536	5.279460238	99998.71769	0	0
proton	938.272013	3.810605921	99998.71769	0	0
deuteron	1875.613	6.020104349	99998.71769	0	0
Si30	27913.24182	0.1133680491	99998.71769	0	0
neutron	939.56536	0.3180909911	99998.70793	0	0
Ne22	20479.73746	0.3410004715	99998.70793	0	0
neutron	939.56536	0.1705398375	99998.69022	0	0
S34	31632.70018	0.1769130503	99998.69022	0	0
neutron	939.56536	6.746904854	99998.68149	0	0
neutron	939.56536	3.273353083	99998.68149	0	0
neutron	939.56536	1.987497905	99998.68149	0	0
alpha	3727.379	9.556625599	99998.68149	0	0
Si28	26053.19393	0.9343516372	99998.68149	0	0
neutron	939.56536	2.421027377	99998.79742	0	0
neutron	939.56536	0.1196994138	99998.79742	0	0
Ne21	19550.53637	0.4062231625	99998.79742	0	0
neutron	939.56536	11.22928066	99998.7498	0	0
neutron	939.56536	1.400342388	99998.7498	0	0
S33	30704.55199	0.6648561613	99998.7498	0	0
neutron	939.56536	0.7108977639	99998.74004	0	0
S34	31632.70018	0.2127678144	99998.74004	0	0
neutron	939.56536	5.28720214	99998.77955	0	0
neutron	939.56536	1.335517809	99998.77955	0	0
neutron	939.56536	1.024596787	99998.77955	0	0
S32	29773.62828	0.08619626222	99998.77955	0	0
neutron	939.56536	3.729229897	99998.65417	0	0
neutron	939.56536	0.8704766561	99998.65417	0	0
neutron	939.56536	0.4216750441	99998.65417	0	0
S34	31632.70018	0.137554987	99998.65417	0	0
S35	32565.27968	0.158670359	99998.7968	0	0
S35	32565.27968	0.157138275	99998.7283	0	0
neutron	939.56536	33.67409855	99998.69101	0	0
neutron	939.56536	8.930882758	99998.69101	0	0
neutron	939.56536	1.137006534	99998.69101	0	0
S32	29773.62828	0.6169807708	99998.69101	0	0
neutron	939.56536	1.361008167	99998.79386	0	0
S34	31632.70018	0.2155036701	99998.79386	0	0
S35	32565.27968	0.1558522851	99998.75952	0	0
Ne23	21414.10216	0.2282533003	99998.68217	0	0
S35	32565.27968	0.1591272063	99998.75674	0	0
neutron	939.56536	0.3413249825	99998.68821	0	0
S34	31632.70018	0.194780864	99998.68821	0	0
neutron	939.56536	14.27574105	99998.76718	0	0
neutron	939.56536	12.74795652	99998.76718	0	0
neutron	939.56536	1.112367741	99998.76718	0	0
alpha	3727.379	7.444068238	99998.76718	0	0
O16	14895.08153	2.420923363	99998.76718	0	0
neutron	939.56536	44.98478916	99998.69738	0	0
proton	938.272013	5.513261136	99998.69738	0	0
neutron	939.56536	5.397250428	99998.69738	0	0
neutron	939.56536	2.197145235	99998.69738	0	0
P31	28844.21869	1.840816601	99998.69738	0	0
neutron	939.56536	36.14167588	99998.82943	0	0
neutron	939.56536	1.940337406	99998.82943	0	0
deuteron	1875.613	6.161730646	99998.82943	0	0
P31	28844.21869	1.15190919	99998.82943	0	0
neutron	939.56536	2.460493206	99998.78006	0	0
S34	31632.70018	0.2775057027	99998.78006	0	0
neutron	939.56536	2.18785628	99998.81936	0	0
Ne22	20479.73746	0.3951448149	99998.81936	0	0
neutron	939.56536	29.69192946	99998.71283	0	0
proton	938.272013	9.024337422	99998.71283	0	0
proton	938.272013	6.306150504	99998.71283	0	0
neutron	939.56536	1.04394306	99998.71283	0	0
Si31	28846.21977	0.1225610567	99998.71283	0	0
neutron	939.56536	1.409340503	99998.83813	0	0
neutron	939.56536	1.312863859	99998.83813	0	0
neutron	939.56536	0.2853509288	99998.83813	0	0
S34	31632.70018	0.1894246005	99998.83813	0	0
neutron	939.56536	6.172032781	99998.69202	0	0
neutron	939.56536	5.15480625	99998.69202	0	0
neutron	939.56536	3.094422265	99998.69202	0	0
S32	29773.62828	0.484862261	99998.69202	0	0
neutron	939.56536	0.4082780274	99998.74132	0	0
Ne22	20479.73746	0.1925052127	99998.74132	0	0
neutron	939.56536	10.22772827	99998.76114	0	0
proton	938.272013	6.231642034	99998.76114	0	0
proton	938.272013	4.156794316	99998.76114	0	0
Si32	29776.58515	1.076011794	99998.76114	0	0
neutron	939.56536	5.635733662	99998.7357	0	0
S34	31632.70018	0.2734026744	99998.7357	0	0
neutron	939.56536	1.113704661	99998.82892	0	0
S36	33494.9558	0.06764602124	99998.82892	0	0
Ne23	21414.10216	0.2212457459	99998.74528	0	0
S35	32565.27968	0.1582125767	99998.6337	0	0
neutron	939.56536	1.988996992	99998.73705	0	0
S34	31632.70018	0.1848085164	99998.73705	0	0
neutron	939.56536	1.344228535	99998.68911	0	0
S34	31632.70018	0.3010504249	99998.68911	0	0
neutron	939.56536	19.56943672	99998.74172	0	0
proton	938.272013	13.94800151	99998.74172	0	0
neutron	939.56536	7.83237522	99998.74172	0	0
neutron	939.56536	0.878123781	99998.74172	0	0
F19	17692.30285	3.569187168	99998.74172	0	0
neutron	939.56536	3.796557203	99998.72793	0	0
Ne22	20479.73746	0.2747724267	99998.72793	0	0
S35	32565.27968	0.1524530571	99998.73954	0	0
Ne23	21414.10216	0.2240432624	99998.8287	0	0
proton	938.272013	16.64832225	99998.72272	0	0
neutron	939.56536	3.161699866	99998.72272	0	0
P33	30705.30994	0.2672661851	99998.72272	0	0
Ne23	21414.10216	0.22846023	99998.69766	0	0
S35	32565.27968	0.1591034258	99998.73531	0	0
Ne23	21414.10216	0.2280954055	99998.6824	0	0
neutron	939.56536	0.8373446601	99998.86143	0	0
S36	33494.9558	0.1170699923	99998.86143	0	0
proton	938.272013	22.38201335	99998.70928	0	0
neutron	939.56536	3.305113958	99998.70928	0	0
neutron	939.56536	1.927197552	99998.70928	0	0
deuteron	1875.613	4.416084174	99998.70928	0	0
O18	16762.02378	0.3612875015	99998.70928	0	0
Ne23	21414.10216	0.2039355589	99998.67823	0	0
proton	938.272013	17.83137813	99998.80629	0	0
neutron	939.56536	2.042164539	99998.80629	0	0
neutron	939.56536	1.328657948	99998.80629	0	0
P32	29775.84838	0.3445073065	99998.80629	0	0
neutron	939.56536	12.42944163	99998.72918	0	0
neutron	939.56536	1.989445816	99998.72918	0	0
neutron	939.56536	0.8372001299	99998.72918	0	0
alpha	3727.379	8.53310429	99998.72918	0	0
O16	14895.08153	2.572956882	99998.72918	0	0
S37	34430.21755	0.1331308336	99998.71119	0	0
neutron	939.56536	1.46556898	99998.67973	0	0
Ne22	20479.73746	0.1301188083	99998.67973	0	0
neutron	939.56536	7.065183476	99998.81845	0	0
neutron	939.56536	3.990826265	99998.81845	0	0
proton	938.272013	2.529241572	99998.81845	0	0
proton	938.272013	2.414829942	99998.81845	0	0
neutron	939.56536	1.662072821	99998.81845	0	0
Si30	27913.24182	0.4478954334	99998.81845	0	0
neutron	939.56536	7.811967735	99998.71848	0	0
neutron	939.56536	4.117485098	99998.71848	0	0
neutron	939.56536	0.3377657645	99998.71848	0	0
Ne20	18617.73218	0.5431776865	99998.71848	0	0
Ne23	21414.10216	0.2160309682	99998.66003	0	0
neutron	939.56536	0.6664493658	99998.8568	0	0
Ne22	20479.73746	0.1148447625	99998.8568	0	0
S35	32565.27968	0.1519535356	99998.7324	0	0
neutron	939.56536	4.571815279	99998.72241	0	0
neutron	939.56536	3.788897123	99998.72241	0	0
neutron	939.56536	0.9274131434	99998.72241	0	0
S34	31632.70018	0.1166670132	99998.72241	0	0
S37	34430.21755	0.1435174429	99998.60936	0	0
neutron	939.56536	5.139897337	99998.72789	0	0
neutron	939.56536	4.597181541	99998.72789	0	0
neutron	939.56536	2.078838696	99998.72789	0	0
neutron	939.56536	2.037676324	99998.72789	0	0
He3	2808.391	12.81730693	99998.72789	0	0
Si28	26053.19393	3.938988866	99998.72789	0	0
neutron	939.56536	32.78062089	99998.79572	0	0
neutron	939.56536	1.456351143	99998.79572	0	0
alpha	3727.379	5.32174086	99998.79572	0	0
O17	15830.5038	5.215614661	99998.79572	0	0
proton	938.272013	11.00661188	99998.69559	0	0
neutron	939.56536	2.735516645	99998.69559	0	0
neutron	939.56536	2.72579523	99998.69559	0	0
proton	938.272013	1.914675386	99998.69559	0	0
neutron	939.56536	1.248712839	99998.69559	0	0
O18	16762.02378	0.4526117064	99998.69559	0	0
neutron	939.56536	4.034709752	99998.65533	0	0
Ne22	20479.73746	0.1060977985	99998.65533	0	0
neutron	939.56536	4.217855602	99998.63328	0	0
S34	31632.70018	0.3867987121	99998.63328	0	0
neutron	939.56536	6.118522716	99998.75562	0	0
neutron	939.56536	3.287062947	99998.75562	0	0
Ne21	19550.53637	1.171907155	99998.75562	0	0
neutron	939.56536	1.52650161	99999.49968	0	0
Ne22	20479.73746	0.1989409539	99999.49968	0	0
Ne23	21414.10216	0.2153514259	99998.671	0	0
neutron	939.56536	0.4009387426	99998.74553	0	0
S34	31632.70018	0.1151112395	99998.74553	0	0
neutron	939.56536	14.19044922	99998.70517	0	0
proton	938.272013	10.29517896	99998.70517	0	0
neutron	939.56536	5.472801328	99998.70517	0	0
neutron	939.56536	2.927455329	99998.70517	0	0
F19	17692.30285	0.08961716859	99998.70517	0	0
neutron	939.56536	1.552673468	99998.69464	0	0
S34	31632.70018	0.1523518707	99998.69464	0	0
neutron	939.56536	0.2655793487	99998.77695	0	0
Ne22	20479.73746	0.148331343	99998.77695	0	0
neutron	939.56536	1.563181647	99998.68035	0	0
S34	31632.70018	0.2143266582	99998.68035	0	0
neutron	939.56536	1.661523062	99998.80467	0	0
S34	31632.70018	0.2945546407	99998.80467	0	0
neutron	939.56536	6.973470747	99998.71765	0	0
neutron	939.56536	4.604914807	99998.71765	0	0
neutron	939.56536	4.516163774	99998.71765	0	0
neutron	939.56536	4.118837827	99998.71765	0	0
proton	938.272013	3.891876525	99998.71765	0	0
proton	938.272013	3.150916494	99998.71765	0	0
neutron	939.56536	0.2664321432	99998.71765	0	0
Si28	26053.19393	0.2054618852	99998.71765	0	0
neutron	939.56536	1.027127807	99998.6974	0	0
S34	31632.70018	0.2772867468	99998.6974	0	0
S35	32565.27968	0.1565143592	99998.75615	0	0
Ne23	21414.10216	0.2101210146	99998.63438	0	0
neutron	939.56536	0.4439996703	99998.7975	0	0
S34	31632.70018	0.1193341612	99998.7975	0	0
proton	938.272013	22.87592086	99998.76778	0	0
neutron	939.56536	6.989099968	99998.76778	0	0
P33	30705.30994	0.4726802847	99998.76778	0	0
neutron	939.56536	0.1589067287	99998.73547	0	0
S34	31632.70018	0.1963862001	99998.73547	0	0
neutron	939.56536	9.53915229	99998.73317	0	0
neutron	939.56536	5.352272511	99998.73317	0	0
neutron	939.56536	4.757764221	99998.73317	0	0
proton	938.272013	3.284683357	99998.73317	0	0
neutron	939.56536	2.396731957	99998.73317	0	0
neutron	939.56536	1.8923222	99998.73317	0	0
P31	28844.21869	0.4637837158	99998.73317	0	0
neutron	939.56536	1.620046165	99998.73388	0	0
S34	31632.70018	0.1953040897	99998.73388	0	0
neutron	939.56536	1.583015633	99998.72087	0	0
alpha	3727.379	8.542070436	99998.72087	0	0
O18	16762.02378	1.548870791	99998.72087	0	0
neutron	939.56536	0.5295805181	99998.68094	0	0
S34	31632.70018	0.2167742256	99998.68094	0	0
proton	938.272013	9.386913914	99998.73283	0	0
neutron	939.56536	4.238743996	99998.73283	0	0
F21	19556.73074	0.6515624179	99998.73283	0	0
neutron	939.56536	10.17933078	99998.71165	0	0
neutron	939.56536	10.0621317	99998.71165	0	0
neutron	939.56536	1.856299012	99998.71165	0	0
S34	31632.70018	0.6932344945	99998.71165	0	0
Ne23	21414.10216	0.2121389467	99998.76576	0	0
neutron	939.56536	2.866073646	99998.76284	0	0
neutron	939.56536	1.484841867	99998.76284	0	0
S33	30704.55199	0.3970522035	99998.76284	0	0
Ne23	21414.10216	0.2204971795	99998.75117	0	0
neutron	939.56536	25.79216917	99998.71942	0	0
proton	938.272013	7.79056911	99998.71942	0	0
neutron	939.56536	2.408328997	99998.71942	0	0
triton	2808.921	6.840515816	99998.71942	0	0
Si29	26984.28567	0.6139034028	99998.71942	0	0
Ne23	21414.10216	0.2277597065	99998.74476	0	0
neutron	939.56536	6.297827345	99998.69621	0	0
neutron	939.56536	3.753981462	99998.69621	0	0
neutron	939.56536	3.502112626	99998.69621	0	0
neutron	939.56536	2.59657217	99998.69621	0	0
S33	30704.55199	0.4667750652	99998.69621	0	0
proton	938.272013	12.98154699	99998.80851	0	0
neutron	939.56536	5.620893398	99998.80851	0	0
neutron	939.56536	3.378430526	99998.80851	0	0
neutron	939.56536	3.029249304	99998.80851	0	0
F19	17692.30285	0.2807182228	99998.80851	0	0
neutron	939.56536	20.67827408	99998.7566	0	0
proton	938.272013	4.477861774	99998.7566	0	0
neutron	939.56536	2.826420454	99998.7566	0	0
P32	29775.84838	0.8275797705	99998.7566	0	0
Ne23	21414.10216	0.2299917573	99998.77645	0	0
S37	34430.21755	0.1361334291	99998.70513	0	0
neutron	939.56536	1.299202577	99998.86787	0	0
S34	31632.70018	0.2667602859	99998.86787	0	0
S35	32565.27968	0.1433993795	99998.759	0	0
neutron	939.56536	5.345024659	99998.8006	0	0
neutron	939.56536	2.654906374	99998.8006	0	0
neutron	939.56536	2.545517227	99998.8006	0	0
neutron	939.56536	1.272125403	99998.8006	0	0
S33	30704.55199	0.2347035879	99998.8006	0	0
neutron	939.56536	1.235307499	99998.78495	0	0
S34	31632.70018	0.1760059933	99998.78495	0	0
neutron	939.56536	19.17426048	99998.69501	0	0
neutron	939.56536	12.48931017	99998.69501	0	0
neutron	939.56536	10.2893654	99998.69501	0	0
proton	938.272013	7.068974673	99998.69501	0	0
alpha	3727.379	4.10388627	99998.69501	0	0
N15	13968.93638	3.331713822	99998.69501	0	0
neutron	939.56536	1.441935471	99998.72866	0	0
S34	31632.70018	0.0432753468	99998.72866	0	0
neutron	939.56536	0.04938778477	99998.70655	0	0
S34	31632.70018	0.1535301468	99998.70655	0	0
neutron	939.56536	26.77400836	99998.64516	0	0
neutron	939.56536	2.563445763	99998.64516	0	0
neutron	939.56536	1.179140667	99998.64516	0	0
Ne20	18617.73218	2.145208492	99998.64516	0	0
neutron	939.56536	3.146590447	99998.6955	0	0
Ne22	20479.73746	0.5236696567	99998.6955	0	0
neutron	939.56536	5.018098852	99998.73136	0	0
neutron	939.56536	3.21054822	99998.73136	0	0
proton	938.272013	2.541845634	99998.73136	0	0
neutron	939.56536	1.305119301	99998.73136	0	0
P31	28844.21869	0.02840197787	99998.73136	0	0
neutron	939.56536	24.01257181	99998.71691	0	0
neutron	939.56536	4.528584596	99998.71691	0	0
neutron	939.56536	0.2357219075	99998.71691	0	0
Ne20	18617.73218	1.551283122	99998.71691	0	0
Ne23	21414.10216	0.2290873217	99998.7407	0	0
neutron	939.56536	2.039124244	99998.71577	0	0
S34	31632.70018	0.2349047569	99998.71577	0	0
Ne23	21414.10216	0.2245596957	99998.69803	0	0
neutron	939.56536	0.673796409	99998.75905	0	0
S34	31632.70018	0.08062525053	99998.75905	0	0
neutron	939.56536	0.4742581012	99998.74635	0	0
Ne22	20479.73746	0.2507483018	99998.74635	0	0
neutron	939.56536	1.966484388	99998.66334	0	0
S34	31632.70018	0.0624218363	99998.66334	0	0
neutron	939.56536	8.991783482	99998.81768	0	0
neutron	939.56536	7.279154237	99998.81768	0	0
neutron	939.56536	3.877292734	99998.81768	0	0
alpha	3727.379	5.890299505	99998.81768	0	0
O16	14895.08153	1.895599865	99998.81768	0	0
S35	32565.27968	0.1546685532	99998.8322	0	0
neutron	939.56536	0.8754299894	99998.80739	0	0
S34	31632.70018	0.1193798814	99998.80739	0	0
neutron	939.56536	0.4721612653	99998.77505	0	0
Ne22	20479.73746	0.1116732322	99998.77505	0	0
neutron	939.56536	0.5570334408	99998.71388	0	0
S36	33494.9558	0.1961998338	99998.71388	0	0
neutron	939.56536	2.231751246	99998.74422	0	0
S34	31632.70018	0.2073466619	99998.74422	0	0
neutron	939.56536	0.4447674684	99998.73485	0	0
S34	31632.70018	0.09548595839	99998.73485	0	0
proton	938.272013	9.540497745	99999.00048	0	0
neutron	939.56536	2.665142812	99999.00048	0	0
neutron	939.56536	0.3249012663	99999.00048	0	0
neutron	939.56536	0.3068899561	99999.00048	0	0
P31	28844.21869	0.6537579641	99999.00048	0	0
neutron	939.56536	0.2667434857	99998.74835	0	0
Ne22	20479.73746	0.280932586	99998.74835	0	0
neutron	939.56536	0.09234529842	99998.73717	0	0
S34	31632.70018	0.1394564645	99998.73717	0	0
S35	32565.27968	0.1620598526	99998.73236	0	0
S35	32565.27968	0.1588618649	99998.74251	0	0
neutron	939.56536	25.2549857	99998.76612	0	0
proton	938.272013	11.59137228	99998.76612	0	0
neutron	939.56536	9.729115402	99998.76612	0	0
neutron	939.56536	3.397989442	99998.76612	0	0
proton	938.272013	3.392560542	99998.76612	0	0
Si30	27913.24182	0.2079497518	99998.76612	0	0
neutron	939.56536	11.92847911	99998.72922	0	0
neutron	939.56536	2.115654753	99998.72922	0	0
neutron	939.56536	1.367827172	99998.72922	0	0
Ne20	18617.73218	0.7240105573	99998.72922	0	0
neutron	939.56536	0.6576423589	99998.84986	0	0
S34	31632.70018	0.08754735203	99998.84986	0	0
neutron	939.56536	6.191177846	99998.84393	0	0
neutron	939.56536	4.667876562	99998.84393	0	0
neutron	939.56536	4.148940743	99998.84393	0	0
Ne20	18617.73218	0.2414505266	99998.84393	0	0
S35	32565.27968	0.1405712899	99998.67488	0	0
neutron	939.56536	4.473075537	99998.78352	0	0
neutron	939.56536	2.179111291	99998.78352	0	0
S35	32565.27968	0.1591745668	99998.78352	0	0
neutron	939.56536	0.415916091	99998.78657	0	0
S34	31632.70018	0.1384163161	99998.78657	0	0
neutron	939.56536	1.820104507	99998.74174	0	0
S34	31632.70018	0.1470938619	99998.74174	0	0
S35	32565.27968	0.1536571478	99998.77918	0	0
Ne23	21414.10216	0.2270479239	99998.78565	0	0
neutron	939.56536	0.3446157148	99998.68717	0	0
S34	31632.70018	0.07874254791	99998.68717	0	0
neutron	939.56536	5.305273841	99998.76642	0	0
neutron	939.56536	4.038923777	99998.76642	0	0
neutron	939.56536	1.037800117	99998.76642	0	0
S34	31632.70018	0.1426422403	99998.76642	0	0
neutron	939.56536	1.920780311	99998.68667	0	0
neutron	939.56536	1.538715981	99998.68667	0	0
Ne21	19550.53637	0.4247930359	99998.68667	0	0
Ne23	21414.10216	0.2320623691	99998.72392	0	0
Ne23	21414.10216	0.2182301781	99998.70024	0	0
Ne23	21414.10216	0.230057353	99998.63976	0	0
neutron	939.56536	2.457651491	99998.73678	0	0
Ne22	20479.73746	0.1349877976	99998.73678	0	0
neutron	939.56536	23.44573416	99998.72429	0	0
neutron	939.56536	22.6013465	99998.72429	0	0
proton	938.272013	4.195452947	99998.72429	0	0
neutron	939.56536	0.2413817245	99998.72429	0	0
P31	28844.21869	0.4622446456	99998.72429	0	0
Ne23	21414.10216	0.2159333554	99998.75981	0	0
neutron	939.56536	33.13911684	99998.8604	0	0
neutron	939.56536	1.106361996	99998.8604	0	0
neutron	939.56536	0.7141088857	99998.8604	0	0
S34	31632.70018	1.11942062	99998.8604	0	0
neutron	939.56536	0.8397620925	99998.69951	0	0
S34	31632.70018	0.08741373513	99998.69951	0	0
neutron	939.56536	0.1871444618	99998.77666	0	0
S36	33494.9558	0.08372508911	99998.77666	0	0
neutron	939.56536	0.2215680281	99998.71759	0	0
S34	31632.70018	0.1454989806	99998.71759	0	0
S35	32565.27968	0.1557843631	99998.7735	0	0
neutron	939.56536	2.808070633	99998.78842	0	0
S34	31632.70018	0.04820741157	99998.78842	0	0
neutron	939.56536	3.368916947	99998.68552	0	0
neutron	939.56536	2.730895271	99998.68552	0	0
Ne21	19550.53637	0.5097108141	99998.68552	0	0
neutron	939.56536	7.212721415	99998.73274	0	0
neutron	939.56536	2.717751033	99998.73274	0	0
neutron	939.56536	0.8634870903	99998.73274	0	0
alpha	3727.379	6.834750625	99998.73274	0	0
O16	14895.08153	1.475664168	99998.73274	0	0
neutron	939.56536	4.993875259	99998.77554	0	0
neutron	939.56536	2.712801007	99998.77554	0	0
alpha	3727.379	5.288248321	99998.77554	0	0
O17	15830.5038	2.036105757	99998.77554	0	0
neutron	939.56536	5.530330224	99998.69236	0	0
proton	938.272013	4.043822222	99998.69236	0	0
neutron	939.56536	0.9846321938	99998.69236	0	0
deuteron	1875.613	16.29304573	99998.69236	0	0
Si30	27913.24182	0.5795057198	99998.69236	0	0
Ne23	21414.10216	0.2291725264	99998.73137	0	0
neutron	939.56536	1.470903514	99998.72079	0	0
Ne22	20479.73746	0.08241883291	99998.72079	0	0
Ne23	21414.10216	0.2334418983	99998.69384	0	0
neutron	939.56536	0.6195264186	99998.74166	0	0
Ne22	20479.73746	0.1070314104	99998.74166	0	0
Ne23	21414.10216	0.2306000418	99998.69707	0	0
proton	938.272013	5.446436503	99998.8835	0	0
neutron	939.56536	5.323447856	99998.8835	0	0
neutron	939.56536	4.604840299	99998.8835	0	0
neutron	939.56536	0.9785217378	99998.8835	0	0
neutron	939.56536	0.1381202878	99998.8835	0	0
P32	29775.84838	0.3012642671	99998.8835	0	0
neutron	939.56536	7.075462626	99998.8025	0	0
neutron	939.56536	3.625346971	99998.8025	0	0
deuteron	1875.613	7.266385429	99998.8025	0	0
P31	28844.21869	0.6864388208	99998.8025	0	0
neutron	939.56536	1.768074041	99998.6819	0	0
S34	31632.70018	0.2316473906	99998.6819	0	0
neutron	939.56536	7.099592939	99998.7075	0	0
alpha	3727.379	6.654320869	99998.7075	0	0
Si30	27913.24182	1.163366961	99998.7075	0	0
neutron	939.56536	6.848070983	99998.77002	0	0
neutron	939.56536	6.623457479	99998.77002	0	0
neutron	939.56536	3.176705651	99998.77002	0	0
neutron	939.56536	2.438330763	99998.77002	0	0
neutron	939.56536	1.578589629	99998.77002	0	0
alpha	3727.379	9.267858204	99998.77002	0	0
Si28	26053.19393	1.373972773	99998.77002	0	0
neutron	939.56536	0.08778556151	99998.78544	0	0
Ne22	20479.73746	0.2140334481	99998.78544	0	0
Ne23	21414.10216	0.2278316968	99998.72322	0	0
neutron	939.56536	0.4520399718	99998.63919	0	0
Ne22	20479.73746	0.3351931936	99998.63919	0	0
S35	32565.27968	0.1599596549	99998.65871	0	0
proton	938.272013	38.80596645	99998.66817	0	0
neutron	939.56536	5.033981875	99998.66817	0	0
neutron	939.56536	1.94432467	99998.66817	0	0
neutron	939.56536	1.591784503	99998.66817	0	0
F19	17692.30285	1.220502696	99998.66817	0	0
neutron	939.56536	1.757769539	99998.69121	0	0
Ne22	20479.73746	0.2968505075	99998.69121	0	0
neutron	939.56536	7.807727909	99998.76713	0	0
neutron	939.56536	3.448961594	99998.76713	0	0
neutron	939.56536	0.8338981875	99998.76713	0	0
S32	29773.62828	0.1241101463	99998.76713	0	0
neutron	939.56536	14.95828167	99998.74979	0	0
proton	938.272013	5.262664508	99998.74979	0	0
proton	938.272013	2.445607501	99998.74979	0	0
Si32	29776.58515	0.4954338771	99998.74979	0	0
Ne23	21414.10216	0.2148863095	99998.7653	0	0
neutron	939.56536	1.270250656	99998.7497	0	0
S36	33494.9558	0.1456753265	99998.7497	0	0
neutron	939.56536	0.9262244162	99998.83806	0	0
S34	31632.70018	0.1173251321	99998.83806	0	0
S35	32565.27968	0.1644907305	99998.76575	0	0
S35	32565.27968	0.1497261462	99998.81209	0	0
Ne23	21414.10216	0.2097400976	99998.73837	0	0
neutron	939.56536	9.626101261	99998.73946	0	0
neutron	939.56536	1.611661559	99998.73946	0	0
S35	32565.27968	0.59021083	99998.73946	0	0
Ne23	21414.10216	0.2176962637	99998.63898	0	0
S35	32565.27968	0.1522980605	99998.75095	0	0
neutron	939.56536	6.466917919	99998.74497	0	0
neutron	939.56536	3.001164687	99998.74497	0	0
neutron	939.56536	0.2801522606	99998.74497	0	0
alpha	3727.379	10.14025333	99998.74497	0	0
O16	14895.08153	1.203513127	99998.74497	0	0
neutron	939.56536	17.09150925	99998.80697	0	0
neutron	939.56536	5.94414297	99998.80697	0	0
neutron	939.56536	0.03356153544	99998.80697	0	0
S34	31632.70018	0.3796560229	99998.80697	0	0
neutron	939.56536	0.9498941381	99998.79953	0	0
S34	31632.70018	0.1018256936	99998.79953	0	0
neutron	939.56536	0.9042380929	99998.64328	0	0
S36	33494.9558	0.07642385348	99998.64328	0	0
S35	32565.27968	0.163081861	99998.71267	0	0
neutron	939.56536	4.486053787	99998.79534	0	0
Ne22	20479.73746	0.3196529342	99998.79534	0	0
proton	938.272013	8.235222417	99998.74423	0	0
neutron	939.56536	4.881730655	99998.74423	0	0
neutron	939.56536	4.738540857	99998.74423	0	0
neutron	939.56536	0.7918210161	99998.74423	0	0
P33	30705.30994	0.7843561006	99998.74423	0	0
Ne23	21414.10216	0.227165462	99998.72855	0	0
neutron	939.56536	40.19996141	99998.73427	0	0
neutron	939.56536	2.506268169	99998.73427	0	0
neutron	939.56536	1.877992827	99998.73427	0	0
S32	29773.62828	1.282383354	99998.73427	0	0
S35	32565.27968	0.1636570403	99998.74757	0	0
neutron	939.56536	0.1897738428	99998.72734	0	0
S34	31632.70018	0.178960833	99998.72734	0	0
neutron	939.56536	0.6685051205	99998.718	0	0
S34	31632.70018	0.1318523511	99998.718	0	0
neutron	939.56536	1.010133103	99998.66949	0	0
S34	31632.70018	0.2010632017	99998.66949	0	0
neutron	939.56536	0.8361503466	99998.7417	0	0
S34	31632.70018	0.09882536177	99998.7417	0	0
neutron	939.56536	16.28742064	99998.80583	0	0
neutron	939.56536	11.46903892	99998.80583	0	0
neutron	939.56536	4.128833134	99998.80583	0	0
alpha	3727.379	4.796124126	99998.80583	0	0
O16	14895.08153	4.797094543	99998.80583	0	0
neutron	939.56536	7.76227084	99998.85577	0	0
neutron	939.56536	1.446785782	99998.85577	0	0
S33	30704.55199	0.2897247726	99998.85577	0	0
neutron	939.56536	2.778980425	99998.68676	0	0
S34	31632.70018	0.1038792994	99998.68676	0	0
neutron	939.56536	20.98365428	99998.91277	0	0
neutron	939.56536	10.44401805	99998.91277	0	0
neutron	939.56536	0.1054031848	99998.91277	0	0
Ne20	18617.73218	2.988453523	99998.91277	0	0
neutron	939.56536	18.40648401	99998.74556	0	0
neutron	939.56536	9.913614347	99998.74556	0	0
neutron	939.56536	2.441934316	99998.74556	0	0
S32	29773.62828	0.8529611558	99998.74556	0	0
neutron	939.56536	1.181563517	99998.84691	0	0
S34	31632.70018	0.1510749951	99998.84691	0	0
neutron	939.56536	0.1419195505	99998.76176	0	0
Ne22	20479.73746	0.1755252266	99998.76176	0	0
proton	938.272013	4.628554634	99998.68003	0	0
neutron	939.56536	3.439542642	99998.68003	0	0
P33	30705.30994	0.7245503894	99998.68003	0	0
neutron	939.56536	0.809503385	99998.71026	0	0
S34	31632.70018	0.06645296293	99998.71026	0	0
neutron	939.56536	1.696903432	99998.80888	0	0
S34	31632.70018	0.2696581608	99998.80888	0	0
proton	938.272013	8.767926343	99998.72729	0	0
neutron	939.56536	3.488007968	99998.72729	0	0
neutron	939.56536	2.996063539	99998.72729	0	0
neutron	939.56536	1.534632246	99998.72729	0	0
P31	28844.21869	0.2893728478	99998.72729	0	0
neutron	939.56536	0.9801258791	99998.82131	0	0
S34	31632.70018	0.1150440109	99998.82131	0	0
S35	32565.27968	0.1569743679	99998.68075	0	0
S35	32565.27968	0.1597121338	99998.67737	0	0
neutron	939.56536	1.233117712	99998.7	0	0
S34	31632.70018	0.2946491675	99998.7	0	0
neutron	939.56536	0.3726012929	99998.68198	0	0
S34	31632.70018	0.1529088929	99998.68198	0	0
S35	32565.27968	0.1474583075	99998.75144	0	0
neutron	939.56536	4.962358673	99998.71405	0	0
Ne22	20479.73746	0.3978247803	99998.71405	0	0
neutron	939.56536	7.203304164	99998.6728	0	0
proton	938.272013	6.165530844	99998.6728	0	0
proton	938.272013	5.89959584	99998.6728	0	0
neutron	939.56536	1.858740853	99998.6728	0	0
neutron	939.56536	1.359527322	99998.6728	0	0
Si30	27913.24182	0.4315672467	99998.6728	0	0
neutron	939.56536	4.524297018	99998.78797	0	0
neutron	939.56536	0.4030930233	99998.78797	0	0
S33	30704.55199	0.355688902	99998.78797	0	0
neutron	939.56536	0.318933511	99999.302	0	0
Ne22	20479.73746	0.24275743	99999.302	0	0
neutron	939.56536	0.8131784255	99998.70627	0	0
S34	31632.70018	0.1942800398	99998.70627	0	0
neutron	939.56536	2.518064034	99998.74869	0	0
Ne22	20479.73746	0.2813433173	99998.74869	0	0
neutron	939.56536	0.3546016755	99998.71098	0	0
S34	31632.70018	0.1253420945	99998.71098	0	0
S35	32565.27968	0.1490232417	99998.72057	0	0
proton	938.272013	20.51330556	99998.95743	0	0
neutron	939.56536	3.861402589	99998.95743	0	0
F21	19556.73074	0.9020546942	99998.95743	0	0
neutron	939.56536	20.67106179	99998.68661	0	0
neutron	939.56536	7.67109171	99998.68661	0	0
neutron	939.56536	2.298119486	99998.68661	0	0
alpha	3727.379	9.026550357	99998.68661	0	0
O16	14895.08153	0.644733241	99998.68661	0	0
neutron	939.56536	7.569522382	99998.72251	0	0
neutron	939.56536	7.344647234	99998.72251	0	0
neutron	939.56536	5.499702729	99998.72251	0	0
alpha	3727.379	6.567927397	99998.72251	0	0
Si28	26053.19393	1.522286621	99998.72251	0	0
S35	32565.27968	0.1645123737	99998.72816	0	0
neutron	939.56536	0.1876547996	99998.73796	0	0
S34	31632.70018	0.1040685916	99998.73796	0	0
neutron	939.56536	18.27075185	99998.71018	0	0
neutron	939.56536	5.60767523	99998.71018	0	0
neutron	939.56536	5.405389814	99998.71018	0	0
S32	29773.62828	1.300907395	99998.71018	0	0
neutron	939.56536	4.043801281	99998.9687	0	0
S34	31632.70018	0.2218016217	99998.9687	0	0
proton	938.272013	12.25702442	99998.73529	0	0
neutron	939.56536	2.441768471	99998.73529	0	0
P33	30705.30994	0.4945614116	99998.73529	0	0
neutron	939.56536	5.090743106	99998.75963	0	0
neutron	939.56536	1.423823936	99998.75963	0	0
neutron	939.56536	0.5930625805	99998.75963	0	0
alpha	3727.379	14.9948806	99998.75963	0	0
Si28	26053.19393	1.049146919	99998.75963	0	0
neutron	939.56536	0.1893472163	99998.8014	0	0
Ne22	20479.73746	0.2073565276	99998.8014	0	0
proton	938.272013	12.72735612	99998.72162	0	0
neutron	939.56536	6.022213475	99998.72162	0	0
neutron	939.56536	3.722327494	99998.72162	0	0
neutron	939.56536	0.8995569233	99998.72162	0	0
P31	28844.21869	0.6240737355	99998.72162	0	0
neutron	939.56536	0.3495830686	99998.6599	0	0
S34	31632.70018	0.1591746394	99998.6599	0	0
proton	938.272013	15.60442392	99998.72567	0	0
neutron	939.56536	6.043495794	99998.72567	0	0
proton	938.272013	4.743557185	99998.72567	0	0
neutron	939.56536	1.322366279	99998.72567	0	0
Si31	28846.21977	0.2595366461	99998.72567	0	0
neutron	939.56536	5.386276033	99998.74007	0	0
neutron	939.56536	4.899837179	99998.74007	0	0
neutron	939.56536	0.2535089859	99998.74007	0	0
alpha	3727.379	8.885350963	99998.74007	0	0
O16	14895.08153	1.019969758	99998.74007	0	0
neutron	939.56536	13.50749462	99998.70252	0	0
proton	938.272013	6.935702321	99998.70252	0	0
proton	938.272013	1.494298291	99998.70252	0	0
neutron	939.56536	1.277044717	99998.70252	0	0
neutron	939.56536	0.5480871027	99998.70252	0	0
O18	16762.02378	1.134572258	99998.70252	0	0
neutron	939.56536	0.6155509854	99998.79702	0	0
Ne22	20479.73746	0.1162433234	99998.79702	0	0
neutron	939.56536	0.2794229353	99998.74536	0	0
S34	31632.70018	0.08430988765	99998.74536	0	0
Ne23	21414.10216	0.2141960206	99998.72899	0	0
neutron	939.56536	0.4451606747	99998.6878	0	0
S34	31632.70018	0.1651122843	99998.6878	0	0
S35	32565.27968	0.1611324217	99998.76562	0	0
neutron	939.56536	1.726093935	99998.74927	0	0
Ne22	20479.73746	0.22243814	99998.74927	0	0
neutron	939.56536	0.251529211	99998.73771	0	0
S34	31632.70018	0.1162067432	99998.73771	0	0
neutron	939.56536	0.6939604638	99998.67515	0	0
S34	31632.70018	0.06328192435	99998.67515	0	0
Ne23	21414.10216	0.2295742458	99998.75861	0	0
neutron	939.56536	14.35261598	99998.72974	0	0
neutron	939.56536	8.492210688	99998.72974	0	0
neutron	939.56536	1.141172899	99998.72974	0	0
S32	29773.62828	1.396426798	99998.72974	0	0
neutron	939.56536	0.2636678319	99998.71023	0	0
S36	33494.9558	0.2063779174	99998.71023	0	0
neutron	939.56536	0.4999024143	99998.80211	0	0
Ne22	20479.73746	0.1033927913	99998.80211	0	0
Ne23	21414.10216	0.23560725	99998.75173	0	0
S37	34430.21755	0.1393443855	99998.68835	0	0
Ne23	21414.10216	0.2191237903	99998.76909	0	0
neutron	939.56536	1.255148435	99998.74429	0	0
Ne22	20479.73746	0.4085495259	99998.74429	0	0
Ne23	21414.10216	0.2205124494	99998.70019	0	0
neutron	939.56536	9.593010174	99998.67933	0	0
neutron	939.56536	7.186116184	99998.67933	0	0
neutron	939.56536	2.820294404	99998.67933	0	0
alpha	3727.379	6.969213794	99998.67933	0	0
O16	14895.08153	1.979679332	99998.67933	0	0
neutron	939.56536	3.571690994	99998.73506	0	0
S34	31632.70018	0.453944617	99998.73506	0	0
S35	32565.27968	0.1608350996	99998.64332	0	0
proton	938.272013	53.14153012	99998.71035	0	0
proton	938.272013	3.217305189	99998.71035	0	0
neutron	939.56536	2.708875227	99998.71035	0	0
neutron	939.56536	0.9700299155	99998.71035	0	0
Si31	28846.21977	2.471755434	99998.71035	0	0
neutron	939.56536	5.212026924	99998.70781	0	0
neutron	939.56536	4.337098682	99998.70781	0	0
neutron	939.56536	1.171369382	99998.70781	0	0
S32	29773.62828	0.2159446735	99998.70781	0	0
neutron	939.56536	1.311887144	99998.78637	0	0
Ne22	20479.73746	0.1090239461	99998.78637	0	0
neutron	939.56536	0.9280944621	99998.62549	0	0
S34	31632.70018	0.1444207599	99998.62549	0	0
neutron	939.56536	3.773680233	99998.72754	0	0
neutron	939.56536	2.075083237	99998.72754	0	0
neutron	939.56536	0.6451666451	99998.72754	0	0
S32	29773.62828	0.2372630944	99998.72754	0	0
Ne23	21414.10216	0.2338958828	99998.69338	0	0
Ne23	21414.10216	0.2321746001	99998.69364	0	0
neutron	939.56536	5.09151913	99998.71192	0	0
Ne22	20479.73746	0.0950208493	99998.71192	0	0
neutron	939.56536	23.00332367	99998.82217	0	0
neutron	939.56536	2.194194146	99998.82217	0	0
S33	30704.55199	0.811894536	99998.82217	0	0
neutron	939.56536	0.5108291106	99998.87248	0	0
Ne22	20479.73746	0.29916412	99998.87248	0	0
S35	32565.27968	0.1611014953	99998.88458	0	0
neutron	939.56536	0.2740907073	99998.7703	0	0
S34	31632.70018	0.1353364277	99998.7703	0	0
Ne23	21414.10216	0.2101679523	99998.70819	0	0
S37	34430.21755	0.1355267956	99998.79267	0	0
proton	938.272013	33.16358502	99998.70863	0	0
neutron	939.56536	22.30260841	99998.70863	0	0
neutron	939.56536	0.7282025103	99998.70863	0	0
P32	29775.84838	0.439181694	99998.70863	0	0
proton	938.272013	8.37265978	99998.70867	0	0
neutron	939.56536	2.844462445	99998.70867	0	0
P33	30705.30994	0.1583729338	99998.70867	0	0
neutron	939.56536	7.105301536	99998.8669	0	0
neutron	939.56536	5.444580252	99998.8669	0	0
neutron	939.56536	3.838643952	99998.8669	0	0
alpha	3727.379	8.010265763	99998.8669	0	0
O16	14895.08153	1.069794102	99998.8669	0	0
neutron	939.56536	4.847507119	99998.71654	0	0
S34	31632.70018	0.1026045615	99998.71654	0	0
S35	32565.27968	0.1571117926	99998.72395	0	0
neutron	939.56536	32.44771039	99998.83135	0	0
proton	938.272013	1.760475935	99998.83135	0	0
neutron	939.56536	0.1540829293	99998.83135	0	0
F20	18625.26686	2.719053264	99998.83135	0	0
neutron	939.56536	0.1574713418	99998.80516	0	0
S34	31632.70018	0.1584336214	99998.80516	0	0
neutron	939.56536	0.2793364741	99998.69243	0	0
S34	31632.70018	0.1034309268	99998.69243	0	0
neutron	939.56536	2.09209905	99998.83034	0	0
S34	31632.70018	0.1166775211	99998.83034	0	0
S37	34430.21755	0.1405142307	99998.72563	0	0
neutron	939.56536	0.02605552252	99998.71157	0	0
S34	31632.70018	0.1655203565	99998.71157	0	0
neutron	939.56536	5.046738321	99998.65144	0	0
triton	2808.921	6.204298989	99998.65144	0	0
F19	17692.30285	0.3545005797	99998.65144	0	0
S35	32565.27968	0.1630655109	99998.79593	0	0
neutron	939.56536	5.874216666	99998.72269	0	0
neutron	939.56536	2.777580637	99998.72269	0	0
neutron	939.56536	0.1446180132	99998.72269	0	0
S32	29773.62828	0.02809006492	99998.72269	0	0
S35	32565.27968	0.157788973	99998.74768	0	0
neutron	939.56536	34.43495746	99998.75715	0	0
proton	938.272013	5.400151578	99998.75715	0	0
P33	30705.30994	0.9617965739	99998.75715	0	0
neutron	939.56536	0.5451091401	99998.68796	0	0
S34	31632.70018	0.1186044474	99998.68796	0	0
neutron	939.56536	8.970229931	99998.71516	0	0
neutron	939.56536	6.90243202	99998.71516	0	0
neutron	939.56536	1.401691152	99998.71516	0	0
Ne20	18617.73218	0.5205900711	99998.71516	0	0
neutron	939.56536	6.387209198	99998.82777	0	0
neutron	939.56536	4.97789501	99998.82777	0	0
neutron	939.56536	1.102191035	99998.82777	0	0
Ne20	18617.73218	0.857432071	99998.82777	0	0
neutron	939.56536	9.508931449	99998.6864	0	0
neutron	939.56536	1.97720029	99998.6864	0	0
neutron	939.56536	1.582061181	99998.6864	0	0
alpha	3727.379	12.99868981	99998.6864	0	0
Si30	27913.24182	3.72332585	99998.6864	0	0
neutron	939.56536	9.452280564	99998.68435	0	0
S34	31632.70018	0.1143846597	99998.68435	0	0
S37	34430.21755	0.1440890335	99998.78075	0	0
proton	938.272013	12.36352011	99998.81242	0	0
neutron	939.56536	1.272521277	99998.81242	0	0
F21	19556.73074	0.7076281486	99998.81242	0	0
neutron	939.56536	1.05334429	99998.73012	0	0
Ne22	20479.73746	0.184961515	99998.73012	0	0
neutron	939.56536	10.60486168	99998.7909	0	0
neutron	939.56536	3.076573501	99998.7909	0	0
neutron	939.56536	0.6107002085	99998.7909	0	0
S34	31632.70018	0.2506118493	99998.7909	0	0
neutron	939.56536	8.305788951	99998.76544	0	0
proton	938.272013	7.303324918	99998.76544	0	0
neutron	939.56536	6.998801663	99998.76544	0	0
neutron	939.56536	2.085709617	99998.76544	0	0
alpha	3727.379	5.216205969	99998.76544	0	0
N15	13968.93638	0.2568460238	99998.76544	0	0
proton	938.272013	19.87241506	99998.7598	0	0
neutron	939.56536	1.611120661	99998.7598	0	0
P35	32569.77755	0.8897021154	99998.7598	0	0
neutron	939.56536	27.8293819	99998.71912	0	0
neutron	939.56536	4.22443091	99998.71912	0	0
neutron	939.56536	4.027956333	99998.71912	0	0
S32	29773.62828	0.961558083	99998.71912	0	0
neutron	939.56536	1.526582071	99998.74199	0	0
Ne22	20479.73746	0.2145134753	99998.74199	0	0
neutron	939.56536	0.4937598796	99998.82424	0	0
S34	31632.70018	0.084122098	99998.82424	0	0
neutron	939.56536	0.08477755823	99998.7721	0	0
Ne22	20479.73746	0.1859146183	99998.7721	0	0
neutron	939.56536	9.251171553	99998.75748	0	0
proton	938.272013	8.711726381	99998.75748	0	0
neutron	939.56536	3.933858458	99998.75748	0	0
neutron	939.56536	3.436209206	99998.75748	0	0
F19	17692.30285	3.773571667	99998.75748	0	0
neutron	939.56536	0.360315264	99998.72602	0	0
S34	31632.70018	0.133302751	99998.72602	0	0
S35	32565.27968	0.155907521	99998.693	0	0
neutron	939.56536	1.377650389	99998.76966	0	0
Ne22	20479.73746	0.1216139182	99998.76966	0	0
proton	938.272013	4.740399533	99998.67139	0	0
neutron	939.56536	0.9789175225	99998.67139	0	0
neutron	939.56536	0.1813329408	99998.67139	0	0
P32	29775.84838	0.02804078569	99998.67139	0	0
S37	34430.21755	0.1418359611	99998.71558	0	0
neutron	939.56536	10.59752142	99998.72889	0	0
neutron	939.56536	9.931312677	99998.72889	0	0
neutron	939.56536	3.94869349	99998.72889	0	0
Ne20	18617.73218	0.5360712861	99998.72889	0	0
proton	938.272013	26.95055923	99998.70652	0	0
neutron	939.56536	5.675964247	99998.70652	0	0
neutron	939.56536	0.3541925751	99998.70652	0	0
P32	29775.84838	0.4303748154	99998.70652	0	0
neutron	939.56536	1.137499549	99998.75789	0	0
S34	31632.70018	0.2511542148	99998.75789	0	0
neutron	939.56536	5.598795956	99998.75694	0	0
proton	938.272013	4.7823089	99998.75694	0	0
P33	30705.30994	0.4638742501	99998.75694	0	0
proton	938.272013	29.67577234	99998.64746	0	0
neutron	939.56536	1.27176012	99998.64746	0	0
P33	30705.30994	0.5527847234	99998.64746	0	0
proton	938.272013	7.71477775	99998.66002	0	0
neutron	939.56536	2.937078979	99998.66002	0	0
neutron	939.56536	0.9447864621	99998.66002	0	0
neutron	939.56536	0.9019426547	99998.66002	0	0
P31	28844.21869	0.083306886	99998.66002	0	0
Ne23	21414.10216	0.2267005564	99998.77235	0	0
neutron	939.56536	0.7722509659	99998.75976	0	0
Ne22	20479.73746	0.2489954431	99998.75976	0	0
neutron	939.56536	6.979052094	99998.76108	0	0
neutron	939.56536	2.778339256	99998.76108	0	0
neutron	939.56536	1.224498589	99998.76108	0	0
neutron	939.56536	0.4389941973	99998.76108	0	0
S33	30704.55199	0.09842474272	99998.76108	0	0
neutron	939.56536	0.5937238821	99998.7599	0	0
S36	33494.9558	0.1682087792	99998.7599	0	0
neutron	939.56536	0.8280597602	99998.74375	0	0
S34	31632.70018	0.2772749989	99998.74375	0	0
neutron	939.56536	0.1340398707	99998.70779	0	0
Ne22	20479.73746	0.1634637297	99998.70779	0	0
neutron	939.56536	7.517110374	99998.61698	0	0
proton	938.272013	6.139867762	99998.61698	0	0
proton	938.272013	5.52147285	99998.61698	0	0
Si32	29776.58515	0.9395814295	99998.61698	0	0
Ne23	21414.10216	0.2026932232	99998.81322	0	0
neutron	939.56536	1.232379758	99998.79288	0	0
S36	33494.9558	0.1061514042	99998.79288	0	0
neutron	939.56536	1.807820507	99998.84251	0	0
S34	31632.70018	0.1701455761	99998.84251	0	0
neutron	939.56536	1.609945476	99998.82295	0	0
S34	31632.70018	0.2273783878	99998.82295	0	0
neutron	939.56536	0.252950027	99998.65668	0	0
S34	31632.70018	0.09472623698	99998.65668	0	0
neutron	939.56536	0.1182444625	99998.75367	0	0
S34	31632.70018	0.1848738147	99998.75367	0	0
Ne23	21414.10216	0.2317142704	99998.69031	0	0
neutron	939.56536	2.036847235	99998.69625	0	0
S34	31632.70018	0.1386588188	99998.69625	0	0
neutron	939.56536	0.9576424888	99998.69004	0	0
S36	33494.9558	0.2019782945	99998.69004	0	0
neutron	939.56536	0.3162899149	99998.79964	0	0
S34	31632.70018	0.1644107817	99998.79964	0	0
neutron	939.56536	0.9783182066	99998.75859	0	0
S34	31632.70018	0.07586121244	99998.75859	0	0
neutron	939.56536	2.073119422	99998.79222	0	0
Ne22	20479.73746	0.3025992877	99998.79222	0	0
neutron	939.56536	4.230344627	99998.66907	0	0
neutron	939.56536	3.937831144	99998.66907	0	0
neutron	939.56536	0.8975780749	99998.66907	0	0
Ne20	18617.73218	0.6791377873	99998.66907	0	0
neutron	939.56536	3.456030979	99998.72727	0	0
proton	938.272013	3.453635462	99998.72727	0	0
neutron	939.56536	3.000405528	99998.72727	0	0
proton	938.272013	2.708803348	99998.72727	0	0
neutron	939.56536	1.661044184	99998.72727	0	0
Si30	27913.24182	0.3567082142	99998.72727	0	0
neutron	939.56536	0.7277464226	99998.67186	0	0
S36	33494.9558	0.1229876605	99998.67186	0	0
neutron	939.56536	21.66638198	99998.74704	0	0
neutron	939.56536	4.637483601	99998.74704	0	0
neutron	939.56536	4.429575474	99998.74704	0	0
proton	938.272013	3.300306151	99998.74704	0	0
alpha	3727.379	2.475016539	99998.74704	0	0
N15	13968.93638	4.014119928	99998.74704	0	0
neutron	939.56536	0.7944830366	99998.72807	0	0
S34	31632.70018	0.1974667286	99998.72807	0	0
S35	32565.27968	0.1480458077	99998.71044	0	0
S35	32565.27968	0.1552787246	99998.66921	0	0
neutron	939.56536	0.1840329069	99998.70933	0	0
S34	31632.70018	0.1876170937	99998.70933	0	0
neutron	939.56536	0.5296900767	99998.66994	0	0
S34	31632.70018	0.2039379194	99998.66994	0	0
neutron	939.56536	0.05588856548	99998.73095	0	0
Ne22	20479.73746	0.2183428687	99998.73095	0	0
Ne23	21414.10216	0.2050410146	99998.7658	0	0
neutron	939.56536	2.518739704	99998.73254	0	0
S36	33494.9558	0.288502669	99998.73254	0	0
neutron	939.56536	2.319809651	99998.735	0	0
S34	31632.70018	0.1509477282	99998.735	0	0
proton	938.272013	3.646844292	99998.78452	0	0
neutron	939.56536	3.038698428	99998.78452	0	0
neutron	939.56536	2.830235323	99998.78452	0	0
neutron	939.56536	2.16645773	99998.78452	0	0
P31	28844.21869	0.2862639549	99998.78452	0	0
neutron	939.56536	0.9813118481	99998.72839	0	0
Ne22	20479.73746	0.3642231185	99998.72839	0	0
neutron	939.56536	0.05071966992	99998.71469	0	0
S34	31632.70018	0.1407106726	99998.71469	0	0
neutron	939.56536	20.32405768	99998.70658	0	0
neutron	939.56536	4.975504811	99998.70658	0	0
neutron	939.56536	3.921470605	99998.70658	0	0
alpha	3727.379	10.15194972	99998.70658	0	0
O16	14895.08153	0.5838956424	99998.70658	0	0
neutron	939.56536	17.81977801	99998.7085	0	0
neutron	939.56536	1.602563591	99998.7085	0	0
alpha	3727.379	8.210157322	99998.7085	0	0
Si29	26984.28567	0.07680197441	99998.7085	0	0
neutron	939.56536	0.5354142804	99998.728	0	0
Ne22	20479.73746	0.2671960883	99998.728	0	0
neutron	939.56536	1.588268366	99998.78525	0	0
S34	31632.70018	0.05969795559	99998.78525	0	0
proton	938.272013	7.501142351	99998.79645	0	0
neutron	939.56536	3.830264715	99998.79645	0	0
neutron	939.56536	2.497928337	99998.79645	0	0
neutron	939.56536	1.569135697	99998.79645	0	0
neutron	939.56536	0.975879959	99998.79645	0	0
P32	29775.84838	0.05135677802	99998.79645	0	0
neutron	939.56536	10.37715179	99998.7679	0	0
neutron	939.56536	2.227861985	99998.7679	0	0
neutron	939.56536	1.742623056	99998.7679	0	0
Ne20	18617.73218	0.4968062384	99998.7679	0	0
neutron	939.56536	1.438038348	99998.74194	0	0
S34	31632.70018	0.07763851673	99998.74194	0	0
neutron	939.56536	28.92644567	99998.77979	0	0
neutron	939.56536	1.61172867	99998.77979	0	0
alpha	3727.379	6.637002537	99998.77979	0	0
Si29	26984.28567	3.754039502	99998.77979	0	0
neutron	939.56536	3.633221066	99998.77139	0	0
S34	31632.70018	0.05679115915	99998.77139	0	0
neutron	939.56536	0.771163956	99998.82192	0	0
S34	31632.70018	0.1183089854	99998.82192	0	0
neutron	939.56536	3.187413805	99998.75018	0	0
S34	31632.70018	0.0387022656	99998.75018	0	0
neutron	939.56536	0.179288412	99998.75959	0	0
Ne22	20479.73746	0.159416967	99998.75959	0	0
neutron	939.56536	7.057150715	99998.72005	0	0
proton	938.272013	6.833384907	99998.72005	0	0
neutron	939.56536	0.580752144	99998.72005	0	0
neutron	939.56536	0.5709713713	99998.72005	0	0
F19	17692.30285	0.4173665738	99998.72005	0	0
neutron	939.56536	8.27030995	99998.79254	0	0
neutron	939.56536	1.724080227	99998.79254	0	0
Ne21	19550.53637	0.2617468257	99998.79254	0	0
neutron	939.56536	2.029113318	99998.68433	0	0
Ne22	20479.73746	0.3554567389	99998.68433	0	0
neutron	939.56536	1.188409675	99998.83004	0	0
Ne22	20479.73746	0.2033829191	99998.83004	0	0
S35	32565.27968	0.1657391379	99998.77774	0	0
neutron	939.56536	1.892000751	99998.77956	0	0
S34	31632.70018	0.1833771341	99998.77956	0	0
neutron	939.56536	2.527452252	99998.72292	0	0
S34	31632.70018	0.2465916389	99998.72292	0	0
Ne23	21414.10216	0.2294211077	99998.72497	0	0
neutron	939.56536	0.1626797582	99998.68869	0	0
S34	31632.70018	0.1096924544	99998.68869	0	0
proton	938.272013	13.6315266	99998.67097	0	0
neutron	939.56536	1.435512043	99998.67097	0	0
neutron	939.56536	0.6762869971	99998.67097	0	0
P32	29775.84838	0.3509867919	99998.67097	0	0
neutron	939.56536	1.36030903	99998.71491	0	0
S36	33494.9558	0.04272081618	99998.71491	0	0
S37	34430.21755	0.1435046895	99998.78743	0	0
proton	938.272013	20.63517945	99998.71113	0	0
neutron	939.56536	13.80222151	99998.71113	0	0
neutron	939.56536	7.868822765	99998.71113	0	0
neutron	939.56536	2.713325702	99998.71113	0	0
neutron	939.56536	1.4723182	99998.71113	0	0
P32	29775.84838	0.7604866572	99998.71113	0	0
neutron	939.56536	4.132786003	99998.73236	0	0
neutron	939.56536	3.999823231	99998.73236	0	0
proton	938.272013	3.907899661	99998.73236	0	0
neutron	939.56536	1.437381341	99998.73236	0	0
P33	30705.30994	0.1437137038	99998.73236	0	0
neutron	939.56536	1.013878649	99998.7604	0	0
S34	31632.70018	0.1950175369	99998.7604	0	0
neutron	939.56536	39.42939659	99998.83355	0	0
neutron	939.56536	1.736996261	99998.83355	0	0
neutron	939.56536	0.51906328	99998.83355	0	0
S34	31632.70018	1.29617008	99998.83355	0	0
neutron	939.56536	3.424307892	99998.71343	0	0
neutron	939.56536	0.6796667994	99998.71343	0	0
Ne21	19550.53637	0.05148930276	99998.71343	0	0
neutron	939.56536	14.42904057	99998.90646	0	0
proton	938.272013	5.248701008	99998.90646	0	0
proton	938.272013	3.278365679	99998.90646	0	0
neutron	939.56536	0.311241664	99998.90646	0	0
Si31	28846.21977	0.7314891567	99998.90646	0	0
Ne23	21414.10216	0.2329548654	99998.76324	0	0
Ne23	21414.10216	0.2170146365	99998.72579	0	0
neutron	939.56536	20.17715059	99998.71573	0	0
neutron	939.56536	7.421101182	99998.71573	0	0
neutron	939.56536	2.108791506	99998.71573	0	0
Ne20	18617.73218	1.232111241	99998.71573	0	0
neutron	939.56536	0.1320676221	99998.78447	0	0
S34	31632.70018	0.1569320135	99998.78447	0	0
neutron	939.56536	0.3987235765	99998.73608	0	0
Ne22	20479.73746	0.1191392881	99998.73608	0	0
S35	32565.27968	0.1396461629	99998.69854	0	0
Ne23	21414.10216	0.224117948	99998.68759	0	0
neutron	939.56536	0.988365152	99998.6671	0	0
S34	31632.70018	0.2029863004	99998.6671	0	0
S35	32565.27968	0.1521620888	99998.81629	0	0
neutron	939.56536	0.3125566111	99998.82204	0	0
S34	31632.70018	0.1637786776	99998.82204	0	0
neutron	939.56536	21.99146114	99998.703	0	0
neutron	939.56536	5.597889513	99998.703	0	0
neutron	939.56536	2.542787703	99998.703	0	0
S32	29773.62828	1.184741605	99998.703	0	0
neutron	939.56536	7.659626157	99998.78075	0	0
proton	938.272013	4.022592104	99998.78075	0	0
F21	19556.73074	0.09457937818	99998.78075	0	0
neutron	939.56536	0.4125326842	99998.81032	0	0
Ne22	20479.73746	0.115099056	99998.81032	0	0
neutron	939.56536	0.1257133617	99998.69123	0	0
S36	33494.9558	0.1154189123	99998.69123	0	0
neutron	939.56536	14.37413463	99998.80733	0	0
neutron	939.56536	12.01566029	99998.80733	0	0
neutron	939.56536	7.058002454	99998.80733	0	0
proton	938.272013	3.216857545	99998.80733	0	0
neutron	939.56536	3.030268794	99998.80733	0	0
neutron	939.56536	0.6949166512	99998.80733	0	0
P31	28844.21869	0.08029491711	99998.80733	0	0
neutron	939.56536	3.20533464	99998.73806	0	0
neutron	939.56536	1.754148604	99998.73806	0	0
S35	32565.27968	0.4465019897	99998.73806	0	0
neutron	939.56536	18.02320146	99998.71885	0	0
neutron	939.56536	8.118413273	99998.71885	0	0
neutron	939.56536	2.327655334	99998.71885	0	0
Ne20	18617.73218	0.3577367318	99998.71885	0	0
neutron	939.56536	0.1809194794	99998.80424	0	0
S36	33494.9558	0.0894702999	99998.80424	0	0
neutron	939.56536	7.745443289	99998.67895	0	0
neutron	939.56536	4.182865785	99998.67895	0	0
neutron	939.56536	0.9603035503	99998.67895	0	0
Ne20	18617.73218	0.4895932781	99998.67895	0	0
Ne23	21414.10216	0.2328103051	99998.77043	0	0
neutron	939.56536	3.836579919	99998.67869	0	0
proton	938.272013	3.565485748	99998.67869	0	0
neutron	939.56536	2.373733037	99998.67869	0	0
neutron	939.56536	1.181932593	99998.67869	0	0
P31	28844.21869	0.4537791468	99998.67869	0	0
neutron	939.56536	3.578540925	99998.70314	0	0
neutron	939.56536	3.174990198	99998.70314	0	0
neutron	939.56536	1.909151745	99998.70314	0	0
alpha	3727.379	11.0099071	99998.70314	0	0
Si28	26053.19393	1.45244875	99998.70314	0	0
neutron	939.56536	1.777533451	99998.65634	0	0
S34	31632.70018	0.02844230352	99998.65634	0	0
neutron	939.56536	0.2497317904	99998.67031	0	0
S34	31632.70018	0.1647572535	99998.67031	0	0
Ne23	21414.10216	0.2216151097	99998.68562	0	0
proton	938.272013	5.343221339	99998.72341	0	0
neutron	939.56536	4.555282089	99998.72341	0	0
proton	938.272013	3.172655279	99998.72341	0	0
neutron	939.56536	2.554210513	99998.72341	0	0
neutron	939.56536	1.533088367	99998.72341	0	0
Si30	27913.24182	0.1159930759	99998.72341	0	0
neutron	939.56536	0.5056849106	99998.68393	0	0
Ne22	20479.73746	0.1171737549	99998.68393	0	0
neutron	939.56536	3.111200462	99998.79359	0	0
Ne22	20479.73746	0.1323169852	99998.79359	0	0
neutron	939.56536	0.3678073728	99998.73905	0	0
Ne22	20479.73746	0.1587848232	99998.73905	0	0
neutron	939.56536	2.428585238	99998.66341	0	0
S34	31632.70018	0.3346957851	99998.66341	0	0
neutron	939.56536	21.24787298	99998.6691	0	0
neutron	939.56536	10.75867396	99998.6691	0	0
neutron	939.56536	3.483854033	99998.6691	0	0
S32	29773.62828	0.7012996795	99998.6691	0	0
proton	938.272013	25.42460324	99998.75009	0	0
neutron	939.56536	7.770225928	99998.75009	0	0
neutron	939.56536	7.513824424	99998.75009	0	0
neutron	939.56536	5.340950238	99998.75009	0	0
P33	30705.30994	1.691626486	99998.75009	0	0
neutron	939.56536	2.748639135	99998.6671	0	0
neutron	939.56536	2.556056601	99998.6671	0	0
neutron	939.56536	1.196739894	99998.6671	0	0
Ne20	18617.73218	0.1592381232	99998.6671	0	0
neutron	939.56536	1.98670301	99998.72383	0	0
neutron	939.56536	1.297793986	99998.72383	0	0
Ne21	19550.53637	0.7067471184	99998.72383	0	0
Ne23	21414.10216	0.2212338943	99998.80339	0	0
S37	34430.21755	0.144315954	99998.81203	0	0
proton	938.272013	29.06940766	99998.74393	0	0
neutron	939.56536	20.79503652	99998.74393	0	0
F21	19556.73074	0.5908531574	99998.74393	0	0
neutron	939.56536	1.877366796	99998.69615	0	0
S34	31632.70018	0.1265983274	99998.69615	0	0
neutron	939.56536	0.5688498079	99998.75154	0	0
S34	31632.70018	0.1869959668	99998.75154	0	0
neutron	939.56536	2.32265033	99998.7362	0	0
S34	31632.70018	0.2285541473	99998.7362	0	0
Ne23	21414.10216	0.1929959094	99998.77654	0	0
neutron	939.56536	10.07947045	99998.82636	0	0
S34	31632.70018	0.1852011909	99998.82636	0	0
neutron	939.56536	6.039383022	99998.74892	0	0
neutron	939.56536	5.147650833	99998.74892	0	0
proton	938.272013	3.412703719	99998.74892	0	0
neutron	939.56536	2.379423836	99998.74892	0	0
neutron	939.56536	2.372727253	99998.74892	0	0
deuteron	1875.613	7.456888074	99998.74892	0	0
Si30	27913.24182	0.7370471648	99998.74892	0	0
proton	938.272013	16.57025476	99998.75555	0	0
neutron	939.56536	2.876543684	99998.75555	0	0
neutron	939.56536	2.769946883	99998.75555	0	0
neutron	939.56536	0.8896695131	99998.75555	0	0
F19	17692.30285	2.435117346	99998.75555	0	0
neutron	939.56536	0.8043696618	99998.74317	0	0
Ne22	20479.73746	0.1590512363	99998.74317	0	0
Ne23	21414.10216	0.2253620995	99998.70236	0	0
S35	32565.27968	0.1553365878	99998.76552	0	0
neutron	939.56536	0.4025755141	99998.70813	0	0
S36	33494.9558	0.1789306302	99998.70813	0	0
neutron	939.56536	0.666497082	99998.7655	0	0
S36	33494.9558	0.1418453811	99998.7655	0	0
neutron	939.56536	16.82576908	99998.68055	0	0
proton	938.272013	3.715158573	99998.68055	0	0
P33	30705.30994	0.8363362978	99998.68055	0	0
Ne23	21414.10216	0.2218446694	99998.83514	0	0
neutron	939.56536	3.86259845	99998.8137	0	0
neutron	939.56536	2.218607508	99998.8137	0	0
neutron	939.56536	0.6100844325	99998.8137	0	0
S34	31632.70018	0.132987519	99998.8137	0	0
neutron	939.56536	5.252253525	99998.72774	0	0
neutron	939.56536	3.246371072	99998.72774	0	0
S35	32565.27968	0.5344746112	99998.72774	0	0
neutron	939.56536	7.374038345	99998.78199	0	0
proton	938.272013	6.220743344	99998.78199	0	0
triton	2808.921	3.699413642	99998.78199	0	0
O18	16762.02378	1.352062257	99998.78199	0	0
proton	938.272013	31.86545031	99998.73863	0	0
neutron	939.56536	12.19383744	99998.73863	0	0
proton	938.272013	3.509665629	99998.73863	0	0
neutron	939.56536	2.026580186	99998.73863	0	0
Si31	28846.21977	1.601308843	99998.73863	0	0
neutron	939.56536	7.081340665	99998.68188	0	0
neutron	939.56536	1.70049241	99998.68188	0	0
neutron	939.56536	0.2228340863	99998.68188	0	0
S32	29773.62828	0.5689143996	99998.68188	0	0
neutron	939.56536	7.769195563	99998.66283	0	0
neutron	939.56536	2.360417314	99998.66283	0	0
neutron	939.56536	0.1980188587	99998.66283	0	0
S32	29773.62828	0.1420994637	99998.66283	0	0
neutron	939.56536	8.462713416	99998.87449	0	0
neutron	939.56536	4.444315868	99998.87449	0	0
neutron	939.56536	4.286008061	99998.87449	0	0
alpha	3727.379	5.063936845	99998.87449	0	0
O16	14895.08153	1.427720756	99998.87449	0	0
neutron	939.56536	34.33165085	99998.74915	0	0
neutron	939.56536	23.84873576	99998.74915	0	0
neutron	939.56536	0.1797067945	99998.74915	0	0
S34	31632.70018	0.08176298207	99998.74915	0	0
neutron	939.56536	0.4192343518	99998.69624	0	0
S34	31632.70018	0.106343833	99998.69624	0	0
neutron	939.56536	12.74254857	99998.7549	0	0
neutron	939.56536	11.12803712	99998.7549	0	0
neutron	939.56536	9.340810203	99998.7549	0	0
alpha	3727.379	7.389147139	99998.7549	0	0
Si28	26053.19393	1.187193947	99998.7549	0	0
neutron	939.56536	3.422872804	99998.76013	0	0
neutron	939.56536	3.01552063	99998.76013	0	0
Ne21	19550.53637	0.1669877121	99998.76013	0	0
neutron	939.56536	0.1153586038	99998.79294	0	0
S34	31632.70018	0.1647799088	99998.79294	0	0
S35	32565.27968	0.1377197031	99998.69257	0	0
S37	34430.21755	0.1326600345	99998.74062	0	0
neutron	939.56536	1.034400553	99998.83801	0	0
S36	33494.9558	0.2124167696	99998.83801	0	0
neutron	939.56536	17.23957294	99998.77175	0	0
neutron	939.56536	8.303969143	99998.77175	0	0
neutron	939.56536	1.26520558	99998.77175	0	0
S34	31632.70018	0.7149602052	99998.77175	0	0
Ne23	21414.10216	0.2052435131	99998.72788	0	0
neutron	939.56536	0.673802909	99998.71881	0	0
Ne22	20479.73746	0.1258299902	99998.71881	0	0
neutron	939.56536	3.463765134	99998.66724	0	0
neutron	939.56536	0.3986892536	99998.66724	0	0
S33	30704.55199	0.1865616727	99998.66724	0	0
neutron	939.56536	8.82991916	99998.71334	0	0
Ne22	20479.73746	0.9311751473	99998.71334	0	0
Ne23	21414.10216	0.2203600876	99998.67618	0	0
neutron	939.56536	1.927252144	99998.68962	0	0
Ne22	20479.73746	0.1932060137	99998.68962	0	0
Ne23	21414.10216	0.2298943889	99998.6956	0	0
Ne23	21414.10216	0.2275961101	99998.7491	0	0
neutron	939.56536	2.543513707	99998.72728	0	0
neutron	939.56536	1.666091011	99998.72728	0	0
Ne21	19550.53637	0.02991870679	99998.72728	0	0
neutron	939.56536	16.8698198	99998.81302	0	0
proton	938.272013	8.659040481	99998.81302	0	0
neutron	939.56536	4.112596804	99998.81302	0	0
P32	29775.84838	0.5118968981	99998.81302	0	0
neutron	939.56536	11.24731338	99998.79626	0	0
neutron	939.56536	1.018978747	99998.79626	0	0
neutron	939.56536	0.4703962264	99998.79626	0	0
S34	31632.70018	0.2947628784	99998.79626	0	0
Ne23	21414.10216	0.2131755206	99998.70746	0	0
proton	938.272013	3.986036046	99998.75173	0	0
neutron	939.56536	2.502159404	99998.75173	0	0
P33	30705.30994	0.01727650415	99998.75173	0	0
neutron	939.56536	0.4379694695	99998.76	0	0
S34	31632.70018	0.0914323631	99998.76	0	0
neutron	939.56536	5.268175402	99998.71161	0	0
neutron	939.56536	1.532073866	99998.71161	0	0
neutron	939.56536	0.7287052832	99998.71161	0	0
Ne20	18617.73218	0.2611387403	99998.71161	0	0
neutron	939.56536	1.080674115	99998.71371	0	0
S34	31632.70018	0.1541237669	99998.71371	0	0
neutron	939.56536	0.5572692491	99998.75135	0	0
S34	31632.70018	0.2152423533	99998.75135	0	0
neutron	939.56536	0.3815042827	99998.72751	0	0
Ne22	20479.73746	0.3329426538	99998.72751	0	0
neutron	939.56536	0.7481720686	99998.74638	0	0
S36	33494.9558	0.1557737853	99998.74638	0	0
S35	32565.27968	0.1380389079	99998.74808	0	0
proton	938.272013	6.380172816	99998.76142	0	0
proton	938.272013	5.557899428	99998.76142	0	0
neutron	939.56536	3.147570528	99998.76142	0	0
neutron	939.56536	2.095667741	99998.76142	0	0
neutron	939.56536	1.344464779	99998.76142	0	0
Si30	27913.24182	0.3183942661	99998.76142	0	0
S37	34430.21755	0.1336308201	99998.71361	0	0
neutron	939.56536	5.944247848	99998.7513	0	0
neutron	939.56536	5.22562413	99998.7513	0	0
neutron	939.56536	0.9572711366	99998.7513	0	0
S32	29773.62828	0.2191193634	99998.7513	0	0
neutron	939.56536	10.10355233	99998.80597	0	0
neutron	939.56536	3.631559158	99998.80597	0	0
neutron	939.56536	2.767400889	99998.80597	0	0
Ne20	18617.73218	0.6610257088	99998.80597	0	0
neutron	939.56536	12.32306261	99998.72378	0	0
neutron	939.56536	11.25389018	99998.72378	0	0
neutron	939.56536	5.174406113	99998.72378	0	0
Ne20	18617.73218	1.250105533	99998.72378	0	0
proton	938.272013	9.914565915	99998.83103	0	0
neutron	939.56536	4.594477073	99998.83103	0	0
neutron	939.56536	4.132724001	99998.83103	0	0
neutron	939.56536	3.151700939	99998.83103	0	0
F19	17692.30285	0.4994790751	99998.83103	0	0
neutron	939.56536	8.773678136	99998.79349	0	0
proton	938.272013	1.760435878	99998.79349	0	0
alpha	3727.379	6.07399193	99998.79349	0	0
Al29	26988.4858	2.010760717	99998.79349	0	0
S37	34430.21755	0.1273476826	99998.72593	0	0
neutron	939.56536	1.113369323	99998.84311	0	0
S36	33494.9558	0.04369781631	99998.84311	0	0
neutron	939.56536	0.2101180436	99998.76357	0	0
S34	31632.70018	0.1686174122	99998.76357	0	0
S35	32565.27968	0.15480323	99998.82313	0	0
neutron	939.56536	0.328735515	99998.78548	0	0
S34	31632.70018	0.1895536366	99998.78548	0	0
neutron	939.56536	0.08762275583	99998.82623	0	0
S34	31632.70018	0.1686125175	99998.82623	0	0
neutron	939.56536	1.701128047	99998.77178	0	0
Ne22	20479.73746	0.1973849385	99998.77178	0	0
S35	32565.27968	0.1502207902	99998.82524	0	0
neutron	939.56536	3.549167947	99998.68336	0	0
S34	31632.70018	0.3580098223	99998.68336	0	0
neutron	939.56536	0.8243155461	99998.76508	0	0
Ne22	20479.73746	0.2874838715	99998.76508	0	0
Ne23	21414.10216	0.2228677158	99998.72217	0	0
proton	938.272013	30.1074269	99998.6728	0	0
proton	938.272013	4.431245744	99998.6728	0	0
neutron	939.56536	3.582345831	99998.6728	0	0
neutron	939.56536	2.289619955	99998.6728	0	0
neutron	939.56536	1.650974645	99998.6728	0	0
Si30	27913.24182	0.9694182404	99998.6728	0	0
neutron	939.56536	6.938923878	99998.68823	0	0
Ne22	20479.73746	0.1603151878	99998.68823	0	0
S35	32565.27968	0.1471455171	99998.78451	0	0
neutron	939.56536	0.1833601038	99998.69755	0	0
S34	31632.70018	0.1952496668	99998.69755	0	0
neutron	939.56536	0.3595528498	99998.68944	0	0
Ne22	20479.73746	0.2093984146	99998.68944	0	0
S37	34430.21755	0.1335597869	99998.65872	0	0
neutron	939.56536	1.414341012	99998.75403	0	0
S34	31632.70018	0.2162267214	99998.75403	0	0
neutron	939.56536	1.214314434	99998.68993	0	0
neutron	939.56536	0.8591489243	99998.68993	0	0
S33	30704.55199	0.05872272844	99998.68993	0	0
neutron	939.56536	0.3010701393	99998.69618	0	0
Ne22	20479.73746	0.273078035	99998.69618	0	0
neutron	939.56536	8.114375419	99998.71441	0	0
neutron	939.56536	2.39680174	99998.71441	0	0
Ne21	19550.53637	0.3136265918	99998.71441	0	0
neutron	939.56536	4.466719373	99998.68371	0	0
neutron	939.56536	1.725816768	99998.68371	0	0
S33	30704.55199	0.1869669804	99998.68371	0	0
neutron	939.56536	0.328633531	99998.80148	0	0
S34	31632.70018	0.1632632986	99998.80148	0	0
neutron	939.56536	1.646585661	99998.7702	0	0
Ne22	20479.73746	0.3584422225	99998.7702	0	0
neutron	939.56536	0.2025868542	99998.66341	0	0
S34	31632.70018	0.1695102334	99998.66341	0	0
proton	938.272013	18.86128627	99998.74344	0	0
neutron	939.56536	1.284220625	99998.74344	0	0
F21	19556.73074	1.51871711	99998.74344	0	0
S35	32565.27968	0.1669063725	99998.69527	0	0
neutron	939.56536	1.768194861	99998.79054	0	0
S34	31632.70018	0.02348822049	99998.79054	0	0
S35	32565.27968	0.1601878272	99998.72239	0	0
neutron	939.56536	50.2095643	99998.78759	0	0
neutron	939.56536	0.9282193086	99998.78759	0	0
alpha	3727.379	6.860607804	99998.78759	0	0
O17	15830.5038	6.874582501	99998.78759	0	0
neutron	939.56536	13.08815594	99998.80077	0	0
neutron	939.56536	4.980521193	99998.80077	0	0
neutron	939.56536	2.643116627	99998.80077	0	0
S32	29773.62828	1.185355313	99998.80077	0	0
neutron	939.56536	5.736622856	99998.83976	0	0
neutron	939.56536	2.451943795	99998.83976	0	0
neutron	939.56536	1.595897667	99998.83976	0	0
neutron	939.56536	0.5015067004	99998.83976	0	0
S33	30704.55199	0.362872744	99998.83976	0	0
neutron	939.56536	24.43815456	99999.10021	0	0
proton	938.272013	6.152490732	99999.10021	0	0
F21	19556.73074	0.6954682692	99999.10021	0	0
neutron	939.56536	1.159005158	99998.74856	0	0
S36	33494.9558	0.09952219458	99998.74856	0	0
S35	32565.27968	0.160878421	99998.75821	0	0
neutron	939.56536	0.3795508943	99998.766	0	0
S34	31632.70018	0.1980486065	99998.766	0	0
S35	32565.27968	0.150608699	99998.78362	0	0
neutron	939.56536	4.993288045	99998.74734	0	0
neutron	939.56536	1.82851	99998.74734	0	0
neutron	939.56536	1.534300463	99998.74734	0	0
neutron	939.56536	1.047153416	99998.74734	0	0
neutron	939.56536	0.6019759878	99998.74734	0	0
S32	29773.62828	0.3327613606	99998.74734	0	0
S35	32565.27968	0.1482433219	99998.81595	0	0
Ne23	21414.10216	0.2210888576	99998.84597	0	0
neutron	939.56536	0.2820599228	99998.74541	0	0
S34	31632.70018	0.1746891427	99998.74541	0	0
neutron	939.56536	0.5202999017	99998.75547	0	0
Ne22	20479.73746	0.2234751161	99998.75547	0	0
neutron	939.56536	1.91204206	99998.77384	0	0
S34	31632.70018	0.1605495771	99998.77384	0	0
neutron	939.56536	0.5847213374	99998.74179	0	0
S34	31632.70018	0.06591180188	99998.74179	0	0
proton	938.272013	21.1210357	99998.73551	0	0
proton	938.272013	10.48675912	99998.73551	0	0
neutron	939.56536	2.542359586	99998.73551	0	0
neutron	939.56536	1.066677245	99998.73551	0	0
neutron	939.56536	0.563479317	99998.73551	0	0
Si30	27913.24182	1.685419428	99998.73551	0	0
neutron	939.56536	28.32310729	99998.80394	0	0
neutron	939.56536	25.25705061	99998.80394	0	0
neutron	939.56536	2.934142683	99998.80394	0	0
S34	31632.70018	0.6962654212	99998.80394	0	0
neutron	939.56536	0.5644865574	99998.7132	0	0
S34	31632.70018	0.223690792	99998.7132	0	0
neutron	939.56536	2.246420813	99998.70184	0	0
neutron	939.56536	1.088355409	99998.70184	0	0
neutron	939.56536	0.5281311377	99998.70184	0	0
S32	29773.62828	0.3729014573	99998.70184	0	0
S35	32565.27968	0.1470624357	99998.77746	0	0
proton	938.272013	19.41907723	99998.75358	0	0
neutron	939.56536	12.33618559	99998.75358	0	0
neutron	939.56536	3.6424479	99998.75358	0	0
neutron	939.56536	3.456193828	99998.75358	0	0
neutron	939.56536	1.634652733	99998.75358	0	0
P32	29775.84838	0.2012881775	99998.75358	0	0
neutron	939.56536	29.93653333	99998.76014	0	0
neutron	939.56536	4.366233761	99998.76014	0	0
neutron	939.56536	3.150401872	99998.76014	0	0
neutron	939.56536	1.117156683	99998.76014	0	0
S33	30704.55199	0.5292008393	99998.76014	0	0
neutron	939.56536	1.164321187	99998.67788	0	0
S34	31632.70018	0.053218931	99998.67788	0	0
neutron	939.56536	21.54885879	99998.72685	0	0
neutron	939.56536	12.57230594	99998.72685	0	0
neutron	939.56536	3.205108514	99998.72685	0	0
proton	938.272013	1.77440907	99998.72685	0	0
F19	17692.30285	0.4855882341	99998.72685	0	0
neutron	939.56536	7.239432923	99998.75699	0	0
neutron	939.56536	6.444723513	99998.75699	0	0
neutron	939.56536	6.066017553	99998.75699	0	0
alpha	3727.379	7.794476564	99998.75699	0	0
O16	14895.08153	2.024731134	99998.75699	0	0
proton	938.272013	9.740854586	99998.76613	0	0
neutron	939.56536	8.144535353	99998.76613	0	0
proton	938.272013	5.96252668	99998.76613	0	0
neutron	939.56536	5.658034594	99998.76613	0	0
neutron	939.56536	1.886840947	99998.76613	0	0
neutron	939.56536	1.123833094	99998.76613	0	0
neutron	939.56536	0.07387284599	99998.76613	0	0
Si28	26053.19393	0.02811569944	99998.76613	0	0
neutron	939.56536	1.019829813	99998.85432	0	0
neutron	939.56536	0.9737070309	99998.85432	0	0
S33	30704.55199	0.1072328601	99998.85432	0	0
Ne23	21414.10216	0.2240486874	99998.68063	0	0
Ne23	21414.10216	0.2322235186	99998.79592	0	0
S35	32565.27968	0.1478905607	99998.70684	0	0
neutron	939.56536	4.405052857	99998.72948	0	0
neutron	939.56536	0.7466030335	99998.72948	0	0
alpha	3727.379	12.42244537	99998.72948	0	0
Si29	26984.28567	2.12893328	99998.72948	0	0
Ne23	21414.10216	0.2058739002	99998.75803	0	0
S35	32565.27968	0.1410424114	99998.75766	0	0
neutron	939.56536	16.94417767	99998.75206	0	0
neutron	939.56536	7.218965754	99998.75206	0	0
proton	938.272013	3.412490824	99998.75206	0	0
neutron	939.56536	2.357954453	99998.75206	0	0
alpha	3727.379	3.235972048	99998.75206	0	0
N15	13968.93638	2.037131816	99998.75206	0	0
neutron	939.56536	8.702836378	99998.78284	0	0
neutron	939.56536	1.78249413	99998.78284	0	0
neutron	939.56536	0.1242860799	99998.78284	0	0
Ne20	18617.73218	0.8583361714	99998.78284	0	0
neutron	939.56536	8.052472284	99998.73123	0	0
proton	938.272013	7.147095697	99998.73123	0	0
neutron	939.56536	1.317049733	99998.73123	0	0
P34	31638.59261	0.1232141483	99998.73123	0	0
neutron	939.56536	1.048968809	99998.77004	0	0
S34	31632.70018	0.07109137883	99998.77004	0	0
neutron	939.56536	4.372516728	99998.70831	0	0
neutron	939.56536	3.161260221	99998.70831	0	0
Ne21	19550.53637	0.5332221285	99998.70831	0	0
neutron	939.56536	0.9602999118	99998.74318	0	0
S34	31632.70018	0.1337044872	99998.74318	0	0
Ne23	21414.10216	0.233430314	99998.74468	0	0
neutron	939.56536	9.134593548	99998.74312	0	0
proton	938.272013	4.898820964	99998.74312	0	0
P33	30705.30994	0.07065535891	99998.74312	0	0
proton	938.272013	6.353946701	99998.71482	0	0
neutron	939.56536	5.587972931	99998.71482	0	0
neutron	939.56536	5.559040604	99998.71482	0	0
neutron	939.56536	4.163873769	99998.71482	0	0
F19	17692.30285	1.635138205	99998.71482	0	0
S35	32565.27968	0.1476616525	99998.79188	0	0
neutron	939.56536	2.317143122	99998.79173	0	0
neutron	939.56536	0.6809074512	99998.79173	0	0
S35	32565.27968	0.2539496251	99998.79173	0	0
neutron	939.56536	9.05808149	99998.69571	0	0
neutron	939.56536	4.450169404	99998.69571	0	0
neutron	939.56536	2.404101263	99998.69571	0	0
Ne20	18617.73218	0.4965052992	99998.69571	0	0
S35	32565.27968	0.1540657617	99998.85979	0	0
neutron	939.56536	10.17165888	99998.7752	0	0
neutron	939.56536	9.480670079	99998.7752	0	0
neutron	939.56536	0.3094956502	99998.7752	0	0
alpha	3727.379	8.80199954	99998.7752	0	0
Si28	26053.19393	0.7289380596	99998.7752	0	0
neutron	939.56536	2.016440147	99998.69522	0	0
S34	31632.70018	0.2038029059	99998.69522	0	0
neutron	939.56536	1.823588297	99998.68631	0	0
neutron	939.56536	1.513344884	99998.68631	0	0
S33	30704.55199	0.08915607506	99998.68631	0	0
S35	32565.27968	0.1427661589	99998.7408	0	0
neutron	939.56536	5.353031386	99998.75619	0	0
S34	31632.70018	0.3666502264	99998.75619	0	0
proton	938.272013	3.163697948	99998.73003	0	0
neutron	939.56536	1.304174593	99998.73003	0	0
neutron	939.56536	1.269511354	99998.73003	0	0
neutron	939.56536	1.030479207	99998.73003	0	0
F19	17692.30285	0.213551778	99998.73003	0	0
S35	32565.27968	0.1583857905	99998.73377	0	0
neutron	939.56536	1.570922644	99998.85919	0	0
S34	31632.70018	0.05816851061	99998.85919	0	0
neutron	939.56536	3.60132703	99998.72881	0	0
neutron	939.56536	0.4339753403	99998.72881	0	0
S35	32565.27968	0.08523052375	99998.72881	0	0
neutron	939.56536	0.576310796	99998.73823	0	0
S34	31632.70018	0.2133791015	99998.73823	0	0
Ne23	21414.10216	0.2328214724	99998.72142	0	0
neutron	939.56536	2.682385914	99998.66498	0	0
S34	31632.70018	0.2737443086	99998.66498	0	0
neutron	939.56536	7.715090752	99998.75875	0	0
proton	938.272013	2.787056727	99998.75875	0	0
P33	30705.30994	0.4640177768	99998.75875	0	0
neutron	939.56536	1.020976607	99998.84546	0	0
S34	31632.70018	0.1106953035	99998.84546	0	0
Ne23	21414.10216	0.2039506293	99998.78863	0	0
Ne23	21414.10216	0.228995865	99998.73613	0	0
neutron	939.56536	2.782087605	99998.78264	0	0
S34	31632.70018	0.2492289093	99998.78264	0	0
S35	32565.27968	0.145164107	99998.72312	0	0
neutron	939.56536	3.783592911	99998.76505	0	0
neutron	939.56536	2.23180097	99998.76505	0	0
neutron	939.56536	0.8082459541	99998.76505	0	0
Ne20	18617.73218	0.1232433925	99998.76505	0	0
Ne23	21414.10216	0.2288776966	99998.68759	0	0
neutron	939.56536	3.060773634	99998.77704	0	0
S36	33494.9558	0.03010112437	99998.77704	0	0
neutron	939.56536	24.23472269	99998.77342	0	0
proton	938.272013	4.677066565	99998.77342	0	0
neutron	939.56536	4.640951274	99998.77342	0	0
proton	938.272013	3.647232526	99998.77342	0	0
neutron	939.56536	1.274011598	99998.77342	0	0
Si30	27913.24182	0.6244314435	99998.77342	0	0
neutron	939.56536	3.75932254	99998.76966	0	0
S36	33494.9558	0.09333326602	99998.76966	0	0
neutron	939.56536	8.187705529	99998.87039	0	0
neutron	939.56536	3.696472269	99998.87039	0	0
S33	30704.55199	0.6668703289	99998.87039	0	0
S37	34430.21755	0.13617768	99998.74769	0	0
neutron	939.56536	3.06885897	99998.7991	0	0
Ne22	20479.73746	0.2936763621	99998.7991	0	0
proton	938.272013	35.19414335	99998.65891	0	0
proton	938.272013	3.667152101	99998.65891	0	0
neutron	939.56536	3.367231421	99998.65891	0	0
Si32	29776.58515	0.4017677564	99998.65891	0	0
neutron	939.56536	0.761100191	99998.75013	0	0
S34	31632.70018	0.2707290359	99998.75013	0	0
neutron	939.56536	1.260205666	99998.69555	0	0
Ne22	20479.73746	0.1327912818	99998.69555	0	0
neutron	939.56536	0.8260364325	99998.78961	0	0
Ne22	20479.73746	0.2165333317	99998.78961	0	0
neutron	939.56536	0.9665732777	99998.73944	0	0
Ne22	20479.73746	0.3304527741	99998.73944	0	0
neutron	939.56536	0.7656076785	99998.82761	0	0
S34	31632.70018	0.1271661275	99998.82761	0	0
neutron	939.56536	0.2453851701	99998.72015	0	0
Ne22	20479.73746	0.3195643761	99998.72015	0	0
neutron	939.56536	0.1683948701	99998.73808	0	0
S34	31632.70018	0.1653070519	99998.73808	0	0
Ne23	21414.10216	0.2165997986	99998.66258	0	0
proton	938.272013	13.35011791	99998.75258	0	0
neutron	939.56536	3.767132346	99998.75258	0	0
neutron	939.56536	2.410417561	99998.75258	0	0
P32	29775.84838	0.4500974104	99998.75258	0	0
proton	938.272013	20.15790465	99998.67189	0	0
neutron	939.56536	11.1424866	99998.67189	0	0
proton	938.272013	10.14732913	99998.67189	0	0
neutron	939.56536	4.049324154	99998.67189	0	0
neutron	939.56536	0.7879787253	99998.67189	0	0
Si30	27913.24182	0.9559781318	99998.67189	0	0
S35	32565.27968	0.1604636995	99998.75232	0	0
neutron	939.56536	3.438552898	99998.73342	0	0
neutron	939.56536	0.7019494584	99998.73342	0	0
Ne21	19550.53637	0.3457201341	99998.73342	0	0
neutron	939.56536	17.24893397	99998.7188	0	0
neutron	939.56536	2.205542733	99998.7188	0	0
S35	32565.27968	0.1436505234	99998.7188	0	0
neutron	939.56536	43.62155849	99998.70471	0	0
neutron	939.56536	1.938280444	99998.70471	0	0
Ne21	19550.53637	1.627193402	99998.70471	0	0
neutron	939.56536	14.79717659	99998.6775	0	0
proton	938.272013	4.864930607	99998.6775	0	0
neutron	939.56536	1.241312917	99998.6775	0	0
P32	29775.84838	0.3247215627	99998.6775	0	0
neutron	939.56536	3.333492494	99998.84393	0	0
neutron	939.56536	2.054182901	99998.84393	0	0
neutron	939.56536	1.85065657	99998.84393	0	0
alpha	3727.379	7.034012601	99998.84393	0	0
Si28	26053.19393	1.69226293	99998.84393	0	0
neutron	939.56536	0.4065461843	99998.70627	0	0
S34	31632.70018	0.1847884018	99998.70627	0	0
neutron	939.56536	8.094622697	99998.69578	0	0
neutron	939.56536	2.165968924	99998.69578	0	0
neutron	939.56536	0.6506654457	99998.69578	0	0
Ne20	18617.73218	0.1338778235	99998.69578	0	0
neutron	939.56536	1.554807699	99998.69157	0	0
neutron	939.56536	1.203734658	99998.69157	0	0
neutron	939.56536	0.6888048791	99998.69157	0	0
Ne20	18617.73218	0.1188977448	99998.69157	0	0
neutron	939.56536	0.7435899932	99998.75948	0	0
Ne22	20479.73746	0.3380231322	99998.75948	0	0
neutron	939.56536	0.7591304965	99998.71784	0	0
S34	31632.70018	0.05703565477	99998.71784	0	0
neutron	939.56536	2.37383843	99998.82062	0	0
neutron	939.56536	0.7259903196	99998.82062	0	0
S35	32565.27968	0.04224212468	99998.82062	0	0
neutron	939.56536	23.39983335	99998.69362	0	0
neutron	939.56536	4.863162121	99998.69362	0	0
neutron	939.56536	3.883940262	99998.69362	0	0
alpha	3727.379	5.106337359	99998.69362	0	0
O16	14895.08153	3.847186558	99998.69362	0	0
neutron	939.56536	0.9231705017	99998.68551	0	0
S34	31632.70018	0.2964173215	99998.68551	0	0
neutron	939.56536	1.113674284	99998.71688	0	0
S36	33494.9558	0.2253078319	99998.71688	0	0
proton	938.272013	45.66992466	99998.68134	0	0
neutron	939.56536	9.202977967	99998.68134	0	0
F21	19556.73074	2.379184908	99998.68134	0	0
neutron	939.56536	0.2138600484	99998.71734	0	0
Ne22	20479.73746	0.2792193742	99998.71734	0	0
neutron	939.56536	1.24139244	99998.75118	0	0
S34	31632.70018	0.02289115145	99998.75118	0	0
neutron	939.56536	1.054895685	99998.73975	0	0
Ne22	20479.73746	0.3534812615	99998.73975	0	0
neutron	939.56536	0.8027577839	99998.75159	0	0
S36	33494.9558	0.0495084564	99998.75159	0	0
Ne23	21414.10216	0.2284569782	99998.80793	0	0
neutron	939.56536	18.14120357	99998.67901	0	0
neutron	939.56536	11.5585536	99998.67901	0	0
neutron	939.56536	3.00794968	99998.67901	0	0
alpha	3727.379	3.718463489	99998.67901	0	0
alpha	3727.379	5.90903836	99998.67901	0	0
C12	11174.86339	9.156819242	99998.67901	0	0
Ne23	21414.10216	0.2165083521	99998.6697	0	0
neutron	939.56536	12.36749809	99998.75834	0	0
proton	938.272013	2.874309465	99998.75834	0	0
P33	30705.30994	0.9040646319	99998.75834	0	0
neutron	939.56536	0.3699950852	99998.77885	0	0
S34	31632.70018	0.2098302455	99998.77885	0	0
neutron	939.56536	42.91162002	99998.69936	0	0
neutron	939.56536	9.649261979	99998.69936	0	0
neutron	939.56536	0.4320846408	99998.69936	0	0
Ne20	18617.73218	1.836639853	99998.69936	0	0
S35	32565.27968	0.161786592	99998.79629	0	0
neutron	939.56536	2.579302973	99998.70051	0	0
neutron	939.56536	0.03988641335	99998.70051	0	0
deuteron	1875.613	2.33756267	99998.70051	0	0
F19	17692.30285	0.6511684842	99998.70051	0	0
proton	938.272013	11.5200693	99998.72135	0	0
proton	938.272013	4.216168277	99998.72135	0	0
neutron	939.56536	3.430736571	99998.72135	0	0
neutron	939.56536	2.19688023	99998.72135	0	0
neutron	939.56536	0.5427991597	99998.72135	0	0
Si30	27913.24182	0.1963562085	99998.72135	0	0
neutron	939.56536	2.225682743	99998.72858	0	0
S34	31632.70018	0.1143312877	99998.72858	0	0
neutron	939.56536	1.09961863	99998.73739	0	0
S34	31632.70018	0.2158143212	99998.73739	0	0
proton	938.272013	5.036493632	99998.87635	0	0
neutron	939.56536	1.889396773	99998.87635	0	0
alpha	3727.379	9.943557142	99998.87635	0	0
Al29	26988.4858	1.820325322	99998.87635	0	0
S35	32565.27968	0.1426201738	99998.7425	0	0
neutron	939.56536	0.1753885718	99998.67779	0	0
Ne22	20479.73746	0.1654431164	99998.67779	0	0
neutron	939.56536	0.5932845313	99998.74959	0	0
Ne22	20479.73746	0.1207753749	99998.74959	0	0
neutron	939.56536	23.39596065	99998.70713	0	0
proton	938.272013	4.281761291	99998.70713	0	0
neutron	939.56536	4.132152275	99998.70713	0	0
neutron	939.56536	3.297823407	99998.70713	0	0
neutron	939.56536	2.27528993	99998.70713	0	0
neutron	939.56536	0.5229618415	99998.70713	0	0
P31	28844.21869	2.778213652	99998.70713	0	0
S35	32565.27968	0.1548774862	99998.80787	0	0
neutron	939.56536	1.512205236	99998.69257	0	0
S34	31632.70018	0.2798103934	99998.69257	0	0
neutron	939.56536	6.588414249	99998.73427	0	0
alpha	3727.379	5.141126755	99998.73427	0	0
O18	16762.02378	1.4065706	99998.73427	0	0
neutron	939.56536	1.888531098	99998.64943	0	0
S34	31632.70018	0.07840461346	99998.64943	0	0
neutron	939.56536	8.017142652	99998.79664	0	0
neutron	939.56536	7.646779468	99998.79664	0	0
neutron	939.56536	5.446197425	99998.79664	0	0
neutron	939.56536	3.228344143	99998.79664	0	0
neutron	939.56536	1.95323712	99998.79664	0	0
alpha	3727.379	7.833547175	99998.79664	0	0
Si28	26053.19393	1.297256372	99998.79664	0	0
neutron	939.56536	0.3663823349	99998.6969	0	0
Ne22	20479.73746	0.2911675009	99998.6969	0	0
neutron	939.56536	2.535745308	99998.70601	0	0
S34	31632.70018	0.2609790201	99998.70601	0	0
neutron	939.56536	6.357642135	99998.81794	0	0
neutron	939.56536	2.932237333	99998.81794	0	0
neutron	939.56536	2.693400271	99998.81794	0	0
S32	29773.62828	0.2917168723	99998.81794	0	0
neutron	939.56536	1.424085536	99998.71201	0	0
S34	31632.70018	0.2986667569	99998.71201	0	0
neutron	939.56536	0.965881545	99998.77296	0	0
S34	31632.70018	0.08525603883	99998.77296	0	0
neutron	939.56536	0.8751007575	99998.72324	0	0
S34	31632.70018	0.05368636314	99998.72324	0	0
neutron	939.56536	33.48758448	99998.71112	0	0
neutron	939.56536	10.63544352	99998.71112	0	0
neutron	939.56536	1.202402387	99998.71112	0	0
neutron	939.56536	0.8109269288	99998.71112	0	0
neutron	939.56536	0.5770937105	99998.71112	0	0
S32	29773.62828	1.001891896	99998.71112	0	0
Ne23	21414.10216	0.2304925628	99998.66477	0	0
neutron	939.56536	5.742719897	99998.72514	0	0
Ne22	20479.73746	0.4013300696	99998.72514	0	0
S35	32565.27968	0.1364112211	99998.71306	0	0
Ne23	21414.10216	0.2268060171	99998.69195	0	0
neutron	939.56536	1.949390794	99998.71776	0	0
Ne22	20479.73746	0.1741442266	99998.71776	0	0
Ne23	21414.10216	0.2184098355	99998.65894	0	0
neutron	939.56536	0.2014048443	99998.75741	0	0
Ne22	20479.73746	0.1675236134	99998.75741	0	0
neutron	939.56536	0.9230911131	99998.64717	0	0
S34	31632.70018	0.225012214	99998.64717	0	0
S37	34430.21755	0.1317147553	99998.79076	0	0
neutron	939.56536	0.4534520652	99998.81337	0	0
S34	31632.70018	0.1057348252	99998.81337	0	0
neutron	939.56536	0.1983201348	99998.83846	0	0
S34	31632.70018	0.1204844442	99998.83846	0	0
neutron	939.56536	0.6501946855	99998.74311	0	0
S34	31632.70018	0.1418995323	99998.74311	0	0
Ne23	21414.10216	0.2305508102	99998.7099	0	0
S35	32565.27968	0.1419208925	99998.80632	0	0
S35	32565.27968	0.1580757636	99998.7117	0	0
S35	32565.27968	0.154203627	99998.73493	0	0
neutron	939.56536	0.5270744316	99998.69249	0	0
S34	31632.70018	0.1295368338	99998.69249	0	0
neutron	939.56536	0.5903556214	99998.6193	0	0
S34	31632.70018	0.2456124506	99998.6193	0	0
neutron	939.56536	5.912083294	99998.84224	0	0
neutron	939.56536	3.06124031	99998.84224	0	0
neutron	939.56536	2.8642013	99998.84224	0	0
neutron	939.56536	0.09152579545	99998.84224	0	0
S33	30704.55199	0.4420768181	99998.84224	0	0
S35	32565.27968	0.1598424809	99998.80242	0	0
proton	938.272013	21.5323067	99998.68824	0	0
neutron	939.56536	0.2270522265	99998.68824	0	0
F21	19556.73074	1.469114626	99998.68824	0	0
neutron	939.56536	6.862870694	99998.74473	0	0
neutron	939.56536	3.8276943	99998.74473	0	0
neutron	939.56536	2.969703834	99998.74473	0	0
S32	29773.62828	0.444556005	99998.74473	0	0
S35	32565.27968	0.1399697103	99998.71469	0	0
neutron	939.56536	2.555715246	99998.80707	0	0
neutron	939.56536	1.379240862	99998.80707	0	0
S33	30704.55199	0.06784854071	99998.80707	0	0
neutron	939.56536	4.460420415	99998.74529	0	0
neutron	939.56536	2.4739088	99998.74529	0	0
neutron	939.56536	0.6105739619	99998.74529	0	0
alpha	3727.379	3.570614728	99998.74529	0	0
O16	14895.08153	2.048424398	99998.74529	0	0
neutron	939.56536	16.3542885	99998.84058	0	0
proton	938.272013	3.76831311	99998.84058	0	0
neutron	939.56536	1.672086639	99998.84058	0	0
neutron	939.56536	1.072837298	99998.84058	0	0
triton	2808.921	3.730370719	99998.84058	0	0
Si30	27913.24182	1.093888456	99998.84058	0	0
Ne23	21414.10216	0.2346351191	99998.69139	0	0
Ne23	21414.10216	0.2292789132	99998.72843	0	0
neutron	939.56536	1.27847229	99998.75313	0	0
S36	33494.9558	0.1566024271	99998.75313	0	0
neutron	939.56536	0.1284148468	99998.77352	0	0
Ne22	20479.73746	0.2305439513	99998.77352	0	0
Ne23	21414.10216	0.2160075312	99998.79773	0	0
neutron	939.56536	16.59748036	99998.71813	0	0
neutron	939.56536	7.365909977	99998.71813	0	0
neutron	939.56536	6.801422853	99998.71813	0	0
alpha	3727.379	4.538788684	99998.71813	0	0
O16	14895.08153	3.399894231	99998.71813	0	0
Ne23	21414.10216	0.2322475905	99998.71323	0	0
S35	32565.27968	0.1586374438	99998.81479	0	0
neutron	939.56536	6.27903487	99998.79419	0	0
neutron	939.56536	1.485193694	99998.79419	0	0
neutron	939.56536	0.3384340068	99998.79419	0	0
S32	29773.62828	0.4000593755	99998.79419	0	0
neutron	939.56536	22.45374641	99998.72088	0	0
neutron	939.56536	0.08300734047	99998.72088	0	0
Ne21	19550.53637	0.898768862	99998.72088	0	0
neutron	939.56536	22.0532459	99998.71308	0	0
neutron	939.56536	0.7632673531	99998.71308	0	0
S35	32565.27968	0.2727808623	99998.71308	0	0
neutron	939.56536	0.7254664873	99998.74468	0	0
S34	31632.70018	0.05912240716	99998.74468	0	0
neutron	939.56536	27.1289316	99998.70027	0	0
neutron	939.56536	4.23544005	99998.70027	0	0
neutron	939.56536	2.259180211	99998.70027	0	0
alpha	3727.379	9.94266323	99998.70027	0	0
O16	14895.08153	0.219533677	99998.70027	0	0
neutron	939.56536	1.962132543	99998.69782	0	0
S34	31632.70018	0.2872298241	99998.69782	0	0
neutron	939.56536	0.272017337	99998.77174	0	0
Ne22	20479.73746	0.1970170612	99998.77174	0	0
proton	938.272013	5.291760934	99998.7228	0	0
neutron	939.56536	3.684310927	99998.7228	0	0
neutron	939.56536	0.7711526033	99998.7228	0	0
P32	29775.84838	0.1009985742	99998.7228	0	0
neutron	939.56536	0.65180808	99998.77898	0	0
S34	31632.70018	0.204189107	99998.77898	0	0
Ne23	21414.10216	0.2225752032	99998.71533	0	0
neutron	939.56536	1.081333618	99998.67389	0	0
Ne22	20479.73746	0.3622426714	99998.67389	0	0
neutron	939.56536	0.2638003488	99998.7174	0	0
S36	33494.9558	0.1141720922	99998.7174	0	0
neutron	939.56536	0.3888762623	99998.83285	0	0
Ne22	20479.73746	0.1222149353	99998.83285	0	0
neutron	939.56536	0.02299628833	99998.77757	0	0
S34	31632.70018	0.1385470252	99998.77757	0	0
Ne23	21414.10216	0.2161542928	99998.64024	0	0
neutron	939.56536	10.99821201	99998.75259	0	0
proton	938.272013	5.736505413	99998.75259	0	0
proton	938.272013	5.460090715	99998.75259	0	0
neutron	939.56536	1.337633795	99998.75259	0	0
deuteron	1875.613	10.20780425	99998.75259	0	0
Al29	26988.4858	0.3270292794	99998.75259	0	0
S37	34430.21755	0.1423552169	99998.76092	0	0
proton	938.272013	30.94662422	99998.70506	0	0
neutron	939.56536	4.759057659	99998.70506	0	0
neutron	939.56536	3.202290696	99998.70506	0	0
P32	29775.84838	1.617786698	99998.70506	0	0
S35	32565.27968	0.1552196693	99998.66185	0	0
neutron	939.56536	20.06043811	99998.71982	0	0
neutron	939.56536	3.603916871	99998.71982	0	0
neutron	939.56536	2.029921012	99998.71982	0	0
alpha	3727.379	6.070387514	99998.71982	0	0
O16	14895.08153	2.02845136	99998.71982	0	0
neutron	939.56536	2.809048206	99998.69364	0	0
S34	31632.70018	0.09542918826	99998.69364	0	0
neutron	939.56536	6.019119868	99998.70084	0	0
neutron	939.56536	4.810423949	99998.70084	0	0
neutron	939.56536	4.645507973	99998.70084	0	0
proton	938.272013	4.135380002	99998.70084	0	0
proton	938.272013	3.207965889	99998.70084	0	0
neutron	939.56536	2.131271037	99998.70084	0	0
Si29	26984.28567	1.469026439	99998.70084	0	0
neutron	939.56536	0.8502578305	99998.73822	0	0
S36	33494.9558	0.08811597468	99998.73822	0	0
neutron	939.56536	0.1894129249	99998.80239	0	0
S34	31632.70018	0.1030220288	99998.80239	0	0
neutron	939.56536	6.400886401	99998.79089	0	0
neutron	939.56536	4.972292554	99998.79089	0	0
neutron	939.56536	4.766426379	99998.79089	0	0
alpha	3727.379	5.376774777	99998.79089	0	0
O16	14895.08153	0.7374138678	99998.79089	0	0
neutron	939.56536	1.929245128	99998.75178	0	0
neutron	939.56536	1.074417032	99998.75178	0	0
S35	32565.27968	0.2015487599	99998.75178	0	0
Ne23	21414.10216	0.2052248593	99998.68513	0	0
neutron	939.56536	1.479911842	99998.76031	0	0
S34	31632.70018	0.3173504955	99998.76031	0	0
S35	32565.27968	0.1561813697	99998.72542	0	0
Ne23	21414.10216	0.214038255	99998.7126	0	0
neutron	939.56536	14.34461877	99998.78834	0	0
neutron	939.56536	3.272781554	99998.78834	0	0
neutron	939.56536	1.654463199	99998.78834	0	0
alpha	3727.379	5.889161105	99998.78834	0	0
Si28	26053.19393	1.055129493	99998.78834	0	0
neutron	939.56536	7.658496561	99998.72891	0	0
neutron	939.56536	0.1817424506	99998.72891	0	0
S35	32565.27968	0.1526390298	99998.72891	0	0
neutron	939.56536	0.2066757602	99998.71786	0	0
Ne22	20479.73746	0.2128014052	99998.71786	0	0
neutron	939.56536	14.96314379	99998.72064	0	0
triton	2808.921	2.199451794	99998.72064	0	0
alpha	3727.379	8.063940258	99998.72064	0	0
N15	13968.93638	1.76365508	99998.72064	0	0
neutron	939.56536	0.9114535733	99998.60114	0	0
Ne22	20479.73746	0.2399604022	99998.60114	0	0
neutron	939.56536	2.224673303	99998.72096	0	0
neutron	939.56536	2.107565032	99998.72096	0	0
neutron	939.56536	0.04678763732	99998.72096	0	0
alpha	3727.379	4.935057244	99998.72096	0	0
O16	14895.08153	1.15708454	99998.72096	0	0
S37	34430.21755	0.1401702426	99998.86599	0	0
neutron	939.56536	7.425627827	99998.78632	0	0
neutron	939.56536	5.291374073	99998.78632	0	0
neutron	939.56536	4.105777089	99998.78632	0	0
proton	938.272013	3.90476249	99998.78632	0	0
proton	938.272013	2.684180326	99998.78632	0	0
neutron	939.56536	0.5998730413	99998.78632	0	0
Si29	26984.28567	0.1090778508	99998.78632	0	0
S35	32565.27968	0.1355599872	99998.79667	0	0
neutron	939.56536	1.391996836	99998.81534	0	0
neutron	939.56536	1.351903276	99998.81534	0	0
Ne21	19550.53637	0.2820868095	99998.81534	0	0
neutron	939.56536	1.625212665	99998.69012	0	0
S34	31632.70018	0.08633241561	99998.69012	0	0
Ne23	21414.10216	0.2305817638	99998.73176	0	0
neutron	939.56536	1.290127925	99998.93703	0	0
S36	33494.9558	0.05162170248	99998.93703	0	0
S35	32565.27968	0.1481450031	99998.81592	0	0
neutron	939.56536	4.079657103	99998.75237	0	0
Ne22	20479.73746	0.3027461471	99998.75237	0	0
Ne23	21414.10216	0.2056782656	99998.7065	0	0
neutron	939.56536	0.6835199983	99998.71272	0	0
S34	31632.70018	0.08205631424	99998.71272	0	0
neutron	939.56536	1.31870422	99998.6973	0	0
Ne22	20479.73746	0.386968438	99998.6973	0	0
Ne23	21414.10216	0.2352568577	99998.77551	0	0
neutron	939.56536	1.234619723	99998.74619	0	0
S34	31632.70018	0.2240445397	99998.74619	0	0
Ne23	21414.10216	0.2069210591	99998.71435	0	0
neutron	939.56536	2.839360382	99998.71559	0	0
neutron	939.56536	2.755158795	99998.71559	0	0
Ne21	19550.53637	0.2697461293	99998.71559	0	0
Ne23	21414.10216	0.2331413878	99998.7941	0	0
neutron	939.56536	46.99393113	99998.7075	0	0
neutron	939.56536	11.66414222	99998.7075	0	0
neutron	939.56536	0.9873519121	99998.7075	0	0
S32	29773.62828	0.2765161307	99998.7075	0	0
neutron	939.56536	37.60178408	99998.75301	0	0
neutron	939.56536	2.447715628	99998.75301	0	0
neutron	939.56536	0.6133033162	99998.75301	0	0
S32	29773.62828	1.737889253	99998.75301	0	0
S35	32565.27968	0.1630913653	99998.79008	0	0
S35	32565.27968	0.1460694398	99998.80129	0	0
neutron	939.56536	5.679351523	99998.69379	0	0
neutron	939.56536	1.130865008	99998.69379	0	0
neutron	939.56536	0.6329963723	99998.69379	0	0
alpha	3727.379	12.88665534	99998.69379	0	0
Si28	26053.19393	0.8891197278	99998.69379	0	0
S37	34430.21755	0.1309034075	99998.76381	0	0
S35	32565.27968	0.158722631	99998.77281	0	0
neutron	939.56536	38.9805932	99998.74376	0	0
neutron	939.56536	9.975949599	99998.74376	0	0
neutron	939.56536	1.209702281	99998.74376	0	0
alpha	3727.379	8.5116616	99998.74376	0	0
O16	14895.08153	1.123775031	99998.74376	0	0
neutron	939.56536	5.694682737	99998.76883	0	0
neutron	939.56536	0.4525719544	99998.76883	0	0
S35	32565.27968	0.01635045332	99998.76883	0	0
neutron	939.56536	6.604280135	99998.75319	0	0
neutron	939.56536	2.186673395	99998.75319	0	0
neutron	939.56536	1.403615932	99998.75319	0	0
Ne20	18617.73218	0.6282297424	99998.75319	0	0
S37	34430.21755	0.1343140416	99998.79715	0	0
neutron	939.56536	5.106929996	99998.72033	0	0
S36	33494.9558	0.107665465	99998.72033	0	0
S35	32565.27968	0.1550979397	99998.93827	0	0
neutron	939.56536	0.8244084199	99998.66781	0	0
S34	31632.70018	0.08907937757	99998.66781	0	0
neutron	939.56536	0.6172083024	99998.76734	0	0
S34	31632.70018	0.1466841275	99998.76734	0	0
neutron	939.56536	4.200005558	99998.80804	0	0
neutron	939.56536	0.490972666	99998.80804	0	0
alpha	3727.379	7.616689572	99998.80804	0	0
Si29	26984.28567	0.7309005815	99998.80804	0	0
neutron	939.56536	4.811365566	99998.72324	0	0
proton	938.272013	4.107287263	99998.72324	0	0
neutron	939.56536	3.879421667	99998.72324	0	0
neutron	939.56536	2.575659905	99998.72324	0	0
P31	28844.21869	0.1319523117	99998.72324	0	0
Ne23	21414.10216	0.2314440231	99998.8376	0	0
neutron	939.56536	1.248112414	99998.75487	0	0
S34	31632.70018	0.1822139172	99998.75487	0	0
proton	938.272013	8.138166237	99998.65453	0	0
neutron	939.56536	4.626071439	99998.65453	0	0
neutron	939.56536	2.391608509	99998.65453	0	0
neutron	939.56536	0.2274499266	99998.65453	0	0
deuteron	1875.613	5.74012975	99998.65453	0	0
O17	15830.5038	0.3129036558	99998.65453	0	0
neutron	939.56536	0.6029582612	99998.747	0	0
S34	31632.70018	0.144581123	99998.747	0	0
neutron	939.56536	1.102313431	99998.71592	0	0
neutron	939.56536	0.306376249	99998.71592	0	0
S33	30704.55199	0.2074359319	99998.71592	0	0
neutron	939.56536	1.194367225	99998.69468	0	0
S36	33494.9558	0.08914778959	99998.69468	0	0
proton	938.272013	3.514936907	99998.70085	0	0
neutron	939.56536	3.01565767	99998.70085	0	0
P33	30705.30994	0.06666487296	99998.70085	0	0
neutron	939.56536	8.561851351	99998.76839	0	0
neutron	939.56536	6.835545831	99998.76839	0	0
proton	938.272013	3.879008502	99998.76839	0	0
neutron	939.56536	1.874178193	99998.76839	0	0
P31	28844.21869	0.2546674547	99998.76839	0	0
neutron	939.56536	0.4981079905	99998.75407	0	0
S34	31632.70018	0.1604610238	99998.75407	0	0
neutron	939.56536	8.405910877	99998.76682	0	0
neutron	939.56536	6.046871872	99998.76682	0	0
neutron	939.56536	3.451647383	99998.76682	0	0
alpha	3727.379	8.204634724	99998.76682	0	0
O16	14895.08153	2.118226991	99998.76682	0	0
neutron	939.56536	1.959203156	99998.70673	0	0
S34	31632.70018	0.139141013	99998.70673	0	0
neutron	939.56536	4.791116818	99998.72206	0	0
neutron	939.56536	3.58775759	99998.72206	0	0
S33	30704.55199	0.1704142169	99998.72206	0	0
Ne23	21414.10216	0.2348407943	99998.74821	0	0
neutron	939.56536	1.147241611	99998.71772	0	0
S34	31632.70018	0.2200521614	99998.71772	0	0
neutron	939.56536	3.846028134	99998.69516	0	0
neutron	939.56536	3.084394398	99998.69516	0	0
neutron	939.56536	0.6883730216	99998.69516	0	0
alpha	3727.379	6.819186759	99998.69516	0	0
O16	14895.08153	1.260851173	99998.69516	0	0
neutron	939.56536	2.847137845	99998.72982	0	0
S36	33494.9558	0.03116220753	99998.72982	0	0
neutron	939.56536	6.571378333	99998.78961	0	0
neutron	939.56536	2.544264194	99998.78961	0	0
neutron	939.56536	1.002553268	99998.78961	0	0
Ne20	18617.73218	0.9862132611	99998.78961	0	0
neutron	939.56536	1.466808294	99998.74669	0	0
neutron	939.56536	0.5328670353	99998.74669	0	0
neutron	939.56536	0.2718584853	99998.74669	0	0
S34	31632.70018	0.3585953049	99998.74669	0	0
neutron	939.56536	4.269751106	99998.90691	0	0
neutron	939.56536	1.748345524	99998.90691	0	0
S35	32565.27968	0.01323416233	99998.90691	0	0
neutron	939.56536	0.987268042	99998.76268	0	0
S34	31632.70018	0.2457029199	99998.76268	0	0
neutron	939.56536	4.963738155	99998.69626	0	0
neutron	939.56536	1.793700844	99998.69626	0	0
neutron	939.56536	1.341794916	99998.69626	0	0
S34	31632.70018	0.1155194146	99998.69626	0	0
neutron	939.56536	0.9705410633	99998.83942	0	0
S34	31632.70018	0.2500845908	99998.83942	0	0
neutron	939.56536	0.7464566578	99998.75383	0	0
S34	31632.70018	0.1799225492	99998.75383	0	0
proton	938.272013	9.231284434	99998.67336	0	0
neutron	939.56536	6.098088071	99998.67336	0	0
neutron	939.56536	3.786994384	99998.67336	0	0
P32	29775.84838	0.1033295304	99998.67336	0	0
neutron	939.56536	0.00708730145	99998.77377	0	0
S34	31632.70018	0.1478208727	99998.77377	0	0
S35	32565.27968	0.1592683001	99998.7419	0	0
S35	32565.27968	0.1374440141	99998.89866	0	0
Ne23	21414.10216	0.215520809	99998.74355	0	0
neutron	939.56536	1.817317058	99998.69102	0	0
S34	31632.70018	0.1575816566	99998.69102	0	0
S35	32565.27968	0.1654955891	99998.77812	0	0
neutron	939.56536	2.984940394	99998.7003	0	0
Ne22	20479.73746	0.04710198717	99998.7003	0	0
neutron	939.56536	18.14727481	99998.74552	0	0
neutron	939.56536	7.161550273	99998.74552	0	0
neutron	939.56536	3.719680423	99998.74552	0	0
proton	938.272013	3.21635335	99998.74552	0	0
F19	17692.30285	1.8644594	99998.74552	0	0
S37	34430.21755	0.1385736239	99998.76882	0	0
neutron	939.56536	2.962654506	99998.72392	0	0
neutron	939.56536	0.4637841049	99998.72392	0	0
S33	30704.55199	0.2131848222	99998.72392	0	0
S37	34430.21755	0.1436731111	99998.76552	0	0
neutron	939.56536	1.334884782	99998.74209	0	0
Ne22	20479.73746	0.4513003054	99998.74209	0	0
proton	938.272013	41.7425885	99998.80561	0	0
neutron	939.56536	0.8856479807	99998.80561	0	0
P33	30705.30994	1.358795249	99998.80561	0	0
Ne23	21414.10216	0.2222404444	99998.69699	0	0
neutron	939.56536	0.8113590372	99998.70702	0	0
Ne22	20479.73746	0.1699801052	99998.70702	0	0
neutron	939.56536	5.85396596	99998.70499	0	0
neutron	939.56536	0.8665194484	99998.70499	0	0
Ne21	19550.53637	0.02047167299	99998.70499	0	0
S35	32565.27968	0.1461201069	99998.74945	0	0
neutron	939.56536	2.198257118	99998.74557	0	0
S34	31632.70018	0.1687357108	99998.74557	0	0
neutron	939.56536	9.034148876	99998.71551	0	0
neutron	939.56536	1.209340384	99998.71551	0	0
neutron	939.56536	0.9440238693	99998.71551	0	0
alpha	3727.379	7.42259901	99998.71551	0	0
O16	14895.08153	3.237237875	99998.71551	0	0
proton	938.272013	5.504475387	99998.70401	0	0
neutron	939.56536	2.106872398	99998.70401	0	0
neutron	939.56536	1.646572859	99998.70401	0	0
P34	31638.59261	0.3292707998	99998.70401	0	0
neutron	939.56536	0.3415525325	99998.66335	0	0
S34	31632.70018	0.08818582627	99998.66335	0	0
neutron	939.56536	1.753631342	99998.7064	0	0
Ne22	20479.73746	0.3831818418	99998.7064	0	0
S35	32565.27968	0.1469779494	99998.72898	0	0
neutron	939.56536	20.52963014	99998.69611	0	0
neutron	939.56536	19.39574585	99998.69611	0	0
neutron	939.56536	3.31857517	99998.69611	0	0
alpha	3727.379	4.209207223	99998.69611	0	0
O16	14895.08153	1.581821215	99998.69611	0	0
Ne23	21414.10216	0.2258447648	99998.80434	0	0
neutron	939.56536	28.23706307	99998.74667	0	0
neutron	939.56536	2.759227935	99998.74667	0	0
neutron	939.56536	2.283196508	99998.74667	0	0
Ne20	18617.73218	0.995138322	99998.74667	0	0
neutron	939.56536	0.9596918663	99998.66241	0	0
S34	31632.70018	0.2201364627	99998.66241	0	0
Ne23	21414.10216	0.2248276572	99998.74636	0	0
neutron	939.56536	3.439399656	99998.73718	0	0
neutron	939.56536	1.012300063	99998.73718	0	0
neutron	939.56536	0.4516448289	99998.73718	0	0
S32	29773.62828	0.1199451759	99998.73718	0	0
Ne23	21414.10216	0.2226344027	99998.69023	0	0
neutron	939.56536	2.982522486	99998.8297	0	0
Ne22	20479.73746	0.1371203607	99998.8297	0	0
neutron	939.56536	3.690010648	99998.67388	0	0
neutron	939.56536	3.619811994	99998.67388	0	0
neutron	939.56536	2.880448971	99998.67388	0	0
alpha	3727.379	3.77197368	99998.67388	0	0
O16	14895.08153	1.934235145	99998.67388	0	0
neutron	939.56536	0.5518013771	99998.73324	0	0
Ne22	20479.73746	0.1369046073	99998.73324	0	0
Ne23	21414.10216	0.2344662438	99998.76219	0	0
neutron	939.56536	7.16097621	99998.69473	0	0
proton	938.272013	4.579940362	99998.69473	0	0
neutron	939.56536	2.769518786	99998.69473	0	0
neutron	939.56536	2.435852065	99998.69473	0	0
P31	28844.21869	0.7041451793	99998.69473	0	0
neutron	939.56536	41.68160845	99998.76482	0	0
proton	938.272013	10.8947661	99998.76482	0	0
F21	19556.73074	1.812909458	99998.76482	0	0
neutron	939.56536	21.2281028	99998.66698	0	0
neutron	939.56536	5.108123616	99998.66698	0	0
neutron	939.56536	4.476036544	99998.66698	0	0
S32	29773.62828	0.3396748469	99998.66698	0	0
S35	32565.27968	0.1561375902	99998.75889	0	0
proton	938.272013	15.31741095	99998.79907	0	0
neutron	939.56536	3.020255114	99998.79907	0	0
neutron	939.56536	2.817547993	99998.79907	0	0
neutron	939.56536	2.558900065	99998.79907	0	0
F19	17692.30285	0.5473691959	99998.79907	0	0
neutron	939.56536	5.832723397	99998.79115	0	0
neutron	939.56536	2.840212643	99998.79115	0	0
neutron	939.56536	1.501638823	99998.79115	0	0
S32	29773.62828	0.2760672779	99998.79115	0	0
neutron	939.56536	0.820594811	99998.78183	0	0
S34	31632.70018	0.09035129146	99998.78183	0	0
neutron	939.56536	0.7426766246	99998.72005	0	0
S34	31632.70018	0.09927695374	99998.72005	0	0
neutron	939.56536	1.030488185	99998.69301	0	0
S34	31632.70018	0.3073733615	99998.69301	0	0
neutron	939.56536	18.47559301	99998.74943	0	0
neutron	939.56536	12.01238239	99998.74943	0	0
proton	938.272013	7.074976381	99998.74943	0	0
neutron	939.56536	1.150922187	99998.74943	0	0
P31	28844.21869	0.428635962	99998.74943	0	0
neutron	939.56536	25.73952007	99998.72961	0	0
proton	938.272013	4.913187768	99998.72961	0	0
neutron	939.56536	2.717186625	99998.72961	0	0
neutron	939.56536	1.09782806	99998.72961	0	0
P33	30705.30994	2.478895774	99998.72961	0	0
S35	32565.27968	0.1587864495	99998.70246	0	0
neutron	939.56536	4.345268071	99998.67873	0	0
S34	31632.70018	0.1385242598	99998.67873	0	0
S35	32565.27968	0.1552496316	99998.80329	0	0
neutron	939.56536	0.9671211509	99998.78962	0	0
Ne22	20479.73746	0.07428231162	99998.78962	0	0
neutron	939.56536	1.833224618	99998.8259	0	0
Ne22	20479.73746	0.1342269898	99998.8259	0	0
neutron	939.56536	3.947812392	99998.79349	0	0
neutron	939.56536	1.203485081	99998.79349	0	0
Ne21	19550.53637	0.04149559095	99998.79349	0	0
neutron	939.56536	5.081964459	99998.712	0	0
neutron	939.56536	0.6872843567	99998.712	0	0
S33	30704.55199	0.2754671016	99998.712	0	0
neutron	939.56536	3.497787336	99998.76174	0	0
neutron	939.56536	1.088243834	99998.76174	0	0
neutron	939.56536	0.6052273121	99998.76174	0	0
S34	31632.70018	0.151870399	99998.76174	0	0
S35	32565.27968	0.1617007407	99998.70038	0	0
neutron	939.56536	1.038001183	99998.70806	0	0
Ne22	20479.73746	0.4286414332	99998.70806	0	0
neutron	939.56536	1.885896955	99998.71236	0	0
S34	31632.70018	0.2140363384	99998.71236	0	0
neutron	939.56536	1.203062599	99998.71905	0	0
S34	31632.70018	0.2690867507	99998.71905	0	0
neutron	939.56536	12.63870859	99998.79325	0	0
neutron	939.56536	1.006905665	99998.79325	0	0
neutron	939.56536	0.3593448135	99998.79325	0	0
S32	29773.62828	0.6010415907	99998.79325	0	0
neutron	939.56536	0.637776527	99998.728	0	0
S36	33494.9558	0.0799681999	99998.728	0	0
neutron	939.56536	0.2478217807	99998.64756	0	0
S34	31632.70018	0.1528835722	99998.64756	0	0
neutron	939.56536	0.6824998595	99998.71867	0	0
S34	31632.70018	0.2184498272	99998.71867	0	0
neutron	939.56536	4.243162788	99998.70395	0	0
neutron	939.56536	2.658946746	99998.70395	0	0
neutron	939.56536	2.024684149	99998.70395	0	0
alpha	3727.379	12.27087393	99998.70395	0	0
Si30	27913.24182	1.972556319	99998.70395	0	0
neutron	939.56536	6.114060927	99998.77425	0	0
proton	938.272013	4.336734033	99998.77425	0	0
neutron	939.56536	1.74854027	99998.77425	0	0
neutron	939.56536	0.3320077363	99998.77425	0	0
P31	28844.21869	0.7408707255	99998.77425	0	0
proton	938.272013	37.44619065	99998.75929	0	0
neutron	939.56536	7.41546619	99998.75929	0	0
neutron	939.56536	4.784629127	99998.75929	0	0
proton	938.272013	2.435170845	99998.75929	0	0
Si31	28846.21977	0.4740484446	99998.75929	0	0
neutron	939.56536	0.6807308533	99998.69397	0	0
S34	31632.70018	0.1227833003	99998.69397	0	0
neutron	939.56536	0.8991816045	99998.77895	0	0
Ne22	20479.73746	0.2752577841	99998.77895	0	0
Ne23	21414.10216	0.2189382722	99998.73762	0	0
Ne23	21414.10216	0.2251863316	99998.68297	0	0
neutron	939.56536	0.7004007266	99998.72489	0	0
S36	33494.9558	0.140932236	99998.72489	0	0
S37	34430.21755	0.1443018036	99998.73491	0	0
neutron	939.56536	0.1407396834	99998.76278	0	0
S34	31632.70018	0.1323961234	99998.76278	0	0
proton	938.272013	15.5729133	99998.78764	0	0
neutron	939.56536	9.822390352	99998.78764	0	0
neutron	939.56536	1.773984296	99998.78764	0	0
F20	18625.26686	0.3724218569	99998.78764	0	0
neutron	939.56536	15.26682234	99998.66519	0	0
proton	938.272013	9.904522676	99998.66519	0	0
neutron	939.56536	0.8790395133	99998.66519	0	0
P32	29775.84838	1.269069111	99998.66519	0	0
S35	32565.27968	0.1639603996	99998.71655	0	0
neutron	939.56536	13.56865783	99998.71273	0	0
neutron	939.56536	5.960905212	99998.71273	0	0
neutron	939.56536	2.933157516	99998.71273	0	0
alpha	3727.379	7.942901387	99998.71273	0	0
O16	14895.08153	1.234618865	99998.71273	0	0
neutron	939.56536	11.57710382	99998.77083	0	0
neutron	939.56536	6.41289341	99998.77083	0	0
neutron	939.56536	4.368403142	99998.77083	0	0
alpha	3727.379	8.212837674	99998.77083	0	0
alpha	3727.379	7.810214049	99998.77083	0	0
C12	11174.86339	0.5722092352	99998.77083	0	0
neutron	939.56536	27.3254089	99998.79326	0	0
neutron	939.56536	0.8323885734	99998.79326	0	0
Ne21	19550.53637	1.012749588	99998.79326	0	0
Ne23	21414.10216	0.2348510674	99998.79692	0	0
neutron	939.56536	1.016228145	99998.7764	0	0
Ne22	20479.73746	0.4232643011	99998.7764	0	0
S35	32565.27968	0.1603439392	99998.76165	0	0
S37	34430.21755	0.1328682904	99998.74193	0	0
neutron	939.56536	1.197329858	99998.73454	0	0
S34	31632.70018	0.1971606367	99998.73454	0	0
neutron	939.56536	0.5084971259	99998.80114	0	0
S36	33494.9558	0.08409816228	99998.80114	0	0
S35	32565.27968	0.1495672762	99998.76221	0	0
neutron	939.56536	1.135707911	99998.69466	0	0
Ne22	20479.73746	0.1658695313	99998.69466	0	0
S35	32565.27968	0.1559509506	99998.68163	0	0
neutron	939.56536	11.38806306	99998.79833	0	0
neutron	939.56536	5.706387942	99998.79833	0	0
neutron	939.56536	3.670716198	99998.79833	0	0
Ne20	18617.73218	0.4210165206	99998.79833	0	0
neutron	939.56536	1.83532303	99998.80392	0	0
S34	31632.70018	0.2283374132	99998.80392	0	0
proton	938.272013	8.462561064	99998.73625	0	0
neutron	939.56536	3.106599289	99998.73625	0	0
neutron	939.56536	2.59441737	99998.73625	0	0
neutron	939.56536	2.288023089	99998.73625	0	0
P31	28844.21869	0.09410766437	99998.73625	0	0
S35	32565.27968	0.1525558161	99998.77844	0	0
S35	32565.27968	0.1403741904	99998.7341	0	0
S35	32565.27968	0.1566782169	99998.80789	0	0
S35	32565.27968	0.1602787152	99998.91904	0	0
Ne23	21414.10216	0.227441836	99998.74375	0	0
neutron	939.56536	4.305023768	99998.70105	0	0
Ne22	20479.73746	0.3236071524	99998.70105	0	0
neutron	939.56536	2.905493189	99998.66027	0	0
S34	31632.70018	0.3478903648	99998.66027	0	0
neutron	939.56536	2.760950599	99998.70252	0	0
Ne22	20479.73746	0.06594239841	99998.70252	0	0
neutron	939.56536	14.97320343	99998.74405	0	0
neutron	939.56536	4.967152821	99998.74405	0	0
neutron	939.56536	3.562874391	99998.74405	0	0
alpha	3727.379	7.934229132	99998.74405	0	0
O16	14895.08153	0.8980240046	99998.74405	0	0
neutron	939.56536	6.514521116	99998.75321	0	0
S36	33494.9558	0.1922534586	99998.75321	0	0
Ne23	21414.10216	0.2041887878	99998.74254	0	0
neutron	939.56536	4.798724688	99998.78216	0	0
neutron	939.56536	3.39211542	99998.78216	0	0
neutron	939.56536	1.370637523	99998.78216	0	0
S32	29773.62828	0.2698935999	99998.78216	0	0
neutron	939.56536	7.306084211	99998.74184	0	0
neutron	939.56536	4.048453983	99998.74184	0	0
neutron	939.56536	2.659109483	99998.74184	0	0
Ne20	18617.73218	0.5847359564	99998.74184	0	0
neutron	939.56536	3.89020507	99998.77032	0	0
neutron	939.56536	3.534202322	99998.77032	0	0
proton	938.272013	3.171575676	99998.77032	0	0
neutron	939.56536	2.082874296	99998.77032	0	0
P31	28844.21869	1.21942363	99998.77032	0	0
neutron	939.56536	1.408375282	99998.659	0	0
S34	31632.70018	0.09914369832	99998.659	0	0
S35	32565.27968	0.1524510119	99998.77751	0	0
neutron	939.56536	0.1104611369	99998.69571	0	0
Ne22	20479.73746	0.1844607245	99998.69571	0	0
Ne23	21414.10216	0.2318364218	99998.70985	0	0
neutron	939.56536	0.1227794189	99998.75039	0	0
S34	31632.70018	0.1201466798	99998.75039	0	0
neutron	939.56536	5.369737757	99998.77565	0	0
proton	938.272013	4.175191966	99998.77565	0	0
neutron	939.56536	0.8010055234	99998.77565	0	0
P32	29775.84838	0.7482719524	99998.77565	0	0
Ne23	21414.10216	0.211397957	99998.78101	0	0
neutron	939.56536	0.8901454002	99998.75038	0	0
S34	31632.70018	0.1737890248	99998.75038	0	0
S35	32565.27968	0.1556213401	99998.78347	0	0
neutron	939.56536	1.068167977	99998.78118	0	0
Ne22	20479.73746	0.419943944	99998.78118	0	0
Ne23	21414.10216	0.2295963896	99998.70659	0	0
S35	32565.27968	0.1536107873	99998.73846	0	0
S35	32565.27968	0.1591856353	99998.7475	0	0
neutron	939.56536	5.599319415	99998.71455	0	0
proton	938.272013	4.049425324	99998.71455	0	0
proton	938.272013	3.421325805	99998.71455	0	0
neutron	939.56536	1.700687471	99998.71455	0	0
Si31	28846.21977	0.9991983423	99998.71455	0	0
neutron	939.56536	20.89724435	99998.77624	0	0
proton	938.272013	3.169894191	99998.77624	0	0
proton	938.272013	2.686734812	99998.77624	0	0
Si32	29776.58515	0.6413297625	99998.77624	0	0
neutron	939.56536	0.2472292304	99998.7513	0	0
S36	33494.9558	0.1877154828	99998.7513	0	0
neutron	939.56536	22.30752488	99998.74417	0	0
neutron	939.56536	10.04092768	99998.74417	0	0
neutron	939.56536	4.555467299	99998.74417	0	0
alpha	3727.379	5.788675822	99998.74417	0	0
O16	14895.08153	0.9350405956	99998.74417	0	0
S37	34430.21755	0.1303795263	99998.69262	0	0
neutron	939.56536	5.828672445	99998.71293	0	0
proton	938.272013	5.388239696	99998.71293	0	0
neutron	939.56536	4.719398094	99998.71293	0	0
proton	938.272013	3.749077644	99998.71293	0	0
neutron	939.56536	2.997818073	99998.71293	0	0
Si30	27913.24182	1.033403284	99998.71293	0	0
neutron	939.56536	0.2151557654	99998.82239	0	0
Ne22	20479.73746	0.1337313637	99998.82239	0	0
neutron	939.56536	9.343375873	99998.73176	0	0
neutron	939.56536	6.346826308	99998.73176	0	0
neutron	939.56536	1.123847633	99998.73176	0	0
alpha	3727.379	4.883880265	99998.73176	0	0
O16	14895.08153	4.641947288	99998.73176	0	0
neutron	939.56536	1.523452841	99998.75705	0	0
S34	31632.70018	0.2415450345	99998.75705	0	0
neutron	939.56536	0.869023593	99998.7768	0	0
Ne22	20479.73746	0.1213328212	99998.7768	0	0
neutron	939.56536	1.802356557	99998.79103	0	0
neutron	939.56536	1.487222775	99998.79103	0	0
S35	32565.27968	0.2089686419	99998.79103	0	0
neutron	939.56536	1.543050418	99998.79085	0	0
S34	31632.70018	0.04374313209	99998.79085	0	0
neutron	939.56536	0.4709147677	99998.78181	0	0
S34	31632.70018	0.1238942247	99998.78181	0	0
S35	32565.27968	0.1471581803	99998.68706	0	0
neutron	939.56536	3.848588033	99998.74256	0	0
neutron	939.56536	2.761038892	99998.74256	0	0
neutron	939.56536	0.6465264327	99998.74256	0	0
S34	31632.70018	0.02798348632	99998.74256	0	0
neutron	939.56536	0.4688355894	99998.76658	0	0
S34	31632.70018	0.05632985326	99998.76658	0	0
proton	938.272013	4.382941547	99998.72573	0	0
P34	31638.59261	0.2166137776	99998.72573	0	0
S35	32565.27968	0.156456516	99998.76372	0	0
Ne23	21414.10216	0.1975782206	99998.78131	0	0
neutron	939.56536	4.684360974	99998.85843	0	0
neutron	939.56536	4.022272574	99998.85843	0	0
neutron	939.56536	2.098500929	99998.85843	0	0
S32	29773.62828	0.1372109539	99998.85843	0	0
S35	32565.27968	0.1463529014	99998.71523	0	0
neutron	939.56536	10.80692048	99998.70097	0	0
neutron	939.56536	1.936364255	99998.70097	0	0
S35	32565.27968	0.01739450103	99998.70097	0	0
proton	938.272013	3.808648382	99998.79637	0	0
neutron	939.56536	3.604341632	99998.79637	0	0
neutron	939.56536	0.03058397524	99998.79637	0	0
F20	18625.26686	0.8485407012	99998.79637	0	0
neutron	939.56536	3.178446161	99998.71738	0	0
neutron	939.56536	3.035314389	99998.71738	0	0
alpha	3727.379	11.04596797	99998.71738	0	0
Si29	26984.28567	1.593983117	99998.71738	0	0
neutron	939.56536	0.1050711881	99998.80248	0	0
Ne22	20479.73746	0.2908917707	99998.80248	0	0
neutron	939.56536	1.58623369	99998.69588	0	0
Ne22	20479.73746	0.1866344878	99998.69588	0	0
neutron	939.56536	31.98268003	99998.77503	0	0
neutron	939.56536	5.387894152	99998.77503	0	0
proton	938.272013	4.640600964	99998.77503	0	0
neutron	939.56536	2.583867884	99998.77503	0	0
P31	28844.21869	1.744860145	99998.77503	0	0
proton	938.272013	7.586516265	99998.69998	0	0
neutron	939.56536	4.01172731	99998.69998	0	0
neutron	939.56536	3.538805652	99998.69998	0	0
proton	938.272013	1.665306934	99998.69998	0	0
neutron	939.56536	0.3105281232	99998.69998	0	0
O18	16762.02378	0.8613080415	99998.69998	0	0
neutron	939.56536	0.7945606057	99998.79117	0	0
Ne22	20479.73746	0.2481648219	99998.79117	0	0
neutron	939.56536	17.78407262	99998.68131	0	0
neutron	939.56536	3.998583227	99998.68131	0	0
neutron	939.56536	2.892766196	99998.68131	0	0
alpha	3727.379	5.638202823	99998.68131	0	0
O16	14895.08153	2.09229009	99998.68131	0	0
neutron	939.56536	1.756547887	99998.75502	0	0
Ne22	20479.73746	0.2023020922	99998.75502	0	0
Ne23	21414.10216	0.2046653281	99998.79272	0	0
neutron	939.56536	6.028464126	99998.77393	0	0
neutron	939.56536	2.586383865	99998.77393	0	0
neutron	939.56536	0.1760223596	99998.77393	0	0
alpha	3727.379	6.837478103	99998.77393	0	0
O16	14895.08153	2.605528299	99998.77393	0	0
proton	938.272013	29.87007919	99998.63897	0	0
neutron	939.56536	15.82062313	99998.63897	0	0
F21	19556.73074	1.561799427	99998.63897	0	0
neutron	939.56536	2.431632329	99998.78778	0	0
S34	31632.70018	0.09292205032	99998.78778	0	0
S37	34430.21755	0.1387623085	99998.67997	0	0
neutron	939.56536	0.4049014148	99998.69418	0	0
S36	33494.9558	0.1329496246	99998.69418	0	0
neutron	939.56536	6.891816508	99998.6997	0	0
neutron	939.56536	2.376128135	99998.6997	0	0
neutron	939.56536	0.8932133278	99998.6997	0	0
S34	31632.70018	0.1346901776	99998.6997	0	0
neutron	939.56536	1.950696732	99998.79438	0	0
S34	31632.70018	0.1134268535	99998.79438	0	0
Ne23	21414.10216	0.224552876	99998.74932	0	0
neutron	939.56536	19.07667886	99998.82331	0	0
neutron	939.56536	8.978725406	99998.82331	0	0
neutron	939.56536	1.606644798	99998.82331	0	0
alpha	3727.379	7.057076645	99998.82331	0	0
alpha	3727.379	2.742603784	99998.82331	0	0
C12	11174.86339	3.064313479	99998.82331	0	0
neutron	939.56536	4.898123948	99998.72778	0	0
neutron	939.56536	4.636254484	99998.72778	0	0
proton	938.272013	4.119395468	99998.72778	0	0
neutron	939.56536	3.757942828	99998.72778	0	0
P31	28844.21869	0.2991267292	99998.72778	0	0
neutron	939.56536	38.71949665	99998.7073	0	0
neutron	939.56536	4.433512251	99998.7073	0	0
neutron	939.56536	0.9010617533	99998.7073	0	0
S34	31632.70018	1.961331494	99998.7073	0	0
neutron	939.56536	0.4979940805	99998.73633	0	0
Ne22	20479.73746	0.2367337996	99998.73633	0	0
neutron	939.56536	0.6059836972	99998.81651	0	0
Ne22	20479.73746	0.08799090835	99998.81651	0	0
Ne23	21414.10216	0.213932274	99998.69777	0	0
neutron	939.56536	0.1268673203	99998.69232	0	0
S34	31632.70018	0.1366786777	99998.69232	0	0
S35	32565.27968	0.1588254671	99998.64791	0	0
neutron	939.56536	1.32605613	99998.91823	0	0
S34	31632.70018	0.07201971332	99998.91823	0	0
proton	938.272013	9.457830298	99998.68658	0	0
neutron	939.56536	3.179649647	99998.68658	0	0
P33	30705.30994	0.3642835898	99998.68658	0	0
neutron	939.56536	0.4859205447	99998.75693	0	0
S34	31632.70018	0.1429298718	99998.75693	0	0
Ne23	21414.10216	0.2157715918	99998.76242	0	0
neutron	939.56536	12.22795281	99998.77495	0	0
neutron	939.56536	8.009652549	99998.77495	0	0
neutron	939.56536	0.4017062145	99998.77495	0	0
Ne20	18617.73218	1.644392301	99998.77495	0	0
proton	938.272013	30.98355168	99998.6864	0	0
neutron	939.56536	1.583766749	99998.6864	0	0
P33	30705.30994	1.294631215	99998.6864	0	0
neutron	939.56536	6.044411808	99998.80553	0	0
neutron	939.56536	3.919221017	99998.80553	0	0
neutron	939.56536	3.105961214	99998.80553	0	0
neutron	939.56536	0.1847982345	99998.80553	0	0
S33	30704.55199	0.1100522839	99998.80553	0	0
neutron	939.56536	11.92415303	99998.70979	0	0
neutron	939.56536	5.959058394	99998.70979	0	0
proton	938.272013	3.614172457	99998.70979	0	0
neutron	939.56536	2.715289934	99998.70979	0	0
neutron	939.56536	1.323435959	99998.70979	0	0
deuteron	1875.613	10.23564122	99998.70979	0	0
O16	14895.08153	0.1395396	99998.70979	0	0
S35	32565.27968	0.133677797	99998.68816	0	0
Ne23	21414.10216	0.2133786699	99998.72161	0	0
neutron	939.56536	3.006420734	99998.6627	0	0
S34	31632.70018	0.1109217961	99998.6627	0	0
neutron	939.56536	0.3213915808	99998.76259	0	0
S36	33494.9558	0.1801955369	99998.76259	0	0
neutron	939.56536	5.070861124	99998.7201	0	0
S34	31632.70018	0.5217793877	99998.7201	0	0
neutron	939.56536	2.379065122	99998.81271	0	0
neutron	939.56536	2.02345675	99998.81271	0	0
neutron	939.56536	0.9310885107	99998.81271	0	0
alpha	3727.379	8.682060813	99998.81271	0	0
Si30	27913.24182	0.9200135084	99998.81271	0	0
neutron	939.56536	1.737072189	99998.72754	0	0
S34	31632.70018	0.2156171221	99998.72754	0	0
S35	32565.27968	0.1515530713	99998.84778	0	0
neutron	939.56536	9.031414005	99998.79557	0	0
proton	938.272013	4.88328787	99998.79557	0	0
neutron	939.56536	4.429626337	99998.79557	0	0
proton	938.272013	3.928132113	99998.79557	0	0
neutron	939.56536	1.94824102	99998.79557	0	0
Si30	27913.24182	0.07992150976	99998.79557	0	0
neutron	939.56536	28.19719387	99998.80985	0	0
proton	938.272013	19.4664352	99998.80985	0	0
proton	938.272013	7.359411743	99998.80985	0	0
neutron	939.56536	0.9943966902	99998.80985	0	0
Si31	28846.21977	0.797979922	99998.80985	0	0
neutron	939.56536	0.2960807422	99998.82884	0	0
S34	31632.70018	0.1628022921	99998.82884	0	0
neutron	939.56536	1.4306562	99998.67304	0	0
Ne22	20479.73746	0.4424841246	99998.67304	0	0
neutron	939.56536	0.7953608602	99998.7417	0	0
S34	31632.70018	0.2254940662	99998.7417	0	0
S37	34430.21755	0.1401157676	99998.68323	0	0
Ne23	21414.10216	0.2332018212	99998.71752	0	0
neutron	939.56536	1.752329499	99998.78029	0	0
S34	31632.70018	0.3327254829	99998.78029	0	0
neutron	939.56536	0.3550492427	99998.71739	0	0
Ne22	20479.73746	0.2476279415	99998.71739	0	0
neutron	939.56536	2.269772241	99998.77363	0	0
neutron	939.56536	2.230911491	99998.77363	0	0
S33	30704.55199	0.1235277869	99998.77363	0	0
neutron	939.56536	1.191216446	99998.6983	0	0
Ne22	20479.73746	0.2449696281	99998.6983	0	0
Ne23	21414.10216	0.2155333381	99998.67876	0	0
neutron	939.56536	3.641015984	99998.72359	0	0
neutron	939.56536	0.9925992274	99998.72359	0	0
Ne21	19550.53637	0.01163170055	99998.72359	0	0
neutron	939.56536	0.2040382595	99998.74792	0	0
Ne22	20479.73746	0.2501860119	99998.74792	0	0
neutron	939.56536	2.368888793	99998.76592	0	0
neutron	939.56536	0.4662061772	99998.76592	0	0
S35	32565.27968	0.3605064093	99998.76592	0	0
S35	32565.27968	0.1598556579	99998.72137	0	0
Ne23	21414.10216	0.2218876158	99998.71734	0	0
neutron	939.56536	1.342456132	99998.83105	0	0
S34	31632.70018	0.1789023501	99998.83105	0	0
Ne23	21414.10216	0.2241065963	99998.80822	0	0
neutron	939.56536	12.10088293	99998.75844	0	0
neutron	939.56536	2.375300968	99998.75844	0	0
neutron	939.56536	1.881607435	99998.75844	0	0
Ne20	18617.73218	0.8587941677	99998.75844	0	0
neutron	939.56536	1.703955036	99998.77677	0	0
S34	31632.70018	0.1234495051	99998.77677	0	0
neutron	939.56536	0.5333736041	99998.86738	0	0
S34	31632.70018	0.2394440969	99998.86738	0	0
neutron	939.56536	42.15960448	99998.81187	0	0
neutron	939.56536	16.2873518	99998.81187	0	0
neutron	939.56536	0.445470032	99998.81187	0	0
Ne20	18617.73218	1.354430173	99998.81187	0	0
Ne23	21414.10216	0.2313866563	99998.71008	0	0
neutron	939.56536	7.166146932	99998.77228	0	0
neutron	939.56536	0.3636624722	99998.77228	0	0
S33	30704.55199	0.467121282	99998.77228	0	0
neutron	939.56536	8.325392978	99998.7575	0	0
proton	938.272013	8.057474139	99998.7575	0	0
proton	938.272013	8.007433125	99998.7575	0	0
neutron	939.56536	5.754353445	99998.7575	0	0
neutron	939.56536	4.998555624	99998.7575	0	0
neutron	939.56536	4.621688114	99998.7575	0	0
Si31	28846.21977	0.9866392569	99998.7575	0	0
neutron	939.56536	0.09686539466	99998.69409	0	0
Ne22	20479.73746	0.1727366453	99998.69409	0	0
neutron	939.56536	1.503033576	99998.72518	0	0
S34	31632.70018	0.2683256711	99998.72518	0	0
neutron	939.56536	25.73517685	99998.7573	0	0
proton	938.272013	16.46501472	99998.7573	0	0
neutron	939.56536	1.690541105	99998.7573	0	0
neutron	939.56536	0.3884306482	99998.7573	0	0
P31	28844.21869	0.2130903246	99998.7573	0	0
neutron	939.56536	1.966870569	99998.70608	0	0
neutron	939.56536	0.8282137515	99998.70608	0	0
S35	32565.27968	0.121645976	99998.70608	0	0
S35	32565.27968	0.1497139526	99998.74221	0	0
neutron	939.56536	2.418616398	99998.75503	0	0
S36	33494.9558	0.3609518392	99998.75503	0	0
neutron	939.56536	4.711697206	99998.66318	0	0
alpha	3727.379	12.01211897	99998.66318	0	0
Si30	27913.24182	1.583351715	99998.66318	0	0
neutron	939.56536	7.068974509	99998.70978	0	0
proton	938.272013	2.329928234	99998.70978	0	0
neutron	939.56536	1.985256086	99998.70978	0	0
neutron	939.56536	0.9780074401	99998.70978	0	0
P31	28844.21869	0.5405089333	99998.70978	0	0
Ne23	21414.10216	0.2228357006	99998.66528	0	0
neutron	939.56536	23.12017248	99998.76593	0	0
alpha	3727.379	4.132693337	99998.76593	0	0
O18	16762.02378	1.352599687	99998.76593	0	0
S35	32565.27968	0.1544612865	99998.78375	0	0
proton	938.272013	13.61171173	99998.73502	0	0
neutron	939.56536	7.909156238	99998.73502	0	0
neutron	939.56536	3.931797965	99998.73502	0	0
proton	938.272013	3.065658267	99998.73502	0	0
neutron	939.56536	0.5273118725	99998.73502	0	0
Si30	27913.24182	1.292557103	99998.73502	0	0
proton	938.272013	17.96679244	99998.72316	0	0
neutron	939.56536	8.707345959	99998.72316	0	0
P33	30705.30994	0.4994697335	99998.72316	0	0
neutron	939.56536	0.05190980038	99998.67303	0	0
S34	31632.70018	0.1766230136	99998.67303	0	0
neutron	939.56536	9.238878162	99998.68548	0	0
neutron	939.56536	8.028904942	99998.68548	0	0
S33	30704.55199	0.05026237581	99998.68548	0	0
neutron	939.56536	1.379685639	99998.7865	0	0
S34	31632.70018	0.06732338888	99998.7865	0	0
S35	32565.27968	0.1598822128	99998.74086	0	0
S35	32565.27968	0.1376479632	99998.77388	0	0
neutron	939.56536	2.081344949	99998.71873	0	0
neutron	939.56536	1.132414657	99998.71873	0	0
Ne21	19550.53637	0.3493507998	99998.71873	0	0
neutron	939.56536	9.541717084	99998.84162	0	0
proton	938.272013	5.451951502	99998.84162	0	0
neutron	939.56536	0.5450553133	99998.84162	0	0
neutron	939.56536	0.3134768726	99998.84162	0	0
P31	28844.21869	0.2842524071	99998.84162	0	0
Ne23	21414.10216	0.2198810577	99998.75571	0	0
neutron	939.56536	4.432589838	99998.80779	0	0
neutron	939.56536	4.423486722	99998.80779	0	0
neutron	939.56536	2.941151833	99998.80779	0	0
proton	938.272013	2.33770685	99998.80779	0	0
neutron	939.56536	1.684609434	99998.80779	0	0
P30	27916.96459	0.5200910707	99998.80779	0	0
neutron	939.56536	0.2017558331	99998.71458	0	0
Ne22	20479.73746	0.2604006398	99998.71458	0	0
S37	34430.21755	0.1381613221	99998.74951	0	0
neutron	939.56536	1.925205049	99998.73376	0	0
S34	31632.70018	0.03748371591	99998.73376	0	0
Ne23	21414.10216	0.2303769598	99998.72775	0	0
neutron	939.56536	0.1016321528	99998.75936	0	0
S36	33494.9558	0.1318568714	99998.75936	0	0
proton	938.272013	18.44422226	99998.71645	0	0
neutron	939.56536	0.8493808913	99998.71645	0	0
P33	30705.30994	0.5168874851	99998.71645	0	0
neutron	939.56536	7.008231483	99998.68011	0	0
alpha	3727.379	4.585499754	99998.68011	0	0
O18	16762.02378	1.567143826	99998.68011	0	0
S35	32565.27968	0.1554756101	99998.70293	0	0
S35	32565.27968	0.1418093606	99998.71954	0	0
neutron	939.56536	0.7327858919	99998.68898	0	0
Ne22	20479.73746	0.3094458792	99998.68898	0	0
S37	34430.21755	0.142899914	99998.73907	0	0
neutron	939.56536	20.79143	99998.66964	0	0
neutron	939.56536	0.4962533877	99998.66964	0	0
neutron	939.56536	0.4888712498	99998.66964	0	0
S34	31632.70018	0.5536741313	99998.66964	0	0
neutron	939.56536	0.07333165091	99998.92123	0	0
Ne22	20479.73746	0.2366700359	99998.92123	0	0
neutron	939.56536	1.194578037	99998.71841	0	0
S34	31632.70018	0.1737900544	99998.71841	0	0
proton	938.272013	29.41262012	99998.76004	0	0
neutron	939.56536	5.243927863	99998.76004	0	0
neutron	939.56536	3.742658847	99998.76004	0	0
neutron	939.56536	2.273118339	99998.76004	0	0
P33	30705.30994	0.1880653309	99998.76004	0	0
neutron	939.56536	0.2972930285	99998.77377	0	0
S36	33494.9558	0.1790253131	99998.77377	0	0
neutron	939.56536	8.980271524	99998.75741	0	0
neutron	939.56536	0.9238283454	99998.75741	0	0
alpha	3727.379	8.38853441	99998.75741	0	0
Si29	26984.28567	0.2926134942	99998.75741	0	0
Ne23	21414.10216	0.2291984608	99998.82202	0	0
neutron	939.56536	5.798522927	99998.67569	0	0
alpha	3727.379	8.206518295	99998.67569	0	0
Si30	27913.24182	1.327868837	99998.67569	0	0
S35	32565.27968	0.1581693645	99998.77577	0	0
neutron	939.56536	0.9951759849	99998.86433	0	0
Ne22	20479.73746	0.4050257893	99998.86433	0	0
neutron	939.56536	0.1500174022	99998.74791	0	0
Ne22	20479.73746	0.1822698922	99998.74791	0	0
neutron	939.56536	4.360568324	99998.73791	0	0
neutron	939.56536	3.811302592	99998.73791	0	0
neutron	939.56536	1.571989397	99998.73791	0	0
S32	29773.62828	0.313180632	99998.73791	0	0
neutron	939.56536	28.28399657	99998.73556	0	0
neutron	939.56536	11.71499086	99998.73556	0	0
neutron	939.56536	0.7714430972	99998.73556	0	0
S32	29773.62828	1.294526985	99998.73556	0	0
neutron	939.56536	0.7602897874	99998.7502	0	0
Ne22	20479.73746	0.3635234118	99998.7502	0	0
Ne23	21414.10216	0.2331393331	99998.7271	0	0
neutron	939.56536	12.61929783	99998.82921	0	0
neutron	939.56536	3.116350469	99998.82921	0	0
neutron	939.56536	2.785910321	99998.82921	0	0
neutron	939.56536	2.708867351	99998.82921	0	0
neutron	939.56536	0.3861781564	99998.82921	0	0
S32	29773.62828	0.3215804453	99998.82921	0	0
Ne23	21414.10216	0.2201477491	99998.68121	0	0
proton	938.272013	13.12954562	99998.7358	0	0
neutron	939.56536	7.583732385	99998.7358	0	0
neutron	939.56536	1.180523222	99998.7358	0	0
P32	29775.84838	0.4005015736	99998.7358	0	0
S37	34430.21755	0.1339073808	99998.70856	0	0
neutron	939.56536	17.8333952	99998.73932	0	0
neutron	939.56536	3.732493987	99998.73932	0	0
neutron	939.56536	0.479342482	99998.73932	0	0
alpha	3727.379	8.006776482	99998.73932	0	0
Si28	26053.19393	1.144771826	99998.73932	0	0
S35	32565.27968	0.1612127073	99998.77318	0	0
neutron	939.56536	3.877984869	99998.71092	0	0
neutron	939.56536	1.496925663	99998.71092	0	0
S33	30704.55199	0.2617530948	99998.71092	0	0
neutron	939.56536	2.350260739	99998.77548	0	0
neutron	939.56536	1.859446292	99998.77548	0	0
neutron	939.56536	1.331386039	99998.77548	0	0
S32	29773.62828	0.2401020479	99998.77548	0	0
neutron	939.56536	0.2732296543	99998.7504	0	0
Ne22	20479.73746	0.3258966034	99998.7504	0	0
neutron	939.56536	8.321338183	99998.8404	0	0
S34	31632.70018	0.5908692017	99998.8404	0	0
neutron	939.56536	0.1523738686	99998.80959	0	0
S34	31632.70018	0.1223710733	99998.80959	0	0
Ne23	21414.10216	0.2022875055	99998.76778	0	0
neutron	939.56536	0.6629881442	99998.75898	0	0
Ne22	20479.73746	0.08586530051	99998.75898	0	0
Ne23	21414.10216	0.2241202557	99998.78346	0	0
S37	34430.21755	0.1422975209	99998.77697	0	0
neutron	939.56536	5.503829042	99998.71644	0	0
neutron	939.56536	1.636102607	99998.71644	0	0
neutron	939.56536	1.269496643	99998.71644	0	0
alpha	3727.379	4.353096266	99998.71644	0	0
O16	14895.08153	1.297302439	99998.71644	0	0
neutron	939.56536	27.96292774	99998.81251	0	0
neutron	939.56536	27.12750831	99998.81251	0	0
neutron	939.56536	2.674361061	99998.81251	0	0
S32	29773.62828	0.2648640193	99998.81251	0	0
S37	34430.21755	0.1424683592	99998.71267	0	0
neutron	939.56536	10.55148204	99998.69797	0	0
neutron	939.56536	3.59205137	99998.69797	0	0
proton	938.272013	1.850691187	99998.69797	0	0
triton	2808.921	6.485707996	99998.69797	0	0
O17	15830.5038	1.380127711	99998.69797	0	0
neutron	939.56536	2.047553222	99998.73191	0	0
S34	31632.70018	0.06770954508	99998.73191	0	0
neutron	939.56536	11.8514804	99998.81639	0	0
neutron	939.56536	6.501340307	99998.81639	0	0
neutron	939.56536	6.257780065	99998.81639	0	0
proton	938.272013	3.591295821	99998.81639	0	0
neutron	939.56536	0.7918584623	99998.81639	0	0
P32	29775.84838	1.215480541	99998.81639	0	0
S35	32565.27968	0.1459942161	99998.76593	0	0
neutron	939.56536	1.30386205	99998.61938	0	0
S34	31632.70018	0.09032194572	99998.61938	0	0
neutron	939.56536	11.16740221	99998.74835	0	0
neutron	939.56536	6.395631498	99998.74835	0	0
neutron	939.56536	1.979014676	99998.74835	0	0
alpha	3727.379	2.854117268	99998.74835	0	0
O16	14895.08153	4.139688791	99998.74835	0	0
neutron	939.56536	2.560021969	99998.81886	0	0
Ne22	20479.73746	0.3089741579	99998.81886	0	0
neutron	939.56536	9.364966754	99998.77305	0	0
neutron	939.56536	8.828528927	99998.77305	0	0
neutron	939.56536	3.538912676	99998.77305	0	0
neutron	939.56536	0.7344952528	99998.77305	0	0
Ne19	17695.03214	0.4031393245	99998.77305	0	0
neutron	939.56536	2.154167761	99998.73844	0	0
S34	31632.70018	0.1787889222	99998.73844	0	0
neutron	939.56536	0.1485602668	99998.7427	0	0
S34	31632.70018	0.2008289119	99998.7427	0	0
S35	32565.27968	0.1546662555	99998.80399	0	0
Ne23	21414.10216	0.2283532115	99999.34463	0	0
neutron	939.56536	0.1443095164	99998.74976	0	0
S36	33494.9558	0.1842436595	99998.74976	0	0
proton	938.272013	11.05189752	99998.73775	0	0
neutron	939.56536	0.4890508885	99998.73775	0	0
neutron	939.56536	0.1898728841	99998.73775	0	0
deuteron	1875.613	4.919591911	99998.73775	0	0
Si30	27913.24182	1.087006962	99998.73775	0	0
S35	32565.27968	0.1436456253	99998.7441	0	0
neutron	939.56536	0.8277310688	99998.71998	0	0
S34	31632.70018	0.1033736649	99998.71998	0	0
neutron	939.56536	23.87722555	99998.75302	0	0
neutron	939.56536	5.986052886	99998.75302	0	0
neutron	939.56536	0.3049747302	99998.75302	0	0
S32	29773.62828	0.8904557799	99998.75302	0	0
S35	32565.27968	0.1499821506	99998.76628	0	0
neutron	939.56536	0.2670142312	99998.81228	0	0
S34	31632.70018	0.1057818705	99998.81228	0	0
neutron	939.56536	16.90468878	99998.66481	0	0
neutron	939.56536	0.3801293583	99998.66481	0	0
S35	32565.27968	0.7016579495	99998.66481	0	0
neutron	939.56536	3.843443405	99998.78703	0	0
neutron	939.56536	1.359934268	99998.78703	0	0
neutron	939.56536	0.9662471332	99998.78703	0	0
Ne20	18617.73218	0.1999473631	99998.78703	0	0
neutron	939.56536	13.97714098	99998.78165	0	0
neutron	939.56536	0.8958607478	99998.78165	0	0
S35	32565.27968	0.5950506921	99998.78165	0	0
neutron	939.56536	16.2773596	99998.72274	0	0
neutron	939.56536	4.555370629	99998.72274	0	0
neutron	939.56536	1.98338646	99998.72274	0	0
proton	938.272013	1.434029969	99998.72274	0	0
F19	17692.30285	1.563891203	99998.72274	0	0
neutron	939.56536	24.21212138	99998.75873	0	0
neutron	939.56536	18.066248	99998.75873	0	0
neutron	939.56536	0.7223071263	99998.75873	0	0
Ne20	18617.73218	2.649663454	99998.75873	0	0
neutron	939.56536	5.152552015	99998.88431	0	0
neutron	939.56536	3.853991414	99998.88431	0	0
neutron	939.56536	1.704607476	99998.88431	0	0
alpha	3727.379	8.006378935	99998.88431	0	0
Si30	27913.24182	0.6716858671	99998.88431	0	0
neutron	939.56536	4.077865105	99998.83338	0	0
neutron	939.56536	3.015933417	99998.83338	0	0
neutron	939.56536	0.501231051	99998.83338	0	0
alpha	3727.379	12.08252012	99998.83338	0	0
Si28	26053.19393	1.510559071	99998.83338	0	0
proton	938.272013	25.64428883	99998.95345	0	0
neutron	939.56536	6.662044317	99998.95345	0	0
neutron	939.56536	0.8010247319	99998.95345	0	0
P32	29775.84838	2.259284891	99998.95345	0	0
neutron	939.56536	0.636934837	99998.77102	0	0
S34	31632.70018	0.2652042417	99998.77102	0	0
neutron	939.56536	1.933906734	99998.78369	0	0
neutron	939.56536	1.397280853	99998.78369	0	0
S33	30704.55199	0.04134488813	99998.78369	0	0
neutron	939.56536	1.004975475	99998.7388	0	0
deuteron	1875.613	6.763190948	99998.7388	0	0
F20	18625.26686	0.3090564029	99998.7388	0	0
neutron	939.56536	0.7060385564	99998.67914	0	0
S34	31632.70018	0.07871746434	99998.67914	0	0
S37	34430.21755	0.1444633246	99998.7308	0	0
neutron	939.56536	2.009386002	99998.71356	0	0
S34	31632.70018	0.2213934696	99998.71356	0	0
neutron	939.56536	0.4626049829	99998.71003	0	0
S34	31632.70018	0.1950209692	99998.71003	0	0
S37	34430.21755	0.1282995039	99998.7658	0	0
neutron	939.56536	3.64464176	99998.65629	0	0
neutron	939.56536	3.111046429	99998.65629	0	0
neutron	939.56536	0.7288204552	99998.65629	0	0
S32	29773.62828	0.5939602988	99998.65629	0	0
S37	34430.21755	0.140891793	99998.67027	0	0
S35	32565.27968	0.1512372615	99998.66391	0	0
neutron	939.56536	1.292116912	99998.72168	0	0
S36	33494.9558	0.1091127599	99998.72168	0	0
neutron	939.56536	16.6072849	99998.79421	0	0
proton	938.272013	3.948629753	99998.79421	0	0
proton	938.272013	2.606100488	99998.79421	0	0
Si32	29776.58515	0.5982161841	99998.79421	0	0
S35	32565.27968	0.1547806228	99998.76171	0	0
neutron	939.56536	8.902201903	99998.76264	0	0
proton	938.272013	6.25112723	99998.76264	0	0
neutron	939.56536	4.504901317	99998.76264	0	0
neutron	939.56536	3.962602578	99998.76264	0	0
neutron	939.56536	1.751853612	99998.76264	0	0
F18	16763.16938	0.3658681556	99998.76264	0	0
neutron	939.56536	7.105069614	99998.75679	0	0
neutron	939.56536	7.079614186	99998.75679	0	0
neutron	939.56536	5.976614467	99998.75679	0	0
neutron	939.56536	0.09552859985	99998.75679	0	0
S33	30704.55199	0.05410048423	99998.75679	0	0
neutron	939.56536	0.08384135562	99998.68413	0	0
S36	33494.9558	0.1199872434	99998.68413	0	0
neutron	939.56536	6.485884062	99998.79073	0	0
neutron	939.56536	4.126225836	99998.79073	0	0
neutron	939.56536	0.93112909	99998.79073	0	0
alpha	3727.379	7.03275664	99998.79073	0	0
O16	14895.08153	3.25927588	99998.79073	0	0
neutron	939.56536	1.755688656	99998.68539	0	0
S34	31632.70018	0.2141314247	99998.68539	0	0
neutron	939.56536	25.92074119	99998.67612	0	0
neutron	939.56536	1.502272018	99998.67612	0	0
Ne21	19550.53637	1.980718032	99998.67612	0	0
neutron	939.56536	1.279034896	99998.74419	0	0
S34	31632.70018	0.1932209848	99998.74419	0	0
S35	32565.27968	0.153991363	99998.70915	0	0
Ne23	21414.10216	0.2183529989	99998.87857	0	0
neutron	939.56536	0.574146735	99998.80074	0	0
S34	31632.70018	0.115969035	99998.80074	0	0
neutron	939.56536	3.883659947	99998.74032	0	0
neutron	939.56536	0.9323055797	99998.74032	0	0
S35	32565.27968	0.2726711862	99998.74032	0	0
neutron	939.56536	1.846034435	99998.70299	0	0
S36	33494.9558	0.1830274727	99998.70299	0	0
Ne23	21414.10216	0.2171298379	99998.74677	0	0
Ne23	21414.10216	0.2203008648	99998.69952	0	0
neutron	939.56536	0.301444328	99998.71201	0	0
S34	31632.70018	0.227765745	99998.71201	0	0
neutron	939.56536	0.09463019682	99998.84056	0	0
Ne22	20479.73746	0.2114853632	99998.84056	0	0
neutron	939.56536	0.8274614477	99998.7849	0	0
S36	33494.9558	0.06815828678	99998.7849	0	0
proton	938.272013	31.07566031	99998.78268	0	0
proton	938.272013	4.560964913	99998.78268	0	0
neutron	939.56536	2.420426833	99998.78268	0	0
neutron	939.56536	2.010788862	99998.78268	0	0
neutron	939.56536	0.4503370928	99998.78268	0	0
O18	16762.02378	1.036480289	99998.78268	0	0
neutron	939.56536	0.4054256926	99998.71981	0	0
S34	31632.70018	0.1142497636	99998.71981	0	0
proton	938.272013	4.677831684	99998.70758	0	0
neutron	939.56536	3.368505789	99998.70758	0	0
neutron	939.56536	3.355747177	99998.70758	0	0
P32	29775.84838	0.1069494301	99998.70758	0	0
neutron	939.56536	0.4362868657	99998.79407	0	0
Ne22	20479.73746	0.2253502006	99998.79407	0	0
proton	938.272013	18.5761686	99998.65108	0	0
neutron	939.56536	0.6396022517	99998.65108	0	0
P33	30705.30994	0.3596207785	99998.65108	0	0
neutron	939.56536	4.498535241	99998.68077	0	0
neutron	939.56536	0.4838906472	99998.68077	0	0
Ne21	19550.53637	0.2518937168	99998.68077	0	0
neutron	939.56536	1.005564939	99998.779	0	0
S34	31632.70018	0.08614996995	99998.779	0	0
neutron	939.56536	5.280104082	99998.74938	0	0
neutron	939.56536	3.740343102	99998.74938	0	0
neutron	939.56536	2.436721211	99998.74938	0	0
S34	31632.70018	0.1345045392	99998.74938	0	0
neutron	939.56536	5.483040809	99998.85729	0	0
neutron	939.56536	1.190055193	99998.85729	0	0
Ne21	19550.53637	0.2771121954	99998.85729	0	0
neutron	939.56536	6.977116646	99998.77914	0	0
proton	938.272013	2.724747703	99998.77914	0	0
P35	32569.77755	0.4089613644	99998.77914	0	0
neutron	939.56536	1.193413087	99998.74847	0	0
S36	33494.9558	0.1990535103	99998.74847	0	0
Ne23	21414.10216	0.2164638406	99998.87402	0	0
neutron	939.56536	3.494682382	99998.71311	0	0
neutron	939.56536	1.484709006	99998.71311	0	0
S35	32565.27968	0.340271418	99998.71311	0	0
Ne23	21414.10216	0.2197542285	99998.79226	0	0
neutron	939.56536	0.1060136557	99998.72312	0	0
S34	31632.70018	0.1524850548	99998.72312	0	0
Ne23	21414.10216	0.2023628913	99998.70221	0	0
neutron	939.56536	6.01749928	99998.68011	0	0
neutron	939.56536	5.306240262	99998.68011	0	0
neutron	939.56536	4.248713587	99998.68011	0	0
proton	938.272013	2.386158164	99998.68011	0	0
neutron	939.56536	1.176339254	99998.68011	0	0
P32	29775.84838	0.1892599623	99998.68011	0	0
S37	34430.21755	0.1384546962	99998.71584	0	0
Ne23	21414.10216	0.2242029768	99998.71833	0	0
neutron	939.56536	8.270223056	99998.73121	0	0
neutron	939.56536	3.745608274	99998.73121	0	0
alpha	3727.379	9.342068704	99998.73121	0	0
O17	15830.5038	3.291267521	99998.73121	0	0
neutron	939.56536	1.486566518	99998.71612	0	0
S34	31632.70018	0.2994962991	99998.71612	0	0
neutron	939.56536	4.193626946	99998.68794	0	0
Ne22	20479.73746	0.4521486441	99998.68794	0	0
neutron	939.56536	3.489134395	99998.78938	0	0
alpha	3727.379	5.753190328	99998.78938	0	0
alpha	3727.379	5.512066285	99998.78938	0	0
C14	13040.87134	0.9138503279	99998.78938	0	0
Ne23	21414.10216	0.2160336005	99998.72098	0	0
neutron	939.56536	0.9321802112	99998.71131	0	0
S34	31632.70018	0.1294586276	99998.71131	0	0
neutron	939.56536	4.176519065	99998.68489	0	0
neutron	939.56536	2.361351836	99998.68489	0	0
neutron	939.56536	0.7823136727	99998.68489	0	0
Ne20	18617.73218	0.4453808076	99998.68489	0	0
neutron	939.56536	0.3381382457	99998.69694	0	0
S34	31632.70018	0.1377711482	99998.69694	0	0
neutron	939.56536	0.133755038	99998.7235	0	0
S34	31632.70018	0.1247494504	99998.7235	0	0
neutron	939.56536	1.153860569	99998.73212	0	0
alpha	3727.379	5.211525373	99998.73212	0	0
O18	16762.02378	0.7421804347	99998.73212	0	0
neutron	939.56536	1.341440472	99998.72694	0	0
Ne22	20479.73746	0.1122435174	99998.72694	0	0
neutron	939.56536	0.6766758857	99998.74109	0	0
S34	31632.70018	0.2182090446	99998.74109	0	0
S35	32565.27968	0.1448872376	99998.78168	0	0
neutron	939.56536	0.8602580298	99998.73675	0	0
S36	33494.9558	0.06546173406	99998.73675	0	0
neutron	939.56536	3.980357572	99998.72767	0	0
neutron	939.56536	1.062603337	99998.72767	0	0
Ne21	19550.53637	0.1789732011	99998.72767	0	0
neutron	939.56536	1.724665324	99998.75066	0	0
neutron	939.56536	1.008137807	99998.75066	0	0
neutron	939.56536	0.4824581023	99998.75066	0	0
S32	29773.62828	0.1599126436	99998.75066	0	0
neutron	939.56536	10.68906374	99998.73913	0	0
neutron	939.56536	6.942444644	99998.73913	0	0
neutron	939.56536	4.809034121	99998.73913	0	0
alpha	3727.379	5.368410151	99998.73913	0	0
O16	14895.08153	1.439991355	99998.73913	0	0
neutron	939.56536	6.90152497	99998.79862	0	0
proton	938.272013	6.134625129	99998.79862	0	0
neutron	939.56536	3.976179016	99998.79862	0	0
neutron	939.56536	2.750433941	99998.79862	0	0
F19	17692.30285	1.681727467	99998.79862	0	0
Ne23	21414.10216	0.2064557306	99998.7001	0	0
proton	938.272013	27.26684142	99998.83627	0	0
neutron	939.56536	16.61760916	99998.83627	0	0
neutron	939.56536	1.254906734	99998.83627	0	0
P32	29775.84838	0.6055328091	99998.83627	0	0
neutron	939.56536	15.90099363	99998.70417	0	0
neutron	939.56536	1.202857492	99998.70417	0	0
neutron	939.56536	0.5623485405	99998.70417	0	0
S32	29773.62828	0.9631221901	99998.70417	0	0
proton	938.272013	41.05672798	99998.7131	0	0
neutron	939.56536	2.827437217	99998.7131	0	0
neutron	939.56536	0.3588654915	99998.7131	0	0
P34	31638.59261	0.9239948637	99998.7131	0	0
neutron	939.56536	3.825331624	99998.7924	0	0
neutron	939.56536	0.8941507574	99998.7924	0	0
S33	30704.55199	0.2756384821	99998.7924	0	0
neutron	939.56536	3.689884548	99998.8069	0	0
S36	33494.9558	0.3467423865	99998.8069	0	0
S35	32565.27968	0.1616735738	99998.73881	0	0
neutron	939.56536	0.3456297495	99998.82553	0	0
S36	33494.9558	0.1383186057	99998.82553	0	0
neutron	939.56536	1.209809976	99998.72716	0	0
neutron	939.56536	0.1527529355	99998.72716	0	0
S33	30704.55199	0.2750230732	99998.72716	0	0
S35	32565.27968	0.1568295708	99998.75645	0	0
S35	32565.27968	0.1549492348	99998.68782	0	0
S37	34430.21755	0.1394269064	99998.71879	0	0
Ne23	21414.10216	0.2232303797	99998.85477	0	0
S35	32565.27968	0.1499569889	99998.72681	0	0
Ne23	21414.10216	0.2327115591	99998.70411	0	0
Ne23	21414.10216	0.2271037564	99998.68507	0	0
S35	32565.27968	0.159111428	99998.79283	0	0
neutron	939.56536	1.766326411	99998.70176	0	0
S34	31632.70018	0.2886716426	99998.70176	0	0
Ne23	21414.10216	0.2286378371	99998.70751	0	0
neutron	939.56536	0.8627981689	99998.72686	0	0
S34	31632.70018	0.2206603492	99998.72686	0	0
S35	32565.27968	0.1615383269	99998.70395	0	0
neutron	939.56536	7.59230606	99998.75596	0	0
neutron	939.56536	6.029919007	99998.75596	0	0
proton	938.272013	3.529461061	99998.75596	0	0
neutron	939.56536	0.6185839404	99998.75596	0	0
P31	28844.21869	0.2492164218	99998.75596	0	0
neutron	939.56536	0.1961529768	99998.75204	0	0
S36	33494.9558	0.119638208	99998.75204	0	0
neutron	939.56536	0.123254145	99998.73813	0	0
S34	31632.70018	0.1312160868	99998.73813	0	0
proton	938.272013	8.700895749	99998.69884	0	0
neutron	939.56536	6.214608068	99998.69884	0	0
neutron	939.56536	3.909925609	99998.69884	0	0
proton	938.272013	3.559949942	99998.69884	0	0
neutron	939.56536	1.454680473	99998.69884	0	0
neutron	939.56536	0.6296888648	99998.69884	0	0
Si29	26984.28567	1.122456438	99998.69884	0	0
neutron	939.56536	33.4099877	99998.81903	0	0
proton	938.272013	2.365831435	99998.81903	0	0
neutron	939.56536	1.805125113	99998.81903	0	0
P32	29775.84838	1.248220306	99998.81903	0	0
S37	34430.21755	0.1412182418	99998.68093	0	0
S35	32565.27968	0.1499507775	99998.69382	0	0
Ne23	21414.10216	0.2300824159	99998.7324	0	0
neutron	939.56536	0.2506239727	99998.72345	0	0
S34	31632.70018	0.09500772633	99998.72345	0	0
neutron	939.56536	0.1128170267	99998.77283	0	0
S34	31632.70018	0.1289551805	99998.77283	0	0
neutron	939.56536	1.002340481	99998.65988	0	0
S34	31632.70018	0.03907112067	99998.65988	0	0
neutron	939.56536	0.2171494208	99998.73779	0	0
S34	31632.70018	0.1144675372	99998.73779	0	0
neutron	939.56536	28.06514205	99998.74275	0	0
neutron	939.56536	12.35591917	99998.74275	0	0
neutron	939.56536	6.29087738	99998.74275	0	0
neutron	939.56536	1.679314259	99998.74275	0	0
S33	30704.55199	1.479823876	99998.74275	0	0
S37	34430.21755	0.136445673	99998.69179	0	0
neutron	939.56536	9.647190147	99998.8022	0	0
neutron	939.56536	6.28573488	99998.8022	0	0
neutron	939.56536	2.093688289	99998.8022	0	0
Ne20	18617.73218	0.172783433	99998.8022	0	0
neutron	939.56536	2.450034721	99998.83069	0	0
S34	31632.70018	0.3912015338	99998.83069	0	0
neutron	939.56536	0.8242069633	99998.81628	0	0
Ne22	20479.73746	0.08777184309	99998.81628	0	0
neutron	939.56536	1.035440829	99998.71514	0	0
Ne22	20479.73746	0.4226137803	99998.71514	0	0
neutron	939.56536	51.73926696	99998.78175	0	0
neutron	939.56536	6.31627631	99998.78175	0	0
neutron	939.56536	0.9858895401	99998.78175	0	0
Ne20	18617.73218	2.098025386	99998.78175	0	0
neutron	939.56536	0.3200263537	99998.68784	0	0
S36	33494.9558	0.1909177328	99998.68784	0	0
neutron	939.56536	0.005666540387	99998.78808	0	0
S34	31632.70018	0.159730705	99998.78808	0	0
neutron	939.56536	6.940327831	99998.67976	0	0
neutron	939.56536	4.841640349	99998.67976	0	0
neutron	939.56536	4.112503997	99998.67976	0	0
proton	938.272013	3.450862874	99998.67976	0	0
P33	30705.30994	0.1039612128	99998.67976	0	0
neutron	939.56536	2.130118275	99998.77824	0	0
S34	31632.70018	0.1534073238	99998.77824	0	0
S35	32565.27968	0.1572838445	99998.70597	0	0
S37	34430.21755	0.1429540023	99998.79145	0	0
neutron	939.56536	0.1683373221	99998.78263	0	0
S34	31632.70018	0.102088215	99998.78263	0	0
neutron	939.56536	0.5390816127	99998.76655	0	0
Ne22	20479.73746	0.2830563819	99998.76655	0	0
neutron	939.56536	0.6972042816	99998.71405	0	0
S36	33494.9558	0.2304136337	99998.71405	0	0
proton	938.272013	3.161597624	99998.73003	0	0
neutron	939.56536	2.001695458	99998.73003	0	0
P33	30705.30994	0.1815755054	99998.73003	0	0
neutron	939.56536	3.672765758	99998.68949	0	0
neutron	939.56536	3.113848984	99998.68949	0	0
neutron	939.56536	2.242270393	99998.68949	0	0
S34	31632.70018	0.3605808484	99998.68949	0	0
neutron	939.56536	0.2241315207	99998.68879	0	0
S34	31632.70018	0.1766164733	99998.68879	0	0
neutron	939.56536	0.2559487116	99998.74392	0	0
S36	33494.9558	0.09391537549	99998.74392	0	0
neutron	939.56536	4.168983804	99998.74719	0	0
neutron	939.56536	0.9142917837	99998.74719	0	0
S33	30704.55199	0.04203706712	99998.74719	0	0
neutron	939.56536	5.966052534	99998.74403	0	0
neutron	939.56536	5.825290083	99998.74403	0	0
neutron	939.56536	2.753317793	99998.74403	0	0
proton	938.272013	2.443534177	99998.74403	0	0
P31	28844.21869	0.1298264398	99998.74403	0	0
S35	32565.27968	0.161426323	99998.78881	0	0
neutron	939.56536	0.4766271143	99999.5832	0	0
S34	31632.70018	0.1195165791	99999.5832	0	0
neutron	939.56536	0.2280387334	99998.71152	0	0
S34	31632.70018	0.1135641357	99998.71152	0	0
neutron	939.56536	0.8236584646	99998.77354	0	0
Ne22	20479.73746	0.2868491916	99998.77354	0	0
neutron	939.56536	0.9655880224	99998.70124	0	0
S34	31632.70018	0.08518972521	99998.70124	0	0
neutron	939.56536	1.073092161	99998.74815	0	0
S34	31632.70018	0.1998753944	99998.74815	0	0
neutron	939.56536	4.887548817	99998.71013	0	0
neutron	939.56536	3.444598436	99998.71013	0	0
S33	30704.55199	0.2441281188	99998.71013	0	0
S35	32565.27968	0.1411619809	99998.75269	0	0
proton	938.272013	9.042769514	99998.83787	0	0
neutron	939.56536	7.446261931	99998.83787	0	0
neutron	939.56536	1.303161506	99998.83787	0	0
F20	18625.26686	0.9158750969	99998.83787	0	0
neutron	939.56536	4.307093687	99998.7169	0	0
proton	938.272013	3.923348897	99998.7169	0	0
proton	938.272013	3.576646199	99998.7169	0	0
neutron	939.56536	1.577543075	99998.7169	0	0
neutron	939.56536	0.4756886773	99998.7169	0	0
Si32	29776.58515	0.3081985263	99998.7169	0	0
neutron	939.56536	46.00785233	99998.91644	0	0
neutron	939.56536	5.036719021	99998.91644	0	0
neutron	939.56536	2.066786523	99998.91644	0	0
Ne20	18617.73218	0.883107947	99998.91644	0	0
neutron	939.56536	0.6579947805	99998.67655	0	0
Ne22	20479.73746	0.3962090464	99998.67655	0	0
Ne23	21414.10216	0.2186880858	99998.81434	0	0
neutron	939.56536	1.643155925	99998.68904	0	0
S34	31632.70018	0.1968100753	99998.68904	0	0
neutron	939.56536	6.987448809	99998.81846	0	0
neutron	939.56536	5.862290518	99998.81846	0	0
proton	938.272013	2.424556579	99998.81846	0	0
neutron	939.56536	1.993686789	99998.81846	0	0
P31	28844.21869	1.463128401	99998.81846	0	0
S35	32565.27968	0.1622473164	99998.71862	0	0
proton	938.272013	8.494693797	99998.82553	0	0
neutron	939.56536	6.120288478	99998.82553	0	0
neutron	939.56536	1.068902118	99998.82553	0	0
neutron	939.56536	0.4190467619	99998.82553	0	0
P31	28844.21869	0.5568213811	99998.82553	0	0
neutron	939.56536	2.741967135	99998.69515	0	0
Ne22	20479.73746	0.3559184326	99998.69515	0	0
neutron	939.56536	1.136771604	99998.68838	0	0
S34	31632.70018	0.1226261213	99998.68838	0	0
neutron	939.56536	5.720412971	99998.65297	0	0
proton	938.272013	3.393624246	99998.65297	0	0
neutron	939.56536	3.247283065	99998.65297	0	0
neutron	939.56536	1.147683492	99998.65297	0	0
P31	28844.21869	0.1772921562	99998.65297	0	0
neutron	939.56536	2.169595107	99998.83168	0	0
S34	31632.70018	0.1387138535	99998.83168	0	0
Ne23	21414.10216	0.2260427855	99998.63758	0	0
Ne23	21414.10216	0.2007775409	99998.72874	0	0
S37	34430.21755	0.1360765088	99998.70738	0	0
neutron	939.56536	5.463450046	99998.76463	0	0
neutron	939.56536	0.5083573074	99998.76463	0	0
S33	30704.55199	0.232813426	99998.76463	0	0
Ne23	21414.10216	0.2264658151	99998.72067	0	0
neutron	939.56536	0.3370554152	99998.63903	0	0
S34	31632.70018	0.1228007154	99998.63903	0	0
S35	32565.27968	0.1583728832	99998.70279	0	0
neutron	939.56536	6.20555692	99998.77501	0	0
neutron	939.56536	4.113029423	99998.77501	0	0
S33	30704.55199	0.6320426893	99998.77501	0	0
neutron	939.56536	3.46368261	99998.75766	0	0
neutron	939.56536	3.336784237	99998.75766	0	0
Ne21	19550.53637	0.3650394099	99998.75766	0	0
S35	32565.27968	0.1617848333	99998.78069	0	0
neutron	939.56536	9.575084112	99998.67606	0	0
proton	938.272013	6.800302369	99998.67606	0	0
neutron	939.56536	4.39633824	99998.67606	0	0
neutron	939.56536	2.949104337	99998.67606	0	0
deuteron	1875.613	4.889661551	99998.67606	0	0
Si29	26984.28567	1.460315731	99998.67606	0	0
Ne23	21414.10216	0.2201821047	99998.8399	0	0
S35	32565.27968	0.1598454032	99998.71372	0	0
neutron	939.56536	0.4897625599	99998.76239	0	0
S34	31632.70018	0.2384666834	99998.76239	0	0
neutron	939.56536	7.542652167	99998.72202	0	0
neutron	939.56536	1.382412804	99998.72202	0	0
neutron	939.56536	1.175041328	99998.72202	0	0
alpha	3727.379	4.821501922	99998.72202	0	0
O16	14895.08153	1.326587866	99998.72202	0	0
S37	34430.21755	0.1330861561	99998.74005	0	0
Ne23	21414.10216	0.2264861442	99998.68431	0	0
neutron	939.56536	1.129240338	99998.70904	0	0
S34	31632.70018	0.05364298535	99998.70904	0	0
neutron	939.56536	1.143808239	99998.79207	0	0
S34	31632.70018	0.1342726964	99998.79207	0	0
neutron	939.56536	2.606561587	99998.75729	0	0
S34	31632.70018	0.1564196027	99998.75729	0	0
S35	32565.27968	0.1629072244	99998.73712	0	0
Ne23	21414.10216	0.2252954017	99998.68666	0	0
neutron	939.56536	38.9803627	99998.70625	0	0
neutron	939.56536	5.974680006	99998.70625	0	0
neutron	939.56536	0.8420034785	99998.70625	0	0
S34	31632.70018	1.236281636	99998.70625	0	0
neutron	939.56536	1.720320613	99998.78543	0	0
S34	31632.70018	0.3154235722	99998.78543	0	0
neutron	939.56536	7.933438255	99998.65505	0	0
proton	938.272013	7.256727708	99998.65505	0	0
neutron	939.56536	0.6954903191	99998.65505	0	0
P32	29775.84838	0.4928401641	99998.65505	0	0
neutron	939.56536	28.33263746	99998.74412	0	0
neutron	939.56536	21.38298182	99998.74412	0	0
neutron	939.56536	2.418045608	99998.74412	0	0
S34	31632.70018	1.176118938	99998.74412	0	0
neutron	939.56536	0.9840077724	99998.73913	0	0
S34	31632.70018	0.1697577387	99998.73913	0	0
neutron	939.56536	0.7231632588	99998.74942	0	0
Ne22	20479.73746	0.1487514931	99998.74942	0	0
neutron	939.56536	6.035190105	99998.75476	0	0
proton	938.272013	3.418884137	99998.75476	0	0
neutron	939.56536	0.5711757351	99998.75476	0	0
deuteron	1875.613	12.6830735	99998.75476	0	0
Si30	27913.24182	0.6084947001	99998.75476	0	0
neutron	939.56536	7.394862921	99998.66923	0	0
neutron	939.56536	4.871745795	99998.66923	0	0
proton	938.272013	3.971724382	99998.66923	0	0
neutron	939.56536	3.27724879	99998.66923	0	0
neutron	939.56536	1.52018588	99998.66923	0	0
P30	27916.96459	0.619317521	99998.66923	0	0
neutron	939.56536	0.8636112134	99998.77868	0	0
S34	31632.70018	0.1210444211	99998.77868	0	0
neutron	939.56536	8.958360772	99998.76444	0	0
neutron	939.56536	4.838809192	99998.76444	0	0
proton	938.272013	3.769442936	99998.76444	0	0
neutron	939.56536	0.3183682413	99998.76444	0	0
P31	28844.21869	0.1243985536	99998.76444	0	0
S35	32565.27968	0.147963933	99998.74195	0	0
neutron	939.56536	1.393761369	99998.75955	0	0
S34	31632.70018	0.08720123979	99998.75955	0	0
neutron	939.56536	1.641572329	99998.78949	0	0
S34	31632.70018	0.03221662292	99998.78949	0	0
neutron	939.56536	21.86403255	99998.6357	0	0
neutron	939.56536	14.28054555	99998.6357	0	0
neutron	939.56536	3.816423192	99998.6357	0	0
Ne20	18617.73218	0.3985443839	99998.6357	0	0
neutron	939.56536	4.976337048	99998.66976	0	0
neutron	939.56536	2.209209552	99998.66976	0	0
Ne21	19550.53637	0.4092486421	99998.66976	0	0
proton	938.272013	27.43915423	99998.7623	0	0
neutron	939.56536	10.88949181	99998.7623	0	0
neutron	939.56536	4.989964001	99998.7623	0	0
F20	18625.26686	2.618978593	99998.7623	0	0
S37	34430.21755	0.1404045481	99998.74161	0	0
Ne23	21414.10216	0.2262027955	99998.6731	0	0
neutron	939.56536	2.602783535	99998.77512	0	0
Ne22	20479.73746	0.0823598144	99998.77512	0	0
neutron	939.56536	1.243653615	99998.74803	0	0
S34	31632.70018	0.1221621905	99998.74803	0	0
neutron	939.56536	0.7175347779	99998.65967	0	0
S36	33494.9558	0.2094624329	99998.65967	0	0
neutron	939.56536	1.842642026	99998.76293	0	0
S34	31632.70018	0.2584111886	99998.76293	0	0
proton	938.272013	44.43079583	99998.76951	0	0
neutron	939.56536	3.69203988	99998.76951	0	0
F21	19556.73074	1.45840982	99998.76951	0	0
neutron	939.56536	1.715158082	99998.70267	0	0
S34	31632.70018	0.3197391477	99998.70267	0	0
S35	32565.27968	0.1524102129	99998.67336	0	0
S35	32565.27968	0.1541413649	99998.8007	0	0
neutron	939.56536	4.715989887	99998.79421	0	0
neutron	939.56536	0.9785913547	99998.79421	0	0
neutron	939.56536	0.1392358649	99998.79421	0	0
S32	29773.62828	0.125996337	99998.79421	0	0
neutron	939.56536	1.377935962	99998.735	0	0
S34	31632.70018	0.1729483377	99998.735	0	0
Ne23	21414.10216	0.2095406323	99998.73135	0	0
neutron	939.56536	5.578236911	99998.74009	0	0
S34	31632.70018	0.4727225102	99998.74009	0	0
Ne23	21414.10216	0.2269954059	99998.70894	0	0
S37	34430.21755	0.1409949522	99998.70154	0	0
S35	32565.27968	0.1487978952	99998.65638	0	0
S35	32565.27968	0.1526545903	99998.73315	0	0
neutron	939.56536	0.008270848911	99998.7708	0	0
S34	31632.70018	0.161159296	99998.7708	0	0
neutron	939.56536	2.268069756	99998.7252	0	0
S34	31632.70018	0.1204504279	99998.7252	0	0
neutron	939.56536	0.8480833258	99998.67941	0	0
Ne22	20479.73746	0.3408489201	99998.67941	0	0
neutron	939.56536	0.8353676292	99998.7232	0	0
Ne22	20479.73746	0.2116770302	99998.7232	0	0
neutron	939.56536	27.15510155	99998.70995	0	0
neutron	939.56536	3.678256494	99998.70995	0	0
proton	938.272013	3.224351503	99998.70995	0	0
neutron	939.56536	0.5807793636	99998.70995	0	0
F19	17692.30285	0.2602948066	99998.70995	0	0
Ne23	21414.10216	0.2312690268	99998.69541	0	0
neutron	939.56536	9.788108518	99998.74337	0	0
neutron	939.56536	1.23844626	99998.74337	0	0
neutron	939.56536	0.3832723681	99998.74337	0	0
Ne20	18617.73218	0.2491618647	99998.74337	0	0
neutron	939.56536	26.01726807	99998.67444	0	0
neutron	939.56536	5.767023765	99998.67444	0	0
neutron	939.56536	2.308709619	99998.67444	0	0
Ne20	18617.73218	1.607280253	99998.67444	0	0
neutron	939.56536	1.016476559	99998.71667	0	0
S34	31632.70018	0.2479328823	99998.71667	0	0
neutron	939.56536	12.63581301	99998.66878	0	0
neutron	939.56536	3.132157855	99998.66878	0	0
neutron	939.56536	0.2856359118	99998.66878	0	0
alpha	3727.379	6.577548428	99998.66878	0	0
O16	14895.08153	0.564667972	99998.66878	0	0
Ne23	21414.10216	0.2191480982	99998.73944	0	0
neutron	939.56536	0.217319675	99998.73106	0	0
Ne22	20479.73746	0.1469412589	99998.73106	0	0
neutron	939.56536	3.708424799	99998.7136	0	0
neutron	939.56536	3.020518128	99998.7136	0	0
neutron	939.56536	2.211785104	99998.7136	0	0
alpha	3727.379	7.883930673	99998.7136	0	0
Si28	26053.19393	0.6048021953	99998.7136	0	0
neutron	939.56536	1.027624591	99998.6673	0	0
Ne22	20479.73746	0.2268374213	99998.6673	0	0
Ne23	21414.10216	0.2091805854	99998.71206	0	0
neutron	939.56536	1.08524768	99998.82106	0	0
S36	33494.9558	0.04111301187	99998.82106	0	0
neutron	939.56536	15.98686583	99998.68432	0	0
proton	938.272013	15.65439315	99998.68432	0	0
neutron	939.56536	1.485817409	99998.68432	0	0
P34	31638.59261	0.2423502532	99998.68432	0	0
neutron	939.56536	10.91163896	99998.75331	0	0
neutron	939.56536	5.812564571	99998.75331	0	0
neutron	939.56536	2.321732792	99998.75331	0	0
Ne20	18617.73218	0.5910608028	99998.75331	0	0
neutron	939.56536	11.86678486	99998.76249	0	0
neutron	939.56536	10.55515739	99998.76249	0	0
neutron	939.56536	0.850001807	99998.76249	0	0
Ne20	18617.73218	0.08838630104	99998.76249	0	0
neutron	939.56536	10.40719259	99999.30084	0	0
neutron	939.56536	2.59473333	99999.30084	0	0
neutron	939.56536	0.2737585923	99999.30084	0	0
S34	31632.70018	0.7502603972	99999.30084	0	0
S35	32565.27968	0.1460675046	99998.72012	0	0
neutron	939.56536	6.772380865	99998.72164	0	0
proton	938.272013	3.479709746	99998.72164	0	0
neutron	939.56536	1.145417896	99998.72164	0	0
neutron	939.56536	0.648173873	99998.72164	0	0
P31	28844.21869	0.291457955	99998.72164	0	0
S35	32565.27968	0.1439704642	99998.74387	0	0
neutron	939.56536	0.4950959122	99998.74107	0	0
S34	31632.70018	0.2178062959	99998.74107	0	0
neutron	939.56536	16.75042979	99998.73129	0	0
neutron	939.56536	15.40997514	99998.73129	0	0
neutron	939.56536	1.997209638	99998.73129	0	0
S32	29773.62828	1.333482201	99998.73129	0	0
neutron	939.56536	27.41135803	99998.77265	0	0
neutron	939.56536	1.038605073	99998.77265	0	0
Ne21	19550.53637	0.9659996885	99998.77265	0	0
proton	938.272013	34.79100095	99998.77371	0	0
neutron	939.56536	7.156018065	99998.77371	0	0
neutron	939.56536	0.1555521772	99998.77371	0	0
P32	29775.84838	0.4386824106	99998.77371	0	0
neutron	939.56536	1.314874884	99998.71128	0	0
S34	31632.70018	0.102911046	99998.71128	0	0
neutron	939.56536	14.34802179	99998.78565	0	0
neutron	939.56536	10.13021191	99998.78565	0	0
neutron	939.56536	8.045461406	99998.78565	0	0
alpha	3727.379	7.390375135	99998.78565	0	0
Si28	26053.19393	2.860619781	99998.78565	0	0
Ne23	21414.10216	0.2284938329	99998.7588	0	0
neutron	939.56536	14.42263844	99998.69289	0	0
neutron	939.56536	13.07398643	99998.69289	0	0
neutron	939.56536	8.519249387	99998.69289	0	0
S32	29773.62828	0.6604468655	99998.69289	0	0
S35	32565.27968	0.1424963097	99998.7372	0	0
neutron	939.56536	2.072220362	99998.75791	0	0
S34	31632.70018	0.1040674105	99998.75791	0	0
neutron	939.56536	0.2666513003	99998.72936	0	0
S34	31632.70018	0.2250068287	99998.72936	0	0
neutron	939.56536	0.2810325369	99998.69676	0	0
S36	33494.9558	0.1101466409	99998.69676	0	0
S35	32565.27968	0.1481348944	99998.69717	0	0
neutron	939.56536	4.917566161	99998.66515	0	0
neutron	939.56536	3.269320492	99998.66515	0	0
S33	30704.55199	0.1614832255	99998.66515	0	0
Ne23	21414.10216	0.23122558	99998.74945	0	0
Ne23	21414.10216	0.2301520246	99998.71072	0	0
neutron	939.56536	7.312479151	99998.72539	0	0
proton	938.272013	6.457044615	99998.72539	0	0
neutron	939.56536	6.061124184	99998.72539	0	0
neutron	939.56536	2.571308041	99998.72539	0	0
P31	28844.21869	0.5968429698	99998.72539	0	0
neutron	939.56536	0.4045865981	99998.74342	0	0
Ne22	20479.73746	0.2165770499	99998.74342	0	0
neutron	939.56536	1.401604934	99998.87246	0	0
Ne22	20479.73746	0.3103588557	99998.87246	0	0
neutron	939.56536	0.3554464875	99998.7772	0	0
Ne22	20479.73746	0.2113296486	99998.7772	0	0
neutron	939.56536	11.40994767	99998.71075	0	0
neutron	939.56536	5.321175856	99998.71075	0	0
neutron	939.56536	2.619359442	99998.71075	0	0
Ne20	18617.73218	0.7336153227	99998.71075	0	0
Ne23	21414.10216	0.2090086881	99998.6863	0	0
S37	34430.21755	0.1424781065	99998.75641	0	0
neutron	939.56536	0.2054304144	99998.83641	0	0
S34	31632.70018	0.1735251221	99998.83641	0	0
S37	34430.21755	0.1376692905	99998.72804	0	0
neutron	939.56536	0.7771465312	99998.73156	0	0
S34	31632.70018	0.1427692963	99998.73156	0	0
S35	32565.27968	0.1576818518	99998.68658	0	0
neutron	939.56536	7.743572052	99998.67835	0	0
Ne22	20479.73746	0.7126327898	99998.67835	0	0
neutron	939.56536	4.081997295	99998.79639	0	0
neutron	939.56536	1.702536936	99998.79639	0	0
S35	32565.27968	0.3987903765	99998.79639	0	0
S37	34430.21755	0.1417759821	99998.70145	0	0
neutron	939.56536	11.09253452	99998.71885	0	0
neutron	939.56536	2.854086118	99998.71885	0	0
neutron	939.56536	1.218530151	99998.71885	0	0
S32	29773.62828	0.7960877587	99998.71885	0	0
Ne23	21414.10216	0.2078864972	99998.73514	0	0
proton	938.272013	6.319221118	99998.6577	0	0
neutron	939.56536	2.268785365	99998.6577	0	0
neutron	939.56536	0.3355552049	99998.6577	0	0
P32	29775.84838	0.4349357115	99998.6577	0	0
Ne23	21414.10216	0.221323571	99998.71797	0	0
S37	34430.21755	0.1395666808	99998.7396	0	0
S35	32565.27968	0.1668167398	99998.73666	0	0
neutron	939.56536	1.218119879	99998.86669	0	0
S34	31632.70018	0.1580277847	99998.86669	0	0
Ne23	21414.10216	0.221198038	99998.68723	0	0
neutron	939.56536	3.897074163	99998.6958	0	0
neutron	939.56536	2.831983321	99998.6958	0	0
neutron	939.56536	1.577907322	99998.6958	0	0
alpha	3727.379	9.846316334	99998.6958	0	0
alpha	3727.379	4.255992587	99998.6958	0	0
C12	11174.86339	8.197836456	99998.6958	0	0
S35	32565.27968	0.1426072679	99998.7025	0	0
Ne23	21414.10216	0.2304333425	99998.75596	0	0
neutron	939.56536	3.305387717	99998.6802	0	0
S36	33494.9558	0.01020277533	99998.6802	0	0
proton	938.272013	9.285978709	99998.64968	0	0
neutron	939.56536	3.615999463	99998.64968	0	0
neutron	939.56536	2.707447264	99998.64968	0	0
deuteron	1875.613	2.364579742	99998.64968	0	0
alpha	3727.379	8.850672958	99998.64968	0	0
C14	13040.87134	3.163981563	99998.64968	0	0
neutron	939.56536	4.894124927	99998.74256	0	0
neutron	939.56536	1.711915313	99998.74256	0	0
S33	30704.55199	0.1348573348	99998.74256	0	0
neutron	939.56536	20.38897455	99998.68089	0	0
neutron	939.56536	6.96998304	99998.68089	0	0
neutron	939.56536	0.5890718854	99998.68089	0	0
Ne20	18617.73218	1.358713769	99998.68089	0	0
neutron	939.56536	0.1880708224	99998.74713	0	0
S36	33494.9558	0.1256236683	99998.74713	0	0
neutron	939.56536	0.5090612936	99998.79474	0	0
Ne22	20479.73746	0.08547564267	99998.79474	0	0
neutron	939.56536	6.005403109	99998.69947	0	0
proton	938.272013	3.027011723	99998.69947	0	0
alpha	3727.379	10.4780589	99998.69947	0	0
Al29	26988.4858	1.725298327	99998.69947	0	0
S35	32565.27968	0.1535709051	99998.69077	0	0
neutron	939.56536	0.2405735061	99998.73449	0	0
S34	31632.70018	0.1229062881	99998.73449	0	0
neutron	939.56536	0.561156239	99998.77591	0	0
S34	31632.70018	0.2161281779	99998.77591	0	0
neutron	939.56536	6.088334579	99998.78272	0	0
neutron	939.56536	5.508899092	99998.78272	0	0
neutron	939.56536	4.059456022	99998.78272	0	0
neutron	939.56536	2.634922251	99998.78272	0	0
neutron	939.56536	1.064212047	99998.78272	0	0
S32	29773.62828	0.4370739869	99998.78272	0	0
neutron	939.56536	21.73948302	99998.69099	0	0
neutron	939.56536	4.209679963	99998.69099	0	0
neutron	939.56536	1.602424456	99998.69099	0	0
S32	29773.62828	0.4753694752	99998.69099	0	0
neutron	939.56536	9.023270611	99998.8406	0	0
neutron	939.56536	2.134398011	99998.8406	0	0
deuteron	1875.613	3.652044553	99998.8406	0	0
P33	30705.30994	0.5180538297	99998.8406	0	0
Ne23	21414.10216	0.1964433124	99998.64747	0	0
neutron	939.56536	5.958580684	99998.75011	0	0
Ne22	20479.73746	0.314403992	99998.75011	0	0
neutron	939.56536	2.91330898	99998.70581	0	0
neutron	939.56536	1.961176834	99998.70581	0	0
neutron	939.56536	1.232132884	99998.70581	0	0
neutron	939.56536	0.3425563996	99998.70581	0	0
S33	30704.55199	0.09150037708	99998.70581	0	0
neutron	939.56536	1.097809665	99998.67707	0	0
S34	31632.70018	0.07362129143	99998.67707	0	0
S35	32565.27968	0.1450632682	99998.77405	0	0
neutron	939.56536	1.123037228	99998.72122	0	0
S36	33494.9558	0.1941059484	99998.72122	0	0
S35	32565.27968	0.144201074	99998.74419	0	0
neutron	939.56536	35.33447473	99998.69126	0	0
proton	938.272013	6.297228277	99998.69126	0	0
neutron	939.56536	0.2136781121	99998.69126	0	0
P32	29775.84838	1.612471044	99998.69126	0	0
neutron	939.56536	0.8450284559	99998.8722	0	0
S36	33494.9558	0.2315189597	99998.8722	0	0
neutron	939.56536	6.846773573	99998.66549	0	0
neutron	939.56536	3.298185505	99998.66549	0	0
neutron	939.56536	1.714234869	99998.66549	0	0
S32	29773.62828	0.5004694349	99998.66549	0	0
S35	32565.27968	0.158828617	99998.60255	0	0
proton	938.272013	11.89975888	99998.75778	0	0
neutron	939.56536	1.960787496	99998.75778	0	0
neutron	939.56536	0.795248965	99998.75778	0	0
neutron	939.56536	0.2462334452	99998.75778	0	0
deuteron	1875.613	11.34526919	99998.75778	0	0
Si29	26984.28567	0.6955866789	99998.75778	0	0
neutron	939.56536	1.93562177	99998.6836	0	0
Ne22	20479.73746	0.5244563385	99998.6836	0	0
neutron	939.56536	17.98784828	99998.71	0	0
neutron	939.56536	3.932767085	99998.71	0	0
neutron	939.56536	1.365184841	99998.71	0	0
Ne20	18617.73218	1.103207384	99998.71	0	0
neutron	939.56536	1.805286068	99998.70586	0	0
S34	31632.70018	0.115146261	99998.70586	0	0
S35	32565.27968	0.1521855341	99998.68393	0	0
neutron	939.56536	17.68865455	99998.71588	0	0
neutron	939.56536	4.676277804	99998.71588	0	0
neutron	939.56536	2.783068367	99998.71588	0	0
Ne20	18617.73218	0.3317078864	99998.71588	0	0
neutron	939.56536	0.2820832134	99998.71045	0	0
alpha	3727.379	3.950333077	99998.71045	0	0
O18	16762.02378	0.860075813	99998.71045	0	0
neutron	939.56536	32.51905605	99998.73057	0	0
neutron	939.56536	16.10769415	99998.73057	0	0
neutron	939.56536	0.8981421872	99998.73057	0	0
S34	31632.70018	1.889020895	99998.73057	0	0
Ne23	21414.10216	0.2210650275	99998.74123	0	0
neutron	939.56536	0.1551989371	99998.7676	0	0
S34	31632.70018	0.1145670253	99998.7676	0	0
S37	34430.21755	0.1416477594	99998.8029	0	0
S35	32565.27968	0.1679406845	99998.80739	0	0
S35	32565.27968	0.1645182266	99998.70455	0	0
neutron	939.56536	0.219993833	99998.77508	0	0
Ne22	20479.73746	0.1585471135	99998.77508	0	0
neutron	939.56536	14.00244746	99998.8189	0	0
neutron	939.56536	2.835609548	99998.8189	0	0
neutron	939.56536	1.428161653	99998.8189	0	0
S32	29773.62828	0.6341387989	99998.8189	0	0
neutron	939.56536	1.413895767	99998.79747	0	0
S34	31632.70018	0.2694484329	99998.79747	0	0
neutron	939.56536	5.13830289	99998.69435	0	0
neutron	939.56536	3.215476197	99998.69435	0	0
S33	30704.55199	0.4308037196	99998.69435	0	0
neutron	939.56536	9.233760688	99998.73984	0	0
neutron	939.56536	1.219397654	99998.73984	0	0
neutron	939.56536	0.8988264046	99998.73984	0	0
S34	31632.70018	0.3352630123	99998.73984	0	0
neutron	939.56536	2.883192777	99998.63021	0	0
neutron	939.56536	1.264551675	99998.63021	0	0
neutron	939.56536	0.1287027002	99998.63021	0	0
S32	29773.62828	0.4819243915	99998.63021	0	0
neutron	939.56536	6.132503729	99998.67467	0	0
neutron	939.56536	1.375382331	99998.67467	0	0
neutron	939.56536	0.8168175277	99998.67467	0	0
Ne20	18617.73218	0.580474101	99998.67467	0	0
S35	32565.27968	0.1528568629	99998.75747	0	0
neutron	939.56536	0.9994482892	99998.66042	0	0
S34	31632.70018	0.08231074003	99998.66042	0	0
proton	938.272013	24.19942252	99998.69135	0	0
neutron	939.56536	1.248915332	99998.69135	0	0
F21	19556.73074	0.5193911504	99998.69135	0	0
Ne23	21414.10216	0.2196596669	99998.8616	0	0
neutron	939.56536	0.4517973768	99998.70893	0	0
S34	31632.70018	0.2237744002	99998.70893	0	0
neutron	939.56536	8.483759014	99998.81552	0	0
proton	938.272013	5.48246281	99998.81552	0	0
neutron	939.56536	3.081068459	99998.81552	0	0
proton	938.272013	2.937676254	99998.81552	0	0
neutron	939.56536	1.524700025	99998.81552	0	0
Si30	27913.24182	1.716819279	99998.81552	0	0
neutron	939.56536	3.716494619	99998.74534	0	0
neutron	939.56536	3.067051933	99998.74534	0	0
neutron	939.56536	2.622318826	99998.74534	0	0
Ne20	18617.73218	0.5911362934	99998.74534	0	0
neutron	939.56536	0.5298404676	99998.82176	0	0
Ne22	20479.73746	0.1129961967	99998.82176	0	0
neutron	939.56536	12.43941454	99998.69502	0	0
neutron	939.56536	4.704945838	99998.69502	0	0
neutron	939.56536	4.630007628	99998.69502	0	0
neutron	939.56536	3.029107147	99998.69502	0	0
neutron	939.56536	0.1876113178	99998.69502	0	0
S32	29773.62828	0.5164416357	99998.69502	0	0
neutron	939.56536	1.961769522	99998.82586	0	0
Ne22	20479.73746	0.4497669537	99998.82586	0	0
neutron	939.56536	0.2363072526	99998.72878	0	0
Ne22	20479.73746	0.1426249064	99998.72878	0	0
neutron	939.56536	0.7626000874	99998.72892	0	0
Ne22	20479.73746	0.1244113493	99998.72892	0	0
neutron	939.56536	0.2175015385	99998.65606	0	0
S34	31632.70018	0.1371455	99998.65606	0	0
neutron	939.56536	1.336446892	99998.77385	0	0
S34	31632.70018	0.2314778101	99998.77385	0	0
neutron	939.56536	5.811088159	99998.63148	0	0
neutron	939.56536	3.96305374	99998.63148	0	0
alpha	3727.379	9.214884753	99998.63148	0	0
Si29	26984.28567	1.614757746	99998.63148	0	0
neutron	939.56536	29.86461203	99998.69642	0	0
neutron	939.56536	4.070065349	99998.69642	0	0
Ne21	19550.53637	1.781735321	99998.69642	0	0
S35	32565.27968	0.1359486396	99998.79685	0	0
neutron	939.56536	48.37212645	99998.74593	0	0
neutron	939.56536	7.463147218	99998.74593	0	0
neutron	939.56536	2.023668717	99998.74593	0	0
S34	31632.70018	1.292249723	99998.74593	0	0
neutron	939.56536	42.16005294	99998.83434	0	0
proton	938.272013	22.35113508	99998.83434	0	0
F21	19556.73074	0.3536660647	99998.83434	0	0
proton	938.272013	2.778858387	99998.75609	0	0
neutron	939.56536	1.194337275	99998.75609	0	0
P33	30705.30994	0.2429129274	99998.75609	0	0
neutron	939.56536	33.03241135	99998.62251	0	0
neutron	939.56536	4.411187871	99998.62251	0	0
neutron	939.56536	0.4384637722	99998.62251	0	0
Ne20	18617.73218	2.349335979	99998.62251	0	0
neutron	939.56536	1.205303641	99998.71512	0	0
S34	31632.70018	0.09618946979	99998.71512	0	0
neutron	939.56536	0.171137422	99998.77896	0	0
Ne22	20479.73746	0.223926334	99998.77896	0	0
neutron	939.56536	0.1407497842	99998.76824	0	0
Ne22	20479.73746	0.2337271082	99998.76824	0	0
neutron	939.56536	4.92924065	99998.77567	0	0
alpha	3727.379	5.021448513	99998.77567	0	0
O18	16762.02378	0.9237160192	99998.77567	0	0
proton	938.272013	11.20159687	99998.72821	0	0
neutron	939.56536	1.321953357	99998.72821	0	0
neutron	939.56536	1.157105441	99998.72821	0	0
F20	18625.26686	1.144655407	99998.72821	0	0
S37	34430.21755	0.1408833714	99998.71888	0	0
neutron	939.56536	27.90369898	99998.73035	0	0
neutron	939.56536	3.703099039	99998.73035	0	0
neutron	939.56536	0.8317421046	99998.73035	0	0
Ne20	18617.73218	2.403810239	99998.73035	0	0
neutron	939.56536	2.158627304	99998.82299	0	0
Ne22	20479.73746	0.2889213118	99998.82299	0	0
neutron	939.56536	21.76336521	99998.81889	0	0
neutron	939.56536	5.595899281	99998.81889	0	0
neutron	939.56536	0.524430505	99998.81889	0	0
alpha	3727.379	3.275612061	99998.81889	0	0
O16	14895.08153	5.332937816	99998.81889	0	0
neutron	939.56536	0.3223001136	99998.74114	0	0
S34	31632.70018	0.220899446	99998.74114	0	0
neutron	939.56536	12.38879181	99998.66016	0	0
neutron	939.56536	8.056129786	99998.66016	0	0
proton	938.272013	3.553664002	99998.66016	0	0
neutron	939.56536	3.432274408	99998.66016	0	0
neutron	939.56536	0.5069517922	99998.66016	0	0
P30	27916.96459	0.08570857908	99998.66016	0	0
neutron	939.56536	0.09735118745	99998.72455	0	0
Ne22	20479.73746	0.1916901588	99998.72455	0	0
neutron	939.56536	18.79260275	99998.70074	0	0
neutron	939.56536	10.19271635	99998.70074	0	0
neutron	939.56536	4.59590426	99998.70074	0	0
neutron	939.56536	2.19154345	99998.70074	0	0
S33	30704.55199	0.6038408179	99998.70074	0	0
neutron	939.56536	7.175200927	99998.72789	0	0
neutron	939.56536	2.815977249	99998.72789	0	0
neutron	939.56536	1.049682351	99998.72789	0	0
Ne20	18617.73218	0.614378294	99998.72789	0	0
neutron	939.56536	1.837974657	99998.76278	0	0
Ne22	20479.73746	0.1043479328	99998.76278	0	0
neutron	939.56536	0.08974502544	99998.71962	0	0
S36	33494.9558	0.1616882993	99998.71962	0	0
S35	32565.27968	0.1612422189	99998.72659	0	0
proton	938.272013	2.435004018	99998.85092	0	0
neutron	939.56536	1.780539969	99998.85092	0	0
neutron	939.56536	1.290766039	99998.85092	0	0
F20	18625.26686	0.2534481406	99998.85092	0	0
Ne23	21414.10216	0.2133828923	99998.76787	0	0
neutron	939.56536	19.42872076	99998.7394	0	0
neutron	939.56536	2.18745757	99998.7394	0	0
neutron	939.56536	1.160528697	99998.7394	0	0
Ne20	18617.73218	1.433638081	99998.7394	0	0
neutron	939.56536	34.68056644	99998.74306	0	0
proton	938.272013	10.54276241	99998.74306	0	0
proton	938.272013	2.708141108	99998.74306	0	0
Si32	29776.58515	0.2172089008	99998.74306	0	0
neutron	939.56536	11.42451724	99998.7704	0	0
neutron	939.56536	2.166969474	99998.7704	0	0
neutron	939.56536	0.1924952014	99998.7704	0	0
alpha	3727.379	4.080254454	99998.7704	0	0
O16	14895.08153	1.155641797	99998.7704	0	0
neutron	939.56536	8.581574776	99998.69308	0	0
neutron	939.56536	7.873666168	99998.69308	0	0
neutron	939.56536	4.510840864	99998.69308	0	0
alpha	3727.379	7.281500262	99998.69308	0	0
O16	14895.08153	3.088829609	99998.69308	0	0
neutron	939.56536	3.13550747	99998.73203	0	0
S34	31632.70018	0.3386636622	99998.73203	0	0
neutron	939.56536	0.1562993605	99998.80426	0	0
Ne22	20479.73746	0.251163061	99998.80426	0	0
neutron	939.56536	17.36676184	99998.71349	0	0
proton	938.272013	2.302728119	99998.71349	0	0
neutron	939.56536	2.01178491	99998.71349	0	0
neutron	939.56536	1.882270336	99998.71349	0	0
P33	30705.30994	0.6433702637	99998.71349	0	0
neutron	939.56536	0.2028671291	99998.70748	0	0
Ne22	20479.73746	0.1671435704	99998.70748	0	0
Ne23	21414.10216	0.2260806177	99998.79269	0	0
neutron	939.56536	0.638724084	99998.70489	0	0
S34	31632.70018	0.08213715894	99998.70489	0	0
S35	32565.27968	0.1421175132	99998.7487	0	0
neutron	939.56536	29.05434576	99998.79306	0	0
neutron	939.56536	25.46634333	99998.79306	0	0
neutron	939.56536	4.092469142	99998.79306	0	0
S32	29773.62828	0.1145209663	99998.79306	0	0
S37	34430.21755	0.124980851	99998.69853	0	0
neutron	939.56536	0.2279354178	99998.75525	0	0
S34	31632.70018	0.1441405104	99998.75525	0	0
proton	938.272013	31.83084105	99998.68365	0	0
neutron	939.56536	3.817708539	99998.68365	0	0
proton	938.272013	2.389995943	99998.68365	0	0
neutron	939.56536	1.872072554	99998.68365	0	0
neutron	939.56536	0.3517334926	99998.68365	0	0
O18	16762.02378	4.076809816	99998.68365	0	0
neutron	939.56536	21.91607167	99998.79083	0	0
neutron	939.56536	6.588111645	99998.79083	0	0
neutron	939.56536	1.261679036	99998.79083	0	0
Ne20	18617.73218	1.394552679	99998.79083	0	0
neutron	939.56536	11.61654394	99998.71876	0	0
neutron	939.56536	4.480873757	99998.71876	0	0
neutron	939.56536	0.05742407276	99998.71876	0	0
S32	29773.62828	0.5145100842	99998.71876	0	0
neutron	939.56536	1.83608298	99998.72815	0	0
S34	31632.70018	0.06693001568	99998.72815	0	0
Ne23	21414.10216	0.2308601523	99999.02996	0	0
Ne23	21414.10216	0.2219953958	99998.71728	0	0
S37	34430.21755	0.1329857208	99998.79841	0	0
neutron	939.56536	0.156886133	99998.81482	0	0
S34	31632.70018	0.1064433939	99998.81482	0	0
neutron	939.56536	0.3294432308	99998.80982	0	0
S34	31632.70018	0.1602006202	99998.80982	0	0
neutron	939.56536	25.23117285	99998.76296	0	0
neutron	939.56536	6.231621443	99998.76296	0	0
S35	32565.27968	0.5701194855	99998.76296	0	0
S35	32565.27968	0.1522547452	99998.71739	0	0
S35	32565.27968	0.1402113081	99998.70943	0	0
proton	938.272013	12.61090146	99998.65552	0	0
neutron	939.56536	6.553032633	99998.65552	0	0
neutron	939.56536	3.62957258	99998.65552	0	0
neutron	939.56536	0.6517371725	99998.65552	0	0
F19	17692.30285	0.710654478	99998.65552	0	0
Ne23	21414.10216	0.2328613858	99998.8275	0	0
neutron	939.56536	4.758644411	99998.70912	0	0
neutron	939.56536	1.651130523	99998.70912	0	0
neutron	939.56536	1.39200256	99998.70912	0	0
alpha	3727.379	3.460780676	99998.70912	0	0
O16	14895.08153	2.445526119	99998.70912	0	0
Ne23	21414.10216	0.2349471961	99998.76613	0	0
neutron	939.56536	0.3525302128	99998.76717	0	0
S34	31632.70018	0.2200413335	99998.76717	0	0
neutron	939.56536	28.25899628	99998.74573	0	0
neutron	939.56536	11.42204472	99998.74573	0	0
proton	938.272013	1.179033508	99998.74573	0	0
neutron	939.56536	0.2313577339	99998.74573	0	0
alpha	3727.379	2.060969651	99998.74573	0	0
N15	13968.93638	5.031250407	99998.74573	0	0
S35	32565.27968	0.1425269956	99998.73524	0	0
proton	938.272013	4.303486385	99998.72871	0	0
neutron	939.56536	2.849871262	99998.72871	0	0
P33	30705.30994	0.1559659284	99998.72871	0	0
neutron	939.56536	3.412831041	99998.71511	0	0
S34	31632.70018	0.3679750757	99998.71511	0	0
proton	938.272013	10.80007569	99998.76744	0	0
neutron	939.56536	10.74072909	99998.76744	0	0
neutron	939.56536	5.106470901	99998.76744	0	0
neutron	939.56536	1.828694202	99998.76744	0	0
neutron	939.56536	0.4869639697	99998.76744	0	0
P30	27916.96459	0.8875130847	99998.76744	0	0
neutron	939.56536	1.169903915	99998.76159	0	0
Ne22	20479.73746	0.4330939111	99998.76159	0	0
neutron	939.56536	2.916284461	99998.73405	0	0
Ne22	20479.73746	0.6075163832	99998.73405	0	0
neutron	939.56536	1.583802745	99998.7728	0	0
S34	31632.70018	0.06701785511	99998.7728	0	0
neutron	939.56536	30.51578444	99998.74417	0	0
proton	938.272013	5.697142602	99998.74417	0	0
neutron	939.56536	0.6591771264	99998.74417	0	0
deuteron	1875.613	8.148506416	99998.74417	0	0
Si30	27913.24182	0.8374166458	99998.74417	0	0
S35	32565.27968	0.1494319524	99998.72118	0	0
neutron	939.56536	11.32099756	99998.78415	0	0
neutron	939.56536	7.314298022	99998.78415	0	0
neutron	939.56536	5.246745587	99998.78415	0	0
proton	938.272013	2.321175701	99998.78415	0	0
P31	28844.21869	1.071470175	99998.78415	0	0
neutron	939.56536	2.041868582	99998.74172	0	0
neutron	939.56536	1.798051701	99998.74172	0	0
neutron	939.56536	1.488180806	99998.74172	0	0
Ne20	18617.73218	0.152930754	99998.74172	0	0
neutron	939.56536	0.2544481127	99998.77205	0	0
Ne22	20479.73746	0.2401126994	99998.77205	0	0
neutron	939.56536	1.630115747	99998.72528	0	0
neutron	939.56536	0.6824327583	99998.72528	0	0
S33	30704.55199	0.1075931321	99998.72528	0	0
neutron	939.56536	1.366925182	99998.80301	0	0
Ne22	20479.73746	0.1160104958	99998.80301	0	0
neutron	939.56536	25.64747975	99998.70526	0	0
neutron	939.56536	4.578463996	99998.70526	0	0
Ne21	19550.53637	1.728275333	99998.70526	0	0
Ne23	21414.10216	0.2192546635	99998.77258	0	0
neutron	939.56536	0.6295514259	99998.65904	0	0
S34	31632.70018	0.06433877406	99998.65904	0	0
neutron	939.56536	38.60197802	99998.77702	0	0
neutron	939.56536	13.23688278	99998.77702	0	0
neutron	939.56536	0.9969788892	99998.77702	0	0
S32	29773.62828	0.5744600392	99998.77702	0	0
neutron	939.56536	1.327012474	99998.66847	0	0
S34	31632.70018	0.2908601224	99998.66847	0	0
neutron	939.56536	0.8549610941	99998.7563	0	0
Ne22	20479.73746	0.06280945986	99998.7563	0	0
neutron	939.56536	40.68217395	99998.77387	0	0
neutron	939.56536	2.347087271	99998.77387	0	0
neutron	939.56536	2.053172286	99998.77387	0	0
Ne20	18617.73218	1.096242292	99998.77387	0	0
proton	938.272013	8.929227302	99998.75519	0	0
proton	938.272013	3.04415605	99998.75519	0	0
neutron	939.56536	1.831724446	99998.75519	0	0
neutron	939.56536	0.7559870662	99998.75519	0	0
Si31	28846.21977	0.4869647246	99998.75519	0	0
S37	34430.21755	0.1377479942	99998.77857	0	0
neutron	939.56536	38.92994715	99998.75558	0	0
neutron	939.56536	3.147651495	99998.75558	0	0
neutron	939.56536	2.815547893	99998.75558	0	0
alpha	3727.379	1.967071874	99998.75558	0	0
O16	14895.08153	4.654381785	99998.75558	0	0
neutron	939.56536	1.759072289	99998.71435	0	0
Ne22	20479.73746	0.05504884095	99998.71435	0	0
neutron	939.56536	0.6838459993	99998.68235	0	0
Ne22	20479.73746	0.1949422127	99998.68235	0	0
proton	938.272013	9.241557097	99998.78451	0	0
neutron	939.56536	8.61689358	99998.78451	0	0
neutron	939.56536	5.071201444	99998.78451	0	0
neutron	939.56536	2.769614842	99998.78451	0	0
F19	17692.30285	0.4807943326	99998.78451	0	0
S35	32565.27968	0.1425593048	99998.77669	0	0
neutron	939.56536	4.196482161	99998.73688	0	0
S34	31632.70018	0.2134856944	99998.73688	0	0
neutron	939.56536	0.9348970881	99998.70372	0	0
Ne22	20479.73746	0.1237097039	99998.70372	0	0
S35	32565.27968	0.1653296785	99998.81311	0	0
S35	32565.27968	0.1674597957	99998.77387	0	0
Ne23	21414.10216	0.206411929	99998.80362	0	0
neutron	939.56536	1.642153079	99998.78387	0	0
S34	31632.70018	0.2168393915	99998.78387	0	0
neutron	939.56536	16.63949753	99998.70818	0	0
neutron	939.56536	12.16221997	99998.70818	0	0
neutron	939.56536	3.061635529	99998.70818	0	0
neutron	939.56536	0.5477660971	99998.70818	0	0
S33	30704.55199	0.7100202563	99998.70818	0	0
neutron	939.56536	2.680589029	99998.70658	0	0
neutron	939.56536	1.836323384	99998.70658	0	0
neutron	939.56536	0.7933365214	99998.70658	0	0
Ne20	18617.73218	0.1091741752	99998.70658	0	0
neutron	939.56536	0.04253794895	99998.70495	0	0
S34	31632.70018	0.1647497744	99998.70495	0	0
neutron	939.56536	10.2316528	99998.74017	0	0
neutron	939.56536	5.047295051	99998.74017	0	0
neutron	939.56536	3.742361548	99998.74017	0	0
proton	938.272013	3.133315254	99998.74017	0	0
proton	938.272013	2.896413977	99998.74017	0	0
Si30	27913.24182	0.4230917346	99998.74017	0	0
S35	32565.27968	0.1572595089	99998.82657	0	0
neutron	939.56536	0.7564198852	99998.77597	0	0
S34	31632.70018	0.1125333979	99998.77597	0	0
neutron	939.56536	14.41861732	99998.77696	0	0
proton	938.272013	6.349827081	99998.77696	0	0
neutron	939.56536	1.168090574	99998.77696	0	0
P32	29775.84838	0.3364358592	99998.77696	0	0
neutron	939.56536	23.20156451	99998.67998	0	0
proton	938.272013	14.90417663	99998.67998	0	0
neutron	939.56536	0.2797263183	99998.67998	0	0
P32	29775.84838	0.4370781686	99998.67998	0	0
neutron	939.56536	4.601489964	99998.73595	0	0
proton	938.272013	4.147970495	99998.73595	0	0
proton	938.272013	3.632575775	99998.73595	0	0
neutron	939.56536	2.932628006	99998.73595	0	0
neutron	939.56536	1.230544273	99998.73595	0	0
Si30	27913.24182	0.2434547624	99998.73595	0	0
Ne23	21414.10216	0.2255561369	99998.62987	0	0
proton	938.272013	8.133279401	99998.663	0	0
proton	938.272013	4.038068616	99998.663	0	0
neutron	939.56536	2.586636806	99998.663	0	0
neutron	939.56536	1.970035525	99998.663	0	0
neutron	939.56536	0.2183398157	99998.663	0	0
alpha	3727.379	9.68110109	99998.663	0	0
Mg26	24196.50368	1.064346675	99998.663	0	0
neutron	939.56536	0.4585166345	99998.78988	0	0
S34	31632.70018	0.1906011477	99998.78988	0	0
neutron	939.56536	1.085729247	99998.81906	0	0
Ne22	20479.73746	0.3464167509	99998.81906	0	0
Ne23	21414.10216	0.2245605546	99998.73121	0	0
neutron	939.56536	29.91664018	99998.75935	0	0
neutron	939.56536	3.61976898	99998.75935	0	0
neutron	939.56536	1.345847963	99998.75935	0	0
S32	29773.62828	0.5630980456	99998.75935	0	0
S35	32565.27968	0.1563476017	99998.75376	0	0
Ne23	21414.10216	0.2091755427	99998.7803	0	0
neutron	939.56536	31.01931005	99998.74858	0	0
neutron	939.56536	17.82871781	99998.74858	0	0
neutron	939.56536	2.581997215	99998.74858	0	0
Ne20	18617.73218	0.8715675803	99998.74858	0	0
neutron	939.56536	0.4305407417	99998.73177	0	0
S34	31632.70018	0.1457419097	99998.73177	0	0
Ne23	21414.10216	0.2154160242	99998.75626	0	0
neutron	939.56536	7.671677889	99998.63582	0	0
Ne22	20479.73746	0.6061295652	99998.63582	0	0
neutron	939.56536	2.969544916	99998.75472	0	0
S34	31632.70018	0.2981284025	99998.75472	0	0
proton	938.272013	29.54790834	99998.746	0	0
neutron	939.56536	10.25627217	99998.746	0	0
neutron	939.56536	5.174396541	99998.746	0	0
neutron	939.56536	1.160960693	99998.746	0	0
P31	28844.21869	0.714035928	99998.746	0	0
neutron	939.56536	6.231831393	99998.85507	0	0
neutron	939.56536	0.898596841	99998.85507	0	0
Ne21	19550.53637	0.5684852631	99998.85507	0	0
neutron	939.56536	0.471873573	99998.72578	0	0
Ne22	20479.73746	0.3072554041	99998.72578	0	0
neutron	939.56536	0.8516019441	99998.76418	0	0
S34	31632.70018	0.200186082	99998.76418	0	0
neutron	939.56536	1.197297233	99998.78585	0	0
S34	31632.70018	0.04430800229	99998.78585	0	0
neutron	939.56536	2.610234114	99998.78743	0	0
S34	31632.70018	0.3407074652	99998.78743	0	0
neutron	939.56536	0.6082660168	99998.75711	0	0
S36	33494.9558	0.1439810545	99998.75711	0	0
neutron	939.56536	1.973805012	99998.86128	0	0
neutron	939.56536	1.347163387	99998.86128	0	0
neutron	939.56536	0.3903342694	99998.86128	0	0
S32	29773.62828	0.4089567503	99998.86128	0	0
neutron	939.56536	0.5720959715	99999.15988	0	0
S34	31632.70018	0.1446182017	99999.15988	0	0
neutron	939.56536	1.672328143	99998.70024	0	0
neutron	939.56536	0.7388649102	99998.70024	0	0
neutron	939.56536	0.5745639865	99998.70024	0	0
S32	29773.62828	0.376136155	99998.70024	0	0
neutron	939.56536	28.33465762	99998.76788	0	0
neutron	939.56536	3.142796103	99998.76788	0	0
neutron	939.56536	2.353002506	99998.76788	0	0
alpha	3727.379	6.164448411	99998.76788	0	0
O16	14895.08153	1.883312196	99998.76788	0	0
neutron	939.56536	1.130170834	99998.72262	0	0
S34	31632.70018	0.2517951152	99998.72262	0	0
neutron	939.56536	1.952166877	99998.63715	0	0
neutron	939.56536	1.472287958	99998.63715	0	0
S35	32565.27968	0.1991974914	99998.63715	0	0
neutron	939.56536	9.790325703	99998.70783	0	0
neutron	939.56536	1.343972902	99998.70783	0	0
S35	32565.27968	0.05898715764	99998.70783	0	0
neutron	939.56536	0.6331320733	99998.70699	0	0
S34	31632.70018	0.1083713671	99998.70699	0	0
neutron	939.56536	12.69037682	99998.77666	0	0
neutron	939.56536	10.45884569	99998.77666	0	0
neutron	939.56536	0.5825184856	99998.77666	0	0
Ne20	18617.73218	0.3686945412	99998.77666	0	0
neutron	939.56536	6.651857636	99998.73054	0	0
S34	31632.70018	0.358894741	99998.73054	0	0
S35	32565.27968	0.1537067995	99998.69983	0	0
neutron	939.56536	8.329024699	99998.73526	0	0
proton	938.272013	3.726288291	99998.73526	0	0
neutron	939.56536	2.759266676	99998.73526	0	0
neutron	939.56536	2.133440171	99998.73526	0	0
F19	17692.30285	0.7306835778	99998.73526	0	0
neutron	939.56536	11.4635808	99998.73209	0	0
proton	938.272013	3.675617359	99998.73209	0	0
neutron	939.56536	1.13366461	99998.73209	0	0
neutron	939.56536	0.782968952	99998.73209	0	0
P31	28844.21869	0.5414832756	99998.73209	0	0
neutron	939.56536	0.6891102714	99998.79723	0	0
S34	31632.70018	0.1075864751	99998.79723	0	0
proton	938.272013	2.338990733	99998.74975	0	0
neutron	939.56536	1.457151576	99998.74975	0	0
F21	19556.73074	0.78560528	99998.74975	0	0
neutron	939.56536	1.197364725	99998.72	0	0
Ne22	20479.73746	0.4307464599	99998.72	0	0
neutron	939.56536	0.6096112344	99998.79386	0	0
S34	31632.70018	0.07427241347	99998.79386	0	0
neutron	939.56536	3.025829431	99998.67806	0	0
S34	31632.70018	0.01785015267	99998.67806	0	0
S37	34430.21755	0.133781872	99998.69369	0	0
neutron	939.56536	3.203032109	99998.73597	0	0
neutron	939.56536	1.992448817	99998.73597	0	0
neutron	939.56536	0.1763292085	99998.73597	0	0
S32	29773.62828	0.4413696533	99998.73597	0	0
proton	938.272013	13.32824615	99998.70505	0	0
neutron	939.56536	2.624234502	99998.70505	0	0
P33	30705.30994	0.3694671059	99998.70505	0	0
neutron	939.56536	0.8668946505	99998.81239	0	0
S34	31632.70018	0.1399467119	99998.81239	0	0
S35	32565.27968	0.1601876409	99998.81091	0	0
neutron	939.56536	0.75563013	99998.72864	0	0
Ne22	20479.73746	0.1906294065	99998.72864	0	0
neutron	939.56536	11.07710766	99998.68694	0	0
proton	938.272013	10.60450488	99998.68694	0	0
neutron	939.56536	6.487984174	99998.68694	0	0
neutron	939.56536	1.84857855	99998.68694	0	0
F19	17692.30285	0.8867485753	99998.68694	0	0
neutron	939.56536	0.6357107311	99998.68114	0	0
S34	31632.70018	0.2306367605	99998.68114	0	0
neutron	939.56536	4.768300959	99998.73938	0	0
neutron	939.56536	4.081680124	99998.73938	0	0
neutron	939.56536	3.17453582	99998.73938	0	0
S32	29773.62828	0.6784824831	99998.73938	0	0
neutron	939.56536	29.47753296	99998.6913	0	0
neutron	939.56536	19.35514412	99998.6913	0	0
neutron	939.56536	2.032112548	99998.6913	0	0
S34	31632.70018	0.249407112	99998.6913	0	0
proton	938.272013	16.17037019	99998.88795	0	0
proton	938.272013	5.301718701	99998.88795	0	0
neutron	939.56536	5.071659392	99998.88795	0	0
O20	18629.59082	1.14696156	99998.88795	0	0
Ne23	21414.10216	0.2324942627	99998.78331	0	0
neutron	939.56536	7.886266014	99998.78302	0	0
neutron	939.56536	6.659512925	99998.78302	0	0
proton	938.272013	4.972409905	99998.78302	0	0
neutron	939.56536	4.062577095	99998.78302	0	0
proton	938.272013	2.373341605	99998.78302	0	0
Si30	27913.24182	0.432921182	99998.78302	0	0
neutron	939.56536	0.4795179662	99998.66774	0	0
S34	31632.70018	0.2173799152	99998.66774	0	0
neutron	939.56536	5.028723311	99998.71748	0	0
neutron	939.56536	3.264579893	99998.71748	0	0
neutron	939.56536	1.050124305	99998.71748	0	0
Ne20	18617.73218	0.5308746286	99998.71748	0	0
neutron	939.56536	0.723037102	99998.72197	0	0
S34	31632.70018	0.1086941353	99998.72197	0	0
neutron	939.56536	0.9357166065	99998.61956	0	0
S34	31632.70018	0.2714178616	99998.61956	0	0
neutron	939.56536	3.910240352	99998.79035	0	0
neutron	939.56536	1.203534353	99998.79035	0	0
Ne21	19550.53637	0.2284267328	99998.79035	0	0
neutron	939.56536	2.452912497	99998.77874	0	0
Ne22	20479.73746	0.273173629	99998.77874	0	0
neutron	939.56536	0.7410792762	99998.7995	0	0
Ne22	20479.73746	0.3292365902	99998.7995	0	0
neutron	939.56536	5.050308794	99998.77442	0	0
neutron	939.56536	3.486807003	99998.77442	0	0
neutron	939.56536	2.671118541	99998.77442	0	0
alpha	3727.379	8.718133431	99998.77442	0	0
Si28	26053.19393	1.479880228	99998.77442	0	0
Ne23	21414.10216	0.2324620018	99998.83129	0	0
Ne23	21414.10216	0.2309833479	99998.71159	0	0
Ne23	21414.10216	0.2311297648	99998.66966	0	0
neutron	939.56536	25.81694771	99998.83159	0	0
neutron	939.56536	1.641115487	99998.83159	0	0
neutron	939.56536	1.114134401	99998.83159	0	0
alpha	3727.379	10.57049133	99998.83159	0	0
O16	14895.08153	1.322922789	99998.83159	0	0
neutron	939.56536	2.218838386	99998.6593	0	0
S34	31632.70018	0.1873572885	99998.6593	0	0
neutron	939.56536	9.394841927	99998.86832	0	0
neutron	939.56536	7.891971598	99998.86832	0	0
neutron	939.56536	1.524095117	99998.86832	0	0
Ne20	18617.73218	0.2709705275	99998.86832	0	0
neutron	939.56536	16.79333169	99998.73563	0	0
neutron	939.56536	15.80831772	99998.73563	0	0
neutron	939.56536	7.253874312	99998.73563	0	0
proton	938.272013	4.126669632	99998.73563	0	0
P31	28844.21869	1.050971168	99998.73563	0	0
proton	938.272013	3.671980633	99998.72286	0	0
neutron	939.56536	3.139525683	99998.72286	0	0
neutron	939.56536	1.260848587	99998.72286	0	0
P32	29775.84838	0.2288617164	99998.72286	0	0
S37	34430.21755	0.1266978038	99998.74468	0	0
S37	34430.21755	0.1394321155	99998.71803	0	0
S35	32565.27968	0.1462537948	99998.76644	0	0
neutron	939.56536	19.08531131	99998.72589	0	0
neutron	939.56536	3.084595908	99998.72589	0	0
Ne21	19550.53637	0.6676348817	99998.72589	0	0
neutron	939.56536	4.487298046	99998.6492	0	0
S34	31632.70018	0.03964899318	99998.6492	0	0
neutron	939.56536	12.50973195	99998.69815	0	0
neutron	939.56536	1.997106831	99998.69815	0	0
neutron	939.56536	1.675037647	99998.69815	0	0
alpha	3727.379	6.00755236	99998.69815	0	0
O16	14895.08153	2.393792393	99998.69815	0	0
S35	32565.27968	0.1368466474	99998.85014	0	0
S37	34430.21755	0.1390051943	99998.79377	0	0
proton	938.272013	6.266756358	99998.78485	0	0
neutron	939.56536	1.665287355	99998.78485	0	0
neutron	939.56536	0.3456427091	99998.78485	0	0
P32	29775.84838	0.2486890341	99998.78485	0	0
S35	32565.27968	0.1589326073	99998.67867	0	0
Ne23	21414.10216	0.193770546	99998.70695	0	0
neutron	939.56536	0.8350642134	99998.79817	0	0
S34	31632.70018	0.2405582225	99998.79817	0	0
Ne23	21414.10216	0.2220404251	99998.76865	0	0
neutron	939.56536	1.238942499	99998.73584	0	0
S34	31632.70018	0.03613353357	99998.73584	0	0
neutron	939.56536	40.49232268	99998.70051	0	0
neutron	939.56536	9.524415747	99998.70051	0	0
neutron	939.56536	1.847322265	99998.70051	0	0
S32	29773.62828	0.7203189115	99998.70051	0	0
S35	32565.27968	0.1575502527	99998.78296	0	0
neutron	939.56536	10.10653143	99998.82987	0	0
neutron	939.56536	8.926701254	99998.82987	0	0
neutron	939.56536	3.201560516	99998.82987	0	0
Ne20	18617.73218	0.5247328486	99998.82987	0	0
S35	32565.27968	0.1429269133	99998.71627	0	0
S35	32565.27968	0.1530950118	99998.59631	0	0
neutron	939.56536	3.071900717	99998.75383	0	0
S34	31632.70018	0.05786804551	99998.75383	0	0
neutron	939.56536	1.640978439	99998.71587	0	0
S34	31632.70018	0.3063266194	99998.71587	0	0
S35	32565.27968	0.1669004259	99998.73278	0	0
Ne23	21414.10216	0.2233804165	99998.77037	0	0
neutron	939.56536	1.232564168	99998.76785	0	0
S34	31632.70018	0.2511023716	99998.76785	0	0
neutron	939.56536	20.8987822	99998.68587	0	0
neutron	939.56536	10.12801289	99998.68587	0	0
neutron	939.56536	3.574064099	99998.68587	0	0
alpha	3727.379	6.566631216	99998.68587	0	0
O16	14895.08153	1.60741797	99998.68587	0	0
neutron	939.56536	0.4287856407	99998.6535	0	0
S34	31632.70018	0.2139065347	99998.6535	0	0
Ne23	21414.10216	0.2169917648	99998.70922	0	0
Ne23	21414.10216	0.2128323791	99998.75617	0	0
proton	938.272013	8.203230498	99998.64006	0	0
neutron	939.56536	5.617324024	99998.64006	0	0
proton	938.272013	2.709169513	99998.64006	0	0
O20	18629.59082	1.542654877	99998.64006	0	0
neutron	939.56536	5.177069919	99998.75646	0	0
neutron	939.56536	2.308500099	99998.75646	0	0
neutron	939.56536	1.177088309	99998.75646	0	0
Ne20	18617.73218	0.4492540618	99998.75646	0	0
neutron	939.56536	1.199282153	99998.74	0	0
S34	31632.70018	0.1848631687	99998.74	0	0
Ne23	21414.10216	0.2213167467	99998.64983	0	0
S35	32565.27968	0.1375377522	99998.72355	0	0
proton	938.272013	13.95184843	99998.76379	0	0
neutron	939.56536	1.544675915	99998.76379	0	0
neutron	939.56536	0.7878915354	99998.76379	0	0
F20	18625.26686	1.0751799	99998.76379	0	0
neutron	939.56536	15.45512093	99998.78392	0	0
proton	938.272013	6.319587871	99998.78392	0	0
neutron	939.56536	1.829657878	99998.78392	0	0
neutron	939.56536	1.503590093	99998.78392	0	0
P33	30705.30994	0.7665857163	99998.78392	0	0
Ne23	21414.10216	0.2109337757	99998.75434	0	0
neutron	939.56536	15.98695392	99998.66392	0	0
proton	938.272013	12.20366509	99998.66392	0	0
neutron	939.56536	6.262789973	99998.66392	0	0
neutron	939.56536	0.7710588792	99998.66392	0	0
P31	28844.21869	0.3614944855	99998.66392	0	0
neutron	939.56536	15.74694494	99998.66518	0	0
neutron	939.56536	3.911324698	99998.66518	0	0
neutron	939.56536	3.10384645	99998.66518	0	0
alpha	3727.379	6.135200833	99998.66518	0	0
O16	14895.08153	2.212273964	99998.66518	0	0
neutron	939.56536	1.37923919	99998.79544	0	0
neutron	939.56536	1.061562899	99998.79544	0	0
neutron	939.56536	1.051618317	99998.79544	0	0
S32	29773.62828	0.03661601379	99998.79544	0	0
neutron	939.56536	6.826450868	99998.84047	0	0
proton	938.272013	2.80219728	99998.84047	0	0
neutron	939.56536	2.626665583	99998.84047	0	0
neutron	939.56536	0.09231874835	99998.84047	0	0
F19	17692.30285	0.5618339159	99998.84047	0	0
neutron	939.56536	1.020675614	99998.75029	0	0
S34	31632.70018	0.2283961679	99998.75029	0	0
neutron	939.56536	39.64943661	99998.66497	0	0
neutron	939.56536	21.88573651	99998.66497	0	0
neutron	939.56536	0.5536513798	99998.66497	0	0
S32	29773.62828	1.901713599	99998.66497	0	0
S35	32565.27968	0.1541229663	99998.74036	0	0
neutron	939.56536	1.789121852	99998.74482	0	0
Ne22	20479.73746	0.2204474448	99998.74482	0	0
S35	32565.27968	0.1571929686	99998.67224	0	0
Ne23	21414.10216	0.2132385694	99998.75576	0	0
S37	34430.21755	0.1432197764	99998.68556	0	0
neutron	939.56536	1.501854037	99998.74687	0	0
Ne22	20479.73746	0.2198625257	99998.74687	0	0
neutron	939.56536	1.435382818	99998.77857	0	0
S34	31632.70018	0.3146116405	99998.77857	0	0
neutron	939.56536	0.5357848544	99998.73263	0	0
S34	31632.70018	0.2472081843	99998.73263	0	0
neutron	939.56536	1.185661549	99998.758	0	0
S34	31632.70018	0.1020518449	99998.758	0	0
neutron	939.56536	9.342271691	99998.69338	0	0
neutron	939.56536	5.285738029	99998.69338	0	0
proton	938.272013	4.427901024	99998.69338	0	0
neutron	939.56536	1.598901971	99998.69338	0	0
P31	28844.21869	0.8243942823	99998.69338	0	0
neutron	939.56536	16.17295522	99998.76168	0	0
proton	938.272013	13.51977363	99998.76168	0	0
neutron	939.56536	1.082234113	99998.76168	0	0
P32	29775.84838	0.6476845016	99998.76168	0	0
neutron	939.56536	2.450803304	99998.73393	0	0
S36	33494.9558	0.2697616222	99998.73393	0	0
S35	32565.27968	0.1556143546	99998.80144	0	0
neutron	939.56536	3.401107083	99998.70255	0	0
neutron	939.56536	2.625069919	99998.70255	0	0
S33	30704.55199	0.2422278645	99998.70255	0	0
S35	32565.27968	0.1552505385	99998.79317	0	0
neutron	939.56536	1.526970418	99998.75772	0	0
S34	31632.70018	0.1433493801	99998.75772	0	0
S35	32565.27968	0.1345963383	99998.67569	0	0
Ne23	21414.10216	0.23102656	99998.75372	0	0
neutron	939.56536	2.531405807	99998.81915	0	0
neutron	939.56536	1.065544559	99998.81915	0	0
Ne21	19550.53637	0.2839130182	99998.81915	0	0
neutron	939.56536	1.527033762	99998.77807	0	0
S34	31632.70018	0.292718865	99998.77807	0	0
S35	32565.27968	0.1612098228	99998.76053	0	0
Ne23	21414.10216	0.2292152723	99998.72455	0	0
Ne23	21414.10216	0.2178749616	99998.76603	0	0
Ne23	21414.10216	0.2164387572	99998.77938	0	0
S35	32565.27968	0.1605724727	99998.72867	0	0
neutron	939.56536	33.52315033	99998.66609	0	0
neutron	939.56536	1.585990484	99998.66609	0	0
S35	32565.27968	0.5221756749	99998.66609	0	0
neutron	939.56536	3.627880677	99998.78434	0	0
S34	31632.70018	0.2970244612	99998.78434	0	0
neutron	939.56536	0.7266240187	99998.78831	0	0
S34	31632.70018	0.1539133073	99998.78831	0	0
neutron	939.56536	8.411442895	99998.82326	0	0
neutron	939.56536	6.761931226	99998.82326	0	0
neutron	939.56536	6.075316204	99998.82326	0	0
alpha	3727.379	6.087979652	99998.82326	0	0
O16	14895.08153	1.473880477	99998.82326	0	0
neutron	939.56536	0.4482383034	99998.77497	0	0
S36	33494.9558	0.1707152805	99998.77497	0	0
Ne23	21414.10216	0.2263813235	99998.76991	0	0
S35	32565.27968	0.1619062199	99998.78998	0	0
S35	32565.27968	0.1507372337	99998.77428	0	0
proton	938.272013	14.49984591	99998.76156	0	0
proton	938.272013	4.842785993	99998.76156	0	0
neutron	939.56536	4.307930884	99998.76156	0	0
neutron	939.56536	1.064690131	99998.76156	0	0
neutron	939.56536	0.1256156346	99998.76156	0	0
Si30	27913.24182	1.424204045	99998.76156	0	0
neutron	939.56536	4.188138483	99998.7298	0	0
S34	31632.70018	0.2621165717	99998.7298	0	0
neutron	939.56536	2.900820344	99998.75256	0	0
neutron	939.56536	1.143800796	99998.75256	0	0
S35	32565.27968	0.06887272593	99998.75256	0	0
S35	32565.27968	0.1468528071	99998.69939	0	0
Ne23	21414.10216	0.2298230411	99998.76977	0	0
neutron	939.56536	0.7592210825	99998.71345	0	0
S34	31632.70018	0.2707236809	99998.71345	0	0
neutron	939.56536	0.5469281841	99998.76784	0	0
S34	31632.70018	0.220516049	99998.76784	0	0
neutron	939.56536	5.652778177	99998.76342	0	0
neutron	939.56536	2.388647404	99998.76342	0	0
neutron	939.56536	1.911099466	99998.76342	0	0
alpha	3727.379	7.356726431	99998.76342	0	0
O16	14895.08153	1.267537695	99998.76342	0	0
neutron	939.56536	0.2912155372	99998.72059	0	0
S34	31632.70018	0.1887334418	99998.72059	0	0
S35	32565.27968	0.1640526675	99998.72712	0	0
neutron	939.56536	0.2427062185	99998.73015	0	0
S34	31632.70018	0.1108650311	99998.73015	0	0
neutron	939.56536	0.829807481	99998.78477	0	0
S34	31632.70018	0.07360117138	99998.78477	0	0
neutron	939.56536	2.36136221	99998.71139	0	0
Ne22	20479.73746	0.1830231561	99998.71139	0	0
neutron	939.56536	15.99418514	99998.71325	0	0
neutron	939.56536	15.31242464	99998.71325	0	0
neutron	939.56536	3.013493853	99998.71325	0	0
Ne20	18617.73218	0.5383060933	99998.71325	0	0
neutron	939.56536	3.220183559	99998.81506	0	0
neutron	939.56536	0.990356202	99998.81506	0	0
Ne21	19550.53637	0.02231698545	99998.81506	0	0
Ne23	21414.10216	0.2185094062	99998.7137	0	0
proton	938.272013	4.137175189	99998.70994	0	0
neutron	939.56536	2.513797342	99998.70994	0	0
neutron	939.56536	1.363011655	99998.70994	0	0
neutron	939.56536	0.7815346042	99998.70994	0	0
P31	28844.21869	0.1211892659	99998.70994	0	0
Ne23	21414.10216	0.2233357928	99998.76493	0	0
neutron	939.56536	4.049730493	99998.77037	0	0
neutron	939.56536	2.133345811	99998.77037	0	0
neutron	939.56536	0.9512770524	99998.77037	0	0
S34	31632.70018	0.009809700117	99998.77037	0	0
neutron	939.56536	10.47614243	99998.74086	0	0
alpha	3727.379	9.306301502	99998.74086	0	0
O18	16762.02378	1.889264454	99998.74086	0	0
proton	938.272013	9.533288153	99998.74061	0	0
neutron	939.56536	6.592793377	99998.74061	0	0
neutron	939.56536	4.905313552	99998.74061	0	0
neutron	939.56536	3.04199337	99998.74061	0	0
alpha	3727.379	5.514504345	99998.74061	0	0
N15	13968.93638	0.5836026839	99998.74061	0	0
neutron	939.56536	0.4886100752	99998.74049	0	0
S34	31632.70018	0.1328553433	99998.74049	0	0
neutron	939.56536	3.921728743	99998.77031	0	0
neutron	939.56536	3.531398795	99998.77031	0	0
neutron	939.56536	1.353187428	99998.77031	0	0
Ne20	18617.73218	0.1912092948	99998.77031	0	0
proton	938.272013	4.644131807	99998.75973	0	0
neutron	939.56536	4.110385165	99998.75973	0	0
neutron	939.56536	2.234430546	99998.75973	0	0
P32	29775.84838	0.2696019277	99998.75973	0	0
S35	32565.27968	0.146363577	99999.48892	0	0
neutron	939.56536	1.452726364	99998.78561	0	0
Ne22	20479.73746	0.1802403697	99998.78561	0	0
neutron	939.56536	0.1813576701	99998.74866	0	0
S34	31632.70018	0.2043155154	99998.74866	0	0
neutron	939.56536	5.73902311	99998.80534	0	0
neutron	939.56536	2.694275307	99998.80534	0	0
S33	30704.55199	0.1609459419	99998.80534	0	0
Ne23	21414.10216	0.2271374922	99999.15325	0	0
neutron	939.56536	0.07232136532	99998.68915	0	0
S34	31632.70018	0.1726343699	99998.68915	0	0
neutron	939.56536	2.708811444	99998.78414	0	0
S34	31632.70018	0.01139613642	99998.78414	0	0
neutron	939.56536	1.725822504	99998.68424	0	0
S34	31632.70018	0.3430065264	99998.68424	0	0
neutron	939.56536	0.7590660958	99998.75005	0	0
S34	31632.70018	0.06991594124	99998.75005	0	0
neutron	939.56536	0.2532799681	99998.65749	0	0
S34	31632.70018	0.1234595589	99998.65749	0	0
neutron	939.56536	33.77476546	99998.76629	0	0
neutron	939.56536	4.357156991	99998.76629	0	0
neutron	939.56536	3.243895152	99998.76629	0	0
Ne20	18617.73218	1.530940628	99998.76629	0	0
neutron	939.56536	9.82178042	99998.69837	0	0
neutron	939.56536	4.838566009	99998.69837	0	0
proton	938.272013	2.563742789	99998.69837	0	0
neutron	939.56536	0.439595014	99998.69837	0	0
F19	17692.30285	0.125415497	99998.69837	0	0
neutron	939.56536	23.98084001	99998.76373	0	0
neutron	939.56536	7.526669807	99998.76373	0	0
neutron	939.56536	2.738868195	99998.76373	0	0
alpha	3727.379	7.706777403	99998.76373	0	0
O16	14895.08153	3.467034	99998.76373	0	0
neutron	939.56536	1.162661099	99998.74648	0	0
S34	31632.70018	0.09418538619	99998.74648	0	0
Ne23	21414.10216	0.2300613361	99998.73203	0	0
neutron	939.56536	6.498770152	99998.82327	0	0
neutron	939.56536	1.299502799	99998.82327	0	0
neutron	939.56536	0.4750175694	99998.82327	0	0
S32	29773.62828	0.4926648731	99998.82327	0	0
neutron	939.56536	0.08172492772	99998.67286	0	0
S36	33494.9558	0.1280157374	99998.67286	0	0
neutron	939.56536	0.09176460961	99998.7739	0	0
Ne22	20479.73746	0.1672241787	99998.7739	0	0
neutron	939.56536	0.4446079679	99998.72334	0	0
S34	31632.70018	0.1929387801	99998.72334	0	0
neutron	939.56536	1.583579849	99998.75394	0	0
Ne22	20479.73746	0.3355644284	99998.75394	0	0
neutron	939.56536	0.7863672022	99998.7041	0	0
S34	31632.70018	0.2622995907	99998.7041	0	0
S35	32565.27968	0.1505870384	99998.76971	0	0
proton	938.272013	47.63928946	99998.77204	0	0
neutron	939.56536	8.411073293	99998.77204	0	0
P35	32569.77755	0.8014133473	99998.77204	0	0
neutron	939.56536	0.1325070895	99998.8404	0	0
S34	31632.70018	0.1635184716	99998.8404	0	0
S35	32565.27968	0.1671722286	99998.70064	0	0
Ne23	21414.10216	0.2304384746	99998.73924	0	0
neutron	939.56536	2.791626641	99998.73111	0	0
neutron	939.56536	1.947918812	99998.73111	0	0
neutron	939.56536	0.7656818037	99998.73111	0	0
S34	31632.70018	0.3525289221	99998.73111	0	0
Ne23	21414.10216	0.2010129049	99998.75329	0	0
neutron	939.56536	23.41693996	99998.80344	0	0
neutron	939.56536	11.09616459	99998.80344	0	0
neutron	939.56536	0.7857583478	99998.80344	0	0
alpha	3727.379	5.842343646	99998.80344	0	0
O16	14895.08153	1.967002284	99998.80344	0	0
proton	938.272013	5.894288768	99998.79515	0	0
neutron	939.56536	4.612625344	99998.79515	0	0
neutron	939.56536	1.249800649	99998.79515	0	0
neutron	939.56536	0.585781954	99998.79515	0	0
neutron	939.56536	0.1651049842	99998.79515	0	0
deuteron	1875.613	2.966655504	99998.79515	0	0
Si28	26053.19393	0.09015802936	99998.79515	0	0
neutron	939.56536	8.209222294	99998.79934	0	0
neutron	939.56536	3.830219366	99998.79934	0	0
neutron	939.56536	0.2205301291	99998.79934	0	0
Ne20	18617.73218	1.012008811	99998.79934	0	0
Ne23	21414.10216	0.2261968923	99998.74753	0	0
Ne23	21414.10216	0.2286463615	99998.77091	0	0
neutron	939.56536	1.666331748	99998.77336	0	0
S34	31632.70018	0.0513613726	99998.77336	0	0
neutron	939.56536	0.1714433744	99998.70943	0	0
Ne22	20479.73746	0.1581179653	99998.70943	0	0
neutron	939.56536	18.79781993	99998.76832	0	0
neutron	939.56536	4.387403599	99998.76832	0	0
neutron	939.56536	3.298997899	99998.76832	0	0
S34	31632.70018	1.374524536	99998.76832	0	0
proton	938.272013	19.81287164	99998.69456	0	0
neutron	939.56536	4.867212989	99998.69456	0	0
neutron	939.56536	4.156552653	99998.69456	0	0
neutron	939.56536	0.8425412	99998.69456	0	0
P31	28844.21869	1.683787246	99998.69456	0	0
neutron	939.56536	0.2121602156	99998.73371	0	0
S34	31632.70018	0.1065762562	99998.73371	0	0
neutron	939.56536	4.851203177	99998.70694	0	0
neutron	939.56536	3.832057993	99998.70694	0	0
neutron	939.56536	1.177217133	99998.70694	0	0
alpha	3727.379	9.21713496	99998.70694	0	0
Si28	26053.19393	1.262344135	99998.70694	0	0
neutron	939.56536	16.24799832	99998.72249	0	0
proton	938.272013	5.276454451	99998.72249	0	0
F21	19556.73074	2.433207497	99998.72249	0	0
Ne23	21414.10216	0.2274423769	99998.80389	0	0
Ne23	21414.10216	0.2127131168	99998.68327	0	0
neutron	939.56536	5.588813173	99998.64951	0	0
neutron	939.56536	3.882406815	99998.64951	0	0
neutron	939.56536	1.604667381	99998.64951	0	0
neutron	939.56536	0.04157724747	99998.64951	0	0
alpha	3727.379	8.424620612	99998.64951	0	0
Si29	26984.28567	0.6421607471	99998.64951	0	0
S35	32565.27968	0.1556323906	99998.79238	0	0
neutron	939.56536	19.5252345	99998.88884	0	0
neutron	939.56536	5.259374794	99998.88884	0	0
neutron	939.56536	0.2924320516	99998.88884	0	0
S32	29773.62828	0.4829478542	99998.88884	0	0
neutron	939.56536	29.11094152	99998.71088	0	0
proton	938.272013	3.794771338	99998.71088	0	0
neutron	939.56536	1.548405379	99998.71088	0	0
neutron	939.56536	0.087238705	99998.71088	0	0
P31	28844.21869	0.5558397985	99998.71088	0	0
S35	32565.27968	0.1645430404	99998.75404	0	0
neutron	939.56536	16.15260996	99998.677	0	0
neutron	939.56536	5.682393351	99998.677	0	0
proton	938.272013	4.246682047	99998.677	0	0
proton	938.272013	2.209909412	99998.677	0	0
neutron	939.56536	1.286303644	99998.677	0	0
Si30	27913.24182	0.8806022926	99998.677	0	0
proton	938.272013	10.6683345	99998.8044	0	0
neutron	939.56536	7.694568806	99998.8044	0	0
neutron	939.56536	1.217220317	99998.8044	0	0
neutron	939.56536	0.388690289	99998.8044	0	0
deuteron	1875.613	13.96538098	99998.8044	0	0
O17	15830.5038	2.848719892	99998.8044	0	0
neutron	939.56536	6.215873131	99998.61996	0	0
neutron	939.56536	3.030231837	99998.61996	0	0
proton	938.272013	2.48081383	99998.61996	0	0
alpha	3727.379	7.234731341	99998.61996	0	0
Al28	26058.3459	0.3720148652	99998.61996	0	0
neutron	939.56536	7.340216941	99998.66573	0	0
neutron	939.56536	3.971808747	99998.66573	0	0
neutron	939.56536	2.153458946	99998.66573	0	0
alpha	3727.379	6.355761933	99998.66573	0	0
Si30	27913.24182	2.005248113	99998.66573	0	0
Ne23	21414.10216	0.1971956895	99998.75637	0	0
Ne23	21414.10216	0.2194487529	99998.78126	0	0
neutron	939.56536	0.7853838427	99998.74572	0	0
Ne22	20479.73746	0.3644122672	99998.74572	0	0
neutron	939.56536	0.7593717228	99998.67316	0	0
S34	31632.70018	0.1858653702	99998.67316	0	0
neutron	939.56536	0.7443339234	99998.76648	0	0
Ne22	20479.73746	0.2765789575	99998.76648	0	0
neutron	939.56536	3.555791743	99998.73651	0	0
neutron	939.56536	1.074666116	99998.73651	0	0
deuteron	1875.613	3.699230148	99998.73651	0	0
P31	28844.21869	0.04067329255	99998.73651	0	0
S35	32565.27968	0.1393655469	99998.63032	0	0
neutron	939.56536	0.4246654276	99998.64926	0	0
S34	31632.70018	0.1647217655	99998.64926	0	0
neutron	939.56536	10.14764947	99998.79201	0	0
proton	938.272013	4.815918198	99998.79201	0	0
F21	19556.73074	0.2645975315	99998.79201	0	0
neutron	939.56536	0.2050359859	99998.69369	0	0
S34	31632.70018	0.1854209597	99998.69369	0	0
neutron	939.56536	4.042504548	99998.74807	0	0
neutron	939.56536	3.929982866	99998.74807	0	0
S33	30704.55199	0.2185481534	99998.74807	0	0
S37	34430.21755	0.1432182896	99998.73251	0	0
neutron	939.56536	2.009707178	99998.74722	0	0
neutron	939.56536	1.122442627	99998.74722	0	0
S35	32565.27968	0.2892161664	99998.74722	0	0
proton	938.272013	5.67885099	99998.86451	0	0
neutron	939.56536	1.988505604	99998.86451	0	0
P33	30705.30994	0.6323467447	99998.86451	0	0
neutron	939.56536	0.8681970123	99998.70637	0	0
S34	31632.70018	0.05313801346	99998.70637	0	0
neutron	939.56536	2.644732354	99998.71404	0	0
S34	31632.70018	0.2454215326	99998.71404	0	0
neutron	939.56536	12.44886531	99998.73919	0	0
neutron	939.56536	4.80780414	99998.73919	0	0
neutron	939.56536	0.6044758408	99998.73919	0	0
Ne20	18617.73218	0.9290042205	99998.73919	0	0
Ne23	21414.10216	0.2227265424	99998.80168	0	0
Ne23	21414.10216	0.2266921794	99998.7088	0	0
S35	32565.27968	0.1666518596	99998.72664	0	0
neutron	939.56536	0.3275571821	99998.71259	0	0
S34	31632.70018	0.1185572694	99998.71259	0	0
neutron	939.56536	1.071655596	99998.80905	0	0
S34	31632.70018	0.1137877063	99998.80905	0	0
Ne23	21414.10216	0.2165039368	99998.7717	0	0
neutron	939.56536	0.04306668476	99998.77705	0	0
S34	31632.70018	0.1482736264	99998.77705	0	0
neutron	939.56536	0.8888346923	99998.76325	0	0
Ne22	20479.73746	0.3987992813	99998.76325	0	0
neutron	939.56536	0.3450195778	99998.7281	0	0
Ne22	20479.73746	0.1233999292	99998.7281	0	0
neutron	939.56536	15.54958625	99998.68405	0	0
neutron	939.56536	3.233331342	99998.68405	0	0
proton	938.272013	2.403273302	99998.68405	0	0
neutron	939.56536	1.116843532	99998.68405	0	0
neutron	939.56536	0.2376201975	99998.68405	0	0
P32	29775.84838	2.338649152	99998.68405	0	0
proton	938.272013	2.799765549	99998.74407	0	0
neutron	939.56536	1.490107492	99998.74407	0	0
neutron	939.56536	1.262781817	99998.74407	0	0
neutron	939.56536	1.198781289	99998.74407	0	0
neutron	939.56536	0.7597769553	99998.74407	0	0
deuteron	1875.613	4.722220091	99998.74407	0	0
Si30	27913.24182	0.01513736714	99998.74407	0	0
neutron	939.56536	23.4424753	99998.67643	0	0
proton	938.272013	13.62474702	99998.67643	0	0
neutron	939.56536	6.838017214	99998.67643	0	0
P32	29775.84838	1.443848153	99998.67643	0	0
neutron	939.56536	1.383558865	99998.69163	0	0
S34	31632.70018	0.3351271724	99998.69163	0	0
S35	32565.27968	0.1452250129	99998.74226	0	0
neutron	939.56536	0.5744037584	99998.74739	0	0
Ne22	20479.73746	0.1865132979	99998.74739	0	0
Ne23	21414.10216	0.231944759	99998.71102	0	0
neutron	939.56536	0.5124010297	99998.68874	0	0
S34	31632.70018	0.2498020783	99998.68874	0	0
neutron	939.56536	22.66714027	99998.70505	0	0
neutron	939.56536	15.28679429	99998.70505	0	0
proton	938.272013	4.507014922	99998.70505	0	0
neutron	939.56536	3.233009106	99998.70505	0	0
P31	28844.21869	0.04947846561	99998.70505	0	0
neutron	939.56536	16.49018127	99998.8326	0	0
neutron	939.56536	1.051851482	99998.8326	0	0
Ne21	19550.53637	0.1928039099	99998.8326	0	0
proton	938.272013	17.86495066	99998.79815	0	0
proton	938.272013	11.60924033	99998.79815	0	0
O21	19565.35058	0.7509660019	99998.79815	0	0
neutron	939.56536	6.097241621	99998.74693	0	0
neutron	939.56536	3.742579367	99998.74693	0	0
neutron	939.56536	0.8003435761	99998.74693	0	0
S32	29773.62828	0.05639648487	99998.74693	0	0
S35	32565.27968	0.1608594381	99998.73766	0	0
neutron	939.56536	1.435985104	99998.71759	0	0
S34	31632.70018	0.1822785491	99998.71759	0	0
neutron	939.56536	0.2098597468	99998.74792	0	0
Ne22	20479.73746	0.188504196	99998.74792	0	0
neutron	939.56536	3.373723867	99998.76873	0	0
Ne22	20479.73746	0.4343739039	99998.76873	0	0
S37	34430.21755	0.1371343776	99998.78903	0	0
neutron	939.56536	2.844867203	99998.81609	0	0
Ne22	20479.73746	0.09002932148	99998.81609	0	0
neutron	939.56536	0.5708743012	99998.79563	0	0
S34	31632.70018	0.1969307088	99998.79563	0	0
Ne23	21414.10216	0.2116990011	99998.68666	0	0
proton	938.272013	36.03294283	99998.82248	0	0
neutron	939.56536	1.367841413	99998.82248	0	0
P33	30705.30994	1.409817317	99998.82248	0	0
Ne23	21414.10216	0.233495991	99998.70241	0	0
Ne23	21414.10216	0.2322869557	99998.7564	0	0
S35	32565.27968	0.1591903003	99998.68024	0	0
Ne23	21414.10216	0.230330222	99998.82726	0	0
neutron	939.56536	0.6376130366	99998.72832	0	0
Ne22	20479.73746	0.1898933151	99998.72832	0	0
neutron	939.56536	10.09685555	99998.73836	0	0
proton	938.272013	7.823658852	99998.73836	0	0
proton	938.272013	3.763957315	99998.73836	0	0
Si32	29776.58515	0.08581270414	99998.73836	0	0
neutron	939.56536	0.5127771176	99998.684	0	0
S34	31632.70018	0.07687038438	99998.684	0	0
neutron	939.56536	4.120477458	99998.74175	0	0
S34	31632.70018	0.03453698382	99998.74175	0	0
S37	34430.21755	0.1312759328	99998.7383	0	0
S35	32565.27968	0.1544564749	99998.73428	0	0
neutron	939.56536	6.280961481	99998.79502	0	0
S34	31632.70018	0.0621535519	99998.79502	0	0
neutron	939.56536	0.6123259463	99998.66069	0	0
S36	33494.9558	0.07303969879	99998.66069	0	0
neutron	939.56536	10.40203932	99998.67314	0	0
proton	938.272013	7.466165684	99998.67314	0	0
neutron	939.56536	1.285791446	99998.67314	0	0
P34	31638.59261	0.1528145584	99998.67314	0	0
neutron	939.56536	0.1898234917	99998.68629	0	0
S34	31632.70018	0.1990741293	99998.68629	0	0
neutron	939.56536	2.674457141	99998.73507	0	0
neutron	939.56536	0.164292334	99998.73507	0	0
Ne21	19550.53637	0.2168391815	99998.73507	0	0
neutron	939.56536	2.42900893	99998.73966	0	0
S34	31632.70018	0.1799413952	99998.73966	0	0
S35	32565.27968	0.162745561	99998.72883	0	0
neutron	939.56536	3.679057106	99998.66882	0	0
neutron	939.56536	2.047761822	99998.66882	0	0
S35	32565.27968	0.1027652157	99998.66882	0	0
neutron	939.56536	7.520830065	99998.6635	0	0
S34	31632.70018	0.4982424272	99998.6635	0	0
neutron	939.56536	11.11356254	99998.81389	0	0
neutron	939.56536	5.299477461	99998.81389	0	0
neutron	939.56536	4.064885235	99998.81389	0	0
Ne20	18617.73218	0.2055651004	99998.81389	0	0
neutron	939.56536	4.061808905	99998.68593	0	0
neutron	939.56536	1.122824461	99998.68593	0	0
neutron	939.56536	0.8268216784	99998.68593	0	0
alpha	3727.379	6.538163512	99998.68593	0	0
O16	14895.08153	0.8964471499	99998.68593	0	0
Ne23	21414.10216	0.2227943965	99998.68075	0	0
Ne23	21414.10216	0.2204171982	99998.76263	0	0
neutron	939.56536	4.02551932	99998.68079	0	0
Ne22	20479.73746	0.4120437249	99998.68079	0	0
neutron	939.56536	22.33065687	99998.78216	0	0
neutron	939.56536	17.53181645	99998.78216	0	0
neutron	939.56536	1.294886336	99998.78216	0	0
alpha	3727.379	7.366686493	99998.78216	0	0
O16	14895.08153	4.903780124	99998.78216	0	0
neutron	939.56536	10.79997626	99998.81052	0	0
neutron	939.56536	8.143533553	99998.81052	0	0
neutron	939.56536	6.444169253	99998.81052	0	0
Ne20	18617.73218	1.542363948	99998.81052	0	0
neutron	939.56536	0.2933663379	99998.69569	0	0
S34	31632.70018	0.09913948957	99998.69569	0	0
neutron	939.56536	6.623961438	99998.72242	0	0
proton	938.272013	3.176629676	99998.72242	0	0
neutron	939.56536	1.514199421	99998.72242	0	0
P32	29775.84838	0.2779556447	99998.72242	0	0
S35	32565.27968	0.1469500521	99998.76353	0	0
neutron	939.56536	5.127971147	99998.72592	0	0
S36	33494.9558	0.1246727867	99998.72592	0	0
neutron	939.56536	0.1578390937	99998.70015	0	0
S34	31632.70018	0.1544942465	99998.70015	0	0
neutron	939.56536	28.25849976	99998.74449	0	0
neutron	939.56536	5.998754253	99998.74449	0	0
S33	30704.55199	1.321423826	99998.74449	0	0
neutron	939.56536	5.087615277	99998.70383	0	0
alpha	3727.379	19.29938108	99998.70383	0	0
Si30	27913.24182	3.089856326	99998.70383	0	0
neutron	939.56536	0.4820926502	99998.74869	0	0
Ne22	20479.73746	0.1763991103	99998.74869	0	0
neutron	939.56536	1.322252547	99998.70484	0	0
Ne22	20479.73746	0.2692604634	99998.70484	0	0
neutron	939.56536	0.1672164961	99998.71498	0	0
Ne22	20479.73746	0.2915355642	99998.71498	0	0
neutron	939.56536	4.565611538	99998.75603	0	0
S34	31632.70018	0.2049750777	99998.75603	0	0
neutron	939.56536	32.74695259	99998.74531	0	0
neutron	939.56536	3.588945703	99998.74531	0	0
neutron	939.56536	2.55957441	99998.74531	0	0
Ne20	18617.73218	1.559145311	99998.74531	0	0
neutron	939.56536	9.139968888	99998.79501	0	0
proton	938.272013	6.461406016	99998.79501	0	0
neutron	939.56536	2.289756855	99998.79501	0	0
neutron	939.56536	1.764850343	99998.79501	0	0
P31	28844.21869	0.7404733828	99998.79501	0	0
neutron	939.56536	5.396873765	99998.71621	0	0
neutron	939.56536	4.719965966	99998.71621	0	0
neutron	939.56536	3.846124913	99998.71621	0	0
S32	29773.62828	0.07056219942	99998.71621	0	0
Ne23	21414.10216	0.2332004844	99998.70715	0	0
neutron	939.56536	3.059157324	99998.70438	0	0
S34	31632.70018	0.2620745048	99998.70438	0	0
neutron	939.56536	6.935062945	99998.77216	0	0
neutron	939.56536	4.112906488	99998.77216	0	0
S33	30704.55199	0.6315665916	99998.77216	0	0
neutron	939.56536	1.921963581	99998.78092	0	0
Ne22	20479.73746	0.2845983037	99998.78092	0	0
neutron	939.56536	13.5868755	99998.76491	0	0
neutron	939.56536	8.895523071	99998.76491	0	0
neutron	939.56536	1.164817426	99998.76491	0	0
deuteron	1875.613	2.52084179	99998.76491	0	0
P32	29775.84838	0.8471133148	99998.76491	0	0
S35	32565.27968	0.1527669195	99998.70667	0	0
S37	34430.21755	0.1392823223	99998.72344	0	0
neutron	939.56536	1.832742798	99998.67324	0	0
S34	31632.70018	0.241901784	99998.67324	0	0
neutron	939.56536	11.08923652	99998.7694	0	0
proton	938.272013	7.869336153	99998.7694	0	0
neutron	939.56536	5.903530098	99998.7694	0	0
proton	938.272013	4.075874955	99998.7694	0	0
neutron	939.56536	1.742893785	99998.7694	0	0
Si30	27913.24182	0.08442277756	99998.7694	0	0
neutron	939.56536	1.169819446	99998.78143	0	0
Ne22	20479.73746	0.0857615294	99998.78143	0	0
neutron	939.56536	0.6633710567	99998.77549	0	0
Ne22	20479.73746	0.3529636426	99998.77549	0	0
Ne23	21414.10216	0.2320207726	99998.76514	0	0
neutron	939.56536	5.191206891	99998.68833	0	0
Ne22	20479.73746	0.4881237752	99998.68833	0	0
neutron	939.56536	0.893222819	99998.67146	0	0
S34	31632.70018	0.09873189286	99998.67146	0	0
neutron	939.56536	47.97768514	99998.68257	0	0
neutron	939.56536	7.179871691	99998.68257	0	0
neutron	939.56536	6.68064559	99998.68257	0	0
neutron	939.56536	0.3467436945	99998.68257	0	0
S33	30704.55199	0.5669301841	99998.68257	0	0
neutron	939.56536	1.619733891	99998.68881	0	0
S34	31632.70018	0.03759723436	99998.68881	0	0
S35	32565.27968	0.1584367804	99998.7454	0	0
neutron	939.56536	0.5166875852	99998.79197	0	0
neutron	939.56536	0.3581213394	99998.79197	0	0
neutron	939.56536	0.08444063844	99998.79197	0	0
S34	31632.70018	0.08069268419	99998.79197	0	0
neutron	939.56536	25.37082998	99998.74193	0	0
neutron	939.56536	4.73528233	99998.74193	0	0
proton	938.272013	2.366017889	99998.74193	0	0
neutron	939.56536	0.6203868675	99998.74193	0	0
P31	28844.21869	1.641987431	99998.74193	0	0
neutron	939.56536	6.882816203	99998.74009	0	0
neutron	939.56536	6.074808086	99998.74009	0	0
proton	938.272013	5.217593025	99998.74009	0	0
neutron	939.56536	0.7626884001	99998.74009	0	0
deuteron	1875.613	3.86586181	99998.74009	0	0
Si31	28846.21977	0.1565591866	99998.74009	0	0
neutron	939.56536	0.9974724126	99998.73336	0	0
Ne22	20479.73746	0.237190379	99998.73336	0	0
neutron	939.56536	0.9235299982	99998.73815	0	0
S34	31632.70018	0.2769851911	99998.73815	0	0
S35	32565.27968	0.1471081058	99998.79451	0	0
neutron	939.56536	12.65945716	99998.75004	0	0
neutron	939.56536	8.719171035	99998.75004	0	0
neutron	939.56536	2.214693887	99998.75004	0	0
alpha	3727.379	12.84912728	99998.75004	0	0
alpha	3727.379	5.247802994	99998.75004	0	0
C12	11174.86339	1.762172434	99998.75004	0	0
neutron	939.56536	8.426723709	99998.69591	0	0
neutron	939.56536	4.758035988	99998.69591	0	0
neutron	939.56536	2.061801286	99998.69591	0	0
alpha	3727.379	17.00659483	99998.69591	0	0
Si30	27913.24182	1.693742193	99998.69591	0	0
neutron	939.56536	4.874671713	99998.70217	0	0
S34	31632.70018	0.3123246785	99998.70217	0	0
neutron	939.56536	0.2808662699	99998.77122	0	0
S34	31632.70018	0.1575767704	99998.77122	0	0
neutron	939.56536	5.80856706	99998.80054	0	0
neutron	939.56536	2.267542006	99998.80054	0	0
neutron	939.56536	1.879199219	99998.80054	0	0
Ne20	18617.73218	0.5765882037	99998.80054	0	0
neutron	939.56536	32.51728214	99998.76982	0	0
neutron	939.56536	1.954752876	99998.76982	0	0
neutron	939.56536	1.295543461	99998.76982	0	0
S34	31632.70018	0.5630464454	99998.76982	0	0
neutron	939.56536	0.506186857	99998.7429	0	0
Ne22	20479.73746	0.2133994291	99998.7429	0	0
neutron	939.56536	18.5228724	99998.72932	0	0
neutron	939.56536	2.800751802	99998.72932	0	0
deuteron	1875.613	2.785141342	99998.72932	0	0
alpha	3727.379	4.534035426	99998.72932	0	0
N15	13968.93638	2.290986817	99998.72932	0	0
neutron	939.56536	2.534775475	99998.74237	0	0
Ne22	20479.73746	0.5679032196	99998.74237	0	0
S35	32565.27968	0.1573981844	99998.85173	0	0
neutron	939.56536	2.731016136	99998.77602	0	0
Ne22	20479.73746	0.3421384597	99998.77602	0	0
neutron	939.56536	3.18491444	99998.74814	0	0
S34	31632.70018	0.1292013236	99998.74814	0	0
neutron	939.56536	0.1453945986	99998.73106	0	0
Ne22	20479.73746	0.2470246105	99998.73106	0	0
neutron	939.56536	2.123447702	99998.77327	0	0
Ne22	20479.73746	0.4317401007	99998.77327	0	0
neutron	939.56536	0.8079505454	99998.77596	0	0
S34	31632.70018	0.05654182399	99998.77596	0	0
neutron	939.56536	2.335041282	99998.72407	0	0
Ne22	20479.73746	0.3757805036	99998.72407	0	0
neutron	939.56536	50.23683333	99998.7767	0	0
neutron	939.56536	8.263957313	99998.7767	0	0
S33	30704.55199	3.044077026	99998.7767	0	0
proton	938.272013	45.07061495	99998.78382	0	0
neutron	939.56536	8.354424642	99998.78382	0	0
neutron	939.56536	2.438082411	99998.78382	0	0
F20	18625.26686	3.15033434	99998.78382	0	0
neutron	939.56536	12.14182523	99998.67951	0	0
Ne22	20479.73746	0.3274621375	99998.67951	0	0
neutron	939.56536	8.611420925	99998.71483	0	0
neutron	939.56536	6.276715374	99998.71483	0	0
proton	938.272013	3.748463856	99998.71483	0	0
P32	29775.84838	0.9294555479	99998.71483	0	0
S35	32565.27968	0.1672377176	99998.70084	0	0
neutron	939.56536	37.24928964	99998.66172	0	0
proton	938.272013	4.583985087	99998.66172	0	0
neutron	939.56536	0.8290210652	99998.66172	0	0
F20	18625.26686	1.876796768	99998.66172	0	0
neutron	939.56536	9.115042918	99998.70858	0	0
neutron	939.56536	2.414870017	99998.70858	0	0
proton	938.272013	1.968089444	99998.70858	0	0
F20	18625.26686	0.8152028311	99998.70858	0	0
neutron	939.56536	0.1219667441	99998.76368	0	0
S36	33494.9558	0.1651857587	99998.76368	0	0
neutron	939.56536	0.6563913033	99998.72836	0	0
Ne22	20479.73746	0.3018575165	99998.72836	0	0
S35	32565.27968	0.1575983405	99998.98464	0	0
S37	34430.21755	0.1447229964	99998.67707	0	0
neutron	939.56536	26.54858426	99998.65361	0	0
proton	938.272013	3.082108491	99998.65361	0	0
neutron	939.56536	0.2492114355	99998.65361	0	0
P34	31638.59261	0.8568955603	99998.65361	0	0
neutron	939.56536	14.77404835	99998.77637	0	0
neutron	939.56536	5.200311495	99998.77637	0	0
proton	938.272013	2.736528209	99998.77637	0	0
neutron	939.56536	1.883421075	99998.77637	0	0
neutron	939.56536	0.3923711999	99998.77637	0	0
deuteron	1875.613	14.1110876	99998.77637	0	0
O16	14895.08153	0.747735322	99998.77637	0	0
S35	32565.27968	0.1391413084	99998.80364	0	0
proton	938.272013	16.22581844	99998.75224	0	0
neutron	939.56536	7.453358049	99998.75224	0	0
proton	938.272013	6.706327824	99998.75224	0	0
neutron	939.56536	2.626238403	99998.75224	0	0
O19	17697.63348	1.494560487	99998.75224	0	0
proton	938.272013	13.85901515	99998.7196	0	0
neutron	939.56536	7.4293145	99998.7196	0	0
P33	30705.30994	0.5411588735	99998.7196	0	0
neutron	939.56536	1.183555246	99998.8181	0	0
Ne22	20479.73746	0.2487936172	99998.8181	0	0
neutron	939.56536	8.262045829	99998.79162	0	0
neutron	939.56536	0.2576389282	99998.79162	0	0
Ne21	19550.53637	0.6702102092	99998.79162	0	0
neutron	939.56536	14.64952396	99998.78377	0	0
neutron	939.56536	8.394269474	99998.78377	0	0
neutron	939.56536	1.427643166	99998.78377	0	0
alpha	3727.379	2.989566749	99998.78377	0	0
alpha	3727.379	3.31423606	99998.78377	0	0
C12	11174.86339	6.705041964	99998.78377	0	0
Ne23	21414.10216	0.2155014912	99998.70223	0	0
S35	32565.27968	0.1496025597	99998.81509	0	0
neutron	939.56536	0.4476453682	99998.71587	0	0
Ne22	20479.73746	0.2448456377	99998.71587	0	0
neutron	939.56536	0.9246811747	99998.81104	0	0
S34	31632.70018	0.1917300346	99998.81104	0	0
neutron	939.56536	25.37078742	99998.70037	0	0
neutron	939.56536	4.500795837	99998.70037	0	0
neutron	939.56536	2.825828038	99998.70037	0	0
Ne20	18617.73218	0.6403930552	99998.70037	0	0
Ne23	21414.10216	0.2261885562	99998.80271	0	0
neutron	939.56536	1.075464038	99998.70795	0	0
S34	31632.70018	0.107288921	99998.70795	0	0
neutron	939.56536	6.450694252	99998.7239	0	0
proton	938.272013	6.142310372	99998.7239	0	0
proton	938.272013	4.988680865	99998.7239	0	0
neutron	939.56536	2.036114817	99998.7239	0	0
neutron	939.56536	1.707163729	99998.7239	0	0
Si30	27913.24182	0.3519042545	99998.7239	0	0
neutron	939.56536	1.994086864	99998.7276	0	0
S34	31632.70018	0.3118900275	99998.7276	0	0
neutron	939.56536	0.727426014	99998.74738	0	0
S34	31632.70018	0.1104650769	99998.74738	0	0
neutron	939.56536	53.03138819	99998.6936	0	0
neutron	939.56536	7.205129746	99998.6936	0	0
neutron	939.56536	3.567018604	99998.6936	0	0
Ne20	18617.73218	0.7077984942	99998.6936	0	0
neutron	939.56536	5.638307186	99998.68336	0	0
neutron	939.56536	3.782278018	99998.68336	0	0
neutron	939.56536	3.280279353	99998.68336	0	0
alpha	3727.379	6.165493515	99998.68336	0	0
O16	14895.08153	3.947003815	99998.68336	0	0
neutron	939.56536	7.3060092	99998.80937	0	0
neutron	939.56536	3.446457674	99998.80937	0	0
neutron	939.56536	2.542335371	99998.80937	0	0
alpha	3727.379	5.022779429	99998.80937	0	0
O16	14895.08153	1.819263711	99998.80937	0	0
S35	32565.27968	0.1527002881	99998.7584	0	0
neutron	939.56536	8.363902478	99998.78842	0	0
neutron	939.56536	4.221015981	99998.78842	0	0
neutron	939.56536	2.112527443	99998.78842	0	0
alpha	3727.379	8.769535506	99998.78842	0	0
O16	14895.08153	0.7531396257	99998.78842	0	0
neutron	939.56536	37.34707832	99998.79678	0	0
neutron	939.56536	1.324201756	99998.79678	0	0
alpha	3727.379	6.884125562	99998.79678	0	0
O17	15830.5038	5.656093734	99998.79678	0	0
neutron	939.56536	1.216211528	99998.73957	0	0
S34	31632.70018	0.1266219845	99998.73957	0	0
S35	32565.27968	0.1570532847	99998.74912	0	0
neutron	939.56536	32.73069917	99998.69773	0	0
neutron	939.56536	7.515725604	99998.69773	0	0
neutron	939.56536	1.10212627	99998.69773	0	0
S34	31632.70018	1.945548221	99998.69773	0	0
neutron	939.56536	0.7062897452	99998.80668	0	0
S34	31632.70018	0.08920615666	99998.80668	0	0
neutron	939.56536	1.06221982	99998.75125	0	0
S36	33494.9558	0.1236641718	99998.75125	0	0
neutron	939.56536	2.233746702	99998.76319	0	0
neutron	939.56536	1.301492891	99998.76319	0	0
Ne21	19550.53637	0.1441735378	99998.76319	0	0
S35	32565.27968	0.1460190993	99998.7328	0	0
neutron	939.56536	0.184508299	99998.70533	0	0
S34	31632.70018	0.0839675308	99998.70533	0	0
neutron	939.56536	1.20905507	99998.74209	0	0
S34	31632.70018	0.04021984651	99998.74209	0	0
neutron	939.56536	0.1158752649	99998.80255	0	0
S34	31632.70018	0.1518669485	99998.80255	0	0
S37	34430.21755	0.1398211911	99998.68962	0	0
neutron	939.56536	0.4547657953	99998.69538	0	0
S34	31632.70018	0.2216559338	99998.69538	0	0
neutron	939.56536	1.22713304	99998.66296	0	0
S34	31632.70018	0.09938167046	99998.66296	0	0
neutron	939.56536	2.161468784	99998.63921	0	0
S34	31632.70018	0.2785076869	99998.63921	0	0
neutron	939.56536	1.325520304	99998.77649	0	0
S34	31632.70018	0.06861035238	99998.77649	0	0
proton	938.272013	4.852278008	99998.74898	0	0
neutron	939.56536	2.615454711	99998.74898	0	0
neutron	939.56536	2.184922873	99998.74898	0	0
neutron	939.56536	0.7425748833	99998.74898	0	0
P31	28844.21869	0.05764564325	99998.74898	0	0
neutron	939.56536	2.475374179	99998.7373	0	0
neutron	939.56536	1.627717637	99998.7373	0	0
Ne21	19550.53637	0.05199420794	99998.7373	0	0
neutron	939.56536	0.3407630367	99998.71745	0	0
S34	31632.70018	0.1756787878	99998.71745	0	0
proton	938.272013	13.31169939	99998.76727	0	0
proton	938.272013	2.081242147	99998.76727	0	0
neutron	939.56536	1.564869107	99998.76727	0	0
neutron	939.56536	1.401187481	99998.76727	0	0
O19	17697.63348	0.6673675202	99998.76727	0	0
S37	34430.21755	0.1412557123	99998.80802	0	0
neutron	939.56536	0.2673129167	99998.7312	0	0
S34	31632.70018	0.09094882935	99998.7312	0	0
S35	32565.27968	0.1564189033	99998.73883	0	0
S35	32565.27968	0.1470728364	99998.76047	0	0
Ne23	21414.10216	0.2256656653	99998.69279	0	0
Ne23	21414.10216	0.2264529524	99998.73004	0	0
Ne23	21414.10216	0.232494289	99998.75219	0	0
Ne23	21414.10216	0.2345905807	99998.83589	0	0
neutron	939.56536	3.303700098	99998.72695	0	0
neutron	939.56536	2.186000399	99998.72695	0	0
neutron	939.56536	1.846415285	99998.72695	0	0
S32	29773.62828	0.4208091335	99998.72695	0	0
neutron	939.56536	0.1385644946	99998.65291	0	0
S34	31632.70018	0.1535473376	99998.65291	0	0
neutron	939.56536	17.62426087	99998.8037	0	0
neutron	939.56536	1.11068424	99998.8037	0	0
neutron	939.56536	1.081675682	99998.8037	0	0
S32	29773.62828	0.4919758488	99998.8037	0	0
neutron	939.56536	22.9931189	99998.68875	0	0
neutron	939.56536	7.658700087	99998.68875	0	0
proton	938.272013	5.469244729	99998.68875	0	0
proton	938.272013	2.905569186	99998.68875	0	0
neutron	939.56536	0.8446041965	99998.68875	0	0
Si30	27913.24182	1.81559121	99998.68875	0	0
neutron	939.56536	0.6071678491	99998.71891	0	0
S34	31632.70018	0.2382334101	99998.71891	0	0
neutron	939.56536	18.57901712	99998.79111	0	0
proton	938.272013	5.204516345	99998.79111	0	0
neutron	939.56536	3.701522721	99998.79111	0	0
proton	938.272013	2.874746604	99998.79111	0	0
neutron	939.56536	1.265866092	99998.79111	0	0
Si30	27913.24182	0.7880204132	99998.79111	0	0
proton	938.272013	21.22250034	99998.73858	0	0
neutron	939.56536	5.161463468	99998.73858	0	0
F21	19556.73074	1.055480323	99998.73858	0	0
neutron	939.56536	1.979193445	99998.7788	0	0
S34	31632.70018	0.1583755769	99998.7788	0	0
neutron	939.56536	1.030805906	99998.7632	0	0
Ne22	20479.73746	0.2803034383	99998.7632	0	0
neutron	939.56536	19.88773627	99998.69171	0	0
neutron	939.56536	15.24688745	99998.69171	0	0
neutron	939.56536	2.492841406	99998.69171	0	0
Ne20	18617.73218	3.414078432	99998.69171	0	0
Ne23	21414.10216	0.2270448555	99998.70985	0	0
neutron	939.56536	0.1462589684	99998.78253	0	0
S34	31632.70018	0.1943252092	99998.78253	0	0
neutron	939.56536	1.554782446	99998.79742	0	0
S34	31632.70018	0.1312187041	99998.79742	0	0
neutron	939.56536	0.1175687396	99998.70593	0	0
S34	31632.70018	0.1351668037	99998.70593	0	0
neutron	939.56536	0.4707524628	99998.71065	0	0
S36	33494.9558	0.1051908451	99998.71065	0	0
neutron	939.56536	0.7175326718	99998.77586	0	0
S36	33494.9558	0.1743539147	99998.77586	0	0
neutron	939.56536	28.03589255	99998.6457	0	0
neutron	939.56536	8.350484877	99998.6457	0	0
neutron	939.56536	2.440525508	99998.6457	0	0
S34	31632.70018	0.6125580963	99998.6457	0	0
Ne23	21414.10216	0.2270676078	99998.71254	0	0
Ne23	21414.10216	0.2040670962	99998.78353	0	0
Ne23	21414.10216	0.2130575402	99998.6978	0	0
neutron	939.56536	0.4676600578	99998.67052	0	0
S36	33494.9558	0.08912441989	99998.67052	0	0
neutron	939.56536	24.91421456	99998.81581	0	0
neutron	939.56536	3.424337853	99998.81581	0	0
neutron	939.56536	0.8926010606	99998.81581	0	0
S34	31632.70018	0.9202822483	99998.81581	0	0
S35	32565.27968	0.1552483262	99998.6883	0	0
neutron	939.56536	1.617644181	99998.69474	0	0
S36	33494.9558	0.04984947679	99998.69474	0	0
neutron	939.56536	24.45033413	99998.72193	0	0
neutron	939.56536	6.922080674	99998.72193	0	0
neutron	939.56536	1.384307651	99998.72193	0	0
S32	29773.62828	0.7766136041	99998.72193	0	0
neutron	939.56536	5.820442649	99998.74048	0	0
Ne22	20479.73746	0.8054102564	99998.74048	0	0
neutron	939.56536	2.969413598	99998.75388	0	0
Ne22	20479.73746	0.4358987611	99998.75388	0	0
neutron	939.56536	0.05578046056	99998.6456	0	0
Ne22	20479.73746	0.2707962161	99998.6456	0	0
neutron	939.56536	52.86769701	99998.70978	0	0
neutron	939.56536	12.80474402	99998.70978	0	0
neutron	939.56536	0.4622256709	99998.70978	0	0
Ne20	18617.73218	1.268296928	99998.70978	0	0
neutron	939.56536	5.399693372	99998.75196	0	0
proton	938.272013	5.171491869	99998.75196	0	0
neutron	939.56536	1.372028663	99998.75196	0	0
P32	29775.84838	0.1798697321	99998.75196	0	0
neutron	939.56536	0.1612441734	99998.67722	0	0
Ne22	20479.73746	0.1686300154	99998.67722	0	0
proton	938.272013	4.301147862	99998.77832	0	0
neutron	939.56536	1.251264956	99998.77832	0	0
neutron	939.56536	1.177028416	99998.77832	0	0
deuteron	1875.613	3.848295026	99998.77832	0	0
Si30	27913.24182	0.1079108485	99998.77832	0	0
S35	32565.27968	0.1499500483	99998.81638	0	0
S35	32565.27968	0.1602788418	99998.75526	0	0
neutron	939.56536	2.452043318	99998.73923	0	0
Ne22	20479.73746	0.4608372054	99998.73923	0	0
neutron	939.56536	8.189429397	99998.69887	0	0
proton	938.272013	7.943663513	99998.69887	0	0
neutron	939.56536	6.496866903	99998.69887	0	0
neutron	939.56536	0.9952241268	99998.69887	0	0
P31	28844.21869	0.6272552717	99998.69887	0	0
neutron	939.56536	4.355956331	99998.66515	0	0
neutron	939.56536	4.303819765	99998.66515	0	0
neutron	939.56536	1.573505888	99998.66515	0	0
neutron	939.56536	1.343660464	99998.66515	0	0
S33	30704.55199	0.2810241478	99998.66515	0	0
S37	34430.21755	0.13689468	99999.0171	0	0
deuteron	1875.613	12.83799721	99998.7212	0	0
deuteron	1875.613	5.551057039	99998.7212	0	0
O19	17697.63348	3.2799368	99998.7212	0	0
neutron	939.56536	0.2719677209	99998.7862	0	0
S36	33494.9558	0.09021944847	99998.7862	0	0
neutron	939.56536	0.4834209704	99998.80006	0	0
S34	31632.70018	0.1985361849	99998.80006	0	0
proton	938.272013	16.22188532	99998.79443	0	0
neutron	939.56536	6.851072089	99998.79443	0	0
neutron	939.56536	4.697773014	99998.79443	0	0
P34	31638.59261	1.290522682	99998.79443	0	0
neutron	939.56536	2.137671355	99998.77512	0	0
Ne22	20479.73746	0.4590071034	99998.77512	0	0
neutron	939.56536	2.234792829	99998.75891	0	0
S36	33494.9558	0.2396545108	99998.75891	0	0
Ne23	21414.10216	0.2244738805	99998.78659	0	0
neutron	939.56536	5.106920845	99998.80602	0	0
proton	938.272013	4.287629688	99998.80602	0	0
proton	938.272013	4.065710186	99998.80602	0	0
neutron	939.56536	2.497414588	99998.80602	0	0
neutron	939.56536	0.9215941931	99998.80602	0	0
Si30	27913.24182	0.2991752142	99998.80602	0	0
neutron	939.56536	8.913964294	99998.80904	0	0
proton	938.272013	7.24755392	99998.80904	0	0
F21	19556.73074	0.9991515308	99998.80904	0	0
neutron	939.56536	1.197049369	99998.74221	0	0
Ne22	20479.73746	0.3787803929	99998.74221	0	0
neutron	939.56536	0.8251469388	99998.85484	0	0
S34	31632.70018	0.08042650897	99998.85484	0	0
proton	938.272013	19.53898219	99998.7525	0	0
neutron	939.56536	10.71332472	99998.7525	0	0
P33	30705.30994	1.61391585	99998.7525	0	0
proton	938.272013	15.24788004	99998.84947	0	0
neutron	939.56536	5.529882296	99998.84947	0	0
neutron	939.56536	2.027543821	99998.84947	0	0
F20	18625.26686	1.354492076	99998.84947	0	0
neutron	939.56536	5.481481394	99998.65365	0	0
neutron	939.56536	4.672454897	99998.65365	0	0
proton	938.272013	3.498417188	99998.65365	0	0
neutron	939.56536	2.35445338	99998.65365	0	0
P31	28844.21869	0.1983200528	99998.65365	0	0
neutron	939.56536	1.238238094	99998.63629	0	0
S34	31632.70018	0.2179358369	99998.63629	0	0
neutron	939.56536	8.304723129	99998.66506	0	0
proton	938.272013	6.99998981	99998.66506	0	0
neutron	939.56536	2.907597263	99998.66506	0	0
neutron	939.56536	2.676160394	99998.66506	0	0
P31	28844.21869	0.40265068	99998.66506	0	0
neutron	939.56536	4.619996887	99998.68327	0	0
neutron	939.56536	0.6874123607	99998.68327	0	0
deuteron	1875.613	5.077524647	99998.68327	0	0
F19	17692.30285	0.7419934482	99998.68327	0	0
neutron	939.56536	19.24160542	99998.69362	0	0
neutron	939.56536	2.58945519	99998.69362	0	0
neutron	939.56536	1.050580568	99998.69362	0	0
S34	31632.70018	0.2190052112	99998.69362	0	0
proton	938.272013	9.732921905	99998.73895	0	0
proton	938.272013	3.541219456	99998.73895	0	0
neutron	939.56536	2.75313835	99998.73895	0	0
Si32	29776.58515	0.5390788587	99998.73895	0	0
neutron	939.56536	4.114870845	99998.72566	0	0
alpha	3727.379	6.311650598	99998.72566	0	0
Si32	29776.58515	0.9335958083	99998.72566	0	0
neutron	939.56536	5.865353303	99998.70285	0	0
neutron	939.56536	4.294207883	99998.70285	0	0
proton	938.272013	3.877612474	99998.70285	0	0
proton	938.272013	3.313457391	99998.70285	0	0
neutron	939.56536	1.191484686	99998.70285	0	0
Si30	27913.24182	0.03327014572	99998.70285	0	0
neutron	939.56536	0.472776549	99998.74822	0	0
S36	33494.9558	0.0683906552	99998.74822	0	0
neutron	939.56536	2.432451813	99998.76913	0	0
S34	31632.70018	0.1063424061	99998.76913	0	0
neutron	939.56536	7.549250627	99998.85023	0	0
neutron	939.56536	2.088537637	99998.85023	0	0
S35	32565.27968	0.1985623392	99998.85023	0	0
proton	938.272013	17.58562675	99998.77665	0	0
proton	938.272013	15.79934456	99998.77665	0	0
neutron	939.56536	3.41455494	99998.77665	0	0
neutron	939.56536	0.4950554296	99998.77665	0	0
Si31	28846.21977	0.2415983961	99998.77665	0	0
neutron	939.56536	1.390814597	99998.69793	0	0
S34	31632.70018	0.05848908111	99998.69793	0	0
Ne23	21414.10216	0.2255869463	99998.74334	0	0
neutron	939.56536	13.11020739	99998.75959	0	0
Ne22	20479.73746	0.3515796557	99998.75959	0	0
S35	32565.27968	0.1608034099	99998.99477	0	0
neutron	939.56536	0.5948027694	99998.72371	0	0
Ne22	20479.73746	0.3068015197	99998.72371	0	0
Ne23	21414.10216	0.2269036436	99998.7236	0	0
S35	32565.27968	0.167604526	99998.7421	0	0
proton	938.272013	4.561295431	99998.78987	0	0
neutron	939.56536	1.620296668	99998.78987	0	0
neutron	939.56536	1.144757223	99998.78987	0	0
neutron	939.56536	1.124704921	99998.78987	0	0
P31	28844.21869	0.4210814473	99998.78987	0	0
Ne23	21414.10216	0.2288706454	99998.86178	0	0
neutron	939.56536	0.7597682025	99998.68192	0	0
Ne22	20479.73746	0.1295449025	99998.68192	0	0
neutron	939.56536	18.42958078	99998.71347	0	0
proton	938.272013	4.016039915	99998.71347	0	0
neutron	939.56536	3.32553181	99998.71347	0	0
neutron	939.56536	0.5420109506	99998.71347	0	0
P31	28844.21869	1.409530564	99998.71347	0	0
S37	34430.21755	0.1302390793	99998.68745	0	0
S35	32565.27968	0.1509767442	99998.7593	0	0
neutron	939.56536	1.945732168	99998.75883	0	0
neutron	939.56536	1.219648153	99998.75883	0	0
neutron	939.56536	0.9366950596	99998.75883	0	0
S34	31632.70018	0.1205344943	99998.75883	0	0
neutron	939.56536	14.75620034	99998.6914	0	0
neutron	939.56536	14.44705397	99998.6914	0	0
neutron	939.56536	12.08757518	99998.6914	0	0
neutron	939.56536	4.951282976	99998.6914	0	0
neutron	939.56536	0.2261079656	99998.6914	0	0
S32	29773.62828	0.95296208	99998.6914	0	0
neutron	939.56536	1.314494786	99998.76418	0	0
S34	31632.70018	0.04212615669	99998.76418	0	0
neutron	939.56536	2.044261034	99998.59789	0	0
S34	31632.70018	0.1806008851	99998.59789	0	0
neutron	939.56536	0.0600176919	99998.72753	0	0
S34	31632.70018	0.1428669192	99998.72753	0	0
neutron	939.56536	6.175679551	99998.74013	0	0
neutron	939.56536	3.169302527	99998.74013	0	0
neutron	939.56536	2.245628494	99998.74013	0	0
S34	31632.70018	0.1934654185	99998.74013	0	0
S37	34430.21755	0.137414278	99998.75953	0	0
neutron	939.56536	0.5241503011	99998.74353	0	0
S34	31632.70018	0.1889138799	99998.74353	0	0
neutron	939.56536	4.337880394	99998.6986	0	0
neutron	939.56536	0.6156613653	99998.6986	0	0
S33	30704.55199	0.3939515171	99998.6986	0	0
neutron	939.56536	34.07409503	99998.65932	0	0
proton	938.272013	32.93341642	99998.65932	0	0
neutron	939.56536	1.676622302	99998.65932	0	0
P32	29775.84838	1.035562941	99998.65932	0	0
neutron	939.56536	18.34640219	99998.73081	0	0
neutron	939.56536	1.430843846	99998.73081	0	0
alpha	3727.379	8.288855119	99998.73081	0	0
Si29	26984.28567	0.05078282699	99998.73081	0	0
neutron	939.56536	7.440312208	99998.70269	0	0
neutron	939.56536	2.033174695	99998.70269	0	0
alpha	3727.379	7.334054031	99998.70269	0	0
O17	15830.5038	1.183948796	99998.70269	0	0
neutron	939.56536	0.333023211	99998.73387	0	0
S34	31632.70018	0.1656443706	99998.73387	0	0
neutron	939.56536	9.400538773	99998.78358	0	0
neutron	939.56536	6.907062048	99998.78358	0	0
proton	938.272013	6.089260735	99998.78358	0	0
P34	31638.59261	0.6939869502	99998.78358	0	0
neutron	939.56536	0.328300883	99998.76948	0	0
S36	33494.9558	0.1770991118	99998.76948	0	0
S37	34430.21755	0.1407477903	99998.83744	0	0
neutron	939.56536	32.79774174	99998.69415	0	0
proton	938.272013	15.72825206	99998.69415	0	0
neutron	939.56536	0.3634026386	99998.69415	0	0
P32	29775.84838	0.4985259357	99998.69415	0	0
neutron	939.56536	1.703269873	99998.80335	0	0
S34	31632.70018	0.1098681683	99998.80335	0	0
neutron	939.56536	0.3972314329	99998.77521	0	0
Ne22	20479.73746	0.296020899	99998.77521	0	0
S35	32565.27968	0.1595770897	99998.74074	0	0
neutron	939.56536	7.160747753	99998.77766	0	0
neutron	939.56536	3.282491928	99998.77766	0	0
neutron	939.56536	2.703942829	99998.77766	0	0
S32	29773.62828	0.2081624484	99998.77766	0	0
S37	34430.21755	0.1266258282	99998.75997	0	0
neutron	939.56536	12.81773405	99998.67453	0	0
neutron	939.56536	1.031167078	99998.67453	0	0
Ne21	19550.53637	1.01486111	99998.67453	0	0
neutron	939.56536	9.929587218	99998.7511	0	0
neutron	939.56536	6.837371175	99998.7511	0	0
neutron	939.56536	3.177001438	99998.7511	0	0
alpha	3727.379	11.36089398	99998.7511	0	0
Si28	26053.19393	2.312221373	99998.7511	0	0
neutron	939.56536	23.49384973	99998.66973	0	0
neutron	939.56536	1.93544766	99998.66973	0	0
neutron	939.56536	1.236858399	99998.66973	0	0
S32	29773.62828	0.6781126017	99998.66973	0	0
Ne23	21414.10216	0.22084742	99998.7769	0	0
neutron	939.56536	0.9589277223	99998.76127	0	0
S34	31632.70018	0.1229026895	99998.76127	0	0
S37	34430.21755	0.1296153725	99998.73487	0	0
neutron	939.56536	5.65547417	99998.6558	0	0
neutron	939.56536	1.180651006	99998.6558	0	0
S35	32565.27968	0.1956206157	99998.6558	0	0
neutron	939.56536	15.11762166	99998.7257	0	0
neutron	939.56536	4.077753184	99998.7257	0	0
neutron	939.56536	1.004903462	99998.7257	0	0
Ne20	18617.73218	1.171628287	99998.7257	0	0
neutron	939.56536	2.180532678	99998.65786	0	0
S34	31632.70018	0.03661350588	99998.65786	0	0
neutron	939.56536	9.141264628	99998.74633	0	0
proton	938.272013	5.305397764	99998.74633	0	0
neutron	939.56536	2.672531163	99998.74633	0	0
neutron	939.56536	2.238157975	99998.74633	0	0
neutron	939.56536	1.552291879	99998.74633	0	0
P32	29775.84838	1.010149426	99998.74633	0	0
neutron	939.56536	50.26324026	99998.72821	0	0
neutron	939.56536	17.25348533	99998.72821	0	0
neutron	939.56536	0.1950338909	99998.72821	0	0
S34	31632.70018	0.808066227	99998.72821	0	0
neutron	939.56536	0.6807683426	99998.74309	0	0
S36	33494.9558	0.05987746998	99998.74309	0	0
neutron	939.56536	9.067042711	99998.72916	0	0
proton	938.272013	4.11922066	99998.72916	0	0
neutron	939.56536	0.8567096489	99998.72916	0	0
neutron	939.56536	0.6935940734	99998.72916	0	0
P31	28844.21869	0.9301548085	99998.72916	0	0
proton	938.272013	31.43675141	99998.72436	0	0
F22	20491.06576	0.9670523152	99998.72436	0	0
S35	32565.27968	0.1604679865	99998.82729	0	0
neutron	939.56536	0.6660048446	99998.76315	0	0
Ne22	20479.73746	0.08598781119	99998.76315	0	0
S37	34430.21755	0.1404974662	99998.70143	0	0
neutron	939.56536	23.37577936	99998.72517	0	0
proton	938.272013	6.074912714	99998.72517	0	0
neutron	939.56536	1.561844314	99998.72517	0	0
P32	29775.84838	0.8479884448	99998.72517	0	0
neutron	939.56536	0.5679968134	99998.64369	0	0
S34	31632.70018	0.1135427957	99998.64369	0	0
neutron	939.56536	0.6486160783	99998.82513	0	0
S34	31632.70018	0.2368386667	99998.82513	0	0
neutron	939.56536	1.12924343	99998.71246	0	0
S34	31632.70018	0.2942229639	99998.71246	0	0
Ne23	21414.10216	0.2276921477	99998.68253	0	0
Ne23	21414.10216	0.2306012547	99998.76109	0	0
S35	32565.27968	0.1630215176	99998.76684	0	0
Ne23	21414.10216	0.2251576609	99999.17346	0	0
proton	938.272013	23.37505885	99998.75792	0	0
neutron	939.56536	4.372657752	99998.75792	0	0
neutron	939.56536	1.621315119	99998.75792	0	0
P32	29775.84838	0.2445395798	99998.75792	0	0
Ne23	21414.10216	0.204294068	99998.78541	0	0
neutron	939.56536	7.977411162	99998.70913	0	0
proton	938.272013	5.81201199	99998.70913	0	0
neutron	939.56536	0.4315934219	99998.70913	0	0
P32	29775.84838	0.8849516417	99998.70913	0	0
neutron	939.56536	1.177760491	99998.69974	0	0
S36	33494.9558	0.1313102977	99998.69974	0	0
Ne23	21414.10216	0.2314223387	99998.72863	0	0
neutron	939.56536	0.5462675461	99999.12992	0	0
Ne22	20479.73746	0.2161189071	99999.12992	0	0
neutron	939.56536	7.740758016	99998.68175	0	0
neutron	939.56536	4.825751463	99998.68175	0	0
neutron	939.56536	2.165281283	99998.68175	0	0
alpha	3727.379	5.560419381	99998.68175	0	0
O16	14895.08153	3.313653413	99998.68175	0	0
proton	938.272013	23.3096158	99998.6906	0	0
neutron	939.56536	6.667170784	99998.6906	0	0
neutron	939.56536	2.929641909	99998.6906	0	0
neutron	939.56536	2.531566091	99998.6906	0	0
F19	17692.30285	0.9643916277	99998.6906	0	0
Ne23	21414.10216	0.2133875852	99998.82113	0	0
neutron	939.56536	1.064397538	99998.81294	0	0
Ne22	20479.73746	0.1221693662	99998.81294	0	0
neutron	939.56536	1.784999269	99998.7004	0	0
Ne22	20479.73746	0.1714905666	99998.7004	0	0
S37	34430.21755	0.136508054	99998.72607	0	0
S35	32565.27968	0.1579285728	99998.73425	0	0
Ne23	21414.10216	0.2331070541	99998.77061	0	0
neutron	939.56536	5.799318344	99998.74232	0	0
neutron	939.56536	2.026864078	99998.74232	0	0
S35	32565.27968	0.1464994412	99998.74232	0	0
neutron	939.56536	5.636865952	99998.73625	0	0
neutron	939.56536	4.196217618	99998.73625	0	0
neutron	939.56536	2.177134309	99998.73625	0	0
alpha	3727.379	9.113597316	99998.73625	0	0
O16	14895.08153	0.809480159	99998.73625	0	0
proton	938.272013	2.862419191	99998.70436	0	0
neutron	939.56536	1.732922603	99998.70436	0	0
neutron	939.56536	1.610879483	99998.70436	0	0
P32	29775.84838	0.5810657828	99998.70436	0	0
Ne23	21414.10216	0.2054422063	99998.86598	0	0
neutron	939.56536	0.8663737001	99998.73953	0	0
Ne22	20479.73746	0.3516651774	99998.73953	0	0
neutron	939.56536	25.97473485	99998.72182	0	0
neutron	939.56536	2.001377269	99998.72182	0	0
neutron	939.56536	0.9920789121	99998.72182	0	0
alpha	3727.379	5.112366291	99998.72182	0	0
O16	14895.08153	1.782420886	99998.72182	0	0
Ne23	21414.10216	0.2234745562	99998.80781	0	0
neutron	939.56536	7.222383886	99998.70095	0	0
neutron	939.56536	5.304137798	99998.70095	0	0
proton	938.272013	1.22280116	99998.70095	0	0
deuteron	1875.613	5.36932041	99998.70095	0	0
alpha	3727.379	5.861986489	99998.70095	0	0
C14	13040.87134	4.413544484	99998.70095	0	0
neutron	939.56536	0.1120271934	99998.70118	0	0
Ne22	20479.73746	0.2909264855	99998.70118	0	0
S35	32565.27968	0.1451071213	99998.7168	0	0
neutron	939.56536	12.19889552	99998.74411	0	0
neutron	939.56536	0.9834124209	99998.74411	0	0
Ne21	19550.53637	0.970051935	99998.74411	0	0
neutron	939.56536	1.001046236	99998.77171	0	0
S34	31632.70018	0.2800104423	99998.77171	0	0
neutron	939.56536	9.115878877	99998.71044	0	0
neutron	939.56536	0.6861431722	99998.71044	0	0
S33	30704.55199	0.3258249823	99998.71044	0	0
S35	32565.27968	0.1635188389	99998.81762	0	0
neutron	939.56536	2.616563556	99998.66625	0	0
neutron	939.56536	0.9568585201	99998.66625	0	0
S33	30704.55199	0.1328664182	99998.66625	0	0
neutron	939.56536	15.36475099	99998.7752	0	0
S34	31632.70018	0.2583049448	99998.7752	0	0
S37	34430.21755	0.1390708412	99998.75194	0	0
neutron	939.56536	1.908041514	99998.74532	0	0
S34	31632.70018	0.1746663938	99998.74532	0	0
neutron	939.56536	1.440733941	99998.79131	0	0
S34	31632.70018	0.03273249259	99998.79131	0	0
neutron	939.56536	1.079031597	99998.7997	0	0
S34	31632.70018	0.3006071093	99998.7997	0	0
neutron	939.56536	22.0328813	99998.73525	0	0
neutron	939.56536	5.123776414	99998.73525	0	0
neutron	939.56536	1.894162715	99998.73525	0	0
S32	29773.62828	0.2986835773	99998.73525	0	0
neutron	939.56536	0.4064912734	99998.74694	0	0
S34	31632.70018	0.141518216	99998.74694	0	0
neutron	939.56536	5.840711033	99998.673	0	0
neutron	939.56536	4.51357076	99998.673	0	0
proton	938.272013	3.415615642	99998.673	0	0
neutron	939.56536	0.2781078472	99998.673	0	0
P31	28844.21869	0.6729787691	99998.673	0	0
proton	938.272013	8.452645352	99998.674	0	0
proton	938.272013	7.384935776	99998.674	0	0
neutron	939.56536	5.786009787	99998.674	0	0
neutron	939.56536	2.261524318	99998.674	0	0
neutron	939.56536	1.914551618	99998.674	0	0
Si30	27913.24182	0.8418745606	99998.674	0	0
proton	938.272013	20.09537157	99998.72632	0	0
proton	938.272013	6.493203198	99998.72632	0	0
neutron	939.56536	3.713582751	99998.72632	0	0
neutron	939.56536	3.02344645	99998.72632	0	0
neutron	939.56536	0.6850319353	99998.72632	0	0
Si30	27913.24182	1.32660826	99998.72632	0	0
Ne23	21414.10216	0.2289439466	99998.63606	0	0
neutron	939.56536	8.155524447	99998.67688	0	0
neutron	939.56536	5.210746498	99998.67688	0	0
neutron	939.56536	4.474834902	99998.67688	0	0
Ne20	18617.73218	0.7850139695	99998.67688	0	0
neutron	939.56536	0.8620296527	99998.73619	0	0
S36	33494.9558	0.1238993115	99998.73619	0	0
neutron	939.56536	0.7574165312	99998.77651	0	0
Ne22	20479.73746	0.2657307337	99998.77651	0	0
Ne23	21414.10216	0.2294197916	99998.6654	0	0
S35	32565.27968	0.1628369044	99998.74939	0	0
Ne23	21414.10216	0.2235093322	99998.87254	0	0
S37	34430.21755	0.144245139	99998.78811	0	0
neutron	939.56536	24.06953856	99998.73339	0	0
neutron	939.56536	20.67535783	99998.73339	0	0
neutron	939.56536	7.264429389	99998.73339	0	0
S32	29773.62828	0.3489988558	99998.73339	0	0
S35	32565.27968	0.1497390138	99998.75656	0	0
S35	32565.27968	0.1532801778	99998.74024	0	0
S35	32565.27968	0.1477711422	99998.63778	0	0
S35	32565.27968	0.1370998513	99998.77558	0	0
neutron	939.56536	3.15446218	99998.78863	0	0
S34	31632.70018	0.3622858161	99998.78863	0	0
neutron	939.56536	37.14973942	99998.66833	0	0
proton	938.272013	2.222533529	99998.66833	0	0
neutron	939.56536	0.8831925024	99998.66833	0	0
P32	29775.84838	1.245706995	99998.66833	0	0
neutron	939.56536	23.48698252	99998.78731	0	0
alpha	3727.379	8.794619563	99998.78731	0	0
Si30	27913.24182	0.05670079927	99998.78731	0	0
neutron	939.56536	1.311887022	99998.76069	0	0
S34	31632.70018	0.08650991083	99998.76069	0	0
neutron	939.56536	0.3601683855	99998.71089	0	0
Ne22	20479.73746	0.1350892518	99998.71089	0	0
neutron	939.56536	1.144130161	99998.69583	0	0
Ne22	20479.73746	0.4354588918	99998.69583	0	0
neutron	939.56536	1.377284724	99998.68711	0	0
neutron	939.56536	0.8814274338	99998.68711	0	0
S33	30704.55199	0.2309492559	99998.68711	0	0
proton	938.272013	4.772142188	99998.75228	0	0
neutron	939.56536	1.349130708	99998.75228	0	0
P33	30705.30994	0.1561918906	99998.75228	0	0
neutron	939.56536	0.1842355511	99998.76564	0	0
S34	31632.70018	0.1009963765	99998.76564	0	0
neutron	939.56536	0.4740216199	99998.73493	0	0
S34	31632.70018	0.1438373209	99998.73493	0	0
S37	34430.21755	0.1338029354	99998.77256	0	0
neutron	939.56536	0.8795964066	99998.77679	0	0
Ne22	20479.73746	0.3422860634	99998.77679	0	0
neutron	939.56536	21.19387021	99998.68648	0	0
neutron	939.56536	4.557397058	99998.68648	0	0
neutron	939.56536	0.5166559411	99998.68648	0	0
S32	29773.62828	0.6784646762	99998.68648	0	0
Ne23	21414.10216	0.2258295526	99998.70694	0	0
S35	32565.27968	0.1635881987	99998.64878	0	0
S35	32565.27968	0.1586944937	99998.72118	0	0
neutron	939.56536	9.670832594	99998.68842	0	0
neutron	939.56536	4.705381807	99998.68842	0	0
neutron	939.56536	4.059209136	99998.68842	0	0
alpha	3727.379	3.6604162	99998.68842	0	0
O16	14895.08153	3.670018213	99998.68842	0	0
neutron	939.56536	24.86967908	99998.74734	0	0
proton	938.272013	6.238602338	99998.74734	0	0
neutron	939.56536	2.572281195	99998.74734	0	0
neutron	939.56536	2.082827859	99998.74734	0	0
triton	2808.921	4.062118342	99998.74734	0	0
O16	14895.08153	0.5034694478	99998.74734	0	0
neutron	939.56536	0.5021249194	99998.71017	0	0
S34	31632.70018	0.2465031308	99998.71017	0	0
proton	938.272013	14.64982064	99998.71432	0	0
neutron	939.56536	3.863059844	99998.71432	0	0
neutron	939.56536	1.57123836	99998.71432	0	0
P34	31638.59261	0.2622992853	99998.71432	0	0
neutron	939.56536	0.7086811739	99998.69582	0	0
S34	31632.70018	0.07775773942	99998.69582	0	0
neutron	939.56536	2.001465978	99998.70641	0	0
S34	31632.70018	0.1539370815	99998.70641	0	0
proton	938.272013	25.04047565	99998.7047	0	0
proton	938.272013	3.806867082	99998.7047	0	0
neutron	939.56536	3.766274934	99998.7047	0	0
neutron	939.56536	2.372448709	99998.7047	0	0
neutron	939.56536	2.221426517	99998.7047	0	0
Si30	27913.24182	0.3958276626	99998.7047	0	0
neutron	939.56536	5.400616294	99998.67934	0	0
alpha	3727.379	10.96070139	99998.67934	0	0
Si30	27913.24182	0.6589781448	99998.67934	0	0
neutron	939.56536	0.3695976661	99998.71126	0	0
Ne22	20479.73746	0.2352198886	99998.71126	0	0
neutron	939.56536	7.490209154	99998.72902	0	0
proton	938.272013	4.765283561	99998.72902	0	0
neutron	939.56536	2.117055349	99998.72902	0	0
P32	29775.84838	0.15849	99998.72902	0	0
Ne23	21414.10216	0.2232846116	99998.70001	0	0
neutron	939.56536	11.37221844	99998.68591	0	0
neutron	939.56536	8.223808814	99998.68591	0	0
neutron	939.56536	7.141981906	99998.68591	0	0
neutron	939.56536	3.458729389	99998.68591	0	0
He3	2808.391	6.344702113	99998.68591	0	0
Si28	26053.19393	0.6231527794	99998.68591	0	0
neutron	939.56536	6.826268823	99998.66533	0	0
S34	31632.70018	0.2421709264	99998.66533	0	0
proton	938.272013	16.51326998	99998.72249	0	0
neutron	939.56536	5.105735769	99998.72249	0	0
neutron	939.56536	3.959463031	99998.72249	0	0
neutron	939.56536	3.062545585	99998.72249	0	0
alpha	3727.379	5.646949705	99998.72249	0	0
N15	13968.93638	0.3799450545	99998.72249	0	0
neutron	939.56536	5.480755823	99998.70796	0	0
neutron	939.56536	5.062935589	99998.70796	0	0
neutron	939.56536	1.71582397	99998.70796	0	0
alpha	3727.379	5.774222838	99998.70796	0	0
O16	14895.08153	0.3907258069	99998.70796	0	0
S35	32565.27968	0.1561755133	99998.74106	0	0
neutron	939.56536	0.2738882559	99998.74419	0	0
S34	31632.70018	0.1082648574	99998.74419	0	0
neutron	939.56536	1.789901944	99998.72264	0	0
S34	31632.70018	0.2205590733	99998.72264	0	0
neutron	939.56536	0.6299021731	99998.6679	0	0
S34	31632.70018	0.06294396306	99998.6679	0	0
neutron	939.56536	3.979304759	99998.80358	0	0
Ne22	20479.73746	0.609708942	99998.80358	0	0
neutron	939.56536	1.330277771	99998.76365	0	0
S34	31632.70018	0.1828640431	99998.76365	0	0
neutron	939.56536	1.20543243	99998.72543	0	0
Ne22	20479.73746	0.4536512964	99998.72543	0	0
proton	938.272013	6.351461796	99998.82806	0	0
neutron	939.56536	3.584777968	99998.82806	0	0
neutron	939.56536	2.466011258	99998.82806	0	0
P32	29775.84838	0.08507033356	99998.82806	0	0
neutron	939.56536	0.144673205	99998.81111	0	0
Ne22	20479.73746	0.1662116288	99998.81111	0	0
neutron	939.56536	0.07645045604	99998.76687	0	0
Ne22	20479.73746	0.1700670556	99998.76687	0	0
neutron	939.56536	1.984534511	99998.78898	0	0
Ne22	20479.73746	0.5043420327	99998.78898	0	0
neutron	939.56536	25.91825852	99998.74273	0	0
neutron	939.56536	25.88576204	99998.74273	0	0
neutron	939.56536	3.47180609	99998.74273	0	0
Ne20	18617.73218	0.1067300805	99998.74273	0	0
neutron	939.56536	18.12274375	99998.72964	0	0
neutron	939.56536	3.55567779	99998.72964	0	0
neutron	939.56536	3.081877654	99998.72964	0	0
proton	938.272013	1.531503224	99998.72964	0	0
alpha	3727.379	3.506717641	99998.72964	0	0
N15	13968.93638	5.058944612	99998.72964	0	0
neutron	939.56536	6.580988903	99998.79564	0	0
neutron	939.56536	2.873990673	99998.79564	0	0
neutron	939.56536	0.9073741099	99998.79564	0	0
S34	31632.70018	0.3483940893	99998.79564	0	0
neutron	939.56536	0.667686778	99998.67433	0	0
Ne22	20479.73746	0.1995130747	99998.67433	0	0
neutron	939.56536	16.29258694	99998.72634	0	0
neutron	939.56536	11.64757559	99998.72634	0	0
neutron	939.56536	1.000673079	99998.72634	0	0
alpha	3727.379	17.11135616	99998.72634	0	0
Si28	26053.19393	0.5973915946	99998.72634	0	0
proton	938.272013	4.848078106	99998.72955	0	0
neutron	939.56536	4.249104735	99998.72955	0	0
neutron	939.56536	3.492888307	99998.72955	0	0
neutron	939.56536	3.342386033	99998.72955	0	0
proton	938.272013	2.523507906	99998.72955	0	0
Si30	27913.24182	1.888864967	99998.72955	0	0
neutron	939.56536	0.05303723365	99998.84485	0	0
S34	31632.70018	0.1448077169	99998.84485	0	0
proton	938.272013	15.08155541	99998.76563	0	0
neutron	939.56536	3.671611985	99998.76563	0	0
neutron	939.56536	0.8103387021	99998.76563	0	0
neutron	939.56536	0.6354982563	99998.76563	0	0
F19	17692.30285	0.9837970214	99998.76563	0	0
S35	32565.27968	0.1386954942	99998.75583	0	0
proton	938.272013	13.74897367	99998.76759	0	0
neutron	939.56536	5.284684197	99998.76759	0	0
proton	938.272013	5.127241424	99998.76759	0	0
neutron	939.56536	2.563068736	99998.76759	0	0
neutron	939.56536	1.078810893	99998.76759	0	0
Si30	27913.24182	0.2686674353	99998.76759	0	0
S35	32565.27968	0.1587709935	99998.68945	0	0
Ne23	21414.10216	0.2296442776	99998.73889	0	0
neutron	939.56536	0.2850903921	99998.77375	0	0
S34	31632.70018	0.1802617525	99998.77375	0	0
neutron	939.56536	0.2246785707	99998.83147	0	0
S36	33494.9558	0.1876100517	99998.83147	0	0
neutron	939.56536	0.7997454002	99998.82376	0	0
S34	31632.70018	0.1435350758	99998.82376	0	0
S37	34430.21755	0.1264003169	99998.8231	0	0
neutron	939.56536	4.303112251	99998.74006	0	0
Ne22	20479.73746	0.640261756	99998.74006	0	0
neutron	939.56536	1.187379396	99998.78283	0	0
S34	31632.70018	0.2894937763	99998.78283	0	0
proton	938.272013	6.106585657	99998.91718	0	0
neutron	939.56536	5.868653576	99998.91718	0	0
neutron	939.56536	5.63070492	99998.91718	0	0
proton	938.272013	2.563312989	99998.91718	0	0
neutron	939.56536	1.231339559	99998.91718	0	0
Si30	27913.24182	0.293819136	99998.91718	0	0
neutron	939.56536	5.015305863	99998.64939	0	0
neutron	939.56536	3.392246907	99998.64939	0	0
neutron	939.56536	1.422086439	99998.64939	0	0
S32	29773.62828	0.4067495944	99998.64939	0	0
neutron	939.56536	8.464624926	99998.69095	0	0
neutron	939.56536	2.606742214	99998.69095	0	0
neutron	939.56536	2.201771551	99998.69095	0	0
neutron	939.56536	2.116337114	99998.69095	0	0
S33	30704.55199	0.5539077192	99998.69095	0	0
S35	32565.27968	0.1378988954	99998.68239	0	0
S35	32565.27968	0.1653270189	99998.72988	0	0
neutron	939.56536	6.139980958	99998.75537	0	0
neutron	939.56536	3.528658649	99998.75537	0	0
neutron	939.56536	0.4818251029	99998.75537	0	0
Ne20	18617.73218	0.6035794383	99998.75537	0	0
neutron	939.56536	3.45106737	99998.81435	0	0
S34	31632.70018	0.007175388589	99998.81435	0	0
neutron	939.56536	1.752047342	99998.82032	0	0
Ne22	20479.73746	0.3477666381	99998.82032	0	0
neutron	939.56536	6.799257106	99998.79296	0	0
neutron	939.56536	2.112953132	99998.79296	0	0
S33	30704.55199	0.798258315	99998.79296	0	0
neutron	939.56536	2.191300678	99998.86541	0	0
neutron	939.56536	1.089281293	99998.86541	0	0
Ne21	19550.53637	0.2003490176	99998.86541	0	0
S37	34430.21755	0.142289545	99998.77078	0	0
neutron	939.56536	12.47180951	99998.72235	0	0
neutron	939.56536	12.17287503	99998.72235	0	0
neutron	939.56536	3.757737698	99998.72235	0	0
S34	31632.70018	0.4460015152	99998.72235	0	0
proton	938.272013	6.596590647	99998.60641	0	0
neutron	939.56536	3.807235807	99998.60641	0	0
neutron	939.56536	2.699068961	99998.60641	0	0
neutron	939.56536	1.755463571	99998.60641	0	0
P31	28844.21869	0.04989609709	99998.60641	0	0
S35	32565.27968	0.1494926031	99998.69976	0	0
proton	938.272013	5.664509603	99998.78712	0	0
neutron	939.56536	3.764374702	99998.78712	0	0
P33	30705.30994	0.2628629035	99998.78712	0	0
proton	938.272013	10.65513678	99998.80422	0	0
neutron	939.56536	2.275369601	99998.80422	0	0
neutron	939.56536	2.031706768	99998.80422	0	0
F20	18625.26686	1.254552284	99998.80422	0	0
neutron	939.56536	9.451798656	99998.63245	0	0
neutron	939.56536	5.293010901	99998.63245	0	0
neutron	939.56536	3.866118832	99998.63245	0	0
S32	29773.62828	0.3198297094	99998.63245	0	0
neutron	939.56536	0.269471163	99998.72585	0	0
S34	31632.70018	0.2177373889	99998.72585	0	0
S37	34430.21755	0.1413243355	99998.71459	0	0
neutron	939.56536	0.08646080538	99998.70223	0	0
Ne22	20479.73746	0.1903244589	99998.70223	0	0
Ne23	21414.10216	0.2149832463	99998.85064	0	0
neutron	939.56536	0.5156597216	99998.75532	0	0
Ne22	20479.73746	0.2509242678	99998.75532	0	0
neutron	939.56536	0.4466191417	99998.73201	0	0
S36	33494.9558	0.1818143142	99998.73201	0	0
neutron	939.56536	4.63727387	99998.69144	0	0
neutron	939.56536	1.941472216	99998.69144	0	0
neutron	939.56536	0.950328348	99998.69144	0	0
S32	29773.62828	0.04931408527	99998.69144	0	0
neutron	939.56536	0.9925661281	99998.77941	0	0
Ne22	20479.73746	0.4351643741	99998.77941	0	0
neutron	939.56536	1.218457755	99998.69195	0	0
Ne22	20479.73746	0.4375449302	99998.69195	0	0
proton	938.272013	4.048519722	99998.87376	0	0
neutron	939.56536	3.14351203	99998.87376	0	0
neutron	939.56536	1.156080559	99998.87376	0	0
P32	29775.84838	0.1457996576	99998.87376	0	0
neutron	939.56536	1.620751784	99998.75651	0	0
Ne22	20479.73746	0.1940999215	99998.75651	0	0
Ne23	21414.10216	0.2243912235	99998.69331	0	0
neutron	939.56536	0.3631489739	99998.65044	0	0
Ne22	20479.73746	0.1245089494	99998.65044	0	0
neutron	939.56536	0.8152989873	99998.73889	0	0
Ne22	20479.73746	0.3885572687	99998.73889	0	0
neutron	939.56536	0.3023271515	99998.77875	0	0
S34	31632.70018	0.1699531932	99998.77875	0	0
proton	938.272013	18.83725187	99998.72628	0	0
proton	938.272013	4.993675482	99998.72628	0	0
neutron	939.56536	3.900224362	99998.72628	0	0
neutron	939.56536	2.027009301	99998.72628	0	0
neutron	939.56536	0.5503264891	99998.72628	0	0
Si30	27913.24182	0.6572832825	99998.72628	0	0
neutron	939.56536	18.26840384	99998.69401	0	0
alpha	3727.379	10.22163397	99998.69401	0	0
Si30	27913.24182	0.4092648258	99998.69401	0	0
Ne23	21414.10216	0.2280275417	99998.82826	0	0
neutron	939.56536	6.956600896	99998.75024	0	0
alpha	3727.379	5.996968533	99998.75024	0	0
O18	16762.02378	1.925618668	99998.75024	0	0
neutron	939.56536	0.3759490134	99998.72656	0	0
S34	31632.70018	0.2145103945	99998.72656	0	0
S35	32565.27968	0.1670146425	99998.8039	0	0
S35	32565.27968	0.1386059405	99998.7463	0	0
neutron	939.56536	4.285544632	99998.70131	0	0
neutron	939.56536	0.9507580353	99998.70131	0	0
neutron	939.56536	0.8779991619	99998.70131	0	0
S32	29773.62828	0.3564836395	99998.70131	0	0
neutron	939.56536	6.498004328	99998.711	0	0
neutron	939.56536	2.346476901	99998.711	0	0
neutron	939.56536	0.2234610304	99998.711	0	0
S34	31632.70018	0.302299876	99998.711	0	0
neutron	939.56536	0.9140398715	99998.69477	0	0
S34	31632.70018	0.1338200089	99998.69477	0	0
neutron	939.56536	3.977778963	99998.77113	0	0
S34	31632.70018	0.3634684176	99998.77113	0	0
neutron	939.56536	1.840464953	99998.70112	0	0
S34	31632.70018	0.09556869095	99998.70112	0	0
S35	32565.27968	0.1590040388	99998.73302	0	0
neutron	939.56536	4.993100294	99998.7977	0	0
neutron	939.56536	3.199938104	99998.7977	0	0
neutron	939.56536	2.698402586	99998.7977	0	0
S34	31632.70018	0.4440164945	99998.7977	0	0
neutron	939.56536	12.17893597	99998.69519	0	0
proton	938.272013	4.229535697	99998.69519	0	0
neutron	939.56536	1.455527571	99998.69519	0	0
neutron	939.56536	0.05950171047	99998.69519	0	0
F19	17692.30285	0.6839277489	99998.69519	0	0
neutron	939.56536	2.553291963	99998.66487	0	0
neutron	939.56536	1.726033184	99998.66487	0	0
S35	32565.27968	0.140540989	99998.66487	0	0
neutron	939.56536	23.84298389	99998.82622	0	0
neutron	939.56536	10.87309377	99998.82622	0	0
neutron	939.56536	3.598415398	99998.82622	0	0
alpha	3727.379	6.006194883	99998.82622	0	0
O16	14895.08153	1.8278289	99998.82622	0	0
proton	938.272013	17.17669659	99998.6694	0	0
proton	938.272013	11.9803286	99998.6694	0	0
neutron	939.56536	1.942010334	99998.6694	0	0
Si32	29776.58515	0.8914661002	99998.6694	0	0
neutron	939.56536	0.6539222767	99998.73708	0	0
S34	31632.70018	0.1755651437	99998.73708	0	0
neutron	939.56536	0.03740755233	99998.7312	0	0
S34	31632.70018	0.1380199616	99998.7312	0	0
deuteron	1875.613	13.59856342	99998.7631	0	0
F21	19556.73074	1.284840128	99998.7631	0	0
Ne23	21414.10216	0.2289618424	99998.65558	0	0
neutron	939.56536	41.94709751	99998.74477	0	0
neutron	939.56536	4.441656839	99998.74477	0	0
neutron	939.56536	1.869091639	99998.74477	0	0
Ne20	18617.73218	2.111242037	99998.74477	0	0
S35	32565.27968	0.1541929106	99998.73389	0	0
neutron	939.56536	1.507279457	99998.75152	0	0
S34	31632.70018	0.2451853818	99998.75152	0	0
Ne23	21414.10216	0.2061279651	99998.85319	0	0
neutron	939.56536	0.1198620377	99998.65916	0	0
Ne22	20479.73746	0.1567306647	99998.65916	0	0
S35	32565.27968	0.1587426656	99998.76925	0	0
neutron	939.56536	1.035600103	99998.75678	0	0
S36	33494.9558	0.04795958894	99998.75678	0	0
neutron	939.56536	9.039617081	99998.68771	0	0
neutron	939.56536	6.607947054	99998.68771	0	0
proton	938.272013	3.832480317	99998.68771	0	0
F20	18625.26686	0.1961962158	99998.68771	0	0
Ne23	21414.10216	0.2171860882	99998.73018	0	0
neutron	939.56536	0.6128550918	99998.78823	0	0
S34	31632.70018	0.106246497	99998.78823	0	0
neutron	939.56536	2.769373972	99998.85804	0	0
neutron	939.56536	2.564506499	99998.85804	0	0
Ne21	19550.53637	0.2501259235	99998.85804	0	0
S37	34430.21755	0.1394144821	99998.81382	0	0
neutron	939.56536	0.3870332757	99998.71329	0	0
S36	33494.9558	0.1256840327	99998.71329	0	0
neutron	939.56536	4.76251205	99998.81042	0	0
neutron	939.56536	1.430010385	99998.81042	0	0
neutron	939.56536	0.1576255849	99998.81042	0	0
S32	29773.62828	0.2942178841	99998.81042	0	0
neutron	939.56536	0.3259039375	99998.67954	0	0
S36	33494.9558	0.1959537411	99998.67954	0	0
neutron	939.56536	3.845476822	99998.8404	0	0
neutron	939.56536	2.449612329	99998.8404	0	0
S33	30704.55199	0.5937554045	99998.8404	0	0
neutron	939.56536	5.412589901	99998.76115	0	0
proton	938.272013	3.75094882	99998.76115	0	0
neutron	939.56536	2.657942983	99998.76115	0	0
neutron	939.56536	2.379489708	99998.76115	0	0
deuteron	1875.613	4.840769866	99998.76115	0	0
O17	15830.5038	1.522647054	99998.76115	0	0
proton	938.272013	4.858128622	99998.67629	0	0
neutron	939.56536	0.8738236051	99998.67629	0	0
neutron	939.56536	0.3407046542	99998.67629	0	0
P32	29775.84838	0.002356845215	99998.67629	0	0
neutron	939.56536	9.130716584	99998.78135	0	0
neutron	939.56536	7.949825619	99998.78135	0	0
neutron	939.56536	1.184401505	99998.78135	0	0
alpha	3727.379	4.657383259	99998.78135	0	0
O16	14895.08153	0.6119457387	99998.78135	0	0
neutron	939.56536	1.06644845	99998.69545	0	0
S34	31632.70018	0.1117314406	99998.69545	0	0
neutron	939.56536	0.3918214519	99998.79762	0	0
S34	31632.70018	0.2193673718	99998.79762	0	0
S35	32565.27968	0.1509857055	99998.69324	0	0
neutron	939.56536	3.040650631	99998.67644	0	0
neutron	939.56536	1.529390667	99998.67644	0	0
neutron	939.56536	0.6041409992	99998.67644	0	0
S34	31632.70018	0.2083034606	99998.67644	0	0
Ne23	21414.10216	0.223206602	99998.76975	0	0
neutron	939.56536	19.93896483	99998.77276	0	0
neutron	939.56536	8.497091077	99998.77276	0	0
neutron	939.56536	0.5363621573	99998.77276	0	0
S32	29773.62828	0.05632383285	99998.77276	0	0
Ne23	21414.10216	0.2093604473	99998.70177	0	0
neutron	939.56536	7.17054549	99998.68952	0	0
neutron	939.56536	1.283867949	99998.68952	0	0
neutron	939.56536	1.13098922	99998.68952	0	0
Ne20	18617.73218	0.5608993079	99998.68952	0	0
neutron	939.56536	0.8355851686	99998.87841	0	0
Ne22	20479.73746	0.304928175	99998.87841	0	0
neutron	939.56536	1.564384946	99998.76372	0	0
S34	31632.70018	0.127200036	99998.76372	0	0
neutron	939.56536	34.48737965	99998.78216	0	0
neutron	939.56536	1.673007774	99998.78216	0	0
neutron	939.56536	0.7579332606	99998.78216	0	0
S32	29773.62828	1.155882563	99998.78216	0	0
neutron	939.56536	1.414660054	99998.72273	0	0
Ne22	20479.73746	0.3286622231	99998.72273	0	0
neutron	939.56536	0.8443535949	99998.72596	0	0
S36	33494.9558	0.1380810974	99998.72596	0	0
neutron	939.56536	2.27356559	99998.77716	0	0
neutron	939.56536	1.926580991	99998.77716	0	0
neutron	939.56536	1.112708174	99998.77716	0	0
Ne20	18617.73218	0.5312163603	99998.77716	0	0
S35	32565.27968	0.1642137742	99998.67922	0	0
proton	938.272013	8.644590036	99998.74788	0	0
neutron	939.56536	4.075902383	99998.74788	0	0
neutron	939.56536	1.490578412	99998.74788	0	0
F20	18625.26686	0.5163225936	99998.74788	0	0
proton	938.272013	8.798574505	99998.81102	0	0
neutron	939.56536	1.970282761	99998.81102	0	0
neutron	939.56536	1.379149663	99998.81102	0	0
F20	18625.26686	0.2854503028	99998.81102	0	0
neutron	939.56536	1.545578056	99998.65247	0	0
S36	33494.9558	0.1911361216	99998.65247	0	0
neutron	939.56536	27.57074007	99998.77416	0	0
neutron	939.56536	2.544092417	99998.77416	0	0
neutron	939.56536	1.724871	99998.77416	0	0
Ne20	18617.73218	0.8261802617	99998.77416	0	0
neutron	939.56536	23.41238208	99998.70808	0	0
proton	938.272013	12.83031108	99998.70808	0	0
P33	30705.30994	0.8771106902	99998.70808	0	0
neutron	939.56536	0.4035606988	99998.77611	0	0
S34	31632.70018	0.2392618993	99998.77611	0	0
neutron	939.56536	21.42731278	99998.67816	0	0
neutron	939.56536	3.384562297	99998.67816	0	0
proton	938.272013	2.972727933	99998.67816	0	0
neutron	939.56536	1.335444669	99998.67816	0	0
P31	28844.21869	0.9945481572	99998.67816	0	0
neutron	939.56536	13.09906085	99998.83122	0	0
proton	938.272013	7.955920547	99998.83122	0	0
neutron	939.56536	5.10338836	99998.83122	0	0
proton	938.272013	2.789732974	99998.83122	0	0
neutron	939.56536	1.288225553	99998.83122	0	0
Si30	27913.24182	0.08532977325	99998.83122	0	0
Ne23	21414.10216	0.2343912183	99998.74439	0	0
neutron	939.56536	0.2561696403	99998.68614	0	0
S34	31632.70018	0.1157009682	99998.68614	0	0
Ne23	21414.10216	0.2057061211	99998.72034	0	0
S35	32565.27968	0.1301189906	99998.73342	0	0
neutron	939.56536	1.030167578	99998.81297	0	0
S34	31632.70018	0.1642910525	99998.81297	0	0
neutron	939.56536	1.820690012	99998.65497	0	0
neutron	939.56536	1.436831336	99998.65497	0	0
S33	30704.55199	0.1150869251	99998.65497	0	0
neutron	939.56536	1.621683855	99998.74937	0	0
Ne22	20479.73746	0.2853175595	99998.74937	0	0
neutron	939.56536	3.609774418	99998.80027	0	0
Ne22	20479.73746	0.4681160204	99998.80027	0	0
neutron	939.56536	0.09243775662	99998.775	0	0
S34	31632.70018	0.1177206937	99998.775	0	0
neutron	939.56536	2.225099103	99999.11056	0	0
Ne22	20479.73746	0.5722753416	99999.11056	0	0
neutron	939.56536	0.1217456135	99998.76304	0	0
Ne22	20479.73746	0.1577957859	99998.76304	0	0
S35	32565.27968	0.1540161407	99998.88618	0	0
neutron	939.56536	1.044319393	99998.74579	0	0
Ne22	20479.73746	0.1219267238	99998.74579	0	0
neutron	939.56536	2.790122649	99998.75826	0	0
neutron	939.56536	2.230914744	99998.75826	0	0
neutron	939.56536	2.21768114	99998.75826	0	0
Ne20	18617.73218	0.1692244575	99998.75826	0	0
neutron	939.56536	1.584057018	99998.78768	0	0
S34	31632.70018	0.2672589276	99998.78768	0	0
neutron	939.56536	15.10696205	99998.76562	0	0
alpha	3727.379	5.77762566	99998.76562	0	0
O18	16762.02378	0.5353082677	99998.76562	0	0
neutron	939.56536	0.05040948787	99998.70146	0	0
Ne22	20479.73746	0.202812215	99998.70146	0	0
neutron	939.56536	0.1112208086	99998.75473	0	0
Ne22	20479.73746	0.2091222425	99998.75473	0	0
neutron	939.56536	14.61397895	99998.72451	0	0
neutron	939.56536	4.788071634	99998.72451	0	0
proton	938.272013	4.214897738	99998.72451	0	0
proton	938.272013	3.236746801	99998.72451	0	0
neutron	939.56536	1.604021611	99998.72451	0	0
Si30	27913.24182	2.405795088	99998.72451	0	0
neutron	939.56536	23.65559253	99998.67177	0	0
proton	938.272013	12.83625324	99998.67177	0	0
neutron	939.56536	2.73874146	99998.67177	0	0
neutron	939.56536	2.230367442	99998.67177	0	0
alpha	3727.379	3.370171591	99998.67177	0	0
N15	13968.93638	3.242693695	99998.67177	0	0
neutron	939.56536	0.2042452588	99998.70594	0	0
Ne22	20479.73746	0.1947598539	99998.70594	0	0
proton	938.272013	34.13661715	99998.68977	0	0
neutron	939.56536	2.985428949	99998.68977	0	0
neutron	939.56536	2.740370113	99998.68977	0	0
P32	29775.84838	1.022249619	99998.68977	0	0
neutron	939.56536	3.912703642	99998.75555	0	0
neutron	939.56536	3.818024113	99998.75555	0	0
neutron	939.56536	1.227156609	99998.75555	0	0
S32	29773.62828	0.2635119668	99998.75555	0	0
Ne23	21414.10216	0.2262672675	99998.79279	0	0
S35	32565.27968	0.1523322364	99998.75237	0	0
Ne23	21414.10216	0.213640957	99998.8249	0	0
S35	32565.27968	0.1357405598	99998.61153	0	0
neutron	939.56536	0.1264124359	99998.8167	0	0
Ne22	20479.73746	0.2867711612	99998.8167	0	0
neutron	939.56536	43.45709426	99998.73007	0	0
proton	938.272013	2.512735416	99998.73007	0	0
neutron	939.56536	1.465616605	99998.73007	0	0
F20	18625.26686	1.96624079	99998.73007	0	0
S35	32565.27968	0.1409014849	99998.69613	0	0
S37	34430.21755	0.1418925878	99998.75664	0	0
neutron	939.56536	2.262865979	99998.77945	0	0
S34	31632.70018	0.3320692574	99998.77945	0	0
proton	938.272013	10.33261935	99998.79335	0	0
neutron	939.56536	3.288110318	99998.79335	0	0
neutron	939.56536	2.129694422	99998.79335	0	0
neutron	939.56536	1.931182414	99998.79335	0	0
P31	28844.21869	0.943409256	99998.79335	0	0
neutron	939.56536	0.3195789091	99998.6758	0	0
S34	31632.70018	0.1137326865	99998.6758	0	0
neutron	939.56536	1.086544842	99998.72578	0	0
S34	31632.70018	0.1604623437	99998.72578	0	0
neutron	939.56536	0.1902574928	99998.80088	0	0
S34	31632.70018	0.1794534325	99998.80088	0	0
proton	938.272013	4.111350978	99998.69383	0	0
neutron	939.56536	1.804990251	99998.69383	0	0
neutron	939.56536	0.663440966	99998.69383	0	0
F20	18625.26686	0.120988022	99998.69383	0	0
neutron	939.56536	5.776599128	99998.81014	0	0
neutron	939.56536	1.276533621	99998.81014	0	0
neutron	939.56536	1.221566317	99998.81014	0	0
alpha	3727.379	4.239577722	99998.81014	0	0
O16	14895.08153	2.478848758	99998.81014	0	0
Ne23	21414.10216	0.207453435	99998.76127	0	0
neutron	939.56536	11.78839434	99998.74744	0	0
proton	938.272013	8.337307462	99998.74744	0	0
proton	938.272013	3.151320242	99998.74744	0	0
neutron	939.56536	2.133018205	99998.74744	0	0
neutron	939.56536	1.373021229	99998.74744	0	0
Si30	27913.24182	1.523952021	99998.74744	0	0
S35	32565.27968	0.1514558779	99998.74312	0	0
Ne23	21414.10216	0.1970038635	99998.758	0	0
Ne23	21414.10216	0.2307455639	99998.81909	0	0
S37	34430.21755	0.1272515843	99998.73877	0	0
neutron	939.56536	2.088258664	99998.75565	0	0
Ne22	20479.73746	0.4275402984	99998.75565	0	0
neutron	939.56536	2.491864744	99998.63119	0	0
neutron	939.56536	1.026913429	99998.63119	0	0
Ne21	19550.53637	0.3714868802	99998.63119	0	0
neutron	939.56536	0.5731049795	99998.78458	0	0
S34	31632.70018	0.09902579502	99998.78458	0	0
proton	938.272013	16.56452514	99998.7609	0	0
neutron	939.56536	2.733294792	99998.7609	0	0
neutron	939.56536	0.6549361821	99998.7609	0	0
P32	29775.84838	0.8079892911	99998.7609	0	0
neutron	939.56536	3.77277152	99998.70174	0	0
neutron	939.56536	1.914499918	99998.70174	0	0
neutron	939.56536	1.382342504	99998.70174	0	0
S32	29773.62828	0.1239811392	99998.70174	0	0
Ne23	21414.10216	0.1971903432	99998.73089	0	0
Ne23	21414.10216	0.231072339	99998.78131	0	0
neutron	939.56536	5.508086309	99998.79073	0	0
neutron	939.56536	1.166006655	99998.79073	0	0
S35	32565.27968	0.5741193866	99998.79073	0	0
neutron	939.56536	3.137240339	99998.7984	0	0
neutron	939.56536	1.312467751	99998.7984	0	0
neutron	939.56536	0.962831664	99998.7984	0	0
Ne20	18617.73218	0.2823743221	99998.7984	0	0
neutron	939.56536	7.431350249	99998.73295	0	0
neutron	939.56536	0.6528306869	99998.73295	0	0
Ne21	19550.53637	0.5606881729	99998.73295	0	0
proton	938.272013	13.05065086	99998.79451	0	0
neutron	939.56536	5.416829675	99998.79451	0	0
proton	938.272013	3.676667777	99998.79451	0	0
Si32	29776.58515	0.338533514	99998.79451	0	0
neutron	939.56536	24.46417132	99998.88419	0	0
neutron	939.56536	5.587777117	99998.88419	0	0
neutron	939.56536	2.186914755	99998.88419	0	0
Ne20	18617.73218	0.6060259252	99998.88419	0	0
neutron	939.56536	0.4634746622	99998.80308	0	0
S34	31632.70018	0.08664122114	99998.80308	0	0
S35	32565.27968	0.1620078395	99998.76644	0	0
neutron	939.56536	0.7839756227	99998.73384	0	0
Ne22	20479.73746	0.1296622908	99998.73384	0	0
neutron	939.56536	3.336905506	99998.76404	0	0
S34	31632.70018	0.2051587481	99998.76404	0	0
neutron	939.56536	0.9554337828	99998.74138	0	0
S34	31632.70018	0.1516166378	99998.74138	0	0
proton	938.272013	2.478189984	99998.71602	0	0
neutron	939.56536	1.855412196	99998.71602	0	0
neutron	939.56536	0.73125764	99998.71602	0	0
P34	31638.59261	0.176849066	99998.71602	0	0
neutron	939.56536	5.389214308	99998.66283	0	0
neutron	939.56536	4.056300634	99998.66283	0	0
proton	938.272013	2.553471136	99998.66283	0	0
neutron	939.56536	1.617172394	99998.66283	0	0
P31	28844.21869	0.8429270542	99998.66283	0	0
neutron	939.56536	1.290609954	99998.75458	0	0
S34	31632.70018	0.2249862555	99998.75458	0	0
S35	32565.27968	0.1625949236	99998.78492	0	0
neutron	939.56536	1.481749271	99998.71996	0	0
S34	31632.70018	0.07083323481	99998.71996	0	0
neutron	939.56536	0.3018026892	99998.72659	0	0
Ne22	20479.73746	0.1184799489	99998.72659	0	0
neutron	939.56536	10.80637584	99998.74039	0	0
proton	938.272013	3.587109866	99998.74039	0	0
neutron	939.56536	2.473710815	99998.74039	0	0
neutron	939.56536	2.289409879	99998.74039	0	0
P31	28844.21869	0.3989700787	99998.74039	0	0
neutron	939.56536	7.247355238	99998.71096	0	0
proton	938.272013	3.117166993	99998.71096	0	0
neutron	939.56536	2.326120389	99998.71096	0	0
neutron	939.56536	2.294309759	99998.71096	0	0
P31	28844.21869	1.191980775	99998.71096	0	0
neutron	939.56536	0.4238647379	99998.74658	0	0
S34	31632.70018	0.1644254634	99998.74658	0	0
Ne23	21414.10216	0.2294047933	99998.64844	0	0
neutron	939.56536	0.1734683977	99998.73583	0	0
S34	31632.70018	0.1792846172	99998.73583	0	0
neutron	939.56536	1.339492109	99998.73936	0	0
Ne22	20479.73746	0.1120405935	99998.73936	0	0
neutron	939.56536	1.244154628	99998.74236	0	0
S36	33494.9558	0.09196306337	99998.74236	0	0
neutron	939.56536	0.5187624116	99998.74852	0	0
Ne22	20479.73746	0.2505922017	99998.74852	0	0
neutron	939.56536	0.09871030531	99998.71299	0	0
S34	31632.70018	0.1765356293	99998.71299	0	0
neutron	939.56536	11.57317782	99998.69021	0	0
neutron	939.56536	2.439993307	99998.69021	0	0
alpha	3727.379	8.28753336	99998.69021	0	0
Si29	26984.28567	1.422474396	99998.69021	0	0
neutron	939.56536	2.790363522	99998.70926	0	0
neutron	939.56536	0.03707586058	99998.70926	0	0
S33	30704.55199	0.02163148776	99998.70926	0	0
S35	32565.27968	0.166211691	99998.83839	0	0
neutron	939.56536	0.6593399128	99998.74443	0	0
S34	31632.70018	0.222584822	99998.74443	0	0
S35	32565.27968	0.1637224459	99998.80093	0	0
neutron	939.56536	3.977560629	99998.69666	0	0
neutron	939.56536	2.905264901	99998.69666	0	0
neutron	939.56536	1.712270686	99998.69666	0	0
alpha	3727.379	9.811192269	99998.69666	0	0
O16	14895.08153	0.555218224	99998.69666	0	0
proton	938.272013	2.494906798	99998.72918	0	0
P34	31638.59261	0.1143621361	99998.72918	0	0
neutron	939.56536	5.064211365	99998.83449	0	0
neutron	939.56536	3.703230009	99998.83449	0	0
deuteron	1875.613	5.461790944	99998.83449	0	0
P31	28844.21869	0.2658023934	99998.83449	0	0
neutron	939.56536	0.7163463416	99998.76573	0	0
S34	31632.70018	0.0764612389	99998.76573	0	0
neutron	939.56536	0.403640776	99998.78107	0	0
Ne22	20479.73746	0.1038213419	99998.78107	0	0
neutron	939.56536	18.40145418	99998.75411	0	0
proton	938.272013	11.51679179	99998.75411	0	0
neutron	939.56536	5.639025747	99998.75411	0	0
neutron	939.56536	0.6213122044	99998.75411	0	0
P33	30705.30994	1.015367487	99998.75411	0	0
neutron	939.56536	11.23049064	99998.67439	0	0
neutron	939.56536	1.753423596	99998.67439	0	0
Ne21	19550.53637	0.500837362	99998.67439	0	0
neutron	939.56536	10.9918627	99998.65306	0	0
neutron	939.56536	2.915191789	99998.65306	0	0
neutron	939.56536	1.680528807	99998.65306	0	0
Ne20	18617.73218	0.1226953085	99998.65306	0	0
proton	938.272013	31.65059055	99998.79032	0	0
neutron	939.56536	6.707292306	99998.79032	0	0
neutron	939.56536	0.6097092065	99998.79032	0	0
P32	29775.84838	1.359960102	99998.79032	0	0
neutron	939.56536	1.450760982	99998.68002	0	0
S34	31632.70018	0.0479746149	99998.68002	0	0
neutron	939.56536	1.790858797	99998.72221	0	0
neutron	939.56536	0.4087361833	99998.72221	0	0
S35	32565.27968	0.3865832576	99998.72221	0	0
neutron	939.56536	0.9934612204	99998.74774	0	0
Ne22	20479.73746	0.1665177414	99998.74774	0	0
neutron	939.56536	5.111431384	99998.7091	0	0
proton	938.272013	2.992910746	99998.7091	0	0
neutron	939.56536	2.573060199	99998.7091	0	0
neutron	939.56536	2.133671918	99998.7091	0	0
neutron	939.56536	0.9937606778	99998.7091	0	0
P30	27916.96459	0.5364014084	99998.7091	0	0
neutron	939.56536	1.512528453	99998.6161	0	0
Ne22	20479.73746	0.07008320643	99998.6161	0	0
neutron	939.56536	4.163776874	99998.72905	0	0
S34	31632.70018	0.1207232655	99998.72905	0	0
Ne23	21414.10216	0.2342751234	99998.71721	0	0
neutron	939.56536	6.107380727	99998.71087	0	0
proton	938.272013	3.769368863	99998.71087	0	0
P33	30705.30994	0.09890964796	99998.71087	0	0
proton	938.272013	5.101865448	99998.76695	0	0
neutron	939.56536	4.499782823	99998.76695	0	0
P33	30705.30994	0.1310129885	99998.76695	0	0
neutron	939.56536	10.41468184	99998.68095	0	0
proton	938.272013	9.824292795	99998.68095	0	0
neutron	939.56536	5.341252017	99998.68095	0	0
proton	938.272013	4.457886955	99998.68095	0	0
neutron	939.56536	4.243131329	99998.68095	0	0
neutron	939.56536	3.809852979	99998.68095	0	0
O17	15830.5038	0.9889238529	99998.68095	0	0
neutron	939.56536	0.3531954387	99998.77901	0	0
Ne22	20479.73746	0.1940636694	99998.77901	0	0
Ne23	21414.10216	0.2226459397	99998.71623	0	0
neutron	939.56536	0.30274121	99998.77361	0	0
S34	31632.70018	0.1740361255	99998.77361	0	0
Ne23	21414.10216	0.2282844197	99998.79636	0	0
Ne23	21414.10216	0.2149280215	99998.80228	0	0
neutron	939.56536	1.259424307	99998.77972	0	0
S34	31632.70018	0.2037584369	99998.77972	0	0
S35	32565.27968	0.1501562586	99998.7313	0	0
Ne23	21414.10216	0.2187667695	99998.75244	0	0
neutron	939.56536	1.055694506	99998.74443	0	0
Ne22	20479.73746	0.1396271454	99998.74443	0	0
neutron	939.56536	1.93424198	99998.79983	0	0
S36	33494.9558	0.08266935773	99998.79983	0	0
neutron	939.56536	3.408530841	99998.71484	0	0
neutron	939.56536	2.498463028	99998.71484	0	0
neutron	939.56536	0.4671775199	99998.71484	0	0
S34	31632.70018	0.174257435	99998.71484	0	0
Ne23	21414.10216	0.2114594064	99998.71918	0	0
neutron	939.56536	4.415712664	99998.72447	0	0
Ne22	20479.73746	0.09917425368	99998.72447	0	0
neutron	939.56536	14.00650671	99998.7027	0	0
neutron	939.56536	2.29919042	99998.7027	0	0
neutron	939.56536	1.256848959	99998.7027	0	0
alpha	3727.379	6.946055532	99998.7027	0	0
Si28	26053.19393	2.609016373	99998.7027	0	0
neutron	939.56536	26.42328713	99998.77951	0	0
neutron	939.56536	7.481489105	99998.77951	0	0
neutron	939.56536	2.211505354	99998.77951	0	0
S32	29773.62828	0.6231665318	99998.77951	0	0
neutron	939.56536	0.4827036542	99998.82328	0	0
Ne22	20479.73746	0.2013429954	99998.82328	0	0
Ne23	21414.10216	0.2197200595	99998.73632	0	0
neutron	939.56536	1.387930725	99998.79697	0	0
Ne22	20479.73746	0.4157784873	99998.79697	0	0
neutron	939.56536	11.66743344	99998.7498	0	0
neutron	939.56536	1.958463286	99998.7498	0	0
deuteron	1875.613	2.908013731	99998.7498	0	0
P31	28844.21869	0.5810079243	99998.7498	0	0
Ne23	21414.10216	0.2121438776	99998.74913	0	0
neutron	939.56536	13.02980884	99998.69218	0	0
neutron	939.56536	1.310067941	99998.69218	0	0
S33	30704.55199	0.9156942893	99998.69218	0	0
neutron	939.56536	2.918031323	99998.75259	0	0
proton	938.272013	2.910692277	99998.75259	0	0
neutron	939.56536	0.6033141845	99998.75259	0	0
neutron	939.56536	0.4395421318	99998.75259	0	0
P31	28844.21869	0.3108886488	99998.75259	0	0
neutron	939.56536	0.7620949994	99998.66153	0	0
S34	31632.70018	0.1126910665	99998.66153	0	0
S35	32565.27968	0.1600786383	99998.75102	0	0
S35	32565.27968	0.1590015223	99998.70395	0	0
proton	938.272013	4.838002597	99998.7862	0	0
neutron	939.56536	4.174947818	99998.7862	0	0
neutron	939.56536	2.180628497	99998.7862	0	0
P32	29775.84838	0.1327448374	99998.7862	0	0
neutron	939.56536	0.4048922804	99998.68942	0	0
S34	31632.70018	0.1459926632	99998.68942	0	0
neutron	939.56536	11.28161695	99998.75218	0	0
neutron	939.56536	5.765891454	99998.75218	0	0
neutron	939.56536	5.305303824	99998.75218	0	0
proton	938.272013	4.411183262	99998.75218	0	0
P31	28844.21869	2.122051016	99998.75218	0	0
neutron	939.56536	0.9829843794	99998.78789	0	0
Ne22	20479.73746	0.2140739774	99998.78789	0	0
neutron	939.56536	0.3346593974	99998.71706	0	0
S34	31632.70018	0.2014390488	99998.71706	0	0
neutron	939.56536	0.3843407745	99998.77912	0	0
S34	31632.70018	0.1921005411	99998.77912	0	0
neutron	939.56536	0.02147563713	99998.8203	0	0
S34	31632.70018	0.1435401379	99998.8203	0	0
neutron	939.56536	8.427642971	99998.74359	0	0
neutron	939.56536	5.801768268	99998.74359	0	0
neutron	939.56536	1.887645009	99998.74359	0	0
deuteron	1875.613	9.438595853	99998.74359	0	0
deuteron	1875.613	11.38781549	99998.74359	0	0
Si30	27913.24182	1.414553705	99998.74359	0	0
neutron	939.56536	6.246736348	99998.70301	0	0
S34	31632.70018	0.4265189329	99998.70301	0	0
neutron	939.56536	0.9649911017	99998.68493	0	0
S34	31632.70018	0.2062089209	99998.68493	0	0
neutron	939.56536	1.822783965	99998.73823	0	0
S34	31632.70018	0.2738033421	99998.73823	0	0
neutron	939.56536	1.600843527	99998.78337	0	0
neutron	939.56536	0.587460769	99998.78337	0	0
S33	30704.55199	0.09636558089	99998.78337	0	0
neutron	939.56536	0.8478960455	99998.73993	0	0
Ne22	20479.73746	0.3154657749	99998.73993	0	0
neutron	939.56536	0.7051861448	99998.71019	0	0
S36	33494.9558	0.1636616777	99998.71019	0	0
proton	938.272013	5.187733524	99998.78155	0	0
neutron	939.56536	0.6208293138	99998.78155	0	0
P33	30705.30994	0.430945712	99998.78155	0	0
neutron	939.56536	8.551758357	99998.80145	0	0
neutron	939.56536	4.671054804	99998.80145	0	0
neutron	939.56536	0.5035461635	99998.80145	0	0
S32	29773.62828	0.7968028354	99998.80145	0	0
neutron	939.56536	2.071071554	99998.72849	0	0
S34	31632.70018	0.2478183695	99998.72849	0	0
neutron	939.56536	2.725556054	99998.73897	0	0
neutron	939.56536	0.1130671307	99998.73897	0	0
S33	30704.55199	0.1720554524	99998.73897	0	0
neutron	939.56536	23.38772543	99998.71892	0	0
neutron	939.56536	3.633932304	99998.71892	0	0
neutron	939.56536	2.948170424	99998.71892	0	0
alpha	3727.379	8.201508599	99998.71892	0	0
O16	14895.08153	0.5910951137	99998.71892	0	0
neutron	939.56536	0.9709541624	99998.64964	0	0
S34	31632.70018	0.2129376885	99998.64964	0	0
neutron	939.56536	3.442754737	99998.65778	0	0
neutron	939.56536	1.145946719	99998.65778	0	0
S35	32565.27968	0.08804003078	99998.65778	0	0
neutron	939.56536	23.89849722	99998.72552	0	0
proton	938.272013	4.25059988	99998.72552	0	0
neutron	939.56536	1.536054831	99998.72552	0	0
deuteron	1875.613	7.392814083	99998.72552	0	0
Si30	27913.24182	1.089461344	99998.72552	0	0
neutron	939.56536	0.4657414365	99998.74557	0	0
S34	31632.70018	0.1263776006	99998.74557	0	0
neutron	939.56536	22.39167892	99998.78631	0	0
neutron	939.56536	4.247736728	99998.78631	0	0
neutron	939.56536	3.493314308	99998.78631	0	0
alpha	3727.379	6.465509376	99998.78631	0	0
alpha	3727.379	2.871967322	99998.78631	0	0
C12	11174.86339	3.218121166	99998.78631	0	0
neutron	939.56536	0.4661128584	99998.71069	0	0
S36	33494.9558	0.167028464	99998.71069	0	0
neutron	939.56536	1.900997757	99998.72791	0	0
S34	31632.70018	0.06614681237	99998.72791	0	0
neutron	939.56536	3.155208735	99998.63214	0	0
S34	31632.70018	0.06831614906	99998.63214	0	0
neutron	939.56536	0.7518316234	99998.72719	0	0
Ne22	20479.73746	0.3637610205	99998.72719	0	0
neutron	939.56536	13.57110919	99998.73213	0	0
neutron	939.56536	0.961613127	99998.73213	0	0
neutron	939.56536	0.1943127665	99998.73213	0	0
Ne20	18617.73218	0.4852267913	99998.73213	0	0
S35	32565.27968	0.1498522007	99998.62301	0	0
proton	938.272013	9.355610636	99998.80322	0	0
neutron	939.56536	4.184777845	99998.80322	0	0
neutron	939.56536	0.7334179756	99998.80322	0	0
F20	18625.26686	1.415295386	99998.80322	0	0
neutron	939.56536	0.9505316369	99998.72427	0	0
S34	31632.70018	0.06655313904	99998.72427	0	0
neutron	939.56536	2.471856526	99998.73733	0	0
S34	31632.70018	0.009295298842	99998.73733	0	0
Ne23	21414.10216	0.2346876225	99998.71993	0	0
neutron	939.56536	0.09383651573	99998.83224	0	0
Ne22	20479.73746	0.2169830128	99998.83224	0	0
proton	938.272013	26.55161767	99998.74736	0	0
neutron	939.56536	20.77835346	99998.74736	0	0
P33	30705.30994	0.1355305222	99998.74736	0	0
neutron	939.56536	5.576717388	99998.77237	0	0
neutron	939.56536	0.5658779993	99998.77237	0	0
S35	32565.27968	0.1109238152	99998.77237	0	0
proton	938.272013	4.183220767	99998.7797	0	0
proton	938.272013	2.782984737	99998.7797	0	0
neutron	939.56536	0.07594937401	99998.7797	0	0
Si32	29776.58515	0.05670976779	99998.7797	0	0
S35	32565.27968	0.1509925748	99998.74913	0	0
neutron	939.56536	5.908090838	99998.79688	0	0
neutron	939.56536	4.081966351	99998.79688	0	0
neutron	939.56536	2.594593126	99998.79688	0	0
neutron	939.56536	1.27103552	99998.79688	0	0
S33	30704.55199	0.7656034034	99998.79688	0	0
neutron	939.56536	13.29403597	99998.74386	0	0
neutron	939.56536	4.224023447	99998.74386	0	0
neutron	939.56536	0.5759520714	99998.74386	0	0
Ne20	18617.73218	1.341160289	99998.74386	0	0
S35	32565.27968	0.1473040958	99998.70636	0	0
neutron	939.56536	2.456447099	99998.75939	0	0
alpha	3727.379	8.660579249	99998.75939	0	0
Si30	27913.24182	0.862154923	99998.75939	0	0
neutron	939.56536	0.9145332917	99998.74375	0	0
S34	31632.70018	0.2254212827	99998.74375	0	0
S35	32565.27968	0.1542719081	99998.70573	0	0
S35	32565.27968	0.1598442606	99998.66439	0	0
neutron	939.56536	0.836974771	99998.8007	0	0
Ne22	20479.73746	0.3340028792	99998.8007	0	0
S35	32565.27968	0.1615673612	99998.77945	0	0
S35	32565.27968	0.1582100939	99998.69492	0	0
neutron	939.56536	15.17234549	99998.70614	0	0
proton	938.272013	11.05787244	99998.70614	0	0
neutron	939.56536	3.694220796	99998.70614	0	0
neutron	939.56536	0.6044268946	99998.70614	0	0
P31	28844.21869	0.4504683454	99998.70614	0	0
neutron	939.56536	17.21363265	99998.78463	0	0
proton	938.272013	15.37727129	99998.78463	0	0
neutron	939.56536	2.112988923	99998.78463	0	0
neutron	939.56536	1.944063402	99998.78463	0	0
P31	28844.21869	0.2036277343	99998.78463	0	0
neutron	939.56536	3.903455028	99998.77998	0	0
S34	31632.70018	0.4865602065	99998.77998	0	0
Ne23	21414.10216	0.2226386332	99998.81204	0	0
neutron	939.56536	0.5133302058	99998.69544	0	0
S34	31632.70018	0.1503624144	99998.69544	0	0
neutron	939.56536	5.056713833	99998.72611	0	0
proton	938.272013	2.70674875	99998.72611	0	0
neutron	939.56536	2.039761697	99998.72611	0	0
P34	31638.59261	0.3595546955	99998.72611	0	0
neutron	939.56536	4.682150636	99998.77397	0	0
Ne22	20479.73746	0.1594057216	99998.77397	0	0
S37	34430.21755	0.1338616045	99998.7148	0	0
neutron	939.56536	6.365359804	99998.71959	0	0
neutron	939.56536	1.325106892	99998.71959	0	0
neutron	939.56536	1.281779569	99998.71959	0	0
S32	29773.62828	0.07486832472	99998.71959	0	0
neutron	939.56536	0.908688161	99998.7005	0	0
Ne22	20479.73746	0.1406182183	99998.7005	0	0
neutron	939.56536	3.70770196	99998.69152	0	0
alpha	3727.379	7.4259895	99998.69152	0	0
O18	16762.02378	2.811599724	99998.69152	0	0
neutron	939.56536	8.870021617	99998.7015	0	0
Ne22	20479.73746	1.050980759	99998.7015	0	0
proton	938.272013	13.75718775	99998.67002	0	0
neutron	939.56536	6.374702633	99998.67002	0	0
neutron	939.56536	1.15415373	99998.67002	0	0
P32	29775.84838	0.01737435637	99998.67002	0	0
Ne23	21414.10216	0.2180868075	99998.9061	0	0
neutron	939.56536	0.6060228146	99998.72011	0	0
S34	31632.70018	0.2175494508	99998.72011	0	0
Ne23	21414.10216	0.2209473063	99998.71741	0	0
neutron	939.56536	9.290686165	99998.70565	0	0
neutron	939.56536	4.495886548	99998.70565	0	0
neutron	939.56536	3.197430192	99998.70565	0	0
alpha	3727.379	5.361874862	99998.70565	0	0
alpha	3727.379	12.71307758	99998.70565	0	0
C12	11174.86339	0.0553767602	99998.70565	0	0
proton	938.272013	8.703591739	99998.7213	0	0
neutron	939.56536	8.680990563	99998.7213	0	0
proton	938.272013	5.662856305	99998.7213	0	0
neutron	939.56536	3.559566961	99998.7213	0	0
neutron	939.56536	0.9209419662	99998.7213	0	0
Si30	27913.24182	1.147147006	99998.7213	0	0
neutron	939.56536	1.332037009	99998.74619	0	0
Ne22	20479.73746	0.3461764609	99998.74619	0	0
neutron	939.56536	0.8411492631	99998.75995	0	0
S36	33494.9558	0.257463988	99998.75995	0	0
neutron	939.56536	19.68199301	99998.74423	0	0
proton	938.272013	6.266038701	99998.74423	0	0
neutron	939.56536	1.441671568	99998.74423	0	0
neutron	939.56536	1.093342887	99998.74423	0	0
P31	28844.21869	1.553470877	99998.74423	0	0
S35	32565.27968	0.1424727305	99998.63643	0	0
neutron	939.56536	0.4032808394	99998.75925	0	0
Ne22	20479.73746	0.3524885507	99998.75925	0	0
S35	32565.27968	0.1532129293	99998.66942	0	0
neutron	939.56536	3.922420528	99998.73083	0	0
Ne22	20479.73746	0.5963481853	99998.73083	0	0
neutron	939.56536	14.34085623	99998.80697	0	0
neutron	939.56536	4.28811484	99998.80697	0	0
neutron	939.56536	1.203202875	99998.80697	0	0
S34	31632.70018	0.6047937602	99998.80697	0	0
S37	34430.21755	0.1350286596	99998.83401	0	0
neutron	939.56536	0.1030038034	99998.77081	0	0
Ne22	20479.73746	0.185740321	99998.77081	0	0
proton	938.272013	24.53661598	99998.69948	0	0
neutron	939.56536	5.242988571	99998.69948	0	0
F21	19556.73074	0.6812345675	99998.69948	0	0
neutron	939.56536	22.45699559	99998.77916	0	0
neutron	939.56536	4.160237306	99998.77916	0	0
neutron	939.56536	3.156895911	99998.77916	0	0
Ne20	18617.73218	0.679611579	99998.77916	0	0
neutron	939.56536	0.7258066006	99998.7135	0	0
Ne22	20479.73746	0.124347292	99998.7135	0	0
neutron	939.56536	1.213390109	99998.73262	0	0
Ne22	20479.73746	0.3532885292	99998.73262	0	0
proton	938.272013	3.048376981	99998.73877	0	0
neutron	939.56536	2.618180778	99998.73877	0	0
neutron	939.56536	1.036682343	99998.73877	0	0
P32	29775.84838	0.05803925257	99998.73877	0	0
neutron	939.56536	0.4834997632	99998.6611	0	0
S34	31632.70018	0.1356102642	99998.6611	0	0
neutron	939.56536	0.2173351371	99998.75102	0	0
Ne22	20479.73746	0.1370417735	99998.75102	0	0
neutron	939.56536	2.878787811	99998.68803	0	0
S34	31632.70018	0.05916429499	99998.68803	0	0
neutron	939.56536	0.9690083059	99998.71354	0	0
S34	31632.70018	0.081310748	99998.71354	0	0
neutron	939.56536	1.223973046	99998.7556	0	0
neutron	939.56536	0.7711872561	99998.7556	0	0
neutron	939.56536	0.6368101525	99998.7556	0	0
S32	29773.62828	0.1060591448	99998.7556	0	0
neutron	939.56536	3.741651229	99998.72529	0	0
neutron	939.56536	2.23464684	99998.72529	0	0
neutron	939.56536	2.102988281	99998.72529	0	0
S32	29773.62828	0.2251520735	99998.72529	0	0
proton	938.272013	42.43065029	99998.69345	0	0
neutron	939.56536	3.061644971	99998.69345	0	0
neutron	939.56536	3.044902219	99998.69345	0	0
F20	18625.26686	1.44989606	99998.69345	0	0
neutron	939.56536	37.62004154	99998.75101	0	0
neutron	939.56536	8.235434631	99998.75101	0	0
proton	938.272013	5.253994073	99998.75101	0	0
P32	29775.84838	1.94112444	99998.75101	0	0
neutron	939.56536	6.543849738	99998.79485	0	0
neutron	939.56536	4.74423821	99998.79485	0	0
proton	938.272013	3.903949467	99998.79485	0	0
neutron	939.56536	3.270543032	99998.79485	0	0
alpha	3727.379	4.156351698	99998.79485	0	0
N15	13968.93638	1.567820018	99998.79485	0	0
S37	34430.21755	0.1320875008	99998.76178	0	0
Ne23	21414.10216	0.2192916835	99998.67571	0	0
proton	938.272013	6.250378768	99998.71126	0	0
neutron	939.56536	3.656213263	99998.71126	0	0
P33	30705.30994	0.415878779	99998.71126	0	0
neutron	939.56536	29.47484359	99998.76227	0	0
neutron	939.56536	16.0057957	99998.76227	0	0
neutron	939.56536	1.541786079	99998.76227	0	0
S34	31632.70018	1.490552973	99998.76227	0	0
neutron	939.56536	19.50512116	99998.71959	0	0
proton	938.272013	9.672913978	99998.71959	0	0
neutron	939.56536	1.784014195	99998.71959	0	0
F20	18625.26686	0.4706579015	99998.71959	0	0
neutron	939.56536	0.2740786777	99998.81902	0	0
S34	31632.70018	0.08765893492	99998.81902	0	0
S37	34430.21755	0.1331966883	99998.74752	0	0
neutron	939.56536	16.54856397	99998.72637	0	0
neutron	939.56536	7.531279083	99998.72637	0	0
neutron	939.56536	0.9148451358	99998.72637	0	0
alpha	3727.379	8.660916751	99998.72637	0	0
O16	14895.08153	2.494984935	99998.72637	0	0
neutron	939.56536	2.51186623	99999.42931	0	0
S34	31632.70018	0.1449945842	99999.42931	0	0
neutron	939.56536	25.96490771	99998.67684	0	0
neutron	939.56536	13.04741821	99998.67684	0	0
proton	938.272013	8.883230936	99998.67684	0	0
neutron	939.56536	1.17271446	99998.67684	0	0
P31	28844.21869	2.541413017	99998.67684	0	0
neutron	939.56536	8.791623439	99998.61473	0	0
neutron	939.56536	7.509341406	99998.61473	0	0
proton	938.272013	4.904949009	99998.61473	0	0
neutron	939.56536	0.2151181589	99998.61473	0	0
P31	28844.21869	1.334565851	99998.61473	0	0
neutron	939.56536	8.441575538	99998.82393	0	0
neutron	939.56536	2.005027762	99998.82393	0	0
S35	32565.27968	0.2703999909	99998.82393	0	0
Ne23	21414.10216	0.2355436681	99998.77063	0	0
neutron	939.56536	10.69852692	99998.7556	0	0
neutron	939.56536	0.3790330786	99998.7556	0	0
alpha	3727.379	8.560350748	99998.7556	0	0
O17	15830.5038	3.473981553	99998.7556	0	0
S35	32565.27968	0.1374447552	99998.64304	0	0
S35	32565.27968	0.147189496	99998.72318	0	0
proton	938.272013	16.81524389	99998.85184	0	0
neutron	939.56536	11.01286264	99998.85184	0	0
proton	938.272013	4.340141841	99998.85184	0	0
neutron	939.56536	2.832057281	99998.85184	0	0
neutron	939.56536	2.1349853	99998.85184	0	0
Si30	27913.24182	0.1585938192	99998.85184	0	0
neutron	939.56536	1.365988317	99998.71377	0	0
Ne22	20479.73746	0.0976968251	99998.71377	0	0
S35	32565.27968	0.1452457646	99998.67139	0	0
neutron	939.56536	15.93071998	99998.73774	0	0
neutron	939.56536	8.011294231	99998.73774	0	0
neutron	939.56536	1.019961178	99998.73774	0	0
Ne20	18617.73218	0.4813760854	99998.73774	0	0
neutron	939.56536	36.28984847	99998.80194	0	0
neutron	939.56536	27.29167671	99998.80194	0	0
neutron	939.56536	3.003434388	99998.80194	0	0
Ne20	18617.73218	1.524665013	99998.80194	0	0
S35	32565.27968	0.1468313579	99998.70993	0	0
neutron	939.56536	5.039311445	99998.75047	0	0
neutron	939.56536	0.09807196894	99998.75047	0	0
S33	30704.55199	0.3616553271	99998.75047	0	0
neutron	939.56536	0.9763545065	99998.8	0	0
Ne22	20479.73746	0.187607644	99998.8	0	0
Ne23	21414.10216	0.2227093201	99998.7687	0	0
neutron	939.56536	0.1858060436	99998.79431	0	0
S34	31632.70018	0.1328763666	99998.79431	0	0
Ne23	21414.10216	0.2307491394	99998.6929	0	0
S35	32565.27968	0.1632743524	99998.74338	0	0
neutron	939.56536	1.395915651	99998.8168	0	0
S36	33494.9558	0.09489013821	99998.8168	0	0
neutron	939.56536	10.77581545	99998.88096	0	0
neutron	939.56536	5.540843152	99998.88096	0	0
neutron	939.56536	3.808160045	99998.88096	0	0
Ne20	18617.73218	1.063390182	99998.88096	0	0
neutron	939.56536	9.777854931	99998.67612	0	0
neutron	939.56536	5.649064678	99998.67612	0	0
Ne21	19550.53637	0.5501511019	99998.67612	0	0
neutron	939.56536	2.504795763	99998.78089	0	0
Ne22	20479.73746	0.1872238607	99998.78089	0	0
Ne23	21414.10216	0.2134662115	99998.72842	0	0
neutron	939.56536	0.1231371294	99998.67588	0	0
S34	31632.70018	0.1429369669	99998.67588	0	0
neutron	939.56536	21.97559758	99998.75191	0	0
proton	938.272013	6.319749244	99998.75191	0	0
neutron	939.56536	5.176798212	99998.75191	0	0
neutron	939.56536	3.923692723	99998.75191	0	0
P31	28844.21869	1.467576639	99998.75191	0	0
neutron	939.56536	3.336411478	99998.78218	0	0
Ne22	20479.73746	0.5233974203	99998.78218	0	0
proton	938.272013	5.997903709	99998.73749	0	0
neutron	939.56536	2.507531461	99998.73749	0	0
neutron	939.56536	2.13367234	99998.73749	0	0
deuteron	1875.613	3.597141352	99998.73749	0	0
Si30	27913.24182	0.2952023275	99998.73749	0	0
neutron	939.56536	7.485633382	99998.737	0	0
neutron	939.56536	6.650401173	99998.737	0	0
proton	938.272013	3.508091594	99998.737	0	0
proton	938.272013	3.398397503	99998.737	0	0
neutron	939.56536	0.8644630281	99998.737	0	0
Si30	27913.24182	0.1881000901	99998.737	0	0
neutron	939.56536	2.875307832	99998.77025	0	0
S34	31632.70018	0.2170792227	99998.77025	0	0
neutron	939.56536	2.031664103	99998.78611	0	0
Ne22	20479.73746	0.402609366	99998.78611	0	0
neutron	939.56536	1.744007379	99998.81217	0	0
S34	31632.70018	0.165522435	99998.81217	0	0
neutron	939.56536	4.437234847	99998.75331	0	0
S34	31632.70018	0.01009645276	99998.75331	0	0
neutron	939.56536	14.73312903	99998.78659	0	0
neutron	939.56536	5.351473972	99998.78659	0	0
Ne21	19550.53637	1.187046923	99998.78659	0	0
proton	938.272013	7.808822483	99998.67112	0	0
neutron	939.56536	7.668305402	99998.67112	0	0
neutron	939.56536	0.7128829421	99998.67112	0	0
P32	29775.84838	0.1267657518	99998.67112	0	0
neutron	939.56536	25.147331	99998.73147	0	0
neutron	939.56536	2.614532258	99998.73147	0	0
alpha	3727.379	8.333061485	99998.73147	0	0
Si29	26984.28567	1.602671307	99998.73147	0	0
neutron	939.56536	0.1128329142	99998.82864	0	0
S34	31632.70018	0.1653233961	99998.82864	0	0
neutron	939.56536	15.64017281	99998.79342	0	0
neutron	939.56536	1.050051799	99998.79342	0	0
neutron	939.56536	0.6326284516	99998.79342	0	0
S34	31632.70018	0.2999055793	99998.79342	0	0
S35	32565.27968	0.1629712582	99998.72307	0	0
S35	32565.27968	0.1595800661	99998.71374	0	0
neutron	939.56536	15.67648146	99998.71372	0	0
proton	938.272013	7.668331578	99998.71372	0	0
neutron	939.56536	2.173852704	99998.71372	0	0
P32	29775.84838	0.9233530973	99998.71372	0	0
neutron	939.56536	0.1989665315	99998.79555	0	0
S36	33494.9558	0.1461515219	99998.79555	0	0
neutron	939.56536	0.09701349473	99998.74817	0	0
S34	31632.70018	0.1734840809	99998.74817	0	0
Ne23	21414.10216	0.2144084494	99998.75211	0	0
Ne23	21414.10216	0.2239397865	99998.79745	0	0
neutron	939.56536	1.932526189	99998.6706	0	0
S36	33494.9558	0.09707346362	99998.6706	0	0
neutron	939.56536	0.2479373779	99998.73664	0	0
Ne22	20479.73746	0.1777475734	99998.73664	0	0
Ne23	21414.10216	0.2225273249	99998.69819	0	0
neutron	939.56536	2.665252595	99998.71833	0	0
neutron	939.56536	2.26370203	99998.71833	0	0
neutron	939.56536	1.021106692	99998.71833	0	0
S34	31632.70018	0.451111413	99998.71833	0	0
neutron	939.56536	0.5033515848	99998.6496	0	0
S34	31632.70018	0.08096044861	99998.6496	0	0
neutron	939.56536	0.2035163248	99998.80111	0	0
S36	33494.9558	0.1000875409	99998.80111	0	0
S35	32565.27968	0.1610944838	99998.72118	0	0
neutron	939.56536	2.854557228	99998.66825	0	0
alpha	3727.379	9.593353008	99998.66825	0	0
O18	16762.02378	1.655038842	99998.66825	0	0
neutron	939.56536	0.7913329087	99998.68832	0	0
S34	31632.70018	0.04979130746	99998.68832	0	0
Ne23	21414.10216	0.2204525211	99998.73973	0	0
neutron	939.56536	1.17738433	99998.69424	0	0
S36	33494.9558	0.1525001759	99998.69424	0	0
neutron	939.56536	6.684825854	99998.64663	0	0
neutron	939.56536	5.411111458	99998.64663	0	0
neutron	939.56536	1.54218022	99998.64663	0	0
S32	29773.62828	0.8505150062	99998.64663	0	0
neutron	939.56536	35.18622253	99998.78265	0	0
neutron	939.56536	2.998250908	99998.78265	0	0
neutron	939.56536	0.1996513835	99998.78265	0	0
S32	29773.62828	1.332238133	99998.78265	0	0
proton	938.272013	11.24615663	99998.65203	0	0
neutron	939.56536	3.745022466	99998.65203	0	0
neutron	939.56536	0.8179831379	99998.65203	0	0
F20	18625.26686	0.8080657389	99998.65203	0	0
neutron	939.56536	1.279636262	99998.7694	0	0
Ne22	20479.73746	0.3961211726	99998.7694	0	0
neutron	939.56536	0.1061945949	99998.70531	0	0
S36	33494.9558	0.1242020849	99998.70531	0	0
neutron	939.56536	9.979571681	99998.80389	0	0
S34	31632.70018	0.5348038042	99998.80389	0	0
neutron	939.56536	16.35025055	99998.82236	0	0
proton	938.272013	3.79498598	99998.82236	0	0
neutron	939.56536	2.68405013	99998.82236	0	0
neutron	939.56536	1.816234704	99998.82236	0	0
F19	17692.30285	0.9445383371	99998.82236	0	0
neutron	939.56536	34.10602843	99998.70797	0	0
neutron	939.56536	3.227002921	99998.70797	0	0
S33	30704.55199	1.021139541	99998.70797	0	0
proton	938.272013	5.393649651	99998.77743	0	0
neutron	939.56536	0.4226604979	99998.77743	0	0
P33	30705.30994	0.2122021938	99998.77743	0	0
S35	32565.27968	0.1581658629	99998.76814	0	0
neutron	939.56536	5.792757162	99998.69677	0	0
neutron	939.56536	3.78697871	99998.69677	0	0
S33	30704.55199	0.4008346947	99998.69677	0	0
S35	32565.27968	0.1480033235	99998.76086	0	0
Ne23	21414.10216	0.2323769573	99998.74	0	0
neutron	939.56536	0.3863751072	99998.7692	0	0
S36	33494.9558	0.1009893173	99998.7692	0	0
neutron	939.56536	1.131437807	99998.70414	0	0
S34	31632.70018	0.2128273217	99998.70414	0	0
neutron	939.56536	0.5137972913	99998.79078	0	0
S34	31632.70018	0.1067920026	99998.79078	0	0
neutron	939.56536	1.574577815	99998.77432	0	0
S34	31632.70018	0.09824989536	99998.77432	0	0
proton	938.272013	2.174120878	99998.69779	0	0
neutron	939.56536	1.721834455	99998.69779	0	0
neutron	939.56536	1.497403662	99998.69779	0	0
deuteron	1875.613	11.38161295	99998.69779	0	0
Si30	27913.24182	0.6750197461	99998.69779	0	0
neutron	939.56536	0.7996919413	99998.69392	0	0
Ne22	20479.73746	0.3121096419	99998.69392	0	0
Ne23	21414.10216	0.2178971889	99998.7323	0	0
neutron	939.56536	8.467469142	99998.73932	0	0
neutron	939.56536	3.262684815	99998.73932	0	0
alpha	3727.379	9.539595391	99998.73932	0	0
Si29	26984.28567	1.861660941	99998.73932	0	0
Ne23	21414.10216	0.2183112136	99998.80987	0	0
Ne23	21414.10216	0.2219345739	99998.75611	0	0
Ne23	21414.10216	0.2267885552	99998.76313	0	0
neutron	939.56536	14.17040418	99998.74534	0	0
neutron	939.56536	1.936538833	99998.74534	0	0
Ne21	19550.53637	1.010978906	99998.74534	0	0
neutron	939.56536	0.6907146742	99998.72552	0	0
S36	33494.9558	0.1329414335	99998.72552	0	0
neutron	939.56536	12.9704781	99998.78627	0	0
proton	938.272013	2.569312436	99998.78627	0	0
P33	30705.30994	1.09421922	99998.78627	0	0
neutron	939.56536	2.990752715	99998.76421	0	0
S34	31632.70018	0.4256167564	99998.76421	0	0
S35	32565.27968	0.1660563486	99998.73221	0	0
neutron	939.56536	17.812131	99998.79962	0	0
neutron	939.56536	2.069620182	99998.79962	0	0
S33	30704.55199	0.3707838268	99998.79962	0	0
neutron	939.56536	0.6250908991	99998.78919	0	0
S34	31632.70018	0.0840562056	99998.78919	0	0
neutron	939.56536	0.4973974378	99998.70217	0	0
Ne22	20479.73746	0.1482883928	99998.70217	0	0
proton	938.272013	16.45047782	99998.76957	0	0
P34	31638.59261	0.696413817	99998.76957	0	0
S35	32565.27968	0.1594654881	99998.78176	0	0
neutron	939.56536	0.3483087517	99998.9915	0	0
S34	31632.70018	0.1587223899	99998.9915	0	0
neutron	939.56536	16.87544562	99998.69614	0	0
neutron	939.56536	4.336733115	99998.69614	0	0
neutron	939.56536	0.795648639	99998.69614	0	0
alpha	3727.379	11.11605643	99998.69614	0	0
O16	14895.08153	7.108103647	99998.69614	0	0
neutron	939.56536	0.1520020862	99998.66209	0	0
S34	31632.70018	0.1331734905	99998.66209	0	0
S35	32565.27968	0.1607011377	99998.75633	0	0
S35	32565.27968	0.16044822	99998.71315	0	0
neutron	939.56536	1.707714959	99998.70082	0	0
neutron	939.56536	1.416948201	99998.70082	0	0
S33	30704.55199	0.1224131243	99998.70082	0	0
neutron	939.56536	5.67498333	99998.73693	0	0
neutron	939.56536	1.185287709	99998.73693	0	0
neutron	939.56536	0.07923054674	99998.73693	0	0
Ne20	18617.73218	0.7072721956	99998.73693	0	0
neutron	939.56536	1.898649738	99998.70774	0	0
S34	31632.70018	0.1742415947	99998.70774	0	0
neutron	939.56536	0.2700050244	99998.68856	0	0
S34	31632.70018	0.08402071795	99998.68856	0	0
neutron	939.56536	28.11275885	99998.70173	0	0
neutron	939.56536	4.697916751	99998.70173	0	0
proton	938.272013	3.967729756	99998.70173	0	0
neutron	939.56536	3.538689187	99998.70173	0	0
proton	938.272013	3.156464823	99998.70173	0	0
Si30	27913.24182	1.502898072	99998.70173	0	0
neutron	939.56536	8.862289184	99998.74766	0	0
neutron	939.56536	5.188043487	99998.74766	0	0
neutron	939.56536	1.715304566	99998.74766	0	0
alpha	3727.379	4.157718488	99998.74766	0	0
O16	14895.08153	1.864455334	99998.74766	0	0
neutron	939.56536	1.284186788	99998.70925	0	0
Ne22	20479.73746	0.1635565929	99998.70925	0	0
neutron	939.56536	2.028380201	99998.67961	0	0
S36	33494.9558	0.2224876683	99998.67961	0	0
neutron	939.56536	22.3428396	99998.6998	0	0
neutron	939.56536	2.066875066	99998.6998	0	0
neutron	939.56536	1.278209431	99998.6998	0	0
S32	29773.62828	1.038144311	99998.6998	0	0
neutron	939.56536	0.6399618126	99998.62484	0	0
S34	31632.70018	0.09895080952	99998.62484	0	0
neutron	939.56536	8.13670935	99998.77896	0	0
neutron	939.56536	5.663624006	99998.77896	0	0
neutron	939.56536	3.258189408	99998.77896	0	0
alpha	3727.379	8.011986417	99998.77896	0	0
O16	14895.08153	0.4462357572	99998.77896	0	0
neutron	939.56536	0.2748699791	99998.76057	0	0
Ne22	20479.73746	0.2132188316	99998.76057	0	0
proton	938.272013	24.5038109	99998.71326	0	0
proton	938.272013	10.26954222	99998.71326	0	0
neutron	939.56536	5.495882192	99998.71326	0	0
Si32	29776.58515	1.444474145	99998.71326	0	0
Ne23	21414.10216	0.2316187346	99998.79555	0	0
neutron	939.56536	7.841892398	99998.64066	0	0
neutron	939.56536	6.187590746	99998.64066	0	0
neutron	939.56536	2.006490566	99998.64066	0	0
S32	29773.62828	0.6743369091	99998.64066	0	0
Ne23	21414.10216	0.2075202362	99998.74005	0	0
neutron	939.56536	25.26015504	99998.70684	0	0
neutron	939.56536	9.00759724	99998.70684	0	0
neutron	939.56536	6.002904465	99998.70684	0	0
Ne20	18617.73218	0.218356385	99998.70684	0	0
neutron	939.56536	1.453004187	99998.75264	0	0
S34	31632.70018	0.07308332285	99998.75264	0	0
S35	32565.27968	0.152861902	99998.68832	0	0
neutron	939.56536	0.917204363	99998.67155	0	0
S34	31632.70018	0.2697112358	99998.67155	0	0
neutron	939.56536	1.298457487	99998.71205	0	0
alpha	3727.379	8.525895	99998.71205	0	0
Si32	29776.58515	1.952645734	99998.71205	0	0
S37	34430.21755	0.1375824883	99998.73147	0	0
neutron	939.56536	0.8640930209	99998.83413	0	0
S36	33494.9558	0.264483309	99998.83413	0	0
Ne23	21414.10216	0.230449062	99998.69608	0	0
proton	938.272013	12.83448722	99998.71554	0	0
P34	31638.59261	0.5637512094	99998.71554	0	0
Ne23	21414.10216	0.2327611506	99998.71498	0	0
neutron	939.56536	18.126103	99998.71337	0	0
neutron	939.56536	3.952184106	99998.71337	0	0
neutron	939.56536	1.235239369	99998.71337	0	0
S34	31632.70018	0.9710746121	99998.71337	0	0
Ne23	21414.10216	0.2170151313	99998.70113	0	0
Ne23	21414.10216	0.2169829896	99998.78777	0	0
S35	32565.27968	0.141517576	99998.74321	0	0
S35	32565.27968	0.1367718137	99998.75107	0	0
neutron	939.56536	8.325375261	99998.75297	0	0
neutron	939.56536	3.494397105	99998.75297	0	0
neutron	939.56536	1.35207928	99998.75297	0	0
alpha	3727.379	6.673247156	99998.75297	0	0
Si28	26053.19393	1.544739055	99998.75297	0	0
neutron	939.56536	6.824816106	99998.76918	0	0
neutron	939.56536	3.793506913	99998.76918	0	0
neutron	939.56536	2.129806547	99998.76918	0	0
alpha	3727.379	5.173631683	99998.76918	0	0
O16	14895.08153	1.455609794	99998.76918	0	0
neutron	939.56536	0.7142151533	99998.75083	0	0
S34	31632.70018	0.1407333852	99998.75083	0	0
proton	938.272013	32.82458573	99998.76914	0	0
P36	33505.87834	0.7951393549	99998.76914	0	0
neutron	939.56536	9.368092086	99998.73692	0	0
proton	938.272013	4.641552381	99998.73692	0	0
neutron	939.56536	3.805742961	99998.73692	0	0
proton	938.272013	3.134586382	99998.73692	0	0
neutron	939.56536	2.42647083	99998.73692	0	0
neutron	939.56536	0.5141478795	99998.73692	0	0
Si29	26984.28567	0.559565497	99998.73692	0	0
neutron	939.56536	18.84702031	99998.78295	0	0
neutron	939.56536	3.509811699	99998.78295	0	0
neutron	939.56536	2.607525016	99998.78295	0	0
alpha	3727.379	5.542150632	99998.78295	0	0
O16	14895.08153	1.103981818	99998.78295	0	0
S37	34430.21755	0.1222939997	99998.80385	0	0
Ne23	21414.10216	0.2249949148	99998.85147	0	0
neutron	939.56536	4.876224187	99998.77288	0	0
S34	31632.70018	0.2790166162	99998.77288	0	0
Ne23	21414.10216	0.2133780732	99998.72011	0	0
Ne23	21414.10216	0.2189882945	99998.75285	0	0
proton	938.272013	13.45802495	99998.73314	0	0
proton	938.272013	6.236357121	99998.73314	0	0
neutron	939.56536	5.210352621	99998.73314	0	0
neutron	939.56536	3.327145676	99998.73314	0	0
neutron	939.56536	1.298051329	99998.73314	0	0
O18	16762.02378	1.240935112	99998.73314	0	0
S37	34430.21755	0.1264349679	99998.75146	0	0
S35	32565.27968	0.1576027262	99998.82804	0	0
Ne23	21414.10216	0.2162752734	99998.75906	0	0
neutron	939.56536	0.7374725756	99998.71652	0	0
S34	31632.70018	0.06462128133	99998.71652	0	0
neutron	939.56536	3.434825223	99998.76092	0	0
neutron	939.56536	2.374869822	99998.76092	0	0
neutron	939.56536	2.30151887	99998.76092	0	0
Ne20	18617.73218	0.1137059636	99998.76092	0	0
neutron	939.56536	0.3987098378	99998.69422	0	0
S34	31632.70018	0.1098011798	99998.69422	0	0
S35	32565.27968	0.1625809488	99998.69909	0	0
neutron	939.56536	10.40018326	99998.67053	0	0
neutron	939.56536	4.251951707	99998.67053	0	0
neutron	939.56536	3.253287614	99998.67053	0	0
Ne20	18617.73218	0.5569288363	99998.67053	0	0
neutron	939.56536	10.98485516	99998.78201	0	0
neutron	939.56536	7.21400495	99998.78201	0	0
neutron	939.56536	3.91220776	99998.78201	0	0
neutron	939.56536	3.163366184	99998.78201	0	0
neutron	939.56536	1.737639747	99998.78201	0	0
S32	29773.62828	1.997217384	99998.78201	0	0
neutron	939.56536	4.421589734	99998.70373	0	0
neutron	939.56536	3.733750771	99998.70373	0	0
Ne21	19550.53637	0.1387375125	99998.70373	0	0
S35	32565.27968	0.1565284958	99998.757	0	0
S35	32565.27968	0.1660139321	99998.62986	0	0
neutron	939.56536	15.26760246	99998.70595	0	0
neutron	939.56536	1.362433479	99998.70595	0	0
Ne21	19550.53637	0.3177176561	99998.70595	0	0
neutron	939.56536	2.064176797	99998.74454	0	0
S34	31632.70018	0.06183074341	99998.74454	0	0
proton	938.272013	13.53337305	99998.82321	0	0
neutron	939.56536	8.508495242	99998.82321	0	0
neutron	939.56536	4.981391864	99998.82321	0	0
F20	18625.26686	0.7743802725	99998.82321	0	0
neutron	939.56536	10.38970849	99998.86968	0	0
neutron	939.56536	5.299027848	99998.86968	0	0
neutron	939.56536	4.006689831	99998.86968	0	0
Ne20	18617.73218	0.5042580552	99998.86968	0	0
Ne23	21414.10216	0.2050202708	99998.73373	0	0
Ne23	21414.10216	0.2221470941	99998.60832	0	0
neutron	939.56536	3.248602539	99998.7565	0	0
S34	31632.70018	0.09149093842	99998.7565	0	0
neutron	939.56536	9.258328393	99998.66784	0	0
alpha	3727.379	5.735723753	99998.66784	0	0
O18	16762.02378	1.406944422	99998.66784	0	0
neutron	939.56536	42.4444224	99998.78436	0	0
neutron	939.56536	2.554043149	99998.78436	0	0
alpha	3727.379	8.212234129	99998.78436	0	0
Si29	26984.28567	0.747054999	99998.78436	0	0
neutron	939.56536	0.8694918202	99998.72744	0	0
S34	31632.70018	0.07675126199	99998.72744	0	0
neutron	939.56536	0.878084218	99998.69013	0	0
S34	31632.70018	0.2795253629	99998.69013	0	0
neutron	939.56536	8.368333311	99998.75217	0	0
neutron	939.56536	3.425270845	99998.75217	0	0
Ne21	19550.53637	0.109183212	99998.75217	0	0
neutron	939.56536	33.30450061	99998.69635	0	0
neutron	939.56536	8.372285647	99998.69635	0	0
neutron	939.56536	4.382031745	99998.69635	0	0
alpha	3727.379	8.609137133	99998.69635	0	0
O16	14895.08153	0.9892673794	99998.69635	0	0
neutron	939.56536	0.4550990483	99998.70865	0	0
Ne22	20479.73746	0.1050741971	99998.70865	0	0
Ne23	21414.10216	0.2108820583	99998.75218	0	0
neutron	939.56536	7.878100749	99998.75959	0	0
neutron	939.56536	1.367599173	99998.75959	0	0
Ne21	19550.53637	0.2513667163	99998.75959	0	0
neutron	939.56536	4.128662784	99998.73815	0	0
neutron	939.56536	1.529444745	99998.73815	0	0
S33	30704.55199	0.2253971296	99998.73815	0	0
neutron	939.56536	1.898922889	99998.73868	0	0
neutron	939.56536	0.3105255284	99998.73868	0	0
S33	30704.55199	0.2375407977	99998.73868	0	0
neutron	939.56536	10.92538435	99998.87888	0	0
neutron	939.56536	3.094416522	99998.87888	0	0
neutron	939.56536	1.041625044	99998.87888	0	0
Ne20	18617.73218	0.2763738711	99998.87888	0	0
neutron	939.56536	0.2080276825	99998.77207	0	0
Ne22	20479.73746	0.3023486772	99998.77207	0	0
neutron	939.56536	0.7425515469	99998.87645	0	0
S34	31632.70018	0.124853563	99998.87645	0	0
neutron	939.56536	11.74111705	99998.61435	0	0
neutron	939.56536	11.6441725	99998.61435	0	0
proton	938.272013	2.886411192	99998.61435	0	0
neutron	939.56536	0.1430953686	99998.61435	0	0
triton	2808.921	6.784843414	99998.61435	0	0
O16	14895.08153	1.147535444	99998.61435	0	0
neutron	939.56536	3.573490758	99998.73359	0	0
Ne22	20479.73746	0.5757974255	99998.73359	0	0
Ne23	21414.10216	0.2320641064	99998.68508	0	0
neutron	939.56536	4.781556382	99998.7174	0	0
neutron	939.56536	4.690306549	99998.7174	0	0
neutron	939.56536	0.317166213	99998.7174	0	0
S34	31632.70018	0.3324658906	99998.7174	0	0
proton	938.272013	5.654451784	99998.75672	0	0
neutron	939.56536	4.985868974	99998.75672	0	0
neutron	939.56536	2.699488978	99998.75672	0	0
proton	938.272013	2.456499628	99998.75672	0	0
neutron	939.56536	1.078075668	99998.75672	0	0
O18	16762.02378	0.7932621483	99998.75672	0	0
neutron	939.56536	1.615232033	99999.65967	0	0
S34	31632.70018	0.1163524907	99999.65967	0	0
neutron	939.56536	1.535354448	99998.77055	0	0
neutron	939.56536	1.365392179	99998.77055	0	0
S33	30704.55199	0.2032380913	99998.77055	0	0
proton	938.272013	11.53571655	99998.73076	0	0
neutron	939.56536	3.831109453	99998.73076	0	0
proton	938.272013	2.431830639	99998.73076	0	0
neutron	939.56536	1.742160866	99998.73076	0	0
neutron	939.56536	0.9900620176	99998.73076	0	0
Si30	27913.24182	0.3668616236	99998.73076	0	0
neutron	939.56536	0.1776379683	99998.782	0	0
S36	33494.9558	0.125618864	99998.782	0	0
neutron	939.56536	0.4755656003	99998.85357	0	0
S34	31632.70018	0.1472178392	99998.85357	0	0
neutron	939.56536	0.4733769043	99998.76062	0	0
S36	33494.9558	0.1738366742	99998.76062	0	0
neutron	939.56536	1.070727772	99998.73106	0	0
Ne22	20479.73746	0.3421722523	99998.73106	0	0
neutron	939.56536	0.6708086014	99998.73654	0	0
S34	31632.70018	0.05169888107	99998.73654	0	0
neutron	939.56536	0.7436576949	99998.70257	0	0
S34	31632.70018	0.0805994743	99998.70257	0	0
S35	32565.27968	0.1423352644	99998.74479	0	0
Ne23	21414.10216	0.2284389015	99998.7933	0	0
neutron	939.56536	20.16601432	99998.79285	0	0
neutron	939.56536	14.86381892	99998.79285	0	0
neutron	939.56536	3.88005586	99998.79285	0	0
S32	29773.62828	0.6578893309	99998.79285	0	0
neutron	939.56536	6.148674894	99998.69153	0	0
neutron	939.56536	2.369607424	99998.69153	0	0
neutron	939.56536	0.4314312349	99998.69153	0	0
S32	29773.62828	0.0641526534	99998.69153	0	0
neutron	939.56536	1.35258423	99998.77389	0	0
S34	31632.70018	0.1455858012	99998.77389	0	0
S35	32565.27968	0.1466923369	99998.8262	0	0
neutron	939.56536	5.975719401	99998.76578	0	0
neutron	939.56536	3.596094307	99998.76578	0	0
neutron	939.56536	2.900136067	99998.76578	0	0
alpha	3727.379	4.290774137	99998.76578	0	0
O16	14895.08153	0.9167285332	99998.76578	0	0
neutron	939.56536	0.6089242487	99998.71172	0	0
S34	31632.70018	0.08822564274	99998.71172	0	0
S37	34430.21755	0.134854856	99998.69889	0	0
neutron	939.56536	0.3076252212	99998.73852	0	0
Ne22	20479.73746	0.1685232295	99998.73852	0	0
S35	32565.27968	0.1522231727	99998.68671	0	0
Ne23	21414.10216	0.206203992	99998.66866	0	0
neutron	939.56536	18.93043841	99998.83392	0	0
neutron	939.56536	3.703171959	99998.83392	0	0
S33	30704.55199	0.5575217683	99998.83392	0	0
neutron	939.56536	1.696203971	99998.70587	0	0
neutron	939.56536	0.8548511027	99998.70587	0	0
S33	30704.55199	0.04665900418	99998.70587	0	0
neutron	939.56536	8.829834655	99998.6984	0	0
neutron	939.56536	8.427709522	99998.6984	0	0
neutron	939.56536	3.056054541	99998.6984	0	0
S32	29773.62828	0.8561099486	99998.6984	0	0
proton	938.272013	23.22161916	99998.72486	0	0
neutron	939.56536	2.062986522	99998.72486	0	0
neutron	939.56536	2.019900787	99998.72486	0	0
neutron	939.56536	0.9972435792	99998.72486	0	0
P31	28844.21869	1.444447248	99998.72486	0	0
neutron	939.56536	1.149575377	99998.87334	0	0
S36	33494.9558	0.1903838344	99998.87334	0	0
neutron	939.56536	0.5810015865	99998.80721	0	0
S34	31632.70018	0.1013383264	99998.80721	0	0
neutron	939.56536	0.2915867888	99998.72009	0	0
S34	31632.70018	0.1538805901	99998.72009	0	0
neutron	939.56536	0.1445788588	99998.77742	0	0
Ne22	20479.73746	0.2155853275	99998.77742	0	0
proton	938.272013	27.89154863	99998.75968	0	0
neutron	939.56536	1.779500529	99998.75968	0	0
neutron	939.56536	0.8992983021	99998.75968	0	0
P32	29775.84838	0.6310529152	99998.75968	0	0
neutron	939.56536	19.43993568	99998.72417	0	0
neutron	939.56536	2.410983199	99998.72417	0	0
neutron	939.56536	0.9146994749	99998.72417	0	0
alpha	3727.379	7.900959718	99998.72417	0	0
alpha	3727.379	5.383804561	99998.72417	0	0
C12	11174.86339	1.83277084	99998.72417	0	0
S35	32565.27968	0.1429575513	99998.67494	0	0
neutron	939.56536	27.42025758	99998.76569	0	0
neutron	939.56536	5.712848514	99998.76569	0	0
neutron	939.56536	2.46052488	99998.76569	0	0
S34	31632.70018	1.008129221	99998.76569	0	0
neutron	939.56536	2.770943718	99998.78883	0	0
neutron	939.56536	2.491269018	99998.78883	0	0
neutron	939.56536	1.397152282	99998.78883	0	0
Ne20	18617.73218	0.2466764255	99998.78883	0	0
proton	938.272013	21.41279755	99998.71915	0	0
neutron	939.56536	1.98348287	99998.71915	0	0
neutron	939.56536	1.825193007	99998.71915	0	0
neutron	939.56536	0.7550347432	99998.71915	0	0
F19	17692.30285	1.787090444	99998.71915	0	0
Ne23	21414.10216	0.2297307945	99998.69923	0	0
Ne23	21414.10216	0.2323429756	99998.74136	0	0
Ne23	21414.10216	0.2156074991	99998.76384	0	0
neutron	939.56536	0.8687849655	99998.78817	0	0
S34	31632.70018	0.1482580558	99998.78817	0	0
neutron	939.56536	6.228532003	99998.74027	0	0
neutron	939.56536	1.704195762	99998.74027	0	0
neutron	939.56536	1.286009904	99998.74027	0	0
S32	29773.62828	0.4248829468	99998.74027	0	0
neutron	939.56536	0.4953534561	99998.84244	0	0
S34	31632.70018	0.1534499679	99998.84244	0	0
S35	32565.27968	0.1320396374	99998.72315	0	0
neutron	939.56536	0.1892284979	99998.77484	0	0
Ne22	20479.73746	0.2481498162	99998.77484	0	0
neutron	939.56536	29.02568498	99998.72819	0	0
neutron	939.56536	28.16960449	99998.72819	0	0
neutron	939.56536	0.8609249095	99998.72819	0	0
S34	31632.70018	0.8189833896	99998.72819	0	0
Ne23	21414.10216	0.2142320454	99998.68524	0	0
proton	938.272013	9.234205472	99998.64135	0	0
neutron	939.56536	4.666115668	99998.64135	0	0
F21	19556.73074	0.7676924185	99998.64135	0	0
neutron	939.56536	1.231612786	99998.7432	0	0
S34	31632.70018	0.2396327835	99998.7432	0	0
neutron	939.56536	1.151747397	99998.76709	0	0
Ne22	20479.73746	0.4091137818	99998.76709	0	0
neutron	939.56536	24.39218216	99998.70076	0	0
proton	938.272013	9.592320547	99998.70076	0	0
neutron	939.56536	0.9617311975	99998.70076	0	0
triton	2808.921	5.135284453	99998.70076	0	0
Si29	26984.28567	1.511220474	99998.70076	0	0
S35	32565.27968	0.1414394615	99998.72587	0	0
proton	938.272013	23.16829747	99998.70781	0	0
neutron	939.56536	1.240286471	99998.70781	0	0
F21	19556.73074	0.6479998718	99998.70781	0	0
neutron	939.56536	0.5432657058	99998.80249	0	0
S34	31632.70018	0.09707135049	99998.80249	0	0
S35	32565.27968	0.1527775658	99998.66685	0	0
Ne23	21414.10216	0.2010641342	99998.74667	0	0
S37	34430.21755	0.1275343755	99998.71499	0	0
neutron	939.56536	1.648293515	99998.68652	0	0
Ne22	20479.73746	0.1051288225	99998.68652	0	0
neutron	939.56536	0.3033338516	99998.75404	0	0
S34	31632.70018	0.1802112325	99998.75404	0	0
neutron	939.56536	10.64948007	99998.76226	0	0
neutron	939.56536	4.939515203	99998.76226	0	0
neutron	939.56536	2.638893574	99998.76226	0	0
alpha	3727.379	4.577746268	99998.76226	0	0
O16	14895.08153	1.84635007	99998.76226	0	0
neutron	939.56536	5.947332709	99998.70608	0	0
deuteron	1875.613	6.421077506	99998.70608	0	0
F20	18625.26686	0.152513972	99998.70608	0	0
neutron	939.56536	33.46392932	99998.68916	0	0
neutron	939.56536	7.542255971	99998.68916	0	0
neutron	939.56536	5.261202279	99998.68916	0	0
proton	938.272013	5.008735707	99998.68916	0	0
neutron	939.56536	0.2145380226	99998.68916	0	0
P30	27916.96459	0.3621516863	99998.68916	0	0
neutron	939.56536	1.064718013	99998.7267	0	0
Ne22	20479.73746	0.2217776101	99998.7267	0	0
S35	32565.27968	0.1432273842	99998.71096	0	0
proton	938.272013	11.91662766	99998.75012	0	0
neutron	939.56536	3.149179565	99998.75012	0	0
P33	30705.30994	0.6782994914	99998.75012	0	0
neutron	939.56536	0.4808574748	99998.68472	0	0
S34	31632.70018	0.1268955769	99998.68472	0	0
proton	938.272013	18.17591262	99998.75988	0	0
neutron	939.56536	0.5948093033	99998.75988	0	0
P33	30705.30994	0.3189244513	99998.75988	0	0
neutron	939.56536	6.623495618	99998.71738	0	0
neutron	939.56536	2.458289867	99998.71738	0	0
neutron	939.56536	0.8701280718	99998.71738	0	0
S32	29773.62828	0.2250479621	99998.71738	0	0
neutron	939.56536	2.252891127	99998.73762	0	0
neutron	939.56536	0.6473201413	99998.73762	0	0
S33	30704.55199	0.1187854108	99998.73762	0	0
neutron	939.56536	13.47776369	99998.73659	0	0
neutron	939.56536	5.598281725	99998.73659	0	0
neutron	939.56536	4.676539375	99998.73659	0	0
proton	938.272013	2.588750755	99998.73659	0	0
P31	28844.21869	0.225919164	99998.73659	0	0
proton	938.272013	5.803068455	99998.74237	0	0
neutron	939.56536	2.8123671	99998.74237	0	0
P33	30705.30994	0.539543619	99998.74237	0	0
S35	32565.27968	0.1538003455	99998.66832	0	0
S35	32565.27968	0.1506577133	99998.72814	0	0
neutron	939.56536	1.78261002	99998.70913	0	0
neutron	939.56536	1.413717739	99998.70913	0	0
Ne21	19550.53637	0.4079598253	99998.70913	0	0
Ne23	21414.10216	0.2140541194	99998.7344	0	0
neutron	939.56536	2.439813294	99998.68466	0	0
S34	31632.70018	0.179644753	99998.68466	0	0
proton	938.272013	10.60311757	99998.74346	0	0
neutron	939.56536	2.65562678	99998.74346	0	0
neutron	939.56536	2.291264729	99998.74346	0	0
P34	31638.59261	0.6137145189	99998.74346	0	0
Ne23	21414.10216	0.209137824	99998.77458	0	0
neutron	939.56536	1.261155438	99998.75505	0	0
S34	31632.70018	0.3288164823	99998.75505	0	0
neutron	939.56536	11.32162487	99998.76684	0	0
neutron	939.56536	4.363300195	99998.76684	0	0
neutron	939.56536	2.016795926	99998.76684	0	0
Ne20	18617.73218	0.9253849067	99998.76684	0	0
neutron	939.56536	3.573214464	99998.7127	0	0
neutron	939.56536	2.942997457	99998.7127	0	0
neutron	939.56536	1.365515887	99998.7127	0	0
Ne20	18617.73218	0.9301600624	99998.7127	0	0
S35	32565.27968	0.164134866	99998.75794	0	0
S35	32565.27968	0.1507928728	99998.68514	0	0
Ne23	21414.10216	0.2327244473	99998.79427	0	0
proton	938.272013	12.30111294	99998.66147	0	0
proton	938.272013	7.317590436	99998.66147	0	0
neutron	939.56536	7.00036691	99998.66147	0	0
neutron	939.56536	4.506921833	99998.66147	0	0
neutron	939.56536	3.754209194	99998.66147	0	0
neutron	939.56536	1.783412545	99998.66147	0	0
Si29	26984.28567	0.3131223596	99998.66147	0	0
neutron	939.56536	0.308765312	99998.69876	0	0
Ne22	20479.73746	0.2271309071	99998.69876	0	0
neutron	939.56536	1.920150883	99998.75258	0	0
Ne22	20479.73746	0.3851352978	99998.75258	0	0
S35	32565.27968	0.1525106001	99998.73493	0	0
neutron	939.56536	5.927664878	99998.75307	0	0
neutron	939.56536	2.161525004	99998.75307	0	0
neutron	939.56536	1.867232096	99998.75307	0	0
neutron	939.56536	0.6811616287	99998.75307	0	0
alpha	3727.379	10.36684308	99998.75307	0	0
O15	13971.18011	5.078072137	99998.75307	0	0
Ne23	21414.10216	0.2249553161	99998.65601	0	0
S35	32565.27968	0.1430467524	99998.73122	0	0
S35	32565.27968	0.1641430817	99998.67541	0	0
neutron	939.56536	0.1304622106	99998.82206	0	0
S34	31632.70018	0.1206666423	99998.82206	0	0
neutron	939.56536	0.9089369353	99998.76212	0	0
Ne22	20479.73746	0.139187281	99998.76212	0	0
S35	32565.27968	0.1552580378	99998.72089	0	0
neutron	939.56536	0.3203066915	99998.6859	0	0
Ne22	20479.73746	0.1519507964	99998.6859	0	0
neutron	939.56536	18.80214028	99998.8152	0	0
proton	938.272013	4.598281169	99998.8152	0	0
proton	938.272013	4.335586472	99998.8152	0	0
neutron	939.56536	3.605978819	99998.8152	0	0
Si31	28846.21977	0.1554735626	99998.8152	0	0
neutron	939.56536	3.15160743	99998.77333	0	0
S34	31632.70018	0.2790088355	99998.77333	0	0
neutron	939.56536	2.036051816	99998.85323	0	0
Ne22	20479.73746	0.02897617393	99998.85323	0	0
neutron	939.56536	1.442320071	99998.73491	0	0
S34	31632.70018	0.09789384091	99998.73491	0	0
neutron	939.56536	0.4347826245	99998.72092	0	0
S34	31632.70018	0.1697249287	99998.72092	0	0
neutron	939.56536	1.949246903	99998.7496	0	0
Ne22	20479.73746	0.3751306865	99998.7496	0	0
Ne23	21414.10216	0.228416984	99998.74141	0	0
neutron	939.56536	1.812688809	99998.83001	0	0
S34	31632.70018	0.2228819548	99998.83001	0	0
neutron	939.56536	0.2228223053	99998.78344	0	0
S36	33494.9558	0.1307471524	99998.78344	0	0
Ne23	21414.10216	0.2343070014	99998.73873	0	0
neutron	939.56536	24.94357746	99998.67354	0	0
neutron	939.56536	11.85450133	99998.67354	0	0
neutron	939.56536	3.119231355	99998.67354	0	0
alpha	3727.379	5.577046911	99998.67354	0	0
O16	14895.08153	0.8181321586	99998.67354	0	0
neutron	939.56536	0.9414678326	99998.68121	0	0
Ne22	20479.73746	0.3737810626	99998.68121	0	0
neutron	939.56536	1.246152218	99998.73585	0	0
neutron	939.56536	0.282596505	99998.73585	0	0
S33	30704.55199	0.1289770331	99998.73585	0	0
S35	32565.27968	0.1475506553	99998.74578	0	0
neutron	939.56536	6.914668193	99998.77953	0	0
proton	938.272013	2.805054483	99998.77953	0	0
neutron	939.56536	2.502890935	99998.77953	0	0
neutron	939.56536	2.052677522	99998.77953	0	0
P31	28844.21869	1.034044341	99998.77953	0	0
neutron	939.56536	3.777381195	99998.76322	0	0
neutron	939.56536	2.24499921	99998.76322	0	0
neutron	939.56536	0.7384866581	99998.76322	0	0
S32	29773.62828	0.1155255708	99998.76322	0	0
proton	938.272013	25.42156838	99998.7598	0	0
neutron	939.56536	3.427294088	99998.7598	0	0
neutron	939.56536	1.776733562	99998.7598	0	0
P32	29775.84838	0.8686516059	99998.7598	0	0
Ne23	21414.10216	0.2263060032	99998.82068	0	0
proton	938.272013	21.6461463	99998.72805	0	0
neutron	939.56536	3.983786632	99998.72805	0	0
neutron	939.56536	1.700257932	99998.72805	0	0
neutron	939.56536	1.695511632	99998.72805	0	0
alpha	3727.379	4.22904146	99998.72805	0	0
Al27	25126.50566	3.202219514	99998.72805	0	0
neutron	939.56536	1.010026956	99998.70244	0	0
S34	31632.70018	0.2414011595	99998.70244	0	0
neutron	939.56536	1.329577098	99998.68633	0	0
S34	31632.70018	0.1419500529	99998.68633	0	0
neutron	939.56536	12.12688142	99998.72791	0	0
neutron	939.56536	0.8209019192	99998.72791	0	0
S33	30704.55199	0.218476753	99998.72791	0	0
Ne23	21414.10216	0.2190349514	99998.81035	0	0
S35	32565.27968	0.1600090537	99998.85244	0	0
S35	32565.27968	0.1554511398	99998.68874	0	0
S35	32565.27968	0.1498029747	99998.80678	0	0
neutron	939.56536	2.231204316	99998.79567	0	0
S34	31632.70018	0.1095321187	99998.79567	0	0
S35	32565.27968	0.1605173175	99998.60567	0	0
S35	32565.27968	0.1590520137	99998.83454	0	0
neutron	939.56536	3.393591454	99998.78931	0	0
neutron	939.56536	2.434207767	99998.78931	0	0
neutron	939.56536	2.398893169	99998.78931	0	0
alpha	3727.379	7.917685457	99998.78931	0	0
O16	14895.08153	1.432919755	99998.78931	0	0
S35	32565.27968	0.1566594922	99998.65293	0	0
neutron	939.56536	5.967183024	99998.76141	0	0
neutron	939.56536	5.740757813	99998.76141	0	0
neutron	939.56536	0.709124691	99998.76141	0	0
S32	29773.62828	0.09561195427	99998.76141	0	0
neutron	939.56536	0.579905798	99998.69854	0	0
Ne22	20479.73746	0.1018200232	99998.69854	0	0
neutron	939.56536	3.287715262	99998.83503	0	0
neutron	939.56536	0.4783167029	99998.83503	0	0
S33	30704.55199	0.43621098	99998.83503	0	0
neutron	939.56536	3.689159709	99998.73265	0	0
S34	31632.70018	0.332479184	99998.73265	0	0
proton	938.272013	25.89406707	99998.71194	0	0
neutron	939.56536	7.541130813	99998.71194	0	0
neutron	939.56536	0.9185865187	99998.71194	0	0
F20	18625.26686	1.850829438	99998.71194	0	0
neutron	939.56536	6.747024917	99998.71781	0	0
neutron	939.56536	5.884200066	99998.71781	0	0
neutron	939.56536	4.313025962	99998.71781	0	0
alpha	3727.379	4.675479638	99998.71781	0	0
O16	14895.08153	1.591414438	99998.71781	0	0
proton	938.272013	23.48795213	99998.78366	0	0
neutron	939.56536	1.115841936	99998.78366	0	0
neutron	939.56536	0.09503135619	99998.78366	0	0
P32	29775.84838	1.015121659	99998.78366	0	0
neutron	939.56536	15.01571472	99998.76816	0	0
neutron	939.56536	3.359339651	99998.76816	0	0
Ne21	19550.53637	0.8390294095	99998.76816	0	0
neutron	939.56536	6.237640234	99998.66128	0	0
neutron	939.56536	6.161268229	99998.66128	0	0
neutron	939.56536	1.777691304	99998.66128	0	0
Ne20	18617.73218	0.7407314878	99998.66128	0	0
neutron	939.56536	3.747831565	99998.65177	0	0
neutron	939.56536	0.2392591909	99998.65177	0	0
Ne21	19550.53637	0.5643095325	99998.65177	0	0
neutron	939.56536	13.43266283	99998.72598	0	0
proton	938.272013	3.735810344	99998.72598	0	0
neutron	939.56536	0.1343621425	99998.72598	0	0
P32	29775.84838	0.05703908371	99998.72598	0	0
neutron	939.56536	3.377651234	99998.75884	0	0
neutron	939.56536	1.946175234	99998.75884	0	0
neutron	939.56536	1.618240595	99998.75884	0	0
alpha	3727.379	5.525449148	99998.75884	0	0
O16	14895.08153	1.697550042	99998.75884	0	0
neutron	939.56536	3.033348246	99998.75808	0	0
alpha	3727.379	8.817203988	99998.75808	0	0
Si30	27913.24182	1.692942002	99998.75808	0	0
neutron	939.56536	7.248467803	99998.78884	0	0
proton	938.272013	6.443862644	99998.78884	0	0
neutron	939.56536	0.854799745	99998.78884	0	0
neutron	939.56536	0.4022901133	99998.78884	0	0
deuteron	1875.613	7.944018034	99998.78884	0	0
Si31	28846.21977	0.6564266642	99998.78884	0	0
proton	938.272013	6.497380274	99998.7806	0	0
neutron	939.56536	5.053517211	99998.7806	0	0
neutron	939.56536	3.822611726	99998.7806	0	0
neutron	939.56536	3.380246047	99998.7806	0	0
proton	938.272013	2.447015599	99998.7806	0	0
Si30	27913.24182	1.205373166	99998.7806	0	0
neutron	939.56536	0.8899846911	99998.7479	0	0
S34	31632.70018	0.2840649601	99998.7479	0	0
S35	32565.27968	0.13645771	99998.74519	0	0
S35	32565.27968	0.1426656205	99998.7273	0	0
S35	32565.27968	0.1570694855	99998.78313	0	0
neutron	939.56536	6.51258051	99998.70557	0	0
proton	938.272013	5.913363721	99998.70557	0	0
proton	938.272013	4.110807582	99998.70557	0	0
neutron	939.56536	1.655418803	99998.70557	0	0
O19	17697.63348	0.222356533	99998.70557	0	0
Ne23	21414.10216	0.2181126033	99998.7635	0	0
S35	32565.27968	0.1586099212	99998.75935	0	0
neutron	939.56536	20.63350294	99998.76478	0	0
neutron	939.56536	13.41336651	99998.76478	0	0
neutron	939.56536	5.343918978	99998.76478	0	0
proton	938.272013	1.7982437	99998.76478	0	0
P33	30705.30994	2.002795109	99998.76478	0	0
neutron	939.56536	1.942603202	99998.65861	0	0
neutron	939.56536	1.340579481	99998.65861	0	0
neutron	939.56536	0.6967690787	99998.65861	0	0
S34	31632.70018	0.202790287	99998.65861	0	0
neutron	939.56536	9.449459379	99998.71861	0	0
neutron	939.56536	6.221425516	99998.71861	0	0
proton	938.272013	5.70879738	99998.71861	0	0
neutron	939.56536	2.502995941	99998.71861	0	0
alpha	3727.379	5.745992254	99998.71861	0	0
Al27	25126.50566	2.081807692	99998.71861	0	0
neutron	939.56536	0.9156394516	99998.71395	0	0
S34	31632.70018	0.1560416701	99998.71395	0	0
neutron	939.56536	0.7801779279	99998.73726	0	0
S34	31632.70018	0.09030066317	99998.73726	0	0
S37	34430.21755	0.1408193463	99998.77808	0	0
Ne23	21414.10216	0.1953623774	99998.62543	0	0
S35	32565.27968	0.1487608109	99998.67841	0	0
proton	938.272013	37.28383392	99998.83904	0	0
P34	31638.59261	0.9763575728	99998.83904	0	0
neutron	939.56536	23.0575709	99998.78556	0	0
alpha	3727.379	7.408354047	99998.78556	0	0
alpha	3727.379	4.120527069	99998.78556	0	0
C14	13040.87134	1.229357779	99998.78556	0	0
neutron	939.56536	19.011937	99998.69656	0	0
neutron	939.56536	8.07649978	99998.69656	0	0
neutron	939.56536	4.746198813	99998.69656	0	0
alpha	3727.379	6.075607817	99998.69656	0	0
O16	14895.08153	0.736253584	99998.69656	0	0
Ne23	21414.10216	0.2217661006	99998.74093	0	0
proton	938.272013	23.02672631	99998.76085	0	0
neutron	939.56536	3.800255761	99998.76085	0	0
neutron	939.56536	0.4254813102	99998.76085	0	0
neutron	939.56536	0.3273998781	99998.76085	0	0
P31	28844.21869	0.7490010247	99998.76085	0	0
S35	32565.27968	0.1632868415	99998.66674	0	0
neutron	939.56536	8.580127846	99998.7841	0	0
proton	938.272013	8.064557527	99998.7841	0	0
neutron	939.56536	7.931583691	99998.7841	0	0
proton	938.272013	4.711647162	99998.7841	0	0
neutron	939.56536	3.547640682	99998.7841	0	0
Si30	27913.24182	0.768229252	99998.7841	0	0
neutron	939.56536	14.94464833	99998.76587	0	0
alpha	3727.379	6.403853033	99998.76587	0	0
alpha	3727.379	5.195999832	99998.76587	0	0
C14	13040.87134	3.459473163	99998.76587	0	0
S35	32565.27968	0.1661195964	99998.80652	0	0
neutron	939.56536	0.8788661186	99998.6664	0	0
S34	31632.70018	0.151394333	99998.6664	0	0
neutron	939.56536	0.7813411398	99998.77419	0	0
S34	31632.70018	0.1500289133	99998.77419	0	0
neutron	939.56536	4.30629397	99998.69856	0	0
neutron	939.56536	1.267372613	99998.69856	0	0
S35	32565.27968	0.2034947151	99998.69856	0	0
neutron	939.56536	18.74736314	99998.75478	0	0
neutron	939.56536	5.014971197	99998.75478	0	0
neutron	939.56536	0.2783842446	99998.75478	0	0
Ne20	18617.73218	1.41478931	99998.75478	0	0
neutron	939.56536	8.163174828	99998.74954	0	0
neutron	939.56536	6.612764876	99998.74954	0	0
neutron	939.56536	4.30677599	99998.74954	0	0
alpha	3727.379	6.332086435	99998.74954	0	0
O16	14895.08153	0.3874464901	99998.74954	0	0
neutron	939.56536	0.2936836624	99998.71322	0	0
S34	31632.70018	0.1361716764	99998.71322	0	0
neutron	939.56536	0.3315493097	99998.72747	0	0
Ne22	20479.73746	0.3289019259	99998.72747	0	0
neutron	939.56536	0.1641633634	99998.7691	0	0
S34	31632.70018	0.1551386084	99998.7691	0	0
neutron	939.56536	0.2409382163	99998.8805	0	0
Ne22	20479.73746	0.3134529971	99998.8805	0	0
neutron	939.56536	3.213056516	99998.73939	0	0
S34	31632.70018	0.09653186506	99998.73939	0	0
S35	32565.27968	0.1660763363	99998.74002	0	0
neutron	939.56536	1.39220708	99998.87415	0	0
Ne22	20479.73746	0.4706260013	99998.87415	0	0
neutron	939.56536	0.5367684216	99998.6366	0	0
S34	31632.70018	0.1979555963	99998.6366	0	0
S35	32565.27968	0.1431996648	99998.76965	0	0
neutron	939.56536	0.5134427625	99998.75002	0	0
S36	33494.9558	0.06361296013	99998.75002	0	0
S35	32565.27968	0.1483914029	99998.79929	0	0
neutron	939.56536	15.70129963	99998.73788	0	0
proton	938.272013	3.016931001	99998.73788	0	0
neutron	939.56536	3.013786768	99998.73788	0	0
neutron	939.56536	2.356345456	99998.73788	0	0
P31	28844.21869	0.5964312088	99998.73788	0	0
S35	32565.27968	0.139504739	99998.75735	0	0
neutron	939.56536	1.511478896	99998.72354	0	0
S34	31632.70018	0.1678263759	99998.72354	0	0
proton	938.272013	11.68070578	99998.78225	0	0
neutron	939.56536	6.508176622	99998.78225	0	0
neutron	939.56536	3.90656486	99998.78225	0	0
neutron	939.56536	1.349208851	99998.78225	0	0
neutron	939.56536	0.923264179	99998.78225	0	0
P32	29775.84838	1.398880494	99998.78225	0	0
neutron	939.56536	2.64307287	99998.71323	0	0
S36	33494.9558	0.1243536932	99998.71323	0	0
neutron	939.56536	3.288756511	99998.99788	0	0
neutron	939.56536	1.102284534	99998.99788	0	0
neutron	939.56536	0.8435499319	99998.99788	0	0
S32	29773.62828	0.4913952785	99998.99788	0	0
neutron	939.56536	7.809317954	99998.79765	0	0
Ne22	20479.73746	0.1340176331	99998.79765	0	0
neutron	939.56536	23.57748613	99998.65901	0	0
proton	938.272013	4.802371649	99998.65901	0	0
neutron	939.56536	2.048185407	99998.65901	0	0
neutron	939.56536	0.4608469835	99998.65901	0	0
P31	28844.21869	1.048115499	99998.65901	0	0
neutron	939.56536	8.822813216	99998.70129	0	0
neutron	939.56536	5.660838595	99998.70129	0	0
proton	938.272013	4.978160123	99998.70129	0	0
neutron	939.56536	1.832564762	99998.70129	0	0
P31	28844.21869	0.769133361	99998.70129	0	0
neutron	939.56536	18.67072182	99998.64843	0	0
neutron	939.56536	6.610899056	99998.64843	0	0
neutron	939.56536	3.151826655	99998.64843	0	0
Ne20	18617.73218	2.083717671	99998.64843	0	0
neutron	939.56536	22.42856417	99998.78072	0	0
neutron	939.56536	4.711745981	99998.78072	0	0
neutron	939.56536	1.712294945	99998.78072	0	0
alpha	3727.379	5.834924343	99998.78072	0	0
O16	14895.08153	3.191602681	99998.78072	0	0
neutron	939.56536	9.686398737	99998.78121	0	0
Ne22	20479.73746	0.7622297586	99998.78121	0	0
Ne23	21414.10216	0.2267869675	99998.7483	0	0
neutron	939.56536	6.103901312	99998.77336	0	0
neutron	939.56536	2.431450676	99998.77336	0	0
S35	32565.27968	0.6792186444	99998.77336	0	0
neutron	939.56536	0.1544840065	99998.68942	0	0
S34	31632.70018	0.1256039763	99998.68942	0	0
proton	938.272013	16.85481396	99998.75836	0	0
neutron	939.56536	6.654948291	99998.75836	0	0
neutron	939.56536	0.08098666644	99998.75836	0	0
F20	18625.26686	0.2491325449	99998.75836	0	0
S35	32565.27968	0.1548804428	99998.80436	0	0
neutron	939.56536	0.2687014644	99998.7038	0	0
S34	31632.70018	0.2001083896	99998.7038	0	0
S35	32565.27968	0.1488691536	99998.7591	0	0
neutron	939.56536	11.48827721	99998.71043	0	0
neutron	939.56536	2.597476074	99998.71043	0	0
neutron	939.56536	0.6276786448	99998.71043	0	0
S32	29773.62828	0.2026150236	99998.71043	0	0
S35	32565.27968	0.1496243791	99998.7469	0	0
neutron	939.56536	0.7953852496	99998.91279	0	0
S34	31632.70018	0.1536295515	99998.91279	0	0
Ne23	21414.10216	0.2082964246	99998.69586	0	0
neutron	939.56536	7.845112313	99998.79651	0	0
neutron	939.56536	5.514457176	99998.79651	0	0
S33	30704.55199	0.2067896241	99998.79651	0	0
neutron	939.56536	2.298228945	99998.77242	0	0
Ne22	20479.73746	0.465818905	99998.77242	0	0
neutron	939.56536	1.466877348	99998.84585	0	0
S34	31632.70018	0.02973573362	99998.84585	0	0
neutron	939.56536	1.974801788	99998.69897	0	0
neutron	939.56536	0.8451205321	99998.69897	0	0
S35	32565.27968	0.1714672982	99998.69897	0	0
neutron	939.56536	6.836754384	99998.72829	0	0
neutron	939.56536	4.776642411	99998.72829	0	0
neutron	939.56536	4.774238175	99998.72829	0	0
proton	938.272013	2.161345104	99998.72829	0	0
P31	28844.21869	1.241420915	99998.72829	0	0
neutron	939.56536	0.5025944459	99998.78131	0	0
S34	31632.70018	0.1095405172	99998.78131	0	0
neutron	939.56536	29.5739551	99998.66803	0	0
alpha	3727.379	10.07633085	99998.66803	0	0
alpha	3727.379	9.589762891	99998.66803	0	0
Mg26	24196.50368	9.654499339	99998.66803	0	0
proton	938.272013	16.74705088	99998.78626	0	0
neutron	939.56536	2.916995102	99998.78626	0	0
neutron	939.56536	1.893356861	99998.78626	0	0
P32	29775.84838	0.4051250625	99998.78626	0	0
neutron	939.56536	29.58100331	99998.80777	0	0
proton	938.272013	3.53315375	99998.80777	0	0
proton	938.272013	2.776168769	99998.80777	0	0
neutron	939.56536	1.218120091	99998.80777	0	0
Si31	28846.21977	1.375481631	99998.80777	0	0
proton	938.272013	21.96872778	99998.84315	0	0
proton	938.272013	21.8810808	99998.84315	0	0
neutron	939.56536	3.357894716	99998.84315	0	0
neutron	939.56536	1.302241258	99998.84315	0	0
O19	17697.63348	0.1944449576	99998.84315	0	0
neutron	939.56536	0.8135105357	99998.71755	0	0
Ne22	20479.73746	0.4173428581	99998.71755	0	0
S35	32565.27968	0.1519188163	99998.68711	0	0
neutron	939.56536	0.8896438865	99998.78163	0	0
Ne22	20479.73746	0.1074830061	99998.78163	0	0
neutron	939.56536	0.6537547455	99998.78294	0	0
S34	31632.70018	0.2548224578	99998.78294	0	0
neutron	939.56536	1.703959553	99998.80285	0	0
Ne22	20479.73746	0.5110485142	99998.80285	0	0
neutron	939.56536	1.163051511	99998.80672	0	0
S34	31632.70018	0.2821726498	99998.80672	0	0
neutron	939.56536	3.070869117	99998.75195	0	0
S34	31632.70018	0.4055413406	99998.75195	0	0
neutron	939.56536	3.764306495	99998.73402	0	0
neutron	939.56536	3.657547205	99998.73402	0	0
neutron	939.56536	3.289634092	99998.73402	0	0
neutron	939.56536	1.877439681	99998.73402	0	0
S33	30704.55199	1.07763794	99998.73402	0	0
neutron	939.56536	15.85413643	99998.70725	0	0
neutron	939.56536	6.070493478	99998.70725	0	0
proton	938.272013	3.843329065	99998.70725	0	0
deuteron	1875.613	8.648045061	99998.70725	0	0
Si30	27913.24182	0.5464016762	99998.70725	0	0
neutron	939.56536	0.8385684896	99998.79608	0	0
deuteron	1875.613	12.4830923	99998.79608	0	0
alpha	3727.379	6.032431999	99998.79608	0	0
Al28	26058.3459	3.581096339	99998.79608	0	0
neutron	939.56536	1.111747489	99998.82953	0	0
S34	31632.70018	0.122664124	99998.82953	0	0
S35	32565.27968	0.1574487628	99998.71464	0	0
neutron	939.56536	9.59811061	99998.74241	0	0
neutron	939.56536	1.036278899	99998.74241	0	0
S35	32565.27968	0.6173919416	99998.74241	0	0
neutron	939.56536	4.253389959	99998.71381	0	0
S34	31632.70018	0.2093873866	99998.71381	0	0
Ne23	21414.10216	0.2153215214	99998.73067	0	0
S37	34430.21755	0.14411146	99998.66554	0	0
neutron	939.56536	0.2944939977	99998.70501	0	0
S36	33494.9558	0.1956121957	99998.70501	0	0
neutron	939.56536	0.3298072944	99998.63586	0	0
S34	31632.70018	0.2091919758	99998.63586	0	0
S35	32565.27968	0.1414354991	99998.71749	0	0
Ne23	21414.10216	0.2125715878	99998.7153	0	0
neutron	939.56536	0.6448334178	99998.81959	0	0
S34	31632.70018	0.1099075294	99998.81959	0	0
neutron	939.56536	26.1740715	99998.71361	0	0
neutron	939.56536	10.03926334	99998.71361	0	0
proton	938.272013	4.804162588	99998.71361	0	0
neutron	939.56536	2.513351536	99998.71361	0	0
F19	17692.30285	0.1927265173	99998.71361	0	0
neutron	939.56536	10.42100757	99998.76031	0	0
neutron	939.56536	7.298663477	99998.76031	0	0
neutron	939.56536	0.0645073971	99998.76031	0	0
alpha	3727.379	4.715783765	99998.76031	0	0
O16	14895.08153	3.591683249	99998.76031	0	0
proton	938.272013	18.10543059	99998.74169	0	0
neutron	939.56536	1.986283693	99998.74169	0	0
F21	19556.73074	0.8399011687	99998.74169	0	0
neutron	939.56536	0.8449765652	99998.70245	0	0
S34	31632.70018	0.1396088569	99998.70245	0	0
neutron	939.56536	1.8116031	99998.80292	0	0
S34	31632.70018	0.2457083419	99998.80292	0	0
neutron	939.56536	1.835656927	99998.77145	0	0
Ne22	20479.73746	0.1528007376	99998.77145	0	0
neutron	939.56536	8.927092801	99998.67365	0	0
proton	938.272013	5.776714912	99998.67365	0	0
neutron	939.56536	5.032592428	99998.67365	0	0
neutron	939.56536	4.468616868	99998.67365	0	0
proton	938.272013	2.98833894	99998.67365	0	0
Si30	27913.24182	0.2342915145	99998.67365	0	0
neutron	939.56536	1.338533896	99998.73078	0	0
Ne22	20479.73746	0.1472829807	99998.73078	0	0
neutron	939.56536	13.18697292	99998.94246	0	0
neutron	939.56536	2.085048247	99998.94246	0	0
alpha	3727.379	10.97184032	99998.94246	0	0
O17	15830.5038	0.9825613577	99998.94246	0	0
S37	34430.21755	0.1426732594	99998.71107	0	0
Ne23	21414.10216	0.2351690869	99998.68082	0	0
neutron	939.56536	0.5987506012	99999.08047	0	0
S36	33494.9558	0.1585645894	99999.08047	0	0
neutron	939.56536	6.947915148	99998.66474	0	0
proton	938.272013	5.395573847	99998.66474	0	0
neutron	939.56536	4.935617971	99998.66474	0	0
proton	938.272013	2.366980903	99998.66474	0	0
alpha	3727.379	11.51361356	99998.66474	0	0
Mg27	25129.62564	0.7760712213	99998.66474	0	0
neutron	939.56536	0.1334460828	99998.79631	0	0
S34	31632.70018	0.1113927168	99998.79631	0	0
neutron	939.56536	0.9876867546	99998.73314	0	0
Ne22	20479.73746	0.2096678929	99998.73314	0	0
neutron	939.56536	0.8787093047	99998.7359	0	0
Ne22	20479.73746	0.2892384379	99998.7359	0	0
S35	32565.27968	0.1489221782	99998.7823	0	0
neutron	939.56536	7.563452521	99998.67536	0	0
neutron	939.56536	3.485315114	99998.67536	0	0
neutron	939.56536	3.24481895	99998.67536	0	0
proton	938.272013	3.116505886	99998.67536	0	0
P33	30705.30994	0.3341844115	99998.67536	0	0
neutron	939.56536	8.508402769	99998.68253	0	0
neutron	939.56536	6.41397972	99998.68253	0	0
neutron	939.56536	3.299416475	99998.68253	0	0
alpha	3727.379	5.461761201	99998.68253	0	0
O16	14895.08153	1.248818059	99998.68253	0	0
neutron	939.56536	0.8111096457	99998.68637	0	0
Ne22	20479.73746	0.1911789816	99998.68637	0	0
neutron	939.56536	4.117850406	99998.69567	0	0
neutron	939.56536	1.403998832	99998.69567	0	0
neutron	939.56536	0.8963155862	99998.69567	0	0
S32	29773.62828	0.8064509155	99998.69567	0	0
neutron	939.56536	6.507177868	99998.76007	0	0
neutron	939.56536	5.374813383	99998.76007	0	0
neutron	939.56536	2.097659776	99998.76007	0	0
Ne20	18617.73218	2.024164221	99998.76007	0	0
neutron	939.56536	1.764246611	99998.67463	0	0
S34	31632.70018	0.250848409	99998.67463	0	0
neutron	939.56536	0.8437342047	99998.73009	0	0
Ne22	20479.73746	0.1286529766	99998.73009	0	0
neutron	939.56536	0.9576407511	99998.74388	0	0
Ne22	20479.73746	0.1487560596	99998.74388	0	0
neutron	939.56536	1.213559701	99998.77942	0	0
S34	31632.70018	0.09216992119	99998.77942	0	0
S35	32565.27968	0.1524146973	99998.67587	0	0
Ne23	21414.10216	0.2158854219	99998.82615	0	0
neutron	939.56536	2.764462719	99998.70557	0	0
Ne22	20479.73746	0.08493576048	99998.70557	0	0
neutron	939.56536	1.860354297	99998.71466	0	0
S34	31632.70018	0.2490987806	99998.71466	0	0
proton	938.272013	10.39796948	99998.80799	0	0
neutron	939.56536	6.660470459	99998.80799	0	0
neutron	939.56536	4.943388575	99998.80799	0	0
neutron	939.56536	2.297044116	99998.80799	0	0
alpha	3727.379	4.933764005	99998.80799	0	0
N15	13968.93638	1.585653841	99998.80799	0	0
neutron	939.56536	1.204331866	99998.76917	0	0
Ne22	20479.73746	0.1746695201	99998.76917	0	0
neutron	939.56536	0.1234973603	99998.65419	0	0
S34	31632.70018	0.1260935014	99998.65419	0	0
S35	32565.27968	0.1480367301	99998.738	0	0
neutron	939.56536	0.1349876657	99998.71969	0	0
S34	31632.70018	0.1729054634	99998.71969	0	0
neutron	939.56536	0.5011291969	99998.77227	0	0
Ne22	20479.73746	0.2357738994	99998.77227	0	0
neutron	939.56536	9.108969269	99998.6799	0	0
proton	938.272013	2.702716653	99998.6799	0	0
neutron	939.56536	2.391176095	99998.6799	0	0
P32	29775.84838	0.8964621193	99998.6799	0	0
neutron	939.56536	4.077832523	99998.7924	0	0
neutron	939.56536	1.27820657	99998.7924	0	0
neutron	939.56536	0.6922087231	99998.7924	0	0
S32	29773.62828	0.4133838539	99998.7924	0	0
S35	32565.27968	0.1598792125	99998.8012	0	0
neutron	939.56536	0.3264910981	99998.73053	0	0
S34	31632.70018	0.2185810772	99998.73053	0	0
S37	34430.21755	0.1445823303	99998.69296	0	0
neutron	939.56536	1.970045937	99998.71326	0	0
Ne22	20479.73746	0.2568680162	99998.71326	0	0
neutron	939.56536	28.73074038	99998.75954	0	0
neutron	939.56536	9.182304975	99998.75954	0	0
neutron	939.56536	2.042163753	99998.75954	0	0
S32	29773.62828	2.464347011	99998.75954	0	0
S37	34430.21755	0.1453844362	99998.76237	0	0
neutron	939.56536	0.2073256154	99998.78474	0	0
S34	31632.70018	0.1079037024	99998.78474	0	0
neutron	939.56536	5.407654327	99998.70444	0	0
neutron	939.56536	1.236528873	99998.70444	0	0
Ne21	19550.53637	0.1042562077	99998.70444	0	0
neutron	939.56536	24.01599049	99998.74357	0	0
proton	938.272013	16.38944897	99998.74357	0	0
neutron	939.56536	0.3338871793	99998.74357	0	0
P32	29775.84838	0.3762166477	99998.74357	0	0
neutron	939.56536	21.75191721	99998.79953	0	0
proton	938.272013	10.09627354	99998.79953	0	0
neutron	939.56536	6.036782433	99998.79953	0	0
neutron	939.56536	1.927546123	99998.79953	0	0
F19	17692.30285	2.767294162	99998.79953	0	0
neutron	939.56536	1.871210503	99998.75419	0	0
Ne22	20479.73746	0.1508131849	99998.75419	0	0
S35	32565.27968	0.1582165272	99998.85042	0	0
Ne23	21414.10216	0.2238578384	99998.76612	0	0
neutron	939.56536	0.4519432326	99998.67456	0	0
Ne22	20479.73746	0.1063473531	99998.67456	0	0
neutron	939.56536	0.06236674933	99998.67229	0	0
S34	31632.70018	0.1244866013	99998.67229	0	0
neutron	939.56536	3.568200472	99998.71882	0	0
neutron	939.56536	0.4663442379	99998.71882	0	0
neutron	939.56536	0.3808032032	99998.71882	0	0
Ne20	18617.73218	0.08321996155	99998.71882	0	0
S35	32565.27968	0.1473617116	99998.78596	0	0
neutron	939.56536	3.579541417	99998.87745	0	0
neutron	939.56536	1.120625739	99998.87745	0	0
S33	30704.55199	0.3644210017	99998.87745	0	0
Ne23	21414.10216	0.2239943187	99998.70625	0	0
neutron	939.56536	0.150404839	99998.63663	0	0
S34	31632.70018	0.1193919638	99998.63663	0	0
neutron	939.56536	0.1264364737	99998.64836	0	0
S36	33494.9558	0.1718502243	99998.64836	0	0
neutron	939.56536	0.09175547379	99999.08197	0	0
Ne22	20479.73746	0.2554985826	99999.08197	0	0
neutron	939.56536	24.83634301	99998.74162	0	0
neutron	939.56536	2.158432602	99998.74162	0	0
S33	30704.55199	0.3558795987	99998.74162	0	0
neutron	939.56536	0.7319204786	99998.72228	0	0
Ne22	20479.73746	0.09611071342	99998.72228	0	0
Ne23	21414.10216	0.2108799415	99998.78812	0	0
neutron	939.56536	20.76537082	99998.80734	0	0
neutron	939.56536	3.5521388	99998.80734	0	0
neutron	939.56536	0.08857961617	99998.80734	0	0
S32	29773.62828	0.9509244183	99998.80734	0	0
neutron	939.56536	2.720164988	99998.72508	0	0
S34	31632.70018	0.3665657888	99998.72508	0	0
neutron	939.56536	0.349268225	99998.73719	0	0
Ne22	20479.73746	0.1534743494	99998.73719	0	0
neutron	939.56536	1.145516727	99998.65705	0	0
S34	31632.70018	0.3006002548	99998.65705	0	0
S35	32565.27968	0.1585987254	99998.7011	0	0
neutron	939.56536	0.9697050847	99998.70095	0	0
S34	31632.70018	0.1737478534	99998.70095	0	0
Ne23	21414.10216	0.2221571447	99998.7123	0	0
neutron	939.56536	2.591340815	99998.79694	0	0
neutron	939.56536	0.9273180395	99998.79694	0	0
S33	30704.55199	0.2302784182	99998.79694	0	0
neutron	939.56536	22.58803756	99998.71764	0	0
neutron	939.56536	1.051056456	99998.71764	0	0
neutron	939.56536	1.027877808	99998.71764	0	0
alpha	3727.379	10.58490854	99998.71764	0	0
Si28	26053.19393	0.7839870207	99998.71764	0	0
S35	32565.27968	0.1469158181	99998.72716	0	0
neutron	939.56536	1.822739709	99998.62342	0	0
S34	31632.70018	0.271838481	99998.62342	0	0
neutron	939.56536	0.09795767142	99998.72001	0	0
S34	31632.70018	0.1217996179	99998.72001	0	0
neutron	939.56536	4.134657597	99998.66216	0	0
neutron	939.56536	3.007810666	99998.66216	0	0
Ne21	19550.53637	0.5895049625	99998.66216	0	0
S35	32565.27968	0.16156518	99998.73306	0	0
neutron	939.56536	6.688953246	99998.74883	0	0
neutron	939.56536	1.736293727	99998.74883	0	0
Ne21	19550.53637	0.8707850201	99998.74883	0	0
neutron	939.56536	4.566073302	99998.70015	0	0
proton	938.272013	2.90569846	99998.70015	0	0
P33	30705.30994	0.1044883778	99998.70015	0	0
neutron	939.56536	11.72751272	99998.74406	0	0
neutron	939.56536	8.273708483	99998.74406	0	0
proton	938.272013	6.322311083	99998.74406	0	0
neutron	939.56536	2.300616702	99998.74406	0	0
P31	28844.21869	0.4466206048	99998.74406	0	0
neutron	939.56536	0.9939982935	99998.82826	0	0
S36	33494.9558	0.1636751833	99998.82826	0	0
neutron	939.56536	2.641501837	99998.77094	0	0
S34	31632.70018	0.138598888	99998.77094	0	0
S35	32565.27968	0.1599886975	99998.79039	0	0
neutron	939.56536	1.88567098	99998.66635	0	0
neutron	939.56536	0.3960991009	99998.66635	0	0
S33	30704.55199	0.1783825835	99998.66635	0	0
neutron	939.56536	1.457455942	99998.68623	0	0
S34	31632.70018	0.1863577598	99998.68623	0	0
neutron	939.56536	4.427819729	99998.75507	0	0
neutron	939.56536	2.795244462	99998.75507	0	0
neutron	939.56536	0.9807239956	99998.75507	0	0
Ne20	18617.73218	0.8012458656	99998.75507	0	0
neutron	939.56536	0.243312718	99998.75679	0	0
S34	31632.70018	0.1029820763	99998.75679	0	0
neutron	939.56536	0.2950116818	99998.67314	0	0
S34	31632.70018	0.1786911991	99998.67314	0	0
neutron	939.56536	7.911934955	99998.69521	0	0
neutron	939.56536	2.784777732	99998.69521	0	0
S33	30704.55199	0.1175330131	99998.69521	0	0
neutron	939.56536	3.062986681	99998.7404	0	0
neutron	939.56536	1.988611363	99998.7404	0	0
S35	32565.27968	0.009611354407	99998.7404	0	0
neutron	939.56536	0.9914044412	99998.6985	0	0
S34	31632.70018	0.0834037489	99998.6985	0	0
Ne23	21414.10216	0.2201385193	99998.68244	0	0
neutron	939.56536	8.19697176	99998.74859	0	0
alpha	3727.379	8.507123209	99998.74859	0	0
Si30	27913.24182	1.556728924	99998.74859	0	0
neutron	939.56536	5.259422561	99998.76069	0	0
neutron	939.56536	3.551261475	99998.76069	0	0
neutron	939.56536	1.974262441	99998.76069	0	0
S34	31632.70018	0.1959448265	99998.76069	0	0
neutron	939.56536	0.4298097873	99998.73212	0	0
S36	33494.9558	0.1300333729	99998.73212	0	0
S35	32565.27968	0.1501353706	99998.80093	0	0
neutron	939.56536	1.956408814	99998.81482	0	0
S34	31632.70018	0.1996041361	99998.81482	0	0
S35	32565.27968	0.1511084783	99998.84658	0	0
Ne23	21414.10216	0.2305128718	99998.7801	0	0
neutron	939.56536	0.7908316898	99998.77831	0	0
S34	31632.70018	0.2176349525	99998.77831	0	0
neutron	939.56536	0.1137939751	99998.77167	0	0
Ne22	20479.73746	0.2296286377	99998.77167	0	0
S35	32565.27968	0.1473109532	99998.8039	0	0
S35	32565.27968	0.1632896474	99998.59883	0	0
neutron	939.56536	14.8934478	99998.69805	0	0
neutron	939.56536	7.247674016	99998.69805	0	0
neutron	939.56536	1.210662526	99998.69805	0	0
neutron	939.56536	0.7519458741	99998.69805	0	0
S33	30704.55199	0.1995457137	99998.69805	0	0
Ne23	21414.10216	0.2280213198	99998.71762	0	0
neutron	939.56536	2.392427342	99998.77713	0	0
neutron	939.56536	1.200451776	99998.77713	0	0
alpha	3727.379	8.202749345	99998.77713	0	0
O17	15830.5038	1.58911986	99998.77713	0	0
neutron	939.56536	2.191588239	99998.76554	0	0
Ne22	20479.73746	0.1509803222	99998.76554	0	0
neutron	939.56536	1.75251869	99998.85086	0	0
Ne22	20479.73746	0.3860905833	99998.85086	0	0
neutron	939.56536	1.285731918	99998.67976	0	0
Ne22	20479.73746	0.3255440941	99998.67976	0	0
neutron	939.56536	1.732969955	99998.68767	0	0
S36	33494.9558	0.1122560692	99998.68767	0	0
S35	32565.27968	0.1619691567	99998.71149	0	0
neutron	939.56536	25.99616261	99998.77974	0	0
neutron	939.56536	21.31510247	99998.77974	0	0
neutron	939.56536	2.222617777	99998.77974	0	0
S32	29773.62828	0.1716487806	99998.77974	0	0
S35	32565.27968	0.1535102848	99998.74592	0	0
Ne23	21414.10216	0.2327578616	99998.78893	0	0
neutron	939.56536	30.5644314	99998.77967	0	0
proton	938.272013	13.17786701	99998.77967	0	0
F21	19556.73074	2.786035241	99998.77967	0	0
proton	938.272013	37.99486301	99998.65761	0	0
neutron	939.56536	22.08991482	99998.65761	0	0
neutron	939.56536	0.5492247566	99998.65761	0	0
P34	31638.59261	0.6428094102	99998.65761	0	0
neutron	939.56536	1.729802203	99998.74764	0	0
S34	31632.70018	0.1435281588	99998.74764	0	0
Ne23	21414.10216	0.2130333265	99998.72888	0	0
neutron	939.56536	2.605780041	99998.78852	0	0
S34	31632.70018	0.1223414685	99998.78852	0	0
neutron	939.56536	8.041097167	99998.79125	0	0
neutron	939.56536	1.476063316	99998.79125	0	0
neutron	939.56536	0.9856502976	99998.79125	0	0
alpha	3727.379	3.967726886	99998.79125	0	0
O16	14895.08153	1.27660785	99998.79125	0	0
neutron	939.56536	2.653831949	99998.72037	0	0
neutron	939.56536	1.80510885	99998.72037	0	0
neutron	939.56536	1.448191472	99998.72037	0	0
alpha	3727.379	7.440515082	99998.72037	0	0
O16	14895.08153	1.685751041	99998.72037	0	0
neutron	939.56536	3.274444656	99998.66113	0	0
neutron	939.56536	2.9667088	99998.66113	0	0
alpha	3727.379	4.977436104	99998.66113	0	0
O17	15830.5038	0.9311169921	99998.66113	0	0
neutron	939.56536	0.7623476973	99999.16453	0	0
neutron	939.56536	0.4005631032	99999.16453	0	0
S33	30704.55199	0.08265925896	99999.16453	0	0
S35	32565.27968	0.1428309812	99998.76979	0	0
neutron	939.56536	20.70325982	99998.73581	0	0
neutron	939.56536	11.8695738	99998.73581	0	0
neutron	939.56536	6.412401768	99998.73581	0	0
alpha	3727.379	6.083356758	99998.73581	0	0
Si28	26053.19393	1.410975643	99998.73581	0	0
neutron	939.56536	0.9985982458	99998.71879	0	0
S36	33494.9558	0.1257735068	99998.71879	0	0
S35	32565.27968	0.1428437273	99998.70277	0	0
Ne23	21414.10216	0.2180860957	99998.73786	0	0
neutron	939.56536	0.8435746839	99998.71826	0	0
S34	31632.70018	0.2445614803	99998.71826	0	0
neutron	939.56536	2.065853281	99998.72667	0	0
Ne22	20479.73746	0.2034303178	99998.72667	0	0
neutron	939.56536	17.7077305	99998.69745	0	0
neutron	939.56536	1.737002941	99998.69745	0	0
neutron	939.56536	0.4380630474	99998.69745	0	0
Ne20	18617.73218	0.6522508281	99998.69745	0	0
neutron	939.56536	3.044703929	99998.78506	0	0
S34	31632.70018	0.3324590814	99998.78506	0	0
Ne23	21414.10216	0.2220713434	99998.72653	0	0
neutron	939.56536	0.7127133635	99998.73808	0	0
S34	31632.70018	0.07266059928	99998.73808	0	0
neutron	939.56536	5.306496109	99998.77429	0	0
S34	31632.70018	0.09937783729	99998.77429	0	0
S35	32565.27968	0.1624589071	99998.7414	0	0
proton	938.272013	6.178807692	99998.75593	0	0
neutron	939.56536	2.497075532	99998.75593	0	0
neutron	939.56536	2.349786023	99998.75593	0	0
neutron	939.56536	2.257482648	99998.75593	0	0
neutron	939.56536	0.4259202658	99998.75593	0	0
deuteron	1875.613	6.806371458	99998.75593	0	0
O16	14895.08153	1.617882137	99998.75593	0	0
neutron	939.56536	1.1626094	99998.71001	0	0
Ne22	20479.73746	0.1078915029	99998.71001	0	0
neutron	939.56536	8.226001299	99998.73107	0	0
neutron	939.56536	2.190560652	99998.73107	0	0
neutron	939.56536	0.3981155398	99998.73107	0	0
deuteron	1875.613	25.84367553	99998.73107	0	0
P32	29775.84838	1.881019115	99998.73107	0	0
neutron	939.56536	28.62858068	99998.73298	0	0
neutron	939.56536	6.038556654	99998.73298	0	0
proton	938.272013	3.87853926	99998.73298	0	0
proton	938.272013	3.201397883	99998.73298	0	0
neutron	939.56536	2.994542909	99998.73298	0	0
Si30	27913.24182	0.9593856255	99998.73298	0	0
neutron	939.56536	0.8329424368	99998.78759	0	0
Ne22	20479.73746	0.3738502441	99998.78759	0	0
neutron	939.56536	0.1858312862	99998.71347	0	0
S36	33494.9558	0.09428858598	99998.71347	0	0
Ne23	21414.10216	0.2349794137	99998.88051	0	0
neutron	939.56536	1.761696935	99998.71343	0	0
S34	31632.70018	0.3353655218	99998.71343	0	0
neutron	939.56536	1.941717764	99998.75536	0	0
Ne22	20479.73746	0.4856142947	99998.75536	0	0
S35	32565.27968	0.153343869	99998.78571	0	0
S35	32565.27968	0.1494159115	99998.67562	0	0
neutron	939.56536	5.882594209	99998.75575	0	0
neutron	939.56536	4.311359211	99998.75575	0	0
neutron	939.56536	0.4025771151	99998.75575	0	0
S34	31632.70018	0.5174300056	99998.75575	0	0
neutron	939.56536	0.4476156273	99998.74375	0	0
S34	31632.70018	0.1319671842	99998.74375	0	0
proton	938.272013	10.17354754	99998.77463	0	0
neutron	939.56536	5.732836009	99998.77463	0	0
neutron	939.56536	2.32313652	99998.77463	0	0
neutron	939.56536	2.317185456	99998.77463	0	0
alpha	3727.379	3.068814275	99998.77463	0	0
N15	13968.93638	2.670721049	99998.77463	0	0
neutron	939.56536	1.403777707	99998.75368	0	0
neutron	939.56536	0.2279286861	99998.75368	0	0
Ne21	19550.53637	0.284620311	99998.75368	0	0
proton	938.272013	7.585242614	99998.67063	0	0
neutron	939.56536	2.701373263	99998.67063	0	0
P33	30705.30994	0.1457865622	99998.67063	0	0
neutron	939.56536	0.3001814441	99998.71658	0	0
Ne22	20479.73746	0.2511531898	99998.71658	0	0
Ne23	21414.10216	0.2123448316	99998.85224	0	0
S35	32565.27968	0.1445434215	99998.69926	0	0
S35	32565.27968	0.1352037569	99998.7124	0	0
proton	938.272013	7.092263849	99998.72885	0	0
proton	938.272013	3.84397773	99998.72885	0	0
neutron	939.56536	2.428160359	99998.72885	0	0
Si32	29776.58515	0.157039981	99998.72885	0	0
proton	938.272013	7.770581289	99998.72717	0	0
neutron	939.56536	6.065704195	99998.72717	0	0
proton	938.272013	2.846024249	99998.72717	0	0
neutron	939.56536	0.593632195	99998.72717	0	0
neutron	939.56536	0.4106032013	99998.72717	0	0
Si30	27913.24182	0.2509572046	99998.72717	0	0
neutron	939.56536	0.1761996188	99998.69816	0	0
S36	33494.9558	0.1724656372	99998.69816	0	0
S35	32565.27968	0.1539133517	99998.77739	0	0
neutron	939.56536	3.867725586	99998.74754	0	0
Ne22	20479.73746	0.6268882081	99998.74754	0	0
neutron	939.56536	21.43214404	99998.72743	0	0
neutron	939.56536	0.6904767464	99998.72743	0	0
deuteron	1875.613	5.032139913	99998.72743	0	0
F19	17692.30285	1.769101962	99998.72743	0	0
neutron	939.56536	0.1441020144	99998.74645	0	0
S34	31632.70018	0.1177752582	99998.74645	0	0
Ne23	21414.10216	0.2277185131	99998.69008	0	0
S35	32565.27968	0.1383210171	99998.7361	0	0
proton	938.272013	6.388970312	99998.68891	0	0
proton	938.272013	4.743347377	99998.68891	0	0
neutron	939.56536	1.614789174	99998.68891	0	0
neutron	939.56536	0.6365138215	99998.68891	0	0
Si31	28846.21977	0.4724123452	99998.68891	0	0
neutron	939.56536	0.2625721301	99998.74204	0	0
S36	33494.9558	0.09292088635	99998.74204	0	0
neutron	939.56536	2.363593167	99998.77448	0	0
S34	31632.70018	0.1058976095	99998.77448	0	0
neutron	939.56536	26.29140701	99998.74817	0	0
neutron	939.56536	5.803992075	99998.74817	0	0
neutron	939.56536	1.543944918	99998.74817	0	0
S32	29773.62828	0.5779759755	99998.74817	0	0
S35	32565.27968	0.1522254471	99998.79605	0	0
neutron	939.56536	26.53150005	99998.74391	0	0
proton	938.272013	9.922878365	99998.74391	0	0
neutron	939.56536	1.125103331	99998.74391	0	0
P34	31638.59261	0.4342955818	99998.74391	0	0
neutron	939.56536	29.5279944	99998.71072	0	0
neutron	939.56536	28.09642659	99998.71072	0	0
neutron	939.56536	1.813468565	99998.71072	0	0
S32	29773.62828	0.4664870042	99998.71072	0	0
neutron	939.56536	0.5896307558	99998.73475	0	0
S34	31632.70018	0.1558619688	99998.73475	0	0
neutron	939.56536	21.82288339	99999.01971	0	0
neutron	939.56536	4.373003833	99999.01971	0	0
neutron	939.56536	1.937871164	99999.01971	0	0
neutron	939.56536	1.769816328	99999.01971	0	0
neutron	939.56536	1.3318985	99999.01971	0	0
S32	29773.62828	1.241727046	99999.01971	0	0
neutron	939.56536	0.6078228128	99998.65977	0	0
S36	33494.9558	0.221091931	99998.65977	0	0
Ne23	21414.10216	0.2063249785	99998.7098	0	0
Ne23	21414.10216	0.216332825	99998.73005	0	0
proton	938.272013	4.352102486	99998.65537	0	0
neutron	939.56536	3.321656154	99998.65537	0	0
neutron	939.56536	1.221613635	99998.65537	0	0
F20	18625.26686	0.6014647407	99998.65537	0	0
neutron	939.56536	7.071742167	99998.67803	0	0
proton	938.272013	2.473514761	99998.67803	0	0
neutron	939.56536	1.260133313	99998.67803	0	0
neutron	939.56536	0.3973221514	99998.67803	0	0
P31	28844.21869	1.14712491	99998.67803	0	0
S37	34430.21755	0.1443607457	99998.73729	0	0
neutron	939.56536	1.208525245	99998.76938	0	0
S34	31632.70018	0.2058746399	99998.76938	0	0
neutron	939.56536	0.7436644389	99998.75395	0	0
Ne22	20479.73746	0.3936898022	99998.75395	0	0
neutron	939.56536	0.2856339676	99998.74121	0	0
S34	31632.70018	0.1239876639	99998.74121	0	0
neutron	939.56536	4.609125313	99998.74634	0	0
neutron	939.56536	4.249152387	99998.74634	0	0
neutron	939.56536	3.009301044	99998.74634	0	0
Ne20	18617.73218	0.6235726182	99998.74634	0	0
S35	32565.27968	0.1436224763	99998.77823	0	0
Ne23	21414.10216	0.2305177605	99998.68488	0	0
S35	32565.27968	0.1318234766	99998.82348	0	0
neutron	939.56536	0.389162801	99998.7661	0	0
Ne22	20479.73746	0.3069414799	99998.7661	0	0
S35	32565.27968	0.1611446862	99998.66344	0	0
S35	32565.27968	0.1516359572	99998.7394	0	0
neutron	939.56536	1.145366097	99998.66122	0	0
Ne22	20479.73746	0.09711270821	99998.66122	0	0
neutron	939.56536	8.162857889	99998.84964	0	0
neutron	939.56536	0.6394607465	99998.84964	0	0
S33	30704.55199	0.06128391235	99998.84964	0	0
proton	938.272013	9.504092455	99998.76145	0	0
neutron	939.56536	4.802947412	99998.76145	0	0
alpha	3727.379	9.645377779	99998.76145	0	0
Al29	26988.4858	1.475797076	99998.76145	0	0
neutron	939.56536	10.32579135	99998.66131	0	0
neutron	939.56536	7.340872141	99998.66131	0	0
neutron	939.56536	1.838391181	99998.66131	0	0
neutron	939.56536	0.3999968008	99998.66131	0	0
alpha	3727.379	7.461883473	99998.66131	0	0
Si29	26984.28567	3.516295479	99998.66131	0	0
neutron	939.56536	2.332297989	99998.73152	0	0
S36	33494.9558	0.01463498508	99998.73152	0	0
neutron	939.56536	19.89523407	99998.72116	0	0
neutron	939.56536	2.718203179	99998.72116	0	0
neutron	939.56536	0.6635877782	99998.72116	0	0
S32	29773.62828	0.3207038526	99998.72116	0	0
neutron	939.56536	4.756748392	99998.76782	0	0
neutron	939.56536	2.801910865	99998.76782	0	0
Ne21	19550.53637	0.1030151674	99998.76782	0	0
neutron	939.56536	2.625545773	99998.86553	0	0
Ne22	20479.73746	0.09076767789	99998.86553	0	0
neutron	939.56536	0.0768373296	99998.72241	0	0
S34	31632.70018	0.132207142	99998.72241	0	0
Ne23	21414.10216	0.2153219769	99998.80627	0	0
neutron	939.56536	2.856373072	99998.74003	0	0
S34	31632.70018	0.2064328731	99998.74003	0	0
neutron	939.56536	6.231685975	99998.74571	0	0
neutron	939.56536	1.140900199	99998.74571	0	0
neutron	939.56536	0.01871940466	99998.74571	0	0
Ne20	18617.73218	0.713179736	99998.74571	0	0
neutron	939.56536	2.184268065	99998.67713	0	0
S34	31632.70018	0.2537595717	99998.67713	0	0
neutron	939.56536	18.40426625	99998.75054	0	0
proton	938.272013	10.1106937	99998.75054	0	0
neutron	939.56536	4.179143563	99998.75054	0	0
neutron	939.56536	3.73795682	99998.75054	0	0
proton	938.272013	2.589199876	99998.75054	0	0
neutron	939.56536	1.357567906	99998.75054	0	0
O17	15830.5038	0.8595781038	99998.75054	0	0
neutron	939.56536	2.720122873	99998.67793	0	0
neutron	939.56536	1.375754188	99998.67793	0	0
neutron	939.56536	0.9882341703	99998.67793	0	0
neutron	939.56536	0.8888281019	99998.67793	0	0
S33	30704.55199	0.227358255	99998.67793	0	0
S35	32565.27968	0.1526225352	99998.69711	0	0
S37	34430.21755	0.1446515221	99998.71368	0	0
Ne23	21414.10216	0.2337183135	99998.87366	0	0
neutron	939.56536	0.4168210606	99998.78098	0	0
S34	31632.70018	0.1229269451	99998.78098	0	0
neutron	939.56536	1.080911264	99998.82228	0	0
S34	31632.70018	0.1345661413	99998.82228	0	0
neutron	939.56536	0.1006354354	99998.68557	0	0
Ne22	20479.73746	0.2668014214	99998.68557	0	0
neutron	939.56536	7.153619388	99998.75674	0	0
neutron	939.56536	3.379361822	99998.75674	0	0
neutron	939.56536	2.891958075	99998.75674	0	0
neutron	939.56536	2.783452823	99998.75674	0	0
neutron	939.56536	0.5079565352	99998.75674	0	0
S32	29773.62828	0.4177793596	99998.75674	0	0
neutron	939.56536	0.1281294818	99998.67341	0	0
S36	33494.9558	0.1775692536	99998.67341	0	0
S37	34430.21755	0.1418804604	99998.75068	0	0
neutron	939.56536	8.79828149	99998.81474	0	0
neutron	939.56536	3.766398361	99998.81474	0	0
deuteron	1875.613	5.705170358	99998.81474	0	0
F19	17692.30285	3.496515261	99998.81474	0	0
neutron	939.56536	0.4380897282	99998.74995	0	0
Ne22	20479.73746	0.3523726242	99998.74995	0	0
neutron	939.56536	2.621198929	99998.74223	0	0
neutron	939.56536	1.705355845	99998.74223	0	0
neutron	939.56536	0.3984533638	99998.74223	0	0
S34	31632.70018	0.04583255544	99998.74223	0	0
neutron	939.56536	3.452978222	99998.86626	0	0
neutron	939.56536	0.1947818105	99998.86626	0	0
Ne21	19550.53637	0.1036294665	99998.86626	0	0
neutron	939.56536	3.936527393	99998.71777	0	0
neutron	939.56536	2.988682318	99998.71777	0	0
S35	32565.27968	0.5318362811	99998.71777	0	0
neutron	939.56536	1.128051786	99998.75654	0	0
Ne22	20479.73746	0.3931725681	99998.75654	0	0
neutron	939.56536	2.176788911	99998.70481	0	0
neutron	939.56536	2.070227129	99998.70481	0	0
S35	32565.27968	0.009195748461	99998.70481	0	0
S35	32565.27968	0.1295804727	99998.72247	0	0
neutron	939.56536	4.70375089	99998.85138	0	0
neutron	939.56536	4.379802853	99998.85138	0	0
proton	938.272013	2.133668614	99998.85138	0	0
deuteron	1875.613	3.451506289	99998.85138	0	0
Si30	27913.24182	0.7033844215	99998.85138	0	0
neutron	939.56536	2.252099697	99998.66636	0	0
neutron	939.56536	1.254432973	99998.66636	0	0
S33	30704.55199	0.2248691587	99998.66636	0	0
Ne23	21414.10216	0.2040843701	99998.78008	0	0
S37	34430.21755	0.133252925	99998.77033	0	0
S35	32565.27968	0.1574552704	99998.74331	0	0
S35	32565.27968	0.1630561005	99998.70877	0	0
neutron	939.56536	4.48124179	99998.71956	0	0
alpha	3727.379	9.291150105	99998.71956	0	0
Si30	27913.24182	0.5068720615	99998.71956	0	0
S35	32565.27968	0.1567917357	99998.72052	0	0
neutron	939.56536	2.20046847	99998.6765	0	0
neutron	939.56536	0.4275462464	99998.6765	0	0
Ne21	19550.53637	0.3567341762	99998.6765	0	0
neutron	939.56536	1.425062892	99998.79432	0	0
neutron	939.56536	0.7770392737	99998.79432	0	0
alpha	3727.379	11.5729138	99998.79432	0	0
Si29	26984.28567	0.997951108	99998.79432	0	0
neutron	939.56536	18.19393185	99998.66563	0	0
neutron	939.56536	7.576205324	99998.66563	0	0
neutron	939.56536	0.09096994998	99998.66563	0	0
alpha	3727.379	3.641366908	99998.66563	0	0
O16	14895.08153	1.2935375	99998.66563	0	0
neutron	939.56536	1.410492966	99998.6495	0	0
S34	31632.70018	0.1659314921	99998.6495	0	0
neutron	939.56536	2.136660533	99998.77133	0	0
Ne22	20479.73746	0.03141418731	99998.77133	0	0
Ne23	21414.10216	0.2264824777	99998.73785	0	0
neutron	939.56536	1.863548211	99998.69338	0	0
Ne22	20479.73746	0.09928204774	99998.69338	0	0
neutron	939.56536	1.568602834	99998.72147	0	0
neutron	939.56536	1.132930848	99998.72147	0	0
neutron	939.56536	0.5371377407	99998.72147	0	0
S32	29773.62828	0.2451753191	99998.72147	0	0
Ne23	21414.10216	0.2209285588	99998.71456	0	0
S35	32565.27968	0.1458595601	99998.77934	0	0
S35	32565.27968	0.1553657057	99998.74895	0	0
neutron	939.56536	35.48573423	99998.77113	0	0
neutron	939.56536	2.924523922	99998.77113	0	0
neutron	939.56536	1.664569748	99998.77113	0	0
S32	29773.62828	1.506203228	99998.77113	0	0
neutron	939.56536	19.15016622	99998.76866	0	0
neutron	939.56536	6.804436142	99998.76866	0	0
neutron	939.56536	1.951553641	99998.76866	0	0
alpha	3727.379	7.85041784	99998.76866	0	0
alpha	3727.379	3.497172988	99998.76866	0	0
C12	11174.86339	1.793563315	99998.76866	0	0
proton	938.272013	12.77383648	99998.60016	0	0
neutron	939.56536	1.720466095	99998.60016	0	0
neutron	939.56536	1.332267693	99998.60016	0	0
deuteron	1875.613	4.728562159	99998.60016	0	0
O18	16762.02378	1.869578477	99998.60016	0	0
neutron	939.56536	2.596579374	99998.7767	0	0
S34	31632.70018	0.275657008	99998.7767	0	0
neutron	939.56536	8.657273931	99998.69647	0	0
Ne22	20479.73746	0.6960993277	99998.69647	0	0
neutron	939.56536	0.8461717723	99998.76576	0	0
alpha	3727.379	12.57138758	99998.76576	0	0
O18	16762.02378	1.693770658	99998.76576	0	0
neutron	939.56536	4.90845981	99998.71954	0	0
neutron	939.56536	0.2431241159	99998.71954	0	0
S33	30704.55199	0.2467373591	99998.71954	0	0
neutron	939.56536	0.1668632224	99998.74641	0	0
S34	31632.70018	0.1640669886	99998.74641	0	0
neutron	939.56536	2.575367344	99998.732	0	0
neutron	939.56536	1.179074805	99998.732	0	0
alpha	3727.379	6.192736921	99998.732	0	0
O17	15830.5038	1.650741172	99998.732	0	0
proton	938.272013	29.81698428	99998.70552	0	0
neutron	939.56536	2.116968171	99998.70552	0	0
P33	30705.30994	0.9539141422	99998.70552	0	0
neutron	939.56536	5.591288429	99998.71052	0	0
neutron	939.56536	3.377240932	99998.71052	0	0
neutron	939.56536	0.5103654142	99998.71052	0	0
Ne20	18617.73218	0.2376002916	99998.71052	0	0
neutron	939.56536	1.634080435	99998.78427	0	0
Ne22	20479.73746	0.1083762492	99998.78427	0	0
neutron	939.56536	3.136524157	99998.69209	0	0
Ne22	20479.73746	0.1821945882	99998.69209	0	0
neutron	939.56536	2.669830697	99998.71175	0	0
S34	31632.70018	0.2003706756	99998.71175	0	0
neutron	939.56536	1.155352618	99998.70653	0	0
S34	31632.70018	0.03325760598	99998.70653	0	0
neutron	939.56536	1.032739921	99998.69822	0	0
S34	31632.70018	0.04573279962	99998.69822	0	0
neutron	939.56536	0.4171508831	99998.72895	0	0
S34	31632.70018	0.2361205768	99998.72895	0	0
Ne23	21414.10216	0.2355503918	99998.74904	0	0
S35	32565.27968	0.1588742452	99998.71615	0	0
neutron	939.56536	46.76851181	99998.75997	0	0
neutron	939.56536	4.320001012	99998.75997	0	0
neutron	939.56536	0.5754227356	99998.75997	0	0
S32	29773.62828	1.048244438	99998.75997	0	0
neutron	939.56536	2.723467381	99998.70201	0	0
S34	31632.70018	0.2773652868	99998.70201	0	0
S35	32565.27968	0.1593324365	99998.79931	0	0
S35	32565.27968	0.1432317798	99998.82001	0	0
neutron	939.56536	0.07896827874	99998.71764	0	0
S34	31632.70018	0.1559451731	99998.71764	0	0
Ne23	21414.10216	0.2067149614	99998.72579	0	0
neutron	939.56536	3.181658342	99998.6895	0	0
neutron	939.56536	1.343134906	99998.6895	0	0
alpha	3727.379	6.506105198	99998.6895	0	0
Si29	26984.28567	0.6937378763	99998.6895	0	0
neutron	939.56536	0.6512567234	99998.75526	0	0
Ne22	20479.73746	0.1220561095	99998.75526	0	0
S37	34430.21755	0.1340978006	99998.77835	0	0
neutron	939.56536	1.112095072	99998.71922	0	0
S34	31632.70018	0.0606534458	99998.71922	0	0
neutron	939.56536	14.88073936	99998.81091	0	0
neutron	939.56536	1.184576218	99998.81091	0	0
Ne21	19550.53637	1.118162832	99998.81091	0	0
S37	34430.21755	0.1321096768	99998.76184	0	0
neutron	939.56536	6.270994514	99998.84577	0	0
neutron	939.56536	2.51048432	99998.84577	0	0
neutron	939.56536	1.726015244	99998.84577	0	0
S32	29773.62828	0.7692551953	99998.84577	0	0
neutron	939.56536	12.04893709	99998.73685	0	0
neutron	939.56536	3.80737023	99998.73685	0	0
neutron	939.56536	1.883576134	99998.73685	0	0
alpha	3727.379	17.72047079	99998.73685	0	0
alpha	3727.379	18.28965574	99998.73685	0	0
C12	11174.86339	1.621134098	99998.73685	0	0
S37	34430.21755	0.1420479052	99998.75807	0	0
proton	938.272013	4.928855059	99998.68167	0	0
neutron	939.56536	2.553819456	99998.68167	0	0
neutron	939.56536	1.931634986	99998.68167	0	0
P32	29775.84838	0.8974737896	99998.68167	0	0
Ne23	21414.10216	0.2306414021	99998.74167	0	0
S35	32565.27968	0.1426531225	99998.69915	0	0
neutron	939.56536	1.403902548	99998.71062	0	0
S34	31632.70018	0.1913644088	99998.71062	0	0
neutron	939.56536	10.65210726	99998.69881	0	0
neutron	939.56536	2.880217799	99998.69881	0	0
Ne21	19550.53637	0.7008130729	99998.69881	0	0
neutron	939.56536	1.214543923	99998.69938	0	0
Ne22	20479.73746	0.07298005282	99998.69938	0	0
neutron	939.56536	7.227779275	99998.7278	0	0
neutron	939.56536	4.811798766	99998.7278	0	0
neutron	939.56536	3.247860848	99998.7278	0	0
S34	31632.70018	0.2508936817	99998.7278	0	0
neutron	939.56536	0.3609598275	99998.76402	0	0
S34	31632.70018	0.1995411016	99998.76402	0	0
proton	938.272013	16.59041613	99998.69732	0	0
neutron	939.56536	14.25862095	99998.69732	0	0
proton	938.272013	7.296364003	99998.69732	0	0
neutron	939.56536	1.897668073	99998.69732	0	0
Si31	28846.21977	0.2427426843	99998.69732	0	0
neutron	939.56536	1.04826545	99998.72135	0	0
S34	31632.70018	0.2901227091	99998.72135	0	0
proton	938.272013	20.69002678	99998.67955	0	0
neutron	939.56536	0.6050449878	99998.67955	0	0
P33	30705.30994	0.5114327122	99998.67955	0	0
neutron	939.56536	1.554394537	99998.70188	0	0
S34	31632.70018	0.05380292494	99998.70188	0	0
proton	938.272013	2.918840179	99998.80603	0	0
neutron	939.56536	1.550933024	99998.80603	0	0
neutron	939.56536	0.3850308008	99998.80603	0	0
P32	29775.84838	0.2605137141	99998.80603	0	0
S35	32565.27968	0.1556989963	99998.66092	0	0
neutron	939.56536	5.474787525	99998.66808	0	0
neutron	939.56536	1.001136452	99998.66808	0	0
neutron	939.56536	0.9485901458	99998.66808	0	0
S34	31632.70018	0.164328983	99998.66808	0	0
proton	938.272013	39.76501809	99998.77221	0	0
neutron	939.56536	2.532883335	99998.77221	0	0
neutron	939.56536	1.984666569	99998.77221	0	0
P32	29775.84838	0.6364255871	99998.77221	0	0
neutron	939.56536	31.17818295	99999.29213	0	0
proton	938.272013	4.297367568	99999.29213	0	0
neutron	939.56536	1.371995765	99999.29213	0	0
neutron	939.56536	0.1803761123	99999.29213	0	0
neutron	939.56536	0.08454700114	99999.29213	0	0
deuteron	1875.613	4.009597644	99999.29213	0	0
Si30	27913.24182	1.266343365	99999.29213	0	0
neutron	939.56536	2.942085411	99998.74315	0	0
S34	31632.70018	0.3908874852	99998.74315	0	0
neutron	939.56536	3.498482031	99998.73164	0	0
neutron	939.56536	2.441667504	99998.73164	0	0
S33	30704.55199	0.4946271449	99998.73164	0	0
neutron	939.56536	25.47193904	99998.6571	0	0
proton	938.272013	22.2965861	99998.6571	0	0
P33	30705.30994	2.235027039	99998.6571	0	0
neutron	939.56536	3.276365173	99998.82365	0	0
neutron	939.56536	3.164984208	99998.82365	0	0
neutron	939.56536	0.7086101339	99998.82365	0	0
S34	31632.70018	0.2169826093	99998.82365	0	0
neutron	939.56536	1.713899689	99998.77411	0	0
S34	31632.70018	0.2618781843	99998.77411	0	0
proton	938.272013	9.118299685	99998.75038	0	0
neutron	939.56536	6.046035467	99998.75038	0	0
neutron	939.56536	5.033775285	99998.75038	0	0
neutron	939.56536	1.825734564	99998.75038	0	0
neutron	939.56536	1.361407747	99998.75038	0	0
F18	16763.16938	0.5932084665	99998.75038	0	0
S35	32565.27968	0.1620688105	99998.65977	0	0
proton	938.272013	14.58928451	99998.82627	0	0
neutron	939.56536	2.402057158	99998.82627	0	0
P33	30705.30994	0.4187934389	99998.82627	0	0
proton	938.272013	24.76499145	99998.92114	0	0
neutron	939.56536	13.7152032	99998.92114	0	0
neutron	939.56536	0.2370499055	99998.92114	0	0
P34	31638.59261	0.3697287841	99998.92114	0	0
neutron	939.56536	5.187072055	99998.74298	0	0
neutron	939.56536	3.784513491	99998.74298	0	0
neutron	939.56536	0.103757119	99998.74298	0	0
S34	31632.70018	0.1890519211	99998.74298	0	0
neutron	939.56536	0.4376796696	99998.71375	0	0
S34	31632.70018	0.15281609	99998.71375	0	0
neutron	939.56536	0.7314560971	99998.70803	0	0
Ne22	20479.73746	0.1191556702	99998.70803	0	0
Ne23	21414.10216	0.2167432018	99998.69006	0	0
Ne23	21414.10216	0.229343951	99998.69443	0	0
S35	32565.27968	0.1560024011	99998.73858	0	0
neutron	939.56536	0.5844359421	99998.73906	0	0
deuteron	1875.613	11.248326	99998.73906	0	0
P32	29775.84838	0.7659167477	99998.73906	0	0
neutron	939.56536	31.20016257	99998.74136	0	0
neutron	939.56536	5.166555829	99998.74136	0	0
neutron	939.56536	4.383682093	99998.74136	0	0
S32	29773.62828	2.492337501	99998.74136	0	0
S35	32565.27968	0.148131594	99998.76436	0	0
proton	938.272013	3.738052981	99998.71515	0	0
neutron	939.56536	3.225689485	99998.71515	0	0
neutron	939.56536	3.147074591	99998.71515	0	0
neutron	939.56536	0.5682240365	99998.71515	0	0
P31	28844.21869	0.3217318797	99998.71515	0	0
Ne23	21414.10216	0.2280295149	99998.69164	0	0
neutron	939.56536	33.25296344	99998.68432	0	0
neutron	939.56536	13.477564	99998.68432	0	0
neutron	939.56536	4.184468514	99998.68432	0	0
alpha	3727.379	2.570052561	99998.68432	0	0
O16	14895.08153	5.293167452	99998.68432	0	0
neutron	939.56536	0.3819880497	99998.72751	0	0
S34	31632.70018	0.1788889035	99998.72751	0	0
proton	938.272013	12.23487525	99998.71896	0	0
neutron	939.56536	2.3407645	99998.71896	0	0
neutron	939.56536	0.5930093561	99998.71896	0	0
neutron	939.56536	0.08054775898	99998.71896	0	0
P31	28844.21869	0.2802055023	99998.71896	0	0
neutron	939.56536	1.072640925	99998.72407	0	0
S34	31632.70018	0.2396261398	99998.72407	0	0
S35	32565.27968	0.1664631486	99998.69533	0	0
neutron	939.56536	0.9395733336	99998.68874	0	0
S34	31632.70018	0.07955642642	99998.68874	0	0
proton	938.272013	3.211222565	99998.76354	0	0
P34	31638.59261	0.1200743489	99998.76354	0	0
S35	32565.27968	0.156287586	99998.77793	0	0
neutron	939.56536	0.4099128879	99998.72077	0	0
Ne22	20479.73746	0.2048737167	99998.72077	0	0
neutron	939.56536	3.075120201	99998.66018	0	0
S34	31632.70018	0.06941617749	99998.66018	0	0
neutron	939.56536	0.5063030137	99998.7285	0	0
Ne22	20479.73746	0.2700807463	99998.7285	0	0
neutron	939.56536	3.663282605	99998.75831	0	0
neutron	939.56536	1.335988588	99998.75831	0	0
neutron	939.56536	1.30715766	99998.75831	0	0
S32	29773.62828	0.2698708217	99998.75831	0	0
neutron	939.56536	1.130060674	99998.79601	0	0
S34	31632.70018	0.05346493872	99998.79601	0	0
neutron	939.56536	5.383104262	99998.75701	0	0
S34	31632.70018	0.2206678405	99998.75701	0	0
Ne23	21414.10216	0.2319799409	99998.72838	0	0
neutron	939.56536	1.411239465	99998.70667	0	0
S34	31632.70018	0.3196063486	99998.70667	0	0
neutron	939.56536	0.4409588982	99999.07388	0	0
Ne22	20479.73746	0.345926842	99999.07388	0	0
neutron	939.56536	1.149383826	99998.69802	0	0
alpha	3727.379	3.639851773	99998.69802	0	0
O18	16762.02378	2.018800897	99998.69802	0	0
neutron	939.56536	0.9441829302	99998.67098	0	0
S34	31632.70018	0.08033165828	99998.67098	0	0
neutron	939.56536	3.005439535	99998.77762	0	0
neutron	939.56536	0.5347532191	99998.77762	0	0
Ne21	19550.53637	0.284816028	99998.77762	0	0
neutron	939.56536	0.5194153924	99999.07593	0	0
S36	33494.9558	0.1189850957	99999.07593	0	0
S37	34430.21755	0.1369130289	99998.75342	0	0
neutron	939.56536	24.61876866	99998.74811	0	0
neutron	939.56536	5.034037649	99998.74811	0	0
proton	938.272013	4.85006418	99998.74811	0	0
P32	29775.84838	1.736068216	99998.74811	0	0
neutron	939.56536	4.390689297	99998.70538	0	0
neutron	939.56536	2.562860925	99998.70538	0	0
deuteron	1875.613	24.07065292	99998.70538	0	0
P33	30705.30994	2.676089185	99998.70538	0	0
proton	938.272013	3.172592554	99998.90091	0	0
neutron	939.56536	1.33127596	99998.90091	0	0
neutron	939.56536	0.4963261816	99998.90091	0	0
deuteron	1875.613	5.241633661	99998.90091	0	0
Si30	27913.24182	1.081991326	99998.90091	0	0
neutron	939.56536	0.3924799544	99998.73864	0	0
Ne22	20479.73746	0.1157585973	99998.73864	0	0
neutron	939.56536	12.79752597	99998.80159	0	0
proton	938.272013	6.285115141	99998.80159	0	0
neutron	939.56536	1.676789368	99998.80159	0	0
deuteron	1875.613	6.788146528	99998.80159	0	0
O18	16762.02378	0.7325930014	99998.80159	0	0
proton	938.272013	3.087792172	99998.75848	0	0
neutron	939.56536	1.815308447	99998.75848	0	0
P33	30705.30994	0.04465201424	99998.75848	0	0
proton	938.272013	10.55735871	99998.78123	0	0
proton	938.272013	5.957890014	99998.78123	0	0
neutron	939.56536	0.841375592	99998.78123	0	0
Si32	29776.58515	0.3254721561	99998.78123	0	0
Ne23	21414.10216	0.2214592762	99998.80588	0	0
neutron	939.56536	14.90098474	99998.7375	0	0
proton	938.272013	2.613361532	99998.7375	0	0
neutron	939.56536	2.4267345	99998.7375	0	0
neutron	939.56536	0.5189673528	99998.7375	0	0
P31	28844.21869	0.4051406974	99998.7375	0	0
neutron	939.56536	0.2167666192	99998.76485	0	0
S36	33494.9558	0.1662241329	99998.76485	0	0
neutron	939.56536	0.241195064	99998.76887	0	0
Ne22	20479.73746	0.1302480662	99998.76887	0	0
S35	32565.27968	0.1627735842	99998.68895	0	0
neutron	939.56536	0.1649720376	99998.67849	0	0
Ne22	20479.73746	0.2557818772	99998.67849	0	0
S35	32565.27968	0.1583397093	99998.76012	0	0
neutron	939.56536	5.538271671	99998.70279	0	0
neutron	939.56536	3.53010583	99998.70279	0	0
neutron	939.56536	2.696779313	99998.70279	0	0
S32	29773.62828	0.09985163425	99998.70279	0	0
S37	34430.21755	0.1353584384	99998.74234	0	0
neutron	939.56536	30.30521764	99998.73524	0	0
neutron	939.56536	6.096800492	99998.73524	0	0
neutron	939.56536	1.415091796	99998.73524	0	0
S32	29773.62828	1.007767526	99998.73524	0	0
neutron	939.56536	12.6337724	99998.80123	0	0
proton	938.272013	10.19885902	99998.80123	0	0
neutron	939.56536	0.08275536731	99998.80123	0	0
P32	29775.84838	0.8435042947	99998.80123	0	0
Ne23	21414.10216	0.2134219613	99998.72744	0	0
neutron	939.56536	0.2892500376	99998.74898	0	0
S34	31632.70018	0.1233320179	99998.74898	0	0
S35	32565.27968	0.143120827	99998.72082	0	0
neutron	939.56536	0.4218935813	99998.7308	0	0
S34	31632.70018	0.07701371539	99998.7308	0	0
neutron	939.56536	0.9210022017	99998.85945	0	0
S34	31632.70018	0.2750688837	99998.85945	0	0
Ne23	21414.10216	0.2131999427	99998.68367	0	0
S35	32565.27968	0.1401520014	99998.8082	0	0
S35	32565.27968	0.1613237015	99998.7221	0	0
proton	938.272013	21.4242603	99998.71241	0	0
neutron	939.56536	5.359998939	99998.71241	0	0
neutron	939.56536	1.825071314	99998.71241	0	0
P32	29775.84838	1.099674536	99998.71241	0	0
neutron	939.56536	1.058648678	99998.58935	0	0
Ne22	20479.73746	0.379406177	99998.58935	0	0
neutron	939.56536	1.810226149	99998.84892	0	0
S34	31632.70018	0.3307169495	99998.84892	0	0
neutron	939.56536	9.217310166	99998.70162	0	0
neutron	939.56536	0.9644976301	99998.70162	0	0
S35	32565.27968	0.525380325	99998.70162	0	0
Ne23	21414.10216	0.2199443263	99998.77533	0	0
neutron	939.56536	8.648573842	99998.70813	0	0
S36	33494.9558	0.209845619	99998.70813	0	0
Ne23	21414.10216	0.230116384	99998.73424	0	0
Ne23	21414.10216	0.228168726	99998.72641	0	0
neutron	939.56536	1.331259116	99998.76928	0	0
S34	31632.70018	0.1744404102	99998.76928	0	0
S35	32565.27968	0.1304054042	99998.63503	0	0
S35	32565.27968	0.1485085899	99998.74032	0	0
neutron	939.56536	7.419006626	99998.8258	0	0
neutron	939.56536	3.40392909	99998.8258	0	0
Ne21	19550.53637	0.8119597901	99998.8258	0	0
neutron	939.56536	7.187771856	99998.74947	0	0
alpha	3727.379	4.182175941	99998.74947	0	0
O18	16762.02378	0.5288330595	99998.74947	0	0
neutron	939.56536	9.779739779	99998.69097	0	0
proton	938.272013	9.593753906	99998.69097	0	0
neutron	939.56536	3.817435078	99998.69097	0	0
neutron	939.56536	3.238564632	99998.69097	0	0
neutron	939.56536	0.70466055	99998.69097	0	0
P32	29775.84838	1.066766154	99998.69097	0	0
neutron	939.56536	0.7630084348	99998.79585	0	0
Ne22	20479.73746	0.2865104382	99998.79585	0	0
neutron	939.56536	14.46493348	99998.83584	0	0
proton	938.272013	9.286037317	99998.83584	0	0
neutron	939.56536	0.8852109846	99998.83584	0	0
P34	31638.59261	0.4134571922	99998.83584	0	0
Ne23	21414.10216	0.2290127031	99998.64929	0	0
neutron	939.56536	12.7360517	99998.77437	0	0
neutron	939.56536	2.522266244	99998.77437	0	0
neutron	939.56536	0.1792101	99998.77437	0	0
Ne20	18617.73218	1.261259958	99998.77437	0	0
neutron	939.56536	12.68003693	99998.63151	0	0
neutron	939.56536	5.991439471	99998.63151	0	0
neutron	939.56536	4.766639142	99998.63151	0	0
proton	938.272013	2.510051064	99998.63151	0	0
F19	17692.30285	2.078030632	99998.63151	0	0
neutron	939.56536	4.992145644	99998.65106	0	0
Ne22	20479.73746	0.2983087525	99998.65106	0	0
neutron	939.56536	1.036463971	99998.8179	0	0
S34	31632.70018	0.1204145086	99998.8179	0	0
neutron	939.56536	0.6659193087	99998.66394	0	0
Ne22	20479.73746	0.2130235722	99998.66394	0	0
neutron	939.56536	1.734602709	99998.71107	0	0
S34	31632.70018	0.2746822883	99998.71107	0	0
S35	32565.27968	0.1546017531	99998.66644	0	0
proton	938.272013	6.5868025	99998.76977	0	0
neutron	939.56536	4.100355836	99998.76977	0	0
neutron	939.56536	1.538779406	99998.76977	0	0
neutron	939.56536	0.7150753403	99998.76977	0	0
P31	28844.21869	0.4880015218	99998.76977	0	0
neutron	939.56536	34.21879507	99998.74135	0	0
neutron	939.56536	8.680625904	99998.74135	0	0
neutron	939.56536	1.027643088	99998.74135	0	0
S32	29773.62828	0.8737973814	99998.74135	0	0
S35	32565.27968	0.1509368662	99998.66142	0	0
neutron	939.56536	4.050441546	99998.85205	0	0
neutron	939.56536	3.781197528	99998.85205	0	0
neutron	939.56536	1.942006541	99998.85205	0	0
S34	31632.70018	0.6510973875	99998.85205	0	0
Ne23	21414.10216	0.2307150454	99998.71383	0	0
neutron	939.56536	1.257171782	99998.7898	0	0
S34	31632.70018	0.03812273713	99998.7898	0	0
neutron	939.56536	42.45622114	99998.76597	0	0
neutron	939.56536	3.392165259	99998.76597	0	0
neutron	939.56536	2.501254214	99998.76597	0	0
S34	31632.70018	2.672289903	99998.76597	0	0
proton	938.272013	48.01319615	99998.75035	0	0
neutron	939.56536	2.158777233	99998.75035	0	0
neutron	939.56536	0.5020616235	99998.75035	0	0
P34	31638.59261	2.031920933	99998.75035	0	0
Ne23	21414.10216	0.2239562199	99998.77208	0	0
neutron	939.56536	4.22650651	99998.77231	0	0
neutron	939.56536	1.525274678	99998.77231	0	0
S33	30704.55199	0.1848757525	99998.77231	0	0
neutron	939.56536	10.96052121	99998.72299	0	0
S34	31632.70018	0.1266849524	99998.72299	0	0
neutron	939.56536	19.49649118	99998.74353	0	0
neutron	939.56536	2.113557437	99998.74353	0	0
neutron	939.56536	2.110881484	99998.74353	0	0
S32	29773.62828	0.6256955078	99998.74353	0	0
neutron	939.56536	0.5571961837	99998.75788	0	0
S34	31632.70018	0.1835608426	99998.75788	0	0
Ne23	21414.10216	0.2049894706	99998.69474	0	0
neutron	939.56536	24.94589118	99998.72419	0	0
neutron	939.56536	12.63814982	99998.72419	0	0
neutron	939.56536	2.303545202	99998.72419	0	0
Ne20	18617.73218	1.42560908	99998.72419	0	0
neutron	939.56536	32.10217113	99998.76892	0	0
neutron	939.56536	5.223394113	99998.76892	0	0
neutron	939.56536	0.4728351267	99998.76892	0	0
S32	29773.62828	0.9993649712	99998.76892	0	0
neutron	939.56536	0.7218841327	99998.72849	0	0
Ne22	20479.73746	0.2850437685	99998.72849	0	0
S37	34430.21755	0.1429261764	99998.6901	0	0
neutron	939.56536	5.033720567	99998.70792	0	0
neutron	939.56536	4.512105795	99998.70792	0	0
proton	938.272013	4.43653754	99998.70792	0	0
neutron	939.56536	3.76120846	99998.70792	0	0
proton	938.272013	3.594127853	99998.70792	0	0
Si30	27913.24182	0.3871821493	99998.70792	0	0
Ne23	21414.10216	0.2252344701	99998.64593	0	0
proton	938.272013	3.138750502	99998.85796	0	0
neutron	939.56536	2.317677392	99998.85796	0	0
neutron	939.56536	1.776217612	99998.85796	0	0
F20	18625.26686	0.929036112	99998.85796	0	0
neutron	939.56536	1.752724861	99998.673	0	0
S34	31632.70018	0.3231761824	99998.673	0	0
neutron	939.56536	0.4931838623	99998.71758	0	0
S34	31632.70018	0.2203269887	99998.71758	0	0
Ne23	21414.10216	0.2271052246	99998.68505	0	0
neutron	939.56536	8.616942868	99998.72882	0	0
proton	938.272013	5.248600377	99998.72882	0	0
neutron	939.56536	0.4642384385	99998.72882	0	0
P32	29775.84838	0.09063142859	99998.72882	0	0
S35	32565.27968	0.1560725958	99998.70064	0	0
Ne23	21414.10216	0.2152534195	99998.6907	0	0
neutron	939.56536	0.2481340674	99998.59199	0	0
S34	31632.70018	0.1420133835	99998.59199	0	0
S35	32565.27968	0.1595263312	99998.7893	0	0
neutron	939.56536	1.184993543	99998.75693	0	0
neutron	939.56536	0.5648023009	99998.75693	0	0
He3	2808.391	10.31236831	99998.75693	0	0
alpha	3727.379	9.191759248	99998.75693	0	0
C14	13040.87134	1.871330332	99998.75693	0	0
neutron	939.56536	0.4384103757	99998.80678	0	0
S34	31632.70018	0.1840132358	99998.80678	0	0
neutron	939.56536	0.1695245393	99998.74008	0	0
S36	33494.9558	0.1082530659	99998.74008	0	0
S35	32565.27968	0.1584588066	99998.76929	0	0
S35	32565.27968	0.1510967299	99998.85139	0	0
neutron	939.56536	0.4316102917	99998.68514	0	0
S34	31632.70018	0.1042977481	99998.68514	0	0
neutron	939.56536	0.09963573518	99998.71325	0	0
S34	31632.70018	0.1639932772	99998.71325	0	0
neutron	939.56536	10.79011368	99998.72156	0	0
neutron	939.56536	2.092835428	99998.72156	0	0
S35	32565.27968	0.4869664717	99998.72156	0	0
neutron	939.56536	5.484778477	99998.67715	0	0
proton	938.272013	3.520258163	99998.67715	0	0
P33	30705.30994	0.2330652268	99998.67715	0	0
neutron	939.56536	46.21038115	99998.78051	0	0
proton	938.272013	8.686206332	99998.78051	0	0
F21	19556.73074	1.03402853	99998.78051	0	0
neutron	939.56536	5.784449704	99998.69999	0	0
Ne22	20479.73746	0.4535186413	99998.69999	0	0
neutron	939.56536	6.155939652	99998.88792	0	0
neutron	939.56536	0.757472182	99998.88792	0	0
neutron	939.56536	0.6354672792	99998.88792	0	0
neutron	939.56536	0.181035947	99998.88792	0	0
S33	30704.55199	0.1783317289	99998.88792	0	0
neutron	939.56536	1.534640369	99998.64156	0	0
S34	31632.70018	0.2956927119	99998.64156	0	0
Ne23	21414.10216	0.2191988926	99998.81865	0	0
Ne23	21414.10216	0.198253635	99998.67634	0	0
neutron	939.56536	0.3812448203	99998.78042	0	0
Ne22	20479.73746	0.310678005	99998.78042	0	0
Ne23	21414.10216	0.2151412961	99998.70967	0	0
neutron	939.56536	27.88969621	99998.69061	0	0
neutron	939.56536	3.778369527	99998.69061	0	0
neutron	939.56536	1.457784791	99998.69061	0	0
Ne20	18617.73218	1.761169072	99998.69061	0	0
neutron	939.56536	7.602819175	99998.75223	0	0
proton	938.272013	5.903698543	99998.75223	0	0
neutron	939.56536	5.485292651	99998.75223	0	0
proton	938.272013	3.289638688	99998.75223	0	0
neutron	939.56536	1.365554143	99998.75223	0	0
Si30	27913.24182	0.8948010992	99998.75223	0	0
neutron	939.56536	15.30546244	99998.72673	0	0
neutron	939.56536	2.323952747	99998.72673	0	0
alpha	3727.379	5.580078362	99998.72673	0	0
O17	15830.5038	2.878276963	99998.72673	0	0
neutron	939.56536	3.00682369	99998.73562	0	0
S34	31632.70018	0.03302867713	99998.73562	0	0
neutron	939.56536	0.3529566771	99998.73941	0	0
S34	31632.70018	0.2019376502	99998.73941	0	0
neutron	939.56536	6.048081536	99998.70813	0	0
neutron	939.56536	1.381397867	99998.70813	0	0
S35	32565.27968	0.7469452515	99998.70813	0	0
neutron	939.56536	4.404564937	99998.60828	0	0
neutron	939.56536	4.27825732	99998.60828	0	0
S33	30704.55199	0.1897287398	99998.60828	0	0
neutron	939.56536	33.14530571	99998.73837	0	0
neutron	939.56536	2.975657779	99998.73837	0	0
neutron	939.56536	2.701458484	99998.73837	0	0
S32	29773.62828	1.015154905	99998.73837	0	0
neutron	939.56536	3.557423379	99998.75567	0	0
S34	31632.70018	0.234907342	99998.75567	0	0
proton	938.272013	4.0145272	99998.70323	0	0
neutron	939.56536	2.502311134	99998.70323	0	0
neutron	939.56536	1.503002773	99998.70323	0	0
P32	29775.84838	0.04787754149	99998.70323	0	0
neutron	939.56536	2.274030886	99998.66509	0	0
neutron	939.56536	2.153708869	99998.66509	0	0
neutron	939.56536	1.789537836	99998.66509	0	0
Ne20	18617.73218	0.5327208459	99998.66509	0	0
Ne23	21414.10216	0.2191112243	99998.76285	0	0
neutron	939.56536	1.637453575	99998.63419	0	0
S34	31632.70018	0.08299562415	99998.63419	0	0
neutron	939.56536	9.80577144	99998.74005	0	0
alpha	3727.379	4.912468993	99998.74005	0	0
O18	16762.02378	0.8371584741	99998.74005	0	0
proton	938.272013	20.52112589	99998.83016	0	0
neutron	939.56536	20.20309705	99998.83016	0	0
neutron	939.56536	0.7353942105	99998.83016	0	0
P32	29775.84838	0.6253699319	99998.83016	0	0
proton	938.272013	8.342522173	99998.67818	0	0
neutron	939.56536	4.102955245	99998.67818	0	0
proton	938.272013	2.454271917	99998.67818	0	0
neutron	939.56536	1.011601731	99998.67818	0	0
neutron	939.56536	0.6903131356	99998.67818	0	0
Si30	27913.24182	0.2514656967	99998.67818	0	0
S35	32565.27968	0.1573119389	99998.8224	0	0
neutron	939.56536	14.59184446	99998.84786	0	0
neutron	939.56536	5.241734697	99998.84786	0	0
neutron	939.56536	2.859073754	99998.84786	0	0
alpha	3727.379	2.730779189	99998.84786	0	0
O16	14895.08153	3.165070059	99998.84786	0	0
neutron	939.56536	9.813677914	99998.75276	0	0
neutron	939.56536	4.709475418	99998.75276	0	0
proton	938.272013	3.163183055	99998.75276	0	0
neutron	939.56536	2.528689876	99998.75276	0	0
P31	28844.21869	0.7585084617	99998.75276	0	0
proton	938.272013	11.80827916	99998.64579	0	0
neutron	939.56536	7.868320737	99998.64579	0	0
neutron	939.56536	4.236006585	99998.64579	0	0
neutron	939.56536	1.218899075	99998.64579	0	0
neutron	939.56536	0.3316046858	99998.64579	0	0
P32	29775.84838	0.4776303861	99998.64579	0	0
neutron	939.56536	0.4197872086	99998.65536	0	0
S34	31632.70018	0.1257655708	99998.65536	0	0
proton	938.272013	33.40515456	99998.76498	0	0
neutron	939.56536	2.872823077	99998.76498	0	0
P33	30705.30994	0.8159462946	99998.76498	0	0
neutron	939.56536	1.941172958	99998.78873	0	0
S34	31632.70018	0.2397569406	99998.78873	0	0
neutron	939.56536	1.374023782	99998.7233	0	0
neutron	939.56536	0.6501770319	99998.7233	0	0
He3	2808.391	9.451818244	99998.7233	0	0
O18	16762.02378	1.88052728	99998.7233	0	0
neutron	939.56536	1.154565419	99998.74419	0	0
neutron	939.56536	0.9974049366	99998.74419	0	0
alpha	3727.379	9.135026979	99998.74419	0	0
Si29	26984.28567	1.75802398	99998.74419	0	0
neutron	939.56536	14.612496	99998.69717	0	0
neutron	939.56536	5.832170452	99998.69717	0	0
S33	30704.55199	0.3788659739	99998.69717	0	0
neutron	939.56536	2.578416022	99998.67269	0	0
S36	33494.9558	0.1061220706	99998.67269	0	0
neutron	939.56536	0.7396954637	99998.66223	0	0
S34	31632.70018	0.1614281443	99998.66223	0	0
neutron	939.56536	10.92781322	99998.89198	0	0
neutron	939.56536	4.464521539	99998.89198	0	0
neutron	939.56536	3.133194361	99998.89198	0	0
proton	938.272013	2.294110219	99998.89198	0	0
P31	28844.21869	2.467576589	99998.89198	0	0
neutron	939.56536	0.2586088554	99998.75344	0	0
S34	31632.70018	0.2230954532	99998.75344	0	0
neutron	939.56536	9.015091691	99998.73642	0	0
proton	938.272013	4.572829583	99998.73642	0	0
neutron	939.56536	2.198137243	99998.73642	0	0
neutron	939.56536	1.707377344	99998.73642	0	0
P31	28844.21869	0.06370625296	99998.73642	0	0
neutron	939.56536	1.844319276	99998.76386	0	0
Ne22	20479.73746	0.06007257549	99998.76386	0	0
neutron	939.56536	1.255183876	99998.71031	0	0
neutron	939.56536	0.1860672104	99998.71031	0	0
deuteron	1875.613	12.19927937	99998.71031	0	0
P31	28844.21869	0.7681946161	99998.71031	0	0
neutron	939.56536	17.39515881	99998.79399	0	0
proton	938.272013	10.5064618	99998.79399	0	0
neutron	939.56536	0.4940660702	99998.79399	0	0
deuteron	1875.613	2.523957469	99998.79399	0	0
O18	16762.02378	1.154772761	99998.79399	0	0
neutron	939.56536	0.7142974947	99998.7595	0	0
S34	31632.70018	0.07007347117	99998.7595	0	0
neutron	939.56536	0.7777887762	99998.77855	0	0
S34	31632.70018	0.1796270664	99998.77855	0	0
neutron	939.56536	1.021347359	99998.71094	0	0
S36	33494.9558	0.1500157434	99998.71094	0	0
Ne23	21414.10216	0.2292424983	99998.81508	0	0
neutron	939.56536	19.13016606	99998.71753	0	0
neutron	939.56536	6.179475694	99998.71753	0	0
neutron	939.56536	2.867353825	99998.71753	0	0
Ne20	18617.73218	1.830872033	99998.71753	0	0
neutron	939.56536	5.514681918	99998.70129	0	0
neutron	939.56536	5.149569394	99998.70129	0	0
neutron	939.56536	4.51263188	99998.70129	0	0
proton	938.272013	3.607631659	99998.70129	0	0
P31	28844.21869	1.395013417	99998.70129	0	0
neutron	939.56536	0.5343225924	99998.67252	0	0
S36	33494.9558	0.2209166852	99998.67252	0	0
Ne23	21414.10216	0.2222764785	99998.71099	0	0
neutron	939.56536	30.68220284	99998.67281	0	0
neutron	939.56536	15.24543362	99998.67281	0	0
neutron	939.56536	2.386870391	99998.67281	0	0
S34	31632.70018	0.8945963295	99998.67281	0	0
neutron	939.56536	0.09818070919	99998.77008	0	0
S36	33494.9558	0.1350471478	99998.77008	0	0
Ne23	21414.10216	0.1986749062	99998.74216	0	0
neutron	939.56536	0.5972907141	99998.87154	0	0
Ne22	20479.73746	0.3626822527	99998.87154	0	0
neutron	939.56536	23.91091618	99998.75351	0	0
neutron	939.56536	10.33242203	99998.75351	0	0
neutron	939.56536	3.15853535	99998.75351	0	0
neutron	939.56536	0.2948746479	99998.75351	0	0
S33	30704.55199	1.161532172	99998.75351	0	0
neutron	939.56536	9.621302345	99998.75393	0	0
neutron	939.56536	4.753427547	99998.75393	0	0
neutron	939.56536	3.11172702	99998.75393	0	0
alpha	3727.379	5.546211843	99998.75393	0	0
O16	14895.08153	1.433583715	99998.75393	0	0
neutron	939.56536	0.2493979408	99998.79388	0	0
Ne22	20479.73746	0.160226644	99998.79388	0	0
neutron	939.56536	49.94155727	99998.72761	0	0
neutron	939.56536	17.2577698	99998.72761	0	0
neutron	939.56536	2.373174166	99998.72761	0	0
Ne20	18617.73218	0.4701694722	99998.72761	0	0
neutron	939.56536	1.373589387	99998.70946	0	0
Ne22	20479.73746	0.2406654743	99998.70946	0	0
neutron	939.56536	1.104881917	99998.71664	0	0
S34	31632.70018	0.1496658902	99998.71664	0	0
S35	32565.27968	0.1401198933	99998.89521	0	0
neutron	939.56536	1.26802259	99998.76966	0	0
S34	31632.70018	0.121663551	99998.76966	0	0
neutron	939.56536	6.262923519	99998.64087	0	0
neutron	939.56536	2.954154042	99998.64087	0	0
neutron	939.56536	0.3311867715	99998.64087	0	0
S32	29773.62828	0.695067718	99998.64087	0	0
S35	32565.27968	0.1489789778	99998.75882	0	0
neutron	939.56536	34.77506494	99998.73038	0	0
neutron	939.56536	5.72952829	99998.73038	0	0
neutron	939.56536	1.995173505	99998.73038	0	0
neutron	939.56536	1.574367876	99998.73038	0	0
S33	30704.55199	1.888593255	99998.73038	0	0
neutron	939.56536	18.39089721	99998.79682	0	0
neutron	939.56536	8.030243208	99998.79682	0	0
Ne21	19550.53637	2.137918358	99998.79682	0	0
proton	938.272013	41.43297885	99998.65746	0	0
neutron	939.56536	6.708930991	99998.65746	0	0
F21	19556.73074	0.9011472961	99998.65746	0	0
neutron	939.56536	1.378118579	99998.69665	0	0
Ne22	20479.73746	0.4137676495	99998.69665	0	0
neutron	939.56536	9.867138506	99998.81718	0	0
proton	938.272013	7.224627605	99998.81718	0	0
neutron	939.56536	0.8171405192	99998.81718	0	0
P32	29775.84838	1.064118675	99998.81718	0	0
neutron	939.56536	0.9045258614	99998.62654	0	0
S34	31632.70018	0.1651621968	99998.62654	0	0
neutron	939.56536	0.4822005513	99998.78503	0	0
S36	33494.9558	0.1548723101	99998.78503	0	0
S35	32565.27968	0.1545283323	99998.69555	0	0
neutron	939.56536	0.7679157821	99998.73621	0	0
Ne22	20479.73746	0.2948567779	99998.73621	0	0
S35	32565.27968	0.1529971388	99998.79146	0	0
neutron	939.56536	2.265469636	99998.72885	0	0
Ne22	20479.73746	0.3833391215	99998.72885	0	0
neutron	939.56536	24.26606538	99998.7121	0	0
neutron	939.56536	8.152746598	99998.7121	0	0
neutron	939.56536	4.056342912	99998.7121	0	0
Ne20	18617.73218	2.817723253	99998.7121	0	0
proton	938.272013	5.899519577	99998.85243	0	0
neutron	939.56536	4.625200948	99998.85243	0	0
neutron	939.56536	1.099904431	99998.85243	0	0
P32	29775.84838	0.9287515569	99998.85243	0	0
neutron	939.56536	3.443340009	99998.7586	0	0
neutron	939.56536	1.234203705	99998.7586	0	0
Ne21	19550.53637	0.03451823507	99998.7586	0	0
neutron	939.56536	0.9872230631	99998.74512	0	0
neutron	939.56536	0.1268237608	99998.74512	0	0
S33	30704.55199	0.1026365621	99998.74512	0	0
neutron	939.56536	1.16799948	99998.67685	0	0
S34	31632.70018	0.056835565	99998.67685	0	0
neutron	939.56536	0.2104649183	99998.73057	0	0
Ne22	20479.73746	0.3169227383	99998.73057	0	0
Ne23	21414.10216	0.2179907369	99998.66361	0	0
neutron	939.56536	0.3665223507	99998.76201	0	0
S34	31632.70018	0.08575533825	99998.76201	0	0
neutron	939.56536	20.43267712	99998.70214	0	0
neutron	939.56536	1.289500775	99998.70214	0	0
S35	32565.27968	0.376219606	99998.70214	0	0
neutron	939.56536	1.675618022	99998.73335	0	0
S36	33494.9558	0.03399551705	99998.73335	0	0
neutron	939.56536	0.4649195308	99998.66583	0	0
S34	31632.70018	0.09793584418	99998.66583	0	0
neutron	939.56536	1.169149705	99998.7412	0	0
Ne22	20479.73746	0.1265846889	99998.7412	0	0
S37	34430.21755	0.1258216477	99998.70993	0	0
neutron	939.56536	2.614881794	99998.84202	0	0
Ne22	20479.73746	0.2300150157	99998.84202	0	0
neutron	939.56536	38.66706928	99998.67505	0	0
proton	938.272013	26.67088774	99998.67505	0	0
P33	30705.30994	0.2884390261	99998.67505	0	0
neutron	939.56536	40.34148774	99998.76305	0	0
neutron	939.56536	5.698815111	99998.76305	0	0
proton	938.272013	1.51775676	99998.76305	0	0
deuteron	1875.613	6.358187555	99998.76305	0	0
O18	16762.02378	1.960967314	99998.76305	0	0
Ne23	21414.10216	0.2144363498	99998.70582	0	0
neutron	939.56536	0.7672782503	99998.7609	0	0
S34	31632.70018	0.2067415236	99998.7609	0	0
S35	32565.27968	0.1643530255	99998.60359	0	0
neutron	939.56536	12.35412612	99998.70241	0	0
neutron	939.56536	4.159208465	99998.70241	0	0
neutron	939.56536	0.2648257544	99998.70241	0	0
alpha	3727.379	3.815822024	99998.70241	0	0
O16	14895.08153	3.17761388	99998.70241	0	0
neutron	939.56536	5.346747769	99998.7003	0	0
S34	31632.70018	0.1635491957	99998.7003	0	0
Ne23	21414.10216	0.2021347224	99998.78898	0	0
neutron	939.56536	5.456483726	99998.65291	0	0
neutron	939.56536	2.163853568	99998.65291	0	0
neutron	939.56536	1.178633266	99998.65291	0	0
S32	29773.62828	0.1383221149	99998.65291	0	0
neutron	939.56536	2.297171113	99998.72747	0	0
S36	33494.9558	0.2839282051	99998.72747	0	0
S35	32565.27968	0.1466898189	99998.77298	0	0
neutron	939.56536	0.3920567135	99998.82341	0	0
Ne22	20479.73746	0.2790351245	99998.82341	0	0
proton	938.272013	12.45050025	99998.68936	0	0
neutron	939.56536	7.679435868	99998.68936	0	0
neutron	939.56536	3.590533241	99998.68936	0	0
neutron	939.56536	1.386262896	99998.68936	0	0
neutron	939.56536	0.5530348983	99998.68936	0	0
P32	29775.84838	1.775540774	99998.68936	0	0
neutron	939.56536	9.910705959	99998.66593	0	0
neutron	939.56536	6.232933193	99998.66593	0	0
neutron	939.56536	2.542644377	99998.66593	0	0
neutron	939.56536	0.5109058811	99998.66593	0	0
alpha	3727.379	5.701389291	99998.66593	0	0
Si27	25130.8083	1.088932299	99998.66593	0	0
neutron	939.56536	45.29908207	99998.72927	0	0
neutron	939.56536	5.907402601	99998.72927	0	0
neutron	939.56536	2.9659692	99998.72927	0	0
S32	29773.62828	2.007381479	99998.72927	0	0
neutron	939.56536	5.56778546	99998.85794	0	0
neutron	939.56536	4.781615082	99998.85794	0	0
neutron	939.56536	2.915679643	99998.85794	0	0
Ne20	18617.73218	1.114226678	99998.85794	0	0
neutron	939.56536	1.626988786	99998.77305	0	0
S34	31632.70018	0.1541010497	99998.77305	0	0
neutron	939.56536	8.680765558	99998.72931	0	0
neutron	939.56536	2.696604936	99998.72931	0	0
neutron	939.56536	0.3289952463	99998.72931	0	0
Ne20	18617.73218	0.6256628107	99998.72931	0	0
neutron	939.56536	0.6370841049	99998.70975	0	0
Ne22	20479.73746	0.1768151765	99998.70975	0	0
Ne23	21414.10216	0.2098308402	99998.63921	0	0
proton	938.272013	7.687078654	99998.79772	0	0
neutron	939.56536	2.37605936	99998.79772	0	0
neutron	939.56536	1.198590192	99998.79772	0	0
neutron	939.56536	0.4083444034	99998.79772	0	0
P31	28844.21869	0.1522440489	99998.79772	0	0
neutron	939.56536	1.217346281	99998.71194	0	0
S34	31632.70018	0.1824718931	99998.71194	0	0
neutron	939.56536	1.227387553	99998.66715	0	0
Ne22	20479.73746	0.3833712039	99998.66715	0	0
neutron	939.56536	0.9468545228	99998.70018	0	0
S34	31632.70018	0.2636588325	99998.70018	0	0
neutron	939.56536	6.159144497	99998.73163	0	0
neutron	939.56536	2.176647667	99998.73163	0	0
neutron	939.56536	0.07537228877	99998.73163	0	0
S32	29773.62828	0.1377557216	99998.73163	0	0
neutron	939.56536	3.965266825	99998.76912	0	0
S34	31632.70018	0.3224162467	99998.76912	0	0
neutron	939.56536	2.182535855	99998.78884	0	0
neutron	939.56536	1.864524023	99998.78884	0	0
neutron	939.56536	1.279116995	99998.78884	0	0
alpha	3727.379	8.406811318	99998.78884	0	0
O16	14895.08153	1.77182596	99998.78884	0	0
neutron	939.56536	2.295533084	99998.6171	0	0
neutron	939.56536	2.274754683	99998.6171	0	0
S33	30704.55199	0.4010325063	99998.6171	0	0
Ne23	21414.10216	0.2200258124	99998.70911	0	0
neutron	939.56536	1.119680539	99998.78819	0	0
Ne22	20479.73746	0.3889390806	99998.78819	0	0
neutron	939.56536	0.6112601129	99998.75467	0	0
S34	31632.70018	0.1586400316	99998.75467	0	0
Ne23	21414.10216	0.2304292862	99998.70862	0	0
neutron	939.56536	1.687683452	99998.67024	0	0
S36	33494.9558	0.2634766138	99998.67024	0	0
neutron	939.56536	10.52960778	99998.72706	0	0
neutron	939.56536	6.815814356	99998.72706	0	0
neutron	939.56536	3.042978147	99998.72706	0	0
neutron	939.56536	0.9179979449	99998.72706	0	0
S33	30704.55199	0.551467498	99998.72706	0	0
neutron	939.56536	0.1008553324	99998.80066	0	0
S34	31632.70018	0.1751753209	99998.80066	0	0
neutron	939.56536	0.2644963172	99998.83316	0	0
S36	33494.9558	0.1384445001	99998.83316	0	0
neutron	939.56536	1.380418955	99998.7786	0	0
Ne22	20479.73746	0.3565747714	99998.7786	0	0
S35	32565.27968	0.1596364585	99998.74198	0	0
proton	938.272013	8.092964606	99998.72337	0	0
neutron	939.56536	4.403688721	99998.72337	0	0
neutron	939.56536	3.803737743	99998.72337	0	0
neutron	939.56536	2.21094155	99998.72337	0	0
P31	28844.21869	0.8693742291	99998.72337	0	0
Ne23	21414.10216	0.233927921	99998.76231	0	0
neutron	939.56536	18.19333368	99998.85244	0	0
neutron	939.56536	13.29211312	99998.85244	0	0
deuteron	1875.613	4.321838907	99998.85244	0	0
deuteron	1875.613	7.368551954	99998.85244	0	0
O17	15830.5038	1.866769026	99998.85244	0	0
neutron	939.56536	0.1322936647	99998.87731	0	0
S34	31632.70018	0.1697400091	99998.87731	0	0
neutron	939.56536	27.58457574	99998.70275	0	0
proton	938.272013	15.39603045	99998.70275	0	0
neutron	939.56536	2.501498507	99998.70275	0	0
F20	18625.26686	1.348423105	99998.70275	0	0
neutron	939.56536	2.529146071	99998.72796	0	0
S34	31632.70018	0.1315870349	99998.72796	0	0
neutron	939.56536	5.605322675	99998.77172	0	0
neutron	939.56536	5.496395443	99998.77172	0	0
neutron	939.56536	0.7415811778	99998.77172	0	0
S34	31632.70018	0.515936764	99998.77172	0	0
neutron	939.56536	4.171810104	99998.81791	0	0
neutron	939.56536	2.64991308	99998.81791	0	0
neutron	939.56536	0.7810346722	99998.81791	0	0
S34	31632.70018	0.1104738671	99998.81791	0	0
neutron	939.56536	1.137989502	99998.70175	0	0
S36	33494.9558	0.2618190887	99998.70175	0	0
Ne23	21414.10216	0.2198934202	99998.76107	0	0
neutron	939.56536	1.555350478	99998.81437	0	0
S34	31632.70018	0.0577937446	99998.81437	0	0
Ne23	21414.10216	0.2326917105	99998.66315	0	0
neutron	939.56536	7.397441871	99998.72576	0	0
proton	938.272013	7.059832805	99998.72576	0	0
proton	938.272013	3.039496127	99998.72576	0	0
neutron	939.56536	3.018533948	99998.72576	0	0
neutron	939.56536	2.607909499	99998.72576	0	0
neutron	939.56536	2.471449044	99998.72576	0	0
Si29	26984.28567	1.309044584	99998.72576	0	0
neutron	939.56536	0.6773598394	99999.05076	0	0
S34	31632.70018	0.2515968908	99999.05076	0	0
neutron	939.56536	1.052001422	99998.72418	0	0
Ne22	20479.73746	0.1025868137	99998.72418	0	0
proton	938.272013	6.545769689	99998.68098	0	0
proton	938.272013	4.053199365	99998.68098	0	0
neutron	939.56536	1.507915282	99998.68098	0	0
neutron	939.56536	0.07125929681	99998.68098	0	0
Si31	28846.21977	0.6416091134	99998.68098	0	0
proton	938.272013	30.61827719	99998.7881	0	0
neutron	939.56536	0.4938229162	99998.7881	0	0
P33	30705.30994	1.220380665	99998.7881	0	0
neutron	939.56536	0.7528804821	99998.8471	0	0
S34	31632.70018	0.08105156871	99998.8471	0	0
neutron	939.56536	1.302466943	99998.79112	0	0
S36	33494.9558	0.1057437726	99998.79112	0	0
neutron	939.56536	0.9565580497	99998.71321	0	0
S34	31632.70018	0.2878656057	99998.71321	0	0
neutron	939.56536	2.894978342	99998.68723	0	0
Ne22	20479.73746	0.1024192349	99998.68723	0	0
S35	32565.27968	0.1342774664	99998.70553	0	0
neutron	939.56536	1.010327875	99998.70034	0	0
S34	31632.70018	0.2848709997	99998.70034	0	0
Ne23	21414.10216	0.2127936161	99998.70752	0	0
neutron	939.56536	7.61452795	99998.72789	0	0
neutron	939.56536	2.335485529	99998.72789	0	0
Ne21	19550.53637	0.3483332477	99998.72789	0	0
neutron	939.56536	3.008891306	99998.73404	0	0
neutron	939.56536	0.1060735323	99998.73404	0	0
S33	30704.55199	0.3659883064	99998.73404	0	0
neutron	939.56536	9.914406015	99998.83008	0	0
neutron	939.56536	5.85875193	99998.83008	0	0
alpha	3727.379	5.839912949	99998.83008	0	0
O17	15830.5038	0.9817722958	99998.83008	0	0
Ne23	21414.10216	0.2095118544	99998.80714	0	0
neutron	939.56536	1.083758559	99998.78552	0	0
Ne22	20479.73746	0.2605879959	99998.78552	0	0
S35	32565.27968	0.150793567	99998.65	0	0
neutron	939.56536	38.72076874	99998.72173	0	0
neutron	939.56536	3.189511952	99998.72173	0	0
proton	938.272013	1.926614621	99998.72173	0	0
deuteron	1875.613	2.783297898	99998.72173	0	0
Si30	27913.24182	2.143685194	99998.72173	0	0
neutron	939.56536	0.353484993	99998.70206	0	0
Ne22	20479.73746	0.1935119209	99998.70206	0	0
neutron	939.56536	0.3804999524	99998.71293	0	0
Ne22	20479.73746	0.2357933825	99998.71293	0	0
neutron	939.56536	0.7350900341	99998.8201	0	0
S36	33494.9558	0.223948296	99998.8201	0	0
Ne23	21414.10216	0.2225684832	99998.90512	0	0
neutron	939.56536	9.254160206	99998.75359	0	0
neutron	939.56536	6.214768598	99998.75359	0	0
deuteron	1875.613	7.684066609	99998.75359	0	0
P33	30705.30994	1.908968654	99998.75359	0	0
proton	938.272013	29.71373163	99998.68634	0	0
neutron	939.56536	7.941924501	99998.68634	0	0
F21	19556.73074	1.791549485	99998.68634	0	0
S37	34430.21755	0.1433208006	99998.79681	0	0
proton	938.272013	3.576981866	99998.73097	0	0
neutron	939.56536	1.028745775	99998.73097	0	0
P33	30705.30994	0.3009529785	99998.73097	0	0
proton	938.272013	13.93011032	99998.78458	0	0
neutron	939.56536	2.554185948	99998.78458	0	0
P33	30705.30994	0.6145365702	99998.78458	0	0
neutron	939.56536	18.00262854	99998.86564	0	0
proton	938.272013	7.240103495	99998.86564	0	0
neutron	939.56536	6.251596553	99998.86564	0	0
proton	938.272013	1.930529138	99998.86564	0	0
neutron	939.56536	1.224699698	99998.86564	0	0
Si32	29776.58515	1.258213594	99998.86564	0	0
neutron	939.56536	23.62185885	99998.77382	0	0
neutron	939.56536	13.36294107	99998.77382	0	0
neutron	939.56536	3.35259944	99998.77382	0	0
alpha	3727.379	5.415020067	99998.77382	0	0
O16	14895.08153	3.547088141	99998.77382	0	0
neutron	939.56536	29.4559124	99998.70631	0	0
neutron	939.56536	3.116132347	99998.70631	0	0
neutron	939.56536	2.328061194	99998.70631	0	0
Ne20	18617.73218	2.357064633	99998.70631	0	0
S35	32565.27968	0.1476010019	99998.71807	0	0
proton	938.272013	31.98425345	99998.77798	0	0
neutron	939.56536	0.07991198418	99998.77798	0	0
P33	30705.30994	1.293167309	99998.77798	0	0
neutron	939.56536	0.3141903505	99998.74137	0	0
S34	31632.70018	0.1676893316	99998.74137	0	0
neutron	939.56536	0.499616871	99998.69666	0	0
S36	33494.9558	0.1082691674	99998.69666	0	0
neutron	939.56536	15.0531753	99998.66482	0	0
proton	938.272013	11.07424856	99998.66482	0	0
neutron	939.56536	3.38096981	99998.66482	0	0
neutron	939.56536	0.5735639942	99998.66482	0	0
P31	28844.21869	0.06230342188	99998.66482	0	0
S35	32565.27968	0.1610669444	99998.81441	0	0
Ne23	21414.10216	0.2260531637	99998.70268	0	0
Ne23	21414.10216	0.2267587329	99998.77577	0	0
neutron	939.56536	1.737330392	99998.65555	0	0
S34	31632.70018	0.0920304071	99998.65555	0	0
S35	32565.27968	0.1447834362	99998.67602	0	0
neutron	939.56536	5.757707657	99998.76967	0	0
proton	938.272013	3.833745546	99998.76967	0	0
neutron	939.56536	1.571037456	99998.76967	0	0
triton	2808.921	7.942618482	99998.76967	0	0
alpha	3727.379	20.02843338	99998.76967	0	0
C13	12109.48242	5.803890329	99998.76967	0	0
neutron	939.56536	0.8336394414	99998.68553	0	0
S34	31632.70018	0.1548316958	99998.68553	0	0
S37	34430.21755	0.1379107257	99998.78471	0	0
neutron	939.56536	20.14889113	99998.70949	0	0
neutron	939.56536	11.99037665	99998.70949	0	0
neutron	939.56536	1.538039885	99998.70949	0	0
S32	29773.62828	0.4908464006	99998.70949	0	0
neutron	939.56536	5.4619047	99998.71729	0	0
neutron	939.56536	2.01668815	99998.71729	0	0
neutron	939.56536	1.58769662	99998.71729	0	0
S34	31632.70018	0.9105089598	99998.71729	0	0
neutron	939.56536	4.727735557	99998.77986	0	0
Ne22	20479.73746	0.4863383088	99998.77986	0	0
neutron	939.56536	0.2129485098	99998.73426	0	0
S34	31632.70018	0.1952679627	99998.73426	0	0
S35	32565.27968	0.1645425522	99998.77763	0	0
Ne23	21414.10216	0.2192083601	99998.74346	0	0
neutron	939.56536	3.848174058	99998.71572	0	0
neutron	939.56536	2.415736419	99998.71572	0	0
Ne21	19550.53637	0.7516391168	99998.71572	0	0
neutron	939.56536	7.806411758	99998.696	0	0
S34	31632.70018	0.3474302401	99998.696	0	0
S35	32565.27968	0.1474187732	99998.68976	0	0
Ne23	21414.10216	0.2172448379	99998.5999	0	0
neutron	939.56536	4.568250122	99998.74489	0	0
neutron	939.56536	2.969703206	99998.74489	0	0
Ne21	19550.53637	0.0683585755	99998.74489	0	0
neutron	939.56536	8.109712389	99998.78389	0	0
neutron	939.56536	3.014732608	99998.78389	0	0
neutron	939.56536	0.619386719	99998.78389	0	0
S34	31632.70018	0.5389418037	99998.78389	0	0
Ne23	21414.10216	0.2033747047	99998.78653	0	0
proton	938.272013	3.793096664	99998.79347	0	0
neutron	939.56536	1.81515455	99998.79347	0	0
neutron	939.56536	0.847755773	99998.79347	0	0
neutron	939.56536	0.5000276498	99998.79347	0	0
P31	28844.21869	0.179436269	99998.79347	0	0
neutron	939.56536	12.64863321	99998.72925	0	0
proton	938.272013	6.223028152	99998.72925	0	0
neutron	939.56536	3.93699895	99998.72925	0	0
neutron	939.56536	0.4616310057	99998.72925	0	0
P33	30705.30994	0.9169575872	99998.72925	0	0
Ne23	21414.10216	0.2234546521	99998.74535	0	0
S35	32565.27968	0.1495999923	99998.7162	0	0
neutron	939.56536	0.9138507116	99998.69439	0	0
S34	31632.70018	0.04247588946	99998.69439	0	0
neutron	939.56536	14.35245206	99998.74341	0	0
neutron	939.56536	0.09610510246	99998.74341	0	0
deuteron	1875.613	17.49291635	99998.74341	0	0
F19	17692.30285	2.59475889	99998.74341	0	0
Ne23	21414.10216	0.2291775956	99998.66332	0	0
S37	34430.21755	0.1367791124	99998.79472	0	0
S35	32565.27968	0.1499909539	99998.76948	0	0
S35	32565.27968	0.1415096834	99998.83726	0	0
neutron	939.56536	9.262700439	99998.72594	0	0
neutron	939.56536	5.175256091	99998.72594	0	0
neutron	939.56536	3.51214866	99998.72594	0	0
S34	31632.70018	0.2682102629	99998.72594	0	0
Ne23	21414.10216	0.2139143413	99998.72473	0	0
neutron	939.56536	8.377719264	99998.77952	0	0
neutron	939.56536	2.259714703	99998.77952	0	0
S33	30704.55199	0.06231548612	99998.77952	0	0
neutron	939.56536	9.467783546	99998.62499	0	0
neutron	939.56536	4.56119437	99998.62499	0	0
neutron	939.56536	4.324440629	99998.62499	0	0
Ne20	18617.73218	1.03508993	99998.62499	0	0
neutron	939.56536	0.4859631663	99998.70409	0	0
S34	31632.70018	0.08554792783	99998.70409	0	0
neutron	939.56536	26.18282988	99998.76547	0	0
neutron	939.56536	0.8634398431	99998.76547	0	0
neutron	939.56536	0.2318316145	99998.76547	0	0
Ne20	18617.73218	1.805712247	99998.76547	0	0
neutron	939.56536	0.4981011992	99998.74023	0	0
S34	31632.70018	0.122033758	99998.74023	0	0
Ne23	21414.10216	0.2188139693	99998.68027	0	0
neutron	939.56536	0.7550645551	99998.72357	0	0
Ne22	20479.73746	0.1747665835	99998.72357	0	0
neutron	939.56536	5.480574394	99998.7587	0	0
neutron	939.56536	4.163128712	99998.7587	0	0
neutron	939.56536	0.4476492753	99998.7587	0	0
S34	31632.70018	0.6358527657	99998.7587	0	0
neutron	939.56536	0.1995591286	99998.79088	0	0
S34	31632.70018	0.1626380703	99998.79088	0	0
proton	938.272013	18.72694343	99998.77221	0	0
neutron	939.56536	4.501724015	99998.77221	0	0
P33	30705.30994	0.9477662159	99998.77221	0	0
neutron	939.56536	11.32763645	99998.74323	0	0
neutron	939.56536	3.160958091	99998.74323	0	0
neutron	939.56536	3.125021895	99998.74323	0	0
S34	31632.70018	0.7116181271	99998.74323	0	0
neutron	939.56536	8.100382266	99998.64981	0	0
proton	938.272013	6.030909889	99998.64981	0	0
neutron	939.56536	1.91426899	99998.64981	0	0
P32	29775.84838	1.066367015	99998.64981	0	0
S35	32565.27968	0.1639659693	99998.75176	0	0
S35	32565.27968	0.1514019272	99998.75493	0	0
neutron	939.56536	4.047247755	99998.76635	0	0
neutron	939.56536	1.69898384	99998.76635	0	0
S35	32565.27968	0.5956633004	99998.76635	0	0
neutron	939.56536	5.187890234	99998.73086	0	0
neutron	939.56536	4.745000238	99998.73086	0	0
neutron	939.56536	1.684948143	99998.73086	0	0
neutron	939.56536	1.291096948	99998.73086	0	0
neutron	939.56536	1.103190335	99998.73086	0	0
S32	29773.62828	0.4320706071	99998.73086	0	0
neutron	939.56536	5.104354891	99998.80112	0	0
neutron	939.56536	3.587289005	99998.80112	0	0
neutron	939.56536	1.738152472	99998.80112	0	0
alpha	3727.379	4.551420117	99998.80112	0	0
O16	14895.08153	1.477152682	99998.80112	0	0
S35	32565.27968	0.1509788936	99998.77087	0	0
Ne23	21414.10216	0.206858451	99998.61224	0	0
neutron	939.56536	0.5386561116	99998.748	0	0
S36	33494.9558	0.2255373663	99998.748	0	0
neutron	939.56536	2.508505722	99998.73741	0	0
Ne22	20479.73746	0.2233747929	99998.73741	0	0
neutron	939.56536	15.7515019	99998.92339	0	0
proton	938.272013	5.429270189	99998.92339	0	0
neutron	939.56536	2.607454039	99998.92339	0	0
proton	938.272013	2.181597339	99998.92339	0	0
neutron	939.56536	0.6196381767	99998.92339	0	0
O18	16762.02378	2.156687075	99998.92339	0	0
neutron	939.56536	2.57151176	99999.00539	0	0
neutron	939.56536	2.071712067	99999.00539	0	0
Ne21	19550.53637	0.03511524607	99999.00539	0	0
Ne23	21414.10216	0.229217837	99998.77568	0	0
Ne23	21414.10216	0.2207971388	99998.77678	0	0
neutron	939.56536	8.29868148	99998.86355	0	0
neutron	939.56536	2.858628293	99998.86355	0	0
S33	30704.55199	0.3911848292	99998.86355	0	0
neutron	939.56536	0.7522944845	99998.73408	0	0
Ne22	20479.73746	0.1994450612	99998.73408	0	0
S35	32565.27968	0.1515420322	99998.7054	0	0
neutron	939.56536	4.612358754	99998.70116	0	0
neutron	939.56536	4.085221855	99998.70116	0	0
neutron	939.56536	1.082438715	99998.70116	0	0
alpha	3727.379	4.497166379	99998.70116	0	0
O16	14895.08153	0.5904777187	99998.70116	0	0
neutron	939.56536	11.92238235	99998.72887	0	0
neutron	939.56536	4.583602809	99998.72887	0	0
proton	938.272013	3.830503596	99998.72887	0	0
neutron	939.56536	3.206593803	99998.72887	0	0
proton	938.272013	2.261863127	99998.72887	0	0
Si30	27913.24182	0.3369770665	99998.72887	0	0
neutron	939.56536	6.391379662	99998.69068	0	0
proton	938.272013	4.627933307	99998.69068	0	0
neutron	939.56536	2.685485292	99998.69068	0	0
neutron	939.56536	1.042745179	99998.69068	0	0
deuteron	1875.613	2.547191967	99998.69068	0	0
Si29	26984.28567	0.4370705181	99998.69068	0	0
neutron	939.56536	6.993823468	99998.76636	0	0
neutron	939.56536	0.8651553281	99998.76636	0	0
neutron	939.56536	0.2900697954	99998.76636	0	0
S32	29773.62828	0.8582976493	99998.76636	0	0
neutron	939.56536	1.042789954	99998.79113	0	0
S34	31632.70018	0.201336364	99998.79113	0	0
neutron	939.56536	5.416155044	99998.69539	0	0
neutron	939.56536	4.264312588	99998.69539	0	0
proton	938.272013	3.238752581	99998.69539	0	0
neutron	939.56536	2.422775161	99998.69539	0	0
P31	28844.21869	0.1605352882	99998.69539	0	0
proton	938.272013	35.69320428	99998.71766	0	0
proton	938.272013	21.69557184	99998.71766	0	0
neutron	939.56536	4.443760248	99998.71766	0	0
Si32	29776.58515	1.237756039	99998.71766	0	0
neutron	939.56536	0.8510997102	99998.75614	0	0
S34	31632.70018	0.0695350571	99998.75614	0	0
neutron	939.56536	0.1634310344	99998.72052	0	0
S36	33494.9558	0.1188855467	99998.72052	0	0
neutron	939.56536	1.251003681	99998.8129	0	0
S34	31632.70018	0.04005608018	99998.8129	0	0
neutron	939.56536	0.3516360888	99998.79598	0	0
S34	31632.70018	0.1590907311	99998.79598	0	0
neutron	939.56536	14.11422178	99998.69475	0	0
proton	938.272013	6.411284776	99998.69475	0	0
proton	938.272013	3.942139655	99998.69475	0	0
neutron	939.56536	2.735622108	99998.69475	0	0
neutron	939.56536	0.7058462396	99998.69475	0	0
neutron	939.56536	0.6285820874	99998.69475	0	0
Si29	26984.28567	0.06101995098	99998.69475	0	0
neutron	939.56536	2.350766475	99998.78859	0	0
S34	31632.70018	0.3737273793	99998.78859	0	0
neutron	939.56536	55.65960012	99998.69964	0	0
neutron	939.56536	4.600984973	99998.69964	0	0
neutron	939.56536	4.154263137	99998.69964	0	0
Ne20	18617.73218	1.088500157	99998.69964	0	0
neutron	939.56536	21.09608789	99998.77618	0	0
proton	938.272013	10.59333607	99998.77618	0	0
proton	938.272013	6.222426488	99998.77618	0	0
neutron	939.56536	2.358195141	99998.77618	0	0
neutron	939.56536	1.605293934	99998.77618	0	0
Si30	27913.24182	0.4014492574	99998.77618	0	0
neutron	939.56536	5.369278569	99998.71886	0	0
S34	31632.70018	0.2954513632	99998.71886	0	0
Ne23	21414.10216	0.2208296173	99998.73488	0	0
S35	32565.27968	0.1535820818	99998.75833	0	0
neutron	939.56536	1.950109218	99998.72856	0	0
Ne22	20479.73746	0.4586589564	99998.72856	0	0
neutron	939.56536	0.3698637443	99998.75878	0	0
Ne22	20479.73746	0.2330232005	99998.75878	0	0
neutron	939.56536	46.37544938	99998.69417	0	0
proton	938.272013	4.094984206	99998.69417	0	0
neutron	939.56536	1.982852714	99998.69417	0	0
neutron	939.56536	1.558766166	99998.69417	0	0
P31	28844.21869	1.698101722	99998.69417	0	0
neutron	939.56536	2.908774665	99998.69758	0	0
neutron	939.56536	2.17047713	99998.69758	0	0
neutron	939.56536	0.6508951982	99998.69758	0	0
S34	31632.70018	0.127825199	99998.69758	0	0
Ne23	21414.10216	0.2234469973	99998.795	0	0
S37	34430.21755	0.1421084661	99998.72567	0	0
S35	32565.27968	0.1571979298	99998.68199	0	0
neutron	939.56536	5.919720875	99998.69261	0	0
neutron	939.56536	2.763651382	99998.69261	0	0
S33	30704.55199	0.3151474446	99998.69261	0	0
Ne23	21414.10216	0.2309394501	99998.64437	0	0
neutron	939.56536	1.423580626	99998.73288	0	0
Ne22	20479.73746	0.299031959	99998.73288	0	0
neutron	939.56536	12.87519233	99998.75058	0	0
proton	938.272013	11.48355923	99998.75058	0	0
neutron	939.56536	2.522851868	99998.75058	0	0
neutron	939.56536	2.388660361	99998.75058	0	0
F19	17692.30285	1.421780603	99998.75058	0	0
neutron	939.56536	11.76821869	99998.70027	0	0
neutron	939.56536	3.083900102	99998.70027	0	0
neutron	939.56536	2.678748192	99998.70027	0	0
S34	31632.70018	0.3308677328	99998.70027	0	0
neutron	939.56536	28.28924473	99998.62137	0	0
neutron	939.56536	4.435598597	99998.62137	0	0
proton	938.272013	3.000940171	99998.62137	0	0
neutron	939.56536	1.846144288	99998.62137	0	0
F19	17692.30285	0.5540137264	99998.62137	0	0
Ne23	21414.10216	0.2094633471	99998.69704	0	0
neutron	939.56536	0.5958693269	99998.73524	0	0
Ne22	20479.73746	0.2188000711	99998.73524	0	0
neutron	939.56536	6.531448191	99998.6963	0	0
neutron	939.56536	1.835753528	99998.6963	0	0
alpha	3727.379	10.47989832	99998.6963	0	0
Si29	26984.28567	1.011557339	99998.6963	0	0
neutron	939.56536	0.1467046528	99998.75271	0	0
Ne22	20479.73746	0.1522409893	99998.75271	0	0
neutron	939.56536	22.65051977	99998.66936	0	0
proton	938.272013	16.38662596	99998.66936	0	0
F21	19556.73074	0.3084015321	99998.66936	0	0
neutron	939.56536	0.6192961356	99998.70899	0	0
S34	31632.70018	0.1553880738	99998.70899	0	0
neutron	939.56536	1.969428507	99998.7934	0	0
S36	33494.9558	0.2074980233	99998.7934	0	0
S37	34430.21755	0.1356231229	99998.80428	0	0
neutron	939.56536	12.32935475	99998.78271	0	0
neutron	939.56536	5.292753341	99998.78271	0	0
S35	32565.27968	0.2388095704	99998.78271	0	0
neutron	939.56536	2.330747093	99998.82323	0	0
neutron	939.56536	1.394080091	99998.82323	0	0
neutron	939.56536	1.093755267	99998.82323	0	0
S32	29773.62828	0.4738097125	99998.82323	0	0
neutron	939.56536	0.5321098359	99998.71126	0	0
S34	31632.70018	0.08311256507	99998.71126	0	0
neutron	939.56536	14.80563542	99998.64363	0	0
neutron	939.56536	3.737151603	99998.64363	0	0
neutron	939.56536	1.834637912	99998.64363	0	0
S32	29773.62828	0.340434585	99998.64363	0	0
Ne23	21414.10216	0.2296415949	99998.77962	0	0
neutron	939.56536	10.01667975	99998.73174	0	0
neutron	939.56536	9.422063171	99998.73174	0	0
proton	938.272013	3.283469725	99998.73174	0	0
neutron	939.56536	1.276096817	99998.73174	0	0
P31	28844.21869	1.245452384	99998.73174	0	0
S37	34430.21755	0.1298267347	99998.78724	0	0
neutron	939.56536	7.347161865	99998.72384	0	0
neutron	939.56536	4.09963422	99998.72384	0	0
neutron	939.56536	3.299949926	99998.72384	0	0
Ne20	18617.73218	1.04145393	99998.72384	0	0
S35	32565.27968	0.1545668103	99998.731	0	0
neutron	939.56536	0.2604040657	99998.81426	0	0
Ne22	20479.73746	0.1903519563	99998.81426	0	0
S35	32565.27968	0.1523050753	99998.73599	0	0
neutron	939.56536	1.045619747	99998.7355	0	0
Ne22	20479.73746	0.2462888355	99998.7355	0	0
Ne23	21414.10216	0.2190929769	99998.76973	0	0
neutron	939.56536	0.7740374751	99998.66252	0	0
S34	31632.70018	0.05243086018	99998.66252	0	0
proton	938.272013	6.871702782	99998.73878	0	0
neutron	939.56536	4.606739495	99998.73878	0	0
proton	938.272013	2.830397134	99998.73878	0	0
neutron	939.56536	1.508581798	99998.73878	0	0
alpha	3727.379	6.996012344	99998.73878	0	0
Mg27	25129.62564	3.082114738	99998.73878	0	0
neutron	939.56536	7.937050235	99998.72153	0	0
neutron	939.56536	4.093320975	99998.72153	0	0
neutron	939.56536	2.470474438	99998.72153	0	0
Ne20	18617.73218	0.3449696798	99998.72153	0	0
Ne23	21414.10216	0.2343830483	99998.79737	0	0
neutron	939.56536	0.6354730392	99998.73087	0	0
S34	31632.70018	0.1950802313	99998.73087	0	0
neutron	939.56536	0.2221190957	99998.73984	0	0
Ne22	20479.73746	0.1532728526	99998.73984	0	0
neutron	939.56536	0.5674954341	99998.74088	0	0
S34	31632.70018	0.08410985582	99998.74088	0	0
neutron	939.56536	1.497902272	99998.71274	0	0
S34	31632.70018	0.07573363683	99998.71274	0	0
neutron	939.56536	8.357849266	99998.7221	0	0
neutron	939.56536	2.958229183	99998.7221	0	0
neutron	939.56536	2.887798097	99998.7221	0	0
S32	29773.62828	0.1867223205	99998.7221	0	0
neutron	939.56536	3.838706184	99998.74862	0	0
Ne22	20479.73746	0.5650733405	99998.74862	0	0
Ne23	21414.10216	0.2078566762	99998.72575	0	0
neutron	939.56536	0.2253242123	99998.82937	0	0
Ne22	20479.73746	0.2664383932	99998.82937	0	0
neutron	939.56536	36.00861476	99998.74047	0	0
neutron	939.56536	1.331475912	99998.74047	0	0
neutron	939.56536	0.9841446942	99998.74047	0	0
S34	31632.70018	1.331830612	99998.74047	0	0
neutron	939.56536	0.1526784752	99998.69656	0	0
S36	33494.9558	0.1164546927	99998.69656	0	0
S37	34430.21755	0.1444714772	99998.71454	0	0
Ne23	21414.10216	0.2317571602	99998.75418	0	0
neutron	939.56536	24.34630227	99998.71902	0	0
neutron	939.56536	6.217192302	99998.71902	0	0
Ne21	19550.53637	1.476226121	99998.71902	0	0
neutron	939.56536	1.119247838	99998.75968	0	0
S34	31632.70018	0.1965959962	99998.75968	0	0
S35	32565.27968	0.145001618	99998.81773	0	0
Ne23	21414.10216	0.2308252782	99998.69384	0	0
neutron	939.56536	7.960790424	99998.72303	0	0
neutron	939.56536	5.729777757	99998.72303	0	0
neutron	939.56536	3.28883143	99998.72303	0	0
Ne20	18617.73218	0.4991986953	99998.72303	0	0
neutron	939.56536	0.3945466423	99998.68601	0	0
S34	31632.70018	0.06704205678	99998.68601	0	0
neutron	939.56536	3.014972428	99998.77294	0	0
S34	31632.70018	0.03798995163	99998.77294	0	0
neutron	939.56536	1.641736335	99998.72285	0	0
S34	31632.70018	0.1027708428	99998.72285	0	0
proton	938.272013	9.692965335	99998.7481	0	0
neutron	939.56536	3.725786084	99998.7481	0	0
neutron	939.56536	3.557238067	99998.7481	0	0
F20	18625.26686	0.2108316964	99998.7481	0	0
neutron	939.56536	4.105440063	99998.8126	0	0
neutron	939.56536	1.986643954	99998.8126	0	0
S33	30704.55199	0.002379426032	99998.8126	0	0
neutron	939.56536	1.428798571	99998.80697	0	0
S34	31632.70018	0.1594137916	99998.80697	0	0
S35	32565.27968	0.143709864	99998.99199	0	0
neutron	939.56536	0.5916863491	99998.73101	0	0
S34	31632.70018	0.1768759381	99998.73101	0	0
neutron	939.56536	4.708919204	99998.79507	0	0
neutron	939.56536	3.562206325	99998.79507	0	0
S33	30704.55199	0.07080418842	99998.79507	0	0
neutron	939.56536	6.126836946	99998.75675	0	0
proton	938.272013	4.625732906	99998.75675	0	0
neutron	939.56536	3.2363446	99998.75675	0	0
proton	938.272013	3.038893611	99998.75675	0	0
neutron	939.56536	2.886403303	99998.75675	0	0
Si30	27913.24182	0.2399617776	99998.75675	0	0
S35	32565.27968	0.1527612205	99998.6812	0	0
neutron	939.56536	0.1708691308	99998.70736	0	0
S34	31632.70018	0.1082875628	99998.70736	0	0
S35	32565.27968	0.1632203532	99998.73953	0	0
neutron	939.56536	12.15206471	99998.72019	0	0
neutron	939.56536	1.689404655	99998.72019	0	0
Ne21	19550.53637	0.1142730583	99998.72019	0	0
neutron	939.56536	6.243811025	99998.71198	0	0
neutron	939.56536	1.690328621	99998.71198	0	0
Ne21	19550.53637	0.7100442865	99998.71198	0	0
neutron	939.56536	0.0512199392	99998.76012	0	0
Ne22	20479.73746	0.220037157	99998.76012	0	0
neutron	939.56536	0.6755709179	99998.73662	0	0
Ne22	20479.73746	0.3246915304	99998.73662	0	0
neutron	939.56536	3.328682471	99998.72436	0	0
S34	31632.70018	0.3791857684	99998.72436	0	0
neutron	939.56536	7.54738165	99998.67189	0	0
S36	33494.9558	0.05922616766	99998.67189	0	0
S37	34430.21755	0.1345045475	99998.73251	0	0
proton	938.272013	13.59812986	99998.73753	0	0
neutron	939.56536	1.271341027	99998.73753	0	0
P35	32569.77755	0.3170233847	99998.73753	0	0
neutron	939.56536	9.754803497	99998.73218	0	0
proton	938.272013	7.276107795	99998.73218	0	0
neutron	939.56536	5.658216476	99998.73218	0	0
neutron	939.56536	0.3580716234	99998.73218	0	0
P31	28844.21869	0.475457814	99998.73218	0	0
neutron	939.56536	2.407926203	99998.77834	0	0
neutron	939.56536	0.6976406252	99998.77834	0	0
Ne21	19550.53637	0.276992766	99998.77834	0	0
neutron	939.56536	0.4732181541	99998.76754	0	0
S34	31632.70018	0.08279040263	99998.76754	0	0
neutron	939.56536	9.489208312	99998.71639	0	0
neutron	939.56536	0.8074486031	99998.71639	0	0
alpha	3727.379	15.54162883	99998.71639	0	0
Si29	26984.28567	1.832471158	99998.71639	0	0
S35	32565.27968	0.1442209659	99998.71783	0	0
neutron	939.56536	4.126986404	99998.76882	0	0
neutron	939.56536	4.0830227	99998.76882	0	0
proton	938.272013	3.999098191	99998.76882	0	0
neutron	939.56536	3.828971084	99998.76882	0	0
P31	28844.21869	0.09465943166	99998.76882	0	0
neutron	939.56536	2.923724816	99998.72014	0	0
S34	31632.70018	0.3010442425	99998.72014	0	0
S35	32565.27968	0.1536914248	99998.66577	0	0
neutron	939.56536	2.850599133	99998.76527	0	0
S34	31632.70018	0.1344136757	99998.76527	0	0
Ne23	21414.10216	0.228518722	99998.7541	0	0
neutron	939.56536	0.1221205495	99998.75835	0	0
S34	31632.70018	0.1182808885	99998.75835	0	0
neutron	939.56536	1.119512585	99998.6795	0	0
S34	31632.70018	0.212083714	99998.6795	0	0
neutron	939.56536	0.1257970722	99998.66806	0	0
S34	31632.70018	0.1315398351	99998.66806	0	0
neutron	939.56536	5.165138573	99998.76597	0	0
neutron	939.56536	4.205275045	99998.76597	0	0
proton	938.272013	3.598632005	99998.76597	0	0
neutron	939.56536	1.847143109	99998.76597	0	0
P31	28844.21869	0.2393671581	99998.76597	0	0
neutron	939.56536	4.378672559	99998.7549	0	0
neutron	939.56536	3.244688668	99998.7549	0	0
neutron	939.56536	1.533727137	99998.7549	0	0
S32	29773.62828	0.4513776077	99998.7549	0	0
neutron	939.56536	19.74881543	99998.73805	0	0
neutron	939.56536	9.731311865	99998.73805	0	0
neutron	939.56536	9.240473543	99998.73805	0	0
Ne20	18617.73218	1.483922827	99998.73805	0	0
proton	938.272013	30.06001001	99998.69521	0	0
neutron	939.56536	12.66433415	99998.69521	0	0
F21	19556.73074	0.4659347872	99998.69521	0	0
S37	34430.21755	0.1403504543	99998.74698	0	0
neutron	939.56536	6.572295731	99998.68257	0	0
proton	938.272013	2.898140889	99998.68257	0	0
neutron	939.56536	0.9618704953	99998.68257	0	0
neutron	939.56536	0.6343874325	99998.68257	0	0
P31	28844.21869	0.3763863601	99998.68257	0	0
S37	34430.21755	0.1369530803	99998.76891	0	0
proton	938.272013	3.4801651	99998.7084	0	0
neutron	939.56536	2.466086341	99998.7084	0	0
neutron	939.56536	0.2464742268	99998.7084	0	0
P32	29775.84838	0.4579736429	99998.7084	0	0
proton	938.272013	19.47586744	99998.72785	0	0
neutron	939.56536	3.416663456	99998.72785	0	0
neutron	939.56536	1.310014334	99998.72785	0	0
F20	18625.26686	1.280179201	99998.72785	0	0
neutron	939.56536	2.065519009	99998.75429	0	0
Ne22	20479.73746	0.4423704517	99998.75429	0	0
neutron	939.56536	1.520329075	99998.69531	0	0
neutron	939.56536	1.204800437	99998.69531	0	0
S33	30704.55199	0.3204291304	99998.69531	0	0
neutron	939.56536	20.12758145	99998.81526	0	0
neutron	939.56536	6.162572158	99998.81526	0	0
S35	32565.27968	0.8973941686	99998.81526	0	0
neutron	939.56536	0.5007652644	99998.83152	0	0
Ne22	20479.73746	0.146934546	99998.83152	0	0
proton	938.272013	10.58622753	99998.74811	0	0
neutron	939.56536	7.595482098	99998.74811	0	0
neutron	939.56536	2.080015289	99998.74811	0	0
neutron	939.56536	1.114395633	99998.74811	0	0
P31	28844.21869	0.1868133726	99998.74811	0	0
neutron	939.56536	2.359174242	99998.72821	0	0
S34	31632.70018	0.0983393055	99998.72821	0	0
neutron	939.56536	20.76896005	99998.73268	0	0
neutron	939.56536	5.972242873	99998.73268	0	0
neutron	939.56536	2.352301042	99998.73268	0	0
S32	29773.62828	1.232942087	99998.73268	0	0
S35	32565.27968	0.1545823987	99998.74793	0	0
Ne23	21414.10216	0.2220800316	99998.67279	0	0
neutron	939.56536	10.09480809	99998.85739	0	0
neutron	939.56536	9.298066013	99998.85739	0	0
neutron	939.56536	2.678764606	99998.85739	0	0
neutron	939.56536	0.7775469114	99998.85739	0	0
He3	2808.391	8.154938745	99998.85739	0	0
O16	14895.08153	3.943688123	99998.85739	0	0
neutron	939.56536	2.589522565	99998.61721	0	0
alpha	3727.379	15.0927715	99998.61721	0	0
Si30	27913.24182	2.267334307	99998.61721	0	0
neutron	939.56536	1.798728246	99998.64526	0	0
S34	31632.70018	0.2777204293	99998.64526	0	0
neutron	939.56536	4.444435837	99998.77926	0	0
neutron	939.56536	0.8090911741	99998.77926	0	0
Ne21	19550.53637	0.6354334355	99998.77926	0	0
neutron	939.56536	0.6360118018	99998.75732	0	0
S36	33494.9558	0.09272294542	99998.75732	0	0
neutron	939.56536	18.52592653	99998.77536	0	0
proton	938.272013	6.069296274	99998.77536	0	0
neutron	939.56536	1.493073373	99998.77536	0	0
F20	18625.26686	0.5734572061	99998.77536	0	0
neutron	939.56536	4.906563643	99998.76981	0	0
neutron	939.56536	0.7795108767	99998.76981	0	0
Ne21	19550.53637	0.5883074932	99998.76981	0	0
neutron	939.56536	18.71454583	99998.79501	0	0
neutron	939.56536	4.668660619	99998.79501	0	0
neutron	939.56536	2.730284416	99998.79501	0	0
neutron	939.56536	2.172954312	99998.79501	0	0
S33	30704.55199	0.1359141509	99998.79501	0	0
Ne23	21414.10216	0.2141944	99998.71294	0	0
neutron	939.56536	1.798959722	99998.82049	0	0
S34	31632.70018	0.2522362905	99998.82049	0	0
neutron	939.56536	1.590746394	99998.76151	0	0
S34	31632.70018	0.1540809959	99998.76151	0	0
neutron	939.56536	6.672875419	99998.83021	0	0
neutron	939.56536	1.818015628	99998.83021	0	0
Ne21	19550.53637	1.300460675	99998.83021	0	0
neutron	939.56536	5.109389013	99998.80704	0	0
Ne22	20479.73746	0.414620025	99998.80704	0	0
neutron	939.56536	3.490285847	99998.71732	0	0
neutron	939.56536	3.339126529	99998.71732	0	0
neutron	939.56536	0.4437177798	99998.71732	0	0
S34	31632.70018	0.2212222864	99998.71732	0	0
S35	32565.27968	0.156065735	99998.78084	0	0
neutron	939.56536	9.697434273	99998.7202	0	0
neutron	939.56536	2.949412886	99998.7202	0	0
Ne21	19550.53637	0.1460141276	99998.7202	0	0
neutron	939.56536	11.24802414	99998.80785	0	0
neutron	939.56536	5.243390865	99998.80785	0	0
Ne21	19550.53637	0.8376887075	99998.80785	0	0
neutron	939.56536	1.104685156	99998.82803	0	0
S34	31632.70018	0.183085871	99998.82803	0	0
S35	32565.27968	0.1435408399	99998.71705	0	0
Ne23	21414.10216	0.2303416573	99998.81157	0	0
Ne23	21414.10216	0.2196151986	99998.74322	0	0
neutron	939.56536	2.472611747	99998.71554	0	0
S34	31632.70018	0.2073653302	99998.71554	0	0
neutron	939.56536	4.303637136	99998.74403	0	0
neutron	939.56536	1.76922599	99998.74403	0	0
neutron	939.56536	1.612519429	99998.74403	0	0
Ne20	18617.73218	0.1384060494	99998.74403	0	0
neutron	939.56536	0.2786695958	99998.63314	0	0
S34	31632.70018	0.142139075	99998.63314	0	0
neutron	939.56536	0.1525992625	99998.76636	0	0
S34	31632.70018	0.133653404	99998.76636	0	0
neutron	939.56536	3.735283725	99998.72062	0	0
S34	31632.70018	0.486284392	99998.72062	0	0
S35	32565.27968	0.1555847405	99998.7403	0	0
proton	938.272013	12.12465896	99998.77161	0	0
neutron	939.56536	0.8252900717	99998.77161	0	0
F21	19556.73074	0.6196709935	99998.77161	0	0
neutron	939.56536	27.04761895	99998.9026	0	0
neutron	939.56536	0.4366725901	99998.9026	0	0
alpha	3727.379	7.3751512	99998.9026	0	0
O17	15830.5038	0.06650066275	99998.9026	0	0
neutron	939.56536	8.561295129	99998.70696	0	0
neutron	939.56536	3.793460816	99998.70696	0	0
neutron	939.56536	1.508948979	99998.70696	0	0
S32	29773.62828	1.224618775	99998.70696	0	0
neutron	939.56536	2.178410333	99998.65296	0	0
S36	33494.9558	0.05684378155	99998.65296	0	0
neutron	939.56536	4.807691592	99998.75446	0	0
S34	31632.70018	0.0845199268	99998.75446	0	0
neutron	939.56536	0.8404663553	99998.80873	0	0
S34	31632.70018	0.2162061875	99998.80873	0	0
neutron	939.56536	1.519742702	99998.68577	0	0
S36	33494.9558	0.1386459936	99998.68577	0	0
Ne23	21414.10216	0.2275807374	99999.03705	0	0
neutron	939.56536	4.836871588	99998.66791	0	0
neutron	939.56536	3.095880084	99998.66791	0	0
S35	32565.27968	0.1306541872	99998.66791	0	0
neutron	939.56536	44.89779221	99998.82241	0	0
proton	938.272013	9.018317432	99998.82241	0	0
neutron	939.56536	1.903840999	99998.82241	0	0
P32	29775.84838	1.372706756	99998.82241	0	0
neutron	939.56536	5.144192771	99998.66948	0	0
neutron	939.56536	4.291353123	99998.66948	0	0
neutron	939.56536	0.4891096724	99998.66948	0	0
S32	29773.62828	0.2977529633	99998.66948	0	0
neutron	939.56536	0.9194009485	99998.72878	0	0
S34	31632.70018	0.1447157356	99998.72878	0	0
neutron	939.56536	2.266464901	99998.69919	0	0
S34	31632.70018	0.3133067965	99998.69919	0	0
neutron	939.56536	1.008847457	99998.67338	0	0
S34	31632.70018	0.1386417082	99998.67338	0	0
proton	938.272013	6.323373846	99998.71376	0	0
proton	938.272013	5.414247503	99998.71376	0	0
neutron	939.56536	1.894396743	99998.71376	0	0
Si32	29776.58515	0.1733133334	99998.71376	0	0
proton	938.272013	36.42363509	99998.60816	0	0
neutron	939.56536	2.757506726	99998.60816	0	0
P33	30705.30994	1.365104755	99998.60816	0	0
neutron	939.56536	0.09493896125	99998.78465	0	0
S34	31632.70018	0.128979209	99998.78465	0	0
neutron	939.56536	0.7136822592	99998.78874	0	0
S34	31632.70018	0.06602326986	99998.78874	0	0
neutron	939.56536	3.392629043	99998.72938	0	0
neutron	939.56536	2.705857033	99998.72938	0	0
Ne21	19550.53637	0.3367660605	99998.72938	0	0
neutron	939.56536	1.70568801	99998.75048	0	0
neutron	939.56536	1.700471866	99998.75048	0	0
neutron	939.56536	1.453303679	99998.75048	0	0
Ne20	18617.73218	0.07541985125	99998.75048	0	0
neutron	939.56536	0.4416349804	99998.76184	0	0
S34	31632.70018	0.198720271	99998.76184	0	0
Ne23	21414.10216	0.230595202	99998.75271	0	0
neutron	939.56536	14.98277097	99998.83682	0	0
neutron	939.56536	6.728265938	99998.83682	0	0
neutron	939.56536	0.6074399158	99998.83682	0	0
S32	29773.62828	0.7978081312	99998.83682	0	0
neutron	939.56536	6.211834429	99998.7808	0	0
proton	938.272013	3.54130596	99998.7808	0	0
proton	938.272013	2.775991641	99998.7808	0	0
neutron	939.56536	2.228485204	99998.7808	0	0
neutron	939.56536	1.220458902	99998.7808	0	0
Si30	27913.24182	0.09189331354	99998.7808	0	0
neutron	939.56536	1.31157946	99998.70326	0	0
Ne22	20479.73746	0.3705296202	99998.70326	0	0
Ne23	21414.10216	0.2080176909	99998.73447	0	0
Ne23	21414.10216	0.2268396682	99998.80066	0	0
neutron	939.56536	0.4081181189	99998.81981	0	0
S34	31632.70018	0.1183882682	99998.81981	0	0
neutron	939.56536	3.173043719	99998.72457	0	0
neutron	939.56536	1.522420316	99998.72457	0	0
S33	30704.55199	0.07257561107	99998.72457	0	0
S35	32565.27968	0.1577216804	99998.79969	0	0
neutron	939.56536	15.81047842	99998.80758	0	0
neutron	939.56536	4.232759753	99998.80758	0	0
S33	30704.55199	0.1537365044	99998.80758	0	0
neutron	939.56536	2.605399233	99998.72196	0	0
S34	31632.70018	0.07582118786	99998.72196	0	0
neutron	939.56536	0.9549642319	99998.76073	0	0
S34	31632.70018	0.2101482918	99998.76073	0	0
neutron	939.56536	0.9736894139	99998.76262	0	0
Ne22	20479.73746	0.2353545573	99998.76262	0	0
neutron	939.56536	1.149878154	99998.77271	0	0
S36	33494.9558	0.2143099742	99998.77271	0	0
S37	34430.21755	0.1404216283	99998.74604	0	0
neutron	939.56536	2.390360994	99998.73889	0	0
S34	31632.70018	0.02028242697	99998.73889	0	0
neutron	939.56536	0.9076295607	99998.71372	0	0
S36	33494.9558	0.1432850174	99998.71372	0	0
neutron	939.56536	1.541086504	99998.81712	0	0
S34	31632.70018	0.2222361218	99998.81712	0	0
S37	34430.21755	0.1360991733	99998.74169	0	0
neutron	939.56536	0.2503050343	99998.77432	0	0
S34	31632.70018	0.2065513234	99998.77432	0	0
neutron	939.56536	0.4697970479	99998.68241	0	0
S34	31632.70018	0.1189859663	99998.68241	0	0
neutron	939.56536	0.06955663318	99998.74837	0	0
S34	31632.70018	0.1467189041	99998.74837	0	0
neutron	939.56536	0.1475934471	99998.75755	0	0
S34	31632.70018	0.1628145221	99998.75755	0	0
neutron	939.56536	0.7941911483	99998.78463	0	0
neutron	939.56536	0.06493983049	99998.78463	0	0
S35	32565.27968	0.1431278346	99998.78463	0	0
S35	32565.27968	0.1667172888	99998.68425	0	0
S37	34430.21755	0.1373308441	99998.82363	0	0
S35	32565.27968	0.156166529	99998.74306	0	0
neutron	939.56536	13.39684237	99998.72673	0	0
proton	938.272013	2.603497308	99998.72673	0	0
neutron	939.56536	0.9494381757	99998.72673	0	0
P32	29775.84838	0.7431259476	99998.72673	0	0
neutron	939.56536	1.261761683	99998.67356	0	0
Ne22	20479.73746	0.1443267973	99998.67356	0	0
Ne23	21414.10216	0.2017567093	99998.78311	0	0
neutron	939.56536	24.94116443	99998.74528	0	0
neutron	939.56536	4.922214881	99998.74528	0	0
neutron	939.56536	2.805672994	99998.74528	0	0
Ne20	18617.73218	3.15784578	99998.74528	0	0
neutron	939.56536	1.340447402	99998.78973	0	0
S34	31632.70018	0.148815599	99998.78973	0	0
Ne23	21414.10216	0.2294722792	99998.82181	0	0
neutron	939.56536	1.539114174	99998.69672	0	0
S34	31632.70018	0.2469320867	99998.69672	0	0
Ne23	21414.10216	0.2168358406	99998.78222	0	0
Ne23	21414.10216	0.2085277715	99998.6805	0	0
neutron	939.56536	6.439741054	99998.76146	0	0
neutron	939.56536	3.324960232	99998.76146	0	0
neutron	939.56536	2.487902	99998.76146	0	0
S34	31632.70018	0.7432934539	99998.76146	0	0
neutron	939.56536	15.78535962	99998.77267	0	0
neutron	939.56536	3.538652245	99998.77267	0	0
neutron	939.56536	1.62421656	99998.77267	0	0
Ne20	18617.73218	2.192187876	99998.77267	0	0
proton	938.272013	19.5739448	99998.77268	0	0
neutron	939.56536	1.622496348	99998.77268	0	0
neutron	939.56536	1.605137663	99998.77268	0	0
neutron	939.56536	1.204749731	99998.77268	0	0
P33	30705.30994	0.4177724354	99998.77268	0	0
neutron	939.56536	3.227660788	99998.75294	0	0
neutron	939.56536	0.3182259891	99998.75294	0	0
S35	32565.27968	0.01926799603	99998.75294	0	0
neutron	939.56536	5.332648208	99998.75582	0	0
neutron	939.56536	3.981804987	99998.75582	0	0
neutron	939.56536	1.361542058	99998.75582	0	0
S32	29773.62828	0.5729175809	99998.75582	0	0
neutron	939.56536	11.51939078	99998.71824	0	0
neutron	939.56536	4.864919545	99998.71824	0	0
neutron	939.56536	1.741084865	99998.71824	0	0
Ne20	18617.73218	0.2155353837	99998.71824	0	0
proton	938.272013	18.77123348	99998.71873	0	0
neutron	939.56536	7.370393373	99998.71873	0	0
neutron	939.56536	3.822120198	99998.71873	0	0
F20	18625.26686	1.358517297	99998.71873	0	0
Ne23	21414.10216	0.2158073246	99998.69915	0	0
neutron	939.56536	0.6548263689	99998.68261	0	0
Ne22	20479.73746	0.2651273414	99998.68261	0	0
neutron	939.56536	2.131701489	99998.74492	0	0
S34	31632.70018	0.1839967712	99998.74492	0	0
proton	938.272013	3.776905835	99998.68425	0	0
neutron	939.56536	1.175899609	99998.68425	0	0
P33	30705.30994	0.5234820778	99998.68425	0	0
neutron	939.56536	15.85526265	99998.67969	0	0
proton	938.272013	15.61014943	99998.67969	0	0
proton	938.272013	9.475920332	99998.67969	0	0
neutron	939.56536	0.903540579	99998.67969	0	0
Si31	28846.21977	2.22642793	99998.67969	0	0
neutron	939.56536	5.511260632	99998.74725	0	0
neutron	939.56536	3.148452703	99998.74725	0	0
proton	938.272013	2.665356519	99998.74725	0	0
P32	29775.84838	0.1952513516	99998.74725	0	0
neutron	939.56536	1.32851087	99998.75636	0	0
S34	31632.70018	0.1223003542	99998.75636	0	0
proton	938.272013	6.104579167	99998.82301	0	0
neutron	939.56536	2.529010833	99998.82301	0	0
proton	938.272013	2.477118479	99998.82301	0	0
neutron	939.56536	0.4693785868	99998.82301	0	0
Si31	28846.21977	0.5396855077	99998.82301	0	0
neutron	939.56536	1.368290096	99998.69322	0	0
S34	31632.70018	0.1689185343	99998.69322	0	0
neutron	939.56536	11.36342124	99998.77244	0	0
neutron	939.56536	1.232568947	99998.77244	0	0
neutron	939.56536	0.5971048474	99998.77244	0	0
deuteron	1875.613	14.94893767	99998.77244	0	0
F18	16763.16938	3.53353067	99998.77244	0	0
S35	32565.27968	0.1452020541	99998.72142	0	0
neutron	939.56536	0.6444286096	99998.76213	0	0
S34	31632.70018	0.08976472538	99998.76213	0	0
neutron	939.56536	0.3614463694	99998.75879	0	0
S34	31632.70018	0.131327748	99998.75879	0	0
neutron	939.56536	13.63244057	99998.78551	0	0
proton	938.272013	11.66410172	99998.78551	0	0
neutron	939.56536	5.139381195	99998.78551	0	0
neutron	939.56536	1.458314943	99998.78551	0	0
alpha	3727.379	5.599396062	99998.78551	0	0
N15	13968.93638	0.627701128	99998.78551	0	0
neutron	939.56536	1.591178907	99998.72009	0	0
S36	33494.9558	0.2970847322	99998.72009	0	0
S35	32565.27968	0.1664649192	99998.67992	0	0
neutron	939.56536	1.115595385	99998.71188	0	0
Ne22	20479.73746	0.1933721338	99998.71188	0	0
neutron	939.56536	5.354659795	99998.72837	0	0
neutron	939.56536	4.984914094	99998.72837	0	0
proton	938.272013	4.379037012	99998.72837	0	0
neutron	939.56536	0.5420859726	99998.72837	0	0
P33	30705.30994	0.3264393788	99998.72837	0	0
neutron	939.56536	41.06374129	99998.79192	0	0
proton	938.272013	16.44282143	99998.79192	0	0
neutron	939.56536	0.09804902814	99998.79192	0	0
P32	29775.84838	1.057335304	99998.79192	0	0
neutron	939.56536	13.58260154	99998.84585	0	0
Ne22	20479.73746	0.2683596408	99998.84585	0	0
Ne23	21414.10216	0.2279861434	99998.77246	0	0
neutron	939.56536	24.30989436	99998.73664	0	0
neutron	939.56536	2.564193511	99998.73664	0	0
neutron	939.56536	2.090348447	99998.73664	0	0
neutron	939.56536	1.177960432	99998.73664	0	0
S33	30704.55199	0.5174762676	99998.73664	0	0
Ne23	21414.10216	0.2324909913	99998.80048	0	0
S37	34430.21755	0.1341216068	99998.76798	0	0
neutron	939.56536	6.751646663	99998.71037	0	0
neutron	939.56536	2.669388727	99998.71037	0	0
neutron	939.56536	0.268855728	99998.71037	0	0
S32	29773.62828	0.7824018655	99998.71037	0	0
neutron	939.56536	0.8881737258	99998.74341	0	0
S34	31632.70018	0.1023704011	99998.74341	0	0
neutron	939.56536	12.73520889	99998.91253	0	0
neutron	939.56536	6.951767417	99998.91253	0	0
neutron	939.56536	1.13370804	99998.91253	0	0
S32	29773.62828	0.1516192981	99998.91253	0	0
S37	34430.21755	0.1412073712	99998.79071	0	0
S37	34430.21755	0.1367326613	99998.74055	0	0
S37	34430.21755	0.1287121968	99998.79015	0	0
Ne23	21414.10216	0.2346010829	99998.69634	0	0
neutron	939.56536	4.166629969	99998.75828	0	0
Ne22	20479.73746	0.2694362114	99998.75828	0	0
Ne23	21414.10216	0.2307407054	99998.86535	0	0
neutron	939.56536	2.580356441	99998.79509	0	0
Ne22	20479.73746	0.512694027	99998.79509	0	0
neutron	939.56536	31.45181083	99998.74131	0	0
neutron	939.56536	1.419672624	99998.74131	0	0
S33	30704.55199	0.671097976	99998.74131	0	0
neutron	939.56536	0.5933912408	99998.70547	0	0
S34	31632.70018	0.1102959921	99998.70547	0	0
neutron	939.56536	14.77752341	99998.68659	0	0
neutron	939.56536	5.6250931	99998.68659	0	0
neutron	939.56536	4.726189463	99998.68659	0	0
alpha	3727.379	9.407496884	99998.68659	0	0
O16	14895.08153	5.22638653	99998.68659	0	0
S35	32565.27968	0.1509179415	99998.75634	0	0
neutron	939.56536	1.082077858	99998.71668	0	0
Ne22	20479.73746	0.1955164832	99998.71668	0	0
neutron	939.56536	22.45710532	99999.04731	0	0
neutron	939.56536	18.24072012	99999.04731	0	0
neutron	939.56536	4.428127277	99999.04731	0	0
neutron	939.56536	0.8430314879	99999.04731	0	0
S33	30704.55199	0.1241915917	99999.04731	0	0
neutron	939.56536	7.534271491	99998.76873	0	0
proton	938.272013	3.804725502	99998.76873	0	0
neutron	939.56536	1.452802459	99998.76873	0	0
neutron	939.56536	0.9919090739	99998.76873	0	0
P31	28844.21869	0.03091464111	99998.76873	0	0
neutron	939.56536	7.594620176	99998.69501	0	0
neutron	939.56536	1.165597834	99998.69501	0	0
Ne21	19550.53637	0.166172275	99998.69501	0	0
neutron	939.56536	8.776933269	99998.68318	0	0
neutron	939.56536	1.324890986	99998.68318	0	0
alpha	3727.379	6.894853615	99998.68318	0	0
Si29	26984.28567	1.040073941	99998.68318	0	0
S35	32565.27968	0.1460942202	99998.77683	0	0
neutron	939.56536	18.54887168	99998.66893	0	0
proton	938.272013	2.521987055	99998.66893	0	0
F21	19556.73074	1.454423642	99998.66893	0	0
proton	938.272013	38.32537851	99998.79532	0	0
neutron	939.56536	2.31764956	99998.79532	0	0
neutron	939.56536	1.782887981	99998.79532	0	0
neutron	939.56536	0.349832222	99998.79532	0	0
P31	28844.21869	0.471233813	99998.79532	0	0
S35	32565.27968	0.1606826852	99998.77959	0	0
proton	938.272013	6.586551389	99998.80907	0	0
proton	938.272013	4.506497572	99998.80907	0	0
neutron	939.56536	0.7785484688	99998.80907	0	0
Si32	29776.58515	0.2206603482	99998.80907	0	0
neutron	939.56536	1.258797632	99998.72419	0	0
Ne22	20479.73746	0.1222401746	99998.72419	0	0
Ne23	21414.10216	0.2344162352	99998.73319	0	0
neutron	939.56536	0.3951780682	99998.76478	0	0
S34	31632.70018	0.1941970068	99998.76478	0	0
neutron	939.56536	4.112166739	99998.84113	0	0
neutron	939.56536	2.356372007	99998.84113	0	0
neutron	939.56536	0.9372511693	99998.84113	0	0
S32	29773.62828	0.2700580779	99998.84113	0	0
neutron	939.56536	6.15342439	99998.7433	0	0
neutron	939.56536	2.239277588	99998.7433	0	0
neutron	939.56536	0.5135465495	99998.7433	0	0
S32	29773.62828	0.4791394186	99998.7433	0	0
S35	32565.27968	0.1650862981	99998.7331	0	0
neutron	939.56536	0.9936438784	99998.77727	0	0
S34	31632.70018	0.2105238831	99998.77727	0	0
Ne23	21414.10216	0.222670034	99998.75646	0	0
neutron	939.56536	11.97962896	99998.71405	0	0
neutron	939.56536	4.26941036	99998.71405	0	0
neutron	939.56536	0.5292630814	99998.71405	0	0
Ne20	18617.73218	0.6905436354	99998.71405	0	0
neutron	939.56536	16.62261285	99998.61483	0	0
neutron	939.56536	11.54259428	99998.61483	0	0
neutron	939.56536	1.230198229	99998.61483	0	0
alpha	3727.379	14.93924684	99998.61483	0	0
O16	14895.08153	1.560586555	99998.61483	0	0
neutron	939.56536	3.34013986	99998.77377	0	0
Ne22	20479.73746	0.1838726686	99998.77377	0	0
neutron	939.56536	0.5278524673	99998.69573	0	0
Ne22	20479.73746	0.1155720905	99998.69573	0	0
neutron	939.56536	0.8161043845	99998.70318	0	0
S36	33494.9558	0.08052370207	99998.70318	0	0
S35	32565.27968	0.150455475	99998.81882	0	0
neutron	939.56536	6.718398116	99998.86915	0	0
neutron	939.56536	0.3880482105	99998.86915	0	0
neutron	939.56536	0.2294951044	99998.86915	0	0
Ne20	18617.73218	0.2452805721	99998.86915	0	0
neutron	939.56536	1.252988695	99998.76733	0	0
S34	31632.70018	0.2577745009	99998.76733	0	0
neutron	939.56536	1.914203053	99998.78651	0	0
S34	31632.70018	0.1355335171	99998.78651	0	0
neutron	939.56536	0.03499403035	99998.71106	0	0
S34	31632.70018	0.1618154113	99998.71106	0	0
Ne23	21414.10216	0.2238744997	99998.73934	0	0
neutron	939.56536	1.567044936	99998.75124	0	0
S36	33494.9558	0.2712269568	99998.75124	0	0
Ne23	21414.10216	0.2139320512	99998.74327	0	0
proton	938.272013	10.16404439	99998.79388	0	0
neutron	939.56536	5.074344608	99998.79388	0	0
proton	938.272013	2.387650329	99998.79388	0	0
neutron	939.56536	1.994872103	99998.79388	0	0
neutron	939.56536	0.6429407199	99998.79388	0	0
Si30	27913.24182	0.7490484371	99998.79388	0	0
neutron	939.56536	1.27829037	99998.7085	0	0
S34	31632.70018	0.1035558956	99998.7085	0	0
neutron	939.56536	8.951997184	99998.7288	0	0
alpha	3727.379	9.383208306	99998.7288	0	0
O18	16762.02378	0.8456628534	99998.7288	0	0
neutron	939.56536	7.873917891	99998.75475	0	0
neutron	939.56536	0.2653065143	99998.75475	0	0
Ne21	19550.53637	0.6351021952	99998.75475	0	0
neutron	939.56536	19.51851079	99998.80084	0	0
neutron	939.56536	5.263727653	99998.80084	0	0
neutron	939.56536	3.805832002	99998.80084	0	0
S32	29773.62828	1.150198038	99998.80084	0	0
neutron	939.56536	1.561646443	99998.79522	0	0
S34	31632.70018	0.303962962	99998.79522	0	0
S35	32565.27968	0.145917833	99998.67444	0	0
S35	32565.27968	0.1373350733	99998.65406	0	0
S35	32565.27968	0.1370941386	99998.74061	0	0
Ne23	21414.10216	0.2252012125	99998.74255	0	0
neutron	939.56536	12.12660178	99998.68269	0	0
neutron	939.56536	5.697741116	99998.68269	0	0
neutron	939.56536	5.143672137	99998.68269	0	0
neutron	939.56536	1.796425967	99998.68269	0	0
Ne19	17695.03214	0.7338091779	99998.68269	0	0
neutron	939.56536	1.927856753	99998.72885	0	0
S34	31632.70018	0.2547268725	99998.72885	0	0
neutron	939.56536	0.2130260233	99998.70463	0	0
Ne22	20479.73746	0.2053653134	99998.70463	0	0
Ne23	21414.10216	0.2175041443	99998.81324	0	0
Ne23	21414.10216	0.225488712	99998.72006	0	0
S35	32565.27968	0.1455492626	99998.70263	0	0
neutron	939.56536	0.4939104209	99998.72939	0	0
Ne22	20479.73746	0.2222718272	99998.72939	0	0
S37	34430.21755	0.1425073255	99998.70601	0	0
neutron	939.56536	2.628556126	99998.7262	0	0
S34	31632.70018	0.2300181653	99998.7262	0	0
neutron	939.56536	10.59298492	99998.71266	0	0
neutron	939.56536	4.406478296	99998.71266	0	0
neutron	939.56536	1.771265426	99998.71266	0	0
alpha	3727.379	8.76663317	99998.71266	0	0
Si28	26053.19393	1.778774743	99998.71266	0	0
S35	32565.27968	0.1463540299	99998.67871	0	0
neutron	939.56536	5.516713714	99998.63918	0	0
neutron	939.56536	1.374258555	99998.63918	0	0
neutron	939.56536	1.080202156	99998.63918	0	0
S32	29773.62828	0.1659583952	99998.63918	0	0
neutron	939.56536	7.40621446	99998.72559	0	0
neutron	939.56536	3.443758073	99998.72559	0	0
neutron	939.56536	0.07707267594	99998.72559	0	0
Ne20	18617.73218	0.6564857281	99998.72559	0	0
neutron	939.56536	0.2174591005	99998.69378	0	0
Ne22	20479.73746	0.1913097658	99998.69378	0	0
Ne23	21414.10216	0.2321432139	99998.70104	0	0
neutron	939.56536	8.995269966	99998.77615	0	0
neutron	939.56536	1.648304452	99998.77615	0	0
neutron	939.56536	0.6605527199	99998.77615	0	0
S32	29773.62828	0.2866861348	99998.77615	0	0
neutron	939.56536	3.639143607	99998.76055	0	0
S34	31632.70018	0.1801430034	99998.76055	0	0
neutron	939.56536	7.757454525	99998.75978	0	0
neutron	939.56536	2.724156459	99998.75978	0	0
deuteron	1875.613	8.48868925	99998.75978	0	0
F19	17692.30285	0.4029897087	99998.75978	0	0
neutron	939.56536	0.5869483941	99998.75604	0	0
S34	31632.70018	0.09211721519	99998.75604	0	0
Ne23	21414.10216	0.2211280483	99998.75471	0	0
neutron	939.56536	0.7973698966	99998.6518	0	0
S34	31632.70018	0.142439761	99998.6518	0	0
Ne23	21414.10216	0.2072919981	99998.6827	0	0
neutron	939.56536	0.2673978581	99998.72987	0	0
S34	31632.70018	0.1034603517	99998.72987	0	0
Ne23	21414.10216	0.2177025207	99998.7328	0	0
Ne23	21414.10216	0.2315319215	99998.895	0	0
neutron	939.56536	0.4540354608	99998.72742	0	0
S34	31632.70018	0.1480831331	99998.72742	0	0
neutron	939.56536	3.951349966	99998.68586	0	0
S34	31632.70018	0.1013129439	99998.68586	0	0
neutron	939.56536	1.661354063	99998.73332	0	0
Ne22	20479.73746	0.098593303	99998.73332	0	0
neutron	939.56536	2.092941965	99998.72518	0	0
S34	31632.70018	0.1920181557	99998.72518	0	0
neutron	939.56536	21.59930513	99998.64917	0	0
proton	938.272013	20.68611615	99998.64917	0	0
F21	19556.73074	0.05614258822	99998.64917	0	0
neutron	939.56536	1.160384718	99998.77382	0	0
S34	31632.70018	0.2356868131	99998.77382	0	0
neutron	939.56536	0.8187283084	99998.76409	0	0
Ne22	20479.73746	0.2921147157	99998.76409	0	0
neutron	939.56536	1.753915775	99998.7532	0	0
S34	31632.70018	0.2476095262	99998.7532	0	0
neutron	939.56536	0.5022769586	99998.67132	0	0
S34	31632.70018	0.2160180275	99998.67132	0	0
neutron	939.56536	7.705526949	99998.76831	0	0
neutron	939.56536	3.944505434	99998.76831	0	0
neutron	939.56536	2.722896937	99998.76831	0	0
S34	31632.70018	0.3554321012	99998.76831	0	0
neutron	939.56536	0.5497274278	99998.85208	0	0
S34	31632.70018	0.06851163351	99998.85208	0	0
S37	34430.21755	0.1391434385	99998.73745	0	0
neutron	939.56536	7.436301929	99998.88036	0	0
neutron	939.56536	5.590916389	99998.88036	0	0
Ne21	19550.53637	1.143649825	99998.88036	0	0
neutron	939.56536	1.111424876	99998.75247	0	0
S34	31632.70018	0.1084315676	99998.75247	0	0
neutron	939.56536	1.638881163	99998.70891	0	0
S34	31632.70018	0.3131546229	99998.70891	0	0
neutron	939.56536	1.005790419	99998.7584	0	0
S34	31632.70018	0.1367113893	99998.7584	0	0
neutron	939.56536	1.459304276	99998.71582	0	0
Ne22	20479.73746	0.2066156103	99998.71582	0	0
neutron	939.56536	0.7984493918	99998.70593	0	0
S34	31632.70018	0.1551047143	99998.70593	0	0
proton	938.272013	45.51109293	99998.72926	0	0
neutron	939.56536	3.761200571	99998.72926	0	0
neutron	939.56536	0.7548526532	99998.72926	0	0
P32	29775.84838	2.742234649	99998.72926	0	0
proton	938.272013	10.60858152	99998.69832	0	0
neutron	939.56536	4.504213074	99998.69832	0	0
F21	19556.73074	0.1078212841	99998.69832	0	0
neutron	939.56536	35.69497461	99998.71301	0	0
neutron	939.56536	22.60734424	99998.71301	0	0
neutron	939.56536	3.252545342	99998.71301	0	0
Ne20	18617.73218	1.082319148	99998.71301	0	0
neutron	939.56536	23.91372638	99998.75345	0	0
neutron	939.56536	1.616842558	99998.75345	0	0
neutron	939.56536	1.27244892	99998.75345	0	0
S34	31632.70018	0.2319377023	99998.75345	0	0
neutron	939.56536	5.438882222	99998.6753	0	0
proton	938.272013	4.67395086	99998.6753	0	0
neutron	939.56536	2.602671324	99998.6753	0	0
F20	18625.26686	0.169940797	99998.6753	0	0
S35	32565.27968	0.1421483009	99998.66096	0	0
neutron	939.56536	13.03500663	99998.71461	0	0
proton	938.272013	4.184487874	99998.71461	0	0
neutron	939.56536	2.232630025	99998.71461	0	0
neutron	939.56536	1.397450416	99998.71461	0	0
alpha	3727.379	9.146839436	99998.71461	0	0
Al27	25126.50566	0.7279040639	99998.71461	0	0
neutron	939.56536	29.88872246	99998.68888	0	0
neutron	939.56536	6.453203464	99998.68888	0	0
neutron	939.56536	0.8477891989	99998.68888	0	0
S34	31632.70018	1.601815515	99998.68888	0	0
neutron	939.56536	1.023783915	99998.75697	0	0
S36	33494.9558	0.1721053734	99998.75697	0	0
neutron	939.56536	1.295942942	99998.70052	0	0
Ne22	20479.73746	0.2142634058	99998.70052	0	0
neutron	939.56536	0.05892581534	99998.65471	0	0
Ne22	20479.73746	0.2098858897	99998.65471	0	0
proton	938.272013	5.520541179	99998.7548	0	0
neutron	939.56536	3.339104915	99998.7548	0	0
neutron	939.56536	2.64940798	99998.7548	0	0
neutron	939.56536	0.08103131471	99998.7548	0	0
P31	28844.21869	0.03125136839	99998.7548	0	0
neutron	939.56536	0.8428113751	99999.14308	0	0
Ne22	20479.73746	0.4034473562	99999.14308	0	0
neutron	939.56536	0.6686758133	99998.70134	0	0
S34	31632.70018	0.1447662922	99998.70134	0	0
neutron	939.56536	0.2988918604	99998.79717	0	0
S34	31632.70018	0.09467430682	99998.79717	0	0
neutron	939.56536	1.124894235	99999.84304	0	0
S34	31632.70018	0.1076083372	99999.84304	0	0
neutron	939.56536	0.8627831843	99998.75795	0	0
S36	33494.9558	0.1854054399	99998.75795	0	0
proton	938.272013	25.10458565	99998.69231	0	0
proton	938.272013	8.794012998	99998.69231	0	0
neutron	939.56536	2.491848678	99998.69231	0	0
neutron	939.56536	1.804853068	99998.69231	0	0
neutron	939.56536	1.622036558	99998.69231	0	0
O18	16762.02378	4.908033159	99998.69231	0	0
neutron	939.56536	2.426024827	99998.70034	0	0
neutron	939.56536	0.947596785	99998.70034	0	0
S35	32565.27968	0.1962651942	99998.70034	0	0
neutron	939.56536	24.73061332	99998.73721	0	0
neutron	939.56536	6.704873604	99998.73721	0	0
neutron	939.56536	3.348398891	99998.73721	0	0
alpha	3727.379	4.211748596	99998.73721	0	0
O16	14895.08153	4.527220345	99998.73721	0	0
neutron	939.56536	0.7604656443	99998.73219	0	0
S36	33494.9558	0.07284302468	99998.73219	0	0
neutron	939.56536	0.490590389	99998.70681	0	0
S36	33494.9558	0.1857639414	99998.70681	0	0
neutron	939.56536	4.639746428	99998.68931	0	0
neutron	939.56536	4.030915649	99998.68931	0	0
neutron	939.56536	2.934574202	99998.68931	0	0
neutron	939.56536	2.576077914	99998.68931	0	0
S33	30704.55199	1.267824972	99998.68931	0	0
proton	938.272013	57.34471151	99998.68496	0	0
neutron	939.56536	1.347945404	99998.68496	0	0
neutron	939.56536	0.2901909582	99998.68496	0	0
F20	18625.26686	2.327149052	99998.68496	0	0
S37	34430.21755	0.137264963	99998.67326	0	0
neutron	939.56536	0.9849238797	99998.76411	0	0
S34	31632.70018	0.1323978644	99998.76411	0	0
neutron	939.56536	18.34513708	99998.70912	0	0
proton	938.272013	5.143915254	99998.70912	0	0
neutron	939.56536	2.039920615	99998.70912	0	0
P32	29775.84838	0.5086477676	99998.70912	0	0
Ne23	21414.10216	0.2179941411	99998.80124	0	0
neutron	939.56536	0.1145062517	99998.7275	0	0
Ne22	20479.73746	0.1977019398	99998.7275	0	0
neutron	939.56536	0.4838100779	99998.76364	0	0
S36	33494.9558	0.1003113734	99998.76364	0	0
neutron	939.56536	3.285892303	99998.68652	0	0
neutron	939.56536	2.933401771	99998.68652	0	0
neutron	939.56536	1.534950597	99998.68652	0	0
S34	31632.70018	0.2388169354	99998.68652	0	0
neutron	939.56536	0.9032417025	99998.81013	0	0
Ne22	20479.73746	0.2527246073	99998.81013	0	0
neutron	939.56536	4.871177961	99998.68852	0	0
neutron	939.56536	1.934199537	99998.68852	0	0
neutron	939.56536	1.535388892	99998.68852	0	0
Ne20	18617.73218	0.5931347624	99998.68852	0	0
S35	32565.27968	0.1577662674	99998.73889	0	0
neutron	939.56536	0.9269115418	99998.72295	0	0
S34	31632.70018	0.2859538203	99998.72295	0	0
neutron	939.56536	0.9630908119	99998.76369	0	0
Ne22	20479.73746	0.3677046092	99998.76369	0	0
neutron	939.56536	8.459621673	99998.79615	0	0
neutron	939.56536	5.752628739	99998.79615	0	0
neutron	939.56536	1.576227661	99998.79615	0	0
alpha	3727.379	7.673287186	99998.79615	0	0
O16	14895.08153	1.883589129	99998.79615	0	0
neutron	939.56536	1.154657307	99998.6786	0	0
S36	33494.9558	0.2503306551	99998.6786	0	0
neutron	939.56536	20.13157178	99999.03887	0	0
proton	938.272013	17.66726495	99999.03887	0	0
proton	938.272013	3.113911152	99999.03887	0	0
neutron	939.56536	0.1311032602	99999.03887	0	0
Si31	28846.21977	1.488298485	99999.03887	0	0
neutron	939.56536	1.279946947	99998.75306	0	0
S34	31632.70018	0.114343156	99998.75306	0	0
neutron	939.56536	1.186766035	99998.74302	0	0
S34	31632.70018	0.1852224416	99998.74302	0	0
neutron	939.56536	18.55550559	99998.75828	0	0
neutron	939.56536	2.777734216	99998.75828	0	0
neutron	939.56536	1.473610463	99998.75828	0	0
neutron	939.56536	0.6194568355	99998.75828	0	0
S33	30704.55199	0.4976757068	99998.75828	0	0
neutron	939.56536	29.68284586	99998.68381	0	0
neutron	939.56536	7.935862835	99998.68381	0	0
proton	938.272013	7.720472399	99998.68381	0	0
proton	938.272013	7.664723947	99998.68381	0	0
neutron	939.56536	0.8503451089	99998.68381	0	0
Si30	27913.24182	1.414937987	99998.68381	0	0
S37	34430.21755	0.1349308776	99998.70765	0	0
Ne23	21414.10216	0.2142561808	99998.75537	0	0
neutron	939.56536	0.1943859204	99998.61478	0	0
S34	31632.70018	0.1290266266	99998.61478	0	0
proton	938.272013	6.297730678	99998.77733	0	0
neutron	939.56536	3.7128397	99998.77733	0	0
proton	938.272013	3.149770052	99998.77733	0	0
Si32	29776.58515	1.216962606	99998.77733	0	0
Ne23	21414.10216	0.2327940097	99998.70371	0	0
neutron	939.56536	7.766376161	99998.68546	0	0
neutron	939.56536	5.573613817	99998.68546	0	0
neutron	939.56536	1.238853155	99998.68546	0	0
Ne20	18617.73218	1.159721396	99998.68546	0	0
neutron	939.56536	4.846208108	99998.7335	0	0
neutron	939.56536	1.210002538	99998.7335	0	0
S33	30704.55199	0.4219232437	99998.7335	0	0
Ne23	21414.10216	0.2249081831	99998.69266	0	0
S35	32565.27968	0.1669519373	99998.69494	0	0
S37	34430.21755	0.1393043799	99998.74803	0	0
neutron	939.56536	0.5448707815	99998.7496	0	0
S34	31632.70018	0.0759766158	99998.7496	0	0
neutron	939.56536	10.61471757	99998.78124	0	0
neutron	939.56536	0.6038967018	99998.78124	0	0
He3	2808.391	11.59957797	99998.78124	0	0
O18	16762.02378	2.451878292	99998.78124	0	0
Ne23	21414.10216	0.227237486	99998.7573	0	0
proton	938.272013	11.3652979	99998.82296	0	0
proton	938.272013	4.508087592	99998.82296	0	0
neutron	939.56536	3.270622468	99998.82296	0	0
neutron	939.56536	2.463504855	99998.82296	0	0
neutron	939.56536	0.7308837854	99998.82296	0	0
neutron	939.56536	0.6865962076	99998.82296	0	0
Si29	26984.28567	0.7215749337	99998.82296	0	0
S35	32565.27968	0.1454644337	99998.65728	0	0
neutron	939.56536	1.76824771	99998.6359	0	0
Ne22	20479.73746	0.3170173684	99998.6359	0	0
neutron	939.56536	24.87802584	99998.73675	0	0
neutron	939.56536	12.83665414	99998.73675	0	0
proton	938.272013	5.63731894	99998.73675	0	0
proton	938.272013	5.494463127	99998.73675	0	0
neutron	939.56536	0.6656043437	99998.73675	0	0
Si30	27913.24182	0.1848534918	99998.73675	0	0
proton	938.272013	35.97406994	99998.69158	0	0
neutron	939.56536	10.71137796	99998.69158	0	0
neutron	939.56536	3.211240654	99998.69158	0	0
neutron	939.56536	2.683257789	99998.69158	0	0
P31	28844.21869	1.11957528	99998.69158	0	0
S35	32565.27968	0.1413104564	99998.68352	0	0
neutron	939.56536	0.7753874862	99998.75218	0	0
Ne22	20479.73746	0.3862094492	99998.75218	0	0
neutron	939.56536	0.9586075804	99998.74668	0	0
S34	31632.70018	0.1403669564	99998.74668	0	0
neutron	939.56536	3.75174369	99998.79632	0	0
Ne22	20479.73746	0.0542001206	99998.79632	0	0
neutron	939.56536	0.7992986316	99998.72465	0	0
Ne22	20479.73746	0.3578336183	99998.72465	0	0
S37	34430.21755	0.1305984988	99998.7648	0	0
neutron	939.56536	7.886398547	99998.93326	0	0
neutron	939.56536	4.68259825	99998.93326	0	0
neutron	939.56536	2.694611873	99998.93326	0	0
proton	938.272013	2.171974516	99998.93326	0	0
P31	28844.21869	1.201878069	99998.93326	0	0
neutron	939.56536	0.4187501015	99998.73161	0	0
S34	31632.70018	0.1953387115	99998.73161	0	0
S35	32565.27968	0.1624038747	99998.85027	0	0
neutron	939.56536	0.3473235762	99998.82768	0	0
Ne22	20479.73746	0.2926907588	99998.82768	0	0
neutron	939.56536	2.827463645	99998.68953	0	0
S34	31632.70018	0.09700819504	99998.68953	0	0
neutron	939.56536	3.209720622	99998.81413	0	0
neutron	939.56536	2.893621594	99998.81413	0	0
neutron	939.56536	0.8896078039	99998.81413	0	0
S34	31632.70018	0.651932233	99998.81413	0	0
neutron	939.56536	11.01125017	99998.79624	0	0
neutron	939.56536	0.2478886342	99998.79624	0	0
deuteron	1875.613	3.862074575	99998.79624	0	0
deuteron	1875.613	8.320449246	99998.79624	0	0
O17	15830.5038	1.723822586	99998.79624	0	0
S35	32565.27968	0.1654864849	99998.72098	0	0
neutron	939.56536	9.487301215	99998.69315	0	0
neutron	939.56536	1.605361103	99998.69315	0	0
Ne21	19550.53637	0.5752881461	99998.69315	0	0
neutron	939.56536	0.7982220984	99998.66271	0	0
Ne22	20479.73746	0.2491282548	99998.66271	0	0
neutron	939.56536	0.9847342066	99998.67717	0	0
S36	33494.9558	0.1336206928	99998.67717	0	0
neutron	939.56536	5.838667219	99998.76988	0	0
neutron	939.56536	4.392887299	99998.76988	0	0
neutron	939.56536	3.565905186	99998.76988	0	0
Ne20	18617.73218	1.19484663	99998.76988	0	0
Ne23	21414.10216	0.2238608528	99998.70856	0	0
proton	938.272013	3.591282854	99998.74891	0	0
neutron	939.56536	3.22854137	99998.74891	0	0
neutron	939.56536	3.207671702	99998.74891	0	0
neutron	939.56536	2.13126177	99998.74891	0	0
alpha	3727.379	7.69251663	99998.74891	0	0
Al27	25126.50566	2.083038328	99998.74891	0	0
S35	32565.27968	0.1473821496	99998.8444	0	0
neutron	939.56536	23.31515989	99998.67427	0	0
neutron	939.56536	0.5595567619	99998.67427	0	0
alpha	3727.379	7.977419054	99998.67427	0	0
Si29	26984.28567	1.915575768	99998.67427	0	0
neutron	939.56536	4.41930085	99998.73768	0	0
neutron	939.56536	1.76596531	99998.73768	0	0
neutron	939.56536	1.54782282	99998.73768	0	0
S34	31632.70018	0.01610272022	99998.73768	0	0
S35	32565.27968	0.1462458026	99998.80118	0	0
neutron	939.56536	47.23538672	99998.67525	0	0
proton	938.272013	5.654088379	99998.67525	0	0
neutron	939.56536	5.221358994	99998.67525	0	0
neutron	939.56536	1.315878455	99998.67525	0	0
P31	28844.21869	1.923422654	99998.67525	0	0
neutron	939.56536	5.845212291	99998.83796	0	0
neutron	939.56536	1.806249752	99998.83796	0	0
alpha	3727.379	5.96424714	99998.83796	0	0
alpha	3727.379	8.970065567	99998.83796	0	0
Mg25	23268.03142	0.9593875988	99998.83796	0	0
neutron	939.56536	30.20812999	99998.71634	0	0
neutron	939.56536	11.12458245	99998.71634	0	0
proton	938.272013	3.316124104	99998.71634	0	0
neutron	939.56536	1.279359759	99998.71634	0	0
P31	28844.21869	0.1774909693	99998.71634	0	0
neutron	939.56536	4.007327521	99998.89549	0	0
neutron	939.56536	3.268948842	99998.89549	0	0
neutron	939.56536	2.297166438	99998.89549	0	0
S34	31632.70018	0.2228678442	99998.89549	0	0
neutron	939.56536	3.64704593	99998.75561	0	0
neutron	939.56536	2.45235057	99998.75561	0	0
neutron	939.56536	1.729415455	99998.75561	0	0
alpha	3727.379	6.607079127	99998.75561	0	0
O16	14895.08153	1.76076033	99998.75561	0	0
S37	34430.21755	0.141363399	99998.76448	0	0
proton	938.272013	22.00445481	99998.78297	0	0
neutron	939.56536	15.47876386	99998.78297	0	0
neutron	939.56536	2.621929207	99998.78297	0	0
F20	18625.26686	0.490131115	99998.78297	0	0
neutron	939.56536	0.7017743315	99998.70317	0	0
S36	33494.9558	0.1958348001	99998.70317	0	0
neutron	939.56536	33.07801162	99998.76095	0	0
neutron	939.56536	17.27429315	99998.76095	0	0
neutron	939.56536	0.9450925372	99998.76095	0	0
S32	29773.62828	1.167527298	99998.76095	0	0
Ne23	21414.10216	0.2277560442	99998.74568	0	0
neutron	939.56536	1.42444437	99998.69671	0	0
Ne22	20479.73746	0.06851104787	99998.69671	0	0
neutron	939.56536	5.56997211	99998.77946	0	0
neutron	939.56536	5.335266095	99998.77946	0	0
proton	938.272013	5.18283396	99998.77946	0	0
P32	29775.84838	0.0343322267	99998.77946	0	0
neutron	939.56536	1.028574065	99998.84102	0	0
S36	33494.9558	0.1505667626	99998.84102	0	0
neutron	939.56536	6.619714473	99998.78971	0	0
S34	31632.70018	0.1950042011	99998.78971	0	0
Ne23	21414.10216	0.2359257505	99998.74149	0	0
neutron	939.56536	0.1357017766	99998.81653	0	0
S34	31632.70018	0.146443938	99998.81653	0	0
neutron	939.56536	7.027538464	99998.74898	0	0
neutron	939.56536	2.983088624	99998.74898	0	0
neutron	939.56536	1.752985448	99998.74898	0	0
neutron	939.56536	0.7522042344	99998.74898	0	0
S33	30704.55199	0.05553334581	99998.74898	0	0
S35	32565.27968	0.1462563838	99998.66179	0	0
neutron	939.56536	8.184232212	99998.77609	0	0
neutron	939.56536	2.548489379	99998.77609	0	0
Ne21	19550.53637	0.3429578933	99998.77609	0	0
neutron	939.56536	0.4670304074	99998.7364	0	0
S36	33494.9558	0.1163036804	99998.7364	0	0
neutron	939.56536	11.64302068	99998.78252	0	0
neutron	939.56536	1.023612789	99998.78252	0	0
Ne21	19550.53637	0.1962042281	99998.78252	0	0
neutron	939.56536	0.8135224358	99998.6261	0	0
Ne22	20479.73746	0.3417401278	99998.6261	0	0
neutron	939.56536	12.61697817	99998.69331	0	0
neutron	939.56536	5.838450095	99998.69331	0	0
proton	938.272013	5.588707289	99998.69331	0	0
neutron	939.56536	0.4055140105	99998.69331	0	0
F19	17692.30285	1.133878359	99998.69331	0	0
S35	32565.27968	0.1506867154	99998.76932	0	0
neutron	939.56536	0.928387987	99998.74482	0	0
Ne22	20479.73746	0.2888779792	99998.74482	0	0
neutron	939.56536	0.1670917397	99998.72554	0	0
Ne22	20479.73746	0.16713672	99998.72554	0	0
neutron	939.56536	2.90318466	99998.76554	0	0
neutron	939.56536	1.912506502	99998.76554	0	0
neutron	939.56536	1.064931867	99998.76554	0	0
Ne20	18617.73218	0.06318386409	99998.76554	0	0
S35	32565.27968	0.1432990403	99998.74608	0	0
neutron	939.56536	3.655520902	99998.7438	0	0
S34	31632.70018	0.1526552145	99998.7438	0	0
Ne23	21414.10216	0.2321888112	99998.74853	0	0
Ne23	21414.10216	0.2015036002	99998.77896	0	0
neutron	939.56536	33.48567224	99998.73118	0	0
neutron	939.56536	4.416954309	99998.73118	0	0
alpha	3727.379	9.63087372	99998.73118	0	0
Si29	26984.28567	1.209116976	99998.73118	0	0
S37	34430.21755	0.1362974202	99998.79848	0	0
Ne23	21414.10216	0.2162664517	99998.72638	0	0
neutron	939.56536	0.1729977594	99998.73062	0	0
Ne22	20479.73746	0.2430900645	99998.73062	0	0
proton	938.272013	7.315313718	99998.76683	0	0
neutron	939.56536	1.55811745	99998.76683	0	0
neutron	939.56536	0.514504069	99998.76683	0	0
alpha	3727.379	11.84958224	99998.76683	0	0
Al28	26058.3459	0.8541970536	99998.76683	0	0
neutron	939.56536	2.256477435	99998.70297	0	0
Ne22	20479.73746	0.1350473784	99998.70297	0	0
neutron	939.56536	3.635561916	99998.77578	0	0
neutron	939.56536	3.143943677	99998.77578	0	0
neutron	939.56536	0.5711149196	99998.77578	0	0
S34	31632.70018	0.2511376021	99998.77578	0	0
neutron	939.56536	5.965404782	99998.74236	0	0
neutron	939.56536	5.612689736	99998.74236	0	0
neutron	939.56536	3.561176729	99998.74236	0	0
S34	31632.70018	0.4850071827	99998.74236	0	0
neutron	939.56536	5.975934367	99998.64633	0	0
neutron	939.56536	2.943907056	99998.64633	0	0
neutron	939.56536	0.3559020616	99998.64633	0	0
S32	29773.62828	0.4930585623	99998.64633	0	0
neutron	939.56536	11.28585113	99998.73313	0	0
proton	938.272013	9.07301896	99998.73313	0	0
neutron	939.56536	1.287562076	99998.73313	0	0
alpha	3727.379	5.572399763	99998.73313	0	0
N16	14906.01287	0.7516581642	99998.73313	0	0
S35	32565.27968	0.1629732081	99998.65472	0	0
S35	32565.27968	0.1636085552	99998.74911	0	0
neutron	939.56536	4.036581975	99998.68222	0	0
deuteron	1875.613	8.093239119	99998.68222	0	0
deuteron	1875.613	1.770471585	99998.68222	0	0
O18	16762.02378	0.8433283422	99998.68222	0	0
S35	32565.27968	0.1609252868	99998.67982	0	0
neutron	939.56536	1.885638309	99998.74083	0	0
S34	31632.70018	0.04766279734	99998.74083	0	0
S35	32565.27968	0.1477298294	99998.84466	0	0
neutron	939.56536	4.984237076	99998.69182	0	0
neutron	939.56536	2.2906123	99998.69182	0	0
S33	30704.55199	0.1247282538	99998.69182	0	0
neutron	939.56536	3.065351106	99998.79213	0	0
Ne22	20479.73746	0.270016951	99998.79213	0	0
neutron	939.56536	3.317022817	99998.74455	0	0
S34	31632.70018	0.4416446039	99998.74455	0	0
neutron	939.56536	4.521842954	99998.67431	0	0
neutron	939.56536	3.117399106	99998.67431	0	0
neutron	939.56536	2.459783441	99998.67431	0	0
S34	31632.70018	0.8092866167	99998.67431	0	0
neutron	939.56536	1.122080033	99998.74777	0	0
S34	31632.70018	0.2867132705	99998.74777	0	0
proton	938.272013	9.060924579	99998.69508	0	0
neutron	939.56536	1.895689839	99998.69508	0	0
neutron	939.56536	1.637862654	99998.69508	0	0
P32	29775.84838	0.5584679618	99998.69508	0	0
neutron	939.56536	0.2632275636	99998.83527	0	0
Ne22	20479.73746	0.1836657544	99998.83527	0	0
proton	938.272013	18.45516299	99998.81736	0	0
proton	938.272013	5.502351055	99998.81736	0	0
neutron	939.56536	0.9190895449	99998.81736	0	0
neutron	939.56536	0.8131923195	99998.81736	0	0
Si31	28846.21977	0.8774241967	99998.81736	0	0
neutron	939.56536	27.84703034	99998.69741	0	0
proton	938.272013	12.77967393	99998.69741	0	0
proton	938.272013	4.476601694	99998.69741	0	0
neutron	939.56536	2.708611931	99998.69741	0	0
O19	17697.63348	0.7690902579	99998.69741	0	0
neutron	939.56536	1.223825905	99998.74418	0	0
Ne22	20479.73746	0.4820062437	99998.74418	0	0
neutron	939.56536	1.395672217	99998.75926	0	0
neutron	939.56536	1.326330807	99998.75926	0	0
deuteron	1875.613	30.43413268	99998.75926	0	0
P31	28844.21869	1.78896768	99998.75926	0	0
proton	938.272013	21.51433458	99998.69955	0	0
neutron	939.56536	16.00890465	99998.69955	0	0
F21	19556.73074	2.368837798	99998.69955	0	0
neutron	939.56536	9.600965651	99998.74571	0	0
neutron	939.56536	3.738003821	99998.74571	0	0
S35	32565.27968	0.6255517386	99998.74571	0	0
neutron	939.56536	0.1897102285	99998.7721	0	0
S36	33494.9558	0.1556481338	99998.7721	0	0
neutron	939.56536	17.94460012	99998.73398	0	0
proton	938.272013	6.72589491	99998.73398	0	0
neutron	939.56536	3.92335619	99998.73398	0	0
proton	938.272013	3.802421724	99998.73398	0	0
neutron	939.56536	3.047501839	99998.73398	0	0
Si30	27913.24182	0.871187541	99998.73398	0	0
neutron	939.56536	7.849234362	99998.69305	0	0
neutron	939.56536	2.621649861	99998.69305	0	0
neutron	939.56536	0.4687993159	99998.69305	0	0
Ne20	18617.73218	0.6924090058	99998.69305	0	0
neutron	939.56536	27.98043722	99998.69845	0	0
neutron	939.56536	1.674582597	99998.69845	0	0
alpha	3727.379	7.456411761	99998.69845	0	0
O17	15830.5038	2.125567595	99998.69845	0	0
Ne23	21414.10216	0.2306165279	99998.74938	0	0
Ne23	21414.10216	0.2307510631	99998.72836	0	0
neutron	939.56536	17.745651	99998.82462	0	0
proton	938.272013	3.906094082	99998.82462	0	0
neutron	939.56536	3.37375271	99998.82462	0	0
F20	18625.26686	0.5552072222	99998.82462	0	0
neutron	939.56536	0.4845950659	99998.70439	0	0
S34	31632.70018	0.1685687603	99998.70439	0	0
proton	938.272013	10.69337348	99998.70996	0	0
neutron	939.56536	9.380117501	99998.70996	0	0
proton	938.272013	4.185610009	99998.70996	0	0
neutron	939.56536	2.84635944	99998.70996	0	0
neutron	939.56536	0.8062588767	99998.70996	0	0
neutron	939.56536	0.3574025205	99998.70996	0	0
Si29	26984.28567	1.728923005	99998.70996	0	0
neutron	939.56536	0.6405053231	99998.79114	0	0
Ne22	20479.73746	0.2664454411	99998.79114	0	0
neutron	939.56536	0.5883495325	99998.70146	0	0
S34	31632.70018	0.06921488717	99998.70146	0	0
neutron	939.56536	8.996501071	99998.71535	0	0
neutron	939.56536	5.439241064	99998.71535	0	0
neutron	939.56536	3.506972316	99998.71535	0	0
neutron	939.56536	2.663921413	99998.71535	0	0
neutron	939.56536	1.279964446	99998.71535	0	0
S32	29773.62828	0.5375240423	99998.71535	0	0
neutron	939.56536	0.3806900317	99998.84042	0	0
Ne22	20479.73746	0.1261456113	99998.84042	0	0
Ne23	21414.10216	0.2304980429	99998.63028	0	0
Ne23	21414.10216	0.2350263481	99998.65934	0	0
S35	32565.27968	0.1570968153	99998.91632	0	0
neutron	939.56536	6.388570718	99998.82497	0	0
neutron	939.56536	2.999843912	99998.82497	0	0
neutron	939.56536	2.898611648	99998.82497	0	0
alpha	3727.379	7.246012739	99998.82497	0	0
Si28	26053.19393	0.1096620372	99998.82497	0	0
neutron	939.56536	3.301752814	99998.72371	0	0
neutron	939.56536	1.829875405	99998.72371	0	0
neutron	939.56536	0.2684727816	99998.72371	0	0
S34	31632.70018	0.2130929326	99998.72371	0	0
neutron	939.56536	0.4124288865	99998.75259	0	0
S34	31632.70018	0.2055108381	99998.75259	0	0
neutron	939.56536	11.79123383	99998.6986	0	0
neutron	939.56536	5.229605581	99998.6986	0	0
neutron	939.56536	0.7474356743	99998.6986	0	0
S32	29773.62828	0.9329310383	99998.6986	0	0
neutron	939.56536	7.557178428	99998.67719	0	0
neutron	939.56536	3.076300111	99998.67719	0	0
neutron	939.56536	2.761165866	99998.67719	0	0
alpha	3727.379	14.18592452	99998.67719	0	0
O16	14895.08153	5.338435851	99998.67719	0	0
S35	32565.27968	0.1461866598	99998.68144	0	0
S35	32565.27968	0.1502201918	99998.75244	0	0
S35	32565.27968	0.1440799167	99998.8318	0	0
neutron	939.56536	10.03239746	99998.7724	0	0
neutron	939.56536	1.764457125	99998.7724	0	0
Ne21	19550.53637	0.3922137848	99998.7724	0	0
neutron	939.56536	0.7016381447	99998.67744	0	0
Ne22	20479.73746	0.3210124809	99998.67744	0	0
S35	32565.27968	0.1639089753	99998.72417	0	0
S35	32565.27968	0.158193208	99998.71482	0	0
neutron	939.56536	1.356577996	99998.81399	0	0
S34	31632.70018	0.2749285496	99998.81399	0	0
neutron	939.56536	9.789247758	99998.81342	0	0
neutron	939.56536	2.52066761	99998.81342	0	0
S35	32565.27968	0.6599528163	99998.81342	0	0
neutron	939.56536	0.7520496184	99998.79583	0	0
S36	33494.9558	0.09713634288	99998.79583	0	0
