neutron	939.56536	0.421553277	95908.63365	0	0
S34	31632.70018	0.07208137664	95908.63365	0	0
neutron	939.56536	8.638562862	96202.01893	0	0
neutron	939.56536	3.675514377	96202.01893	0	0
neutron	939.56536	0.4001252601	96202.01893	0	0
S32	29773.62828	0.3733286176	96202.01893	0	0
neutron	939.56536	1.496843283	95972.79901	0	0
S34	31632.70018	0.2194931371	95972.79901	0	0
Ne23	21414.10216	0.2241840952	95905.63182	0	0
Na23	21409.21625	0.1114822073	96519.90312	77.82245199	77.61462456
neutron	939.56536	4.959559469	96405.64793	0	0
neutron	939.56536	3.243514463	96405.64793	0	0
neutron	939.56536	2.900703159	96405.64793	0	0
Ne20	18617.73218	0.3591052189	96405.64793	0	0
neutron	939.56536	0.4841488649	96144.05327	0	0
S34	31632.70018	0.1224391206	96144.05327	0	0
neutron	939.56536	5.388379744	96042.44965	0	0
neutron	939.56536	0.8536489785	96042.44965	0	0
neutron	939.56536	0.2814721895	96042.44965	0	0
alpha	3727.379	10.39521362	96042.44965	0	0
Si28	26053.19393	2.039799873	96042.44965	0	0
neutron	939.56536	0.6117062372	95975.41396	0	0
S34	31632.70018	0.238589064	95975.41396	0	0
neutron	939.56536	3.412750023	96006.09549	0	0
S36	33494.9558	0.06618554733	96006.09549	0	0
neutron	939.56536	3.428964516	96073.99825	0	0
deuteron	1875.613	9.629856016	96073.99825	0	0
P32	29775.84838	0.7336545183	96073.99825	0	0
neutron	939.56536	1.478705693	96113.71934	0	0
neutron	939.56536	0.5202987811	96113.71934	0	0
Ne21	19550.53637	0.4629168322	96113.71934	0	0
Cl37	34424.84314	0.197664763	99715.99673	1392.863082	1392.434647
neutron	939.56536	25.96557329	95958.86466	0	0
neutron	939.56536	8.079497617	95958.86466	0	0
neutron	939.56536	3.829768661	95958.86466	0	0
S32	29773.62828	1.958410933	95958.86466	0	0
Ne23	21414.10216	0.2193615387	95893.21425	0	0
neutron	939.56536	2.304396692	95835.89844	0	0
neutron	939.56536	1.21150003	95835.89844	0	0
S33	30704.55199	0.2559357107	95835.89844	0	0
S35	32565.27968	0.1501317997	95904.03307	0	0
neutron	939.56536	6.747507149	96123.56098	0	0
neutron	939.56536	6.202265063	96123.56098	0	0
neutron	939.56536	0.4154713404	96123.56098	0	0
S32	29773.62828	0.03605911921	96123.56098	0	0
Cl35	32564.60306	0.06606939544	97377.80313	581.6863538	581.3599767
Cl35	32564.60306	0.08823286479	96303.92841	181.2109203	181.0118391
neutron	939.56536	6.476438816	96132.58673	0	0
neutron	939.56536	2.808115654	96132.58673	0	0
neutron	939.56536	1.714932005	96132.58673	0	0
alpha	3727.379	5.98832746	96132.58673	0	0
O16	14895.08153	1.068850904	96132.58673	0	0
Cl37	34424.84314	0.09088901095	99422.45989	1307.162138	1307.063182
neutron	939.56536	11.38699326	96030.18346	0	0
neutron	939.56536	0.6365383569	96030.18346	0	0
alpha	3727.379	4.343871032	96030.18346	0	0
O17	15830.5038	2.40945721	96030.18346	0	0
S35	32565.27968	0.1561730036	95900.38028	0	0
neutron	939.56536	11.39241682	96048.217	0	0
neutron	939.56536	5.609464768	96048.217	0	0
S33	30704.55199	0.8244445093	96048.217	0	0
Cl35	32564.60306	0.1623887133	98817.0973	959.2676038	958.6514336
neutron	939.56536	3.188906886	96263.80224	0	0
neutron	939.56536	0.1831417995	96263.80224	0	0
Ne21	19550.53637	0.3217725853	96263.80224	0	0
S35	32565.27968	0.1554617234	95842.08922	0	0
neutron	939.56536	1.127991898	95991.01651	0	0
deuteron	1875.613	3.537449078	95991.01651	0	0
P32	29775.84838	0.3521114396	95991.01651	0	0
neutron	939.56536	25.63305155	96012.31513	0	0
neutron	939.56536	9.19553463	96012.31513	0	0
neutron	939.56536	2.727960811	96012.31513	0	0
Ne20	18617.73218	0.4476011108	96012.31513	0	0
Cl35	32564.60306	0.09511140108	99455.12463	1318.664332	1318.52016
proton	938.272013	11.32149776	95938.69062	0	0
neutron	939.56536	6.128454356	95938.69062	0	0
proton	938.272013	5.533803295	95938.69062	0	0
neutron	939.56536	3.615321802	95938.69062	0	0
Si33	30711.64254	0.1824978409	95938.69062	0	0
neutron	939.56536	1.444719368	96020.87621	0	0
neutron	939.56536	0.4753618017	96020.87621	0	0
S33	30704.55199	0.2081080762	96020.87621	0	0
Cl35	32564.60306	0.0903584536	97866.03519	723.6390614	723.4970951
neutron	939.56536	6.128846666	95968.86991	0	0
S36	33494.9558	0.325906692	95968.86991	0	0
neutron	939.56536	4.456209688	95920.76856	0	0
S34	31632.70018	0.002874112173	95920.76856	0	0
neutron	939.56536	0.2509783117	95942.27707	0	0
S36	33494.9558	0.1110526999	95942.27707	0	0
Ne23	21414.10216	0.2304339483	96072.91638	0	0
neutron	939.56536	7.379227026	96199.32597	0	0
neutron	939.56536	4.005903357	96199.32597	0	0
proton	938.272013	2.838451587	96199.32597	0	0
F20	18625.26686	0.4324752818	96199.32597	0	0
S35	32565.27968	0.1622127761	96099.90796	0	0
Ne23	21414.10216	0.2331350784	96152.68419	0	0
neutron	939.56536	2.331067254	96007.91592	0	0
Ne22	20479.73746	0.3466455202	96007.91592	0	0
S35	32565.27968	0.1578845631	96115.67034	0	0
neutron	939.56536	0.3515364846	95987.00075	0	0
S34	31632.70018	0.1495008965	95987.00075	0	0
S35	32565.27968	0.1501494945	95858.91736	0	0
Cl35	32564.60306	0.1179793785	98053.05966	737.7316115	737.5308635
S35	32565.27968	0.152965038	96144.3532	0	0
neutron	939.56536	0.4207962996	96026.07272	0	0
S34	31632.70018	0.2340823683	96026.07272	0	0
Ne23	21414.10216	0.2113460256	95925.89209	0	0
neutron	939.56536	0.2004753538	95798.88553	0	0
Ne22	20479.73746	0.1984347779	95798.88553	0	0
Ne23	21414.10216	0.2326684217	96000.51781	0	0
neutron	939.56536	9.35191364	95932.76202	0	0
proton	938.272013	3.564597498	95932.76202	0	0
neutron	939.56536	1.757371631	95932.76202	0	0
neutron	939.56536	1.322922679	95932.76202	0	0
F19	17692.30285	1.1336738	95932.76202	0	0
neutron	939.56536	15.173088	96045.33483	0	0
neutron	939.56536	8.369395625	96045.33483	0	0
neutron	939.56536	1.152222674	96045.33483	0	0
alpha	3727.379	8.648758448	96045.33483	0	0
O16	14895.08153	0.245799264	96045.33483	0	0
proton	938.272013	5.860656616	95899.17979	0	0
neutron	939.56536	3.579638405	95899.17979	0	0
neutron	939.56536	0.7943930888	95899.17979	0	0
neutron	939.56536	0.6062103794	95899.17979	0	0
P33	30705.30994	0.7739863175	95899.17979	0	0
Ne23	21414.10216	0.2324860871	96015.60329	0	0
Ne23	21414.10216	0.2230315941	96009.73915	0	0
neutron	939.56536	52.44792869	96013.47227	0	0
proton	938.272013	6.45245038	96013.47227	0	0
neutron	939.56536	2.709433534	96013.47227	0	0
neutron	939.56536	0.7117520499	96013.47227	0	0
P33	30705.30994	0.5977851369	96013.47227	0	0
neutron	939.56536	3.712799123	96027.8971	0	0
Ne22	20479.73746	0.074598922	96027.8971	0	0
proton	938.272013	12.67667243	96250.7855	0	0
neutron	939.56536	5.181824415	96250.7855	0	0
neutron	939.56536	1.870163122	96250.7855	0	0
F20	18625.26686	1.4821424	96250.7855	0	0
S35	32565.27968	0.1521560229	95993.23283	0	0
S37	34430.21755	0.1441086944	96139.5963	0	0
Cl37	34424.84314	0.06665193928	97385.48447	461.9277007	461.8124341
neutron	939.56536	7.057029177	96141.05293	0	0
neutron	939.56536	5.445073894	96141.05293	0	0
proton	938.272013	0.7683382746	96141.05293	0	0
alpha	3727.379	4.796454207	96141.05293	0	0
deuteron	1875.613	5.061274304	96141.05293	0	0
C14	13040.87134	0.724073161	96141.05293	0	0
Ne23	21414.10216	0.2232981159	95902.42133	0	0
Ne23	21414.10216	0.2228271299	96041.92152	0	0
Ne23	21414.10216	0.2329464272	96087.11877	0	0
neutron	939.56536	1.070347579	96100.72651	0	0
S34	31632.70018	0.2645300509	96100.72651	0	0
Cl35	32564.60306	0.1829420462	96678.68561	336.1589441	335.699548
S35	32565.27968	0.1616052415	95832.94844	0	0
Cl35	32564.60306	0.0707452797	97896.39927	702.6041327	702.1827453
S35	32565.27968	0.1599772887	96045.74913	0	0
proton	938.272013	10.68201427	96073.27408	0	0
neutron	939.56536	1.996952418	96073.27408	0	0
neutron	939.56536	1.073194548	96073.27408	0	0
P32	29775.84838	0.2079658087	96073.27408	0	0
Ne23	21414.10216	0.2167546904	95924.8127	0	0
neutron	939.56536	1.411957027	95928.67595	0	0
Ne22	20479.73746	0.08464966056	95928.67595	0	0
Ne23	21414.10216	0.2336933991	95968.24267	0	0
Cl35	32564.60306	0.142955873	96037.83798	66.51850376	66.34024751
proton	938.272013	6.337714231	95962.66786	0	0
neutron	939.56536	5.034215723	95962.66786	0	0
neutron	939.56536	3.820195373	95962.66786	0	0
neutron	939.56536	0.4164544364	95962.66786	0	0
deuteron	1875.613	3.41560607	95962.66786	0	0
Si29	26984.28567	0.4722676026	95962.66786	0	0
neutron	939.56536	36.95814457	95894.76572	0	0
neutron	939.56536	5.977082128	95894.76572	0	0
neutron	939.56536	3.447035565	95894.76572	0	0
S32	29773.62828	2.299258246	95894.76572	0	0
proton	938.272013	24.46936566	96129.29093	0	0
neutron	939.56536	8.416257759	96129.29093	0	0
proton	938.272013	3.720892665	96129.29093	0	0
neutron	939.56536	2.589763753	96129.29093	0	0
neutron	939.56536	1.202336106	96129.29093	0	0
Si32	29776.58515	0.5571194106	96129.29093	0	0
neutron	939.56536	47.90791801	96029.90339	0	0
neutron	939.56536	4.67342607	96029.90339	0	0
proton	938.272013	2.767486344	96029.90339	0	0
neutron	939.56536	1.750456263	96029.90339	0	0
P33	30705.30994	1.157072821	96029.90339	0	0
neutron	939.56536	9.448057208	95995.17981	0	0
neutron	939.56536	5.830120277	95995.17981	0	0
proton	938.272013	5.698046482	95995.17981	0	0
proton	938.272013	5.295437023	95995.17981	0	0
neutron	939.56536	4.980553292	95995.17981	0	0
neutron	939.56536	4.891912585	95995.17981	0	0
Si29	26984.28567	2.344021125	95995.17981	0	0
S35	32565.27968	0.1449604094	95819.31165	0	0
Ne23	21414.10216	0.2274638918	96239.07201	0	0
Na23	21409.21625	0.3563925175	98541.48403	935.6605758	935.0406373
neutron	939.56536	47.3631187	96147.04747	0	0
neutron	939.56536	3.094822752	96147.04747	0	0
alpha	3727.379	11.7963971	96147.04747	0	0
O17	15830.5038	0.4503427433	96147.04747	0	0
neutron	939.56536	0.5345627778	95983.76542	0	0
S34	31632.70018	0.1789897962	95983.76542	0	0
neutron	939.56536	26.24039019	96080.07142	0	0
proton	938.272013	7.588465029	96080.07142	0	0
proton	938.272013	7.300391948	96080.07142	0	0
neutron	939.56536	0.9819159679	96080.07142	0	0
neutron	939.56536	0.6627073442	96080.07142	0	0
Si30	27913.24182	1.518675224	96080.07142	0	0
neutron	939.56536	5.647039869	96172.22537	0	0
neutron	939.56536	0.3827255919	96172.22537	0	0
S35	32565.27968	0.3036950413	96172.22537	0	0
neutron	939.56536	1.058237533	96269.69384	0	0
S34	31632.70018	0.05687470937	96269.69384	0	0
Ne23	21414.10216	0.2275154357	96014.04102	0	0
Na23	21409.21625	0.3721438089	97401.40911	574.2607677	573.6807739
neutron	939.56536	7.987117375	95828.47007	0	0
neutron	939.56536	0.1363143014	95828.47007	0	0
Ne21	19550.53637	0.6230169182	95828.47007	0	0
Ne23	21414.10216	0.2089954549	95998.5038	0	0
neutron	939.56536	7.45155343	95778.17443	0	0
neutron	939.56536	5.356869781	95778.17443	0	0
neutron	939.56536	2.862071669	95778.17443	0	0
Ne20	18617.73218	0.2095928013	95778.17443	0	0
neutron	939.56536	20.27725342	96273.55388	0	0
proton	938.272013	5.1932147	96273.55388	0	0
neutron	939.56536	5.003841244	96273.55388	0	0
neutron	939.56536	2.385741925	96273.55388	0	0
P31	28844.21869	0.5424381569	96273.55388	0	0
Na23	21409.21625	0.5531953078	96636.08565	270.1923299	269.5097967
neutron	939.56536	1.55722953	96128.85855	0	0
Ne22	20479.73746	0.05701925644	96128.85855	0	0
neutron	939.56536	1.968379868	96247.69263	0	0
S34	31632.70018	0.04749689224	96247.69263	0	0
neutron	939.56536	3.238209889	96340.14287	0	0
S34	31632.70018	0.2319857327	96340.14287	0	0
Ne23	21414.10216	0.2254049196	95878.69762	0	0
Cl35	32564.60306	0.1323148764	97784.47033	694.3206036	694.0391229
neutron	939.56536	2.538401971	96060.14537	0	0
S34	31632.70018	0.02209132944	96060.14537	0	0
Cl35	32564.60306	0.1050030897	96392.02387	150.135344	149.903224
neutron	939.56536	14.29602338	96101.77959	0	0
neutron	939.56536	4.335707264	96101.77959	0	0
neutron	939.56536	0.08674613131	96101.77959	0	0
Ne20	18617.73218	0.4494356528	96101.77959	0	0
neutron	939.56536	5.938746772	96062.85853	0	0
neutron	939.56536	4.395841752	96062.85853	0	0
proton	938.272013	3.584374171	96062.85853	0	0
neutron	939.56536	1.641940186	96062.85853	0	0
deuteron	1875.613	18.22070697	96062.85853	0	0
O17	15830.5038	1.145995318	96062.85853	0	0
neutron	939.56536	0.703352795	95933.94267	0	0
Ne22	20479.73746	0.2475814637	95933.94267	0	0
neutron	939.56536	3.004373695	95793.46364	0	0
proton	938.272013	2.965354099	95793.46364	0	0
P33	30705.30994	0.2708419868	95793.46364	0	0
neutron	939.56536	0.6225264467	96209.12921	0	0
S34	31632.70018	0.1487299466	96209.12921	0	0
neutron	939.56536	1.105019783	95963.61732	0	0
S34	31632.70018	0.1593695423	95963.61732	0	0
Ne23	21414.10216	0.2238119494	96126.70952	0	0
neutron	939.56536	3.975006686	96141.99661	0	0
neutron	939.56536	3.272020548	96141.99661	0	0
neutron	939.56536	0.9726360536	96141.99661	0	0
alpha	3727.379	4.172208978	96141.99661	0	0
O16	14895.08153	1.021098207	96141.99661	0	0
Na23	21409.21625	0.1500146904	99955.24666	1485.902207	1485.589327
neutron	939.56536	28.33445225	95926.20472	0	0
proton	938.272013	5.166030105	95926.20472	0	0
proton	938.272013	3.478847071	95926.20472	0	0
neutron	939.56536	3.168425012	95926.20472	0	0
O19	17697.63348	0.001642089337	95926.20472	0	0
Cl37	34424.84314	0.0636217021	98622.58649	1018.297269	1018.130132
neutron	939.56536	2.013176792	95780.17943	0	0
S34	31632.70018	0.3281049452	95780.17943	0	0
neutron	939.56536	4.757020188	95930.10437	0	0
neutron	939.56536	1.316748493	95930.10437	0	0
Ne21	19550.53637	0.1370410513	95930.10437	0	0
Na23	21409.21625	0.5088045194	98966.97441	1112.129269	1111.48133
neutron	939.56536	0.894639099	95977.98408	0	0
S36	33494.9558	0.05658412041	95977.98408	0	0
proton	938.272013	7.843395165	96101.37346	0	0
neutron	939.56536	1.421762778	96101.37346	0	0
neutron	939.56536	1.244629341	96101.37346	0	0
F20	18625.26686	0.1838490619	96101.37346	0	0
Ne23	21414.10216	0.2166287509	95987.0451	0	0
Cl37	34424.84314	0.3774811038	98571.18137	966.5238393	966.0675459
neutron	939.56536	1.556351868	96078.78842	0	0
neutron	939.56536	0.7022153788	96078.78842	0	0
S33	30704.55199	0.04918735432	96078.78842	0	0
Cl35	32564.60306	1.111606666	98548.22229	980.2012007	978.7027334
Ne23	21414.10216	0.2201657161	95986.17433	0	0
Cl35	32564.60306	0.1109197909	96570.87128	205.7143223	205.5364332
neutron	939.56536	1.829308882	95869.63496	0	0
S34	31632.70018	0.172308421	95869.63496	0	0
neutron	939.56536	25.92202812	96056.5243	0	0
neutron	939.56536	0.8898580941	96056.5243	0	0
neutron	939.56536	0.5358401395	96056.5243	0	0
Ne20	18617.73218	0.6277150367	96056.5243	0	0
neutron	939.56536	1.683997955	96093.47056	0	0
Ne22	20479.73746	0.05243064188	96093.47056	0	0
neutron	939.56536	4.258546625	96160.34743	0	0
neutron	939.56536	3.274917671	96160.34743	0	0
S33	30704.55199	0.6130631974	96160.34743	0	0
neutron	939.56536	0.3317203178	96073.70081	0	0
S36	33494.9558	0.1260806051	96073.70081	0	0
neutron	939.56536	0.3488408225	95938.98134	0	0
Ne22	20479.73746	0.3023239889	95938.98134	0	0
Cl35	32564.60306	0.1061069737	99295.69199	1228.468034	1228.356122
Cl37	34424.84314	0.06489836631	98626.02196	944.9634914	944.6168273
Cl35	32564.60306	0.06882486638	96709.58204	208.8403732	208.622445
neutron	939.56536	9.523912221	96378.78468	0	0
proton	938.272013	7.765213689	96378.78468	0	0
neutron	939.56536	7.716456423	96378.78468	0	0
proton	938.272013	7.057714905	96378.78468	0	0
neutron	939.56536	5.369020008	96378.78468	0	0
neutron	939.56536	1.674410926	96378.78468	0	0
Si29	26984.28567	1.198849653	96378.78468	0	0
Ne23	21414.10216	0.2302068136	96067.03841	0	0
neutron	939.56536	20.45026787	96124.49142	0	0
neutron	939.56536	6.871763347	96124.49142	0	0
neutron	939.56536	3.689032284	96124.49142	0	0
Ne20	18617.73218	0.1225442744	96124.49142	0	0
neutron	939.56536	2.075954943	95865.87038	0	0
S34	31632.70018	0.04548357303	95865.87038	0	0
S37	34430.21755	0.1343938315	96265.98236	0	0
proton	938.272013	18.32262228	96156.61784	0	0
neutron	939.56536	15.94599214	96156.61784	0	0
neutron	939.56536	0.772966234	96156.61784	0	0
P34	31638.59261	0.3111475675	96156.61784	0	0
neutron	939.56536	0.1138162524	95951.62796	0	0
Ne22	20479.73746	0.2800861586	95951.62796	0	0
Na23	21409.21625	0.1486367787	99638.62926	1373.011005	1372.852668
proton	938.272013	23.39195035	95989.0652	0	0
neutron	939.56536	3.984530236	95989.0652	0	0
neutron	939.56536	0.1696795585	95989.0652	0	0
F20	18625.26686	0.775595615	95989.0652	0	0
neutron	939.56536	1.089810383	96443.12983	0	0
S34	31632.70018	0.2723646694	96443.12983	0	0
neutron	939.56536	0.7831409184	95805.94682	0	0
S34	31632.70018	0.2413954582	95805.94682	0	0
neutron	939.56536	5.792836115	95935.43804	0	0
neutron	939.56536	5.322230231	95935.43804	0	0
neutron	939.56536	0.8175077722	95935.43804	0	0
Ne20	18617.73218	0.08787371394	95935.43804	0	0
S37	34430.21755	0.1353289365	96107.66992	0	0
neutron	939.56536	0.1139336649	96000.48427	0	0
S36	33494.9558	0.1041703322	96000.48427	0	0
neutron	939.56536	0.5241055023	95831.09179	0	0
Ne22	20479.73746	0.1448753621	95831.09179	0	0
S35	32565.27968	0.1582138302	96043.9073	0	0
Ne23	21414.10216	0.2142565678	95989.12509	0	0
S35	32565.27968	0.1659279352	96211.95387	0	0
S35	32565.27968	0.1476641278	95751.04928	0	0
neutron	939.56536	1.36153822	96028.73907	0	0
S34	31632.70018	0.09951173849	96028.73907	0	0
neutron	939.56536	0.4810946687	95986.19459	0	0
S36	33494.9558	0.2207820127	95986.19459	0	0
neutron	939.56536	1.170525462	96326.09609	0	0
S34	31632.70018	0.2573155021	96326.09609	0	0
neutron	939.56536	3.161995611	96059.85122	0	0
neutron	939.56536	1.286400629	96059.85122	0	0
Ne21	19550.53637	0.2258013742	96059.85122	0	0
Ne23	21414.10216	0.2301017539	96076.24523	0	0
neutron	939.56536	1.098417239	95977.09775	0	0
S34	31632.70018	0.09092548971	95977.09775	0	0
S35	32565.27968	0.1633764041	95836.47996	0	0
proton	938.272013	12.99616819	96001.20373	0	0
neutron	939.56536	4.098599725	96001.20373	0	0
F21	19556.73074	1.66095515	96001.20373	0	0
neutron	939.56536	6.658214675	95939.8776	0	0
neutron	939.56536	3.844561137	95939.8776	0	0
neutron	939.56536	1.262994163	95939.8776	0	0
alpha	3727.379	6.410295128	95939.8776	0	0
O16	14895.08153	0.8232394616	95939.8776	0	0
S35	32565.27968	0.1461033719	95995.48073	0	0
Cl35	32564.60306	0.1237496854	97652.09071	657.9659789	657.6820453
neutron	939.56536	12.2836828	96051.73562	0	0
proton	938.272013	4.896615713	96051.73562	0	0
proton	938.272013	4.448243855	96051.73562	0	0
neutron	939.56536	0.7633524164	96051.73562	0	0
neutron	939.56536	0.4569781644	96051.73562	0	0
Si30	27913.24182	0.02505026483	96051.73562	0	0
proton	938.272013	18.32371006	95967.23473	0	0
proton	938.272013	11.8358309	95967.23473	0	0
neutron	939.56536	2.737072484	95967.23473	0	0
Si32	29776.58515	0.5684150155	95967.23473	0	0
neutron	939.56536	14.30425076	95876.35983	0	0
proton	938.272013	2.128579208	95876.35983	0	0
F21	19556.73074	1.271189786	95876.35983	0	0
neutron	939.56536	0.3933108493	96077.89334	0	0
S34	31632.70018	0.1005430809	96077.89334	0	0
neutron	939.56536	0.491936623	95973.06393	0	0
S34	31632.70018	0.1437449081	95973.06393	0	0
Na23	21409.21625	0.09965007526	99012.32518	1158.445378	1158.290423
neutron	939.56536	0.3628540009	95874.76328	0	0
S34	31632.70018	0.1778910721	95874.76328	0	0
proton	938.272013	16.67576937	96059.20706	0	0
neutron	939.56536	2.583237793	96059.20706	0	0
neutron	939.56536	0.9632164599	96059.20706	0	0
neutron	939.56536	0.6088608656	96059.20706	0	0
P31	28844.21869	0.05977856192	96059.20706	0	0
neutron	939.56536	1.195454375	95977.5445	0	0
Ne22	20479.73746	0.05163202288	95977.5445	0	0
neutron	939.56536	1.155625586	95825.93427	0	0
S34	31632.70018	0.1002515157	95825.93427	0	0
Cl35	32564.60306	0.08916478211	97479.84648	565.4695615	565.3455711
neutron	939.56536	0.5546878631	96059.29804	0	0
Ne22	20479.73746	0.2786592565	96059.29804	0	0
S35	32565.27968	0.1505206194	96286.14254	0	0
neutron	939.56536	0.1783380111	95930.83542	0	0
Ne22	20479.73746	0.2336802971	95930.83542	0	0
Na23	21409.21625	0.1455886132	97298.52652	549.9200801	549.7727961
Cl35	32564.60306	0.07078940327	99072.35474	1136.551694	1136.423884
neutron	939.56536	2.807206841	95897.45519	0	0
S34	31632.70018	0.322039614	95897.45519	0	0
Ne23	21414.10216	0.2312618494	96190.49282	0	0
Na23	21409.21625	0.1161661698	98824.89579	1101.672747	1101.410033
neutron	939.56536	1.151533608	95814.18987	0	0
S34	31632.70018	0.181387089	95814.18987	0	0
proton	938.272013	5.453296907	96273.40378	0	0
neutron	939.56536	3.861347398	96273.40378	0	0
proton	938.272013	3.122383241	96273.40378	0	0
neutron	939.56536	2.629033365	96273.40378	0	0
neutron	939.56536	2.089518645	96273.40378	0	0
neutron	939.56536	0.07925215816	96273.40378	0	0
Si31	28846.21977	0.8563644363	96273.40378	0	0
neutron	939.56536	2.690201072	95931.19758	0	0
Ne22	20479.73746	0.3612625678	95931.19758	0	0
Cl35	32564.60306	0.07775510027	97654.63377	632.5547176	632.4441856
neutron	939.56536	2.621309741	95968.90296	0	0
Ne22	20479.73746	0.1935721463	95968.90296	0	0
Cl35	32564.60306	0.06728618097	96478.29308	188.3069727	188.1803072
neutron	939.56536	5.585379366	96070.0725	0	0
alpha	3727.379	4.995016284	96070.0725	0	0
alpha	3727.379	5.706454061	96070.0725	0	0
C14	13040.87134	0.1599908204	96070.0725	0	0
Ne23	21414.10216	0.2271324061	95994.05899	0	0
neutron	939.56536	7.489366937	95863.93241	0	0
proton	938.272013	6.22063648	95863.93241	0	0
proton	938.272013	4.730352618	95863.93241	0	0
neutron	939.56536	1.357686223	95863.93241	0	0
neutron	939.56536	0.7369519144	95863.93241	0	0
O18	16762.02378	0.5632013572	95863.93241	0	0
neutron	939.56536	0.7837469641	96041.69538	0	0
S34	31632.70018	0.2606578268	96041.69538	0	0
neutron	939.56536	0.6051877351	95889.98339	0	0
S36	33494.9558	0.0693373059	95889.98339	0	0
neutron	939.56536	22.13638655	96295.38903	0	0
neutron	939.56536	11.09183116	96295.38903	0	0
neutron	939.56536	1.897006105	96295.38903	0	0
Ne20	18617.73218	3.130383386	96295.38903	0	0
neutron	939.56536	4.50141118	96090.77893	0	0
Ne22	20479.73746	0.2793584467	96090.77893	0	0
Na23	21409.21625	0.1188365309	95805.17411	24.84170691	24.49498405
proton	938.272013	8.436332187	95794.18564	0	0
neutron	939.56536	3.556476467	95794.18564	0	0
neutron	939.56536	1.676839093	95794.18564	0	0
neutron	939.56536	0.5194942586	95794.18564	0	0
P31	28844.21869	0.4807591861	95794.18564	0	0
neutron	939.56536	0.3458560677	96107.68337	0	0
Ne22	20479.73746	0.3016732759	96107.68337	0	0
Cl37	34424.84314	0.1060127251	98510.58346	971.3457796	971.036321
neutron	939.56536	0.5243348623	95860.40208	0	0
S34	31632.70018	0.2360519219	95860.40208	0	0
neutron	939.56536	0.7051047712	96332.56712	0	0
S34	31632.70018	0.09602531694	96332.56712	0	0
neutron	939.56536	1.521581769	96048.17224	0	0
S34	31632.70018	0.1638112517	96048.17224	0	0
neutron	939.56536	10.1992853	96231.15887	0	0
neutron	939.56536	4.127405649	96231.15887	0	0
neutron	939.56536	0.07524639535	96231.15887	0	0
S34	31632.70018	0.4160520944	96231.15887	0	0
proton	938.272013	23.24191826	95990.28414	0	0
P34	31638.59261	0.7015887168	95990.28414	0	0
S35	32565.27968	0.1612554218	96345.20974	0	0
Cl35	32564.60306	0.4577701661	96561.13462	194.1088634	193.3410275
neutron	939.56536	0.6861445018	96226.59968	0	0
Ne22	20479.73746	0.0901341135	96226.59968	0	0
neutron	939.56536	0.7496566972	95842.14573	0	0
S34	31632.70018	0.2668338165	95842.14573	0	0
S35	32565.27968	0.1567628135	96043.59975	0	0
neutron	939.56536	1.021380146	96047.18683	0	0
S34	31632.70018	0.1434802508	96047.18683	0	0
neutron	939.56536	1.734222847	96061.27413	0	0
S34	31632.70018	0.03324607249	96061.27413	0	0
proton	938.272013	6.754717832	95980.20246	0	0
proton	938.272013	4.559805689	95980.20246	0	0
neutron	939.56536	2.946655817	95980.20246	0	0
neutron	939.56536	2.369141194	95980.20246	0	0
neutron	939.56536	0.9642830253	95980.20246	0	0
Si30	27913.24182	0.1200737839	95980.20246	0	0
S35	32565.27968	0.1527418927	95910.90109	0	0
Na23	21409.21625	0.1823268733	97749.64401	659.9706945	659.7871212
S35	32565.27968	0.1606337881	96220.97279	0	0
neutron	939.56536	3.656437878	95952.09905	0	0
neutron	939.56536	1.115134282	95952.09905	0	0
Ne21	19550.53637	0.0542995371	95952.09905	0	0
neutron	939.56536	0.6485758963	96133.85679	0	0
Ne22	20479.73746	0.2571671041	96133.85679	0	0
neutron	939.56536	0.4394436963	95939.59856	0	0
S34	31632.70018	0.09845394823	95939.59856	0	0
S37	34430.21755	0.1370453709	96128.02485	0	0
S35	32565.27968	0.1565974471	95994.93971	0	0
proton	938.272013	46.14133408	95820.65834	0	0
neutron	939.56536	16.82319188	95820.65834	0	0
F21	19556.73074	1.639504773	95820.65834	0	0
S35	32565.27968	0.1609171767	96057.40843	0	0
neutron	939.56536	0.7136371321	95918.86235	0	0
Ne22	20479.73746	0.230111684	95918.86235	0	0
neutron	939.56536	2.400952791	96025.77999	0	0
S34	31632.70018	0.2721599866	96025.77999	0	0
neutron	939.56536	8.361823017	95964.01632	0	0
neutron	939.56536	2.021242497	95964.01632	0	0
alpha	3727.379	4.431598764	95964.01632	0	0
O17	15830.5038	0.5260934562	95964.01632	0	0
neutron	939.56536	6.784256256	96033.64195	0	0
proton	938.272013	6.444661868	96033.64195	0	0
neutron	939.56536	6.154008563	96033.64195	0	0
neutron	939.56536	4.687066521	96033.64195	0	0
proton	938.272013	4.200405602	96033.64195	0	0
neutron	939.56536	1.310935266	96033.64195	0	0
Si29	26984.28567	0.3429318071	96033.64195	0	0
proton	938.272013	44.71612038	96201.99944	0	0
neutron	939.56536	0.2996576273	96201.99944	0	0
P33	30705.30994	1.671068284	96201.99944	0	0
neutron	939.56536	1.02284846	96099.18436	0	0
S34	31632.70018	0.295622642	96099.18436	0	0
Cl37	34424.84314	0.06734753717	99789.13323	1419.530852	1419.392295
neutron	939.56536	9.864445873	96167.2945	0	0
neutron	939.56536	4.394689249	96167.2945	0	0
neutron	939.56536	3.232834635	96167.2945	0	0
neutron	939.56536	3.220992683	96167.2945	0	0
neutron	939.56536	3.13609396	96167.2945	0	0
S32	29773.62828	0.7318787831	96167.2945	0	0
Cl35	32564.60306	0.1263397015	99206.18852	1159.891252	1159.644308
Cl35	32564.60306	0.1132153556	98835.08525	1076.4941	1076.310535
Na23	21409.21625	0.2060639099	97851.71091	687.4192392	686.8321313
Cl37	34424.84314	0.06770671478	96543.7869	233.106258	232.9361865
neutron	939.56536	8.569361545	96000.53155	0	0
proton	938.272013	4.058981333	96000.53155	0	0
neutron	939.56536	0.09495756969	96000.53155	0	0
F20	18625.26686	0.64698915	96000.53155	0	0
Cl35	32564.60306	0.1645623033	98352.50692	901.056308	900.3091857
S35	32565.27968	0.1604043055	95962.47045	0	0
neutron	939.56536	1.311366847	95968.15321	0	0
S34	31632.70018	0.2109004181	95968.15321	0	0
neutron	939.56536	0.3854499913	96061.79955	0	0
S34	31632.70018	0.1479797045	96061.79955	0	0
neutron	939.56536	6.277943931	95926.12022	0	0
neutron	939.56536	3.98132399	95926.12022	0	0
proton	938.272013	3.084935403	95926.12022	0	0
neutron	939.56536	2.397138616	95926.12022	0	0
P31	28844.21869	0.5239669193	95926.12022	0	0
neutron	939.56536	0.1581523067	95931.47276	0	0
S34	31632.70018	0.1799144668	95931.47276	0	0
neutron	939.56536	0.4736928207	96137.49193	0	0
S34	31632.70018	0.08340551695	96137.49193	0	0
Ne23	21414.10216	0.2011906957	96027.03266	0	0
neutron	939.56536	1.163171778	96281.02551	0	0
S34	31632.70018	0.04983369089	96281.02551	0	0
Cl37	34424.84314	0.1695852699	97771.48011	647.2522181	647.0696141
neutron	939.56536	18.51468025	96037.33172	0	0
neutron	939.56536	15.39259154	96037.33172	0	0
neutron	939.56536	1.675144348	96037.33172	0	0
neutron	939.56536	0.5291740166	96037.33172	0	0
S33	30704.55199	2.25068285	96037.33172	0	0
neutron	939.56536	1.452208099	96070.59586	0	0
S34	31632.70018	0.1066251088	96070.59586	0	0
neutron	939.56536	14.53566125	96158.51364	0	0
Ne22	20479.73746	0.5760363989	96158.51364	0	0
neutron	939.56536	6.77853795	96033.70469	0	0
neutron	939.56536	4.506088947	96033.70469	0	0
neutron	939.56536	0.2954746357	96033.70469	0	0
S32	29773.62828	0.1746503804	96033.70469	0	0
neutron	939.56536	1.54860692	96479.12952	0	0
S34	31632.70018	0.0312548222	96479.12952	0	0
neutron	939.56536	2.248530392	96379.60868	0	0
S34	31632.70018	0.1581725123	96379.60868	0	0
proton	938.272013	16.64031253	96369.1017	0	0
neutron	939.56536	5.563660998	96369.1017	0	0
neutron	939.56536	0.2735103316	96369.1017	0	0
P32	29775.84838	0.171210386	96369.1017	0	0
neutron	939.56536	18.41815194	96025.83684	0	0
neutron	939.56536	1.106466464	96025.83684	0	0
S33	30704.55199	0.9042077363	96025.83684	0	0
Cl35	32564.60306	0.08953597193	96762.99336	317.4258727	317.3292748
proton	938.272013	36.33171111	95972.5197	0	0
neutron	939.56536	7.101208988	95972.5197	0	0
neutron	939.56536	3.821567943	95972.5197	0	0
P34	31638.59261	0.32290525	95972.5197	0	0
neutron	939.56536	11.98161795	96018.86374	0	0
He3	2808.391	12.32757502	96018.86374	0	0
O19	17697.63348	1.317676929	96018.86374	0	0
neutron	939.56536	12.57040375	96171.76262	0	0
proton	938.272013	6.203736908	96171.76262	0	0
neutron	939.56536	3.03379453	96171.76262	0	0
neutron	939.56536	2.623442923	96171.76262	0	0
P31	28844.21869	0.4304008169	96171.76262	0	0
Cl35	32564.60306	0.1115134287	99779.27483	1381.619971	1381.25844
Ne23	21414.10216	0.2298132115	96038.50334	0	0
neutron	939.56536	1.24719283	96097.55479	0	0
S34	31632.70018	0.06467323906	96097.55479	0	0
Ne23	21414.10216	0.234721135	96252.99563	0	0
S35	32565.27968	0.1492624977	95913.36444	0	0
S35	32565.27968	0.166124062	96056.31361	0	0
S37	34430.21755	0.1375005202	96062.46122	0	0
proton	938.272013	41.38633075	95782.1346	0	0
proton	938.272013	11.06411663	95782.1346	0	0
neutron	939.56536	4.035964767	95782.1346	0	0
neutron	939.56536	0.4454499215	95782.1346	0	0
Si31	28846.21977	0.5035226768	95782.1346	0	0
neutron	939.56536	0.3586687239	96027.33674	0	0
S36	33494.9558	0.1662025979	96027.33674	0	0
S35	32565.27968	0.1642327329	95848.24804	0	0
neutron	939.56536	20.56657427	96041.04664	0	0
proton	938.272013	4.339040291	96041.04664	0	0
neutron	939.56536	1.910858557	96041.04664	0	0
P32	29775.84838	0.55892608	96041.04664	0	0
neutron	939.56536	2.85140039	96026.28867	0	0
S34	31632.70018	0.09194712919	96026.28867	0	0
S35	32565.27968	0.1465894139	96188.01914	0	0
neutron	939.56536	14.29754331	95868.10437	0	0
neutron	939.56536	6.148965444	95868.10437	0	0
neutron	939.56536	1.936070704	95868.10437	0	0
S32	29773.62828	1.342187684	95868.10437	0	0
neutron	939.56536	43.3846675	96369.4607	0	0
neutron	939.56536	2.137707676	96369.4607	0	0
S33	30704.55199	1.591795257	96369.4607	0	0
neutron	939.56536	10.13835437	96025.5228	0	0
neutron	939.56536	6.066983529	96025.5228	0	0
neutron	939.56536	5.178993511	96025.5228	0	0
alpha	3727.379	5.026112107	96025.5228	0	0
alpha	3727.379	1.533882863	96025.5228	0	0
C12	11174.86339	6.248328837	96025.5228	0	0
Ne23	21414.10216	0.2116105193	96138.42366	0	0
Na23	21409.21625	0.2098762624	96973.91578	344.70056	344.3367558
neutron	939.56536	1.7523969	96224.15838	0	0
S34	31632.70018	0.07019062091	96224.15838	0	0
neutron	939.56536	4.49414063	96221.41906	0	0
neutron	939.56536	1.005970652	96221.41906	0	0
neutron	939.56536	0.8910227169	96221.41906	0	0
Ne20	18617.73218	0.2986059321	96221.41906	0	0
neutron	939.56536	1.051494797	95864.76644	0	0
neutron	939.56536	0.4628435861	95864.76644	0	0
neutron	939.56536	0.3140857276	95864.76644	0	0
S32	29773.62828	0.1479970801	95864.76644	0	0
neutron	939.56536	0.6090662866	95892.27639	0	0
Ne22	20479.73746	0.1030842737	95892.27639	0	0
Cl35	32564.60306	0.06604092964	99272.22833	1245.929486	1245.850161
Cl35	32564.60306	0.0666402401	97746.77417	692.6838044	692.524264
neutron	939.56536	11.5176361	95951.02511	0	0
neutron	939.56536	9.237214917	95951.02511	0	0
proton	938.272013	6.17079923	95951.02511	0	0
neutron	939.56536	5.886024711	95951.02511	0	0
P31	28844.21869	0.4906353861	95951.02511	0	0
Na23	21409.21625	0.1539435458	96499.22649	216.5872777	216.4167863
neutron	939.56536	0.2542052582	96013.23715	0	0
S34	31632.70018	0.1419599744	96013.23715	0	0
Na23	21409.21625	0.1717420254	97016.54412	360.4531848	360.1458476
neutron	939.56536	0.1948348039	96118.47323	0	0
S34	31632.70018	0.1611352492	96118.47323	0	0
neutron	939.56536	7.847990714	95789.79918	0	0
neutron	939.56536	5.738541554	95789.79918	0	0
neutron	939.56536	0.6913949339	95789.79918	0	0
S32	29773.62828	0.550584726	95789.79918	0	0
Ne23	21414.10216	0.2192111483	95863.31318	0	0
neutron	939.56536	1.703317809	96300.71894	0	0
neutron	939.56536	0.648783826	96300.71894	0	0
S35	32565.27968	0.08694532508	96300.71894	0	0
Cl35	32564.60306	0.06606595152	97091.69416	393.9319673	393.6638161
Ne23	21414.10216	0.204120722	96090.28991	0	0
neutron	939.56536	1.602313027	96099.75891	0	0
S34	31632.70018	0.07020369058	96099.75891	0	0
Ne23	21414.10216	0.2233831015	95897.45922	0	0
neutron	939.56536	0.5782530816	96281.35955	0	0
S34	31632.70018	0.06871903245	96281.35955	0	0
neutron	939.56536	10.69340524	96166.92777	0	0
neutron	939.56536	4.217887606	96166.92777	0	0
neutron	939.56536	0.7703439483	96166.92777	0	0
Ne20	18617.73218	0.3803486064	96166.92777	0	0
neutron	939.56536	32.46889248	96168.41041	0	0
neutron	939.56536	25.33433925	96168.41041	0	0
neutron	939.56536	2.572074568	96168.41041	0	0
Ne20	18617.73218	0.6442364941	96168.41041	0	0
proton	938.272013	25.59727029	95968.32148	0	0
proton	938.272013	4.787326241	95968.32148	0	0
Si33	30711.64254	0.4386816555	95968.32148	0	0
Ne23	21414.10216	0.2328594214	96166.16912	0	0
S35	32565.27968	0.134002176	95980.5148	0	0
neutron	939.56536	37.69035607	96087.77382	0	0
proton	938.272013	28.32165068	96087.77382	0	0
neutron	939.56536	0.5854689036	96087.77382	0	0
P32	29775.84838	0.9989746562	96087.77382	0	0
neutron	939.56536	0.4387892884	95874.67194	0	0
Ne22	20479.73746	0.3516739527	95874.67194	0	0
neutron	939.56536	1.030885655	95897.59182	0	0
S34	31632.70018	0.04468110626	95897.59182	0	0
neutron	939.56536	4.421001347	95927.45681	0	0
alpha	3727.379	6.510772136	95927.45681	0	0
O18	16762.02378	1.851230022	95927.45681	0	0
Na23	21409.21625	0.2482570043	97944.73116	700.6874526	700.3242961
neutron	939.56536	2.571631636	96108.89417	0	0
S34	31632.70018	0.1181876356	96108.89417	0	0
Ne23	21414.10216	0.2166440211	95787.26334	0	0
neutron	939.56536	1.184985454	95881.64699	0	0
Ne22	20479.73746	0.1770535251	95881.64699	0	0
proton	938.272013	10.61458737	96050.51843	0	0
F22	20491.06576	0.1220414062	96050.51843	0	0
Cl35	32564.60306	0.08778093784	98155.9278	818.6478299	818.5319097
neutron	939.56536	3.920803967	95860.97927	0	0
S34	31632.70018	0.105085272	95860.97927	0	0
Ne23	21414.10216	0.2197434724	95883.02986	0	0
S35	32565.27968	0.154205083	95973.44883	0	0
neutron	939.56536	0.1852504809	96092.15083	0	0
S34	31632.70018	0.1071415671	96092.15083	0	0
Ne23	21414.10216	0.2250789268	96068.69756	0	0
proton	938.272013	33.20373564	96128.2989	0	0
neutron	939.56536	12.32743031	96128.2989	0	0
neutron	939.56536	5.593241765	96128.2989	0	0
neutron	939.56536	2.072468643	96128.2989	0	0
P33	30705.30994	0.5595663967	96128.2989	0	0
Na23	21409.21625	0.1067946404	99282.5675	1229.619347	1229.240793
S35	32565.27968	0.1617508755	96040.92386	0	0
Cl35	32564.60306	0.3287964084	98420.19902	777.1002844	776.3640998
neutron	939.56536	0.3983871768	96437.35444	0	0
S34	31632.70018	0.1903370167	96437.35444	0	0
Cl35	32564.60306	0.4102961175	96752.76061	291.3324242	290.7959329
Ne23	21414.10216	0.2149451499	96122.8994	0	0
neutron	939.56536	0.2727555565	96153.95769	0	0
S34	31632.70018	0.1325410074	96153.95769	0	0
Na23	21409.21625	0.1244875352	97529.89396	651.125916	650.3691994
neutron	939.56536	4.123974461	95746.72771	0	0
proton	938.272013	2.795876416	95746.72771	0	0
P33	30705.30994	0.1540647003	95746.72771	0	0
neutron	939.56536	2.806332351	96040.60907	0	0
S34	31632.70018	0.2317302389	96040.60907	0	0
Ne23	21414.10216	0.2241775335	95863.55042	0	0
neutron	939.56536	3.82976136	95885.23668	0	0
neutron	939.56536	3.366950745	95885.23668	0	0
neutron	939.56536	1.6889179	95885.23668	0	0
S32	29773.62828	0.6848423657	95885.23668	0	0
neutron	939.56536	0.1351924613	95779.18785	0	0
Ne22	20479.73746	0.2904096288	95779.18785	0	0
Cl37	34424.84314	0.07925658252	98078.08678	772.9458448	772.7777904
neutron	939.56536	12.65251564	95885.48448	0	0
neutron	939.56536	9.005639171	95885.48448	0	0
proton	938.272013	4.305484654	95885.48448	0	0
neutron	939.56536	2.416474572	95885.48448	0	0
neutron	939.56536	0.6320038244	95885.48448	0	0
P32	29775.84838	0.7566658726	95885.48448	0	0
neutron	939.56536	15.37553074	96238.92739	0	0
neutron	939.56536	9.524276455	96238.92739	0	0
neutron	939.56536	1.007984941	96238.92739	0	0
alpha	3727.379	3.443940422	96238.92739	0	0
O16	14895.08153	2.424664508	96238.92739	0	0
neutron	939.56536	18.65951686	95917.69392	0	0
neutron	939.56536	3.497349684	95917.69392	0	0
neutron	939.56536	2.38735728	95917.69392	0	0
alpha	3727.379	10.97929094	95917.69392	0	0
O16	14895.08153	3.159158607	95917.69392	0	0
Cl35	32564.60306	0.07794456218	98168.0037	859.8826326	859.5691633
neutron	939.56536	1.595440501	96065.8335	0	0
neutron	939.56536	0.8240490192	96065.8335	0	0
neutron	939.56536	0.5915801869	96065.8335	0	0
Ne20	18617.73218	0.04120700903	96065.8335	0	0
neutron	939.56536	3.112445886	96052.92189	0	0
neutron	939.56536	2.21554418	96052.92189	0	0
neutron	939.56536	0.6748346669	96052.92189	0	0
alpha	3727.379	10.16195482	96052.92189	0	0
O16	14895.08153	0.6474517041	96052.92189	0	0
Na23	21409.21625	0.1827991569	99072.68529	1137.025245	1136.769924
Cl35	32564.60306	0.09766685827	98022.78585	728.4858637	727.4756026
S35	32565.27968	0.1605142705	96083.88776	0	0
neutron	939.56536	28.98927134	96202.14156	0	0
proton	938.272013	8.239787706	96202.14156	0	0
neutron	939.56536	0.6268542971	96202.14156	0	0
alpha	3727.379	7.286373007	96202.14156	0	0
Al28	26058.3459	3.295926577	96202.14156	0	0
Cl35	32564.60306	0.1678477111	99168.917	1178.558786	1178.355177
proton	938.272013	9.11416563	95751.47335	0	0
neutron	939.56536	1.665740626	95751.47335	0	0
F21	19556.73074	0.6144963135	95751.47335	0	0
neutron	939.56536	0.4927949013	96110.9134	0	0
S36	33494.9558	0.1654366506	96110.9134	0	0
Ne23	21414.10216	0.213486694	95775.81901	0	0
Na23	21409.21625	0.3131323059	97021.22553	365.6137199	364.9561605
proton	938.272013	14.49857536	96089.68138	0	0
neutron	939.56536	12.17742504	96089.68138	0	0
neutron	939.56536	2.065528017	96089.68138	0	0
neutron	939.56536	0.7398241827	96089.68138	0	0
F19	17692.30285	0.4697210958	96089.68138	0	0
neutron	939.56536	0.4007182281	96205.4686	0	0
S34	31632.70018	0.228587493	96205.4686	0	0
neutron	939.56536	0.01484959136	95842.38984	0	0
S34	31632.70018	0.146098121	95842.38984	0	0
neutron	939.56536	1.190793044	96028.91124	0	0
S36	33494.9558	0.2539453299	96028.91124	0	0
neutron	939.56536	0.03581456751	95921.38289	0	0
S34	31632.70018	0.1418051446	95921.38289	0	0
Cl35	32564.60306	0.07699061896	96225.28682	56.63810634	56.45658409
proton	938.272013	15.50791522	96150.02225	0	0
neutron	939.56536	5.67681397	96150.02225	0	0
neutron	939.56536	4.08812153	96150.02225	0	0
neutron	939.56536	2.415842856	96150.02225	0	0
P31	28844.21869	0.690004306	96150.02225	0	0
S35	32565.27968	0.1502856878	95839.57894	0	0
neutron	939.56536	1.598206115	96178.53756	0	0
neutron	939.56536	0.5307297015	96178.53756	0	0
S33	30704.55199	0.02550562809	96178.53756	0	0
S35	32565.27968	0.151187063	96391.83683	0	0
neutron	939.56536	12.76668973	96223.61719	0	0
proton	938.272013	8.996994441	96223.61719	0	0
neutron	939.56536	2.70110323	96223.61719	0	0
neutron	939.56536	2.047965191	96223.61719	0	0
P33	30705.30994	0.7404400489	96223.61719	0	0
neutron	939.56536	0.4994439227	96148.9836	0	0
S34	31632.70018	0.1533309285	96148.9836	0	0
S35	32565.27968	0.1545963512	96003.75549	0	0
S35	32565.27968	0.1559989487	96143.82806	0	0
neutron	939.56536	1.400820434	95853.7956	0	0
S34	31632.70018	0.03488122619	95853.7956	0	0
S35	32565.27968	0.1460853998	95960.88212	0	0
neutron	939.56536	35.7646186	95889.59577	0	0
proton	938.272013	2.827953179	95889.59577	0	0
neutron	939.56536	0.3259449576	95889.59577	0	0
P32	29775.84838	1.30422203	95889.59577	0	0
neutron	939.56536	9.795964497	96160.80976	0	0
proton	938.272013	8.350751051	96160.80976	0	0
neutron	939.56536	8.121246938	96160.80976	0	0
neutron	939.56536	0.6450553579	96160.80976	0	0
alpha	3727.379	6.16371358	96160.80976	0	0
Al27	25126.50566	2.921928086	96160.80976	0	0
Na23	21409.21625	0.245951553	99624.65183	1370.727654	1370.297464
Na23	21409.21625	0.1774671303	99302.47687	1258.44106	1258.233407
neutron	939.56536	1.337155487	95967.2498	0	0
Ne22	20479.73746	0.0550167787	95967.2498	0	0
Cl35	32564.60306	0.07535671429	99607.14889	1344.500116	1344.377397
Na23	21409.21625	0.8961511827	98033.19453	726.7799106	725.8203739
Ne23	21414.10216	0.21969195	96051.16615	0	0
S35	32565.27968	0.162283801	96135.33129	0	0
S35	32565.27968	0.1423613481	95984.1324	0	0
neutron	939.56536	2.629733054	96274.5766	0	0
neutron	939.56536	2.04390015	96274.5766	0	0
alpha	3727.379	12.80410717	96274.5766	0	0
Si29	26984.28567	1.301156409	96274.5766	0	0
neutron	939.56536	0.8805034436	96125.35274	0	0
Ne22	20479.73746	0.3581222019	96125.35274	0	0
S35	32565.27968	0.1476936527	95895.60097	0	0
neutron	939.56536	9.867339032	95843.72647	0	0
neutron	939.56536	5.544245541	95843.72647	0	0
neutron	939.56536	5.384427293	95843.72647	0	0
alpha	3727.379	10.7338501	95843.72647	0	0
O16	14895.08153	4.610556912	95843.72647	0	0
Cl35	32564.60306	0.1591197619	98179.77319	822.6946546	822.484243
neutron	939.56536	0.671469822	95960.3291	0	0
S34	31632.70018	0.1435227177	95960.3291	0	0
neutron	939.56536	8.651754483	95870.76939	0	0
alpha	3727.379	9.283412745	95870.76939	0	0
Si30	27913.24182	0.7843879908	95870.76939	0	0
Na23	21409.21625	1.475735891	97777.94943	619.7077451	618.0079235
S35	32565.27968	0.1574530057	96206.75508	0	0
neutron	939.56536	1.245209744	95807.59566	0	0
S34	31632.70018	0.1721833525	95807.59566	0	0
neutron	939.56536	13.92937266	96042.56353	0	0
neutron	939.56536	13.22376718	96042.56353	0	0
neutron	939.56536	3.485674404	96042.56353	0	0
Ne20	18617.73218	0.3651069678	96042.56353	0	0
neutron	939.56536	1.160469155	96052.61671	0	0
S34	31632.70018	0.261710647	96052.61671	0	0
Cl35	32564.60306	0.07250960968	99733.4122	1401.663589	1401.583861
Na23	21409.21625	0.4322426995	99709.21975	1360.902794	1360.325502
Cl35	32564.60306	0.06836878112	96864.65286	360.8562929	360.5645652
Ne23	21414.10216	0.227023236	95965.50576	0	0
neutron	939.56536	1.170333769	96197.94046	0	0
S34	31632.70018	0.1149231334	96197.94046	0	0
S37	34430.21755	0.124068711	96116.62658	0	0
neutron	939.56536	0.659147382	96020.90417	0	0
S34	31632.70018	0.170272864	96020.90417	0	0
neutron	939.56536	21.48176705	96238.91885	0	0
neutron	939.56536	11.01995831	96238.91885	0	0
neutron	939.56536	8.383515115	96238.91885	0	0
alpha	3727.379	8.232150711	96238.91885	0	0
O16	14895.08153	1.386447922	96238.91885	0	0
S37	34430.21755	0.1284198697	96169.0764	0	0
neutron	939.56536	0.7036127592	95897.98151	0	0
S34	31632.70018	0.1413364579	95897.98151	0	0
neutron	939.56536	4.623506275	95987.23311	0	0
Ne22	20479.73746	0.07166990629	95987.23311	0	0
neutron	939.56536	0.8205238798	96339.65452	0	0
Ne22	20479.73746	0.3229673262	96339.65452	0	0
neutron	939.56536	5.797162684	96428.8914	0	0
proton	938.272013	2.680823168	96428.8914	0	0
alpha	3727.379	5.694577425	96428.8914	0	0
Al29	26988.4858	0.5339834678	96428.8914	0	0
neutron	939.56536	1.843138206	96038.35266	0	0
Ne22	20479.73746	0.1872747562	96038.35266	0	0
neutron	939.56536	24.93443056	96158.12876	0	0
neutron	939.56536	8.322480816	96158.12876	0	0
neutron	939.56536	2.770171842	96158.12876	0	0
alpha	3727.379	6.156462294	96158.12876	0	0
O16	14895.08153	4.718207314	96158.12876	0	0
neutron	939.56536	13.72230908	95972.40059	0	0
neutron	939.56536	8.269575682	95972.40059	0	0
neutron	939.56536	2.588154688	95972.40059	0	0
proton	938.272013	2.495015162	95972.40059	0	0
neutron	939.56536	1.651151979	95972.40059	0	0
P32	29775.84838	0.07727594522	95972.40059	0	0
neutron	939.56536	0.4662567711	96032.8557	0	0
Ne22	20479.73746	0.2483591884	96032.8557	0	0
Cl35	32564.60306	0.06793919242	98749.0029	898.8850215	898.2528585
S35	32565.27968	0.1507756207	96262.34509	0	0
neutron	939.56536	1.809838959	96080.82755	0	0
neutron	939.56536	1.083566902	96080.82755	0	0
S33	30704.55199	0.05735512106	96080.82755	0	0
neutron	939.56536	1.000405916	95849.2685	0	0
S34	31632.70018	0.2963473033	95849.2685	0	0
S35	32565.27968	0.1634397253	95884.69338	0	0
neutron	939.56536	5.626680031	95997.26292	0	0
proton	938.272013	4.756697304	95997.26292	0	0
neutron	939.56536	2.521365947	95997.26292	0	0
neutron	939.56536	0.3013653243	95997.26292	0	0
P31	28844.21869	0.09107468142	95997.26292	0	0
neutron	939.56536	0.4765627268	96012.66365	0	0
deuteron	1875.613	4.054796339	96012.66365	0	0
P32	29775.84838	0.5061497649	96012.66365	0	0
neutron	939.56536	23.65371338	95988.55497	0	0
neutron	939.56536	4.79591122	95988.55497	0	0
neutron	939.56536	2.548741006	95988.55497	0	0
Ne20	18617.73218	2.155763729	95988.55497	0	0
S35	32565.27968	0.1572801835	95817.02984	0	0
neutron	939.56536	0.8157545853	96082.66692	0	0
S34	31632.70018	0.09057681899	96082.66692	0	0
S35	32565.27968	0.1619975397	95856.01382	0	0
Na23	21409.21625	0.1412604957	96065.37975	79.66143181	79.38629926
neutron	939.56536	43.38744122	95949.20724	0	0
neutron	939.56536	2.007663836	95949.20724	0	0
neutron	939.56536	1.149564894	95949.20724	0	0
S34	31632.70018	1.249561259	95949.20724	0	0
S37	34430.21755	0.1413022626	95927.75164	0	0
S35	32565.27968	0.1655816274	96007.88144	0	0
Cl35	32564.60306	0.08026628778	99926.052	1476.846383	1476.59437
neutron	939.56536	0.6628903056	96093.98873	0	0
Ne22	20479.73746	0.3451480179	96093.98873	0	0
neutron	939.56536	0.9749463518	96070.90588	0	0
S34	31632.70018	0.1656193797	96070.90588	0	0
neutron	939.56536	8.382336935	96083.51556	0	0
neutron	939.56536	2.546832721	96083.51556	0	0
neutron	939.56536	1.622232286	96083.51556	0	0
S32	29773.62828	0.07048208191	96083.51556	0	0
Na23	21409.21625	0.1131104849	96074.103	29.09883212	28.9357126
Ne23	21414.10216	0.2305540318	95906.49432	0	0
neutron	939.56536	2.950169198	96048.24171	0	0
neutron	939.56536	2.660278153	96048.24171	0	0
neutron	939.56536	2.274302018	96048.24171	0	0
S32	29773.62828	0.2680810462	96048.24171	0	0
neutron	939.56536	0.63893502	95840.67893	0	0
S36	33494.9558	0.2298898059	95840.67893	0	0
neutron	939.56536	10.88794044	96192.02772	0	0
alpha	3727.379	9.844184324	96192.02772	0	0
O18	16762.02378	0.6432144511	96192.02772	0	0
Cl37	34424.84314	0.1503199663	99567.27914	1349.559469	1349.398831
neutron	939.56536	0.5047088995	96164.53803	0	0
S34	31632.70018	0.07799216985	96164.53803	0	0
Cl35	32564.60306	0.07657656171	99152.97969	1103.358845	1103.138445
Na23	21409.21625	0.1905328038	99152.9311	1160.388258	1160.083069
neutron	939.56536	0.5250984728	96106.25689	0	0
S34	31632.70018	0.1068766252	96106.25689	0	0
S37	34430.21755	0.1403008603	96275.21794	0	0
neutron	939.56536	27.06568275	96010.13916	0	0
neutron	939.56536	3.632966074	96010.13916	0	0
neutron	939.56536	2.766126629	96010.13916	0	0
S34	31632.70018	0.8673835974	96010.13916	0	0
Cl35	32564.60306	0.07202544803	97588.9908	636.0273122	635.9469374
neutron	939.56536	34.31694019	95893.12185	0	0
proton	938.272013	12.36264638	95893.12185	0	0
proton	938.272013	8.951167817	95893.12185	0	0
neutron	939.56536	3.812685561	95893.12185	0	0
Si31	28846.21977	1.286684947	95893.12185	0	0
proton	938.272013	9.18836642	96067.86823	0	0
neutron	939.56536	8.724998555	96067.86823	0	0
neutron	939.56536	2.262755059	96067.86823	0	0
P32	29775.84838	0.7057487837	96067.86823	0	0
neutron	939.56536	27.65441258	95927.50187	0	0
neutron	939.56536	1.54511351	95927.50187	0	0
neutron	939.56536	0.9696795758	95927.50187	0	0
Ne20	18617.73218	0.7965255289	95927.50187	0	0
neutron	939.56536	0.3741946414	96132.22656	0	0
S34	31632.70018	0.1970812793	96132.22656	0	0
neutron	939.56536	1.303357828	96009.89061	0	0
S36	33494.9558	0.1227278277	96009.89061	0	0
S35	32565.27968	0.1597787057	95903.76265	0	0
neutron	939.56536	7.079601441	96132.58969	0	0
proton	938.272013	3.228534653	96132.58969	0	0
P33	30705.30994	0.055075355	96132.58969	0	0
neutron	939.56536	1.096687669	96188.12904	0	0
Ne22	20479.73746	0.258358395	96188.12904	0	0
neutron	939.56536	6.708560577	95891.36982	0	0
neutron	939.56536	6.457818791	95891.36982	0	0
alpha	3727.379	6.699759364	95891.36982	0	0
Si29	26984.28567	2.114975399	95891.36982	0	0
neutron	939.56536	4.359088923	96252.9909	0	0
neutron	939.56536	3.153190073	96252.9909	0	0
S33	30704.55199	0.346373679	96252.9909	0	0
neutron	939.56536	37.58752851	96165.99861	0	0
neutron	939.56536	9.067001288	96165.99861	0	0
neutron	939.56536	1.534707083	96165.99861	0	0
alpha	3727.379	3.072003219	96165.99861	0	0
O16	14895.08153	3.237282976	96165.99861	0	0
neutron	939.56536	1.5873626	95958.3304	0	0
S34	31632.70018	0.2812829552	95958.3304	0	0
neutron	939.56536	1.565126768	95942.5803	0	0
S34	31632.70018	0.1620482362	95942.5803	0	0
S35	32565.27968	0.156065379	95972.03953	0	0
S35	32565.27968	0.1529698958	96015.52454	0	0
neutron	939.56536	5.38381528	95850.47285	0	0
neutron	939.56536	4.429204587	95850.47285	0	0
neutron	939.56536	3.80423001	95850.47285	0	0
neutron	939.56536	1.698716932	95850.47285	0	0
alpha	3727.379	11.06234763	95850.47285	0	0
Si29	26984.28567	1.794752285	95850.47285	0	0
S35	32565.27968	0.1590317342	96162.73824	0	0
Ne23	21414.10216	0.2160372885	95941.21864	0	0
neutron	939.56536	0.4798401615	95825.2935	0	0
S34	31632.70018	0.2032295058	95825.2935	0	0
neutron	939.56536	0.9902834338	95933.14311	0	0
S34	31632.70018	0.2359870881	95933.14311	0	0
neutron	939.56536	0.6842619605	95919.96283	0	0
S34	31632.70018	0.04953114788	95919.96283	0	0
neutron	939.56536	3.038509903	96168.52285	0	0
S34	31632.70018	0.1909444682	96168.52285	0	0
proton	938.272013	20.50645856	96267.79438	0	0
neutron	939.56536	4.318225077	96267.79438	0	0
neutron	939.56536	0.6825046809	96267.79438	0	0
P32	29775.84838	0.1505055973	96267.79438	0	0
neutron	939.56536	0.8571435286	95904.03731	0	0
S34	31632.70018	0.05917863322	95904.03731	0	0
proton	938.272013	6.52225982	96060.28906	0	0
neutron	939.56536	2.257281609	96060.28906	0	0
P33	30705.30994	0.5271510462	96060.28906	0	0
Cl37	34424.84314	0.06730162762	98947.16471	1036.165183	1036.042098
Ne23	21414.10216	0.2240799284	96000.01257	0	0
neutron	939.56536	2.134052052	96013.68643	0	0
Ne22	20479.73746	0.08975530443	96013.68643	0	0
Cl37	34424.84314	0.1264065766	98000.09713	752.396594	752.152017
neutron	939.56536	2.084366841	95955.66166	0	0
neutron	939.56536	0.655507553	95955.66166	0	0
S33	30704.55199	0.4368223718	95955.66166	0	0
Cl35	32564.60306	0.1179752854	97660.41272	644.8307116	644.5640659
neutron	939.56536	1.30995035	96084.32192	0	0
Ne22	20479.73746	0.05190338549	96084.32192	0	0
neutron	939.56536	0.3749042876	96200.95833	0	0
S36	33494.9558	0.1396569951	96200.95833	0	0
neutron	939.56536	3.697934087	96042.98955	0	0
neutron	939.56536	0.9358745064	96042.98955	0	0
neutron	939.56536	0.1492624379	96042.98955	0	0
alpha	3727.379	13.86428267	96042.98955	0	0
Si28	26053.19393	0.7390756891	96042.98955	0	0
Na23	21409.21625	0.3111103369	97315.28927	581.8418365	581.5021132
neutron	939.56536	0.6759362991	96089.37039	0	0
S34	31632.70018	0.2368273069	96089.37039	0	0
Cl35	32564.60306	0.06837724462	97858.03546	562.1746424	560.8812629
S35	32565.27968	0.1474052142	96349.49676	0	0
Ne23	21414.10216	0.2038963613	95897.08482	0	0
Ne23	21414.10216	0.2278440793	95981.96732	0	0
Ne23	21414.10216	0.2247912891	95882.42056	0	0
Cl35	32564.60306	0.1107389034	98558.76658	978.7233996	978.4208782
neutron	939.56536	12.57230147	96008.7766	0	0
neutron	939.56536	4.304444622	96008.7766	0	0
neutron	939.56536	0.3354431528	96008.7766	0	0
S32	29773.62828	0.2705770722	96008.7766	0	0
neutron	939.56536	0.3677751416	96120.23377	0	0
S34	31632.70018	0.1263989727	96120.23377	0	0
proton	938.272013	23.82077382	95859.52932	0	0
neutron	939.56536	0.5993650084	95859.52932	0	0
P33	30705.30994	0.6676348137	95859.52932	0	0
Ne23	21414.10216	0.2060798906	96176.46902	0	0
Ne23	21414.10216	0.2265054674	96189.59276	0	0
neutron	939.56536	6.280354669	95967.08848	0	0
S34	31632.70018	0.1999472271	95967.08848	0	0
Cl35	32564.60306	0.1029097658	99208.38748	1216.779618	1216.674842
S35	32565.27968	0.1452033724	95953.79562	0	0
neutron	939.56536	1.00658638	96176.79639	0	0
S34	31632.70018	0.1670460814	96176.79639	0	0
neutron	939.56536	1.779237811	95762.30746	0	0
Ne22	20479.73746	0.382286852	95762.30746	0	0
Na23	21409.21625	0.2578393082	97947.20292	690.2544131	689.1929202
neutron	939.56536	2.636396866	96131.18424	0	0
S34	31632.70018	0.0782202462	96131.18424	0	0
neutron	939.56536	7.957842304	96148.22897	0	0
neutron	939.56536	3.588840647	96148.22897	0	0
neutron	939.56536	1.947963378	96148.22897	0	0
alpha	3727.379	7.540777157	96148.22897	0	0
O16	14895.08153	1.885552074	96148.22897	0	0
proton	938.272013	5.741799125	96275.94322	0	0
deuteron	1875.613	33.90766924	96275.94322	0	0
Si32	29776.58515	1.081534393	96275.94322	0	0
Cl35	32564.60306	0.1320594167	96173.00253	82.38754009	82.06043708
neutron	939.56536	0.2064220153	96056.40792	0	0
S34	31632.70018	0.134175898	96056.40792	0	0
S35	32565.27968	0.1376802203	95948.87397	0	0
neutron	939.56536	1.001630992	96041.92121	0	0
S34	31632.70018	0.2805218887	96041.92121	0	0
neutron	939.56536	24.01985371	95941.83976	0	0
neutron	939.56536	0.3137055424	95941.83976	0	0
Ne21	19550.53637	0.8250402833	95941.83976	0	0
neutron	939.56536	0.9482972963	96581.81267	0	0
S34	31632.70018	0.1420440656	96581.81267	0	0
neutron	939.56536	7.47234114	96103.8674	0	0
S36	33494.9558	0.153375776	96103.8674	0	0
neutron	939.56536	15.64692149	95827.87196	0	0
neutron	939.56536	6.596647762	95827.87196	0	0
neutron	939.56536	4.326805625	95827.87196	0	0
neutron	939.56536	0.9723512882	95827.87196	0	0
S33	30704.55199	1.643699873	95827.87196	0	0
neutron	939.56536	2.790607685	96178.80366	0	0
neutron	939.56536	1.763391021	96178.80366	0	0
neutron	939.56536	0.2709777958	96178.80366	0	0
S32	29773.62828	0.09408436793	96178.80366	0	0
Ne23	21414.10216	0.2330769344	96062.58977	0	0
neutron	939.56536	8.52579492	96008.92493	0	0
proton	938.272013	2.817871567	96008.92493	0	0
neutron	939.56536	1.304673403	96008.92493	0	0
P32	29775.84838	0.6229884825	96008.92493	0	0
proton	938.272013	45.01944329	96300.79741	0	0
neutron	939.56536	8.924737616	96300.79741	0	0
neutron	939.56536	2.134115082	96300.79741	0	0
P32	29775.84838	1.094218774	96300.79741	0	0
neutron	939.56536	14.71927206	95812.07192	0	0
neutron	939.56536	9.982197164	95812.07192	0	0
neutron	939.56536	6.070953248	95812.07192	0	0
neutron	939.56536	3.382366393	95812.07192	0	0
neutron	939.56536	1.296009511	95812.07192	0	0
S32	29773.62828	3.492293092	95812.07192	0	0
neutron	939.56536	1.552610871	96039.29896	0	0
S34	31632.70018	0.1271029412	96039.29896	0	0
neutron	939.56536	0.2821858148	95978.93015	0	0
Ne22	20479.73746	0.3171730123	95978.93015	0	0
S35	32565.27968	0.1624863154	96189.2808	0	0
Cl35	32564.60306	0.07467785315	98910.60128	1054.229173	1054.147621
S35	32565.27968	0.1597789504	96004.10019	0	0
proton	938.272013	2.699110887	95909.69164	0	0
deuteron	1875.613	8.102460063	95909.69164	0	0
Si32	29776.58515	0.8984376481	95909.69164	0	0
S37	34430.21755	0.1362793247	95911.90349	0	0
neutron	939.56536	0.8357058618	95931.69652	0	0
S34	31632.70018	0.1275267592	95931.69652	0	0
proton	938.272013	16.72496347	96142.62324	0	0
neutron	939.56536	5.915100732	96142.62324	0	0
proton	938.272013	4.22660606	96142.62324	0	0
neutron	939.56536	1.875337326	96142.62324	0	0
neutron	939.56536	0.005772732743	96142.62324	0	0
Si30	27913.24182	1.638276184	96142.62324	0	0
neutron	939.56536	9.658544069	96285.0544	0	0
neutron	939.56536	2.960196412	96285.0544	0	0
neutron	939.56536	0.970567094	96285.0544	0	0
alpha	3727.379	6.233948995	96285.0544	0	0
Si30	27913.24182	1.283348034	96285.0544	0	0
neutron	939.56536	0.244877135	95989.01954	0	0
Ne22	20479.73746	0.2098755446	95989.01954	0	0
Cl35	32564.60306	0.09477493804	98606.35293	980.7789947	980.5485204
neutron	939.56536	25.96971321	95936.45766	0	0
neutron	939.56536	2.801720139	95936.45766	0	0
neutron	939.56536	2.209692466	95936.45766	0	0
S32	29773.62828	0.6659266814	95936.45766	0	0
Ne23	21414.10216	0.2268905498	96033.64324	0	0
proton	938.272013	7.54679135	95975.27901	0	0
neutron	939.56536	1.876343143	95975.27901	0	0
neutron	939.56536	0.2943968017	95975.27901	0	0
triton	2808.921	4.415815108	95975.27901	0	0
O17	15830.5038	1.885846332	95975.27901	0	0
Cl37	34424.84314	0.06919082714	97102.54299	403.3208893	403.2474416
neutron	939.56536	25.93002827	96081.73714	0	0
proton	938.272013	7.866973754	96081.73714	0	0
neutron	939.56536	1.215568846	96081.73714	0	0
neutron	939.56536	0.1671741385	96081.73714	0	0
P31	28844.21869	0.8552414164	96081.73714	0	0
Cl35	32564.60306	0.07157679613	96656.1669	298.4698589	298.381765
neutron	939.56536	10.89522282	95903.53292	0	0
neutron	939.56536	0.32694841	95903.53292	0	0
S33	30704.55199	0.7769772135	95903.53292	0	0
neutron	939.56536	10.06666295	95953.94051	0	0
proton	938.272013	4.394219476	95953.94051	0	0
neutron	939.56536	0.9061783339	95953.94051	0	0
F20	18625.26686	0.5004790523	95953.94051	0	0
Cl35	32564.60306	0.07929010857	96310.16748	238.1234126	237.7485017
neutron	939.56536	5.021405999	95767.9407	0	0
proton	938.272013	3.089404794	95767.9407	0	0
proton	938.272013	3.047177025	95767.9407	0	0
Si32	29776.58515	0.2053006943	95767.9407	0	0
neutron	939.56536	38.08756494	95996.19757	0	0
proton	938.272013	2.498063988	95996.19757	0	0
neutron	939.56536	1.947704351	95996.19757	0	0
neutron	939.56536	1.828142495	95996.19757	0	0
P31	28844.21869	1.241721392	95996.19757	0	0
Na23	21409.21625	0.1409052454	99397.28886	1257.700064	1257.520529
neutron	939.56536	4.301454941	96170.60823	0	0
neutron	939.56536	2.151474886	96170.60823	0	0
neutron	939.56536	0.9707804146	96170.60823	0	0
S32	29773.62828	0.852641972	96170.60823	0	0
neutron	939.56536	1.632300362	95908.99451	0	0
S34	31632.70018	0.3013658294	95908.99451	0	0
Na23	21409.21625	0.1705280387	96798.26696	349.1076395	348.8359027
neutron	939.56536	4.286089345	95937.22849	0	0
S34	31632.70018	0.04753708283	95937.22849	0	0
neutron	939.56536	8.671504728	96260.14793	0	0
neutron	939.56536	1.214990653	96260.14793	0	0
alpha	3727.379	5.949103339	96260.14793	0	0
O17	15830.5038	1.609093737	96260.14793	0	0
neutron	939.56536	7.523074862	95978.29513	0	0
neutron	939.56536	4.367692614	95978.29513	0	0
proton	938.272013	4.217506897	95978.29513	0	0
neutron	939.56536	2.121623985	95978.29513	0	0
P31	28844.21869	0.5946639479	95978.29513	0	0
neutron	939.56536	7.569581312	95980.23076	0	0
neutron	939.56536	1.162972098	95980.23076	0	0
S33	30704.55199	0.1400943284	95980.23076	0	0
neutron	939.56536	1.483897095	95926.47232	0	0
S34	31632.70018	0.3245485027	95926.47232	0	0
neutron	939.56536	0.2197987873	95961.6255	0	0
S34	31632.70018	0.1459723082	95961.6255	0	0
proton	938.272013	30.88461164	96036.76615	0	0
neutron	939.56536	10.16406698	96036.76615	0	0
neutron	939.56536	0.8854745974	96036.76615	0	0
P32	29775.84838	0.4142169289	96036.76615	0	0
Cl35	32564.60306	0.2196415124	98944.75825	1097.979885	1097.476034
neutron	939.56536	1.71205878	96030.58306	0	0
S34	31632.70018	0.2796383918	96030.58306	0	0
neutron	939.56536	0.2740948864	95954.00525	0	0
S34	31632.70018	0.194465559	95954.00525	0	0
S35	32565.27968	0.1498281485	95919.34403	0	0
proton	938.272013	17.71917891	96059.6697	0	0
proton	938.272013	5.672321872	96059.6697	0	0
neutron	939.56536	4.971426959	96059.6697	0	0
neutron	939.56536	0.5017975982	96059.6697	0	0
O19	17697.63348	2.273091025	96059.6697	0	0
neutron	939.56536	3.260088946	95713.97591	0	0
S34	31632.70018	0.4081835647	95713.97591	0	0
neutron	939.56536	6.966920375	96021.62757	0	0
neutron	939.56536	4.434559417	96021.62757	0	0
deuteron	1875.613	7.561759607	96021.62757	0	0
alpha	3727.379	6.213844452	96021.62757	0	0
N15	13968.93638	1.508981205	96021.62757	0	0
S35	32565.27968	0.1550574886	95868.8993	0	0
neutron	939.56536	1.402424346	95891.57391	0	0
Ne22	20479.73746	0.3201275461	95891.57391	0	0
neutron	939.56536	0.5018703641	96180.79966	0	0
S34	31632.70018	0.07260027998	96180.79966	0	0
neutron	939.56536	3.608169355	95943.91917	0	0
neutron	939.56536	2.220840069	95943.91917	0	0
Ne21	19550.53637	0.2559212771	95943.91917	0	0
Cl37	34424.84314	0.06416918283	96064.25556	128.1728753	128.0565863
neutron	939.56536	0.7881212849	95822.16426	0	0
Ne22	20479.73746	0.15713614	95822.16426	0	0
proton	938.272013	5.986392549	95945.57275	0	0
neutron	939.56536	1.805764007	95945.57275	0	0
neutron	939.56536	0.596612348	95945.57275	0	0
deuteron	1875.613	5.69397156	95945.57275	0	0
O18	16762.02378	0.6208397651	95945.57275	0	0
neutron	939.56536	1.934372333	95897.42155	0	0
S34	31632.70018	0.2264212498	95897.42155	0	0
proton	938.272013	21.56178914	96179.41689	0	0
neutron	939.56536	18.03307784	96179.41689	0	0
neutron	939.56536	0.3406635426	96179.41689	0	0
P32	29775.84838	0.7177928586	96179.41689	0	0
Ne23	21414.10216	0.2222717712	95906.15414	0	0
neutron	939.56536	4.643081341	95967.40453	0	0
neutron	939.56536	1.785727283	95967.40453	0	0
neutron	939.56536	1.058644437	95967.40453	0	0
S34	31632.70018	0.08502548046	95967.40453	0	0
neutron	939.56536	3.922307148	96009.05488	0	0
S34	31632.70018	0.1330816584	96009.05488	0	0
neutron	939.56536	0.364188335	95955.11142	0	0
Ne22	20479.73746	0.2602099339	95955.11142	0	0
neutron	939.56536	13.49982698	95862.15707	0	0
neutron	939.56536	9.604527713	95862.15707	0	0
neutron	939.56536	1.467453438	95862.15707	0	0
S32	29773.62828	0.2774942309	95862.15707	0	0
neutron	939.56536	1.318435841	95838.82556	0	0
Ne22	20479.73746	0.1423888893	95838.82556	0	0
Cl35	32564.60306	0.1282736792	97277.34583	505.9737637	505.4294208
Cl35	32564.60306	0.08284831467	96608.79291	262.7489724	262.6324462
Cl35	32564.60306	0.06641275775	97278.94975	568.3181077	567.8992644
neutron	939.56536	0.8418593864	95739.07748	0	0
Ne22	20479.73746	0.3824248206	95739.07748	0	0
neutron	939.56536	33.90141055	96091.24917	0	0
proton	938.272013	9.385144519	96091.24917	0	0
proton	938.272013	5.243059543	96091.24917	0	0
neutron	939.56536	2.681805154	96091.24917	0	0
Si31	28846.21977	2.88655688	96091.24917	0	0
neutron	939.56536	0.2799868782	95876.77833	0	0
S34	31632.70018	0.09744109073	95876.77833	0	0
Cl37	34424.84314	0.06166159145	96538.32469	243.0588545	242.9350368
S37	34430.21755	0.1376075737	95852.64868	0	0
triton	2808.921	2.648039322	96059.78496	0	0
F20	18625.26686	0.4416768295	96059.78496	0	0
neutron	939.56536	1.895286522	96289.11504	0	0
neutron	939.56536	0.7197506823	96289.11504	0	0
S33	30704.55199	0.1706317399	96289.11504	0	0
Ne23	21414.10216	0.2142244901	95934.83005	0	0
Ne23	21414.10216	0.2278650688	95965.4726	0	0
Cl35	32564.60306	0.1091983759	98052.8742	787.0229094	786.3540609
Na23	21409.21625	0.1188216803	95959.7254	11.65768194	11.32801542
neutron	939.56536	30.54802024	95971.22624	0	0
neutron	939.56536	3.748457295	95971.22624	0	0
neutron	939.56536	1.561906942	95971.22624	0	0
S34	31632.70018	0.7754512417	95971.22624	0	0
Cl35	32564.60306	0.09626328808	99078.23588	1159.96076	1159.810028
Na23	21409.21625	0.1152327448	98533.90576	946.1907887	945.6999263
neutron	939.56536	4.867920781	95902.63589	0	0
deuteron	1875.613	16.55563204	95902.63589	0	0
F20	18625.26686	1.210764651	95902.63589	0	0
Na23	21409.21625	0.1515619173	95931.08814	10.86529696	10.69089695
neutron	939.56536	2.082384318	95935.44391	0	0
neutron	939.56536	0.1195167714	95935.44391	0	0
S33	30704.55199	0.1858817397	95935.44391	0	0
neutron	939.56536	0.104128242	96278.06035	0	0
Ne22	20479.73746	0.2689230534	96278.06035	0	0
neutron	939.56536	6.310865842	95950.26413	0	0
neutron	939.56536	2.699906738	95950.26413	0	0
S33	30704.55199	0.452613218	95950.26413	0	0
S35	32565.27968	0.1553134274	96391.25665	0	0
Cl35	32564.60306	0.1015008472	99187.9876	1163.104545	1162.963037
S35	32565.27968	0.145445417	96000.22573	0	0
neutron	939.56536	0.1240652127	96217.05418	0	0
S36	33494.9558	0.149424757	96217.05418	0	0
Cl35	32564.60306	0.1239238547	96574.56436	283.0289189	282.8322795
neutron	939.56536	1.010451397	95863.72341	0	0
S34	31632.70018	0.1671272833	95863.72341	0	0
S35	32565.27968	0.155826317	96027.05414	0	0
S35	32565.27968	0.1643300688	95829.51786	0	0
Na23	21409.21625	0.1302234563	99146.31898	1204.757611	1204.362993
S35	32565.27968	0.139281902	96075.40842	0	0
Na23	21409.21625	0.3418035402	98929.94374	1128.99973	1128.607359
Cl35	32564.60306	0.202665787	97997.70401	776.4462794	776.1959243
neutron	939.56536	1.16222021	96009.27977	0	0
S34	31632.70018	0.09339309917	96009.27977	0	0
Na23	21409.21625	0.2276968015	99403.32157	1297.009301	1296.726519
S37	34430.21755	0.1340355221	96024.29372	0	0
Cl35	32564.60306	0.06554181752	98794.38211	1046.231505	1046.007953
Cl35	32564.60306	0.187904972	96658.99728	266.3685328	266.0881487
neutron	939.56536	1.232292435	96020.85609	0	0
Ne22	20479.73746	0.2635374335	96020.85609	0	0
neutron	939.56536	2.35232471	95862.44628	0	0
neutron	939.56536	2.069391842	95862.44628	0	0
Ne21	19550.53637	0.2792084775	95862.44628	0	0
neutron	939.56536	4.105349737	95897.13072	0	0
neutron	939.56536	0.05508110485	95897.13072	0	0
Ne21	19550.53637	0.5707320264	95897.13072	0	0
Cl37	34424.84314	0.09665106891	98125.55069	778.2812353	777.9834484
proton	938.272013	13.84730133	96120.19919	0	0
neutron	939.56536	1.066337967	96120.19919	0	0
P33	30705.30994	0.7512863125	96120.19919	0	0
neutron	939.56536	13.5723302	96073.752	0	0
neutron	939.56536	0.9438534094	96073.752	0	0
neutron	939.56536	0.6341304228	96073.752	0	0
S34	31632.70018	0.7797911455	96073.752	0	0
Na23	21409.21625	0.1004579425	97237.22307	446.4592094	446.1628423
neutron	939.56536	4.952622713	96104.44719	0	0
neutron	939.56536	2.541734924	96104.44719	0	0
neutron	939.56536	1.844706169	96104.44719	0	0
Ne20	18617.73218	0.258284686	96104.44719	0	0
Cl35	32564.60306	0.07089949633	99258.93986	1215.947464	1215.808239
proton	938.272013	6.050344489	95972.61238	0	0
neutron	939.56536	2.625398	95972.61238	0	0
neutron	939.56536	1.451736111	95972.61238	0	0
neutron	939.56536	1.399148871	95972.61238	0	0
P31	28844.21869	0.4304221444	95972.61238	0	0
neutron	939.56536	2.695494819	96013.01665	0	0
neutron	939.56536	0.4382903531	96013.01665	0	0
Ne21	19550.53637	0.1755874929	96013.01665	0	0
Ne23	21414.10216	0.2131776698	96100.09651	0	0
Cl35	32564.60306	0.2048836209	96434.90464	123.1492596	122.889387
neutron	939.56536	0.4484182799	95980.18002	0	0
Ne22	20479.73746	0.2377040557	95980.18002	0	0
S35	32565.27968	0.1570056094	95893.60352	0	0
Cl35	32564.60306	0.0961871262	97396.63578	472.6165276	472.4591914
neutron	939.56536	0.3108923743	96203.47335	0	0
S36	33494.9558	0.1294526607	96203.47335	0	0
neutron	939.56536	4.499485554	95794.32557	0	0
neutron	939.56536	1.170803155	95794.32557	0	0
Ne21	19550.53637	0.202449157	95794.32557	0	0
neutron	939.56536	1.536634708	95803.60236	0	0
S34	31632.70018	0.03490370153	95803.60236	0	0
Cl35	32564.60306	0.07351085711	96711.31163	380.1881437	379.9666897
neutron	939.56536	25.89180789	95928.33703	0	0
neutron	939.56536	12.10024738	95928.33703	0	0
neutron	939.56536	5.047561627	95928.33703	0	0
Ne20	18617.73218	2.092758112	95928.33703	0	0
neutron	939.56536	1.123909622	96051.92206	0	0
Ne22	20479.73746	0.2559215424	96051.92206	0	0
Ne23	21414.10216	0.2306363087	95843.14648	0	0
Cl35	32564.60306	0.1183411186	97517.6609	573.3369627	572.8374514
neutron	939.56536	0.4367518158	95948.78331	0	0
S36	33494.9558	0.1253854333	95948.78331	0	0
neutron	939.56536	5.354562829	96006.1632	0	0
neutron	939.56536	0.5627217713	96006.1632	0	0
S33	30704.55199	0.162011036	96006.1632	0	0
Ne23	21414.10216	0.2294523393	96097.905	0	0
neutron	939.56536	0.6290632702	96036.87412	0	0
Ne22	20479.73746	0.3910914724	96036.87412	0	0
neutron	939.56536	2.586309893	96020.71463	0	0
neutron	939.56536	1.091370878	96020.71463	0	0
neutron	939.56536	0.8209410534	96020.71463	0	0
deuteron	1875.613	9.22881322	96020.71463	0	0
P32	29775.84838	0.841304113	96020.71463	0	0
Cl37	34424.84314	0.1543663066	98471.31381	906.6100374	906.4478166
Ne23	21414.10216	0.2330474585	96034.65977	0	0
neutron	939.56536	1.169986794	95979.98592	0	0
S34	31632.70018	0.1226531359	95979.98592	0	0
neutron	939.56536	1.596220856	95885.94796	0	0
S34	31632.70018	0.1858756033	95885.94796	0	0
Cl35	32564.60306	0.2106486046	96345.19926	156.9979911	156.737368
proton	938.272013	5.528099202	95906.18027	0	0
proton	938.272013	5.003621669	95906.18027	0	0
neutron	939.56536	4.742818917	95906.18027	0	0
neutron	939.56536	4.151530629	95906.18027	0	0
neutron	939.56536	3.352975777	95906.18027	0	0
Si30	27913.24182	0.2995328174	95906.18027	0	0
neutron	939.56536	0.7137696318	95952.99836	0	0
S36	33494.9558	0.09256997537	95952.99836	0	0
neutron	939.56536	2.450022998	95937.67264	0	0
S34	31632.70018	0.2308112405	95937.67264	0	0
neutron	939.56536	4.336338617	95988.24899	0	0
neutron	939.56536	4.218659046	95988.24899	0	0
neutron	939.56536	1.494057029	95988.24899	0	0
Ne20	18617.73218	0.5405845901	95988.24899	0	0
Na23	21409.21625	0.2399572999	96618.62805	309.4478996	309.0100374
neutron	939.56536	16.55291372	95902.75283	0	0
proton	938.272013	5.695192541	95902.75283	0	0
neutron	939.56536	1.416002819	95902.75283	0	0
alpha	3727.379	8.630353767	95902.75283	0	0
Al28	26058.3459	1.473204832	95902.75283	0	0
Na23	21409.21625	0.1135616116	99408.90694	1292.383081	1292.254954
S35	32565.27968	0.1418679135	95827.54197	0	0
Ne23	21414.10216	0.2289417985	96033.077	0	0
S35	32565.27968	0.1493720384	96018.83563	0	0
Ne23	21414.10216	0.2242220807	95840.79748	0	0
neutron	939.56536	0.3240410097	96270.83845	0	0
S34	31632.70018	0.194538632	96270.83845	0	0
Ne23	21414.10216	0.2184424079	96178.04734	0	0
S37	34430.21755	0.1414080556	95975.47656	0	0
Na23	21409.21625	0.2239500794	98555.11918	955.7571024	955.4156922
Ne23	21414.10216	0.2336358281	96222.4265	0	0
Ne23	21414.10216	0.2165763401	95998.5785	0	0
neutron	939.56536	5.762281036	96020.07767	0	0
neutron	939.56536	1.972762674	96020.07767	0	0
S35	32565.27968	0.3866629476	96020.07767	0	0
neutron	939.56536	0.007537588512	95963.65584	0	0
S34	31632.70018	0.146920154	95963.65584	0	0
S35	32565.27968	0.1463107068	96070.56311	0	0
neutron	939.56536	2.649294931	95896.9807	0	0
neutron	939.56536	0.3403911822	95896.9807	0	0
S33	30704.55199	0.3275186263	95896.9807	0	0
neutron	939.56536	0.9440028993	95808.13448	0	0
Ne22	20479.73746	0.2477198706	95808.13448	0	0
S37	34430.21755	0.1272477033	95971.60497	0	0
neutron	939.56536	13.94615373	95847.75176	0	0
neutron	939.56536	7.86333829	95847.75176	0	0
neutron	939.56536	7.02990863	95847.75176	0	0
alpha	3727.379	4.844557078	95847.75176	0	0
alpha	3727.379	6.084255316	95847.75176	0	0
C12	11174.86339	3.025832949	95847.75176	0	0
Na23	21409.21625	0.2229919591	97041.15307	425.4194366	425.1937294
neutron	939.56536	11.22068293	95993.38296	0	0
neutron	939.56536	3.412236916	95993.38296	0	0
neutron	939.56536	1.670319048	95993.38296	0	0
S32	29773.62828	0.06000290633	95993.38296	0	0
Cl35	32564.60306	0.165996751	97512.81004	557.0068823	556.7294519
neutron	939.56536	16.21625766	96105.88212	0	0
neutron	939.56536	3.414885005	96105.88212	0	0
neutron	939.56536	2.309034054	96105.88212	0	0
S34	31632.70018	0.3917932578	96105.88212	0	0
neutron	939.56536	20.09808875	95935.54264	0	0
alpha	3727.379	10.37578874	95935.54264	0	0
O18	16762.02378	0.1688694248	95935.54264	0	0
neutron	939.56536	2.705951191	95911.76698	0	0
Ne22	20479.73746	0.3029729155	95911.76698	0	0
proton	938.272013	3.273835331	96166.64267	0	0
neutron	939.56536	1.926286775	96166.64267	0	0
neutron	939.56536	1.272110511	96166.64267	0	0
neutron	939.56536	0.934407973	96166.64267	0	0
F19	17692.30285	1.009417402	96166.64267	0	0
neutron	939.56536	3.102745597	95825.01078	0	0
S34	31632.70018	0.07314523362	95825.01078	0	0
neutron	939.56536	12.22072017	95988.33728	0	0
proton	938.272013	3.859890444	95988.33728	0	0
neutron	939.56536	0.1669039848	95988.33728	0	0
P32	29775.84838	0.7403259489	95988.33728	0	0
Na23	21409.21625	0.1354207819	96368.5921	205.3281144	204.9161415
Cl35	32564.60306	0.06794165126	96269.9667	80.60665023	80.50543696
neutron	939.56536	36.41089887	96136.84033	0	0
neutron	939.56536	7.829993732	96136.84033	0	0
neutron	939.56536	1.177279002	96136.84033	0	0
S34	31632.70018	0.7875890373	96136.84033	0	0
S35	32565.27968	0.1388749258	95944.46997	0	0
neutron	939.56536	0.6559204272	96000.34277	0	0
S34	31632.70018	0.2143418865	96000.34277	0	0
Cl35	32564.60306	0.07719112813	99136.56923	1184.656122	1184.547996
Ne23	21414.10216	0.2193551005	96210.65354	0	0
neutron	939.56536	25.4194323	96017.83501	0	0
neutron	939.56536	1.261651464	96017.83501	0	0
Ne21	19550.53637	1.306210861	96017.83501	0	0
neutron	939.56536	14.64866498	96101.54126	0	0
neutron	939.56536	5.360609357	96101.54126	0	0
neutron	939.56536	4.838402563	96101.54126	0	0
proton	938.272013	1.989216159	96101.54126	0	0
alpha	3727.379	6.751079205	96101.54126	0	0
N15	13968.93638	5.088641775	96101.54126	0	0
neutron	939.56536	25.34277139	96064.32073	0	0
neutron	939.56536	16.88611462	96064.32073	0	0
neutron	939.56536	0.5884076227	96064.32073	0	0
Ne20	18617.73218	0.4294641205	96064.32073	0	0
neutron	939.56536	1.807980993	95937.37512	0	0
S34	31632.70018	0.1204113588	95937.37512	0	0
neutron	939.56536	5.42704931	95993.97525	0	0
neutron	939.56536	5.219829888	95993.97525	0	0
neutron	939.56536	0.1010743649	95993.97525	0	0
S34	31632.70018	0.01184854627	95993.97525	0	0
neutron	939.56536	9.281047176	95996.87549	0	0
neutron	939.56536	2.059573919	95996.87549	0	0
neutron	939.56536	0.8307390111	95996.87549	0	0
S32	29773.62828	0.4752930875	95996.87549	0	0
Cl37	34424.84314	0.1750968892	97804.38472	715.9164462	715.4904996
proton	938.272013	11.71394762	96007.78852	0	0
neutron	939.56536	4.233577818	96007.78852	0	0
neutron	939.56536	1.667482402	96007.78852	0	0
neutron	939.56536	1.581768694	96007.78852	0	0
F19	17692.30285	1.660333738	96007.78852	0	0
neutron	939.56536	0.3084301297	96223.56606	0	0
Ne22	20479.73746	0.1653212178	96223.56606	0	0
Ne23	21414.10216	0.227244421	95949.05066	0	0
neutron	939.56536	8.604503313	96323.18863	0	0
neutron	939.56536	8.287865093	96323.18863	0	0
proton	938.272013	7.264301239	96323.18863	0	0
neutron	939.56536	2.814829626	96323.18863	0	0
neutron	939.56536	2.408506852	96323.18863	0	0
neutron	939.56536	1.260900975	96323.18863	0	0
P31	28844.21869	0.2998421148	96323.18863	0	0
neutron	939.56536	1.159758227	96036.09703	0	0
alpha	3727.379	8.370326402	96036.09703	0	0
Si30	27913.24182	1.392760183	96036.09703	0	0
proton	938.272013	49.05951409	99942.69287	1479.225547	927.8468737
neutron	939.56536	38.73746014	99942.69287	1479.225547	927.8468737
neutron	939.56536	9.392191888	99942.69287	1479.225547	927.8468737
proton	938.272013	4.814443252	99942.69287	1479.225547	927.8468737
neutron	939.56536	4.409669958	99942.69287	1479.225547	927.8468737
alpha	3727.379	10.43341889	99942.69287	1479.225547	927.8468737
Mg26	24196.50368	0.4441548336	99942.69287	1479.225547	927.8468737
neutron	939.56536	0.9546212819	95888.17686	0	0
S34	31632.70018	0.2847146961	95888.17686	0	0
Na23	21409.21625	0.1019152764	96487.39466	187.6717585	187.0973381
neutron	939.56536	3.803791413	96171.10568	0	0
Ne22	20479.73746	0.2190356388	96171.10568	0	0
neutron	939.56536	24.7303809	95967.22044	0	0
neutron	939.56536	6.870727672	95967.22044	0	0
neutron	939.56536	4.700728503	95967.22044	0	0
neutron	939.56536	1.227146694	95967.22044	0	0
S33	30704.55199	0.5539156058	95967.22044	0	0
S35	32565.27968	0.1662738138	95940.54927	0	0
neutron	939.56536	0.9220690638	95906.20512	0	0
S34	31632.70018	0.2432497048	95906.20512	0	0
neutron	939.56536	16.0052459	96033.39204	0	0
neutron	939.56536	10.13802751	96033.39204	0	0
neutron	939.56536	3.911560469	96033.39204	0	0
Ne20	18617.73218	1.149881732	96033.39204	0	0
proton	938.272013	11.52669842	96034.66462	0	0
neutron	939.56536	4.325807563	96034.66462	0	0
neutron	939.56536	0.2775474935	96034.66462	0	0
P32	29775.84838	0.5619810743	96034.66462	0	0
Ne23	21414.10216	0.2063861366	95890.43483	0	0
neutron	939.56536	14.63989302	96241.36397	0	0
neutron	939.56536	4.976135969	96241.36397	0	0
proton	938.272013	4.269391083	96241.36397	0	0
neutron	939.56536	0.7068320235	96241.36397	0	0
F19	17692.30285	0.4015735084	96241.36397	0	0
neutron	939.56536	6.136419224	96175.31406	0	0
neutron	939.56536	4.15901915	96175.31406	0	0
neutron	939.56536	2.668798084	96175.31406	0	0
Ne20	18617.73218	0.1645729024	96175.31406	0	0
Ne23	21414.10216	0.2314291619	96405.78723	0	0
neutron	939.56536	0.5695985598	96025.18709	0	0
S34	31632.70018	0.06782427737	96025.18709	0	0
Cl35	32564.60306	0.07440491305	99282.71897	1237.88404	1237.615991
S35	32565.27968	0.1602164035	95905.32523	0	0
Ne23	21414.10216	0.2342461192	95946.56134	0	0
neutron	939.56536	0.9805088896	95892.89685	0	0
Ne22	20479.73746	0.4075756265	95892.89685	0	0
Na23	21409.21625	0.1406356106	97728.86927	663.8910721	663.2409837
S35	32565.27968	0.1530453927	96209.54785	0	0
neutron	939.56536	3.618005812	96134.64799	0	0
neutron	939.56536	0.1228018903	96134.64799	0	0
Ne21	19550.53637	0.3287081835	96134.64799	0	0
neutron	939.56536	11.34521234	96032.65429	0	0
neutron	939.56536	5.281619335	96032.65429	0	0
neutron	939.56536	0.3330931183	96032.65429	0	0
Ne20	18617.73218	0.6241223641	96032.65429	0	0
Cl37	34424.84314	0.0806722146	99872.42216	1450.103071	1449.956601
S35	32565.27968	0.1586863724	95886.05551	0	0
neutron	939.56536	0.3649003265	96041.8467	0	0
neutron	939.56536	0.2166574378	96041.8467	0	0
Ne21	19550.53637	0.1052580051	96041.8467	0	0
Cl35	32564.60306	0.07312566942	96273.09401	86.69919292	86.412057
proton	938.272013	7.225428117	96126.6097	0	0
neutron	939.56536	0.9361148385	96126.6097	0	0
P33	30705.30994	0.3835468673	96126.6097	0	0
neutron	939.56536	2.497577616	95922.77935	0	0
neutron	939.56536	2.177715549	95922.77935	0	0
neutron	939.56536	0.05357850078	95922.77935	0	0
S34	31632.70018	0.09363982751	95922.77935	0	0
Cl35	32564.60306	0.3815002245	99701.56408	1329.636483	1329.174112
neutron	939.56536	2.444136403	95934.948	0	0
S36	33494.9558	0.1442214934	95934.948	0	0
neutron	939.56536	4.781571834	95891.46091	0	0
neutron	939.56536	4.615688651	95891.46091	0	0
neutron	939.56536	1.665900514	95891.46091	0	0
Ne20	18617.73218	0.2166219538	95891.46091	0	0
Cl35	32564.60306	0.2582741712	96630.89023	184.0837855	183.6380052
Ne23	21414.10216	0.2335423737	96271.33649	0	0
neutron	939.56536	5.515765088	96094.73847	0	0
neutron	939.56536	5.035830868	96094.73847	0	0
neutron	939.56536	4.960998609	96094.73847	0	0
alpha	3727.379	4.036780354	96094.73847	0	0
O16	14895.08153	4.311199523	96094.73847	0	0
neutron	939.56536	4.273185275	96062.78559	0	0
S34	31632.70018	0.3371465447	96062.78559	0	0
neutron	939.56536	2.958369411	95967.5199	0	0
S34	31632.70018	0.3912591691	95967.5199	0	0
neutron	939.56536	1.586593736	95995.94343	0	0
Ne22	20479.73746	0.1703342407	95995.94343	0	0
proton	938.272013	13.42663937	95877.75404	0	0
neutron	939.56536	12.58727891	95877.75404	0	0
proton	938.272013	2.321891649	95877.75404	0	0
neutron	939.56536	0.3550310243	95877.75404	0	0
Si31	28846.21977	1.266802719	95877.75404	0	0
neutron	939.56536	25.82883184	96109.65304	0	0
neutron	939.56536	3.788459781	96109.65304	0	0
neutron	939.56536	2.60471449	96109.65304	0	0
Ne20	18617.73218	0.8314915226	96109.65304	0	0
neutron	939.56536	14.28770174	96103.88306	0	0
neutron	939.56536	12.0879297	96103.88306	0	0
neutron	939.56536	2.05358812	96103.88306	0	0
Ne20	18617.73218	0.6053908233	96103.88306	0	0
neutron	939.56536	2.153693272	95968.1435	0	0
S34	31632.70018	0.3939430194	95968.1435	0	0
neutron	939.56536	5.186822183	95935.59833	0	0
neutron	939.56536	2.82977606	95935.59833	0	0
neutron	939.56536	1.332607227	95935.59833	0	0
alpha	3727.379	6.116629121	95935.59833	0	0
O16	14895.08153	2.287231828	95935.59833	0	0
neutron	939.56536	16.45318626	96167.78079	0	0
alpha	3727.379	11.71145451	96167.78079	0	0
Si30	27913.24182	2.290578426	96167.78079	0	0
neutron	939.56536	0.3204611126	95978.62477	0	0
S34	31632.70018	0.0712658054	95978.62477	0	0
neutron	939.56536	7.352528961	96269.28695	0	0
neutron	939.56536	1.039160591	96269.28695	0	0
neutron	939.56536	0.9567603158	96269.28695	0	0
Ne20	18617.73218	0.6152791258	96269.28695	0	0
neutron	939.56536	0.3556890018	95946.9172	0	0
S34	31632.70018	0.08557262786	95946.9172	0	0
neutron	939.56536	0.2899873402	96120.58188	0	0
S36	33494.9558	0.1545791045	96120.58188	0	0
S35	32565.27968	0.1446743489	95898.15269	0	0
Na23	21409.21625	0.1875135472	99444.67392	1304.022507	1303.783565
S35	32565.27968	0.1653962295	95943.02345	0	0
Cl37	34424.84314	0.08091164033	96102.75847	39.9220638	39.7207142
S35	32565.27968	0.154198992	96073.67983	0	0
proton	938.272013	7.039906027	96134.04325	0	0
neutron	939.56536	2.811938346	96134.04325	0	0
neutron	939.56536	1.36504956	96134.04325	0	0
neutron	939.56536	0.6728917385	96134.04325	0	0
triton	2808.921	12.29066191	96134.04325	0	0
Si30	27913.24182	1.275755507	96134.04325	0	0
neutron	939.56536	1.925991514	96022.13865	0	0
S34	31632.70018	0.07037482736	96022.13865	0	0
S35	32565.27968	0.1628158545	96135.07713	0	0
S37	34430.21755	0.1377209191	95856.61333	0	0
Ne23	21414.10216	0.2322043849	95910.36318	0	0
Ne23	21414.10216	0.2149339711	96098.22027	0	0
proton	938.272013	2.576622604	95850.34413	0	0
neutron	939.56536	2.173654618	95850.34413	0	0
P33	30705.30994	0.103658526	95850.34413	0	0
Ne23	21414.10216	0.2295429428	95983.97212	0	0
neutron	939.56536	8.965534193	96061.65311	0	0
neutron	939.56536	3.2907965	96061.65311	0	0
Ne21	19550.53637	0.03435122	96061.65311	0	0
neutron	939.56536	4.941456029	95916.09912	0	0
neutron	939.56536	3.618362302	95916.09912	0	0
neutron	939.56536	1.786581815	95916.09912	0	0
S32	29773.62828	0.4572928688	95916.09912	0	0
Cl35	32564.60306	0.2399540267	96609.7399	306.3271022	306.0315009
neutron	939.56536	4.753794911	95937.21823	0	0
neutron	939.56536	1.448003609	95937.21823	0	0
neutron	939.56536	0.107500243	95937.21823	0	0
S32	29773.62828	0.2910862786	95937.21823	0	0
neutron	939.56536	0.2191515974	96047.32796	0	0
S34	31632.70018	0.083906671	96047.32796	0	0
neutron	939.56536	16.2337758	96268.29072	0	0
proton	938.272013	8.422915772	96268.29072	0	0
neutron	939.56536	1.645544464	96268.29072	0	0
P32	29775.84838	1.595446389	96268.29072	0	0
proton	938.272013	3.602575707	95851.38393	0	0
neutron	939.56536	1.865510889	95851.38393	0	0
neutron	939.56536	1.843462863	95851.38393	0	0
neutron	939.56536	1.654514247	95851.38393	0	0
triton	2808.921	3.568734389	95851.38393	0	0
Si28	26053.19393	1.221256832	95851.38393	0	0
S35	32565.27968	0.1577706443	95926.65707	0	0
proton	938.272013	25.8177144	96100.79934	0	0
neutron	939.56536	0.2170454938	96100.79934	0	0
P33	30705.30994	0.4404032838	96100.79934	0	0
Ne23	21414.10216	0.2174744235	95893.18	0	0
Ne23	21414.10216	0.2351793673	96000.90885	0	0
neutron	939.56536	11.53575536	96016.87517	0	0
proton	938.272013	8.722559268	96016.87517	0	0
neutron	939.56536	5.475962871	96016.87517	0	0
neutron	939.56536	3.28951665	96016.87517	0	0
proton	938.272013	1.968009953	96016.87517	0	0
Si30	27913.24182	0.4335417772	96016.87517	0	0
neutron	939.56536	34.2148758	96067.95488	0	0
neutron	939.56536	15.74485731	96067.95488	0	0
neutron	939.56536	2.46309001	96067.95488	0	0
Ne20	18617.73218	1.928323715	96067.95488	0	0
neutron	939.56536	3.218447335	95859.23684	0	0
neutron	939.56536	1.410097025	95859.23684	0	0
neutron	939.56536	1.130803217	95859.23684	0	0
Ne20	18617.73218	0.1711625014	95859.23684	0	0
neutron	939.56536	22.98216014	96125.61911	0	0
proton	938.272013	7.488295249	96125.61911	0	0
neutron	939.56536	1.096950481	96125.61911	0	0
F20	18625.26686	2.484266415	96125.61911	0	0
neutron	939.56536	8.091599544	95985.06314	0	0
proton	938.272013	7.810360571	95985.06314	0	0
neutron	939.56536	7.156211342	95985.06314	0	0
neutron	939.56536	3.704076648	95985.06314	0	0
proton	938.272013	1.864799648	95985.06314	0	0
neutron	939.56536	0.6161794691	95985.06314	0	0
O17	15830.5038	2.2293386	95985.06314	0	0
Na23	21409.21625	0.4526217005	98039.75383	761.6397537	761.0914259
neutron	939.56536	4.046978348	96025.14934	0	0
neutron	939.56536	2.947490087	96025.14934	0	0
Ne21	19550.53637	0.1094678056	96025.14934	0	0
neutron	939.56536	1.168622801	96077.54341	0	0
S34	31632.70018	0.2969792622	96077.54341	0	0
neutron	939.56536	0.5685708202	96037.90148	0	0
S36	33494.9558	0.0653883104	96037.90148	0	0
proton	938.272013	22.77004269	95937.00744	0	0
neutron	939.56536	13.89187	95937.00744	0	0
neutron	939.56536	2.744740145	95937.00744	0	0
neutron	939.56536	0.2579852275	95937.00744	0	0
P31	28844.21869	0.2118438428	95937.00744	0	0
neutron	939.56536	1.074160479	95923.21866	0	0
neutron	939.56536	0.05103895718	95923.21866	0	0
alpha	3727.379	11.72404234	95923.21866	0	0
Si29	26984.28567	1.120825801	95923.21866	0	0
neutron	939.56536	0.641384901	96070.93854	0	0
S36	33494.9558	0.1311480893	96070.93854	0	0
proton	938.272013	41.26175651	95973.63039	0	0
neutron	939.56536	5.45669319	95973.63039	0	0
neutron	939.56536	0.3058421378	95973.63039	0	0
P32	29775.84838	0.6887148038	95973.63039	0	0
proton	938.272013	20.68327842	96078.10057	0	0
neutron	939.56536	0.6233700533	96078.10057	0	0
P33	30705.30994	0.3586765822	96078.10057	0	0
neutron	939.56536	0.6574806756	96153.77275	0	0
Ne22	20479.73746	0.3583071448	96153.77275	0	0
neutron	939.56536	2.505384972	95952.81426	0	0
neutron	939.56536	1.547799394	95952.81426	0	0
neutron	939.56536	1.48605358	95952.81426	0	0
S32	29773.62828	0.08041029966	95952.81426	0	0
neutron	939.56536	4.301154443	95939.72939	0	0
neutron	939.56536	3.14169091	95939.72939	0	0
neutron	939.56536	3.130015167	95939.72939	0	0
alpha	3727.379	13.32196432	95939.72939	0	0
Si28	26053.19393	1.180261312	95939.72939	0	0
Cl35	32564.60306	0.1181047674	98970.22149	1138.551146	1138.339168
Cl35	32564.60306	0.1740986204	98611.55799	987.234405	986.9158204
neutron	939.56536	5.735356599	95886.15231	0	0
Ne22	20479.73746	0.547374677	95886.15231	0	0
Cl35	32564.60306	0.2799641248	98210.78784	842.7252357	842.2648817
neutron	939.56536	0.9668816973	96061.50267	0	0
S34	31632.70018	0.2756641091	96061.50267	0	0
Ne23	21414.10216	0.2268942617	95917.72526	0	0
neutron	939.56536	0.6724880353	96008.48572	0	0
S34	31632.70018	0.2444469429	96008.48572	0	0
proton	938.272013	9.757351352	96108.38001	0	0
proton	938.272013	3.571207783	96108.38001	0	0
neutron	939.56536	2.281597686	96108.38001	0	0
Si32	29776.58515	0.3235763814	96108.38001	0	0
S35	32565.27968	0.1622108281	95922.67664	0	0
S35	32565.27968	0.1640230685	95852.29486	0	0
S37	34430.21755	0.1412087407	96140.84004	0	0
Na23	21409.21625	0.09979324307	98060.5265	779.1028954	778.9569319
neutron	939.56536	0.3479176424	96201.67723	0	0
S36	33494.9558	0.136588271	96201.67723	0	0
neutron	939.56536	1.093160129	96293.8385	0	0
S34	31632.70018	0.1067262448	96293.8385	0	0
S35	32565.27968	0.1612123526	96283.41857	0	0
S35	32565.27968	0.1395462088	96063.2988	0	0
S35	32565.27968	0.1546727322	96238.50632	0	0
Ne23	21414.10216	0.2318577388	95874.81131	0	0
S37	34430.21755	0.1347599095	95813.91895	0	0
neutron	939.56536	8.202436427	95932.42014	0	0
proton	938.272013	3.964197298	95932.42014	0	0
neutron	939.56536	3.491116021	95932.42014	0	0
neutron	939.56536	0.4387744918	95932.42014	0	0
P31	28844.21869	0.9286746066	95932.42014	0	0
neutron	939.56536	6.988764378	96033.63287	0	0
neutron	939.56536	5.397849334	96033.63287	0	0
neutron	939.56536	3.066982941	96033.63287	0	0
S34	31632.70018	0.1999455352	96033.63287	0	0
Ne23	21414.10216	0.2242207906	96036.12878	0	0
Cl35	32564.60306	0.08232981117	97968.27628	753.6088868	753.5239592
neutron	939.56536	2.252243708	95967.73171	0	0
neutron	939.56536	0.645166734	95967.73171	0	0
Ne21	19550.53637	0.330055945	95967.73171	0	0
Cl35	32564.60306	0.1234879739	97013.7361	378.3048922	378.1127856
S35	32565.27968	0.1605493268	96023.22218	0	0
S35	32565.27968	0.1627954671	95906.33515	0	0
neutron	939.56536	0.1869958649	96061.15363	0	0
S34	31632.70018	0.1143858778	96061.15363	0	0
neutron	939.56536	4.142053766	96284.41511	0	0
neutron	939.56536	3.181476384	96284.41511	0	0
neutron	939.56536	1.741889431	96284.41511	0	0
alpha	3727.379	10.4467808	96284.41511	0	0
O16	14895.08153	0.7775824063	96284.41511	0	0
neutron	939.56536	5.795913849	95847.20256	0	0
neutron	939.56536	2.040176783	95847.20256	0	0
neutron	939.56536	1.741987561	95847.20256	0	0
Ne20	18617.73218	0.4926423001	95847.20256	0	0
S35	32565.27968	0.1465464451	95886.48861	0	0
proton	938.272013	29.42293851	95993.31525	0	0
neutron	939.56536	1.874390361	95993.31525	0	0
P33	30705.30994	0.6293486033	95993.31525	0	0
neutron	939.56536	5.624419567	96023.3153	0	0
neutron	939.56536	3.213750147	96023.3153	0	0
neutron	939.56536	1.391207522	96023.3153	0	0
S32	29773.62828	0.02643273165	96023.3153	0	0
Ne23	21414.10216	0.2283780323	96139.98412	0	0
neutron	939.56536	0.7884398166	96004.31604	0	0
S34	31632.70018	0.131829942	96004.31604	0	0
neutron	939.56536	0.7730340024	96005.65409	0	0
neutron	939.56536	0.6429309564	96005.65409	0	0
S33	30704.55199	0.3002763466	96005.65409	0	0
neutron	939.56536	8.949565435	95868.76397	0	0
neutron	939.56536	4.929329814	95868.76397	0	0
proton	938.272013	2.744033013	95868.76397	0	0
neutron	939.56536	2.657815288	95868.76397	0	0
F19	17692.30285	2.538405084	95868.76397	0	0
proton	938.272013	6.260409787	96133.09583	0	0
neutron	939.56536	1.192384599	96133.09583	0	0
neutron	939.56536	0.5481072688	96133.09583	0	0
neutron	939.56536	0.4135058082	96133.09583	0	0
P31	28844.21869	0.1182124779	96133.09583	0	0
neutron	939.56536	1.516242178	96114.94884	0	0
S34	31632.70018	0.1155266536	96114.94884	0	0
neutron	939.56536	3.156115888	95961.62041	0	0
neutron	939.56536	1.60751824	95961.62041	0	0
S33	30704.55199	0.2451421619	95961.62041	0	0
Cl35	32564.60306	0.1191980624	98397.35505	874.2175342	873.9023335
neutron	939.56536	10.6112479	95998.28455	0	0
neutron	939.56536	2.622553536	95998.28455	0	0
neutron	939.56536	2.415682801	95998.28455	0	0
neutron	939.56536	0.787254481	95998.28455	0	0
S33	30704.55199	0.0979337173	95998.28455	0	0
proton	938.272013	5.143691645	96309.43534	0	0
neutron	939.56536	5.12498078	96309.43534	0	0
proton	938.272013	3.097375444	96309.43534	0	0
neutron	939.56536	0.9092650488	96309.43534	0	0
Si31	28846.21977	0.6150996302	96309.43534	0	0
Ne23	21414.10216	0.2119760371	96023.53326	0	0
Cl35	32564.60306	0.06610323227	99074.99713	1163.88209	1163.238964
S35	32565.27968	0.1521054463	96137.03801	0	0
neutron	939.56536	1.48501475	95848.45901	0	0
neutron	939.56536	0.1225008733	95848.45901	0	0
S33	30704.55199	0.1201423502	95848.45901	0	0
neutron	939.56536	1.735529733	95817.33047	0	0
Ne22	20479.73746	0.186495352	95817.33047	0	0
neutron	939.56536	10.74847525	95979.18161	0	0
proton	938.272013	6.431719512	95979.18161	0	0
proton	938.272013	2.63727684	95979.18161	0	0
neutron	939.56536	0.2555923076	95979.18161	0	0
O19	17697.63348	0.7692024792	95979.18161	0	0
Na23	21409.21625	0.1070670883	96608.81547	277.290139	277.0559035
neutron	939.56536	7.986935221	95970.21464	0	0
neutron	939.56536	7.779062367	95970.21464	0	0
proton	938.272013	3.428115503	95970.21464	0	0
neutron	939.56536	0.2147646266	95970.21464	0	0
P31	28844.21869	0.4579240278	95970.21464	0	0
neutron	939.56536	0.7029403509	95975.45466	0	0
Ne22	20479.73746	0.08739373261	95975.45466	0	0
S35	32565.27968	0.149028339	95785.70547	0	0
neutron	939.56536	1.553158044	95932.15176	0	0
S36	33494.9558	0.03279584396	95932.15176	0	0
neutron	939.56536	0.2420990536	95777.42588	0	0
Ne22	20479.73746	0.30377246	95777.42588	0	0
Ne23	21414.10216	0.2124204375	96238.84463	0	0
neutron	939.56536	8.66107053	96066.99367	0	0
neutron	939.56536	3.819866602	96066.99367	0	0
neutron	939.56536	0.7385199522	96066.99367	0	0
Ne20	18617.73218	0.8316981829	96066.99367	0	0
Ne23	21414.10216	0.2060155866	96094.878	0	0
S35	32565.27968	0.1407827249	95778.05011	0	0
Cl37	34424.84314	0.07963090439	98072.55547	803.2279729	803.1140651
neutron	939.56536	1.749756087	96011.06224	0	0
S34	31632.70018	0.1189592381	96011.06224	0	0
S35	32565.27968	0.1405923251	95930.02538	0	0
Ne23	21414.10216	0.2154379419	95743.10756	0	0
neutron	939.56536	35.93101389	95886.21617	0	0
neutron	939.56536	27.53530063	95886.21617	0	0
neutron	939.56536	0.7881640664	95886.21617	0	0
alpha	3727.379	5.204119113	95886.21617	0	0
O16	14895.08153	0.523698938	95886.21617	0	0
neutron	939.56536	2.441818713	96264.04999	0	0
neutron	939.56536	0.329594798	96264.04999	0	0
S33	30704.55199	0.3983224528	96264.04999	0	0
neutron	939.56536	11.09683494	96048.40934	0	0
S34	31632.70018	0.1974209167	96048.40934	0	0
S37	34430.21755	0.1395233107	95965.69057	0	0
neutron	939.56536	14.65189049	95964.29713	0	0
neutron	939.56536	5.199259514	95964.29713	0	0
neutron	939.56536	2.277527611	95964.29713	0	0
alpha	3727.379	5.502954592	95964.29713	0	0
O16	14895.08153	3.592753504	95964.29713	0	0
neutron	939.56536	0.5418144279	96279.79148	0	0
S34	31632.70018	0.1442398067	96279.79148	0	0
neutron	939.56536	2.372188456	95895.29612	0	0
S34	31632.70018	0.1052423448	95895.29612	0	0
neutron	939.56536	7.564201295	95902.55778	0	0
neutron	939.56536	4.541359905	95902.55778	0	0
neutron	939.56536	1.773281622	95902.55778	0	0
neutron	939.56536	1.362509282	95902.55778	0	0
S33	30704.55199	0.91782726	95902.55778	0	0
neutron	939.56536	0.8362360782	95904.09356	0	0
S34	31632.70018	0.2377277305	95904.09356	0	0
Na23	21409.21625	0.2438722456	96950.63985	372.0189239	371.7591736
neutron	939.56536	1.816852761	96056.00224	0	0
Ne22	20479.73746	0.4102825185	96056.00224	0	0
neutron	939.56536	0.265778576	96031.99901	0	0
S34	31632.70018	0.200596642	96031.99901	0	0
neutron	939.56536	1.388114302	95932.25598	0	0
S34	31632.70018	0.08548872433	95932.25598	0	0
neutron	939.56536	5.789860565	96186.38244	0	0
neutron	939.56536	2.026010062	96186.38244	0	0
neutron	939.56536	0.5031978082	96186.38244	0	0
S32	29773.62828	0.2629231564	96186.38244	0	0
Ne23	21414.10216	0.2154289645	96023.00537	0	0
Ne23	21414.10216	0.2129633843	96019.94749	0	0
Ne23	21414.10216	0.2234840569	95961.23274	0	0
neutron	939.56536	0.5107964563	95937.25232	0	0
S34	31632.70018	0.08953942338	95937.25232	0	0
neutron	939.56536	1.00591641	96061.31482	0	0
S36	33494.9558	0.2327458197	96061.31482	0	0
neutron	939.56536	0.6524736702	95951.68289	0	0
S34	31632.70018	0.06923480125	95951.68289	0	0
S37	34430.21755	0.1380851812	96439.27357	0	0
neutron	939.56536	2.09489229	96071.26519	0	0
Ne22	20479.73746	0.5380274497	96071.26519	0	0
proton	938.272013	13.36358773	95966.06152	0	0
neutron	939.56536	7.623217684	95966.06152	0	0
proton	938.272013	6.158598193	95966.06152	0	0
neutron	939.56536	4.092556296	95966.06152	0	0
neutron	939.56536	1.472581249	95966.06152	0	0
neutron	939.56536	0.5221871647	95966.06152	0	0
Si29	26984.28567	1.546205006	95966.06152	0	0
Cl35	32564.60306	0.07074839852	96173.28864	59.50987958	59.41550705
S35	32565.27968	0.148638007	96118.62963	0	0
Ne23	21414.10216	0.2146442715	96009.12802	0	0
Na23	21409.21625	0.1648187144	99040.94066	1099.096418	1098.478916
neutron	939.56536	1.900024931	96157.67157	0	0
neutron	939.56536	1.157453645	96157.67157	0	0
S35	32565.27968	0.2439400894	96157.67157	0	0
Na23	21409.21625	0.1373271958	96274.11018	120.510576	120.3553892
Cl35	32564.60306	0.2583533226	96515.82356	198.8453223	198.5052028
neutron	939.56536	1.724164752	96065.62167	0	0
S34	31632.70018	0.1407662355	96065.62167	0	0
Ne23	21414.10216	0.2188012543	96027.96618	0	0
neutron	939.56536	0.1422419094	96175.3757	0	0
Ne22	20479.73746	0.1897364349	96175.3757	0	0
Ne23	21414.10216	0.2206999999	95969.09711	0	0
neutron	939.56536	27.24933676	96011.08019	0	0
proton	938.272013	3.649696914	96011.08019	0	0
neutron	939.56536	0.3610331797	96011.08019	0	0
P32	29775.84838	1.061596195	96011.08019	0	0
neutron	939.56536	1.039614681	95945.18728	0	0
Ne22	20479.73746	0.1577109109	95945.18728	0	0
Na23	21409.21625	0.1442407795	97370.28801	496.3569863	495.7872195
neutron	939.56536	12.51764085	96105.52379	0	0
neutron	939.56536	12.29944102	96105.52379	0	0
neutron	939.56536	1.6084025	96105.52379	0	0
S32	29773.62828	0.8388720736	96105.52379	0	0
neutron	939.56536	6.036796726	95880.04163	0	0
neutron	939.56536	4.785614337	95880.04163	0	0
proton	938.272013	4.361508451	95880.04163	0	0
proton	938.272013	3.466092896	95880.04163	0	0
neutron	939.56536	2.622457545	95880.04163	0	0
Si30	27913.24182	0.8742860951	95880.04163	0	0
neutron	939.56536	7.481685201	96189.41884	0	0
neutron	939.56536	4.537027943	96189.41884	0	0
neutron	939.56536	2.204427731	96189.41884	0	0
alpha	3727.379	4.423237071	96189.41884	0	0
O16	14895.08153	1.019713658	96189.41884	0	0
neutron	939.56536	3.955778563	95957.57771	0	0
S34	31632.70018	0.04619886912	95957.57771	0	0
neutron	939.56536	2.464359173	95989.57463	0	0
S34	31632.70018	0.327262641	95989.57463	0	0
neutron	939.56536	3.570630438	95859.31137	0	0
neutron	939.56536	2.843392472	95859.31137	0	0
proton	938.272013	2.643876912	95859.31137	0	0
neutron	939.56536	1.780059865	95859.31137	0	0
neutron	939.56536	1.219327652	95859.31137	0	0
neutron	939.56536	0.2361655956	95859.31137	0	0
P31	28844.21869	0.1604807511	95859.31137	0	0
neutron	939.56536	6.813632898	95835.58446	0	0
proton	938.272013	6.433591642	95835.58446	0	0
neutron	939.56536	1.524936973	95835.58446	0	0
P32	29775.84838	0.4249812308	95835.58446	0	0
Cl35	32564.60306	0.3206351315	97446.35457	611.8034282	611.2750289
neutron	939.56536	16.91822378	95921.67046	0	0
neutron	939.56536	1.414766307	95921.67046	0	0
neutron	939.56536	0.8974295213	95921.67046	0	0
S32	29773.62828	0.2794994956	95921.67046	0	0
S35	32565.27968	0.1436245634	96126.84974	0	0
neutron	939.56536	4.317357017	96013.69344	0	0
proton	938.272013	3.632914151	96013.69344	0	0
neutron	939.56536	3.580926341	96013.69344	0	0
neutron	939.56536	3.067121171	96013.69344	0	0
P31	28844.21869	0.6849357333	96013.69344	0	0
neutron	939.56536	3.437685866	95904.05858	0	0
S36	33494.9558	0.0594792261	95904.05858	0	0
neutron	939.56536	2.504723687	96109.29691	0	0
S34	31632.70018	0.186695105	96109.29691	0	0
Cl37	34424.84314	0.177388194	96630.83894	307.8217123	307.5674228
proton	938.272013	9.977372522	95829.80091	0	0
neutron	939.56536	2.045578307	95829.80091	0	0
neutron	939.56536	1.499750702	95829.80091	0	0
neutron	939.56536	0.7476164713	95829.80091	0	0
P33	30705.30994	0.8960388044	95829.80091	0	0
neutron	939.56536	0.4888631707	96077.30467	0	0
S36	33494.9558	0.2163965553	96077.30467	0	0
Ne23	21414.10216	0.2037603747	96180.07424	0	0
Cl35	32564.60306	0.1172398406	97881.21741	741.9878556	741.7829373
neutron	939.56536	1.024680585	95978.62922	0	0
S34	31632.70018	0.1116221028	95978.62922	0	0
neutron	939.56536	0.8446146718	96156.78708	0	0
S34	31632.70018	0.1058678116	96156.78708	0	0
Ne23	21414.10216	0.2206942191	95967.06207	0	0
neutron	939.56536	0.6604224046	96362.15247	0	0
Ne22	20479.73746	0.1147996474	96362.15247	0	0
Cl35	32564.60306	0.09268577244	96058.74577	95.83665492	95.71539059
Na23	21409.21625	0.1613068852	97552.70126	582.1478617	581.7867943
neutron	939.56536	7.458508949	95970.43055	0	0
neutron	939.56536	0.08672252799	95970.43055	0	0
deuteron	1875.613	2.356590187	95970.43055	0	0
P31	28844.21869	1.120487084	95970.43055	0	0
S35	32565.27968	0.1546860912	96028.59915	0	0
neutron	939.56536	4.621081872	96010.62537	0	0
neutron	939.56536	3.932778729	96010.62537	0	0
proton	938.272013	2.497100734	96010.62537	0	0
neutron	939.56536	0.3691788528	96010.62537	0	0
F19	17692.30285	0.2615756377	96010.62537	0	0
neutron	939.56536	3.916337994	95894.68979	0	0
neutron	939.56536	0.2044088893	95894.68979	0	0
Ne21	19550.53637	0.6267263556	95894.68979	0	0
neutron	939.56536	0.2321403228	95780.5877	0	0
Ne22	20479.73746	0.2544590112	95780.5877	0	0
neutron	939.56536	2.575292443	95853.34442	0	0
S34	31632.70018	0.2051117511	95853.34442	0	0
neutron	939.56536	1.187602624	95829.28346	0	0
S34	31632.70018	0.08876227355	95829.28346	0	0
neutron	939.56536	0.7048767191	96109.70301	0	0
S34	31632.70018	0.2538661456	96109.70301	0	0
Na23	21409.21625	0.135642748	99521.45664	1339.486978	1339.117149
neutron	939.56536	5.079134037	95979.9503	0	0
neutron	939.56536	4.109114743	95979.9503	0	0
neutron	939.56536	1.519239562	95979.9503	0	0
S32	29773.62828	0.4731494482	95979.9503	0	0
Na23	21409.21625	0.2974211673	97649.9894	644.9673867	644.633441
proton	938.272013	7.560029108	96221.97482	0	0
neutron	939.56536	5.554085148	96221.97482	0	0
neutron	939.56536	5.549111799	96221.97482	0	0
proton	938.272013	3.305473533	96221.97482	0	0
neutron	939.56536	1.597685317	96221.97482	0	0
Si30	27913.24182	0.1764940883	96221.97482	0	0
neutron	939.56536	16.96052641	96228.86352	0	0
proton	938.272013	12.95133017	96228.86352	0	0
neutron	939.56536	6.427049776	96228.86352	0	0
neutron	939.56536	1.91364968	96228.86352	0	0
P31	28844.21869	0.4165984578	96228.86352	0	0
neutron	939.56536	3.137968869	95800.49894	0	0
triton	2808.921	12.61074585	95800.49894	0	0
F19	17692.30285	1.337983179	95800.49894	0	0
Na23	21409.21625	0.1139699484	96625.29212	191.2882511	190.9564289
S35	32565.27968	0.1668783799	96194.97832	0	0
neutron	939.56536	0.4619006535	96227.13657	0	0
Ne22	20479.73746	0.2479713877	96227.13657	0	0
S35	32565.27968	0.1613543334	95890.81235	0	0
neutron	939.56536	18.54517116	95806.01174	0	0
proton	938.272013	8.344245885	95806.01174	0	0
neutron	939.56536	7.003662068	95806.01174	0	0
neutron	939.56536	2.261826219	95806.01174	0	0
P31	28844.21869	0.4692564195	95806.01174	0	0
neutron	939.56536	4.229107203	95953.71747	0	0
S34	31632.70018	0.01429029962	95953.71747	0	0
neutron	939.56536	0.9653594362	95993.43367	0	0
Ne22	20479.73746	0.1224161276	95993.43367	0	0
neutron	939.56536	0.3497174382	96074.41043	0	0
S36	33494.9558	0.167815482	96074.41043	0	0
proton	938.272013	42.96475002	96034.73705	0	0
neutron	939.56536	9.899416056	96034.73705	0	0
F21	19556.73074	1.854810187	96034.73705	0	0
proton	938.272013	30.63328886	95988.12708	0	0
neutron	939.56536	4.212260814	95988.12708	0	0
neutron	939.56536	3.566349658	95988.12708	0	0
neutron	939.56536	2.539703248	95988.12708	0	0
P31	28844.21869	0.08624530317	95988.12708	0	0
S37	34430.21755	0.137650597	96059.66208	0	0
Na23	21409.21625	0.1691321711	96238.0596	122.8062705	122.4583894
Ne23	21414.10216	0.2169359029	96023.70827	0	0
neutron	939.56536	2.797128127	95927.3762	0	0
proton	938.272013	1.980982662	95927.3762	0	0
neutron	939.56536	0.8586582881	95927.3762	0	0
deuteron	1875.613	15.21296428	95927.3762	0	0
Si30	27913.24182	2.017508207	95927.3762	0	0
neutron	939.56536	1.834256192	96057.00289	0	0
S34	31632.70018	0.03242526554	96057.00289	0	0
neutron	939.56536	18.21190672	96193.34805	0	0
alpha	3727.379	7.372029288	96193.34805	0	0
Si30	27913.24182	1.313929864	96193.34805	0	0
neutron	939.56536	0.2400624633	96285.78194	0	0
S34	31632.70018	0.1405502313	96285.78194	0	0
Cl37	34424.84314	0.0965742951	96317.713	177.27359	177.1597319
S35	32565.27968	0.1556788715	95900.71855	0	0
Cl35	32564.60306	0.08492096934	98524.12217	915.4010693	915.1575455
Cl35	32564.60306	0.1379638374	99726.97591	1401.552052	1401.133816
Ne23	21414.10216	0.2284490289	95909.76709	0	0
proton	938.272013	11.19225752	95985.74591	0	0
neutron	939.56536	7.011317647	95985.74591	0	0
proton	938.272013	2.842240798	95985.74591	0	0
Si32	29776.58515	0.3113756165	95985.74591	0	0
Ne23	21414.10216	0.2241852528	96045.14258	0	0
neutron	939.56536	7.94230614	96050.15646	0	0
deuteron	1875.613	2.995989232	96050.15646	0	0
F20	18625.26686	0.2534773891	96050.15646	0	0
S37	34430.21755	0.1403132992	95939.71325	0	0
neutron	939.56536	11.92120757	96265.31133	0	0
proton	938.272013	8.465243813	96265.31133	0	0
neutron	939.56536	5.670296485	96265.31133	0	0
neutron	939.56536	3.474540509	96265.31133	0	0
F19	17692.30285	1.628176226	96265.31133	0	0
neutron	939.56536	1.358753667	95970.39756	0	0
Ne22	20479.73746	0.02593524167	95970.39756	0	0
neutron	939.56536	11.03188075	96003.56892	0	0
neutron	939.56536	4.88480781	96003.56892	0	0
neutron	939.56536	1.929798656	96003.56892	0	0
alpha	3727.379	7.414028946	96003.56892	0	0
O16	14895.08153	1.30163327	96003.56892	0	0
neutron	939.56536	18.59159048	95981.0268	0	0
neutron	939.56536	6.342647889	95981.0268	0	0
neutron	939.56536	1.631389721	95981.0268	0	0
alpha	3727.379	5.925249881	95981.0268	0	0
O16	14895.08153	1.307321369	95981.0268	0	0
neutron	939.56536	8.975192938	96048.19966	0	0
neutron	939.56536	1.162791605	96048.19966	0	0
S33	30704.55199	0.147872332	96048.19966	0	0
neutron	939.56536	12.60998029	95862.1874	0	0
neutron	939.56536	12.58518636	95862.1874	0	0
neutron	939.56536	1.8923075	95862.1874	0	0
neutron	939.56536	0.3609894192	95862.1874	0	0
S33	30704.55199	0.8375395292	95862.1874	0	0
Cl35	32564.60306	0.0725927083	96103.5217	45.28937436	45.21540577
neutron	939.56536	1.234455695	95967.52173	0	0
S34	31632.70018	0.1584660599	95967.52173	0	0
neutron	939.56536	8.67139428	96099.09734	0	0
neutron	939.56536	3.184251296	96099.09734	0	0
alpha	3727.379	10.00056274	96099.09734	0	0
O17	15830.5038	3.010850499	96099.09734	0	0
Ne23	21414.10216	0.215593065	96007.06752	0	0
neutron	939.56536	0.08825249277	95924.97413	0	0
S34	31632.70018	0.1555024002	95924.97413	0	0
Cl37	34424.84314	0.27843646	95918.3076	38.94732183	38.27287562
neutron	939.56536	17.67777597	95933.24292	0	0
neutron	939.56536	1.207777856	95933.24292	0	0
alpha	3727.379	4.570762592	95933.24292	0	0
O17	15830.5038	4.427188664	95933.24292	0	0
Cl35	32564.60306	0.350725758	98645.21328	1001.001811	1000.168464
S35	32565.27968	0.1564484536	95951.4406	0	0
S35	32565.27968	0.152023563	96116.73539	0	0
neutron	939.56536	1.627552574	95974.21002	0	0
S34	31632.70018	0.1503805779	95974.21002	0	0
neutron	939.56536	0.3919742744	96185.2148	0	0
Ne22	20479.73746	0.1872819908	96185.2148	0	0
Na23	21409.21625	0.1386115681	96895.75224	332.8456597	332.6580034
neutron	939.56536	4.028195607	96064.32199	0	0
proton	938.272013	2.728979348	96064.32199	0	0
P33	30705.30994	0.1388293182	96064.32199	0	0
neutron	939.56536	2.530096748	96143.4271	0	0
Ne22	20479.73746	0.5386494222	96143.4271	0	0
S35	32565.27968	0.1643496612	96268.10699	0	0
neutron	939.56536	2.012695544	96044.45095	0	0
S34	31632.70018	0.1055193513	96044.45095	0	0
Ne23	21414.10216	0.2103839812	96008.75434	0	0
neutron	939.56536	18.80718782	95981.70795	0	0
neutron	939.56536	4.869853823	95981.70795	0	0
proton	938.272013	3.721001291	95981.70795	0	0
neutron	939.56536	0.5480229449	95981.70795	0	0
F19	17692.30285	2.165138106	95981.70795	0	0
neutron	939.56536	2.009812935	95948.47521	0	0
S34	31632.70018	0.1981530414	95948.47521	0	0
Cl37	34424.84314	0.07878019551	99968.09717	1492.059421	1491.815405
Cl35	32564.60306	0.120310766	98954.23487	1051.858788	1051.464138
S35	32565.27968	0.135816777	95923.34615	0	0
neutron	939.56536	23.94916963	95911.95306	0	0
neutron	939.56536	8.517843041	95911.95306	0	0
neutron	939.56536	4.938568391	95911.95306	0	0
S32	29773.62828	0.8626858218	95911.95306	0	0
neutron	939.56536	0.4577917668	95859.42225	0	0
S34	31632.70018	0.115785494	95859.42225	0	0
S35	32565.27968	0.1650435349	96218.08643	0	0
Na23	21409.21625	0.09902263055	96671.5643	264.3297729	264.0670157
Ne23	21414.10216	0.2225447211	95894.8123	0	0
neutron	939.56536	2.263013273	96218.42399	0	0
S34	31632.70018	0.3260437055	96218.42399	0	0
neutron	939.56536	2.321245204	96138.22592	0	0
S34	31632.70018	0.1818161221	96138.22592	0	0
neutron	939.56536	0.9887469047	96037.35347	0	0
S34	31632.70018	0.1255542575	96037.35347	0	0
neutron	939.56536	1.858794869	95901.19357	0	0
neutron	939.56536	0.6164423212	95901.19357	0	0
Ne21	19550.53637	0.02397770809	95901.19357	0	0
Na23	21409.21625	0.1397525779	96461.89231	108.2171712	107.9015082
neutron	939.56536	10.39785466	96232.59502	0	0
proton	938.272013	9.520170917	96232.59502	0	0
neutron	939.56536	5.854326539	96232.59502	0	0
proton	938.272013	3.150684997	96232.59502	0	0
neutron	939.56536	1.484923463	96232.59502	0	0
Si30	27913.24182	1.496485629	96232.59502	0	0
Cl35	32564.60306	0.1212449837	99567.36603	1340.7973	1340.651256
Cl35	32564.60306	0.1211916763	98049.40231	801.9959599	801.8478163
Na23	21409.21625	0.1042234539	96230.87355	32.24116293	32.11413157
S35	32565.27968	0.1469648083	96218.57164	0	0
neutron	939.56536	9.442229232	96010.27015	0	0
neutron	939.56536	0.8547855466	96010.27015	0	0
deuteron	1875.613	3.539193794	96010.27015	0	0
alpha	3727.379	7.755996962	96010.27015	0	0
N15	13968.93638	0.1977443188	96010.27015	0	0
neutron	939.56536	4.940607231	95933.54931	0	0
neutron	939.56536	3.039025724	95933.54931	0	0
neutron	939.56536	0.7344253861	95933.54931	0	0
Ne20	18617.73218	0.08875611556	95933.54931	0	0
neutron	939.56536	10.76587686	95990.09072	0	0
neutron	939.56536	4.001549138	95990.09072	0	0
neutron	939.56536	1.984718957	95990.09072	0	0
S32	29773.62828	0.120118037	95990.09072	0	0
neutron	939.56536	10.98080499	96122.91552	0	0
neutron	939.56536	6.150294437	96122.91552	0	0
neutron	939.56536	0.8393546324	96122.91552	0	0
S32	29773.62828	0.5528156001	96122.91552	0	0
neutron	939.56536	0.5730703776	96066.43966	0	0
S34	31632.70018	0.2088513056	96066.43966	0	0
neutron	939.56536	0.7324892987	95880.96132	0	0
S34	31632.70018	0.07085145225	95880.96132	0	0
neutron	939.56536	0.05380470938	96035.60106	0	0
S34	31632.70018	0.1585927476	96035.60106	0	0
Cl37	34424.84314	0.07035964825	99954.19939	1483.359454	1483.207523
neutron	939.56536	6.646882037	96260.00883	0	0
neutron	939.56536	4.666775388	96260.00883	0	0
neutron	939.56536	3.967192429	96260.00883	0	0
alpha	3727.379	4.024742381	96260.00883	0	0
O16	14895.08153	2.431736078	96260.00883	0	0
neutron	939.56536	9.8157826	96042.13421	0	0
proton	938.272013	5.594152638	96042.13421	0	0
neutron	939.56536	1.513639863	96042.13421	0	0
P32	29775.84838	1.605918735	96042.13421	0	0
neutron	939.56536	0.2339084017	96233.1262	0	0
S34	31632.70018	0.1615683434	96233.1262	0	0
neutron	939.56536	31.27117067	95941.37614	0	0
neutron	939.56536	2.538959781	95941.37614	0	0
neutron	939.56536	2.504853805	95941.37614	0	0
neutron	939.56536	1.88363435	95941.37614	0	0
S33	30704.55199	1.204551917	95941.37614	0	0
Cl37	34424.84314	0.237674053	96139.95425	73.31424731	72.69137329
neutron	939.56536	1.801705939	96100.45769	0	0
S34	31632.70018	0.2924143213	96100.45769	0	0
neutron	939.56536	1.42312954	95879.55363	0	0
Ne22	20479.73746	0.1386371705	95879.55363	0	0
neutron	939.56536	1.804593488	96039.64485	0	0
Ne22	20479.73746	0.4748890833	96039.64485	0	0
Ne23	21414.10216	0.2071751612	95926.45068	0	0
neutron	939.56536	0.3499400288	95975.91782	0	0
S34	31632.70018	0.2038194476	95975.91782	0	0
neutron	939.56536	6.995359055	96016.63059	0	0
neutron	939.56536	6.420124063	96016.63059	0	0
neutron	939.56536	3.484661647	96016.63059	0	0
Ne20	18617.73218	0.7325428208	96016.63059	0	0
neutron	939.56536	1.592700228	96077.82957	0	0
S34	31632.70018	0.2212958091	96077.82957	0	0
neutron	939.56536	2.848570616	96144.80828	0	0
neutron	939.56536	2.220833086	96144.80828	0	0
alpha	3727.379	13.88976707	96144.80828	0	0
Si29	26984.28567	2.598657791	96144.80828	0	0
Cl37	34424.84314	0.2280368139	99776.2617	1420.190919	1419.916299
neutron	939.56536	0.4167147936	95964.84059	0	0
S34	31632.70018	0.1921352464	95964.84059	0	0
neutron	939.56536	0.3893677814	96110.6001	0	0
Ne22	20479.73746	0.2119897214	96110.6001	0	0
neutron	939.56536	2.846958629	95916.01348	0	0
neutron	939.56536	2.307927697	95916.01348	0	0
S33	30704.55199	0.5566828456	95916.01348	0	0
S37	34430.21755	0.1430665198	95828.73244	0	0
neutron	939.56536	0.3002474423	95987.04209	0	0
Ne22	20479.73746	0.2615970267	95987.04209	0	0
neutron	939.56536	9.533247444	96079.35915	0	0
neutron	939.56536	3.522200896	96079.35915	0	0
neutron	939.56536	3.31379547	96079.35915	0	0
neutron	939.56536	2.5855459	96079.35915	0	0
neutron	939.56536	1.327537745	96079.35915	0	0
S32	29773.62828	0.5895127052	96079.35915	0	0
neutron	939.56536	0.2780394559	96113.16039	0	0
Ne22	20479.73746	0.2543615047	96113.16039	0	0
S37	34430.21755	0.1348504755	96207.79766	0	0
Ne23	21414.10216	0.2053027569	96166.60952	0	0
proton	938.272013	47.37154583	95863.82461	0	0
neutron	939.56536	1.13815756	95863.82461	0	0
P33	30705.30994	1.010066485	95863.82461	0	0
neutron	939.56536	0.3884569726	95858.50632	0	0
S34	31632.70018	0.08752845117	95858.50632	0	0
neutron	939.56536	0.6353553651	95977.4287	0	0
S34	31632.70018	0.1865143452	95977.4287	0	0
neutron	939.56536	0.3330293074	95924.96453	0	0
Ne22	20479.73746	0.2196367244	95924.96453	0	0
Cl37	34424.84314	0.1342512146	97487.76329	570.0382574	569.8514121
Ne23	21414.10216	0.2111052027	96022.54033	0	0
S35	32565.27968	0.1668840054	95957.02483	0	0
S35	32565.27968	0.1602499079	96096.38439	0	0
neutron	939.56536	3.925940563	95929.94805	0	0
S34	31632.70018	0.1577240042	95929.94805	0	0
S35	32565.27968	0.1615333512	96071.9837	0	0
S35	32565.27968	0.1540439666	96058.94711	0	0
neutron	939.56536	23.83179526	95915.85248	0	0
neutron	939.56536	0.711550866	95915.85248	0	0
neutron	939.56536	0.5719910306	95915.85248	0	0
Ne20	18617.73218	0.6191760812	95915.85248	0	0
S37	34430.21755	0.1345083299	95907.94198	0	0
Ne23	21414.10216	0.2152623029	95988.12643	0	0
neutron	939.56536	3.777427985	95981.94652	0	0
neutron	939.56536	3.55761512	95981.94652	0	0
neutron	939.56536	2.888977002	95981.94652	0	0
alpha	3727.379	6.517517333	95981.94652	0	0
Si30	27913.24182	0.8250054448	95981.94652	0	0
Cl35	32564.60306	0.126361014	97087.85644	463.3020509	463.1383167
neutron	939.56536	1.351218112	95949.35904	0	0
S34	31632.70018	0.04158355822	95949.35904	0	0
neutron	939.56536	0.4566437321	96049.91333	0	0
Ne22	20479.73746	0.1245333024	96049.91333	0	0
neutron	939.56536	1.750095755	95882.41237	0	0
Ne22	20479.73746	0.2133673641	95882.41237	0	0
neutron	939.56536	1.433924113	96085.4884	0	0
S36	33494.9558	0.09426572328	96085.4884	0	0
neutron	939.56536	3.353588925	96026.08149	0	0
neutron	939.56536	0.5253212768	96026.08149	0	0
deuteron	1875.613	6.39378765	96026.08149	0	0
alpha	3727.379	3.080773163	96026.08149	0	0
N15	13968.93638	3.496560193	96026.08149	0	0
Cl35	32564.60306	0.181697001	97629.59374	604.9824792	604.7755101
S35	32565.27968	0.1392067039	96133.90933	0	0
neutron	939.56536	3.500105883	95846.09195	0	0
S36	33494.9558	0.06781925916	95846.09195	0	0
neutron	939.56536	28.22907637	96121.54647	0	0
proton	938.272013	8.781345954	96121.54647	0	0
P33	30705.30994	1.403288148	96121.54647	0	0
Cl35	32564.60306	0.08490283283	98735.18505	1039.292687	1038.986224
proton	938.272013	6.787104091	96037.19921	0	0
neutron	939.56536	1.421763019	96037.19921	0	0
neutron	939.56536	1.050235048	96037.19921	0	0
P32	29775.84838	0.1552529173	96037.19921	0	0
neutron	939.56536	20.51571238	96635.29788	0	0
neutron	939.56536	6.335272803	96635.29788	0	0
neutron	939.56536	0.1803538088	96635.29788	0	0
Ne20	18617.73218	0.3089567568	96635.29788	0	0
Cl37	34424.84314	0.1158570759	96086.86551	44.9592418	44.79948074
proton	938.272013	39.56196285	96023.21109	0	0
neutron	939.56536	1.821657559	96023.21109	0	0
P35	32569.77755	1.381239434	96023.21109	0	0
neutron	939.56536	0.1849021575	96184.58019	0	0
Ne22	20479.73746	0.1606485869	96184.58019	0	0
neutron	939.56536	6.341200995	96033.91561	0	0
neutron	939.56536	2.106922622	96033.91561	0	0
neutron	939.56536	1.685895029	96033.91561	0	0
S34	31632.70018	0.2258991129	96033.91561	0	0
neutron	939.56536	3.267042672	96020.97488	0	0
S34	31632.70018	0.0384282627	96020.97488	0	0
Cl35	32564.60306	0.1365108911	97802.23825	568.484201	568.1660538
Cl37	34424.84314	0.0885293752	96901.55079	227.9407737	227.4949569
neutron	939.56536	32.22526877	95918.01922	0	0
neutron	939.56536	9.737598375	95918.01922	0	0
proton	938.272013	6.756437963	95918.01922	0	0
neutron	939.56536	1.896445087	95918.01922	0	0
F19	17692.30285	6.169586583	95918.01922	0	0
Cl35	32564.60306	0.09378434988	98950.80818	1139.05688	1138.918686
neutron	939.56536	15.88291739	95726.93023	0	0
neutron	939.56536	0.520036451	95726.93023	0	0
neutron	939.56536	0.1728853864	95726.93023	0	0
Ne20	18617.73218	0.4298470865	95726.93023	0	0
neutron	939.56536	0.687564563	95815.55322	0	0
Ne22	20479.73746	0.2445962932	95815.55322	0	0
neutron	939.56536	1.689867102	96019.59561	0	0
Ne22	20479.73746	0.3034710413	96019.59561	0	0
Cl35	32564.60306	0.1255704152	97940.12116	676.0036856	675.8700331
Ne23	21414.10216	0.2286906968	96205.63781	0	0
Cl37	34424.84314	0.06307291798	96835.30911	370.0587361	369.9810587
S35	32565.27968	0.1637317592	96001.85559	0	0
Ne23	21414.10216	0.2304639148	95966.88099	0	0
neutron	939.56536	4.739325558	96064.02582	0	0
neutron	939.56536	2.283908471	96064.02582	0	0
neutron	939.56536	0.3788239838	96064.02582	0	0
Ne20	18617.73218	0.7381313971	96064.02582	0	0
S35	32565.27968	0.1552206358	95901.22573	0	0
Ne23	21414.10216	0.222863623	95920.30449	0	0
Na23	21409.21625	0.1318432628	98812.13904	1055.242931	1055.033599
Cl35	32564.60306	0.07227523518	97562.99797	598.2538386	598.0207649
neutron	939.56536	1.547531904	95967.37507	0	0
S34	31632.70018	0.2601522032	95967.37507	0	0
Ne23	21414.10216	0.2241492375	95968.76332	0	0
neutron	939.56536	0.2499270936	96202.10535	0	0
S34	31632.70018	0.1579812751	96202.10535	0	0
Cl35	32564.60306	0.07672005798	98301.5998	931.5026894	931.338793
neutron	939.56536	11.60872577	95954.67365	0	0
neutron	939.56536	8.235842948	95954.67365	0	0
neutron	939.56536	5.738197737	95954.67365	0	0
S32	29773.62828	0.228623491	95954.67365	0	0
neutron	939.56536	0.2926083801	96150.82696	0	0
S34	31632.70018	0.2067767577	96150.82696	0	0
Ne23	21414.10216	0.2223223285	95986.98612	0	0
neutron	939.56536	2.826149709	95947.0611	0	0
Ne22	20479.73746	0.5804076669	95947.0611	0	0
neutron	939.56536	35.70089723	95899.55457	0	0
alpha	3727.379	7.287773689	95899.55457	0	0
Si30	27913.24182	0.7327731041	95899.55457	0	0
neutron	939.56536	6.789452075	95930.84222	0	0
neutron	939.56536	1.525543703	95930.84222	0	0
Ne21	19550.53637	0.6727640071	95930.84222	0	0
neutron	939.56536	8.750087758	95821.12653	0	0
proton	938.272013	3.418066292	95821.12653	0	0
neutron	939.56536	0.9635171592	95821.12653	0	0
P32	29775.84838	0.5549205046	95821.12653	0	0
neutron	939.56536	1.878256567	95879.58766	0	0
S34	31632.70018	0.1335667274	95879.58766	0	0
neutron	939.56536	0.5565281247	96065.18949	0	0
S34	31632.70018	0.1127671274	96065.18949	0	0
neutron	939.56536	1.284714934	96092.07746	0	0
S36	33494.9558	0.07386562284	96092.07746	0	0
proton	938.272013	26.63698463	96063.8475	0	0
neutron	939.56536	6.421416059	96063.8475	0	0
neutron	939.56536	0.2074647418	96063.8475	0	0
P34	31638.59261	1.31754091	96063.8475	0	0
neutron	939.56536	4.667364633	96165.39918	0	0
neutron	939.56536	4.000230297	96165.39918	0	0
neutron	939.56536	1.953256822	96165.39918	0	0
alpha	3727.379	4.78638623	96165.39918	0	0
O16	14895.08153	1.999127559	96165.39918	0	0
neutron	939.56536	6.516557199	96079.19545	0	0
proton	938.272013	6.356913827	96079.19545	0	0
proton	938.272013	2.323726248	96079.19545	0	0
neutron	939.56536	0.8282272296	96079.19545	0	0
Si31	28846.21977	0.2690639567	96079.19545	0	0
neutron	939.56536	4.569103109	96037.87815	0	0
neutron	939.56536	1.268059466	96037.87815	0	0
deuteron	1875.613	3.776536121	96037.87815	0	0
F19	17692.30285	0.2585604226	96037.87815	0	0
neutron	939.56536	9.576531967	96149.28682	0	0
neutron	939.56536	6.883310662	96149.28682	0	0
neutron	939.56536	6.165880035	96149.28682	0	0
Ne20	18617.73218	1.359728316	96149.28682	0	0
proton	938.272013	43.4887342	95894.5151	0	0
neutron	939.56536	8.283697165	95894.5151	0	0
P33	30705.30994	0.4632822889	95894.5151	0	0
S37	34430.21755	0.1385246383	96180.61728	0	0
neutron	939.56536	0.810120966	95957.01986	0	0
S36	33494.9558	0.2246253274	95957.01986	0	0
proton	938.272013	22.31905153	96087.94269	0	0
neutron	939.56536	0.5043049739	96087.94269	0	0
F21	19556.73074	0.7362390897	96087.94269	0	0
neutron	939.56536	6.43434227	95910.45229	0	0
deuteron	1875.613	0.4274075957	95910.45229	0	0
P32	29775.84838	0.4041934674	95910.45229	0	0
neutron	939.56536	1.643184189	95923.25144	0	0
S34	31632.70018	0.1295373918	95923.25144	0	0
neutron	939.56536	2.300626035	96145.17224	0	0
neutron	939.56536	1.244206878	96145.17224	0	0
neutron	939.56536	0.2494903235	96145.17224	0	0
Ne20	18617.73218	0.07544547028	96145.17224	0	0
neutron	939.56536	10.29205171	95961.04113	0	0
proton	938.272013	8.287036979	95961.04113	0	0
neutron	939.56536	6.682477529	95961.04113	0	0
proton	938.272013	4.652222759	95961.04113	0	0
neutron	939.56536	3.737912398	95961.04113	0	0
Si30	27913.24182	0.8649146446	95961.04113	0	0
neutron	939.56536	0.8932060906	95999.67159	0	0
S34	31632.70018	0.2510473501	95999.67159	0	0
S35	32565.27968	0.166566446	96083.527	0	0
neutron	939.56536	1.654628229	95903.58742	0	0
S34	31632.70018	0.1120218311	95903.58742	0	0
S35	32565.27968	0.1554845002	96514.70696	0	0
neutron	939.56536	14.75075153	96100.97141	0	0
neutron	939.56536	5.34872359	96100.97141	0	0
neutron	939.56536	2.126944656	96100.97141	0	0
Ne20	18617.73218	2.208594924	96100.97141	0	0
Na23	21409.21625	0.1079449572	96516.4762	231.9228861	231.6770433
neutron	939.56536	0.1325511064	95969.24691	0	0
S34	31632.70018	0.1910894995	95969.24691	0	0
Cl35	32564.60306	0.1343015119	98553.55294	916.1711202	915.6802031
Cl35	32564.60306	0.1491253091	98854.14416	1057.439672	1056.995753
neutron	939.56536	23.96452159	96196.85969	0	0
neutron	939.56536	1.447627029	96196.85969	0	0
Ne21	19550.53637	0.8665529647	96196.85969	0	0
neutron	939.56536	9.013007253	96096.00177	0	0
neutron	939.56536	4.461406814	96096.00177	0	0
neutron	939.56536	2.084292808	96096.00177	0	0
neutron	939.56536	0.1012255485	96096.00177	0	0
alpha	3727.379	8.525196463	96096.00177	0	0
Si29	26984.28567	1.029191008	96096.00177	0	0
neutron	939.56536	8.613881001	96052.71059	0	0
neutron	939.56536	3.500023923	96052.71059	0	0
neutron	939.56536	3.222607077	96052.71059	0	0
alpha	3727.379	10.21558105	96052.71059	0	0
alpha	3727.379	1.564152108	96052.71059	0	0
C12	11174.86339	9.24820451	96052.71059	0	0
Cl37	34424.84314	0.07883962646	96499.83732	266.7710918	266.1536589
S35	32565.27968	0.1513416533	95848.66295	0	0
Ne23	21414.10216	0.2185766294	96261.06571	0	0
neutron	939.56536	0.8723763108	96110.21459	0	0
S34	31632.70018	0.1707773574	96110.21459	0	0
proton	938.272013	14.18874688	95944.22865	0	0
neutron	939.56536	2.869484023	95944.22865	0	0
F21	19556.73074	1.025771187	95944.22865	0	0
neutron	939.56536	1.292830385	96007.4895	0	0
S34	31632.70018	0.0345050928	96007.4895	0	0
neutron	939.56536	1.272816359	96046.97619	0	0
S34	31632.70018	0.1073177136	96046.97619	0	0
neutron	939.56536	0.2253445333	95963.3408	0	0
S34	31632.70018	0.1070291154	95963.3408	0	0
neutron	939.56536	1.364339823	96182.11436	0	0
neutron	939.56536	1.062528437	96182.11436	0	0
S33	30704.55199	0.2187555126	96182.11436	0	0
neutron	939.56536	11.5288715	96093.88177	0	0
proton	938.272013	9.488783702	96093.88177	0	0
proton	938.272013	6.792128122	96093.88177	0	0
neutron	939.56536	6.069530995	96093.88177	0	0
neutron	939.56536	5.900039895	96093.88177	0	0
Si30	27913.24182	2.443548426	96093.88177	0	0
neutron	939.56536	5.326009535	95987.96054	0	0
neutron	939.56536	3.439590674	95987.96054	0	0
neutron	939.56536	2.727834572	95987.96054	0	0
S32	29773.62828	0.3672283796	95987.96054	0	0
neutron	939.56536	13.13990764	95957.15801	0	0
neutron	939.56536	6.753559219	95957.15801	0	0
neutron	939.56536	5.561895765	95957.15801	0	0
alpha	3727.379	3.307744673	95957.15801	0	0
O16	14895.08153	4.262126256	95957.15801	0	0
neutron	939.56536	26.78406599	95750.63153	0	0
neutron	939.56536	1.699636001	95750.63153	0	0
neutron	939.56536	0.7978715257	95750.63153	0	0
alpha	3727.379	5.662407731	95750.63153	0	0
O16	14895.08153	1.056424683	95750.63153	0	0
neutron	939.56536	9.603967906	96050.57205	0	0
neutron	939.56536	4.218137858	96050.57205	0	0
neutron	939.56536	3.369549471	96050.57205	0	0
alpha	3727.379	7.451712813	96050.57205	0	0
alpha	3727.379	7.707723034	96050.57205	0	0
Mg24	22335.7966	3.349095236	96050.57205	0	0
neutron	939.56536	30.01391423	96206.93563	0	0
neutron	939.56536	2.261313492	96206.93563	0	0
neutron	939.56536	2.196086133	96206.93563	0	0
Ne20	18617.73218	0.3404023632	96206.93563	0	0
neutron	939.56536	10.90880584	96093.64804	0	0
neutron	939.56536	3.578246359	96093.64804	0	0
proton	938.272013	3.007483965	96093.64804	0	0
neutron	939.56536	1.604865018	96093.64804	0	0
F19	17692.30285	0.2118620757	96093.64804	0	0
neutron	939.56536	21.69108335	96083.81337	0	0
neutron	939.56536	1.246787934	96083.81337	0	0
alpha	3727.379	14.55460537	96083.81337	0	0
Si29	26984.28567	4.068697256	96083.81337	0	0
neutron	939.56536	43.66636646	96088.21608	0	0
proton	938.272013	4.986333084	96088.21608	0	0
F21	19556.73074	1.978802461	96088.21608	0	0
neutron	939.56536	1.531994261	96074.17809	0	0
S34	31632.70018	0.07887246679	96074.17809	0	0
neutron	939.56536	6.448178951	96052.02538	0	0
neutron	939.56536	1.600579835	96052.02538	0	0
neutron	939.56536	0.8437011714	96052.02538	0	0
S32	29773.62828	0.2374896556	96052.02538	0	0
Ne23	21414.10216	0.2031966543	95888.00987	0	0
neutron	939.56536	6.240557908	96266.13212	0	0
neutron	939.56536	5.054444232	96266.13212	0	0
neutron	939.56536	0.2231892487	96266.13212	0	0
Ne20	18617.73218	0.3668770416	96266.13212	0	0
Cl35	32564.60306	0.1221080636	99551.81176	1343.135335	1342.47526
neutron	939.56536	15.835451	95862.60358	0	0
neutron	939.56536	3.993337766	95862.60358	0	0
neutron	939.56536	1.058631645	95862.60358	0	0
Ne20	18617.73218	0.3003979576	95862.60358	0	0
neutron	939.56536	3.637689088	96024.00619	0	0
neutron	939.56536	3.562039207	96024.00619	0	0
neutron	939.56536	2.163425458	96024.00619	0	0
alpha	3727.379	8.210450501	96024.00619	0	0
Si28	26053.19393	1.310667221	96024.00619	0	0
Na23	21409.21625	0.4498998727	98761.79453	951.5075045	950.9402683
neutron	939.56536	16.78241313	95966.77846	0	0
proton	938.272013	7.93825333	95966.77846	0	0
P33	30705.30994	1.36404726	95966.77846	0	0
neutron	939.56536	46.76982544	96008.25353	0	0
neutron	939.56536	7.854140858	96008.25353	0	0
S33	30704.55199	2.125454818	96008.25353	0	0
proton	938.272013	16.81812508	96155.31968	0	0
neutron	939.56536	5.623400732	96155.31968	0	0
neutron	939.56536	4.436574257	96155.31968	0	0
neutron	939.56536	4.380465644	96155.31968	0	0
neutron	939.56536	0.6860209205	96155.31968	0	0
neutron	939.56536	0.6131696017	96155.31968	0	0
P31	28844.21869	0.7275581698	96155.31968	0	0
neutron	939.56536	0.8905759296	96003.73496	0	0
Ne22	20479.73746	0.3644737988	96003.73496	0	0
Na23	21409.21625	0.221685747	96447.49468	232.9244623	232.645437
neutron	939.56536	23.2768999	96033.87616	0	0
proton	938.272013	6.879139342	96033.87616	0	0
neutron	939.56536	4.264383176	96033.87616	0	0
proton	938.272013	3.26665907	96033.87616	0	0
neutron	939.56536	2.061128072	96033.87616	0	0
Si30	27913.24182	2.642625457	96033.87616	0	0
neutron	939.56536	7.242782964	95775.51441	0	0
neutron	939.56536	1.546888039	95775.51441	0	0
neutron	939.56536	1.067540283	95775.51441	0	0
S32	29773.62828	0.2660615074	95775.51441	0	0
S35	32565.27968	0.1529888771	96109.00729	0	0
Na23	21409.21625	0.1725469677	97883.24331	702.6952936	702.4296205
Cl37	34424.84314	0.1224291386	97406.12477	533.7521926	533.2605898
neutron	939.56536	2.721066895	96032.39511	0	0
S34	31632.70018	0.3935340266	96032.39511	0	0
Ne23	21414.10216	0.2156995198	95990.15647	0	0
Cl35	32564.60306	0.2048815791	99493.18687	1331.439483	1331.181534
neutron	939.56536	2.158294137	95885.37468	0	0
neutron	939.56536	0.669350931	95885.37468	0	0
alpha	3727.379	15.06312596	95885.37468	0	0
Si29	26984.28567	3.048015416	95885.37468	0	0
S35	32565.27968	0.1559246315	96052.03192	0	0
Ne23	21414.10216	0.2086027082	95838.27579	0	0
neutron	939.56536	8.178432522	95935.30245	0	0
proton	938.272013	5.422497189	95935.30245	0	0
neutron	939.56536	2.790584293	95935.30245	0	0
neutron	939.56536	2.566121706	95935.30245	0	0
proton	938.272013	2.466139637	95935.30245	0	0
neutron	939.56536	1.621410732	95935.30245	0	0
Si29	26984.28567	0.2401311113	95935.30245	0	0
Cl35	32564.60306	0.06690175386	99427.1765	1275.895901	1275.601314
Cl37	34424.84314	0.1563754596	97827.98618	710.4437165	709.9020575
neutron	939.56536	1.21117768	96025.61037	0	0
Ne22	20479.73746	0.08170543309	96025.61037	0	0
Ne23	21414.10216	0.2004384493	95917.8236	0	0
neutron	939.56536	4.650033659	95990.61619	0	0
S34	31632.70018	0.06468763015	95990.61619	0	0
neutron	939.56536	1.768181667	95900.14033	0	0
S34	31632.70018	0.2599578833	95900.14033	0	0
proton	938.272013	3.367377481	96029.73202	0	0
neutron	939.56536	0.7949718593	96029.73202	0	0
neutron	939.56536	0.5903368268	96029.73202	0	0
P32	29775.84838	0.02603721883	96029.73202	0	0
neutron	939.56536	0.5577121044	95934.02037	0	0
S34	31632.70018	0.09849898852	95934.02037	0	0
Cl37	34424.84314	0.1145483968	99082.5681	1055.170426	1054.674157
neutron	939.56536	0.1368892946	96010.49924	0	0
S34	31632.70018	0.1770487904	96010.49924	0	0
Cl35	32564.60306	0.08272321529	96742.04848	313.1866307	312.0921067
neutron	939.56536	0.8758806507	96000.24146	0	0
S34	31632.70018	0.1412679984	96000.24146	0	0
neutron	939.56536	0.1236206161	96182.14147	0	0
S34	31632.70018	0.1182953234	96182.14147	0	0
neutron	939.56536	0.50948395	96077.55873	0	0
S34	31632.70018	0.1993376378	96077.55873	0	0
S37	34430.21755	0.1376727087	96071.28676	0	0
neutron	939.56536	0.3794651382	96017.61248	0	0
Ne22	20479.73746	0.1448716807	96017.61248	0	0
Cl37	34424.84314	0.06462099374	99435.89036	1303.144505	1303.041949
S35	32565.27968	0.1633792701	96036.68844	0	0
Na23	21409.21625	0.1221980337	96623.67914	330.5613357	330.2539213
Cl37	34424.84314	0.08664491774	96540.53255	299.8565146	299.3720285
proton	938.272013	17.64976681	95782.32867	0	0
neutron	939.56536	4.455250728	95782.32867	0	0
neutron	939.56536	3.218610956	95782.32867	0	0
neutron	939.56536	3.00188284	95782.32867	0	0
neutron	939.56536	0.5497615214	95782.32867	0	0
P32	29775.84838	1.270564946	95782.32867	0	0
S35	32565.27968	0.1516812361	96086.7819	0	0
neutron	939.56536	0.816232376	95963.25638	0	0
S36	33494.9558	0.0459226638	95963.25638	0	0
neutron	939.56536	12.81776408	96065.45262	0	0
neutron	939.56536	11.75710631	96065.45262	0	0
neutron	939.56536	4.770582985	96065.45262	0	0
alpha	3727.379	8.339601235	96065.45262	0	0
O16	14895.08153	1.735285389	96065.45262	0	0
neutron	939.56536	4.636299226	96008.48981	0	0
S34	31632.70018	0.1680725574	96008.48981	0	0
S37	34430.21755	0.138544871	95940.09417	0	0
neutron	939.56536	0.626832291	96168.1942	0	0
S36	33494.9558	0.109627938	96168.1942	0	0
Cl35	32564.60306	0.08352085487	98781.59448	1066.258815	1065.994421
S37	34430.21755	0.1363384749	95953.41635	0	0
neutron	939.56536	7.026188842	96005.30507	0	0
neutron	939.56536	4.893661727	96005.30507	0	0
neutron	939.56536	0.6575514209	96005.30507	0	0
S34	31632.70018	0.2166225473	96005.30507	0	0
neutron	939.56536	1.880087895	96102.88462	0	0
Ne22	20479.73746	0.1294659533	96102.88462	0	0
neutron	939.56536	6.076576517	96197.59862	0	0
neutron	939.56536	4.170086791	96197.59862	0	0
neutron	939.56536	0.811699732	96197.59862	0	0
Ne20	18617.73218	0.4514119156	96197.59862	0	0
Ne23	21414.10216	0.2317331684	95929.83118	0	0
neutron	939.56536	1.583422698	95959.78469	0	0
S34	31632.70018	0.2565401208	95959.78469	0	0
neutron	939.56536	10.27550373	95980.33732	0	0
neutron	939.56536	8.568937818	95980.33732	0	0
neutron	939.56536	7.229186393	95980.33732	0	0
proton	938.272013	3.90430175	95980.33732	0	0
P31	28844.21869	0.3850503772	95980.33732	0	0
S35	32565.27968	0.1665928287	96072.06468	0	0
neutron	939.56536	11.00882789	96019.10128	0	0
proton	938.272013	9.152630289	96019.10128	0	0
neutron	939.56536	8.117487712	96019.10128	0	0
proton	938.272013	4.490001254	96019.10128	0	0
neutron	939.56536	3.197566283	96019.10128	0	0
neutron	939.56536	0.4030851651	96019.10128	0	0
O17	15830.5038	1.421619981	96019.10128	0	0
Na23	21409.21625	0.3067208088	98966.56283	1067.794211	1067.204991
neutron	939.56536	3.363919919	96077.79527	0	0
neutron	939.56536	3.032551221	96077.79527	0	0
S33	30704.55199	0.2957051223	96077.79527	0	0
neutron	939.56536	9.003115287	96009.69764	0	0
neutron	939.56536	4.387311867	96009.69764	0	0
proton	938.272013	3.564418115	96009.69764	0	0
neutron	939.56536	2.730780338	96009.69764	0	0
P31	28844.21869	0.8131742331	96009.69764	0	0
neutron	939.56536	0.4764563287	95924.48284	0	0
neutron	939.56536	0.2405169136	95924.48284	0	0
Ne21	19550.53637	0.2263129326	95924.48284	0	0
neutron	939.56536	5.201240787	95840.9997	0	0
neutron	939.56536	1.020212917	95840.9997	0	0
alpha	3727.379	6.384624756	95840.9997	0	0
O17	15830.5038	1.228652944	95840.9997	0	0
neutron	939.56536	0.9756526392	96018.61962	0	0
S34	31632.70018	0.2365889148	96018.61962	0	0
neutron	939.56536	0.1038290988	96137.46622	0	0
S36	33494.9558	0.1212284885	96137.46622	0	0
Ne23	21414.10216	0.2219138173	96208.04488	0	0
Ne23	21414.10216	0.2189117359	96076.99289	0	0
neutron	939.56536	1.435114379	95961.53169	0	0
S34	31632.70018	0.1430805817	95961.53169	0	0
Na23	21409.21625	0.1023239942	97921.01053	696.6398871	696.3832388
neutron	939.56536	1.525450147	96063.10193	0	0
S34	31632.70018	0.03577516405	96063.10193	0	0
S37	34430.21755	0.1368097625	96241.25462	0	0
S37	34430.21755	0.1419426123	96177.06945	0	0
neutron	939.56536	5.887427319	95998.07503	0	0
neutron	939.56536	1.604886369	95998.07503	0	0
alpha	3727.379	10.25447774	95998.07503	0	0
Si29	26984.28567	0.5010353058	95998.07503	0	0
Cl35	32564.60306	0.1472071508	97341.3549	590.2790118	589.5234698
Ne23	21414.10216	0.2293947695	95872.16107	0	0
S35	32565.27968	0.1645891052	95987.40382	0	0
proton	938.272013	7.333307054	95931.26141	0	0
neutron	939.56536	6.558803977	95931.26141	0	0
neutron	939.56536	4.614655226	95931.26141	0	0
neutron	939.56536	2.68371237	95931.26141	0	0
proton	938.272013	2.197088554	95931.26141	0	0
Si30	27913.24182	0.6535910021	95931.26141	0	0
Ne23	21414.10216	0.2332689698	96226.4037	0	0
neutron	939.56536	0.345591166	96068.94622	0	0
Ne22	20479.73746	0.1367552464	96068.94622	0	0
neutron	939.56536	0.7096325345	95975.38929	0	0
S36	33494.9558	0.04976196419	95975.38929	0	0
S37	34430.21755	0.1325942103	96023.07473	0	0
neutron	939.56536	0.6089184661	95957.85628	0	0
Ne22	20479.73746	0.324103927	95957.85628	0	0
neutron	939.56536	6.085713256	95734.96361	0	0
proton	938.272013	2.47488394	95734.96361	0	0
neutron	939.56536	0.3319774858	95734.96361	0	0
F20	18625.26686	0.1702193309	95734.96361	0	0
neutron	939.56536	0.9599112721	96381.80167	0	0
S34	31632.70018	0.1112425208	96381.80167	0	0
Ne23	21414.10216	0.21945958	95892.70577	0	0
neutron	939.56536	0.05885340219	96019.08947	0	0
Ne22	20479.73746	0.190987492	96019.08947	0	0
neutron	939.56536	3.593762071	95864.45835	0	0
neutron	939.56536	3.438702957	95864.45835	0	0
neutron	939.56536	1.100743682	95864.45835	0	0
S32	29773.62828	0.6532918922	95864.45835	0	0
neutron	939.56536	24.8723978	95895.43956	0	0
proton	938.272013	8.053629649	95895.43956	0	0
neutron	939.56536	3.461326688	95895.43956	0	0
P32	29775.84838	1.656552594	95895.43956	0	0
Na23	21409.21625	0.1450892452	98229.50047	873.7668162	873.5666019
Cl35	32564.60306	0.3116645542	96314.28494	159.5361662	159.1582642
Ne23	21414.10216	0.2284605966	95943.79628	0	0
neutron	939.56536	0.3914944364	96010.10787	0	0
S34	31632.70018	0.1877704163	96010.10787	0	0
Na23	21409.21625	0.1238440314	96987.42121	428.113384	427.8179474
Na23	21409.21625	0.1093065594	96154.80162	133.9244763	133.7144238
S35	32565.27968	0.1518059034	95900.68771	0	0
Na23	21409.21625	0.1700651386	97235.04203	392.6763607	392.4047045
Cl35	32564.60306	0.3794581323	97158.42773	365.3706031	364.7724361
neutron	939.56536	4.088495037	96270.43646	0	0
neutron	939.56536	0.6119015967	96270.43646	0	0
alpha	3727.379	14.46904227	96270.43646	0	0
O17	15830.5038	2.508682342	96270.43646	0	0
neutron	939.56536	1.410150665	95869.40051	0	0
S34	31632.70018	0.1554887883	95869.40051	0	0
S35	32565.27968	0.1441845175	96017.22685	0	0
S35	32565.27968	0.1425077951	96003.11503	0	0
S35	32565.27968	0.143616869	95931.29719	0	0
Na23	21409.21625	0.1029842669	98188.50947	707.5898237	707.4849873
neutron	939.56536	13.94439291	96330.19449	0	0
neutron	939.56536	1.270808195	96330.19449	0	0
alpha	3727.379	4.938973358	96330.19449	0	0
O17	15830.5038	1.366238767	96330.19449	0	0
neutron	939.56536	1.549687177	95939.63924	0	0
S36	33494.9558	0.03448808046	95939.63924	0	0
neutron	939.56536	2.681238444	95781.35923	0	0
Ne22	20479.73746	0.3410814969	95781.35923	0	0
neutron	939.56536	2.092645412	95883.87117	0	0
S34	31632.70018	0.05790636847	95883.87117	0	0
Ne23	21414.10216	0.2230735842	95734.18319	0	0
neutron	939.56536	15.74711119	96199.14034	0	0
neutron	939.56536	6.738567829	96199.14034	0	0
proton	938.272013	5.415453236	96199.14034	0	0
P32	29775.84838	0.1821154642	96199.14034	0	0
neutron	939.56536	8.412749047	95998.28433	0	0
proton	938.272013	4.739987461	95998.28433	0	0
neutron	939.56536	1.396050978	95998.28433	0	0
F20	18625.26686	0.6731742559	95998.28433	0	0
neutron	939.56536	6.305438218	96043.1368	0	0
S34	31632.70018	0.2246606059	96043.1368	0	0
S37	34430.21755	0.1263412167	95977.33635	0	0
neutron	939.56536	6.280638003	95860.07748	0	0
neutron	939.56536	5.891397841	95860.07748	0	0
neutron	939.56536	2.52756392	95860.07748	0	0
S34	31632.70018	0.3659961615	95860.07748	0	0
Ne23	21414.10216	0.2260120949	95888.81078	0	0
S35	32565.27968	0.1370873401	95964.40866	0	0
Cl35	32564.60306	0.2031081435	96455.28217	222.8279747	222.2830992
neutron	939.56536	10.91323528	96029.01284	0	0
proton	938.272013	4.560809304	96029.01284	0	0
neutron	939.56536	4.520378457	96029.01284	0	0
neutron	939.56536	1.168767127	96029.01284	0	0
neutron	939.56536	0.5071738737	96029.01284	0	0
deuteron	1875.613	12.04738159	96029.01284	0	0
O16	14895.08153	1.179588901	96029.01284	0	0
Cl35	32564.60306	0.1174023322	99002.81957	1117.385698	1117.237293
neutron	939.56536	0.8593400666	96096.53672	0	0
S36	33494.9558	0.05942338876	96096.53672	0	0
Ne23	21414.10216	0.2315307571	96212.40888	0	0
Ne23	21414.10216	0.2251876778	95968.42638	0	0
neutron	939.56536	6.078447084	95866.42982	0	0
neutron	939.56536	1.646308719	95866.42982	0	0
neutron	939.56536	1.431778913	95866.42982	0	0
S32	29773.62828	0.2059460835	95866.42982	0	0
neutron	939.56536	1.396140632	96175.4331	0	0
S34	31632.70018	0.2001954225	96175.4331	0	0
S35	32565.27968	0.1572226252	95989.71049	0	0
Ne23	21414.10216	0.2293725049	96009.30806	0	0
S35	32565.27968	0.1548301032	96092.62613	0	0
neutron	939.56536	2.017680902	95906.6021	0	0
S36	33494.9558	0.2980901169	95906.6021	0	0
Na23	21409.21625	0.1239450806	97840.14679	702.1977726	701.3685842
neutron	939.56536	1.418303232	96028.89631	0	0
Ne22	20479.73746	0.4516853167	96028.89631	0	0
neutron	939.56536	1.092395526	96022.84814	0	0
S34	31632.70018	0.2201116977	96022.84814	0	0
neutron	939.56536	2.556180981	95989.39514	0	0
S34	31632.70018	0.1614448759	95989.39514	0	0
Cl35	32564.60306	0.1195157	96038.99951	58.94565798	58.6303088
neutron	939.56536	13.99826303	96124.16707	0	0
neutron	939.56536	6.77280078	96124.16707	0	0
neutron	939.56536	5.117507985	96124.16707	0	0
proton	938.272013	4.248085455	96124.16707	0	0
P31	28844.21869	1.368557672	96124.16707	0	0
neutron	939.56536	7.520189345	95891.37816	0	0
neutron	939.56536	3.066969237	95891.37816	0	0
S33	30704.55199	0.03328853795	95891.37816	0	0
Cl35	32564.60306	0.07663704749	98716.76092	1027.257456	1026.913785
neutron	939.56536	2.726985219	95984.23492	0	0
S36	33494.9558	0.1990386321	95984.23492	0	0
neutron	939.56536	0.4021384456	95968.87328	0	0
S36	33494.9558	0.2090231254	95968.87328	0	0
Cl35	32564.60306	0.1007648286	99216.4752	1185.847053	1185.393016
neutron	939.56536	0.4079646611	96174.69206	0	0
S34	31632.70018	0.1250920759	96174.69206	0	0
neutron	939.56536	28.89927387	96047.46015	0	0
proton	938.272013	20.48198844	96047.46015	0	0
F21	19556.73074	0.9171461919	96047.46015	0	0
neutron	939.56536	6.838005369	96180.39858	0	0
neutron	939.56536	1.473910474	96180.39858	0	0
neutron	939.56536	1.01831508	96180.39858	0	0
alpha	3727.379	8.66063204	96180.39858	0	0
Si28	26053.19393	2.906650081	96180.39858	0	0
Cl35	32564.60306	0.1667609858	99340.62209	1267.730089	1267.51291
neutron	939.56536	0.7506204385	96063.76497	0	0
S34	31632.70018	0.228293179	96063.76497	0	0
neutron	939.56536	2.155047846	95751.7621	0	0
Ne22	20479.73746	0.07609682862	95751.7621	0	0
neutron	939.56536	0.4464269356	96077.10038	0	0
S34	31632.70018	0.08773754082	96077.10038	0	0
Ne23	21414.10216	0.2205636931	96012.64892	0	0
S35	32565.27968	0.1585198111	95936.86748	0	0
Ne23	21414.10216	0.2330320485	96079.40255	0	0
neutron	939.56536	28.51419213	96265.97851	0	0
neutron	939.56536	16.49512582	96265.97851	0	0
neutron	939.56536	4.764601357	96265.97851	0	0
Ne20	18617.73218	0.2916951424	96265.97851	0	0
neutron	939.56536	4.742141361	95882.7485	0	0
neutron	939.56536	2.844240162	95882.7485	0	0
neutron	939.56536	1.690989456	95882.7485	0	0
Ne20	18617.73218	0.5471457445	95882.7485	0	0
S35	32565.27968	0.1605205405	96034.86091	0	0
proton	938.272013	12.88351568	96080.93988	0	0
neutron	939.56536	2.919062111	96080.93988	0	0
proton	938.272013	1.991197017	96080.93988	0	0
neutron	939.56536	1.314733747	96080.93988	0	0
Si31	28846.21977	1.305873698	96080.93988	0	0
S35	32565.27968	0.1433786603	96132.86558	0	0
neutron	939.56536	17.47164521	96076.26159	0	0
neutron	939.56536	6.752394312	96076.26159	0	0
proton	938.272013	3.01424009	96076.26159	0	0
neutron	939.56536	0.9153368957	96076.26159	0	0
neutron	939.56536	0.7822601649	96076.26159	0	0
P32	29775.84838	0.9414778455	96076.26159	0	0
neutron	939.56536	5.017952467	96093.44929	0	0
neutron	939.56536	1.819967449	96093.44929	0	0
neutron	939.56536	1.334098537	96093.44929	0	0
S34	31632.70018	0.0945279422	96093.44929	0	0
Ne23	21414.10216	0.2258513504	95991.75075	0	0
neutron	939.56536	1.593463107	95955.35039	0	0
Ne22	20479.73746	0.147623377	95955.35039	0	0
neutron	939.56536	0.2097717432	96181.01513	0	0
S36	33494.9558	0.1046155821	96181.01513	0	0
Ne23	21414.10216	0.198518415	95965.22068	0	0
neutron	939.56536	22.4098611	96113.84672	0	0
proton	938.272013	7.107532849	96113.84672	0	0
neutron	939.56536	0.9413399625	96113.84672	0	0
neutron	939.56536	0.8836696094	96113.84672	0	0
P31	28844.21869	0.5838453012	96113.84672	0	0
proton	938.272013	31.85153556	96255.41536	0	0
neutron	939.56536	3.844242892	96255.41536	0	0
neutron	939.56536	3.076518538	96255.41536	0	0
P32	29775.84838	1.443068322	96255.41536	0	0
Na23	21409.21625	0.1083477263	99787.45155	1430.909521	1430.625325
neutron	939.56536	4.245231954	95893.27147	0	0
neutron	939.56536	2.497429059	95893.27147	0	0
neutron	939.56536	1.30271127	95893.27147	0	0
S34	31632.70018	0.07986479241	95893.27147	0	0
neutron	939.56536	0.3822689627	95817.24109	0	0
S34	31632.70018	0.1158834512	95817.24109	0	0
Na23	21409.21625	0.1504120688	99021.16141	1127.462425	1127.272389
Na23	21409.21625	0.1231696611	97395.87437	574.6544793	574.4777839
Na23	21409.21625	0.1261097092	96956.2222	425.2153355	424.833232
neutron	939.56536	11.35227281	95868.76001	0	0
neutron	939.56536	4.991766268	95868.76001	0	0
neutron	939.56536	4.436705409	95868.76001	0	0
proton	938.272013	2.368870493	95868.76001	0	0
neutron	939.56536	1.56343785	95868.76001	0	0
neutron	939.56536	1.349030273	95868.76001	0	0
P31	28844.21869	1.532431444	95868.76001	0	0
neutron	939.56536	0.7442759979	95956.58824	0	0
S34	31632.70018	0.1963881485	95956.58824	0	0
neutron	939.56536	1.171813429	96065.97441	0	0
neutron	939.56536	0.5825653704	96065.97441	0	0
Ne21	19550.53637	0.3588199756	96065.97441	0	0
neutron	939.56536	7.605962415	96228.99411	0	0
neutron	939.56536	0.5696111582	96228.99411	0	0
deuteron	1875.613	5.578427992	96228.99411	0	0
P33	30705.30994	0.02736135445	96228.99411	0	0
Cl37	34424.84314	0.1817677971	98771.65035	1055.848586	1055.572242
neutron	939.56536	0.9235560531	95987.88265	0	0
S36	33494.9558	0.1794533252	95987.88265	0	0
neutron	939.56536	1.266375726	96251.10999	0	0
S34	31632.70018	0.04738848406	96251.10999	0	0
S35	32565.27968	0.132867064	95955.96693	0	0
Na23	21409.21625	0.2197314587	98154.77032	809.7199954	809.4790337
neutron	939.56536	5.104171652	96018.45946	0	0
proton	938.272013	4.608253879	96018.45946	0	0
neutron	939.56536	4.110909798	96018.45946	0	0
proton	938.272013	4.051615939	96018.45946	0	0
neutron	939.56536	0.954824912	96018.45946	0	0
Si30	27913.24182	0.04343571341	96018.45946	0	0
neutron	939.56536	11.53323135	96069.8355	0	0
neutron	939.56536	8.025809776	96069.8355	0	0
neutron	939.56536	0.2695631854	96069.8355	0	0
Ne20	18617.73218	1.603603999	96069.8355	0	0
neutron	939.56536	1.087223356	96296.80542	0	0
S34	31632.70018	0.2503848983	96296.80542	0	0
Na23	21409.21625	0.1965673418	98113.22788	650.2175491	649.854137
neutron	939.56536	2.853118948	96428.52895	0	0
Ne22	20479.73746	0.2067824061	96428.52895	0	0
neutron	939.56536	0.3456851006	95987.15697	0	0
Ne22	20479.73746	0.2318463475	95987.15697	0	0
S35	32565.27968	0.1529598074	95893.91491	0	0
neutron	939.56536	0.7684320297	95753.29927	0	0
S34	31632.70018	0.2723137034	95753.29927	0	0
neutron	939.56536	1.835044679	96055.41894	0	0
S36	33494.9558	0.1404319208	96055.41894	0	0
proton	938.272013	34.95918332	95965.71806	0	0
neutron	939.56536	3.16014097	95965.71806	0	0
neutron	939.56536	0.2336700736	95965.71806	0	0
F20	18625.26686	1.005926596	95965.71806	0	0
Ne23	21414.10216	0.2158184759	96189.38598	0	0
S35	32565.27968	0.1334122467	96038.14985	0	0
neutron	939.56536	14.82994542	95968.88149	0	0
neutron	939.56536	7.516557826	95968.88149	0	0
neutron	939.56536	5.214558402	95968.88149	0	0
S32	29773.62828	0.2553435254	95968.88149	0	0
neutron	939.56536	24.56591668	95825.85104	0	0
neutron	939.56536	13.141632	95825.85104	0	0
neutron	939.56536	3.999888511	95825.85104	0	0
Ne20	18617.73218	1.277565932	95825.85104	0	0
neutron	939.56536	3.215646826	96078.65125	0	0
S34	31632.70018	0.3617814179	96078.65125	0	0
Cl35	32564.60306	0.259335632	98360.24854	872.8331294	872.560165
neutron	939.56536	3.221131955	96082.31181	0	0
Ne22	20479.73746	0.05516423031	96082.31181	0	0
proton	938.272013	4.979641776	96587.58107	0	0
neutron	939.56536	4.529458991	96587.58107	0	0
F21	19556.73074	0.5451034419	96587.58107	0	0
neutron	939.56536	14.9984208	95985.72319	0	0
neutron	939.56536	4.350123111	95985.72319	0	0
neutron	939.56536	2.593408956	95985.72319	0	0
alpha	3727.379	11.93149391	95985.72319	0	0
O16	14895.08153	3.014426287	95985.72319	0	0
Ne23	21414.10216	0.2103567549	95921.92647	0	0
neutron	939.56536	12.72561376	96035.46677	0	0
proton	938.272013	6.913761463	96035.46677	0	0
neutron	939.56536	3.247813723	96035.46677	0	0
triton	2808.921	2.024871925	96035.46677	0	0
O17	15830.5038	0.5491637584	96035.46677	0	0
proton	938.272013	30.88518254	96111.88044	0	0
neutron	939.56536	9.45383824	96111.88044	0	0
proton	938.272013	3.398968458	96111.88044	0	0
O20	18629.59082	1.635576624	96111.88044	0	0
Ne23	21414.10216	0.2231017624	95984.80744	0	0
Ne23	21414.10216	0.2171936666	96071.96009	0	0
Ne23	21414.10216	0.2314254854	95847.05156	0	0
neutron	939.56536	24.04851793	95929.91082	0	0
neutron	939.56536	6.009387737	95929.91082	0	0
neutron	939.56536	2.770562789	95929.91082	0	0
Ne20	18617.73218	1.240389723	95929.91082	0	0
neutron	939.56536	36.79430234	96232.39728	0	0
neutron	939.56536	1.340671781	96232.39728	0	0
Ne21	19550.53637	1.619820003	96232.39728	0	0
Ne23	21414.10216	0.2173957484	96007.58682	0	0
Cl35	32564.60306	0.07268307548	97236.83397	415.211864	414.6503267
S37	34430.21755	0.1390148264	96194.35561	0	0
neutron	939.56536	6.870177836	95975.11908	0	0
neutron	939.56536	4.786784809	95975.11908	0	0
neutron	939.56536	2.343640308	95975.11908	0	0
Ne20	18617.73218	0.2496049945	95975.11908	0	0
Na23	21409.21625	0.1218558176	96719.05284	277.151612	276.6913422
neutron	939.56536	1.185953037	96080.91674	0	0
S34	31632.70018	0.1303967025	96080.91674	0	0
Ne23	21414.10216	0.2266390969	95850.01993	0	0
proton	938.272013	5.780735007	96020.77118	0	0
neutron	939.56536	1.932603114	96020.77118	0	0
P33	30705.30994	0.07884427935	96020.77118	0	0
neutron	939.56536	6.195125398	95854.18438	0	0
neutron	939.56536	1.259349062	95854.18438	0	0
neutron	939.56536	0.4319658231	95854.18438	0	0
S34	31632.70018	0.503974485	95854.18438	0	0
neutron	939.56536	18.75710668	95966.81874	0	0
neutron	939.56536	1.624557288	95966.81874	0	0
neutron	939.56536	0.5927424489	95966.81874	0	0
S32	29773.62828	0.5997436294	95966.81874	0	0
S35	32565.27968	0.1420714991	95811.66832	0	0
Ne23	21414.10216	0.2193878437	95909.63735	0	0
S35	32565.27968	0.148203644	96172.72561	0	0
Ne23	21414.10216	0.2274588588	96017.12593	0	0
neutron	939.56536	0.1066753295	95933.93596	0	0
S34	31632.70018	0.1320165855	95933.93596	0	0
Ne23	21414.10216	0.2323282647	95839.22465	0	0
neutron	939.56536	7.446766943	96090.48016	0	0
neutron	939.56536	6.302847629	96090.48016	0	0
proton	938.272013	6.043008195	96090.48016	0	0
deuteron	1875.613	2.260816104	96090.48016	0	0
Si30	27913.24182	0.4516402058	96090.48016	0	0
neutron	939.56536	1.556788418	95847.43323	0	0
Ne22	20479.73746	0.4856763675	95847.43323	0	0
proton	938.272013	4.418683454	96226.89885	0	0
neutron	939.56536	0.7960958885	96226.89885	0	0
neutron	939.56536	0.2469030224	96226.89885	0	0
F20	18625.26686	0.3630071262	96226.89885	0	0
Cl35	32564.60306	0.07584232337	99694.22508	1404.890623	1404.640399
Ne23	21414.10216	0.2184970564	95857.36718	0	0
Cl35	32564.60306	0.08570394631	99548.9813	1351.859094	1351.591211
S35	32565.27968	0.1576894448	95866.95136	0	0
S35	32565.27968	0.1436330401	96027.29878	0	0
neutron	939.56536	0.718104622	95795.2505	0	0
S34	31632.70018	0.2536343853	95795.2505	0	0
S35	32565.27968	0.1566341445	95930.13943	0	0
neutron	939.56536	1.260847283	96131.82405	0	0
Ne22	20479.73746	0.3046126523	96131.82405	0	0
neutron	939.56536	2.506815582	95874.23531	0	0
neutron	939.56536	1.96945503	95874.23531	0	0
neutron	939.56536	0.3379966171	95874.23531	0	0
S34	31632.70018	0.0930524841	95874.23531	0	0
neutron	939.56536	14.32244164	96018.46638	0	0
neutron	939.56536	10.09556902	96018.46638	0	0
proton	938.272013	9.909354955	96018.46638	0	0
proton	938.272013	3.029604282	96018.46638	0	0
neutron	939.56536	1.904887793	96018.46638	0	0
Si32	29776.58515	0.1980334814	96018.46638	0	0
neutron	939.56536	0.2841662466	96099.74658	0	0
Ne22	20479.73746	0.2054216086	96099.74658	0	0
Cl35	32564.60306	0.2663891475	98999.97315	1118.943167	1118.394625
neutron	939.56536	0.3746142589	95972.71149	0	0
Ne22	20479.73746	0.1719324199	95972.71149	0	0
S35	32565.27968	0.1405426938	95836.56461	0	0
neutron	939.56536	7.866527142	96085.66279	0	0
neutron	939.56536	5.124800173	96085.66279	0	0
neutron	939.56536	2.718281419	96085.66279	0	0
Ne20	18617.73218	0.5231916342	96085.66279	0	0
Na23	21409.21625	0.1700531891	97126.46933	425.0022172	424.8027372
neutron	939.56536	4.155045358	96120.95081	0	0
neutron	939.56536	3.398509173	96120.95081	0	0
S33	30704.55199	0.16671221	96120.95081	0	0
neutron	939.56536	20.18158208	95933.12994	0	0
proton	938.272013	5.502836684	95933.12994	0	0
neutron	939.56536	3.650897253	95933.12994	0	0
F20	18625.26686	1.06338986	95933.12994	0	0
neutron	939.56536	3.489053921	95962.61134	0	0
S34	31632.70018	0.01162905535	95962.61134	0	0
Na23	21409.21625	1.312642461	98342.51821	849.4923925	848.0431166
neutron	939.56536	0.8040420569	96034.55658	0	0
neutron	939.56536	0.3702334978	96034.55658	0	0
S35	32565.27968	0.03611526041	96034.55658	0	0
Na23	21409.21625	0.1690021457	99851.01861	1454.28374	1454.009542
neutron	939.56536	1.416080162	95942.54652	0	0
S34	31632.70018	0.1118715644	95942.54652	0	0
neutron	939.56536	15.97629286	95885.84251	0	0
neutron	939.56536	6.365940666	95885.84251	0	0
S33	30704.55199	0.2437274523	95885.84251	0	0
Cl35	32564.60306	0.128537314	99151.50686	1193.481338	1192.532127
neutron	939.56536	5.127462263	96107.0774	0	0
alpha	3727.379	12.54777407	96107.0774	0	0
Si30	27913.24182	2.851170448	96107.0774	0	0
Ne23	21414.10216	0.2245865852	96064.02973	0	0
Na23	21409.21625	0.1115102326	97450.99961	492.4980777	492.3232121
neutron	939.56536	4.510904824	96326.02805	0	0
neutron	939.56536	2.053816814	96326.02805	0	0
neutron	939.56536	0.6334823125	96326.02805	0	0
S34	31632.70018	0.1504138188	96326.02805	0	0
Cl35	32564.60306	0.08238161502	96139.58729	91.68927989	91.5294741
Cl35	32564.60306	0.3601538751	99225.05833	1213.589431	1213.107061
proton	938.272013	13.71935611	96149.42769	0	0
neutron	939.56536	1.238128116	96149.42769	0	0
P33	30705.30994	0.4312768814	96149.42769	0	0
neutron	939.56536	0.4775571565	96043.18431	0	0
Ne22	20479.73746	0.210695546	96043.18431	0	0
Na23	21409.21625	0.1385615101	99211.58636	1232.603833	1232.449709
Na23	21409.21625	0.1044487606	98737.07104	1031.785688	1031.660703
neutron	939.56536	0.3868118786	96042.17835	0	0
Ne22	20479.73746	0.3315900196	96042.17835	0	0
Ne23	21414.10216	0.2294961412	95990.55216	0	0
proton	938.272013	4.480261862	95952.52196	0	0
neutron	939.56536	0.4227517927	95952.52196	0	0
P33	30705.30994	0.333878745	95952.52196	0	0
Cl35	32564.60306	0.07034655673	97694.18641	669.4674925	669.3344357
S37	34430.21755	0.1397673897	95886.77438	0	0
Cl35	32564.60306	0.1352479814	96202.86697	170.0478627	169.8619982
neutron	939.56536	9.942758405	95844.29208	0	0
proton	938.272013	8.60800084	95844.29208	0	0
proton	938.272013	3.377513906	95844.29208	0	0
neutron	939.56536	0.6546887694	95844.29208	0	0
Si31	28846.21977	0.6164139229	95844.29208	0	0
Ne23	21414.10216	0.2145564843	95945.24367	0	0
neutron	939.56536	18.88309799	95919.40287	0	0
neutron	939.56536	6.095635717	95919.40287	0	0
neutron	939.56536	5.641194684	95919.40287	0	0
S34	31632.70018	0.988314678	95919.40287	0	0
proton	938.272013	23.33025965	95794.59349	0	0
neutron	939.56536	19.00588411	95794.59349	0	0
F21	19556.73074	0.5908416134	95794.59349	0	0
Ne23	21414.10216	0.2306791245	95858.33845	0	0
Cl35	32564.60306	0.06962760828	96040.87608	147.4099022	147.3109935
Ne23	21414.10216	0.2303152385	95756.01721	0	0
neutron	939.56536	16.95240257	96037.13614	0	0
neutron	939.56536	3.446677721	96037.13614	0	0
proton	938.272013	2.779849053	96037.13614	0	0
P32	29775.84838	0.2082850552	96037.13614	0	0
neutron	939.56536	9.168990183	96073.05085	0	0
neutron	939.56536	2.0158039	96073.05085	0	0
neutron	939.56536	0.798192873	96073.05085	0	0
alpha	3727.379	3.730636688	96073.05085	0	0
O16	14895.08153	4.010941953	96073.05085	0	0
Ne23	21414.10216	0.2259648059	95825.32281	0	0
Na23	21409.21625	0.1258941775	96069.65573	127.8274945	127.6473941
neutron	939.56536	12.76853136	95827.32623	0	0
neutron	939.56536	2.224907647	95827.32623	0	0
S33	30704.55199	0.2449369049	95827.32623	0	0
Cl37	34424.84314	0.1054880851	96792.46099	371.5127354	371.3722187
Ne23	21414.10216	0.2298427568	95907.45435	0	0
neutron	939.56536	3.166593493	96116.0137	0	0
neutron	939.56536	1.256176891	96116.0137	0	0
Ne21	19550.53637	0.5125415179	96116.0137	0	0
S35	32565.27968	0.1579798515	95948.24128	0	0
proton	938.272013	21.20055063	95909.29119	0	0
deuteron	1875.613	4.003288993	95909.29119	0	0
O20	18629.59082	1.143268114	95909.29119	0	0
Ne23	21414.10216	0.2323258704	96045.1094	0	0
neutron	939.56536	6.984521075	95916.21233	0	0
proton	938.272013	4.816323341	95916.21233	0	0
neutron	939.56536	3.708441959	95916.21233	0	0
neutron	939.56536	0.04534260515	95916.21233	0	0
P31	28844.21869	0.4303177117	95916.21233	0	0
neutron	939.56536	0.5913301052	96010.93811	0	0
S34	31632.70018	0.1948839467	96010.93811	0	0
S35	32565.27968	0.1431997901	96137.03836	0	0
Cl37	34424.84314	0.1371154107	99387.56987	1228.785391	1228.60856
Cl35	32564.60306	0.1667440551	96937.06626	323.2101271	323.0065786
neutron	939.56536	0.3031631223	96189.03385	0	0
S34	31632.70018	0.2179558471	96189.03385	0	0
neutron	939.56536	5.11283225	96126.23964	0	0
neutron	939.56536	1.299860149	96126.23964	0	0
neutron	939.56536	0.246510131	96126.23964	0	0
alpha	3727.379	6.647860851	96126.23964	0	0
Si28	26053.19393	0.7096347165	96126.23964	0	0
Cl37	34424.84314	0.1448481188	99308.67598	1250.936375	1250.697813
Cl37	34424.84314	0.07095373369	97656.04194	593.1799318	593.0517827
neutron	939.56536	0.5521572532	96130.48491	0	0
S34	31632.70018	0.1107587699	96130.48491	0	0
Cl37	34424.84314	0.06696592728	96680.11424	278.8418722	278.6051699
neutron	939.56536	0.03114871258	96011.39622	0	0
S34	31632.70018	0.1356106726	96011.39622	0	0
neutron	939.56536	5.404001811	96297.88309	0	0
proton	938.272013	3.866979355	96297.88309	0	0
neutron	939.56536	1.105768783	96297.88309	0	0
P32	29775.84838	0.2496136651	96297.88309	0	0
neutron	939.56536	1.599840556	95993.77321	0	0
Ne22	20479.73746	0.3626540406	95993.77321	0	0
neutron	939.56536	17.20554181	95967.36367	0	0
neutron	939.56536	2.530624553	95967.36367	0	0
neutron	939.56536	0.7719972634	95967.36367	0	0
Ne20	18617.73218	0.3631065044	95967.36367	0	0
proton	938.272013	39.19274666	95990.83449	0	0
proton	938.272013	2.461980821	95990.83449	0	0
neutron	939.56536	1.833398571	95990.83449	0	0
Si32	29776.58515	2.462947527	95990.83449	0	0
Cl35	32564.60306	0.07226189552	98870.63084	968.5358068	968.30857
S35	32565.27968	0.1624777604	96135.02571	0	0
Na23	21409.21625	0.1388352263	99625.0485	1353.610847	1353.46977
neutron	939.56536	34.33382787	96014.01908	0	0
neutron	939.56536	10.23675011	96014.01908	0	0
neutron	939.56536	2.187576539	96014.01908	0	0
S34	31632.70018	0.9405435464	96014.01908	0	0
Ne23	21414.10216	0.2295659383	96028.18608	0	0
Ne23	21414.10216	0.2303482336	96174.87725	0	0
neutron	939.56536	16.80608628	96178.07014	0	0
neutron	939.56536	13.79956295	96178.07014	0	0
neutron	939.56536	1.164376118	96178.07014	0	0
S34	31632.70018	0.3554574948	96178.07014	0	0
neutron	939.56536	2.804748938	95987.30494	0	0
S34	31632.70018	0.1112831517	95987.30494	0	0
proton	938.272013	5.367190263	95872.19555	0	0
neutron	939.56536	1.660920196	95872.19555	0	0
neutron	939.56536	0.9668111902	95872.19555	0	0
deuteron	1875.613	15.90937323	95872.19555	0	0
Si30	27913.24182	1.452711017	95872.19555	0	0
Ne23	21414.10216	0.2276075705	96183.83803	0	0
Ne23	21414.10216	0.2068124072	95974.56208	0	0
proton	938.272013	7.897821647	96036.67063	0	0
neutron	939.56536	7.259762346	96036.67063	0	0
alpha	3727.379	8.677134116	96036.67063	0	0
N17	15839.69307	2.086524841	96036.67063	0	0
neutron	939.56536	1.628797779	95944.02954	0	0
S34	31632.70018	0.3120507044	95944.02954	0	0
neutron	939.56536	4.359627053	95879.7738	0	0
neutron	939.56536	1.315332487	95879.7738	0	0
neutron	939.56536	1.136306107	95879.7738	0	0
S34	31632.70018	0.0745951317	95879.7738	0	0
S35	32565.27968	0.1573400775	96065.56928	0	0
Na23	21409.21625	0.1274895363	99982.09091	1494.907591	1494.559509
Ne23	21414.10216	0.207473212	95962.66672	0	0
S35	32565.27968	0.1607143402	96022.33274	0	0
Cl35	32564.60306	0.06975305795	98943.97838	1077.916779	1077.791796
neutron	939.56536	5.185577283	95994.39111	0	0
neutron	939.56536	1.034427545	95994.39111	0	0
alpha	3727.379	7.420095592	95994.39111	0	0
Si31	28846.21977	0.8324251483	95994.39111	0	0
neutron	939.56536	0.8758306766	96453.93312	0	0
S34	31632.70018	0.09289602463	96453.93312	0	0
Ne23	21414.10216	0.2252150244	95843.52274	0	0
S35	32565.27968	0.1402050061	96200.32337	0	0
Cl35	32564.60306	0.08007620253	98504.55127	963.3384312	963.2234908
proton	938.272013	8.102333239	95809.72593	0	0
neutron	939.56536	4.870816163	95809.72593	0	0
neutron	939.56536	0.3036613902	95809.72593	0	0
P32	29775.84838	0.2784397431	95809.72593	0	0
neutron	939.56536	8.693400345	95963.94249	0	0
neutron	939.56536	5.999196132	95963.94249	0	0
proton	938.272013	3.484255975	95963.94249	0	0
neutron	939.56536	2.260231663	95963.94249	0	0
alpha	3727.379	6.785438645	95963.94249	0	0
Al27	25126.50566	4.133727292	95963.94249	0	0
proton	938.272013	7.575234001	96014.40371	0	0
proton	938.272013	6.7665418	96014.40371	0	0
neutron	939.56536	4.479809381	96014.40371	0	0
neutron	939.56536	4.063059294	96014.40371	0	0
neutron	939.56536	3.143312166	96014.40371	0	0
neutron	939.56536	1.18346683	96014.40371	0	0
neutron	939.56536	0.2123952569	96014.40371	0	0
Si28	26053.19393	0.3537719986	96014.40371	0	0
neutron	939.56536	0.9651291825	96127.38373	0	0
S34	31632.70018	0.1705078405	96127.38373	0	0
Na23	21409.21625	0.1260224514	97104.48137	480.5417634	480.3358142
Cl35	32564.60306	0.1381527205	97656.44592	638.4209551	638.1169782
neutron	939.56536	1.397868375	96055.45874	0	0
S34	31632.70018	0.08080802278	96055.45874	0	0
neutron	939.56536	4.854920326	96167.79369	0	0
neutron	939.56536	3.147574622	96167.79369	0	0
neutron	939.56536	2.159641877	96167.79369	0	0
S32	29773.62828	0.2309402384	96167.79369	0	0
Cl35	32564.60306	0.2386416999	99775.82546	1423.034549	1422.635206
Cl35	32564.60306	0.4266908342	97075.83506	397.0541156	396.4970134
Cl35	32564.60306	0.4586327737	96782.27289	293.7974979	293.3156381
Ne23	21414.10216	0.233613027	96113.85077	0	0
neutron	939.56536	1.185562679	95995.04188	0	0
S34	31632.70018	0.1711366356	95995.04188	0	0
Ne23	21414.10216	0.2285828806	96108.41305	0	0
neutron	939.56536	13.79430898	96071.74546	0	0
proton	938.272013	6.516180633	96071.74546	0	0
neutron	939.56536	3.69686887	96071.74546	0	0
P32	29775.84838	0.5826470393	96071.74546	0	0
neutron	939.56536	48.58014117	96008.38944	0	0
neutron	939.56536	4.826358508	96008.38944	0	0
proton	938.272013	2.590281471	96008.38944	0	0
neutron	939.56536	0.9475087761	96008.38944	0	0
P31	28844.21869	2.292921654	96008.38944	0	0
S37	34430.21755	0.1290353185	95754.59684	0	0
neutron	939.56536	3.769644417	95879.68373	0	0
neutron	939.56536	2.620136888	95879.68373	0	0
neutron	939.56536	2.476958846	95879.68373	0	0
alpha	3727.379	3.433111066	95879.68373	0	0
O16	14895.08153	2.316732022	95879.68373	0	0
Ne23	21414.10216	0.2068305704	95968.26601	0	0
Cl35	32564.60306	0.0785376576	96546.74078	223.2982661	223.1636694
S35	32565.27968	0.1558398623	96017.54452	0	0
neutron	939.56536	4.820726055	95976.72281	0	0
alpha	3727.379	6.492640343	95976.72281	0	0
Si30	27913.24182	1.668386029	95976.72281	0	0
S35	32565.27968	0.1489684548	96084.37236	0	0
neutron	939.56536	6.453335728	95990.5096	0	0
neutron	939.56536	2.797140808	95990.5096	0	0
neutron	939.56536	1.92911006	95990.5096	0	0
S32	29773.62828	0.5110754393	95990.5096	0	0
neutron	939.56536	18.62203355	96059.56947	0	0
neutron	939.56536	5.554192393	96059.56947	0	0
neutron	939.56536	4.7279562	96059.56947	0	0
alpha	3727.379	6.851686526	96059.56947	0	0
alpha	3727.379	6.403977588	96059.56947	0	0
C12	11174.86339	1.200709518	96059.56947	0	0
neutron	939.56536	1.634557895	96062.92133	0	0
Ne22	20479.73746	0.4667007046	96062.92133	0	0
S35	32565.27968	0.137261577	96086.06985	0	0
Cl35	32564.60306	0.07238199753	96459.50073	219.6456919	218.9169128
S37	34430.21755	0.1442762062	95975.81799	0	0
Cl35	32564.60306	0.07716769497	98433.87866	878.5594112	877.8152228
Na23	21409.21625	0.5965570396	98711.90378	1025.557198	1024.881907
neutron	939.56536	2.259212747	95915.18883	0	0
Ne22	20479.73746	0.3730463917	95915.18883	0	0
neutron	939.56536	18.83629832	96060.82897	0	0
neutron	939.56536	5.484334851	96060.82897	0	0
proton	938.272013	5.035395568	96060.82897	0	0
neutron	939.56536	4.873392683	96060.82897	0	0
neutron	939.56536	0.05629609213	96060.82897	0	0
F18	16763.16938	1.558724565	96060.82897	0	0
S35	32565.27968	0.138810359	95841.31654	0	0
neutron	939.56536	1.143222951	96047.56008	0	0
Ne22	20479.73746	0.3611183615	96047.56008	0	0
neutron	939.56536	6.644505326	95723.16576	0	0
proton	938.272013	6.155771144	95723.16576	0	0
neutron	939.56536	2.992612041	95723.16576	0	0
P32	29775.84838	0.06693422387	95723.16576	0	0
neutron	939.56536	15.06595907	95992.18006	0	0
neutron	939.56536	8.732084179	95992.18006	0	0
neutron	939.56536	4.335657888	95992.18006	0	0
Ne20	18617.73218	1.13514671	95992.18006	0	0
neutron	939.56536	1.486001854	96081.67346	0	0
S34	31632.70018	0.06008980191	96081.67346	0	0
neutron	939.56536	1.624641153	96047.1496	0	0
S34	31632.70018	0.1246576939	96047.1496	0	0
proton	938.272013	7.526339511	96100.76352	0	0
neutron	939.56536	4.620943145	96100.76352	0	0
neutron	939.56536	1.379506084	96100.76352	0	0
neutron	939.56536	1.032699964	96100.76352	0	0
neutron	939.56536	0.7786887543	96100.76352	0	0
P30	27916.96459	0.4602981377	96100.76352	0	0
proton	938.272013	5.986351025	96182.51421	0	0
neutron	939.56536	3.049142873	96182.51421	0	0
P33	30705.30994	0.2327277125	96182.51421	0	0
neutron	939.56536	1.300786311	96160.69347	0	0
neutron	939.56536	1.101886364	96160.69347	0	0
Ne21	19550.53637	0.1578974308	96160.69347	0	0
Na23	21409.21625	0.1275382166	99694.25309	1384.507596	1383.916714
Ne23	21414.10216	0.2212732341	95791.93882	0	0
S35	32565.27968	0.1552450243	96015.82519	0	0
proton	938.272013	11.92581474	96193.50994	0	0
proton	938.272013	6.099327857	96193.50994	0	0
neutron	939.56536	3.662923255	96193.50994	0	0
neutron	939.56536	1.230562401	96193.50994	0	0
neutron	939.56536	0.1288495607	96193.50994	0	0
Si30	27913.24182	0.8211565478	96193.50994	0	0
Cl35	32564.60306	0.1979171694	96546.99215	232.3746268	231.8727637
Cl35	32564.60306	0.0852470981	96453.24366	193.7981804	193.6512988
neutron	939.56536	0.6101325795	95970.45622	0	0
S34	31632.70018	0.2380585891	95970.45622	0	0
neutron	939.56536	1.083282079	95916.91434	0	0
Ne22	20479.73746	0.3910768683	95916.91434	0	0
S35	32565.27968	0.1411843946	96084.65378	0	0
S35	32565.27968	0.1485807217	96126.74404	0	0
neutron	939.56536	1.583108208	96027.59111	0	0
S34	31632.70018	0.1058817651	96027.59111	0	0
neutron	939.56536	11.47911453	96046.56552	0	0
Ne22	20479.73746	0.342972505	96046.56552	0	0
neutron	939.56536	8.921408061	95921.09315	0	0
S34	31632.70018	0.4615241611	95921.09315	0	0
neutron	939.56536	2.046876897	95875.51185	0	0
S34	31632.70018	0.02832396784	95875.51185	0	0
Na23	21409.21625	0.9367283156	98491.72916	931.4801554	930.102449
neutron	939.56536	16.04572763	95907.04311	0	0
neutron	939.56536	3.4869764	95907.04311	0	0
proton	938.272013	2.495728493	95907.04311	0	0
neutron	939.56536	1.15589472	95907.04311	0	0
P31	28844.21869	0.6307773644	95907.04311	0	0
Cl35	32564.60306	0.180216248	97299.91481	416.5750112	416.2345803
neutron	939.56536	0.04741970183	96256.51722	0	0
Ne22	20479.73746	0.2492789464	96256.51722	0	0
neutron	939.56536	2.698734593	95898.51691	0	0
S34	31632.70018	0.2904459704	95898.51691	0	0
proton	938.272013	6.770630056	95930.78617	0	0
neutron	939.56536	2.431570904	95930.78617	0	0
F21	19556.73074	0.1373458737	95930.78617	0	0
neutron	939.56536	1.634105729	96069.24378	0	0
neutron	939.56536	1.07592473	96069.24378	0	0
neutron	939.56536	0.6078562498	96069.24378	0	0
S32	29773.62828	0.1230685312	96069.24378	0	0
neutron	939.56536	0.2262817695	95930.57383	0	0
S34	31632.70018	0.1659666052	95930.57383	0	0
neutron	939.56536	0.09300765057	95949.20936	0	0
S36	33494.9558	0.1368952199	95949.20936	0	0
Ne23	21414.10216	0.2244431854	95946.47086	0	0
neutron	939.56536	4.337764964	96115.28282	0	0
neutron	939.56536	1.339066773	96115.28282	0	0
neutron	939.56536	0.9980709698	96115.28282	0	0
Ne20	18617.73218	0.2122841548	96115.28282	0	0
Ne23	21414.10216	0.212930346	96142.36016	0	0
Cl37	34424.84314	0.07837892293	99051.4515	1158.493896	1158.295862
neutron	939.56536	5.359519198	95921.19947	0	0
neutron	939.56536	2.169606062	95921.19947	0	0
S35	32565.27968	0.4813806088	95921.19947	0	0
neutron	939.56536	10.35989974	95966.62442	0	0
neutron	939.56536	1.370748719	95966.62442	0	0
neutron	939.56536	1.140946253	95966.62442	0	0
alpha	3727.379	4.380269836	95966.62442	0	0
O16	14895.08153	2.230590066	95966.62442	0	0
Cl37	34424.84314	0.175028169	96667.48584	358.7210383	358.5027147
Ne23	21414.10216	0.198434583	95851.21469	0	0
proton	938.272013	6.438328757	95874.93366	0	0
neutron	939.56536	4.690411164	95874.93366	0	0
proton	938.272013	2.880739858	95874.93366	0	0
neutron	939.56536	2.067856909	95874.93366	0	0
Si31	28846.21977	0.5063669642	95874.93366	0	0
neutron	939.56536	0.3392242105	95890.16026	0	0
S36	33494.9558	0.07522372849	95890.16026	0	0
proton	938.272013	13.57199867	96081.64475	0	0
proton	938.272013	2.967643562	96081.64475	0	0
neutron	939.56536	1.616067966	96081.64475	0	0
Si32	29776.58515	0.7139194629	96081.64475	0	0
neutron	939.56536	1.452264028	96059.45773	0	0
neutron	939.56536	0.172323708	96059.45773	0	0
Ne21	19550.53637	0.3829781808	96059.45773	0	0
neutron	939.56536	15.27715337	95967.25339	0	0
neutron	939.56536	5.822530214	95967.25339	0	0
neutron	939.56536	3.465505102	95967.25339	0	0
alpha	3727.379	15.10875305	95967.25339	0	0
O16	14895.08153	3.536573669	95967.25339	0	0
S37	34430.21755	0.1397804504	96082.9662	0	0
neutron	939.56536	3.855913922	95895.07133	0	0
S34	31632.70018	0.1957228314	95895.07133	0	0
proton	938.272013	18.38996263	95805.02459	0	0
neutron	939.56536	3.20631921	95805.02459	0	0
neutron	939.56536	2.822673184	95805.02459	0	0
neutron	939.56536	2.337410587	95805.02459	0	0
F19	17692.30285	1.177516566	95805.02459	0	0
neutron	939.56536	0.5192462027	96380.71184	0	0
S34	31632.70018	0.1152683844	96380.71184	0	0
neutron	939.56536	3.081026322	96231.05175	0	0
S34	31632.70018	0.3192286152	96231.05175	0	0
Ne23	21414.10216	0.2140666164	95937.7238	0	0
neutron	939.56536	5.833471603	96052.64243	0	0
neutron	939.56536	4.008255441	96052.64243	0	0
neutron	939.56536	0.8439037455	96052.64243	0	0
S32	29773.62828	0.5986639375	96052.64243	0	0
neutron	939.56536	19.16052695	96124.91482	0	0
neutron	939.56536	8.637920736	96124.91482	0	0
neutron	939.56536	1.740435793	96124.91482	0	0
Ne20	18617.73218	0.7059212644	96124.91482	0	0
neutron	939.56536	9.731511678	96103.34014	0	0
proton	938.272013	4.816961443	96103.34014	0	0
proton	938.272013	2.892904083	96103.34014	0	0
neutron	939.56536	2.298756755	96103.34014	0	0
neutron	939.56536	2.131281325	96103.34014	0	0
Si30	27913.24182	0.4376646975	96103.34014	0	0
neutron	939.56536	0.2016595579	96079.75973	0	0
S34	31632.70018	0.1280837306	96079.75973	0	0
proton	938.272013	20.79678053	95864.3251	0	0
neutron	939.56536	10.05595257	95864.3251	0	0
proton	938.272013	3.874686974	95864.3251	0	0
neutron	939.56536	3.012907082	95864.3251	0	0
neutron	939.56536	2.301593801	95864.3251	0	0
Si30	27913.24182	1.047630355	95864.3251	0	0
S35	32565.27968	0.1541061655	96178.36967	0	0
Ne23	21414.10216	0.2109348024	96242.02903	0	0
neutron	939.56536	1.491720436	95826.29691	0	0
S34	31632.70018	0.2713916613	95826.29691	0	0
neutron	939.56536	1.414569347	96054.32434	0	0
S34	31632.70018	0.09222524172	96054.32434	0	0
neutron	939.56536	0.5065730402	95976.15657	0	0
S36	33494.9558	0.1314093628	95976.15657	0	0
neutron	939.56536	1.626229622	95974.1978	0	0
Ne22	20479.73746	0.367248466	95974.1978	0	0
neutron	939.56536	11.25157356	96137.00195	0	0
neutron	939.56536	6.843266423	96137.00195	0	0
neutron	939.56536	0.7099863357	96137.00195	0	0
Ne20	18617.73218	0.2560162369	96137.00195	0	0
proton	938.272013	17.83981124	95999.87002	0	0
neutron	939.56536	16.21064148	95999.87002	0	0
neutron	939.56536	0.4269738554	95999.87002	0	0
P32	29775.84838	1.124737414	95999.87002	0	0
neutron	939.56536	3.272777618	95899.40965	0	0
neutron	939.56536	1.173150756	95899.40965	0	0
S33	30704.55199	0.06961535132	95899.40965	0	0
neutron	939.56536	1.122146477	96313.71219	0	0
Ne22	20479.73746	0.4151770603	96313.71219	0	0
neutron	939.56536	0.5024874155	96216.1687	0	0
S34	31632.70018	0.2560163251	96216.1687	0	0
Ne23	21414.10216	0.2289260689	95920.67158	0	0
neutron	939.56536	6.430333134	96013.1626	0	0
neutron	939.56536	2.371026028	96013.1626	0	0
neutron	939.56536	0.5600106669	96013.1626	0	0
S32	29773.62828	0.3526948687	96013.1626	0	0
neutron	939.56536	5.922730723	95789.35242	0	0
neutron	939.56536	0.1439842659	95789.35242	0	0
Ne21	19550.53637	0.4377904152	95789.35242	0	0
neutron	939.56536	30.05728521	96046.39703	0	0
neutron	939.56536	7.405123047	96046.39703	0	0
neutron	939.56536	6.591669491	96046.39703	0	0
proton	938.272013	1.625677235	96046.39703	0	0
P31	28844.21869	2.758734691	96046.39703	0	0
S35	32565.27968	0.1554807454	95828.38059	0	0
S35	32565.27968	0.1543679755	96400.51505	0	0
Cl35	32564.60306	0.08695848001	97040.99197	464.3821919	464.1724769
S35	32565.27968	0.1548201539	95988.8121	0	0
S35	32565.27968	0.1531424676	96047.4456	0	0
neutron	939.56536	0.8426311588	95939.9649	0	0
Ne22	20479.73746	0.342695723	95939.9649	0	0
neutron	939.56536	0.5649988241	95926.86987	0	0
S34	31632.70018	0.09498641207	95926.86987	0	0
neutron	939.56536	0.2505744005	96162.80479	0	0
S34	31632.70018	0.2147570499	96162.80479	0	0
neutron	939.56536	18.99274203	95894.90019	0	0
neutron	939.56536	16.57295473	95894.90019	0	0
neutron	939.56536	8.264115483	95894.90019	0	0
alpha	3727.379	10.16766807	95894.90019	0	0
Si28	26053.19393	0.9980099753	95894.90019	0	0
Ne23	21414.10216	0.2152573918	96087.07981	0	0
neutron	939.56536	7.099623801	95848.47461	0	0
neutron	939.56536	0.06714897048	95848.47461	0	0
Ne21	19550.53637	0.4756387632	95848.47461	0	0
neutron	939.56536	4.270798193	95896.07824	0	0
neutron	939.56536	0.9594802443	95896.07824	0	0
Ne21	19550.53637	0.2790538298	95896.07824	0	0
neutron	939.56536	25.45009751	96135.43925	0	0
neutron	939.56536	8.939966713	96135.43925	0	0
proton	938.272013	4.297473411	96135.43925	0	0
neutron	939.56536	3.965798149	96135.43925	0	0
P31	28844.21869	1.58206611	96135.43925	0	0
Cl37	34424.84314	0.1039750484	99970.89465	1492.290132	1492.137579
neutron	939.56536	1.219363727	96032.08846	0	0
S34	31632.70018	0.2487732493	96032.08846	0	0
neutron	939.56536	0.3477940423	96043.06441	0	0
Ne22	20479.73746	0.14486047	96043.06441	0	0
neutron	939.56536	18.62523626	96109.91917	0	0
neutron	939.56536	7.423503336	96109.91917	0	0
proton	938.272013	4.95338747	96109.91917	0	0
neutron	939.56536	4.255165492	96109.91917	0	0
P31	28844.21869	1.052732685	96109.91917	0	0
Cl35	32564.60306	0.2013762403	95882.57372	40.31100201	40.07956514
neutron	939.56536	0.8564361223	96046.58474	0	0
S34	31632.70018	0.2169269121	96046.58474	0	0
Na23	21409.21625	0.0995415867	97495.17503	601.5461766	601.3291598
neutron	939.56536	0.6856977672	95957.32693	0	0
S34	31632.70018	0.2066375972	95957.32693	0	0
neutron	939.56536	0.6110001642	95914.48111	0	0
S34	31632.70018	0.2150058404	95914.48111	0	0
S35	32565.27968	0.1438668947	96088.06667	0	0
Ne23	21414.10216	0.2145961321	96059.66495	0	0
Na23	21409.21625	0.5895307539	96882.60927	372.9299821	372.2844444
proton	938.272013	22.83926086	96143.05162	0	0
neutron	939.56536	2.573769129	96143.05162	0	0
P33	30705.30994	0.8799630858	96143.05162	0	0
Cl37	34424.84314	0.209093999	99837.28792	1440.039889	1439.618877
neutron	939.56536	21.65482799	95813.21598	0	0
proton	938.272013	2.594795515	95813.21598	0	0
F21	19556.73074	0.2499421099	95813.21598	0	0
Na23	21409.21625	0.2346543039	97784.86252	655.0458894	654.65287
neutron	939.56536	1.266309439	96063.9511	0	0
S34	31632.70018	0.1091512422	96063.9511	0	0
neutron	939.56536	8.971418395	96011.84552	0	0
neutron	939.56536	6.857175614	96011.84552	0	0
neutron	939.56536	1.653852294	96011.84552	0	0
Ne20	18617.73218	0.5524316915	96011.84552	0	0
S35	32565.27968	0.1472666898	95844.3829	0	0
Ne23	21414.10216	0.2126703772	96007.62912	0	0
neutron	939.56536	0.9983015265	95917.48489	0	0
S34	31632.70018	0.04533380937	95917.48489	0	0
proton	938.272013	12.92527175	96148.11931	0	0
neutron	939.56536	5.114959069	96148.11931	0	0
neutron	939.56536	3.682590418	96148.11931	0	0
neutron	939.56536	2.537977309	96148.11931	0	0
P33	30705.30994	0.9759887772	96148.11931	0	0
Na23	21409.21625	0.4033248576	96048.43614	20.48607436	20.08083697
neutron	939.56536	16.08850644	96061.45325	0	0
neutron	939.56536	5.481358161	96061.45325	0	0
neutron	939.56536	2.071738121	96061.45325	0	0
neutron	939.56536	1.152987542	96061.45325	0	0
alpha	3727.379	7.037882509	96061.45325	0	0
Si29	26984.28567	1.074936219	96061.45325	0	0
Na23	21409.21625	1.396064806	98063.43856	808.2682625	806.6669028
Cl37	34424.84314	0.08169283092	97198.64763	386.6797481	386.2691814
neutron	939.56536	0.549844517	95939.29772	0	0
S34	31632.70018	0.1289312289	95939.29772	0	0
neutron	939.56536	1.690712854	96061.12204	0	0
neutron	939.56536	1.33595869	96061.12204	0	0
neutron	939.56536	0.474407446	96061.12204	0	0
S32	29773.62828	0.2143691386	96061.12204	0	0
Cl35	32564.60306	0.07344154992	99037.28862	1162.946923	1162.868715
neutron	939.56536	1.161128379	95860.54846	0	0
S34	31632.70018	0.2255413757	95860.54846	0	0
neutron	939.56536	1.93608286	95876.63827	0	0
Ne22	20479.73746	0.1467315131	95876.63827	0	0
neutron	939.56536	1.915207824	95984.92468	0	0
S34	31632.70018	0.06269787409	95984.92468	0	0
neutron	939.56536	5.376502069	96202.96581	0	0
Ne22	20479.73746	0.8220603583	96202.96581	0	0
neutron	939.56536	27.43695298	95878.13354	0	0
neutron	939.56536	1.091324848	95878.13354	0	0
Ne21	19550.53637	1.125060297	95878.13354	0	0
proton	938.272013	30.85595027	96043.97945	0	0
neutron	939.56536	4.312706653	96043.97945	0	0
neutron	939.56536	0.3181975613	96043.97945	0	0
P32	29775.84838	0.5784864288	96043.97945	0	0
neutron	939.56536	46.42574856	95909.63469	0	0
proton	938.272013	5.537235727	95909.63469	0	0
neutron	939.56536	4.959818373	95909.63469	0	0
neutron	939.56536	0.2043746138	95909.63469	0	0
P31	28844.21869	1.107968633	95909.63469	0	0
neutron	939.56536	13.44968706	95925.86179	0	0
S34	31632.70018	0.1126326427	95925.86179	0	0
neutron	939.56536	0.3670792163	96055.40422	0	0
S34	31632.70018	0.1184812507	96055.40422	0	0
neutron	939.56536	17.81409093	95760.05931	0	0
neutron	939.56536	17.08721412	95760.05931	0	0
neutron	939.56536	1.190987641	95760.05931	0	0
Ne20	18617.73218	0.1580049945	95760.05931	0	0
neutron	939.56536	1.662473343	96163.77708	0	0
Ne22	20479.73746	0.1330292071	96163.77708	0	0
neutron	939.56536	19.64261443	95933.59998	0	0
neutron	939.56536	3.585376744	95933.59998	0	0
neutron	939.56536	0.998198517	95933.59998	0	0
alpha	3727.379	9.898157624	95933.59998	0	0
Si28	26053.19393	2.644398426	95933.59998	0	0
Cl35	32564.60306	0.1949098886	97730.34702	709.2070393	708.9936202
neutron	939.56536	6.222945697	95979.04809	0	0
neutron	939.56536	5.071112584	95979.04809	0	0
proton	938.272013	1.696570235	95979.04809	0	0
neutron	939.56536	0.8075229304	95979.04809	0	0
alpha	3727.379	9.626052121	95979.04809	0	0
Al27	25126.50566	1.704998526	95979.04809	0	0
proton	938.272013	8.978575793	95871.25679	0	0
P34	31638.59261	0.2838690462	95871.25679	0	0
neutron	939.56536	2.80722135	96018.62175	0	0
neutron	939.56536	0.2288355396	96018.62175	0	0
Ne21	19550.53637	0.3666709974	96018.62175	0	0
neutron	939.56536	0.5278975039	96018.62343	0	0
S34	31632.70018	0.182170328	96018.62343	0	0
neutron	939.56536	2.20219898	95962.47652	0	0
Ne22	20479.73746	0.2922975269	95962.47652	0	0
neutron	939.56536	26.82164955	95926.02855	0	0
proton	938.272013	3.583584837	95926.02855	0	0
neutron	939.56536	1.016558502	95926.02855	0	0
P32	29775.84838	1.465787989	95926.02855	0	0
neutron	939.56536	2.390172726	96081.20405	0	0
neutron	939.56536	0.8209788605	96081.20405	0	0
neutron	939.56536	0.6930997709	96081.20405	0	0
S34	31632.70018	0.06070389189	96081.20405	0	0
neutron	939.56536	3.660774014	95978.68354	0	0
neutron	939.56536	1.267753478	95978.68354	0	0
neutron	939.56536	1.065848713	95978.68354	0	0
Ne20	18617.73218	0.5369246357	95978.68354	0	0
neutron	939.56536	20.76252163	96137.48223	0	0
proton	938.272013	11.67405136	96137.48223	0	0
P33	30705.30994	2.22244266	96137.48223	0	0
S35	32565.27968	0.1587771387	95843.3999	0	0
neutron	939.56536	3.213799784	96324.90633	0	0
neutron	939.56536	2.534996601	96324.90633	0	0
neutron	939.56536	2.382452345	96324.90633	0	0
neutron	939.56536	1.991013857	96324.90633	0	0
S33	30704.55199	0.3299537928	96324.90633	0	0
Cl37	34424.84314	0.1946822574	95938.94864	45.69195706	45.34141586
Cl35	32564.60306	0.1861534889	97128.4186	462.3577345	461.8743826
neutron	939.56536	0.5539523217	95941.12273	0	0
Ne22	20479.73746	0.2026422327	95941.12273	0	0
neutron	939.56536	0.3706206043	96098.91888	0	0
S34	31632.70018	0.1394415627	96098.91888	0	0
Cl35	32564.60306	0.0750478513	97263.58124	472.9359864	472.773285
neutron	939.56536	0.07666006185	96047.42869	0	0
S34	31632.70018	0.170486418	96047.42869	0	0
Cl35	32564.60306	0.08211927848	99176.76398	1221.449405	1221.291739
Cl35	32564.60306	0.1068231755	98323.68691	896.5100972	896.123521
Ne23	21414.10216	0.2229598984	95893.01058	0	0
S35	32565.27968	0.1526549051	96004.85152	0	0
S35	32565.27968	0.1442757461	96121.72859	0	0
neutron	939.56536	1.842360056	96040.23623	0	0
S34	31632.70018	0.03499189697	96040.23623	0	0
neutron	939.56536	0.8896861872	96214.39245	0	0
S34	31632.70018	0.2736505423	96214.39245	0	0
Ne23	21414.10216	0.212330338	96047.76652	0	0
neutron	939.56536	37.54719915	96027.43354	0	0
neutron	939.56536	11.79432008	96027.43354	0	0
neutron	939.56536	2.015873782	96027.43354	0	0
alpha	3727.379	5.195031993	96027.43354	0	0
O16	14895.08153	6.558799944	96027.43354	0	0
neutron	939.56536	39.65553192	96255.9884	0	0
neutron	939.56536	16.07973555	96255.9884	0	0
neutron	939.56536	0.7881324347	96255.9884	0	0
S32	29773.62828	0.2433267903	96255.9884	0	0
neutron	939.56536	9.146621826	95769.16978	0	0
proton	938.272013	9.108478412	95769.16978	0	0
proton	938.272013	7.320451168	95769.16978	0	0
neutron	939.56536	5.020162103	95769.16978	0	0
Si31	28846.21977	1.746629568	95769.16978	0	0
S35	32565.27968	0.1608595881	96030.34871	0	0
Ne23	21414.10216	0.2264332251	95859.138	0	0
Cl35	32564.60306	0.1259509866	98851.73719	1027.479744	1027.306022
neutron	939.56536	15.03499844	96126.80583	0	0
neutron	939.56536	9.660736061	96126.80583	0	0
proton	938.272013	4.526687703	96126.80583	0	0
neutron	939.56536	2.431031805	96126.80583	0	0
neutron	939.56536	0.1782361851	96126.80583	0	0
alpha	3727.379	8.141864428	96126.80583	0	0
N14	13040.20433	2.741751288	96126.80583	0	0
neutron	939.56536	0.6536809978	96027.57121	0	0
Ne22	20479.73746	0.2102919858	96027.57121	0	0
proton	938.272013	17.1687601	96386.02743	0	0
neutron	939.56536	1.060496573	96386.02743	0	0
neutron	939.56536	0.1969948473	96386.02743	0	0
P32	29775.84838	0.543891614	96386.02743	0	0
S35	32565.27968	0.1389119345	96278.79137	0	0
proton	938.272013	32.27584233	96023.5922	0	0
neutron	939.56536	26.63033871	96023.5922	0	0
neutron	939.56536	0.8613245043	96023.5922	0	0
P34	31638.59261	0.5131046593	96023.5922	0	0
neutron	939.56536	0.4633145948	95831.23131	0	0
Ne22	20479.73746	0.1792192497	95831.23131	0	0
neutron	939.56536	1.797910245	96131.07398	0	0
S36	33494.9558	0.07558430067	96131.07398	0	0
neutron	939.56536	1.352944939	95990.1824	0	0
S34	31632.70018	0.1074300634	95990.1824	0	0
neutron	939.56536	8.675011623	95874.68613	0	0
neutron	939.56536	4.001280267	95874.68613	0	0
proton	938.272013	3.921847434	95874.68613	0	0
P32	29775.84838	0.4968840262	95874.68613	0	0
Ne23	21414.10216	0.2172050082	95844.76415	0	0
Ne23	21414.10216	0.2118804274	96052.02931	0	0
neutron	939.56536	7.171750509	96085.89297	0	0
neutron	939.56536	3.901929243	96085.89297	0	0
neutron	939.56536	3.703659615	96085.89297	0	0
proton	938.272013	2.928010392	96085.89297	0	0
P31	28844.21869	0.2966202019	96085.89297	0	0
neutron	939.56536	12.38791165	96024.44001	0	0
proton	938.272013	5.689299544	96024.44001	0	0
proton	938.272013	3.352165591	96024.44001	0	0
neutron	939.56536	1.93647569	96024.44001	0	0
neutron	939.56536	1.309651368	96024.44001	0	0
neutron	939.56536	0.9909878034	96024.44001	0	0
Si29	26984.28567	0.9891241278	96024.44001	0	0
Ne23	21414.10216	0.2171785138	95954.98065	0	0
neutron	939.56536	26.0594492	95753.60722	0	0
neutron	939.56536	3.3197449	95753.60722	0	0
neutron	939.56536	1.430804308	95753.60722	0	0
S32	29773.62828	0.4349309555	95753.60722	0	0
Na23	21409.21625	0.1282802329	97632.18928	624.0043529	623.4436889
Ne23	21414.10216	0.2283100219	95956.20733	0	0
neutron	939.56536	3.942383392	96032.13142	0	0
neutron	939.56536	3.213643981	96032.13142	0	0
neutron	939.56536	3.07642588	96032.13142	0	0
alpha	3727.379	5.320153279	96032.13142	0	0
O16	14895.08153	1.568714956	96032.13142	0	0
neutron	939.56536	4.567520735	96024.19442	0	0
neutron	939.56536	0.9800667821	96024.19442	0	0
S33	30704.55199	0.4940506562	96024.19442	0	0
Na23	21409.21625	0.5371996997	97919.12302	707.3537957	706.6822047
Na23	21409.21625	0.4958570869	96576.64875	297.7151963	296.9524944
Na23	21409.21625	0.140043074	96907.34669	416.2385838	415.9922587
neutron	939.56536	2.303230265	95878.39758	0	0
S34	31632.70018	0.05041331476	95878.39758	0	0
neutron	939.56536	0.6966238381	95972.8527	0	0
S34	31632.70018	0.2226721771	95972.8527	0	0
S35	32565.27968	0.1298292965	95870.54966	0	0
neutron	939.56536	1.354615679	95885.80538	0	0
S34	31632.70018	0.1614211203	95885.80538	0	0
Na23	21409.21625	0.2548410988	98167.95806	837.7150174	837.0525386
neutron	939.56536	0.5751171988	96144.27955	0	0
Ne22	20479.73746	0.2817573671	96144.27955	0	0
neutron	939.56536	0.4623287079	96114.71565	0	0
Ne22	20479.73746	0.2930683477	96114.71565	0	0
Na23	21409.21625	0.1109283949	99817.48948	1441.935194	1441.772513
neutron	939.56536	2.212971191	96076.32176	0	0
S34	31632.70018	0.2379537258	96076.32176	0	0
neutron	939.56536	2.235326499	95871.83521	0	0
S34	31632.70018	0.1672601458	95871.83521	0	0
Na23	21409.21625	0.09977685985	96083.75944	116.6136865	116.4195649
neutron	939.56536	8.06031041	95933.83788	0	0
neutron	939.56536	2.088895071	95933.83788	0	0
neutron	939.56536	0.8779292397	95933.83788	0	0
alpha	3727.379	6.655683979	95933.83788	0	0
Si28	26053.19393	1.001496774	95933.83788	0	0
neutron	939.56536	20.72508241	95996.21004	0	0
proton	938.272013	7.566430389	95996.21004	0	0
neutron	939.56536	6.680030611	95996.21004	0	0
neutron	939.56536	0.9953253644	95996.21004	0	0
P31	28844.21869	0.8023116116	95996.21004	0	0
Ne23	21414.10216	0.2064203492	95962.74295	0	0
Na23	21409.21625	0.1286631532	96646.52803	294.4718936	294.2137587
S37	34430.21755	0.1391477863	96218.50089	0	0
neutron	939.56536	0.1199615785	96221.27155	0	0
Ne22	20479.73746	0.2506916197	96221.27155	0	0
proton	938.272013	24.33007509	95987.86595	0	0
neutron	939.56536	2.611309873	95987.86595	0	0
neutron	939.56536	1.705715736	95987.86595	0	0
P32	29775.84838	0.8010941789	95987.86595	0	0
neutron	939.56536	31.83034682	96118.6929	0	0
neutron	939.56536	2.042771252	96118.6929	0	0
Ne21	19550.53637	1.338893278	96118.6929	0	0
neutron	939.56536	6.399086108	96153.38142	0	0
neutron	939.56536	1.458427271	96153.38142	0	0
neutron	939.56536	0.5696534791	96153.38142	0	0
Ne20	18617.73218	0.2457460349	96153.38142	0	0
Ne23	21414.10216	0.2066170816	96297.19227	0	0
Cl35	32564.60306	0.1128262881	99174.24062	1218.800704	1218.657258
neutron	939.56536	2.127060639	95973.02594	0	0
S34	31632.70018	0.2215826631	95973.02594	0	0
Na23	21409.21625	0.1057526737	97365.72299	551.5981883	551.342792
proton	938.272013	4.010411481	96122.06879	0	0
neutron	939.56536	2.446444892	96122.06879	0	0
neutron	939.56536	0.04974889498	96122.06879	0	0
F20	18625.26686	1.107864447	96122.06879	0	0
neutron	939.56536	0.9833986176	95984.40436	0	0
S34	31632.70018	0.1559581203	95984.40436	0	0
Na23	21409.21625	0.1991047116	95985.22214	97.78702049	97.58041045
S37	34430.21755	0.1407057655	95848.79479	0	0
Cl37	34424.84314	0.1013411525	96056.55763	59.27266442	59.16118741
S35	32565.27968	0.1443250756	96206.90616	0	0
proton	938.272013	10.17328785	95878.52693	0	0
neutron	939.56536	7.340353167	95878.52693	0	0
neutron	939.56536	4.398785022	95878.52693	0	0
proton	938.272013	2.08350975	95878.52693	0	0
neutron	939.56536	0.9094910113	95878.52693	0	0
Si30	27913.24182	0.5769907648	95878.52693	0	0
neutron	939.56536	25.94082558	96155.34191	0	0
neutron	939.56536	1.980229547	96155.34191	0	0
neutron	939.56536	1.961301814	96155.34191	0	0
deuteron	1875.613	4.010476042	96155.34191	0	0
F18	16763.16938	0.800510255	96155.34191	0	0
neutron	939.56536	9.193020114	96163.65893	0	0
neutron	939.56536	3.465904779	96163.65893	0	0
neutron	939.56536	1.23275739	96163.65893	0	0
deuteron	1875.613	11.62984783	96163.65893	0	0
P32	29775.84838	1.100734938	96163.65893	0	0
Na23	21409.21625	0.1551784373	98035.84991	729.8044773	729.4058798
Ne23	21414.10216	0.2308495413	96081.55865	0	0
neutron	939.56536	0.2969092189	96020.88433	0	0
S34	31632.70018	0.1220761118	96020.88433	0	0
Ne23	21414.10216	0.2292526255	96063.67113	0	0
neutron	939.56536	0.5887874567	96122.104	0	0
S34	31632.70018	0.2138490233	96122.104	0	0
S35	32565.27968	0.1421597439	96075.58077	0	0
S35	32565.27968	0.158620962	96045.33526	0	0
Ne23	21414.10216	0.2235165923	96089.59414	0	0
Cl35	32564.60306	0.06866788051	99923.9285	1470.103414	1469.996876
proton	938.272013	17.57935346	96139.77506	0	0
neutron	939.56536	5.835262494	96139.77506	0	0
neutron	939.56536	3.601452259	96139.77506	0	0
neutron	939.56536	0.4169946525	96139.77506	0	0
P31	28844.21869	0.4793781943	96139.77506	0	0
S35	32565.27968	0.1483459044	96280.5484	0	0
S37	34430.21755	0.1297918663	96092.29167	0	0
Na23	21409.21625	0.3524127945	99542.29962	1315.610758	1314.701242
neutron	939.56536	0.1653292473	95925.3333	0	0
Ne22	20479.73746	0.3017388381	95925.3333	0	0
neutron	939.56536	0.4723364672	96223.65086	0	0
Ne22	20479.73746	0.262428579	96223.65086	0	0
neutron	939.56536	2.036443764	95831.8503	0	0
neutron	939.56536	2.002080093	95831.8503	0	0
neutron	939.56536	1.770476258	95831.8503	0	0
Ne20	18617.73218	0.2186364513	95831.8503	0	0
Cl35	32564.60306	0.4772618191	99098.28819	1189.674131	1189.007349
Na23	21409.21625	0.1007142345	96172.8864	83.91887666	83.80861427
neutron	939.56536	35.6265989	96138.56453	0	0
proton	938.272013	2.839519651	96138.56453	0	0
neutron	939.56536	2.523562927	96138.56453	0	0
neutron	939.56536	1.262928966	96138.56453	0	0
P31	28844.21869	1.314131308	96138.56453	0	0
neutron	939.56536	0.5094632636	95871.84241	0	0
S34	31632.70018	0.1215497431	95871.84241	0	0
neutron	939.56536	2.334411877	95936.95499	0	0
neutron	939.56536	1.107812373	95936.95499	0	0
neutron	939.56536	0.5045600291	95936.95499	0	0
Ne20	18617.73218	0.6961724623	95936.95499	0	0
Cl37	34424.84314	0.2448526228	96610.44981	273.6807813	273.4186485
neutron	939.56536	12.98129687	95992.58634	0	0
proton	938.272013	5.554674023	95992.58634	0	0
P33	30705.30994	0.7039364603	95992.58634	0	0
neutron	939.56536	28.17900296	95993.4795	0	0
neutron	939.56536	15.91314332	95993.4795	0	0
alpha	3727.379	3.670819023	95993.4795	0	0
O17	15830.5038	2.042173938	95993.4795	0	0
proton	938.272013	5.576834978	95939.70649	0	0
neutron	939.56536	5.056931394	95939.70649	0	0
proton	938.272013	2.881857909	95939.70649	0	0
neutron	939.56536	2.462233798	95939.70649	0	0
O19	17697.63348	0.849547678	95939.70649	0	0
Cl35	32564.60306	0.1644095646	97538.59941	594.0523612	593.8180028
neutron	939.56536	1.696199501	96048.22593	0	0
S34	31632.70018	0.06190035037	96048.22593	0	0
S35	32565.27968	0.158750352	95992.28812	0	0
neutron	939.56536	8.816268621	96113.2814	0	0
proton	938.272013	4.369893985	96113.2814	0	0
neutron	939.56536	3.919908842	96113.2814	0	0
neutron	939.56536	2.676482672	96113.2814	0	0
proton	938.272013	1.617081428	96113.2814	0	0
alpha	3727.379	7.844547652	96113.2814	0	0
Mg26	24196.50368	2.349243794	96113.2814	0	0
Ne23	21414.10216	0.2289888898	95926.59769	0	0
neutron	939.56536	1.467740034	96088.34709	0	0
S34	31632.70018	0.1727985997	96088.34709	0	0
proton	938.272013	11.12204175	95924.14641	0	0
neutron	939.56536	0.9780944426	95924.14641	0	0
neutron	939.56536	0.2229238039	95924.14641	0	0
P34	31638.59261	0.4337879239	95924.14641	0	0
neutron	939.56536	31.23877886	96271.57964	0	0
neutron	939.56536	7.655135754	96271.57964	0	0
neutron	939.56536	1.814037815	96271.57964	0	0
Ne20	18617.73218	2.420736261	96271.57964	0	0
neutron	939.56536	0.1294738312	95770.64642	0	0
S34	31632.70018	0.1853000916	95770.64642	0	0
neutron	939.56536	40.51362106	95783.0545	0	0
neutron	939.56536	3.221226853	95783.0545	0	0
neutron	939.56536	1.869730412	95783.0545	0	0
S32	29773.62828	1.168158968	95783.0545	0	0
Cl35	32564.60306	0.6725491361	97540.70028	624.4421862	623.664721
Na23	21409.21625	0.1247640016	97106.63677	468.6530857	468.5203347
neutron	939.56536	0.2579258213	95904.97279	0	0
S34	31632.70018	0.1278335982	95904.97279	0	0
neutron	939.56536	1.243586294	95849.07869	0	0
S34	31632.70018	0.1232670512	95849.07869	0	0
Na23	21409.21625	0.1744937903	96526.50644	197.8139086	197.3224196
neutron	939.56536	1.019992632	96099.87156	0	0
Ne22	20479.73746	0.3206396358	96099.87156	0	0
neutron	939.56536	5.784414061	96035.08342	0	0
neutron	939.56536	4.605119732	96035.08342	0	0
neutron	939.56536	1.496478111	96035.08342	0	0
neutron	939.56536	0.9694165075	96035.08342	0	0
S33	30704.55199	0.2270559143	96035.08342	0	0
neutron	939.56536	35.01011942	96022.27042	0	0
proton	938.272013	19.98534808	96022.27042	0	0
neutron	939.56536	1.227710307	96022.27042	0	0
P32	29775.84838	0.2154229887	96022.27042	0	0
Cl35	32564.60306	0.1622228667	97361.04034	461.442692	461.1872252
Ne23	21414.10216	0.2294356414	96178.50754	0	0
neutron	939.56536	2.321944225	96158.15736	0	0
neutron	939.56536	1.569880922	96158.15736	0	0
neutron	939.56536	1.212397301	96158.15736	0	0
S32	29773.62828	0.07014962073	96158.15736	0	0
neutron	939.56536	0.35867432	96002.86768	0	0
Ne22	20479.73746	0.2846248394	96002.86768	0	0
neutron	939.56536	5.688670204	96030.31268	0	0
neutron	939.56536	4.017835862	96030.31268	0	0
neutron	939.56536	0.4728132774	96030.31268	0	0
Ne20	18617.73218	0.3215301832	96030.31268	0	0
S35	32565.27968	0.1597784342	96146.08739	0	0
Cl35	32564.60306	0.07093657445	98583.98077	949.7298263	949.4673072
Ne23	21414.10216	0.2264141033	96050.73216	0	0
Cl37	34424.84314	0.1126407327	99951.0979	1483.787438	1483.640655
neutron	939.56536	1.12668277	96165.78361	0	0
S36	33494.9558	0.1796627784	96165.78361	0	0
Na23	21409.21625	0.2774621195	97429.2196	503.6873601	502.7459451
Ne23	21414.10216	0.2209306307	95960.31393	0	0
neutron	939.56536	1.008534262	95983.65629	0	0
S34	31632.70018	0.06791643422	95983.65629	0	0
Ne23	21414.10216	0.2090638541	96088.19484	0	0
neutron	939.56536	0.4771619015	95989.56676	0	0
S34	31632.70018	0.09158434888	95989.56676	0	0
neutron	939.56536	7.462150144	96050.16518	0	0
neutron	939.56536	2.223160714	96050.16518	0	0
neutron	939.56536	1.168368954	96050.16518	0	0
S34	31632.70018	0.3015206035	96050.16518	0	0
neutron	939.56536	13.21718541	96008.2056	0	0
neutron	939.56536	5.445281537	96008.2056	0	0
neutron	939.56536	3.28182435	96008.2056	0	0
neutron	939.56536	0.6499063345	96008.2056	0	0
S33	30704.55199	0.07105157838	96008.2056	0	0
S35	32565.27968	0.1454902938	95897.53371	0	0
neutron	939.56536	8.521934626	96059.71598	0	0
alpha	3727.379	7.543013699	96059.71598	0	0
O18	16762.02378	0.917637051	96059.71598	0	0
Na23	21409.21625	0.1113803685	96839.04202	401.4020257	401.0644243
neutron	939.56536	19.68258206	95778.60351	0	0
neutron	939.56536	3.358034346	95778.60351	0	0
Ne21	19550.53637	0.7394777467	95778.60351	0	0
neutron	939.56536	2.88864345	96281.95631	0	0
Ne22	20479.73746	0.06407550702	96281.95631	0	0
S35	32565.27968	0.1475067959	96168.15097	0	0
proton	938.272013	20.06614663	96041.42797	0	0
neutron	939.56536	3.120230226	96041.42797	0	0
neutron	939.56536	2.108297231	96041.42797	0	0
neutron	939.56536	0.9855734633	96041.42797	0	0
P31	28844.21869	1.5756528	96041.42797	0	0
neutron	939.56536	0.6688789002	96225.9488	0	0
S34	31632.70018	0.2041888776	96225.9488	0	0
neutron	939.56536	0.3721680511	95971.09322	0	0
Ne22	20479.73746	0.1266038829	95971.09322	0	0
Ne23	21414.10216	0.2140515508	95939.94157	0	0
Cl35	32564.60306	0.09167764709	96096.55445	98.35200782	97.97179027
neutron	939.56536	4.706763124	96017.58117	0	0
neutron	939.56536	4.139243339	96017.58117	0	0
neutron	939.56536	2.804837569	96017.58117	0	0
alpha	3727.379	4.64805044	96017.58117	0	0
O16	14895.08153	0.4215524534	96017.58117	0	0
neutron	939.56536	23.07349986	95852.76788	0	0
neutron	939.56536	8.050356732	95852.76788	0	0
neutron	939.56536	3.006783231	95852.76788	0	0
Ne20	18617.73218	0.4004393196	95852.76788	0	0
neutron	939.56536	6.172004955	95751.69745	0	0
S34	31632.70018	0.6004359706	95751.69745	0	0
S35	32565.27968	0.1548061677	96095.46919	0	0
Cl35	32564.60306	0.1694212864	99054.37676	1061.27306	1060.983493
Ne23	21414.10216	0.2235880985	95945.03822	0	0
S35	32565.27968	0.1529875295	95961.41424	0	0
neutron	939.56536	21.82058141	95941.94166	0	0
neutron	939.56536	3.845741899	95941.94166	0	0
neutron	939.56536	3.017747595	95941.94166	0	0
alpha	3727.379	2.333767127	95941.94166	0	0
O16	14895.08153	5.15720529	95941.94166	0	0
neutron	939.56536	4.997036989	95886.21581	0	0
neutron	939.56536	0.7550763851	95886.21581	0	0
neutron	939.56536	0.4608982104	95886.21581	0	0
Ne20	18617.73218	0.1274988554	95886.21581	0	0
S37	34430.21755	0.1390890339	95930.79312	0	0
S35	32565.27968	0.1605656823	96018.68335	0	0
proton	938.272013	17.58060543	96133.05053	0	0
proton	938.272013	16.05562162	96133.05053	0	0
neutron	939.56536	4.808853732	96133.05053	0	0
neutron	939.56536	0.9887046632	96133.05053	0	0
O19	17697.63348	4.317447562	96133.05053	0	0
neutron	939.56536	13.27571523	95813.80888	0	0
neutron	939.56536	5.497945066	95813.80888	0	0
deuteron	1875.613	3.862665742	95813.80888	0	0
F19	17692.30285	0.8311594597	95813.80888	0	0
Cl35	32564.60306	0.07200875599	96683.75676	186.7679779	186.6803021
neutron	939.56536	0.6151445888	96281.04744	0	0
S36	33494.9558	0.1720414281	96281.04744	0	0
Cl35	32564.60306	0.06476874051	99641.18809	1341.246156	1341.111312
neutron	939.56536	11.03775637	95909.89022	0	0
neutron	939.56536	8.314828625	95909.89022	0	0
neutron	939.56536	0.9029701467	95909.89022	0	0
Ne20	18617.73218	0.7473456205	95909.89022	0	0
Ne23	21414.10216	0.2288954872	96271.11283	0	0
neutron	939.56536	1.041488706	96174.99823	0	0
S36	33494.9558	0.04879982853	96174.99823	0	0
neutron	939.56536	25.47703547	95756.73435	0	0
neutron	939.56536	6.132027685	95756.73435	0	0
Ne21	19550.53637	1.470608337	95756.73435	0	0
Cl35	32564.60306	0.09337849035	96679.82617	287.6541838	287.5578559
neutron	939.56536	0.06267656285	95980.07218	0	0
Ne22	20479.73746	0.1898922914	95980.07218	0	0
proton	938.272013	14.2494428	95988.32112	0	0
neutron	939.56536	6.773640603	95988.32112	0	0
neutron	939.56536	1.106035061	95988.32112	0	0
P32	29775.84838	1.816638268	95988.32112	0	0
Na23	21409.21625	0.1070569366	96353.69117	157.2924199	156.9806323
Ne23	21414.10216	0.2178424095	96015.52758	0	0
neutron	939.56536	0.7716752474	95978.02492	0	0
S34	31632.70018	0.2155456212	95978.02492	0	0
Na23	21409.21625	0.2339784721	96386.45075	222.1549113	221.8429884
neutron	939.56536	12.35784527	96010.84786	0	0
neutron	939.56536	6.634334221	96010.84786	0	0
neutron	939.56536	2.396285621	96010.84786	0	0
S32	29773.62828	1.654251734	96010.84786	0	0
Cl35	32564.60306	0.226810005	98623.00599	959.4856266	959.1428447
neutron	939.56536	0.1677193577	96039.18053	0	0
S34	31632.70018	0.1822706709	96039.18053	0	0
neutron	939.56536	10.7770573	95912.531	0	0
neutron	939.56536	6.036150885	95912.531	0	0
proton	938.272013	5.000300264	95912.531	0	0
neutron	939.56536	0.7586366687	95912.531	0	0
P31	28844.21869	0.653529245	95912.531	0	0
Cl35	32564.60306	0.3563525103	96091.25764	116.3914712	115.8209585
neutron	939.56536	0.6311020291	95939.59607	0	0
Ne22	20479.73746	0.1936106734	95939.59607	0	0
neutron	939.56536	0.2785028246	96235.41581	0	0
S34	31632.70018	0.1702783309	96235.41581	0	0
neutron	939.56536	3.240986611	96081.67607	0	0
Ne22	20479.73746	0.06923961978	96081.67607	0	0
Cl35	32564.60306	0.2248956127	98271.4408	888.233724	887.8029552
neutron	939.56536	12.84965986	95896.45449	0	0
neutron	939.56536	3.236968895	95896.45449	0	0
alpha	3727.379	7.917406109	95896.45449	0	0
O17	15830.5038	0.758044693	95896.45449	0	0
S35	32565.27968	0.1480153081	96185.62434	0	0
proton	938.272013	15.18846902	96079.5492	0	0
neutron	939.56536	1.100109304	96079.5492	0	0
neutron	939.56536	0.6500390091	96079.5492	0	0
P34	31638.59261	0.5009271213	96079.5492	0	0
neutron	939.56536	21.82492177	96206.63693	0	0
neutron	939.56536	9.801144266	96206.63693	0	0
neutron	939.56536	0.9409570057	96206.63693	0	0
S32	29773.62828	0.8181283314	96206.63693	0	0
neutron	939.56536	22.93902973	95934.91236	0	0
neutron	939.56536	5.746804604	95934.91236	0	0
neutron	939.56536	1.850739185	95934.91236	0	0
Ne20	18617.73218	1.235296151	95934.91236	0	0
neutron	939.56536	1.577420074	95980.46381	0	0
S34	31632.70018	0.2743603096	95980.46381	0	0
Na23	21409.21625	0.3755611312	98819.18313	1075.788812	1075.380444
S35	32565.27968	0.1564581351	95790.42517	0	0
S35	32565.27968	0.1373130261	95865.15697	0	0
S35	32565.27968	0.1599976783	95830.31682	0	0
neutron	939.56536	0.3067962403	95861.12461	0	0
S34	31632.70018	0.1919691948	95861.12461	0	0
neutron	939.56536	8.640764314	96046.39612	0	0
neutron	939.56536	4.664399629	96046.39612	0	0
neutron	939.56536	2.959552113	96046.39612	0	0
proton	938.272013	2.257907104	96046.39612	0	0
P31	28844.21869	1.654561123	96046.39612	0	0
S35	32565.27968	0.1584143755	96089.58078	0	0
Cl37	34424.84314	0.06384663916	97949.36378	765.5020244	765.3871835
Cl35	32564.60306	0.1039882788	96342.22544	99.36754293	99.22610983
Ne23	21414.10216	0.2143843522	96163.12774	0	0
Cl35	32564.60306	0.07178985704	99070.12171	1179.696062	1179.377813
Na23	21409.21625	0.1056016411	98492.97057	964.1713761	963.9692545
neutron	939.56536	0.7170972038	96004.58678	0	0
S34	31632.70018	0.1642965523	96004.58678	0	0
Cl35	32564.60306	0.2071950005	96309.80503	96.93586388	96.72811973
neutron	939.56536	2.380206484	96179.85576	0	0
S34	31632.70018	0.04786618779	96179.85576	0	0
Ne23	21414.10216	0.228580664	96255.41034	0	0
neutron	939.56536	4.538082304	96036.76439	0	0
neutron	939.56536	2.78633524	96036.76439	0	0
neutron	939.56536	1.544644105	96036.76439	0	0
S32	29773.62828	0.1338251428	96036.76439	0	0
neutron	939.56536	1.302545096	95893.18483	0	0
S34	31632.70018	0.1112210594	95893.18483	0	0
S35	32565.27968	0.1583744077	96262.42915	0	0
Cl35	32564.60306	0.0989770805	96142.74858	96.23152303	96.1232113
neutron	939.56536	32.35833603	95999.18178	0	0
neutron	939.56536	0.8128613092	95999.18178	0	0
alpha	3727.379	7.978539935	95999.18178	0	0
Si29	26984.28567	3.111630772	95999.18178	0	0
S35	32565.27968	0.1455330012	96031.44565	0	0
neutron	939.56536	0.07359538757	96078.81964	0	0
S34	31632.70018	0.1299362405	96078.81964	0	0
Cl35	32564.60306	0.1030424742	99860.34097	1455.217715	1455.049037
proton	938.272013	5.723137734	95785.49844	0	0
neutron	939.56536	3.415969698	95785.49844	0	0
neutron	939.56536	1.73801718	95785.49844	0	0
deuteron	1875.613	2.977637654	95785.49844	0	0
Si30	27913.24182	0.8316353871	95785.49844	0	0
neutron	939.56536	2.126819937	96082.0193	0	0
alpha	3727.379	5.331130546	96082.0193	0	0
O18	16762.02378	0.6520268675	96082.0193	0	0
proton	938.272013	14.04261805	96098.38624	0	0
neutron	939.56536	5.855893276	96098.38624	0	0
neutron	939.56536	2.075571461	96098.38624	0	0
neutron	939.56536	0.1535219781	96098.38624	0	0
F19	17692.30285	0.244136531	96098.38624	0	0
Ne23	21414.10216	0.2078511685	96011.38279	0	0
Ne23	21414.10216	0.207052023	96195.51711	0	0
neutron	939.56536	14.865243	96093.80639	0	0
neutron	939.56536	2.714191858	96093.80639	0	0
neutron	939.56536	1.78275331	96093.80639	0	0
S34	31632.70018	0.1133461623	96093.80639	0	0
neutron	939.56536	2.049241077	96161.52711	0	0
S34	31632.70018	0.07979257	96161.52711	0	0
S37	34430.21755	0.1381214508	95847.44216	0	0
S35	32565.27968	0.1473496458	96089.44501	0	0
Cl35	32564.60306	0.120251898	97755.32415	673.8379079	673.4292893
neutron	939.56536	0.5915881994	95967.33621	0	0
S34	31632.70018	0.19639522	95967.33621	0	0
neutron	939.56536	0.4072698053	96146.90727	0	0
Ne22	20479.73746	0.1642576687	96146.90727	0	0
neutron	939.56536	0.2429718655	95941.40293	0	0
S34	31632.70018	0.1470671038	95941.40293	0	0
Cl35	32564.60306	0.2055067059	99698.35157	1347.801379	1347.414129
S35	32565.27968	0.167179862	96146.08532	0	0
S35	32565.27968	0.152417284	96213.31839	0	0
S35	32565.27968	0.1563838915	95922.36532	0	0
neutron	939.56536	14.50073539	95899.92562	0	0
neutron	939.56536	4.423012112	95899.92562	0	0
neutron	939.56536	2.536354648	95899.92562	0	0
Ne20	18617.73218	0.1165813123	95899.92562	0	0
neutron	939.56536	6.968221694	96067.28446	0	0
neutron	939.56536	2.847282409	96067.28446	0	0
neutron	939.56536	0.7034964407	96067.28446	0	0
alpha	3727.379	6.510216806	96067.28446	0	0
O16	14895.08153	0.03736039124	96067.28446	0	0
proton	938.272013	60.03834221	95983.39858	0	0
neutron	939.56536	2.151966109	95983.39858	0	0
F21	19556.73074	3.821741152	95983.39858	0	0
Na23	21409.21625	0.2287089251	98635.31593	990.0224832	989.6996083
Ne23	21414.10216	0.2016922811	96096.02206	0	0
neutron	939.56536	2.824312198	96059.88898	0	0
neutron	939.56536	1.237309483	96059.88898	0	0
Ne21	19550.53637	0.1614169608	96059.88898	0	0
Na23	21409.21625	0.1441992212	96096.22661	88.21171426	87.98177602
neutron	939.56536	1.573553886	96066.74739	0	0
S34	31632.70018	0.03428224005	96066.74739	0	0
neutron	939.56536	0.5773405537	95976.98232	0	0
S34	31632.70018	0.1645872084	95976.98232	0	0
neutron	939.56536	7.692694203	96219.01689	0	0
Ne22	20479.73746	0.4955423972	96219.01689	0	0
Cl35	32564.60306	0.09535502789	98903.74664	1082.563482	1082.432974
S37	34430.21755	0.1412495437	96162.54909	0	0
neutron	939.56536	0.6428538037	95924.31284	0	0
deuteron	1875.613	20.53850611	95924.31284	0	0
P34	31638.59261	1.772079021	95924.31284	0	0
proton	938.272013	17.20458265	96146.57511	0	0
neutron	939.56536	12.2331143	96146.57511	0	0
proton	938.272013	4.270549426	96146.57511	0	0
Si32	29776.58515	0.1997614409	96146.57511	0	0
S35	32565.27968	0.1631053486	95821.10051	0	0
neutron	939.56536	21.87395527	95912.92184	0	0
neutron	939.56536	14.96054257	95912.92184	0	0
neutron	939.56536	3.000172722	95912.92184	0	0
S32	29773.62828	0.2368968879	95912.92184	0	0
Na23	21409.21625	0.1452201768	97035.76933	414.5905131	414.3261123
neutron	939.56536	2.895815972	95964.33313	0	0
neutron	939.56536	1.146841778	95964.33313	0	0
neutron	939.56536	0.7462027394	95964.33313	0	0
S34	31632.70018	0.2010450659	95964.33313	0	0
S37	34430.21755	0.1345986477	96139.44596	0	0
neutron	939.56536	36.07846295	96149.89764	0	0
proton	938.272013	6.218771175	96149.89764	0	0
neutron	939.56536	5.803247259	96149.89764	0	0
neutron	939.56536	0.3655647301	96149.89764	0	0
P31	28844.21869	2.235860989	96149.89764	0	0
neutron	939.56536	0.8938744484	95851.92673	0	0
Ne22	20479.73746	0.3187636267	95851.92673	0	0
neutron	939.56536	31.84424228	95937.91037	0	0
neutron	939.56536	16.2869077	95937.91037	0	0
neutron	939.56536	2.775442156	95937.91037	0	0
S34	31632.70018	1.64237629	95937.91037	0	0
Ne23	21414.10216	0.2333764618	96083.90994	0	0
Ne23	21414.10216	0.2281197237	96030.28214	0	0
neutron	939.56536	3.872606109	95981.9696	0	0
neutron	939.56536	1.068125747	95981.9696	0	0
S33	30704.55199	0.3205176025	95981.9696	0	0
Cl37	34424.84314	0.1698065832	99285.76762	1155.982957	1155.754651
neutron	939.56536	16.20394316	95971.96697	0	0
neutron	939.56536	7.85852145	95971.96697	0	0
neutron	939.56536	4.577374866	95971.96697	0	0
proton	938.272013	3.797417409	95971.96697	0	0
alpha	3727.379	12.92313473	95971.96697	0	0
Al27	25126.50566	2.016222262	95971.96697	0	0
Cl35	32564.60306	0.09310765731	99101.92565	1170.057228	1169.699001
neutron	939.56536	0.6221304073	95947.92796	0	0
S34	31632.70018	0.2066017738	95947.92796	0	0
Na23	21409.21625	0.3739333621	98628.6558	1001.030004	1000.644629
neutron	939.56536	23.44372739	96014.53917	0	0
neutron	939.56536	2.785408671	96014.53917	0	0
Ne21	19550.53637	1.526231364	96014.53917	0	0
S35	32565.27968	0.1508607541	96273.78561	0	0
S37	34430.21755	0.141850332	95995.17748	0	0
neutron	939.56536	21.74938793	96005.88869	0	0
proton	938.272013	6.423491172	96005.88869	0	0
neutron	939.56536	2.389087297	96005.88869	0	0
deuteron	1875.613	2.83799491	96005.88869	0	0
O18	16762.02378	4.121140161	96005.88869	0	0
S35	32565.27968	0.155500546	95906.74184	0	0
neutron	939.56536	1.829238405	96012.29994	0	0
Ne22	20479.73746	0.2521557684	96012.29994	0	0
neutron	939.56536	7.713100213	95920.98169	0	0
neutron	939.56536	1.952360976	95920.98169	0	0
Ne21	19550.53637	0.2621812642	95920.98169	0	0
alpha	3727.379	5.083015068	96234.01315	0	0
O19	17697.63348	1.553575825	96234.01315	0	0
S35	32565.27968	0.1429018341	96054.16745	0	0
S35	32565.27968	0.1638353918	95999.39197	0	0
S35	32565.27968	0.1657795758	96103.46667	0	0
Ne23	21414.10216	0.2130922234	95914.50253	0	0
Cl37	34424.84314	0.09405914476	97317.11898	549.5474224	549.4446657
neutron	939.56536	1.604526337	95891.65642	0	0
Ne22	20479.73746	0.1566249943	95891.65642	0	0
proton	938.272013	3.063491798	96111.79577	0	0
neutron	939.56536	2.690202967	96111.79577	0	0
neutron	939.56536	1.300175664	96111.79577	0	0
neutron	939.56536	0.7103421946	96111.79577	0	0
P31	28844.21869	0.1059293905	96111.79577	0	0
neutron	939.56536	2.326390742	96232.17548	0	0
Ne22	20479.73746	0.3544593927	96232.17548	0	0
Cl35	32564.60306	0.1233458369	96659.1089	286.4920626	286.0985078
S35	32565.27968	0.1530570151	95928.49621	0	0
Cl35	32564.60306	0.09079807842	98940.4091	1082.194424	1082.05843
neutron	939.56536	1.124727965	96026.22455	0	0
S34	31632.70018	0.1405211881	96026.22455	0	0
Na23	21409.21625	0.17076329	98000.46513	757.3696957	757.0634643
neutron	939.56536	1.636754809	95947.78002	0	0
S34	31632.70018	0.0783608896	95947.78002	0	0
Ne23	21414.10216	0.22292566	95901.21676	0	0
Na23	21409.21625	0.1304833801	98021.42469	739.3641138	739.2327074
neutron	939.56536	12.20943583	96047.35433	0	0
neutron	939.56536	3.943357638	96047.35433	0	0
neutron	939.56536	0.5460710084	96047.35433	0	0
Ne20	18617.73218	0.4281226615	96047.35433	0	0
Cl37	34424.84314	0.1067987411	97154.5002	440.5578134	440.3664793
proton	938.272013	30.1898649	96006.94715	0	0
neutron	939.56536	3.924849832	96006.94715	0	0
P33	30705.30994	0.8893315733	96006.94715	0	0
neutron	939.56536	8.13248433	95807.48156	0	0
proton	938.272013	4.680065844	95807.48156	0	0
neutron	939.56536	2.957414431	95807.48156	0	0
P32	29775.84838	0.7147147605	95807.48156	0	0
Ne23	21414.10216	0.2223320576	95889.66213	0	0
neutron	939.56536	3.174599319	95838.81284	0	0
S34	31632.70018	0.2459830644	95838.81284	0	0
Cl35	32564.60306	0.2280674212	96837.92026	398.9061104	398.570753
S37	34430.21755	0.1337928753	96316.71819	0	0
neutron	939.56536	2.10317296	96198.5133	0	0
S34	31632.70018	0.1908570016	96198.5133	0	0
proton	938.272013	9.445486955	95865.91877	0	0
neutron	939.56536	7.175708941	95865.91877	0	0
neutron	939.56536	4.915254633	95865.91877	0	0
proton	938.272013	2.181802584	95865.91877	0	0
neutron	939.56536	1.600495596	95865.91877	0	0
alpha	3727.379	8.974830958	95865.91877	0	0
Mg26	24196.50368	0.8182365299	95865.91877	0	0
neutron	939.56536	8.271249452	95988.96277	0	0
proton	938.272013	4.002898268	95988.96277	0	0
neutron	939.56536	0.6881996418	95988.96277	0	0
P32	29775.84838	0.2144777815	95988.96277	0	0
Cl35	32564.60306	0.2576387634	96173.27166	39.27894606	38.69863474
Cl35	32564.60306	0.1200705104	97376.52684	570.0992667	569.8994088
neutron	939.56536	2.971907753	95991.51278	0	0
neutron	939.56536	1.872162832	95991.51278	0	0
neutron	939.56536	1.079466093	95991.51278	0	0
S34	31632.70018	0.266329452	95991.51278	0	0
proton	938.272013	13.34754417	96033.47311	0	0
neutron	939.56536	5.915959757	96033.47311	0	0
proton	938.272013	5.600926411	96033.47311	0	0
neutron	939.56536	3.821637828	96033.47311	0	0
neutron	939.56536	2.207631101	96033.47311	0	0
Si30	27913.24182	2.751993248	96033.47311	0	0
neutron	939.56536	2.278815296	96100.77737	0	0
S34	31632.70018	0.3019352407	96100.77737	0	0
neutron	939.56536	3.16446652	96131.76757	0	0
proton	938.272013	2.806092844	96131.76757	0	0
neutron	939.56536	2.496867122	96131.76757	0	0
P32	29775.84838	0.4124561263	96131.76757	0	0
S35	32565.27968	0.1606484977	96251.59091	0	0
neutron	939.56536	35.95950777	96003.61242	0	0
neutron	939.56536	5.663970456	96003.61242	0	0
neutron	939.56536	2.482630882	96003.61242	0	0
deuteron	1875.613	4.743602435	96003.61242	0	0
F18	16763.16938	3.860896847	96003.61242	0	0
Na23	21409.21625	0.1082800698	98435.01194	929.7709155	929.3108662
Ne23	21414.10216	0.2242541641	96090.15992	0	0
neutron	939.56536	3.576760228	96087.0308	0	0
neutron	939.56536	2.030489535	96087.0308	0	0
neutron	939.56536	0.3454636335	96087.0308	0	0
S32	29773.62828	0.4860117829	96087.0308	0	0
Ne23	21414.10216	0.2235093021	95841.99747	0	0
neutron	939.56536	8.345614013	95955.70222	0	0
neutron	939.56536	5.64011627	95955.70222	0	0
neutron	939.56536	0.2297545322	95955.70222	0	0
alpha	3727.379	11.45668074	95955.70222	0	0
Si28	26053.19393	1.823133471	95955.70222	0	0
Ne23	21414.10216	0.2027751378	95834.97296	0	0
Na23	21409.21625	0.1197505481	97663.65472	641.4857966	641.2228807
S35	32565.27968	0.1517744017	95875.275	0	0
S35	32565.27968	0.1610885018	95960.0478	0	0
neutron	939.56536	6.103603083	95908.19109	0	0
neutron	939.56536	4.895078819	95908.19109	0	0
S33	30704.55199	0.2301739029	95908.19109	0	0
Cl35	32564.60306	0.2989343906	97453.99619	456.6183676	456.3174783
neutron	939.56536	1.608508284	96334.94198	0	0
S34	31632.70018	0.3379798498	96334.94198	0	0
neutron	939.56536	2.554642245	96275.94218	0	0
Ne22	20479.73746	0.1157754684	96275.94218	0	0
neutron	939.56536	2.288365961	95991.14101	0	0
Ne22	20479.73746	0.193190659	95991.14101	0	0
neutron	939.56536	38.97269893	96024.16314	0	0
neutron	939.56536	2.145649622	96024.16314	0	0
neutron	939.56536	1.234013052	96024.16314	0	0
S32	29773.62828	1.444468242	96024.16314	0	0
Cl35	32564.60306	0.1311039937	99563.43022	1351.615585	1351.478169
Cl37	34424.84314	0.08230436467	96692.99764	233.5639338	233.4594535
Cl35	32564.60306	0.2062926589	98407.71385	905.0931642	904.380459
neutron	939.56536	18.35751767	96022.46364	0	0
neutron	939.56536	6.882700089	96022.46364	0	0
proton	938.272013	2.69153661	96022.46364	0	0
neutron	939.56536	2.622897781	96022.46364	0	0
P33	30705.30994	0.268122376	96022.46364	0	0
neutron	939.56536	0.3515130148	96023.47413	0	0
Ne22	20479.73746	0.1443304088	96023.47413	0	0
Cl35	32564.60306	0.0648967227	96922.04288	324.9159626	324.4792087
neutron	939.56536	0.2202851069	96131.53245	0	0
Ne22	20479.73746	0.1733249337	96131.53245	0	0
neutron	939.56536	0.08603237046	96220.19201	0	0
S34	31632.70018	0.1651131212	96220.19201	0	0
neutron	939.56536	3.963396999	96067.40517	0	0
neutron	939.56536	2.530351594	96067.40517	0	0
neutron	939.56536	2.093533997	96067.40517	0	0
S32	29773.62828	0.3166455122	96067.40517	0	0
Ne23	21414.10216	0.215838562	96273.52598	0	0
neutron	939.56536	0.6968898881	95916.41328	0	0
S34	31632.70018	0.08101739849	95916.41328	0	0
Cl35	32564.60306	0.07086600972	99424.67657	1302.118666	1302.040582
S35	32565.27968	0.1564769618	96124.94945	0	0
Ne23	21414.10216	0.2170271301	96084.84276	0	0
Na23	21409.21625	0.3177088368	96994.16239	396.5697486	396.0758511
proton	938.272013	34.00715327	96003.02953	0	0
neutron	939.56536	29.91625027	96003.02953	0	0
neutron	939.56536	0.5294613693	96003.02953	0	0
P32	29775.84838	0.5138580943	96003.02953	0	0
Na23	21409.21625	0.1961313987	96791.20169	271.644562	271.4303395
neutron	939.56536	1.488382341	95793.34106	0	0
triton	2808.921	8.212060379	95793.34106	0	0
P31	28844.21869	0.9552107436	95793.34106	0	0
Cl35	32564.60306	0.2051536519	99534.88239	1284.379022	1283.797697
neutron	939.56536	0.3439498768	96250.52033	0	0
Ne22	20479.73746	0.3338706112	96250.52033	0	0
S35	32565.27968	0.1654851955	96201.42311	0	0
proton	938.272013	37.85560408	96107.07493	0	0
neutron	939.56536	6.131194235	96107.07493	0	0
P33	30705.30994	0.2704646794	96107.07493	0	0
Cl35	32564.60306	0.0836436576	98868.69912	1066.307275	1066.058384
S35	32565.27968	0.1599082119	96024.4328	0	0
neutron	939.56536	1.470910054	95968.14147	0	0
S34	31632.70018	0.1615732591	95968.14147	0	0
neutron	939.56536	1.968861345	95966.54461	0	0
S34	31632.70018	0.1178011683	95966.54461	0	0
Ne23	21414.10216	0.2121239916	96031.41338	0	0
S35	32565.27968	0.1581236788	95786.45371	0	0
S35	32565.27968	0.160887264	96071.47283	0	0
neutron	939.56536	13.51710652	95831.74352	0	0
proton	938.272013	8.010544297	95831.74352	0	0
neutron	939.56536	4.130983676	95831.74352	0	0
P32	29775.84838	0.09590523074	95831.74352	0	0
S37	34430.21755	0.1287349499	96109.92405	0	0
neutron	939.56536	33.99972723	95968.73779	0	0
proton	938.272013	8.933781546	95968.73779	0	0
neutron	939.56536	4.523660336	95968.73779	0	0
neutron	939.56536	1.307506032	95968.73779	0	0
P31	28844.21869	0.5621962046	95968.73779	0	0
neutron	939.56536	3.555713315	96040.01269	0	0
S34	31632.70018	0.3283119668	96040.01269	0	0
neutron	939.56536	18.31106468	95957.1514	0	0
neutron	939.56536	7.383068792	95957.1514	0	0
neutron	939.56536	0.5687075967	95957.1514	0	0
S32	29773.62828	1.145092858	95957.1514	0	0
proton	938.272013	10.06926738	95879.73606	0	0
proton	938.272013	5.55089256	95879.73606	0	0
neutron	939.56536	1.784169087	95879.73606	0	0
O20	18629.59082	2.489977431	95879.73606	0	0
neutron	939.56536	0.2864277173	95941.65833	0	0
Ne22	20479.73746	0.3249455488	95941.65833	0	0
neutron	939.56536	0.7239850887	95870.79054	0	0
Ne22	20479.73746	0.3862329634	95870.79054	0	0
neutron	939.56536	34.92022231	95897.34095	0	0
neutron	939.56536	3.375683039	95897.34095	0	0
neutron	939.56536	0.6440613715	95897.34095	0	0
S32	29773.62828	1.150115188	95897.34095	0	0
neutron	939.56536	8.205594349	95939.58218	0	0
neutron	939.56536	5.589559328	95939.58218	0	0
proton	938.272013	4.641437553	95939.58218	0	0
neutron	939.56536	2.283588938	95939.58218	0	0
P31	28844.21869	0.6365511066	95939.58218	0	0
neutron	939.56536	1.415612957	95797.11864	0	0
S34	31632.70018	0.108782171	95797.11864	0	0
S35	32565.27968	0.1348921612	96320.98567	0	0
neutron	939.56536	0.1179026148	95986.1091	0	0
S34	31632.70018	0.1768954509	95986.1091	0	0
neutron	939.56536	6.667848413	95930.12098	0	0
neutron	939.56536	1.458630144	95930.12098	0	0
neutron	939.56536	0.6113727766	95930.12098	0	0
S34	31632.70018	0.326566562	95930.12098	0	0
neutron	939.56536	0.7599418028	95959.07756	0	0
S34	31632.70018	0.05514240784	95959.07756	0	0
Na23	21409.21625	0.5415631874	96044.88666	60.97442072	60.34147607
neutron	939.56536	0.2537811788	96023.97283	0	0
S34	31632.70018	0.1260603286	96023.97283	0	0
Ne23	21414.10216	0.1980178986	95863.12739	0	0
Ne23	21414.10216	0.2255224094	96104.28855	0	0
neutron	939.56536	1.819584482	96059.01256	0	0
neutron	939.56536	1.781168837	96059.01256	0	0
S33	30704.55199	0.1499641714	96059.01256	0	0
neutron	939.56536	14.46919355	95997.38339	0	0
neutron	939.56536	5.217741758	95997.38339	0	0
neutron	939.56536	0.8772091497	95997.38339	0	0
S32	29773.62828	0.1183509472	95997.38339	0	0
Na23	21409.21625	0.2467991789	99045.53036	1158.405566	1157.881176
Cl35	32564.60306	0.1729240687	98898.71505	1112.671408	1111.783249
S35	32565.27968	0.167925774	95852.43033	0	0
neutron	939.56536	1.374103779	95828.55477	0	0
S34	31632.70018	0.1368490478	95828.55477	0	0
neutron	939.56536	0.2206739202	96225.57241	0	0
S34	31632.70018	0.120317189	96225.57241	0	0
Cl35	32564.60306	0.0729682195	96523.14479	227.7876638	227.6512148
neutron	939.56536	8.381360323	95984.98304	0	0
neutron	939.56536	2.536082671	95984.98304	0	0
S33	30704.55199	0.1679064779	95984.98304	0	0
neutron	939.56536	1.423255863	95977.03422	0	0
neutron	939.56536	0.1051235047	95977.03422	0	0
S33	30704.55199	0.1507580309	95977.03422	0	0
proton	938.272013	15.35765477	95999.20079	0	0
neutron	939.56536	1.779598528	95999.20079	0	0
F21	19556.73074	1.783087517	95999.20079	0	0
neutron	939.56536	1.434788258	96107.79196	0	0
triton	2808.921	8.843155733	96107.79196	0	0
F19	17692.30285	1.320893599	96107.79196	0	0
Cl35	32564.60306	0.1546802663	99589.46879	1290.458234	1290.300331
neutron	939.56536	2.963177671	96169.39428	0	0
S34	31632.70018	0.06392566516	96169.39428	0	0
Ne23	21414.10216	0.2167403137	96146.88031	0	0
Ne23	21414.10216	0.209240846	95933.62541	0	0
neutron	939.56536	0.09198838518	95954.80203	0	0
Ne22	20479.73746	0.2276081193	95954.80203	0	0
neutron	939.56536	15.11423354	96282.23781	0	0
neutron	939.56536	9.716496509	96282.23781	0	0
neutron	939.56536	2.012302691	96282.23781	0	0
neutron	939.56536	1.586649658	96282.23781	0	0
neutron	939.56536	0.4369423483	96282.23781	0	0
S32	29773.62828	1.488092805	96282.23781	0	0
Ne23	21414.10216	0.2253968487	96114.33997	0	0
proton	938.272013	52.50527933	95966.97207	0	0
neutron	939.56536	2.225687173	95966.97207	0	0
P35	32569.77755	2.044435326	95966.97207	0	0
deuteron	1875.613	9.621313304	96178.11409	0	0
P33	30705.30994	0.2386803453	96178.11409	0	0
S35	32565.27968	0.1523791487	96096.21983	0	0
Na23	21409.21625	0.1792477996	96776.84391	325.6927081	325.484526
neutron	939.56536	1.68976371	95995.03171	0	0
S36	33494.9558	0.3139520901	95995.03171	0	0
neutron	939.56536	0.5847844054	95997.48018	0	0
S34	31632.70018	0.1089427094	95997.48018	0	0
neutron	939.56536	0.717353218	96017.96581	0	0
S34	31632.70018	0.1537394672	96017.96581	0	0
Cl37	34424.84314	0.09450340387	97030.81006	394.7913821	394.6750018
neutron	939.56536	0.968340319	96045.81499	0	0
S34	31632.70018	0.2254897108	96045.81499	0	0
proton	938.272013	24.2803319	95967.57658	0	0
neutron	939.56536	1.65746845	95967.57658	0	0
P33	30705.30994	0.8446709211	95967.57658	0	0
neutron	939.56536	0.3306518836	95990.8796	0	0
S34	31632.70018	0.2194288397	95990.8796	0	0
S35	32565.27968	0.1647886901	95855.50711	0	0
neutron	939.56536	25.94941475	96036.24614	0	0
neutron	939.56536	9.84033984	96036.24614	0	0
neutron	939.56536	5.398587138	96036.24614	0	0
neutron	939.56536	0.3202305937	96036.24614	0	0
S33	30704.55199	2.10782164	96036.24614	0	0
neutron	939.56536	7.506591038	96051.7187	0	0
neutron	939.56536	2.400458285	96051.7187	0	0
Ne21	19550.53637	0.3450756719	96051.7187	0	0
neutron	939.56536	1.232252693	96052.50849	0	0
S34	31632.70018	0.08435579725	96052.50849	0	0
neutron	939.56536	6.356150735	96350.62174	0	0
neutron	939.56536	0.7939812546	96350.62174	0	0
alpha	3727.379	10.39740238	96350.62174	0	0
Si29	26984.28567	0.6756642099	96350.62174	0	0
Ne23	21414.10216	0.2302135787	95992.21828	0	0
proton	938.272013	6.570710377	96120.81189	0	0
neutron	939.56536	5.353594133	96120.81189	0	0
proton	938.272013	4.970912217	96120.81189	0	0
neutron	939.56536	0.7444751806	96120.81189	0	0
neutron	939.56536	0.5899791066	96120.81189	0	0
neutron	939.56536	0.3749731189	96120.81189	0	0
alpha	3727.379	5.090727668	96120.81189	0	0
Mg25	23268.03142	2.157705355	96120.81189	0	0
neutron	939.56536	3.415367636	95831.54561	0	0
neutron	939.56536	2.056984232	95831.54561	0	0
neutron	939.56536	0.2224048328	95831.54561	0	0
S34	31632.70018	0.2058292711	95831.54561	0	0
Na23	21409.21625	0.2179662542	98107.27991	700.8015224	700.2780633
neutron	939.56536	0.1098582805	95906.82413	0	0
Ne22	20479.73746	0.245030388	95906.82413	0	0
S35	32565.27968	0.1504457273	96310.09596	0	0
neutron	939.56536	3.595312715	96289.48579	0	0
neutron	939.56536	3.448460236	96289.48579	0	0
neutron	939.56536	3.081028899	96289.48579	0	0
neutron	939.56536	0.4074378331	96289.48579	0	0
S33	30704.55199	0.1322147396	96289.48579	0	0
neutron	939.56536	37.49059535	96002.16965	0	0
neutron	939.56536	4.797700734	96002.16965	0	0
neutron	939.56536	1.819083238	96002.16965	0	0
S32	29773.62828	1.508928855	96002.16965	0	0
Na23	21409.21625	0.7512424407	99035.40567	1095.077822	1093.838982
neutron	939.56536	6.561758206	96308.89921	0	0
neutron	939.56536	2.109325469	96308.89921	0	0
S33	30704.55199	0.01406867407	96308.89921	0	0
neutron	939.56536	28.67818447	96151.21923	0	0
neutron	939.56536	5.299055933	96151.21923	0	0
neutron	939.56536	3.50297462	96151.21923	0	0
S34	31632.70018	0.5837165602	96151.21923	0	0
neutron	939.56536	14.55125447	96111.16004	0	0
neutron	939.56536	3.303740037	96111.16004	0	0
neutron	939.56536	1.870748498	96111.16004	0	0
alpha	3727.379	15.95531266	96111.16004	0	0
Si28	26053.19393	1.402277552	96111.16004	0	0
neutron	939.56536	4.187875141	95977.85122	0	0
neutron	939.56536	3.060176963	95977.85122	0	0
neutron	939.56536	1.600856605	95977.85122	0	0
S32	29773.62828	0.5034471471	95977.85122	0	0
neutron	939.56536	1.764051544	96220.92261	0	0
S34	31632.70018	0.1455362148	96220.92261	0	0
Cl35	32564.60306	0.06655985899	98725.43593	1042.812103	1042.565787
neutron	939.56536	0.1640666447	96142.08365	0	0
Ne22	20479.73746	0.2497566017	96142.08365	0	0
Ne23	21414.10216	0.2272427751	95937.2039	0	0
neutron	939.56536	0.7200083344	96069.44153	0	0
S34	31632.70018	0.1991433428	96069.44153	0	0
S37	34430.21755	0.1354518738	95951.85506	0	0
neutron	939.56536	2.598394727	96290.03871	0	0
Ne22	20479.73746	0.1892266622	96290.03871	0	0
Na23	21409.21625	0.1014982504	96940.77492	405.4795742	405.2500764
Ne23	21414.10216	0.2225027473	95948.77553	0	0
neutron	939.56536	6.30001667	95842.38565	0	0
neutron	939.56536	2.431100829	95842.38565	0	0
Ne21	19550.53637	0.1909382806	95842.38565	0	0
S35	32565.27968	0.1505947075	95997.28733	0	0
Cl35	32564.60306	0.08616311686	98614.85316	822.147848	822.0551105
neutron	939.56536	0.4538160606	96467.24369	0	0
Ne22	20479.73746	0.1990886914	96467.24369	0	0
S35	32565.27968	0.1597799288	96097.62204	0	0
proton	938.272013	13.59991736	95947.00155	0	0
neutron	939.56536	7.015311823	95947.00155	0	0
neutron	939.56536	2.975465822	95947.00155	0	0
neutron	939.56536	2.426652454	95947.00155	0	0
F19	17692.30285	0.8654516099	95947.00155	0	0
neutron	939.56536	0.6391744107	95979.59653	0	0
alpha	3727.379	8.135487648	95979.59653	0	0
Si30	27913.24182	1.594871484	95979.59653	0	0
neutron	939.56536	30.13574319	95810.22646	0	0
alpha	3727.379	6.825006522	95810.22646	0	0
Si32	29776.58515	1.481187204	95810.22646	0	0
neutron	939.56536	0.9764149158	95970.39706	0	0
S34	31632.70018	0.2824070576	95970.39706	0	0
Ne23	21414.10216	0.2121172158	95962.37616	0	0
neutron	939.56536	1.984792769	95963.20446	0	0
neutron	939.56536	1.81891789	95963.20446	0	0
neutron	939.56536	0.8092138224	95963.20446	0	0
S34	31632.70018	0.01075270571	95963.20446	0	0
neutron	939.56536	2.302724681	96022.87337	0	0
neutron	939.56536	1.693376868	96022.87337	0	0
neutron	939.56536	1.455717913	96022.87337	0	0
Ne20	18617.73218	0.280249642	96022.87337	0	0
neutron	939.56536	0.4488663561	95786.06919	0	0
S34	31632.70018	0.116031598	95786.06919	0	0
neutron	939.56536	1.921869222	95965.31678	0	0
S34	31632.70018	0.333571589	95965.31678	0	0
S37	34430.21755	0.1313828626	96280.83321	0	0
neutron	939.56536	8.104152972	96008.39074	0	0
neutron	939.56536	2.291175869	96008.39074	0	0
S33	30704.55199	0.01737527424	96008.39074	0	0
S35	32565.27968	0.1653071297	95965.98855	0	0
neutron	939.56536	0.1022972491	95859.46859	0	0
S34	31632.70018	0.1490045199	95859.46859	0	0
neutron	939.56536	4.812489696	95826.34409	0	0
S34	31632.70018	0.3680788461	95826.34409	0	0
Cl37	34424.84314	0.15426314	96079.56615	42.8503456	42.56267135
neutron	939.56536	0.2810330758	96188.46213	0	0
Ne22	20479.73746	0.1525038188	96188.46213	0	0
S37	34430.21755	0.1284060621	96550.45014	0	0
Cl37	34424.84314	0.2958699561	97027.52377	418.3240892	417.5116712
neutron	939.56536	27.5634034	96154.83452	0	0
neutron	939.56536	6.468472823	96154.83452	0	0
neutron	939.56536	0.3214803018	96154.83452	0	0
S32	29773.62828	0.6805606368	96154.83452	0	0
Ne23	21414.10216	0.2170397137	95958.63907	0	0
proton	938.272013	10.64208416	96047.0759	0	0
neutron	939.56536	8.997519845	96047.0759	0	0
neutron	939.56536	2.663306268	96047.0759	0	0
P32	29775.84838	0.2505481947	96047.0759	0	0
neutron	939.56536	2.244752883	96275.56433	0	0
Ne22	20479.73746	0.3207083209	96275.56433	0	0
S37	34430.21755	0.135028137	96139.76056	0	0
proton	938.272013	8.016090824	95887.85218	0	0
neutron	939.56536	4.911637863	95887.85218	0	0
neutron	939.56536	1.549397991	95887.85218	0	0
neutron	939.56536	0.2544561657	95887.85218	0	0
P31	28844.21869	0.1104832287	95887.85218	0	0
S37	34430.21755	0.1391388082	95854.00263	0	0
Cl35	32564.60306	0.1118020844	97406.7018	573.0060622	572.8770619
Ne23	21414.10216	0.2342661788	95861.39125	0	0
Cl37	34424.84314	0.06869692694	96808.72752	308.3101472	308.1962936
neutron	939.56536	13.53990482	95929.09871	0	0
neutron	939.56536	3.104290884	95929.09871	0	0
neutron	939.56536	0.3348452503	95929.09871	0	0
alpha	3727.379	6.004985429	95929.09871	0	0
O16	14895.08153	2.328091276	95929.09871	0	0
neutron	939.56536	9.260262766	95938.87375	0	0
neutron	939.56536	3.866229003	95938.87375	0	0
neutron	939.56536	0.3233826415	95938.87375	0	0
Ne20	18617.73218	0.5982494712	95938.87375	0	0
neutron	939.56536	1.36158727	96077.02987	0	0
triton	2808.921	9.386621696	96077.02987	0	0
P31	28844.21869	0.9779939475	96077.02987	0	0
Cl35	32564.60306	0.09914106233	99625.5354	1359.807892	1359.669047
Cl35	32564.60306	0.09546299776	98511.02264	925.5923836	925.237333
Ne23	21414.10216	0.2174559233	96034.93544	0	0
neutron	939.56536	6.947055467	96116.71155	0	0
neutron	939.56536	1.943878751	96116.71155	0	0
S35	32565.27968	0.2168119009	96116.71155	0	0
Ne23	21414.10216	0.2281598542	96048.33195	0	0
neutron	939.56536	4.274112014	96080.23825	0	0
neutron	939.56536	1.934821903	96080.23825	0	0
neutron	939.56536	0.2650827913	96080.23825	0	0
Ne20	18617.73218	0.9526162336	96080.23825	0	0
S35	32565.27968	0.1524242949	95815.2636	0	0
S35	32565.27968	0.1506352195	95976.9344	0	0
proton	938.272013	30.17383817	96106.56584	0	0
neutron	939.56536	0.07228141948	96106.56584	0	0
P33	30705.30994	0.7264025485	96106.56584	0	0
neutron	939.56536	2.688351102	96090.78544	0	0
Ne22	20479.73746	0.337465102	96090.78544	0	0
Ne23	21414.10216	0.2050722852	95916.35544	0	0
Ne23	21414.10216	0.2028620429	96125.45964	0	0
S35	32565.27968	0.1434809691	95968.50826	0	0
Ne23	21414.10216	0.2308838987	95843.08799	0	0
neutron	939.56536	0.6890369311	96038.83544	0	0
S36	33494.9558	0.1418452224	96038.83544	0	0
Cl35	32564.60306	0.1315138222	96431.16756	149.9398633	149.7622317
neutron	939.56536	4.327716093	96116.31682	0	0
neutron	939.56536	3.681999849	96116.31682	0	0
neutron	939.56536	3.005814749	96116.31682	0	0
alpha	3727.379	9.556892847	96116.31682	0	0
alpha	3727.379	5.742569715	96116.31682	0	0
C12	11174.86339	3.316815038	96116.31682	0	0
neutron	939.56536	0.8905323784	96328.58062	0	0
Ne22	20479.73746	0.146722158	96328.58062	0	0
S35	32565.27968	0.1506877238	96005.49019	0	0
neutron	939.56536	18.51649514	96393.93694	0	0
neutron	939.56536	7.736632713	96393.93694	0	0
neutron	939.56536	2.648138313	96393.93694	0	0
proton	938.272013	2.328244397	96393.93694	0	0
neutron	939.56536	1.227677383	96393.93694	0	0
F18	16763.16938	1.619603493	96393.93694	0	0
neutron	939.56536	1.004975138	95840.91581	0	0
neutron	939.56536	0.9429672921	95840.91581	0	0
alpha	3727.379	18.54652501	95840.91581	0	0
O17	15830.5038	3.945858798	95840.91581	0	0
Na23	21409.21625	0.4161108394	96763.26021	208.76224	208.2782485
neutron	939.56536	9.275240482	96353.94868	0	0
proton	938.272013	7.277685546	96353.94868	0	0
proton	938.272013	2.041141279	96353.94868	0	0
Si32	29776.58515	0.8409030571	96353.94868	0	0
proton	938.272013	7.43021629	96060.15453	0	0
proton	938.272013	3.106261294	96060.15453	0	0
neutron	939.56536	2.822293343	96060.15453	0	0
neutron	939.56536	2.296720445	96060.15453	0	0
neutron	939.56536	2.140800126	96060.15453	0	0
Si30	27913.24182	0.6857832865	96060.15453	0	0
neutron	939.56536	0.4144267255	95832.0645	0	0
Ne22	20479.73746	0.113773339	95832.0645	0	0
neutron	939.56536	1.133078193	96200.82288	0	0
Ne22	20479.73746	0.430855303	96200.82288	0	0
neutron	939.56536	2.48451965	95965.16041	0	0
Ne22	20479.73746	0.1444460071	95965.16041	0	0
Na23	21409.21625	0.3817660489	98823.68448	1081.332332	1080.887798
neutron	939.56536	6.885911079	95910.46683	0	0
neutron	939.56536	2.295123713	95910.46683	0	0
neutron	939.56536	0.8408132321	95910.46683	0	0
S32	29773.62828	0.232310175	95910.46683	0	0
neutron	939.56536	0.8803343421	95978.39971	0	0
Ne22	20479.73746	0.07663678545	95978.39971	0	0
Cl35	32564.60306	0.2260872272	96498.24033	228.0249933	227.4858861
neutron	939.56536	3.196289233	96000.84864	0	0
neutron	939.56536	0.6977873671	96000.84864	0	0
S33	30704.55199	0.2816289654	96000.84864	0	0
Cl37	34424.84314	0.1835171608	96827.32009	248.2534513	248.0581231
neutron	939.56536	3.861021736	96261.82436	0	0
neutron	939.56536	0.5203208053	96261.82436	0	0
neutron	939.56536	0.4254813604	96261.82436	0	0
S32	29773.62828	0.211253474	96261.82436	0	0
S35	32565.27968	0.1446493666	96085.82337	0	0
neutron	939.56536	5.458915149	96324.66604	0	0
neutron	939.56536	4.979853911	96324.66604	0	0
proton	938.272013	4.332824266	96324.66604	0	0
neutron	939.56536	0.7820996588	96324.66604	0	0
P31	28844.21869	0.5810895383	96324.66604	0	0
Na23	21409.21625	0.109207875	98541.57583	879.2473869	878.9499591
neutron	939.56536	2.855264194	96263.5162	0	0
S34	31632.70018	0.1558009594	96263.5162	0	0
S35	32565.27968	0.1538179305	95876.46725	0	0
S37	34430.21755	0.1384905291	96019.79814	0	0
Cl35	32564.60306	0.1881364832	99014.34184	1146.229077	1145.851397
neutron	939.56536	1.057895489	95936.83046	0	0
Ne22	20479.73746	0.1923653955	95936.83046	0	0
neutron	939.56536	0.6802590995	96027.13602	0	0
S34	31632.70018	0.2297142395	96027.13602	0	0
neutron	939.56536	1.602721643	96000.53886	0	0
S34	31632.70018	0.1380260617	96000.53886	0	0
neutron	939.56536	5.029547385	96326.27218	0	0
neutron	939.56536	2.664226994	96326.27218	0	0
neutron	939.56536	1.79298151	96326.27218	0	0
alpha	3727.379	8.526581513	96326.27218	0	0
Si28	26053.19393	2.292113551	96326.27218	0	0
neutron	939.56536	2.367551794	95971.54663	0	0
neutron	939.56536	1.672722027	95971.54663	0	0
S33	30704.55199	0.2242403905	95971.54663	0	0
neutron	939.56536	0.2307442585	95973.46828	0	0
S34	31632.70018	0.1994216524	95973.46828	0	0
S35	32565.27968	0.1540478154	96029.23578	0	0
neutron	939.56536	3.203166428	96102.40247	0	0
neutron	939.56536	2.133436385	96102.40247	0	0
S33	30704.55199	0.07405897103	96102.40247	0	0
neutron	939.56536	6.485830386	96160.93171	0	0
proton	938.272013	5.892633015	96160.93171	0	0
P33	30705.30994	0.08238012302	96160.93171	0	0
neutron	939.56536	6.492117544	95982.22433	0	0
proton	938.272013	2.749692853	95982.22433	0	0
neutron	939.56536	1.824991016	95982.22433	0	0
neutron	939.56536	0.8316303227	95982.22433	0	0
P31	28844.21869	0.2752177981	95982.22433	0	0
neutron	939.56536	3.8693558	96275.31394	0	0
neutron	939.56536	2.469546629	96275.31394	0	0
neutron	939.56536	1.030542992	96275.31394	0	0
Ne20	18617.73218	0.7928011175	96275.31394	0	0
neutron	939.56536	1.296488092	95963.81614	0	0
S34	31632.70018	0.05650227684	95963.81614	0	0
proton	938.272013	10.65430534	95990.68313	0	0
neutron	939.56536	7.981801602	95990.68313	0	0
proton	938.272013	4.956555357	95990.68313	0	0
neutron	939.56536	1.801946423	95990.68313	0	0
neutron	939.56536	1.146569345	95990.68313	0	0
Si30	27913.24182	0.3185159126	95990.68313	0	0
neutron	939.56536	9.038029796	95922.38326	0	0
neutron	939.56536	8.259378958	95922.38326	0	0
neutron	939.56536	4.265743242	95922.38326	0	0
neutron	939.56536	0.4717712418	95922.38326	0	0
S33	30704.55199	1.00937273	95922.38326	0	0
Cl35	32564.60306	0.1812743266	98845.90157	1077.187058	1076.915277
Cl35	32564.60306	0.07998012165	99063.79629	1168.504056	1168.086853
neutron	939.56536	3.765835247	95896.55811	0	0
neutron	939.56536	1.941249736	95896.55811	0	0
neutron	939.56536	0.3465225315	95896.55811	0	0
S32	29773.62828	0.3348414462	95896.55811	0	0
neutron	939.56536	0.007190336487	96178.25156	0	0
S34	31632.70018	0.1145273946	96178.25156	0	0
neutron	939.56536	15.83880569	96195.18993	0	0
neutron	939.56536	2.979363813	96195.18993	0	0
neutron	939.56536	2.378920423	96195.18993	0	0
alpha	3727.379	3.715543537	96195.18993	0	0
O16	14895.08153	1.75366482	96195.18993	0	0
neutron	939.56536	4.27616366	96066.71046	0	0
proton	938.272013	4.203525795	96066.71046	0	0
neutron	939.56536	0.067240625	96066.71046	0	0
F20	18625.26686	0.2269975859	96066.71046	0	0
S35	32565.27968	0.1602959078	96108.32017	0	0
S35	32565.27968	0.1469842056	95974.23497	0	0
proton	938.272013	20.74108937	96012.85683	0	0
neutron	939.56536	4.336152444	96012.85683	0	0
neutron	939.56536	3.444647895	96012.85683	0	0
proton	938.272013	3.002140357	96012.85683	0	0
neutron	939.56536	0.7913420678	96012.85683	0	0
Si30	27913.24182	1.49935045	96012.85683	0	0
neutron	939.56536	6.26237519	95920.44651	0	0
neutron	939.56536	3.48798899	95920.44651	0	0
neutron	939.56536	0.3813538655	95920.44651	0	0
S32	29773.62828	0.6151851339	95920.44651	0	0
Cl35	32564.60306	0.1872514665	96598.41685	230.0469058	229.7872666
neutron	939.56536	1.02686221	96050.57528	0	0
S36	33494.9558	0.1164239518	96050.57528	0	0
neutron	939.56536	2.074970235	96028.58703	0	0
S34	31632.70018	0.2407188191	96028.58703	0	0
neutron	939.56536	0.2811641778	95993.53021	0	0
S34	31632.70018	0.1525835064	95993.53021	0	0
neutron	939.56536	1.095451456	96055.58049	0	0
S36	33494.9558	0.2764954467	96055.58049	0	0
neutron	939.56536	0.4727449309	95933.1344	0	0
S34	31632.70018	0.0892461565	95933.1344	0	0
S37	34430.21755	0.1384127342	95980.66901	0	0
neutron	939.56536	18.57904999	96090.37471	0	0
neutron	939.56536	1.413177918	96090.37471	0	0
neutron	939.56536	0.2139013625	96090.37471	0	0
neutron	939.56536	0.09506844601	96090.37471	0	0
S33	30704.55199	1.355389429	96090.37471	0	0
neutron	939.56536	11.40175042	96159.58094	0	0
proton	938.272013	7.288959606	96159.58094	0	0
neutron	939.56536	5.366363834	96159.58094	0	0
neutron	939.56536	2.986390391	96159.58094	0	0
neutron	939.56536	0.9449441479	96159.58094	0	0
deuteron	1875.613	5.842618584	96159.58094	0	0
O16	14895.08153	2.46624634	96159.58094	0	0
Na23	21409.21625	0.7307874839	99034.81378	1083.787176	1082.708678
neutron	939.56536	6.470132221	96186.60167	0	0
S36	33494.9558	0.09564118755	96186.60167	0	0
neutron	939.56536	0.3684697237	95929.2449	0	0
S34	31632.70018	0.08167390501	95929.2449	0	0
neutron	939.56536	22.41091074	95921.04519	0	0
neutron	939.56536	21.38595497	95921.04519	0	0
neutron	939.56536	4.311782984	95921.04519	0	0
alpha	3727.379	5.214719809	95921.04519	0	0
O16	14895.08153	1.651720837	95921.04519	0	0
neutron	939.56536	2.331427616	96211.52787	0	0
S36	33494.9558	0.06860418079	96211.52787	0	0
Na23	21409.21625	0.4578753829	96567.08956	203.2129864	202.4296362
S35	32565.27968	0.1559904972	96045.77577	0	0
neutron	939.56536	0.8570970791	95910.12087	0	0
S34	31632.70018	0.1816628618	95910.12087	0	0
proton	938.272013	33.30396862	96088.43152	0	0
neutron	939.56536	2.856697145	96088.43152	0	0
P33	30705.30994	1.185924462	96088.43152	0	0
neutron	939.56536	0.05461181664	95922.25018	0	0
S36	33494.9558	0.1410338986	95922.25018	0	0
S37	34430.21755	0.1425544849	95905.15365	0	0
S35	32565.27968	0.1606447677	96156.77408	0	0
neutron	939.56536	0.6694424714	96115.93434	0	0
S34	31632.70018	0.1809136307	96115.93434	0	0
neutron	939.56536	1.131804744	96103.12656	0	0
S36	33494.9558	0.255593589	96103.12656	0	0
Ne23	21414.10216	0.2342135028	96110.9257	0	0
neutron	939.56536	0.8036166982	96082.65372	0	0
S36	33494.9558	0.09519660191	96082.65372	0	0
Cl35	32564.60306	0.07434673229	99138.87214	1168.027687	1167.738093
neutron	939.56536	0.7737602726	96024.14483	0	0
neutron	939.56536	0.6863137966	96024.14483	0	0
S33	30704.55199	0.04700353638	96024.14483	0	0
neutron	939.56536	3.88535524	96099.57808	0	0
neutron	939.56536	2.232695181	96099.57808	0	0
neutron	939.56536	1.065356119	96099.57808	0	0
S32	29773.62828	0.03201318616	96099.57808	0	0
neutron	939.56536	2.383946255	96045.74897	0	0
S34	31632.70018	0.3430233932	96045.74897	0	0
S37	34430.21755	0.1432248306	95872.41426	0	0
S35	32565.27968	0.157924622	96017.64023	0	0
neutron	939.56536	3.258606816	95844.18554	0	0
S34	31632.70018	0.1833891738	95844.18554	0	0
S37	34430.21755	0.144374503	96270.66074	0	0
neutron	939.56536	3.678561815	96003.17832	0	0
neutron	939.56536	2.664147018	96003.17832	0	0
neutron	939.56536	0.6623834163	96003.17832	0	0
S34	31632.70018	0.1641111575	96003.17832	0	0
Na23	21409.21625	0.2199709524	98930.99566	1093.033965	1092.800764
neutron	939.56536	2.38561519	96022.79078	0	0
neutron	939.56536	2.319757964	96022.79078	0	0
neutron	939.56536	1.734115262	96022.79078	0	0
Ne20	18617.73218	0.1522598326	96022.79078	0	0
neutron	939.56536	8.414786979	96065.72443	0	0
neutron	939.56536	7.112003054	96065.72443	0	0
proton	938.272013	2.31147606	96065.72443	0	0
deuteron	1875.613	11.95243218	96065.72443	0	0
O18	16762.02378	0.3860673144	96065.72443	0	0
proton	938.272013	16.3336393	95915.53352	0	0
neutron	939.56536	2.781516869	95915.53352	0	0
P33	30705.30994	0.1308079593	95915.53352	0	0
proton	938.272013	20.99594531	96039.92161	0	0
neutron	939.56536	1.629968705	96039.92161	0	0
neutron	939.56536	1.461387206	96039.92161	0	0
P32	29775.84838	1.298625329	96039.92161	0	0
Na23	21409.21625	0.2188757269	97087.90254	439.3803981	439.0124029
Ne23	21414.10216	0.2307685699	96001.52711	0	0
Na23	21409.21625	0.2330889483	96034.82823	90.12093826	89.75159782
S35	32565.27968	0.1617242131	95910.1911	0	0
S35	32565.27968	0.1541443651	95910.00753	0	0
Cl35	32564.60306	0.1367233428	99307.05541	1216.393123	1216.1027
Cl37	34424.84314	0.06949950218	97536.02606	527.597669	527.3830744
neutron	939.56536	7.5156092	96224.42891	0	0
neutron	939.56536	6.056516133	96224.42891	0	0
neutron	939.56536	4.222572145	96224.42891	0	0
alpha	3727.379	8.825184525	96224.42891	0	0
Si28	26053.19393	2.198702027	96224.42891	0	0
neutron	939.56536	0.3311146397	95930.38013	0	0
S34	31632.70018	0.09346570178	95930.38013	0	0
neutron	939.56536	4.481890703	96033.51609	0	0
neutron	939.56536	2.239692963	96033.51609	0	0
neutron	939.56536	1.286035371	96033.51609	0	0
S32	29773.62828	0.07254592541	96033.51609	0	0
neutron	939.56536	0.5001859501	95935.71814	0	0
Ne22	20479.73746	0.1677043507	95935.71814	0	0
Na23	21409.21625	0.1322077447	97598.13806	642.6205545	642.4766077
neutron	939.56536	0.06147293401	95835.70381	0	0
Ne22	20479.73746	0.2517997355	95835.70381	0	0
proton	938.272013	18.93460667	96105.01405	0	0
neutron	939.56536	4.782339559	96105.01405	0	0
P33	30705.30994	0.7313010538	96105.01405	0	0
neutron	939.56536	1.207820841	96065.62529	0	0
S34	31632.70018	0.3130714395	96065.62529	0	0
Cl35	32564.60306	0.07004584639	96410.12766	201.9038687	201.5954401
neutron	939.56536	24.2692928	95999.27164	0	0
proton	938.272013	8.577801505	95999.27164	0	0
neutron	939.56536	6.818228533	95999.27164	0	0
neutron	939.56536	5.049642556	95999.27164	0	0
F19	17692.30285	0.3796939467	95999.27164	0	0
neutron	939.56536	2.380422013	96017.63245	0	0
alpha	3727.379	13.62585083	96017.63245	0	0
Si30	27913.24182	1.895509968	96017.63245	0	0
neutron	939.56536	32.37911299	96042.84849	0	0
neutron	939.56536	13.20539219	96042.84849	0	0
neutron	939.56536	5.124774031	96042.84849	0	0
neutron	939.56536	2.572042385	96042.84849	0	0
S33	30704.55199	0.4352813336	96042.84849	0	0
neutron	939.56536	6.450647687	96210.1345	0	0
neutron	939.56536	5.970143953	96210.1345	0	0
proton	938.272013	2.923971408	96210.1345	0	0
neutron	939.56536	2.275557653	96210.1345	0	0
deuteron	1875.613	15.13817347	96210.1345	0	0
O17	15830.5038	3.440082104	96210.1345	0	0
neutron	939.56536	5.098077213	95872.36678	0	0
Ne22	20479.73746	0.4286042346	95872.36678	0	0
neutron	939.56536	0.3914872984	95906.8977	0	0
S36	33494.9558	0.2084427408	95906.8977	0	0
Cl35	32564.60306	0.2124766451	99668.94955	1378.749097	1378.043981
neutron	939.56536	9.280305131	95951.52753	0	0
neutron	939.56536	3.738404447	95951.52753	0	0
neutron	939.56536	1.336013447	95951.52753	0	0
S32	29773.62828	0.9526189599	95951.52753	0	0
neutron	939.56536	2.028431874	96098.05394	0	0
Ne22	20479.73746	0.4098633572	96098.05394	0	0
neutron	939.56536	6.596098495	95895.9725	0	0
neutron	939.56536	6.409286212	95895.9725	0	0
neutron	939.56536	5.59852819	95895.9725	0	0
Ne20	18617.73218	0.3705415104	95895.9725	0	0
Cl35	32564.60306	0.1654870998	99370.32997	1207.252354	1206.849133
neutron	939.56536	12.72733716	96377.54217	0	0
neutron	939.56536	10.52699361	96377.54217	0	0
neutron	939.56536	5.685195826	96377.54217	0	0
Ne20	18617.73218	0.7185960942	96377.54217	0	0
S35	32565.27968	0.1398136649	96009.06471	0	0
Ne23	21414.10216	0.2153714533	95957.29816	0	0
S37	34430.21755	0.1339018173	95874.47469	0	0
S37	34430.21755	0.1306324098	96170.25624	0	0
neutron	939.56536	0.8269282927	95925.28175	0	0
S34	31632.70018	0.196348029	95925.28175	0	0
Cl35	32564.60306	0.1987527728	98717.9748	1020.743145	1020.1914
neutron	939.56536	0.3599635253	95877.78013	0	0
S34	31632.70018	0.2264220989	95877.78013	0	0
neutron	939.56536	5.550163241	95864.9871	0	0
neutron	939.56536	1.252019781	95864.9871	0	0
neutron	939.56536	1.034351995	95864.9871	0	0
S32	29773.62828	0.07650296246	95864.9871	0	0
Cl35	32564.60306	0.06992001404	96649.68541	265.4234948	265.2759472
neutron	939.56536	3.001072151	95988.4737	0	0
S34	31632.70018	0.154239886	95988.4737	0	0
neutron	939.56536	6.593184628	96059.17017	0	0
neutron	939.56536	1.326998054	96059.17017	0	0
S33	30704.55199	0.2380931668	96059.17017	0	0
Cl35	32564.60306	0.1475470512	98015.06713	795.5430621	795.2861112
neutron	939.56536	1.476193558	95834.13469	0	0
S34	31632.70018	0.1250346838	95834.13469	0	0
neutron	939.56536	0.09941335258	95935.63885	0	0
S34	31632.70018	0.126533326	95935.63885	0	0
S35	32565.27968	0.143383826	95926.28646	0	0
Cl35	32564.60306	0.3129738594	96534.31102	276.2496343	275.7655783
neutron	939.56536	0.4338820915	96056.53591	0	0
S34	31632.70018	0.2116896606	96056.53591	0	0
neutron	939.56536	22.23294486	96365.90872	0	0
neutron	939.56536	9.518648575	96365.90872	0	0
neutron	939.56536	3.56622908	96365.90872	0	0
alpha	3727.379	6.722177908	96365.90872	0	0
O16	14895.08153	3.177283058	96365.90872	0	0
Ne23	21414.10216	0.2180623043	95995.49998	0	0
neutron	939.56536	0.070311106	96098.02577	0	0
Ne22	20479.73746	0.2390535435	96098.02577	0	0
neutron	939.56536	0.3510299272	96067.04651	0	0
S34	31632.70018	0.1837413475	96067.04651	0	0
neutron	939.56536	16.48914677	95829.68107	0	0
proton	938.272013	3.825341769	95829.68107	0	0
neutron	939.56536	1.263811863	95829.68107	0	0
deuteron	1875.613	3.095633632	95829.68107	0	0
alpha	3727.379	3.728728644	95829.68107	0	0
C14	13040.87134	2.120174401	95829.68107	0	0
S35	32565.27968	0.1384794768	96067.73084	0	0
neutron	939.56536	1.676282821	95861.55917	0	0
S34	31632.70018	0.07435343849	95861.55917	0	0
neutron	939.56536	0.5186702189	96089.96147	0	0
S34	31632.70018	0.09939488751	96089.96147	0	0
neutron	939.56536	12.04052676	95886.91281	0	0
Ne22	20479.73746	0.5830890516	95886.91281	0	0
neutron	939.56536	36.73385848	95834.46773	0	0
neutron	939.56536	2.290640623	95834.46773	0	0
neutron	939.56536	1.684537925	95834.46773	0	0
S32	29773.62828	1.861965097	95834.46773	0	0
Cl35	32564.60306	0.191922049	98367.69751	868.4736438	868.2666684
neutron	939.56536	4.154874321	96184.51079	0	0
S36	33494.9558	0.2869344542	96184.51079	0	0
neutron	939.56536	3.306848784	95994.87905	0	0
neutron	939.56536	1.543598967	95994.87905	0	0
deuteron	1875.613	5.946257012	95994.87905	0	0
P31	28844.21869	0.4830281661	95994.87905	0	0
neutron	939.56536	0.603954278	96111.90536	0	0
Ne22	20479.73746	0.209033623	96111.90536	0	0
Na23	21409.21625	0.3068680968	96943.48099	432.062769	431.7506122
neutron	939.56536	0.6097689744	95809.49154	0	0
S34	31632.70018	0.2271307644	95809.49154	0	0
neutron	939.56536	5.635076173	95876.11426	0	0
proton	938.272013	2.964621747	95876.11426	0	0
neutron	939.56536	1.487908549	95876.11426	0	0
neutron	939.56536	0.7108275666	95876.11426	0	0
P31	28844.21869	0.3391882303	95876.11426	0	0
neutron	939.56536	0.8619614668	96002.03317	0	0
Ne22	20479.73746	0.1617992314	96002.03317	0	0
neutron	939.56536	6.285915235	95961.10907	0	0
proton	938.272013	5.014092582	95961.10907	0	0
proton	938.272013	4.686567385	95961.10907	0	0
triton	2808.921	2.425700773	95961.10907	0	0
Al29	26988.4858	1.483368844	95961.10907	0	0
neutron	939.56536	1.326612105	96163.32581	0	0
S34	31632.70018	0.2796200429	96163.32581	0	0
neutron	939.56536	0.1764143258	96051.97043	0	0
S34	31632.70018	0.09754667513	96051.97043	0	0
Ne23	21414.10216	0.2158344787	95803.24381	0	0
Cl37	34424.84314	0.4887323361	97786.53977	694.1518537	693.3707174
proton	938.272013	25.58186282	96116.1177	0	0
neutron	939.56536	8.024526058	96116.1177	0	0
F21	19556.73074	0.8636849535	96116.1177	0	0
neutron	939.56536	5.179791513	96343.63282	0	0
proton	938.272013	2.32655234	96343.63282	0	0
neutron	939.56536	2.229760126	96343.63282	0	0
neutron	939.56536	0.2992939353	96343.63282	0	0
P31	28844.21869	0.6436534424	96343.63282	0	0
Ne23	21414.10216	0.2338083062	96092.21779	0	0
neutron	939.56536	26.89886639	95994.88516	0	0
neutron	939.56536	2.404744791	95994.88516	0	0
neutron	939.56536	2.082939972	95994.88516	0	0
Ne20	18617.73218	1.969122128	95994.88516	0	0
neutron	939.56536	3.688754206	95782.05203	0	0
neutron	939.56536	3.386701362	95782.05203	0	0
neutron	939.56536	1.401558423	95782.05203	0	0
S34	31632.70018	0.2547334611	95782.05203	0	0
proton	938.272013	25.58043096	96035.25091	0	0
neutron	939.56536	5.62373247	96035.25091	0	0
neutron	939.56536	4.093702293	96035.25091	0	0
neutron	939.56536	1.134649212	96035.25091	0	0
F19	17692.30285	0.4112185823	96035.25091	0	0
neutron	939.56536	0.2066668586	96091.49246	0	0
Ne22	20479.73746	0.1411449774	96091.49246	0	0
neutron	939.56536	1.665745381	96018.15896	0	0
S34	31632.70018	0.06705577911	96018.15896	0	0
proton	938.272013	24.21309576	96086.79973	0	0
neutron	939.56536	1.649852974	96086.79973	0	0
neutron	939.56536	1.562125946	96086.79973	0	0
P32	29775.84838	0.8178873423	96086.79973	0	0
neutron	939.56536	1.056381451	96115.8244	0	0
S34	31632.70018	0.1123175789	96115.8244	0	0
S35	32565.27968	0.1398774072	96218.26146	0	0
Na23	21409.21625	0.1097122839	98622.70554	995.0892553	994.9550803
Cl35	32564.60306	0.2829340598	97019.58506	408.4731659	407.9902218
neutron	939.56536	0.2921149042	95772.95909	0	0
S34	31632.70018	0.1288958424	95772.95909	0	0
Ne23	21414.10216	0.224363937	95868.46776	0	0
S35	32565.27968	0.1616499325	95937.30241	0	0
neutron	939.56536	35.80581719	95947.07082	0	0
neutron	939.56536	3.069033906	95947.07082	0	0
S33	30704.55199	0.7173151758	95947.07082	0	0
S35	32565.27968	0.1538568331	95902.71183	0	0
proton	938.272013	30.222814	96090.85659	0	0
neutron	939.56536	2.859106202	96090.85659	0	0
neutron	939.56536	1.979424562	96090.85659	0	0
neutron	939.56536	1.861374922	96090.85659	0	0
F19	17692.30285	3.03602476	96090.85659	0	0
neutron	939.56536	0.06365671001	96022.46129	0	0
S36	33494.9558	0.1198573886	96022.46129	0	0
S35	32565.27968	0.1448356949	95985.95198	0	0
neutron	939.56536	1.770064548	95801.91676	0	0
neutron	939.56536	0.7013050588	95801.91676	0	0
neutron	939.56536	0.2890307783	95801.91676	0	0
Ne20	18617.73218	0.2176294299	95801.91676	0	0
neutron	939.56536	1.800326729	96136.34113	0	0
S34	31632.70018	0.2899075759	96136.34113	0	0
proton	938.272013	2.649898375	95925.35721	0	0
neutron	939.56536	2.245465451	95925.35721	0	0
neutron	939.56536	0.7698620591	95925.35721	0	0
P32	29775.84838	0.08071907594	95925.35721	0	0
neutron	939.56536	1.441501119	95917.98531	0	0
S34	31632.70018	0.2369663875	95917.98531	0	0
neutron	939.56536	0.1243356906	96010.27085	0	0
S34	31632.70018	0.1099244059	96010.27085	0	0
S35	32565.27968	0.1406655068	95934.22558	0	0
neutron	939.56536	1.829922503	95800.55553	0	0
S34	31632.70018	0.1613931287	95800.55553	0	0
neutron	939.56536	6.109209449	96075.96358	0	0
neutron	939.56536	1.560409427	96075.96358	0	0
Ne21	19550.53637	0.2774134213	96075.96358	0	0
S37	34430.21755	0.1339994993	96161.61834	0	0
neutron	939.56536	0.2755865198	96037.40292	0	0
Ne22	20479.73746	0.1641525862	96037.40292	0	0
Cl35	32564.60306	0.07753825232	98147.3547	857.0482707	856.949018
neutron	939.56536	1.053547864	95928.93108	0	0
S34	31632.70018	0.06596330097	95928.93108	0	0
proton	938.272013	29.8791977	95933.09854	0	0
neutron	939.56536	2.497460806	95933.09854	0	0
neutron	939.56536	0.6635687913	95933.09854	0	0
neutron	939.56536	0.1127420842	95933.09854	0	0
P31	28844.21869	0.7521462393	95933.09854	0	0
neutron	939.56536	7.924172101	95966.35965	0	0
proton	938.272013	3.652688268	95966.35965	0	0
neutron	939.56536	0.2023343997	95966.35965	0	0
P32	29775.84838	0.1426640205	95966.35965	0	0
neutron	939.56536	11.9018935	96207.00607	0	0
neutron	939.56536	5.313997747	96207.00607	0	0
neutron	939.56536	1.066191286	96207.00607	0	0
Ne20	18617.73218	0.7290260581	96207.00607	0	0
neutron	939.56536	28.87182153	95989.63051	0	0
neutron	939.56536	1.400254321	95989.63051	0	0
neutron	939.56536	1.362599037	95989.63051	0	0
S32	29773.62828	1.468282424	95989.63051	0	0
Na23	21409.21625	0.1037061433	99975.16932	1493.976056	1493.402116
neutron	939.56536	2.771776421	96100.81326	0	0
S34	31632.70018	0.222243464	96100.81326	0	0
S37	34430.21755	0.1328037972	96052.11087	0	0
neutron	939.56536	1.272858375	96134.1447	0	0
Ne22	20479.73746	0.3961171659	96134.1447	0	0
neutron	939.56536	0.4819489409	95894.02098	0	0
S34	31632.70018	0.0751182934	95894.02098	0	0
neutron	939.56536	8.550463899	95917.17576	0	0
neutron	939.56536	2.760450641	95917.17576	0	0
alpha	3727.379	8.78909651	95917.17576	0	0
O17	15830.5038	1.719976073	95917.17576	0	0
Ne23	21414.10216	0.2246556906	96146.98342	0	0
neutron	939.56536	0.9481373537	96173.788	0	0
neutron	939.56536	0.1889517355	96173.788	0	0
Ne21	19550.53637	0.3881994482	96173.788	0	0
Na23	21409.21625	0.1311442894	99850.26475	1443.601378	1443.421003
neutron	939.56536	2.66564732	95974.19518	0	0
neutron	939.56536	0.9390692955	95974.19518	0	0
S33	30704.55199	0.3418705097	95974.19518	0	0
neutron	939.56536	2.721657807	95990.07591	0	0
S34	31632.70018	0.2256733279	95990.07591	0	0
Ne23	21414.10216	0.218987581	96087.34705	0	0
neutron	939.56536	24.85826423	95868.95234	0	0
neutron	939.56536	5.893986617	95868.95234	0	0
proton	938.272013	5.006549047	95868.95234	0	0
P34	31638.59261	1.019953389	95868.95234	0	0
S35	32565.27968	0.1516690365	96021.41123	0	0
Cl35	32564.60306	0.1612269254	99475.06592	1292.745817	1292.543706
neutron	939.56536	0.5957541064	96145.46953	0	0
S34	31632.70018	0.09563235711	96145.46953	0	0
neutron	939.56536	14.54591093	95913.07788	0	0
neutron	939.56536	3.776565491	95913.07788	0	0
neutron	939.56536	3.150518694	95913.07788	0	0
S32	29773.62828	0.3575031187	95913.07788	0	0
neutron	939.56536	2.406390028	96056.80227	0	0
Ne22	20479.73746	0.3831437562	96056.80227	0	0
Na23	21409.21625	0.1897276002	96649.88926	240.3354285	240.1402798
neutron	939.56536	1.336961869	96116.12802	0	0
S34	31632.70018	0.170794122	96116.12802	0	0
S35	32565.27968	0.1519931739	95931.79491	0	0
neutron	939.56536	5.978587592	95829.80913	0	0
neutron	939.56536	3.307050952	95829.80913	0	0
alpha	3727.379	9.650746134	95829.80913	0	0
Si29	26984.28567	0.804649608	95829.80913	0	0
S35	32565.27968	0.1421699484	95975.37693	0	0
Cl37	34424.84314	0.1516541128	96203.18299	102.2785603	102.1227118
neutron	939.56536	0.6524104148	96069.46237	0	0
Ne22	20479.73746	0.1952558802	96069.46237	0	0
Cl35	32564.60306	0.1219964318	97220.21798	536.1041351	535.7656733
Ne23	21414.10216	0.2112814332	95849.46589	0	0
neutron	939.56536	8.66520294	96010.56213	0	0
neutron	939.56536	8.632774395	96010.56213	0	0
neutron	939.56536	2.6024561	96010.56213	0	0
S32	29773.62828	0.4809331477	96010.56213	0	0
neutron	939.56536	0.3939733542	95869.6854	0	0
S34	31632.70018	0.2196693418	95869.6854	0	0
Cl35	32564.60306	0.243019195	96940.38201	371.7557305	371.5120703
neutron	939.56536	2.049768462	95990.44462	0	0
neutron	939.56536	0.4173020531	95990.44462	0	0
Ne21	19550.53637	0.3479350765	95990.44462	0	0
S35	32565.27968	0.1525380271	96137.66526	0	0
neutron	939.56536	7.156035627	95903.4066	0	0
neutron	939.56536	4.683200609	95903.4066	0	0
neutron	939.56536	0.9049696734	95903.4066	0	0
S34	31632.70018	0.7030793098	95903.4066	0	0
Na23	21409.21625	0.1752699334	97927.13077	725.5088211	725.2890344
proton	938.272013	11.83191335	96003.05333	0	0
neutron	939.56536	5.828427894	96003.05333	0	0
neutron	939.56536	2.803030613	96003.05333	0	0
neutron	939.56536	0.9344394304	96003.05333	0	0
alpha	3727.379	15.79802081	96003.05333	0	0
Al27	25126.50566	0.8314572909	96003.05333	0	0
Ne23	21414.10216	0.208334552	96047.12494	0	0
Na23	21409.21625	0.1597946785	96101.44994	117.9390287	117.7771272
neutron	939.56536	7.185218423	95890.38542	0	0
S34	31632.70018	0.06482054122	95890.38542	0	0
Ne23	21414.10216	0.23300834	96126.61444	0	0
neutron	939.56536	26.74896447	95901.07147	0	0
neutron	939.56536	4.059744209	95901.07147	0	0
neutron	939.56536	1.403226598	95901.07147	0	0
Ne20	18617.73218	1.668016262	95901.07147	0	0
neutron	939.56536	0.3632382549	96029.99085	0	0
S34	31632.70018	0.1383995315	96029.99085	0	0
neutron	939.56536	1.93608897	95909.27654	0	0
neutron	939.56536	1.623923419	95909.27654	0	0
S33	30704.55199	0.1867590926	95909.27654	0	0
neutron	939.56536	0.4545401883	96217.33301	0	0
Ne22	20479.73746	0.2688131459	96217.33301	0	0
neutron	939.56536	0.335641347	96132.9284	0	0
Ne22	20479.73746	0.1733948907	96132.9284	0	0
neutron	939.56536	2.030816737	95968.00865	0	0
S34	31632.70018	0.1904032943	95968.00865	0	0
neutron	939.56536	0.1539868216	96042.04597	0	0
Ne22	20479.73746	0.1869616439	96042.04597	0	0
neutron	939.56536	2.670625305	95872.76416	0	0
neutron	939.56536	0.8754589999	95872.76416	0	0
alpha	3727.379	5.829049718	95872.76416	0	0
Si29	26984.28567	0.3891873324	95872.76416	0	0
proton	938.272013	19.04374495	95883.99039	0	0
neutron	939.56536	11.41319188	95883.99039	0	0
neutron	939.56536	2.595637491	95883.99039	0	0
neutron	939.56536	1.991145998	95883.99039	0	0
P33	30705.30994	0.542902964	95883.99039	0	0
S35	32565.27968	0.1393054028	96122.22572	0	0
neutron	939.56536	2.30142961	95842.8779	0	0
Ne22	20479.73746	0.1438434187	95842.8779	0	0
S37	34430.21755	0.1370196622	95944.66294	0	0
neutron	939.56536	1.574379771	96066.30504	0	0
Ne22	20479.73746	0.3139512392	96066.30504	0	0
Ne23	21414.10216	0.204714683	96095.50758	0	0
neutron	939.56536	0.1457121935	95920.93677	0	0
Ne22	20479.73746	0.1959587974	95920.93677	0	0
neutron	939.56536	14.34949456	96019.1554	0	0
neutron	939.56536	1.033988746	96019.1554	0	0
Ne21	19550.53637	0.7342439571	96019.1554	0	0
Cl35	32564.60306	0.1168341883	98981.18134	1086.105643	1085.975245
neutron	939.56536	1.27738221	96232.56539	0	0
S34	31632.70018	0.1999115113	96232.56539	0	0
Na23	21409.21625	0.1662802367	97875.43197	679.3955855	679.2180206
neutron	939.56536	1.193192268	96018.46822	0	0
S34	31632.70018	0.2603496479	96018.46822	0	0
neutron	939.56536	0.8274317546	95902.10418	0	0
S34	31632.70018	0.1563950222	95902.10418	0	0
neutron	939.56536	3.368182149	96359.23253	0	0
neutron	939.56536	1.248241766	96359.23253	0	0
neutron	939.56536	0.5257434459	96359.23253	0	0
Ne20	18617.73218	0.06901765892	96359.23253	0	0
S37	34430.21755	0.1355533855	96017.66414	0	0
Cl35	32564.60306	0.08195768854	96513.09703	50.1000329	49.89365543
neutron	939.56536	1.491952034	96478.94615	0	0
Ne22	20479.73746	0.3549059234	96478.94615	0	0
S35	32565.27968	0.1594965473	95994.22212	0	0
S35	32565.27968	0.1438689689	96020.40708	0	0
neutron	939.56536	0.1851955199	96411.90552	0	0
Ne22	20479.73746	0.1701302691	96411.90552	0	0
proton	938.272013	36.76934507	96156.40209	0	0
neutron	939.56536	17.43045131	96156.40209	0	0
F21	19556.73074	0.235041245	96156.40209	0	0
Cl35	32564.60306	0.1315761378	98565.28236	975.1501292	974.9145747
Ne23	21414.10216	0.2174398749	95931.47417	0	0
neutron	939.56536	0.6142003087	95938.81592	0	0
S34	31632.70018	0.0729625108	95938.81592	0	0
neutron	939.56536	6.921756227	96086.70622	0	0
neutron	939.56536	6.226956955	96086.70622	0	0
proton	938.272013	2.927750545	96086.70622	0	0
P32	29775.84838	1.000819522	96086.70622	0	0
neutron	939.56536	15.28633619	96129.96062	0	0
neutron	939.56536	2.328646163	96129.96062	0	0
neutron	939.56536	1.611500742	96129.96062	0	0
alpha	3727.379	5.472679971	96129.96062	0	0
O16	14895.08153	3.420605788	96129.96062	0	0
proton	938.272013	17.86693845	95928.79818	0	0
neutron	939.56536	11.72079911	95928.79818	0	0
neutron	939.56536	3.088860523	95928.79818	0	0
P32	29775.84838	1.37630126	95928.79818	0	0
neutron	939.56536	1.493312314	96142.09891	0	0
S34	31632.70018	0.1992009039	96142.09891	0	0
S35	32565.27968	0.1634917763	96054.6635	0	0
Cl35	32564.60306	0.1025443268	99716.93017	1398.644765	1398.526842
S37	34430.21755	0.1295305197	96150.99144	0	0
neutron	939.56536	4.743419966	96104.50611	0	0
neutron	939.56536	3.097822981	96104.50611	0	0
neutron	939.56536	1.896005595	96104.50611	0	0
Ne20	18617.73218	0.2845633661	96104.50611	0	0
neutron	939.56536	0.6071232485	95932.37758	0	0
S34	31632.70018	0.2135674941	95932.37758	0	0
neutron	939.56536	10.50897028	96148.96147	0	0
neutron	939.56536	7.464598287	96148.96147	0	0
neutron	939.56536	5.864227158	96148.96147	0	0
neutron	939.56536	4.196861874	96148.96147	0	0
S33	30704.55199	0.5414828147	96148.96147	0	0
neutron	939.56536	0.8136114364	95997.86452	0	0
S34	31632.70018	0.1451236783	95997.86452	0	0
Ne23	21414.10216	0.1992520969	95881.85601	0	0
neutron	939.56536	2.094148745	96031.42655	0	0
S34	31632.70018	0.1240904288	96031.42655	0	0
neutron	939.56536	3.637128281	96087.51451	0	0
neutron	939.56536	2.460499065	96087.51451	0	0
neutron	939.56536	1.316376634	96087.51451	0	0
S34	31632.70018	0.8282723732	96087.51451	0	0
neutron	939.56536	2.301436898	96079.33594	0	0
S34	31632.70018	0.333123385	96079.33594	0	0
Ne23	21414.10216	0.2309533874	96018.83396	0	0
neutron	939.56536	4.858728935	95961.55659	0	0
neutron	939.56536	1.764999966	95961.55659	0	0
neutron	939.56536	0.03412307137	95961.55659	0	0
S32	29773.62828	0.3487782096	95961.55659	0	0
Na23	21409.21625	0.1306714687	97198.68336	396.3064049	396.1349253
Ne23	21414.10216	0.1963004947	96189.06511	0	0
neutron	939.56536	1.431778117	95736.08887	0	0
S34	31632.70018	0.1648458403	95736.08887	0	0
neutron	939.56536	0.5560754957	96052.87357	0	0
S34	31632.70018	0.1799236505	96052.87357	0	0
neutron	939.56536	0.5273362068	96060.08161	0	0
S34	31632.70018	0.1419248914	96060.08161	0	0
Cl35	32564.60306	0.08297940177	96272.61813	110.5893506	110.2606308
proton	938.272013	24.06547848	96079.03493	0	0
neutron	939.56536	4.855794095	96079.03493	0	0
neutron	939.56536	2.280777227	96079.03493	0	0
neutron	939.56536	0.27099107	96079.03493	0	0
alpha	3727.379	11.86163987	96079.03493	0	0
N15	13968.93638	3.98502656	96079.03493	0	0
neutron	939.56536	3.725191241	96025.42041	0	0
proton	938.272013	3.019598023	96025.42041	0	0
P33	30705.30994	0.02201557156	96025.42041	0	0
neutron	939.56536	1.160479851	96079.87021	0	0
S34	31632.70018	0.1049397144	96079.87021	0	0
Cl35	32564.60306	0.1195364954	98734.46717	1060.608751	1060.402659
Ne23	21414.10216	0.2287608333	96040.42675	0	0
neutron	939.56536	22.82296403	96218.78266	0	0
neutron	939.56536	13.91157877	96218.78266	0	0
neutron	939.56536	3.249118523	96218.78266	0	0
alpha	3727.379	14.04711107	96218.78266	0	0
Si28	26053.19393	0.28577094	96218.78266	0	0
Ne23	21414.10216	0.2229916398	95925.03629	0	0
neutron	939.56536	4.823930019	95901.6945	0	0
neutron	939.56536	2.098773444	95901.6945	0	0
neutron	939.56536	0.1237010808	95901.6945	0	0
S32	29773.62828	0.04376913962	95901.6945	0	0
neutron	939.56536	1.510634347	96005.33643	0	0
Ne22	20479.73746	0.2697696859	96005.33643	0	0
neutron	939.56536	1.593705696	96242.4717	0	0
Ne22	20479.73746	0.2875003276	96242.4717	0	0
neutron	939.56536	4.14107168	96053.75988	0	0
neutron	939.56536	3.68870629	96053.75988	0	0
neutron	939.56536	0.3827593634	96053.75988	0	0
Ne20	18617.73218	0.5041420139	96053.75988	0	0
S35	32565.27968	0.1501195047	96134.00984	0	0
proton	938.272013	14.23788385	96109.00039	0	0
neutron	939.56536	14.13902329	96109.00039	0	0
neutron	939.56536	2.366747198	96109.00039	0	0
neutron	939.56536	1.845939887	96109.00039	0	0
P31	28844.21869	0.1859139484	96109.00039	0	0
neutron	939.56536	3.117964781	95881.14933	0	0
S34	31632.70018	0.1194803023	95881.14933	0	0
neutron	939.56536	8.657385133	95924.59955	0	0
neutron	939.56536	2.615167197	95924.59955	0	0
neutron	939.56536	2.592685432	95924.59955	0	0
proton	938.272013	2.200496408	95924.59955	0	0
F19	17692.30285	1.018768188	95924.59955	0	0
Ne23	21414.10216	0.2324333413	95891.76229	0	0
neutron	939.56536	26.22800335	96052.46154	0	0
proton	938.272013	5.322173513	96052.46154	0	0
neutron	939.56536	3.428492954	96052.46154	0	0
P32	29775.84838	0.2739640681	96052.46154	0	0
Ne23	21414.10216	0.2257211171	95961.23118	0	0
neutron	939.56536	0.3608289408	96321.81138	0	0
Ne22	20479.73746	0.3134542161	96321.81138	0	0
Ne23	21414.10216	0.2309027651	96009.66952	0	0
S35	32565.27968	0.1448705142	95909.27767	0	0
proton	938.272013	11.86041407	96182.39077	0	0
neutron	939.56536	10.2296846	96182.39077	0	0
neutron	939.56536	1.30326767	96182.39077	0	0
neutron	939.56536	0.5292412027	96182.39077	0	0
P31	28844.21869	1.884808382	96182.39077	0	0
neutron	939.56536	1.633269398	96057.08895	0	0
Ne22	20479.73746	0.1301865452	96057.08895	0	0
S37	34430.21755	0.1337057797	96010.20438	0	0
neutron	939.56536	19.5458982	95989.88007	0	0
neutron	939.56536	18.19031567	95989.88007	0	0
neutron	939.56536	7.724966121	95989.88007	0	0
alpha	3727.379	3.965677002	95989.88007	0	0
O16	14895.08153	6.208900662	95989.88007	0	0
S35	32565.27968	0.1587635907	96114.57572	0	0
neutron	939.56536	3.126559095	96037.33402	0	0
neutron	939.56536	1.553120311	96037.33402	0	0
neutron	939.56536	1.114540861	96037.33402	0	0
S34	31632.70018	0.2445854776	96037.33402	0	0
neutron	939.56536	0.3621794364	96103.45736	0	0
S34	31632.70018	0.1201029087	96103.45736	0	0
neutron	939.56536	1.019205581	96114.95905	0	0
Ne22	20479.73746	0.0916241998	96114.95905	0	0
neutron	939.56536	1.851952077	95961.75248	0	0
Ne22	20479.73746	0.2956950584	95961.75248	0	0
neutron	939.56536	1.46105966	95962.12317	0	0
Ne22	20479.73746	0.3822149436	95962.12317	0	0
neutron	939.56536	0.7849244335	95888.92193	0	0
S34	31632.70018	0.05575543041	95888.92193	0	0
Cl35	32564.60306	0.07645914636	99512.19782	1301.596599	1301.495123
neutron	939.56536	3.37985467	96064.789	0	0
S34	31632.70018	0.1881247096	96064.789	0	0
Cl35	32564.60306	0.0706896549	97760.32748	692.9398047	692.7975795
Ne23	21414.10216	0.2324981673	95867.06542	0	0
Ne23	21414.10216	0.2236567366	96313.68931	0	0
neutron	939.56536	0.4639624052	95991.30767	0	0
alpha	3727.379	7.554402257	95991.30767	0	0
Si30	27913.24182	1.671143273	95991.30767	0	0
proton	938.272013	4.990654573	95927.81347	0	0
neutron	939.56536	4.085365282	95927.81347	0	0
neutron	939.56536	2.26901696	95927.81347	0	0
neutron	939.56536	2.204093468	95927.81347	0	0
neutron	939.56536	0.4683826062	95927.81347	0	0
P32	29775.84838	0.3954285705	95927.81347	0	0
S35	32565.27968	0.1546485088	96209.80316	0	0
proton	938.272013	4.417546381	95904.00629	0	0
neutron	939.56536	2.81811613	95904.00629	0	0
neutron	939.56536	1.684488594	95904.00629	0	0
F20	18625.26686	0.3097763025	95904.00629	0	0
Cl35	32564.60306	0.1564777771	99828.62666	1448.005051	1447.828257
Cl37	34424.84314	0.1262925806	99295.83113	1235.619367	1235.256757
neutron	939.56536	36.21917053	95925.26144	0	0
proton	938.272013	27.8494169	95925.26144	0	0
F21	19556.73074	0.5464732153	95925.26144	0	0
neutron	939.56536	0.2178028947	96034.80251	0	0
Ne22	20479.73746	0.304294161	96034.80251	0	0
neutron	939.56536	1.431829314	96028.10896	0	0
Ne22	20479.73746	0.2057913912	96028.10896	0	0
Cl37	34424.84314	0.09488034984	99537.38924	1318.594195	1318.441901
neutron	939.56536	0.5540339079	96432.32702	0	0
S34	31632.70018	0.07514632447	96432.32702	0	0
Cl35	32564.60306	0.2148874256	98181.45598	877.4595553	877.1880273
neutron	939.56536	5.187718476	95789.0789	0	0
neutron	939.56536	3.516790179	95789.0789	0	0
neutron	939.56536	1.620419073	95789.0789	0	0
S34	31632.70018	0.2523784924	95789.0789	0	0
Na23	21409.21625	0.1169046388	99882.1417	1463.70935	1463.533378
Na23	21409.21625	0.2272505828	96877.46632	353.7231279	353.3979232
Cl35	32564.60306	0.08873807827	96295.63606	236.3877215	236.2939043
neutron	939.56536	1.595129872	95755.103	0	0
neutron	939.56536	0.7147203048	95755.103	0	0
Ne21	19550.53637	0.3091078562	95755.103	0	0
S35	32565.27968	0.1395514497	96142.70349	0	0
neutron	939.56536	23.34267778	95899.02982	0	0
neutron	939.56536	1.322233394	95899.02982	0	0
S33	30704.55199	0.3134144241	95899.02982	0	0
Na23	21409.21625	0.2747825038	98353.81104	889.0665824	888.7823637
neutron	939.56536	1.296656353	96003.07113	0	0
S34	31632.70018	0.09777294851	96003.07113	0	0
Na23	21409.21625	0.1696950743	97775.09925	694.0475204	693.833514
neutron	939.56536	3.263288127	95988.59842	0	0
Ne22	20479.73746	0.6008592572	95988.59842	0	0
S35	32565.27968	0.162625556	96479.48895	0	0
Cl35	32564.60306	0.167400516	99103.6903	1114.485141	1114.027431
neutron	939.56536	2.004137234	95980.7377	0	0
S34	31632.70018	0.07948693922	95980.7377	0	0
neutron	939.56536	1.774436331	96081.98178	0	0
S34	31632.70018	0.08702443791	96081.98178	0	0
Cl37	34424.84314	0.08176886931	99647.4822	1375.990489	1375.446575
neutron	939.56536	0.6940719174	95959.24321	0	0
S36	33494.9558	0.2323387667	95959.24321	0	0
S35	32565.27968	0.1343606771	96191.4317	0	0
neutron	939.56536	0.4310451072	96111.94578	0	0
S34	31632.70018	0.1437713692	96111.94578	0	0
Ne23	21414.10216	0.2356806761	96038.78409	0	0
S37	34430.21755	0.1366388945	96144.02309	0	0
Ne23	21414.10216	0.2088036511	96495.49854	0	0
neutron	939.56536	0.1375378475	95874.6499	0	0
Ne22	20479.73746	0.1628226265	95874.6499	0	0
Cl35	32564.60306	0.07119738222	97210.80888	520.9661408	520.0234972
neutron	939.56536	0.1209784619	95867.40374	0	0
S34	31632.70018	0.1288346854	95867.40374	0	0
S35	32565.27968	0.1600794167	96255.58922	0	0
neutron	939.56536	5.271905777	96543.28058	0	0
neutron	939.56536	4.047893902	96543.28058	0	0
neutron	939.56536	0.2312857116	96543.28058	0	0
alpha	3727.379	7.058617597	96543.28058	0	0
O16	14895.08153	1.367736506	96543.28058	0	0
neutron	939.56536	4.160560831	95990.17043	0	0
neutron	939.56536	4.003064342	95990.17043	0	0
neutron	939.56536	2.033241848	95990.17043	0	0
alpha	3727.379	19.01166269	95990.17043	0	0
O16	14895.08153	5.284278861	95990.17043	0	0
proton	938.272013	6.571682125	95862.32164	0	0
neutron	939.56536	4.697157734	95862.32164	0	0
P33	30705.30994	1.003728257	95862.32164	0	0
neutron	939.56536	11.24471611	96109.51306	0	0
neutron	939.56536	8.214211872	96109.51306	0	0
neutron	939.56536	5.218924214	96109.51306	0	0
S34	31632.70018	0.7972016627	96109.51306	0	0
neutron	939.56536	0.8097207417	96124.01845	0	0
S34	31632.70018	0.2262534084	96124.01845	0	0
neutron	939.56536	1.356176002	95965.22806	0	0
S34	31632.70018	0.3097872118	95965.22806	0	0
neutron	939.56536	0.2266086057	96104.41489	0	0
S34	31632.70018	0.06768081413	96104.41489	0	0
S35	32565.27968	0.1648542297	95935.99736	0	0
neutron	939.56536	15.2096536	96016.83551	0	0
neutron	939.56536	4.527741112	96016.83551	0	0
neutron	939.56536	0.3534707414	96016.83551	0	0
S34	31632.70018	0.7891235623	96016.83551	0	0
Na23	21409.21625	0.1071756399	99647.64595	1374.63262	1374.503039
neutron	939.56536	2.576981968	96164.04021	0	0
Ne22	20479.73746	0.2273252831	96164.04021	0	0
Ne23	21414.10216	0.2233764874	95878.59635	0	0
Cl35	32564.60306	0.1113845521	98017.79754	786.3505305	785.9658471
Cl35	32564.60306	0.132525175	95937.01963	27.46013167	27.2951738
neutron	939.56536	14.4936146	95959.70735	0	0
neutron	939.56536	6.045987153	95959.70735	0	0
neutron	939.56536	0.2567434399	95959.70735	0	0
S32	29773.62828	0.5249889108	95959.70735	0	0
neutron	939.56536	9.775980378	95986.20113	0	0
neutron	939.56536	0.5938731532	95986.20113	0	0
S33	30704.55199	0.238007291	95986.20113	0	0
S37	34430.21755	0.1346918141	95853.97022	0	0
S35	32565.27968	0.1490156531	95830.2535	0	0
Ne23	21414.10216	0.233971878	95979.97927	0	0
Cl35	32564.60306	0.07898415994	96432.03278	191.4988227	191.2651989
neutron	939.56536	4.431447074	96017.8644	0	0
neutron	939.56536	3.93269771	96017.8644	0	0
neutron	939.56536	1.728454832	96017.8644	0	0
neutron	939.56536	0.8086628708	96017.8644	0	0
neutron	939.56536	0.3613676885	96017.8644	0	0
He3	2808.391	7.314255035	96017.8644	0	0
Si29	26984.28567	0.4537123921	96017.8644	0	0
Ne23	21414.10216	0.2194971708	96060.12131	0	0
neutron	939.56536	5.841627808	96125.5974	0	0
alpha	3727.379	6.315061569	96125.5974	0	0
Si30	27913.24182	0.6647268907	96125.5974	0	0
neutron	939.56536	2.152542923	96236.4264	0	0
alpha	3727.379	7.741073703	96236.4264	0	0
Si30	27913.24182	0.9248272553	96236.4264	0	0
neutron	939.56536	16.32626721	95854.21362	0	0
neutron	939.56536	0.8338874345	95854.21362	0	0
S35	32565.27968	0.2864906999	95854.21362	0	0
Cl35	32564.60306	0.1099566559	98658.56235	1025.540443	1025.331454
Na23	21409.21625	0.8085998397	98082.50966	803.3931459	802.4786644
S37	34430.21755	0.1429312431	96047.51188	0	0
neutron	939.56536	9.49319422	96140.03425	0	0
neutron	939.56536	5.353691506	96140.03425	0	0
neutron	939.56536	1.096260342	96140.03425	0	0
Ne20	18617.73218	0.08039662436	96140.03425	0	0
S35	32565.27968	0.1576461733	95922.27392	0	0
S35	32565.27968	0.1575724912	95922.80432	0	0
neutron	939.56536	9.291415684	96053.26208	0	0
neutron	939.56536	5.774041461	96053.26208	0	0
neutron	939.56536	5.352748962	96053.26208	0	0
neutron	939.56536	4.811760347	96053.26208	0	0
neutron	939.56536	0.3677750865	96053.26208	0	0
S32	29773.62828	0.7672255142	96053.26208	0	0
neutron	939.56536	0.4459024202	96054.39184	0	0
S34	31632.70018	0.2304141176	96054.39184	0	0
S35	32565.27968	0.1594086311	95916.74768	0	0
Cl35	32564.60306	0.2162011893	99307.66076	1250.590185	1250.339385
neutron	939.56536	6.592037927	96059.79693	0	0
neutron	939.56536	0.2352640916	96059.79693	0	0
S33	30704.55199	0.4459767385	96059.79693	0	0
Na23	21409.21625	0.1568224715	98435.5109	853.603602	853.3119448
neutron	939.56536	3.357541923	96125.92243	0	0
neutron	939.56536	0.4733268782	96125.92243	0	0
Ne21	19550.53637	0.09217766095	96125.92243	0	0
Na23	21409.21625	0.4160217429	97110.81398	418.0395743	417.2653164
Ne23	21414.10216	0.2042683855	96122.38906	0	0
Cl35	32564.60306	0.1005182368	97601.07652	610.1440506	609.7953771
neutron	939.56536	0.667371533	96009.34158	0	0
neutron	939.56536	0.4691675806	96009.34158	0	0
deuteron	1875.613	20.05716152	96009.34158	0	0
P33	30705.30994	0.8178908515	96009.34158	0	0
Na23	21409.21625	0.1959927952	97017.83307	407.5206994	407.1362864
S35	32565.27968	0.1490434978	95978.6373	0	0
Ne23	21414.10216	0.2307423853	96101.68923	0	0
Cl37	34424.84314	0.06803387084	99486.21768	1275.249444	1275.096074
neutron	939.56536	2.00601336	96007.74351	0	0
Ne22	20479.73746	0.06774268011	96007.74351	0	0
neutron	939.56536	7.130522159	96015.27963	0	0
proton	938.272013	7.12038521	96015.27963	0	0
proton	938.272013	5.445393103	96015.27963	0	0
neutron	939.56536	1.70883987	96015.27963	0	0
Si31	28846.21977	0.4685620619	96015.27963	0	0
S35	32565.27968	0.1632527498	96162.44204	0	0
Cl35	32564.60306	0.07736957186	97779.10246	736.2843675	736.1890375
neutron	939.56536	4.964327454	96096.06787	0	0
neutron	939.56536	3.36533054	96096.06787	0	0
S33	30704.55199	0.6199549717	96096.06787	0	0
neutron	939.56536	6.249733408	95967.4017	0	0
Ne22	20479.73746	0.02686053143	95967.4017	0	0
neutron	939.56536	0.2318925043	96012.40407	0	0
Ne22	20479.73746	0.227310518	96012.40407	0	0
neutron	939.56536	25.97246663	95882.24121	0	0
deuteron	1875.613	4.430035184	95882.24121	0	0
F20	18625.26686	2.531268067	95882.24121	0	0
Ne23	21414.10216	0.2251198947	96121.5937	0	0
Ne23	21414.10216	0.208421473	96012.81807	0	0
Cl35	32564.60306	0.1468898937	99025.74868	1133.319304	1132.544256
neutron	939.56536	0.502168117	95862.4716	0	0
S36	33494.9558	0.07097338643	95862.4716	0	0
neutron	939.56536	8.679103905	96051.16385	0	0
neutron	939.56536	1.773474508	96051.16385	0	0
neutron	939.56536	0.4339866358	96051.16385	0	0
alpha	3727.379	5.089668957	96051.16385	0	0
O16	14895.08153	1.474548729	96051.16385	0	0
Cl35	32564.60306	0.5930310746	97389.49888	418.3299175	417.694094
neutron	939.56536	1.712494614	96438.70029	0	0
S34	31632.70018	0.1410894983	96438.70029	0	0
neutron	939.56536	19.53534755	95992.33488	0	0
neutron	939.56536	7.696875289	95992.33488	0	0
neutron	939.56536	3.536495422	95992.33488	0	0
proton	938.272013	2.939006196	95992.33488	0	0
neutron	939.56536	2.037325434	95992.33488	0	0
P32	29775.84838	0.5749000921	95992.33488	0	0
Cl35	32564.60306	0.06792488421	99763.48345	1405.895216	1405.767103
S35	32565.27968	0.157808108	96154.76487	0	0
neutron	939.56536	0.09057826722	95868.96035	0	0
Ne22	20479.73746	0.2662446765	95868.96035	0	0
S37	34430.21755	0.1304070279	95988.56439	0	0
neutron	939.56536	1.8565719	95958.92514	0	0
S34	31632.70018	0.3471650081	95958.92514	0	0
Cl35	32564.60306	0.7499879444	99154.79073	1090.410556	1089.535953
Cl35	32564.60306	0.07160867424	98771.88021	948.0714629	947.9706058
neutron	939.56536	0.6616052278	96158.62459	0	0
S34	31632.70018	0.1316143706	96158.62459	0	0
proton	938.272013	2.616468112	95975.23606	0	0
neutron	939.56536	2.356262669	95975.23606	0	0
neutron	939.56536	2.10108138	95975.23606	0	0
P32	29775.84838	0.05188391222	95975.23606	0	0
Cl35	32564.60306	0.1994334231	96352.50115	224.9637446	224.6694792
neutron	939.56536	0.9626045503	95842.21525	0	0
S34	31632.70018	0.248953928	95842.21525	0	0
neutron	939.56536	0.8644513226	96153.79199	0	0
S34	31632.70018	0.2055807862	96153.79199	0	0
neutron	939.56536	9.763753156	95946.85824	0	0
neutron	939.56536	2.709378311	95946.85824	0	0
neutron	939.56536	1.660789714	95946.85824	0	0
S32	29773.62828	0.2506904011	95946.85824	0	0
Cl35	32564.60306	0.09415990386	99371.90964	1127.017043	1126.547236
neutron	939.56536	2.279853336	95949.46054	0	0
Ne22	20479.73746	0.1994127646	95949.46054	0	0
Cl35	32564.60306	0.113040945	99053.28581	1046.198073	1046.01967
S37	34430.21755	0.1409370666	96197.90985	0	0
neutron	939.56536	0.1653178635	95967.83087	0	0
S34	31632.70018	0.1971095456	95967.83087	0	0
Ne23	21414.10216	0.2224011512	96126.57269	0	0
neutron	939.56536	0.4395499252	96099.74952	0	0
S34	31632.70018	0.2418906605	96099.74952	0	0
S35	32565.27968	0.1533345018	96122.36889	0	0
Ne23	21414.10216	0.1963394422	95926.46499	0	0
Na23	21409.21625	0.5290100563	97727.23412	572.128097	571.2630137
neutron	939.56536	12.47386403	96234.6922	0	0
neutron	939.56536	3.964176117	96234.6922	0	0
neutron	939.56536	0.8804147437	96234.6922	0	0
S34	31632.70018	0.6332636275	96234.6922	0	0
neutron	939.56536	0.7778815574	96033.3311	0	0
Ne22	20479.73746	0.1380399156	96033.3311	0	0
neutron	939.56536	1.733655652	95969.12617	0	0
neutron	939.56536	0.365089909	95969.12617	0	0
S33	30704.55199	0.3624868634	95969.12617	0	0
neutron	939.56536	1.031261955	95892.28714	0	0
S34	31632.70018	0.1012104181	95892.28714	0	0
Cl35	32564.60306	0.3755159407	95921.18297	47.57336172	46.97294999
S37	34430.21755	0.1408828328	95943.04065	0	0
Cl35	32564.60306	0.0913982084	99498.81361	1299.599083	1299.301807
neutron	939.56536	1.737347728	96010.56889	0	0
S34	31632.70018	0.2522662905	96010.56889	0	0
neutron	939.56536	1.544396147	96010.49006	0	0
S34	31632.70018	0.1105338212	96010.49006	0	0
proton	938.272013	16.30204981	95961.8734	0	0
neutron	939.56536	1.080367358	95961.8734	0	0
P33	30705.30994	0.3662810852	95961.8734	0	0
S37	34430.21755	0.1256931314	95966.70409	0	0
neutron	939.56536	0.6261037451	96027.18797	0	0
S34	31632.70018	0.05942800164	96027.18797	0	0
neutron	939.56536	3.507018433	96226.58515	0	0
neutron	939.56536	2.469032656	96226.58515	0	0
neutron	939.56536	0.6260751335	96226.58515	0	0
S34	31632.70018	0.2201826081	96226.58515	0	0
Na23	21409.21625	0.1036241789	97872.67978	707.5076037	707.3028634
neutron	939.56536	20.44893155	96154.07792	0	0
neutron	939.56536	2.711513319	96154.07792	0	0
neutron	939.56536	1.599928168	96154.07792	0	0
Ne20	18617.73218	1.322715578	96154.07792	0	0
neutron	939.56536	1.560332613	96026.59833	0	0
S34	31632.70018	0.09351071444	96026.59833	0	0
neutron	939.56536	5.491116375	95915.9958	0	0
neutron	939.56536	0.3072122121	95915.9958	0	0
alpha	3727.379	7.952304072	95915.9958	0	0
Si29	26984.28567	1.187194711	95915.9958	0	0
neutron	939.56536	0.1607059856	95941.55561	0	0
Ne22	20479.73746	0.1889683015	95941.55561	0	0
Ne23	21414.10216	0.2292099907	95955.29071	0	0
Cl35	32564.60306	0.2778176269	98986.39857	1122.141705	1121.688372
Cl35	32564.60306	0.08103192855	96922.21741	415.1783054	415.0927941
neutron	939.56536	10.16865904	95899.48237	0	0
proton	938.272013	4.16489509	95899.48237	0	0
neutron	939.56536	1.161452698	95899.48237	0	0
neutron	939.56536	0.5345561935	95899.48237	0	0
P33	30705.30994	0.9488888769	95899.48237	0	0
S35	32565.27968	0.1550522131	95997.26705	0	0
Ne23	21414.10216	0.2261846032	96037.01289	0	0
neutron	939.56536	1.8398763	96046.96839	0	0
S34	31632.70018	0.285303897	96046.96839	0	0
neutron	939.56536	8.578564681	95932.5415	0	0
neutron	939.56536	2.652189448	95932.5415	0	0
Ne21	19550.53637	0.9747999532	95932.5415	0	0
neutron	939.56536	2.698762881	96079.34555	0	0
Ne22	20479.73746	0.2106174228	96079.34555	0	0
proton	938.272013	6.704455759	96076.38005	0	0
neutron	939.56536	3.455221348	96076.38005	0	0
proton	938.272013	2.029906998	96076.38005	0	0
neutron	939.56536	1.645246754	96076.38005	0	0
neutron	939.56536	0.6857326364	96076.38005	0	0
Si30	27913.24182	0.2788557766	96076.38005	0	0
Ne23	21414.10216	0.211857902	96378.19541	0	0
neutron	939.56536	1.022360463	96041.59107	0	0
S36	33494.9558	0.1726554089	96041.59107	0	0
Na23	21409.21625	0.3241574844	96403.61825	184.504476	183.76042
neutron	939.56536	0.3907107298	96026.8891	0	0
Ne22	20479.73746	0.150077699	96026.8891	0	0
Ne23	21414.10216	0.2224975652	95895.15346	0	0
neutron	939.56536	0.57701788	96441.11533	0	0
S34	31632.70018	0.1651377897	96441.11533	0	0
Na23	21409.21625	0.104157151	97511.0875	497.8770185	497.4211907
neutron	939.56536	25.58556751	95840.52952	0	0
neutron	939.56536	11.40678475	95840.52952	0	0
neutron	939.56536	7.64436516	95840.52952	0	0
alpha	3727.379	2.677726215	95840.52952	0	0
O16	14895.08153	3.239488403	95840.52952	0	0
Na23	21409.21625	0.6283546219	99230.41985	1148.16083	1147.442436
neutron	939.56536	1.833290905	96130.67246	0	0
S34	31632.70018	0.04690788348	96130.67246	0	0
Cl35	32564.60306	0.1056036174	98446.19149	889.5926135	889.4787019
Ne23	21414.10216	0.2291451188	96058.59736	0	0
neutron	939.56536	33.96991703	96379.64629	0	0
neutron	939.56536	28.34067557	96379.64629	0	0
neutron	939.56536	2.885227271	96379.64629	0	0
S32	29773.62828	0.4367129758	96379.64629	0	0
Cl37	34424.84314	0.1519631905	97868.32028	724.7259709	724.4587719
neutron	939.56536	1.002506761	95927.70141	0	0
S34	31632.70018	0.2476962927	95927.70141	0	0
neutron	939.56536	5.80667773	96136.8174	0	0
neutron	939.56536	5.7514653	96136.8174	0	0
neutron	939.56536	0.6079535976	96136.8174	0	0
alpha	3727.379	3.959856924	96136.8174	0	0
O16	14895.08153	3.341298891	96136.8174	0	0
neutron	939.56536	1.094064985	95881.21183	0	0
S34	31632.70018	0.1009607284	95881.21183	0	0
neutron	939.56536	22.58112675	95986.33765	0	0
neutron	939.56536	7.22203728	95986.33765	0	0
proton	938.272013	3.527010373	95986.33765	0	0
neutron	939.56536	1.145010794	95986.33765	0	0
P31	28844.21869	1.171926078	95986.33765	0	0
neutron	939.56536	9.561346469	95893.63897	0	0
neutron	939.56536	7.550579561	95893.63897	0	0
proton	938.272013	4.639711177	95893.63897	0	0
deuteron	1875.613	5.688650931	95893.63897	0	0
O18	16762.02378	0.1381006245	95893.63897	0	0
neutron	939.56536	17.79228033	95883.7395	0	0
neutron	939.56536	2.422857401	95883.7395	0	0
neutron	939.56536	1.624731309	95883.7395	0	0
alpha	3727.379	13.64232759	95883.7395	0	0
O16	14895.08153	1.448817444	95883.7395	0	0
neutron	939.56536	7.356312156	96038.49397	0	0
neutron	939.56536	2.564541912	96038.49397	0	0
neutron	939.56536	1.705938096	96038.49397	0	0
S34	31632.70018	1.015067917	96038.49397	0	0
S35	32565.27968	0.1568725559	96035.35157	0	0
neutron	939.56536	0.6104279956	96025.25084	0	0
S34	31632.70018	0.166051664	96025.25084	0	0
S35	32565.27968	0.1377254156	95840.70325	0	0
Cl35	32564.60306	0.1820585997	99769.21906	1423.289596	1422.978888
neutron	939.56536	0.6581258187	95852.01968	0	0
S34	31632.70018	0.1454237929	95852.01968	0	0
Cl37	34424.84314	0.1780473104	98274.67545	883.1678067	882.9464975
Na23	21409.21625	0.1521544083	97982.79304	765.2182255	765.058343
neutron	939.56536	1.333471157	96089.1721	0	0
S34	31632.70018	0.07218158688	96089.1721	0	0
neutron	939.56536	6.495823752	96220.25592	0	0
neutron	939.56536	3.58509672	96220.25592	0	0
neutron	939.56536	0.7754606422	96220.25592	0	0
deuteron	1875.613	5.487190444	96220.25592	0	0
P30	27916.96459	0.4601212149	96220.25592	0	0
neutron	939.56536	5.560744506	96017.30253	0	0
neutron	939.56536	4.033772923	96017.30253	0	0
proton	938.272013	2.946704914	96017.30253	0	0
neutron	939.56536	1.786130465	96017.30253	0	0
P31	28844.21869	0.2481539686	96017.30253	0	0
S37	34430.21755	0.1313521188	96184.30698	0	0
neutron	939.56536	21.41541882	95833.42745	0	0
neutron	939.56536	3.866608454	95833.42745	0	0
neutron	939.56536	1.428789709	95833.42745	0	0
alpha	3727.379	5.563666139	95833.42745	0	0
O16	14895.08153	1.542472819	95833.42745	0	0
neutron	939.56536	0.6623038051	96013.64346	0	0
S34	31632.70018	0.1649665627	96013.64346	0	0
neutron	939.56536	9.024089409	96119.30971	0	0
proton	938.272013	8.051746771	96119.30971	0	0
neutron	939.56536	2.706082129	96119.30971	0	0
neutron	939.56536	1.640007235	96119.30971	0	0
P33	30705.30994	1.016225085	96119.30971	0	0
neutron	939.56536	1.050123414	96030.91463	0	0
S34	31632.70018	0.1596432219	96030.91463	0	0
neutron	939.56536	0.7564251555	95884.51378	0	0
Ne22	20479.73746	0.3774845593	95884.51378	0	0
neutron	939.56536	0.3138452047	96132.53586	0	0
Ne22	20479.73746	0.2305603231	96132.53586	0	0
neutron	939.56536	20.0720197	96172.674	0	0
neutron	939.56536	0.6026570198	96172.674	0	0
Ne21	19550.53637	1.322435663	96172.674	0	0
proton	938.272013	13.61280959	96095.02027	0	0
proton	938.272013	9.639096218	96095.02027	0	0
neutron	939.56536	4.886033395	96095.02027	0	0
neutron	939.56536	1.02571995	96095.02027	0	0
neutron	939.56536	0.08253725198	96095.02027	0	0
Si30	27913.24182	0.3587976343	96095.02027	0	0
neutron	939.56536	22.40107849	95985.02056	0	0
neutron	939.56536	14.08072451	95985.02056	0	0
neutron	939.56536	1.289829143	95985.02056	0	0
Ne20	18617.73218	2.293142165	95985.02056	0	0
S35	32565.27968	0.1572263737	95806.94331	0	0
Na23	21409.21625	0.1030059694	99937.85395	1481.085238	1480.922305
S37	34430.21755	0.1261487245	95949.43429	0	0
neutron	939.56536	1.768673548	96095.76907	0	0
S34	31632.70018	0.02416151485	96095.76907	0	0
S35	32565.27968	0.1468355632	95901.10372	0	0
Cl35	32564.60306	0.09064602991	97995.55485	797.8849682	797.7452665
neutron	939.56536	0.2766033218	96174.10259	0	0
S34	31632.70018	0.1721196391	96174.10259	0	0
neutron	939.56536	0.5659367919	96150.70761	0	0
S36	33494.9558	0.1533477649	96150.70761	0	0
neutron	939.56536	11.33536846	95986.98232	0	0
S34	31632.70018	0.5574861862	95986.98232	0	0
S35	32565.27968	0.1656039905	96109.80866	0	0
neutron	939.56536	0.4213226892	95927.4577	0	0
S34	31632.70018	0.07643874432	95927.4577	0	0
neutron	939.56536	0.3367873408	96222.4267	0	0
S36	33494.9558	0.08965225322	96222.4267	0	0
neutron	939.56536	0.7106193835	96311.22712	0	0
S34	31632.70018	0.2326838393	96311.22712	0	0
neutron	939.56536	0.5187858858	96080.4698	0	0
Ne22	20479.73746	0.1059415173	96080.4698	0	0
neutron	939.56536	36.57109423	95889.96528	0	0
proton	938.272013	5.59919797	95889.96528	0	0
proton	938.272013	4.507905877	95889.96528	0	0
Si32	29776.58515	2.149546667	95889.96528	0	0
proton	938.272013	11.32496652	96251.49717	0	0
neutron	939.56536	7.128560225	96251.49717	0	0
neutron	939.56536	4.045856549	96251.49717	0	0
neutron	939.56536	3.990379162	96251.49717	0	0
deuteron	1875.613	7.809205493	96251.49717	0	0
Si29	26984.28567	1.027888351	96251.49717	0	0
neutron	939.56536	2.672629496	95895.44158	0	0
S34	31632.70018	0.112883314	95895.44158	0	0
neutron	939.56536	0.1203204021	96059.34938	0	0
S34	31632.70018	0.1927633719	96059.34938	0	0
neutron	939.56536	14.70469845	95901.45982	0	0
neutron	939.56536	7.156556023	95901.45982	0	0
neutron	939.56536	2.712989393	95901.45982	0	0
alpha	3727.379	7.062326247	95901.45982	0	0
Si30	27913.24182	1.589740317	95901.45982	0	0
neutron	939.56536	0.5558469174	95979.10026	0	0
S34	31632.70018	0.1304531526	95979.10026	0	0
Ne23	21414.10216	0.2238111472	96025.90517	0	0
proton	938.272013	19.09124404	96069.11028	0	0
neutron	939.56536	4.91582473	96069.11028	0	0
neutron	939.56536	2.39701771	96069.11028	0	0
P32	29775.84838	0.319080536	96069.11028	0	0
neutron	939.56536	1.524420024	95821.63318	0	0
Ne22	20479.73746	0.338387277	95821.63318	0	0
Na23	21409.21625	0.1440173141	99061.28485	1155.639337	1155.461972
Cl35	32564.60306	0.1209993351	98460.49262	928.8485136	928.5360431
neutron	939.56536	18.80373089	95874.52943	0	0
neutron	939.56536	5.278583216	95874.52943	0	0
neutron	939.56536	0.8802519814	95874.52943	0	0
S34	31632.70018	0.982645515	95874.52943	0	0
neutron	939.56536	23.78915161	96089.28193	0	0
neutron	939.56536	4.550454619	96089.28193	0	0
neutron	939.56536	1.992296183	96089.28193	0	0
S34	31632.70018	1.124859048	96089.28193	0	0
proton	938.272013	5.255883069	96266.0575	0	0
neutron	939.56536	3.835848082	96266.0575	0	0
neutron	939.56536	3.62757959	96266.0575	0	0
neutron	939.56536	2.183630112	96266.0575	0	0
P31	28844.21869	0.06577173963	96266.0575	0	0
S35	32565.27968	0.1665440419	95903.30548	0	0
neutron	939.56536	0.4413037911	95972.21422	0	0
Ne22	20479.73746	0.1472673491	95972.21422	0	0
Cl35	32564.60306	0.09022002782	98102.23441	867.7253785	867.4436687
Cl35	32564.60306	0.09462684957	95873.99378	22.99832257	22.64891865
neutron	939.56536	6.862755208	95951.48529	0	0
neutron	939.56536	4.659459463	95951.48529	0	0
neutron	939.56536	2.582292146	95951.48529	0	0
neutron	939.56536	1.772503721	95951.48529	0	0
S33	30704.55199	0.3525252996	95951.48529	0	0
Ne23	21414.10216	0.230111952	96048.84374	0	0
neutron	939.56536	6.655948865	96039.91665	0	0
neutron	939.56536	1.263354444	96039.91665	0	0
S33	30704.55199	0.2926084296	96039.91665	0	0
Na23	21409.21625	0.1627173072	98820.62446	879.411763	879.2086117
proton	938.272013	24.10973028	96483.84436	0	0
neutron	939.56536	7.891901926	96483.84436	0	0
P33	30705.30994	0.6986579405	96483.84436	0	0
Na23	21409.21625	0.1133510224	99778.22107	1412.742924	1412.272893
neutron	939.56536	2.523614999	96042.06211	0	0
neutron	939.56536	0.8463291131	96042.06211	0	0
neutron	939.56536	0.584615874	96042.06211	0	0
alpha	3727.379	9.881257969	96042.06211	0	0
Si30	27913.24182	0.8886180835	96042.06211	0	0
Ne23	21414.10216	0.2262398399	96058.18942	0	0
neutron	939.56536	7.687708618	96039.25231	0	0
proton	938.272013	5.16345075	96039.25231	0	0
proton	938.272013	4.940059311	96039.25231	0	0
neutron	939.56536	1.361975208	96039.25231	0	0
Si31	28846.21977	0.612818807	96039.25231	0	0
neutron	939.56536	30.28274079	95984.31903	0	0
neutron	939.56536	3.879966235	95984.31903	0	0
neutron	939.56536	1.263107555	95984.31903	0	0
alpha	3727.379	5.971284373	95984.31903	0	0
O16	14895.08153	2.705312607	95984.31903	0	0
neutron	939.56536	3.607019364	95964.46717	0	0
neutron	939.56536	2.966602583	95964.46717	0	0
neutron	939.56536	2.95075304	95964.46717	0	0
Ne20	18617.73218	0.8669670383	95964.46717	0	0
Ne23	21414.10216	0.2293745518	95903.99384	0	0
Cl35	32564.60306	0.1773106957	99686.86984	1374.162065	1373.907816
neutron	939.56536	0.7999713807	96126.43696	0	0
S34	31632.70018	0.1606695669	96126.43696	0	0
Ne23	21414.10216	0.2176823361	96102.49562	0	0
Na23	21409.21625	0.24955709	98178.81628	865.1725963	864.9054822
neutron	939.56536	0.5338157502	95784.29813	0	0
Ne22	20479.73746	0.3344024117	95784.29813	0	0
neutron	939.56536	0.5981796298	96130.66076	0	0
S34	31632.70018	0.2609500867	96130.66076	0	0
Ne23	21414.10216	0.2213323408	96139.32664	0	0
Ne23	21414.10216	0.2113795643	96139.81155	0	0
neutron	939.56536	1.24804252	95797.08943	0	0
S34	31632.70018	0.1918437328	95797.08943	0	0
Cl35	32564.60306	0.1831508692	99614.13281	1362.588929	1362.011635
Ne23	21414.10216	0.2277873853	95959.43222	0	0
S35	32565.27968	0.1579178766	95969.63456	0	0
neutron	939.56536	4.499581396	95878.04257	0	0
proton	938.272013	3.501154534	95878.04257	0	0
P33	30705.30994	0.3018295732	95878.04257	0	0
neutron	939.56536	10.51714742	96004.64001	0	0
neutron	939.56536	3.133991396	96004.64001	0	0
neutron	939.56536	1.092105195	96004.64001	0	0
neutron	939.56536	0.5819922157	96004.64001	0	0
S33	30704.55199	1.020128416	96004.64001	0	0
Ne23	21414.10216	0.2261621417	95877.28797	0	0
S35	32565.27968	0.150765842	96037.20613	0	0
S37	34430.21755	0.1434755473	95946.57267	0	0
S37	34430.21755	0.1355069918	96241.00389	0	0
proton	938.272013	6.332683666	96171.56648	0	0
proton	938.272013	3.442122808	96171.56648	0	0
neutron	939.56536	3.200175341	96171.56648	0	0
Si32	29776.58515	0.1835627386	96171.56648	0	0
Cl37	34424.84314	0.1084705623	99931.90721	1478.95994	1478.796092
Na23	21409.21625	0.1466851832	96413.01058	195.1204247	194.901505
Ne23	21414.10216	0.2301589055	96010.69351	0	0
proton	938.272013	10.6950801	96056.9671	0	0
proton	938.272013	4.198272978	96056.9671	0	0
neutron	939.56536	2.808218457	96056.9671	0	0
neutron	939.56536	0.747283382	96056.9671	0	0
neutron	939.56536	0.144650338	96056.9671	0	0
Si32	29776.58515	0.183663293	96056.9671	0	0
S35	32565.27968	0.1548690895	96131.27416	0	0
proton	938.272013	31.57011075	95824.55883	0	0
neutron	939.56536	3.283717687	95824.55883	0	0
neutron	939.56536	0.1559926863	95824.55883	0	0
P32	29775.84838	1.185696165	95824.55883	0	0
neutron	939.56536	6.731429703	96017.78373	0	0
proton	938.272013	3.019099195	96017.78373	0	0
neutron	939.56536	2.583771735	96017.78373	0	0
neutron	939.56536	1.467952577	96017.78373	0	0
P31	28844.21869	0.4415492123	96017.78373	0	0
neutron	939.56536	9.981589981	96077.06432	0	0
neutron	939.56536	7.548938194	96077.06432	0	0
neutron	939.56536	1.566364077	96077.06432	0	0
alpha	3727.379	7.347773335	96077.06432	0	0
Si28	26053.19393	1.746778541	96077.06432	0	0
Cl35	32564.60306	0.07887574925	96622.00373	239.5466072	239.436041
proton	938.272013	15.28744289	96120.03574	0	0
neutron	939.56536	8.714053554	96120.03574	0	0
proton	938.272013	3.186540789	96120.03574	0	0
neutron	939.56536	1.6757508	96120.03574	0	0
neutron	939.56536	1.334326122	96120.03574	0	0
Si30	27913.24182	2.318489313	96120.03574	0	0
neutron	939.56536	0.1758195233	95996.78609	0	0
S34	31632.70018	0.103191124	95996.78609	0	0
S35	32565.27968	0.1436746718	96049.4075	0	0
proton	938.272013	23.47110566	95914.23037	0	0
neutron	939.56536	1.069148308	95914.23037	0	0
neutron	939.56536	0.001940690666	95914.23037	0	0
P32	29775.84838	0.5154527598	95914.23037	0	0
Cl35	32564.60306	0.2201739711	98758.0087	1059.973142	1059.751875
neutron	939.56536	3.110257338	95949.7514	0	0
neutron	939.56536	1.484353876	95949.7514	0	0
S33	30704.55199	0.360238346	95949.7514	0	0
S35	32565.27968	0.1597721244	95920.25134	0	0
neutron	939.56536	0.1958672406	96002.17376	0	0
Ne22	20479.73746	0.1641147174	96002.17376	0	0
neutron	939.56536	0.4934466792	95790.7041	0	0
Ne22	20479.73746	0.3287869023	95790.7041	0	0
neutron	939.56536	0.5563440919	95858.66775	0	0
S34	31632.70018	0.07007172953	95858.66775	0	0
neutron	939.56536	2.228357941	95861.91215	0	0
neutron	939.56536	1.860495958	95861.91215	0	0
neutron	939.56536	0.5406430808	95861.91215	0	0
Ne20	18617.73218	0.1664814799	95861.91215	0	0
S35	32565.27968	0.1648091987	95741.41093	0	0
neutron	939.56536	0.6879384123	96356.0348	0	0
Ne22	20479.73746	0.1316221657	96356.0348	0	0
Ne23	21414.10216	0.2241747799	96069.09135	0	0
neutron	939.56536	18.36523167	95971.67657	0	0
neutron	939.56536	3.650843993	95971.67657	0	0
neutron	939.56536	1.028079275	95971.67657	0	0
alpha	3727.379	7.658772403	95971.67657	0	0
O16	14895.08153	1.636891645	95971.67657	0	0
neutron	939.56536	4.615245094	96218.13667	0	0
S36	33494.9558	0.2721020651	96218.13667	0	0
Cl37	34424.84314	0.100098807	97763.25483	649.5629229	649.2965429
neutron	939.56536	1.154229847	96143.42591	0	0
S36	33494.9558	0.09597308453	96143.42591	0	0
neutron	939.56536	0.5513033263	96079.02294	0	0
Ne22	20479.73746	0.3448236615	96079.02294	0	0
Na23	21409.21625	0.1408872808	99873.97771	1461.266814	1460.966874
neutron	939.56536	17.93436517	95822.61812	0	0
neutron	939.56536	4.164690279	95822.61812	0	0
proton	938.272013	3.313691702	95822.61812	0	0
neutron	939.56536	3.059816301	95822.61812	0	0
neutron	939.56536	0.1858082975	95822.61812	0	0
P32	29775.84838	0.2227274154	95822.61812	0	0
Ne23	21414.10216	0.2050013208	95969.61991	0	0
S35	32565.27968	0.1548884065	96007.87296	0	0
proton	938.272013	26.75107355	95987.22727	0	0
neutron	939.56536	4.213665329	95987.22727	0	0
neutron	939.56536	3.13652179	95987.22727	0	0
neutron	939.56536	2.943853323	95987.22727	0	0
P31	28844.21869	1.37966078	95987.22727	0	0
Na23	21409.21625	0.1999129316	97991.8248	769.0064663	768.7356213
S35	32565.27968	0.1628473816	96139.62743	0	0
neutron	939.56536	2.564077231	95983.48252	0	0
S34	31632.70018	0.368656231	95983.48252	0	0
neutron	939.56536	1.219076587	96011.39799	0	0
Ne22	20479.73746	0.3256021975	96011.39799	0	0
neutron	939.56536	0.3043630513	95936.18484	0	0
S34	31632.70018	0.1186104705	95936.18484	0	0
Cl35	32564.60306	0.0769629428	96834.40119	301.0785819	300.8715186
Cl37	34424.84314	0.09007092811	96221.00329	19.53548492	19.34142542
neutron	939.56536	0.9563104174	96214.4633	0	0
S34	31632.70018	0.1153386471	96214.4633	0	0
Cl37	34424.84314	0.06151011294	96098.26418	82.04545829	81.82383976
neutron	939.56536	41.12391243	95965.11018	0	0
proton	938.272013	9.21179281	95965.11018	0	0
P33	30705.30994	0.8089713045	95965.11018	0	0
neutron	939.56536	0.7739489584	96001.41978	0	0
S36	33494.9558	0.1217945463	96001.41978	0	0
neutron	939.56536	4.949945027	96030.51501	0	0
neutron	939.56536	4.607245276	96030.51501	0	0
proton	938.272013	4.471329166	96030.51501	0	0
neutron	939.56536	2.681019758	96030.51501	0	0
P31	28844.21869	0.3360266291	96030.51501	0	0
neutron	939.56536	4.729328509	95944.60361	0	0
neutron	939.56536	4.086121828	95944.60361	0	0
neutron	939.56536	0.5893189862	95944.60361	0	0
Ne20	18617.73218	0.222488342	95944.60361	0	0
S37	34430.21755	0.1417590487	96010.65203	0	0
neutron	939.56536	4.289441594	96071.6542	0	0
neutron	939.56536	1.597744592	96071.6542	0	0
Ne21	19550.53637	0.203451641	96071.6542	0	0
Cl35	32564.60306	0.07639484986	97192.65571	451.9419236	451.7918408
neutron	939.56536	21.58512288	95974.1067	0	0
neutron	939.56536	2.838345575	95974.1067	0	0
neutron	939.56536	0.56994597	95974.1067	0	0
S32	29773.62828	0.7472361512	95974.1067	0	0
neutron	939.56536	0.915689123	95867.42304	0	0
S36	33494.9558	0.206864695	95867.42304	0	0
Ne23	21414.10216	0.2066878994	95986.18795	0	0
proton	938.272013	2.75740354	96201.17694	0	0
neutron	939.56536	2.209828279	96201.17694	0	0
P33	30705.30994	0.3122733695	96201.17694	0	0
neutron	939.56536	24.54921779	96267.47295	0	0
neutron	939.56536	3.255178051	96267.47295	0	0
neutron	939.56536	2.751018474	96267.47295	0	0
alpha	3727.379	8.28359847	96267.47295	0	0
O16	14895.08153	6.997709997	96267.47295	0	0
neutron	939.56536	10.68361718	95903.26355	0	0
proton	938.272013	5.063614897	95903.26355	0	0
neutron	939.56536	0.3525051812	95903.26355	0	0
P32	29775.84838	0.5147383329	95903.26355	0	0
Na23	21409.21625	0.162056084	99836.27458	1444.585577	1444.350769
neutron	939.56536	1.173948014	96047.2034	0	0
S34	31632.70018	0.1739334693	96047.2034	0	0
Cl35	32564.60306	0.1406696408	97468.39055	541.1428342	540.997572
neutron	939.56536	32.06466578	96056.2508	0	0
neutron	939.56536	26.90805322	96056.2508	0	0
neutron	939.56536	0.2513722754	96056.2508	0	0
S34	31632.70018	0.2761396774	96056.2508	0	0
S37	34430.21755	0.1406698337	96063.88193	0	0
neutron	939.56536	0.4166692952	95978.73902	0	0
Ne22	20479.73746	0.2640383864	95978.73902	0	0
neutron	939.56536	2.258773968	95855.64359	0	0
S34	31632.70018	0.3113209515	95855.64359	0	0
neutron	939.56536	6.895942939	96117.92799	0	0
neutron	939.56536	5.449062405	96117.92799	0	0
neutron	939.56536	2.81744076	96117.92799	0	0
S32	29773.62828	0.06998400661	96117.92799	0	0
neutron	939.56536	0.2840259414	96113.63999	0	0
S34	31632.70018	0.1164388686	96113.63999	0	0
neutron	939.56536	1.682418135	96219.34984	0	0
S34	31632.70018	0.3588137379	96219.34984	0	0
neutron	939.56536	1.194025148	95851.32012	0	0
Ne22	20479.73746	0.0878050303	95851.32012	0	0
Cl37	34424.84314	0.1130681228	98957.52824	1118.895335	1118.56567
Na23	21409.21625	0.099282939	96226.7128	132.6336231	132.3862151
S35	32565.27968	0.1502774722	95986.70341	0	0
neutron	939.56536	3.453577938	95939.4649	0	0
neutron	939.56536	1.977176695	95939.4649	0	0
neutron	939.56536	1.422353319	95939.4649	0	0
S32	29773.62828	0.2038453035	95939.4649	0	0
neutron	939.56536	3.31723155	95976.46237	0	0
S34	31632.70018	0.181021408	95976.46237	0	0
neutron	939.56536	3.694465865	95966.85012	0	0
S34	31632.70018	0.4325838766	95966.85012	0	0
neutron	939.56536	0.1066979527	95939.79051	0	0
alpha	3727.379	8.521734111	95939.79051	0	0
O18	16762.02378	1.776578385	95939.79051	0	0
Na23	21409.21625	0.1010273221	99512.98317	1321.682391	1321.547542
S35	32565.27968	0.1577569986	95919.03988	0	0
neutron	939.56536	3.306398597	96049.28328	0	0
neutron	939.56536	2.927682001	96049.28328	0	0
proton	938.272013	2.433726335	96049.28328	0	0
proton	938.272013	2.392769756	96049.28328	0	0
neutron	939.56536	1.614892297	96049.28328	0	0
Si30	27913.24182	0.1355592836	96049.28328	0	0
neutron	939.56536	1.501183283	96021.68497	0	0
S34	31632.70018	0.05800543705	96021.68497	0	0
neutron	939.56536	4.896990028	96099.20295	0	0
Ne22	20479.73746	0.01050779262	96099.20295	0	0
Ne23	21414.10216	0.2132082961	96023.32827	0	0
neutron	939.56536	1.372630908	96115.97933	0	0
S34	31632.70018	0.09546832657	96115.97933	0	0
Ne23	21414.10216	0.2064244081	96153.7791	0	0
neutron	939.56536	4.453875119	96199.41461	0	0
S36	33494.9558	0.03959429228	96199.41461	0	0
neutron	939.56536	0.05942949619	96166.51229	0	0
Ne22	20479.73746	0.2185179709	96166.51229	0	0
neutron	939.56536	0.7769024681	96063.26549	0	0
S34	31632.70018	0.2615338244	96063.26549	0	0
proton	938.272013	8.294819496	95913.20943	0	0
neutron	939.56536	3.259209193	95913.20943	0	0
neutron	939.56536	2.203005028	95913.20943	0	0
neutron	939.56536	0.2566889005	95913.20943	0	0
P33	30705.30994	0.3290536395	95913.20943	0	0
neutron	939.56536	3.984342196	96160.82603	0	0
S34	31632.70018	0.316480187	96160.82603	0	0
Na23	21409.21625	0.322992198	96875.96282	380.6932491	379.9788746
S35	32565.27968	0.1559692285	95872.99273	0	0
neutron	939.56536	11.33635431	96010.35852	0	0
neutron	939.56536	3.374681602	96010.35852	0	0
neutron	939.56536	2.26837527	96010.35852	0	0
S32	29773.62828	0.1456432427	96010.35852	0	0
neutron	939.56536	0.3889689282	95858.76585	0	0
S34	31632.70018	0.1441483845	95858.76585	0	0
neutron	939.56536	0.812404045	95943.23506	0	0
S34	31632.70018	0.2050642264	95943.23506	0	0
S35	32565.27968	0.1588366458	95970.83734	0	0
neutron	939.56536	7.73488338	95924.73301	0	0
neutron	939.56536	1.259534079	95924.73301	0	0
alpha	3727.379	18.14177872	95924.73301	0	0
O17	15830.5038	2.078401514	95924.73301	0	0
neutron	939.56536	0.2893799778	95932.6409	0	0
Ne22	20479.73746	0.2258718264	95932.6409	0	0
neutron	939.56536	0.3068214561	96082.68383	0	0
S34	31632.70018	0.1508433459	96082.68383	0	0
neutron	939.56536	8.438224034	96239.84838	0	0
proton	938.272013	2.722053365	96239.84838	0	0
triton	2808.921	3.623904516	96239.84838	0	0
Si30	27913.24182	0.6323137907	96239.84838	0	0
Ne23	21414.10216	0.2128717402	95994.045	0	0
neutron	939.56536	1.665414729	95822.44253	0	0
S34	31632.70018	0.28491832	95822.44253	0	0
neutron	939.56536	40.98994676	96087.67167	0	0
S36	33494.9558	0.8390024293	96087.67167	0	0
neutron	939.56536	0.4976288682	96453.60235	0	0
S34	31632.70018	0.1785540719	96453.60235	0	0
neutron	939.56536	0.753643158	96044.4002	0	0
Ne22	20479.73746	0.1450139134	96044.4002	0	0
neutron	939.56536	4.388713841	96003.6642	0	0
S34	31632.70018	0.4052529909	96003.6642	0	0
S37	34430.21755	0.1285089799	95914.72364	0	0
proton	938.272013	42.35211749	95908.03045	0	0
neutron	939.56536	3.911396559	95908.03045	0	0
neutron	939.56536	2.323118171	95908.03045	0	0
F20	18625.26686	2.537947457	95908.03045	0	0
Cl37	34424.84314	0.09600503515	97048.463	395.8962216	395.6789829
neutron	939.56536	7.762253792	96096.76139	0	0
neutron	939.56536	4.180082672	96096.76139	0	0
neutron	939.56536	3.960665715	96096.76139	0	0
alpha	3727.379	6.678040394	96096.76139	0	0
O16	14895.08153	2.189556248	96096.76139	0	0
proton	938.272013	8.347310206	96047.15473	0	0
proton	938.272013	6.302748086	96047.15473	0	0
neutron	939.56536	5.99028704	96047.15473	0	0
neutron	939.56536	2.755587288	96047.15473	0	0
neutron	939.56536	1.791537564	96047.15473	0	0
Si30	27913.24182	0.683532867	96047.15473	0	0
Cl35	32564.60306	0.1418316269	96354.68456	180.5567573	180.3478187
neutron	939.56536	0.7695819637	95982.26941	0	0
S36	33494.9558	0.1142009325	95982.26941	0	0
Ne23	21414.10216	0.2313252501	96009.50595	0	0
S35	32565.27968	0.151486557	96336.1533	0	0
neutron	939.56536	5.760541762	96178.60471	0	0
neutron	939.56536	4.202075916	96178.60471	0	0
Ne21	19550.53637	1.275208512	96178.60471	0	0
neutron	939.56536	1.041311953	96029.86318	0	0
S34	31632.70018	0.2134502653	96029.86318	0	0
Cl35	32564.60306	0.1295930404	97949.94182	765.1798273	765.0403812
neutron	939.56536	2.544932616	95976.37604	0	0
S34	31632.70018	0.3744550436	95976.37604	0	0
Na23	21409.21625	0.1321453672	97151.74461	483.8814597	483.7158518
neutron	939.56536	1.091703458	95876.59411	0	0
S34	31632.70018	0.07443978098	95876.59411	0	0
proton	938.272013	9.741596781	95863.01578	0	0
neutron	939.56536	4.186813717	95863.01578	0	0
neutron	939.56536	2.4639526	95863.01578	0	0
neutron	939.56536	2.143492663	95863.01578	0	0
F19	17692.30285	0.6038748598	95863.01578	0	0
Ne23	21414.10216	0.226637088	95987.16379	0	0
proton	938.272013	17.54475976	95932.56528	0	0
neutron	939.56536	14.50845155	95932.56528	0	0
neutron	939.56536	5.981835294	95932.56528	0	0
neutron	939.56536	0.05496022955	95932.56528	0	0
P31	28844.21869	0.6594486527	95932.56528	0	0
neutron	939.56536	0.4824398992	95914.48812	0	0
S34	31632.70018	0.220450426	95914.48812	0	0
neutron	939.56536	3.826910655	96000.76751	0	0
neutron	939.56536	2.757156686	96000.76751	0	0
neutron	939.56536	1.465802239	96000.76751	0	0
S34	31632.70018	0.02538804846	96000.76751	0	0
neutron	939.56536	22.0038653	95977.44698	0	0
neutron	939.56536	5.980864864	95977.44698	0	0
neutron	939.56536	3.550440473	95977.44698	0	0
neutron	939.56536	2.132721419	95977.44698	0	0
neutron	939.56536	2.101864219	95977.44698	0	0
S32	29773.62828	0.2183489544	95977.44698	0	0
Cl35	32564.60306	0.1738944574	97387.15606	506.9598202	506.2204378
neutron	939.56536	2.780586012	96104.8045	0	0
neutron	939.56536	2.106673121	96104.8045	0	0
neutron	939.56536	1.352572631	96104.8045	0	0
alpha	3727.379	4.345132844	96104.8045	0	0
O16	14895.08153	0.6768594988	96104.8045	0	0
neutron	939.56536	22.49831625	95923.68868	0	0
neutron	939.56536	6.458381773	95923.68868	0	0
neutron	939.56536	1.637681725	95923.68868	0	0
S34	31632.70018	0.9777090636	95923.68868	0	0
Cl37	34424.84314	0.1965043919	99343.7925	1289.219717	1288.755931
neutron	939.56536	0.9564506145	95887.32907	0	0
neutron	939.56536	0.6313387922	95887.32907	0	0
Ne21	19550.53637	0.4673499033	95887.32907	0	0
Ne23	21414.10216	0.2324775663	95880.67151	0	0
S35	32565.27968	0.1542283707	95869.85237	0	0
neutron	939.56536	2.308908676	95978.31191	0	0
S34	31632.70018	0.04976262123	95978.31191	0	0
S35	32565.27968	0.1592415558	96149.34434	0	0
proton	938.272013	13.25529218	96118.48622	0	0
neutron	939.56536	8.016037611	96118.48622	0	0
F21	19556.73074	0.5466038201	96118.48622	0	0
proton	938.272013	28.45967362	96134.27618	0	0
F22	20491.06576	0.8544633817	96134.27618	0	0
Na23	21409.21625	0.835816124	99020.81013	1110.11615	1109.154593
proton	938.272013	33.97962627	96331.33588	0	0
proton	938.272013	3.745679756	96331.33588	0	0
Si33	30711.64254	0.6191961484	96331.33588	0	0
S37	34430.21755	0.1400728852	95998.26463	0	0
Cl35	32564.60306	0.2120929811	96462.89406	217.5783663	217.3449775
neutron	939.56536	2.281884212	96000.41492	0	0
neutron	939.56536	1.811262667	96000.41492	0	0
Ne21	19550.53637	0.5174435229	96000.41492	0	0
neutron	939.56536	2.419404158	96314.37646	0	0
S34	31632.70018	0.1986729676	96314.37646	0	0
S35	32565.27968	0.1491525121	96148.99467	0	0
Na23	21409.21625	0.1644943112	97581.07973	580.5425043	580.3004907
neutron	939.56536	1.133088702	96084.94698	0	0
Ne22	20479.73746	0.4130016446	96084.94698	0	0
neutron	939.56536	0.4885421965	96120.63025	0	0
S34	31632.70018	0.119225969	96120.63025	0	0
neutron	939.56536	0.9998703738	95980.87478	0	0
S34	31632.70018	0.1049915553	95980.87478	0	0
neutron	939.56536	3.002792647	96221.59154	0	0
neutron	939.56536	2.892449149	96221.59154	0	0
neutron	939.56536	1.745820207	96221.59154	0	0
Ne20	18617.73218	0.03854617192	96221.59154	0	0
neutron	939.56536	13.87281078	96040.63928	0	0
neutron	939.56536	8.265375352	96040.63928	0	0
neutron	939.56536	1.179104523	96040.63928	0	0
S32	29773.62828	0.2936565662	96040.63928	0	0
Cl37	34424.84314	0.3065343661	98527.9198	939.1122638	938.7258986
neutron	939.56536	5.90363018	96116.74282	0	0
neutron	939.56536	1.683782466	96116.74282	0	0
S35	32565.27968	0.497033056	96116.74282	0	0
Cl37	34424.84314	0.2928322503	98826.43097	1100.004245	1099.518146
neutron	939.56536	16.16126446	96040.39481	0	0
neutron	939.56536	1.814523921	96040.39481	0	0
neutron	939.56536	0.471055657	96040.39481	0	0
S32	29773.62828	0.1461857793	96040.39481	0	0
Cl35	32564.60306	0.08083306201	98423.05005	910.3179562	910.1645755
neutron	939.56536	1.429581522	96154.2736	0	0
S34	31632.70018	0.1623284127	96154.2736	0	0
neutron	939.56536	5.31125239	96100.24755	0	0
neutron	939.56536	2.012703147	96100.24755	0	0
S33	30704.55199	0.0489156336	96100.24755	0	0
Cl35	32564.60306	0.06616829549	99229.38505	1220.363014	1219.918793
proton	938.272013	13.95502002	95937.5012	0	0
neutron	939.56536	8.303591811	95937.5012	0	0
neutron	939.56536	5.183756898	95937.5012	0	0
neutron	939.56536	4.451858209	95937.5012	0	0
proton	938.272013	2.809802216	95937.5012	0	0
Si30	27913.24182	0.1173042245	95937.5012	0	0
neutron	939.56536	0.8075859365	96005.74996	0	0
S34	31632.70018	0.07786170838	96005.74996	0	0
neutron	939.56536	0.4830926666	95897.30323	0	0
S34	31632.70018	0.1731097052	95897.30323	0	0
neutron	939.56536	0.4463367563	96085.95602	0	0
S34	31632.70018	0.2383562703	96085.95602	0	0
Na23	21409.21625	0.1119843371	96924.75144	423.386639	423.1274252
neutron	939.56536	1.048943695	95974.09172	0	0
S34	31632.70018	0.2245550823	95974.09172	0	0
neutron	939.56536	23.21252516	96074.70683	0	0
proton	938.272013	21.68361424	96074.70683	0	0
F21	19556.73074	1.483206967	96074.70683	0	0
Cl37	34424.84314	0.1361723006	97206.74875	355.3474097	355.1861025
Cl35	32564.60306	0.1773514128	97062.28002	304.3875202	304.144548
proton	938.272013	21.43221762	96417.16836	0	0
P34	31638.59261	0.3355352958	96417.16836	0	0
Cl37	34424.84314	0.07012919025	97657.26066	607.3057462	607.0968217
Ne23	21414.10216	0.2244415415	96016.05973	0	0
Cl37	34424.84314	0.08475210228	97426.49243	474.5255826	474.3264968
neutron	939.56536	2.428325728	96214.3528	0	0
S34	31632.70018	0.3001947178	96214.3528	0	0
Na23	21409.21625	0.3803185103	99746.89753	1385.372569	1384.976444
S37	34430.21755	0.1450073384	95834.60994	0	0
proton	938.272013	33.31431384	96018.36394	0	0
deuteron	1875.613	5.277870849	96018.36394	0	0
O20	18629.59082	1.032507736	96018.36394	0	0
neutron	939.56536	0.930838512	95967.65543	0	0
S34	31632.70018	0.1483728035	95967.65543	0	0
S35	32565.27968	0.137219975	96080.87323	0	0
proton	938.272013	21.11532393	96023.68464	0	0
neutron	939.56536	4.883817175	96023.68464	0	0
neutron	939.56536	1.539184711	96023.68464	0	0
neutron	939.56536	0.3265614385	96023.68464	0	0
P31	28844.21869	0.2468726664	96023.68464	0	0
Cl35	32564.60306	0.1701072343	98053.44128	789.2252781	789.0305839
proton	938.272013	44.30266093	96022.31695	0	0
neutron	939.56536	26.35954289	96022.31695	0	0
P35	32569.77755	0.2547659551	96022.31695	0	0
neutron	939.56536	2.80992199	95938.07173	0	0
neutron	939.56536	1.927097456	95938.07173	0	0
Ne21	19550.53637	0.08795643535	95938.07173	0	0
neutron	939.56536	10.36975784	96018.27072	0	0
neutron	939.56536	10.20022718	96018.27072	0	0
neutron	939.56536	4.951780059	96018.27072	0	0
proton	938.272013	4.054403245	96018.27072	0	0
neutron	939.56536	1.545011424	96018.27072	0	0
neutron	939.56536	0.3554940688	96018.27072	0	0
P31	28844.21869	0.991270898	96018.27072	0	0
neutron	939.56536	1.375566127	95964.94784	0	0
S34	31632.70018	0.3045993074	95964.94784	0	0
Na23	21409.21625	0.1241240792	98686.0829	1012.422883	1012.259713
S35	32565.27968	0.1586879927	96043.47453	0	0
proton	938.272013	22.15034752	96029.23711	0	0
neutron	939.56536	2.057481168	96029.23711	0	0
neutron	939.56536	0.9876326661	96029.23711	0	0
P32	29775.84838	0.6362818962	96029.23711	0	0
neutron	939.56536	4.966127158	95933.36497	0	0
neutron	939.56536	4.639429384	95933.36497	0	0
neutron	939.56536	3.504854799	95933.36497	0	0
Ne20	18617.73218	0.4846706307	95933.36497	0	0
neutron	939.56536	0.09078085703	96060.91043	0	0
S34	31632.70018	0.144928476	96060.91043	0	0
neutron	939.56536	2.361191677	95962.51279	0	0
Ne22	20479.73746	0.07428035689	95962.51279	0	0
Cl35	32564.60306	0.1547288276	97434.26459	446.7365205	446.486658
S35	32565.27968	0.1492533465	96294.04532	0	0
Cl35	32564.60306	0.06641101851	98022.07711	772.206584	772.0578385
Na23	21409.21625	0.1414979534	97007.98078	382.4868019	382.1606505
neutron	939.56536	21.62849075	96070.6619	0	0
neutron	939.56536	5.035151492	96070.6619	0	0
neutron	939.56536	2.396500893	96070.6619	0	0
S32	29773.62828	0.3506325318	96070.6619	0	0
neutron	939.56536	0.5005739923	95858.92084	0	0
Ne22	20479.73746	0.3059805715	95858.92084	0	0
Ne23	21414.10216	0.2323363282	95945.07319	0	0
proton	938.272013	20.19980038	96254.85307	0	0
neutron	939.56536	1.025194622	96254.85307	0	0
P33	30705.30994	0.6905900464	96254.85307	0	0
S35	32565.27968	0.1336572557	95919.67751	0	0
neutron	939.56536	0.2053550738	95954.59122	0	0
S34	31632.70018	0.1853139016	95954.59122	0	0
Cl35	32564.60306	0.0729979008	98817.8443	1037.30072	1037.162535
neutron	939.56536	1.299034429	96009.91841	0	0
S34	31632.70018	0.2294406872	96009.91841	0	0
neutron	939.56536	5.844106794	95865.21591	0	0
neutron	939.56536	4.984820613	95865.21591	0	0
neutron	939.56536	2.383141694	95865.21591	0	0
alpha	3727.379	7.49569616	95865.21591	0	0
O16	14895.08153	1.087102799	95865.21591	0	0
neutron	939.56536	15.53920074	96080.07628	0	0
neutron	939.56536	4.378439354	96080.07628	0	0
Ne21	19550.53637	1.19769979	96080.07628	0	0
neutron	939.56536	0.3262494679	96143.71797	0	0
S34	31632.70018	0.1566921151	96143.71797	0	0
neutron	939.56536	1.537828239	96097.34527	0	0
S34	31632.70018	0.08072000974	96097.34527	0	0
Ne23	21414.10216	0.2310570524	96031.36353	0	0
neutron	939.56536	18.46472915	96129.17713	0	0
neutron	939.56536	0.3518784017	96129.17713	0	0
neutron	939.56536	0.3283025464	96129.17713	0	0
S32	29773.62828	1.302332024	96129.17713	0	0
neutron	939.56536	2.437968154	96424.97458	0	0
Ne22	20479.73746	0.1483987397	96424.97458	0	0
Cl37	34424.84314	0.1021363024	97954.34293	732.2834669	731.9261252
neutron	939.56536	0.2700566582	96114.54528	0	0
Ne22	20479.73746	0.1992191444	96114.54528	0	0
Cl35	32564.60306	0.1030945258	99493.34061	1251.852466	1251.484994
neutron	939.56536	5.533100372	96154.30006	0	0
neutron	939.56536	4.782307639	96154.30006	0	0
neutron	939.56536	3.922827765	96154.30006	0	0
S34	31632.70018	0.3691078394	96154.30006	0	0
Ne23	21414.10216	0.2238728914	96013.65461	0	0
neutron	939.56536	37.97057382	95760.47006	0	0
neutron	939.56536	0.3409666964	95760.47006	0	0
alpha	3727.379	9.186893609	95760.47006	0	0
Si29	26984.28567	0.3809997886	95760.47006	0	0
Cl37	34424.84314	0.0726684556	98562.60526	999.8907631	999.7482473
S37	34430.21755	0.1336473072	95833.89288	0	0
Ne23	21414.10216	0.2267977774	96063.72585	0	0
neutron	939.56536	12.37714842	96568.82036	0	0
neutron	939.56536	9.366767539	96568.82036	0	0
neutron	939.56536	1.41381891	96568.82036	0	0
Ne20	18617.73218	1.581043824	96568.82036	0	0
Na23	21409.21625	0.1147098528	97744.37668	693.3707289	693.2180569
neutron	939.56536	0.8051787493	95936.83493	0	0
neutron	939.56536	0.3178631074	95936.83493	0	0
S33	30704.55199	0.1320390921	95936.83493	0	0
neutron	939.56536	0.9941491028	96043.04347	0	0
S34	31632.70018	0.2296125928	96043.04347	0	0
Cl35	32564.60306	0.09465665096	98195.85863	761.5850323	761.3884922
Ne23	21414.10216	0.2173031725	95807.86219	0	0
neutron	939.56536	3.809209544	95962.21556	0	0
Ne22	20479.73746	0.3348632571	95962.21556	0	0
Na23	21409.21625	0.1905229596	99758.83639	1400.869767	1400.520915
neutron	939.56536	1.978849867	95877.10874	0	0
Ne22	20479.73746	0.2502666977	95877.10874	0	0
Na23	21409.21625	0.129733445	98032.30284	783.7290685	783.5911968
Ne23	21414.10216	0.2299714171	95954.1349	0	0
S37	34430.21755	0.1406202401	95888.09809	0	0
Cl37	34424.84314	0.09678924418	97733.11379	674.6886231	674.0391079
neutron	939.56536	2.19698391	95926.27431	0	0
neutron	939.56536	1.910577159	95926.27431	0	0
neutron	939.56536	0.7537685369	95926.27431	0	0
alpha	3727.379	7.662441243	95926.27431	0	0
Si28	26053.19393	0.9560695508	95926.27431	0	0
neutron	939.56536	14.31025034	96147.95805	0	0
neutron	939.56536	5.432699831	96147.95805	0	0
neutron	939.56536	3.756118096	96147.95805	0	0
alpha	3727.379	5.16554953	96147.95805	0	0
O16	14895.08153	0.6919600328	96147.95805	0	0
proton	938.272013	4.553317372	95946.20568	0	0
neutron	939.56536	3.019341081	95946.20568	0	0
neutron	939.56536	1.408713514	95946.20568	0	0
F20	18625.26686	0.1696070231	95946.20568	0	0
S35	32565.27968	0.1525365123	96071.07398	0	0
Cl35	32564.60306	0.1013404419	97699.20964	662.8856834	662.3074931
neutron	939.56536	32.50402858	95776.3055	0	0
neutron	939.56536	2.657219337	95776.3055	0	0
proton	938.272013	2.54807503	95776.3055	0	0
neutron	939.56536	0.698591374	95776.3055	0	0
P31	28844.21869	1.155538158	95776.3055	0	0
neutron	939.56536	17.76464652	95964.83283	0	0
neutron	939.56536	11.38244227	95964.83283	0	0
neutron	939.56536	3.306442986	95964.83283	0	0
alpha	3727.379	7.307354852	95964.83283	0	0
O16	14895.08153	2.115952966	95964.83283	0	0
Na23	21409.21625	0.1897979741	99126.77129	1116.628198	1115.975061
Ne23	21414.10216	0.211227631	96175.89777	0	0
Cl35	32564.60306	0.07832925661	96469.81556	149.6273442	149.518155
S37	34430.21755	0.1381116076	95751.64892	0	0
Cl35	32564.60306	0.09824746753	96973.67118	390.0364239	389.822561
neutron	939.56536	0.2981442929	96080.4493	0	0
Ne22	20479.73746	0.2868469613	96080.4493	0	0
neutron	939.56536	8.961581623	96150.83282	0	0
neutron	939.56536	8.40603573	96150.83282	0	0
neutron	939.56536	3.609441562	96150.83282	0	0
neutron	939.56536	1.323041968	96150.83282	0	0
neutron	939.56536	0.6323741448	96150.83282	0	0
S32	29773.62828	0.1011420614	96150.83282	0	0
neutron	939.56536	8.072563079	96445.34438	0	0
neutron	939.56536	3.2168503	96445.34438	0	0
neutron	939.56536	3.087263508	96445.34438	0	0
neutron	939.56536	0.4855863319	96445.34438	0	0
S33	30704.55199	0.1979372944	96445.34438	0	0
neutron	939.56536	9.043689382	95917.65763	0	0
neutron	939.56536	3.921970632	95917.65763	0	0
S33	30704.55199	0.1152628117	95917.65763	0	0
proton	938.272013	25.23223098	96124.28334	0	0
neutron	939.56536	0.8910927503	96124.28334	0	0
neutron	939.56536	0.6611470752	96124.28334	0	0
P34	31638.59261	0.9093863259	96124.28334	0	0
Ne23	21414.10216	0.2310299144	96048.64835	0	0
S37	34430.21755	0.1422960827	95965.33557	0	0
Na23	21409.21625	0.111421503	98103.75996	787.5748875	787.4057215
Cl35	32564.60306	0.1826009305	97767.11304	701.6766186	701.2363965
neutron	939.56536	2.298281836	95990.74102	0	0
S34	31632.70018	0.32052737	95990.74102	0	0
neutron	939.56536	17.46842559	96221.55511	0	0
neutron	939.56536	4.519527741	96221.55511	0	0
neutron	939.56536	2.904880763	96221.55511	0	0
S32	29773.62828	0.3099030121	96221.55511	0	0
Ne23	21414.10216	0.2095958716	95910.0935	0	0
proton	938.272013	18.98529403	95942.90232	0	0
neutron	939.56536	2.105130361	95942.90232	0	0
triton	2808.921	16.10139742	95942.90232	0	0
O18	16762.02378	3.485716977	95942.90232	0	0
proton	938.272013	10.63849678	96107.26107	0	0
neutron	939.56536	4.907885726	96107.26107	0	0
proton	938.272013	2.562984295	96107.26107	0	0
Si32	29776.58515	0.1511752721	96107.26107	0	0
S35	32565.27968	0.1670236839	96141.43355	0	0
proton	938.272013	5.462203799	96012.30965	0	0
neutron	939.56536	2.755206843	96012.30965	0	0
neutron	939.56536	2.163598213	96012.30965	0	0
P34	31638.59261	0.5430030311	96012.30965	0	0
Na23	21409.21625	0.1552160638	98704.14778	963.2490679	963.0675978
neutron	939.56536	0.1551709366	96110.98103	0	0
S34	31632.70018	0.1333193128	96110.98103	0	0
Ne23	21414.10216	0.2174535588	96102.97936	0	0
S35	32565.27968	0.1465744029	96201.07345	0	0
Ne23	21414.10216	0.2297038689	95894.28668	0	0
neutron	939.56536	0.5162634205	95969.36341	0	0
S34	31632.70018	0.1762688434	95969.36341	0	0
Na23	21409.21625	0.2824511811	99184.87769	1201.043509	1200.527576
Ne23	21414.10216	0.2187311911	96020.08884	0	0
neutron	939.56536	0.2011290054	96082.76206	0	0
S34	31632.70018	0.1269373341	96082.76206	0	0
Ne23	21414.10216	0.2252784217	96269.63058	0	0
neutron	939.56536	9.552906347	96090.81004	0	0
neutron	939.56536	2.609807036	96090.81004	0	0
neutron	939.56536	1.197644869	96090.81004	0	0
neutron	939.56536	0.4082859514	96090.81004	0	0
alpha	3727.379	8.671482075	96090.81004	0	0
Si29	26984.28567	1.134440412	96090.81004	0	0
neutron	939.56536	2.125259379	95942.20435	0	0
deuteron	1875.613	3.465574833	95942.20435	0	0
F20	18625.26686	0.2123598194	95942.20435	0	0
neutron	939.56536	1.4763459	96043.90913	0	0
S34	31632.70018	0.09309158957	96043.90913	0	0
neutron	939.56536	39.38880261	96019.04695	0	0
neutron	939.56536	3.215088696	96019.04695	0	0
neutron	939.56536	0.6372023902	96019.04695	0	0
S34	31632.70018	1.319758937	96019.04695	0	0
neutron	939.56536	60.84423186	96195.76932	0	0
proton	938.272013	5.286568141	96195.76932	0	0
neutron	939.56536	0.2638061293	96195.76932	0	0
P32	29775.84838	2.178033288	96195.76932	0	0
neutron	939.56536	4.765220607	96144.84096	0	0
neutron	939.56536	1.61460732	96144.84096	0	0
neutron	939.56536	0.8061942458	96144.84096	0	0
alpha	3727.379	8.27683248	96144.84096	0	0
O16	14895.08153	1.87792134	96144.84096	0	0
neutron	939.56536	1.70081804	96126.30384	0	0
S34	31632.70018	0.1730835493	96126.30384	0	0
S35	32565.27968	0.1386316838	95890.6374	0	0
neutron	939.56536	0.5859813932	95766.13063	0	0
Ne22	20479.73746	0.3022753838	95766.13063	0	0
neutron	939.56536	1.121082791	96025.53949	0	0
S34	31632.70018	0.1554345566	96025.53949	0	0
neutron	939.56536	7.787431771	96096.58864	0	0
neutron	939.56536	2.759270526	96096.58864	0	0
neutron	939.56536	0.2495659603	96096.58864	0	0
S34	31632.70018	0.5851248163	96096.58864	0	0
Na23	21409.21625	0.1209949676	99246.94057	1244.052582	1243.689352
neutron	939.56536	14.48664398	96135.6941	0	0
neutron	939.56536	2.659914083	96135.6941	0	0
neutron	939.56536	1.437767062	96135.6941	0	0
S32	29773.62828	1.019893955	96135.6941	0	0
Cl37	34424.84314	0.3083858272	99214.88469	1093.949975	1093.301197
Na23	21409.21625	0.1150278738	96762.60865	236.213347	235.9937735
neutron	939.56536	11.87119379	96240.54556	0	0
proton	938.272013	3.80353005	96240.54556	0	0
neutron	939.56536	1.282441099	96240.54556	0	0
neutron	939.56536	0.338816254	96240.54556	0	0
P31	28844.21869	0.06801109304	96240.54556	0	0
Na23	21409.21625	0.1131289363	99629.53937	1355.976847	1355.525501
Cl35	32564.60306	0.3088199153	96812.888	316.0709239	315.6999875
neutron	939.56536	5.847108756	95962.71683	0	0
neutron	939.56536	1.212580891	95962.71683	0	0
S33	30704.55199	0.5192243765	95962.71683	0	0
Cl35	32564.60306	0.0957078063	96828.10643	270.4184644	270.306817
Cl35	32564.60306	0.1300984584	99290.35975	1249.752016	1249.569158
Cl37	34424.84314	0.9846006536	96719.74149	348.0190133	346.943665
neutron	939.56536	0.5077460566	95997.99436	0	0
Ne22	20479.73746	0.3172755602	95997.99436	0	0
Cl35	32564.60306	0.1347208188	97358.48988	451.7242934	451.3021497
S35	32565.27968	0.134000973	96251.40412	0	0
Na23	21409.21625	0.2810283695	97241.42541	494.8914244	494.4463721
neutron	939.56536	6.038167548	95959.91605	0	0
proton	938.272013	3.218143959	95959.91605	0	0
neutron	939.56536	0.6029711537	95959.91605	0	0
neutron	939.56536	0.5250769048	95959.91605	0	0
P33	30705.30994	0.3419647994	95959.91605	0	0
Cl37	34424.84314	0.08774170841	97196.69437	467.1967573	466.9533616
Cl35	32564.60306	0.1837981414	99052.5722	1142.073475	1141.848169
neutron	939.56536	27.46607826	95920.20536	0	0
proton	938.272013	10.14785462	95920.20536	0	0
F21	19556.73074	0.6092720097	95920.20536	0	0
neutron	939.56536	1.55974721	95926.67946	0	0
Ne22	20479.73746	0.0993491383	95926.67946	0	0
Cl35	32564.60306	0.08111138846	98754.38413	918.4509098	917.9446897
neutron	939.56536	1.637131537	96361.26631	0	0
S34	31632.70018	0.1771288571	96361.26631	0	0
neutron	939.56536	0.1897533752	96035.63402	0	0
S34	31632.70018	0.1766565382	96035.63402	0	0
neutron	939.56536	0.8471632694	95991.50689	0	0
S34	31632.70018	0.1746680896	95991.50689	0	0
Na23	21409.21625	0.1216363459	96246.81999	95.00381645	94.78907432
neutron	939.56536	1.242443312	96185.98066	0	0
S36	33494.9558	0.1312238757	96185.98066	0	0
neutron	939.56536	1.492068076	96032.97263	0	0
S34	31632.70018	0.2621290481	96032.97263	0	0
S37	34430.21755	0.1390854633	95991.66107	0	0
neutron	939.56536	1.571676304	96262.17834	0	0
S34	31632.70018	0.08646534328	96262.17834	0	0
Cl35	32564.60306	0.8162132655	97326.38496	423.4056	422.5173005
neutron	939.56536	5.263504196	96349.48082	0	0
Ne22	20479.73746	0.656238787	96349.48082	0	0
neutron	939.56536	1.597122711	95974.66415	0	0
neutron	939.56536	0.6872274084	95974.66415	0	0
neutron	939.56536	0.6474794786	95974.66415	0	0
S34	31632.70018	0.03452129597	95974.66415	0	0
neutron	939.56536	2.389316344	96067.1272	0	0
S34	31632.70018	0.03104388104	96067.1272	0	0
neutron	939.56536	5.603731205	96181.31228	0	0
Ne22	20479.73746	0.09571221679	96181.31228	0	0
Na23	21409.21625	0.1062140491	97656.19394	675.9934034	675.7794567
neutron	939.56536	3.110763684	95811.77618	0	0
S34	31632.70018	0.04269904246	95811.77618	0	0
neutron	939.56536	7.339742046	96047.38677	0	0
proton	938.272013	3.335252504	96047.38677	0	0
neutron	939.56536	3.048891622	96047.38677	0	0
neutron	939.56536	2.714949453	96047.38677	0	0
proton	938.272013	2.637190167	96047.38677	0	0
Si30	27913.24182	0.7137198377	96047.38677	0	0
neutron	939.56536	0.3870669751	96300.5491	0	0
S34	31632.70018	0.198170822	96300.5491	0	0
S37	34430.21755	0.1419630161	95846.25679	0	0
Ne23	21414.10216	0.216475983	96104.57918	0	0
neutron	939.56536	1.463690448	95963.75696	0	0
S34	31632.70018	0.0850390936	95963.75696	0	0
neutron	939.56536	8.564636324	96069.8113	0	0
neutron	939.56536	6.635775446	96069.8113	0	0
neutron	939.56536	1.417499778	96069.8113	0	0
S32	29773.62828	0.376878357	96069.8113	0	0
S35	32565.27968	0.1593724356	95814.75279	0	0
neutron	939.56536	0.7155845576	96077.64736	0	0
S34	31632.70018	0.2810394136	96077.64736	0	0
neutron	939.56536	0.1436032574	96149.9234	0	0
S36	33494.9558	0.1721004739	96149.9234	0	0
neutron	939.56536	11.96263329	95821.30277	0	0
neutron	939.56536	8.215634956	95821.30277	0	0
proton	938.272013	6.230395116	95821.30277	0	0
neutron	939.56536	1.201608791	95821.30277	0	0
F19	17692.30285	0.3049232888	95821.30277	0	0
neutron	939.56536	25.15674336	96075.04142	0	0
neutron	939.56536	7.920587318	96075.04142	0	0
neutron	939.56536	1.380835658	96075.04142	0	0
alpha	3727.379	13.2083054	96075.04142	0	0
O16	14895.08153	1.71166396	96075.04142	0	0
S35	32565.27968	0.1523896778	96072.28162	0	0
Cl37	34424.84314	0.09794306139	98836.65738	1085.456433	1085.3057
neutron	939.56536	6.76379271	96112.67822	0	0
neutron	939.56536	6.351666064	96112.67822	0	0
neutron	939.56536	0.9817420164	96112.67822	0	0
alpha	3727.379	4.886159042	96112.67822	0	0
O16	14895.08153	2.760007695	96112.67822	0	0
Cl37	34424.84314	0.1131094866	97679.25697	599.917624	599.7715277
S37	34430.21755	0.1338657373	96192.83039	0	0
S35	32565.27968	0.1469709537	96182.5675	0	0
neutron	939.56536	0.2408612305	96030.20944	0	0
Ne22	20479.73746	0.2298384246	96030.20944	0	0
S35	32565.27968	0.1650395853	96010.11486	0	0
neutron	939.56536	1.680734937	96402.48096	0	0
S34	31632.70018	0.1466096617	96402.48096	0	0
proton	938.272013	8.653697597	95864.3768	0	0
proton	938.272013	5.715150438	95864.3768	0	0
neutron	939.56536	0.9166740274	95864.3768	0	0
Si32	29776.58515	0.357949063	95864.3768	0	0
Cl35	32564.60306	0.4159131326	97779.17718	646.2929133	645.7935207
neutron	939.56536	1.081172928	96109.40407	0	0
S34	31632.70018	0.2746340419	96109.40407	0	0
Ne23	21414.10216	0.2144313372	95981.06993	0	0
Ne23	21414.10216	0.2323737803	95782.02003	0	0
neutron	939.56536	4.949734351	96197.84764	0	0
neutron	939.56536	0.99104022	96197.84764	0	0
S33	30704.55199	0.2370560969	96197.84764	0	0
Ne23	21414.10216	0.220179041	95922.08198	0	0
proton	938.272013	9.695675294	95874.65024	0	0
neutron	939.56536	0.1124933179	95874.65024	0	0
P33	30705.30994	0.4182708909	95874.65024	0	0
proton	938.272013	7.854042869	96131.48699	0	0
neutron	939.56536	3.219998694	96131.48699	0	0
alpha	3727.379	22.66187103	96131.48699	0	0
triton	2808.921	5.914753736	96131.48699	0	0
C14	13040.87134	2.773571281	96131.48699	0	0
neutron	939.56536	0.3113508096	96121.07744	0	0
S36	33494.9558	0.1176304655	96121.07744	0	0
S35	32565.27968	0.1517869805	96174.24698	0	0
S35	32565.27968	0.1316246362	96049.66858	0	0
S37	34430.21755	0.1400998542	96046.02548	0	0
Ne23	21414.10216	0.2108603111	96269.97855	0	0
proton	938.272013	31.32753121	95904.83103	0	0
neutron	939.56536	16.38049113	95904.83103	0	0
neutron	939.56536	2.284291263	95904.83103	0	0
neutron	939.56536	0.6055135924	95904.83103	0	0
P33	30705.30994	0.364019548	95904.83103	0	0
neutron	939.56536	6.022880408	96017.73652	0	0
neutron	939.56536	4.619991896	96017.73652	0	0
neutron	939.56536	0.8146975037	96017.73652	0	0
S34	31632.70018	0.4955373132	96017.73652	0	0
neutron	939.56536	9.249011612	96442.51515	0	0
neutron	939.56536	3.688565618	96442.51515	0	0
neutron	939.56536	2.797868004	96442.51515	0	0
alpha	3727.379	6.269417564	96442.51515	0	0
O16	14895.08153	1.852483158	96442.51515	0	0
neutron	939.56536	9.03927513	95846.9659	0	0
neutron	939.56536	4.852781024	95846.9659	0	0
neutron	939.56536	3.01857112	95846.9659	0	0
alpha	3727.379	4.05905105	95846.9659	0	0
O16	14895.08153	1.463344045	95846.9659	0	0
Ne23	21414.10216	0.2261683189	95915.78201	0	0
Cl35	32564.60306	0.09186553359	97165.09866	416.7959985	416.3142376
S35	32565.27968	0.1431092319	96003.61555	0	0
proton	938.272013	2.942473912	95969.91168	0	0
neutron	939.56536	2.428517224	95969.91168	0	0
neutron	939.56536	1.1703138	95969.91168	0	0
neutron	939.56536	0.6641794301	95969.91168	0	0
P31	28844.21869	0.08049982224	95969.91168	0	0
Ne23	21414.10216	0.2350636555	95883.1991	0	0
neutron	939.56536	1.878040823	95962.7559	0	0
S36	33494.9558	0.2112585166	95962.7559	0	0
neutron	939.56536	0.3602129373	96075.38485	0	0
S36	33494.9558	0.1560293799	96075.38485	0	0
neutron	939.56536	10.7936636	95863.44079	0	0
proton	938.272013	4.161058207	95863.44079	0	0
proton	938.272013	3.162556996	95863.44079	0	0
neutron	939.56536	1.797541521	95863.44079	0	0
neutron	939.56536	1.514020774	95863.44079	0	0
Si30	27913.24182	0.2975672422	95863.44079	0	0
Na23	21409.21625	0.5697323159	99743.43098	1402.821262	1402.175525
Cl37	34424.84314	0.1582740536	98445.2824	900.6259401	900.2145055
neutron	939.56536	14.29020404	95912.3629	0	0
proton	938.272013	11.40098016	95912.3629	0	0
proton	938.272013	6.089876708	95912.3629	0	0
neutron	939.56536	3.069035588	95912.3629	0	0
neutron	939.56536	1.699605729	95912.3629	0	0
neutron	939.56536	1.082562968	95912.3629	0	0
Si29	26984.28567	0.7458451373	95912.3629	0	0
neutron	939.56536	0.3878654566	95966.33984	0	0
S34	31632.70018	0.08358919654	95966.33984	0	0
neutron	939.56536	2.5355465	96283.00501	0	0
Ne22	20479.73746	0.5955712614	96283.00501	0	0
neutron	939.56536	1.22208614	96315.22142	0	0
S34	31632.70018	0.06587924679	96315.22142	0	0
Cl35	32564.60306	0.1355587807	96556.55594	163.4070873	163.1409151
neutron	939.56536	11.63876786	96254.09565	0	0
neutron	939.56536	7.71681928	96254.09565	0	0
neutron	939.56536	5.888076717	96254.09565	0	0
alpha	3727.379	6.643350474	96254.09565	0	0
O16	14895.08153	3.12285362	96254.09565	0	0
neutron	939.56536	16.66436379	95969.24539	0	0
proton	938.272013	3.755378251	95969.24539	0	0
neutron	939.56536	0.9281155423	95969.24539	0	0
P32	29775.84838	1.389074778	95969.24539	0	0
neutron	939.56536	2.170658906	95975.70023	0	0
S36	33494.9558	0.06098128647	95975.70023	0	0
neutron	939.56536	23.50421931	95878.15895	0	0
neutron	939.56536	18.01233684	95878.15895	0	0
proton	938.272013	10.12564943	95878.15895	0	0
neutron	939.56536	0.2634490841	95878.15895	0	0
P31	28844.21869	0.910479417	95878.15895	0	0
proton	938.272013	5.36144841	95965.06164	0	0
neutron	939.56536	5.086421568	95965.06164	0	0
neutron	939.56536	1.50014226	95965.06164	0	0
neutron	939.56536	1.053405552	95965.06164	0	0
P31	28844.21869	0.1167334162	95965.06164	0	0
neutron	939.56536	0.07621907166	95825.39561	0	0
S34	31632.70018	0.1210887498	95825.39561	0	0
Na23	21409.21625	0.2713634232	99105.74621	1174.361781	1173.960624
neutron	939.56536	13.16090679	96068.99345	0	0
neutron	939.56536	2.800371012	96068.99345	0	0
alpha	3727.379	6.413644607	96068.99345	0	0
alpha	3727.379	9.319709729	96068.99345	0	0
C13	12109.48242	1.022948468	96068.99345	0	0
neutron	939.56536	1.690789596	95972.85178	0	0
Ne22	20479.73746	0.05005785935	95972.85178	0	0
Cl37	34424.84314	0.06123362553	97056.98169	416.8500054	416.6956804
neutron	939.56536	1.277248964	95929.33955	0	0
S36	33494.9558	0.186921748	95929.33955	0	0
S37	34430.21755	0.1385550787	96023.16573	0	0
neutron	939.56536	1.07506074	95945.83853	0	0
Ne22	20479.73746	0.1609420168	95945.83853	0	0
Ne23	21414.10216	0.2109293537	96130.04662	0	0
neutron	939.56536	26.77179426	96070.71766	0	0
proton	938.272013	10.32600122	96070.71766	0	0
neutron	939.56536	1.332797483	96070.71766	0	0
F20	18625.26686	1.528098229	96070.71766	0	0
neutron	939.56536	17.40332996	96044.68778	0	0
neutron	939.56536	3.765394793	96044.68778	0	0
neutron	939.56536	2.635963714	96044.68778	0	0
alpha	3727.379	5.590932403	96044.68778	0	0
alpha	3727.379	2.370718877	96044.68778	0	0
C12	11174.86339	6.271096023	96044.68778	0	0
neutron	939.56536	1.019518272	96142.84968	0	0
S36	33494.9558	0.2423169839	96142.84968	0	0
neutron	939.56536	2.768414749	96101.67709	0	0
neutron	939.56536	1.430061772	96101.67709	0	0
neutron	939.56536	0.2112631753	96101.67709	0	0
Ne20	18617.73218	0.3087441136	96101.67709	0	0
neutron	939.56536	0.409467863	95992.78065	0	0
Ne22	20479.73746	0.1882097299	95992.78065	0	0
neutron	939.56536	1.01081929	95978.40032	0	0
S34	31632.70018	0.09740280596	95978.40032	0	0
neutron	939.56536	1.20991096	96285.47111	0	0
Ne22	20479.73746	0.3574818892	96285.47111	0	0
S35	32565.27968	0.1373063886	96170.8744	0	0
neutron	939.56536	0.5113279758	96050.9672	0	0
S34	31632.70018	0.182480568	96050.9672	0	0
neutron	939.56536	0.9536374522	96170.55795	0	0
S34	31632.70018	0.1384990701	96170.55795	0	0
neutron	939.56536	1.991054928	95957.50371	0	0
S34	31632.70018	0.2211368943	95957.50371	0	0
neutron	939.56536	4.290929493	95926.97057	0	0
neutron	939.56536	2.815085298	95926.97057	0	0
neutron	939.56536	0.3281640964	95926.97057	0	0
He3	2808.391	9.572378849	95926.97057	0	0
Si29	26984.28567	0.404186537	95926.97057	0	0
Cl35	32564.60306	0.08006549158	98877.54853	1101.364636	1101.046213
S35	32565.27968	0.1368392556	96030.04189	0	0
Cl35	32564.60306	0.0781893186	97182.52721	462.308612	462.043011
neutron	939.56536	1.145780569	96027.28078	0	0
S34	31632.70018	0.09087065206	96027.28078	0	0
S35	32565.27968	0.1442226623	96232.81401	0	0
Cl35	32564.60306	0.1178203894	95953.18094	31.183513	31.02037024
neutron	939.56536	2.750569303	96049.53592	0	0
neutron	939.56536	2.184295562	96049.53592	0	0
neutron	939.56536	1.802601802	96049.53592	0	0
alpha	3727.379	6.838128644	96049.53592	0	0
O16	14895.08153	1.60081057	96049.53592	0	0
neutron	939.56536	23.14044463	95856.65792	0	0
neutron	939.56536	3.900092621	95856.65792	0	0
neutron	939.56536	0.4716431728	95856.65792	0	0
S32	29773.62828	0.5315946482	95856.65792	0	0
proton	938.272013	24.46757409	96000.8619	0	0
neutron	939.56536	4.186090153	96000.8619	0	0
F21	19556.73074	1.848713172	96000.8619	0	0
Cl35	32564.60306	0.2714725206	99387.74938	1289.210843	1288.75604
neutron	939.56536	1.658106654	96187.41065	0	0
S34	31632.70018	0.3611797246	96187.41065	0	0
S35	32565.27968	0.1611829094	95844.95473	0	0
neutron	939.56536	6.562589932	96199.33188	0	0
proton	938.272013	4.132386655	96199.33188	0	0
neutron	939.56536	1.461555515	96199.33188	0	0
neutron	939.56536	1.445976946	96199.33188	0	0
P31	28844.21869	0.8158062233	96199.33188	0	0
S35	32565.27968	0.1554175675	95996.15574	0	0
neutron	939.56536	3.765333078	95918.18094	0	0
neutron	939.56536	1.237338232	95918.18094	0	0
Ne21	19550.53637	0.03075820796	95918.18094	0	0
Ne23	21414.10216	0.228361359	96098.53305	0	0
neutron	939.56536	0.7082328966	96079.61001	0	0
Ne22	20479.73746	0.1258117447	96079.61001	0	0
neutron	939.56536	18.22367865	96369.50059	0	0
neutron	939.56536	8.077927628	96369.50059	0	0
proton	938.272013	4.080640883	96369.50059	0	0
neutron	939.56536	4.079372255	96369.50059	0	0
P33	30705.30994	0.6756209378	96369.50059	0	0
neutron	939.56536	8.449021411	95862.08961	0	0
neutron	939.56536	5.094422105	95862.08961	0	0
neutron	939.56536	0.3927212499	95862.08961	0	0
alpha	3727.379	7.887940901	95862.08961	0	0
O16	14895.08153	5.968928487	95862.08961	0	0
S35	32565.27968	0.1318408374	96278.91604	0	0
S37	34430.21755	0.1340468977	95798.20569	0	0
proton	938.272013	7.297358209	96005.14687	0	0
neutron	939.56536	3.148921025	96005.14687	0	0
P33	30705.30994	0.05531142373	96005.14687	0	0
neutron	939.56536	0.1466235156	95968.00672	0	0
S34	31632.70018	0.1964086788	95968.00672	0	0
neutron	939.56536	8.850890373	95862.01338	0	0
neutron	939.56536	1.323836439	95862.01338	0	0
Ne21	19550.53637	0.8438976606	95862.01338	0	0
neutron	939.56536	1.411030865	95958.65368	0	0
S34	31632.70018	0.07955102451	95958.65368	0	0
Na23	21409.21625	0.1039590656	99950.35165	1486.257579	1485.888175
Ne23	21414.10216	0.2313912793	96145.92404	0	0
proton	938.272013	4.132881401	96045.86751	0	0
neutron	939.56536	1.588736309	96045.86751	0	0
neutron	939.56536	1.185069417	96045.86751	0	0
P32	29775.84838	0.3756614792	96045.86751	0	0
neutron	939.56536	4.773725689	95983.53593	0	0
neutron	939.56536	1.441727151	95983.53593	0	0
Ne21	19550.53637	0.1291321466	95983.53593	0	0
Cl35	32564.60306	0.165554526	97370.97771	576.5725417	576.3989012
Ne23	21414.10216	0.2251695183	96082.79658	0	0
S35	32565.27968	0.1508156047	96091.28412	0	0
S35	32565.27968	0.1626066839	95943.58195	0	0
neutron	939.56536	0.6079561623	96108.96855	0	0
S34	31632.70018	0.2215402269	96108.96855	0	0
neutron	939.56536	2.099558853	95818.52161	0	0
Ne22	20479.73746	0.4524719904	95818.52161	0	0
Ne23	21414.10216	0.2201981435	95964.16386	0	0
S35	32565.27968	0.1616731925	95935.91455	0	0
Cl35	32564.60306	0.3694925033	97450.78918	551.1426187	550.6411068
neutron	939.56536	11.96744765	96025.36462	0	0
neutron	939.56536	7.065753316	96025.36462	0	0
neutron	939.56536	5.950530954	96025.36462	0	0
alpha	3727.379	9.467188457	96025.36462	0	0
alpha	3727.379	4.8933356	96025.36462	0	0
C12	11174.86339	3.922903611	96025.36462	0	0
Ne23	21414.10216	0.2304124253	96016.7496	0	0
neutron	939.56536	0.7912015567	95871.9323	0	0
S34	31632.70018	0.1450130472	95871.9323	0	0
neutron	939.56536	27.09940107	95954.42259	0	0
proton	938.272013	5.55779659	95954.42259	0	0
neutron	939.56536	4.991586251	95954.42259	0	0
proton	938.272013	2.774062585	95954.42259	0	0
neutron	939.56536	1.607760699	95954.42259	0	0
Si30	27913.24182	0.5325931549	95954.42259	0	0
Cl35	32564.60306	0.3042696434	96546.69142	225.343723	225.0103299
neutron	939.56536	0.7690286147	96102.28182	0	0
S34	31632.70018	0.07630228611	96102.28182	0	0
Cl35	32564.60306	0.2301403336	99090.75331	1152.877397	1152.640547
Ne23	21414.10216	0.2215339287	96185.14506	0	0
Ne23	21414.10216	0.2175240894	95870.37114	0	0
Cl35	32564.60306	0.06773413668	97748.82352	665.5969926	664.9541975
S35	32565.27968	0.1636564905	96073.62145	0	0
neutron	939.56536	5.639847061	95953.11307	0	0
neutron	939.56536	3.094119865	95953.11307	0	0
alpha	3727.379	5.798094635	95953.11307	0	0
O17	15830.5038	0.8679652765	95953.11307	0	0
Cl35	32564.60306	0.06553497875	97327.03385	507.0054616	506.9118925
neutron	939.56536	0.4142621636	95854.59336	0	0
S34	31632.70018	0.1770912388	95854.59336	0	0
neutron	939.56536	37.55665203	95966.55435	0	0
neutron	939.56536	7.931105178	95966.55435	0	0
neutron	939.56536	6.880482033	95966.55435	0	0
alpha	3727.379	4.1279183	95966.55435	0	0
O16	14895.08153	2.343894269	95966.55435	0	0
S35	32565.27968	0.144190496	96348.2601	0	0
neutron	939.56536	0.4208899058	95971.00347	0	0
S34	31632.70018	0.1070902174	95971.00347	0	0
neutron	939.56536	9.64703742	96405.78286	0	0
proton	938.272013	4.559366591	96405.78286	0	0
neutron	939.56536	4.500668828	96405.78286	0	0
neutron	939.56536	3.254555526	96405.78286	0	0
P33	30705.30994	0.262598313	96405.78286	0	0
neutron	939.56536	0.9677706178	96020.53668	0	0
S34	31632.70018	0.1133850032	96020.53668	0	0
Ne23	21414.10216	0.2223829181	95932.77855	0	0
S35	32565.27968	0.1606535225	95985.25298	0	0
S35	32565.27968	0.1651327631	95873.508	0	0
Ne23	21414.10216	0.2156372834	95909.43449	0	0
neutron	939.56536	2.790246757	96046.59646	0	0
S34	31632.70018	0.4014377033	96046.59646	0	0
Na23	21409.21625	0.1169976913	98637.36502	1015.555006	1015.325704
proton	938.272013	11.8804164	95771.74778	0	0
neutron	939.56536	9.539303816	95771.74778	0	0
neutron	939.56536	2.031892747	95771.74778	0	0
neutron	939.56536	0.8214900569	95771.74778	0	0
alpha	3727.379	1.688474745	95771.74778	0	0
N15	13968.93638	4.797483794	95771.74778	0	0
neutron	939.56536	1.906031229	95949.05945	0	0
S36	33494.9558	0.02149832648	95949.05945	0	0
neutron	939.56536	7.087950485	96118.67071	0	0
neutron	939.56536	6.901723651	96118.67071	0	0
proton	938.272013	4.696134913	96118.67071	0	0
neutron	939.56536	1.893293213	96118.67071	0	0
neutron	939.56536	1.430715796	96118.67071	0	0
P30	27916.96459	0.5244548544	96118.67071	0	0
neutron	939.56536	2.521911333	95973.4217	0	0
Ne22	20479.73746	0.2844340525	95973.4217	0	0
Ne23	21414.10216	0.2321067512	96082.15286	0	0
Cl35	32564.60306	0.07747431942	99840.02532	1449.624575	1449.39375
neutron	939.56536	1.65644458	95794.81309	0	0
Ne22	20479.73746	0.4139155374	95794.81309	0	0
Na23	21409.21625	0.174589497	99750.57715	1416.296154	1415.740764
neutron	939.56536	2.748553968	95934.08429	0	0
Ne22	20479.73746	0.03270002949	95934.08429	0	0
Ne23	21414.10216	0.2290666213	96098.27946	0	0
Na23	21409.21625	0.2624822308	99087.29004	1166.482569	1165.514518
neutron	939.56536	19.65005418	96004.98872	0	0
neutron	939.56536	13.6729235	96004.98872	0	0
neutron	939.56536	2.940436535	96004.98872	0	0
proton	938.272013	1.965874325	96004.98872	0	0
P33	30705.30994	1.666272604	96004.98872	0	0
proton	938.272013	46.87710986	95940.91678	0	0
neutron	939.56536	30.33453553	95940.91678	0	0
P33	30705.30994	2.595332851	95940.91678	0	0
S37	34430.21755	0.1391279184	95876.09348	0	0
Ne23	21414.10216	0.2219075795	96130.92397	0	0
Cl35	32564.60306	0.2132493558	96153.50473	32.74749506	32.35233646
neutron	939.56536	0.4457948214	96147.09791	0	0
S34	31632.70018	0.1401968302	96147.09791	0	0
neutron	939.56536	7.233166156	96072.45255	0	0
proton	938.272013	2.776458064	96072.45255	0	0
neutron	939.56536	1.909419649	96072.45255	0	0
neutron	939.56536	0.9444120046	96072.45255	0	0
deuteron	1875.613	2.547210341	96072.45255	0	0
deuteron	1875.613	2.546765906	96072.45255	0	0
Al27	25126.50566	1.08192922	96072.45255	0	0
neutron	939.56536	0.1496188044	95987.89038	0	0
Ne22	20479.73746	0.256376044	95987.89038	0	0
neutron	939.56536	5.212775178	96176.1173	0	0
deuteron	1875.613	1.743729431	96176.1173	0	0
F20	18625.26686	0.6461571166	96176.1173	0	0
neutron	939.56536	1.477032016	95954.6366	0	0
neutron	939.56536	0.8103098826	95954.6366	0	0
neutron	939.56536	0.1737783632	95954.6366	0	0
Ne20	18617.73218	0.06918848732	95954.6366	0	0
proton	938.272013	30.77713139	95941.78081	0	0
neutron	939.56536	0.5550989365	95941.78081	0	0
P35	32569.77755	0.868512204	95941.78081	0	0
proton	938.272013	7.235177025	96022.45955	0	0
neutron	939.56536	3.149219108	96022.45955	0	0
P33	30705.30994	0.2165018984	96022.45955	0	0
S37	34430.21755	0.1420621266	96145.57641	0	0
neutron	939.56536	0.4622611539	96149.11701	0	0
Ne22	20479.73746	0.364856281	96149.11701	0	0
neutron	939.56536	27.20592731	96128.51142	0	0
neutron	939.56536	10.19765601	96128.51142	0	0
neutron	939.56536	2.939514598	96128.51142	0	0
neutron	939.56536	0.0250392967	96128.51142	0	0
S33	30704.55199	0.2739046673	96128.51142	0	0
S35	32565.27968	0.1623709766	96138.09939	0	0
neutron	939.56536	18.21793993	96038.48465	0	0
neutron	939.56536	5.346239735	96038.48465	0	0
S33	30704.55199	0.1987993517	96038.48465	0	0
neutron	939.56536	8.971184295	96034.72693	0	0
neutron	939.56536	8.341902969	96034.72693	0	0
proton	938.272013	3.773977862	96034.72693	0	0
neutron	939.56536	2.484296784	96034.72693	0	0
P31	28844.21869	1.342212214	96034.72693	0	0
Cl35	32564.60306	0.07120156186	97286.94614	564.3736447	564.0621565
Ne23	21414.10216	0.2186532973	95866.52429	0	0
neutron	939.56536	1.004152309	96121.3122	0	0
Ne22	20479.73746	0.1801523023	96121.3122	0	0
proton	938.272013	5.302483111	96217.36858	0	0
neutron	939.56536	2.006565067	96217.36858	0	0
P35	32569.77755	0.03423945221	96217.36858	0	0
Cl37	34424.84314	0.08555392155	99528.65865	1325.500497	1325.401663
neutron	939.56536	36.10010342	96043.55859	0	0
neutron	939.56536	4.893493676	96043.55859	0	0
neutron	939.56536	4.22620888	96043.55859	0	0
S32	29773.62828	1.237819874	96043.55859	0	0
neutron	939.56536	0.6088574526	96076.14381	0	0
S34	31632.70018	0.1868875336	96076.14381	0	0
Na23	21409.21625	0.1653978051	96338.81663	218.7090799	218.4200215
Cl37	34424.84314	0.073570187	96059.20231	112.481775	112.1472506
neutron	939.56536	2.728378603	96140.96305	0	0
triton	2808.921	1.688603052	96140.96305	0	0
F19	17692.30285	0.3125895241	96140.96305	0	0
neutron	939.56536	6.152159909	95857.90916	0	0
neutron	939.56536	4.275151408	95857.90916	0	0
neutron	939.56536	2.831304148	95857.90916	0	0
Ne20	18617.73218	1.051159649	95857.90916	0	0
neutron	939.56536	6.665938042	95950.1282	0	0
proton	938.272013	4.66418444	95950.1282	0	0
P33	30705.30994	0.1618169044	95950.1282	0	0
proton	938.272013	5.765655695	96009.7342	0	0
neutron	939.56536	3.870378168	96009.7342	0	0
proton	938.272013	2.516028811	96009.7342	0	0
neutron	939.56536	0.1541581548	96009.7342	0	0
Si31	28846.21977	0.3884978952	96009.7342	0	0
neutron	939.56536	0.3013515396	95802.24652	0	0
S34	31632.70018	0.1764207611	95802.24652	0	0
Ne23	21414.10216	0.2326332502	95858.38333	0	0
Na23	21409.21625	0.232521478	97891.55557	729.3211659	728.9537156
neutron	939.56536	8.996988283	95757.21474	0	0
neutron	939.56536	3.315640618	95757.21474	0	0
neutron	939.56536	2.189376108	95757.21474	0	0
alpha	3727.379	11.72987513	95757.21474	0	0
O16	14895.08153	4.478640696	95757.21474	0	0
neutron	939.56536	0.7935673718	95960.95683	0	0
Ne22	20479.73746	0.2650013587	95960.95683	0	0
Cl35	32564.60306	0.09777053483	98273.29482	901.6644823	901.5258668
neutron	939.56536	3.619855862	96397.02293	0	0
neutron	939.56536	0.3457042125	96397.02293	0	0
S35	32565.27968	0.01209991819	96397.02293	0	0
neutron	939.56536	1.114404314	96003.73991	0	0
S36	33494.9558	0.1717821918	96003.73991	0	0
neutron	939.56536	1.393197295	96261.11304	0	0
Ne22	20479.73746	0.09363707348	96261.11304	0	0
neutron	939.56536	0.2313731024	96278.48622	0	0
S34	31632.70018	0.1810114448	96278.48622	0	0
Cl35	32564.60306	0.1158951925	97878.62307	622.9725428	622.7556197
neutron	939.56536	7.168087275	96206.18915	0	0
neutron	939.56536	1.654109106	96206.18915	0	0
neutron	939.56536	1.602104815	96206.18915	0	0
Ne20	18617.73218	0.2719736834	96206.18915	0	0
neutron	939.56536	0.8648813688	95753.17336	0	0
S34	31632.70018	0.1685128963	95753.17336	0	0
neutron	939.56536	1.141737856	96143.7836	0	0
S34	31632.70018	0.2933775105	96143.7836	0	0
neutron	939.56536	1.1620019	96162.20896	0	0
Ne22	20479.73746	0.4408603429	96162.20896	0	0
Ne23	21414.10216	0.2270278528	95896.13646	0	0
Cl35	32564.60306	0.06657210247	97438.97527	522.2290196	521.9707129
neutron	939.56536	3.903844397	96221.82616	0	0
proton	938.272013	2.217640126	96221.82616	0	0
neutron	939.56536	1.329020446	96221.82616	0	0
neutron	939.56536	1.199378527	96221.82616	0	0
deuteron	1875.613	6.425566647	96221.82616	0	0
Si29	26984.28567	1.273656561	96221.82616	0	0
Na23	21409.21625	0.7306567285	99956.87625	1482.901126	1481.849522
neutron	939.56536	0.5411978525	96185.74578	0	0
S34	31632.70018	0.2027955274	96185.74578	0	0
Cl35	32564.60306	0.1888592236	99859.04421	1449.916098	1449.271032
Na23	21409.21625	0.1012669467	97760.3505	618.0982192	617.9898332
proton	938.272013	4.631399382	96091.05385	0	0
neutron	939.56536	3.828916377	96091.05385	0	0
neutron	939.56536	0.7367349649	96091.05385	0	0
P32	29775.84838	0.3575346825	96091.05385	0	0
neutron	939.56536	0.8841606079	95919.45915	0	0
Ne22	20479.73746	0.3077790494	95919.45915	0	0
neutron	939.56536	1.721360142	95837.09206	0	0
neutron	939.56536	0.9690963595	95837.09206	0	0
deuteron	1875.613	6.152057033	95837.09206	0	0
P31	28844.21869	0.3235542235	95837.09206	0	0
Ne23	21414.10216	0.2182130242	95845.56583	0	0
neutron	939.56536	3.586146735	96230.87936	0	0
S34	31632.70018	0.3314612931	96230.87936	0	0
neutron	939.56536	20.72173911	96164.06949	0	0
proton	938.272013	3.867927137	96164.06949	0	0
neutron	939.56536	1.499922126	96164.06949	0	0
deuteron	1875.613	2.414066622	96164.06949	0	0
Si30	27913.24182	1.849194911	96164.06949	0	0
neutron	939.56536	1.760257483	96012.30458	0	0
S34	31632.70018	0.3478648812	96012.30458	0	0
neutron	939.56536	1.572677274	96102.51355	0	0
S34	31632.70018	0.311252933	96102.51355	0	0
neutron	939.56536	1.789499078	95981.41198	0	0
S34	31632.70018	0.3270139998	95981.41198	0	0
neutron	939.56536	11.3519567	95986.79532	0	0
neutron	939.56536	4.623323085	95986.79532	0	0
neutron	939.56536	0.3566235223	95986.79532	0	0
S32	29773.62828	0.2041359278	95986.79532	0	0
neutron	939.56536	0.7163217552	95836.62065	0	0
S34	31632.70018	0.140545882	95836.62065	0	0
Ne23	21414.10216	0.2207026884	96028.37779	0	0
Ne23	21414.10216	0.215157255	96087.75151	0	0
neutron	939.56536	0.2076348927	95863.67684	0	0
Ne22	20479.73746	0.2156120312	95863.67684	0	0
neutron	939.56536	34.39244076	95988.10208	0	0
neutron	939.56536	0.7784385794	95988.10208	0	0
Ne21	19550.53637	1.649858747	95988.10208	0	0
neutron	939.56536	31.05568743	96047.53871	0	0
neutron	939.56536	9.28370663	96047.53871	0	0
neutron	939.56536	4.075345211	96047.53871	0	0
neutron	939.56536	3.614187116	96047.53871	0	0
S33	30704.55199	1.535360903	96047.53871	0	0
neutron	939.56536	2.499820125	95902.70185	0	0
neutron	939.56536	2.411162603	95902.70185	0	0
Ne21	19550.53637	0.06779121374	95902.70185	0	0
neutron	939.56536	2.665122138	95810.18799	0	0
neutron	939.56536	2.293150823	95810.18799	0	0
neutron	939.56536	0.4378153856	95810.18799	0	0
alpha	3727.379	5.212153111	95810.18799	0	0
O16	14895.08153	1.225845218	95810.18799	0	0
neutron	939.56536	1.180375272	95975.0567	0	0
S36	33494.9558	0.2039166497	95975.0567	0	0
S37	34430.21755	0.1408639786	96189.48004	0	0
S37	34430.21755	0.1395507943	95988.32502	0	0
Na23	21409.21625	0.1522001418	98957.59304	1101.036588	1100.568026
Cl35	32564.60306	0.07813229814	97421.52302	554.4779636	554.3638318
neutron	939.56536	2.686794674	95954.65797	0	0
neutron	939.56536	0.6159028954	95954.65797	0	0
Ne21	19550.53637	0.5656066511	95954.65797	0	0
proton	938.272013	4.310163799	96205.10477	0	0
neutron	939.56536	2.905600872	96205.10477	0	0
P33	30705.30994	0.2078786945	96205.10477	0	0
Cl37	34424.84314	0.1346009606	96824.19993	328.1266898	327.6885261
neutron	939.56536	0.2054233092	96040.02296	0	0
S34	31632.70018	0.1045231597	96040.02296	0	0
neutron	939.56536	1.555172238	95970.66398	0	0
S34	31632.70018	0.3121948989	95970.66398	0	0
neutron	939.56536	4.448503147	96042.51528	0	0
alpha	3727.379	7.766949239	96042.51528	0	0
O18	16762.02378	2.372444021	96042.51528	0	0
Na23	21409.21625	0.2170456448	99867.86195	1447.20101	1446.449301
neutron	939.56536	1.338814471	95949.19355	0	0
neutron	939.56536	0.5823045463	95949.19355	0	0
S33	30704.55199	0.1742240833	95949.19355	0	0
proton	938.272013	31.76949362	95973.47556	0	0
neutron	939.56536	6.342202836	95973.47556	0	0
neutron	939.56536	0.5538712851	95973.47556	0	0
P34	31638.59261	0.6214154369	95973.47556	0	0
S35	32565.27968	0.1456196313	96121.8511	0	0
neutron	939.56536	0.5175503961	96156.78212	0	0
Ne22	20479.73746	0.2481448075	96156.78212	0	0
neutron	939.56536	2.967155121	96078.88951	0	0
neutron	939.56536	1.81151879	96078.88951	0	0
neutron	939.56536	1.467047937	96078.88951	0	0
S32	29773.62828	0.1282101839	96078.88951	0	0
neutron	939.56536	0.7305371006	96329.02428	0	0
Ne22	20479.73746	0.2972883469	96329.02428	0	0
S35	32565.27968	0.1591341045	96208.13918	0	0
Cl35	32564.60306	0.0923964593	97575.73546	590.2966412	589.7841268
neutron	939.56536	0.5669340044	96071.94862	0	0
S34	31632.70018	0.2247826577	96071.94862	0	0
neutron	939.56536	0.3363247654	95906.39246	0	0
Ne22	20479.73746	0.269513541	95906.39246	0	0
Cl37	34424.84314	0.1183858172	97448.9086	517.3680057	517.1975602
neutron	939.56536	21.90344842	96104.98389	0	0
neutron	939.56536	8.309427548	96104.98389	0	0
neutron	939.56536	1.553968997	96104.98389	0	0
alpha	3727.379	8.438605784	96104.98389	0	0
O16	14895.08153	1.42558687	96104.98389	0	0
neutron	939.56536	4.914676015	95951.7561	0	0
neutron	939.56536	4.845891639	95951.7561	0	0
neutron	939.56536	3.580335623	95951.7561	0	0
alpha	3727.379	3.748212235	95951.7561	0	0
O16	14895.08153	2.275065407	95951.7561	0	0
Cl35	32564.60306	0.06638891021	96673.75427	243.8601054	243.734344
Ne23	21414.10216	0.2067895904	96149.87927	0	0
neutron	939.56536	30.27811118	95934.83075	0	0
proton	938.272013	3.136719364	95934.83075	0	0
proton	938.272013	2.096538625	95934.83075	0	0
neutron	939.56536	0.1482982801	95934.83075	0	0
Si31	28846.21977	0.9128834902	95934.83075	0	0
neutron	939.56536	1.347035958	96091.03124	0	0
S34	31632.70018	0.1514494282	96091.03124	0	0
neutron	939.56536	0.1020762248	95982.0969	0	0
Ne22	20479.73746	0.2109484906	95982.0969	0	0
neutron	939.56536	2.819525019	95899.44608	0	0
alpha	3727.379	6.724193894	95899.44608	0	0
Si30	27913.24182	0.4708248973	95899.44608	0	0
Na23	21409.21625	0.2260467074	99412.46174	1286.59394	1286.278028
Na23	21409.21625	0.1971798835	97189.48726	493.6876255	493.3621343
neutron	939.56536	0.7379338344	95958.32793	0	0
S34	31632.70018	0.07189794514	95958.32793	0	0
neutron	939.56536	2.103867547	95939.20783	0	0
S34	31632.70018	0.2702575219	95939.20783	0	0
Cl35	32564.60306	0.08205338257	96135.57086	153.9398785	153.7453695
S37	34430.21755	0.1353390748	95857.25415	0	0
proton	938.272013	10.48496189	96061.26077	0	0
neutron	939.56536	4.395685967	96061.26077	0	0
P33	30705.30994	0.5466910394	96061.26077	0	0
S35	32565.27968	0.1540606817	95913.43795	0	0
neutron	939.56536	0.1864421436	96001.43214	0	0
S34	31632.70018	0.1073608403	96001.43214	0	0
neutron	939.56536	2.708011122	96204.58469	0	0
S34	31632.70018	0.1871151	96204.58469	0	0
Cl35	32564.60306	0.2160579373	98388.49973	904.815318	904.5674385
neutron	939.56536	1.987704562	95922.82536	0	0
S34	31632.70018	0.3145838813	95922.82536	0	0
neutron	939.56536	0.6028092906	96131.20701	0	0
S34	31632.70018	0.2672036513	96131.20701	0	0
neutron	939.56536	0.2922825911	95941.81237	0	0
S34	31632.70018	0.2017912253	95941.81237	0	0
neutron	939.56536	0.9064118505	95880.1834	0	0
S34	31632.70018	0.05752799593	95880.1834	0	0
neutron	939.56536	2.35282252	96025.60132	0	0
Ne22	20479.73746	0.2178736387	96025.60132	0	0
neutron	939.56536	1.003911829	95997.3863	0	0
S34	31632.70018	0.1852326879	95997.3863	0	0
neutron	939.56536	0.6866728111	96080.6633	0	0
S34	31632.70018	0.2635293948	96080.6633	0	0
neutron	939.56536	26.03125987	96512.97932	0	0
neutron	939.56536	21.07560314	96512.97932	0	0
alpha	3727.379	4.323819332	96512.97932	0	0
O17	15830.5038	0.6797667866	96512.97932	0	0
Ne23	21414.10216	0.2288670253	96011.32495	0	0
neutron	939.56536	1.3446768	96101.94806	0	0
S34	31632.70018	0.2129140548	96101.94806	0	0
Cl35	32564.60306	0.07295698839	99049.99895	959.6731659	959.5978061
neutron	939.56536	5.347847419	96080.55741	0	0
neutron	939.56536	3.061650738	96080.55741	0	0
S33	30704.55199	0.3293921868	96080.55741	0	0
neutron	939.56536	7.948783218	95778.38651	0	0
alpha	3727.379	8.753296315	95778.38651	0	0
O18	16762.02378	2.671705737	95778.38651	0	0
S35	32565.27968	0.1506622942	96051.1478	0	0
Ne23	21414.10216	0.2320153668	96030.46308	0	0
neutron	939.56536	16.00172019	96121.12899	0	0
neutron	939.56536	4.707117944	96121.12899	0	0
neutron	939.56536	3.642473847	96121.12899	0	0
proton	938.272013	2.125611883	96121.12899	0	0
P31	28844.21869	2.127490416	96121.12899	0	0
Ne23	21414.10216	0.2276317227	96185.15497	0	0
Ne23	21414.10216	0.2277227219	96226.33481	0	0
neutron	939.56536	0.3439148208	95978.62526	0	0
Ne22	20479.73746	0.1712678834	95978.62526	0	0
proton	938.272013	2.334718906	96008.86173	0	0
neutron	939.56536	2.299402775	96008.86173	0	0
neutron	939.56536	0.5849010052	96008.86173	0	0
deuteron	1875.613	2.411721519	96008.86173	0	0
O18	16762.02378	0.220041437	96008.86173	0	0
neutron	939.56536	0.4771579304	96002.34989	0	0
Ne22	20479.73746	0.2898977758	96002.34989	0	0
neutron	939.56536	2.535080471	95952.17844	0	0
S36	33494.9558	0.2331391332	95952.17844	0	0
neutron	939.56536	17.50627411	95909.907	0	0
neutron	939.56536	7.808771054	95909.907	0	0
proton	938.272013	4.431791857	95909.907	0	0
neutron	939.56536	3.869735069	95909.907	0	0
P31	28844.21869	1.311775018	95909.907	0	0
neutron	939.56536	7.989725886	95907.82263	0	0
S34	31632.70018	0.5069620665	95907.82263	0	0
neutron	939.56536	3.117287356	96120.10719	0	0
neutron	939.56536	2.243913397	96120.10719	0	0
neutron	939.56536	0.5824856874	96120.10719	0	0
S34	31632.70018	0.1479170314	96120.10719	0	0
neutron	939.56536	0.6176369244	95967.36233	0	0
S34	31632.70018	0.2532330873	95967.36233	0	0
neutron	939.56536	25.11877879	96047.16562	0	0
neutron	939.56536	0.1593567769	96047.16562	0	0
alpha	3727.379	5.755676286	96047.16562	0	0
Si29	26984.28567	3.26330363	96047.16562	0	0
neutron	939.56536	1.812881064	96050.93317	0	0
Ne22	20479.73746	0.02806760573	96050.93317	0	0
Cl35	32564.60306	0.06514557943	96879.24505	348.9307503	348.8336798
neutron	939.56536	0.5253680204	95974.08204	0	0
S34	31632.70018	0.1691027924	95974.08204	0	0
neutron	939.56536	0.4329407572	96232.21087	0	0
S34	31632.70018	0.2116398716	96232.21087	0	0
S35	32565.27968	0.1624305989	95961.30961	0	0
neutron	939.56536	8.870845792	96060.92887	0	0
neutron	939.56536	5.13170744	96060.92887	0	0
neutron	939.56536	1.98084833	96060.92887	0	0
Ne20	18617.73218	1.133172601	96060.92887	0	0
neutron	939.56536	4.496973479	95909.46246	0	0
neutron	939.56536	0.5290964659	95909.46246	0	0
S35	32565.27968	0.2084797174	95909.46246	0	0
neutron	939.56536	4.741084417	96177.66272	0	0
neutron	939.56536	2.527380102	96177.66272	0	0
neutron	939.56536	1.54655243	96177.66272	0	0
Ne20	18617.73218	0.1612861299	96177.66272	0	0
neutron	939.56536	0.5078407492	96115.70843	0	0
Ne22	20479.73746	0.09948787904	96115.70843	0	0
neutron	939.56536	20.45105476	96059.4029	0	0
neutron	939.56536	5.639849794	96059.4029	0	0
neutron	939.56536	3.830026579	96059.4029	0	0
alpha	3727.379	6.099231367	96059.4029	0	0
O16	14895.08153	4.107193373	96059.4029	0	0
neutron	939.56536	1.296057217	96027.2391	0	0
Ne22	20479.73746	0.3306787579	96027.2391	0	0
neutron	939.56536	2.239102632	95984.42441	0	0
neutron	939.56536	0.8173314949	95984.42441	0	0
S33	30704.55199	0.2921351495	95984.42441	0	0
neutron	939.56536	14.53472573	96028.06219	0	0
neutron	939.56536	6.373113886	96028.06219	0	0
neutron	939.56536	2.848656679	96028.06219	0	0
Ne20	18617.73218	1.613009303	96028.06219	0	0
neutron	939.56536	5.874065443	96011.19992	0	0
neutron	939.56536	1.891828668	96011.19992	0	0
Ne21	19550.53637	0.1636471971	96011.19992	0	0
neutron	939.56536	0.542291754	96009.46043	0	0
S34	31632.70018	0.103951896	96009.46043	0	0
Ne23	21414.10216	0.233439647	95892.87301	0	0
S35	32565.27968	0.1490921662	95973.4932	0	0
Cl35	32564.60306	0.1321789745	98094.02332	786.244043	785.7288523
neutron	939.56536	0.4327170434	96012.21598	0	0
Ne22	20479.73746	0.3372353594	96012.21598	0	0
neutron	939.56536	6.513116009	96012.18542	0	0
neutron	939.56536	6.489037847	96012.18542	0	0
proton	938.272013	5.042934184	96012.18542	0	0
neutron	939.56536	2.193435859	96012.18542	0	0
P31	28844.21869	0.3670706345	96012.18542	0	0
S35	32565.27968	0.1403728984	96247.01121	0	0
neutron	939.56536	1.094137902	95995.50378	0	0
Ne22	20479.73746	0.1486165619	95995.50378	0	0
neutron	939.56536	5.812532886	96040.90588	0	0
neutron	939.56536	1.366117033	96040.90588	0	0
neutron	939.56536	0.9848783826	96040.90588	0	0
S32	29773.62828	0.1401061079	96040.90588	0	0
Cl35	32564.60306	0.07037058575	96092.62877	80.91967518	80.67956945
Cl35	32564.60306	0.4186405731	98129.91695	850.5222981	849.9410066
S35	32565.27968	0.1357033405	95955.43008	0	0
neutron	939.56536	0.8497161479	96080.59875	0	0
S34	31632.70018	0.1925401036	96080.59875	0	0
neutron	939.56536	0.350436939	96002.30846	0	0
S34	31632.70018	0.1784660497	96002.30846	0	0
neutron	939.56536	0.4214016567	95947.15814	0	0
Ne22	20479.73746	0.2423367128	95947.15814	0	0
neutron	939.56536	0.3603800818	96108.95551	0	0
Ne22	20479.73746	0.2747658513	96108.95551	0	0
Na23	21409.21625	0.1712357203	99708.54924	1405.291559	1405.10945
neutron	939.56536	1.080198556	96170.44082	0	0
S34	31632.70018	0.08985950971	96170.44082	0	0
proton	938.272013	7.824170227	95962.43445	0	0
neutron	939.56536	2.402833266	95962.43445	0	0
P33	30705.30994	0.3180333141	95962.43445	0	0
neutron	939.56536	9.728328868	95946.41923	0	0
neutron	939.56536	9.420721191	95946.41923	0	0
neutron	939.56536	2.476071279	95946.41923	0	0
alpha	3727.379	7.01579173	95946.41923	0	0
alpha	3727.379	7.516456645	95946.41923	0	0
C12	11174.86339	0.8079406739	95946.41923	0	0
neutron	939.56536	0.2219923893	95999.1726	0	0
S34	31632.70018	0.2069770181	95999.1726	0	0
Cl35	32564.60306	0.2237783098	96693.24312	329.4599388	328.971256
neutron	939.56536	0.4474945179	95914.29341	0	0
S34	31632.70018	0.06793144065	95914.29341	0	0
neutron	939.56536	2.817140726	95913.07597	0	0
S34	31632.70018	0.2832745283	95913.07597	0	0
Ne23	21414.10216	0.2274247861	96201.76728	0	0
neutron	939.56536	2.419521642	95974.70685	0	0
neutron	939.56536	1.776479447	95974.70685	0	0
neutron	939.56536	1.322945946	95974.70685	0	0
S34	31632.70018	0.08356929034	95974.70685	0	0
neutron	939.56536	0.6578397284	95821.46784	0	0
S34	31632.70018	0.09462403711	95821.46784	0	0
Na23	21409.21625	0.1008403046	97351.40801	562.2801602	562.03044
neutron	939.56536	2.063585395	95883.16399	0	0
Ne22	20479.73746	0.5512805003	95883.16399	0	0
neutron	939.56536	2.923314208	95879.32916	0	0
neutron	939.56536	2.60923032	95879.32916	0	0
alpha	3727.379	6.082030581	95879.32916	0	0
Si31	28846.21977	1.145094458	95879.32916	0	0
neutron	939.56536	0.6997586537	96023.00116	0	0
S34	31632.70018	0.2627077233	96023.00116	0	0
neutron	939.56536	2.532708397	96010.90957	0	0
S34	31632.70018	0.1662865777	96010.90957	0	0
Cl37	34424.84314	0.08366676913	99771.63208	1405.2241	1405.025865
neutron	939.56536	1.954055018	96174.86096	0	0
S34	31632.70018	0.3433613641	96174.86096	0	0
Cl35	32564.60306	0.08879740775	99863.59764	1454.203166	1453.971492
S35	32565.27968	0.1649980442	95942.98389	0	0
neutron	939.56536	23.99590409	95836.21708	0	0
neutron	939.56536	8.12423363	95836.21708	0	0
neutron	939.56536	3.835899896	95836.21708	0	0
Ne20	18617.73218	0.7412272527	95836.21708	0	0
neutron	939.56536	9.468218188	95819.26627	0	0
neutron	939.56536	6.155921299	95819.26627	0	0
neutron	939.56536	0.6283786253	95819.26627	0	0
S32	29773.62828	0.9521890084	95819.26627	0	0
neutron	939.56536	3.001550388	96007.27766	0	0
neutron	939.56536	2.118921685	96007.27766	0	0
neutron	939.56536	1.184086493	96007.27766	0	0
S34	31632.70018	0.01902514185	96007.27766	0	0
neutron	939.56536	9.608770918	95956.11694	0	0
neutron	939.56536	8.424912528	95956.11694	0	0
neutron	939.56536	0.8879769139	95956.11694	0	0
Ne20	18617.73218	1.479492352	95956.11694	0	0
Ne23	21414.10216	0.2244305344	96042.40383	0	0
neutron	939.56536	10.67776099	95807.15401	0	0
neutron	939.56536	10.47759201	95807.15401	0	0
neutron	939.56536	8.340949987	95807.15401	0	0
proton	938.272013	2.849369607	95807.15401	0	0
P31	28844.21869	0.3131482125	95807.15401	0	0
proton	938.272013	16.30867928	95890.43406	0	0
neutron	939.56536	7.804306799	95890.43406	0	0
neutron	939.56536	4.496997176	95890.43406	0	0
neutron	939.56536	4.060647716	95890.43406	0	0
P31	28844.21869	0.4248221218	95890.43406	0	0
neutron	939.56536	40.90313655	96060.91463	0	0
proton	938.272013	8.381927006	96060.91463	0	0
proton	938.272013	6.203299109	96060.91463	0	0
Si32	29776.58515	0.4260461534	96060.91463	0	0
neutron	939.56536	0.3287647128	96141.85824	0	0
S34	31632.70018	0.1195098538	96141.85824	0	0
Na23	21409.21625	0.4041482704	97568.77058	612.3205968	611.6308787
S35	32565.27968	0.1596797298	96061.08281	0	0
neutron	939.56536	5.783071425	96106.14992	0	0
neutron	939.56536	2.798197925	96106.14992	0	0
deuteron	1875.613	2.991456567	96106.14992	0	0
P31	28844.21869	0.02687935395	96106.14992	0	0
Ne23	21414.10216	0.2230746207	96130.81015	0	0
neutron	939.56536	4.560311297	96204.12661	0	0
neutron	939.56536	2.385519234	96204.12661	0	0
neutron	939.56536	1.493107383	96204.12661	0	0
S34	31632.70018	0.8792648204	96204.12661	0	0
neutron	939.56536	5.76829722	96108.52229	0	0
neutron	939.56536	0.7412510512	96108.52229	0	0
Ne21	19550.53637	0.1102687591	96108.52229	0	0
Cl35	32564.60306	0.0664325401	99866.7251	1454.16584	1454.070747
neutron	939.56536	0.3114340125	96022.48401	0	0
S34	31632.70018	0.1014686958	96022.48401	0	0
proton	938.272013	42.18523766	96262.57517	0	0
neutron	939.56536	6.964149577	96262.57517	0	0
proton	938.272013	3.459699732	96262.57517	0	0
Si32	29776.58515	2.268724118	96262.57517	0	0
S35	32565.27968	0.1543543178	96126.00632	0	0
neutron	939.56536	1.441733682	96438.07793	0	0
S34	31632.70018	0.3207346607	96438.07793	0	0
S35	32565.27968	0.1661452776	95771.29513	0	0
proton	938.272013	5.128028851	95925.9219	0	0
neutron	939.56536	2.778176137	95925.9219	0	0
neutron	939.56536	0.145887795	95925.9219	0	0
P32	29775.84838	0.006749370446	95925.9219	0	0
proton	938.272013	22.61524298	96014.75739	0	0
P34	31638.59261	0.5805342031	96014.75739	0	0
proton	938.272013	11.15261315	95889.03577	0	0
neutron	939.56536	5.965478267	95889.03577	0	0
neutron	939.56536	0.1085884618	95889.03577	0	0
P32	29775.84838	0.5992265456	95889.03577	0	0
neutron	939.56536	0.6121841719	95827.63376	0	0
S34	31632.70018	0.1189478557	95827.63376	0	0
S37	34430.21755	0.138742611	95954.32819	0	0
proton	938.272013	42.67249059	95929.02651	0	0
neutron	939.56536	5.854304093	95929.02651	0	0
neutron	939.56536	4.190298823	95929.02651	0	0
proton	938.272013	3.074822268	95929.02651	0	0
Si31	28846.21977	1.164044664	95929.02651	0	0
Ne23	21414.10216	0.2309914244	95987.45727	0	0
neutron	939.56536	9.906166899	96296.19149	0	0
proton	938.272013	9.025464482	96296.19149	0	0
neutron	939.56536	5.78497192	96296.19149	0	0
neutron	939.56536	3.915774394	96296.19149	0	0
neutron	939.56536	2.038087322	96296.19149	0	0
neutron	939.56536	0.3436837211	96296.19149	0	0
P31	28844.21869	0.9526637928	96296.19149	0	0
neutron	939.56536	3.828798251	95854.93457	0	0
neutron	939.56536	1.111337022	95854.93457	0	0
neutron	939.56536	0.9241868539	95854.93457	0	0
alpha	3727.379	7.246755565	95854.93457	0	0
Si28	26053.19393	0.7147567384	95854.93457	0	0
neutron	939.56536	9.452361698	95843.0753	0	0
neutron	939.56536	3.602109144	95843.0753	0	0
neutron	939.56536	0.9545985353	95843.0753	0	0
S34	31632.70018	0.300045201	95843.0753	0	0
neutron	939.56536	14.43757355	96504.98618	0	0
proton	938.272013	7.482694989	96504.98618	0	0
neutron	939.56536	1.681909507	96504.98618	0	0
F20	18625.26686	1.532757529	96504.98618	0	0
neutron	939.56536	11.48054814	95894.64633	0	0
proton	938.272013	7.192193255	95894.64633	0	0
neutron	939.56536	2.183731134	95894.64633	0	0
neutron	939.56536	2.180457669	95894.64633	0	0
triton	2808.921	3.122043995	95894.64633	0	0
Si28	26053.19393	1.886611474	95894.64633	0	0
neutron	939.56536	20.23147632	96206.05498	0	0
neutron	939.56536	5.188599898	96206.05498	0	0
neutron	939.56536	2.134911238	96206.05498	0	0
S32	29773.62828	0.297083028	96206.05498	0	0
neutron	939.56536	1.203587172	96229.12383	0	0
Ne22	20479.73746	0.08222964895	96229.12383	0	0
neutron	939.56536	1.412260175	95875.26498	0	0
S34	31632.70018	0.1824119204	95875.26498	0	0
neutron	939.56536	3.001940117	95989.48048	0	0
S36	33494.9558	0.07035537015	95989.48048	0	0
Cl37	34424.84314	0.1229449226	98593.14011	965.7254756	965.5492122
neutron	939.56536	14.97738724	96028.51882	0	0
neutron	939.56536	4.952783482	96028.51882	0	0
neutron	939.56536	0.3919300721	96028.51882	0	0
S34	31632.70018	0.4008774253	96028.51882	0	0
neutron	939.56536	0.6842383075	96107.55925	0	0
S36	33494.9558	0.1008144071	96107.55925	0	0
Cl37	34424.84314	0.08620946572	98963.5014	1089.904407	1089.353952
neutron	939.56536	1.165841291	96061.10531	0	0
S34	31632.70018	0.05387887374	96061.10531	0	0
neutron	939.56536	6.121110059	95879.15003	0	0
neutron	939.56536	5.160841555	95879.15003	0	0
neutron	939.56536	2.800302782	95879.15003	0	0
S34	31632.70018	0.3681286193	95879.15003	0	0
neutron	939.56536	2.069270168	96040.57324	0	0
Ne22	20479.73746	0.3187922805	96040.57324	0	0
neutron	939.56536	14.54610568	95928.36931	0	0
proton	938.272013	14.26272881	95928.36931	0	0
neutron	939.56536	2.132118521	95928.36931	0	0
P32	29775.84838	0.05625585369	95928.36931	0	0
neutron	939.56536	1.629731371	96052.89538	0	0
S34	31632.70018	0.07790806576	96052.89538	0	0
neutron	939.56536	0.06354168757	95787.52328	0	0
S34	31632.70018	0.1593645346	95787.52328	0	0
Ne23	21414.10216	0.2288905528	96468.4022	0	0
Ne23	21414.10216	0.2205456448	96048.04687	0	0
neutron	939.56536	0.3007649174	95861.25774	0	0
S34	31632.70018	0.1274265948	95861.25774	0	0
Ne23	21414.10216	0.1988068711	95947.53999	0	0
neutron	939.56536	0.2877675259	95948.16221	0	0
S34	31632.70018	0.2030292967	95948.16221	0	0
neutron	939.56536	29.9757663	95759.30537	0	0
proton	938.272013	27.50637489	95759.30537	0	0
neutron	939.56536	0.9189568053	95759.30537	0	0
P32	29775.84838	0.6880913408	95759.30537	0	0
neutron	939.56536	0.1183416209	95881.56886	0	0
S34	31632.70018	0.107054393	95881.56886	0	0
S35	32565.27968	0.1601262149	96071.31724	0	0
neutron	939.56536	2.075937638	96018.30174	0	0
neutron	939.56536	0.08184401245	96018.30174	0	0
Ne21	19550.53637	0.2429252781	96018.30174	0	0
Na23	21409.21625	2.007742524	98184.24685	759.341607	757.2506052
neutron	939.56536	2.213466377	96150.15392	0	0
neutron	939.56536	1.335573734	96150.15392	0	0
neutron	939.56536	0.569483212	96150.15392	0	0
alpha	3727.379	4.469697354	96150.15392	0	0
O16	14895.08153	2.832579619	96150.15392	0	0
neutron	939.56536	1.221619466	96096.92694	0	0
S34	31632.70018	0.1107551389	96096.92694	0	0
neutron	939.56536	0.8400802567	95814.2032	0	0
S34	31632.70018	0.2079979358	95814.2032	0	0
Ne23	21414.10216	0.2210375951	95947.89385	0	0
neutron	939.56536	21.55262598	95911.4199	0	0
neutron	939.56536	4.222903131	95911.4199	0	0
proton	938.272013	2.396489552	95911.4199	0	0
neutron	939.56536	1.282246382	95911.4199	0	0
P31	28844.21869	1.324657314	95911.4199	0	0
S35	32565.27968	0.1537519423	96042.38224	0	0
Cl35	32564.60306	0.09947382339	96888.22917	274.5116286	274.3386793
Cl35	32564.60306	0.1434013423	96355.24567	13.48054873	13.30386068
neutron	939.56536	0.4753081016	96352.90124	0	0
S34	31632.70018	0.1676442119	96352.90124	0	0
neutron	939.56536	14.01080008	96140.08584	0	0
neutron	939.56536	1.837341605	96140.08584	0	0
neutron	939.56536	1.449362279	96140.08584	0	0
Ne20	18617.73218	0.4019429375	96140.08584	0	0
proton	938.272013	9.42295223	95906.85212	0	0
proton	938.272013	6.89265291	95906.85212	0	0
neutron	939.56536	0.9595895592	95906.85212	0	0
O20	18629.59082	0.2811257089	95906.85212	0	0
neutron	939.56536	0.5338393509	96044.50412	0	0
S34	31632.70018	0.1888600784	96044.50412	0	0
Cl35	32564.60306	0.1755115943	99447.13286	1277.268787	1276.834869
neutron	939.56536	6.41770275	96184.89406	0	0
neutron	939.56536	4.842486115	96184.89406	0	0
neutron	939.56536	2.313847809	96184.89406	0	0
neutron	939.56536	0.2293486553	96184.89406	0	0
S33	30704.55199	0.9913385578	96184.89406	0	0
Ne23	21414.10216	0.224131376	95961.49108	0	0
Na23	21409.21625	0.1037871651	98895.87312	1063.21857	1062.845774
S35	32565.27968	0.1582370977	96146.69656	0	0
Ne23	21414.10216	0.2295655954	95984.51817	0	0
neutron	939.56536	1.430681263	95916.52969	0	0
S34	31632.70018	0.309567031	95916.52969	0	0
neutron	939.56536	19.27736701	96210.42022	0	0
neutron	939.56536	5.368148402	96210.42022	0	0
neutron	939.56536	3.492468618	96210.42022	0	0
alpha	3727.379	3.133409873	96210.42022	0	0
O16	14895.08153	3.622082234	96210.42022	0	0
Ne23	21414.10216	0.2209152993	96006.85741	0	0
Cl35	32564.60306	0.07492201208	97800.4551	744.2836028	744.1611638
neutron	939.56536	1.331126543	95914.63745	0	0
S34	31632.70018	0.1229788472	95914.63745	0	0
Ne23	21414.10216	0.2272097445	95985.83368	0	0
proton	938.272013	10.85267922	95809.23505	0	0
neutron	939.56536	3.117495115	95809.23505	0	0
proton	938.272013	2.693138434	95809.23505	0	0
neutron	939.56536	1.734644735	95809.23505	0	0
neutron	939.56536	1.125918567	95809.23505	0	0
neutron	939.56536	0.5412483049	95809.23505	0	0
O17	15830.5038	0.422951	95809.23505	0	0
neutron	939.56536	0.6942475612	96183.68498	0	0
S34	31632.70018	0.0659433876	96183.68498	0	0
neutron	939.56536	5.035520833	96130.79523	0	0
neutron	939.56536	1.151391766	96130.79523	0	0
S33	30704.55199	0.6023078577	96130.79523	0	0
Cl35	32564.60306	0.1702798599	97680.40236	568.3964607	568.216562
S35	32565.27968	0.157067303	95949.26175	0	0
Ne23	21414.10216	0.2184353325	96105.67626	0	0
Cl37	34424.84314	0.07279166362	97367.85141	539.9825146	539.8764214
neutron	939.56536	6.830107292	95954.511	0	0
neutron	939.56536	0.7487509328	95954.511	0	0
Ne21	19550.53637	0.3952129106	95954.511	0	0
neutron	939.56536	0.4696758415	96154.54548	0	0
S36	33494.9558	0.06259099681	96154.54548	0	0
Cl37	34424.84314	0.07620529513	98338.73279	919.9409136	919.1793826
neutron	939.56536	4.256267445	96075.17332	0	0
proton	938.272013	2.685156744	96075.17332	0	0
neutron	939.56536	2.307039484	96075.17332	0	0
deuteron	1875.613	4.311521511	96075.17332	0	0
Si30	27913.24182	0.7528166623	96075.17332	0	0
Cl35	32564.60306	0.09456557364	96170.37349	123.958407	123.7688886
neutron	939.56536	16.24466227	96257.36311	0	0
neutron	939.56536	11.66329573	96257.36311	0	0
neutron	939.56536	1.018207122	96257.36311	0	0
alpha	3727.379	3.597133675	96257.36311	0	0
O16	14895.08153	1.978817511	96257.36311	0	0
Na23	21409.21625	0.2343286355	98817.80823	1045.457709	1045.128322
S35	32565.27968	0.161281003	96144.78676	0	0
neutron	939.56536	2.619265691	96032.79672	0	0
S34	31632.70018	0.1066015017	96032.79672	0	0
neutron	939.56536	1.018861308	95916.46964	0	0
neutron	939.56536	0.4904410024	95916.46964	0	0
S35	32565.27968	0.05397596077	95916.46964	0	0
neutron	939.56536	0.9425310003	95968.17798	0	0
Ne22	20479.73746	0.1482064647	95968.17798	0	0
neutron	939.56536	0.4208524372	95869.83832	0	0
Ne22	20479.73746	0.2308819021	95869.83832	0	0
neutron	939.56536	0.8944680617	95783.16534	0	0
Ne22	20479.73746	0.3532435308	95783.16534	0	0
Cl35	32564.60306	0.4447673789	96419.35441	248.6593889	248.1912563
S35	32565.27968	0.1580976037	96224.58088	0	0
neutron	939.56536	5.445053769	96134.85861	0	0
neutron	939.56536	5.39498052	96134.85861	0	0
neutron	939.56536	0.8026101392	96134.85861	0	0
Ne20	18617.73218	0.7049283402	96134.85861	0	0
neutron	939.56536	1.413837725	95957.95296	0	0
S34	31632.70018	0.1491329879	95957.95296	0	0
Cl35	32564.60306	0.3187773018	96398.14623	176.5699285	176.1422081
neutron	939.56536	10.91543385	96039.94763	0	0
neutron	939.56536	8.426832645	96039.94763	0	0
neutron	939.56536	7.986164327	96039.94763	0	0
S32	29773.62828	0.247276255	96039.94763	0	0
neutron	939.56536	5.226990163	96050.01155	0	0
S34	31632.70018	0.2619670979	96050.01155	0	0
Ne23	21414.10216	0.2265287447	96145.41862	0	0
neutron	939.56536	3.746663583	95869.13754	0	0
S34	31632.70018	0.4312964736	95869.13754	0	0
neutron	939.56536	1.534285484	95836.45619	0	0
S34	31632.70018	0.3278816192	95836.45619	0	0
neutron	939.56536	4.249378558	95809.54944	0	0
proton	938.272013	2.834574015	95809.54944	0	0
neutron	939.56536	1.74208225	95809.54944	0	0
neutron	939.56536	0.7888521914	95809.54944	0	0
deuteron	1875.613	4.72932916	95809.54944	0	0
O17	15830.5038	1.113777647	95809.54944	0	0
neutron	939.56536	3.718343345	96155.76514	0	0
S34	31632.70018	0.4302336447	96155.76514	0	0
proton	938.272013	6.112222497	96013.0207	0	0
neutron	939.56536	0.6433817987	96013.0207	0	0
P33	30705.30994	0.4102741738	96013.0207	0	0
Cl37	34424.84314	0.09270088472	96156.08122	33.58550549	33.48829698
Ne23	21414.10216	0.2320764981	95944.41705	0	0
neutron	939.56536	1.956734351	95938.22418	0	0
neutron	939.56536	1.559780209	95938.22418	0	0
S33	30704.55199	0.02652409033	95938.22418	0	0
Na23	21409.21625	0.3546237971	99227.177	1200.690756	1199.929973
Ne23	21414.10216	0.2244978266	96015.64985	0	0
neutron	939.56536	1.457734456	96241.54451	0	0
neutron	939.56536	0.1967801069	96241.54451	0	0
S33	30704.55199	0.3045467877	96241.54451	0	0
neutron	939.56536	38.85267439	96159.42707	0	0
neutron	939.56536	1.607865091	96159.42707	0	0
Ne21	19550.53637	1.378505416	96159.42707	0	0
Cl35	32564.60306	0.079946638	99121.79441	1202.409172	1202.2842
neutron	939.56536	1.632856027	95749.728	0	0
S36	33494.9558	0.07802832499	95749.728	0	0
Cl37	34424.84314	0.101573985	96340.34968	128.8256956	128.5378082
neutron	939.56536	0.1272258419	96092.60769	0	0
S34	31632.70018	0.1310283132	96092.60769	0	0
proton	938.272013	14.32518653	96034.32597	0	0
neutron	939.56536	6.005705707	96034.32597	0	0
neutron	939.56536	0.5334398453	96034.32597	0	0
F20	18625.26686	0.9799860033	96034.32597	0	0
neutron	939.56536	0.7115158232	96202.89686	0	0
Ne22	20479.73746	0.09076704038	96202.89686	0	0
neutron	939.56536	7.836552333	95914.13279	0	0
neutron	939.56536	7.570610603	95914.13279	0	0
proton	938.272013	4.375509024	95914.13279	0	0
neutron	939.56536	0.9372922442	95914.13279	0	0
P31	28844.21869	0.7457604109	95914.13279	0	0
neutron	939.56536	0.9226906033	95976.26248	0	0
S34	31632.70018	0.190121331	95976.26248	0	0
proton	938.272013	17.99167842	96025.08926	0	0
neutron	939.56536	3.451590358	96025.08926	0	0
neutron	939.56536	2.965142456	96025.08926	0	0
neutron	939.56536	1.043994175	96025.08926	0	0
F19	17692.30285	2.9703638	96025.08926	0	0
neutron	939.56536	1.136278232	95884.10261	0	0
Ne22	20479.73746	0.2927976786	95884.10261	0	0
Ne23	21414.10216	0.2234053195	96147.27784	0	0
Cl35	32564.60306	0.1685518862	96292.12033	111.093362	110.5907124
neutron	939.56536	8.410084858	96124.07658	0	0
neutron	939.56536	7.629028381	96124.07658	0	0
neutron	939.56536	4.990209302	96124.07658	0	0
Ne20	18617.73218	0.07684703673	96124.07658	0	0
neutron	939.56536	25.60076394	95879.71415	0	0
neutron	939.56536	4.522282604	95879.71415	0	0
neutron	939.56536	4.204241369	95879.71415	0	0
S32	29773.62828	2.20143658	95879.71415	0	0
neutron	939.56536	0.5555742701	96069.8369	0	0
S34	31632.70018	0.2518233848	96069.8369	0	0
neutron	939.56536	6.974461365	96029.8597	0	0
neutron	939.56536	0.5362763417	96029.8597	0	0
Ne21	19550.53637	0.3425770308	96029.8597	0	0
neutron	939.56536	0.6099603403	95945.61073	0	0
S34	31632.70018	0.2038719645	95945.61073	0	0
neutron	939.56536	0.2238833513	96033.56077	0	0
S34	31632.70018	0.1972778979	96033.56077	0	0
neutron	939.56536	28.36699692	95999.11122	0	0
neutron	939.56536	2.222974782	95999.11122	0	0
neutron	939.56536	1.830126916	95999.11122	0	0
S32	29773.62828	1.530989296	95999.11122	0	0
neutron	939.56536	0.8526089963	96192.82269	0	0
Ne22	20479.73746	0.2572843537	96192.82269	0	0
S35	32565.27968	0.1513667675	95806.7375	0	0
proton	938.272013	28.23629559	96360.69047	0	0
proton	938.272013	4.912119195	96360.69047	0	0
neutron	939.56536	2.564459825	96360.69047	0	0
neutron	939.56536	1.193418007	96360.69047	0	0
neutron	939.56536	0.6649593381	96360.69047	0	0
Si30	27913.24182	2.34924853	96360.69047	0	0
Na23	21409.21625	0.1025801403	98289.50023	804.930206	804.1484032
neutron	939.56536	19.9542795	95917.87755	0	0
neutron	939.56536	4.206783362	95917.87755	0	0
neutron	939.56536	0.7539433386	95917.87755	0	0
alpha	3727.379	5.284718854	95917.87755	0	0
O16	14895.08153	3.982614873	95917.87755	0	0
proton	938.272013	27.26413001	96388.62482	0	0
neutron	939.56536	18.85144097	96388.62482	0	0
neutron	939.56536	0.09516989168	96388.62482	0	0
P34	31638.59261	0.8906784589	96388.62482	0	0
neutron	939.56536	0.4387262536	95868.00509	0	0
S34	31632.70018	0.2373160797	95868.00509	0	0
neutron	939.56536	4.452165872	96035.19688	0	0
neutron	939.56536	1.705889771	96035.19688	0	0
S33	30704.55199	0.0814776789	96035.19688	0	0
S35	32565.27968	0.1636254093	96027.16753	0	0
neutron	939.56536	6.858443944	96031.27087	0	0
neutron	939.56536	2.565297224	96031.27087	0	0
neutron	939.56536	0.3036779548	96031.27087	0	0
S34	31632.70018	0.19640523	96031.27087	0	0
neutron	939.56536	6.283997772	96122.77711	0	0
S36	33494.9558	0.1807104116	96122.77711	0	0
neutron	939.56536	6.69474558	96067.13516	0	0
neutron	939.56536	6.057275396	96067.13516	0	0
neutron	939.56536	1.443173073	96067.13516	0	0
S32	29773.62828	0.7195923538	96067.13516	0	0
neutron	939.56536	6.64551376	95985.16905	0	0
neutron	939.56536	0.2466749818	95985.16905	0	0
S33	30704.55199	0.4981596792	95985.16905	0	0
neutron	939.56536	0.3282632408	95802.07528	0	0
S34	31632.70018	0.1282291162	95802.07528	0	0
Cl35	32564.60306	0.06800480226	99784.73795	1419.317031	1419.140259
neutron	939.56536	4.791825693	95917.98056	0	0
neutron	939.56536	4.355812919	95917.98056	0	0
proton	938.272013	4.235169405	95917.98056	0	0
neutron	939.56536	2.393251108	95917.98056	0	0
F19	17692.30285	2.341194491	95917.98056	0	0
neutron	939.56536	4.263120726	96092.8404	0	0
neutron	939.56536	1.832447471	96092.8404	0	0
Ne21	19550.53637	0.2462003244	96092.8404	0	0
S35	32565.27968	0.1597167708	95992.1495	0	0
neutron	939.56536	0.5888633462	96138.19203	0	0
S36	33494.9558	0.1054074396	96138.19203	0	0
neutron	939.56536	1.157061205	96707.15998	0	0
S34	31632.70018	0.08643983923	96707.15998	0	0
Ne23	21414.10216	0.2315725341	95937.49925	0	0
Na23	21409.21625	0.1241289414	97185.39716	448.787714	448.5137207
neutron	939.56536	6.808859019	96013.68037	0	0
neutron	939.56536	2.264120431	96013.68037	0	0
neutron	939.56536	1.909406971	96013.68037	0	0
Ne20	18617.73218	0.9258401232	96013.68037	0	0
Cl35	32564.60306	0.07289431091	96811.51048	346.5510156	346.382715
neutron	939.56536	0.6148983842	95962.33689	0	0
S34	31632.70018	0.1984495723	95962.33689	0	0
Ne23	21414.10216	0.2236702894	95779.94922	0	0
Cl37	34424.84314	0.06827358505	98304.76425	872.9544925	872.6870124
neutron	939.56536	9.887325641	96002.27211	0	0
neutron	939.56536	6.21224752	96002.27211	0	0
neutron	939.56536	2.676938337	96002.27211	0	0
Ne20	18617.73218	0.2870917352	96002.27211	0	0
S35	32565.27968	0.1456574091	95977.18946	0	0
proton	938.272013	9.060676325	96038.1254	0	0
neutron	939.56536	8.055340456	96038.1254	0	0
neutron	939.56536	3.407168975	96038.1254	0	0
neutron	939.56536	1.24601718	96038.1254	0	0
P31	28844.21869	1.296994606	96038.1254	0	0
Ne23	21414.10216	0.2113863726	95938.77926	0	0
neutron	939.56536	3.307408178	96093.06656	0	0
S34	31632.70018	0.2811236244	96093.06656	0	0
neutron	939.56536	0.8400149142	95864.32005	0	0
S36	33494.9558	0.2557772125	95864.32005	0	0
neutron	939.56536	2.361518452	95919.15218	0	0
S34	31632.70018	0.06129334736	95919.15218	0	0
Cl35	32564.60306	0.07338606453	97929.02046	578.2872325	578.1656764
S35	32565.27968	0.1483478391	96554.98663	0	0
neutron	939.56536	10.72205695	96039.18729	0	0
proton	938.272013	7.175386764	96039.18729	0	0
neutron	939.56536	0.02017688629	96039.18729	0	0
P32	29775.84838	0.669099942	96039.18729	0	0
S35	32565.27968	0.1567772586	95756.16429	0	0
neutron	939.56536	46.14261961	95920.1048	0	0
neutron	939.56536	8.031149252	95920.1048	0	0
S33	30704.55199	1.144407204	95920.1048	0	0
neutron	939.56536	3.911424945	95986.33408	0	0
neutron	939.56536	2.005812013	95986.33408	0	0
neutron	939.56536	0.7737294614	95986.33408	0	0
S34	31632.70018	0.3235106908	95986.33408	0	0
Ne23	21414.10216	0.2184427701	96019.31465	0	0
neutron	939.56536	0.2366525837	96066.67807	0	0
Ne22	20479.73746	0.1357148403	96066.67807	0	0
neutron	939.56536	9.399279977	95998.18349	0	0
neutron	939.56536	5.79139448	95998.18349	0	0
neutron	939.56536	5.518465365	95998.18349	0	0
alpha	3727.379	3.286289421	95998.18349	0	0
O16	14895.08153	3.124794274	95998.18349	0	0
neutron	939.56536	2.943221123	95882.42676	0	0
Ne22	20479.73746	0.6221154989	95882.42676	0	0
neutron	939.56536	4.891779515	95961.64268	0	0
neutron	939.56536	1.582952184	95961.64268	0	0
S33	30704.55199	0.06333801184	95961.64268	0	0
neutron	939.56536	6.043687618	95868.92647	0	0
proton	938.272013	5.564203289	95868.92647	0	0
neutron	939.56536	2.413721862	95868.92647	0	0
neutron	939.56536	0.3745380846	95868.92647	0	0
P31	28844.21869	0.4974852877	95868.92647	0	0
neutron	939.56536	34.96554615	96132.70543	0	0
proton	938.272013	18.71000654	96132.70543	0	0
proton	938.272013	5.761939686	96132.70543	0	0
O20	18629.59082	1.06106812	96132.70543	0	0
S35	32565.27968	0.1582318169	96079.68206	0	0
neutron	939.56536	3.742569784	96292.55457	0	0
neutron	939.56536	3.411735769	96292.55457	0	0
neutron	939.56536	2.830236304	96292.55457	0	0
neutron	939.56536	0.2881831918	96292.55457	0	0
S33	30704.55199	1.139723571	96292.55457	0	0
neutron	939.56536	0.7917632626	95732.70742	0	0
S34	31632.70018	0.1219399091	95732.70742	0	0
neutron	939.56536	0.7224862462	95991.37218	0	0
S34	31632.70018	0.09550973116	95991.37218	0	0
neutron	939.56536	0.4602255439	95877.92713	0	0
Ne22	20479.73746	0.3021272885	95877.92713	0	0
Ne23	21414.10216	0.2319833266	95877.54152	0	0
Na23	21409.21625	0.1380464387	96333.20359	121.2039397	120.9471979
Na23	21409.21625	0.7206898992	98506.15705	935.6017931	934.7674715
neutron	939.56536	0.6384511343	95841.52407	0	0
S34	31632.70018	0.2676210727	95841.52407	0	0
neutron	939.56536	5.316026536	96011.25239	0	0
neutron	939.56536	4.962369626	96011.25239	0	0
neutron	939.56536	1.982177736	96011.25239	0	0
S32	29773.62828	0.2296954495	96011.25239	0	0
Cl35	32564.60306	0.2109176708	99885.33487	1466.234212	1465.755327
neutron	939.56536	1.329441364	96317.34536	0	0
S34	31632.70018	0.0552319955	96317.34536	0	0
neutron	939.56536	1.999507638	95979.55751	0	0
S34	31632.70018	0.1311845494	95979.55751	0	0
neutron	939.56536	0.399104413	95953.49433	0	0
S34	31632.70018	0.08248915838	95953.49433	0	0
Ne23	21414.10216	0.2262365505	96149.83428	0	0
proton	938.272013	30.826142	96327.39697	0	0
neutron	939.56536	1.042133377	96327.39697	0	0
P33	30705.30994	0.8055537599	96327.39697	0	0
Ne23	21414.10216	0.2262741097	96300.53103	0	0
Na23	21409.21625	0.1057365169	97832.29054	736.230151	735.9629516
neutron	939.56536	0.502514838	95882.17554	0	0
S34	31632.70018	0.228239762	95882.17554	0	0
Cl35	32564.60306	0.2695092038	96724.20917	207.4124999	206.8157204
neutron	939.56536	0.09047947723	96285.81123	0	0
S34	31632.70018	0.1689007986	96285.81123	0	0
Ne23	21414.10216	0.2341163715	96113.88598	0	0
neutron	939.56536	1.120860004	96118.74489	0	0
S34	31632.70018	0.2643713111	96118.74489	0	0
proton	938.272013	23.01384857	95900.65619	0	0
neutron	939.56536	10.9717739	95900.65619	0	0
proton	938.272013	6.294062545	95900.65619	0	0
neutron	939.56536	1.703903983	95900.65619	0	0
Si31	28846.21977	0.9478901308	95900.65619	0	0
Cl37	34424.84314	0.07948312297	99608.94062	1365.691496	1365.30683
Ne23	21414.10216	0.2085196042	95924.6061	0	0
neutron	939.56536	0.7285664111	95957.56441	0	0
S34	31632.70018	0.2140956079	95957.56441	0	0
neutron	939.56536	25.28310784	95843.25968	0	0
neutron	939.56536	7.976848606	95843.25968	0	0
neutron	939.56536	3.033635719	95843.25968	0	0
neutron	939.56536	0.5188563604	95843.25968	0	0
S33	30704.55199	0.921936037	95843.25968	0	0
proton	938.272013	12.53798817	95986.38353	0	0
neutron	939.56536	0.8690624754	95986.38353	0	0
F21	19556.73074	1.237873797	95986.38353	0	0
Na23	21409.21625	0.1607950732	99201.66191	1183.154925	1182.952825
S37	34430.21755	0.1406872597	96013.81945	0	0
Cl35	32564.60306	0.1045276956	96747.95909	297.6799494	297.3267965
Ne23	21414.10216	0.2136018647	95916.64645	0	0
Ne23	21414.10216	0.2134963079	96049.53669	0	0
neutron	939.56536	1.366060954	95909.96006	0	0
S34	31632.70018	0.1165734826	95909.96006	0	0
neutron	939.56536	0.3857538506	96086.073	0	0
S34	31632.70018	0.1722714757	96086.073	0	0
S37	34430.21755	0.1275597246	95969.53135	0	0
neutron	939.56536	33.89251831	95958.42901	0	0
proton	938.272013	3.146143532	95958.42901	0	0
neutron	939.56536	0.7377465814	95958.42901	0	0
P32	29775.84838	1.064701016	95958.42901	0	0
proton	938.272013	30.99637841	96108.8251	0	0
neutron	939.56536	6.901866599	96108.8251	0	0
P35	32569.77755	1.506736064	96108.8251	0	0
proton	938.272013	5.56790584	95825.26091	0	0
neutron	939.56536	2.032413371	95825.26091	0	0
P33	30705.30994	0.2250153717	95825.26091	0	0
S35	32565.27968	0.1591788917	95909.65511	0	0
Cl35	32564.60306	0.07607133354	96819.1681	386.2475184	386.0567039
neutron	939.56536	8.729792609	95905.27359	0	0
neutron	939.56536	5.908048453	95905.27359	0	0
Ne21	19550.53637	0.7533543065	95905.27359	0	0
neutron	939.56536	12.09377576	95845.01986	0	0
proton	938.272013	3.858376436	95845.01986	0	0
neutron	939.56536	2.218913597	95845.01986	0	0
neutron	939.56536	0.1384527764	95845.01986	0	0
F19	17692.30285	1.755440342	95845.01986	0	0
neutron	939.56536	0.4995877535	95892.63648	0	0
S34	31632.70018	0.07233327054	95892.63648	0	0
Na23	21409.21625	0.8054757142	99386.3492	1290.958873	1290.107488
neutron	939.56536	0.9927579216	95973.38728	0	0
Ne22	20479.73746	0.3576484698	95973.38728	0	0
neutron	939.56536	7.547794967	96207.66655	0	0
proton	938.272013	5.436086546	96207.66655	0	0
neutron	939.56536	0.6793196885	96207.66655	0	0
deuteron	1875.613	9.111953738	96207.66655	0	0
O18	16762.02378	0.3554157545	96207.66655	0	0
neutron	939.56536	7.825104046	95925.04497	0	0
neutron	939.56536	6.355148995	95925.04497	0	0
neutron	939.56536	4.826083283	95925.04497	0	0
proton	938.272013	3.865127019	95925.04497	0	0
neutron	939.56536	1.235697941	95925.04497	0	0
P32	29775.84838	0.4741786772	95925.04497	0	0
proton	938.272013	19.21436644	95832.24581	0	0
neutron	939.56536	16.74532463	95832.24581	0	0
proton	938.272013	4.636293506	95832.24581	0	0
neutron	939.56536	0.6837297278	95832.24581	0	0
Si31	28846.21977	0.4607023913	95832.24581	0	0
neutron	939.56536	1.894819792	96154.83569	0	0
S34	31632.70018	0.1400582615	96154.83569	0	0
Cl37	34424.84314	0.07122730105	96108.11715	49.45685516	49.36910118
neutron	939.56536	3.545141189	96073.31486	0	0
neutron	939.56536	0.5908387222	96073.31486	0	0
S33	30704.55199	0.3296445358	96073.31486	0	0
neutron	939.56536	12.98171881	96210.49194	0	0
proton	938.272013	5.949156517	96210.49194	0	0
neutron	939.56536	1.194911463	96210.49194	0	0
F20	18625.26686	1.493583896	96210.49194	0	0
neutron	939.56536	5.618969077	95975.75356	0	0
neutron	939.56536	2.949307057	95975.75356	0	0
deuteron	1875.613	5.416879778	95975.75356	0	0
P31	28844.21869	0.941720077	95975.75356	0	0
proton	938.272013	34.29689353	95986.68985	0	0
neutron	939.56536	2.887823999	95986.68985	0	0
neutron	939.56536	2.341385708	95986.68985	0	0
neutron	939.56536	0.6263637082	95986.68985	0	0
P31	28844.21869	0.4461573222	95986.68985	0	0
neutron	939.56536	26.46362312	96021.94068	0	0
proton	938.272013	1.670816967	96021.94068	0	0
triton	2808.921	8.059174274	96021.94068	0	0
O18	16762.02378	2.511970966	96021.94068	0	0
neutron	939.56536	30.62312737	95962.26793	0	0
neutron	939.56536	8.328085418	95962.26793	0	0
neutron	939.56536	1.581382188	95962.26793	0	0
neutron	939.56536	1.471597905	95962.26793	0	0
S33	30704.55199	0.7332425107	95962.26793	0	0
neutron	939.56536	0.9878164638	95926.53366	0	0
S36	33494.9558	0.2351163859	95926.53366	0	0
neutron	939.56536	7.651136874	96070.55384	0	0
neutron	939.56536	4.41907314	96070.55384	0	0
neutron	939.56536	0.3308537467	96070.55384	0	0
Ne20	18617.73218	1.080718141	96070.55384	0	0
neutron	939.56536	9.106246995	96253.71457	0	0
neutron	939.56536	8.809128035	96253.71457	0	0
proton	938.272013	5.024658217	96253.71457	0	0
proton	938.272013	3.816864288	96253.71457	0	0
neutron	939.56536	1.252159529	96253.71457	0	0
Si30	27913.24182	0.2958630301	96253.71457	0	0
neutron	939.56536	22.544816	96153.69313	0	0
neutron	939.56536	14.28996025	96153.69313	0	0
neutron	939.56536	1.451180559	96153.69313	0	0
alpha	3727.379	7.651106842	96153.69313	0	0
O16	14895.08153	1.34046942	96153.69313	0	0
Cl37	34424.84314	0.2916543071	97715.71448	544.3656808	543.7352058
neutron	939.56536	0.8534013406	96241.7588	0	0
S36	33494.9558	0.2093706056	96241.7588	0	0
neutron	939.56536	24.04743903	96082.08897	0	0
neutron	939.56536	1.685148377	96082.08897	0	0
neutron	939.56536	1.035741545	96082.08897	0	0
alpha	3727.379	8.594354998	96082.08897	0	0
Si28	26053.19393	3.498658635	96082.08897	0	0
neutron	939.56536	0.5349145257	95924.54425	0	0
S34	31632.70018	0.173889389	95924.54425	0	0
Na23	21409.21625	0.1828104649	96284.76061	179.0406274	178.6582459
neutron	939.56536	4.354350494	95979.99076	0	0
neutron	939.56536	1.211911128	95979.99076	0	0
neutron	939.56536	1.084498816	95979.99076	0	0
S32	29773.62828	0.5577868112	95979.99076	0	0
neutron	939.56536	1.152773745	95845.1828	0	0
S34	31632.70018	0.1299331896	95845.1828	0	0
S35	32565.27968	0.1564044285	96084.90276	0	0
neutron	939.56536	0.7689365444	95962.12104	0	0
Ne22	20479.73746	0.3715776521	95962.12104	0	0
neutron	939.56536	0.5283524886	95942.39634	0	0
S34	31632.70018	0.2210957598	95942.39634	0	0
Cl37	34424.84314	0.1508515432	99738.19894	1411.452685	1411.238301
Ne23	21414.10216	0.1997092736	95827.90914	0	0
neutron	939.56536	4.2996097	95882.3227	0	0
neutron	939.56536	2.61203291	95882.3227	0	0
alpha	3727.379	10.37767297	95882.3227	0	0
Si29	26984.28567	1.09956611	95882.3227	0	0
S37	34430.21755	0.1394804234	96515.70401	0	0
Cl37	34424.84314	0.1274048201	98098.42727	813.7239431	813.359385
neutron	939.56536	2.234471358	96085.0502	0	0
Ne22	20479.73746	0.392301118	96085.0502	0	0
S35	32565.27968	0.1521583031	95904.42074	0	0
neutron	939.56536	25.76880908	95867.64473	0	0
neutron	939.56536	5.375916186	95867.64473	0	0
neutron	939.56536	2.497957886	95867.64473	0	0
Ne20	18617.73218	0.5140489267	95867.64473	0	0
neutron	939.56536	1.428984147	95936.60181	0	0
S34	31632.70018	0.1453047907	95936.60181	0	0
neutron	939.56536	0.1373454402	96127.31259	0	0
Ne22	20479.73746	0.2863176319	96127.31259	0	0
S35	32565.27968	0.1545174312	96073.84799	0	0
neutron	939.56536	1.187095548	95848.94789	0	0
neutron	939.56536	0.232483571	95848.94789	0	0
S33	30704.55199	0.2636361166	95848.94789	0	0
neutron	939.56536	0.04735407466	96019.28595	0	0
S34	31632.70018	0.169389404	96019.28595	0	0
proton	938.272013	2.571755573	95990.42984	0	0
neutron	939.56536	1.962367467	95990.42984	0	0
neutron	939.56536	0.409998321	95990.42984	0	0
P34	31638.59261	0.05791775668	95990.42984	0	0
proton	938.272013	5.748588406	96241.81665	0	0
neutron	939.56536	1.661132635	96241.81665	0	0
neutron	939.56536	1.568581793	96241.81665	0	0
F20	18625.26686	0.7924447479	96241.81665	0	0
Cl35	32564.60306	0.1166146628	99000.28505	1129.752671	1129.331043
Ne23	21414.10216	0.1999652951	95926.60535	0	0
S35	32565.27968	0.1611653475	95924.67079	0	0
proton	938.272013	25.15790176	95999.4623	0	0
proton	938.272013	7.923480993	95999.4623	0	0
neutron	939.56536	2.966252004	95999.4623	0	0
neutron	939.56536	1.2158314	95999.4623	0	0
neutron	939.56536	0.7237108146	95999.4623	0	0
neutron	939.56536	0.2697392844	95999.4623	0	0
Si29	26984.28567	1.579158704	95999.4623	0	0
Cl35	32564.60306	0.0819140945	96902.97821	381.0402881	380.9074799
neutron	939.56536	21.03328788	95951.36487	0	0
neutron	939.56536	2.910083036	95951.36487	0	0
S33	30704.55199	0.9478977784	95951.36487	0	0
Na23	21409.21625	0.1605140431	99814.81245	1426.311076	1426.097616
neutron	939.56536	3.245339833	95874.16319	0	0
Ne22	20479.73746	0.3743817113	95874.16319	0	0
neutron	939.56536	8.865380223	95971.85488	0	0
neutron	939.56536	2.881607736	95971.85488	0	0
neutron	939.56536	0.235549866	95971.85488	0	0
Ne20	18617.73218	0.2361407103	95971.85488	0	0
Cl35	32564.60306	0.1319144299	96163.82224	121.6529718	121.2887604
neutron	939.56536	1.518886297	95956.14797	0	0
Ne22	20479.73746	0.2311030535	95956.14797	0	0
S35	32565.27968	0.1554373791	95972.16849	0	0
neutron	939.56536	0.6542962939	95991.0377	0	0
S34	31632.70018	0.1467570511	95991.0377	0	0
S35	32565.27968	0.15907317	96026.60199	0	0
proton	938.272013	18.21403157	95846.18022	0	0
neutron	939.56536	6.733906319	95846.18022	0	0
neutron	939.56536	2.363727712	95846.18022	0	0
neutron	939.56536	1.928227757	95846.18022	0	0
F19	17692.30285	1.531302857	95846.18022	0	0
S37	34430.21755	0.1379879261	96145.2264	0	0
S35	32565.27968	0.1386207639	95903.37005	0	0
neutron	939.56536	0.9427601211	95937.83605	0	0
S34	31632.70018	0.1492322686	95937.83605	0	0
proton	938.272013	13.42700329	96291.21577	0	0
neutron	939.56536	4.897671155	96291.21577	0	0
neutron	939.56536	2.346545252	96291.21577	0	0
P32	29775.84838	1.047263017	96291.21577	0	0
proton	938.272013	22.41121157	96083.05509	0	0
neutron	939.56536	3.054877154	96083.05509	0	0
P35	32569.77755	0.3423526834	96083.05509	0	0
S37	34430.21755	0.1389389417	96283.61737	0	0
Ne23	21414.10216	0.2080047358	96023.19487	0	0
Na23	21409.21625	0.2741671984	99626.54779	1362.612982	1362.306325
neutron	939.56536	0.113255927	96089.29602	0	0
Ne22	20479.73746	0.1638980868	96089.29602	0	0
Cl35	32564.60306	0.7966104089	98485.03236	927.1990462	926.3623229
Cl35	32564.60306	0.07952975158	99276.88768	1248.383143	1248.073405
neutron	939.56536	0.935588155	95797.2439	0	0
S34	31632.70018	0.1317932354	95797.2439	0	0
Ne23	21414.10216	0.232433229	96259.25973	0	0
proton	938.272013	4.033189693	95944.14425	0	0
neutron	939.56536	1.944715037	95944.14425	0	0
P33	30705.30994	0.1951964295	95944.14425	0	0
neutron	939.56536	19.08188627	95989.88259	0	0
neutron	939.56536	7.971541889	95989.88259	0	0
neutron	939.56536	3.387391435	95989.88259	0	0
neutron	939.56536	2.865920082	95989.88259	0	0
S31	28849.10726	2.080911992	95989.88259	0	0
neutron	939.56536	0.891497446	96007.59961	0	0
Ne22	20479.73746	0.2753996116	96007.59961	0	0
S37	34430.21755	0.1276468763	95896.43474	0	0
neutron	939.56536	2.468385523	96097.59057	0	0
neutron	939.56536	0.804711744	96097.59057	0	0
Ne21	19550.53637	0.3818901636	96097.59057	0	0
Na23	21409.21625	0.2138129885	98594.16656	946.5027245	946.266643
neutron	939.56536	0.2149819928	96005.51264	0	0
S36	33494.9558	0.1122475908	96005.51264	0	0
S37	34430.21755	0.1435690455	95958.99991	0	0
neutron	939.56536	20.6943503	96003.51067	0	0
proton	938.272013	19.24560748	96003.51067	0	0
P35	32569.77755	0.2562980953	96003.51067	0	0
Na23	21409.21625	0.1548549611	98646.64097	891.8470958	891.5676889
S35	32565.27968	0.1508851339	96257.66428	0	0
Cl35	32564.60306	0.1132418926	99448.00776	1316.840106	1316.647742
Ne23	21414.10216	0.2266317803	96168.02686	0	0
neutron	939.56536	1.475190883	96181.61027	0	0
alpha	3727.379	10.47355558	96181.61027	0	0
O18	16762.02378	2.202805412	96181.61027	0	0
Ne23	21414.10216	0.2241340243	96044.13629	0	0
neutron	939.56536	10.44257827	96161.46777	0	0
neutron	939.56536	9.089514525	96161.46777	0	0
neutron	939.56536	8.134763196	96161.46777	0	0
proton	938.272013	2.146702544	96161.46777	0	0
alpha	3727.379	5.521413951	96161.46777	0	0
N15	13968.93638	3.448187175	96161.46777	0	0
Cl35	32564.60306	0.8241733731	96132.39665	90.64126702	89.65780258
neutron	939.56536	6.174577964	95893.11337	0	0
neutron	939.56536	3.197918791	95893.11337	0	0
neutron	939.56536	1.989771821	95893.11337	0	0
Ne20	18617.73218	0.4356613694	95893.11337	0	0
Cl35	32564.60306	0.1142975193	96976.00938	418.1113244	417.8489885
S37	34430.21755	0.1417950515	95901.8082	0	0
neutron	939.56536	0.1425887747	95985.36433	0	0
Ne22	20479.73746	0.1988769444	95985.36433	0	0
proton	938.272013	16.85636256	95955.02955	0	0
neutron	939.56536	10.69282204	95955.02955	0	0
neutron	939.56536	2.066262163	95955.02955	0	0
neutron	939.56536	0.2457357813	95955.02955	0	0
deuteron	1875.613	7.374212935	95955.02955	0	0
Si29	26984.28567	0.2843004403	95955.02955	0	0
neutron	939.56536	2.409115757	96111.26505	0	0
Ne22	20479.73746	0.1005255103	96111.26505	0	0
neutron	939.56536	1.004120939	96057.72414	0	0
S34	31632.70018	0.1896233441	96057.72414	0	0
Cl37	34424.84314	0.171698014	97975.37721	758.6670933	758.4471267
neutron	939.56536	5.788617224	96013.37301	0	0
proton	938.272013	4.789257219	96013.37301	0	0
neutron	939.56536	0.9218322563	96013.37301	0	0
neutron	939.56536	0.4286348001	96013.37301	0	0
deuteron	1875.613	19.12769091	96013.37301	0	0
Si31	28846.21977	1.360769524	96013.37301	0	0
Cl37	34424.84314	0.0639290875	96153.2171	50.32205524	50.03061265
Na23	21409.21625	0.1918607894	99847.25925	1445.095421	1444.698219
S35	32565.27968	0.1667671454	95886.35527	0	0
neutron	939.56536	7.110971292	96015.66658	0	0
S34	31632.70018	0.4198851913	96015.66658	0	0
Na23	21409.21625	0.4170223137	97410.63323	561.9196541	561.4967374
Na23	21409.21625	0.2031115121	96206.33863	95.25599218	94.7696282
S35	32565.27968	0.1596032253	96417.32935	0	0
neutron	939.56536	1.865915558	96047.49952	0	0
neutron	939.56536	1.61318117	96047.49952	0	0
S35	32565.27968	0.07755284934	96047.49952	0	0
neutron	939.56536	2.500701946	96066.23028	0	0
S34	31632.70018	0.2482946269	96066.23028	0	0
neutron	939.56536	0.06724193101	96038.97669	0	0
S34	31632.70018	0.143084999	96038.97669	0	0
neutron	939.56536	2.916899326	96029.93196	0	0
Ne22	20479.73746	0.3413768756	96029.93196	0	0
proton	938.272013	4.453329785	95991.09366	0	0
deuteron	1875.613	10.674775	95991.09366	0	0
O20	18629.59082	0.3322349532	95991.09366	0	0
Cl37	34424.84314	0.06747554245	97500.47821	624.4575093	623.9996495
Cl35	32564.60306	0.2990251994	96902.46859	414.396253	413.8547781
proton	938.272013	20.84214581	95929.25617	0	0
neutron	939.56536	1.086870917	95929.25617	0	0
neutron	939.56536	0.4378113104	95929.25617	0	0
neutron	939.56536	0.1608859865	95929.25617	0	0
P31	28844.21869	0.7905012226	95929.25617	0	0
neutron	939.56536	2.28411442	95923.18616	0	0
Ne22	20479.73746	0.1891195435	95923.18616	0	0
neutron	939.56536	14.08341712	95974.38911	0	0
proton	938.272013	10.89541058	95974.38911	0	0
neutron	939.56536	8.035509992	95974.38911	0	0
neutron	939.56536	1.201453144	95974.38911	0	0
P31	28844.21869	0.28533321	95974.38911	0	0
neutron	939.56536	6.549626101	95933.22901	0	0
neutron	939.56536	2.426905692	95933.22901	0	0
neutron	939.56536	1.687805666	95933.22901	0	0
Ne20	18617.73218	0.5811327213	95933.22901	0	0
S35	32565.27968	0.1479835416	96002.68532	0	0
Cl35	32564.60306	0.2279974724	97665.73803	661.6664074	661.4047478
Cl35	32564.60306	0.5130363773	96311.48606	98.52715213	97.97156896
Ne23	21414.10216	0.2313281291	96041.76725	0	0
neutron	939.56536	0.7792148226	96178.90016	0	0
neutron	939.56536	0.51805745	96178.90016	0	0
S35	32565.27968	0.2206426951	96178.90016	0	0
S37	34430.21755	0.1383256238	96016.86374	0	0
Ne23	21414.10216	0.2264816094	95905.43976	0	0
Ne23	21414.10216	0.2022383696	96098.93184	0	0
neutron	939.56536	3.672654193	96021.21284	0	0
neutron	939.56536	2.918983148	96021.21284	0	0
S33	30704.55199	0.3128904478	96021.21284	0	0
S35	32565.27968	0.155940659	96103.12994	0	0
proton	938.272013	3.953709872	95896.55381	0	0
neutron	939.56536	1.930639869	95896.55381	0	0
P33	30705.30994	0.1426114043	95896.55381	0	0
neutron	939.56536	0.5522006607	96015.05483	0	0
Ne22	20479.73746	0.3259180775	96015.05483	0	0
neutron	939.56536	1.642399941	96522.49751	0	0
S34	31632.70018	0.0316334032	96522.49751	0	0
neutron	939.56536	0.0539135923	96111.01169	0	0
S34	31632.70018	0.1297748902	96111.01169	0	0
neutron	939.56536	0.9096561323	95800.64993	0	0
S34	31632.70018	0.06668906859	95800.64993	0	0
neutron	939.56536	1.354338022	95921.13851	0	0
S36	33494.9558	0.1719213287	95921.13851	0	0
neutron	939.56536	3.308917826	96207.89597	0	0
S36	33494.9558	0.1021561313	96207.89597	0	0
Ne23	21414.10216	0.233170499	96189.7216	0	0
Cl37	34424.84314	0.07222642021	99921.32035	1475.205406	1475.081334
Na23	21409.21625	0.1662990241	96885.11787	346.1361373	345.8001043
S35	32565.27968	0.1576398718	96073.57444	0	0
neutron	939.56536	4.654909285	95896.56964	0	0
neutron	939.56536	3.251985211	95896.56964	0	0
Ne21	19550.53637	1.097908279	95896.56964	0	0
neutron	939.56536	1.227750422	96080.65856	0	0
S34	31632.70018	0.2567776649	96080.65856	0	0
neutron	939.56536	12.00467161	95949.95914	0	0
neutron	939.56536	3.227824817	95949.95914	0	0
neutron	939.56536	3.140695205	95949.95914	0	0
deuteron	1875.613	5.319082095	95949.95914	0	0
P32	29775.84838	0.5927605197	95949.95914	0	0
proton	938.272013	16.69148483	95989.07461	0	0
proton	938.272013	4.073574123	95989.07461	0	0
neutron	939.56536	2.829618896	95989.07461	0	0
neutron	939.56536	2.304260977	95989.07461	0	0
neutron	939.56536	1.034680044	95989.07461	0	0
neutron	939.56536	0.7550685928	95989.07461	0	0
Si29	26984.28567	1.19697648	95989.07461	0	0
neutron	939.56536	1.64243316	96239.33967	0	0
neutron	939.56536	0.1969576851	96239.33967	0	0
S33	30704.55199	0.04404750462	96239.33967	0	0
Cl37	34424.84314	0.06235561706	98896.4295	1068.560338	1068.348462
Cl37	34424.84314	0.0917688499	97264.10418	421.0807444	420.9005546
neutron	939.56536	2.353793351	96122.39202	0	0
S34	31632.70018	0.3530680223	96122.39202	0	0
Cl35	32564.60306	0.1396460466	97561.1291	610.5115574	610.2292266
neutron	939.56536	13.21960915	95993.00508	0	0
neutron	939.56536	2.074530234	95993.00508	0	0
neutron	939.56536	0.2760372418	95993.00508	0	0
S34	31632.70018	0.2151381677	95993.00508	0	0
proton	938.272013	11.78777561	96048.14373	0	0
proton	938.272013	7.886066116	96048.14373	0	0
neutron	939.56536	7.207504364	96048.14373	0	0
neutron	939.56536	0.540042071	96048.14373	0	0
Si31	28846.21977	0.3437647005	96048.14373	0	0
neutron	939.56536	0.6885082179	96077.70876	0	0
S34	31632.70018	0.1095169426	96077.70876	0	0
Cl35	32564.60306	0.2758716847	96578.17041	274.658897	274.2243133
neutron	939.56536	0.9193618252	96012.78862	0	0
S36	33494.9558	0.09772048585	96012.78862	0	0
Cl35	32564.60306	0.175323891	96167.18851	109.3258383	108.925739
neutron	939.56536	5.720580905	95992.77603	0	0
neutron	939.56536	1.535607691	95992.77603	0	0
neutron	939.56536	0.08959288046	95992.77603	0	0
Ne20	18617.73218	0.9771225237	95992.77603	0	0
Cl35	32564.60306	0.07907403657	96141.03758	55.81894091	55.53547865
Ne23	21414.10216	0.2266734724	96088.83475	0	0
Ne23	21414.10216	0.2199462067	95954.88693	0	0
neutron	939.56536	5.90485566	96094.14389	0	0
S34	31632.70018	0.01061470104	96094.14389	0	0
Na23	21409.21625	0.1486717792	98510.17934	972.3625667	972.1042389
neutron	939.56536	3.801402372	95821.75185	0	0
neutron	939.56536	1.716706866	95821.75185	0	0
neutron	939.56536	0.3227630401	95821.75185	0	0
S34	31632.70018	0.2171344953	95821.75185	0	0
Na23	21409.21625	0.3124996514	96583.29305	255.019559	254.5892118
S35	32565.27968	0.1661537314	95988.61179	0	0
S35	32565.27968	0.1604563781	95901.5806	0	0
Ne23	21414.10216	0.2340819178	96204.9718	0	0
Cl35	32564.60306	0.0783116175	99787.78571	1425.073032	1424.978691
neutron	939.56536	11.81754864	95979.56086	0	0
proton	938.272013	2.669176877	95979.56086	0	0
neutron	939.56536	0.8385806793	95979.56086	0	0
P32	29775.84838	0.7432023921	95979.56086	0	0
S35	32565.27968	0.1658059871	95987.4778	0	0
neutron	939.56536	1.542962962	95964.96555	0	0
neutron	939.56536	0.7281011314	95964.96555	0	0
Ne21	19550.53637	0.716005419	95964.96555	0	0
neutron	939.56536	1.323882163	95962.38772	0	0
Ne22	20479.73746	0.398437949	95962.38772	0	0
Na23	21409.21625	0.3855352954	97351.93559	526.0981889	525.5096584
neutron	939.56536	9.712278113	96044.14837	0	0
Ne22	20479.73746	0.4578842065	96044.14837	0	0
Na23	21409.21625	0.1776434736	97648.00489	635.819273	635.597455
neutron	939.56536	0.3585435975	95985.37609	0	0
Ne22	20479.73746	0.233112968	95985.37609	0	0
proton	938.272013	6.841767752	96059.4512	0	0
proton	938.272013	3.288341557	96059.4512	0	0
neutron	939.56536	2.409434159	96059.4512	0	0
Si32	29776.58515	0.7270779551	96059.4512	0	0
neutron	939.56536	10.70317405	95988.49854	0	0
neutron	939.56536	3.20822739	95988.49854	0	0
neutron	939.56536	0.2256186806	95988.49854	0	0
alpha	3727.379	9.205797908	95988.49854	0	0
alpha	3727.379	4.339037334	95988.49854	0	0
C12	11174.86339	6.331024248	95988.49854	0	0
Cl35	32564.60306	0.07111587512	96368.54025	216.8309841	216.445222
neutron	939.56536	11.61730535	95880.35309	0	0
neutron	939.56536	3.61259497	95880.35309	0	0
neutron	939.56536	0.54151503	95880.35309	0	0
Ne20	18617.73218	0.1307186628	95880.35309	0	0
Cl35	32564.60306	0.1645134388	99030.55571	1146.31904	1145.867499
neutron	939.56536	26.51736697	96000.35933	0	0
neutron	939.56536	3.831720824	96000.35933	0	0
neutron	939.56536	1.312675274	96000.35933	0	0
alpha	3727.379	10.20395013	96000.35933	0	0
Si30	27913.24182	2.616739664	96000.35933	0	0
Cl35	32564.60306	0.1726132904	97505.33624	626.292291	625.9408941
neutron	939.56536	3.759305067	95944.71914	0	0
neutron	939.56536	3.756372408	95944.71914	0	0
neutron	939.56536	0.6914477207	95944.71914	0	0
S34	31632.70018	0.3080849507	95944.71914	0	0
neutron	939.56536	15.29969031	96013.5259	0	0
neutron	939.56536	4.802845059	96013.5259	0	0
neutron	939.56536	1.099879612	96013.5259	0	0
alpha	3727.379	4.892372013	96013.5259	0	0
O16	14895.08153	4.497925099	96013.5259	0	0
Ne23	21414.10216	0.231393511	95913.73846	0	0
neutron	939.56536	0.7542158443	96117.32604	0	0
S34	31632.70018	0.09047119855	96117.32604	0	0
neutron	939.56536	28.43759606	96021.79794	0	0
proton	938.272013	9.605070413	96021.79794	0	0
proton	938.272013	5.742872847	96021.79794	0	0
neutron	939.56536	0.6616713171	96021.79794	0	0
Si31	28846.21977	0.6534215943	96021.79794	0	0
neutron	939.56536	2.910792201	96112.37682	0	0
S34	31632.70018	0.3039689261	96112.37682	0	0
neutron	939.56536	16.27665024	96249.51324	0	0
neutron	939.56536	0.7460647223	96249.51324	0	0
neutron	939.56536	0.345178025	96249.51324	0	0
S34	31632.70018	0.8572348206	96249.51324	0	0
Na23	21409.21625	0.2256692038	96753.02831	306.9297344	306.7036725
proton	938.272013	5.673156877	96033.35189	0	0
neutron	939.56536	5.24175557	96033.35189	0	0
triton	2808.921	3.817722733	96033.35189	0	0
Si30	27913.24182	0.7283268925	96033.35189	0	0
Ne23	21414.10216	0.2212237871	95980.21558	0	0
Cl37	34424.84314	0.06802964174	99994.46532	1499.728714	1499.404193
neutron	939.56536	1.493832815	95923.83429	0	0
neutron	939.56536	0.5156472161	95923.83429	0	0
S35	32565.27968	0.106049878	95923.83429	0	0
proton	938.272013	26.34600867	96305.8695	0	0
neutron	939.56536	5.872842537	96305.8695	0	0
neutron	939.56536	5.339093056	96305.8695	0	0
deuteron	1875.613	4.27248952	96305.8695	0	0
O18	16762.02378	2.763663989	96305.8695	0	0
proton	938.272013	14.19086709	95767.90262	0	0
neutron	939.56536	10.49812944	95767.90262	0	0
neutron	939.56536	3.648145944	95767.90262	0	0
neutron	939.56536	0.3987131081	95767.90262	0	0
F19	17692.30285	0.9539094397	95767.90262	0	0
proton	938.272013	5.922747768	96131.50167	0	0
neutron	939.56536	4.804122213	96131.50167	0	0
P33	30705.30994	0.09300511106	96131.50167	0	0
Cl35	32564.60306	0.1380707112	95922.72131	53.24585952	52.93444943
neutron	939.56536	0.07578732594	95882.16765	0	0
S34	31632.70018	0.1312626954	95882.16765	0	0
Cl35	32564.60306	0.3280661254	98364.24634	926.6163861	926.018935
neutron	939.56536	3.263492776	95909.21298	0	0
S34	31632.70018	0.2961632391	95909.21298	0	0
neutron	939.56536	3.041788661	95923.7211	0	0
neutron	939.56536	1.534315016	95923.7211	0	0
Ne21	19550.53637	0.39791168	95923.7211	0	0
Cl35	32564.60306	0.6003373348	97322.43117	502.0194553	500.8361395
Cl35	32564.60306	0.8339379885	96823.81012	327.8014635	326.7958464
neutron	939.56536	0.2026766057	96119.60038	0	0
S34	31632.70018	0.1552893527	96119.60038	0	0
S37	34430.21755	0.138566173	96051.72856	0	0
neutron	939.56536	4.933682058	96071.78817	0	0
S36	33494.9558	0.09934681229	96071.78817	0	0
neutron	939.56536	3.09207948	96053.94226	0	0
S34	31632.70018	0.008013985276	96053.94226	0	0
neutron	939.56536	0.4105450458	95801.03504	0	0
S34	31632.70018	0.1981232641	95801.03504	0	0
Ne23	21414.10216	0.2183573126	96113.89102	0	0
neutron	939.56536	0.5347815002	95965.49103	0	0
S34	31632.70018	0.07523450373	95965.49103	0	0
neutron	939.56536	35.94597557	96076.22108	0	0
neutron	939.56536	8.161222742	96076.22108	0	0
neutron	939.56536	5.278421614	96076.22108	0	0
alpha	3727.379	4.902980849	96076.22108	0	0
O16	14895.08153	1.389987709	96076.22108	0	0
Na23	21409.21625	0.1007575946	96910.18807	317.8676166	317.7313489
proton	938.272013	19.34789279	96008.7712	0	0
neutron	939.56536	1.610176513	96008.7712	0	0
deuteron	1875.613	21.316879	96008.7712	0	0
Si31	28846.21977	0.8095684849	96008.7712	0	0
neutron	939.56536	1.088397625	96009.55083	0	0
S36	33494.9558	0.1821325222	96009.55083	0	0
neutron	939.56536	3.437838297	95897.25964	0	0
Ne22	20479.73746	0.0849011067	95897.25964	0	0
S35	32565.27968	0.1396450297	96032.07313	0	0
neutron	939.56536	5.639082927	95847.5672	0	0
neutron	939.56536	2.415569234	95847.5672	0	0
neutron	939.56536	1.151089398	95847.5672	0	0
S32	29773.62828	1.053550663	95847.5672	0	0
neutron	939.56536	12.31610437	96096.36624	0	0
neutron	939.56536	1.440054226	96096.36624	0	0
S33	30704.55199	0.2276463531	96096.36624	0	0
neutron	939.56536	1.604136289	96050.58022	0	0
neutron	939.56536	1.372036618	96050.58022	0	0
neutron	939.56536	1.192337649	96050.58022	0	0
alpha	3727.379	6.376825089	96050.58022	0	0
Si28	26053.19393	1.079163234	96050.58022	0	0
neutron	939.56536	3.308599645	96061.07145	0	0
neutron	939.56536	2.644991405	96061.07145	0	0
neutron	939.56536	2.356414161	96061.07145	0	0
S34	31632.70018	0.0316086339	96061.07145	0	0
Cl35	32564.60306	0.2603122427	98085.29442	798.5703481	798.1200248
neutron	939.56536	0.694149444	96024.55049	0	0
Ne22	20479.73746	0.1031968063	96024.55049	0	0
neutron	939.56536	31.6719909	95974.88549	0	0
proton	938.272013	3.251672097	95974.88549	0	0
neutron	939.56536	2.35310548	95974.88549	0	0
neutron	939.56536	0.7330147389	95974.88549	0	0
P31	28844.21869	0.8740098276	95974.88549	0	0
neutron	939.56536	6.635391468	96009.62968	0	0
triton	2808.921	3.974737919	96009.62968	0	0
F19	17692.30285	0.5146440443	96009.62968	0	0
Cl35	32564.60306	0.2353446402	99546.54343	1282.1876	1281.663096
Cl35	32564.60306	0.1012867145	98238.05113	736.0054881	735.3377931
neutron	939.56536	1.589052132	96313.95855	0	0
S34	31632.70018	0.1557349948	96313.95855	0	0
neutron	939.56536	0.5474564883	95935.08805	0	0
S34	31632.70018	0.1117087729	95935.08805	0	0
Cl35	32564.60306	0.09868074224	98422.97446	851.0169827	850.675837
S35	32565.27968	0.1506898394	96161.71275	0	0
Na23	21409.21625	0.1035745464	99726.95125	1404.014143	1403.796404
neutron	939.56536	7.88289814	96066.57981	0	0
neutron	939.56536	3.58831634	96066.57981	0	0
neutron	939.56536	0.5134546931	96066.57981	0	0
S34	31632.70018	0.05110069043	96066.57981	0	0
neutron	939.56536	5.757563824	96110.29938	0	0
neutron	939.56536	2.442653189	96110.29938	0	0
alpha	3727.379	8.942061956	96110.29938	0	0
Si29	26984.28567	1.911605446	96110.29938	0	0
Ne23	21414.10216	0.2185320196	95856.46749	0	0
Ne23	21414.10216	0.2060745068	96221.54193	0	0
neutron	939.56536	0.9799274298	95972.03536	0	0
Ne22	20479.73746	0.2557537422	95972.03536	0	0
proton	938.272013	6.711558383	96420.75672	0	0
neutron	939.56536	5.072345649	96420.75672	0	0
neutron	939.56536	4.455729008	96420.75672	0	0
neutron	939.56536	0.2325761936	96420.75672	0	0
F19	17692.30285	0.5338099643	96420.75672	0	0
neutron	939.56536	1.944057211	96043.83683	0	0
S34	31632.70018	0.02553538364	96043.83683	0	0
neutron	939.56536	12.02178689	96104.12599	0	0
neutron	939.56536	11.89577126	96104.12599	0	0
proton	938.272013	2.067860632	96104.12599	0	0
neutron	939.56536	1.697664511	96104.12599	0	0
alpha	3727.379	5.684555303	96104.12599	0	0
N15	13968.93638	1.38446983	96104.12599	0	0
neutron	939.56536	10.86918855	96143.13255	0	0
neutron	939.56536	4.307481573	96143.13255	0	0
neutron	939.56536	3.09217155	96143.13255	0	0
neutron	939.56536	1.772996908	96143.13255	0	0
Ne19	17695.03214	0.8237802644	96143.13255	0	0
neutron	939.56536	34.44463129	96067.07321	0	0
neutron	939.56536	30.08176594	96067.07321	0	0
neutron	939.56536	2.709994142	96067.07321	0	0
Ne20	18617.73218	0.3926974915	96067.07321	0	0
Na23	21409.21625	0.1924935668	99904.03064	1471.087289	1470.85889
neutron	939.56536	9.324705246	95986.43633	0	0
neutron	939.56536	4.135579985	95986.43633	0	0
proton	938.272013	4.025422178	95986.43633	0	0
neutron	939.56536	1.963598477	95986.43633	0	0
P31	28844.21869	0.5413979667	95986.43633	0	0
proton	938.272013	4.026505559	95936.6621	0	0
neutron	939.56536	3.538962367	95936.6621	0	0
neutron	939.56536	2.731412142	95936.6621	0	0
neutron	939.56536	0.911582447	95936.6621	0	0
P33	30705.30994	0.2273357648	95936.6621	0	0
neutron	939.56536	0.292095632	95957.01007	0	0
S34	31632.70018	0.08748507276	95957.01007	0	0
Ne23	21414.10216	0.2230140981	96259.82091	0	0
Cl35	32564.60306	0.1625529282	98245.08511	810.6415618	810.3840515
neutron	939.56536	3.075353946	96111.48015	0	0
S34	31632.70018	0.2928900644	96111.48015	0	0
Cl37	34424.84314	0.129520867	99047.24686	1033.906117	1033.698449
Ne23	21414.10216	0.2236637006	96512.00294	0	0
neutron	939.56536	3.357906789	96495.47334	0	0
neutron	939.56536	1.837616148	96495.47334	0	0
S35	32565.27968	0.2592490905	96495.47334	0	0
neutron	939.56536	1.847363916	96067.51287	0	0
S34	31632.70018	0.1044640797	96067.51287	0	0
Na23	21409.21625	0.2479450078	99541.79168	1302.309676	1302.021002
neutron	939.56536	18.4529596	96233.32569	0	0
proton	938.272013	6.825998448	96233.32569	0	0
neutron	939.56536	1.578891125	96233.32569	0	0
neutron	939.56536	0.3324340096	96233.32569	0	0
deuteron	1875.613	5.887619804	96233.32569	0	0
Si29	26984.28567	1.075707889	96233.32569	0	0
S35	32565.27968	0.1496637792	95930.79321	0	0
Na23	21409.21625	0.1012142985	99879.22374	1458.039353	1457.845597
neutron	939.56536	1.081123327	96085.98388	0	0
Ne22	20479.73746	0.1857617292	96085.98388	0	0
S35	32565.27968	0.1625708938	95966.71207	0	0
neutron	939.56536	38.94031402	96036.82416	0	0
neutron	939.56536	16.85848441	96036.82416	0	0
neutron	939.56536	3.026121198	96036.82416	0	0
S32	29773.62828	1.083499302	96036.82416	0	0
neutron	939.56536	1.623202383	96010.77546	0	0
neutron	939.56536	1.238705173	96010.77546	0	0
S33	30704.55199	0.09084685571	96010.77546	0	0
proton	938.272013	5.662215192	95951.37994	0	0
neutron	939.56536	4.147519986	95951.37994	0	0
neutron	939.56536	1.346970513	95951.37994	0	0
P32	29775.84838	0.07099526881	95951.37994	0	0
neutron	939.56536	0.1782283723	95944.28606	0	0
S34	31632.70018	0.20488924	95944.28606	0	0
neutron	939.56536	9.346806918	95894.49229	0	0
proton	938.272013	4.199631608	95894.49229	0	0
neutron	939.56536	1.155596474	95894.49229	0	0
P32	29775.84838	0.7495129774	95894.49229	0	0
S37	34430.21755	0.139120714	96101.39238	0	0
Cl37	34424.84314	0.4132066091	99180.39654	1119.91633	1119.272275
proton	938.272013	18.02158919	96413.20481	0	0
neutron	939.56536	7.236389508	96413.20481	0	0
neutron	939.56536	5.123906732	96413.20481	0	0
neutron	939.56536	3.695380328	96413.20481	0	0
neutron	939.56536	1.619143103	96413.20481	0	0
P32	29775.84838	0.7877953375	96413.20481	0	0
proton	938.272013	19.68510719	96140.12842	0	0
neutron	939.56536	7.466109872	96140.12842	0	0
neutron	939.56536	2.481602816	96140.12842	0	0
P34	31638.59261	0.2794017625	96140.12842	0	0
neutron	939.56536	0.9236809721	95802.50453	0	0
S34	31632.70018	0.09387648539	95802.50453	0	0
Ne23	21414.10216	0.2078093355	95921.51971	0	0
neutron	939.56536	7.200320324	95884.26828	0	0
Ne22	20479.73746	0.1109894263	95884.26828	0	0
Na23	21409.21625	0.1537375873	99104.09699	1150.096463	1149.846347
Ne23	21414.10216	0.2289275335	95966.20839	0	0
neutron	939.56536	20.81146335	95892.86115	0	0
neutron	939.56536	11.27718938	95892.86115	0	0
neutron	939.56536	7.683321304	95892.86115	0	0
proton	938.272013	2.073000777	95892.86115	0	0
P33	30705.30994	1.850233762	95892.86115	0	0
proton	938.272013	5.119721553	96078.5187	0	0
neutron	939.56536	3.664162048	96078.5187	0	0
neutron	939.56536	1.322792579	96078.5187	0	0
neutron	939.56536	0.3397525159	96078.5187	0	0
P31	28844.21869	0.2843523088	96078.5187	0	0
neutron	939.56536	0.8332579936	95932.04559	0	0
Ne22	20479.73746	0.08666707485	95932.04559	0	0
Ne23	21414.10216	0.2342720121	96087.7955	0	0
neutron	939.56536	0.3485742349	95989.95064	0	0
S34	31632.70018	0.2022727532	95989.95064	0	0
neutron	939.56536	8.850455235	95810.68648	0	0
neutron	939.56536	3.689488477	95810.68648	0	0
proton	938.272013	2.866998167	95810.68648	0	0
neutron	939.56536	1.842970215	95810.68648	0	0
alpha	3727.379	6.008407467	95810.68648	0	0
N15	13968.93638	3.079129946	95810.68648	0	0
Cl37	34424.84314	0.1394432972	97254.89704	498.3531351	498.0736854
neutron	939.56536	0.2588999924	96028.65818	0	0
Ne22	20479.73746	0.2323399682	96028.65818	0	0
Ne23	21414.10216	0.228186283	95984.78191	0	0
Ne23	21414.10216	0.2205468804	96226.85758	0	0
neutron	939.56536	31.1963923	95959.37636	0	0
neutron	939.56536	3.946237208	95959.37636	0	0
neutron	939.56536	1.03088641	95959.37636	0	0
Ne20	18617.73218	0.3292961919	95959.37636	0	0
Ne23	21414.10216	0.2247815061	96224.07671	0	0
neutron	939.56536	12.41039612	95926.01455	0	0
neutron	939.56536	6.999894781	95926.01455	0	0
neutron	939.56536	4.562967054	95926.01455	0	0
proton	938.272013	3.791440891	95926.01455	0	0
neutron	939.56536	1.816179323	95926.01455	0	0
P30	27916.96459	1.084697398	95926.01455	0	0
Cl35	32564.60306	0.330109616	97397.79506	583.6704834	583.1942215
neutron	939.56536	1.056875354	95922.91406	0	0
S34	31632.70018	0.05029032677	95922.91406	0	0
neutron	939.56536	2.001440739	96071.54722	0	0
S34	31632.70018	0.2047046235	96071.54722	0	0
Cl37	34424.84314	0.2284922336	97281.72117	498.8195322	498.337259
neutron	939.56536	26.11624056	96009.73492	0	0
neutron	939.56536	2.08316002	96009.73492	0	0
Ne21	19550.53637	0.5372796457	96009.73492	0	0
Cl35	32564.60306	0.1170008953	97949.5313	697.9379395	697.817848
neutron	939.56536	31.07899995	95967.10482	0	0
neutron	939.56536	18.20799772	95967.10482	0	0
neutron	939.56536	2.307445548	95967.10482	0	0
Ne20	18617.73218	0.9597222832	95967.10482	0	0
proton	938.272013	4.803958061	96003.41804	0	0
neutron	939.56536	2.89199964	96003.41804	0	0
neutron	939.56536	0.1294276126	96003.41804	0	0
P32	29775.84838	0.1118919508	96003.41804	0	0
neutron	939.56536	0.653631822	96301.53296	0	0
Ne22	20479.73746	0.1852922728	96301.53296	0	0
S35	32565.27968	0.156144865	95807.67711	0	0
Ne23	21414.10216	0.2129465117	96041.14589	0	0
Cl35	32564.60306	0.1490340466	99918.18105	1470.040201	1469.801802
Cl37	34424.84314	0.137767784	98529.92923	973.4081082	972.4661928
neutron	939.56536	2.139841621	96099.26359	0	0
Ne22	20479.73746	0.4825272978	96099.26359	0	0
neutron	939.56536	5.699998994	96380.8469	0	0
neutron	939.56536	3.525751592	96380.8469	0	0
neutron	939.56536	0.1961035679	96380.8469	0	0
S34	31632.70018	0.1363625594	96380.8469	0	0
proton	938.272013	12.20804716	96181.40277	0	0
neutron	939.56536	5.33033857	96181.40277	0	0
P35	32569.77755	0.5254521852	96181.40277	0	0
S35	32565.27968	0.1583939794	96198.67021	0	0
proton	938.272013	13.98432642	96225.21902	0	0
neutron	939.56536	11.33647578	96225.21902	0	0
proton	938.272013	3.260344675	96225.21902	0	0
Si32	29776.58515	1.39364161	96225.21902	0	0
neutron	939.56536	0.6709706919	95991.39459	0	0
S34	31632.70018	0.07321157615	95991.39459	0	0
proton	938.272013	35.31932291	96115.44991	0	0
neutron	939.56536	4.189905776	96115.44991	0	0
neutron	939.56536	2.474574948	96115.44991	0	0
neutron	939.56536	2.366283537	96115.44991	0	0
P33	30705.30994	1.325538286	96115.44991	0	0
Ne23	21414.10216	0.2143472797	95994.0677	0	0
neutron	939.56536	11.56182226	96010.17795	0	0
neutron	939.56536	6.404303562	96010.17795	0	0
neutron	939.56536	4.630346075	96010.17795	0	0
alpha	3727.379	5.294455194	96010.17795	0	0
O16	14895.08153	2.633252196	96010.17795	0	0
neutron	939.56536	0.4284124925	96082.97315	0	0
S34	31632.70018	0.1739482862	96082.97315	0	0
S37	34430.21755	0.1369723019	96219.34336	0	0
proton	938.272013	38.52848817	96139.88427	0	0
neutron	939.56536	4.323460187	96139.88427	0	0
neutron	939.56536	0.2975378023	96139.88427	0	0
P32	29775.84838	0.7665141968	96139.88427	0	0
neutron	939.56536	0.5353440243	96093.338	0	0
Ne22	20479.73746	0.3086972796	96093.338	0	0
Cl35	32564.60306	0.1535337695	96697.00828	307.2652202	306.8430067
neutron	939.56536	2.504960404	95992.52328	0	0
neutron	939.56536	1.898417965	95992.52328	0	0
neutron	939.56536	1.148301953	95992.52328	0	0
alpha	3727.379	12.42957792	95992.52328	0	0
O16	14895.08153	1.087371205	95992.52328	0	0
S35	32565.27968	0.1535096459	95904.96564	0	0
Cl35	32564.60306	0.06822189353	96680.03195	240.4552029	240.3260733
neutron	939.56536	2.072383025	96142.61433	0	0
S34	31632.70018	0.1449824915	96142.61433	0	0
neutron	939.56536	0.3233565082	95980.79633	0	0
Ne22	20479.73746	0.1405639641	95980.79633	0	0
neutron	939.56536	3.868691169	95842.08914	0	0
S36	33494.9558	0.06847698954	95842.08914	0	0
neutron	939.56536	8.104617881	96059.71347	0	0
neutron	939.56536	5.492578023	96059.71347	0	0
neutron	939.56536	3.305108342	96059.71347	0	0
alpha	3727.379	7.048332531	96059.71347	0	0
alpha	3727.379	2.594708212	96059.71347	0	0
alpha	3727.379	8.306196765	96059.71347	0	0
Be8	7454.850296	1.51742953	96059.71347	0	0
neutron	939.56536	10.09278479	96192.90238	0	0
neutron	939.56536	2.347216822	96192.90238	0	0
neutron	939.56536	1.668128585	96192.90238	0	0
neutron	939.56536	0.6438372126	96192.90238	0	0
S33	30704.55199	0.4176867121	96192.90238	0	0
proton	938.272013	5.394986461	95993.26608	0	0
neutron	939.56536	4.567217649	95993.26608	0	0
P33	30705.30994	0.8112205244	95993.26608	0	0
neutron	939.56536	1.497039898	96004.26625	0	0
S34	31632.70018	0.08268135753	96004.26625	0	0
proton	938.272013	7.827707212	96002.12575	0	0
neutron	939.56536	6.914509045	96002.12575	0	0
neutron	939.56536	1.922328436	96002.12575	0	0
F20	18625.26686	0.9206939474	96002.12575	0	0
S35	32565.27968	0.1605988029	96029.50114	0	0
neutron	939.56536	3.071018753	96206.63514	0	0
S34	31632.70018	0.2736461687	96206.63514	0	0
proton	938.272013	11.42473712	96148.59749	0	0
neutron	939.56536	6.512649283	96148.59749	0	0
neutron	939.56536	5.569959651	96148.59749	0	0
neutron	939.56536	0.3526488225	96148.59749	0	0
P31	28844.21869	0.1178005867	96148.59749	0	0
neutron	939.56536	10.20575883	96039.67587	0	0
neutron	939.56536	0.9143933407	96039.67587	0	0
S33	30704.55199	0.7902727748	96039.67587	0	0
Ne23	21414.10216	0.2135565031	95944.54449	0	0
Ne23	21414.10216	0.2248231668	95930.15281	0	0
neutron	939.56536	12.29431517	96117.34712	0	0
neutron	939.56536	5.332153423	96117.34712	0	0
proton	938.272013	4.700078917	96117.34712	0	0
neutron	939.56536	2.738762771	96117.34712	0	0
alpha	3727.379	6.450850062	96117.34712	0	0
Al27	25126.50566	3.109162581	96117.34712	0	0
neutron	939.56536	28.56815413	95903.36766	0	0
neutron	939.56536	7.357480571	95903.36766	0	0
neutron	939.56536	2.98225016	95903.36766	0	0
Ne20	18617.73218	2.530620103	95903.36766	0	0
Cl35	32564.60306	0.4706098563	96768.91086	344.8959591	344.3857068
neutron	939.56536	7.843384028	95941.41493	0	0
proton	938.272013	3.274298456	95941.41493	0	0
neutron	939.56536	2.82388245	95941.41493	0	0
neutron	939.56536	1.27866008	95941.41493	0	0
P33	30705.30994	0.2682282172	95941.41493	0	0
neutron	939.56536	3.181574478	96044.11512	0	0
neutron	939.56536	3.004652208	96044.11512	0	0
neutron	939.56536	1.499028937	96044.11512	0	0
S32	29773.62828	0.0896729205	96044.11512	0	0
proton	938.272013	9.306639032	95998.3286	0	0
neutron	939.56536	4.920863491	95998.3286	0	0
proton	938.272013	4.334940125	95998.3286	0	0
Si32	29776.58515	0.2371435057	95998.3286	0	0
neutron	939.56536	1.269559171	95877.75132	0	0
Ne22	20479.73746	0.2950705805	95877.75132	0	0
neutron	939.56536	0.1593580431	96034.07103	0	0
S34	31632.70018	0.1279610632	96034.07103	0	0
Cl35	32564.60306	0.1230354364	95950.95492	16.94124328	16.79114106
S35	32565.27968	0.1574651272	95949.38203	0	0
Ne23	21414.10216	0.2161396728	95955.34453	0	0
neutron	939.56536	0.5257380652	95958.46789	0	0
S36	33494.9558	0.09876655351	95958.46789	0	0
neutron	939.56536	6.43053315	96463.01283	0	0
neutron	939.56536	3.664054169	96463.01283	0	0
neutron	939.56536	2.040379417	96463.01283	0	0
alpha	3727.379	9.314631245	96463.01283	0	0
O16	14895.08153	4.025484754	96463.01283	0	0
neutron	939.56536	27.73876555	96030.73034	0	0
proton	938.272013	8.280053382	96030.73034	0	0
alpha	3727.379	15.11211601	96030.73034	0	0
Al29	26988.4858	0.2827821318	96030.73034	0	0
S35	32565.27968	0.1622815894	96158.9967	0	0
Ne23	21414.10216	0.2124176218	96005.02808	0	0
neutron	939.56536	0.6262608891	96165.32757	0	0
S36	33494.9558	0.1038132365	96165.32757	0	0
neutron	939.56536	0.9856922446	95852.48137	0	0
S34	31632.70018	0.2934666208	95852.48137	0	0
neutron	939.56536	2.520414045	96168.01932	0	0
Ne22	20479.73746	0.5740378629	96168.01932	0	0
neutron	939.56536	6.45584833	95890.36721	0	0
proton	938.272013	3.644499223	95890.36721	0	0
proton	938.272013	3.097746386	95890.36721	0	0
neutron	939.56536	2.564011944	95890.36721	0	0
neutron	939.56536	1.677134759	95890.36721	0	0
alpha	3727.379	10.30981989	95890.36721	0	0
Mg26	24196.50368	1.861522165	95890.36721	0	0
neutron	939.56536	1.440343284	95813.46138	0	0
Ne22	20479.73746	0.4960199488	95813.46138	0	0
neutron	939.56536	0.5401307283	95970.71504	0	0
S34	31632.70018	0.2172058808	95970.71504	0	0
neutron	939.56536	1.643559211	95912.88494	0	0
S34	31632.70018	0.1778102428	95912.88494	0	0
S35	32565.27968	0.1494604605	95847.87029	0	0
neutron	939.56536	19.6937009	96152.55902	0	0
neutron	939.56536	1.586484467	96152.55902	0	0
neutron	939.56536	1.488455384	96152.55902	0	0
Ne20	18617.73218	0.9769255487	96152.55902	0	0
neutron	939.56536	3.244062637	95966.61188	0	0
S34	31632.70018	0.4534213199	95966.61188	0	0
Cl35	32564.60306	0.103903794	96365.47906	191.9609376	191.6202799
neutron	939.56536	8.669192886	95948.1468	0	0
neutron	939.56536	7.122223262	95948.1468	0	0
neutron	939.56536	3.89655796	95948.1468	0	0
S34	31632.70018	0.7581790726	95948.1468	0	0
S35	32565.27968	0.1623471161	96208.37532	0	0
S35	32565.27968	0.1458519599	95954.61597	0	0
neutron	939.56536	7.462568885	95969.96703	0	0
neutron	939.56536	5.658361676	95969.96703	0	0
neutron	939.56536	0.6881088772	95969.96703	0	0
alpha	3727.379	5.23427771	95969.96703	0	0
O16	14895.08153	4.273315395	95969.96703	0	0
proton	938.272013	9.810607573	96197.59222	0	0
neutron	939.56536	4.965171142	96197.59222	0	0
proton	938.272013	4.061408502	96197.59222	0	0
neutron	939.56536	2.833619159	96197.59222	0	0
neutron	939.56536	2.63171318	96197.59222	0	0
Si30	27913.24182	0.3040722161	96197.59222	0	0
neutron	939.56536	0.1724218617	95924.33225	0	0
Ne22	20479.73746	0.1611361195	95924.33225	0	0
Cl35	32564.60306	0.1189472046	97092.18185	417.050399	416.7236085
neutron	939.56536	5.189661194	96018.04321	0	0
neutron	939.56536	2.29288308	96018.04321	0	0
Ne21	19550.53637	0.2630743844	96018.04321	0	0
Cl35	32564.60306	0.07160527635	99878.54224	1454.688151	1454.409275
neutron	939.56536	11.66679942	96095.22209	0	0
proton	938.272013	8.088513822	96095.22209	0	0
neutron	939.56536	3.381096239	96095.22209	0	0
proton	938.272013	3.245667239	96095.22209	0	0
neutron	939.56536	3.00696469	96095.22209	0	0
Si30	27913.24182	1.002003144	96095.22209	0	0
Ne23	21414.10216	0.2297403629	95831.61641	0	0
neutron	939.56536	2.779545382	95941.93579	0	0
S34	31632.70018	0.2750914713	95941.93579	0	0
neutron	939.56536	2.43577272	95854.06141	0	0
S34	31632.70018	0.3757970045	95854.06141	0	0
S35	32565.27968	0.1615103311	95958.01354	0	0
Na23	21409.21625	0.2989433765	97954.4106	807.8012786	807.034569
neutron	939.56536	3.399893569	95895.09887	0	0
S34	31632.70018	0.2151331011	95895.09887	0	0
Cl35	32564.60306	0.1685112435	99799.16142	1404.480198	1404.190615
neutron	939.56536	1.836851537	95857.70065	0	0
S34	31632.70018	0.09963835866	95857.70065	0	0
neutron	939.56536	2.265357074	96164.38032	0	0
neutron	939.56536	0.1348938843	96164.38032	0	0
Ne21	19550.53637	0.2073241999	96164.38032	0	0
proton	938.272013	3.753843724	96161.50353	0	0
neutron	939.56536	2.551574028	96161.50353	0	0
neutron	939.56536	1.521531883	96161.50353	0	0
P32	29775.84838	1.023711973	96161.50353	0	0
Cl35	32564.60306	0.1078687032	98185.69628	872.2504812	872.0936123
neutron	939.56536	0.3188150081	96025.21036	0	0
Ne22	20479.73746	0.2832743612	96025.21036	0	0
Cl35	32564.60306	0.06896938837	97818.14395	725.6196946	725.3905679
S35	32565.27968	0.1594795862	95848.1711	0	0
Cl35	32564.60306	0.3363700292	96703.24927	255.4497064	255.0182898
neutron	939.56536	2.078845139	96157.50664	0	0
S34	31632.70018	0.1876374293	96157.50664	0	0
S35	32565.27968	0.1464444227	95896.89325	0	0
proton	938.272013	16.04373117	96179.15069	0	0
neutron	939.56536	8.249452166	96179.15069	0	0
neutron	939.56536	5.640325891	96179.15069	0	0
neutron	939.56536	0.2951238295	96179.15069	0	0
triton	2808.921	4.542843346	96179.15069	0	0
O16	14895.08153	0.8287203328	96179.15069	0	0
S35	32565.27968	0.1615602157	96166.4544	0	0
neutron	939.56536	0.8206761698	96000.69456	0	0
Ne22	20479.73746	0.10213582	96000.69456	0	0
neutron	939.56536	40.39886402	95788.45837	0	0
proton	938.272013	4.740442599	95788.45837	0	0
P33	30705.30994	1.774950641	95788.45837	0	0
Cl35	32564.60306	0.07400159401	96615.68012	250.9741076	250.8749055
neutron	939.56536	0.2133829683	96022.07633	0	0
S34	31632.70018	0.1266392676	96022.07633	0	0
neutron	939.56536	0.02371123913	96072.78418	0	0
S34	31632.70018	0.143589305	96072.78418	0	0
neutron	939.56536	0.083812097	96140.69611	0	0
Ne22	20479.73746	0.2155149799	96140.69611	0	0
neutron	939.56536	20.52167644	95773.47448	0	0
neutron	939.56536	4.769047544	95773.47448	0	0
Ne21	19550.53637	0.6297617938	95773.47448	0	0
Cl37	34424.84314	0.0691282207	97371.75417	441.5423253	441.3635006
neutron	939.56536	2.017447616	95973.97244	0	0
S34	31632.70018	0.1851999212	95973.97244	0	0
S35	32565.27968	0.1582160946	95979.92614	0	0
Na23	21409.21625	0.13529195	96111.14765	38.3019172	37.9635845
Ne23	21414.10216	0.2309106289	96090.51172	0	0
neutron	939.56536	4.250956648	96071.03266	0	0
neutron	939.56536	3.201558543	96071.03266	0	0
neutron	939.56536	2.520496939	96071.03266	0	0
alpha	3727.379	14.04033549	96071.03266	0	0
O16	14895.08153	2.238372738	96071.03266	0	0
S35	32565.27968	0.1590404058	95955.3458	0	0
Cl35	32564.60306	0.1254256932	99982.58457	1494.657226	1494.526934
Cl35	32564.60306	0.1409283077	96021.78214	42.99302685	42.76984453
S37	34430.21755	0.1428314579	96114.61139	0	0
neutron	939.56536	1.116879825	95874.46701	0	0
S36	33494.9558	0.1948701246	95874.46701	0	0
neutron	939.56536	0.3185850245	95913.52391	0	0
S34	31632.70018	0.2049919279	95913.52391	0	0
neutron	939.56536	1.793130466	95829.36516	0	0
neutron	939.56536	1.732558681	95829.36516	0	0
Ne21	19550.53637	0.2031930713	95829.36516	0	0
Ne23	21414.10216	0.2195973054	96119.87442	0	0
neutron	939.56536	1.8092972	95990.41799	0	0
neutron	939.56536	1.667685704	95990.41799	0	0
Ne21	19550.53637	0.5210125537	95990.41799	0	0
S35	32565.27968	0.1411262915	96354.08737	0	0
neutron	939.56536	38.48972196	95876.47406	0	0
neutron	939.56536	13.7991076	95876.47406	0	0
proton	938.272013	4.956257936	95876.47406	0	0
P32	29775.84838	1.845116993	95876.47406	0	0
proton	938.272013	17.96498456	96127.05573	0	0
neutron	939.56536	0.9522959439	96127.05573	0	0
P35	32569.77755	0.4848019969	96127.05573	0	0
S35	32565.27968	0.147083182	96433.27641	0	0
neutron	939.56536	15.21855452	96475.0257	0	0
neutron	939.56536	2.984665343	96475.0257	0	0
neutron	939.56536	1.472347693	96475.0257	0	0
S32	29773.62828	1.21051254	96475.0257	0	0
Cl37	34424.84314	0.3243270266	98338.0652	811.3346864	810.8982633
neutron	939.56536	23.69607362	96171.36912	0	0
neutron	939.56536	2.970431424	96171.36912	0	0
neutron	939.56536	1.711332444	96171.36912	0	0
alpha	3727.379	5.145093795	96171.36912	0	0
O16	14895.08153	1.80874064	96171.36912	0	0
neutron	939.56536	0.5317481639	96249.05516	0	0
Ne22	20479.73746	0.1592842678	96249.05516	0	0
neutron	939.56536	15.05910536	95908.24543	0	0
neutron	939.56536	4.062920827	95908.24543	0	0
neutron	939.56536	3.50726003	95908.24543	0	0
alpha	3727.379	8.775004807	95908.24543	0	0
O16	14895.08153	1.783732926	95908.24543	0	0
neutron	939.56536	10.27933879	95974.5386	0	0
neutron	939.56536	2.981703511	95974.5386	0	0
Ne21	19550.53637	0.05152489874	95974.5386	0	0
Cl35	32564.60306	0.07867703307	99760.22819	1406.237625	1406.13218
Cl37	34424.84314	0.07328210537	99145.96038	1192.231712	1191.873693
neutron	939.56536	1.130018135	95935.14137	0	0
Ne22	20479.73746	0.1438983941	95935.14137	0	0
neutron	939.56536	0.3313118634	95768.9881	0	0
S34	31632.70018	0.2045682461	95768.9881	0	0
proton	938.272013	22.34199796	95878.34695	0	0
neutron	939.56536	8.770786189	95878.34695	0	0
neutron	939.56536	0.829993066	95878.34695	0	0
F20	18625.26686	1.263332276	95878.34695	0	0
Cl35	32564.60306	0.1404094639	98873.266	1017.186964	1017.036079
neutron	939.56536	9.656396765	96127.45762	0	0
proton	938.272013	3.577783786	96127.45762	0	0
neutron	939.56536	3.329976078	96127.45762	0	0
proton	938.272013	3.102074226	96127.45762	0	0
neutron	939.56536	2.81200948	96127.45762	0	0
neutron	939.56536	2.012697858	96127.45762	0	0
neutron	939.56536	1.7351756	96127.45762	0	0
Si28	26053.19393	1.043880244	96127.45762	0	0
S35	32565.27968	0.1506764059	95788.574	0	0
Cl35	32564.60306	0.1570367269	98861.02841	1092.430054	1092.166393
Cl35	32564.60306	0.6966538872	96612.90832	305.2840354	304.3179839
neutron	939.56536	1.784186674	95915.94067	0	0
S34	31632.70018	0.04669940016	95915.94067	0	0
neutron	939.56536	1.60241735	95906.77439	0	0
neutron	939.56536	0.5976035919	95906.77439	0	0
Ne21	19550.53637	0.2156998804	95906.77439	0	0
proton	938.272013	10.91505528	96074.11411	0	0
neutron	939.56536	4.54877865	96074.11411	0	0
neutron	939.56536	0.7704724267	96074.11411	0	0
P32	29775.84838	0.4518430502	96074.11411	0	0
Ne23	21414.10216	0.2240401755	96104.38847	0	0
neutron	939.56536	6.658993366	95925.02731	0	0
neutron	939.56536	1.346181935	95925.02731	0	0
neutron	939.56536	0.9897360844	95925.02731	0	0
S32	29773.62828	0.6876744084	95925.02731	0	0
neutron	939.56536	0.722998271	95902.08486	0	0
S34	31632.70018	0.1465160019	95902.08486	0	0
Na23	21409.21625	0.1045594874	99438.93273	1271.435488	1271.28966
neutron	939.56536	0.7537435801	96160.3491	0	0
Ne22	20479.73746	0.264945124	96160.3491	0	0
neutron	939.56536	0.6504444528	96059.65197	0	0
S34	31632.70018	0.09664008368	96059.65197	0	0
Ne23	21414.10216	0.2274920237	96223.89034	0	0
Ne23	21414.10216	0.2212852431	96098.36138	0	0
S35	32565.27968	0.1533632328	96063.88916	0	0
neutron	939.56536	32.51818388	95832.22701	0	0
neutron	939.56536	12.05488102	95832.22701	0	0
neutron	939.56536	1.029200381	95832.22701	0	0
S32	29773.62828	2.17419296	95832.22701	0	0
Na23	21409.21625	0.1075405507	96631.32207	345.1019336	344.910993
neutron	939.56536	0.3565916181	96025.39417	0	0
S34	31632.70018	0.1681741475	96025.39417	0	0
neutron	939.56536	0.3193815768	96099.99203	0	0
S34	31632.70018	0.1012981952	96099.99203	0	0
neutron	939.56536	0.2261197381	96284.5337	0	0
Ne22	20479.73746	0.2680633139	96284.5337	0	0
neutron	939.56536	1.260732523	96074.75986	0	0
S34	31632.70018	0.04495388162	96074.75986	0	0
neutron	939.56536	22.20843186	96122.36724	0	0
proton	938.272013	12.87951103	96122.36724	0	0
neutron	939.56536	5.993797719	96122.36724	0	0
neutron	939.56536	2.516633306	96122.36724	0	0
alpha	3727.379	2.99822224	96122.36724	0	0
N15	13968.93638	3.347562887	96122.36724	0	0
Ne23	21414.10216	0.2316941364	96016.68994	0	0
S35	32565.27968	0.1552909756	96245.3658	0	0
Ne23	21414.10216	0.2291317529	96027.89299	0	0
neutron	939.56536	2.670701419	96053.17797	0	0
S34	31632.70018	0.1589690736	96053.17797	0	0
neutron	939.56536	0.5236164761	96106.78062	0	0
S34	31632.70018	0.1085680853	96106.78062	0	0
neutron	939.56536	0.7807998587	96112.00173	0	0
Ne22	20479.73746	0.4188219228	96112.00173	0	0
neutron	939.56536	29.94977831	95923.90374	0	0
neutron	939.56536	28.85111376	95923.90374	0	0
neutron	939.56536	1.335839173	95923.90374	0	0
Ne20	18617.73218	1.196433323	95923.90374	0	0
neutron	939.56536	0.6642464023	95909.17169	0	0
S34	31632.70018	0.0879954967	95909.17169	0	0
Cl35	32564.60306	0.1279042651	96008.08536	19.60199126	19.41519487
S35	32565.27968	0.1672300812	95871.23905	0	0
neutron	939.56536	0.7979838102	96056.88931	0	0
S34	31632.70018	0.0972323364	96056.88931	0	0
Ne23	21414.10216	0.2185519544	96079.31488	0	0
neutron	939.56536	14.79231274	96052.87301	0	0
neutron	939.56536	9.201495757	96052.87301	0	0
neutron	939.56536	6.90352049	96052.87301	0	0
S32	29773.62828	0.08682987827	96052.87301	0	0
neutron	939.56536	7.090708026	96079.32234	0	0
neutron	939.56536	4.631785356	96079.32234	0	0
proton	938.272013	4.156864083	96079.32234	0	0
neutron	939.56536	2.45642541	96079.32234	0	0
F19	17692.30285	0.8050722923	96079.32234	0	0
Cl37	34424.84314	0.1073617262	99318.78968	1240.31914	1238.96368
neutron	939.56536	8.098254242	95854.24776	0	0
neutron	939.56536	1.347761034	95854.24776	0	0
neutron	939.56536	1.001783467	95854.24776	0	0
Ne20	18617.73218	0.4298176311	95854.24776	0	0
neutron	939.56536	4.27657984	96009.6125	0	0
neutron	939.56536	1.998161718	96009.6125	0	0
neutron	939.56536	1.684259529	96009.6125	0	0
Ne20	18617.73218	0.4172207068	96009.6125	0	0
Cl35	32564.60306	0.1661268858	96597.89702	266.79518	266.5113519
Ne23	21414.10216	0.2243214426	95829.98902	0	0
Cl35	32564.60306	0.07702866127	96876.32202	397.4951713	397.3133311
neutron	939.56536	6.788417636	95840.57387	0	0
Ne22	20479.73746	0.1684321305	95840.57387	0	0
neutron	939.56536	0.2749130503	96109.47636	0	0
S34	31632.70018	0.2117141387	96109.47636	0	0
neutron	939.56536	2.948913936	96199.6988	0	0
neutron	939.56536	1.449804898	96199.6988	0	0
S33	30704.55199	0.3335802007	96199.6988	0	0
neutron	939.56536	0.3610775423	96305.25172	0	0
Ne22	20479.73746	0.166791381	96305.25172	0	0
neutron	939.56536	0.7664604726	96198.81746	0	0
S34	31632.70018	0.2080396437	96198.81746	0	0
neutron	939.56536	17.46526924	96005.88927	0	0
proton	938.272013	13.01912062	96005.88927	0	0
proton	938.272013	5.014373237	96005.88927	0	0
neutron	939.56536	0.6506818931	96005.88927	0	0
Si33	30711.64254	0.9747568829	96005.88927	0	0
neutron	939.56536	4.743696255	96022.15149	0	0
neutron	939.56536	2.584275083	96022.15149	0	0
Ne21	19550.53637	0.1067724616	96022.15149	0	0
neutron	939.56536	0.9042662835	95884.74544	0	0
Ne22	20479.73746	0.1982904046	95884.74544	0	0
proton	938.272013	31.66985454	95982.24582	0	0
proton	938.272013	20.5954814	95982.24582	0	0
O21	19565.35058	2.726466023	95982.24582	0	0
Ne23	21414.10216	0.222472981	95974.03229	0	0
S35	32565.27968	0.1674636499	96148.7828	0	0
proton	938.272013	8.150995617	96053.30068	0	0
neutron	939.56536	4.940312377	96053.30068	0	0
neutron	939.56536	4.65650392	96053.30068	0	0
proton	938.272013	3.768939123	96053.30068	0	0
neutron	939.56536	0.1326340782	96053.30068	0	0
Si30	27913.24182	0.3120784621	96053.30068	0	0
neutron	939.56536	2.780276931	95876.43245	0	0
neutron	939.56536	1.82667209	95876.43245	0	0
neutron	939.56536	0.5679111155	95876.43245	0	0
alpha	3727.379	4.620988762	95876.43245	0	0
O16	14895.08153	1.569934303	95876.43245	0	0
S35	32565.27968	0.1471450359	96035.61714	0	0
neutron	939.56536	8.090317747	96036.454	0	0
neutron	939.56536	6.784704545	96036.454	0	0
neutron	939.56536	0.410036476	96036.454	0	0
S32	29773.62828	0.4883388684	96036.454	0	0
neutron	939.56536	0.06791153976	95928.33867	0	0
Ne22	20479.73746	0.2701075041	95928.33867	0	0
proton	938.272013	6.68496233	96068.62247	0	0
proton	938.272013	4.817193491	96068.62247	0	0
neutron	939.56536	2.943378674	96068.62247	0	0
neutron	939.56536	0.8618280642	96068.62247	0	0
neutron	939.56536	0.590042906	96068.62247	0	0
Si30	27913.24182	0.7726365292	96068.62247	0	0
Cl35	32564.60306	0.1081047858	97598.36501	583.0231265	582.8859877
Na23	21409.21625	0.6688757275	98174.96566	745.1114452	744.4116932
proton	938.272013	4.470124273	96210.9241	0	0
neutron	939.56536	3.096741318	96210.9241	0	0
neutron	939.56536	2.263682244	96210.9241	0	0
neutron	939.56536	2.0603329	96210.9241	0	0
P31	28844.21869	0.3086083779	96210.9241	0	0
Na23	21409.21625	0.2007609186	97448.07128	573.9022733	573.6974708
neutron	939.56536	0.7486068421	96292.7405	0	0
S36	33494.9558	0.146018203	96292.7405	0	0
Cl35	32564.60306	0.06636080881	98796.12278	1024.363525	1024.220252
Ne23	21414.10216	0.2243427306	96071.17857	0	0
Ne23	21414.10216	0.2315308395	96099.58887	0	0
neutron	939.56536	2.704806833	95845.24787	0	0
neutron	939.56536	1.458207517	95845.24787	0	0
S35	32565.27968	0.228460842	95845.24787	0	0
Na23	21409.21625	0.2196391112	98409.38436	796.2617757	795.9666782
Cl35	32564.60306	0.06657228474	98684.75375	989.9151501	989.8389585
S37	34430.21755	0.1419576677	96007.89418	0	0
Cl35	32564.60306	0.122090685	99659.03586	1368.834421	1367.828719
neutron	939.56536	1.209804232	96090.2168	0	0
S34	31632.70018	0.2279012958	96090.2168	0	0
Cl35	32564.60306	0.143103651	98208.55504	853.3790731	852.8744246
neutron	939.56536	0.9032017532	95951.24983	0	0
Ne22	20479.73746	0.3359670255	95951.24983	0	0
Cl35	32564.60306	0.07762687825	96251.55535	153.1304789	152.737807
Ne23	21414.10216	0.1997013468	95977.75443	0	0
neutron	939.56536	6.584713732	96229.59508	0	0
proton	938.272013	5.295645431	96229.59508	0	0
neutron	939.56536	5.121429645	96229.59508	0	0
F20	18625.26686	0.1845979641	96229.59508	0	0
neutron	939.56536	1.200052038	96182.36045	0	0
S34	31632.70018	0.2206800639	96182.36045	0	0
Cl35	32564.60306	0.07154870549	99389.583	1288.921606	1288.840572
S35	32565.27968	0.1521954074	96217.29006	0	0
neutron	939.56536	1.937489254	96041.27154	0	0
S34	31632.70018	0.2395985325	96041.27154	0	0
Cl35	32564.60306	0.1677458694	98269.14042	801.9695827	801.5630511
neutron	939.56536	1.490828306	96176.70457	0	0
Ne22	20479.73746	0.2842128094	96176.70457	0	0
Cl35	32564.60306	0.3151794408	99434.63327	1311.302274	1310.85919
Cl35	32564.60306	0.2558430518	98600.26269	1006.515958	1006.070516
neutron	939.56536	12.77891025	96013.48302	0	0
neutron	939.56536	2.976193866	96013.48302	0	0
neutron	939.56536	0.646379663	96013.48302	0	0
S32	29773.62828	0.4401766814	96013.48302	0	0
neutron	939.56536	17.66097148	95871.026	0	0
S34	31632.70018	0.4970653825	95871.026	0	0
Cl37	34424.84314	0.06650474207	97938.02977	725.9665323	725.8027184
Cl35	32564.60306	0.07558320018	96119.27611	111.7624567	111.656645
S35	32565.27968	0.1520979137	95957.64955	0	0
S35	32565.27968	0.1433962296	96100.59589	0	0
Cl35	32564.60306	0.07003293147	96190.93227	95.0141177	94.61914971
neutron	939.56536	0.6396066689	96040.88991	0	0
S34	31632.70018	0.1708997075	96040.88991	0	0
neutron	939.56536	4.34364824	96112.44131	0	0
neutron	939.56536	1.914488843	96112.44131	0	0
neutron	939.56536	1.883043373	96112.44131	0	0
S32	29773.62828	0.03901960679	96112.44131	0	0
neutron	939.56536	0.9084631911	96010.63907	0	0
S34	31632.70018	0.2483769066	96010.63907	0	0
neutron	939.56536	0.1986525095	96107.65759	0	0
S36	33494.9558	0.1383062106	96107.65759	0	0
Cl35	32564.60306	0.1253032165	99944.04983	1484.302765	1484.097741
Cl37	34424.84314	0.1068011364	96682.7092	332.7171299	332.5886598
Cl35	32564.60306	0.1376039898	97074.6476	435.3827646	435.2019765
proton	938.272013	9.074471605	95918.3215	0	0
neutron	939.56536	2.15503769	95918.3215	0	0
neutron	939.56536	1.046282964	95918.3215	0	0
P32	29775.84838	0.6417933083	95918.3215	0	0
neutron	939.56536	1.179315905	96078.66417	0	0
S34	31632.70018	0.1356903156	96078.66417	0	0
neutron	939.56536	15.00184236	95980.77349	0	0
neutron	939.56536	1.125045542	95980.77349	0	0
neutron	939.56536	1.12068969	95980.77349	0	0
S32	29773.62828	0.3861668343	95980.77349	0	0
proton	938.272013	6.871183033	96230.16765	0	0
neutron	939.56536	6.321656482	96230.16765	0	0
neutron	939.56536	6.254348487	96230.16765	0	0
P34	31638.59261	0.9023173593	96230.16765	0	0
neutron	939.56536	1.66280835	95917.03596	0	0
deuteron	1875.613	14.82979123	95917.03596	0	0
deuteron	1875.613	3.339640793	95917.03596	0	0
Si30	27913.24182	1.85946734	95917.03596	0	0
neutron	939.56536	4.439889641	95843.47566	0	0
neutron	939.56536	2.738486802	95843.47566	0	0
neutron	939.56536	1.02568691	95843.47566	0	0
alpha	3727.379	6.822036123	95843.47566	0	0
O16	14895.08153	0.3807535582	95843.47566	0	0
neutron	939.56536	6.668651245	96049.47713	0	0
proton	938.272013	4.61756429	96049.47713	0	0
neutron	939.56536	1.122564755	96049.47713	0	0
neutron	939.56536	0.8839394786	96049.47713	0	0
P31	28844.21869	0.5769362498	96049.47713	0	0
neutron	939.56536	0.7873540051	95860.13273	0	0
deuteron	1875.613	16.35560412	95860.13273	0	0
P32	29775.84838	1.153090989	95860.13273	0	0
Ne23	21414.10216	0.1979638397	96186.39023	0	0
Cl37	34424.84314	0.1974513517	96420.55047	210.4737752	210.1364999
S35	32565.27968	0.1554121158	95957.4882	0	0
neutron	939.56536	0.6639453253	95858.10259	0	0
S36	33494.9558	0.1686103385	95858.10259	0	0
Ne23	21414.10216	0.2265875142	95900.68613	0	0
neutron	939.56536	36.32633028	96002.48788	0	0
proton	938.272013	3.633569729	96002.48788	0	0
neutron	939.56536	2.087696386	96002.48788	0	0
neutron	939.56536	1.590495283	96002.48788	0	0
P31	28844.21869	0.8911119896	96002.48788	0	0
neutron	939.56536	0.6456088172	96033.82946	0	0
S36	33494.9558	0.06480385509	96033.82946	0	0
Cl35	32564.60306	0.7668831105	96613.54499	186.7872519	185.3579692
neutron	939.56536	2.781245683	96365.96118	0	0
neutron	939.56536	0.6792137281	96365.96118	0	0
neutron	939.56536	0.2899480138	96365.96118	0	0
S32	29773.62828	0.3519748853	96365.96118	0	0
Cl35	32564.60306	0.06848279284	99211.61618	1169.01862	1168.865127
Ne23	21414.10216	0.2119985773	96224.1303	0	0
Cl35	32564.60306	0.07818783661	96387.26268	209.7737715	209.289444
neutron	939.56536	11.23320143	95912.00015	0	0
neutron	939.56536	8.471356646	95912.00015	0	0
neutron	939.56536	4.339084862	95912.00015	0	0
neutron	939.56536	1.770169157	95912.00015	0	0
He3	2808.391	5.36318533	95912.00015	0	0
Si28	26053.19393	2.119606705	95912.00015	0	0
S35	32565.27968	0.1455624033	96086.24471	0	0
neutron	939.56536	18.96959609	95991.56115	0	0
neutron	939.56536	1.420671146	95991.56115	0	0
Ne21	19550.53637	0.633228277	95991.56115	0	0
neutron	939.56536	1.777312041	95905.44456	0	0
S34	31632.70018	0.3581180779	95905.44456	0	0
proton	938.272013	11.6310886	95990.92463	0	0
neutron	939.56536	1.646761186	95990.92463	0	0
neutron	939.56536	1.089753925	95990.92463	0	0
F20	18625.26686	0.8720917219	95990.92463	0	0
neutron	939.56536	4.260751017	95820.18878	0	0
neutron	939.56536	1.524837695	95820.18878	0	0
neutron	939.56536	0.6415407722	95820.18878	0	0
Ne20	18617.73218	0.4437749659	95820.18878	0	0
Cl35	32564.60306	0.07176662421	97970.97718	776.6630214	776.0793639
neutron	939.56536	2.001722704	96047.05001	0	0
S34	31632.70018	0.2513576399	96047.05001	0	0
neutron	939.56536	0.1810345909	95917.15706	0	0
S36	33494.9558	0.1112689045	95917.15706	0	0
Cl35	32564.60306	0.1820632282	97416.23158	591.6044382	591.2865491
neutron	939.56536	0.4721965797	95802.62881	0	0
S34	31632.70018	0.2465242934	95802.62881	0	0
neutron	939.56536	0.1183170673	95906.27169	0	0
Ne22	20479.73746	0.1902967594	95906.27169	0	0
neutron	939.56536	19.48280134	95847.75722	0	0
neutron	939.56536	4.792046283	95847.75722	0	0
S33	30704.55199	0.349944207	95847.75722	0	0
S37	34430.21755	0.1425107989	95935.00056	0	0
neutron	939.56536	10.32530869	95895.71185	0	0
neutron	939.56536	3.585011919	95895.71185	0	0
neutron	939.56536	1.695365481	95895.71185	0	0
S32	29773.62828	0.6622461841	95895.71185	0	0
neutron	939.56536	1.125392439	96159.087	0	0
S34	31632.70018	0.07725064849	96159.087	0	0
neutron	939.56536	16.05871644	95963.56921	0	0
alpha	3727.379	4.847932341	95963.56921	0	0
O18	16762.02378	0.9246016382	95963.56921	0	0
proton	938.272013	13.58430721	95806.09524	0	0
neutron	939.56536	5.159216635	95806.09524	0	0
neutron	939.56536	2.083819587	95806.09524	0	0
F20	18625.26686	0.7583382223	95806.09524	0	0
neutron	939.56536	7.386572551	96168.02876	0	0
neutron	939.56536	2.052700776	96168.02876	0	0
S33	30704.55199	0.1449040597	96168.02876	0	0
S35	32565.27968	0.1507738446	95940.96824	0	0
S35	32565.27968	0.1548505902	96868.546	0	0
neutron	939.56536	1.307892208	96101.83838	0	0
Ne22	20479.73746	0.3019994028	96101.83838	0	0
neutron	939.56536	2.184961798	95865.80559	0	0
neutron	939.56536	0.998940123	95865.80559	0	0
Ne21	19550.53637	0.6164548926	95865.80559	0	0
neutron	939.56536	0.1785286859	96207.08689	0	0
S34	31632.70018	0.1495415316	96207.08689	0	0
Ne23	21414.10216	0.2130977493	95794.03199	0	0
neutron	939.56536	15.20522216	96060.37615	0	0
neutron	939.56536	0.8475557063	96060.37615	0	0
S33	30704.55199	0.4020046062	96060.37615	0	0
Cl35	32564.60306	0.3211234345	97440.89405	575.9398679	575.2874374
S35	32565.27968	0.1495495576	95966.73572	0	0
Cl35	32564.60306	0.5495046862	98322.44778	933.592085	932.9676174
neutron	939.56536	5.523952084	95822.43445	0	0
neutron	939.56536	3.30217784	95822.43445	0	0
neutron	939.56536	1.832479484	95822.43445	0	0
S34	31632.70018	0.3441749467	95822.43445	0	0
neutron	939.56536	2.888560311	96443.90392	0	0
S34	31632.70018	0.2104319756	96443.90392	0	0
proton	938.272013	20.52117899	95808.48871	0	0
neutron	939.56536	7.479207925	95808.48871	0	0
neutron	939.56536	0.1956567279	95808.48871	0	0
P32	29775.84838	0.3317034749	95808.48871	0	0
neutron	939.56536	0.7871095796	96046.53893	0	0
S34	31632.70018	0.1059967995	96046.53893	0	0
Na23	21409.21625	0.1153235895	99648.99746	1365.198426	1364.829632
Ne23	21414.10216	0.235072205	96134.68697	0	0
proton	938.272013	13.58954693	96067.89471	0	0
neutron	939.56536	11.35344661	96067.89471	0	0
neutron	939.56536	3.95224167	96067.89471	0	0
triton	2808.921	3.333457062	96067.89471	0	0
Si29	26984.28567	1.397562328	96067.89471	0	0
Cl37	34424.84314	0.108665512	96771.91975	376.9250784	376.6971264
S37	34430.21755	0.1383008186	95790.25508	0	0
Cl35	32564.60306	0.1352583093	97430.09634	507.405711	507.1546976
S37	34430.21755	0.1323172831	96075.30611	0	0
S35	32565.27968	0.1440256895	96343.89076	0	0
Cl35	32564.60306	0.1806730587	97800.52911	711.2079529	711.0228937
S35	32565.27968	0.1481132743	95970.08368	0	0
Cl35	32564.60306	0.06994000457	95945.30532	51.04153143	50.89947695
proton	938.272013	23.23015331	95884.55964	0	0
neutron	939.56536	2.869681131	95884.55964	0	0
neutron	939.56536	1.402970993	95884.55964	0	0
neutron	939.56536	1.314366592	95884.55964	0	0
P31	28844.21869	0.4904332064	95884.55964	0	0
neutron	939.56536	1.751253036	95927.915	0	0
neutron	939.56536	1.543438381	95927.915	0	0
S35	32565.27968	0.2315658441	95927.915	0	0
neutron	939.56536	0.6085413946	95913.53035	0	0
S36	33494.9558	0.2164091094	95913.53035	0	0
neutron	939.56536	0.3081941856	95849.16922	0	0
Ne22	20479.73746	0.1740714602	95849.16922	0	0
neutron	939.56536	23.27479386	95974.586	0	0
neutron	939.56536	4.60189894	95974.586	0	0
S35	32565.27968	0.3235663979	95974.586	0	0
neutron	939.56536	0.8325474721	97359.29701	0	0
S34	31632.70018	0.1647116978	97359.29701	0	0
neutron	939.56536	4.352095621	96139.36684	0	0
S36	33494.9558	0.2447278076	96139.36684	0	0
S35	32565.27968	0.1410586916	96085.71135	0	0
Cl35	32564.60306	0.06855786175	96943.52703	351.5511445	350.9448177
Cl35	32564.60306	0.08013440854	97713.53621	652.3617012	652.186145
neutron	939.56536	8.799533845	95944.22879	0	0
neutron	939.56536	2.754700888	95944.22879	0	0
neutron	939.56536	0.4483697507	95944.22879	0	0
alpha	3727.379	3.587079023	95944.22879	0	0
O16	14895.08153	2.735938034	95944.22879	0	0
neutron	939.56536	6.743664702	95913.57551	0	0
neutron	939.56536	0.9903254246	95913.57551	0	0
S33	30704.55199	0.1778146244	95913.57551	0	0
S37	34430.21755	0.1356348066	95986.97019	0	0
neutron	939.56536	0.4087626856	96032.02419	0	0
S34	31632.70018	0.198476654	96032.02419	0	0
neutron	939.56536	6.295350645	96111.23277	0	0
neutron	939.56536	4.554935046	96111.23277	0	0
neutron	939.56536	3.794983903	96111.23277	0	0
Ne20	18617.73218	1.210584277	96111.23277	0	0
S35	32565.27968	0.1668646149	95848.78833	0	0
proton	938.272013	15.90346815	95926.49188	0	0
neutron	939.56536	6.778076763	95926.49188	0	0
neutron	939.56536	6.601135012	95926.49188	0	0
neutron	939.56536	3.145460667	95926.49188	0	0
P31	28844.21869	0.4563256695	95926.49188	0	0
Ne23	21414.10216	0.2322950993	96283.51448	0	0
neutron	939.56536	5.73223752	95940.63126	0	0
neutron	939.56536	4.101137479	95940.63126	0	0
neutron	939.56536	3.330810292	95940.63126	0	0
alpha	3727.379	5.925005563	95940.63126	0	0
alpha	3727.379	7.360135926	95940.63126	0	0
C12	11174.86339	0.6361566229	95940.63126	0	0
Ne23	21414.10216	0.2303358151	96084.6467	0	0
Cl35	32564.60306	0.1219264331	99747.67813	1403.335175	1403.058552
neutron	939.56536	1.087254783	96052.23453	0	0
S34	31632.70018	0.2066227095	96052.23453	0	0
Cl35	32564.60306	0.08413682361	97813.9162	730.1355415	729.9375787
proton	938.272013	3.005037005	95893.88889	0	0
neutron	939.56536	2.780964044	95893.88889	0	0
neutron	939.56536	1.513411347	95893.88889	0	0
neutron	939.56536	0.9298364197	95893.88889	0	0
P31	28844.21869	0.1131291862	95893.88889	0	0
Ne23	21414.10216	0.2131156427	96048.51999	0	0
neutron	939.56536	1.565829841	96003.22191	0	0
S34	31632.70018	0.2568159095	96003.22191	0	0
Na23	21409.21625	0.745301547	97084.4512	408.2756613	407.4982052
Na23	21409.21625	0.3108214731	99777.98713	1384.480026	1384.08975
Cl35	32564.60306	0.06982862242	96394.2853	234.0314332	233.9321535
neutron	939.56536	31.04872108	95879.11038	0	0
neutron	939.56536	23.52731912	95879.11038	0	0
neutron	939.56536	1.660895281	95879.11038	0	0
S32	29773.62828	0.1675636754	95879.11038	0	0
S35	32565.27968	0.1447476153	96120.58681	0	0
neutron	939.56536	4.838281077	95935.61765	0	0
neutron	939.56536	4.821109533	95935.61765	0	0
neutron	939.56536	4.702190365	95935.61765	0	0
proton	938.272013	2.712986786	95935.61765	0	0
P31	28844.21869	0.1579611237	95935.61765	0	0
proton	938.272013	26.98972935	95979.89074	0	0
neutron	939.56536	2.860942422	95979.89074	0	0
neutron	939.56536	1.926004337	95979.89074	0	0
neutron	939.56536	0.7048660368	95979.89074	0	0
P31	28844.21869	0.5715877499	95979.89074	0	0
neutron	939.56536	6.306749825	96039.89434	0	0
Ne22	20479.73746	0.2085282749	96039.89434	0	0
Cl35	32564.60306	0.1166761113	98979.87912	1029.328278	1029.09221
Cl35	32564.60306	0.1339182655	97902.39111	711.6993108	711.2138663
neutron	939.56536	0.5938516689	96216.17517	0	0
S34	31632.70018	0.1702957317	96216.17517	0	0
neutron	939.56536	0.3609419289	96143.8272	0	0
Ne22	20479.73746	0.2079256578	96143.8272	0	0
S35	32565.27968	0.145979548	95789.06029	0	0
neutron	939.56536	13.19018045	95979.06751	0	0
neutron	939.56536	1.953181231	95979.06751	0	0
S35	32565.27968	0.1879215578	95979.06751	0	0
Cl35	32564.60306	0.129079528	99766.33741	1417.114327	1416.587667
neutron	939.56536	45.46122783	95950.54283	0	0
neutron	939.56536	1.474625059	95950.54283	0	0
neutron	939.56536	0.4867079059	95950.54283	0	0
S32	29773.62828	1.329623859	95950.54283	0	0
neutron	939.56536	7.06246092	95954.25775	0	0
proton	938.272013	5.053643795	95954.25775	0	0
neutron	939.56536	4.817921433	95954.25775	0	0
neutron	939.56536	4.370128954	95954.25775	0	0
neutron	939.56536	2.723873751	95954.25775	0	0
proton	938.272013	2.613842331	95954.25775	0	0
alpha	3727.379	3.213114404	95954.25775	0	0
C13	12109.48242	1.480303974	95954.25775	0	0
neutron	939.56536	1.218160701	96011.24923	0	0
S34	31632.70018	0.09711672396	96011.24923	0	0
Cl37	34424.84314	0.0813874397	98453.15004	905.5788518	905.4091629
neutron	939.56536	3.248027536	95882.23696	0	0
S34	31632.70018	0.4437286832	95882.23696	0	0
neutron	939.56536	5.842896134	96285.79936	0	0
S36	33494.9558	0.1805436981	96285.79936	0	0
neutron	939.56536	9.062028668	96008.49497	0	0
neutron	939.56536	2.755978691	96008.49497	0	0
neutron	939.56536	1.180860801	96008.49497	0	0
alpha	3727.379	12.51757667	96008.49497	0	0
alpha	3727.379	4.88349376	96008.49497	0	0
C12	11174.86339	10.87753864	96008.49497	0	0
neutron	939.56536	11.8077008	95821.51598	0	0
neutron	939.56536	3.497251446	95821.51598	0	0
Ne21	19550.53637	0.3116221401	95821.51598	0	0
neutron	939.56536	1.094642122	96144.12422	0	0
Ne22	20479.73746	0.123252075	96144.12422	0	0
neutron	939.56536	0.984817476	95919.25106	0	0
S34	31632.70018	0.2849096106	95919.25106	0	0
S35	32565.27968	0.1507550504	96080.32729	0	0
S35	32565.27968	0.1300092311	96012.5985	0	0
neutron	939.56536	7.112250026	96244.99773	0	0
neutron	939.56536	0.07193071442	96244.99773	0	0
S35	32565.27968	0.4012932193	96244.99773	0	0
neutron	939.56536	0.0294066765	96212.3388	0	0
S34	31632.70018	0.1368824225	96212.3388	0	0
Na23	21409.21625	0.2316652663	99097.13735	1134.895439	1134.652232
neutron	939.56536	22.62840669	96052.27522	0	0
neutron	939.56536	7.815281241	96052.27522	0	0
proton	938.272013	5.938921651	96052.27522	0	0
neutron	939.56536	2.423130742	96052.27522	0	0
neutron	939.56536	2.340399901	96052.27522	0	0
neutron	939.56536	0.9944919315	96052.27522	0	0
P31	28844.21869	1.352796794	96052.27522	0	0
Ne23	21414.10216	0.2303578708	96129.53969	0	0
Na23	21409.21625	0.108008695	98162.95034	815.6951679	815.3975829
S35	32565.27968	0.1375079255	95945.1359	0	0
Ne23	21414.10216	0.2327123111	95839.58359	0	0
S35	32565.27968	0.1559018397	96066.94793	0	0
neutron	939.56536	11.06754051	95855.69835	0	0
neutron	939.56536	3.229298264	95855.69835	0	0
neutron	939.56536	2.805161236	95855.69835	0	0
Ne20	18617.73218	0.8877296563	95855.69835	0	0
Cl35	32564.60306	0.1013481331	99841.11594	1431.412119	1430.208155
neutron	939.56536	1.652322336	95838.23854	0	0
neutron	939.56536	0.9658993924	95838.23854	0	0
neutron	939.56536	0.2916945248	95838.23854	0	0
alpha	3727.379	8.404736446	95838.23854	0	0
Si28	26053.19393	1.464901355	95838.23854	0	0
S35	32565.27968	0.1621772001	96245.61503	0	0
neutron	939.56536	6.253386812	96032.68479	0	0
neutron	939.56536	3.116568464	96032.68479	0	0
neutron	939.56536	2.809569269	96032.68479	0	0
neutron	939.56536	0.5047880278	96032.68479	0	0
S33	30704.55199	0.5563886064	96032.68479	0	0
neutron	939.56536	1.820538052	96017.25964	0	0
neutron	939.56536	1.577983083	96017.25964	0	0
alpha	3727.379	12.48884877	96017.25964	0	0
deuteron	1875.613	12.46607884	96017.25964	0	0
Al27	25126.50566	3.060527724	96017.25964	0	0
S35	32565.27968	0.1532639344	95973.62844	0	0
neutron	939.56536	0.8993938986	95945.48861	0	0
S34	31632.70018	0.1275706661	95945.48861	0	0
Cl35	32564.60306	0.1141430037	97421.71825	517.2284512	516.9546401
neutron	939.56536	21.1141048	95955.44358	0	0
proton	938.272013	17.39538498	95955.44358	0	0
neutron	939.56536	0.7626716673	95955.44358	0	0
P34	31638.59261	0.2555111799	95955.44358	0	0
proton	938.272013	23.62973662	95903.88886	0	0
neutron	939.56536	8.68541227	95903.88886	0	0
neutron	939.56536	1.35566652	95903.88886	0	0
P32	29775.84838	0.4437673524	95903.88886	0	0
S35	32565.27968	0.1335894961	96054.96841	0	0
neutron	939.56536	0.1200832475	95745.86011	0	0
S36	33494.9558	0.1311096803	95745.86011	0	0
neutron	939.56536	0.03273338177	95882.65622	0	0
Ne22	20479.73746	0.237680264	95882.65622	0	0
proton	938.272013	44.31979601	96080.54569	0	0
neutron	939.56536	2.215255709	96080.54569	0	0
neutron	939.56536	0.7859402811	96080.54569	0	0
P32	29775.84838	2.161458047	96080.54569	0	0
neutron	939.56536	1.695587628	96009.3234	0	0
S34	31632.70018	0.3415252891	96009.3234	0	0
Cl37	34424.84314	0.06961874263	98324.69995	830.2669242	830.1176843
S35	32565.27968	0.1647071321	96191.22943	0	0
Cl35	32564.60306	0.09081689998	96391.76791	126.5311466	126.3694678
proton	938.272013	4.96624963	95999.01048	0	0
neutron	939.56536	1.941066976	95999.01048	0	0
P33	30705.30994	0.06869574671	95999.01048	0	0
S37	34430.21755	0.1413868675	95973.82283	0	0
neutron	939.56536	0.2943101539	96038.81265	0	0
S36	33494.9558	0.1314770337	96038.81265	0	0
neutron	939.56536	0.5236034837	95999.48746	0	0
S34	31632.70018	0.09309457389	95999.48746	0	0
neutron	939.56536	7.670212521	96079.09693	0	0
neutron	939.56536	4.598867626	96079.09693	0	0
neutron	939.56536	3.052837441	96079.09693	0	0
S32	29773.62828	0.231655602	96079.09693	0	0
neutron	939.56536	12.50623612	96332.38609	0	0
proton	938.272013	5.867326328	96332.38609	0	0
proton	938.272013	2.398022165	96332.38609	0	0
neutron	939.56536	2.197223983	96332.38609	0	0
neutron	939.56536	0.1372034509	96332.38609	0	0
Si30	27913.24182	0.5462098275	96332.38609	0	0
neutron	939.56536	0.8888987272	96034.37832	0	0
S36	33494.9558	0.09653195442	96034.37832	0	0
neutron	939.56536	33.03814334	95936.24776	0	0
proton	938.272013	5.977457638	95936.24776	0	0
neutron	939.56536	3.433961018	95936.24776	0	0
P32	29775.84838	1.037866156	95936.24776	0	0
Ne23	21414.10216	0.2279774056	96038.85147	0	0
S37	34430.21755	0.1401296369	95954.41146	0	0
Cl35	32564.60306	0.1377088154	99063.64681	1124.806042	1124.494413
neutron	939.56536	0.5225415306	96142.06505	0	0
S34	31632.70018	0.2289346358	96142.06505	0	0
neutron	939.56536	3.740862255	96088.24118	0	0
neutron	939.56536	0.4090848082	96088.24118	0	0
S33	30704.55199	0.1290920923	96088.24118	0	0
proton	938.272013	7.207946406	95928.17789	0	0
neutron	939.56536	4.76568069	95928.17789	0	0
P33	30705.30994	0.3848961729	95928.17789	0	0
neutron	939.56536	9.285653427	95862.66962	0	0
proton	938.272013	2.318868955	95862.66962	0	0
neutron	939.56536	1.747881176	95862.66962	0	0
neutron	939.56536	1.512342197	95862.66962	0	0
P31	28844.21869	0.2467333196	95862.66962	0	0
S35	32565.27968	0.1557226814	96103.27388	0	0
neutron	939.56536	28.00807028	95939.97677	0	0
neutron	939.56536	1.350512325	95939.97677	0	0
neutron	939.56536	0.8953468982	95939.97677	0	0
alpha	3727.379	3.958947832	95939.97677	0	0
O16	14895.08153	3.949837211	95939.97677	0	0
Cl35	32564.60306	0.07091727753	96065.74458	143.3864914	142.9400046
neutron	939.56536	20.79111981	95784.02827	0	0
neutron	939.56536	4.296729479	95784.02827	0	0
neutron	939.56536	0.3469939171	95784.02827	0	0
S32	29773.62828	0.5668007339	95784.02827	0	0
Ne23	21414.10216	0.223481638	95995.87627	0	0
neutron	939.56536	0.1297125672	96025.31048	0	0
S36	33494.9558	0.1178397454	96025.31048	0	0
Na23	21409.21625	0.1266533179	98924.70131	1010.881543	1010.699017
proton	938.272013	21.07017187	95898.57655	0	0
F22	20491.06576	0.6083785315	95898.57655	0	0
Ne23	21414.10216	0.2228547147	96161.47777	0	0
neutron	939.56536	1.749520495	96125.6428	0	0
Ne22	20479.73746	0.3405063753	96125.6428	0	0
neutron	939.56536	8.431086637	96170.42734	0	0
neutron	939.56536	2.961265299	96170.42734	0	0
neutron	939.56536	0.9563707704	96170.42734	0	0
Ne20	18617.73218	0.2771989155	96170.42734	0	0
proton	938.272013	14.55665262	95802.29684	0	0
proton	938.272013	9.582077421	95802.29684	0	0
neutron	939.56536	5.521565308	95802.29684	0	0
neutron	939.56536	4.018496996	95802.29684	0	0
neutron	939.56536	1.925948719	95802.29684	0	0
Si30	27913.24182	0.8441838552	95802.29684	0	0
Na23	21409.21625	0.1409443364	96454.91357	180.0535419	179.6264675
neutron	939.56536	1.984917099	96087.66413	0	0
S36	33494.9558	0.1639857435	96087.66413	0	0
neutron	939.56536	2.727563671	96449.10434	0	0
S34	31632.70018	0.2818502993	96449.10434	0	0
neutron	939.56536	0.6648597171	96075.6278	0	0
S34	31632.70018	0.1262800039	96075.6278	0	0
neutron	939.56536	17.20361673	95920.60133	0	0
neutron	939.56536	6.702441257	95920.60133	0	0
neutron	939.56536	2.339222886	95920.60133	0	0
alpha	3727.379	6.728655938	95920.60133	0	0
O16	14895.08153	3.723686246	95920.60133	0	0
Na23	21409.21625	0.1034668476	96674.39769	277.3485692	277.2074359
S35	32565.27968	0.1524973269	96024.97672	0	0
S35	32565.27968	0.1425961249	95862.99457	0	0
S35	32565.27968	0.1675666602	95925.57456	0	0
Na23	21409.21625	0.6260209029	98032.01912	731.4336709	730.7268244
Ne23	21414.10216	0.2246952582	96136.9151	0	0
neutron	939.56536	0.703000086	95935.14412	0	0
S36	33494.9558	0.1872373203	95935.14412	0	0
neutron	939.56536	0.4850051013	96028.22434	0	0
S34	31632.70018	0.172879406	96028.22434	0	0
neutron	939.56536	11.85714991	96033.88168	0	0
neutron	939.56536	9.58167855	96033.88168	0	0
alpha	3727.379	8.481569217	96033.88168	0	0
O17	15830.5038	1.178129853	96033.88168	0	0
Ne23	21414.10216	0.2223253078	96031.34179	0	0
Cl35	32564.60306	0.2058016354	96336.86902	102.4012548	102.1581684
neutron	939.56536	0.5692568497	96231.13873	0	0
S36	33494.9558	0.1850859626	96231.13873	0	0
S35	32565.27968	0.1568830167	95903.32842	0	0
neutron	939.56536	9.637674944	96084.71835	0	0
S34	31632.70018	0.2368200702	96084.71835	0	0
neutron	939.56536	0.09139951129	95831.2503	0	0
S36	33494.9558	0.1721690971	95831.2503	0	0
neutron	939.56536	5.328381137	95909.45019	0	0
neutron	939.56536	2.280788432	95909.45019	0	0
neutron	939.56536	0.9034843811	95909.45019	0	0
S32	29773.62828	0.1095881303	95909.45019	0	0
neutron	939.56536	0.3946664434	95946.91944	0	0
S36	33494.9558	0.208841374	95946.91944	0	0
Cl35	32564.60306	0.2397494568	96619.87044	255.3948859	254.919339
Na23	21409.21625	0.102298385	96603.27343	310.9606571	310.7690607
S35	32565.27968	0.1642364449	95810.7113	0	0
neutron	939.56536	13.94510047	96066.61698	0	0
neutron	939.56536	3.869423398	96066.61698	0	0
Ne21	19550.53637	1.382570931	96066.61698	0	0
S35	32565.27968	0.1651503979	96093.52642	0	0
neutron	939.56536	0.6530901465	96113.25138	0	0
S34	31632.70018	0.193587272	96113.25138	0	0
neutron	939.56536	0.3764723251	95886.52062	0	0
Ne22	20479.73746	0.2753124368	95886.52062	0	0
Cl35	32564.60306	0.07563224911	99676.21938	1354.34614	1353.923986
Cl35	32564.60306	0.108548959	98304.13181	812.8701111	812.7243801
neutron	939.56536	3.465913747	96099.68732	0	0
neutron	939.56536	2.58361757	96099.68732	0	0
neutron	939.56536	0.8315355362	96099.68732	0	0
alpha	3727.379	7.0626219	96099.68732	0	0
O16	14895.08153	1.998563457	96099.68732	0	0
neutron	939.56536	0.8958361328	95927.49645	0	0
S36	33494.9558	0.1719865404	95927.49645	0	0
Na23	21409.21625	0.1165196829	96848.42186	408.1216212	407.9596195
neutron	939.56536	5.973507628	95874.77888	0	0
proton	938.272013	4.259695076	95874.77888	0	0
neutron	939.56536	3.136032073	95874.77888	0	0
neutron	939.56536	1.473042908	95874.77888	0	0
P31	28844.21869	1.426652389	95874.77888	0	0
proton	938.272013	38.43143513	96204.65625	0	0
proton	938.272013	2.33792352	96204.65625	0	0
neutron	939.56536	0.5525635075	96204.65625	0	0
Si32	29776.58515	1.68042813	96204.65625	0	0
neutron	939.56536	4.362246975	95938.74987	0	0
neutron	939.56536	3.958281934	95938.74987	0	0
neutron	939.56536	3.181124584	95938.74987	0	0
S34	31632.70018	0.8432942932	95938.74987	0	0
S35	32565.27968	0.1554514424	95826.6331	0	0
Na23	21409.21625	0.5577918572	97335.80992	320.4386021	319.6716842
S37	34430.21755	0.1320291356	96014.50196	0	0
Ne23	21414.10216	0.2290280164	95891.73212	0	0
neutron	939.56536	3.625288875	95935.62492	0	0
S34	31632.70018	0.1002082379	95935.62492	0	0
neutron	939.56536	0.1148398956	96049.27202	0	0
S34	31632.70018	0.1189864578	96049.27202	0	0
S35	32565.27968	0.1603638493	95924.43888	0	0
Cl35	32564.60306	0.3847194738	97903.90776	695.9989916	695.4987204
Cl35	32564.60306	0.08460850134	99520.41257	1329.044969	1328.218279
neutron	939.56536	0.8263873323	95972.39068	0	0
Ne22	20479.73746	0.194215922	95972.39068	0	0
neutron	939.56536	8.563321208	96023.67748	0	0
neutron	939.56536	6.181647285	96023.67748	0	0
neutron	939.56536	1.906326055	96023.67748	0	0
S32	29773.62828	0.5446016265	96023.67748	0	0
neutron	939.56536	0.4709480997	96249.12124	0	0
S36	33494.9558	0.07531346787	96249.12124	0	0
neutron	939.56536	0.08701475968	95867.84135	0	0
S36	33494.9558	0.1537645532	95867.84135	0	0
proton	938.272013	5.350162562	95957.01737	0	0
neutron	939.56536	4.303300516	95957.01737	0	0
neutron	939.56536	3.029450615	95957.01737	0	0
neutron	939.56536	0.9990362601	95957.01737	0	0
P31	28844.21869	0.391023606	95957.01737	0	0
Cl35	32564.60306	0.1451034216	97679.50783	595.3067864	594.5609421
S35	32565.27968	0.1508240548	95805.94458	0	0
S35	32565.27968	0.1477250353	96134.59259	0	0
Ne23	21414.10216	0.212218647	95886.52202	0	0
neutron	939.56536	0.5438920679	95853.63839	0	0
Ne22	20479.73746	0.1448535771	95853.63839	0	0
proton	938.272013	13.27926294	96290.44696	0	0
neutron	939.56536	3.050316219	96290.44696	0	0
neutron	939.56536	2.165724998	96290.44696	0	0
F20	18625.26686	0.7774451803	96290.44696	0	0
neutron	939.56536	10.44188086	95934.63553	0	0
neutron	939.56536	5.219422446	95934.63553	0	0
proton	938.272013	2.866781916	95934.63553	0	0
triton	2808.921	5.775527085	95934.63553	0	0
Si29	26984.28567	1.843061211	95934.63553	0	0
S35	32565.27968	0.1500483768	95938.50951	0	0
Cl35	32564.60306	0.06658995864	99494.97199	1315.693892	1315.541808
neutron	939.56536	2.284017962	96006.84585	0	0
Ne22	20479.73746	0.05640473462	96006.84585	0	0
proton	938.272013	29.61324224	96015.64704	0	0
neutron	939.56536	1.39848317	96015.64704	0	0
deuteron	1875.613	6.592186907	96015.64704	0	0
Si31	28846.21977	0.6468937003	96015.64704	0	0
Ne23	21414.10216	0.2228241492	95945.29891	0	0
neutron	939.56536	1.398657683	96016.9073	0	0
Ne22	20479.73746	0.1711797256	96016.9073	0	0
neutron	939.56536	14.3648785	96043.00145	0	0
proton	938.272013	8.938652397	96043.00145	0	0
neutron	939.56536	1.752063662	96043.00145	0	0
neutron	939.56536	1.702593486	96043.00145	0	0
P31	28844.21869	1.025670612	96043.00145	0	0
Cl35	32564.60306	0.3048616656	96509.01637	230.8859619	230.4027907
Ne23	21414.10216	0.219809137	96237.99982	0	0
neutron	939.56536	1.458081978	95934.16951	0	0
S34	31632.70018	0.3267702123	95934.16951	0	0
neutron	939.56536	7.150656372	95772.09822	0	0
neutron	939.56536	2.258662346	95772.09822	0	0
Ne21	19550.53637	1.148090277	95772.09822	0	0
S35	32565.27968	0.1468200447	95908.37276	0	0
Ne23	21414.10216	0.20120491	96417.04281	0	0
neutron	939.56536	12.09490103	96103.18833	0	0
neutron	939.56536	5.773990407	96103.18833	0	0
neutron	939.56536	3.283044011	96103.18833	0	0
Ne20	18617.73218	0.5108234639	96103.18833	0	0
neutron	939.56536	0.09665149511	96042.83688	0	0
S34	31632.70018	0.1295961831	96042.83688	0	0
neutron	939.56536	3.87089719	95917.19395	0	0
neutron	939.56536	2.834059748	95917.19395	0	0
neutron	939.56536	2.64758727	95917.19395	0	0
Ne20	18617.73218	0.523814908	95917.19395	0	0
neutron	939.56536	0.2104751502	95882.89019	0	0
neutron	939.56536	0.1357577624	95882.89019	0	0
S33	30704.55199	0.1497218297	95882.89019	0	0
neutron	939.56536	1.356853836	96042.82485	0	0
Ne22	20479.73746	0.2970557061	96042.82485	0	0
S35	32565.27968	0.1479591382	95784.77516	0	0
neutron	939.56536	9.863497056	96038.6346	0	0
neutron	939.56536	1.470196818	96038.6346	0	0
Ne21	19550.53637	0.786083174	96038.6346	0	0
Cl37	34424.84314	0.1046786464	98193.45503	878.6153982	878.5100633
Ne23	21414.10216	0.21976005	95717.84365	0	0
S35	32565.27968	0.1396566273	96052.66244	0	0
neutron	939.56536	15.41286679	95997.4105	0	0
neutron	939.56536	10.91719565	95997.4105	0	0
neutron	939.56536	1.254284963	95997.4105	0	0
S34	31632.70018	0.8899297573	95997.4105	0	0
neutron	939.56536	0.1522423652	95947.58979	0	0
Ne22	20479.73746	0.1998441076	95947.58979	0	0
Na23	21409.21625	0.1400109935	99585.89085	1351.099756	1350.698595
S35	32565.27968	0.1545429666	95858.76835	0	0
neutron	939.56536	5.239899362	96091.28375	0	0
neutron	939.56536	2.147169126	96091.28375	0	0
Ne21	19550.53637	0.3356055586	96091.28375	0	0
Cl35	32564.60306	0.353986414	99881.5269	1459.959395	1459.427786
Cl37	34424.84314	0.07220182407	97405.27994	602.2464883	602.0613701
neutron	939.56536	12.88203383	95894.60523	0	0
neutron	939.56536	0.37162822	95894.60523	0	0
Ne21	19550.53637	0.3895615959	95894.60523	0	0
neutron	939.56536	0.1638958345	96041.81896	0	0
S34	31632.70018	0.1219957506	96041.81896	0	0
Na23	21409.21625	0.1397657184	98951.53187	1097.782589	1097.066302
neutron	939.56536	1.848393379	96143.70063	0	0
S34	31632.70018	0.05055290126	96143.70063	0	0
neutron	939.56536	1.796364438	96009.18359	0	0
S34	31632.70018	0.07877151722	96009.18359	0	0
neutron	939.56536	5.982488919	96026.69908	0	0
proton	938.272013	3.432512332	96026.69908	0	0
neutron	939.56536	1.002188176	96026.69908	0	0
P32	29775.84838	0.3850117596	96026.69908	0	0
neutron	939.56536	0.5705091139	96036.40312	0	0
Ne22	20479.73746	0.1862949953	96036.40312	0	0
Cl35	32564.60306	0.1957941111	97690.84302	587.4872165	587.2740609
neutron	939.56536	1.13826704	96098.348	0	0
Ne22	20479.73746	0.2412769802	96098.348	0	0
neutron	939.56536	0.6813977411	96307.5932	0	0
S36	33494.9558	0.08225675014	96307.5932	0	0
Ne23	21414.10216	0.2336147766	95870.85086	0	0
neutron	939.56536	0.6272941787	95854.2817	0	0
S34	31632.70018	0.1210331296	95854.2817	0	0
proton	938.272013	22.09384421	96076.45626	0	0
neutron	939.56536	1.901649142	96076.45626	0	0
P35	32569.77755	0.6299849134	96076.45626	0	0
proton	938.272013	13.42682211	95932.28276	0	0
neutron	939.56536	2.446177747	95932.28276	0	0
F21	19556.73074	0.5746135456	95932.28276	0	0
Cl37	34424.84314	0.0833367198	98882.68396	1049.864387	1049.453443
S35	32565.27968	0.1579594888	96077.92658	0	0
neutron	939.56536	1.332293324	96029.46672	0	0
neutron	939.56536	0.5553351893	96029.46672	0	0
S33	30704.55199	0.2628990777	96029.46672	0	0
S35	32565.27968	0.1550584841	96085.05215	0	0
neutron	939.56536	3.220277901	96301.83811	0	0
Ne22	20479.73746	0.2113265767	96301.83811	0	0
neutron	939.56536	2.437819189	96089.45476	0	0
Ne22	20479.73746	0.08200393412	96089.45476	0	0
neutron	939.56536	8.721488508	96136.70375	0	0
neutron	939.56536	3.310600568	96136.70375	0	0
neutron	939.56536	3.185172642	96136.70375	0	0
alpha	3727.379	11.40849625	96136.70375	0	0
alpha	3727.379	10.06136078	96136.70375	0	0
C12	11174.86339	1.785087195	96136.70375	0	0
neutron	939.56536	1.047489091	96167.06974	0	0
Ne22	20479.73746	0.1807161767	96167.06974	0	0
neutron	939.56536	0.1702047757	95876.42005	0	0
S36	33494.9558	0.114785252	95876.42005	0	0
proton	938.272013	35.55871173	95908.15727	0	0
proton	938.272013	6.017182433	95908.15727	0	0
neutron	939.56536	5.060339851	95908.15727	0	0
neutron	939.56536	2.527503012	95908.15727	0	0
Si31	28846.21977	0.7714559531	95908.15727	0	0
neutron	939.56536	1.300964991	96137.48165	0	0
alpha	3727.379	6.887564542	96137.48165	0	0
Si30	27913.24182	1.53815845	96137.48165	0	0
Na23	21409.21625	0.1758580127	99784.72561	1406.250311	1406.01002
neutron	939.56536	1.552560522	96163.11932	0	0
neutron	939.56536	0.6453946595	96163.11932	0	0
Ne21	19550.53637	0.157031578	96163.11932	0	0
neutron	939.56536	6.913304244	95933.04093	0	0
proton	938.272013	5.902927874	95933.04093	0	0
neutron	939.56536	3.82743425	95933.04093	0	0
proton	938.272013	3.240212124	95933.04093	0	0
neutron	939.56536	2.949976549	95933.04093	0	0
neutron	939.56536	2.452283164	95933.04093	0	0
neutron	939.56536	1.493748947	95933.04093	0	0
Si28	26053.19393	0.2820849418	95933.04093	0	0
neutron	939.56536	10.13908179	96060.90023	0	0
neutron	939.56536	6.618441103	96060.90023	0	0
neutron	939.56536	4.672053816	96060.90023	0	0
Ne20	18617.73218	3.002756671	96060.90023	0	0
neutron	939.56536	0.2080265009	95945.09098	0	0
Ne22	20479.73746	0.2717913154	95945.09098	0	0
Na23	21409.21625	0.101016523	97032.95914	351.6493914	351.2120751
S35	32565.27968	0.1599245519	96135.03443	0	0
Cl35	32564.60306	0.1461632433	98960.68715	1134.120533	1133.927958
neutron	939.56536	2.461703682	95899.45991	0	0
S34	31632.70018	0.05261404545	95899.45991	0	0
Cl35	32564.60306	0.07696605843	97590.10321	592.9967984	592.8585058
neutron	939.56536	8.191732187	95945.14074	0	0
neutron	939.56536	2.824328721	95945.14074	0	0
S33	30704.55199	0.3570077735	95945.14074	0	0
S35	32565.27968	0.1573831264	96128.58476	0	0
neutron	939.56536	22.33850969	96017.38215	0	0
neutron	939.56536	4.278609877	96017.38215	0	0
Ne21	19550.53637	0.8555814575	96017.38215	0	0
S35	32565.27968	0.1506242578	96354.26552	0	0
proton	938.272013	26.06356771	96126.30981	0	0
neutron	939.56536	24.86808337	96126.30981	0	0
F21	19556.73074	0.5717039839	96126.30981	0	0
neutron	939.56536	4.328581748	95948.56341	0	0
S34	31632.70018	0.1027861112	95948.56341	0	0
neutron	939.56536	6.742705219	95971.5614	0	0
neutron	939.56536	2.505754613	95971.5614	0	0
neutron	939.56536	0.8046427325	95971.5614	0	0
alpha	3727.379	4.109057039	95971.5614	0	0
O16	14895.08153	0.8828860574	95971.5614	0	0
neutron	939.56536	2.346389627	95830.4201	0	0
neutron	939.56536	0.9068173848	95830.4201	0	0
neutron	939.56536	0.589548856	95830.4201	0	0
S32	29773.62828	0.06643490227	95830.4201	0	0
neutron	939.56536	0.07397206485	96007.76074	0	0
Ne22	20479.73746	0.1755964111	96007.76074	0	0
Cl35	32564.60306	0.1053492686	98422.91378	906.5687418	906.3283976
neutron	939.56536	0.7084273462	95974.31086	0	0
Ne22	20479.73746	0.2617291534	95974.31086	0	0
Cl35	32564.60306	0.1999793365	99460.8127	1320.041867	1319.621833
proton	938.272013	29.48007883	95890.02107	0	0
neutron	939.56536	25.6675709	95890.02107	0	0
neutron	939.56536	0.3498882886	95890.02107	0	0
P34	31638.59261	0.009743188183	95890.02107	0	0
neutron	939.56536	31.18060316	96066.53677	0	0
neutron	939.56536	4.458311202	96066.53677	0	0
S33	30704.55199	1.411005225	96066.53677	0	0
proton	938.272013	30.85557161	96095.08356	0	0
neutron	939.56536	21.09645099	96095.08356	0	0
F21	19556.73074	0.8821229042	96095.08356	0	0
neutron	939.56536	29.28441466	95950.18355	0	0
neutron	939.56536	7.222240214	95950.18355	0	0
neutron	939.56536	0.9605542655	95950.18355	0	0
Ne20	18617.73218	1.244809012	95950.18355	0	0
neutron	939.56536	21.85736546	95858.99738	0	0
proton	938.272013	5.198851051	95858.99738	0	0
proton	938.272013	3.768429657	95858.99738	0	0
neutron	939.56536	3.092213109	95858.99738	0	0
neutron	939.56536	2.745107258	95858.99738	0	0
Si30	27913.24182	0.6299450486	95858.99738	0	0
Ne23	21414.10216	0.2320591822	95983.00675	0	0
neutron	939.56536	0.07885827736	95974.51987	0	0
S34	31632.70018	0.1399158071	95974.51987	0	0
neutron	939.56536	9.265727239	96123.00968	0	0
neutron	939.56536	5.473777301	96123.00968	0	0
neutron	939.56536	0.8926656754	96123.00968	0	0
S32	29773.62828	0.7134210329	96123.00968	0	0
neutron	939.56536	9.887767131	95884.04295	0	0
proton	938.272013	6.372886263	95884.04295	0	0
neutron	939.56536	3.821054091	95884.04295	0	0
P34	31638.59261	1.097290401	95884.04295	0	0
neutron	939.56536	33.26768876	96045.79199	0	0
neutron	939.56536	1.633602231	96045.79199	0	0
neutron	939.56536	1.393648999	96045.79199	0	0
Ne20	18617.73218	1.60168653	96045.79199	0	0
neutron	939.56536	27.21882233	95985.2594	0	0
neutron	939.56536	11.07096316	95985.2594	0	0
neutron	939.56536	3.02533575	95985.2594	0	0
alpha	3727.379	8.742172928	95985.2594	0	0
alpha	3727.379	5.327538234	95985.2594	0	0
C12	11174.86339	3.756527327	95985.2594	0	0
Na23	21409.21625	0.3351629193	96947.76773	279.3411331	278.9280287
S35	32565.27968	0.1398659989	96365.68212	0	0
Ne23	21414.10216	0.2225809804	96080.15173	0	0
neutron	939.56536	5.392314728	96010.72221	0	0
neutron	939.56536	2.600262515	96010.72221	0	0
neutron	939.56536	0.9160574393	96010.72221	0	0
Ne20	18617.73218	0.1404003189	96010.72221	0	0
neutron	939.56536	0.08557224923	95820.27524	0	0
S34	31632.70018	0.1771303518	95820.27524	0	0
Ne23	21414.10216	0.2194455025	96066.68622	0	0
neutron	939.56536	1.108564399	96056.69778	0	0
S34	31632.70018	0.1349523514	96056.69778	0	0
neutron	939.56536	32.12353468	95922.30763	0	0
proton	938.272013	13.60384086	95922.30763	0	0
neutron	939.56536	1.021897277	95922.30763	0	0
P32	29775.84838	0.4325423456	95922.30763	0	0
Ne23	21414.10216	0.2214913705	96070.54564	0	0
Na23	21409.21625	0.3708153158	96527.49014	256.974286	256.5545938
neutron	939.56536	13.88580418	96022.14335	0	0
proton	938.272013	5.597176124	96022.14335	0	0
proton	938.272013	1.887265115	96022.14335	0	0
neutron	939.56536	1.805460146	96022.14335	0	0
neutron	939.56536	0.9314613507	96022.14335	0	0
O18	16762.02378	1.883526911	96022.14335	0	0
neutron	939.56536	5.700142458	95916.475	0	0
neutron	939.56536	3.659288654	95916.475	0	0
alpha	3727.379	4.446666977	95916.475	0	0
O17	15830.5038	2.26155543	95916.475	0	0
neutron	939.56536	7.180122837	95895.28948	0	0
Ne22	20479.73746	0.855060883	95895.28948	0	0
neutron	939.56536	9.04424971	96232.98554	0	0
neutron	939.56536	6.610367978	96232.98554	0	0
neutron	939.56536	4.147138309	96232.98554	0	0
S32	29773.62828	0.8353059674	96232.98554	0	0
S37	34430.21755	0.1267513505	96051.65444	0	0
Cl35	32564.60306	0.0670712061	96311.5823	153.0504468	152.9639871
proton	938.272013	7.086261044	95983.9295	0	0
neutron	939.56536	5.08135342	95983.9295	0	0
neutron	939.56536	4.451094032	95983.9295	0	0
neutron	939.56536	1.636301861	95983.9295	0	0
P31	28844.21869	0.4112822199	95983.9295	0	0
Cl35	32564.60306	0.09170108897	97405.02274	532.6348635	532.3776822
proton	938.272013	11.512842	95991.56587	0	0
neutron	939.56536	5.37819068	95991.56587	0	0
F21	19556.73074	0.4555024279	95991.56587	0	0
neutron	939.56536	0.2252511421	96069.29699	0	0
S34	31632.70018	0.09894986959	96069.29699	0	0
Na23	21409.21625	0.4051319704	98347.86142	878.7255107	878.1175936
neutron	939.56536	6.056949285	95869.44849	0	0
neutron	939.56536	0.137051121	95869.44849	0	0
Ne21	19550.53637	0.6464861831	95869.44849	0	0
Ne23	21414.10216	0.2020910045	95833.56683	0	0
Na23	21409.21625	0.1472564897	99964.65604	1487.13941	1486.798605
neutron	939.56536	1.046764383	95900.35089	0	0
Ne22	20479.73746	0.2641754468	95900.35089	0	0
S35	32565.27968	0.1594591479	95824.4805	0	0
neutron	939.56536	0.1103814045	95895.02002	0	0
S36	33494.9558	0.1733893761	95895.02002	0	0
neutron	939.56536	6.07676371	96055.70786	0	0
proton	938.272013	1.681130613	96055.70786	0	0
neutron	939.56536	0.8201113172	96055.70786	0	0
F20	18625.26686	0.259470775	96055.70786	0	0
neutron	939.56536	2.194029062	96030.75441	0	0
S34	31632.70018	0.3123671914	96030.75441	0	0
proton	938.272013	7.700999087	96010.34286	0	0
neutron	939.56536	4.379376913	96010.34286	0	0
neutron	939.56536	3.612908946	96010.34286	0	0
neutron	939.56536	3.114368426	96010.34286	0	0
alpha	3727.379	11.28025719	96010.34286	0	0
N15	13968.93638	1.695671607	96010.34286	0	0
neutron	939.56536	2.254856578	96052.34974	0	0
S36	33494.9558	0.3474308447	96052.34974	0	0
Na23	21409.21625	0.126188963	96197.43676	109.0455318	108.8469907
Cl35	32564.60306	0.1147403245	96794.00083	395.4579782	394.9785466
S37	34430.21755	0.139207411	95803.46761	0	0
neutron	939.56536	0.8832015585	95977.84577	0	0
S34	31632.70018	0.1470556851	95977.84577	0	0
Cl35	32564.60306	0.323152443	97903.44687	725.8091679	725.4841087
neutron	939.56536	0.2909217083	95968.93267	0	0
alpha	3727.379	19.37015188	95968.93267	0	0
Si30	27913.24182	2.507917847	95968.93267	0	0
neutron	939.56536	8.994631716	95931.27513	0	0
proton	938.272013	6.291160242	95931.27513	0	0
neutron	939.56536	1.37896942	95931.27513	0	0
neutron	939.56536	1.13472922	95931.27513	0	0
P31	28844.21869	0.7986748901	95931.27513	0	0
neutron	939.56536	4.315549548	96028.8364	0	0
proton	938.272013	3.648624782	96028.8364	0	0
P33	30705.30994	0.3191539995	96028.8364	0	0
neutron	939.56536	7.084526905	95920.96531	0	0
proton	938.272013	5.326216391	95920.96531	0	0
F21	19556.73074	0.6394106254	95920.96531	0	0
S35	32565.27968	0.1638436056	95802.81924	0	0
Cl35	32564.60306	0.07509572495	98852.61984	1045.043375	1044.930167
neutron	939.56536	0.7599968335	95882.44046	0	0
S36	33494.9558	0.1391029476	95882.44046	0	0
neutron	939.56536	5.546863735	95978.95501	0	0
neutron	939.56536	3.118512979	95978.95501	0	0
neutron	939.56536	1.547479273	95978.95501	0	0
Ne20	18617.73218	0.4441293405	95978.95501	0	0
S37	34430.21755	0.1435554199	96123.1459	0	0
Cl35	32564.60306	0.0851860903	99911.29263	1471.850534	1471.753659
Na23	21409.21625	0.3437724635	99453.82365	1295.875615	1295.096284
neutron	939.56536	2.155489832	95987.98448	0	0
S34	31632.70018	0.238357839	95987.98448	0	0
neutron	939.56536	0.4754047374	95965.55168	0	0
Ne22	20479.73746	0.2692142713	95965.55168	0	0
neutron	939.56536	0.6690992587	96181.04336	0	0
S34	31632.70018	0.1159701184	96181.04336	0	0
neutron	939.56536	5.296370789	95948.62258	0	0
neutron	939.56536	0.7035358238	95948.62258	0	0
Ne21	19550.53637	0.7329275971	95948.62258	0	0
neutron	939.56536	2.04829432	96105.76219	0	0
neutron	939.56536	1.558127015	96105.76219	0	0
neutron	939.56536	1.45528901	96105.76219	0	0
S32	29773.62828	0.157797889	96105.76219	0	0
neutron	939.56536	20.86868739	96218.62863	0	0
neutron	939.56536	10.9975501	96218.62863	0	0
neutron	939.56536	8.982151206	96218.62863	0	0
alpha	3727.379	8.364563429	96218.62863	0	0
O16	14895.08153	4.20581616	96218.62863	0	0
neutron	939.56536	0.2826063322	95952.15284	0	0
Ne22	20479.73746	0.2393331776	95952.15284	0	0
neutron	939.56536	18.74539338	96037.24733	0	0
proton	938.272013	6.474323611	96037.24733	0	0
neutron	939.56536	4.21571868	96037.24733	0	0
neutron	939.56536	0.2334791262	96037.24733	0	0
deuteron	1875.613	4.354889485	96037.24733	0	0
Si29	26984.28567	0.3270544155	96037.24733	0	0
S35	32565.27968	0.1642354994	96210.87948	0	0
neutron	939.56536	0.8506332978	95751.61714	0	0
S34	31632.70018	0.1706922364	95751.61714	0	0
Ne23	21414.10216	0.2285216364	95795.77511	0	0
Ne23	21414.10216	0.2203992595	96021.05389	0	0
Ne23	21414.10216	0.2184208583	95885.47753	0	0
Cl35	32564.60306	0.112147655	99453.32243	1307.82245	1307.566468
Cl37	34424.84314	0.118386575	96868.56675	372.3660571	372.2242575
Ne23	21414.10216	0.232525925	95933.50258	0	0
proton	938.272013	5.132631815	95959.15846	0	0
neutron	939.56536	2.767371107	95959.15846	0	0
triton	2808.921	6.742513467	95959.15846	0	0
Si30	27913.24182	1.466670053	95959.15846	0	0
neutron	939.56536	0.06489253262	96081.85291	0	0
S34	31632.70018	0.1568202594	96081.85291	0	0
Na23	21409.21625	0.2346811315	96248.26283	91.02697299	90.77175018
Ne23	21414.10216	0.2035836094	95960.69508	0	0
neutron	939.56536	0.1914081792	95869.95759	0	0
Ne22	20479.73746	0.1724874269	95869.95759	0	0
Cl35	32564.60306	0.08129820415	97713.8627	668.9425111	668.7996301
neutron	939.56536	5.68914347	96010.18199	0	0
neutron	939.56536	4.884195671	96010.18199	0	0
neutron	939.56536	2.670982414	96010.18199	0	0
alpha	3727.379	9.51712296	96010.18199	0	0
O16	14895.08153	2.010539125	96010.18199	0	0
neutron	939.56536	0.5415378394	95926.69558	0	0
S34	31632.70018	0.1895676438	95926.69558	0	0
Ne23	21414.10216	0.220283564	96413.85266	0	0
proton	938.272013	5.909332224	95939.24289	0	0
neutron	939.56536	2.584806766	95939.24289	0	0
proton	938.272013	2.351774651	95939.24289	0	0
neutron	939.56536	2.276974204	95939.24289	0	0
neutron	939.56536	0.390275022	95939.24289	0	0
Si30	27913.24182	0.7924603172	95939.24289	0	0
Ne23	21414.10216	0.2116835762	96100.57976	0	0
Ne23	21414.10216	0.2334336698	96111.0735	0	0
neutron	939.56536	0.9586334216	95972.15027	0	0
Ne22	20479.73746	0.1658324998	95972.15027	0	0
Na23	21409.21625	0.1064035035	98390.69475	932.5908762	932.3034258
S37	34430.21755	0.1334119794	95852.54681	0	0
neutron	939.56536	1.927000177	96010.25503	0	0
S34	31632.70018	0.3241644364	96010.25503	0	0
neutron	939.56536	4.265692031	95867.40044	0	0
neutron	939.56536	2.911022202	95867.40044	0	0
neutron	939.56536	0.9537771418	95867.40044	0	0
S32	29773.62828	0.05487866887	95867.40044	0	0
Cl35	32564.60306	1.21986728	99837.05554	1448.42649	1446.677356
neutron	939.56536	7.79582219	95894.96716	0	0
neutron	939.56536	1.337892961	95894.96716	0	0
neutron	939.56536	0.4130936895	95894.96716	0	0
alpha	3727.379	11.3031279	95894.96716	0	0
O16	14895.08153	1.570503182	95894.96716	0	0
neutron	939.56536	11.85176817	95975.37504	0	0
neutron	939.56536	4.414308804	95975.37504	0	0
proton	938.272013	4.186876465	95975.37504	0	0
neutron	939.56536	2.015569433	95975.37504	0	0
proton	938.272013	1.758865074	95975.37504	0	0
Si30	27913.24182	2.063678102	95975.37504	0	0
neutron	939.56536	7.19001476	96126.71595	0	0
neutron	939.56536	3.445455919	96126.71595	0	0
S35	32565.27968	0.6061142795	96126.71595	0	0
neutron	939.56536	1.042864861	96049.80474	0	0
Ne22	20479.73746	0.1853965906	96049.80474	0	0
neutron	939.56536	1.85758824	95946.16258	0	0
S34	31632.70018	0.2449675066	95946.16258	0	0
neutron	939.56536	6.083985067	96081.61663	0	0
neutron	939.56536	4.737490253	96081.61663	0	0
proton	938.272013	4.080829686	96081.61663	0	0
deuteron	1875.613	22.63470128	96081.61663	0	0
Si30	27913.24182	1.191404861	96081.61663	0	0
neutron	939.56536	14.57553421	95831.32688	0	0
proton	938.272013	4.719090558	95831.32688	0	0
neutron	939.56536	2.24195962	95831.32688	0	0
neutron	939.56536	2.046377273	95831.32688	0	0
neutron	939.56536	0.7068914612	95831.32688	0	0
P30	27916.96459	0.6569688859	95831.32688	0	0
S35	32565.27968	0.1652216817	95862.86581	0	0
neutron	939.56536	1.802340354	96073.28214	0	0
Ne22	20479.73746	0.04585922728	96073.28214	0	0
neutron	939.56536	1.511110939	95933.88073	0	0
S34	31632.70018	0.2409849117	95933.88073	0	0
neutron	939.56536	8.064072218	95858.59448	0	0
neutron	939.56536	1.401619754	95858.59448	0	0
Ne21	19550.53637	0.3110245021	95858.59448	0	0
S35	32565.27968	0.1627980047	95873.86068	0	0
Cl35	32564.60306	0.09971872164	98539.06883	940.6089137	940.4371437
proton	938.272013	24.61616939	96148.73909	0	0
neutron	939.56536	10.50648001	96148.73909	0	0
neutron	939.56536	2.207958102	96148.73909	0	0
neutron	939.56536	0.4548793348	96148.73909	0	0
P31	28844.21869	1.614676523	96148.73909	0	0
S35	32565.27968	0.1628692469	96179.6958	0	0
Na23	21409.21625	0.2151452168	99220.76035	1187.055802	1186.764064
neutron	939.56536	2.428974183	96164.4671	0	0
S34	31632.70018	0.02385286468	96164.4671	0	0
neutron	939.56536	6.806184187	95967.9967	0	0
neutron	939.56536	1.660540276	95967.9967	0	0
neutron	939.56536	0.854489604	95967.9967	0	0
S32	29773.62828	0.1388381056	95967.9967	0	0
neutron	939.56536	4.211295604	96179.67444	0	0
neutron	939.56536	0.8233604898	96179.67444	0	0
neutron	939.56536	0.6410270685	96179.67444	0	0
S32	29773.62828	0.1208286719	96179.67444	0	0
neutron	939.56536	1.80574365	95990.54228	0	0
S36	33494.9558	0.249118327	95990.54228	0	0
Cl37	34424.84314	0.07200085157	99527.0732	1320.003236	1319.539956
neutron	939.56536	8.016460274	96197.72444	0	0
neutron	939.56536	1.407805407	96197.72444	0	0
neutron	939.56536	0.5845991384	96197.72444	0	0
S32	29773.62828	0.2655709735	96197.72444	0	0
neutron	939.56536	0.6108166602	95957.19935	0	0
S34	31632.70018	0.06599241884	95957.19935	0	0
S37	34430.21755	0.1406876384	96059.37663	0	0
Na23	21409.21625	0.2074846419	96775.89925	326.0049797	325.7045649
neutron	939.56536	2.510254325	95967.88102	0	0
S34	31632.70018	0.3403747656	95967.88102	0	0
neutron	939.56536	10.49246087	95884.76577	0	0
proton	938.272013	5.459602788	95884.76577	0	0
neutron	939.56536	1.017921917	95884.76577	0	0
deuteron	1875.613	5.98524514	95884.76577	0	0
Si30	27913.24182	0.8256211128	95884.76577	0	0
S35	32565.27968	0.132293741	95869.43341	0	0
Ne23	21414.10216	0.2237368056	95844.7727	0	0
neutron	939.56536	3.218119041	96134.67098	0	0
neutron	939.56536	1.90771269	96134.67098	0	0
S33	30704.55199	0.1628328198	96134.67098	0	0
neutron	939.56536	0.3422905556	96151.28716	0	0
Ne22	20479.73746	0.2490824578	96151.28716	0	0
neutron	939.56536	0.4325630274	96135.03571	0	0
S34	31632.70018	0.2142283379	96135.03571	0	0
Ne23	21414.10216	0.2268938465	96008.36855	0	0
neutron	939.56536	6.60986378	95945.58854	0	0
proton	938.272013	5.85185305	95945.58854	0	0
proton	938.272013	4.584449331	95945.58854	0	0
neutron	939.56536	0.8853276256	95945.58854	0	0
neutron	939.56536	0.8692945646	95945.58854	0	0
neutron	939.56536	0.3025213679	95945.58854	0	0
Si29	26984.28567	0.95015853	95945.58854	0	0
neutron	939.56536	0.6872650456	96294.96556	0	0
S36	33494.9558	0.1681224555	96294.96556	0	0
neutron	939.56536	0.06639466226	96202.80034	0	0
S36	33494.9558	0.1416967597	96202.80034	0	0
neutron	939.56536	1.008530838	95846.1119	0	0
S34	31632.70018	0.1334311582	95846.1119	0	0
neutron	939.56536	3.541961909	96135.13575	0	0
S34	31632.70018	0.2910593048	96135.13575	0	0
Cl35	32564.60306	0.1649718376	99364.92057	1283.629825	1283.191982
neutron	939.56536	3.285382833	96199.05297	0	0
S34	31632.70018	0.1984829222	96199.05297	0	0
Cl35	32564.60306	0.06889218623	98740.01697	1055.116122	1054.920528
neutron	939.56536	1.872579268	95842.86775	0	0
Ne22	20479.73746	0.5154222631	95842.86775	0	0
neutron	939.56536	0.05782314375	96068.96772	0	0
Ne22	20479.73746	0.2354099792	96068.96772	0	0
Cl35	32564.60306	0.1981183253	99096.09101	1167.154364	1166.766609
neutron	939.56536	0.4759404442	95947.08967	0	0
Ne22	20479.73746	0.1029026391	95947.08967	0	0
neutron	939.56536	0.2154544527	95851.34033	0	0
S34	31632.70018	0.09505798424	95851.34033	0	0
neutron	939.56536	3.685435553	96018.86689	0	0
neutron	939.56536	2.861725739	96018.86689	0	0
neutron	939.56536	1.260831614	96018.86689	0	0
S32	29773.62828	0.009775272098	96018.86689	0	0
Na23	21409.21625	0.1594572675	98828.70395	1067.860347	1067.320434
neutron	939.56536	3.847113023	95940.64392	0	0
neutron	939.56536	2.312536999	95940.64392	0	0
neutron	939.56536	1.957797959	95940.64392	0	0
S34	31632.70018	0.4765129143	95940.64392	0	0
neutron	939.56536	1.571491272	95966.05174	0	0
S34	31632.70018	0.3249162081	95966.05174	0	0
S35	32565.27968	0.151505074	96062.24402	0	0
Cl37	34424.84314	0.08248171539	97988.36668	733.5227909	733.2980729
neutron	939.56536	22.06153573	96006.81943	0	0
proton	938.272013	18.17376047	96006.81943	0	0
F21	19556.73074	0.329842779	96006.81943	0	0
neutron	939.56536	11.72414401	96110.16317	0	0
neutron	939.56536	10.93872963	96110.16317	0	0
neutron	939.56536	7.550149726	96110.16317	0	0
alpha	3727.379	4.58180584	96110.16317	0	0
O16	14895.08153	1.786827009	96110.16317	0	0
S35	32565.27968	0.1454488376	96077.17874	0	0
Na23	21409.21625	0.2958214558	96652.36771	284.8027472	284.2604124
Cl37	34424.84314	0.1105599999	96085.79978	50.81712152	50.4791383
neutron	939.56536	0.7900597781	96026.58242	0	0
Ne22	20479.73746	0.2149339833	96026.58242	0	0
neutron	939.56536	0.07624105224	95972.1211	0	0
S34	31632.70018	0.1285399377	95972.1211	0	0
proton	938.272013	28.63003755	96048.93409	0	0
neutron	939.56536	7.260647929	96048.93409	0	0
neutron	939.56536	2.991647673	96048.93409	0	0
P32	29775.84838	0.2577066549	96048.93409	0	0
neutron	939.56536	14.00934315	95876.52838	0	0
neutron	939.56536	1.461380856	95876.52838	0	0
alpha	3727.379	7.23321445	95876.52838	0	0
Si29	26984.28567	0.1771176878	95876.52838	0	0
Ne23	21414.10216	0.2144541551	95933.16653	0	0
neutron	939.56536	8.070275419	95938.39219	0	0
neutron	939.56536	3.698286885	95938.39219	0	0
proton	938.272013	3.025734185	95938.39219	0	0
P32	29775.84838	0.2864339985	95938.39219	0	0
Na23	21409.21625	0.09904596556	97713.19441	618.3846975	618.2199785
neutron	939.56536	31.88805593	96042.68767	0	0
proton	938.272013	27.69467639	96042.68767	0	0
P33	30705.30994	0.6262182249	96042.68767	0	0
neutron	939.56536	9.478876112	96017.12461	0	0
neutron	939.56536	2.921465838	96017.12461	0	0
neutron	939.56536	1.847233675	96017.12461	0	0
neutron	939.56536	1.006183007	96017.12461	0	0
S33	30704.55199	0.6537055948	96017.12461	0	0
Cl35	32564.60306	0.80638907	96623.32521	288.39938	286.9879717
neutron	939.56536	0.8204345182	95826.87954	0	0
S34	31632.70018	0.1591390906	95826.87954	0	0
neutron	939.56536	0.6359587716	95952.87659	0	0
Ne22	20479.73746	0.2094627945	95952.87659	0	0
Cl37	34424.84314	0.09290240831	96554.51377	248.4493498	248.345983
Cl35	32564.60306	0.08026867878	96975.18466	400.3722733	399.8020221
S35	32565.27968	0.1416084198	95840.32416	0	0
neutron	939.56536	0.4356252263	96288.98004	0	0
S34	31632.70018	0.2396400028	96288.98004	0	0
neutron	939.56536	0.238823604	95954.40396	0	0
Ne22	20479.73746	0.3081010128	95954.40396	0	0
neutron	939.56536	14.77509247	95851.81929	0	0
neutron	939.56536	7.855509489	95851.81929	0	0
neutron	939.56536	4.452771805	95851.81929	0	0
alpha	3727.379	7.056607437	95851.81929	0	0
O16	14895.08153	3.477751975	95851.81929	0	0
neutron	939.56536	0.6602719912	95883.03925	0	0
S36	33494.9558	0.1896100337	95883.03925	0	0
S35	32565.27968	0.1574746431	95895.99332	0	0
Cl35	32564.60306	0.1851659527	98632.59643	982.957367	982.6862792
S35	32565.27968	0.1556824371	96151.01694	0	0
Cl35	32564.60306	0.08554372098	96512.359	265.7856557	265.6958064
neutron	939.56536	1.882298744	95843.10309	0	0
S34	31632.70018	0.05312391721	95843.10309	0	0
neutron	939.56536	1.238312471	95867.892	0	0
S34	31632.70018	0.07693043062	95867.892	0	0
neutron	939.56536	5.147420869	95972.94047	0	0
neutron	939.56536	1.043170475	95972.94047	0	0
S33	30704.55199	0.4759041805	95972.94047	0	0
S35	32565.27968	0.1637438334	95993.97191	0	0
neutron	939.56536	0.787421814	95873.57383	0	0
S36	33494.9558	0.1466557785	95873.57383	0	0
neutron	939.56536	1.742503727	96186.53302	0	0
S34	31632.70018	0.182443857	96186.53302	0	0
neutron	939.56536	0.3740241103	96132.98789	0	0
S36	33494.9558	0.1461493016	96132.98789	0	0
neutron	939.56536	0.04938784177	96316.37164	0	0
Ne22	20479.73746	0.1883526897	96316.37164	0	0
neutron	939.56536	1.343042964	95925.75629	0	0
Ne22	20479.73746	0.3390673551	95925.75629	0	0
neutron	939.56536	0.1026338054	96021.50337	0	0
Ne22	20479.73746	0.2223647452	96021.50337	0	0
neutron	939.56536	9.444378459	96181.98449	0	0
neutron	939.56536	3.327543041	96181.98449	0	0
Ne21	19550.53637	0.2139716077	96181.98449	0	0
neutron	939.56536	5.146105191	95996.75218	0	0
neutron	939.56536	3.194953991	95996.75218	0	0
neutron	939.56536	2.451850765	95996.75218	0	0
Ne20	18617.73218	0.4113204942	95996.75218	0	0
Ne23	21414.10216	0.2281562518	96023.43968	0	0
S35	32565.27968	0.1427562573	95867.72153	0	0
neutron	939.56536	9.192263505	95868.58688	0	0
neutron	939.56536	8.970685902	95868.58688	0	0
neutron	939.56536	5.279993937	95868.58688	0	0
proton	938.272013	4.837928511	95868.58688	0	0
P31	28844.21869	0.8805491118	95868.58688	0	0
Cl35	32564.60306	0.07039720745	96945.1914	340.3373024	340.241414
neutron	939.56536	5.436370884	96111.38592	0	0
proton	938.272013	2.6371654	96111.38592	0	0
neutron	939.56536	1.733895957	96111.38592	0	0
deuteron	1875.613	6.461215764	96111.38592	0	0
Si30	27913.24182	0.2239273745	96111.38592	0	0
S35	32565.27968	0.1594952977	96163.43612	0	0
Ne23	21414.10216	0.2223378799	96073.85497	0	0
Ne23	21414.10216	0.213779279	96089.62041	0	0
neutron	939.56536	2.730130967	95896.3556	0	0
Ne22	20479.73746	0.2355590086	95896.3556	0	0
Cl35	32564.60306	0.06773586508	95879.45034	64.98045818	64.89024092
neutron	939.56536	2.015791224	95802.4655	0	0
S34	31632.70018	0.05162509632	95802.4655	0	0
Na23	21409.21625	0.1833715005	97992.47617	681.1401659	680.8259949
neutron	939.56536	29.67271968	96108.51362	0	0
proton	938.272013	15.55204525	96108.51362	0	0
neutron	939.56536	2.083452096	96108.51362	0	0
P32	29775.84838	1.260718981	96108.51362	0	0
neutron	939.56536	0.09650444443	95985.19513	0	0
S34	31632.70018	0.1744362496	95985.19513	0	0
neutron	939.56536	0.3882839029	96056.05862	0	0
S34	31632.70018	0.1321866465	96056.05862	0	0
Cl35	32564.60306	0.07291605736	98747.33518	1082.561727	1082.123081
neutron	939.56536	1.00171976	95962.1447	0	0
Ne22	20479.73746	0.2428888726	95962.1447	0	0
proton	938.272013	21.38825202	95991.97342	0	0
neutron	939.56536	3.772055033	95991.97342	0	0
neutron	939.56536	1.661722463	95991.97342	0	0
neutron	939.56536	0.1938313471	95991.97342	0	0
P31	28844.21869	0.6023189619	95991.97342	0	0
proton	938.272013	9.713282976	95999.06611	0	0
neutron	939.56536	3.407537103	95999.06611	0	0
neutron	939.56536	1.444160237	95999.06611	0	0
P32	29775.84838	0.3636423511	95999.06611	0	0
Cl35	32564.60306	0.09058446741	99009.78127	1173.684447	1173.522979
Na23	21409.21625	0.1993704215	98215.48571	901.4378065	901.0920789
neutron	939.56536	3.102181145	96136.23212	0	0
S34	31632.70018	0.2478800283	96136.23212	0	0
proton	938.272013	33.43064185	96258.05519	0	0
neutron	939.56536	5.15345421	96258.05519	0	0
neutron	939.56536	0.4588210257	96258.05519	0	0
F20	18625.26686	2.784072306	96258.05519	0	0
proton	938.272013	41.6599057	95897.32034	0	0
neutron	939.56536	2.049095779	95897.32034	0	0
neutron	939.56536	0.375283739	95897.32034	0	0
P32	29775.84838	1.496842111	95897.32034	0	0
neutron	939.56536	0.9002646647	95877.2528	0	0
S36	33494.9558	0.1275393749	95877.2528	0	0
neutron	939.56536	12.39213576	96246.80937	0	0
neutron	939.56536	4.842866639	96246.80937	0	0
neutron	939.56536	1.323325165	96246.80937	0	0
S34	31632.70018	0.8957723371	96246.80937	0	0
neutron	939.56536	0.60295472	95905.2239	0	0
S34	31632.70018	0.07909826141	95905.2239	0	0
neutron	939.56536	22.79877882	96080.91893	0	0
neutron	939.56536	11.00417479	96080.91893	0	0
neutron	939.56536	5.498958082	96080.91893	0	0
Ne20	18617.73218	0.618224862	96080.91893	0	0
Cl35	32564.60306	0.09245667135	97731.63471	691.3138046	691.2021887
S35	32565.27968	0.1364673373	95837.75724	0	0
S37	34430.21755	0.1378693395	95912.46848	0	0
neutron	939.56536	22.61487534	95833.31593	0	0
neutron	939.56536	13.50931304	95833.31593	0	0
neutron	939.56536	2.773436617	95833.31593	0	0
S32	29773.62828	1.748887605	95833.31593	0	0
Na23	21409.21625	0.5868711764	96581.04368	259.1885438	258.5073406
neutron	939.56536	14.46976612	96152.44487	0	0
proton	938.272013	3.171255383	96152.44487	0	0
neutron	939.56536	0.6084354885	96152.44487	0	0
P32	29775.84838	0.5175330602	96152.44487	0	0
Cl37	34424.84314	0.3179529136	99868.48502	1444.482428	1444.047959
neutron	939.56536	1.655397447	95892.0822	0	0
neutron	939.56536	0.630320838	95892.0822	0	0
neutron	939.56536	0.6019773083	95892.0822	0	0
Ne20	18617.73218	0.2985938757	95892.0822	0	0
Cl35	32564.60306	0.08667972538	98805.87958	1018.487701	1018.398215
S37	34430.21755	0.143313435	95972.36208	0	0
neutron	939.56536	0.3505425243	95989.91962	0	0
Ne22	20479.73746	0.2191975042	95989.91962	0	0
neutron	939.56536	0.3054100245	95739.08009	0	0
S34	31632.70018	0.1927666621	95739.08009	0	0
neutron	939.56536	3.422681495	95957.85836	0	0
neutron	939.56536	3.099687889	95957.85836	0	0
Ne21	19550.53637	0.57461341	95957.85836	0	0
neutron	939.56536	24.71407963	96259.05617	0	0
neutron	939.56536	13.16366749	96259.05617	0	0
neutron	939.56536	5.178022045	96259.05617	0	0
neutron	939.56536	0.6891751799	96259.05617	0	0
neutron	939.56536	0.1528235359	96259.05617	0	0
S32	29773.62828	1.237585549	96259.05617	0	0
proton	938.272013	6.144237559	96587.03298	0	0
neutron	939.56536	4.532865457	96587.03298	0	0
neutron	939.56536	2.016097151	96587.03298	0	0
neutron	939.56536	0.9285790355	96587.03298	0	0
P31	28844.21869	0.163078909	96587.03298	0	0
Ne23	21414.10216	0.2271713534	95979.30547	0	0
S35	32565.27968	0.160819181	96004.75049	0	0
Ne23	21414.10216	0.2237096216	96031.3975	0	0
neutron	939.56536	5.386762952	96017.59434	0	0
neutron	939.56536	3.78475504	96017.59434	0	0
S35	32565.27968	0.4164721562	96017.59434	0	0
neutron	939.56536	0.3699340482	95999.2781	0	0
Ne22	20479.73746	0.1715314205	95999.2781	0	0
Cl37	34424.84314	0.08095807824	97839.79991	732.4312874	732.3071166
S35	32565.27968	0.1471764493	95886.1948	0	0
S35	32565.27968	0.16793825	95883.71691	0	0
neutron	939.56536	9.635284095	96001.43733	0	0
neutron	939.56536	0.650852724	96001.43733	0	0
S33	30704.55199	0.3621470238	96001.43733	0	0
proton	938.272013	21.51681919	95918.64359	0	0
neutron	939.56536	2.401470698	95918.64359	0	0
neutron	939.56536	1.226796579	95918.64359	0	0
neutron	939.56536	0.6869823172	95918.64359	0	0
F19	17692.30285	0.9091249753	95918.64359	0	0
neutron	939.56536	3.076352593	95981.91478	0	0
Ne22	20479.73746	0.08456136649	95981.91478	0	0
neutron	939.56536	27.53922136	96185.76541	0	0
proton	938.272013	9.026966279	96185.76541	0	0
neutron	939.56536	5.578135805	96185.76541	0	0
neutron	939.56536	2.461413999	96185.76541	0	0
neutron	939.56536	1.788006665	96185.76541	0	0
F18	16763.16938	2.086411072	96185.76541	0	0
neutron	939.56536	8.123052627	95958.26413	0	0
neutron	939.56536	0.3652293262	95958.26413	0	0
alpha	3727.379	6.862858176	95958.26413	0	0
O17	15830.5038	2.483450929	95958.26413	0	0
neutron	939.56536	1.269383023	96368.24972	0	0
S34	31632.70018	0.04650535945	96368.24972	0	0
neutron	939.56536	3.021899028	96092.14665	0	0
S34	31632.70018	0.08131189193	96092.14665	0	0
neutron	939.56536	0.1078068696	96457.98008	0	0
S34	31632.70018	0.1490721591	96457.98008	0	0
neutron	939.56536	0.6530611154	96003.02061	0	0
S34	31632.70018	0.2364174809	96003.02061	0	0
neutron	939.56536	0.434650247	95916.1508	0	0
S34	31632.70018	0.1223379722	95916.1508	0	0
neutron	939.56536	8.780958142	95961.70779	0	0
proton	938.272013	5.688631434	95961.70779	0	0
neutron	939.56536	1.320773922	95961.70779	0	0
P32	29775.84838	0.4688573049	95961.70779	0	0
neutron	939.56536	0.3444829547	96010.44496	0	0
S34	31632.70018	0.09859836275	96010.44496	0	0
proton	938.272013	14.77245127	95922.13907	0	0
neutron	939.56536	6.843327704	95922.13907	0	0
neutron	939.56536	5.199595148	95922.13907	0	0
neutron	939.56536	3.919070529	95922.13907	0	0
F19	17692.30285	0.1293697643	95922.13907	0	0
proton	938.272013	20.06423302	95947.36632	0	0
neutron	939.56536	4.153997627	95947.36632	0	0
neutron	939.56536	2.87665817	95947.36632	0	0
F20	18625.26686	0.5188905637	95947.36632	0	0
neutron	939.56536	5.058656669	96133.92603	0	0
neutron	939.56536	2.066551195	96133.92603	0	0
neutron	939.56536	1.50083823	96133.92603	0	0
Ne20	18617.73218	0.3178045056	96133.92603	0	0
Cl35	32564.60306	0.1074918389	99918.37844	1464.429366	1464.318754
neutron	939.56536	0.3088588882	96423.46302	0	0
S34	31632.70018	0.1673094741	96423.46302	0	0
Cl35	32564.60306	0.08536027408	97662.71306	649.6895658	649.4231155
neutron	939.56536	8.857474696	96099.03644	0	0
neutron	939.56536	5.953646415	96099.03644	0	0
neutron	939.56536	3.299233867	96099.03644	0	0
proton	938.272013	2.829155213	96099.03644	0	0
proton	938.272013	2.098634114	96099.03644	0	0
neutron	939.56536	1.26802093	96099.03644	0	0
neutron	939.56536	0.5514584089	96099.03644	0	0
Si28	26053.19393	3.0367642	96099.03644	0	0
neutron	939.56536	0.2295351821	96035.44493	0	0
S34	31632.70018	0.09402187128	96035.44493	0	0
neutron	939.56536	0.1214999098	96021.4934	0	0
S34	31632.70018	0.1600940945	96021.4934	0	0
Cl35	32564.60306	0.08056610602	98251.40783	854.3450701	854.2609582
Cl35	32564.60306	0.157439897	97774.34197	667.7650898	667.4562088
neutron	939.56536	7.494938775	95943.61579	0	0
neutron	939.56536	3.538145966	95943.61579	0	0
neutron	939.56536	3.188668338	95943.61579	0	0
alpha	3727.379	6.050375187	95943.61579	0	0
alpha	3727.379	7.07702291	95943.61579	0	0
C12	11174.86339	0.684009986	95943.61579	0	0
neutron	939.56536	0.2567336258	95932.6027	0	0
S36	33494.9558	0.1387697759	95932.6027	0	0
neutron	939.56536	1.68273166	96261.55084	0	0
S34	31632.70018	0.1417741554	96261.55084	0	0
neutron	939.56536	11.74899045	96090.97437	0	0
neutron	939.56536	1.525096008	96090.97437	0	0
neutron	939.56536	0.3901789488	96090.97437	0	0
alpha	3727.379	3.948993235	96090.97437	0	0
O16	14895.08153	2.051920178	96090.97437	0	0
Cl37	34424.84314	0.06166204844	98012.04434	739.6950011	739.5234914
Ne23	21414.10216	0.2245752683	95755.80468	0	0
neutron	939.56536	1.568492306	95854.215	0	0
S34	31632.70018	0.0896075817	95854.215	0	0
neutron	939.56536	39.09154674	95799.27774	0	0
neutron	939.56536	0.8309959086	95799.27774	0	0
S33	30704.55199	0.8381631798	95799.27774	0	0
neutron	939.56536	30.87996403	96022.27786	0	0
neutron	939.56536	19.05959316	96022.27786	0	0
neutron	939.56536	1.541100649	96022.27786	0	0
S32	29773.62828	1.187014033	96022.27786	0	0
Cl35	32564.60306	0.08507201986	98575.35901	999.8087898	999.3491556
S35	32565.27968	0.1664278669	95932.31753	0	0
S35	32565.27968	0.1586443506	96024.60948	0	0
neutron	939.56536	0.3206848111	96049.1789	0	0
S34	31632.70018	0.08699762276	96049.1789	0	0
neutron	939.56536	13.05983373	95851.5647	0	0
proton	938.272013	5.757826932	95851.5647	0	0
neutron	939.56536	3.998482821	95851.5647	0	0
neutron	939.56536	3.436414416	95851.5647	0	0
P31	28844.21869	0.4505308135	95851.5647	0	0
Ne23	21414.10216	0.2137100994	96118.46293	0	0
Cl37	34424.84314	0.1203986178	99076.45351	1130.228201	1130.106728
S35	32565.27968	0.1507563228	96287.35204	0	0
Cl35	32564.60306	0.08568175454	96939.16368	346.6719939	346.5221762
neutron	939.56536	1.553186528	96056.04629	0	0
S36	33494.9558	0.06939388623	96056.04629	0	0
Ne23	21414.10216	0.2254726107	95879.69054	0	0
Ne23	21414.10216	0.2220137643	95864.54567	0	0
S37	34430.21755	0.1357763902	96088.94697	0	0
S35	32565.27968	0.1628340009	95817.52677	0	0
neutron	939.56536	19.01900248	96102.57614	0	0
neutron	939.56536	2.137870311	96102.57614	0	0
neutron	939.56536	1.121927051	96102.57614	0	0
Ne20	18617.73218	0.2611591029	96102.57614	0	0
neutron	939.56536	21.69307355	95989.45444	0	0
neutron	939.56536	1.624410042	95989.45444	0	0
neutron	939.56536	0.4657546953	95989.45444	0	0
S32	29773.62828	0.8727413609	95989.45444	0	0
Ne23	21414.10216	0.1977479227	96094.18166	0	0
neutron	939.56536	6.172467951	95940.84046	0	0
neutron	939.56536	5.757331459	95940.84046	0	0
proton	938.272013	3.452535566	95940.84046	0	0
neutron	939.56536	0.7613921814	95940.84046	0	0
P31	28844.21869	0.8979448328	95940.84046	0	0
proton	938.272013	8.29707716	96088.45624	0	0
neutron	939.56536	7.00518939	96088.45624	0	0
neutron	939.56536	2.182950892	96088.45624	0	0
neutron	939.56536	1.808010368	96088.45624	0	0
P31	28844.21869	0.07089888005	96088.45624	0	0
Cl35	32564.60306	0.1367578364	97800.63957	668.6425787	668.3964731
neutron	939.56536	12.69729502	96020.59428	0	0
neutron	939.56536	3.974794527	96020.59428	0	0
neutron	939.56536	1.133399679	96020.59428	0	0
deuteron	1875.613	3.467213869	96020.59428	0	0
P32	29775.84838	0.8440844915	96020.59428	0	0
neutron	939.56536	6.642957017	96142.05909	0	0
neutron	939.56536	0.2533819463	96142.05909	0	0
S33	30704.55199	0.1984270869	96142.05909	0	0
Ne23	21414.10216	0.2222089565	95936.31757	0	0
neutron	939.56536	45.56960644	96099.65152	0	0
neutron	939.56536	5.367186939	96099.65152	0	0
neutron	939.56536	2.757565121	96099.65152	0	0
S34	31632.70018	1.279793711	96099.65152	0	0
S35	32565.27968	0.1456215038	95825.68282	0	0
neutron	939.56536	1.8720103	95873.25941	0	0
S34	31632.70018	0.0719137712	95873.25941	0	0
neutron	939.56536	3.591250766	95906.04996	0	0
alpha	3727.379	8.492608603	95906.04996	0	0
Si32	29776.58515	0.8997012584	95906.04996	0	0
S35	32565.27968	0.1591380227	96105.54237	0	0
Na23	21409.21625	0.6356990759	99138.08883	1176.477215	1175.755774
proton	938.272013	15.7630335	96002.34951	0	0
neutron	939.56536	3.566855103	96002.34951	0	0
neutron	939.56536	2.993318657	96002.34951	0	0
neutron	939.56536	0.8548399773	96002.34951	0	0
F19	17692.30285	2.039526242	96002.34951	0	0
neutron	939.56536	0.8982736839	95898.93316	0	0
Ne22	20479.73746	0.3122411702	95898.93316	0	0
proton	938.272013	10.86545338	95978.45361	0	0
neutron	939.56536	3.31039823	95978.45361	0	0
P33	30705.30994	0.2531805621	95978.45361	0	0
neutron	939.56536	12.8268981	95896.26121	0	0
proton	938.272013	4.087580301	95896.26121	0	0
proton	938.272013	3.586293024	95896.26121	0	0
neutron	939.56536	1.404605532	95896.26121	0	0
Si31	28846.21977	0.9282305234	95896.26121	0	0
neutron	939.56536	2.274660185	96130.32001	0	0
S36	33494.9558	0.3439968566	96130.32001	0	0
neutron	939.56536	2.811692866	96038.58403	0	0
S36	33494.9558	0.1503293096	96038.58403	0	0
neutron	939.56536	1.164554135	96171.41726	0	0
S34	31632.70018	0.1495564458	96171.41726	0	0
S37	34430.21755	0.1374597408	96029.52387	0	0
Cl37	34424.84314	0.2291102041	99368.6899	1271.818739	1271.573087
neutron	939.56536	7.000000255	95931.80376	0	0
neutron	939.56536	0.8896520089	95931.80376	0	0
S33	30704.55199	0.2575071326	95931.80376	0	0
neutron	939.56536	0.8798779633	96270.0654	0	0
S34	31632.70018	0.2504376485	96270.0654	0	0
neutron	939.56536	7.102368884	96093.14249	0	0
neutron	939.56536	3.665645801	96093.14249	0	0
neutron	939.56536	2.652988521	96093.14249	0	0
neutron	939.56536	2.104677625	96093.14249	0	0
S33	30704.55199	0.09226606498	96093.14249	0	0
Cl35	32564.60306	0.1010168945	98997.93914	1132.79632	1132.45807
Cl35	32564.60306	0.1151174724	96355.95487	115.0919382	114.8747968
neutron	939.56536	7.938671126	96054.47551	0	0
neutron	939.56536	2.164886585	96054.47551	0	0
neutron	939.56536	0.2232765229	96054.47551	0	0
S32	29773.62828	0.3721950333	96054.47551	0	0
neutron	939.56536	12.65560356	95860.57781	0	0
neutron	939.56536	7.029974303	95860.57781	0	0
neutron	939.56536	3.514173931	95860.57781	0	0
alpha	3727.379	2.026411804	95860.57781	0	0
O16	14895.08153	4.883685303	95860.57781	0	0
neutron	939.56536	0.8012444743	96048.08129	0	0
S34	31632.70018	0.09390565877	96048.08129	0	0
proton	938.272013	3.763562094	95996.46098	0	0
proton	938.272013	3.675459879	95996.46098	0	0
neutron	939.56536	2.59260007	95996.46098	0	0
neutron	939.56536	1.870385498	95996.46098	0	0
Si31	28846.21977	0.2254258062	95996.46098	0	0
Cl35	32564.60306	0.08845904686	99727.96731	1410.32057	1410.229501
Na23	21409.21625	0.3792831056	96099.42706	83.65359277	83.27336672
neutron	939.56536	1.08064956	95999.64128	0	0
S34	31632.70018	0.09690914269	95999.64128	0	0
Cl35	32564.60306	0.09615161763	96338.69097	182.0767623	181.9718846
neutron	939.56536	0.282056377	96042.32482	0	0
Ne22	20479.73746	0.2123369611	96042.32482	0	0
S35	32565.27968	0.1435407903	96006.69745	0	0
neutron	939.56536	26.3570234	96369.87181	0	0
neutron	939.56536	1.475906113	96369.87181	0	0
neutron	939.56536	0.09689849058	96369.87181	0	0
alpha	3727.379	9.093090646	96369.87181	0	0
Si28	26053.19393	2.363907912	96369.87181	0	0
neutron	939.56536	0.233728701	96169.34399	0	0
S34	31632.70018	0.1858963702	96169.34399	0	0
neutron	939.56536	10.47600962	96193.31145	0	0
neutron	939.56536	5.853581014	96193.31145	0	0
proton	938.272013	3.677060083	96193.31145	0	0
alpha	3727.379	6.506306385	96193.31145	0	0
Al28	26058.3459	1.186850834	96193.31145	0	0
neutron	939.56536	0.4522195277	96067.8775	0	0
S34	31632.70018	0.1580611185	96067.8775	0	0
neutron	939.56536	0.5130114476	96291.20379	0	0
S34	31632.70018	0.1926073011	96291.20379	0	0
proton	938.272013	8.249936231	95827.49384	0	0
neutron	939.56536	3.799563488	95827.49384	0	0
neutron	939.56536	3.674361439	95827.49384	0	0
deuteron	1875.613	2.63522541	95827.49384	0	0
O18	16762.02378	0.7843133137	95827.49384	0	0
neutron	939.56536	4.315579011	96057.62255	0	0
proton	938.272013	4.211043068	96057.62255	0	0
neutron	939.56536	0.858452886	96057.62255	0	0
neutron	939.56536	0.5835873908	96057.62255	0	0
P31	28844.21869	0.6077664932	96057.62255	0	0
Cl35	32564.60306	0.07941709923	96505.8462	177.730795	177.6285001
Cl35	32564.60306	0.3867307279	96505.28467	177.6285001	177.1054601
neutron	939.56536	9.938106204	96335.56849	0	0
neutron	939.56536	1.578009237	96335.56849	0	0
S33	30704.55199	0.1734038023	96335.56849	0	0
neutron	939.56536	7.193933828	95991.43977	0	0
neutron	939.56536	3.807712252	95991.43977	0	0
neutron	939.56536	3.42765907	95991.43977	0	0
neutron	939.56536	2.490787587	95991.43977	0	0
neutron	939.56536	1.163266126	95991.43977	0	0
S32	29773.62828	1.060397494	95991.43977	0	0
neutron	939.56536	28.24342234	95824.46873	0	0
neutron	939.56536	8.166945831	95824.46873	0	0
neutron	939.56536	2.172544067	95824.46873	0	0
S32	29773.62828	2.127355556	95824.46873	0	0
proton	938.272013	39.19204523	96058.07838	0	0
neutron	939.56536	14.17645081	96058.07838	0	0
proton	938.272013	3.978449182	96058.07838	0	0
Si32	29776.58515	2.346581314	96058.07838	0	0
S35	32565.27968	0.1371217421	96078.74481	0	0
neutron	939.56536	1.364550064	96111.59127	0	0
S36	33494.9558	0.1544731698	96111.59127	0	0
neutron	939.56536	0.6208093275	95907.41353	0	0
Ne22	20479.73746	0.2923460284	95907.41353	0	0
neutron	939.56536	0.2816732323	95905.04874	0	0
S34	31632.70018	0.1989024427	95905.04874	0	0
neutron	939.56536	14.73331434	95904.36241	0	0
Ne22	20479.73746	0.9198608022	95904.36241	0	0
neutron	939.56536	2.185007483	95998.1114	0	0
neutron	939.56536	1.863492201	95998.1114	0	0
neutron	939.56536	1.279165987	95998.1114	0	0
Ne20	18617.73218	0.2239104867	95998.1114	0	0
neutron	939.56536	0.1802819532	95956.10303	0	0
Ne22	20479.73746	0.1597277522	95956.10303	0	0
Ne23	21414.10216	0.2327102923	96218.60094	0	0
neutron	939.56536	1.076161552	95820.70057	0	0
Ne22	20479.73746	0.2361620674	95820.70057	0	0
neutron	939.56536	5.912723469	96314.39311	0	0
proton	938.272013	5.417770405	96314.39311	0	0
neutron	939.56536	2.427368361	96314.39311	0	0
neutron	939.56536	0.9507020632	96314.39311	0	0
P31	28844.21869	0.3619731385	96314.39311	0	0
neutron	939.56536	5.42729436	96074.5599	0	0
proton	938.272013	5.059960227	96074.5599	0	0
proton	938.272013	4.228276668	96074.5599	0	0
neutron	939.56536	1.885409182	96074.5599	0	0
neutron	939.56536	1.699082576	96074.5599	0	0
neutron	939.56536	0.8849848446	96074.5599	0	0
Si29	26984.28567	0.4309471362	96074.5599	0	0
neutron	939.56536	6.53411989	95932.71768	0	0
neutron	939.56536	4.935507101	95932.71768	0	0
alpha	3727.379	11.66297973	95932.71768	0	0
alpha	3727.379	5.604644576	95932.71768	0	0
C13	12109.48242	8.314586774	95932.71768	0	0
neutron	939.56536	0.3707533561	95922.62799	0	0
Ne22	20479.73746	0.273805845	95922.62799	0	0
neutron	939.56536	0.1384709254	95806.04134	0	0
Ne22	20479.73746	0.2625663165	95806.04134	0	0
Ne23	21414.10216	0.2146865976	95969.36993	0	0
neutron	939.56536	1.075577115	95991.96068	0	0
S34	31632.70018	0.04337853429	95991.96068	0	0
proton	938.272013	3.777313311	95844.80886	0	0
neutron	939.56536	3.382310847	95844.80886	0	0
neutron	939.56536	3.161009162	95844.80886	0	0
P32	29775.84838	0.07564908503	95844.80886	0	0
Ne23	21414.10216	0.2269151665	95946.49839	0	0
Cl35	32564.60306	0.1412205598	99013.22285	1142.824438	1142.661067
neutron	939.56536	2.461011892	95984.61864	0	0
Ne22	20479.73746	0.3519613617	95984.61864	0	0
Cl35	32564.60306	0.2854770802	96929.43149	360.3804164	359.6624449
neutron	939.56536	3.977227722	95859.13668	0	0
neutron	939.56536	0.4269183182	95859.13668	0	0
S35	32565.27968	0.2836655306	95859.13668	0	0
proton	938.272013	26.74463848	95975.01414	0	0
P34	31638.59261	0.469975715	95975.01414	0	0
neutron	939.56536	4.595665085	96198.59762	0	0
neutron	939.56536	1.947636617	96198.59762	0	0
neutron	939.56536	0.716763483	96198.59762	0	0
S32	29773.62828	0.03592138434	96198.59762	0	0
neutron	939.56536	25.89380174	95954.73179	0	0
neutron	939.56536	13.79649028	95954.73179	0	0
neutron	939.56536	0.2412387483	95954.73179	0	0
Ne20	18617.73218	1.036919299	95954.73179	0	0
neutron	939.56536	1.37761431	95909.98295	0	0
S36	33494.9558	0.2526271272	95909.98295	0	0
neutron	939.56536	0.07158836844	96299.93677	0	0
S34	31632.70018	0.1555682178	96299.93677	0	0
neutron	939.56536	0.8878071669	95898.68755	0	0
neutron	939.56536	0.6675903493	95898.68755	0	0
Ne21	19550.53637	0.177789386	95898.68755	0	0
Cl35	32564.60306	0.175401702	98286.56075	890.7619501	890.4556618
neutron	939.56536	32.94762315	96049.62186	0	0
neutron	939.56536	5.162159248	96049.62186	0	0
neutron	939.56536	3.163706785	96049.62186	0	0
neutron	939.56536	1.740347072	96049.62186	0	0
S33	30704.55199	1.820542662	96049.62186	0	0
Na23	21409.21625	0.3335586565	96545.30993	249.9920219	249.6405799
neutron	939.56536	2.521421332	95939.40554	0	0
S34	31632.70018	0.1507255706	95939.40554	0	0
proton	938.272013	5.861671162	95841.3244	0	0
neutron	939.56536	3.760039752	95841.3244	0	0
neutron	939.56536	2.962702757	95841.3244	0	0
proton	938.272013	1.854171202	95841.3244	0	0
neutron	939.56536	0.3610226617	95841.3244	0	0
O18	16762.02378	1.751605598	95841.3244	0	0
neutron	939.56536	4.317548661	96425.81634	0	0
neutron	939.56536	1.505736701	96425.81634	0	0
S35	32565.27968	0.2501716083	96425.81634	0	0
proton	938.272013	13.90038072	95954.77482	0	0
proton	938.272013	6.023520996	95954.77482	0	0
neutron	939.56536	5.694488239	95954.77482	0	0
Si32	29776.58515	0.1644092892	95954.77482	0	0
proton	938.272013	13.39937133	95923.27595	0	0
F22	20491.06576	0.3489633276	95923.27595	0	0
S35	32565.27968	0.1422392172	96027.11252	0	0
Cl37	34424.84314	0.3291419907	96639.10389	279.0405381	278.5378279
neutron	939.56536	8.759928603	95973.65703	0	0
neutron	939.56536	1.535008536	95973.65703	0	0
alpha	3727.379	7.6852507	95973.65703	0	0
Si29	26984.28567	0.8056805719	95973.65703	0	0
proton	938.272013	48.00918087	96211.71123	0	0
neutron	939.56536	1.208848661	96211.71123	0	0
neutron	939.56536	0.3415454304	96211.71123	0	0
F20	18625.26686	1.779027915	96211.71123	0	0
neutron	939.56536	0.3407668641	95900.95379	0	0
Ne22	20479.73746	0.3284699906	95900.95379	0	0
neutron	939.56536	1.049659883	95975.91195	0	0
S34	31632.70018	0.1262039962	95975.91195	0	0
neutron	939.56536	1.327438267	96079.52517	0	0
S36	33494.9558	0.2231722322	96079.52517	0	0
neutron	939.56536	3.006995124	96081.96705	0	0
S34	31632.70018	0.3044246605	96081.96705	0	0
neutron	939.56536	5.390598604	96004.45107	0	0
neutron	939.56536	4.873357207	96004.45107	0	0
proton	938.272013	3.792454184	96004.45107	0	0
proton	938.272013	2.883323705	96004.45107	0	0
neutron	939.56536	1.800401532	96004.45107	0	0
Si30	27913.24182	0.3546700914	96004.45107	0	0
proton	938.272013	11.78054757	96052.71286	0	0
neutron	939.56536	6.340344563	96052.71286	0	0
neutron	939.56536	4.986784095	96052.71286	0	0
F20	18625.26686	0.4791342714	96052.71286	0	0
neutron	939.56536	8.19851968	96009.48386	0	0
neutron	939.56536	7.719400291	96009.48386	0	0
neutron	939.56536	6.816109408	96009.48386	0	0
Ne20	18617.73218	0.6132673316	96009.48386	0	0
neutron	939.56536	5.471261872	96014.78256	0	0
S34	31632.70018	0.01780965225	96014.78256	0	0
Cl37	34424.84314	0.08704845303	98919.19623	1073.659064	1073.440922
S37	34430.21755	0.1369739749	96030.47494	0	0
neutron	939.56536	0.489637065	95960.86514	0	0
Ne22	20479.73746	0.1635043423	95960.86514	0	0
Na23	21409.21625	0.1217776616	97650.07452	581.2632769	580.8670394
Ne23	21414.10216	0.2341487976	96090.47304	0	0
Cl35	32564.60306	0.1297515579	97844.97687	718.9456902	718.8082226
Cl35	32564.60306	0.2816897106	99417.47099	1281.653122	1281.163954
neutron	939.56536	29.14839554	96124.22626	0	0
neutron	939.56536	2.43748595	96124.22626	0	0
neutron	939.56536	0.2182302186	96124.22626	0	0
S34	31632.70018	0.3811952173	96124.22626	0	0
S37	34430.21755	0.1440905677	96112.50767	0	0
neutron	939.56536	23.60363228	96052.07611	0	0
neutron	939.56536	3.17933951	96052.07611	0	0
S33	30704.55199	0.6076884766	96052.07611	0	0
neutron	939.56536	9.394742795	96039.46213	0	0
proton	938.272013	4.399873141	96039.46213	0	0
neutron	939.56536	3.917024734	96039.46213	0	0
neutron	939.56536	2.02094294	96039.46213	0	0
P31	28844.21869	0.5761441719	96039.46213	0	0
proton	938.272013	22.18084269	95988.35599	0	0
neutron	939.56536	2.772629277	95988.35599	0	0
P33	30705.30994	0.2220505491	95988.35599	0	0
Ne23	21414.10216	0.2295040156	95951.3987	0	0
proton	938.272013	34.36336777	96050.8935	0	0
proton	938.272013	5.394519151	96050.8935	0	0
neutron	939.56536	3.094009967	96050.8935	0	0
neutron	939.56536	2.634064555	96050.8935	0	0
neutron	939.56536	0.2900742048	96050.8935	0	0
Si32	29776.58515	1.835924452	96050.8935	0	0
Cl35	32564.60306	0.113379167	96150.43905	86.55431752	86.36452794
neutron	939.56536	0.9161664382	96025.95478	0	0
S34	31632.70018	0.1650866435	96025.95478	0	0
Cl37	34424.84314	0.07902993696	98880.21669	999.163645	999.0505643
S35	32565.27968	0.1466730218	96297.11117	0	0
neutron	939.56536	0.9015960128	96152.39003	0	0
S34	31632.70018	0.113600795	96152.39003	0	0
Cl35	32564.60306	0.06990006802	97342.6725	508.7726078	508.6687863
S35	32565.27968	0.1565057927	96044.16999	0	0
neutron	939.56536	20.19687344	95819.0946	0	0
neutron	939.56536	4.234392803	95819.0946	0	0
S33	30704.55199	0.3603576641	95819.0946	0	0
S35	32565.27968	0.1624947983	95917.98662	0	0
neutron	939.56536	1.20655056	96335.76344	0	0
S34	31632.70018	0.2355648462	96335.76344	0	0
neutron	939.56536	11.2538179	96034.38618	0	0
neutron	939.56536	5.005942134	96034.38618	0	0
neutron	939.56536	3.602605645	96034.38618	0	0
alpha	3727.379	9.250444532	96034.38618	0	0
O16	14895.08153	4.663674596	96034.38618	0	0
neutron	939.56536	1.484203576	95952.70485	0	0
S36	33494.9558	0.2230356301	95952.70485	0	0
neutron	939.56536	2.8362829	95905.5944	0	0
neutron	939.56536	0.1173079288	95905.5944	0	0
Ne21	19550.53637	0.302159268	95905.5944	0	0
neutron	939.56536	10.90445318	96024.6299	0	0
neutron	939.56536	7.954478292	96024.6299	0	0
Ne21	19550.53637	1.880286615	96024.6299	0	0
Ne23	21414.10216	0.2255604868	95746.73889	0	0
neutron	939.56536	1.651615647	96199.42033	0	0
S34	31632.70018	0.1278378716	96199.42033	0	0
neutron	939.56536	1.709374023	96050.30007	0	0
Ne22	20479.73746	0.2580509689	96050.30007	0	0
neutron	939.56536	0.3125973276	95914.68574	0	0
S34	31632.70018	0.1255670067	95914.68574	0	0
neutron	939.56536	10.50979045	95993.5449	0	0
neutron	939.56536	10.19054303	95993.5449	0	0
neutron	939.56536	5.286561484	95993.5449	0	0
S34	31632.70018	0.1881834454	95993.5449	0	0
neutron	939.56536	0.5107080414	96011.4614	0	0
S34	31632.70018	0.1032174689	96011.4614	0	0
neutron	939.56536	1.078102257	95922.17954	0	0
S34	31632.70018	0.2664635057	95922.17954	0	0
neutron	939.56536	19.90897817	96433.65958	0	0
neutron	939.56536	11.34230672	96433.65958	0	0
neutron	939.56536	2.971567707	96433.65958	0	0
S32	29773.62828	0.4311453662	96433.65958	0	0
Cl37	34424.84314	0.06809588549	99388.90736	1277.31698	1277.206602
neutron	939.56536	3.775843926	96114.39626	0	0
S34	31632.70018	0.06343673805	96114.39626	0	0
Ne23	21414.10216	0.2280242068	96071.04188	0	0
Ne23	21414.10216	0.2268423566	95987.38873	0	0
Na23	21409.21625	0.2240020703	98130.80305	796.9022449	796.1688644
neutron	939.56536	0.9993913809	96039.98408	0	0
S36	33494.9558	0.1405728873	96039.98408	0	0
Ne23	21414.10216	0.2321861216	95989.37694	0	0
Cl35	32564.60306	0.07479275621	96673.44079	274.0715759	273.9908913
neutron	939.56536	12.23205825	95981.32168	0	0
neutron	939.56536	1.59229818	95981.32168	0	0
Ne21	19550.53637	0.6294386744	95981.32168	0	0
neutron	939.56536	5.365260191	95889.47341	0	0
neutron	939.56536	1.945565241	95889.47341	0	0
Ne21	19550.53637	0.1062239655	95889.47341	0	0
Na23	21409.21625	0.106038088	96403.40691	153.2476403	152.9577975
S35	32565.27968	0.1515468003	96102.31344	0	0
Cl35	32564.60306	0.1420369134	96552.70328	249.9513518	249.8040932
Ne23	21414.10216	0.1946799754	95983.31425	0	0
neutron	939.56536	3.033196028	95907.2768	0	0
alpha	3727.379	8.739916323	95907.2768	0	0
Si30	27913.24182	0.8499229377	95907.2768	0	0
neutron	939.56536	2.967901421	95929.51967	0	0
S34	31632.70018	0.3412928944	95929.51967	0	0
Cl35	32564.60306	0.2086339416	96994.90048	370.5212224	370.1895906
neutron	939.56536	0.2980976531	96017.15578	0	0
deuteron	1875.613	40.03399569	96017.15578	0	0
P32	29775.84838	2.827628693	96017.15578	0	0
neutron	939.56536	13.86048841	96066.72458	0	0
neutron	939.56536	1.280496867	96066.72458	0	0
neutron	939.56536	0.1763026702	96066.72458	0	0
S32	29773.62828	0.2611708779	96066.72458	0	0
neutron	939.56536	0.2591946448	95993.05605	0	0
Ne22	20479.73746	0.2578583773	95993.05605	0	0
proton	938.272013	11.68097104	95940.27325	0	0
proton	938.272013	6.00251002	95940.27325	0	0
neutron	939.56536	2.222949845	95940.27325	0	0
neutron	939.56536	1.779628435	95940.27325	0	0
neutron	939.56536	1.36354111	95940.27325	0	0
Si30	27913.24182	0.3298714728	95940.27325	0	0
neutron	939.56536	1.122607235	96006.93375	0	0
S34	31632.70018	0.09239577073	96006.93375	0	0
Cl35	32564.60306	0.3212157595	97556.98509	569.9598196	569.5990296
neutron	939.56536	13.01392794	95953.59832	0	0
neutron	939.56536	3.281844783	95953.59832	0	0
neutron	939.56536	1.385896507	95953.59832	0	0
S34	31632.70018	0.9282932163	95953.59832	0	0
neutron	939.56536	5.878876743	96002.18226	0	0
neutron	939.56536	3.793668059	96002.18226	0	0
neutron	939.56536	0.3871678447	96002.18226	0	0
Ne20	18617.73218	0.5680501464	96002.18226	0	0
neutron	939.56536	1.242842565	96403.77159	0	0
S36	33494.9558	0.1083205444	96403.77159	0	0
neutron	939.56536	3.854623788	96190.97195	0	0
neutron	939.56536	3.098025216	96190.97195	0	0
Ne21	19550.53637	0.4205262748	96190.97195	0	0
neutron	939.56536	7.061128437	95842.35043	0	0
neutron	939.56536	1.222765585	95842.35043	0	0
neutron	939.56536	0.9951923483	95842.35043	0	0
S34	31632.70018	0.06621329517	95842.35043	0	0
neutron	939.56536	4.971505449	96073.0411	0	0
S36	33494.9558	0.4197459174	96073.0411	0	0
neutron	939.56536	14.10867299	95805.57268	0	0
neutron	939.56536	7.774656938	95805.57268	0	0
neutron	939.56536	3.588514994	95805.57268	0	0
alpha	3727.379	10.42422874	95805.57268	0	0
O16	14895.08153	4.525443854	95805.57268	0	0
neutron	939.56536	0.4772048268	95966.05049	0	0
S34	31632.70018	0.08095889852	95966.05049	0	0
neutron	939.56536	4.810905344	95892.22475	0	0
neutron	939.56536	4.706816889	95892.22475	0	0
neutron	939.56536	1.548999056	95892.22475	0	0
S34	31632.70018	0.2201595925	95892.22475	0	0
proton	938.272013	28.87839639	96062.95272	0	0
proton	938.272013	6.939736782	96062.95272	0	0
neutron	939.56536	1.673129533	96062.95272	0	0
neutron	939.56536	0.6676256308	96062.95272	0	0
neutron	939.56536	0.4404748362	96062.95272	0	0
Si30	27913.24182	1.486015926	96062.95272	0	0
proton	938.272013	6.225781789	96090.31827	0	0
neutron	939.56536	5.533877405	96090.31827	0	0
proton	938.272013	4.19415916	96090.31827	0	0
neutron	939.56536	3.357564975	96090.31827	0	0
Si31	28846.21977	0.3457297027	96090.31827	0	0
neutron	939.56536	0.9144582405	96014.52173	0	0
S34	31632.70018	0.2307189227	96014.52173	0	0
neutron	939.56536	13.4894551	96140.23897	0	0
neutron	939.56536	6.603895835	96140.23897	0	0
neutron	939.56536	2.9561425	96140.23897	0	0
Ne20	18617.73218	2.02034407	96140.23897	0	0
proton	938.272013	10.90141029	95947.67291	0	0
neutron	939.56536	9.832306032	95947.67291	0	0
neutron	939.56536	0.5761025543	95947.67291	0	0
F20	18625.26686	1.304814447	95947.67291	0	0
neutron	939.56536	4.914004586	95950.88098	0	0
S34	31632.70018	0.4377015472	95950.88098	0	0
neutron	939.56536	11.62463908	95863.00608	0	0
proton	938.272013	4.963170186	95863.00608	0	0
neutron	939.56536	4.513343448	95863.00608	0	0
neutron	939.56536	3.186349748	95863.00608	0	0
proton	938.272013	2.325808778	95863.00608	0	0
Si30	27913.24182	0.8795978083	95863.00608	0	0
S37	34430.21755	0.1382564899	95882.80038	0	0
Cl35	32564.60306	0.06989988885	96101.97225	113.0770548	112.8335744
neutron	939.56536	10.44290347	95915.15381	0	0
neutron	939.56536	5.21591027	95915.15381	0	0
neutron	939.56536	4.687960469	95915.15381	0	0
alpha	3727.379	9.230164357	95915.15381	0	0
O16	14895.08153	1.743505251	95915.15381	0	0
Na23	21409.21625	0.1401346399	96848.0224	311.6341881	311.4366475
proton	938.272013	14.09987507	96073.54755	0	0
neutron	939.56536	4.360304673	96073.54755	0	0
neutron	939.56536	1.083756187	96073.54755	0	0
F20	18625.26686	1.027259063	96073.54755	0	0
neutron	939.56536	8.973424304	96049.08798	0	0
neutron	939.56536	0.2747248196	96049.08798	0	0
S35	32565.27968	0.02018545789	96049.08798	0	0
S35	32565.27968	0.1543315226	96019.97304	0	0
neutron	939.56536	4.107753365	95994.62153	0	0
neutron	939.56536	2.52922494	95994.62153	0	0
S33	30704.55199	0.4005034005	95994.62153	0	0
neutron	939.56536	3.117850889	96512.49565	0	0
neutron	939.56536	0.4483765505	96512.49565	0	0
S35	32565.27968	0.07281078047	96512.49565	0	0
Cl35	32564.60306	0.07431176598	95959.62485	41.28453472	41.19435223
neutron	939.56536	5.079817575	96247.28162	0	0
proton	938.272013	3.372295944	96247.28162	0	0
proton	938.272013	2.913267725	96247.28162	0	0
Si32	29776.58515	0.1778772317	96247.28162	0	0
neutron	939.56536	5.013480193	96099.33507	0	0
proton	938.272013	4.946507751	96099.33507	0	0
neutron	939.56536	4.428342523	96099.33507	0	0
P32	29775.84838	0.5494668864	96099.33507	0	0
neutron	939.56536	1.244789521	96116.03191	0	0
S34	31632.70018	0.279954444	96116.03191	0	0
Na23	21409.21625	0.1884743913	97035.01064	460.2956606	459.7597092
proton	938.272013	7.66028659	96000.68718	0	0
neutron	939.56536	1.905492788	96000.68718	0	0
neutron	939.56536	0.9561857563	96000.68718	0	0
P32	29775.84838	0.4066086823	96000.68718	0	0
proton	938.272013	8.661555295	95907.8508	0	0
neutron	939.56536	7.162945803	95907.8508	0	0
neutron	939.56536	0.608095806	95907.8508	0	0
F20	18625.26686	0.6354711689	95907.8508	0	0
neutron	939.56536	1.307862072	96031.50428	0	0
neutron	939.56536	1.292148887	96031.50428	0	0
neutron	939.56536	0.5119556904	96031.50428	0	0
S32	29773.62828	0.10753243	96031.50428	0	0
S37	34430.21755	0.1427173722	96051.15398	0	0
Cl35	32564.60306	0.0824936559	96986.11542	419.3046369	419.2037418
neutron	939.56536	0.3594724979	95994.98918	0	0
Ne22	20479.73746	0.3145404766	95994.98918	0	0
Cl35	32564.60306	0.1153277918	98799.90211	948.3528447	947.9843566
neutron	939.56536	8.859012543	96242.13727	0	0
neutron	939.56536	3.504205338	96242.13727	0	0
Ne21	19550.53637	0.3723298634	96242.13727	0	0
S37	34430.21755	0.1390406253	95790.45869	0	0
neutron	939.56536	0.9166326697	96114.05243	0	0
S36	33494.9558	0.2527039898	96114.05243	0	0
neutron	939.56536	1.091482834	96017.18307	0	0
S34	31632.70018	0.1004062162	96017.18307	0	0
neutron	939.56536	2.228443999	95833.06648	0	0
Ne22	20479.73746	0.5022010566	95833.06648	0	0
neutron	939.56536	32.73643113	95914.52255	0	0
neutron	939.56536	4.278993405	95914.52255	0	0
alpha	3727.379	18.58834792	95914.52255	0	0
Si29	26984.28567	0.3494939806	95914.52255	0	0
Cl35	32564.60306	0.07945722137	99093.95903	1161.009119	1160.5613
neutron	939.56536	8.524860073	95895.29056	0	0
neutron	939.56536	0.13924104	95895.29056	0	0
S33	30704.55199	0.2729529361	95895.29056	0	0
Na23	21409.21625	0.1364973157	97360.86487	517.934769	517.7957733
neutron	939.56536	0.5336020682	95830.64826	0	0
S36	33494.9558	0.1069267415	95830.64826	0	0
S37	34430.21755	0.1398806651	96006.07897	0	0
S35	32565.27968	0.1478822434	96106.29074	0	0
Cl35	32564.60306	0.08519454895	97584.30615	625.184396	624.773367
Ne23	21414.10216	0.2113467384	95987.14646	0	0
proton	938.272013	12.73395839	95894.98565	0	0
neutron	939.56536	0.4246606152	95894.98565	0	0
F21	19556.73074	0.4074819363	95894.98565	0	0
Na23	21409.21625	0.1829586259	98739.52566	1051.996255	1051.809315
neutron	939.56536	0.1271485564	95957.33952	0	0
Ne22	20479.73746	0.2647005515	95957.33952	0	0
Cl35	32564.60306	0.3341560262	98504.64131	909.5393089	909.0303233
neutron	939.56536	11.45981341	96090.38623	0	0
neutron	939.56536	0.1635396281	96090.38623	0	0
Ne21	19550.53637	0.6207037105	96090.38623	0	0
neutron	939.56536	10.48783392	96002.98346	0	0
neutron	939.56536	3.926639182	96002.98346	0	0
neutron	939.56536	2.442007012	96002.98346	0	0
alpha	3727.379	4.148283412	96002.98346	0	0
O16	14895.08153	2.288880205	96002.98346	0	0
neutron	939.56536	0.986254022	95949.07795	0	0
Ne22	20479.73746	0.2888138141	95949.07795	0	0
proton	938.272013	11.92711665	96033.81209	0	0
proton	938.272013	4.952841184	96033.81209	0	0
neutron	939.56536	4.156941105	96033.81209	0	0
neutron	939.56536	1.697612666	96033.81209	0	0
Si31	28846.21977	0.4922719215	96033.81209	0	0
S35	32565.27968	0.1567080781	95989.11514	0	0
Cl35	32564.60306	0.06872563797	96291.42649	137.3760127	137.2648855
proton	938.272013	31.8561219	96032.24148	0	0
neutron	939.56536	9.177921427	96032.24148	0	0
neutron	939.56536	2.26086043	96032.24148	0	0
neutron	939.56536	1.348611387	96032.24148	0	0
F19	17692.30285	3.606826413	96032.24148	0	0
proton	938.272013	12.85027319	95988.90458	0	0
neutron	939.56536	5.840824709	95988.90458	0	0
neutron	939.56536	2.475680046	95988.90458	0	0
deuteron	1875.613	11.19742826	95988.90458	0	0
Si30	27913.24182	1.128869535	95988.90458	0	0
neutron	939.56536	28.27360061	96020.91694	0	0
proton	938.272013	12.76644735	96020.91694	0	0
proton	938.272013	9.511250078	96020.91694	0	0
neutron	939.56536	0.08316352007	96020.91694	0	0
Si31	28846.21977	0.8370937266	96020.91694	0	0
neutron	939.56536	7.825489591	96046.74385	0	0
proton	938.272013	4.785347588	96046.74385	0	0
neutron	939.56536	3.262806769	96046.74385	0	0
neutron	939.56536	0.4081723858	96046.74385	0	0
P33	30705.30994	1.551519446	96046.74385	0	0
neutron	939.56536	18.70803337	96195.93769	0	0
alpha	3727.379	5.709174177	96195.93769	0	0
Si30	27913.24182	2.586029281	96195.93769	0	0
Cl35	32564.60306	0.1038821888	96078.22602	103.6895651	103.5334129
neutron	939.56536	0.1956852692	95885.1545	0	0
S34	31632.70018	0.1749867236	95885.1545	0	0
Cl35	32564.60306	0.2213487782	98000.29358	785.4669861	784.9882638
neutron	939.56536	1.067088128	95927.46546	0	0
S36	33494.9558	0.1541954182	95927.46546	0	0
proton	938.272013	35.22431761	96074.61272	0	0
proton	938.272013	4.789856221	96074.61272	0	0
neutron	939.56536	3.362290924	96074.61272	0	0
neutron	939.56536	1.07022972	96074.61272	0	0
neutron	939.56536	0.1621726442	96074.61272	0	0
Si30	27913.24182	1.348987251	96074.61272	0	0
neutron	939.56536	1.165619714	95927.81806	0	0
S36	33494.9558	0.115329133	95927.81806	0	0
neutron	939.56536	5.004422056	95986.06723	0	0
neutron	939.56536	1.983773622	95986.06723	0	0
deuteron	1875.613	20.47573644	95986.06723	0	0
P33	30705.30994	2.113929416	95986.06723	0	0
neutron	939.56536	3.47196125	96257.89292	0	0
neutron	939.56536	0.7323192633	96257.89292	0	0
neutron	939.56536	0.3230317192	96257.89292	0	0
Ne20	18617.73218	0.2492900311	96257.89292	0	0
neutron	939.56536	2.934292903	95992.85025	0	0
neutron	939.56536	1.861855523	95992.85025	0	0
neutron	939.56536	1.182228427	95992.85025	0	0
Ne20	18617.73218	0.6458202701	95992.85025	0	0
S35	32565.27968	0.150338435	96162.79879	0	0
neutron	939.56536	3.643426758	95906.44291	0	0
neutron	939.56536	2.484535068	95906.44291	0	0
Ne21	19550.53637	0.2614269106	95906.44291	0	0
neutron	939.56536	11.58948155	96106.4745	0	0
neutron	939.56536	10.70679702	96106.4745	0	0
neutron	939.56536	10.33825742	96106.4745	0	0
proton	938.272013	5.291074212	96106.4745	0	0
proton	938.272013	5.010423755	96106.4745	0	0
Si30	27913.24182	1.013465908	96106.4745	0	0
neutron	939.56536	4.978318106	96235.21381	0	0
neutron	939.56536	3.314536677	96235.21381	0	0
proton	938.272013	2.640995146	96235.21381	0	0
neutron	939.56536	1.894025982	96235.21381	0	0
alpha	3727.379	11.96975855	96235.21381	0	0
Al27	25126.50566	2.432774558	96235.21381	0	0
Cl35	32564.60306	0.09346342629	96281.2617	181.7974147	181.355515
neutron	939.56536	0.2535174226	95870.65076	0	0
S34	31632.70018	0.09911465851	95870.65076	0	0
neutron	939.56536	22.90275461	95808.08138	0	0
neutron	939.56536	3.625409074	95808.08138	0	0
neutron	939.56536	3.414415428	95808.08138	0	0
proton	938.272013	3.164427025	95808.08138	0	0
P31	28844.21869	1.061918516	95808.08138	0	0
neutron	939.56536	0.9870183692	95986.45005	0	0
S34	31632.70018	0.04559089803	95986.45005	0	0
neutron	939.56536	12.7019464	96178.19636	0	0
neutron	939.56536	3.286649163	96178.19636	0	0
neutron	939.56536	1.51113639	96178.19636	0	0
S34	31632.70018	0.721150068	96178.19636	0	0
neutron	939.56536	8.524635933	95920.14793	0	0
neutron	939.56536	1.062626207	95920.14793	0	0
neutron	939.56536	0.7194510143	95920.14793	0	0
Ne20	18617.73218	0.9356480671	95920.14793	0	0
Na23	21409.21625	0.1694051176	98152.46599	862.3911624	862.2101545
proton	938.272013	30.44510029	95841.45373	0	0
neutron	939.56536	8.143672604	95841.45373	0	0
neutron	939.56536	6.032938462	95841.45373	0	0
neutron	939.56536	1.812633269	95841.45373	0	0
F19	17692.30285	1.322542407	95841.45373	0	0
Cl37	34424.84314	0.0907590938	97881.93035	740.2124968	740.0428236
neutron	939.56536	0.5016227203	95921.06127	0	0
S34	31632.70018	0.105331396	95921.06127	0	0
neutron	939.56536	1.255145146	96413.06373	0	0
S36	33494.9558	0.1391349137	96413.06373	0	0
neutron	939.56536	2.630004724	95893.69778	0	0
neutron	939.56536	1.091052161	95893.69778	0	0
neutron	939.56536	0.6766881446	95893.69778	0	0
S32	29773.62828	0.248201911	95893.69778	0	0
neutron	939.56536	13.67515301	96124.91755	0	0
neutron	939.56536	7.266400198	96124.91755	0	0
neutron	939.56536	1.256480252	96124.91755	0	0
alpha	3727.379	6.721375567	96124.91755	0	0
O16	14895.08153	1.703261578	96124.91755	0	0
neutron	939.56536	0.9275365776	96055.37363	0	0
S34	31632.70018	0.1695937427	96055.37363	0	0
S35	32565.27968	0.1513177934	96090.95653	0	0
neutron	939.56536	0.5225536496	96175.89463	0	0
Ne22	20479.73746	0.2924168772	96175.89463	0	0
Na23	21409.21625	0.1891157738	99316.95551	1260.779536	1260.440802
neutron	939.56536	38.70530329	95931.33405	0	0
proton	938.272013	3.986162059	95931.33405	0	0
neutron	939.56536	2.961825433	95931.33405	0	0
neutron	939.56536	1.534102653	95931.33405	0	0
P31	28844.21869	1.752591745	95931.33405	0	0
neutron	939.56536	0.4326532433	96040.73462	0	0
Ne22	20479.73746	0.1331645121	96040.73462	0	0
Na23	21409.21625	0.1267917219	99105.01625	1165.358121	1165.229558
Na23	21409.21625	0.3060945638	99819.8164	1435.979813	1435.620259
S35	32565.27968	0.1571869144	95940.38267	0	0
neutron	939.56536	0.8616981823	96154.27603	0	0
S36	33494.9558	0.0697724042	96154.27603	0	0
neutron	939.56536	2.159939868	95988.23034	0	0
S34	31632.70018	0.02505717315	95988.23034	0	0
neutron	939.56536	10.54901828	95955.25906	0	0
neutron	939.56536	9.942931287	95955.25906	0	0
neutron	939.56536	1.828508207	95955.25906	0	0
S32	29773.62828	0.4150250168	95955.25906	0	0
neutron	939.56536	0.6367268744	96467.13713	0	0
Ne22	20479.73746	0.2462424775	96467.13713	0	0
proton	938.272013	4.573494678	96291.50165	0	0
neutron	939.56536	3.482055832	96291.50165	0	0
neutron	939.56536	0.8492976267	96291.50165	0	0
P34	31638.59261	0.2678396884	96291.50165	0	0
Cl35	32564.60306	0.08276190914	99520.30337	1248.122731	1247.993478
neutron	939.56536	0.9427518666	96169.44176	0	0
S34	31632.70018	0.2733770366	96169.44176	0	0
neutron	939.56536	32.56626494	96114.7372	0	0
neutron	939.56536	14.96552145	96114.7372	0	0
neutron	939.56536	1.268023431	96114.7372	0	0
alpha	3727.379	7.051101148	96114.7372	0	0
O16	14895.08153	2.004305773	96114.7372	0	0
S35	32565.27968	0.1453596129	96011.95439	0	0
neutron	939.56536	1.03273873	96033.47891	0	0
S36	33494.9558	0.1529054906	96033.47891	0	0
neutron	939.56536	19.1659514	96167.75843	0	0
neutron	939.56536	2.829127625	96167.75843	0	0
neutron	939.56536	1.821446831	96167.75843	0	0
S32	29773.62828	0.5605874583	96167.75843	0	0
neutron	939.56536	15.12265847	95980.36961	0	0
neutron	939.56536	6.082805484	95980.36961	0	0
neutron	939.56536	5.790497295	95980.36961	0	0
proton	938.272013	3.628035712	95980.36961	0	0
neutron	939.56536	2.352492862	95980.36961	0	0
deuteron	1875.613	2.764627107	95980.36961	0	0
O16	14895.08153	0.8193612006	95980.36961	0	0
proton	938.272013	24.06068343	96122.33481	0	0
neutron	939.56536	10.87783063	96122.33481	0	0
proton	938.272013	4.089292843	96122.33481	0	0
neutron	939.56536	1.549813256	96122.33481	0	0
neutron	939.56536	1.040396026	96122.33481	0	0
Si32	29776.58515	0.5953679555	96122.33481	0	0
neutron	939.56536	1.287767908	96139.33936	0	0
S34	31632.70018	0.2455850074	96139.33936	0	0
Na23	21409.21625	0.1252825544	95908.69625	40.13849472	39.98976689
Ne23	21414.10216	0.2275067651	95884.12327	0	0
neutron	939.56536	0.5672357595	96013.12346	0	0
S34	31632.70018	0.1513958193	96013.12346	0	0
Na23	21409.21625	0.103052597	96522.81803	205.0142724	204.0810145
Ne23	21414.10216	0.218248131	96092.31965	0	0
S35	32565.27968	0.155133607	96327.4117	0	0
neutron	939.56536	2.581955073	96440.52655	0	0
S34	31632.70018	0.4085038036	96440.52655	0	0
neutron	939.56536	5.558000588	95965.06706	0	0
neutron	939.56536	2.665099465	95965.06706	0	0
neutron	939.56536	0.6057369974	95965.06706	0	0
S32	29773.62828	0.09791625807	95965.06706	0	0
Cl35	32564.60306	0.06740592822	97735.72789	658.9989477	658.7219496
S37	34430.21755	0.1407152054	95938.43393	0	0
neutron	939.56536	0.4584447023	95866.33353	0	0
S34	31632.70018	0.1509491344	95866.33353	0	0
Ne23	21414.10216	0.2214561484	96184.08865	0	0
neutron	939.56536	13.26674709	95865.04674	0	0
neutron	939.56536	7.94065153	95865.04674	0	0
neutron	939.56536	5.485816814	95865.04674	0	0
Ne20	18617.73218	0.5217892408	95865.04674	0	0
S35	32565.27968	0.150037973	96099.29921	0	0
neutron	939.56536	5.867791688	96125.32363	0	0
S34	31632.70018	0.504922776	96125.32363	0	0
neutron	939.56536	14.81997389	96060.0357	0	0
neutron	939.56536	5.118415293	96060.0357	0	0
neutron	939.56536	2.064610514	96060.0357	0	0
alpha	3727.379	5.336682441	96060.0357	0	0
O16	14895.08153	1.785000439	96060.0357	0	0
Ne23	21414.10216	0.2270556418	95810.93956	0	0
neutron	939.56536	15.89803776	95778.16722	0	0
neutron	939.56536	2.994336464	95778.16722	0	0
neutron	939.56536	1.268131706	95778.16722	0	0
Ne20	18617.73218	0.3164956194	95778.16722	0	0
Ne23	21414.10216	0.2343338754	95916.97578	0	0
neutron	939.56536	3.926507336	95991.27487	0	0
alpha	3727.379	4.927596482	95991.27487	0	0
O18	16762.02378	0.9209471122	95991.27487	0	0
proton	938.272013	20.26792376	95759.69613	0	0
proton	938.272013	5.823298474	95759.69613	0	0
neutron	939.56536	4.809445742	95759.69613	0	0
Si32	29776.58515	0.4827358322	95759.69613	0	0
S35	32565.27968	0.149947463	95979.86618	0	0
neutron	939.56536	1.501809279	96360.50686	0	0
S34	31632.70018	0.1805415285	96360.50686	0	0
neutron	939.56536	1.747051957	96031.70535	0	0
S34	31632.70018	0.1473540869	96031.70535	0	0
neutron	939.56536	22.41561454	96068.6713	0	0
neutron	939.56536	11.82985388	96068.6713	0	0
neutron	939.56536	1.869394687	96068.6713	0	0
Ne20	18617.73218	2.074072909	96068.6713	0	0
neutron	939.56536	6.315604716	96067.00488	0	0
neutron	939.56536	5.808754388	96067.00488	0	0
neutron	939.56536	0.4084489962	96067.00488	0	0
alpha	3727.379	4.644969798	96067.00488	0	0
alpha	3727.379	2.116316482	96067.00488	0	0
C12	11174.86339	7.616082966	96067.00488	0	0
neutron	939.56536	9.852631502	95864.86156	0	0
neutron	939.56536	8.405349456	95864.86156	0	0
neutron	939.56536	7.742345523	95864.86156	0	0
alpha	3727.379	7.834560524	95864.86156	0	0
O16	14895.08153	1.400558111	95864.86156	0	0
Na23	21409.21625	0.115437675	96973.3587	336.3467584	336.2117444
neutron	939.56536	3.830029827	96114.91775	0	0
Ne22	20479.73746	0.1649566762	96114.91775	0	0
neutron	939.56536	5.10348903	96228.98793	0	0
neutron	939.56536	0.3826592578	96228.98793	0	0
Ne21	19550.53637	0.3780521967	96228.98793	0	0
S35	32565.27968	0.1556748492	96127.43831	0	0
proton	938.272013	33.67247674	95981.80256	0	0
proton	938.272013	8.198317121	95981.80256	0	0
neutron	939.56536	4.488798853	95981.80256	0	0
neutron	939.56536	0.2644202477	95981.80256	0	0
Si31	28846.21977	0.3405307282	95981.80256	0	0
neutron	939.56536	21.55555656	95979.8956	0	0
neutron	939.56536	0.9022147849	95979.8956	0	0
S35	32565.27968	0.4225968108	95979.8956	0	0
neutron	939.56536	0.1675305695	96124.16061	0	0
Ne22	20479.73746	0.2785555114	96124.16061	0	0
neutron	939.56536	0.1304684502	95819.61456	0	0
S36	33494.9558	0.1736109831	95819.61456	0	0
S37	34430.21755	0.143293392	95923.75522	0	0
proton	938.272013	31.52733811	95888.93319	0	0
neutron	939.56536	5.394025813	95888.93319	0	0
P33	30705.30994	0.8658887461	95888.93319	0	0
neutron	939.56536	3.272179231	95813.13998	0	0
neutron	939.56536	2.017819751	95813.13998	0	0
neutron	939.56536	1.094945977	95813.13998	0	0
Ne20	18617.73218	0.7305479135	95813.13998	0	0
Cl35	32564.60306	0.08289873913	98504.00752	980.4308521	980.2111069
neutron	939.56536	6.902684446	95868.0292	0	0
neutron	939.56536	3.050834877	95868.0292	0	0
neutron	939.56536	0.5529977138	95868.0292	0	0
S32	29773.62828	0.1899604017	95868.0292	0	0
neutron	939.56536	0.4011292706	95894.45575	0	0
S34	31632.70018	0.1793661356	95894.45575	0	0
neutron	939.56536	1.652932454	96045.1852	0	0
S34	31632.70018	0.02583469971	96045.1852	0	0
neutron	939.56536	6.638867504	96112.19914	0	0
neutron	939.56536	3.553258395	96112.19914	0	0
neutron	939.56536	1.66474837	96112.19914	0	0
alpha	3727.379	16.317	96112.19914	0	0
O16	14895.08153	2.613180547	96112.19914	0	0
S37	34430.21755	0.1310081615	95947.63871	0	0
neutron	939.56536	6.74969376	95854.46284	0	0
neutron	939.56536	3.448447079	95854.46284	0	0
neutron	939.56536	2.736492112	95854.46284	0	0
proton	938.272013	2.591830685	95854.46284	0	0
P31	28844.21869	0.2346960347	95854.46284	0	0
Cl37	34424.84314	0.3139370158	97961.80766	771.1903358	770.8531569
neutron	939.56536	7.970368137	96147.89107	0	0
neutron	939.56536	2.361961111	96147.89107	0	0
neutron	939.56536	2.157518875	96147.89107	0	0
Ne20	18617.73218	0.353653439	96147.89107	0	0
neutron	939.56536	1.690067023	96035.2659	0	0
S34	31632.70018	0.2897502647	96035.2659	0	0
neutron	939.56536	6.34783847	96165.66502	0	0
proton	938.272013	4.586001348	96165.66502	0	0
neutron	939.56536	3.355053595	96165.66502	0	0
proton	938.272013	2.980826803	96165.66502	0	0
neutron	939.56536	1.837531433	96165.66502	0	0
neutron	939.56536	1.520656797	96165.66502	0	0
Si29	26984.28567	0.08592686433	96165.66502	0	0
neutron	939.56536	0.3623644751	96061.71401	0	0
Ne22	20479.73746	0.2357868295	96061.71401	0	0
Cl35	32564.60306	0.09879951458	99606.56404	1353.880032	1353.75955
neutron	939.56536	5.34791361	95969.0686	0	0
neutron	939.56536	5.15742849	95969.0686	0	0
proton	938.272013	3.211057621	95969.0686	0	0
P32	29775.84838	1.378325093	95969.0686	0	0
S35	32565.27968	0.1627620039	95932.30059	0	0
proton	938.272013	4.33947247	96242.69374	0	0
neutron	939.56536	3.229556051	96242.69374	0	0
neutron	939.56536	3.046925302	96242.69374	0	0
neutron	939.56536	1.89445694	96242.69374	0	0
P33	30705.30994	0.2349638906	96242.69374	0	0
neutron	939.56536	1.831068365	96179.80499	0	0
S34	31632.70018	0.1176270625	96179.80499	0	0
neutron	939.56536	0.1244930626	96319.55895	0	0
S34	31632.70018	0.1565423541	96319.55895	0	0
Ne23	21414.10216	0.226382151	95840.51638	0	0
neutron	939.56536	0.2713282718	95996.75441	0	0
S36	33494.9558	0.1008582629	95996.75441	0	0
Ne23	21414.10216	0.2313393792	95965.87318	0	0
S35	32565.27968	0.1461185431	95948.97978	0	0
proton	938.272013	4.124530774	95940.64479	0	0
neutron	939.56536	2.028138455	95940.64479	0	0
neutron	939.56536	0.6241758196	95940.64479	0	0
F20	18625.26686	0.4211636166	95940.64479	0	0
Ne23	21414.10216	0.2273175016	95872.63302	0	0
Cl35	32564.60306	0.1029121334	98255.37635	885.7287867	885.6238528
neutron	939.56536	6.151704786	95977.12783	0	0
neutron	939.56536	3.094505612	95977.12783	0	0
neutron	939.56536	0.1831967771	95977.12783	0	0
S34	31632.70018	0.3351591301	95977.12783	0	0
neutron	939.56536	0.08961690618	96008.95521	0	0
Ne22	20479.73746	0.2538886816	96008.95521	0	0
Cl35	32564.60306	0.1270263996	96526.93039	252.5467705	252.2562685
neutron	939.56536	12.68281615	95965.26115	0	0
neutron	939.56536	8.814855417	95965.26115	0	0
neutron	939.56536	3.017407526	95965.26115	0	0
alpha	3727.379	3.395019006	95965.26115	0	0
O16	14895.08153	3.111345663	95965.26115	0	0
Cl35	32564.60306	0.07011606559	97397.57168	467.9819156	467.7907027
neutron	939.56536	0.4029241594	96206.92086	0	0
S36	33494.9558	0.1318864733	96206.92086	0	0
neutron	939.56536	1.127778666	95835.15046	0	0
S36	33494.9558	0.2341824646	95835.15046	0	0
Ne23	21414.10216	0.2289135963	95949.04771	0	0
Ne23	21414.10216	0.2047613085	96264.04849	0	0
neutron	939.56536	0.4258908701	95960.80009	0	0
S34	31632.70018	0.2389766448	95960.80009	0	0
neutron	939.56536	0.3875745609	95793.88535	0	0
Ne22	20479.73746	0.1959861249	95793.88535	0	0
neutron	939.56536	6.435035833	96244.2623	0	0
neutron	939.56536	0.3909381964	96244.2623	0	0
S35	32565.27968	0.1731163041	96244.2623	0	0
neutron	939.56536	0.3555120263	95918.39974	0	0
S36	33494.9558	0.141791843	95918.39974	0	0
Cl35	32564.60306	0.08879427854	98192.42322	798.1006106	797.999113
neutron	939.56536	0.7959881419	95989.47304	0	0
S34	31632.70018	0.2563421368	95989.47304	0	0
Cl35	32564.60306	0.09762018858	99286.23119	1207.422113	1207.041944
S35	32565.27968	0.1442751483	96020.50768	0	0
neutron	939.56536	1.99982474	95928.77267	0	0
Ne22	20479.73746	0.3663547137	95928.77267	0	0
S37	34430.21755	0.1380612874	96190.50694	0	0
S37	34430.21755	0.1340681709	96180.78092	0	0
Ne23	21414.10216	0.2207295403	96060.76194	0	0
neutron	939.56536	0.990064086	96151.99871	0	0
S34	31632.70018	0.1930134311	96151.99871	0	0
Ne23	21414.10216	0.2326912099	96104.55493	0	0
proton	938.272013	24.52285085	95980.28542	0	0
neutron	939.56536	4.092397545	95980.28542	0	0
proton	938.272013	3.306864093	95980.28542	0	0
neutron	939.56536	3.230868859	95980.28542	0	0
O19	17697.63348	3.686253557	95980.28542	0	0
neutron	939.56536	30.45129874	96044.59769	0	0
neutron	939.56536	10.20888838	96044.59769	0	0
neutron	939.56536	2.009659051	96044.59769	0	0
S32	29773.62828	1.105412597	96044.59769	0	0
neutron	939.56536	1.618830146	96003.23238	0	0
S34	31632.70018	0.1136313278	96003.23238	0	0
neutron	939.56536	0.7995170097	96025.36557	0	0
S34	31632.70018	0.2228476263	96025.36557	0	0
neutron	939.56536	0.6355137514	96317.31823	0	0
Ne22	20479.73746	0.3241850463	96317.31823	0	0
Cl37	34424.84314	0.1622713346	97662.30942	648.729909	648.3243563
neutron	939.56536	1.073943614	95876.46995	0	0
Ne22	20479.73746	0.3096356969	95876.46995	0	0
Ne23	21414.10216	0.2314390127	95828.2538	0	0
S37	34430.21755	0.1423548538	96362.75563	0	0
neutron	939.56536	1.429278534	96029.53376	0	0
S34	31632.70018	0.03786322451	96029.53376	0	0
neutron	939.56536	9.060763667	96113.65902	0	0
proton	938.272013	6.765938876	96113.65902	0	0
neutron	939.56536	5.782569445	96113.65902	0	0
neutron	939.56536	5.423372999	96113.65902	0	0
proton	938.272013	4.406002842	96113.65902	0	0
Si30	27913.24182	0.09549862537	96113.65902	0	0
neutron	939.56536	4.552006375	96140.01716	0	0
triton	2808.921	5.166353597	96140.01716	0	0
triton	2808.921	6.909893667	96140.01716	0	0
O16	14895.08153	1.002142504	96140.01716	0	0
neutron	939.56536	1.735602711	95976.18628	0	0
S34	31632.70018	0.14886716	95976.18628	0	0
neutron	939.56536	14.5735502	96259.54997	0	0
neutron	939.56536	8.857406396	96259.54997	0	0
neutron	939.56536	3.938993133	96259.54997	0	0
Ne20	18617.73218	1.377833025	96259.54997	0	0
neutron	939.56536	2.921447298	96043.0535	0	0
Ne22	20479.73746	0.142449393	96043.0535	0	0
proton	938.272013	30.5116769	96127.78885	0	0
neutron	939.56536	0.8326736056	96127.78885	0	0
P35	32569.77755	0.6016304265	96127.78885	0	0
Ne23	21414.10216	0.2113344292	96039.74431	0	0
neutron	939.56536	4.120116318	95977.49885	0	0
S36	33494.9558	0.1824457203	95977.49885	0	0
S35	32565.27968	0.1542514679	96194.24032	0	0
Ne23	21414.10216	0.233857196	95889.6435	0	0
proton	938.272013	16.6653989	96305.85604	0	0
proton	938.272013	11.18028192	96305.85604	0	0
neutron	939.56536	6.509252273	96305.85604	0	0
neutron	939.56536	3.567026332	96305.85604	0	0
neutron	939.56536	2.191965465	96305.85604	0	0
neutron	939.56536	1.318578288	96305.85604	0	0
Si29	26984.28567	0.5413391213	96305.85604	0	0
neutron	939.56536	3.108199983	95983.46548	0	0
S34	31632.70018	0.02173338115	95983.46548	0	0
neutron	939.56536	15.4339348	95672.18835	0	0
neutron	939.56536	3.918765515	95672.18835	0	0
neutron	939.56536	1.941073288	95672.18835	0	0
Ne20	18617.73218	1.123217888	95672.18835	0	0
neutron	939.56536	6.00657986	96036.44213	0	0
neutron	939.56536	2.476469194	96036.44213	0	0
S33	30704.55199	0.2638986946	96036.44213	0	0
neutron	939.56536	0.7143230397	95804.66405	0	0
S34	31632.70018	0.07906037111	95804.66405	0	0
neutron	939.56536	0.7363949303	95953.23712	0	0
S34	31632.70018	0.07106251932	95953.23712	0	0
neutron	939.56536	1.014945642	95968.56841	0	0
S34	31632.70018	0.2644868854	95968.56841	0	0
Na23	21409.21625	0.7779889311	96207.99439	164.4876652	163.6759109
neutron	939.56536	18.64365973	96030.44789	0	0
neutron	939.56536	4.400015341	96030.44789	0	0
neutron	939.56536	0.8785249874	96030.44789	0	0
Ne20	18617.73218	1.707444179	96030.44789	0	0
neutron	939.56536	42.60463953	95980.5858	0	0
neutron	939.56536	2.22623325	95980.5858	0	0
neutron	939.56536	2.217894158	95980.5858	0	0
S34	31632.70018	1.323440776	95980.5858	0	0
Ne23	21414.10216	0.2176027917	95968.09819	0	0
S35	32565.27968	0.146871318	95874.18054	0	0
Cl35	32564.60306	0.07821377429	97840.43855	749.4361059	749.1654579
neutron	939.56536	0.5574825033	96292.14923	0	0
S36	33494.9558	0.1298027611	96292.14923	0	0
Cl35	32564.60306	0.1160421392	96920.75877	345.0748428	344.8613895
neutron	939.56536	0.5316179738	95966.60753	0	0
S34	31632.70018	0.1612190008	95966.60753	0	0
Cl37	34424.84314	0.1026365492	96617.90249	266.821812	266.7078642
neutron	939.56536	6.957024302	96021.99458	0	0
proton	938.272013	3.425289562	96021.99458	0	0
neutron	939.56536	2.46359977	96021.99458	0	0
P32	29775.84838	0.4376210358	96021.99458	0	0
proton	938.272013	14.56382318	96061.11909	0	0
neutron	939.56536	1.225873927	96061.11909	0	0
F21	19556.73074	0.6487659702	96061.11909	0	0
Cl35	32564.60306	0.3032956356	99093.65037	1150.776212	1150.100104
neutron	939.56536	20.5926178	96153.6783	0	0
neutron	939.56536	6.541170218	96153.6783	0	0
neutron	939.56536	2.266730762	96153.6783	0	0
alpha	3727.379	4.794322955	96153.6783	0	0
O16	14895.08153	2.881988473	96153.6783	0	0
Na23	21409.21625	0.1004480103	96687.47038	173.6638438	173.5478047
Cl35	32564.60306	0.2956143151	96586.24811	236.8252472	236.4634809
neutron	939.56536	0.5131403674	95945.36853	0	0
S34	31632.70018	0.1672416231	95945.36853	0	0
neutron	939.56536	10.16713895	96097.37953	0	0
neutron	939.56536	1.728037888	96097.37953	0	0
Ne21	19550.53637	0.808077829	96097.37953	0	0
neutron	939.56536	1.76099723	95772.28906	0	0
Ne22	20479.73746	0.2428661035	95772.28906	0	0
S35	32565.27968	0.144570389	96082.68776	0	0
proton	938.272013	3.579257486	96108.82075	0	0
neutron	939.56536	2.543556012	96108.82075	0	0
neutron	939.56536	2.19215633	96108.82075	0	0
triton	2808.921	4.5672538	96108.82075	0	0
Si31	28846.21977	0.7267567023	96108.82075	0	0
Na23	21409.21625	0.1092451588	98255.0646	839.1953252	839.0090522
neutron	939.56536	0.6110781692	96070.47515	0	0
Ne22	20479.73746	0.2015375768	96070.47515	0	0
neutron	939.56536	2.69328347	96207.26782	0	0
Ne22	20479.73746	0.6395750727	96207.26782	0	0
neutron	939.56536	0.5401883077	95902.64779	0	0
S34	31632.70018	0.1041130302	95902.64779	0	0
neutron	939.56536	0.2901007832	96233.60049	0	0
S34	31632.70018	0.1017600305	96233.60049	0	0
Cl35	32564.60306	0.08454677997	99836.85795	1442.696056	1442.581223
neutron	939.56536	4.952607665	96270.0683	0	0
neutron	939.56536	2.157160698	96270.0683	0	0
S35	32565.27968	0.1195790682	96270.0683	0	0
Cl35	32564.60306	0.3008783457	99962.08228	1486.608405	1486.272811
S35	32565.27968	0.1510197902	96044.03686	0	0
proton	938.272013	22.32223807	96007.33544	0	0
neutron	939.56536	3.630085031	96007.33544	0	0
P33	30705.30994	0.2825814622	96007.33544	0	0
Cl35	32564.60306	0.07138075911	96755.88089	215.2919773	215.1305473
neutron	939.56536	7.445634182	96252.65541	0	0
neutron	939.56536	3.664822491	96252.65541	0	0
neutron	939.56536	1.320809884	96252.65541	0	0
Ne20	18617.73218	0.4751141194	96252.65541	0	0
neutron	939.56536	1.300260605	95898.03249	0	0
S34	31632.70018	0.1310610328	95898.03249	0	0
proton	938.272013	25.14500826	95918.75709	0	0
neutron	939.56536	6.954685812	95918.75709	0	0
proton	938.272013	4.696005403	95918.75709	0	0
Si32	29776.58515	1.34769629	95918.75709	0	0
neutron	939.56536	0.6125900544	95936.79618	0	0
S34	31632.70018	0.07212928437	95936.79618	0	0
S35	32565.27968	0.1367572817	96136.37192	0	0
neutron	939.56536	0.6714276511	96126.06876	0	0
Ne22	20479.73746	0.1992267826	96126.06876	0	0
neutron	939.56536	0.8659259204	95910.41241	0	0
neutron	939.56536	0.7109869436	95910.41241	0	0
Ne21	19550.53637	0.4678616794	95910.41241	0	0
neutron	939.56536	5.547045624	96037.99148	0	0
S34	31632.70018	0.5256687071	96037.99148	0	0
neutron	939.56536	1.831224007	95895.08012	0	0
Ne22	20479.73746	0.1781100846	95895.08012	0	0
neutron	939.56536	34.83407318	96011.59163	0	0
neutron	939.56536	15.64364681	96011.59163	0	0
neutron	939.56536	1.368181275	96011.59163	0	0
Ne20	18617.73218	1.465155051	96011.59163	0	0
Cl37	34424.84314	0.08549010059	96005.00131	44.96582878	44.77527792
S35	32565.27968	0.1570202678	95957.86485	0	0
Cl35	32564.60306	0.2797169679	96748.11324	298.4017119	297.9302606
Na23	21409.21625	0.5845746873	99068.50241	1174.931708	1174.151418
neutron	939.56536	2.655113536	96021.47234	0	0
S36	33494.9558	0.006488080068	96021.47234	0	0
Na23	21409.21625	0.2643034212	97500.6573	559.2667194	558.7286915
Na23	21409.21625	0.5136375539	99090.69759	1139.1245	1138.562528
neutron	939.56536	7.624680733	96061.58306	0	0
neutron	939.56536	0.4063897558	96061.58306	0	0
Ne21	19550.53637	0.2937906865	96061.58306	0	0
neutron	939.56536	3.810075756	95983.81591	0	0
neutron	939.56536	2.240177092	95983.81591	0	0
neutron	939.56536	1.989194246	95983.81591	0	0
alpha	3727.379	9.339294976	95983.81591	0	0
O16	14895.08153	1.418992717	95983.81591	0	0
neutron	939.56536	0.05437679275	96097.3393	0	0
S36	33494.9558	0.1126267156	96097.3393	0	0
Cl37	34424.84314	0.09444049422	99774.07976	1422.89399	1422.77288
proton	938.272013	6.633183169	96326.35584	0	0
neutron	939.56536	4.533176975	96326.35584	0	0
neutron	939.56536	2.277137518	96326.35584	0	0
neutron	939.56536	2.076888235	96326.35584	0	0
P31	28844.21869	0.6275617678	96326.35584	0	0
S35	32565.27968	0.1568805026	95887.48293	0	0
neutron	939.56536	0.6184375983	95871.09192	0	0
S34	31632.70018	0.1124117409	95871.09192	0	0
neutron	939.56536	2.301166578	96109.41323	0	0
S34	31632.70018	0.05287852042	96109.41323	0	0
Cl37	34424.84314	0.07352864403	99011.13936	1169.030196	1168.786579
Ne23	21414.10216	0.210540141	96073.30528	0	0
Cl35	32564.60306	0.09871204884	98959.47961	1131.82114	1131.58564
neutron	939.56536	1.341991631	96087.53313	0	0
Ne22	20479.73746	0.08214523182	96087.53313	0	0
neutron	939.56536	1.565681476	95920.74119	0	0
S34	31632.70018	0.3470933411	95920.74119	0	0
neutron	939.56536	0.1481826146	96062.7439	0	0
Ne22	20479.73746	0.1724383115	96062.7439	0	0
Cl35	32564.60306	0.3666272228	98856.37802	1080.98067	1080.114974
Ne23	21414.10216	0.2138659026	96157.70712	0	0
Cl35	32564.60306	0.1279591107	96418.85235	185.6540362	185.4918024
neutron	939.56536	24.84878618	96032.34593	0	0
neutron	939.56536	21.52501345	96032.34593	0	0
neutron	939.56536	1.293245337	96032.34593	0	0
S32	29773.62828	0.1939105977	96032.34593	0	0
neutron	939.56536	2.103441274	96163.05798	0	0
Ne22	20479.73746	0.2085816066	96163.05798	0	0
S35	32565.27968	0.1672836146	96185.9606	0	0
Cl37	34424.84314	0.06616106925	99943.37077	1480.714863	1480.566518
proton	938.272013	20.20243603	95821.85462	0	0
neutron	939.56536	6.171516568	95821.85462	0	0
neutron	939.56536	4.70538483	95821.85462	0	0
neutron	939.56536	3.604516219	95821.85462	0	0
neutron	939.56536	1.545230527	95821.85462	0	0
neutron	939.56536	0.7351703605	95821.85462	0	0
P31	28844.21869	1.214609793	95821.85462	0	0
S35	32565.27968	0.1455848415	96087.66361	0	0
Cl35	32564.60306	0.07166908777	98935.58204	1101.195632	1100.912078
proton	938.272013	7.175095442	95978.89695	0	0
neutron	939.56536	1.228756827	95978.89695	0	0
P33	30705.30994	0.7734482196	95978.89695	0	0
neutron	939.56536	6.274511821	96300.60725	0	0
proton	938.272013	5.270539112	96300.60725	0	0
neutron	939.56536	4.132616716	96300.60725	0	0
proton	938.272013	4.027430213	96300.60725	0	0
Si31	28846.21977	1.2600349	96300.60725	0	0
S35	32565.27968	0.1624996505	96247.21848	0	0
Cl37	34424.84314	0.06377284832	98688.9057	980.4722085	980.1672985
S35	32565.27968	0.1620419739	95881.54982	0	0
neutron	939.56536	1.662420859	95999.43859	0	0
Ne22	20479.73746	0.1227667242	95999.43859	0	0
neutron	939.56536	2.426264947	95913.87019	0	0
neutron	939.56536	2.414954475	95913.87019	0	0
deuteron	1875.613	6.397119866	95913.87019	0	0
triton	2808.921	2.411222168	95913.87019	0	0
O16	14895.08153	1.956030877	95913.87019	0	0
S35	32565.27968	0.1668853414	96089.30104	0	0
Ne23	21414.10216	0.2078500802	95873.66854	0	0
Cl35	32564.60306	0.07148187446	97210.46365	487.3574771	487.2394404
proton	938.272013	5.928173571	95923.71542	0	0
neutron	939.56536	2.578511466	95923.71542	0	0
P33	30705.30994	0.8629658601	95923.71542	0	0
Cl35	32564.60306	0.09823537332	99866.70631	1454.199458	1454.048044
neutron	939.56536	3.38147826	96006.39775	0	0
neutron	939.56536	0.2015664883	96006.39775	0	0
S33	30704.55199	0.3343697448	96006.39775	0	0
S35	32565.27968	0.1401552594	95894.88284	0	0
Cl35	32564.60306	0.2559204846	99281.03887	1238.504538	1238.151058
neutron	939.56536	0.164966793	95879.69608	0	0
S34	31632.70018	0.2095990995	95879.69608	0	0
neutron	939.56536	0.06055079596	96050.30916	0	0
S34	31632.70018	0.1532393489	96050.30916	0	0
neutron	939.56536	0.3183744469	96137.47503	0	0
Ne22	20479.73746	0.3192437919	96137.47503	0	0
Cl35	32564.60306	0.2300880684	96805.88471	224.5943446	224.2970622
neutron	939.56536	9.21394801	95803.61441	0	0
neutron	939.56536	4.088860423	95803.61441	0	0
proton	938.272013	4.046028522	95803.61441	0	0
neutron	939.56536	3.837349883	95803.61441	0	0
proton	938.272013	3.129842743	95803.61441	0	0
Si32	29776.58515	0.8930547109	95803.61441	0	0
neutron	939.56536	0.09960985975	96121.93917	0	0
S34	31632.70018	0.1314613103	96121.93917	0	0
Ne23	21414.10216	0.2207232874	96002.62737	0	0
S35	32565.27968	0.1440430159	95969.54888	0	0
proton	938.272013	28.73445561	96045.33959	0	0
neutron	939.56536	4.877821298	96045.33959	0	0
proton	938.272013	4.050291564	96045.33959	0	0
Si32	29776.58515	1.177742792	96045.33959	0	0
neutron	939.56536	1.837251982	96026.92781	0	0
S34	31632.70018	0.2502787428	96026.92781	0	0
proton	938.272013	13.3726683	96341.30561	0	0
neutron	939.56536	7.506489544	96341.30561	0	0
neutron	939.56536	3.521590498	96341.30561	0	0
neutron	939.56536	0.8316893765	96341.30561	0	0
P31	28844.21869	0.4055997159	96341.30561	0	0
neutron	939.56536	9.393036353	95963.58924	0	0
Ne22	20479.73746	0.5343798841	95963.58924	0	0
neutron	939.56536	29.11097487	96080.69481	0	0
neutron	939.56536	5.33620419	96080.69481	0	0
neutron	939.56536	4.372574377	96080.69481	0	0
Ne20	18617.73218	1.594103251	96080.69481	0	0
proton	938.272013	47.7295344	95991.04076	0	0
neutron	939.56536	5.455621208	95991.04076	0	0
neutron	939.56536	1.088519423	95991.04076	0	0
P32	29775.84838	2.665330124	95991.04076	0	0
S35	32565.27968	0.1560440633	95931.67679	0	0
neutron	939.56536	1.464111558	95982.8474	0	0
S34	31632.70018	0.1025591364	95982.8474	0	0
Cl35	32564.60306	0.5898964573	95867.52098	47.4155124	46.7774809
neutron	939.56536	0.2474525362	95896.81593	0	0
Ne22	20479.73746	0.2069776139	95896.81593	0	0
proton	938.272013	5.704995909	96041.66014	0	0
proton	938.272013	1.627267136	96041.66014	0	0
neutron	939.56536	1.345344884	96041.66014	0	0
O20	18629.59082	0.3445034125	96041.66014	0	0
neutron	939.56536	0.6620968256	95884.1118	0	0
S36	33494.9558	0.06860187833	95884.1118	0	0
neutron	939.56536	0.6057426134	95961.72613	0	0
S36	33494.9558	0.1017783085	95961.72613	0	0
proton	938.272013	5.960099066	96014.34873	0	0
neutron	939.56536	5.459322224	96014.34873	0	0
neutron	939.56536	2.054269773	96014.34873	0	0
P32	29775.84838	0.8205748526	96014.34873	0	0
neutron	939.56536	1.753353485	95802.85732	0	0
S36	33494.9558	0.05622269872	95802.85732	0	0
Ne23	21414.10216	0.2243745449	96183.99964	0	0
Cl35	32564.60306	0.1445446839	97990.65546	760.3816872	760.0680508
neutron	939.56536	2.495519164	95858.41294	0	0
Ne22	20479.73746	0.09243358804	95858.41294	0	0
Ne23	21414.10216	0.2176387487	96008.07041	0	0
neutron	939.56536	0.5917317742	95869.57456	0	0
S34	31632.70018	0.1266628961	95869.57456	0	0
neutron	939.56536	2.561299191	96264.0176	0	0
Ne22	20479.73746	0.3201551535	96264.0176	0	0
neutron	939.56536	0.3938573989	95939.7344	0	0
Ne22	20479.73746	0.3150413522	95939.7344	0	0
neutron	939.56536	55.79647015	96037.77296	0	0
neutron	939.56536	2.072602324	96037.77296	0	0
neutron	939.56536	1.261013553	96037.77296	0	0
neutron	939.56536	0.8717073836	96037.77296	0	0
S33	30704.55199	1.786673536	96037.77296	0	0
neutron	939.56536	1.540866182	95771.73451	0	0
S34	31632.70018	0.1509312191	95771.73451	0	0
Na23	21409.21625	0.2646702352	96185.79147	127.4270824	126.6749359
Cl37	34424.84314	0.234765915	98295.07605	889.9227911	889.6874058
proton	938.272013	4.617828871	96034.62897	0	0
proton	938.272013	3.743510228	96034.62897	0	0
neutron	939.56536	3.362890903	96034.62897	0	0
neutron	939.56536	0.141361832	96034.62897	0	0
Si31	28846.21977	0.3040231209	96034.62897	0	0
neutron	939.56536	0.13099747	95959.60558	0	0
Ne22	20479.73746	0.2741276004	95959.60558	0	0
Na23	21409.21625	0.3364651436	97262.22953	413.9135699	413.4742901
neutron	939.56536	5.146508013	96290.59316	0	0
neutron	939.56536	2.217376275	96290.59316	0	0
neutron	939.56536	2.153872553	96290.59316	0	0
proton	938.272013	1.777628819	96290.59316	0	0
F19	17692.30285	0.2630981126	96290.59316	0	0
neutron	939.56536	0.8857535729	96127.88891	0	0
S34	31632.70018	0.07727869755	96127.88891	0	0
neutron	939.56536	1.79297964	95932.51826	0	0
S34	31632.70018	0.1686451856	95932.51826	0	0
neutron	939.56536	7.833069635	96009.67028	0	0
neutron	939.56536	6.935712261	96009.67028	0	0
neutron	939.56536	2.005860442	96009.67028	0	0
alpha	3727.379	4.00752518	96009.67028	0	0
O16	14895.08153	1.420446093	96009.67028	0	0
S35	32565.27968	0.1655740733	96487.12385	0	0
Ne23	21414.10216	0.231573828	96020.5777	0	0
neutron	939.56536	1.352269349	96024.2948	0	0
Ne22	20479.73746	0.1943096022	96024.2948	0	0
neutron	939.56536	16.64201721	95861.75533	0	0
neutron	939.56536	8.561971092	95861.75533	0	0
neutron	939.56536	3.857876996	95861.75533	0	0
alpha	3727.379	8.716993087	95861.75533	0	0
O16	14895.08153	1.667982748	95861.75533	0	0
neutron	939.56536	8.403334148	96128.9186	0	0
neutron	939.56536	7.071405822	96128.9186	0	0
proton	938.272013	4.975744079	96128.9186	0	0
neutron	939.56536	4.426031626	96128.9186	0	0
proton	938.272013	2.833685761	96128.9186	0	0
Si30	27913.24182	1.193058903	96128.9186	0	0
S37	34430.21755	0.1333968536	95928.9763	0	0
neutron	939.56536	2.603984362	96129.2728	0	0
S34	31632.70018	0.1826032946	96129.2728	0	0
neutron	939.56536	2.253697303	95985.86644	0	0
neutron	939.56536	1.863373564	95985.86644	0	0
neutron	939.56536	0.3990754357	95985.86644	0	0
S32	29773.62828	0.1743854449	95985.86644	0	0
Ne23	21414.10216	0.2077493069	95887.99102	0	0
Cl37	34424.84314	0.06181613138	96760.33055	337.1767227	336.8321954
Cl35	32564.60306	0.1317492022	96346.74306	142.1170254	141.9460844
neutron	939.56536	0.9408828984	96127.37259	0	0
Ne22	20479.73746	0.3359676292	96127.37259	0	0
Cl35	32564.60306	0.1492178297	99898.94046	1459.950394	1459.764846
Ne23	21414.10216	0.2237283827	96172.75116	0	0
Ne23	21414.10216	0.2195627233	96077.62212	0	0
Cl35	32564.60306	0.3636488493	98569.25968	982.496011	981.9937668
neutron	939.56536	1.28616165	96028.72219	0	0
S34	31632.70018	0.1693278162	96028.72219	0	0
neutron	939.56536	1.832038842	96050.40536	0	0
S34	31632.70018	0.1474336383	96050.40536	0	0
neutron	939.56536	0.1177820924	95892.33207	0	0
S34	31632.70018	0.1837072557	95892.33207	0	0
neutron	939.56536	9.15086888	95991.43352	0	0
proton	938.272013	7.428743339	95991.43352	0	0
neutron	939.56536	1.647742084	95991.43352	0	0
neutron	939.56536	0.06162108031	95991.43352	0	0
P31	28844.21869	0.2941208215	95991.43352	0	0
proton	938.272013	8.499088088	96108.12185	0	0
neutron	939.56536	0.3036415209	96108.12185	0	0
P33	30705.30994	0.53983395	96108.12185	0	0
neutron	939.56536	1.095321441	95909.71909	0	0
S34	31632.70018	0.127569192	95909.71909	0	0
S35	32565.27968	0.1589892572	96034.6136	0	0
neutron	939.56536	4.50572707	96011.3296	0	0
neutron	939.56536	1.384522477	96011.3296	0	0
neutron	939.56536	0.3633824459	96011.3296	0	0
Ne20	18617.73218	0.6193802254	96011.3296	0	0
neutron	939.56536	2.883165125	95945.5015	0	0
S34	31632.70018	0.3602395808	95945.5015	0	0
Ne23	21414.10216	0.2286549876	95934.0809	0	0
neutron	939.56536	0.01786067037	96003.38732	0	0
S34	31632.70018	0.1367287194	96003.38732	0	0
neutron	939.56536	4.291337882	96016.3448	0	0
neutron	939.56536	3.762509028	96016.3448	0	0
neutron	939.56536	0.4670037341	96016.3448	0	0
alpha	3727.379	6.810559726	96016.3448	0	0
O16	14895.08153	3.10819349	96016.3448	0	0
neutron	939.56536	0.739719811	96143.4726	0	0
S34	31632.70018	0.06328594754	96143.4726	0	0
neutron	939.56536	1.379786384	95919.70454	0	0
S34	31632.70018	0.155597564	95919.70454	0	0
neutron	939.56536	5.314371931	95959.95941	0	0
proton	938.272013	4.15656616	95959.95941	0	0
proton	938.272013	2.320718762	95959.95941	0	0
neutron	939.56536	1.945634863	95959.95941	0	0
neutron	939.56536	1.3800409	95959.95941	0	0
Si30	27913.24182	0.06407182634	95959.95941	0	0
neutron	939.56536	0.9206752979	96028.63905	0	0
S36	33494.9558	0.1246016928	96028.63905	0	0
Cl35	32564.60306	0.07525936775	98532.16416	984.2612688	984.0044271
Ne23	21414.10216	0.2323937002	95915.79081	0	0
S35	32565.27968	0.1667422286	96315.17169	0	0
S35	32565.27968	0.1485039999	95926.64929	0	0
Ne23	21414.10216	0.2160917213	96348.49443	0	0
neutron	939.56536	2.995566644	95822.67313	0	0
S34	31632.70018	0.3214725865	95822.67313	0	0
neutron	939.56536	0.5690136728	96063.83141	0	0
Ne22	20479.73746	0.3367765995	96063.83141	0	0
Na23	21409.21625	0.2236501442	99589.77374	1361.640544	1361.409659
neutron	939.56536	4.706769343	95868.121	0	0
proton	938.272013	3.900636642	95868.121	0	0
P33	30705.30994	0.8614216252	95868.121	0	0
Cl35	32564.60306	0.1088256909	98032.48364	758.5452984	758.3896949
neutron	939.56536	0.2445288373	96058.28284	0	0
S36	33494.9558	0.1365028901	96058.28284	0	0
Cl37	34424.84314	0.1734103377	99144.841	1188.035741	1187.7946
Cl35	32564.60306	0.08279565988	98230.10645	850.0525571	849.3583572
Ne23	21414.10216	0.227084518	95686.20533	0	0
neutron	939.56536	0.6813250939	96011.09352	0	0
S34	31632.70018	0.07454829439	96011.09352	0	0
neutron	939.56536	11.95292294	95997.09775	0	0
neutron	939.56536	1.321702908	95997.09775	0	0
neutron	939.56536	0.4905116686	95997.09775	0	0
S32	29773.62828	0.2181083084	95997.09775	0	0
S35	32565.27968	0.1554755074	96044.11817	0	0
neutron	939.56536	0.501080521	96087.43914	0	0
S34	31632.70018	0.2295416845	96087.43914	0	0
neutron	939.56536	0.9751904902	96082.76256	0	0
neutron	939.56536	0.4779243694	96082.76256	0	0
S33	30704.55199	0.2525382722	96082.76256	0	0
neutron	939.56536	0.2131098319	96270.97671	0	0
Ne22	20479.73746	0.1651636047	96270.97671	0	0
Cl35	32564.60306	0.08883108982	96945.21301	367.9177318	367.7669125
Na23	21409.21625	0.2244407888	99628.99487	1367.133351	1366.893372
neutron	939.56536	10.32452426	96051.56091	0	0
neutron	939.56536	7.671728155	96051.56091	0	0
neutron	939.56536	3.738717864	96051.56091	0	0
proton	938.272013	3.328858203	96051.56091	0	0
neutron	939.56536	3.113175749	96051.56091	0	0
proton	938.272013	2.328821791	96051.56091	0	0
neutron	939.56536	2.167874121	96051.56091	0	0
Si30	27913.24182	0.4360363448	96051.56091	0	0
S35	32565.27968	0.1415696454	95928.86426	0	0
Cl35	32564.60306	0.08062356216	96220.63384	47.32843025	47.00799518
neutron	939.56536	0.7612102271	95927.97999	0	0
S36	33494.9558	0.1427497035	95927.97999	0	0
neutron	939.56536	16.77828442	96266.86589	0	0
neutron	939.56536	8.592778281	96266.86589	0	0
neutron	939.56536	0.8718612609	96266.86589	0	0
Ne20	18617.73218	2.803221413	96266.86589	0	0
neutron	939.56536	2.998530971	96095.83313	0	0
neutron	939.56536	2.176654527	96095.83313	0	0
neutron	939.56536	1.878998847	96095.83313	0	0
S32	29773.62828	0.2488967147	96095.83313	0	0
neutron	939.56536	0.9972750791	95875.46291	0	0
S34	31632.70018	0.1362350978	95875.46291	0	0
Cl35	32564.60306	0.870243832	97947.41431	712.777004	711.3299626
S35	32565.27968	0.1486211518	96247.53632	0	0
neutron	939.56536	10.89104554	95821.50895	0	0
neutron	939.56536	4.211436043	95821.50895	0	0
neutron	939.56536	0.2066795825	95821.50895	0	0
Ne20	18617.73218	0.7648314396	95821.50895	0	0
Ne23	21414.10216	0.232148032	95988.70001	0	0
neutron	939.56536	0.1762445009	96201.22852	0	0
S34	31632.70018	0.192628253	96201.22852	0	0
neutron	939.56536	2.321271909	95909.10993	0	0
S34	31632.70018	0.1191846087	95909.10993	0	0
S35	32565.27968	0.1511169099	96010.75965	0	0
proton	938.272013	29.94561278	95884.73156	0	0
neutron	939.56536	14.36453188	95884.73156	0	0
neutron	939.56536	0.2284082324	95884.73156	0	0
P32	29775.84838	0.9051573653	95884.73156	0	0
S35	32565.27968	0.1472638649	96014.12241	0	0
Cl35	32564.60306	0.1523478477	98761.98548	1053.605234	1053.41044
Ne23	21414.10216	0.2255379216	95993.7444	0	0
neutron	939.56536	11.79141087	95896.21688	0	0
neutron	939.56536	2.567105792	95896.21688	0	0
neutron	939.56536	1.834039225	95896.21688	0	0
S32	29773.62828	0.6726984688	95896.21688	0	0
neutron	939.56536	27.11216471	95958.50212	0	0
neutron	939.56536	3.179801603	95958.50212	0	0
neutron	939.56536	0.8283883524	95958.50212	0	0
alpha	3727.379	4.938843636	95958.50212	0	0
Si28	26053.19393	3.725883834	95958.50212	0	0
proton	938.272013	35.61148554	95853.28913	0	0
neutron	939.56536	16.91250058	95853.28913	0	0
F21	19556.73074	3.577975396	95853.28913	0	0
neutron	939.56536	0.1626195386	96169.98757	0	0
S36	33494.9558	0.1112562273	96169.98757	0	0
S35	32565.27968	0.1671887359	96212.97025	0	0
proton	938.272013	3.955837409	96110.01893	0	0
neutron	939.56536	3.183663921	96110.01893	0	0
P33	30705.30994	0.5378307518	96110.01893	0	0
proton	938.272013	3.875215014	95915.86945	0	0
neutron	939.56536	2.275377381	95915.86945	0	0
neutron	939.56536	2.249676385	95915.86945	0	0
deuteron	1875.613	5.677198398	95915.86945	0	0
Si30	27913.24182	0.7366657955	95915.86945	0	0
Cl37	34424.84314	0.24177743	98934.06227	1050.10536	1049.819222
neutron	939.56536	0.8219440325	96061.40741	0	0
Ne22	20479.73746	0.2349716729	96061.40741	0	0
neutron	939.56536	4.547383923	95943.38844	0	0
alpha	3727.379	5.625889217	95943.38844	0	0
O18	16762.02378	1.088041048	95943.38844	0	0
Ne23	21414.10216	0.2335466256	95985.06517	0	0
neutron	939.56536	0.2969234372	95980.07347	0	0
S34	31632.70018	0.1990693187	95980.07347	0	0
neutron	939.56536	3.034173112	96189.45276	0	0
S34	31632.70018	0.3637798978	96189.45276	0	0
neutron	939.56536	4.432902053	95961.89578	0	0
neutron	939.56536	1.323179765	95961.89578	0	0
S33	30704.55199	0.2728437366	95961.89578	0	0
Cl35	32564.60306	0.1035144353	96424.44105	266.5090815	266.3037027
neutron	939.56536	10.87956503	95804.33697	0	0
neutron	939.56536	5.667355382	95804.33697	0	0
neutron	939.56536	4.083593529	95804.33697	0	0
neutron	939.56536	0.1380823218	95804.33697	0	0
S33	30704.55199	0.3922562058	95804.33697	0	0
S35	32565.27968	0.1469778238	95915.71335	0	0
neutron	939.56536	0.05960032411	95919.97931	0	0
S36	33494.9558	0.1609814098	95919.97931	0	0
Cl35	32564.60306	0.1727522823	99168.68469	1197.998802	1197.623412
neutron	939.56536	0.6477649208	95998.24111	0	0
S34	31632.70018	0.235053045	95998.24111	0	0
neutron	939.56536	2.821502621	95765.14571	0	0
S34	31632.70018	0.1296622714	95765.14571	0	0
Na23	21409.21625	0.1165415026	96122.51038	15.04463302	14.91204441
neutron	939.56536	1.206763358	96123.51562	0	0
S34	31632.70018	0.1630046867	96123.51562	0	0
Cl35	32564.60306	0.21767321	97944.34517	756.0563884	755.7818293
neutron	939.56536	4.317144201	95935.96137	0	0
alpha	3727.379	12.43568887	95935.96137	0	0
O18	16762.02378	1.284339827	95935.96137	0	0
proton	938.272013	5.664108751	95852.85451	0	0
proton	938.272013	5.083387872	95852.85451	0	0
neutron	939.56536	1.934486724	95852.85451	0	0
neutron	939.56536	0.9332113306	95852.85451	0	0
Si31	28846.21977	0.3981123475	95852.85451	0	0
neutron	939.56536	3.525990798	96190.81707	0	0
neutron	939.56536	0.5598125226	96190.81707	0	0
S35	32565.27968	0.1267392512	96190.81707	0	0
neutron	939.56536	4.696482269	95996.369	0	0
neutron	939.56536	2.424466192	95996.369	0	0
neutron	939.56536	1.755043361	95996.369	0	0
Ne20	18617.73218	0.2170489993	95996.369	0	0
proton	938.272013	5.098940001	96148.68358	0	0
neutron	939.56536	1.557299894	96148.68358	0	0
P33	30705.30994	0.1586741789	96148.68358	0	0
neutron	939.56536	3.132696473	95968.63835	0	0
neutron	939.56536	1.298175757	95968.63835	0	0
deuteron	1875.613	5.241677505	95968.63835	0	0
P31	28844.21869	0.5424515579	95968.63835	0	0
S35	32565.27968	0.1669658739	95920.61645	0	0
neutron	939.56536	0.7916605826	96195.44389	0	0
S36	33494.9558	0.1572595442	96195.44389	0	0
S35	32565.27968	0.1487309092	95834.87876	0	0
Cl35	32564.60306	0.09639548588	99071.58411	1162.302398	1161.927434
neutron	939.56536	2.23228091	96011.48389	0	0
Ne22	20479.73746	0.5541133481	96011.48389	0	0
neutron	939.56536	15.31520892	96046.63491	0	0
neutron	939.56536	10.80608462	96046.63491	0	0
neutron	939.56536	0.1182330654	96046.63491	0	0
Ne20	18617.73218	1.318159976	96046.63491	0	0
neutron	939.56536	2.895541673	95973.46939	0	0
neutron	939.56536	2.056576794	95973.46939	0	0
neutron	939.56536	1.289602897	95973.46939	0	0
S34	31632.70018	0.6517989681	95973.46939	0	0
Cl35	32564.60306	0.07441731014	97682.50484	613.3586005	613.1707178
Ne23	21414.10216	0.2279264086	95897.39533	0	0
neutron	939.56536	0.6223255732	95951.68335	0	0
S34	31632.70018	0.2247142443	95951.68335	0	0
neutron	939.56536	1.551686339	96155.54616	0	0
S34	31632.70018	0.03187332513	96155.54616	0	0
Ne23	21414.10216	0.2316677401	96077.0741	0	0
Na23	21409.21625	0.192471608	96667.93694	220.7363722	220.4659451
neutron	939.56536	11.2774027	96219.43576	0	0
neutron	939.56536	4.971546729	96219.43576	0	0
neutron	939.56536	1.62694503	96219.43576	0	0
Ne20	18617.73218	0.8261210908	96219.43576	0	0
neutron	939.56536	12.79004745	96068.65421	0	0
neutron	939.56536	6.378080771	96068.65421	0	0
neutron	939.56536	0.4299460598	96068.65421	0	0
Ne20	18617.73218	2.614579375	96068.65421	0	0
Cl35	32564.60306	0.06684405897	98143.96353	741.9726041	741.8180572
neutron	939.56536	0.06607844169	96341.83362	0	0
Ne22	20479.73746	0.2044965473	96341.83362	0	0
Na23	21409.21625	0.1101773392	99840.78986	1431.361087	1430.925055
Ne23	21414.10216	0.2105439307	95910.92422	0	0
neutron	939.56536	0.629681222	95957.37469	0	0
Ne22	20479.73746	0.3259254902	95957.37469	0	0
neutron	939.56536	0.06574150934	96011.37416	0	0
Ne22	20479.73746	0.2032505155	96011.37416	0	0
neutron	939.56536	0.5063742083	95984.84961	0	0
S34	31632.70018	0.2016336709	95984.84961	0	0
neutron	939.56536	12.38932437	95863.82056	0	0
neutron	939.56536	11.23637772	95863.82056	0	0
neutron	939.56536	1.336331349	95863.82056	0	0
S34	31632.70018	0.8224482046	95863.82056	0	0
Cl37	34424.84314	0.09519226412	96968.92199	391.6012606	391.4949982
neutron	939.56536	1.5423622	96012.6409	0	0
S34	31632.70018	0.3312638671	96012.6409	0	0
neutron	939.56536	2.74071499	95957.73198	0	0
proton	938.272013	2.511435608	95957.73198	0	0
neutron	939.56536	1.602221672	95957.73198	0	0
neutron	939.56536	1.326987688	95957.73198	0	0
P31	28844.21869	0.2760052777	95957.73198	0	0
Cl35	32564.60306	0.1303481682	97408.60927	517.3365082	517.0347271
proton	938.272013	9.51286597	96066.82558	0	0
neutron	939.56536	2.714070827	96066.82558	0	0
neutron	939.56536	2.169116339	96066.82558	0	0
F20	18625.26686	0.6631340871	96066.82558	0	0
Na23	21409.21625	0.2420670329	97689.03542	632.6193892	632.3598148
neutron	939.56536	2.185069347	96054.69918	0	0
neutron	939.56536	1.44827257	96054.69918	0	0
neutron	939.56536	0.8384369264	96054.69918	0	0
S34	31632.70018	0.1975540857	96054.69918	0	0
neutron	939.56536	0.5589901294	96017.20881	0	0
S34	31632.70018	0.08009603423	96017.20881	0	0
proton	938.272013	6.624021526	96262.50535	0	0
neutron	939.56536	5.977968961	96262.50535	0	0
proton	938.272013	5.854797453	96262.50535	0	0
neutron	939.56536	3.312485423	96262.50535	0	0
neutron	939.56536	1.325924312	96262.50535	0	0
neutron	939.56536	0.5211074103	96262.50535	0	0
Si29	26984.28567	0.4877206694	96262.50535	0	0
neutron	939.56536	1.403383753	95982.95869	0	0
S34	31632.70018	0.1360316839	95982.95869	0	0
neutron	939.56536	0.5696943975	96195.3715	0	0
Ne22	20479.73746	0.1509303393	96195.3715	0	0
neutron	939.56536	0.3927496744	96092.68279	0	0
S34	31632.70018	0.1434469565	96092.68279	0	0
neutron	939.56536	0.1340928307	96001.87216	0	0
S34	31632.70018	0.1851503579	96001.87216	0	0
Na23	21409.21625	0.186588798	99749.48611	1358.591107	1358.372724
neutron	939.56536	28.23233653	96284.5909	0	0
neutron	939.56536	4.778747511	96284.5909	0	0
Ne21	19550.53637	1.589950958	96284.5909	0	0
neutron	939.56536	0.1286113958	96090.20122	0	0
S36	33494.9558	0.1477263319	96090.20122	0	0
neutron	939.56536	0.892523417	96099.41706	0	0
S34	31632.70018	0.228497606	96099.41706	0	0
neutron	939.56536	12.07753833	96013.87694	0	0
neutron	939.56536	4.644075184	96013.87694	0	0
neutron	939.56536	1.264435022	96013.87694	0	0
Ne20	18617.73218	0.486520581	96013.87694	0	0
Cl35	32564.60306	0.1012088045	96516.75027	95.70645801	95.43593887
neutron	939.56536	1.320427745	96376.81284	0	0
Ne22	20479.73746	0.1601745478	96376.81284	0	0
Cl37	34424.84314	0.2375995704	99673.77803	1378.705826	1378.335306
Na23	21409.21625	0.1022998942	98009.70716	800.700951	800.5636713
S35	32565.27968	0.1421760131	95832.714	0	0
neutron	939.56536	3.938280088	95870.22492	0	0
neutron	939.56536	0.4457574776	95870.22492	0	0
Ne21	19550.53637	0.5232591879	95870.22492	0	0
proton	938.272013	5.81104663	95931.41826	0	0
neutron	939.56536	2.911880459	95931.41826	0	0
neutron	939.56536	1.578847514	95931.41826	0	0
P32	29775.84838	0.5369218733	95931.41826	0	0
Ne23	21414.10216	0.2248229459	96286.85412	0	0
Na23	21409.21625	0.2311521821	96005.99122	32.99976842	32.61897598
S35	32565.27968	0.1676627638	96336.57827	0	0
Cl35	32564.60306	0.1090822159	99241.48017	1214.724568	1214.58388
Na23	21409.21625	0.6093078824	97757.30423	629.7390562	629.0021535
S37	34430.21755	0.126573714	96168.1318	0	0
Cl35	32564.60306	0.1021295649	98634.41794	1002.255109	1002.080012
S35	32565.27968	0.1641580282	95958.22744	0	0
Cl35	32564.60306	0.06583175294	99448.13832	1306.515979	1306.335303
neutron	939.56536	20.1388797	96184.67672	0	0
neutron	939.56536	3.288810068	96184.67672	0	0
neutron	939.56536	3.27784252	96184.67672	0	0
Ne20	18617.73218	0.6045071821	96184.67672	0	0
neutron	939.56536	2.716120168	96031.82932	0	0
neutron	939.56536	1.988030647	96031.82932	0	0
S33	30704.55199	0.04789661446	96031.82932	0	0
neutron	939.56536	11.30185612	95795.46577	0	0
neutron	939.56536	9.645263993	95795.46577	0	0
neutron	939.56536	5.057934823	95795.46577	0	0
neutron	939.56536	3.249307785	95795.46577	0	0
neutron	939.56536	0.7969871912	95795.46577	0	0
S32	29773.62828	0.9291560123	95795.46577	0	0
Cl35	32564.60306	0.06868374536	97042.88826	397.8165642	397.3953646
Ne23	21414.10216	0.2195315535	96106.68458	0	0
S35	32565.27968	0.1442017389	95800.33048	0	0
Ne23	21414.10216	0.2326088744	96301.1384	0	0
neutron	939.56536	0.9584353853	96063.27473	0	0
Ne22	20479.73746	0.1443010796	96063.27473	0	0
S35	32565.27968	0.1456779331	95816.56565	0	0
Cl35	32564.60306	0.07329963184	98000.52932	682.9241002	682.8171497
neutron	939.56536	3.967270393	96213.99104	0	0
proton	938.272013	2.536337362	96213.99104	0	0
P33	30705.30994	0.1470886781	96213.99104	0	0
neutron	939.56536	4.533016885	95863.88517	0	0
neutron	939.56536	4.088782534	95863.88517	0	0
neutron	939.56536	1.386496488	95863.88517	0	0
Ne20	18617.73218	0.09166890023	95863.88517	0	0
S35	32565.27968	0.1505944188	95994.48093	0	0
neutron	939.56536	9.124000137	95851.9077	0	0
neutron	939.56536	5.255349915	95851.9077	0	0
neutron	939.56536	4.637452378	95851.9077	0	0
alpha	3727.379	10.42113439	95851.9077	0	0
O16	14895.08153	2.525566838	95851.9077	0	0
neutron	939.56536	0.8803646812	95956.51182	0	0
S34	31632.70018	0.04910448911	95956.51182	0	0
proton	938.272013	28.15410942	96020.84752	0	0
neutron	939.56536	9.391094365	96020.84752	0	0
neutron	939.56536	2.394024072	96020.84752	0	0
neutron	939.56536	0.9094950167	96020.84752	0	0
P33	30705.30994	0.1903224642	96020.84752	0	0
S37	34430.21755	0.1379232738	95993.15212	0	0
neutron	939.56536	1.091019216	95991.35669	0	0
Ne22	20479.73746	0.1215885671	95991.35669	0	0
neutron	939.56536	0.230510664	95948.9135	0	0
Ne22	20479.73746	0.2605296577	95948.9135	0	0
S35	32565.27968	0.1638171501	95979.01804	0	0
neutron	939.56536	2.435736384	96240.50082	0	0
S34	31632.70018	0.146866659	96240.50082	0	0
neutron	939.56536	25.08499937	95909.18886	0	0
neutron	939.56536	4.595701222	95909.18886	0	0
Ne21	19550.53637	0.3068868775	95909.18886	0	0
neutron	939.56536	0.1557361884	96135.173	0	0
S34	31632.70018	0.1194325022	96135.173	0	0
neutron	939.56536	1.314574079	95871.52352	0	0
S34	31632.70018	0.1687141706	95871.52352	0	0
neutron	939.56536	10.96927918	96176.21043	0	0
neutron	939.56536	3.359714821	96176.21043	0	0
neutron	939.56536	0.2045542934	96176.21043	0	0
S32	29773.62828	0.5855918808	96176.21043	0	0
Na23	21409.21625	0.1714273504	96384.06236	166.0602356	165.8526135
neutron	939.56536	5.074761268	96001.55482	0	0
neutron	939.56536	3.220204328	96001.55482	0	0
Ne21	19550.53637	0.1473474985	96001.55482	0	0
neutron	939.56536	0.5872151133	96019.9713	0	0
S34	31632.70018	0.07651214465	96019.9713	0	0
Cl35	32564.60306	0.06663432756	98835.97178	1066.0276	1065.79043
Cl35	32564.60306	0.07183321597	96529.71405	157.6622416	157.3009021
Ne23	21414.10216	0.2165377954	96235.40962	0	0
neutron	939.56536	16.17683289	96175.55302	0	0
neutron	939.56536	3.543549149	96175.55302	0	0
neutron	939.56536	0.4943383675	96175.55302	0	0
Ne20	18617.73218	0.428485819	96175.55302	0	0
S37	34430.21755	0.1316650949	96151.8709	0	0
neutron	939.56536	0.7233853197	95821.59367	0	0
S34	31632.70018	0.1058613486	95821.59367	0	0
Cl35	32564.60306	0.07568003554	98319.54066	816.8960183	816.3816203
Cl35	32564.60306	0.08662744752	97346.56306	443.0237693	442.8233364
neutron	939.56536	2.083413586	96171.26883	0	0
neutron	939.56536	1.239900782	96171.26883	0	0
neutron	939.56536	0.4395529609	96171.26883	0	0
S34	31632.70018	0.135163449	96171.26883	0	0
Cl35	32564.60306	0.1672804955	96546.58339	298.0938632	297.8832762
proton	938.272013	5.592132883	95855.28402	0	0
proton	938.272013	4.730817529	95855.28402	0	0
neutron	939.56536	2.254216009	95855.28402	0	0
neutron	939.56536	1.740719802	95855.28402	0	0
Si31	28846.21977	0.2847927411	95855.28402	0	0
Cl35	32564.60306	0.07800917125	96692.05826	185.3459013	185.2561656
neutron	939.56536	9.794965718	96312.42048	0	0
neutron	939.56536	0.1781411914	96312.42048	0	0
S33	30704.55199	0.5911846019	96312.42048	0	0
proton	938.272013	9.682513687	95837.34993	0	0
neutron	939.56536	9.060998816	95837.34993	0	0
neutron	939.56536	4.532263208	95837.34993	0	0
neutron	939.56536	3.443799629	95837.34993	0	0
P31	28844.21869	0.2146868384	95837.34993	0	0
S35	32565.27968	0.1640542017	96023.72153	0	0
S35	32565.27968	0.1552667233	95876.94363	0	0
Cl35	32564.60306	0.1223725596	98090.66807	792.4757574	792.1770926
neutron	939.56536	31.39427508	95999.72513	0	0
neutron	939.56536	0.1953705077	95999.72513	0	0
Ne21	19550.53637	1.07778772	95999.72513	0	0
Ne23	21414.10216	0.2164874266	95813.08584	0	0
Cl35	32564.60306	0.1930828144	96584.67184	244.6971887	244.4948668
Ne23	21414.10216	0.2247029674	96045.05025	0	0
neutron	939.56536	0.2334053274	95895.19703	0	0
Ne22	20479.73746	0.2528005533	95895.19703	0	0
Ne23	21414.10216	0.2321698291	96167.95114	0	0
neutron	939.56536	0.5886225175	95864.45157	0	0
S34	31632.70018	0.1037633969	95864.45157	0	0
Na23	21409.21625	0.1143717159	96049.56695	84.94424018	84.77759173
neutron	939.56536	15.42867523	96003.87918	0	0
neutron	939.56536	4.293347586	96003.87918	0	0
neutron	939.56536	3.686046938	96003.87918	0	0
alpha	3727.379	10.07147727	96003.87918	0	0
O16	14895.08153	4.332175486	96003.87918	0	0
neutron	939.56536	8.046515277	95961.99827	0	0
neutron	939.56536	1.750190884	95961.99827	0	0
S33	30704.55199	0.1528039974	95961.99827	0	0
S35	32565.27968	0.1477911067	95958.44349	0	0
neutron	939.56536	3.158473076	95950.38849	0	0
neutron	939.56536	2.188773696	95950.38849	0	0
neutron	939.56536	1.760992132	95950.38849	0	0
Ne20	18617.73218	0.19231374	95950.38849	0	0
S35	32565.27968	0.149026178	95942.12396	0	0
S35	32565.27968	0.1325501483	95900.66401	0	0
neutron	939.56536	3.817795021	95858.16031	0	0
neutron	939.56536	0.7768401095	95858.16031	0	0
Ne21	19550.53637	0.05400448125	95858.16031	0	0
Ne23	21414.10216	0.2345042287	95806.08282	0	0
S37	34430.21755	0.1434395496	96090.16421	0	0
neutron	939.56536	1.796160079	95871.65943	0	0
S34	31632.70018	0.1330565936	95871.65943	0	0
Ne23	21414.10216	0.2230315755	96107.9054	0	0
proton	938.272013	21.36042047	95930.59264	0	0
neutron	939.56536	5.942399742	95930.59264	0	0
neutron	939.56536	2.959530434	95930.59264	0	0
F20	18625.26686	2.77049793	95930.59264	0	0
Cl37	34424.84314	0.09532530357	96087.78267	136.2392707	136.0635104
proton	938.272013	3.917504353	95822.49867	0	0
neutron	939.56536	3.415932303	95822.49867	0	0
P33	30705.30994	0.05366958646	95822.49867	0	0
neutron	939.56536	6.01353661	95986.86578	0	0
neutron	939.56536	2.777379293	95986.86578	0	0
neutron	939.56536	1.740400093	95986.86578	0	0
alpha	3727.379	8.758772982	95986.86578	0	0
O16	14895.08153	1.629907558	95986.86578	0	0
neutron	939.56536	0.9695805359	96049.71998	0	0
Ne22	20479.73746	0.4303536156	96049.71998	0	0
neutron	939.56536	0.3337428645	96092.49135	0	0
S34	31632.70018	0.1309112226	96092.49135	0	0
neutron	939.56536	1.791354419	96100.961	0	0
S34	31632.70018	0.09946926194	96100.961	0	0
Na23	21409.21625	0.1594207992	98496.16441	928.4588346	927.7812619
Ne23	21414.10216	0.2348110417	96139.58881	0	0
Cl37	34424.84314	0.06758004753	98876.5389	1070.857865	1070.707642
neutron	939.56536	35.93945041	95930.31768	0	0
neutron	939.56536	26.85341824	95930.31768	0	0
neutron	939.56536	5.204384476	95930.31768	0	0
Ne20	18617.73218	0.1799959403	95930.31768	0	0
Cl35	32564.60306	0.1097220426	97147.93785	418.8981681	418.7373427
neutron	939.56536	1.731956175	95960.28873	0	0
Ne22	20479.73746	0.5325042633	95960.28873	0	0
neutron	939.56536	5.089498332	96154.0601	0	0
neutron	939.56536	0.797614281	96154.0601	0	0
S33	30704.55199	0.1095710146	96154.0601	0	0
neutron	939.56536	0.3883532738	95981.06394	0	0
S36	33494.9558	0.100640211	95981.06394	0	0
Cl35	32564.60306	0.06764948169	99251.82371	1213.442563	1213.298774
neutron	939.56536	18.30917778	95943.94744	0	0
proton	938.272013	6.9681758	95943.94744	0	0
neutron	939.56536	4.826725595	95943.94744	0	0
neutron	939.56536	0.9216908205	95943.94744	0	0
P31	28844.21869	1.35308487	95943.94744	0	0
neutron	939.56536	0.6638029268	96044.79827	0	0
S34	31632.70018	0.07482015907	96044.79827	0	0
neutron	939.56536	1.926146977	95942.17752	0	0
S34	31632.70018	0.08897578346	95942.17752	0	0
Cl35	32564.60306	0.1354342712	98237.61495	876.1211534	875.7856646
proton	938.272013	22.34921503	95989.97558	0	0
neutron	939.56536	6.224857228	95989.97558	0	0
neutron	939.56536	3.81544421	95989.97558	0	0
deuteron	1875.613	5.476906731	95989.97558	0	0
Si30	27913.24182	0.5641558984	95989.97558	0	0
neutron	939.56536	29.42088546	95893.30336	0	0
neutron	939.56536	16.37059047	95893.30336	0	0
neutron	939.56536	0.3710817361	95893.30336	0	0
S32	29773.62828	0.2935519146	95893.30336	0	0
neutron	939.56536	1.678353874	95887.92928	0	0
S34	31632.70018	0.3005324669	95887.92928	0	0
neutron	939.56536	25.72989724	96001.96707	0	0
neutron	939.56536	1.508326454	96001.96707	0	0
S33	30704.55199	0.7699503094	96001.96707	0	0
Ne23	21414.10216	0.2169244972	95898.62544	0	0
Na23	21409.21625	0.3132267791	96928.88807	290.2172025	289.4975118
S35	32565.27968	0.1605206714	96273.94946	0	0
neutron	939.56536	15.72284677	95862.30127	0	0
neutron	939.56536	9.211291778	95862.30127	0	0
neutron	939.56536	4.019837313	95862.30127	0	0
S34	31632.70018	0.5110305417	95862.30127	0	0
Na23	21409.21625	0.4389835505	99536.89878	1324.541497	1324.0737
Cl35	32564.60306	0.131126204	99318.11202	1213.089926	1212.938447
Na23	21409.21625	0.2297859254	97121.30785	389.9937171	389.5881608
neutron	939.56536	2.264517678	96169.6014	0	0
S34	31632.70018	0.1881477491	96169.6014	0	0
Cl35	32564.60306	0.07585110133	98526.8496	894.9768376	894.6378148
neutron	939.56536	7.030454074	95975.75502	0	0
Ne22	20479.73746	0.1033089835	95975.75502	0	0
Ne23	21414.10216	0.1990741354	95994.41796	0	0
proton	938.272013	9.071682238	95943.28426	0	0
neutron	939.56536	7.041825243	95943.28426	0	0
neutron	939.56536	0.7673449765	95943.28426	0	0
F20	18625.26686	0.3777968041	95943.28426	0	0
neutron	939.56536	10.48173181	96119.06279	0	0
neutron	939.56536	1.37376255	96119.06279	0	0
S33	30704.55199	0.7057276351	96119.06279	0	0
neutron	939.56536	1.154747396	96164.12478	0	0
neutron	939.56536	0.3964002743	96164.12478	0	0
Ne21	19550.53637	0.2043740137	96164.12478	0	0
proton	938.272013	4.913519675	96091.50158	0	0
P34	31638.59261	0.08517179301	96091.50158	0	0
neutron	939.56536	7.382719801	96111.64063	0	0
neutron	939.56536	6.64579057	96111.64063	0	0
neutron	939.56536	4.494451173	96111.64063	0	0
Ne20	18617.73218	0.4271106118	96111.64063	0	0
proton	938.272013	35.5421321	95934.89498	0	0
neutron	939.56536	21.90570891	95934.89498	0	0
proton	938.272013	2.181941038	95934.89498	0	0
Si32	29776.58515	0.8901299342	95934.89498	0	0
Cl35	32564.60306	0.1050830435	98569.8543	970.3935116	970.1216969
proton	938.272013	10.09775095	95905.20032	0	0
neutron	939.56536	3.010057382	95905.20032	0	0
neutron	939.56536	1.382843205	95905.20032	0	0
P34	31638.59261	0.185479778	95905.20032	0	0
proton	938.272013	9.150569707	96396.55888	0	0
neutron	939.56536	3.807202068	96396.55888	0	0
proton	938.272013	3.322981093	96396.55888	0	0
neutron	939.56536	0.8356559078	96396.55888	0	0
Si31	28846.21977	0.175278638	96396.55888	0	0
neutron	939.56536	22.08633245	95986.84433	0	0
neutron	939.56536	5.150445705	95986.84433	0	0
proton	938.272013	2.619688177	95986.84433	0	0
neutron	939.56536	2.256103393	95986.84433	0	0
P31	28844.21869	0.6260365943	95986.84433	0	0
neutron	939.56536	38.53219827	95980.29428	0	0
neutron	939.56536	10.50688565	95980.29428	0	0
neutron	939.56536	0.9347130557	95980.29428	0	0
Ne20	18617.73218	1.616691034	95980.29428	0	0
S35	32565.27968	0.1529246965	96324.26874	0	0
neutron	939.56536	0.4911330352	95849.33729	0	0
Ne22	20479.73746	0.3593890622	95849.33729	0	0
neutron	939.56536	9.317369382	96025.61481	0	0
proton	938.272013	7.82219109	96025.61481	0	0
neutron	939.56536	3.59241391	96025.61481	0	0
neutron	939.56536	0.9587324381	96025.61481	0	0
P33	30705.30994	1.071014853	96025.61481	0	0
neutron	939.56536	23.4546729	96418.53326	0	0
S34	31632.70018	0.4434439828	96418.53326	0	0
Cl35	32564.60306	0.08781065443	96118.46397	98.07390235	97.8252798
S35	32565.27968	0.1541149186	95993.24989	0	0
Cl35	32564.60306	0.09924008231	96500.55987	276.3977984	276.1759968
neutron	939.56536	20.04229381	95840.11026	0	0
neutron	939.56536	12.26059423	95840.11026	0	0
neutron	939.56536	1.915161999	95840.11026	0	0
S34	31632.70018	0.5991827437	95840.11026	0	0
neutron	939.56536	5.352051623	96049.42643	0	0
neutron	939.56536	5.221212812	96049.42643	0	0
neutron	939.56536	4.950600965	96049.42643	0	0
proton	938.272013	3.09750662	96049.42643	0	0
P31	28844.21869	0.3042157651	96049.42643	0	0
neutron	939.56536	0.4355259983	95950.72192	0	0
S36	33494.9558	0.09291712806	95950.72192	0	0
neutron	939.56536	1.180341437	95884.36496	0	0
S34	31632.70018	0.1143781708	95884.36496	0	0
neutron	939.56536	28.83109959	96022.92745	0	0
neutron	939.56536	4.874057733	96022.92745	0	0
neutron	939.56536	1.695451834	96022.92745	0	0
neutron	939.56536	0.4599344427	96022.92745	0	0
S33	30704.55199	1.629538076	96022.92745	0	0
neutron	939.56536	9.614308512	96026.08191	0	0
neutron	939.56536	2.348073446	96026.08191	0	0
neutron	939.56536	0.3114398899	96026.08191	0	0
Ne20	18617.73218	1.107585275	96026.08191	0	0
neutron	939.56536	0.5241677245	96254.66128	0	0
Ne22	20479.73746	0.281989555	96254.66128	0	0
proton	938.272013	20.01802672	95910.67037	0	0
neutron	939.56536	3.218620756	95910.67037	0	0
neutron	939.56536	3.010757687	95910.67037	0	0
neutron	939.56536	1.086917631	95910.67037	0	0
P33	30705.30994	0.2859412593	95910.67037	0	0
proton	938.272013	17.04360036	96007.82835	0	0
neutron	939.56536	0.090025486	96007.82835	0	0
F21	19556.73074	0.6153087434	96007.82835	0	0
neutron	939.56536	2.037881607	96101.95749	0	0
alpha	3727.379	4.234597657	96101.95749	0	0
O18	16762.02378	0.8032534846	96101.95749	0	0
neutron	939.56536	15.560345	96056.00325	0	0
neutron	939.56536	3.593880669	96056.00325	0	0
neutron	939.56536	0.4942595716	96056.00325	0	0
S32	29773.62828	0.8645914088	96056.00325	0	0
neutron	939.56536	0.3075563109	95945.58887	0	0
S34	31632.70018	0.2248449946	95945.58887	0	0
Ne23	21414.10216	0.2175403687	96073.08595	0	0
neutron	939.56536	50.41340143	95859.62737	0	0
neutron	939.56536	2.290159848	95859.62737	0	0
neutron	939.56536	2.232511971	95859.62737	0	0
S32	29773.62828	2.923157834	95859.62737	0	0
neutron	939.56536	3.21931669	96111.41807	0	0
neutron	939.56536	1.348711809	96111.41807	0	0
neutron	939.56536	0.356354028	96111.41807	0	0
S32	29773.62828	0.1493584182	96111.41807	0	0
neutron	939.56536	28.16652381	95949.09931	0	0
neutron	939.56536	18.81291835	95949.09931	0	0
proton	938.272013	2.991045605	95949.09931	0	0
P32	29775.84838	1.116285848	95949.09931	0	0
Cl37	34424.84314	0.0619034033	97610.49781	613.9253019	613.7625714
neutron	939.56536	0.5781571432	96034.22503	0	0
S34	31632.70018	0.1899706326	96034.22503	0	0
Na23	21409.21625	0.3529567524	96288.87428	132.5403014	132.1370344
neutron	939.56536	3.788042532	95791.12898	0	0
neutron	939.56536	0.1396838546	95791.12898	0	0
S33	30704.55199	0.2641504144	95791.12898	0	0
neutron	939.56536	2.680197407	96021.09072	0	0
neutron	939.56536	1.681759973	96021.09072	0	0
S33	30704.55199	0.1476597814	96021.09072	0	0
neutron	939.56536	0.2647735401	95956.30112	0	0
S34	31632.70018	0.108600091	95956.30112	0	0
Cl35	32564.60306	0.1708623167	97743.85589	672.6707488	672.3585613
neutron	939.56536	32.16673448	95886.68175	0	0
neutron	939.56536	2.794973054	95886.68175	0	0
neutron	939.56536	2.15079853	95886.68175	0	0
S32	29773.62828	1.42721854	95886.68175	0	0
neutron	939.56536	2.469186919	96035.82492	0	0
alpha	3727.379	5.823150619	96035.82492	0	0
O18	16762.02378	2.842732611	96035.82492	0	0
neutron	939.56536	3.212877512	96138.05797	0	0
S34	31632.70018	0.4012577089	96138.05797	0	0
Na23	21409.21625	0.1668878982	98251.56621	853.2991515	853.070255
neutron	939.56536	7.605523978	95979.79228	0	0
neutron	939.56536	4.23466867	95979.79228	0	0
neutron	939.56536	3.182306904	95979.79228	0	0
S32	29773.62828	0.3684739257	95979.79228	0	0
neutron	939.56536	0.433812615	95860.21817	0	0
Ne22	20479.73746	0.2777264605	95860.21817	0	0
neutron	939.56536	8.876589765	96084.24548	0	0
neutron	939.56536	0.9952187304	96084.24548	0	0
S33	30704.55199	0.2862485554	96084.24548	0	0
Cl35	32564.60306	0.6280535745	97057.66	428.8586847	427.9907484
proton	938.272013	13.22006062	95838.93315	0	0
neutron	939.56536	2.280698378	95838.93315	0	0
F21	19556.73074	0.3419948487	95838.93315	0	0
Cl35	32564.60306	0.06972707306	97014.88488	406.6595726	406.446723
neutron	939.56536	1.7061156	95846.61827	0	0
S34	31632.70018	0.3329350469	95846.61827	0	0
neutron	939.56536	5.730943467	96074.15408	0	0
neutron	939.56536	2.352309481	96074.15408	0	0
Ne21	19550.53637	0.7460029144	96074.15408	0	0
proton	938.272013	6.273820647	95865.01328	0	0
neutron	939.56536	2.987044561	95865.01328	0	0
neutron	939.56536	0.6841408214	95865.01328	0	0
P32	29775.84838	0.4765625193	95865.01328	0	0
neutron	939.56536	0.7387044422	96037.2805	0	0
S34	31632.70018	0.2725123517	96037.2805	0	0
Ne23	21414.10216	0.2302043778	96063.9383	0	0
Na23	21409.21625	0.1127511019	98327.83343	809.2439601	809.1303837
Cl35	32564.60306	0.1184246546	96146.4705	12.6291959	12.5072096
neutron	939.56536	0.9798156104	96144.27456	0	0
S34	31632.70018	0.2717989915	96144.27456	0	0
neutron	939.56536	9.705383036	96041.94217	0	0
neutron	939.56536	7.537560934	96041.94217	0	0
neutron	939.56536	6.04762776	96041.94217	0	0
Ne20	18617.73218	0.6937428934	96041.94217	0	0
neutron	939.56536	1.352681999	96254.54123	0	0
S34	31632.70018	0.2292459995	96254.54123	0	0
neutron	939.56536	0.2940606565	95987.04218	0	0
S34	31632.70018	0.1261113493	95987.04218	0	0
proton	938.272013	15.76458472	96244.08378	0	0
neutron	939.56536	5.765035987	96244.08378	0	0
neutron	939.56536	0.536569786	96244.08378	0	0
F20	18625.26686	0.9428402714	96244.08378	0	0
Cl35	32564.60306	0.305068692	96973.78761	334.5488615	334.0074708
neutron	939.56536	13.43374744	96154.33937	0	0
neutron	939.56536	6.543176603	96154.33937	0	0
neutron	939.56536	1.009377611	96154.33937	0	0
S34	31632.70018	0.5059850844	96154.33937	0	0
S35	32565.27968	0.1582767423	96060.79337	0	0
proton	938.272013	7.694959276	96070.18308	0	0
neutron	939.56536	4.602287159	96070.18308	0	0
neutron	939.56536	2.150707082	96070.18308	0	0
neutron	939.56536	0.9457638792	96070.18308	0	0
neutron	939.56536	0.2294366611	96070.18308	0	0
P32	29775.84838	0.1524389909	96070.18308	0	0
neutron	939.56536	11.41233852	95933.78044	0	0
neutron	939.56536	7.619569904	95933.78044	0	0
neutron	939.56536	3.821689234	95933.78044	0	0
proton	938.272013	3.218366433	95933.78044	0	0
proton	938.272013	2.146314513	95933.78044	0	0
Si30	27913.24182	0.09366887515	95933.78044	0	0
neutron	939.56536	27.95154496	95865.88013	0	0
Ne22	20479.73746	0.9898510743	95865.88013	0	0
Ne23	21414.10216	0.2148830967	96011.77372	0	0
Na23	21409.21625	0.1141370634	96109.14091	173.0764944	172.9414379
S35	32565.27968	0.1395857488	96210.3999	0	0
S35	32565.27968	0.1667425863	95847.74258	0	0
neutron	939.56536	0.336902015	96025.0602	0	0
S34	31632.70018	0.08111488859	96025.0602	0	0
Ne23	21414.10216	0.2021365896	96143.08944	0	0
neutron	939.56536	6.797442469	96021.86725	0	0
neutron	939.56536	5.610041183	96021.86725	0	0
neutron	939.56536	2.554626531	96021.86725	0	0
proton	938.272013	2.454308423	96021.86725	0	0
P31	28844.21869	0.323983732	96021.86725	0	0
proton	938.272013	25.03851851	96086.0525	0	0
neutron	939.56536	11.02341539	96086.0525	0	0
neutron	939.56536	5.565574935	96086.0525	0	0
neutron	939.56536	1.906957524	96086.0525	0	0
P31	28844.21869	0.5294421018	96086.0525	0	0
proton	938.272013	24.70192939	96044.97587	0	0
neutron	939.56536	12.0519185	96044.97587	0	0
proton	938.272013	10.72598244	96044.97587	0	0
neutron	939.56536	7.188873386	96044.97587	0	0
neutron	939.56536	1.136494766	96044.97587	0	0
Si30	27913.24182	0.3169914456	96044.97587	0	0
neutron	939.56536	0.04978485756	95905.17112	0	0
S34	31632.70018	0.1329427959	95905.17112	0	0
neutron	939.56536	0.1742421754	95767.62438	0	0
S36	33494.9558	0.1607838128	95767.62438	0	0
Ne23	21414.10216	0.211774792	95831.42914	0	0
neutron	939.56536	16.74548611	96242.75634	0	0
neutron	939.56536	5.229441108	96242.75634	0	0
neutron	939.56536	2.598591719	96242.75634	0	0
Ne20	18617.73218	0.2420339481	96242.75634	0	0
S35	32565.27968	0.1643309262	96064.6451	0	0
neutron	939.56536	29.56406568	95889.04948	0	0
proton	938.272013	19.7731651	95889.04948	0	0
proton	938.272013	2.352074959	95889.04948	0	0
Si32	29776.58515	0.1404618469	95889.04948	0	0
Cl37	34424.84314	0.09881625659	97886.17433	705.7149047	705.5646785
neutron	939.56536	0.09815665418	95950.93382	0	0
S34	31632.70018	0.1180088357	95950.93382	0	0
Cl35	32564.60306	0.1781148318	98005.78505	669.5996519	669.4121755
neutron	939.56536	7.255261817	96333.65758	0	0
Ne22	20479.73746	0.6847787459	96333.65758	0	0
neutron	939.56536	4.499316151	96171.75991	0	0
neutron	939.56536	2.505424734	96171.75991	0	0
neutron	939.56536	0.5850958444	96171.75991	0	0
Ne20	18617.73218	1.105751825	96171.75991	0	0
Ne23	21414.10216	0.2235955709	96091.77435	0	0
Ne23	21414.10216	0.2336269346	96063.36158	0	0
neutron	939.56536	1.427380701	96017.40801	0	0
Ne22	20479.73746	0.3364869334	96017.40801	0	0
neutron	939.56536	15.16235236	95881.89365	0	0
neutron	939.56536	1.632658848	95881.89365	0	0
S33	30704.55199	0.3944357406	95881.89365	0	0
Cl35	32564.60306	0.185109789	99124.3729	1172.036911	1171.85109
Na23	21409.21625	0.1018419279	98980.25547	1104.159843	1104.038154
neutron	939.56536	47.84026727	95935.90907	0	0
neutron	939.56536	12.67442493	95935.90907	0	0
neutron	939.56536	2.820698981	95935.90907	0	0
S32	29773.62828	0.3852271117	95935.90907	0	0
neutron	939.56536	17.23042356	95974.8055	0	0
neutron	939.56536	5.443767914	95974.8055	0	0
neutron	939.56536	3.217667786	95974.8055	0	0
alpha	3727.379	6.723071012	95974.8055	0	0
O16	14895.08153	3.29918034	95974.8055	0	0
neutron	939.56536	0.290399733	95877.95859	0	0
Ne22	20479.73746	0.2639460401	95877.95859	0	0
neutron	939.56536	9.574598245	95900.38993	0	0
neutron	939.56536	0.3537443581	95900.38993	0	0
Ne21	19550.53637	0.8848857283	95900.38993	0	0
Cl35	32564.60306	0.08814841667	99013.28856	1112.290328	1111.764251
neutron	939.56536	11.25316998	95995.91925	0	0
neutron	939.56536	6.198604144	95995.91925	0	0
neutron	939.56536	0.6965948536	95995.91925	0	0
S34	31632.70018	0.5304811555	95995.91925	0	0
neutron	939.56536	6.006204185	95936.29219	0	0
neutron	939.56536	1.453160159	95936.29219	0	0
neutron	939.56536	1.291594593	95936.29219	0	0
alpha	3727.379	11.53360781	95936.29219	0	0
O16	14895.08153	1.574623943	95936.29219	0	0
neutron	939.56536	2.801227763	96060.18755	0	0
neutron	939.56536	1.400209508	96060.18755	0	0
neutron	939.56536	0.6686645309	96060.18755	0	0
S32	29773.62828	0.1824764202	96060.18755	0	0
S37	34430.21755	0.1385615763	95880.85643	0	0
neutron	939.56536	0.3566366385	95858.94525	0	0
S34	31632.70018	0.2134923849	95858.94525	0	0
neutron	939.56536	17.84069254	96167.48042	0	0
neutron	939.56536	13.5738769	96167.48042	0	0
neutron	939.56536	5.112053064	96167.48042	0	0
proton	938.272013	2.544374443	96167.48042	0	0
P31	28844.21869	0.120820245	96167.48042	0	0
neutron	939.56536	53.51457156	95943.53471	0	0
neutron	939.56536	16.78957486	95943.53471	0	0
neutron	939.56536	1.074935632	95943.53471	0	0
Ne20	18617.73218	1.442572175	95943.53471	0	0
Ne23	21414.10216	0.2318738876	96035.48639	0	0
proton	938.272013	10.62775981	96072.8666	0	0
proton	938.272013	2.886017156	96072.8666	0	0
neutron	939.56536	0.6005196774	96072.8666	0	0
O20	18629.59082	0.6959478075	96072.8666	0	0
neutron	939.56536	8.121389789	96093.62822	0	0
neutron	939.56536	4.804909237	96093.62822	0	0
neutron	939.56536	0.8082113337	96093.62822	0	0
neutron	939.56536	0.7214338204	96093.62822	0	0
neutron	939.56536	0.4408008999	96093.62822	0	0
S32	29773.62828	0.9804235919	96093.62822	0	0
neutron	939.56536	5.98668122	95767.95695	0	0
neutron	939.56536	0.9611825415	95767.95695	0	0
S33	30704.55199	0.01745481089	95767.95695	0	0
Ne23	21414.10216	0.2233848409	96244.66328	0	0
neutron	939.56536	3.372793322	95890.7325	0	0
neutron	939.56536	2.445834867	95890.7325	0	0
neutron	939.56536	0.7487725577	95890.7325	0	0
alpha	3727.379	9.351436592	95890.7325	0	0
Si28	26053.19393	0.8895454288	95890.7325	0	0
Na23	21409.21625	0.2006778957	97706.4354	612.8424674	612.4809344
Ne23	21414.10216	0.2250437013	96085.94856	0	0
Cl35	32564.60306	0.1077872495	99885.84876	1459.373464	1458.97858
Ne23	21414.10216	0.2100150717	96008.24235	0	0
proton	938.272013	11.570123	96302.8809	0	0
neutron	939.56536	0.9803850816	96302.8809	0	0
P35	32569.77755	0.2558626955	96302.8809	0	0
Ne23	21414.10216	0.2265666512	96008.63401	0	0
neutron	939.56536	1.589588524	96041.77231	0	0
S34	31632.70018	0.3188493713	96041.77231	0	0
neutron	939.56536	1.318277442	95999.08139	0	0
S34	31632.70018	0.1359851364	95999.08139	0	0
neutron	939.56536	4.220718021	96132.74549	0	0
neutron	939.56536	3.925237652	96132.74549	0	0
neutron	939.56536	1.591901427	96132.74549	0	0
alpha	3727.379	11.62008629	96132.74549	0	0
Si30	27913.24182	0.8409037705	96132.74549	0	0
neutron	939.56536	0.9987892096	96050.01886	0	0
Ne22	20479.73746	0.09824760118	96050.01886	0	0
neutron	939.56536	14.29229462	95860.47902	0	0
neutron	939.56536	6.705997853	95860.47902	0	0
neutron	939.56536	4.925184816	95860.47902	0	0
alpha	3727.379	8.318783923	95860.47902	0	0
Si30	27913.24182	0.2089111136	95860.47902	0	0
neutron	939.56536	4.903490561	96003.29609	0	0
neutron	939.56536	2.136089183	96003.29609	0	0
neutron	939.56536	1.130515167	96003.29609	0	0
Ne20	18617.73218	0.5000761739	96003.29609	0	0
neutron	939.56536	0.3964136829	95970.44471	0	0
Ne22	20479.73746	0.2296441083	95970.44471	0	0
neutron	939.56536	0.7645358874	95972.02504	0	0
S34	31632.70018	0.1650369176	95972.02504	0	0
proton	938.272013	5.528831602	96101.88945	0	0
neutron	939.56536	3.290521719	96101.88945	0	0
neutron	939.56536	2.089573769	96101.88945	0	0
neutron	939.56536	1.137812183	96101.88945	0	0
P31	28844.21869	0.9949198199	96101.88945	0	0
neutron	939.56536	1.821731338	95977.81441	0	0
S34	31632.70018	0.3315971826	95977.81441	0	0
Cl35	32564.60306	0.1038115738	96268.32948	102.0921418	101.523215
S37	34430.21755	0.1256512648	96097.72881	0	0
Cl35	32564.60306	0.0899806683	97747.57754	703.9726029	703.7675693
neutron	939.56536	0.5972640317	95985.9634	0	0
S34	31632.70018	0.250307537	95985.9634	0	0
neutron	939.56536	12.77797979	96289.17174	0	0
neutron	939.56536	8.857477402	96289.17174	0	0
neutron	939.56536	1.225984742	96289.17174	0	0
Ne20	18617.73218	1.52965704	96289.17174	0	0
neutron	939.56536	0.3689478228	96002.15934	0	0
S34	31632.70018	0.1629352355	96002.15934	0	0
neutron	939.56536	0.2958510861	96140.91705	0	0
S34	31632.70018	0.09941693911	96140.91705	0	0
Ne23	21414.10216	0.2249963425	95896.79026	0	0
proton	938.272013	17.63822895	95831.43971	0	0
neutron	939.56536	5.896879742	95831.43971	0	0
neutron	939.56536	1.582780016	95831.43971	0	0
deuteron	1875.613	2.763857427	95831.43971	0	0
Si30	27913.24182	0.2638865195	95831.43971	0	0
Cl35	32564.60306	0.1840516262	98802.20506	1083.772425	1083.406256
neutron	939.56536	1.679834374	95876.74454	0	0
S34	31632.70018	0.2353221347	95876.74454	0	0
Cl35	32564.60306	0.162978327	98923.28821	1074.85934	1074.648048
neutron	939.56536	6.398216791	95864.61061	0	0
neutron	939.56536	0.5281901731	95864.61061	0	0
Ne21	19550.53637	0.1774044385	95864.61061	0	0
Ne23	21414.10216	0.2342900976	95893.46285	0	0
Cl35	32564.60306	0.1069553152	96644.61048	273.7630289	273.5587687
neutron	939.56536	0.3170648546	95909.67147	0	0
S34	31632.70018	0.08505236349	95909.67147	0	0
neutron	939.56536	8.875919531	96315.53131	0	0
neutron	939.56536	1.081047441	96315.53131	0	0
S35	32565.27968	0.4477475935	96315.53131	0	0
neutron	939.56536	7.193470553	96029.55299	0	0
neutron	939.56536	6.77585991	96029.55299	0	0
neutron	939.56536	0.8201767605	96029.55299	0	0
deuteron	1875.613	6.929430049	96029.55299	0	0
F18	16763.16938	0.5366689511	96029.55299	0	0
S35	32565.27968	0.1599312183	95946.09315	0	0
neutron	939.56536	7.075810799	96074.1906	0	0
proton	938.272013	6.596267213	96074.1906	0	0
neutron	939.56536	1.220461782	96074.1906	0	0
P32	29775.84838	0.4706556042	96074.1906	0	0
neutron	939.56536	0.7721339557	96023.32197	0	0
Ne22	20479.73746	0.2216492852	96023.32197	0	0
Ne23	21414.10216	0.2340132916	96143.0698	0	0
neutron	939.56536	11.22060371	95991.56986	0	0
neutron	939.56536	4.29384345	95991.56986	0	0
neutron	939.56536	3.273384407	95991.56986	0	0
proton	938.272013	2.210428408	95991.56986	0	0
P31	28844.21869	0.7102957125	95991.56986	0	0
Cl35	32564.60306	0.06792031329	97170.39282	449.5469604	449.4522037
neutron	939.56536	2.736456802	96092.44123	0	0
neutron	939.56536	2.027704084	96092.44123	0	0
neutron	939.56536	1.12824368	96092.44123	0	0
S32	29773.62828	0.3206880209	96092.44123	0	0
Cl35	32564.60306	0.17209619	99508.69524	1321.717553	1321.395066
neutron	939.56536	26.14533688	95925.78558	0	0
neutron	939.56536	0.5930660995	95925.78558	0	0
neutron	939.56536	0.5394523811	95925.78558	0	0
S32	29773.62828	0.3774090022	95925.78558	0	0
Cl35	32564.60306	0.07847642289	99308.26657	1171.983413	1171.705619
neutron	939.56536	11.64520791	96064.64517	0	0
neutron	939.56536	5.422366608	96064.64517	0	0
proton	938.272013	5.218923739	96064.64517	0	0
neutron	939.56536	2.291348802	96064.64517	0	0
alpha	3727.379	17.18811673	96064.64517	0	0
N15	13968.93638	1.826844198	96064.64517	0	0
neutron	939.56536	4.841407989	96066.74938	0	0
neutron	939.56536	0.5519221758	96066.74938	0	0
S33	30704.55199	0.4190193628	96066.74938	0	0
Ne23	21414.10216	0.1993200281	95853.29927	0	0
Na23	21409.21625	0.1687598418	99280.60021	1239.895284	1239.697935
S37	34430.21755	0.1346978983	95876.62496	0	0
S37	34430.21755	0.1425335647	96115.42642	0	0
neutron	939.56536	1.091182786	95928.47713	0	0
S34	31632.70018	0.1552802958	95928.47713	0	0
proton	938.272013	3.381144592	95980.08068	0	0
neutron	939.56536	1.884850842	95980.08068	0	0
neutron	939.56536	0.6560735763	95980.08068	0	0
P32	29775.84838	0.4376521485	95980.08068	0	0
Na23	21409.21625	0.159011686	96455.3197	182.2117679	181.993035
proton	938.272013	21.01904819	95970.74778	0	0
neutron	939.56536	16.6496708	95970.74778	0	0
proton	938.272013	4.197744406	95970.74778	0	0
neutron	939.56536	0.2556304305	95970.74778	0	0
Si31	28846.21977	0.6905948304	95970.74778	0	0
S37	34430.21755	0.1403678184	96094.95369	0	0
neutron	939.56536	23.96001202	96022.39319	0	0
neutron	939.56536	13.55222814	96022.39319	0	0
neutron	939.56536	1.772181867	96022.39319	0	0
Ne20	18617.73218	1.060162676	96022.39319	0	0
neutron	939.56536	2.458463766	95926.79863	0	0
Ne22	20479.73746	0.3400546218	95926.79863	0	0
neutron	939.56536	6.7235467	95988.05929	0	0
proton	938.272013	3.701805559	95988.05929	0	0
neutron	939.56536	1.680750777	95988.05929	0	0
neutron	939.56536	1.363351362	95988.05929	0	0
neutron	939.56536	1.111923184	95988.05929	0	0
P32	29775.84838	0.5503682949	95988.05929	0	0
neutron	939.56536	32.90223698	96088.7649	0	0
neutron	939.56536	1.945488403	96088.7649	0	0
neutron	939.56536	0.5255079073	96088.7649	0	0
alpha	3727.379	11.15463097	96088.7649	0	0
O16	14895.08153	2.689380597	96088.7649	0	0
Cl35	32564.60306	0.07198335018	96539.98209	281.8752629	281.7533981
neutron	939.56536	0.4794740918	95929.52774	0	0
neutron	939.56536	0.3093282877	95929.52774	0	0
S33	30704.55199	0.1572402064	95929.52774	0	0
neutron	939.56536	0.3760055483	95960.10262	0	0
S34	31632.70018	0.1637259559	95960.10262	0	0
neutron	939.56536	0.8356015993	96063.51503	0	0
S34	31632.70018	0.1853243428	96063.51503	0	0
Cl35	32564.60306	0.3254262212	97929.33662	719.9621038	719.4389205
neutron	939.56536	0.2740904611	96186.12146	0	0
S34	31632.70018	0.122178751	96186.12146	0	0
neutron	939.56536	1.065919948	96004.75934	0	0
Ne22	20479.73746	0.1748825948	96004.75934	0	0
neutron	939.56536	3.847572569	96185.68055	0	0
neutron	939.56536	1.958655359	96185.68055	0	0
neutron	939.56536	0.8952405574	96185.68055	0	0
alpha	3727.379	5.784185588	96185.68055	0	0
O16	14895.08153	0.4239984537	96185.68055	0	0
neutron	939.56536	8.663063633	95964.84645	0	0
proton	938.272013	6.725596752	95964.84645	0	0
neutron	939.56536	2.185612893	95964.84645	0	0
neutron	939.56536	1.811110034	95964.84645	0	0
P31	28844.21869	1.268011158	95964.84645	0	0
Ne23	21414.10216	0.2210835484	96051.47988	0	0
neutron	939.56536	2.026723706	95856.15008	0	0
Ne22	20479.73746	0.2879975264	95856.15008	0	0
neutron	939.56536	45.2635351	96055.94128	0	0
proton	938.272013	13.57041029	96055.94128	0	0
neutron	939.56536	1.597589163	96055.94128	0	0
P32	29775.84838	1.355555216	96055.94128	0	0
neutron	939.56536	5.605085717	95845.55123	0	0
neutron	939.56536	1.522614925	95845.55123	0	0
neutron	939.56536	0.6649111407	95845.55123	0	0
Ne20	18617.73218	0.273239344	95845.55123	0	0
neutron	939.56536	0.9155068279	96273.10769	0	0
S34	31632.70018	0.1188908946	96273.10769	0	0
neutron	939.56536	15.15184459	96275.19017	0	0
proton	938.272013	8.616615032	96275.19017	0	0
neutron	939.56536	2.988188676	96275.19017	0	0
neutron	939.56536	2.742551792	96275.19017	0	0
F19	17692.30285	1.112726314	96275.19017	0	0
Na23	21409.21625	0.1447862837	96971.56191	449.0826998	448.8080611
neutron	939.56536	1.396297275	95870.34861	0	0
neutron	939.56536	0.2047079234	95870.34861	0	0
alpha	3727.379	5.512917422	95870.34861	0	0
Si29	26984.28567	1.078873479	95870.34861	0	0
neutron	939.56536	0.9530634421	96163.43995	0	0
S34	31632.70018	0.2242027338	96163.43995	0	0
neutron	939.56536	0.4275053629	95990.50494	0	0
S34	31632.70018	0.174290882	95990.50494	0	0
Ne23	21414.10216	0.2037914219	96044.18779	0	0
Na23	21409.21625	0.1970325241	98322.94891	754.656588	754.4261548
neutron	939.56536	9.425666284	95945.86748	0	0
neutron	939.56536	4.212835073	95945.86748	0	0
neutron	939.56536	2.505855574	95945.86748	0	0
alpha	3727.379	7.73943473	95945.86748	0	0
Si30	27913.24182	1.425837831	95945.86748	0	0
Cl35	32564.60306	0.08677374602	96680.88902	333.3066303	333.1735597
S35	32565.27968	0.1435999967	95847.47876	0	0
neutron	939.56536	16.11471886	95914.69097	0	0
neutron	939.56536	14.73690576	95914.69097	0	0
neutron	939.56536	7.967370566	95914.69097	0	0
proton	938.272013	2.694696865	95914.69097	0	0
F19	17692.30285	1.563593127	95914.69097	0	0
Ne23	21414.10216	0.2235518303	96131.10204	0	0
neutron	939.56536	16.15072285	96319.98687	0	0
neutron	939.56536	12.29942036	96319.98687	0	0
proton	938.272013	6.682290512	96319.98687	0	0
deuteron	1875.613	3.96627451	96319.98687	0	0
O18	16762.02378	1.561415419	96319.98687	0	0
neutron	939.56536	4.517402167	95904.85294	0	0
neutron	939.56536	0.8428558996	95904.85294	0	0
neutron	939.56536	0.7981125937	95904.85294	0	0
alpha	3727.379	6.04907784	95904.85294	0	0
O16	14895.08153	2.193085844	95904.85294	0	0
Na23	21409.21625	0.1171388012	98736.13465	1039.19503	1038.980029
neutron	939.56536	0.5656193925	95953.72944	0	0
alpha	3727.379	7.177585393	95953.72944	0	0
Si30	27913.24182	1.436822197	95953.72944	0	0
Ne23	21414.10216	0.2234437693	96075.91694	0	0
neutron	939.56536	0.2991471906	96083.33535	0	0
S36	33494.9558	0.1473337931	96083.33535	0	0
neutron	939.56536	4.009914457	95988.63468	0	0
S34	31632.70018	0.07190936719	95988.63468	0	0
neutron	939.56536	2.235482599	95964.58383	0	0
neutron	939.56536	0.26740227	95964.58383	0	0
alpha	3727.379	6.611830848	95964.58383	0	0
Si29	26984.28567	1.263947676	95964.58383	0	0
S37	34430.21755	0.1307990556	96069.08656	0	0
Cl35	32564.60306	0.07109507129	99030.18202	1143.827124	1143.602644
Cl35	32564.60306	0.1795831764	97082.85721	342.2407317	341.6434479
neutron	939.56536	9.283190593	96274.47692	0	0
neutron	939.56536	7.084334734	96274.47692	0	0
neutron	939.56536	4.732539484	96274.47692	0	0
neutron	939.56536	1.957480338	96274.47692	0	0
neutron	939.56536	0.6007702437	96274.47692	0	0
S32	29773.62828	0.6479806953	96274.47692	0	0
neutron	939.56536	19.28003025	96314.56995	0	0
neutron	939.56536	15.07391168	96314.56995	0	0
proton	938.272013	5.946231575	96314.56995	0	0
proton	938.272013	3.583248231	96314.56995	0	0
neutron	939.56536	3.040137252	96314.56995	0	0
Si30	27913.24182	0.7288268784	96314.56995	0	0
neutron	939.56536	0.4723287386	96345.4155	0	0
S34	31632.70018	0.1645406014	96345.4155	0	0
Ne23	21414.10216	0.2343107903	95996.23991	0	0
neutron	939.56536	0.6780999221	96057.34399	0	0
S34	31632.70018	0.1206039898	96057.34399	0	0
neutron	939.56536	0.4134498381	96195.29618	0	0
S36	33494.9558	0.1357337456	96195.29618	0	0
neutron	939.56536	1.771595026	95925.94122	0	0
S34	31632.70018	0.2346641196	95925.94122	0	0
neutron	939.56536	1.734121643	96009.48196	0	0
S34	31632.70018	0.04685382047	96009.48196	0	0
S35	32565.27968	0.1440578444	95816.10145	0	0
neutron	939.56536	0.6407288754	96058.0985	0	0
Ne22	20479.73746	0.3361264403	96058.0985	0	0
neutron	939.56536	31.37519209	96102.75852	0	0
neutron	939.56536	16.03093165	96102.75852	0	0
neutron	939.56536	1.144587235	96102.75852	0	0
S32	29773.62828	0.02738793896	96102.75852	0	0
Na23	21409.21625	0.2796916481	99871.88926	1461.717307	1461.330205
neutron	939.56536	0.070750042	95850.43097	0	0
Ne22	20479.73746	0.2056999441	95850.43097	0	0
Cl37	34424.84314	0.09372192826	98435.44854	899.9963461	899.8818029
neutron	939.56536	8.267525049	95946.44578	0	0
neutron	939.56536	5.059900355	95946.44578	0	0
neutron	939.56536	1.210279684	95946.44578	0	0
S34	31632.70018	0.1987328217	95946.44578	0	0
neutron	939.56536	1.919086705	96106.92468	0	0
S34	31632.70018	0.05141213001	96106.92468	0	0
proton	938.272013	31.38769152	96026.0223	0	0
neutron	939.56536	1.232949411	96026.0223	0	0
P33	30705.30994	1.091415937	96026.0223	0	0
neutron	939.56536	5.065547306	96119.53797	0	0
neutron	939.56536	3.210951501	96119.53797	0	0
neutron	939.56536	2.112957594	96119.53797	0	0
Ne20	18617.73218	0.6642922553	96119.53797	0	0
proton	938.272013	20.01457685	95897.70597	0	0
neutron	939.56536	1.261766973	95897.70597	0	0
F21	19556.73074	1.263635773	95897.70597	0	0
Cl37	34424.84314	0.08114223377	98166.73302	775.6068302	775.4311786
Na23	21409.21625	0.1255023551	97311.96845	514.8619028	514.4549722
neutron	939.56536	0.8708941388	95978.79417	0	0
S34	31632.70018	0.1305218813	95978.79417	0	0
Cl37	34424.84314	0.1285088688	97460.03919	519.3440399	519.0200852
Ne23	21414.10216	0.2202860883	95962.61881	0	0
neutron	939.56536	8.85601847	96081.89502	0	0
neutron	939.56536	5.268860303	96081.89502	0	0
alpha	3727.379	12.05584843	96081.89502	0	0
Si29	26984.28567	1.258448646	96081.89502	0	0
Cl35	32564.60306	0.08871906478	97835.69851	667.3245255	667.000151
neutron	939.56536	1.192594693	96037.96497	0	0
S34	31632.70018	0.1779172304	96037.96497	0	0
neutron	939.56536	1.237785494	96222.45	0	0
S34	31632.70018	0.1721704342	96222.45	0	0
S35	32565.27968	0.1572039565	95942.44793	0	0
Ne23	21414.10216	0.2208763301	96034.60009	0	0
Ne23	21414.10216	0.2127832455	95897.09539	0	0
neutron	939.56536	4.387467764	96019.20298	0	0
Ne22	20479.73746	0.2199239425	96019.20298	0	0
S35	32565.27968	0.1610801446	96084.76072	0	0
Cl37	34424.84314	0.2861245766	99143.38238	1146.080226	1145.692252
neutron	939.56536	19.11840713	96128.47963	0	0
neutron	939.56536	4.413806534	96128.47963	0	0
neutron	939.56536	1.062095151	96128.47963	0	0
S34	31632.70018	0.9468520483	96128.47963	0	0
neutron	939.56536	26.21100083	96238.09714	0	0
proton	938.272013	2.034705302	96238.09714	0	0
F21	19556.73074	1.403893688	96238.09714	0	0
neutron	939.56536	1.61834303	95956.53649	0	0
S34	31632.70018	0.2691100161	95956.53649	0	0
Na23	21409.21625	0.1970429039	99311.86615	1218.981321	1218.725127
Cl35	32564.60306	0.3961346723	97904.64354	701.7298797	701.3078686
neutron	939.56536	0.075048103	96089.78675	0	0
S34	31632.70018	0.1171889745	96089.78675	0	0
proton	938.272013	37.13892799	95960.54201	0	0
neutron	939.56536	0.1536694133	95960.54201	0	0
P33	30705.30994	0.8402520119	95960.54201	0	0
proton	938.272013	4.078054031	95988.28048	0	0
neutron	939.56536	2.190773701	95988.28048	0	0
neutron	939.56536	1.033051013	95988.28048	0	0
P32	29775.84838	0.2855258889	95988.28048	0	0
neutron	939.56536	0.127919549	96095.19124	0	0
S34	31632.70018	0.1853132259	96095.19124	0	0
Cl35	32564.60306	0.2427998214	98827.55062	1078.520698	1078.211116
S35	32565.27968	0.1586896697	96089.19475	0	0
Na23	21409.21625	0.4119953383	99891.90178	1464.171564	1463.672272
neutron	939.56536	12.19332691	96031.34422	0	0
neutron	939.56536	5.460194337	96031.34422	0	0
neutron	939.56536	2.456431214	96031.34422	0	0
alpha	3727.379	8.048699663	96031.34422	0	0
Si30	27913.24182	0.4494556098	96031.34422	0	0
Ne23	21414.10216	0.2221350491	95941.88118	0	0
neutron	939.56536	6.616520173	96037.72701	0	0
neutron	939.56536	3.787344537	96037.72701	0	0
S33	30704.55199	0.2895897526	96037.72701	0	0
Na23	21409.21625	0.3329952292	97891.42086	716.7038818	716.3672661
neutron	939.56536	1.74182861	96043.32747	0	0
S36	33494.9558	0.06662190023	96043.32747	0	0
neutron	939.56536	12.74047176	95920.6642	0	0
neutron	939.56536	1.505422256	95920.6642	0	0
neutron	939.56536	0.8739748573	95920.6642	0	0
Ne20	18617.73218	1.160813415	95920.6642	0	0
neutron	939.56536	0.4255663903	95948.48162	0	0
S34	31632.70018	0.07691231838	95948.48162	0	0
Ne23	21414.10216	0.2288769433	95979.83399	0	0
neutron	939.56536	11.99699126	95881.76636	0	0
neutron	939.56536	8.302723517	95881.76636	0	0
Ne21	19550.53637	1.171559257	95881.76636	0	0
neutron	939.56536	38.30022098	95899.78111	0	0
neutron	939.56536	22.46837226	95899.78111	0	0
neutron	939.56536	5.883717537	95899.78111	0	0
S32	29773.62828	1.211907955	95899.78111	0	0
Cl37	34424.84314	0.06595287569	98489.56696	929.9609498	929.810528
Na23	21409.21625	0.121482769	97507.9116	581.8379867	581.5391214
S35	32565.27968	0.1539325806	96073.54781	0	0
neutron	939.56536	39.23671633	95892.05307	0	0
neutron	939.56536	22.7557307	95892.05307	0	0
neutron	939.56536	0.3346559803	95892.05307	0	0
S34	31632.70018	0.3174721659	95892.05307	0	0
neutron	939.56536	3.944113186	95827.71331	0	0
neutron	939.56536	0.6204344305	95827.71331	0	0
S35	32565.27968	0.1190713169	95827.71331	0	0
neutron	939.56536	0.2537294704	96028.72621	0	0
S36	33494.9558	0.1250856167	96028.72621	0	0
Ne23	21414.10216	0.2070286236	95906.75728	0	0
S35	32565.27968	0.1467703047	95920.73463	0	0
Na23	21409.21625	0.1215341097	96994.25641	381.3680932	381.2140632
neutron	939.56536	5.367672615	96058.36748	0	0
neutron	939.56536	1.942311309	96058.36748	0	0
neutron	939.56536	1.294030818	96058.36748	0	0
S34	31632.70018	0.5149019159	96058.36748	0	0
neutron	939.56536	7.980922682	95942.03257	0	0
neutron	939.56536	6.151837116	95942.03257	0	0
neutron	939.56536	2.279164036	95942.03257	0	0
Ne20	18617.73218	0.100467254	95942.03257	0	0
neutron	939.56536	8.978696378	95828.89034	0	0
neutron	939.56536	4.358159299	95828.89034	0	0
neutron	939.56536	3.80449154	95828.89034	0	0
alpha	3727.379	4.383796789	95828.89034	0	0
O16	14895.08153	1.41351234	95828.89034	0	0
neutron	939.56536	0.7704968082	96024.85238	0	0
S36	33494.9558	0.1744659445	96024.85238	0	0
proton	938.272013	20.24769108	95939.22589	0	0
proton	938.272013	3.979748736	95939.22589	0	0
neutron	939.56536	2.997228371	95939.22589	0	0
neutron	939.56536	0.8587858638	95939.22589	0	0
O19	17697.63348	1.449491434	95939.22589	0	0
neutron	939.56536	8.243281028	95960.38782	0	0
neutron	939.56536	1.682093458	95960.38782	0	0
neutron	939.56536	0.3910257373	95960.38782	0	0
S34	31632.70018	0.4754913469	95960.38782	0	0
proton	938.272013	5.973937235	95882.98953	0	0
neutron	939.56536	0.6468083415	95882.98953	0	0
neutron	939.56536	0.3410525512	95882.98953	0	0
P32	29775.84838	0.4319841991	95882.98953	0	0
S37	34430.21755	0.1293887686	95795.36256	0	0
Na23	21409.21625	0.1729666328	97432.29124	566.3680289	566.1291518
Ne23	21414.10216	0.2288964247	95889.89105	0	0
neutron	939.56536	1.069234934	96208.28379	0	0
S36	33494.9558	0.1948998473	96208.28379	0	0
neutron	939.56536	1.788742373	95999.09792	0	0
S34	31632.70018	0.2945555603	95999.09792	0	0
neutron	939.56536	1.481118545	96045.7381	0	0
S34	31632.70018	0.1541547131	96045.7381	0	0
Cl35	32564.60306	0.07099538867	98118.57036	847.4319464	847.1467928
Ne23	21414.10216	0.223877688	95821.87667	0	0
S35	32565.27968	0.1603593021	96017.94982	0	0
neutron	939.56536	0.9171073329	95965.64162	0	0
Ne22	20479.73746	0.4042876118	95965.64162	0	0
Na23	21409.21625	0.1271758165	98255.57912	850.108513	849.9223759
neutron	939.56536	16.50823118	96015.91753	0	0
Ne22	20479.73746	0.8527133747	96015.91753	0	0
S35	32565.27968	0.1457106136	95905.64224	0	0
neutron	939.56536	31.75928391	95956.60751	0	0
neutron	939.56536	5.733175123	95956.60751	0	0
S35	32565.27968	0.7981826644	95956.60751	0	0
neutron	939.56536	15.42037653	95894.22278	0	0
neutron	939.56536	8.637327697	95894.22278	0	0
neutron	939.56536	4.282532854	95894.22278	0	0
neutron	939.56536	2.183978726	95894.22278	0	0
neutron	939.56536	0.5516333078	95894.22278	0	0
S32	29773.62828	0.7309699058	95894.22278	0	0
neutron	939.56536	1.46605133	95956.22049	0	0
neutron	939.56536	0.4729975187	95956.22049	0	0
S33	30704.55199	0.07091697189	95956.22049	0	0
Ne23	21414.10216	0.2018052847	96065.04795	0	0
S35	32565.27968	0.1435875662	96184.56488	0	0
neutron	939.56536	5.067513999	95976.71466	0	0
proton	938.272013	3.717785502	95976.71466	0	0
neutron	939.56536	2.784114981	95976.71466	0	0
neutron	939.56536	2.190898504	95976.71466	0	0
P31	28844.21869	0.9182159024	95976.71466	0	0
neutron	939.56536	5.10982233	96080.49608	0	0
neutron	939.56536	1.433332931	96080.49608	0	0
S33	30704.55199	0.5831895861	96080.49608	0	0
neutron	939.56536	9.53501527	96006.57055	0	0
neutron	939.56536	2.936746186	96006.57055	0	0
neutron	939.56536	2.064727938	96006.57055	0	0
S32	29773.62828	0.2203943637	96006.57055	0	0
neutron	939.56536	3.246557282	96049.51304	0	0
neutron	939.56536	1.626569791	96049.51304	0	0
S33	30704.55199	0.1082505447	96049.51304	0	0
neutron	939.56536	8.693781229	95961.30195	0	0
neutron	939.56536	3.232705286	95961.30195	0	0
S35	32565.27968	0.3077136747	95961.30195	0	0
Ne23	21414.10216	0.2084440711	96020.12815	0	0
neutron	939.56536	6.130185396	96153.96498	0	0
neutron	939.56536	1.264804584	96153.96498	0	0
Ne21	19550.53637	0.8413101373	96153.96498	0	0
neutron	939.56536	6.442880629	96019.79327	0	0
neutron	939.56536	5.885776109	96019.79327	0	0
neutron	939.56536	1.730381899	96019.79327	0	0
Ne20	18617.73218	0.7615595107	96019.79327	0	0
neutron	939.56536	7.252410179	95942.257	0	0
neutron	939.56536	5.666096601	95942.257	0	0
proton	938.272013	3.824527472	95942.257	0	0
neutron	939.56536	2.884109971	95942.257	0	0
P31	28844.21869	0.2224233614	95942.257	0	0
neutron	939.56536	13.94805991	96444.89888	0	0
neutron	939.56536	10.93525266	96444.89888	0	0
neutron	939.56536	2.252711296	96444.89888	0	0
S32	29773.62828	1.004668599	96444.89888	0	0
Na23	21409.21625	0.1601870163	98844.51812	1009.749746	1009.426723
proton	938.272013	24.77417518	96118.42519	0	0
proton	938.272013	4.076526257	96118.42519	0	0
neutron	939.56536	1.932346927	96118.42519	0	0
neutron	939.56536	0.9680580322	96118.42519	0	0
Si31	28846.21977	1.055076393	96118.42519	0	0
Ne23	21414.10216	0.2064990266	96042.59537	0	0
Ne23	21414.10216	0.2314016681	96257.73514	0	0
neutron	939.56536	4.726003053	95788.1487	0	0
neutron	939.56536	0.3468130029	95788.1487	0	0
S33	30704.55199	0.1828807916	95788.1487	0	0
S35	32565.27968	0.1583050634	96038.51257	0	0
Cl35	32564.60306	0.06678821222	95866.32933	41.32134659	41.25429654
neutron	939.56536	15.92312441	95831.72873	0	0
neutron	939.56536	1.423607973	95831.72873	0	0
neutron	939.56536	0.9813321812	95831.72873	0	0
alpha	3727.379	6.777356977	95831.72873	0	0
alpha	3727.379	5.727901901	95831.72873	0	0
C12	11174.86339	4.082111862	95831.72873	0	0
neutron	939.56536	1.007264995	96052.62058	0	0
Ne22	20479.73746	0.3900832168	96052.62058	0	0
Ne23	21414.10216	0.2285924605	95857.78298	0	0
neutron	939.56536	3.497331113	95998.24198	0	0
neutron	939.56536	1.577125328	95998.24198	0	0
alpha	3727.379	14.61290199	95998.24198	0	0
Si29	26984.28567	2.208631203	95998.24198	0	0
neutron	939.56536	10.17757572	96257.68089	0	0
neutron	939.56536	6.775080072	96257.68089	0	0
neutron	939.56536	3.122455362	96257.68089	0	0
Ne20	18617.73218	1.888665764	96257.68089	0	0
neutron	939.56536	1.28194258	96112.52955	0	0
S34	31632.70018	0.08232934741	96112.52955	0	0
Cl35	32564.60306	0.1116646844	97627.12352	617.6637593	617.2026599
S35	32565.27968	0.1441274926	95941.24903	0	0
neutron	939.56536	1.094072686	96006.38723	0	0
Ne22	20479.73746	0.180672125	96006.38723	0	0
neutron	939.56536	0.4283103852	96154.42565	0	0
S34	31632.70018	0.07004363975	96154.42565	0	0
neutron	939.56536	7.312725794	96043.14614	0	0
neutron	939.56536	2.290480665	96043.14614	0	0
neutron	939.56536	0.6275711349	96043.14614	0	0
Ne20	18617.73218	1.008323075	96043.14614	0	0
Ne23	21414.10216	0.2295561283	95924.88911	0	0
Cl37	34424.84314	0.2346330035	99201.01655	1182.726794	1182.351908
neutron	939.56536	12.45902891	96130.37016	0	0
neutron	939.56536	2.611363686	96130.37016	0	0
neutron	939.56536	0.4848077149	96130.37016	0	0
Ne20	18617.73218	1.601529778	96130.37016	0	0
neutron	939.56536	1.760365969	96033.20866	0	0
S34	31632.70018	0.05582170568	96033.20866	0	0
neutron	939.56536	4.586715085	95970.15384	0	0
S34	31632.70018	0.1035770946	95970.15384	0	0
neutron	939.56536	0.4816078999	95777.95283	0	0
S34	31632.70018	0.1594045277	95777.95283	0	0
neutron	939.56536	1.282107238	95962.10881	0	0
S34	31632.70018	0.127000482	95962.10881	0	0
neutron	939.56536	6.863275169	96115.56253	0	0
neutron	939.56536	5.056936632	96115.56253	0	0
proton	938.272013	3.382242593	96115.56253	0	0
neutron	939.56536	0.6438103103	96115.56253	0	0
P31	28844.21869	0.3471175634	96115.56253	0	0
neutron	939.56536	0.2798639295	95932.6035	0	0
S36	33494.9558	0.1543617533	95932.6035	0	0
neutron	939.56536	0.7734112983	95910.24996	0	0
Ne22	20479.73746	0.2366302246	95910.24996	0	0
proton	938.272013	15.28350296	96149.249	0	0
neutron	939.56536	4.140883051	96149.249	0	0
neutron	939.56536	3.889682324	96149.249	0	0
neutron	939.56536	3.798066021	96149.249	0	0
F19	17692.30285	1.325655487	96149.249	0	0
proton	938.272013	35.7169343	95999.44315	0	0
neutron	939.56536	24.66249745	95999.44315	0	0
P35	32569.77755	0.1396891009	95999.44315	0	0
Cl37	34424.84314	0.1616585086	96124.67259	116.1845569	115.9517488
Ne23	21414.10216	0.230644806	95936.61894	0	0
neutron	939.56536	5.646060968	95819.42181	0	0
neutron	939.56536	2.434472595	95819.42181	0	0
S35	32565.27968	0.2057650489	95819.42181	0	0
neutron	939.56536	0.6484167091	96288.07915	0	0
S34	31632.70018	0.2025279436	96288.07915	0	0
Ne23	21414.10216	0.2250039092	96330.24518	0	0
neutron	939.56536	4.80057539	95970.0914	0	0
neutron	939.56536	1.814262507	95970.0914	0	0
neutron	939.56536	0.5526896226	95970.0914	0	0
S34	31632.70018	0.536751082	95970.0914	0	0
neutron	939.56536	33.52478578	95882.37558	0	0
neutron	939.56536	1.307592295	95882.37558	0	0
Ne21	19550.53637	1.543632035	95882.37558	0	0
neutron	939.56536	7.366297543	96284.85326	0	0
neutron	939.56536	6.280959745	96284.85326	0	0
neutron	939.56536	2.216500811	96284.85326	0	0
alpha	3727.379	5.166294921	96284.85326	0	0
O16	14895.08153	0.9743474858	96284.85326	0	0
Cl35	32564.60306	0.09319448789	96925.8567	362.3080725	362.0317777
neutron	939.56536	28.15814253	95996.31062	0	0
neutron	939.56536	9.943198935	95996.31062	0	0
proton	938.272013	2.973936589	95996.31062	0	0
neutron	939.56536	0.4621329973	95996.31062	0	0
alpha	3727.379	5.978868708	95996.31062	0	0
Al27	25126.50566	2.274469314	95996.31062	0	0
Ne23	21414.10216	0.2266673167	95898.5563	0	0
Cl35	32564.60306	0.09762930423	96890.89586	397.4705636	397.2723864
neutron	939.56536	0.1249167436	95882.19668	0	0
S34	31632.70018	0.1457830749	95882.19668	0	0
neutron	939.56536	30.40962291	95770.87991	0	0
neutron	939.56536	4.079394143	95770.87991	0	0
neutron	939.56536	0.7759482516	95770.87991	0	0
alpha	3727.379	2.776958385	95770.87991	0	0
O16	14895.08153	3.791043791	95770.87991	0	0
proton	938.272013	11.11505969	96082.29008	0	0
proton	938.272013	9.830623306	96082.29008	0	0
neutron	939.56536	3.263148347	96082.29008	0	0
neutron	939.56536	0.3151450802	96082.29008	0	0
Si31	28846.21977	0.2505756444	96082.29008	0	0
neutron	939.56536	1.356548533	95875.02249	0	0
Ne22	20479.73746	0.2566022533	95875.02249	0	0
Cl37	34424.84314	0.3102569239	98336.47347	930.6886486	930.3241439
proton	938.272013	9.149473821	95910.75791	0	0
neutron	939.56536	6.303586472	95910.75791	0	0
neutron	939.56536	5.168636065	95910.75791	0	0
neutron	939.56536	3.955486199	95910.75791	0	0
proton	938.272013	2.885277122	95910.75791	0	0
neutron	939.56536	1.087997839	95910.75791	0	0
Si29	26984.28567	0.7395144642	95910.75791	0	0
neutron	939.56536	1.84230862	95992.51814	0	0
alpha	3727.379	10.51356622	95992.51814	0	0
Si32	29776.58515	1.765487854	95992.51814	0	0
proton	938.272013	30.74838138	96361.7547	0	0
neutron	939.56536	15.9576331	96361.7547	0	0
F21	19556.73074	1.911775531	96361.7547	0	0
proton	938.272013	9.205072561	96005.88449	0	0
neutron	939.56536	8.06635972	96005.88449	0	0
neutron	939.56536	3.517399964	96005.88449	0	0
neutron	939.56536	0.8922164894	96005.88449	0	0
P31	28844.21869	0.6708784389	96005.88449	0	0
neutron	939.56536	0.4814800068	96172.24605	0	0
S36	33494.9558	0.144435839	96172.24605	0	0
S35	32565.27968	0.1586442954	96075.43037	0	0
neutron	939.56536	0.5004923302	96026.08557	0	0
Ne22	20479.73746	0.1609169229	96026.08557	0	0
neutron	939.56536	0.9836486731	95807.41234	0	0
S34	31632.70018	0.05619559067	95807.41234	0	0
Ne23	21414.10216	0.2263599024	95954.77504	0	0
Cl35	32564.60306	0.1122489633	99681.71211	1379.510604	1379.27255
neutron	939.56536	1.087965177	95966.22599	0	0
S36	33494.9558	0.1144414148	95966.22599	0	0
neutron	939.56536	0.3694434524	96016.04466	0	0
Ne22	20479.73746	0.1769390552	96016.04466	0	0
neutron	939.56536	6.859587282	95963.73857	0	0
neutron	939.56536	2.771744023	95963.73857	0	0
neutron	939.56536	1.995572863	95963.73857	0	0
neutron	939.56536	1.356583212	95963.73857	0	0
S33	30704.55199	0.4454819929	95963.73857	0	0
neutron	939.56536	2.283848263	96158.44777	0	0
S36	33494.9558	0.1811085023	96158.44777	0	0
S35	32565.27968	0.1447996393	96012.58527	0	0
Ne23	21414.10216	0.2208889504	95910.0929	0	0
proton	938.272013	20.03228711	95939.0039	0	0
neutron	939.56536	3.301117076	95939.0039	0	0
P35	32569.77755	0.5647571869	95939.0039	0	0
S35	32565.27968	0.1468184821	95938.9894	0	0
Cl35	32564.60306	0.0704859332	96502.51354	258.4456007	258.3725233
Cl35	32564.60306	0.1470675557	97165.36489	452.138413	451.7358509
Ne23	21414.10216	0.2255991282	96004.60823	0	0
Ne23	21414.10216	0.2260453434	96021.37547	0	0
neutron	939.56536	9.389810045	96181.66356	0	0
neutron	939.56536	2.652173293	96181.66356	0	0
S33	30704.55199	0.1256816305	96181.66356	0	0
neutron	939.56536	3.856743566	96251.86237	0	0
neutron	939.56536	2.377202447	96251.86237	0	0
Ne21	19550.53637	0.6414885217	96251.86237	0	0
Cl35	32564.60306	0.104629707	96128.27315	66.90364965	66.77906415
neutron	939.56536	11.99801602	96052.72428	0	0
neutron	939.56536	8.821112373	96052.72428	0	0
neutron	939.56536	1.529064902	96052.72428	0	0
He3	2808.391	6.439926997	96052.72428	0	0
O17	15830.5038	3.853081467	96052.72428	0	0
neutron	939.56536	11.73601285	95818.27591	0	0
neutron	939.56536	5.784337546	95818.27591	0	0
proton	938.272013	3.160163661	95818.27591	0	0
neutron	939.56536	2.833792553	95818.27591	0	0
P31	28844.21869	1.450218373	95818.27591	0	0
S37	34430.21755	0.1393625312	95863.6588	0	0
neutron	939.56536	8.399861006	95858.31869	0	0
neutron	939.56536	4.704649984	95858.31869	0	0
neutron	939.56536	1.800679005	95858.31869	0	0
Ne20	18617.73218	0.8240317028	95858.31869	0	0
Ne23	21414.10216	0.2197539322	95989.95651	0	0
S35	32565.27968	0.1659418817	95893.84302	0	0
S35	32565.27968	0.1606717096	96078.72202	0	0
Ne23	21414.10216	0.2298989661	96220.12303	0	0
neutron	939.56536	1.640497719	96218.24437	0	0
Ne22	20479.73746	0.1190627665	96218.24437	0	0
Na23	21409.21625	0.1807326642	95970.45174	61.45646778	61.22862016
neutron	939.56536	3.719311384	95908.15944	0	0
neutron	939.56536	0.8400250622	95908.15944	0	0
neutron	939.56536	0.2494836182	95908.15944	0	0
S32	29773.62828	0.112007175	95908.15944	0	0
Cl35	32564.60306	0.09605779124	96855.33088	337.7496006	337.1891861
neutron	939.56536	0.3140854635	96091.61318	0	0
Ne22	20479.73746	0.1224424613	96091.61318	0	0
Ne23	21414.10216	0.2187368846	95997.90413	0	0
neutron	939.56536	8.184778935	95980.2521	0	0
neutron	939.56536	2.356228454	95980.2521	0	0
neutron	939.56536	0.6325892363	95980.2521	0	0
S34	31632.70018	0.7036044046	95980.2521	0	0
neutron	939.56536	2.638519888	95869.3189	0	0
S34	31632.70018	0.2780532806	95869.3189	0	0
neutron	939.56536	0.496048945	96027.26099	0	0
Ne22	20479.73746	0.3519248095	96027.26099	0	0
neutron	939.56536	8.869529155	95977.82731	0	0
neutron	939.56536	6.315313991	95977.82731	0	0
neutron	939.56536	1.535471382	95977.82731	0	0
alpha	3727.379	7.852112791	95977.82731	0	0
O16	14895.08153	2.301559631	95977.82731	0	0
neutron	939.56536	1.850646369	96111.30848	0	0
neutron	939.56536	1.410846141	96111.30848	0	0
S33	30704.55199	0.08560702663	96111.30848	0	0
neutron	939.56536	1.624482493	96033.64484	0	0
neutron	939.56536	1.340253218	96033.64484	0	0
deuteron	1875.613	15.80247237	96033.64484	0	0
P31	28844.21869	1.227477396	96033.64484	0	0
Cl35	32564.60306	0.06533437897	96702.28676	325.3434869	325.2161582
S35	32565.27968	0.1600659714	95963.51178	0	0
neutron	939.56536	19.2906873	95947.00283	0	0
proton	938.272013	5.30855608	95947.00283	0	0
proton	938.272013	4.082270573	95947.00283	0	0
neutron	939.56536	2.451927055	95947.00283	0	0
Si31	28846.21977	0.6198591786	95947.00283	0	0
S37	34430.21755	0.1341874805	96111.44972	0	0
Ne23	21414.10216	0.2304427887	95969.41624	0	0
neutron	939.56536	0.5000284896	96339.95615	0	0
Ne22	20479.73746	0.2409570702	96339.95615	0	0
S35	32565.27968	0.1364635635	96014.08916	0	0
neutron	939.56536	39.06093868	95877.75287	0	0
neutron	939.56536	11.52414516	95877.75287	0	0
neutron	939.56536	3.684837226	95877.75287	0	0
Ne20	18617.73218	1.461643677	95877.75287	0	0
Ne23	21414.10216	0.2244456932	96052.77857	0	0
proton	938.272013	7.467773343	95914.17239	0	0
proton	938.272013	5.849997144	95914.17239	0	0
neutron	939.56536	4.671457195	95914.17239	0	0
neutron	939.56536	1.209906607	95914.17239	0	0
Si31	28846.21977	0.1848519076	95914.17239	0	0
neutron	939.56536	0.03480068123	96294.1048	0	0
Ne22	20479.73746	0.2514307249	96294.1048	0	0
neutron	939.56536	7.616747453	96176.69877	0	0
neutron	939.56536	6.654233487	96176.69877	0	0
proton	938.272013	5.652929737	96176.69877	0	0
deuteron	1875.613	7.695210075	96176.69877	0	0
alpha	3727.379	8.814613686	96176.69877	0	0
Mg26	24196.50368	3.104867744	96176.69877	0	0
neutron	939.56536	14.01505128	95980.56356	0	0
proton	938.272013	10.40872801	95980.56356	0	0
neutron	939.56536	10.08298907	95980.56356	0	0
neutron	939.56536	4.780015369	95980.56356	0	0
P31	28844.21869	0.2748444565	95980.56356	0	0
neutron	939.56536	14.87627133	96052.35633	0	0
neutron	939.56536	3.296751725	96052.35633	0	0
neutron	939.56536	0.7742993164	96052.35633	0	0
S32	29773.62828	0.1807822449	96052.35633	0	0
neutron	939.56536	2.96283461	96035.70265	0	0
S34	31632.70018	0.2012278477	96035.70265	0	0
proton	938.272013	9.445196307	95830.93978	0	0
neutron	939.56536	4.643194261	95830.93978	0	0
proton	938.272013	3.326456841	95830.93978	0	0
Si32	29776.58515	1.763271842	95830.93978	0	0
S35	32565.27968	0.146116187	95808.00536	0	0
neutron	939.56536	2.098003896	95881.29316	0	0
S34	31632.70018	0.2417234205	95881.29316	0	0
neutron	939.56536	11.87686262	96025.34331	0	0
neutron	939.56536	9.289411047	96025.34331	0	0
neutron	939.56536	5.360270025	96025.34331	0	0
Ne20	18617.73218	0.7056859692	96025.34331	0	0
S35	32565.27968	0.1644902199	96180.46931	0	0
neutron	939.56536	16.71880704	95947.97942	0	0
proton	938.272013	8.586401397	95947.97942	0	0
neutron	939.56536	4.765378632	95947.97942	0	0
triton	2808.921	9.138550758	95947.97942	0	0
Si29	26984.28567	1.628003924	95947.97942	0	0
neutron	939.56536	3.187583326	96128.37518	0	0
proton	938.272013	2.474137701	96128.37518	0	0
triton	2808.921	5.578008036	96128.37518	0	0
Si30	27913.24182	0.5083670835	96128.37518	0	0
Cl35	32564.60306	0.2383141771	95960.0766	57.5506649	57.18492969
neutron	939.56536	11.27700616	95911.82781	0	0
proton	938.272013	8.263172755	95911.82781	0	0
neutron	939.56536	7.46694412	95911.82781	0	0
proton	938.272013	7.249362364	95911.82781	0	0
Si31	28846.21977	0.4196497487	95911.82781	0	0
neutron	939.56536	2.118221985	95918.161	0	0
neutron	939.56536	0.5292724079	95918.161	0	0
S33	30704.55199	0.1244108109	95918.161	0	0
Cl35	32564.60306	0.08566819645	96387.41108	136.2574905	136.0043176
neutron	939.56536	0.1083233758	96247.52449	0	0
Ne22	20479.73746	0.1730603387	96247.52449	0	0
Na23	21409.21625	0.1109406335	96752.84169	382.1757373	382.0602743
neutron	939.56536	11.4967047	95777.71965	0	0
neutron	939.56536	2.483194424	95777.71965	0	0
neutron	939.56536	0.7980711553	95777.71965	0	0
alpha	3727.379	19.42436058	95777.71965	0	0
Si28	26053.19393	3.090706486	95777.71965	0	0
neutron	939.56536	5.439708991	95808.60173	0	0
neutron	939.56536	3.06208686	95808.60173	0	0
neutron	939.56536	0.4159997706	95808.60173	0	0
S34	31632.70018	0.09495843361	95808.60173	0	0
neutron	939.56536	2.522498296	95916.68629	0	0
neutron	939.56536	1.825274435	95916.68629	0	0
S33	30704.55199	0.3087193978	95916.68629	0	0
neutron	939.56536	0.7935344718	96062.43565	0	0
Ne22	20479.73746	0.2125478394	96062.43565	0	0
Ne23	21414.10216	0.226441172	95787.97544	0	0
Cl35	32564.60306	0.07112232167	97841.57579	738.1899374	737.9063765
S35	32565.27968	0.1463350014	95929.33177	0	0
neutron	939.56536	0.8297442063	95905.9143	0	0
S34	31632.70018	0.1560030434	95905.9143	0	0
neutron	939.56536	5.544211055	95870.06115	0	0
neutron	939.56536	5.435437145	95870.06115	0	0
neutron	939.56536	1.087121047	95870.06115	0	0
S34	31632.70018	0.5087320459	95870.06115	0	0
Na23	21409.21625	0.1034486756	96111.43445	78.38562902	78.26318293
neutron	939.56536	1.198977781	96068.37807	0	0
S34	31632.70018	0.2150793794	96068.37807	0	0
Na23	21409.21625	0.1180455798	97738.50446	603.330686	602.9282759
Cl35	32564.60306	0.07904830384	97131.87212	372.2332177	371.9959716
neutron	939.56536	10.91740873	95760.6657	0	0
neutron	939.56536	5.774413454	95760.6657	0	0
neutron	939.56536	2.847023986	95760.6657	0	0
proton	938.272013	2.545722687	95760.6657	0	0
P31	28844.21869	0.8446936074	95760.6657	0	0
S35	32565.27968	0.134629322	95873.87615	0	0
neutron	939.56536	0.05979727171	96045.48075	0	0
Ne22	20479.73746	0.254291602	96045.48075	0	0
proton	938.272013	10.56375288	96028.6245	0	0
neutron	939.56536	0.5229097776	96028.6245	0	0
F21	19556.73074	1.354569129	96028.6245	0	0
neutron	939.56536	8.972170699	96097.38932	0	0
neutron	939.56536	4.979668565	96097.38932	0	0
neutron	939.56536	3.374105559	96097.38932	0	0
neutron	939.56536	2.408335242	96097.38932	0	0
neutron	939.56536	1.602524342	96097.38932	0	0
S32	29773.62828	0.9869079766	96097.38932	0	0
neutron	939.56536	0.7505347944	95874.54385	0	0
Ne22	20479.73746	0.1797781511	95874.54385	0	0
S35	32565.27968	0.1447214706	96023.71025	0	0
neutron	939.56536	1.29870833	95911.17623	0	0
S34	31632.70018	0.1781796385	95911.17623	0	0
S35	32565.27968	0.1670425256	96010.72251	0	0
neutron	939.56536	0.06269101604	95811.3326	0	0
S34	31632.70018	0.1547447557	95811.3326	0	0
neutron	939.56536	29.53282204	96224.04514	0	0
neutron	939.56536	16.46135588	96224.04514	0	0
neutron	939.56536	2.768160472	96224.04514	0	0
Ne20	18617.73218	2.147227011	96224.04514	0	0
S37	34430.21755	0.1338868553	96060.29423	0	0
S35	32565.27968	0.1504109681	95928.94856	0	0
Cl35	32564.60306	0.08048732363	99714.32418	1397.228336	1396.976322
neutron	939.56536	0.9940378679	95945.24467	0	0
S34	31632.70018	0.05764527362	95945.24467	0	0
S35	32565.27968	0.1651463767	95897.96718	0	0
Cl35	32564.60306	0.1490356976	96344.03746	167.0933748	166.6817368
neutron	939.56536	2.473322315	96040.35898	0	0
S34	31632.70018	0.3576525554	96040.35898	0	0
neutron	939.56536	3.397821502	96152.31212	0	0
S36	33494.9558	0.1024913437	96152.31212	0	0
Cl35	32564.60306	0.09331362307	96349.66633	194.0986456	193.9942238
Cl35	32564.60306	0.08553060928	98335.52125	810.4888819	810.1039749
neutron	939.56536	0.3012738252	96161.67973	0	0
S34	31632.70018	0.1464871442	96161.67973	0	0
Cl35	32564.60306	0.1088019983	96793.61195	311.8365322	311.7255518
neutron	939.56536	4.75543584	96042.06183	0	0
neutron	939.56536	1.997777221	96042.06183	0	0
S33	30704.55199	0.4523969542	96042.06183	0	0
neutron	939.56536	0.7331508964	96030.53147	0	0
S36	33494.9558	0.08180411937	96030.53147	0	0
proton	938.272013	43.08462975	96045.22507	0	0
neutron	939.56536	10.83211741	96045.22507	0	0
neutron	939.56536	4.773517926	96045.22507	0	0
P32	29775.84838	0.6382107607	96045.22507	0	0
Ne23	21414.10216	0.2201771063	96024.75574	0	0
Ne23	21414.10216	0.2313776755	96210.7447	0	0
proton	938.272013	36.83852208	96046.96803	0	0
neutron	939.56536	3.63358562	96046.96803	0	0
neutron	939.56536	1.499664003	96046.96803	0	0
P34	31638.59261	1.171654134	96046.96803	0	0
neutron	939.56536	7.46887327	96091.60427	0	0
neutron	939.56536	5.544838781	96091.60427	0	0
neutron	939.56536	4.762337466	96091.60427	0	0
Ne20	18617.73218	0.7782502162	96091.60427	0	0
neutron	939.56536	27.36756674	95943.62633	0	0
neutron	939.56536	2.123030227	95943.62633	0	0
neutron	939.56536	0.7753026382	95943.62633	0	0
S32	29773.62828	1.37385129	95943.62633	0	0
neutron	939.56536	0.8011208832	95928.3229	0	0
S34	31632.70018	0.1864638143	95928.3229	0	0
neutron	939.56536	0.6872293851	96087.29997	0	0
S36	33494.9558	0.06823726598	96087.29997	0	0
Ne23	21414.10216	0.2166651658	96041.58147	0	0
neutron	939.56536	1.480084674	96187.39799	0	0
S34	31632.70018	0.2256941553	96187.39799	0	0
neutron	939.56536	0.1055443291	96264.6308	0	0
S34	31632.70018	0.1781236371	96264.6308	0	0
neutron	939.56536	1.050424928	96131.75045	0	0
S36	33494.9558	0.2352207834	96131.75045	0	0
Na23	21409.21625	0.1900282888	98971.31255	1110.348213	1109.929874
S35	32565.27968	0.1431314607	96029.66305	0	0
proton	938.272013	10.43859656	96114.29272	0	0
neutron	939.56536	4.423958676	96114.29272	0	0
P33	30705.30994	0.6236637501	96114.29272	0	0
neutron	939.56536	23.27425876	96013.77948	0	0
neutron	939.56536	4.159252853	96013.77948	0	0
neutron	939.56536	3.683994011	96013.77948	0	0
alpha	3727.379	9.448266377	96013.77948	0	0
Si28	26053.19393	2.200588125	96013.77948	0	0
Na23	21409.21625	0.3822351775	99557.35205	1333.704263	1333.228719
Ne23	21414.10216	0.2279001188	96010.60275	0	0
S35	32565.27968	0.1419362242	95983.8264	0	0
neutron	939.56536	17.86477696	96220.88761	0	0
neutron	939.56536	12.00004464	96220.88761	0	0
neutron	939.56536	0.9598533362	96220.88761	0	0
alpha	3727.379	6.202205053	96220.88761	0	0
O16	14895.08153	0.913407531	96220.88761	0	0
neutron	939.56536	9.185481001	96123.75152	0	0
neutron	939.56536	8.81043154	96123.75152	0	0
neutron	939.56536	4.43001256	96123.75152	0	0
neutron	939.56536	4.169930443	96123.75152	0	0
neutron	939.56536	0.6003310741	96123.75152	0	0
alpha	3727.379	12.16708445	96123.75152	0	0
Si28	26053.19393	0.3011378416	96123.75152	0	0
neutron	939.56536	23.83076984	95883.99067	0	0
neutron	939.56536	1.4158413	95883.99067	0	0
alpha	3727.379	7.756998292	95883.99067	0	0
Si29	26984.28567	0.4800188855	95883.99067	0	0
neutron	939.56536	14.26534832	96054.71786	0	0
neutron	939.56536	3.829148277	96054.71786	0	0
proton	938.272013	2.811341971	96054.71786	0	0
neutron	939.56536	0.6786284026	96054.71786	0	0
F19	17692.30285	1.287243809	96054.71786	0	0
Ne23	21414.10216	0.2211429382	96356.27615	0	0
proton	938.272013	8.414039688	96205.63459	0	0
neutron	939.56536	8.028583036	96205.63459	0	0
neutron	939.56536	7.423136327	96205.63459	0	0
deuteron	1875.613	3.829744877	96205.63459	0	0
O18	16762.02378	0.5707057536	96205.63459	0	0
S35	32565.27968	0.1443514934	95927.72245	0	0
neutron	939.56536	7.942950156	96068.31288	0	0
neutron	939.56536	2.992729242	96068.31288	0	0
S33	30704.55199	0.4754274451	96068.31288	0	0
Ne23	21414.10216	0.221936483	96143.12172	0	0
Cl37	34424.84314	0.324988551	96979.17702	382.6505486	382.2962617
neutron	939.56536	0.3408933605	96140.29223	0	0
Ne22	20479.73746	0.3173632612	96140.29223	0	0
neutron	939.56536	0.44097081	95929.05371	0	0
S34	31632.70018	0.08817089255	95929.05371	0	0
neutron	939.56536	1.014163008	96077.46349	0	0
S34	31632.70018	0.2039631904	96077.46349	0	0
S35	32565.27968	0.1605386972	95924.4484	0	0
neutron	939.56536	0.7093066017	95956.97992	0	0
S36	33494.9558	0.1034095892	95956.97992	0	0
proton	938.272013	4.623319748	96232.37165	0	0
neutron	939.56536	1.169195726	96232.37165	0	0
F21	19556.73074	0.3175736063	96232.37165	0	0
neutron	939.56536	14.51231306	96018.98718	0	0
neutron	939.56536	4.742424965	96018.98718	0	0
neutron	939.56536	0.9197600564	96018.98718	0	0
S32	29773.62828	0.981852593	96018.98718	0	0
proton	938.272013	8.7030114	96131.35733	0	0
neutron	939.56536	6.956830416	96131.35733	0	0
P33	30705.30994	0.2356209314	96131.35733	0	0
S37	34430.21755	0.1416117216	95842.97599	0	0
neutron	939.56536	0.9244297577	95962.21034	0	0
S34	31632.70018	0.2071964368	95962.21034	0	0
Cl35	32564.60306	0.08054803523	98366.45755	829.1286462	828.804678
Cl37	34424.84314	0.1009887173	98056.45749	726.6429735	726.2419747
neutron	939.56536	1.614350981	96129.38543	0	0
S34	31632.70018	0.1669300248	96129.38543	0	0
neutron	939.56536	38.96425759	96047.39628	0	0
neutron	939.56536	11.7899667	96047.39628	0	0
neutron	939.56536	0.1579275189	96047.39628	0	0
Ne20	18617.73218	1.023826515	96047.39628	0	0
neutron	939.56536	1.539470473	96169.477	0	0
S34	31632.70018	0.09737664497	96169.477	0	0
S35	32565.27968	0.1649050095	96115.4058	0	0
proton	938.272013	7.331491071	96189.24661	0	0
neutron	939.56536	5.269518387	96189.24661	0	0
neutron	939.56536	1.704415953	96189.24661	0	0
neutron	939.56536	0.2377286671	96189.24661	0	0
P31	28844.21869	0.3828544761	96189.24661	0	0
neutron	939.56536	0.7959785771	95999.41167	0	0
S36	33494.9558	0.1759171513	95999.41167	0	0
Ne23	21414.10216	0.2319426491	96003.95068	0	0
Ne23	21414.10216	0.2023353189	96168.87308	0	0
Ne23	21414.10216	0.2281741588	95980.82023	0	0
Cl35	32564.60306	0.0743887503	96100.43163	48.75201063	48.42039123
neutron	939.56536	4.741339311	96047.48647	0	0
neutron	939.56536	4.04802382	96047.48647	0	0
neutron	939.56536	1.646396246	96047.48647	0	0
Ne20	18617.73218	0.07509546301	96047.48647	0	0
neutron	939.56536	16.67763571	96160.62996	0	0
proton	938.272013	7.312976883	96160.62996	0	0
neutron	939.56536	0.3692749656	96160.62996	0	0
F20	18625.26686	2.269333675	96160.62996	0	0
neutron	939.56536	4.085986923	96063.7455	0	0
neutron	939.56536	0.1552877537	96063.7455	0	0
S33	30704.55199	0.1703977937	96063.7455	0	0
neutron	939.56536	0.1552246273	96072.95883	0	0
S34	31632.70018	0.1247756385	96072.95883	0	0
Cl37	34424.84314	0.4341692668	99285.88829	1232.030024	1231.453603
neutron	939.56536	8.331269662	95895.154	0	0
proton	938.272013	5.614795603	95895.154	0	0
neutron	939.56536	3.643961257	95895.154	0	0
neutron	939.56536	0.3367488896	95895.154	0	0
P33	30705.30994	0.9115679975	95895.154	0	0
neutron	939.56536	3.376666424	95987.96157	0	0
S34	31632.70018	0.2967287277	95987.96157	0	0
neutron	939.56536	2.440812549	96079.13551	0	0
Ne22	20479.73746	0.07529007049	96079.13551	0	0
neutron	939.56536	1.316013439	95917.49581	0	0
S34	31632.70018	0.03177012866	95917.49581	0	0
proton	938.272013	11.54434616	95942.59145	0	0
neutron	939.56536	2.778344674	95942.59145	0	0
neutron	939.56536	1.053876301	95942.59145	0	0
F20	18625.26686	0.7252202145	95942.59145	0	0
neutron	939.56536	0.454051922	95992.00844	0	0
S34	31632.70018	0.1694309037	95992.00844	0	0
neutron	939.56536	0.5240380993	95973.63875	0	0
S34	31632.70018	0.04789314579	95973.63875	0	0
neutron	939.56536	9.728704354	96065.49371	0	0
neutron	939.56536	1.892621857	96065.49371	0	0
neutron	939.56536	1.428172067	96065.49371	0	0
Ne20	18617.73218	0.673165263	96065.49371	0	0
neutron	939.56536	1.783656301	95995.61512	0	0
neutron	939.56536	0.6019013571	95995.61512	0	0
Ne21	19550.53637	0.02306335164	95995.61512	0	0
neutron	939.56536	0.5801031738	96179.32475	0	0
Ne22	20479.73746	0.2374241761	96179.32475	0	0
neutron	939.56536	0.9219644771	96406.08295	0	0
Ne22	20479.73746	0.3541276901	96406.08295	0	0
Cl35	32564.60306	0.2719449905	99091.91919	1155.053416	1154.605947
neutron	939.56536	6.612570875	95913.11947	0	0
neutron	939.56536	2.559308988	95913.11947	0	0
neutron	939.56536	0.6303506978	95913.11947	0	0
alpha	3727.379	10.94753281	95913.11947	0	0
O16	14895.08153	1.23734642	95913.11947	0	0
neutron	939.56536	20.71232413	95910.67126	0	0
neutron	939.56536	7.430817396	95910.67126	0	0
neutron	939.56536	5.042448053	95910.67126	0	0
alpha	3727.379	8.998683233	95910.67126	0	0
O16	14895.08153	1.04764351	95910.67126	0	0
neutron	939.56536	3.747915594	96220.55028	0	0
S36	33494.9558	0.2465099547	96220.55028	0	0
neutron	939.56536	2.113135665	95994.93045	0	0
S34	31632.70018	0.06038012798	95994.93045	0	0
neutron	939.56536	0.7344851073	95968.29712	0	0
Ne22	20479.73746	0.1997528569	95968.29712	0	0
neutron	939.56536	12.24930726	96287.2147	0	0
neutron	939.56536	0.9175697614	96287.2147	0	0
alpha	3727.379	14.04423677	96287.2147	0	0
Si29	26984.28567	0.7544675999	96287.2147	0	0
neutron	939.56536	0.08054803022	95927.77116	0	0
S34	31632.70018	0.1227878677	95927.77116	0	0
neutron	939.56536	2.426318826	95882.37858	0	0
S34	31632.70018	0.1635187318	95882.37858	0	0
neutron	939.56536	30.49363732	95807.34905	0	0
neutron	939.56536	15.28796339	95807.34905	0	0
neutron	939.56536	3.550164417	95807.34905	0	0
S32	29773.62828	0.3875210297	95807.34905	0	0
neutron	939.56536	1.515535761	95904.81009	0	0
S34	31632.70018	0.1763970115	95904.81009	0	0
proton	938.272013	29.2959848	95975.58877	0	0
proton	938.272013	3.63789164	95975.58877	0	0
neutron	939.56536	0.4388565121	95975.58877	0	0
Si32	29776.58515	0.4092783513	95975.58877	0	0
Ne23	21414.10216	0.2225297959	96394.23442	0	0
Na23	21409.21625	0.1714453989	97238.24937	540.7373252	540.4991097
neutron	939.56536	0.8316357447	95885.4412	0	0
Ne22	20479.73746	0.2291182069	95885.4412	0	0
neutron	939.56536	0.9428356587	96263.56411	0	0
S34	31632.70018	0.2341201317	96263.56411	0	0
neutron	939.56536	2.235311307	96137.4974	0	0
neutron	939.56536	1.604307772	96137.4974	0	0
neutron	939.56536	0.9235170128	96137.4974	0	0
alpha	3727.379	8.16553567	96137.4974	0	0
Si28	26053.19393	0.45622722	96137.4974	0	0
Cl37	34424.84314	0.4011742817	97363.01402	517.8775537	517.3078737
neutron	939.56536	0.6535497572	96039.48294	0	0
S34	31632.70018	0.05721622306	96039.48294	0	0
proton	938.272013	15.73662503	95836.66552	0	0
neutron	939.56536	8.473993875	95836.66552	0	0
proton	938.272013	2.433814137	95836.66552	0	0
neutron	939.56536	2.098428623	95836.66552	0	0
neutron	939.56536	1.136952884	95836.66552	0	0
Si30	27913.24182	0.2744789929	95836.66552	0	0
neutron	939.56536	16.23656409	96062.3363	0	0
proton	938.272013	13.96997033	96062.3363	0	0
neutron	939.56536	4.693913932	96062.3363	0	0
neutron	939.56536	4.202490247	96062.3363	0	0
P31	28844.21869	0.3685124334	96062.3363	0	0
neutron	939.56536	0.8799309235	96013.62726	0	0
Ne22	20479.73746	0.2187302468	96013.62726	0	0
neutron	939.56536	1.504502085	95994.79326	0	0
S34	31632.70018	0.3163829156	95994.79326	0	0
S35	32565.27968	0.1454200367	95703.58671	0	0
S35	32565.27968	0.1473576773	95970.29211	0	0
S35	32565.27968	0.1655299877	95907.1181	0	0
Ne23	21414.10216	0.2221191282	96033.5538	0	0
neutron	939.56536	0.009793758188	95903.12173	0	0
S34	31632.70018	0.1499092708	95903.12173	0	0
Cl35	32564.60306	0.1899659787	99983.66215	1496.251962	1496.033678
Ne23	21414.10216	0.2074008589	95983.68145	0	0
neutron	939.56536	0.5180721138	96054.74416	0	0
S34	31632.70018	0.1895651366	96054.74416	0	0
neutron	939.56536	3.265264111	95998.53138	0	0
proton	938.272013	1.757162297	95998.53138	0	0
neutron	939.56536	1.290104227	95998.53138	0	0
neutron	939.56536	0.9308088786	95998.53138	0	0
triton	2808.921	7.005013066	95998.53138	0	0
Si30	27913.24182	1.420030434	95998.53138	0	0
Cl35	32564.60306	0.7142386582	99060.64794	1160.816811	1159.484876
Cl37	34424.84314	0.1081938964	98581.34875	990.6028563	990.4064967
neutron	939.56536	4.373750206	95982.00988	0	0
Ne22	20479.73746	0.264319215	95982.00988	0	0
neutron	939.56536	4.822341559	96169.82259	0	0
Ne22	20479.73746	0.1201007993	96169.82259	0	0
S35	32565.27968	0.162773785	96197.89613	0	0
S37	34430.21755	0.1357505694	95883.29274	0	0
neutron	939.56536	1.213045944	96005.93582	0	0
S36	33494.9558	0.1884286298	96005.93582	0	0
neutron	939.56536	2.453989376	95836.0514	0	0
Ne22	20479.73746	0.3306116942	95836.0514	0	0
neutron	939.56536	3.121487011	96057.80272	0	0
S34	31632.70018	0.2498458991	96057.80272	0	0
neutron	939.56536	9.071204906	95899.91485	0	0
neutron	939.56536	4.664980848	95899.91485	0	0
neutron	939.56536	2.042446355	95899.91485	0	0
alpha	3727.379	5.827202519	95899.91485	0	0
alpha	3727.379	3.292462559	95899.91485	0	0
C12	11174.86339	3.591393332	95899.91485	0	0
neutron	939.56536	0.9118978139	96149.02744	0	0
S34	31632.70018	0.05409206222	96149.02744	0	0
proton	938.272013	14.11793824	95811.07672	0	0
neutron	939.56536	4.102026278	95811.07672	0	0
P33	30705.30994	0.2737124785	95811.07672	0	0
Ne23	21414.10216	0.2210868293	95935.24516	0	0
S37	34430.21755	0.1315067929	96009.57205	0	0
neutron	939.56536	0.8961857445	95905.56056	0	0
S34	31632.70018	0.2131532613	95905.56056	0	0
Ne23	21414.10216	0.2111671831	96129.28183	0	0
neutron	939.56536	27.09100444	95961.67916	0	0
neutron	939.56536	8.876277502	95961.67916	0	0
neutron	939.56536	4.463763428	95961.67916	0	0
alpha	3727.379	2.201400718	95961.67916	0	0
O16	14895.08153	5.853281999	95961.67916	0	0
neutron	939.56536	0.6373174462	96139.62761	0	0
S34	31632.70018	0.08875486074	96139.62761	0	0
Ne23	21414.10216	0.2245442981	95943.54168	0	0
neutron	939.56536	5.244878887	96141.27407	0	0
neutron	939.56536	3.579612055	96141.27407	0	0
alpha	3727.379	7.38465777	96141.27407	0	0
alpha	3727.379	8.980116551	96141.27407	0	0
Mg25	23268.03142	0.1500129107	96141.27407	0	0
neutron	939.56536	1.368184416	95981.98007	0	0
S34	31632.70018	0.1694468269	95981.98007	0	0
neutron	939.56536	3.536262095	95986.2288	0	0
neutron	939.56536	0.7967088068	95986.2288	0	0
S33	30704.55199	0.3143806534	95986.2288	0	0
Cl35	32564.60306	0.06780823973	99890.28219	1464.704847	1463.897213
neutron	939.56536	8.498634192	95863.32232	0	0
neutron	939.56536	3.793575625	95863.32232	0	0
Ne21	19550.53637	0.5565807725	95863.32232	0	0
Cl35	32564.60306	0.06753177277	96320.27117	202.4290527	202.0025915
neutron	939.56536	16.99302631	95944.80224	0	0
proton	938.272013	14.05122693	95944.80224	0	0
neutron	939.56536	6.047185456	95944.80224	0	0
neutron	939.56536	1.219251537	95944.80224	0	0
F19	17692.30285	0.6659790839	95944.80224	0	0
neutron	939.56536	0.2793345434	96176.07088	0	0
S34	31632.70018	0.1820179877	96176.07088	0	0
neutron	939.56536	3.328166543	95897.50605	0	0
neutron	939.56536	1.247335274	95897.50605	0	0
neutron	939.56536	0.6020384241	95897.50605	0	0
Ne20	18617.73218	0.9248082941	95897.50605	0	0
neutron	939.56536	6.23423972	96077.08795	0	0
proton	938.272013	5.722229519	96077.08795	0	0
neutron	939.56536	4.804836432	96077.08795	0	0
neutron	939.56536	0.08935630927	96077.08795	0	0
F19	17692.30285	0.4060301271	96077.08795	0	0
neutron	939.56536	5.771285742	96027.53462	0	0
neutron	939.56536	2.438949239	96027.53462	0	0
neutron	939.56536	1.668580501	96027.53462	0	0
alpha	3727.379	5.116043489	96027.53462	0	0
O16	14895.08153	1.50159367	96027.53462	0	0
Ne23	21414.10216	0.2088169969	95912.01715	0	0
proton	938.272013	17.68943494	95952.26723	0	0
neutron	939.56536	6.694715413	95952.26723	0	0
neutron	939.56536	5.243732858	95952.26723	0	0
neutron	939.56536	4.160562956	95952.26723	0	0
alpha	3727.379	4.620725794	95952.26723	0	0
N15	13968.93638	0.9283490608	95952.26723	0	0
Na23	21409.21625	0.1116233069	99082.59212	1176.27626	1176.016203
Cl35	32564.60306	0.07644259702	98941.23549	1122.169131	1122.053765
neutron	939.56536	0.2167533467	95836.92618	0	0
S36	33494.9558	0.1425911507	95836.92618	0	0
S35	32565.27968	0.1662719472	95953.70463	0	0
S35	32565.27968	0.1458344227	96030.72019	0	0
Cl37	34424.84314	0.08012419812	97864.96994	745.2978186	745.2044054
neutron	939.56536	2.826333902	95978.51938	0	0
proton	938.272013	2.449572386	95978.51938	0	0
P33	30705.30994	0.2968351888	95978.51938	0	0
neutron	939.56536	12.03193068	95924.23679	0	0
proton	938.272013	9.942156309	95924.23679	0	0
P33	30705.30994	0.2683753425	95924.23679	0	0
neutron	939.56536	20.09510404	96173.36406	0	0
proton	938.272013	16.04478331	96173.36406	0	0
neutron	939.56536	1.098051662	96173.36406	0	0
P32	29775.84838	0.384559112	96173.36406	0	0
Na23	21409.21625	0.1940992969	99507.49284	1335.209873	1334.821776
neutron	939.56536	1.176592549	96027.89771	0	0
Ne22	20479.73746	0.2116862224	96027.89771	0	0
Cl35	32564.60306	0.1820456216	97094.0286	343.1230168	342.8879734
neutron	939.56536	6.034034766	95960.89357	0	0
neutron	939.56536	2.35218474	95960.89357	0	0
neutron	939.56536	0.6444507827	95960.89357	0	0
alpha	3727.379	8.723341038	95960.89357	0	0
Si30	27913.24182	0.335830762	95960.89357	0	0
Cl35	32564.60306	0.1006602658	96299.50883	160.4020027	160.2771218
Cl35	32564.60306	0.09743191535	98066.8267	677.2224578	677.1063156
neutron	939.56536	0.3282973649	96174.32202	0	0
S34	31632.70018	0.08185806213	96174.32202	0	0
Ne23	21414.10216	0.2293254867	96095.58094	0	0
S37	34430.21755	0.1410854992	95907.64353	0	0
neutron	939.56536	0.4757730284	95799.86461	0	0
S36	33494.9558	0.206840256	95799.86461	0	0
Ne23	21414.10216	0.1986619744	95923.71567	0	0
neutron	939.56536	2.411647686	95938.26861	0	0
neutron	939.56536	2.1188177	95938.26861	0	0
deuteron	1875.613	3.653393937	95938.26861	0	0
triton	2808.921	4.379615424	95938.26861	0	0
O16	14895.08153	1.633955853	95938.26861	0	0
neutron	939.56536	14.55589182	95916.87461	0	0
proton	938.272013	4.058595466	95916.87461	0	0
neutron	939.56536	3.758111098	95916.87461	0	0
P32	29775.84838	1.029328391	95916.87461	0	0
neutron	939.56536	8.944931833	95901.51443	0	0
neutron	939.56536	4.728638127	95901.51443	0	0
neutron	939.56536	1.253189424	95901.51443	0	0
S32	29773.62828	0.07540178921	95901.51443	0	0
Ne23	21414.10216	0.2313339453	95866.48041	0	0
neutron	939.56536	0.3691769521	95831.5505	0	0
S34	31632.70018	0.1835709046	95831.5505	0	0
neutron	939.56536	6.287897182	95914.18689	0	0
proton	938.272013	2.966823204	95914.18689	0	0
neutron	939.56536	2.914875237	95914.18689	0	0
alpha	3727.379	8.150981935	95914.18689	0	0
Al28	26058.3459	1.673522941	95914.18689	0	0
Cl35	32564.60306	0.06547107593	97729.20326	659.2340874	659.1607508
Ne23	21414.10216	0.2174131281	95898.05393	0	0
neutron	939.56536	1.463346803	95952.48866	0	0
neutron	939.56536	0.308628551	95952.48866	0	0
S33	30704.55199	0.1947018896	95952.48866	0	0
neutron	939.56536	19.33831598	95912.54781	0	0
proton	938.272013	15.38458494	95912.54781	0	0
neutron	939.56536	7.421385732	95912.54781	0	0
neutron	939.56536	3.524219222	95912.54781	0	0
P31	28844.21869	0.3676562221	95912.54781	0	0
Cl35	32564.60306	0.2134557192	98998.62339	1091.338859	1091.099751
neutron	939.56536	0.3776983953	96147.54356	0	0
S36	33494.9558	0.1104378411	96147.54356	0	0
neutron	939.56536	22.08407184	96252.13312	0	0
neutron	939.56536	2.079859353	96252.13312	0	0
neutron	939.56536	2.039732453	96252.13312	0	0
Ne20	18617.73218	1.884049864	96252.13312	0	0
Na23	21409.21625	0.164136765	96966.31848	360.1525002	359.6273628
S35	32565.27968	0.1636640304	96024.52033	0	0
neutron	939.56536	10.3099158	96179.48507	0	0
neutron	939.56536	5.152845778	96179.48507	0	0
neutron	939.56536	3.594684854	96179.48507	0	0
alpha	3727.379	6.52758597	96179.48507	0	0
Si28	26053.19393	3.358408238	96179.48507	0	0
Cl37	34424.84314	0.4558735052	98155.70994	806.3494078	805.8895999
Na23	21409.21625	0.523887131	96877.9514	329.1263875	328.3808335
Na23	21409.21625	0.1898536506	99377.27917	1219.127194	1218.464475
S35	32565.27968	0.1583183537	96186.94382	0	0
neutron	939.56536	2.286689019	96156.68581	0	0
S34	31632.70018	0.2928630684	96156.68581	0	0
Cl35	32564.60306	0.1233202209	98711.5213	1050.238682	1049.811515
neutron	939.56536	9.004828376	96119.00458	0	0
proton	938.272013	7.043734904	96119.00458	0	0
neutron	939.56536	0.7379488919	96119.00458	0	0
alpha	3727.379	3.961932824	96119.00458	0	0
N16	14906.01287	1.77639801	96119.00458	0	0
neutron	939.56536	0.2967577444	95903.8842	0	0
S36	33494.9558	0.2048985035	95903.8842	0	0
neutron	939.56536	0.8167682619	95873.69567	0	0
S34	31632.70018	0.2344535127	95873.69567	0	0
Cl35	32564.60306	0.1421237658	98639.85325	1000.969716	1000.679445
neutron	939.56536	2.745155803	96070.26243	0	0
S34	31632.70018	0.1312614543	96070.26243	0	0
Cl37	34424.84314	0.07990922569	96532.32235	248.5117523	248.2766185
neutron	939.56536	11.9593319	95944.14487	0	0
neutron	939.56536	1.778365283	95944.14487	0	0
neutron	939.56536	1.751673948	95944.14487	0	0
Ne20	18617.73218	1.654564998	95944.14487	0	0
neutron	939.56536	4.03757776	95989.32209	0	0
Ne22	20479.73746	0.121486193	95989.32209	0	0
neutron	939.56536	21.44442167	95982.72933	0	0
neutron	939.56536	2.533954018	95982.72933	0	0
neutron	939.56536	1.714892977	95982.72933	0	0
S34	31632.70018	0.279853152	95982.72933	0	0
Na23	21409.21625	0.1675359441	96952.82693	348.0778362	347.8027421
neutron	939.56536	0.3107919683	95968.34394	0	0
S34	31632.70018	0.09057133843	95968.34394	0	0
neutron	939.56536	1.113115139	95997.14936	0	0
S34	31632.70018	0.1746309244	95997.14936	0	0
neutron	939.56536	3.002955572	95910.09213	0	0
S34	31632.70018	0.1516285424	95910.09213	0	0
neutron	939.56536	6.305843377	96237.73018	0	0
S34	31632.70018	0.05381466498	96237.73018	0	0
Cl35	32564.60306	0.1201366156	99848.55184	1451.091806	1450.967651
S35	32565.27968	0.1506766107	95969.43588	0	0
neutron	939.56536	0.5042167755	95806.68036	0	0
Ne22	20479.73746	0.1744399984	95806.68036	0	0
neutron	939.56536	0.2629984562	96070.94451	0	0
Ne22	20479.73746	0.1842801831	96070.94451	0	0
neutron	939.56536	3.156054724	95864.44126	0	0
Ne22	20479.73746	0.6105746814	95864.44126	0	0
neutron	939.56536	35.34958388	95998.4588	0	0
neutron	939.56536	3.911870221	95998.4588	0	0
neutron	939.56536	0.7190890276	95998.4588	0	0
S34	31632.70018	1.23162604	95998.4588	0	0
neutron	939.56536	30.90655291	96062.20599	0	0
neutron	939.56536	1.13843856	96062.20599	0	0
deuteron	1875.613	7.043814937	96062.20599	0	0
P31	28844.21869	0.251033724	96062.20599	0	0
neutron	939.56536	3.916803953	95944.3379	0	0
S34	31632.70018	0.03112176744	95944.3379	0	0
neutron	939.56536	4.014445697	95741.2219	0	0
S34	31632.70018	0.1251078951	95741.2219	0	0
Na23	21409.21625	0.1206399538	96720.68357	286.3326122	286.1974537
S35	32565.27968	0.1636257465	96049.06993	0	0
S35	32565.27968	0.1435345904	95931.62138	0	0
neutron	939.56536	7.657038142	96235.19166	0	0
neutron	939.56536	3.455836298	96235.19166	0	0
neutron	939.56536	3.198012919	96235.19166	0	0
S32	29773.62828	0.3543370725	96235.19166	0	0
Na23	21409.21625	0.1629216617	97181.93038	507.2568674	507.0298963
neutron	939.56536	4.592247119	95846.04217	0	0
neutron	939.56536	1.173959062	95846.04217	0	0
alpha	3727.379	13.26811672	95846.04217	0	0
Si29	26984.28567	1.978237831	95846.04217	0	0
Na23	21409.21625	0.1272379787	98475.62352	922.976178	922.7217691
Ne23	21414.10216	0.2262930349	95983.45425	0	0
S35	32565.27968	0.1359819551	95859.26121	0	0
Ne23	21414.10216	0.232676575	96227.54924	0	0
Na23	21409.21625	0.3455447553	96824.32546	348.4000406	347.7288378
neutron	939.56536	5.019518284	96020.79019	0	0
neutron	939.56536	0.1320079057	96020.79019	0	0
Ne21	19550.53637	0.1196233036	96020.79019	0	0
Cl35	32564.60306	0.09886906008	99101.12723	1135.347247	1134.515288
neutron	939.56536	5.321208892	96163.89063	0	0
neutron	939.56536	0.3169402216	96163.89063	0	0
Ne21	19550.53637	0.3674068573	96163.89063	0	0
Na23	21409.21625	0.3274836317	96250.65455	131.5900282	131.2619844
neutron	939.56536	2.50728508	96044.80008	0	0
S34	31632.70018	0.05043615463	96044.80008	0	0
neutron	939.56536	2.34838973	96323.5375	0	0
S34	31632.70018	0.1174134646	96323.5375	0	0
neutron	939.56536	0.2498273703	95799.28152	0	0
Ne22	20479.73746	0.3220122399	95799.28152	0	0
Cl35	32564.60306	0.0746859274	97450.79188	606.029206	605.6553329
Cl35	32564.60306	0.117419764	96983.5541	362.9894677	362.5042323
Cl35	32564.60306	0.08917538379	97561.52606	588.8901159	588.7586137
neutron	939.56536	1.388508352	95829.15198	0	0
S34	31632.70018	0.1111809424	95829.15198	0	0
neutron	939.56536	4.537756387	96029.30095	0	0
Ne22	20479.73746	0.3442893156	96029.30095	0	0
Na23	21409.21625	0.4003179338	97692.94411	671.6262508	670.9272718
neutron	939.56536	20.01200719	96020.9041	0	0
neutron	939.56536	6.341956355	96020.9041	0	0
neutron	939.56536	6.233317615	96020.9041	0	0
Ne20	18617.73218	3.067863959	96020.9041	0	0
neutron	939.56536	0.2953806501	95933.8939	0	0
Ne22	20479.73746	0.3284793305	95933.8939	0	0
neutron	939.56536	0.1341422324	96139.58936	0	0
S34	31632.70018	0.1641470401	96139.58936	0	0
S35	32565.27968	0.1665211615	96548.11518	0	0
neutron	939.56536	20.09037751	95902.88994	0	0
neutron	939.56536	7.326781679	95902.88994	0	0
neutron	939.56536	3.379962324	95902.88994	0	0
alpha	3727.379	6.613276803	95902.88994	0	0
O16	14895.08153	0.5545815118	95902.88994	0	0
neutron	939.56536	1.754634008	96025.11685	0	0
S36	33494.9558	0.1607182568	96025.11685	0	0
neutron	939.56536	1.492246461	96364.42252	0	0
S34	31632.70018	0.2628551384	96364.42252	0	0
neutron	939.56536	0.7494741378	96199.62135	0	0
S36	33494.9558	0.1996773604	96199.62135	0	0
Cl37	34424.84314	0.09627930791	96184.14418	117.1025031	116.9202442
neutron	939.56536	0.1746916237	96013.0203	0	0
S34	31632.70018	0.1822945952	96013.0203	0	0
proton	938.272013	5.875021848	96217.07145	0	0
neutron	939.56536	2.950190802	96217.07145	0	0
neutron	939.56536	2.302528447	96217.07145	0	0
neutron	939.56536	1.265199355	96217.07145	0	0
P31	28844.21869	1.136835135	96217.07145	0	0
neutron	939.56536	0.9046112982	95987.86025	0	0
S34	31632.70018	0.1285510377	95987.86025	0	0
Ne23	21414.10216	0.2064764601	95890.24584	0	0
Ne23	21414.10216	0.2226306404	95809.69925	0	0
neutron	939.56536	0.5675051567	96095.57112	0	0
S34	31632.70018	0.1519401769	96095.57112	0	0
neutron	939.56536	5.399324895	95963.08345	0	0
neutron	939.56536	2.291836418	95963.08345	0	0
neutron	939.56536	0.4005366043	95963.08345	0	0
Ne20	18617.73218	0.1900142033	95963.08345	0	0
neutron	939.56536	22.89911745	95904.28931	0	0
proton	938.272013	4.681231303	95904.28931	0	0
P33	30705.30994	0.6585461929	95904.28931	0	0
Cl35	32564.60306	0.1163205873	98714.42404	956.6772019	956.4478436
neutron	939.56536	1.876983816	96006.65385	0	0
alpha	3727.379	6.536496786	96006.65385	0	0
Si30	27913.24182	1.233831313	96006.65385	0	0
Cl37	34424.84314	0.1836720989	98521.26556	964.7813615	964.5472662
proton	938.272013	35.89367945	95944.32916	0	0
neutron	939.56536	0.5780516911	95944.32916	0	0
P33	30705.30994	0.8536089821	95944.32916	0	0
neutron	939.56536	0.4475068905	96231.83276	0	0
S34	31632.70018	0.213793514	96231.83276	0	0
neutron	939.56536	1.033121549	96201.55293	0	0
S36	33494.9558	0.221239776	96201.55293	0	0
neutron	939.56536	5.268826462	96074.87926	0	0
neutron	939.56536	4.153381883	96074.87926	0	0
proton	938.272013	3.60006028	96074.87926	0	0
neutron	939.56536	1.373941057	96074.87926	0	0
P31	28844.21869	0.07497852721	96074.87926	0	0
S37	34430.21755	0.138132612	96067.63988	0	0
neutron	939.56536	1.267479664	95972.15663	0	0
S34	31632.70018	0.1300501647	95972.15663	0	0
neutron	939.56536	1.059165054	96137.15723	0	0
S34	31632.70018	0.07979215697	96137.15723	0	0
neutron	939.56536	0.08241734977	95980.04943	0	0
Ne22	20479.73746	0.1677877615	95980.04943	0	0
neutron	939.56536	3.303770324	96066.84713	0	0
S36	33494.9558	0.2799472506	96066.84713	0	0
Cl35	32564.60306	0.07660935198	99812.83489	1428.953735	1428.775674
neutron	939.56536	0.1009243078	96086.82297	0	0
Ne22	20479.73746	0.2866223877	96086.82297	0	0
Cl35	32564.60306	0.1550287642	97996.75515	759.8316838	759.5567784
neutron	939.56536	0.2492356227	96213.5048	0	0
S34	31632.70018	0.1085766477	96213.5048	0	0
neutron	939.56536	0.3962484379	96043.00841	0	0
S34	31632.70018	0.1116170241	96043.00841	0	0
neutron	939.56536	0.6503932772	96165.43843	0	0
S34	31632.70018	0.1021796206	96165.43843	0	0
Cl35	32564.60306	0.07026373606	99676.25176	1383.285546	1382.505392
neutron	939.56536	1.306488014	95975.86427	0	0
S34	31632.70018	0.1554754217	95975.86427	0	0
neutron	939.56536	3.012338505	95997.93006	0	0
neutron	939.56536	0.5846903676	95997.93006	0	0
S33	30704.55199	0.3700511357	95997.93006	0	0
Cl35	32564.60306	0.08424409385	96983.07459	454.5590155	453.8903297
neutron	939.56536	5.061307478	95832.00546	0	0
alpha	3727.379	15.73253511	95832.00546	0	0
O18	16762.02378	4.138155275	95832.00546	0	0
neutron	939.56536	3.084413964	96131.60857	0	0
neutron	939.56536	2.966631308	96131.60857	0	0
Ne21	19550.53637	0.2672502361	96131.60857	0	0
proton	938.272013	8.141841083	95869.45855	0	0
neutron	939.56536	1.877048529	95869.45855	0	0
neutron	939.56536	0.9125895598	95869.45855	0	0
P32	29775.84838	0.02487256876	95869.45855	0	0
neutron	939.56536	36.88318974	96012.60526	0	0
proton	938.272013	12.27511636	96012.60526	0	0
proton	938.272013	2.85599364	96012.60526	0	0
neutron	939.56536	2.517010828	96012.60526	0	0
neutron	939.56536	0.09979001394	96012.60526	0	0
Si30	27913.24182	0.3761684969	96012.60526	0	0
Ne23	21414.10216	0.2217384892	96049.37258	0	0
Na23	21409.21625	0.2330450059	99799.44836	1420.252199	1419.976371
neutron	939.56536	2.640778766	96145.48613	0	0
neutron	939.56536	1.070557657	96145.48613	0	0
alpha	3727.379	8.547832617	96145.48613	0	0
O17	15830.5038	1.839216871	96145.48613	0	0
Cl37	34424.84314	0.2124350176	96454.43724	179.2511248	178.8104377
neutron	939.56536	18.96969216	96164.95865	0	0
neutron	939.56536	4.701053512	96164.95865	0	0
Ne21	19550.53637	0.1161638325	96164.95865	0	0
S35	32565.27968	0.1617812934	96118.9602	0	0
Cl35	32564.60306	0.1416987113	98971.31714	1143.999848	1143.782606
neutron	939.56536	2.081354741	96214.58817	0	0
neutron	939.56536	1.095558965	96214.58817	0	0
triton	2808.921	14.4186388	96214.58817	0	0
P30	27916.96459	2.053225837	96214.58817	0	0
S35	32565.27968	0.1540508936	95981.58658	0	0
neutron	939.56536	6.648982477	96418.9773	0	0
proton	938.272013	3.689042694	96418.9773	0	0
P33	30705.30994	0.223035769	96418.9773	0	0
neutron	939.56536	4.470438326	95885.38663	0	0
neutron	939.56536	4.149275236	95885.38663	0	0
neutron	939.56536	3.672527502	95885.38663	0	0
neutron	939.56536	3.079515768	95885.38663	0	0
neutron	939.56536	2.933622058	95885.38663	0	0
proton	938.272013	2.867682686	95885.38663	0	0
P31	28844.21869	0.247677258	95885.38663	0	0
Cl37	34424.84314	0.09886211512	98735.31358	990.8627066	990.714796
neutron	939.56536	1.534993389	95987.74388	0	0
S34	31632.70018	0.02593814737	95987.74388	0	0
neutron	939.56536	3.056579155	95990.83317	0	0
Ne22	20479.73746	0.4082638307	95990.83317	0	0
neutron	939.56536	0.3098639967	96122.89911	0	0
Ne22	20479.73746	0.3343915685	96122.89911	0	0
Ne23	21414.10216	0.2197185717	96227.33124	0	0
neutron	939.56536	0.5728160169	95890.06839	0	0
S36	33494.9558	0.1226677168	95890.06839	0	0
Na23	21409.21625	0.1850420095	96213.24364	79.79683486	79.48147439
neutron	939.56536	0.3535081637	95978.96426	0	0
Ne22	20479.73746	0.2179362604	95978.96426	0	0
S35	32565.27968	0.149112543	96187.94408	0	0
neutron	939.56536	1.525586419	96117.86022	0	0
S34	31632.70018	0.1816870684	96117.86022	0	0
Cl37	34424.84314	0.08960746349	97268.85978	547.5412491	547.2304215
S35	32565.27968	0.158133688	95792.41968	0	0
neutron	939.56536	1.583766613	96029.80944	0	0
S34	31632.70018	0.3482911018	96029.80944	0	0
S35	32565.27968	0.1499828793	95990.62533	0	0
neutron	939.56536	3.685611987	95923.57424	0	0
neutron	939.56536	0.6414599025	95923.57424	0	0
Ne21	19550.53637	0.3393714212	95923.57424	0	0
Cl35	32564.60306	0.2275818947	98806.78333	1076.685744	1076.408894
Cl35	32564.60306	0.07313457638	99729.16724	1400.008232	1399.792717
Cl37	34424.84314	0.1061607409	96930.93048	344.4090859	344.1788758
Na23	21409.21625	0.2291785827	99139.2508	1195.648491	1195.40973
neutron	939.56536	0.1535497842	96108.75554	0	0
S34	31632.70018	0.1303269361	96108.75554	0	0
S35	32565.27968	0.1450445065	95939.47761	0	0
neutron	939.56536	1.875822078	95955.09928	0	0
S34	31632.70018	0.1040302016	95955.09928	0	0
neutron	939.56536	0.6083529197	96509.30987	0	0
S34	31632.70018	0.1311297633	96509.30987	0	0
Cl35	32564.60306	0.08004213416	98380.29149	846.8066091	846.6743584
Ne23	21414.10216	0.2200077718	96215.2388	0	0
Cl37	34424.84314	0.1290376193	99927.55216	1474.110642	1473.841871
S35	32565.27968	0.1442052305	95947.17649	0	0
Cl35	32564.60306	0.3454668463	96828.29658	372.3486035	371.8620913
Cl37	34424.84314	0.07177148575	96415.24838	265.9440643	265.7790028
proton	938.272013	27.45492685	95797.58391	0	0
neutron	939.56536	1.936023699	95797.58391	0	0
F21	19556.73074	0.8351541981	95797.58391	0	0
neutron	939.56536	0.9633390327	95769.38875	0	0
S34	31632.70018	0.08360543576	95769.38875	0	0
neutron	939.56536	0.1724947814	95939.04867	0	0
S36	33494.9558	0.1575101786	95939.04867	0	0
Na23	21409.21625	0.2077081193	98554.56368	989.3960338	989.0181097
neutron	939.56536	35.76097702	95807.75259	0	0
neutron	939.56536	6.959768047	95807.75259	0	0
neutron	939.56536	1.36286005	95807.75259	0	0
alpha	3727.379	6.370842146	95807.75259	0	0
O16	14895.08153	3.010549522	95807.75259	0	0
Na23	21409.21625	0.1302567668	98074.92635	779.943459	779.7871541
proton	938.272013	7.857368789	95925.83243	0	0
neutron	939.56536	3.825738149	95925.83243	0	0
neutron	939.56536	1.31202825	95925.83243	0	0
neutron	939.56536	1.308706578	95925.83243	0	0
P31	28844.21869	0.3790867441	95925.83243	0	0
neutron	939.56536	5.7218843	96210.94887	0	0
neutron	939.56536	3.284790157	96210.94887	0	0
S33	30704.55199	0.7077309391	96210.94887	0	0
proton	938.272013	14.44761242	96184.89068	0	0
neutron	939.56536	4.549976671	96184.89068	0	0
neutron	939.56536	2.767517465	96184.89068	0	0
proton	938.272013	2.396294384	96184.89068	0	0
neutron	939.56536	1.094726791	96184.89068	0	0
O18	16762.02378	1.049371602	96184.89068	0	0
Cl35	32564.60306	0.1587009454	98253.74178	720.3595413	720.0079016
neutron	939.56536	2.595497593	96366.28491	0	0
S34	31632.70018	0.1993523515	96366.28491	0	0
neutron	939.56536	0.3110134821	96057.31899	0	0
S34	31632.70018	0.2208524621	96057.31899	0	0
neutron	939.56536	1.988331217	95942.14164	0	0
S36	33494.9558	0.08624728439	95942.14164	0	0
S35	32565.27968	0.1664432793	96052.15455	0	0
proton	938.272013	22.39521133	95883.77718	0	0
neutron	939.56536	0.9028647989	95883.77718	0	0
neutron	939.56536	0.1523073036	95883.77718	0	0
P32	29775.84838	0.8786919228	95883.77718	0	0
neutron	939.56536	0.5021226084	96015.08336	0	0
S34	31632.70018	0.2016940324	96015.08336	0	0
proton	938.272013	32.52519001	95977.68819	0	0
neutron	939.56536	7.089581174	95977.68819	0	0
neutron	939.56536	1.16135427	95977.68819	0	0
P34	31638.59261	2.005942336	95977.68819	0	0
neutron	939.56536	12.08552198	96063.27998	0	0
neutron	939.56536	3.376219148	96063.27998	0	0
alpha	3727.379	8.131442275	96063.27998	0	0
O17	15830.5038	2.517747752	96063.27998	0	0
neutron	939.56536	1.2597421	95844.36551	0	0
S34	31632.70018	0.06076881455	95844.36551	0	0
Ne23	21414.10216	0.2306773365	95734.77921	0	0
neutron	939.56536	0.07720984187	95984.91877	0	0
S34	31632.70018	0.1374975651	95984.91877	0	0
neutron	939.56536	0.6878298146	95902.01141	0	0
Ne22	20479.73746	0.114546444	95902.01141	0	0
Cl37	34424.84314	0.2070909105	98370.85215	921.7507059	921.4634916
Cl35	32564.60306	0.07676954576	97312.93711	521.1787577	520.9832707
neutron	939.56536	0.1085951533	95881.05884	0	0
Ne22	20479.73746	0.1592761565	95881.05884	0	0
Ne23	21414.10216	0.2063704367	95815.88597	0	0
neutron	939.56536	0.117545107	96119.39686	0	0
Ne22	20479.73746	0.2021362603	96119.39686	0	0
neutron	939.56536	30.17513195	95851.1238	0	0
neutron	939.56536	6.354838993	95851.1238	0	0
neutron	939.56536	3.886432231	95851.1238	0	0
Ne20	18617.73218	1.605231763	95851.1238	0	0
neutron	939.56536	0.09952986497	95799.13254	0	0
Ne22	20479.73746	0.2246920312	95799.13254	0	0
neutron	939.56536	1.266471773	95911.41178	0	0
S34	31632.70018	0.2269778562	95911.41178	0	0
neutron	939.56536	31.55459012	96202.36101	0	0
neutron	939.56536	3.043610038	96202.36101	0	0
neutron	939.56536	0.626723656	96202.36101	0	0
S32	29773.62828	1.406091762	96202.36101	0	0
neutron	939.56536	0.8667682412	95914.84823	0	0
S34	31632.70018	0.09580168455	95914.84823	0	0
neutron	939.56536	9.084174339	96021.19213	0	0
proton	938.272013	4.845646394	96021.19213	0	0
neutron	939.56536	1.762094275	96021.19213	0	0
P32	29775.84838	1.24967122	96021.19213	0	0
neutron	939.56536	15.41418862	95893.24065	0	0
proton	938.272013	11.58444468	95893.24065	0	0
F21	19556.73074	1.312157249	95893.24065	0	0
S35	32565.27968	0.1447934788	95940.57127	0	0
Ne23	21414.10216	0.208985324	96161.65758	0	0
neutron	939.56536	5.032332152	96086.89759	0	0
proton	938.272013	2.872525684	96086.89759	0	0
P33	30705.30994	0.4490056316	96086.89759	0	0
neutron	939.56536	1.118323007	96211.98288	0	0
Ne22	20479.73746	0.1056295124	96211.98288	0	0
neutron	939.56536	1.071378943	96104.76524	0	0
S34	31632.70018	0.077090234	96104.76524	0	0
neutron	939.56536	0.5810567689	96263.73316	0	0
Ne22	20479.73746	0.2452091747	96263.73316	0	0
neutron	939.56536	0.8971821186	95994.93929	0	0
S36	33494.9558	0.06141963629	95994.93929	0	0
S37	34430.21755	0.1335422594	96173.55543	0	0
Cl37	34424.84314	0.06831665903	96771.16634	319.527137	319.3048483
Ne23	21414.10216	0.2041093009	95894.73468	0	0
neutron	939.56536	11.40348802	96227.9243	0	0
neutron	939.56536	1.078318142	96227.9243	0	0
alpha	3727.379	10.25032327	96227.9243	0	0
O17	15830.5038	3.705017011	96227.9243	0	0
neutron	939.56536	33.02672625	95933.7765	0	0
neutron	939.56536	17.09612482	95933.7765	0	0
neutron	939.56536	5.565201578	95933.7765	0	0
S32	29773.62828	0.8538223163	95933.7765	0	0
neutron	939.56536	0.1559831318	95947.23228	0	0
S34	31632.70018	0.1539657085	95947.23228	0	0
S37	34430.21755	0.1439429331	96077.56275	0	0
Ne23	21414.10216	0.2179896579	96271.09395	0	0
proton	938.272013	15.88280259	96029.33019	0	0
proton	938.272013	2.31246353	96029.33019	0	0
neutron	939.56536	1.854152163	96029.33019	0	0
O20	18629.59082	0.7114132229	96029.33019	0	0
neutron	939.56536	0.6767473236	96082.60961	0	0
Ne22	20479.73746	0.2205010119	96082.60961	0	0
neutron	939.56536	1.733480817	96046.78255	0	0
S34	31632.70018	0.3076629266	96046.78255	0	0
neutron	939.56536	4.750402516	96185.01142	0	0
neutron	939.56536	3.685077723	96185.01142	0	0
neutron	939.56536	2.770277281	96185.01142	0	0
alpha	3727.379	8.911332601	96185.01142	0	0
Si28	26053.19393	1.185300528	96185.01142	0	0
neutron	939.56536	8.453293287	96125.23638	0	0
neutron	939.56536	6.294491901	96125.23638	0	0
neutron	939.56536	4.934608591	96125.23638	0	0
Ne20	18617.73218	0.3684230918	96125.23638	0	0
Cl35	32564.60306	0.1170013325	96887.4972	390.1662795	389.9934441
neutron	939.56536	0.09101549251	95984.40036	0	0
S34	31632.70018	0.1770257066	95984.40036	0	0
neutron	939.56536	0.3273919852	95883.61415	0	0
Ne22	20479.73746	0.2166448312	95883.61415	0	0
neutron	939.56536	5.84049493	95770.05429	0	0
neutron	939.56536	1.456295859	95770.05429	0	0
neutron	939.56536	1.419482543	95770.05429	0	0
alpha	3727.379	3.098649255	95770.05429	0	0
O16	14895.08153	3.18406212	95770.05429	0	0
Cl35	32564.60306	0.1735865543	99232.91228	1210.794438	1210.51032
neutron	939.56536	2.488903365	96050.1274	0	0
S36	33494.9558	0.06912227051	96050.1274	0	0
Ne23	21414.10216	0.2288009557	95985.26685	0	0
S37	34430.21755	0.1448020596	95867.40305	0	0
neutron	939.56536	0.8476746694	95891.53026	0	0
S36	33494.9558	0.2017259416	95891.53026	0	0
neutron	939.56536	6.487813912	96171.61114	0	0
neutron	939.56536	5.126836348	96171.61114	0	0
neutron	939.56536	2.465666427	96171.61114	0	0
neutron	939.56536	1.268194529	96171.61114	0	0
S33	30704.55199	0.1912020479	96171.61114	0	0
neutron	939.56536	1.324726259	96025.89231	0	0
S34	31632.70018	0.1429377182	96025.89231	0	0
neutron	939.56536	3.021782112	95954.30557	0	0
S34	31632.70018	0.02221516121	95954.30557	0	0
neutron	939.56536	2.071201819	95989.53631	0	0
Ne22	20479.73746	0.3154566009	95989.53631	0	0
neutron	939.56536	0.9447511754	95845.34836	0	0
S34	31632.70018	0.1637215835	95845.34836	0	0
neutron	939.56536	2.534549462	96145.34612	0	0
S34	31632.70018	0.343573751	96145.34612	0	0
neutron	939.56536	1.057335566	95820.81878	0	0
Ne22	20479.73746	0.3631413521	95820.81878	0	0
S35	32565.27968	0.1583528154	95901.71429	0	0
proton	938.272013	17.43912974	95869.09202	0	0
neutron	939.56536	1.603929221	95869.09202	0	0
neutron	939.56536	0.8142801605	95869.09202	0	0
P34	31638.59261	0.7714801969	95869.09202	0	0
neutron	939.56536	2.906849954	96009.80097	0	0
S34	31632.70018	0.4376603611	96009.80097	0	0
Na23	21409.21625	0.1036524107	96592.96331	273.6374193	273.4406355
neutron	939.56536	0.286922838	95921.11736	0	0
alpha	3727.379	6.477552602	95921.11736	0	0
Si30	27913.24182	0.4129761819	95921.11736	0	0
Cl35	32564.60306	0.2306594367	99211.06779	1191.641098	1191.332964
Na23	21409.21625	0.1712940995	97857.00943	682.5021365	682.2932199
Cl35	32564.60306	0.07031617364	96093.07301	48.71834361	48.56762036
proton	938.272013	8.017274615	96073.59215	0	0
neutron	939.56536	7.166965011	96073.59215	0	0
neutron	939.56536	1.875033549	96073.59215	0	0
F20	18625.26686	0.3125002279	96073.59215	0	0
proton	938.272013	7.207277653	95918.57436	0	0
neutron	939.56536	2.726092564	95918.57436	0	0
P33	30705.30994	0.2976592814	95918.57436	0	0
Cl37	34424.84314	0.0637601112	99887.19838	1452.191916	1452.030701
neutron	939.56536	2.899534034	96190.03391	0	0
S34	31632.70018	0.01310924881	96190.03391	0	0
Cl35	32564.60306	0.07508375477	97166.94435	515.5511172	515.4401919
Ne23	21414.10216	0.2300751266	96199.2681	0	0
neutron	939.56536	0.1668057558	95953.14536	0	0
Ne22	20479.73746	0.2350272461	95953.14536	0	0
Cl37	34424.84314	0.07579738655	97664.60345	668.5052925	668.1190619
Ne23	21414.10216	0.2296522694	96012.90062	0	0
neutron	939.56536	7.058568001	96108.51372	0	0
neutron	939.56536	3.812520205	96108.51372	0	0
neutron	939.56536	1.84215274	96108.51372	0	0
alpha	3727.379	4.647332926	96108.51372	0	0
O16	14895.08153	1.24780741	96108.51372	0	0
Ne23	21414.10216	0.2290120709	95840.51822	0	0
Ne23	21414.10216	0.2003971072	95903.40931	0	0
Ne23	21414.10216	0.2200812077	95798.5655	0	0
neutron	939.56536	8.14869069	95945.55672	0	0
neutron	939.56536	3.1289919	95945.55672	0	0
alpha	3727.379	5.614595245	95945.55672	0	0
O17	15830.5038	0.4856620279	95945.55672	0	0
Cl35	32564.60306	0.07792394191	96955.21163	393.3698488	393.2582653
neutron	939.56536	1.554655579	95934.3469	0	0
Ne22	20479.73746	0.3081631825	95934.3469	0	0
neutron	939.56536	2.729508967	96014.58284	0	0
S36	33494.9558	0.205443884	96014.58284	0	0
proton	938.272013	19.92308329	96046.20417	0	0
neutron	939.56536	15.92908049	96046.20417	0	0
neutron	939.56536	1.406846666	96046.20417	0	0
P32	29775.84838	0.5701248596	96046.20417	0	0
Ne23	21414.10216	0.2203753856	95824.74853	0	0
neutron	939.56536	3.980343007	96241.47557	0	0
S34	31632.70018	0.384424148	96241.47557	0	0
neutron	939.56536	1.969174605	96027.05399	0	0
S34	31632.70018	0.2801820088	96027.05399	0	0
neutron	939.56536	8.95067401	95892.55779	0	0
neutron	939.56536	3.829488167	95892.55779	0	0
S33	30704.55199	0.7670291291	95892.55779	0	0
Cl35	32564.60306	0.08846450807	96779.1944	299.323026	299.0607669
S35	32565.27968	0.1602750441	96079.04309	0	0
Cl35	32564.60306	0.2019562173	96624.56805	287.211803	286.9447822
neutron	939.56536	1.735000717	95991.98708	0	0
Ne22	20479.73746	0.3128087876	95991.98708	0	0
Cl35	32564.60306	0.07886454928	96402.77114	246.0884404	245.7995265
Na23	21409.21625	0.2447323356	96525.62766	274.6651316	274.2357643
neutron	939.56536	1.48426281	96249.65261	0	0
S34	31632.70018	0.3168402777	96249.65261	0	0
neutron	939.56536	12.06163316	96017.52558	0	0
neutron	939.56536	2.685273364	96017.52558	0	0
neutron	939.56536	2.412766418	96017.52558	0	0
Ne20	18617.73218	0.1348059424	96017.52558	0	0
Cl35	32564.60306	0.06989595782	96521.18068	258.9572125	258.8776179
S35	32565.27968	0.1539700616	95888.43737	0	0
neutron	939.56536	0.3053798241	95920.41804	0	0
S34	31632.70018	0.120036491	95920.41804	0	0
neutron	939.56536	1.501837049	96285.11725	0	0
neutron	939.56536	1.453908962	96285.11725	0	0
S33	30704.55199	0.1074376621	96285.11725	0	0
neutron	939.56536	5.726608344	95976.81007	0	0
neutron	939.56536	2.196599318	95976.81007	0	0
Ne21	19550.53637	0.2824448913	95976.81007	0	0
Cl37	34424.84314	0.1052639762	97481.29469	557.7012896	556.9583265
Cl37	34424.84314	0.1049274356	99425.0018	1273.271468	1273.141968
neutron	939.56536	1.404024613	96174.36364	0	0
S34	31632.70018	0.2406815197	96174.36364	0	0
Ne23	21414.10216	0.2229346555	96153.88495	0	0
neutron	939.56536	0.09542094323	96354.616	0	0
S34	31632.70018	0.1568627136	96354.616	0	0
Cl35	32564.60306	0.1043480669	96739.78968	323.223094	322.9404729
neutron	939.56536	6.149008019	95968.25614	0	0
neutron	939.56536	4.339885756	95968.25614	0	0
neutron	939.56536	2.024232142	95968.25614	0	0
S32	29773.62828	0.02529513405	95968.25614	0	0
Cl37	34424.84314	0.1073071508	98617.96819	912.3353287	912.0341406
neutron	939.56536	2.25752643	96069.62093	0	0
S36	33494.9558	0.1581691204	96069.62093	0	0
Cl35	32564.60306	0.07489472852	97976.61529	765.0246189	764.9359845
neutron	939.56536	3.86029008	95972.70645	0	0
neutron	939.56536	0.1624963913	95972.70645	0	0
S33	30704.55199	0.2702489586	95972.70645	0	0
Ne23	21414.10216	0.2250533314	95959.70447	0	0
neutron	939.56536	10.21030626	95994.92126	0	0
neutron	939.56536	0.1267477726	95994.92126	0	0
Ne21	19550.53637	0.5978516764	95994.92126	0	0
neutron	939.56536	0.36845649	95840.66558	0	0
S36	33494.9558	0.1475518054	95840.66558	0	0
neutron	939.56536	2.858574075	96015.04299	0	0
deuteron	1875.613	20.5979823	96015.04299	0	0
P32	29775.84838	1.511912123	96015.04299	0	0
Cl35	32564.60306	0.06468290632	97311.65442	569.0521946	568.8614571
proton	938.272013	15.85263661	95911.1218	0	0
neutron	939.56536	11.52579346	95911.1218	0	0
neutron	939.56536	6.732421543	95911.1218	0	0
neutron	939.56536	4.559892812	95911.1218	0	0
P31	28844.21869	0.1273315429	95911.1218	0	0
neutron	939.56536	6.912025843	96000.30529	0	0
neutron	939.56536	4.027295938	96000.30529	0	0
neutron	939.56536	2.892190828	96000.30529	0	0
alpha	3727.379	10.28783053	96000.30529	0	0
O16	14895.08153	2.84240774	96000.30529	0	0
proton	938.272013	9.39101545	95893.94724	0	0
neutron	939.56536	8.116293653	95893.94724	0	0
neutron	939.56536	5.65960439	95893.94724	0	0
neutron	939.56536	1.563582729	95893.94724	0	0
alpha	3727.379	6.071184645	95893.94724	0	0
N15	13968.93638	0.05180734977	95893.94724	0	0
neutron	939.56536	0.5655697555	95933.05837	0	0
S34	31632.70018	0.1140999991	95933.05837	0	0
neutron	939.56536	6.192366628	96166.11331	0	0
neutron	939.56536	2.844467134	96166.11331	0	0
neutron	939.56536	0.5153382388	96166.11331	0	0
S32	29773.62828	0.2106355438	96166.11331	0	0
S35	32565.27968	0.1606506906	95859.784	0	0
neutron	939.56536	2.775400553	95841.15987	0	0
S36	33494.9558	0.314290055	95841.15987	0	0
neutron	939.56536	38.38947053	95947.11032	0	0
neutron	939.56536	11.6383567	95947.11032	0	0
neutron	939.56536	0.9551439316	95947.11032	0	0
Ne20	18617.73218	1.559138019	95947.11032	0	0
neutron	939.56536	0.4492076331	95995.69566	0	0
S34	31632.70018	0.1878046001	95995.69566	0	0
proton	938.272013	6.486314856	96090.07087	0	0
neutron	939.56536	4.272771958	96090.07087	0	0
neutron	939.56536	1.574150656	96090.07087	0	0
F20	18625.26686	0.2695895596	96090.07087	0	0
neutron	939.56536	10.79267448	95849.03503	0	0
neutron	939.56536	1.773154913	95849.03503	0	0
neutron	939.56536	0.3502228177	95849.03503	0	0
S34	31632.70018	0.390485654	95849.03503	0	0
Cl35	32564.60306	0.2178394579	98742.13482	1013.481327	1013.17603
neutron	939.56536	4.129078681	96089.70025	0	0
neutron	939.56536	1.122259794	96089.70025	0	0
neutron	939.56536	0.0547763853	96089.70025	0	0
Ne20	18617.73218	0.2295955434	96089.70025	0	0
Cl35	32564.60306	0.0811688473	96696.31892	295.3029612	295.2011735
neutron	939.56536	0.1826822167	96083.81691	0	0
S36	33494.9558	0.1177782124	96083.81691	0	0
neutron	939.56536	0.5246346664	96008.2122	0	0
S34	31632.70018	0.2276854017	96008.2122	0	0
S35	32565.27968	0.148243031	95848.38509	0	0
neutron	939.56536	13.05526622	95865.44318	0	0
neutron	939.56536	10.79101721	95865.44318	0	0
proton	938.272013	3.646482466	95865.44318	0	0
proton	938.272013	3.551959304	95865.44318	0	0
neutron	939.56536	2.24003149	95865.44318	0	0
Si30	27913.24182	0.08629815732	95865.44318	0	0
S35	32565.27968	0.1669682022	96003.55502	0	0
neutron	939.56536	9.387693868	95962.66423	0	0
proton	938.272013	8.871614718	95962.66423	0	0
P35	32569.77755	0.7280503148	95962.66423	0	0
Cl35	32564.60306	0.07899618593	97745.60605	665.7486345	665.4452984
S35	32565.27968	0.1602993094	96005.56224	0	0
Ne23	21414.10216	0.2176903725	95924.02745	0	0
neutron	939.56536	0.8476407894	95891.5403	0	0
S34	31632.70018	0.05891149276	95891.5403	0	0
proton	938.272013	5.189767764	95983.29017	0	0
neutron	939.56536	4.258813408	95983.29017	0	0
neutron	939.56536	1.594049986	95983.29017	0	0
P32	29775.84838	0.04321165835	95983.29017	0	0
Na23	21409.21625	0.1339912145	96355.5212	113.424192	113.184845
neutron	939.56536	1.466211976	96161.82094	0	0
S34	31632.70018	0.2458240826	96161.82094	0	0
neutron	939.56536	0.458988172	95982.3805	0	0
Ne22	20479.73746	0.222636544	95982.3805	0	0
neutron	939.56536	0.5651274364	95988.53147	0	0
S34	31632.70018	0.2308627201	95988.53147	0	0
neutron	939.56536	0.9475459692	95921.2161	0	0
Ne22	20479.73746	0.1246420801	95921.2161	0	0
Cl37	34424.84314	0.2144136816	97114.61916	419.433525	419.0017596
Cl35	32564.60306	0.1226469623	98917.79713	1089.463965	1089.125756
neutron	939.56536	20.07292295	95801.45132	0	0
neutron	939.56536	5.308648973	95801.45132	0	0
neutron	939.56536	0.8830586517	95801.45132	0	0
S34	31632.70018	0.5360427415	95801.45132	0	0
Ne23	21414.10216	0.205994125	95859.78885	0	0
neutron	939.56536	1.028266594	96024.27194	0	0
S34	31632.70018	0.09516124236	96024.27194	0	0
proton	938.272013	50.93516347	96020.10866	0	0
neutron	939.56536	2.557348365	96020.10866	0	0
neutron	939.56536	1.940821797	96020.10866	0	0
P32	29775.84838	2.250457681	96020.10866	0	0
Na23	21409.21625	0.1894495077	96521.18036	213.3452183	213.1557688
neutron	939.56536	0.2786153233	96070.97405	0	0
S34	31632.70018	0.1299565147	96070.97405	0	0
neutron	939.56536	8.096276501	95957.9663	0	0
proton	938.272013	7.375532225	95957.9663	0	0
F21	19556.73074	0.1548318155	95957.9663	0	0
Na23	21409.21625	0.3957413083	98987.51614	1122.308398	1121.747854
Cl37	34424.84314	0.1147705031	96059.97472	75.94265461	75.52827693
Cl37	34424.84314	0.1948259211	97544.79735	588.6747157	588.3820622
Na23	21409.21625	0.1354150968	99816.86423	1430.965557	1430.683082
neutron	939.56536	0.9725105229	96097.64831	0	0
S36	33494.9558	0.06806186878	96097.64831	0	0
neutron	939.56536	48.66084898	95872.84261	0	0
neutron	939.56536	20.29456671	95872.84261	0	0
neutron	939.56536	1.810412075	95872.84261	0	0
S34	31632.70018	0.3641273718	95872.84261	0	0
Ne23	21414.10216	0.2293429537	95890.10661	0	0
Na23	21409.21625	0.2206726605	96422.55008	160.1637367	159.9424257
neutron	939.56536	1.071493769	96142.09599	0	0
Ne22	20479.73746	0.3356131724	96142.09599	0	0
neutron	939.56536	31.50723022	95778.33998	0	0
neutron	939.56536	2.369528906	95778.33998	0	0
neutron	939.56536	1.426883326	95778.33998	0	0
Ne20	18617.73218	1.338430611	95778.33998	0	0
neutron	939.56536	0.8912028681	96032.72818	0	0
S34	31632.70018	0.118759764	96032.72818	0	0
neutron	939.56536	6.926785051	96193.8125	0	0
neutron	939.56536	2.325914462	96193.8125	0	0
neutron	939.56536	0.06633838108	96193.8125	0	0
S32	29773.62828	0.3248478879	96193.8125	0	0
neutron	939.56536	15.95179668	96133.22719	0	0
neutron	939.56536	5.62969912	96133.22719	0	0
neutron	939.56536	2.973719178	96133.22719	0	0
alpha	3727.379	4.145317059	96133.22719	0	0
O16	14895.08153	1.212388206	96133.22719	0	0
neutron	939.56536	5.323946844	96062.71293	0	0
alpha	3727.379	5.626150521	96062.71293	0	0
O18	16762.02378	1.701224614	96062.71293	0	0
neutron	939.56536	0.7548912541	96002.18528	0	0
S36	33494.9558	0.2294732457	96002.18528	0	0
Ne23	21414.10216	0.2199313996	95874.20859	0	0
neutron	939.56536	8.612711141	96168.12774	0	0
neutron	939.56536	1.335738448	96168.12774	0	0
alpha	3727.379	10.08731962	96168.12774	0	0
Si29	26984.28567	2.579917764	96168.12774	0	0
neutron	939.56536	2.110734721	95984.67249	0	0
S36	33494.9558	0.1352338564	95984.67249	0	0
proton	938.272013	7.309950454	96105.2517	0	0
neutron	939.56536	1.689626723	96105.2517	0	0
triton	2808.921	4.295840317	96105.2517	0	0
Si30	27913.24182	1.544806652	96105.2517	0	0
neutron	939.56536	0.1550270948	96452.46023	0	0
Ne22	20479.73746	0.2517133938	96452.46023	0	0
proton	938.272013	25.02601024	96325.85067	0	0
neutron	939.56536	9.089566805	96325.85067	0	0
proton	938.272013	4.097044682	96325.85067	0	0
neutron	939.56536	1.155281685	96325.85067	0	0
neutron	939.56536	0.3196789825	96325.85067	0	0
Si30	27913.24182	1.973734894	96325.85067	0	0
neutron	939.56536	1.430872428	95992.00297	0	0
S36	33494.9558	0.1165511067	95992.00297	0	0
neutron	939.56536	1.772252081	96196.94832	0	0
Ne22	20479.73746	0.3098575917	96196.94832	0	0
S35	32565.27968	0.140691898	96241.57012	0	0
Ne23	21414.10216	0.2216275896	96197.80523	0	0
Cl35	32564.60306	1.221189364	97135.72269	425.7190809	424.2117875
neutron	939.56536	0.8431640664	96034.21545	0	0
S34	31632.70018	0.2751335195	96034.21545	0	0
neutron	939.56536	0.9263338125	95993.25967	0	0
Ne22	20479.73746	0.4017071514	95993.25967	0	0
proton	938.272013	6.64378841	96037.1484	0	0
neutron	939.56536	6.174616215	96037.1484	0	0
neutron	939.56536	5.266335779	96037.1484	0	0
neutron	939.56536	1.83055671	96037.1484	0	0
P31	28844.21869	0.1664626606	96037.1484	0	0
Ne23	21414.10216	0.2288397199	95896.83369	0	0
proton	938.272013	10.17276029	96028.34315	0	0
neutron	939.56536	1.193013947	96028.34315	0	0
neutron	939.56536	0.576297086	96028.34315	0	0
P32	29775.84838	0.3643386181	96028.34315	0	0
Cl35	32564.60306	0.1596151173	97789.85044	623.5344502	623.1108678
neutron	939.56536	2.678372008	96176.06869	0	0
S36	33494.9558	0.01667182772	96176.06869	0	0
S37	34430.21755	0.1434245549	95875.51306	0	0
proton	938.272013	12.29555379	96129.80992	0	0
neutron	939.56536	4.922002467	96129.80992	0	0
neutron	939.56536	3.553354019	96129.80992	0	0
F20	18625.26686	0.506624286	96129.80992	0	0
neutron	939.56536	6.687436588	95920.19304	0	0
proton	938.272013	2.490002004	95920.19304	0	0
neutron	939.56536	2.332026857	95920.19304	0	0
neutron	939.56536	1.190726622	95920.19304	0	0
P33	30705.30994	0.147050351	95920.19304	0	0
neutron	939.56536	2.649800676	95950.42715	0	0
S34	31632.70018	0.2497451548	95950.42715	0	0
Ne23	21414.10216	0.2132178921	95761.68566	0	0
Na23	21409.21625	0.3251056031	99387.73268	1302.782457	1302.415039
neutron	939.56536	32.75190625	95891.81122	0	0
proton	938.272013	7.224749867	95891.81122	0	0
neutron	939.56536	4.341286586	95891.81122	0	0
F20	18625.26686	2.326814597	95891.81122	0	0
neutron	939.56536	1.786362488	96128.29611	0	0
S34	31632.70018	0.1840199497	96128.29611	0	0
Cl37	34424.84314	0.1103645941	97882.59275	689.8252144	689.6985965
S35	32565.27968	0.1441772695	96072.22326	0	0
S35	32565.27968	0.1638261476	96045.75205	0	0
Cl35	32564.60306	0.08062269417	97798.1652	660.4339545	660.3399994
S35	32565.27968	0.1599837225	96017.50034	0	0
neutron	939.56536	0.226731793	96209.44189	0	0
Ne22	20479.73746	0.1683469282	96209.44189	0	0
neutron	939.56536	6.234595799	96005.95794	0	0
neutron	939.56536	5.353249295	96005.95794	0	0
neutron	939.56536	2.881141522	96005.95794	0	0
S34	31632.70018	0.1665409542	96005.95794	0	0
neutron	939.56536	4.060858058	96023.91133	0	0
neutron	939.56536	3.767442167	96023.91133	0	0
neutron	939.56536	2.517342925	96023.91133	0	0
neutron	939.56536	0.161160988	96023.91133	0	0
S33	30704.55199	0.06335466488	96023.91133	0	0
neutron	939.56536	3.369445437	96061.34523	0	0
neutron	939.56536	2.195150274	96061.34523	0	0
Ne21	19550.53637	0.707049562	96061.34523	0	0
Cl35	32564.60306	0.108791746	98035.41301	779.447612	779.3122813
neutron	939.56536	21.78632915	96125.34075	0	0
neutron	939.56536	4.092408863	96125.34075	0	0
neutron	939.56536	2.943687606	96125.34075	0	0
Ne20	18617.73218	2.026198012	96125.34075	0	0
neutron	939.56536	5.883284412	96029.96623	0	0
neutron	939.56536	1.199136719	96029.96623	0	0
Ne21	19550.53637	0.1586155805	96029.96623	0	0
S35	32565.27968	0.149912389	96056.85409	0	0
S35	32565.27968	0.1412142445	96118.51584	0	0
neutron	939.56536	20.42095855	95904.08054	0	0
neutron	939.56536	6.425050186	95904.08054	0	0
neutron	939.56536	6.259143249	95904.08054	0	0
S32	29773.62828	0.3289268742	95904.08054	0	0
Na23	21409.21625	0.107404635	97520.90747	616.0596856	615.8527121
neutron	939.56536	25.89961755	95866.69676	0	0
proton	938.272013	22.24442017	95866.69676	0	0
P35	32569.77755	0.7292156219	95866.69676	0	0
Cl35	32564.60306	0.1569017383	97607.86707	580.6699907	580.4301233
Na23	21409.21625	1.792450283	97546.79416	559.6023157	557.6695772
Ne23	21414.10216	0.1978339193	95930.58816	0	0
Ne23	21414.10216	0.217043993	96102.20478	0	0
neutron	939.56536	4.041750193	96003.32039	0	0
S34	31632.70018	0.5120664907	96003.32039	0	0
neutron	939.56536	2.33972447	96030.97818	0	0
S36	33494.9558	0.08110331453	96030.97818	0	0
proton	938.272013	29.59117354	96624.33615	0	0
neutron	939.56536	11.74939219	96624.33615	0	0
proton	938.272013	5.788541269	96624.33615	0	0
neutron	939.56536	0.08493200116	96624.33615	0	0
Si31	28846.21977	1.000179194	96624.33615	0	0
Cl35	32564.60306	0.06674407871	98178.9702	809.9282873	809.8476232
neutron	939.56536	0.6353561379	95910.05228	0	0
S34	31632.70018	0.2152123326	95910.05228	0	0
Cl35	32564.60306	0.1918886263	97805.04331	666.5332486	666.088487
S35	32565.27968	0.1657171378	96182.86599	0	0
Cl35	32564.60306	0.173644506	97520.09421	591.6085038	591.3718953
neutron	939.56536	3.943584853	96075.93587	0	0
S34	31632.70018	0.3012457163	96075.93587	0	0
Na23	21409.21625	0.1065911862	98120.23113	689.4069544	689.1508929
Ne23	21414.10216	0.2297483234	96297.71766	0	0
neutron	939.56536	1.125730117	96204.91023	0	0
Ne22	20479.73746	0.1663824766	96204.91023	0	0
neutron	939.56536	18.59821946	96312.91768	0	0
proton	938.272013	15.66908575	96312.91768	0	0
neutron	939.56536	4.344093023	96312.91768	0	0
neutron	939.56536	0.6765153225	96312.91768	0	0
P31	28844.21869	0.8766791358	96312.91768	0	0
neutron	939.56536	0.5282867088	95982.80696	0	0
S34	31632.70018	0.1919588509	95982.80696	0	0
neutron	939.56536	0.539206465	96072.5546	0	0
S34	31632.70018	0.1096801344	96072.5546	0	0
neutron	939.56536	0.7774813213	96083.60778	0	0
S34	31632.70018	0.2680192577	96083.60778	0	0
neutron	939.56536	1.328835464	95987.93626	0	0
S34	31632.70018	0.06784081915	95987.93626	0	0
Ne23	21414.10216	0.2316729889	96035.17797	0	0
neutron	939.56536	2.614133556	95950.87013	0	0
S34	31632.70018	0.1917953356	95950.87013	0	0
neutron	939.56536	0.299686247	96176.51523	0	0
S36	33494.9558	0.1469957013	96176.51523	0	0
neutron	939.56536	10.95005785	95950.11306	0	0
neutron	939.56536	10.46900843	95950.11306	0	0
neutron	939.56536	0.2285353098	95950.11306	0	0
S32	29773.62828	0.3286875942	95950.11306	0	0
neutron	939.56536	3.231216296	95891.77431	0	0
neutron	939.56536	2.0372688	95891.77431	0	0
neutron	939.56536	0.4464966057	95891.77431	0	0
Ne20	18617.73218	0.389129482	95891.77431	0	0
neutron	939.56536	2.628235769	96197.9354	0	0
Ne22	20479.73746	0.4439521598	96197.9354	0	0
Na23	21409.21625	0.4553528851	99103.58855	1177.769148	1177.146754
Ne23	21414.10216	0.228293703	96171.52379	0	0
neutron	939.56536	0.2505489089	95965.80751	0	0
S34	31632.70018	0.1029301986	95965.80751	0	0
neutron	939.56536	2.265518875	95938.04762	0	0
Ne22	20479.73746	0.143211237	95938.04762	0	0
neutron	939.56536	13.63530512	95876.25031	0	0
neutron	939.56536	0.737246984	95876.25031	0	0
neutron	939.56536	0.2892611602	95876.25031	0	0
S34	31632.70018	0.2592738138	95876.25031	0	0
neutron	939.56536	5.713791051	95885.21588	0	0
S34	31632.70018	0.335409036	95885.21588	0	0
neutron	939.56536	0.3661186071	95857.78663	0	0
S34	31632.70018	0.2167114173	95857.78663	0	0
S35	32565.27968	0.1560388011	95862.30735	0	0
Cl35	32564.60306	0.2312378873	99417.78992	1229.790956	1229.458108
Cl35	32564.60306	0.1110894817	97725.5529	674.4633817	674.3463887
neutron	939.56536	1.426310431	95946.1234	0	0
S34	31632.70018	0.1032743845	95946.1234	0	0
neutron	939.56536	3.233546241	95935.38819	0	0
S34	31632.70018	0.03812176329	95935.38819	0	0
Cl35	32564.60306	0.1536538282	98169.56956	863.0713119	862.8959146
S35	32565.27968	0.1619992201	95841.37769	0	0
neutron	939.56536	1.877160116	95862.60295	0	0
Ne22	20479.73746	0.4498845836	95862.60295	0	0
neutron	939.56536	0.2081336134	96099.62035	0	0
Ne22	20479.73746	0.2194537475	96099.62035	0	0
Cl35	32564.60306	0.1772214028	96442.43843	218.693139	218.4231613
neutron	939.56536	21.781416	95947.92589	0	0
proton	938.272013	9.851322779	95947.92589	0	0
proton	938.272013	3.064812838	95947.92589	0	0
neutron	939.56536	0.05099649393	95947.92589	0	0
Si31	28846.21977	0.8937599312	95947.92589	0	0
neutron	939.56536	0.5900376773	96322.7452	0	0
Ne22	20479.73746	0.1020111137	96322.7452	0	0
S35	32565.27968	0.1471978734	96076.36298	0	0
Na23	21409.21625	0.1161017511	97643.01683	598.1299777	597.7367216
neutron	939.56536	31.30230614	96090.22574	0	0
neutron	939.56536	2.853858902	96090.22574	0	0
neutron	939.56536	1.186796508	96090.22574	0	0
S34	31632.70018	0.7371438811	96090.22574	0	0
Na23	21409.21625	0.1089094457	97878.38283	689.8625209	689.4072579
neutron	939.56536	0.2629813997	96089.45271	0	0
S34	31632.70018	0.1698788044	96089.45271	0	0
Na23	21409.21625	0.4004915142	99605.03182	1353.807642	1353.163832
neutron	939.56536	0.7893310454	95854.5779	0	0
Ne22	20479.73746	0.3638273602	95854.5779	0	0
S35	32565.27968	0.1552155964	96052.16411	0	0
Cl35	32564.60306	0.07542647038	98183.47409	800.3799249	800.1463737
neutron	939.56536	8.205537465	96092.36379	0	0
neutron	939.56536	5.733600284	96092.36379	0	0
neutron	939.56536	1.689448007	96092.36379	0	0
Ne20	18617.73218	0.3763749051	96092.36379	0	0
Na23	21409.21625	0.3266983632	99009.3177	1148.168908	1147.747688
S35	32565.27968	0.1530667863	95933.59192	0	0
Cl37	34424.84314	0.07977402572	96800.27151	346.7524046	346.6551821
Cl35	32564.60306	0.06779660784	95936.3877	21.40176211	21.28030923
S35	32565.27968	0.1550835267	96075.52698	0	0
proton	938.272013	7.61736979	95811.01852	0	0
neutron	939.56536	1.997314908	95811.01852	0	0
neutron	939.56536	1.299739509	95811.01852	0	0
P32	29775.84838	0.1402561636	95811.01852	0	0
neutron	939.56536	0.1574208116	95979.68287	0	0
S34	31632.70018	0.1481800133	95979.68287	0	0
neutron	939.56536	1.282708178	95906.67287	0	0
neutron	939.56536	0.7223518059	95906.67287	0	0
triton	2808.921	7.49315374	95906.67287	0	0
F18	16763.16938	0.8976129588	95906.67287	0	0
neutron	939.56536	1.512628048	95987.44933	0	0
S34	31632.70018	0.1826704139	95987.44933	0	0
neutron	939.56536	0.4544785961	96049.11864	0	0
S34	31632.70018	0.07504489136	96049.11864	0	0
neutron	939.56536	4.699454749	96247.70494	0	0
neutron	939.56536	3.638459922	96247.70494	0	0
neutron	939.56536	3.585748258	96247.70494	0	0
S34	31632.70018	0.2827982725	96247.70494	0	0
neutron	939.56536	0.07376542345	95980.46572	0	0
S34	31632.70018	0.1465683528	95980.46572	0	0
S35	32565.27968	0.1639780715	96111.33195	0	0
neutron	939.56536	16.41779867	95818.03329	0	0
proton	938.272013	7.895331251	95818.03329	0	0
P33	30705.30994	1.300727496	95818.03329	0	0
neutron	939.56536	0.9504674465	96102.26749	0	0
Ne22	20479.73746	0.2069108476	96102.26749	0	0
neutron	939.56536	0.8635121316	96186.19538	0	0
S36	33494.9558	0.1162732629	96186.19538	0	0
S35	32565.27968	0.1485737725	95995.16397	0	0
proton	938.272013	31.52555967	96084.39154	0	0
neutron	939.56536	3.336682517	96084.39154	0	0
P33	30705.30994	0.9015407071	96084.39154	0	0
neutron	939.56536	0.1412225588	96090.24395	0	0
S36	33494.9558	0.1138493316	96090.24395	0	0
S35	32565.27968	0.1479607333	95919.77261	0	0
Cl35	32564.60306	0.2261601633	97919.81035	757.8499137	757.5723246
Ne23	21414.10216	0.2131286194	95834.74917	0	0
neutron	939.56536	37.28788092	95783.4229	0	0
neutron	939.56536	6.317937814	95783.4229	0	0
neutron	939.56536	0.9545757189	95783.4229	0	0
neutron	939.56536	0.7214337861	95783.4229	0	0
S33	30704.55199	0.5468759504	95783.4229	0	0
S35	32565.27968	0.1502607075	95887.92452	0	0
neutron	939.56536	1.152399611	96181.70029	0	0
S34	31632.70018	0.1305787438	96181.70029	0	0
Na23	21409.21625	0.1540111875	97886.44384	728.8948074	728.6824531
neutron	939.56536	12.72692208	95887.69505	0	0
neutron	939.56536	6.854383575	95887.69505	0	0
neutron	939.56536	1.682427164	95887.69505	0	0
neutron	939.56536	1.360759999	95887.69505	0	0
neutron	939.56536	1.093890648	95887.69505	0	0
S32	29773.62828	0.607287199	95887.69505	0	0
neutron	939.56536	2.488799729	95847.46815	0	0
S34	31632.70018	0.3683972749	95847.46815	0	0
Cl35	32564.60306	0.07258329713	99486.25482	1325.992053	1325.685958
S37	34430.21755	0.1319042166	95764.2167	0	0
proton	938.272013	22.9649962	96140.42634	0	0
neutron	939.56536	15.39800878	96140.42634	0	0
proton	938.272013	4.057337803	96140.42634	0	0
neutron	939.56536	2.957044986	96140.42634	0	0
neutron	939.56536	0.2343603297	96140.42634	0	0
O18	16762.02378	0.8931087246	96140.42634	0	0
neutron	939.56536	6.522476202	95797.64227	0	0
S36	33494.9558	0.2842348307	95797.64227	0	0
neutron	939.56536	0.1910456719	95945.16792	0	0
Ne22	20479.73746	0.1405681393	95945.16792	0	0
neutron	939.56536	0.482698661	95887.14116	0	0
S34	31632.70018	0.1350089652	95887.14116	0	0
Cl37	34424.84314	0.07043106252	97087.44458	415.2733322	414.6322831
neutron	939.56536	0.3907025545	96019.3907	0	0
Ne22	20479.73746	0.1585647816	96019.3907	0	0
neutron	939.56536	0.4030844316	96144.14826	0	0
S34	31632.70018	0.1778596781	96144.14826	0	0
proton	938.272013	23.99889126	95898.55301	0	0
neutron	939.56536	1.889572816	95898.55301	0	0
P33	30705.30994	0.7130596734	95898.55301	0	0
neutron	939.56536	0.2944211875	95896.46602	0	0
Ne22	20479.73746	0.1609629224	95896.46602	0	0
Ne23	21414.10216	0.2050803263	95917.70548	0	0
proton	938.272013	8.794720371	96155.3399	0	0
neutron	939.56536	6.039033049	96155.3399	0	0
neutron	939.56536	2.900105227	96155.3399	0	0
neutron	939.56536	0.4465203199	96155.3399	0	0
alpha	3727.379	4.307097095	96155.3399	0	0
N15	13968.93638	1.906603804	96155.3399	0	0
proton	938.272013	7.521509237	96054.13925	0	0
neutron	939.56536	2.125973024	96054.13925	0	0
P33	30705.30994	0.8371441531	96054.13925	0	0
neutron	939.56536	1.16675914	95977.80498	0	0
S34	31632.70018	0.04750848355	95977.80498	0	0
Ne23	21414.10216	0.2152005896	96021.87827	0	0
neutron	939.56536	15.33278556	96263.0655	0	0
neutron	939.56536	4.455783565	96263.0655	0	0
neutron	939.56536	0.6766184757	96263.0655	0	0
Ne20	18617.73218	1.626768835	96263.0655	0	0
neutron	939.56536	1.891253356	95958.33963	0	0
Ne22	20479.73746	0.0293534761	95958.33963	0	0
Ne23	21414.10216	0.2349565762	96082.23034	0	0
neutron	939.56536	0.1273535173	95943.12864	0	0
S34	31632.70018	0.2006559334	95943.12864	0	0
neutron	939.56536	1.396878842	96133.97057	0	0
S34	31632.70018	0.3122922034	96133.97057	0	0
Cl35	32564.60306	0.1224691575	99970.55922	1488.846274	1488.608562
S35	32565.27968	0.1388908382	96035.93433	0	0
neutron	939.56536	9.958247632	96019.9811	0	0
neutron	939.56536	2.924779603	96019.9811	0	0
neutron	939.56536	2.444848695	96019.9811	0	0
S32	29773.62828	0.6567889486	96019.9811	0	0
S35	32565.27968	0.14793674	95977.25603	0	0
neutron	939.56536	0.9063249812	95839.2993	0	0
Ne22	20479.73746	0.2403621869	95839.2993	0	0
neutron	939.56536	38.68066512	95923.78041	0	0
proton	938.272013	11.15529226	95923.78041	0	0
P33	30705.30994	1.353576837	95923.78041	0	0
neutron	939.56536	1.900919401	96048.83077	0	0
Ne22	20479.73746	0.1695536782	96048.83077	0	0
neutron	939.56536	8.947443456	96091.9212	0	0
neutron	939.56536	7.983447326	96091.9212	0	0
neutron	939.56536	4.200143267	96091.9212	0	0
S34	31632.70018	1.043494695	96091.9212	0	0
neutron	939.56536	2.845823584	96304.09367	0	0
S34	31632.70018	0.4214393145	96304.09367	0	0
Na23	21409.21625	0.1076273162	95911.59631	7.917826738	7.761047029
neutron	939.56536	0.9245686023	95913.14311	0	0
S36	33494.9558	0.08182631041	95913.14311	0	0
neutron	939.56536	0.6459148067	96051.24886	0	0
S34	31632.70018	0.05910110422	96051.24886	0	0
neutron	939.56536	1.375701113	96188.4196	0	0
S34	31632.70018	0.1046144648	96188.4196	0	0
neutron	939.56536	5.124263729	96282.00509	0	0
neutron	939.56536	3.613857241	96282.00509	0	0
neutron	939.56536	1.265826169	96282.00509	0	0
neutron	939.56536	0.3084343339	96282.00509	0	0
S33	30704.55199	0.1543017787	96282.00509	0	0
proton	938.272013	15.59060308	95946.83927	0	0
neutron	939.56536	7.543461557	95946.83927	0	0
neutron	939.56536	4.239854943	95946.83927	0	0
F20	18625.26686	0.2680482023	95946.83927	0	0
Na23	21409.21625	0.1757467857	98173.68902	847.819045	847.4114837
neutron	939.56536	1.298288229	96231.52279	0	0
S34	31632.70018	0.1674829489	96231.52279	0	0
Ne23	21414.10216	0.2028526933	95811.79371	0	0
neutron	939.56536	0.3404948412	96037.03787	0	0
S34	31632.70018	0.1725920192	96037.03787	0	0
Cl35	32564.60306	0.08318289126	97691.75764	635.3315668	634.6710699
Cl35	32564.60306	0.1273665354	97643.53776	620.237709	619.9243027
neutron	939.56536	1.314466484	95995.23518	0	0
S34	31632.70018	0.04585794813	95995.23518	0	0
Cl35	32564.60306	0.09812358124	99386.29043	1217.307893	1216.817174
Ne23	21414.10216	0.2180522922	96094.6543	0	0
neutron	939.56536	16.2847662	96018.74357	0	0
neutron	939.56536	4.719247409	96018.74357	0	0
neutron	939.56536	3.0174814	96018.74357	0	0
neutron	939.56536	0.6381427354	96018.74357	0	0
S33	30704.55199	0.3373835614	96018.74357	0	0
neutron	939.56536	0.5111941745	95896.25596	0	0
Ne22	20479.73746	0.1652913509	95896.25596	0	0
neutron	939.56536	1.194156165	95827.03669	0	0
S34	31632.70018	0.2380433003	95827.03669	0	0
neutron	939.56536	23.80723618	96064.94235	0	0
neutron	939.56536	2.698115704	96064.94235	0	0
neutron	939.56536	1.389550015	96064.94235	0	0
Ne20	18617.73218	0.4348153643	96064.94235	0	0
neutron	939.56536	6.90630801	96043.31557	0	0
neutron	939.56536	0.7438033453	96043.31557	0	0
alpha	3727.379	12.27592671	96043.31557	0	0
Si29	26984.28567	1.012636676	96043.31557	0	0
Cl35	32564.60306	0.1753681404	99235.67685	1195.031488	1194.847411
neutron	939.56536	3.950365819	96322.98844	0	0
S34	31632.70018	0.03710338546	96322.98844	0	0
neutron	939.56536	4.172064839	96100.388	0	0
proton	938.272013	3.667646148	96100.388	0	0
neutron	939.56536	0.6742936839	96100.388	0	0
P32	29775.84838	0.453343392	96100.388	0	0
proton	938.272013	6.426619053	96180.50242	0	0
neutron	939.56536	3.866510382	96180.50242	0	0
neutron	939.56536	1.087632222	96180.50242	0	0
P34	31638.59261	0.09847167082	96180.50242	0	0
neutron	939.56536	0.2010678962	96309.41026	0	0
S34	31632.70018	0.1093443892	96309.41026	0	0
Cl35	32564.60306	0.1527188311	96895.5461	292.8987172	292.4089929
Cl37	34424.84314	0.08669067499	96596.0763	182.4965363	182.009442
neutron	939.56536	17.70866639	96199.1604	0	0
neutron	939.56536	15.35740449	96199.1604	0	0
neutron	939.56536	7.126970054	96199.1604	0	0
neutron	939.56536	5.144399973	96199.1604	0	0
S33	30704.55199	1.215604276	96199.1604	0	0
neutron	939.56536	6.609822767	96023.8265	0	0
neutron	939.56536	3.579933498	96023.8265	0	0
neutron	939.56536	3.487286886	96023.8265	0	0
proton	938.272013	2.396495459	96023.8265	0	0
P33	30705.30994	0.2521726415	96023.8265	0	0
neutron	939.56536	14.53086551	96039.96246	0	0
neutron	939.56536	10.43798289	96039.96246	0	0
neutron	939.56536	2.166219623	96039.96246	0	0
S32	29773.62828	0.8285652402	96039.96246	0	0
Cl35	32564.60306	0.1340313103	97975.1115	652.6645309	652.4982046
neutron	939.56536	5.549061175	96284.14871	0	0
neutron	939.56536	0.8488821145	96284.14871	0	0
alpha	3727.379	6.409069218	96284.14871	0	0
Si29	26984.28567	0.06578215378	96284.14871	0	0
neutron	939.56536	4.460038221	96445.61548	0	0
neutron	939.56536	0.3627024081	96445.61548	0	0
S33	30704.55199	0.2442735722	96445.61548	0	0
neutron	939.56536	0.5310848463	95901.20351	0	0
Ne22	20479.73746	0.3710472604	95901.20351	0	0
neutron	939.56536	30.79039562	96052.23398	0	0
neutron	939.56536	4.071847376	96052.23398	0	0
neutron	939.56536	3.222998222	96052.23398	0	0
proton	938.272013	2.740815364	96052.23398	0	0
P31	28844.21869	0.8010841817	96052.23398	0	0
neutron	939.56536	0.4481364241	95984.76314	0	0
S34	31632.70018	0.2198036711	95984.76314	0	0
Cl35	32564.60306	0.1357313505	97870.17746	741.5112013	741.106602
proton	938.272013	5.782543892	95871.60477	0	0
neutron	939.56536	4.55777967	95871.60477	0	0
neutron	939.56536	0.6019170188	95871.60477	0	0
neutron	939.56536	0.01374410299	95871.60477	0	0
P31	28844.21869	0.5384184245	95871.60477	0	0
Cl35	32564.60306	0.3009247984	98595.92029	949.4080019	948.9357295
neutron	939.56536	0.6564331093	96045.0822	0	0
S36	33494.9558	0.08042486712	96045.0822	0	0
neutron	939.56536	1.464814504	96112.80693	0	0
S34	31632.70018	0.1670295255	96112.80693	0	0
neutron	939.56536	4.046364807	96207.14271	0	0
neutron	939.56536	3.319094878	96207.14271	0	0
neutron	939.56536	2.09121462	96207.14271	0	0
S34	31632.70018	0.5201440869	96207.14271	0	0
Cl37	34424.84314	0.08308321637	97330.4613	539.9677159	539.6750179
neutron	939.56536	1.171816919	96013.9374	0	0
Ne22	20479.73746	0.3706765127	96013.9374	0	0
neutron	939.56536	19.55200205	95843.63404	0	0
neutron	939.56536	10.97506767	95843.63404	0	0
neutron	939.56536	1.950030883	95843.63404	0	0
S32	29773.62828	1.208888805	95843.63404	0	0
S35	32565.27968	0.1498873845	96000.50122	0	0
Cl35	32564.60306	0.2988570332	98530.53911	944.4905608	944.1594612
neutron	939.56536	0.373435637	96009.7704	0	0
Ne22	20479.73746	0.2973492956	96009.7704	0	0
neutron	939.56536	0.6990723099	96013.06424	0	0
Ne22	20479.73746	0.3372038745	96013.06424	0	0
neutron	939.56536	0.2082510932	95830.07183	0	0
Ne22	20479.73746	0.1598389405	95830.07183	0	0
Cl35	32564.60306	0.1251254501	96443.00295	115.0052163	114.8474969
S35	32565.27968	0.1654923796	96255.24033	0	0
Na23	21409.21625	0.3583949804	98560.80692	976.4494175	975.8634726
Na23	21409.21625	0.1030569675	96262.79979	166.0358594	165.8847907
neutron	939.56536	0.8623077454	95924.47976	0	0
S34	31632.70018	0.143148959	95924.47976	0	0
S35	32565.27968	0.1474217545	96103.77947	0	0
S35	32565.27968	0.1528858474	96026.78986	0	0
Na23	21409.21625	0.3403386799	99881.60963	1464.792749	1464.426971
neutron	939.56536	17.79636404	95925.8217	0	0
neutron	939.56536	8.235471845	95925.8217	0	0
proton	938.272013	2.743946247	95925.8217	0	0
neutron	939.56536	0.9004612916	95925.8217	0	0
P31	28844.21869	1.499817828	95925.8217	0	0
neutron	939.56536	0.03983567773	96092.35947	0	0
S36	33494.9558	0.1304295268	96092.35947	0	0
neutron	939.56536	19.60250047	96115.42435	0	0
neutron	939.56536	8.14990548	96115.42435	0	0
neutron	939.56536	2.90308442	96115.42435	0	0
alpha	3727.379	11.62843914	96115.42435	0	0
Si28	26053.19393	0.3448995618	96115.42435	0	0
neutron	939.56536	5.743692807	96162.22025	0	0
neutron	939.56536	4.198921938	96162.22025	0	0
Ne21	19550.53637	0.1695441618	96162.22025	0	0
neutron	939.56536	0.9324797935	96066.49921	0	0
S34	31632.70018	0.1499524131	96066.49921	0	0
S35	32565.27968	0.1649186519	96082.99092	0	0
Cl35	32564.60306	0.08379605768	96775.23943	311.4469745	310.8850231
Ne23	21414.10216	0.2315287163	96038.7106	0	0
S35	32565.27968	0.1613907237	95941.21992	0	0
Na23	21409.21625	0.1504352162	96232.87468	131.8507168	131.6085974
neutron	939.56536	0.6573899855	96227.62116	0	0
S36	33494.9558	0.09906170549	96227.62116	0	0
S35	32565.27968	0.1549180954	96123.62945	0	0
proton	938.272013	26.96103036	95929.82696	0	0
neutron	939.56536	10.89322422	95929.82696	0	0
proton	938.272013	1.875387185	95929.82696	0	0
O20	18629.59082	0.2129376285	95929.82696	0	0
neutron	939.56536	3.05653383	96011.50181	0	0
neutron	939.56536	1.657181907	96011.50181	0	0
neutron	939.56536	0.4934490256	96011.50181	0	0
S32	29773.62828	0.06704206104	96011.50181	0	0
neutron	939.56536	1.290512528	95964.28805	0	0
S34	31632.70018	0.02921112288	95964.28805	0	0
Ne23	21414.10216	0.2050343175	96065.97692	0	0
neutron	939.56536	1.764637389	95855.51948	0	0
Ne22	20479.73746	0.2219054951	95855.51948	0	0
neutron	939.56536	3.002843389	95802.92917	0	0
S34	31632.70018	0.3252569073	95802.92917	0	0
neutron	939.56536	2.916290095	95864.26669	0	0
neutron	939.56536	2.111770615	95864.26669	0	0
neutron	939.56536	1.89585441	95864.26669	0	0
Ne20	18617.73218	0.574071879	95864.26669	0	0
Cl37	34424.84314	0.2145010673	97889.30068	672.0199509	671.6668733
S35	32565.27968	0.1543014766	96248.20834	0	0
neutron	939.56536	4.604007421	96317.55347	0	0
Ne22	20479.73746	0.2052345326	96317.55347	0	0
S35	32565.27968	0.1396866466	96003.55564	0	0
Cl35	32564.60306	0.2850366241	96079.16192	62.87156316	62.58002103
proton	938.272013	7.028353794	96006.76571	0	0
proton	938.272013	2.778309416	96006.76571	0	0
neutron	939.56536	1.910113499	96006.76571	0	0
Si32	29776.58515	0.2837875209	96006.76571	0	0
neutron	939.56536	1.935294891	95938.28988	0	0
S34	31632.70018	0.1559571071	95938.28988	0	0
neutron	939.56536	15.74692381	95862.40181	0	0
neutron	939.56536	13.97114461	95862.40181	0	0
neutron	939.56536	3.267546319	95862.40181	0	0
alpha	3727.379	13.39767437	95862.40181	0	0
O16	14895.08153	0.2669498036	95862.40181	0	0
neutron	939.56536	1.275862756	96241.15662	0	0
S36	33494.9558	0.08614512021	96241.15662	0	0
Na23	21409.21625	0.1913982413	96463.53565	157.9368621	157.7241339
neutron	939.56536	1.071756693	96152.8114	0	0
Ne22	20479.73746	0.3096721574	96152.8114	0	0
neutron	939.56536	2.607589864	96097.70033	0	0
S34	31632.70018	0.02608198821	96097.70033	0	0
Na23	21409.21625	0.1920709186	97366.5829	545.6324297	545.3016586
Cl35	32564.60306	0.5482744527	97079.88537	382.4492109	381.7868878
neutron	939.56536	6.675100063	96244.65314	0	0
neutron	939.56536	4.273497945	96244.65314	0	0
neutron	939.56536	2.516306703	96244.65314	0	0
alpha	3727.379	6.34678187	96244.65314	0	0
O16	14895.08153	1.885953604	96244.65314	0	0
neutron	939.56536	7.091728849	96183.40889	0	0
neutron	939.56536	7.028742316	96183.40889	0	0
neutron	939.56536	0.7437581879	96183.40889	0	0
Ne20	18617.73218	0.4697430195	96183.40889	0	0
neutron	939.56536	20.38122566	95979.18349	0	0
neutron	939.56536	8.793786471	95979.18349	0	0
neutron	939.56536	0.5899445887	95979.18349	0	0
alpha	3727.379	2.281831466	95979.18349	0	0
O16	14895.08153	4.260165207	95979.18349	0	0
neutron	939.56536	1.452150558	96041.47374	0	0
S34	31632.70018	0.0291335264	96041.47374	0	0
Cl37	34424.84314	0.06800659555	98991.00448	1112.904589	1112.756429
neutron	939.56536	1.268955892	96152.11111	0	0
S34	31632.70018	0.0668500863	96152.11111	0	0
S35	32565.27968	0.1648115527	95889.9687	0	0
Cl37	34424.84314	0.09780374563	96150.84196	102.8397341	102.5798091
neutron	939.56536	1.503450846	96042.14726	0	0
S34	31632.70018	0.09901291644	96042.14726	0	0
Cl35	32564.60306	0.07115853516	99371.93616	1272.981113	1272.852318
Ne23	21414.10216	0.2270245729	96078.13982	0	0
neutron	939.56536	0.8205831926	96087.0675	0	0
Ne22	20479.73746	0.3142741609	96087.0675	0	0
Cl35	32564.60306	0.07045030051	98223.2714	829.930336	829.5094748
proton	938.272013	30.96448705	95828.39132	0	0
neutron	939.56536	18.69117235	95828.39132	0	0
neutron	939.56536	1.080843585	95828.39132	0	0
neutron	939.56536	0.5942383119	95828.39132	0	0
P31	28844.21869	1.682468286	95828.39132	0	0
S35	32565.27968	0.1421797738	95958.33289	0	0
neutron	939.56536	6.362644236	95845.62268	0	0
Ne22	20479.73746	0.4406652277	95845.62268	0	0
proton	938.272013	39.58467506	95890.75066	0	0
neutron	939.56536	8.722126056	95890.75066	0	0
neutron	939.56536	3.104622849	95890.75066	0	0
neutron	939.56536	1.703358566	95890.75066	0	0
F19	17692.30285	2.014227476	95890.75066	0	0
neutron	939.56536	0.05843247106	95903.92972	0	0
S36	33494.9558	0.1283132541	95903.92972	0	0
neutron	939.56536	15.3619149	96045.47201	0	0
neutron	939.56536	7.534315463	96045.47201	0	0
neutron	939.56536	6.414980008	96045.47201	0	0
proton	938.272013	6.025329744	96045.47201	0	0
P31	28844.21869	2.586264289	96045.47201	0	0
neutron	939.56536	5.268933248	95924.19206	0	0
neutron	939.56536	2.620182405	95924.19206	0	0
neutron	939.56536	0.1963070837	95924.19206	0	0
S32	29773.62828	0.1661717335	95924.19206	0	0
neutron	939.56536	0.5653804717	95804.4067	0	0
Ne22	20479.73746	0.1028334283	95804.4067	0	0
Cl35	32564.60306	0.1038218655	98552.55616	946.1311559	946.0151441
Cl35	32564.60306	0.1208213019	95954.12145	94.21982112	94.07021268
Ne23	21414.10216	0.2064479025	95813.0916	0	0
S35	32565.27968	0.1360646419	96104.44679	0	0
S37	34430.21755	0.1372815449	95927.76847	0	0
Cl35	32564.60306	0.0795465126	97122.55196	454.0398073	453.7862589
S35	32565.27968	0.1572131705	96360.91661	0	0
Cl37	34424.84314	0.09401201858	98855.92048	1060.260373	1060.115628
S37	34430.21755	0.1415477598	96023.13871	0	0
neutron	939.56536	0.2115929825	95813.42067	0	0
S34	31632.70018	0.1048530223	95813.42067	0	0
S35	32565.27968	0.146134264	96243.68894	0	0
Cl35	32564.60306	0.189878866	99624.24681	1374.125165	1373.894892
Cl35	32564.60306	0.06473825825	98523.48244	976.655719	976.5367169
proton	938.272013	25.34311794	95999.13653	0	0
neutron	939.56536	0.5980824014	95999.13653	0	0
F21	19556.73074	0.6774833885	95999.13653	0	0
proton	938.272013	11.11057534	95962.54827	0	0
neutron	939.56536	0.9778757995	95962.54827	0	0
P33	30705.30994	0.2424979717	95962.54827	0	0
neutron	939.56536	1.133718325	96040.86905	0	0
S34	31632.70018	0.2073534643	96040.86905	0	0
Ne23	21414.10216	0.2251934883	96289.27076	0	0
Cl35	32564.60306	0.1499927683	96467.64577	228.4248753	228.2477539
neutron	939.56536	28.26151498	95937.60201	0	0
neutron	939.56536	5.001542919	95937.60201	0	0
proton	938.272013	4.329912109	95937.60201	0	0
neutron	939.56536	3.535161259	95937.60201	0	0
neutron	939.56536	1.595600901	95937.60201	0	0
P30	27916.96459	2.919658123	95937.60201	0	0
Cl37	34424.84314	0.07016375808	99910.37286	1463.043322	1462.814609
neutron	939.56536	0.4434127585	95913.1242	0	0
Ne22	20479.73746	0.1915856481	95913.1242	0	0
neutron	939.56536	10.37257965	96616.2939	0	0
neutron	939.56536	2.303517144	96616.2939	0	0
neutron	939.56536	0.9436211096	96616.2939	0	0
S32	29773.62828	0.07164811116	96616.2939	0	0
Ne23	21414.10216	0.2294783679	95877.54692	0	0
neutron	939.56536	0.6986620007	96078.18197	0	0
S34	31632.70018	0.1451190451	96078.18197	0	0
neutron	939.56536	3.020680766	96380.85607	0	0
S34	31632.70018	0.2029697589	96380.85607	0	0
neutron	939.56536	20.89811498	96079.45118	0	0
alpha	3727.379	9.517838176	96079.45118	0	0
alpha	3727.379	3.721495454	96079.45118	0	0
C14	13040.87134	7.541487049	96079.45118	0	0
S37	34430.21755	0.1280655445	96287.04835	0	0
Na23	21409.21625	0.1095480949	99520.96842	1337.369315	1337.215669
Cl35	32564.60306	0.07635072995	98304.04483	840.276936	840.1059034
neutron	939.56536	7.392959789	96130.36821	0	0
neutron	939.56536	4.949264672	96130.36821	0	0
S35	32565.27968	0.8951598647	96130.36821	0	0
S35	32565.27968	0.1377647146	96062.22388	0	0
Na23	21409.21625	0.2584502009	99670.47911	1386.656116	1386.355645
Cl37	34424.84314	0.07938081178	96822.10836	306.0837998	305.8937737
neutron	939.56536	3.576903852	96090.03399	0	0
Ne22	20479.73746	0.1323513096	96090.03399	0	0
Na23	21409.21625	0.1128249482	96077.24582	58.11562535	57.9282134
S37	34430.21755	0.1419327372	96016.36537	0	0
neutron	939.56536	35.92828935	95855.43141	0	0
neutron	939.56536	3.918132288	95855.43141	0	0
neutron	939.56536	0.974803342	95855.43141	0	0
S32	29773.62828	1.030950812	95855.43141	0	0
neutron	939.56536	9.536065453	95967.44391	0	0
neutron	939.56536	8.70614734	95967.44391	0	0
neutron	939.56536	5.157795566	95967.44391	0	0
alpha	3727.379	10.20802375	95967.44391	0	0
alpha	3727.379	8.19687655	95967.44391	0	0
C12	11174.86339	0.1717205941	95967.44391	0	0
neutron	939.56536	0.08938154961	95961.66077	0	0
S34	31632.70018	0.1480215013	95961.66077	0	0
S35	32565.27968	0.147387577	96266.87572	0	0
neutron	939.56536	2.342306172	96024.38939	0	0
Ne22	20479.73746	0.04461172842	96024.38939	0	0
neutron	939.56536	0.5746518904	96040.85828	0	0
S34	31632.70018	0.1088210655	96040.85828	0	0
neutron	939.56536	1.038015936	95997.98938	0	0
S36	33494.9558	0.2229977011	95997.98938	0	0
proton	938.272013	11.5845788	96093.75926	0	0
proton	938.272013	4.706375834	96093.75926	0	0
neutron	939.56536	3.075603975	96093.75926	0	0
neutron	939.56536	2.793835007	96093.75926	0	0
neutron	939.56536	1.560949132	96093.75926	0	0
Si30	27913.24182	0.8056367475	96093.75926	0	0
neutron	939.56536	1.223320662	96168.88774	0	0
Ne22	20479.73746	0.1510553223	96168.88774	0	0
neutron	939.56536	6.625926374	95988.70542	0	0
neutron	939.56536	4.862388673	95988.70542	0	0
neutron	939.56536	0.3207256135	95988.70542	0	0
Ne20	18617.73218	1.678801008	95988.70542	0	0
Ne23	21414.10216	0.219359366	95886.01745	0	0
neutron	939.56536	0.7947661157	96242.7015	0	0
neutron	939.56536	0.4163574194	96242.7015	0	0
S35	32565.27968	0.2428984702	96242.7015	0	0
Na23	21409.21625	0.1740969728	99069.37878	1166.781548	1166.527574
proton	938.272013	4.637926394	95844.03531	0	0
neutron	939.56536	1.540507	95844.03531	0	0
neutron	939.56536	0.9502668567	95844.03531	0	0
P32	29775.84838	0.3294886061	95844.03531	0	0
neutron	939.56536	0.3616806257	96171.20635	0	0
Ne22	20479.73746	0.1979247853	96171.20635	0	0
Ne23	21414.10216	0.2225667812	96044.7602	0	0
Cl35	32564.60306	0.09740574712	96243.91315	175.5549871	175.077739
neutron	939.56536	0.4330982958	95843.16928	0	0
Ne22	20479.73746	0.2686962888	95843.16928	0	0
neutron	939.56536	0.3534746193	96068.41504	0	0
S34	31632.70018	0.1948147664	96068.41504	0	0
Cl35	32564.60306	0.1547751526	97957.80106	676.3351371	676.0872205
S37	34430.21755	0.1404920601	96323.73866	0	0
neutron	939.56536	0.6771143327	96156.92906	0	0
S34	31632.70018	0.2632593108	96156.92906	0	0
proton	938.272013	4.219205353	96188.40582	0	0
neutron	939.56536	4.033244618	96188.40582	0	0
P33	30705.30994	0.1560886753	96188.40582	0	0
proton	938.272013	28.33597263	96326.87615	0	0
neutron	939.56536	6.799382798	96326.87615	0	0
neutron	939.56536	2.794045332	96326.87615	0	0
P32	29775.84838	1.411882897	96326.87615	0	0
Cl35	32564.60306	0.08475548198	96854.19285	281.3608921	281.2330395
Ne23	21414.10216	0.2126399875	95945.63795	0	0
neutron	939.56536	0.9807473972	96000.78312	0	0
S34	31632.70018	0.0508605364	96000.78312	0	0
neutron	939.56536	6.433933024	96001.69268	0	0
neutron	939.56536	5.501161358	96001.69268	0	0
neutron	939.56536	4.450465178	96001.69268	0	0
S32	29773.62828	1.950290534	96001.69268	0	0
neutron	939.56536	1.004299526	96010.02641	0	0
Ne22	20479.73746	0.3961017222	96010.02641	0	0
neutron	939.56536	0.5516187307	95923.01744	0	0
Ne22	20479.73746	0.2659905711	95923.01744	0	0
neutron	939.56536	0.994188651	95884.4294	0	0
Ne22	20479.73746	0.08502152867	95884.4294	0	0
Cl37	34424.84314	0.07801906919	97662.64404	652.4743808	652.2902582
Cl37	34424.84314	0.1880947857	96701.71025	268.9466813	268.7414492
neutron	939.56536	5.933208352	96106.60515	0	0
neutron	939.56536	0.6122726145	96106.60515	0	0
S35	32565.27968	0.2096230596	96106.60515	0	0
Cl35	32564.60306	0.1270301829	98217.87452	821.1674497	821.0042431
S35	32565.27968	0.1603609159	96218.77341	0	0
Cl35	32564.60306	0.1153829545	98586.04825	1003.385509	1003.252813
neutron	939.56536	1.118227178	95944.47335	0	0
S36	33494.9558	0.1160409806	95944.47335	0	0
neutron	939.56536	0.2792554517	96323.97862	0	0
Ne22	20479.73746	0.3141327355	96323.97862	0	0
neutron	939.56536	6.969405614	95842.04139	0	0
neutron	939.56536	5.636117122	95842.04139	0	0
proton	938.272013	3.659390032	95842.04139	0	0
neutron	939.56536	1.488372127	95842.04139	0	0
P31	28844.21869	0.2925050992	95842.04139	0	0
Ne23	21414.10216	0.2251533158	96092.29776	0	0
neutron	939.56536	0.3568233721	95853.13702	0	0
S34	31632.70018	0.1271637682	95853.13702	0	0
Cl35	32564.60306	0.08287276401	97173.287	391.8868757	391.7207465
S35	32565.27968	0.1640225644	96217.0124	0	0
neutron	939.56536	2.544772061	95758.52131	0	0
S34	31632.70018	0.04108128013	95758.52131	0	0
neutron	939.56536	6.742993586	96015.61478	0	0
neutron	939.56536	1.648496278	96015.61478	0	0
neutron	939.56536	0.1447403232	96015.61478	0	0
Ne20	18617.73218	0.6490319404	96015.61478	0	0
neutron	939.56536	29.13987928	95967.44563	0	0
neutron	939.56536	1.408973739	95967.44563	0	0
neutron	939.56536	0.8363178863	95967.44563	0	0
S34	31632.70018	0.8071862844	95967.44563	0	0
neutron	939.56536	7.865561408	96125.43074	0	0
neutron	939.56536	5.897548551	96125.43074	0	0
neutron	939.56536	3.201276663	96125.43074	0	0
Ne20	18617.73218	0.1101993471	96125.43074	0	0
neutron	939.56536	0.2129528133	96051.28916	0	0
Ne22	20479.73746	0.3000509526	96051.28916	0	0
neutron	939.56536	0.2660205085	96069.65261	0	0
S34	31632.70018	0.1543424741	96069.65261	0	0
neutron	939.56536	1.159664585	95900.3529	0	0
S34	31632.70018	0.1124594158	95900.3529	0	0
Cl37	34424.84314	0.06717851356	98700.28581	991.8935129	991.3026617
neutron	939.56536	8.636918053	96182.80015	0	0
neutron	939.56536	1.039837438	96182.80015	0	0
S33	30704.55199	0.1124427989	96182.80015	0	0
neutron	939.56536	0.8560061297	95943.24013	0	0
S36	33494.9558	0.1294401886	95943.24013	0	0
proton	938.272013	5.932014001	96000.15987	0	0
neutron	939.56536	2.298954505	96000.15987	0	0
F21	19556.73074	0.3732933241	96000.15987	0	0
Ne23	21414.10216	0.2204285409	95930.61447	0	0
Cl35	32564.60306	0.1583215891	99114.24989	1099.603457	1099.442066
Na23	21409.21625	0.1802693558	97774.86019	637.5212036	637.1408516
Cl35	32564.60306	0.09981647333	98635.46796	954.82125	954.6764738
neutron	939.56536	0.7253489428	95975.92535	0	0
S34	31632.70018	0.2068391013	95975.92535	0	0
Cl35	32564.60306	0.09930730352	97358.43981	560.9878433	560.8693755
neutron	939.56536	0.06878449862	95947.94159	0	0
S34	31632.70018	0.1544263065	95947.94159	0	0
S37	34430.21755	0.1274916447	96011.3028	0	0
S35	32565.27968	0.1337945094	95944.03882	0	0
neutron	939.56536	24.14467096	95881.00724	0	0
neutron	939.56536	15.67360626	95881.00724	0	0
neutron	939.56536	0.9314601112	95881.00724	0	0
Ne20	18617.73218	1.597783211	95881.00724	0	0
Ne23	21414.10216	0.2071018595	96175.11245	0	0
neutron	939.56536	1.260960588	96053.64312	0	0
Ne22	20479.73746	0.4630449575	96053.64312	0	0
Cl37	34424.84314	0.1695039222	96040.0037	96.1431257	95.37079983
neutron	939.56536	0.13505823	96109.29739	0	0
S34	31632.70018	0.1927795304	96109.29739	0	0
Cl35	32564.60306	0.4971871347	99483.26991	1315.949417	1315.258779
neutron	939.56536	1.625082336	96164.4862	0	0
S36	33494.9558	0.03792805076	96164.4862	0	0
proton	938.272013	3.759839012	95804.98155	0	0
neutron	939.56536	3.258748526	95804.98155	0	0
neutron	939.56536	0.5298790431	95804.98155	0	0
F20	18625.26686	0.12251125	95804.98155	0	0
S37	34430.21755	0.1357360172	95874.31303	0	0
Cl35	32564.60306	0.1763361268	99177.79946	1188.41358	1188.196829
Ne23	21414.10216	0.2224862497	95935.96534	0	0
neutron	939.56536	0.7735627878	95945.97241	0	0
S34	31632.70018	0.1600628545	95945.97241	0	0
neutron	939.56536	2.098396909	96076.26998	0	0
S34	31632.70018	0.1274034177	96076.26998	0	0
neutron	939.56536	0.443022505	95987.7237	0	0
S34	31632.70018	0.0991947897	95987.7237	0	0
neutron	939.56536	2.194106158	95999.80918	0	0
S34	31632.70018	0.3731809844	95999.80918	0	0
Cl37	34424.84314	0.1216501594	97791.2111	678.9002949	678.5321975
S35	32565.27968	0.1515931865	96099.25391	0	0
neutron	939.56536	0.4691152574	96128.9695	0	0
S34	31632.70018	0.2252583114	96128.9695	0	0
Ne23	21414.10216	0.2264401484	95983.55739	0	0
neutron	939.56536	0.1450804913	96051.8389	0	0
Ne22	20479.73746	0.1617783589	96051.8389	0	0
neutron	939.56536	17.40584236	96170.68595	0	0
neutron	939.56536	0.9813875144	96170.68595	0	0
neutron	939.56536	0.4987124633	96170.68595	0	0
alpha	3727.379	3.974469232	96170.68595	0	0
O16	14895.08153	3.155000518	96170.68595	0	0
neutron	939.56536	0.120499012	96321.70815	0	0
S34	31632.70018	0.190116463	96321.70815	0	0
neutron	939.56536	1.398165838	95964.12688	0	0
S34	31632.70018	0.05539454615	95964.12688	0	0
neutron	939.56536	0.6970274538	95879.19138	0	0
S34	31632.70018	0.1081911004	95879.19138	0	0
neutron	939.56536	37.44444929	96123.04255	0	0
neutron	939.56536	10.95011041	96123.04255	0	0
neutron	939.56536	3.59694482	96123.04255	0	0
alpha	3727.379	3.122598552	96123.04255	0	0
O16	14895.08153	2.951001608	96123.04255	0	0
S35	32565.27968	0.1679100271	95912.54932	0	0
neutron	939.56536	16.53781772	96368.588	0	0
proton	938.272013	4.211845309	96368.588	0	0
neutron	939.56536	2.792256262	96368.588	0	0
neutron	939.56536	2.229607121	96368.588	0	0
P33	30705.30994	0.586639218	96368.588	0	0
neutron	939.56536	0.6829078353	96121.65165	0	0
Ne22	20479.73746	0.3134710966	96121.65165	0	0
Cl37	34424.84314	0.09745264486	98176.3236	844.30622	844.1572877
Cl37	34424.84314	0.160059636	96739.16406	341.6497763	341.4780637
neutron	939.56536	0.7527280871	95940.75161	0	0
Ne22	20479.73746	0.1580368692	95940.75161	0	0
Cl35	32564.60306	0.07116926432	99562.02528	1316.18808	1316.111829
Na23	21409.21625	0.2465898892	98059.59657	812.3878721	812.1222873
neutron	939.56536	0.1910593095	95936.50613	0	0
S36	33494.9558	0.08767818984	95936.50613	0	0
Cl35	32564.60306	0.1257170413	98066.93221	823.2421412	823.1077587
neutron	939.56536	15.62289464	95907.94357	0	0
proton	938.272013	13.27981441	95907.94357	0	0
neutron	939.56536	3.690049627	95907.94357	0	0
P32	29775.84838	0.09432330643	95907.94357	0	0
S35	32565.27968	0.1655408096	95989.59604	0	0
S35	32565.27968	0.1431068568	96028.18059	0	0
neutron	939.56536	0.2155807735	95902.61197	0	0
S36	33494.9558	0.1035063142	95902.61197	0	0
S37	34430.21755	0.1383966043	96057.33635	0	0
neutron	939.56536	0.4070284233	96163.89306	0	0
S36	33494.9558	0.1443067283	96163.89306	0	0
neutron	939.56536	1.835768238	96000.36764	0	0
neutron	939.56536	0.5152492729	96000.36764	0	0
S33	30704.55199	0.0949853934	96000.36764	0	0
neutron	939.56536	2.378379247	96042.81719	0	0
S34	31632.70018	0.2822651543	96042.81719	0	0
S35	32565.27968	0.1680453287	95806.96299	0	0
neutron	939.56536	1.271464287	96183.6182	0	0
S34	31632.70018	0.1640533444	96183.6182	0	0
neutron	939.56536	2.120880474	95935.55466	0	0
S34	31632.70018	0.08897291607	95935.55466	0	0
neutron	939.56536	1.089719012	95767.84421	0	0
S36	33494.9558	0.1893889748	95767.84421	0	0
neutron	939.56536	4.122034765	96039.89278	0	0
Ne22	20479.73746	0.537066794	96039.89278	0	0
neutron	939.56536	5.126478607	96508.30902	0	0
proton	938.272013	3.099859401	96508.30902	0	0
neutron	939.56536	0.7253358542	96508.30902	0	0
P32	29775.84838	0.43351475	96508.30902	0	0
neutron	939.56536	5.480663749	95973.72737	0	0
neutron	939.56536	1.343141383	95973.72737	0	0
neutron	939.56536	0.3978424413	95973.72737	0	0
alpha	3727.379	10.74569172	95973.72737	0	0
Si28	26053.19393	1.133773668	95973.72737	0	0
S35	32565.27968	0.1575719563	95975.80367	0	0
Na23	21409.21625	0.1112609585	99360.62589	1243.971072	1243.725655
Ne23	21414.10216	0.2282871437	95998.28188	0	0
neutron	939.56536	0.1957462358	96143.74591	0	0
S34	31632.70018	0.1476834219	96143.74591	0	0
Na23	21409.21625	0.3751265322	99558.44407	1335.589085	1335.125834
neutron	939.56536	15.37278525	96088.00826	0	0
neutron	939.56536	7.704796093	96088.00826	0	0
neutron	939.56536	2.977592894	96088.00826	0	0
alpha	3727.379	16.11027327	96088.00826	0	0
O16	14895.08153	7.560021001	96088.00826	0	0
neutron	939.56536	1.68100339	95977.54435	0	0
S34	31632.70018	0.02968447514	95977.54435	0	0
Ne23	21414.10216	0.2259572636	95957.20037	0	0
Ne23	21414.10216	0.2348334294	96117.68048	0	0
proton	938.272013	43.88034058	96171.37928	0	0
neutron	939.56536	23.31350837	96171.37928	0	0
F21	19556.73074	1.466636043	96171.37928	0	0
Cl35	32564.60306	0.113942766	97438.50458	511.9552381	511.7764957
proton	938.272013	8.743763003	96146.05449	0	0
proton	938.272013	4.751036825	96146.05449	0	0
neutron	939.56536	2.265811452	96146.05449	0	0
neutron	939.56536	1.639848781	96146.05449	0	0
Si31	28846.21977	0.4229800499	96146.05449	0	0
neutron	939.56536	0.4087223215	95755.95175	0	0
S34	31632.70018	0.2114695048	95755.95175	0	0
neutron	939.56536	2.626107093	96225.09337	0	0
neutron	939.56536	1.231417881	96225.09337	0	0
S35	32565.27968	0.03037727086	96225.09337	0	0
S37	34430.21755	0.1296182437	96425.30261	0	0
Cl35	32564.60306	0.08181265698	97634.44013	459.7512533	459.4955609
neutron	939.56536	3.432060092	96162.62103	0	0
S36	33494.9558	0.08908419406	96162.62103	0	0
S37	34430.21755	0.1407767485	96191.45484	0	0
Ne23	21414.10216	0.2299857031	96074.81524	0	0
neutron	939.56536	5.155666495	95898.94681	0	0
neutron	939.56536	2.321086569	95898.94681	0	0
neutron	939.56536	1.469962073	95898.94681	0	0
alpha	3727.379	6.170298923	95898.94681	0	0
Si28	26053.19393	1.508057356	95898.94681	0	0
S35	32565.27968	0.1586525238	95927.18446	0	0
neutron	939.56536	20.66598831	95912.56154	0	0
proton	938.272013	4.790224628	95912.56154	0	0
P35	32569.77755	0.8997369115	95912.56154	0	0
proton	938.272013	35.42367416	96063.09291	0	0
P36	33505.87834	1.018513009	96063.09291	0	0
Ne23	21414.10216	0.2265286745	96057.79357	0	0
neutron	939.56536	0.1635200413	95987.05408	0	0
Ne22	20479.73746	0.2986973005	95987.05408	0	0
Ne23	21414.10216	0.2228227457	95943.68839	0	0
neutron	939.56536	32.3527671	96051.06744	0	0
neutron	939.56536	5.374379549	96051.06744	0	0
neutron	939.56536	2.220430762	96051.06744	0	0
S32	29773.62828	0.8382286006	96051.06744	0	0
Ne23	21414.10216	0.2343021702	95795.36962	0	0
neutron	939.56536	8.625862361	96128.26488	0	0
neutron	939.56536	7.437250658	96128.26488	0	0
neutron	939.56536	6.89191194	96128.26488	0	0
alpha	3727.379	7.768534344	96128.26488	0	0
alpha	3727.379	1.385968303	96128.26488	0	0
C12	11174.86339	6.998415981	96128.26488	0	0
neutron	939.56536	27.26110819	95896.53144	0	0
neutron	939.56536	8.749775778	95896.53144	0	0
neutron	939.56536	0.8876880669	95896.53144	0	0
Ne20	18617.73218	0.4451749032	95896.53144	0	0
neutron	939.56536	0.4919015619	95957.68655	0	0
Ne22	20479.73746	0.3031814765	95957.68655	0	0
Ne23	21414.10216	0.2270455224	96208.24859	0	0
neutron	939.56536	6.337281798	96090.60737	0	0
neutron	939.56536	1.165644518	96090.60737	0	0
S33	30704.55199	0.271695395	96090.60737	0	0
neutron	939.56536	0.6175517722	96074.85603	0	0
S34	31632.70018	0.2336794712	96074.85603	0	0
neutron	939.56536	2.790103265	95986.34627	0	0
S34	31632.70018	0.2348770546	95986.34627	0	0
Cl35	32564.60306	0.154569785	98477.91456	911.4870018	910.7906097
neutron	939.56536	4.776893329	96098.5904	0	0
neutron	939.56536	2.137255838	96098.5904	0	0
Ne21	19550.53637	0.5030246573	96098.5904	0	0
neutron	939.56536	23.42315361	95831.62637	0	0
neutron	939.56536	0.3027129207	95831.62637	0	0
S33	30704.55199	0.5743713764	95831.62637	0	0
neutron	939.56536	4.679850065	95788.98912	0	0
neutron	939.56536	2.679924749	95788.98912	0	0
neutron	939.56536	2.285684574	95788.98912	0	0
alpha	3727.379	12.5348743	95788.98912	0	0
alpha	3727.379	2.13625506	95788.98912	0	0
C12	11174.86339	5.737595667	95788.98912	0	0
neutron	939.56536	1.123793742	95859.38438	0	0
S36	33494.9558	0.1239657596	95859.38438	0	0
neutron	939.56536	0.2904674022	96180.26812	0	0
Ne22	20479.73746	0.2153869961	96180.26812	0	0
Cl37	34424.84314	0.1531777815	97559.70363	586.149719	585.8854735
Cl35	32564.60306	0.1070914458	99827.1416	1374.675772	1374.287414
neutron	939.56536	1.935255384	96237.85724	0	0
S34	31632.70018	0.1067256206	96237.85724	0	0
neutron	939.56536	0.6743922866	96252.61243	0	0
S34	31632.70018	0.1095686744	96252.61243	0	0
neutron	939.56536	2.138240744	96054.52269	0	0
S34	31632.70018	0.04110255779	96054.52269	0	0
proton	938.272013	9.402731656	96039.4298	0	0
neutron	939.56536	1.973793287	96039.4298	0	0
neutron	939.56536	0.5769062682	96039.4298	0	0
F20	18625.26686	0.7880254091	96039.4298	0	0
Cl37	34424.84314	0.3444043503	97586.88149	589.6341504	589.130115
Ne23	21414.10216	0.2285391902	96132.85801	0	0
neutron	939.56536	4.162071097	95862.91152	0	0
S34	31632.70018	0.1368208663	95862.91152	0	0
Ne23	21414.10216	0.2322299227	95781.17472	0	0
S35	32565.27968	0.1665404112	95819.03845	0	0
neutron	939.56536	2.148959058	96277.24831	0	0
neutron	939.56536	1.182591685	96277.24831	0	0
alpha	3727.379	8.653562314	96277.24831	0	0
O17	15830.5038	3.287326496	96277.24831	0	0
neutron	939.56536	0.9447018301	95962.82876	0	0
S34	31632.70018	0.04535948288	95962.82876	0	0
Cl35	32564.60306	0.2108943051	97592.89577	619.0231318	618.5728008
neutron	939.56536	8.676311482	95848.62442	0	0
neutron	939.56536	5.838049416	95848.62442	0	0
neutron	939.56536	0.5013784268	95848.62442	0	0
Ne20	18617.73218	0.5865841431	95848.62442	0	0
S35	32565.27968	0.1538190021	96225.67717	0	0
neutron	939.56536	4.529117065	95793.89397	0	0
neutron	939.56536	1.722323873	95793.89397	0	0
S33	30704.55199	0.223855537	95793.89397	0	0
proton	938.272013	19.1355244	95989.94443	0	0
proton	938.272013	4.092555864	95989.94443	0	0
neutron	939.56536	2.929138622	95989.94443	0	0
Si32	29776.58515	0.4106186423	95989.94443	0	0
neutron	939.56536	1.174169215	95928.16389	0	0
Ne22	20479.73746	0.3486112353	95928.16389	0	0
neutron	939.56536	1.455489362	96411.05984	0	0
S34	31632.70018	0.08545307432	96411.05984	0	0
Ne23	21414.10216	0.2200570541	95945.07941	0	0
neutron	939.56536	4.805630096	95898.13515	0	0
neutron	939.56536	1.375110992	95898.13515	0	0
S33	30704.55199	0.09660115843	95898.13515	0	0
Na23	21409.21625	0.1244317763	98351.2134	890.2181935	889.9880973
neutron	939.56536	0.9534024379	96039.30431	0	0
S34	31632.70018	0.2609611648	96039.30431	0	0
Ne23	21414.10216	0.2149057853	96062.2904	0	0
neutron	939.56536	0.7088891509	96013.54492	0	0
S34	31632.70018	0.1959099957	96013.54492	0	0
S35	32565.27968	0.1295294601	96233.87285	0	0
neutron	939.56536	3.519783566	96158.32147	0	0
Ne22	20479.73746	0.349226118	96158.32147	0	0
Ne23	21414.10216	0.2294610915	96092.73538	0	0
neutron	939.56536	2.540021803	95857.94564	0	0
neutron	939.56536	0.3494816145	95857.94564	0	0
neutron	939.56536	0.1274081589	95857.94564	0	0
Ne20	18617.73218	0.08960647607	95857.94564	0	0
neutron	939.56536	19.2334546	96036.81645	0	0
proton	938.272013	5.044555531	96036.81645	0	0
neutron	939.56536	0.6050961108	96036.81645	0	0
P32	29775.84838	0.6849546456	96036.81645	0	0
neutron	939.56536	43.06864779	96000.04795	0	0
neutron	939.56536	6.206299732	96000.04795	0	0
S33	30704.55199	0.9928826442	96000.04795	0	0
Ne23	21414.10216	0.2213177023	96014.67591	0	0
Na23	21409.21625	0.1261948835	98497.4071	931.583536	931.3682601
Na23	21409.21625	0.1885105582	97419.76355	531.2636082	530.9152756
proton	938.272013	4.712580325	96104.68443	0	0
neutron	939.56536	1.988898752	96104.68443	0	0
neutron	939.56536	1.046201585	96104.68443	0	0
neutron	939.56536	1.034372761	96104.68443	0	0
P31	28844.21869	0.2552398008	96104.68443	0	0
neutron	939.56536	7.068574429	95900.77191	0	0
neutron	939.56536	5.620261456	95900.77191	0	0
neutron	939.56536	2.865914286	95900.77191	0	0
alpha	3727.379	14.30485793	95900.77191	0	0
Si30	27913.24182	1.323939899	95900.77191	0	0
Ne23	21414.10216	0.2289623897	95953.91195	0	0
neutron	939.56536	9.673978335	95866.03224	0	0
neutron	939.56536	3.473219419	95866.03224	0	0
neutron	939.56536	0.3320169114	95866.03224	0	0
Ne20	18617.73218	1.24734272	95866.03224	0	0
neutron	939.56536	22.18248438	96114.15338	0	0
neutron	939.56536	15.7394364	96114.15338	0	0
neutron	939.56536	1.7738473	96114.15338	0	0
Ne20	18617.73218	1.368621038	96114.15338	0	0
Na23	21409.21625	0.1995587673	99100.76907	1187.285174	1186.917988
S35	32565.27968	0.1652543326	96363.90202	0	0
Cl35	32564.60306	0.1583526818	98571.06415	967.3020201	967.0467419
neutron	939.56536	3.067246821	95954.84971	0	0
S36	33494.9558	0.3730335751	95954.84971	0	0
S35	32565.27968	0.1469901358	96033.75242	0	0
Cl35	32564.60306	0.08761877679	96445.66251	256.0137678	255.8257057
neutron	939.56536	1.198226687	95836.3279	0	0
Ne22	20479.73746	0.08202741663	95836.3279	0	0
neutron	939.56536	11.96148562	96135.13673	0	0
neutron	939.56536	9.693015779	96135.13673	0	0
neutron	939.56536	5.706140681	96135.13673	0	0
proton	938.272013	4.426954238	96135.13673	0	0
neutron	939.56536	2.429879696	96135.13673	0	0
neutron	939.56536	0.9011278691	96135.13673	0	0
P31	28844.21869	0.7046460915	96135.13673	0	0
proton	938.272013	12.8397942	96262.18788	0	0
proton	938.272013	5.360942547	96262.18788	0	0
neutron	939.56536	4.593632897	96262.18788	0	0
neutron	939.56536	2.026690946	96262.18788	0	0
neutron	939.56536	1.548251317	96262.18788	0	0
neutron	939.56536	1.244751728	96262.18788	0	0
Si29	26984.28567	0.5696793855	96262.18788	0	0
S35	32565.27968	0.1421728975	95843.94527	0	0
neutron	939.56536	2.814728873	95897.60442	0	0
Ne22	20479.73746	0.1220232457	95897.60442	0	0
S35	32565.27968	0.1426337447	96197.15849	0	0
Cl35	32564.60306	0.2165840839	96824.82804	290.9088604	290.6542691
proton	938.272013	23.28470732	96132.63478	0	0
proton	938.272013	16.92220284	96132.63478	0	0
neutron	939.56536	0.407013795	96132.63478	0	0
Si32	29776.58515	0.9015871202	96132.63478	0	0
neutron	939.56536	8.824762114	96193.57949	0	0
neutron	939.56536	3.948624717	96193.57949	0	0
S33	30704.55199	0.1483930287	96193.57949	0	0
Cl35	32564.60306	0.07059838178	97414.59733	501.4427893	501.3383003
neutron	939.56536	0.793085694	96092.25147	0	0
S36	33494.9558	0.1408760641	96092.25147	0	0
neutron	939.56536	0.8094059693	95883.89604	0	0
S34	31632.70018	0.2533703736	95883.89604	0	0
neutron	939.56536	2.841339009	95990.49823	0	0
Ne22	20479.73746	0.2668126993	95990.49823	0	0
Cl35	32564.60306	0.07381545149	97833.15743	700.5814095	700.4073943
neutron	939.56536	5.358880155	96043.12512	0	0
Ne22	20479.73746	0.3244163682	96043.12512	0	0
Na23	21409.21625	0.2382125564	98986.27154	1150.43928	1150.091585
neutron	939.56536	0.34903215	95846.47022	0	0
S34	31632.70018	0.1345614714	95846.47022	0	0
neutron	939.56536	8.693071673	96010.73856	0	0
Ne22	20479.73746	1.057420254	96010.73856	0	0
neutron	939.56536	1.535006425	96119.08432	0	0
S34	31632.70018	0.07297632337	96119.08432	0	0
neutron	939.56536	2.089324877	96225.81985	0	0
S34	31632.70018	0.3455691367	96225.81985	0	0
neutron	939.56536	4.973910309	96137.50079	0	0
neutron	939.56536	2.47436768	96137.50079	0	0
neutron	939.56536	2.121002684	96137.50079	0	0
S32	29773.62828	0.4873711377	96137.50079	0	0
Cl37	34424.84314	0.105728107	96629.81848	219.7127538	219.2213841
neutron	939.56536	0.2881372326	96105.20046	0	0
Ne22	20479.73746	0.1865323651	96105.20046	0	0
Ne23	21414.10216	0.214053186	95852.85186	0	0
neutron	939.56536	0.4865298786	96065.39634	0	0
S34	31632.70018	0.09590021435	96065.39634	0	0
neutron	939.56536	52.93851923	96200.54384	0	0
deuteron	1875.613	8.904982339	96200.54384	0	0
F20	18625.26686	2.389085182	96200.54384	0	0
S37	34430.21755	0.1445721116	95971.98324	0	0
neutron	939.56536	0.6560238298	95881.1263	0	0
neutron	939.56536	0.6124717559	95881.1263	0	0
deuteron	1875.613	6.746100488	95881.1263	0	0
P31	28844.21869	0.5089862521	95881.1263	0	0
Ne23	21414.10216	0.225053442	96207.60511	0	0
Ne23	21414.10216	0.2339905857	96035.3797	0	0
Ne23	21414.10216	0.2197967736	96077.22916	0	0
Cl35	32564.60306	0.1062289776	97361.98324	551.5106758	551.1401578
Cl35	32564.60306	0.125023816	99071.02765	1162.980213	1162.560971
neutron	939.56536	0.2629350098	96061.99773	0	0
Ne22	20479.73746	0.3002161448	96061.99773	0	0
neutron	939.56536	7.430760981	95850.76339	0	0
neutron	939.56536	6.348312219	95850.76339	0	0
neutron	939.56536	0.3100605431	95850.76339	0	0
alpha	3727.379	9.182786264	95850.76339	0	0
Si28	26053.19393	2.595553939	95850.76339	0	0
Ne23	21414.10216	0.228481332	95931.7878	0	0
neutron	939.56536	0.2699556754	95917.83441	0	0
S34	31632.70018	0.2065892694	95917.83441	0	0
neutron	939.56536	25.4948041	95847.04105	0	0
neutron	939.56536	8.658332726	95847.04105	0	0
neutron	939.56536	3.714803779	95847.04105	0	0
proton	938.272013	2.324736919	95847.04105	0	0
P31	28844.21869	0.6686492739	95847.04105	0	0
neutron	939.56536	4.606390078	95758.81429	0	0
neutron	939.56536	3.159588757	95758.81429	0	0
Ne21	19550.53637	0.4168324078	95758.81429	0	0
S35	32565.27968	0.1405317026	95997.2284	0	0
Na23	21409.21625	0.1170311627	98963.47859	1054.918301	1054.633435
neutron	939.56536	8.576107687	96243.42014	0	0
neutron	939.56536	7.97865902	96243.42014	0	0
neutron	939.56536	3.626058616	96243.42014	0	0
Ne20	18617.73218	1.499178747	96243.42014	0	0
neutron	939.56536	2.425393778	96139.25568	0	0
S34	31632.70018	0.3608941234	96139.25568	0	0
neutron	939.56536	16.69819828	96034.57007	0	0
neutron	939.56536	5.496114583	96034.57007	0	0
neutron	939.56536	4.122313153	96034.57007	0	0
Ne20	18617.73218	0.7121915192	96034.57007	0	0
Na23	21409.21625	0.1243202574	97875.18666	710.9626119	710.767493
neutron	939.56536	17.76212587	95815.97675	0	0
neutron	939.56536	3.432195547	95815.97675	0	0
neutron	939.56536	0.9184470326	95815.97675	0	0
S34	31632.70018	1.075607944	95815.97675	0	0
neutron	939.56536	5.187318964	96245.07404	0	0
neutron	939.56536	3.535438513	96245.07404	0	0
neutron	939.56536	1.007843854	96245.07404	0	0
Ne20	18617.73218	0.7109459997	96245.07404	0	0
neutron	939.56536	0.3018000525	96040.51768	0	0
S34	31632.70018	0.1394929277	96040.51768	0	0
neutron	939.56536	1.112950727	96053.7509	0	0
S34	31632.70018	0.1431989031	96053.7509	0	0
Cl35	32564.60306	0.06482824477	99140.91805	1135.168634	1134.915796
neutron	939.56536	1.200708714	96197.7993	0	0
S34	31632.70018	0.09388032841	96197.7993	0	0
neutron	939.56536	0.7549069562	96280.41793	0	0
S34	31632.70018	0.1859231653	96280.41793	0	0
Cl37	34424.84314	0.09167800215	96125.70649	60.63710503	60.23964165
neutron	939.56536	1.118902746	96057.92259	0	0
Ne22	20479.73746	0.4185627462	96057.92259	0	0
Cl35	32564.60306	0.07452191935	97288.35092	501.2518342	500.9470495
neutron	939.56536	0.1354474311	95905.7487	0	0
Ne22	20479.73746	0.2927446366	95905.7487	0	0
S35	32565.27968	0.1645611609	96092.56926	0	0
Ne23	21414.10216	0.212803469	96033.09821	0	0
neutron	939.56536	6.235265518	96025.67593	0	0
proton	938.272013	4.751373588	96025.67593	0	0
neutron	939.56536	1.471839667	96025.67593	0	0
P32	29775.84838	0.2732076883	96025.67593	0	0
neutron	939.56536	2.137440701	95838.34299	0	0
S34	31632.70018	0.08089509953	95838.34299	0	0
neutron	939.56536	24.58483063	96010.97967	0	0
proton	938.272013	7.447874643	96010.97967	0	0
neutron	939.56536	3.123355533	96010.97967	0	0
neutron	939.56536	0.9524213823	96010.97967	0	0
neutron	939.56536	0.7276553474	96010.97967	0	0
P30	27916.96459	0.5098627124	96010.97967	0	0
Cl35	32564.60306	0.06670457955	96434.86273	196.0937102	196.0249053
S35	32565.27968	0.1579982319	95985.29471	0	0
Cl35	32564.60306	0.0654211746	96576.45871	316.6820161	316.4412053
neutron	939.56536	35.97943533	95790.73898	0	0
neutron	939.56536	3.701830771	95790.73898	0	0
neutron	939.56536	2.942971859	95790.73898	0	0
Ne20	18617.73218	1.592115247	95790.73898	0	0
Ne23	21414.10216	0.229770114	96019.05702	0	0
Ne23	21414.10216	0.2294790526	95969.51935	0	0
proton	938.272013	31.14007528	95961.23327	0	0
neutron	939.56536	6.659293733	95961.23327	0	0
neutron	939.56536	5.024878009	95961.23327	0	0
proton	938.272013	2.750218635	95961.23327	0	0
neutron	939.56536	1.361746912	95961.23327	0	0
Si30	27913.24182	0.8839390356	95961.23327	0	0
proton	938.272013	6.245273878	96082.04003	0	0
neutron	939.56536	4.714889865	96082.04003	0	0
neutron	939.56536	3.608241509	96082.04003	0	0
proton	938.272013	3.500664654	96082.04003	0	0
neutron	939.56536	2.971558047	96082.04003	0	0
neutron	939.56536	0.9654819348	96082.04003	0	0
Si29	26984.28567	0.4024864824	96082.04003	0	0
S35	32565.27968	0.1413377902	95974.85666	0	0
neutron	939.56536	0.5776970266	95952.76033	0	0
S34	31632.70018	0.2270710144	95952.76033	0	0
neutron	939.56536	0.5449647441	96147.81521	0	0
S34	31632.70018	0.07497378741	96147.81521	0	0
neutron	939.56536	1.017660451	95973.37415	0	0
S36	33494.9558	0.2263994782	95973.37415	0	0
Na23	21409.21625	0.1001802723	96779.95593	255.0198811	254.8945421
Cl37	34424.84314	0.09885960058	96212.63317	28.97452249	28.81238468
neutron	939.56536	1.326693194	96011.00553	0	0
S34	31632.70018	0.2324181339	96011.00553	0	0
neutron	939.56536	2.488415939	95817.54868	0	0
Ne22	20479.73746	0.1280515155	95817.54868	0	0
neutron	939.56536	2.282648645	96142.54258	0	0
S34	31632.70018	0.2997406606	96142.54258	0	0
neutron	939.56536	1.378119384	95883.78933	0	0
S34	31632.70018	0.2062441365	95883.78933	0	0
neutron	939.56536	5.886470144	95987.74301	0	0
neutron	939.56536	3.525010724	95987.74301	0	0
neutron	939.56536	1.850778498	95987.74301	0	0
S32	29773.62828	0.4959835831	95987.74301	0	0
neutron	939.56536	0.7428880611	96053.82878	0	0
S34	31632.70018	0.1577450616	96053.82878	0	0
Ne23	21414.10216	0.2229468653	95914.75618	0	0
neutron	939.56536	4.675097654	96093.8059	0	0
S34	31632.70018	0.0746174629	96093.8059	0	0
neutron	939.56536	17.57370698	96009.32642	0	0
neutron	939.56536	1.206986328	96009.32642	0	0
Ne21	19550.53637	1.340174973	96009.32642	0	0
neutron	939.56536	0.959399712	95801.14646	0	0
S34	31632.70018	0.0776792237	95801.14646	0	0
neutron	939.56536	0.9087078836	96080.6758	0	0
S34	31632.70018	0.2871347367	96080.6758	0	0
S35	32565.27968	0.1494245165	95892.73948	0	0
proton	938.272013	8.506051659	95848.6129	0	0
neutron	939.56536	0.1465697036	95848.6129	0	0
F21	19556.73074	0.4422509845	95848.6129	0	0
neutron	939.56536	7.941858569	96064.10517	0	0
neutron	939.56536	1.067148717	96064.10517	0	0
Ne21	19550.53637	0.6183326513	96064.10517	0	0
neutron	939.56536	33.81650033	95978.77791	0	0
neutron	939.56536	19.69057482	95978.77791	0	0
neutron	939.56536	1.200797933	95978.77791	0	0
Ne20	18617.73218	0.6626576269	95978.77791	0	0
Cl35	32564.60306	0.09117996284	98834.23422	1086.158765	1085.966572
proton	938.272013	42.16697853	95989.83283	0	0
neutron	939.56536	3.224228157	95989.83283	0	0
neutron	939.56536	0.7574354991	95989.83283	0	0
P32	29775.84838	1.595809685	95989.83283	0	0
neutron	939.56536	13.05104061	96092.59018	0	0
neutron	939.56536	2.713555742	96092.59018	0	0
neutron	939.56536	0.618294123	96092.59018	0	0
alpha	3727.379	7.240468988	96092.59018	0	0
O16	14895.08153	0.3009325378	96092.59018	0	0
Cl35	32564.60306	0.1973295275	96192.67976	114.7456337	114.3749166
neutron	939.56536	3.195755775	95863.49716	0	0
neutron	939.56536	1.590157395	95863.49716	0	0
S35	32565.27968	0.101611292	95863.49716	0	0
Cl35	32564.60306	0.1079424714	97352.90064	554.7948107	554.6706412
neutron	939.56536	22.58966401	95977.13158	0	0
proton	938.272013	10.27276904	95977.13158	0	0
proton	938.272013	5.807179146	95977.13158	0	0
Si32	29776.58515	1.702563332	95977.13158	0	0
S37	34430.21755	0.1385982578	95910.01812	0	0
neutron	939.56536	12.94798049	95887.52512	0	0
neutron	939.56536	7.054848366	95887.52512	0	0
neutron	939.56536	5.590206548	95887.52512	0	0
proton	938.272013	3.513298932	95887.52512	0	0
alpha	3727.379	6.586646348	95887.52512	0	0
Al27	25126.50566	2.215694353	95887.52512	0	0
Na23	21409.21625	0.1821226015	97688.96772	580.5711943	580.1521415
neutron	939.56536	0.7833348476	96111.81902	0	0
S34	31632.70018	0.2569792995	96111.81902	0	0
Cl37	34424.84314	0.2027891054	99743.42534	1401.646413	1401.203033
neutron	939.56536	12.34903796	95893.92618	0	0
neutron	939.56536	1.023262703	95893.92618	0	0
S33	30704.55199	0.9789290944	95893.92618	0	0
neutron	939.56536	0.5442373985	95867.1794	0	0
S36	33494.9558	0.1841263546	95867.1794	0	0
neutron	939.56536	0.2698283984	95805.77042	0	0
Ne22	20479.73746	0.315384688	95805.77042	0	0
Cl35	32564.60306	0.09751205468	99375.49207	1246.993132	1246.881165
S35	32565.27968	0.1584571303	96026.98546	0	0
neutron	939.56536	0.1258900933	96030.94821	0	0
S34	31632.70018	0.1098889849	96030.94821	0	0
proton	938.272013	4.286684096	96032.11943	0	0
deuteron	1875.613	6.864896782	96032.11943	0	0
Si32	29776.58515	0.59922508	96032.11943	0	0
S35	32565.27968	0.1425037081	95975.70862	0	0
Cl35	32564.60306	0.07356196468	96453.11499	253.2793101	253.1920639
Ne23	21414.10216	0.2289346043	95989.11149	0	0
neutron	939.56536	0.7925162902	96092.71169	0	0
Ne22	20479.73746	0.3648440222	96092.71169	0	0
Cl35	32564.60306	0.07754221079	99285.22546	1244.844066	1244.62959
Ne23	21414.10216	0.2313264787	95868.46928	0	0
neutron	939.56536	0.5653887274	95956.41121	0	0
S34	31632.70018	0.123755398	95956.41121	0	0
neutron	939.56536	1.565576766	96110.83131	0	0
S34	31632.70018	0.1418523634	96110.83131	0	0
neutron	939.56536	0.1099177222	96100.62867	0	0
S34	31632.70018	0.1139432458	96100.62867	0	0
Cl37	34424.84314	0.06257104916	99507.49719	1332.969207	1332.904334
neutron	939.56536	6.072845057	95862.93616	0	0
neutron	939.56536	3.311820533	95862.93616	0	0
neutron	939.56536	2.210657759	95862.93616	0	0
S34	31632.70018	0.1516407946	95862.93616	0	0
proton	938.272013	11.34347781	95799.34889	0	0
proton	938.272013	5.065665408	95799.34889	0	0
neutron	939.56536	2.761022781	95799.34889	0	0
Si32	29776.58515	1.616082884	95799.34889	0	0
S37	34430.21755	0.1347148755	95852.75333	0	0
S37	34430.21755	0.13483	96095.61193	0	0
neutron	939.56536	4.094250409	95930.34872	0	0
Ne22	20479.73746	0.1857589325	95930.34872	0	0
proton	938.272013	6.182146699	95959.08837	0	0
neutron	939.56536	2.310999327	95959.08837	0	0
P33	30705.30994	0.02548006	95959.08837	0	0
Cl35	32564.60306	0.06751470277	99340.3701	1261.622387	1261.422791
Cl35	32564.60306	0.2173308104	98804.80017	1085.066876	1084.805428
neutron	939.56536	36.58168331	95918.06111	0	0
proton	938.272013	6.030033664	95918.06111	0	0
neutron	939.56536	3.974736617	95918.06111	0	0
neutron	939.56536	1.669712995	95918.06111	0	0
neutron	939.56536	0.4194894783	95918.06111	0	0
P32	29775.84838	0.8655994045	95918.06111	0	0
neutron	939.56536	0.5516841078	96224.79211	0	0
S34	31632.70018	0.1531098091	96224.79211	0	0
Cl37	34424.84314	0.3045155204	97071.79689	399.8378284	399.5080682
neutron	939.56536	0.7273224413	95959.48115	0	0
Ne22	20479.73746	0.1952094171	95959.48115	0	0
S37	34430.21755	0.1425169507	96053.08553	0	0
neutron	939.56536	1.323079338	96079.45216	0	0
Ne22	20479.73746	0.3642836857	96079.45216	0	0
neutron	939.56536	1.764059842	95984.75121	0	0
S34	31632.70018	0.3010194111	95984.75121	0	0
Ne23	21414.10216	0.2274624722	95998.86602	0	0
neutron	939.56536	18.94419472	95913.72668	0	0
neutron	939.56536	17.08835336	95913.72668	0	0
neutron	939.56536	0.7049550275	95913.72668	0	0
S34	31632.70018	1.678246837	95913.72668	0	0
proton	938.272013	25.4354115	95866.26458	0	0
neutron	939.56536	4.292088928	95866.26458	0	0
P33	30705.30994	0.9246488005	95866.26458	0	0
Na23	21409.21625	0.1142062211	96074.79013	14.82742026	14.69977719
neutron	939.56536	0.1709004672	96074.70552	0	0
S36	33494.9558	0.0984750559	96074.70552	0	0
neutron	939.56536	6.397007454	95996.97108	0	0
neutron	939.56536	2.425202464	95996.97108	0	0
neutron	939.56536	0.3694780504	95996.97108	0	0
S32	29773.62828	0.7754026662	95996.97108	0	0
S35	32565.27968	0.1588863883	95981.97083	0	0
Cl35	32564.60306	0.1493189368	95877.73666	33.98340971	33.68379287
neutron	939.56536	9.221217269	96054.24259	0	0
proton	938.272013	3.37467047	96054.24259	0	0
neutron	939.56536	0.6087717161	96054.24259	0	0
P32	29775.84838	0.2762739268	96054.24259	0	0
neutron	939.56536	4.258028454	95929.49257	0	0
S34	31632.70018	0.04186509049	95929.49257	0	0
Na23	21409.21625	0.161555006	98305.31078	881.803071	881.6060051
neutron	939.56536	15.77433556	96169.84585	0	0
neutron	939.56536	2.252681286	96169.84585	0	0
neutron	939.56536	1.889398277	96169.84585	0	0
Ne20	18617.73218	0.8596340849	96169.84585	0	0
neutron	939.56536	44.93816428	95972.98753	0	0
neutron	939.56536	3.585498616	95972.98753	0	0
proton	938.272013	3.17566638	95972.98753	0	0
proton	938.272013	3.117352694	95972.98753	0	0
neutron	939.56536	1.498087941	95972.98753	0	0
Si30	27913.24182	1.794319199	95972.98753	0	0
neutron	939.56536	43.59787107	96065.66029	0	0
proton	938.272013	4.387987518	96065.66029	0	0
neutron	939.56536	3.382878306	96065.66029	0	0
neutron	939.56536	2.084276231	96065.66029	0	0
neutron	939.56536	0.2477823478	96065.66029	0	0
P32	29775.84838	0.8585572409	96065.66029	0	0
Cl35	32564.60306	0.2565381772	97239.196	347.6880928	347.3239012
neutron	939.56536	13.93373036	96477.03196	0	0
neutron	939.56536	5.905046591	96477.03196	0	0
neutron	939.56536	3.047322778	96477.03196	0	0
alpha	3727.379	7.989966214	96477.03196	0	0
alpha	3727.379	6.688336347	96477.03196	0	0
C12	11174.86339	2.69213074	96477.03196	0	0
neutron	939.56536	1.135833328	96074.18546	0	0
S36	33494.9558	0.1094268481	96074.18546	0	0
neutron	939.56536	0.5193401798	95847.75951	0	0
S34	31632.70018	0.1113398652	95847.75951	0	0
neutron	939.56536	2.557771649	95928.51488	0	0
S34	31632.70018	0.07783695982	95928.51488	0	0
Ne23	21414.10216	0.2216538249	96019.78938	0	0
neutron	939.56536	0.5039249595	95903.58859	0	0
S34	31632.70018	0.084154238	95903.58859	0	0
Cl35	32564.60306	0.1366640994	97599.05617	645.8564882	645.5915359
neutron	939.56536	3.633475928	95865.64892	0	0
triton	2808.921	12.94615061	95865.64892	0	0
P31	28844.21869	1.670990402	95865.64892	0	0
neutron	939.56536	2.05115615	95885.00935	0	0
Ne22	20479.73746	0.03410521085	95885.00935	0	0
proton	938.272013	17.03863366	95886.37217	0	0
neutron	939.56536	4.087243326	95886.37217	0	0
neutron	939.56536	3.155996656	95886.37217	0	0
neutron	939.56536	1.736442353	95886.37217	0	0
P33	30705.30994	1.222809345	95886.37217	0	0
neutron	939.56536	29.96721388	95919.83641	0	0
neutron	939.56536	4.208273413	95919.83641	0	0
neutron	939.56536	0.6228640201	95919.83641	0	0
alpha	3727.379	7.344556926	95919.83641	0	0
O16	14895.08153	0.1503400462	95919.83641	0	0
neutron	939.56536	7.445612436	95864.28221	0	0
proton	938.272013	6.277137169	95864.28221	0	0
neutron	939.56536	3.187349303	95864.28221	0	0
neutron	939.56536	1.961364672	95864.28221	0	0
F19	17692.30285	0.8820370489	95864.28221	0	0
neutron	939.56536	13.42587773	95934.33025	0	0
neutron	939.56536	2.146268157	95934.33025	0	0
neutron	939.56536	1.812973752	95934.33025	0	0
alpha	3727.379	8.584794955	95934.33025	0	0
Si30	27913.24182	2.652282959	95934.33025	0	0
neutron	939.56536	0.06484486656	96233.95656	0	0
S34	31632.70018	0.1341851529	96233.95656	0	0
neutron	939.56536	0.0684266169	95954.67298	0	0
Ne22	20479.73746	0.2683942076	95954.67298	0	0
neutron	939.56536	3.679541001	96167.87122	0	0
Ne22	20479.73746	0.2130719991	96167.87122	0	0
neutron	939.56536	0.4795336164	96134.80348	0	0
S34	31632.70018	0.06020446205	96134.80348	0	0
Ne23	21414.10216	0.2129474756	96033.5034	0	0
Ne23	21414.10216	0.2206273707	96028.75451	0	0
Cl37	34424.84314	0.1148079589	99067.32741	1147.718117	1147.566989
Cl35	32564.60306	0.06685921419	96472.57665	199.1110587	199.0006521
neutron	939.56536	0.5977027566	96027.92615	0	0
S36	33494.9558	0.06208039667	96027.92615	0	0
S35	32565.27968	0.156473631	96160.57307	0	0
S37	34430.21755	0.1434010272	95959.37937	0	0
neutron	939.56536	1.870047636	96202.94845	0	0
neutron	939.56536	1.160445162	96202.94845	0	0
S33	30704.55199	0.3038851503	96202.94845	0	0
S35	32565.27968	0.1579405477	95882.85956	0	0
Cl37	34424.84314	0.1763411028	96651.23866	244.5705968	244.3741508
Ne23	21414.10216	0.2240886459	96206.8563	0	0
neutron	939.56536	1.921946032	95946.8138	0	0
Ne22	20479.73746	0.1917537211	95946.8138	0	0
neutron	939.56536	3.645192587	95897.22143	0	0
S36	33494.9558	0.1493602958	95897.22143	0	0
neutron	939.56536	348.6633925	99375.2348	1275.865936	744.0614724
proton	938.272013	153.9095375	99375.2348	1275.865936	744.0614724
neutron	939.56536	1.745797168	99375.2348	1275.865936	744.0614724
Ne20	18617.73218	0.7990451189	99375.2348	1275.865936	744.0614724
S35	32565.27968	0.1590023839	97520.19526	0	0
neutron	939.56536	0.4751996391	95957.50522	0	0
S34	31632.70018	0.2139862368	95957.50522	0	0
Na23	21409.21625	0.1229640079	99808.20441	1439.855453	1439.433617
Cl35	32564.60306	0.1004628462	99723.98312	1412.027048	1411.587705
neutron	939.56536	1.282273842	96143.11263	0	0
S34	31632.70018	0.0804705003	96143.11263	0	0
neutron	939.56536	0.06326298904	96008.02504	0	0
S36	33494.9558	0.150507094	96008.02504	0	0
neutron	939.56536	1.574384046	96150.42609	0	0
Ne22	20479.73746	0.09728001264	96150.42609	0	0
neutron	939.56536	10.12509835	95974.01296	0	0
neutron	939.56536	2.022637981	95974.01296	0	0
neutron	939.56536	0.7322874476	95974.01296	0	0
S32	29773.62828	0.9582525939	95974.01296	0	0
neutron	939.56536	0.6622295189	95967.03765	0	0
S34	31632.70018	0.2582776475	95967.03765	0	0
S35	32565.27968	0.1475958867	96024.09143	0	0
proton	938.272013	27.85562569	95840.63787	0	0
neutron	939.56536	3.348098808	95840.63787	0	0
neutron	939.56536	1.56364535	95840.63787	0	0
neutron	939.56536	1.029189025	95840.63787	0	0
neutron	939.56536	0.6208255977	95840.63787	0	0
P32	29775.84838	0.9915441863	95840.63787	0	0
Ne23	21414.10216	0.2116083873	95969.56667	0	0
neutron	939.56536	0.1252722274	95974.97625	0	0
S34	31632.70018	0.1262213672	95974.97625	0	0
S37	34430.21755	0.136842648	96120.72761	0	0
Cl35	32564.60306	0.2327170968	99451.3118	1280.503747	1279.723601
S35	32565.27968	0.1504736357	95927.64836	0	0
neutron	939.56536	9.096510138	96054.2557	0	0
proton	938.272013	9.069326757	96054.2557	0	0
neutron	939.56536	4.485437376	96054.2557	0	0
neutron	939.56536	1.848715456	96054.2557	0	0
F19	17692.30285	0.1261883307	96054.2557	0	0
proton	938.272013	8.546829053	96197.62515	0	0
proton	938.272013	3.25898269	96197.62515	0	0
neutron	939.56536	2.732752877	96197.62515	0	0
neutron	939.56536	0.186073694	96197.62515	0	0
Si31	28846.21977	0.4697010156	96197.62515	0	0
Cl37	34424.84314	0.06425790741	97062.29802	426.7021449	426.4232056
neutron	939.56536	0.3204941279	95995.69286	0	0
Ne22	20479.73746	0.2803592256	95995.69286	0	0
S37	34430.21755	0.1307772719	95962.08119	0	0
S37	34430.21755	0.13421597	95852.57015	0	0
neutron	939.56536	0.3879053783	95917.38993	0	0
S34	31632.70018	0.2126725465	95917.38993	0	0
Cl35	32564.60306	0.5996007861	99196.02635	1229.639829	1228.684615
neutron	939.56536	7.025016643	96119.87823	0	0
neutron	939.56536	6.18108095	96119.87823	0	0
proton	938.272013	4.995560631	96119.87823	0	0
proton	938.272013	4.602721007	96119.87823	0	0
neutron	939.56536	3.765693416	96119.87823	0	0
neutron	939.56536	1.702907216	96119.87823	0	0
Si29	26984.28567	0.3888863126	96119.87823	0	0
neutron	939.56536	0.4324460043	96021.28938	0	0
S34	31632.70018	0.1240740597	96021.28938	0	0
S35	32565.27968	0.1562369168	96221.72233	0	0
Ne23	21414.10216	0.23115685	96039.3487	0	0
Ne23	21414.10216	0.2311036753	96003.66229	0	0
proton	938.272013	4.658842562	95928.28082	0	0
neutron	939.56536	2.024351164	95928.28082	0	0
P33	30705.30994	0.3282977924	95928.28082	0	0
neutron	939.56536	0.3663383669	95983.17256	0	0
S34	31632.70018	0.1626647988	95983.17256	0	0
neutron	939.56536	1.082386461	95993.14049	0	0
S34	31632.70018	0.2943367604	95993.14049	0	0
Cl35	32564.60306	0.07114134649	99172.31068	1165.194442	1165.067932
neutron	939.56536	7.624068287	95976.97969	0	0
neutron	939.56536	7.185016686	95976.97969	0	0
neutron	939.56536	5.266229578	95976.97969	0	0
proton	938.272013	2.227671382	95976.97969	0	0
P31	28844.21869	0.9676142889	95976.97969	0	0
neutron	939.56536	47.02852488	96009.52387	0	0
proton	938.272013	3.829957235	96009.52387	0	0
neutron	939.56536	3.076681696	96009.52387	0	0
neutron	939.56536	1.30520442	96009.52387	0	0
P31	28844.21869	2.649634807	96009.52387	0	0
S37	34430.21755	0.1366931404	96101.69765	0	0
S35	32565.27968	0.1451721624	95983.29432	0	0
neutron	939.56536	20.44641382	96164.87825	0	0
proton	938.272013	4.455940354	96164.87825	0	0
P33	30705.30994	0.9209600639	96164.87825	0	0
neutron	939.56536	4.7890386	96221.95159	0	0
S34	31632.70018	0.3161853026	96221.95159	0	0
neutron	939.56536	0.0744752125	96076.98479	0	0
S34	31632.70018	0.1881371416	96076.98479	0	0
neutron	939.56536	10.88019317	95865.27749	0	0
neutron	939.56536	10.25075949	95865.27749	0	0
neutron	939.56536	4.444873337	95865.27749	0	0
neutron	939.56536	0.3720146012	95865.27749	0	0
alpha	3727.379	5.641687383	95865.27749	0	0
Si29	26984.28567	1.402823105	95865.27749	0	0
proton	938.272013	6.758480693	96262.61217	0	0
neutron	939.56536	6.418248766	96262.61217	0	0
neutron	939.56536	2.277865134	96262.61217	0	0
P32	29775.84838	0.3447419758	96262.61217	0	0
neutron	939.56536	0.9219627913	96062.37367	0	0
neutron	939.56536	0.5447529198	96062.37367	0	0
Ne21	19550.53637	0.3848633797	96062.37367	0	0
Na23	21409.21625	0.2744415859	98131.88309	757.6723247	757.3714598
neutron	939.56536	7.620047167	96268.04655	0	0
neutron	939.56536	2.729998951	96268.04655	0	0
neutron	939.56536	2.344092083	96268.04655	0	0
S32	29773.62828	0.3885077114	96268.04655	0	0
neutron	939.56536	24.71202552	95984.12529	0	0
neutron	939.56536	2.917144487	95984.12529	0	0
Ne21	19550.53637	1.246181958	95984.12529	0	0
neutron	939.56536	18.27107268	95954.03604	0	0
neutron	939.56536	9.959583873	95954.03604	0	0
neutron	939.56536	5.562841147	95954.03604	0	0
alpha	3727.379	3.528898648	95954.03604	0	0
O16	14895.08153	2.357976711	95954.03604	0	0
neutron	939.56536	4.526398803	96011.41858	0	0
neutron	939.56536	3.37174831	96011.41858	0	0
neutron	939.56536	1.92744231	96011.41858	0	0
neutron	939.56536	0.8198075316	96011.41858	0	0
Ne19	17695.03214	0.4653207725	96011.41858	0	0
Ne23	21414.10216	0.2267292412	95843.56565	0	0
S37	34430.21755	0.134121873	95843.11662	0	0
Cl37	34424.84314	0.1563753802	96083.36752	63.47406861	63.11678042
Ne23	21414.10216	0.2339372661	96027.03449	0	0
neutron	939.56536	1.01851291	96072.51589	0	0
S34	31632.70018	0.07779446924	96072.51589	0	0
Ne23	21414.10216	0.2314385112	95974.17944	0	0
Ne23	21414.10216	0.2055150344	96118.13215	0	0
neutron	939.56536	0.5628501646	96133.84269	0	0
Ne22	20479.73746	0.1861445659	96133.84269	0	0
Cl35	32564.60306	0.1048329493	98316.99471	863.6633538	863.3323251
Na23	21409.21625	0.2402868876	96424.71586	72.87505616	72.44256564
Cl35	32564.60306	0.1437201491	97786.13875	641.7735242	641.0086946
proton	938.272013	9.42943801	96110.55219	0	0
neutron	939.56536	7.289104134	96110.55219	0	0
F21	19556.73074	0.500631805	96110.55219	0	0
S35	32565.27968	0.1608835637	96120.56275	0	0
Ne23	21414.10216	0.2174871335	96048.60708	0	0
neutron	939.56536	5.29002156	96081.33286	0	0
neutron	939.56536	4.327376844	96081.33286	0	0
neutron	939.56536	1.657989212	96081.33286	0	0
S32	29773.62828	0.6782251298	96081.33286	0	0
neutron	939.56536	0.9968208876	95947.17156	0	0
S34	31632.70018	0.07301424316	95947.17156	0	0
S37	34430.21755	0.1420455196	96012.86546	0	0
Ne23	21414.10216	0.2292823838	96104.09451	0	0
neutron	939.56536	2.287278466	96280.86708	0	0
Ne22	20479.73746	0.2727503333	96280.86708	0	0
Ne23	21414.10216	0.2194994915	96199.63009	0	0
S35	32565.27968	0.1495609434	95886.59583	0	0
Cl37	34424.84314	0.1151681737	98123.7426	810.7386097	810.1996161
Ne23	21414.10216	0.2315102449	95961.47843	0	0
Cl35	32564.60306	0.112828863	96480.80717	166.2294944	165.8398744
neutron	939.56536	17.34959083	96174.40794	0	0
neutron	939.56536	1.243350753	96174.40794	0	0
S33	30704.55199	0.474287854	96174.40794	0	0
Cl37	34424.84314	0.4968472617	99222.12068	1199.421596	1198.862687
S35	32565.27968	0.1603415896	96220.05385	0	0
neutron	939.56536	1.471338769	95893.4144	0	0
S34	31632.70018	0.06153323009	95893.4144	0	0
neutron	939.56536	1.884087403	95946.22595	0	0
S34	31632.70018	0.2191936653	95946.22595	0	0
neutron	939.56536	0.2962733974	96039.52974	0	0
S34	31632.70018	0.2224649892	96039.52974	0	0
neutron	939.56536	0.8509700861	96035.31738	0	0
S34	31632.70018	0.219526517	96035.31738	0	0
Na23	21409.21625	0.2016075971	98929.45913	1104.316971	1103.935898
neutron	939.56536	0.6104770318	96143.72153	0	0
S34	31632.70018	0.2061212137	96143.72153	0	0
neutron	939.56536	0.1069098936	96425.31514	0	0
S34	31632.70018	0.1452825348	96425.31514	0	0
neutron	939.56536	3.631473979	96019.8434	0	0
S34	31632.70018	0.1025047814	96019.8434	0	0
S37	34430.21755	0.1423514397	96139.10746	0	0
neutron	939.56536	2.553305514	95929.91572	0	0
alpha	3727.379	9.749609709	95929.91572	0	0
Si30	27913.24182	1.382405751	95929.91572	0	0
neutron	939.56536	2.002264253	95841.02081	0	0
Ne22	20479.73746	0.3043386185	95841.02081	0	0
Cl37	34424.84314	0.093202709	96547.55135	280.6712712	280.0636576
proton	938.272013	9.922217035	95864.87778	0	0
proton	938.272013	9.137155653	95864.87778	0	0
neutron	939.56536	4.741241415	95864.87778	0	0
Si32	29776.58515	0.6125473606	95864.87778	0	0
proton	938.272013	2.923430976	95760.28563	0	0
neutron	939.56536	2.578648445	95760.28563	0	0
neutron	939.56536	1.382652535	95760.28563	0	0
P32	29775.84838	0.2294631979	95760.28563	0	0
neutron	939.56536	0.6456504169	96013.66292	0	0
S36	33494.9558	0.169159631	96013.66292	0	0
Ne23	21414.10216	0.2246707601	95974.7821	0	0
proton	938.272013	3.494710068	95798.3206	0	0
neutron	939.56536	1.373869452	95798.3206	0	0
neutron	939.56536	1.188487947	95798.3206	0	0
P32	29775.84838	0.3191012595	95798.3206	0	0
S35	32565.27968	0.1532490533	96134.7924	0	0
Cl35	32564.60306	0.1906092503	96346.01046	195.6051293	195.3781616
neutron	939.56536	1.403611647	95962.53109	0	0
S34	31632.70018	0.2100692864	95962.53109	0	0
neutron	939.56536	37.80242047	96261.94091	0	0
Ne22	20479.73746	1.3315176	96261.94091	0	0
neutron	939.56536	12.77013034	96156.76541	0	0
neutron	939.56536	6.070513624	96156.76541	0	0
S33	30704.55199	0.6712227617	96156.76541	0	0
neutron	939.56536	19.3744402	95866.49227	0	0
alpha	3727.379	9.761042244	95866.49227	0	0
O18	16762.02378	2.797445446	95866.49227	0	0
neutron	939.56536	0.2245070856	95937.25812	0	0
S34	31632.70018	0.1603044842	95937.25812	0	0
proton	938.272013	15.25710533	96200.03571	0	0
neutron	939.56536	0.5406496694	96200.03571	0	0
P33	30705.30994	0.255363917	96200.03571	0	0
neutron	939.56536	25.81407758	96266.19798	0	0
proton	938.272013	5.844817662	96266.19798	0	0
P33	30705.30994	0.8539053001	96266.19798	0	0
neutron	939.56536	6.087030752	95806.23331	0	0
neutron	939.56536	1.810170706	95806.23331	0	0
Ne21	19550.53637	0.2841252276	95806.23331	0	0
neutron	939.56536	4.467974785	95994.03134	0	0
neutron	939.56536	3.268735771	95994.03134	0	0
neutron	939.56536	1.098435528	95994.03134	0	0
Ne20	18617.73218	0.06687725144	95994.03134	0	0
proton	938.272013	9.518361311	95935.34764	0	0
neutron	939.56536	9.312954533	95935.34764	0	0
proton	938.272013	6.082417035	95935.34764	0	0
neutron	939.56536	1.313188885	95935.34764	0	0
neutron	939.56536	0.8466569255	95935.34764	0	0
O18	16762.02378	0.4302505519	95935.34764	0	0
neutron	939.56536	19.57942928	95917.12394	0	0
neutron	939.56536	14.22210033	95917.12394	0	0
neutron	939.56536	5.355432401	95917.12394	0	0
Ne20	18617.73218	2.712633048	95917.12394	0	0
S35	32565.27968	0.1526987928	95943.33218	0	0
neutron	939.56536	9.906123116	95874.86639	0	0
proton	938.272013	2.554319054	95874.86639	0	0
triton	2808.921	2.681280668	95874.86639	0	0
O18	16762.02378	0.8144356917	95874.86639	0	0
proton	938.272013	6.861489261	96102.32061	0	0
neutron	939.56536	3.466610501	96102.32061	0	0
neutron	939.56536	1.812811052	96102.32061	0	0
neutron	939.56536	0.5016528364	96102.32061	0	0
triton	2808.921	4.056365375	96102.32061	0	0
Si28	26053.19393	0.6471381749	96102.32061	0	0
neutron	939.56536	8.579109425	95877.66358	0	0
proton	938.272013	8.037312926	95877.66358	0	0
neutron	939.56536	2.188202637	95877.66358	0	0
neutron	939.56536	1.201114626	95877.66358	0	0
P31	28844.21869	0.2666000616	95877.66358	0	0
Ne23	21414.10216	0.2324173269	96225.76644	0	0
neutron	939.56536	0.420373793	95883.54086	0	0
Ne22	20479.73746	0.2211492027	95883.54086	0	0
neutron	939.56536	0.5923890749	96031.50279	0	0
S34	31632.70018	0.08848654025	96031.50279	0	0
S35	32565.27968	0.1470922438	95972.22522	0	0
neutron	939.56536	3.750232477	96098.29929	0	0
neutron	939.56536	3.040175907	96098.29929	0	0
neutron	939.56536	1.6197161	96098.29929	0	0
S32	29773.62828	0.1175487748	96098.29929	0	0
Ne23	21414.10216	0.2127230966	95836.97101	0	0
Ne23	21414.10216	0.2313960247	95958.52412	0	0
Ne23	21414.10216	0.2174395962	96250.54145	0	0
proton	938.272013	28.30715755	96179.31285	0	0
neutron	939.56536	8.453561389	96179.31285	0	0
neutron	939.56536	2.026253013	96179.31285	0	0
neutron	939.56536	1.529201082	96179.31285	0	0
P31	28844.21869	0.6398335875	96179.31285	0	0
neutron	939.56536	9.11889043	95845.23653	0	0
proton	938.272013	7.113167158	95845.23653	0	0
neutron	939.56536	5.888767096	95845.23653	0	0
neutron	939.56536	5.096777398	95845.23653	0	0
neutron	939.56536	4.975625053	95845.23653	0	0
neutron	939.56536	3.206880513	95845.23653	0	0
P31	28844.21869	0.9528721764	95845.23653	0	0
Cl35	32564.60306	0.4895278549	99968.92178	1491.037712	1490.155159
neutron	939.56536	4.534656595	95939.66475	0	0
neutron	939.56536	0.4501179139	95939.66475	0	0
Ne21	19550.53637	0.2665769147	95939.66475	0	0
neutron	939.56536	7.110245291	96216.04685	0	0
proton	938.272013	5.6347566	96216.04685	0	0
proton	938.272013	4.042088839	96216.04685	0	0
neutron	939.56536	3.590346188	96216.04685	0	0
Si31	28846.21977	0.1762182806	96216.04685	0	0
S37	34430.21755	0.133156037	96080.3562	0	0
neutron	939.56536	0.04740240773	95991.84957	0	0
S36	33494.9558	0.1101551898	95991.84957	0	0
neutron	939.56536	0.4772266382	95994.30952	0	0
S36	33494.9558	0.07640522071	95994.30952	0	0
S35	32565.27968	0.1476750983	95937.32617	0	0
neutron	939.56536	33.83116657	96099.41839	0	0
proton	938.272013	8.687550386	96099.41839	0	0
neutron	939.56536	8.401729464	96099.41839	0	0
neutron	939.56536	1.30018235	96099.41839	0	0
P31	28844.21869	0.4864131108	96099.41839	0	0
S35	32565.27968	0.1581900672	95987.31832	0	0
neutron	939.56536	7.301054112	96457.17133	0	0
neutron	939.56536	4.240449707	96457.17133	0	0
S35	32565.27968	0.2867840497	96457.17133	0	0
Ne23	21414.10216	0.2202400793	95967.34914	0	0
Ne23	21414.10216	0.2283091172	96025.83068	0	0
neutron	939.56536	19.55397021	96206.25714	0	0
neutron	939.56536	2.551021089	96206.25714	0	0
Ne21	19550.53637	0.7089195121	96206.25714	0	0
neutron	939.56536	5.033040389	96059.17848	0	0
neutron	939.56536	4.908365897	96059.17848	0	0
alpha	3727.379	6.333545401	96059.17848	0	0
Si29	26984.28567	1.505362707	96059.17848	0	0
S35	32565.27968	0.1612442752	95929.48255	0	0
S35	32565.27968	0.1661617191	96066.12065	0	0
Cl35	32564.60306	0.07203416592	97113.06103	479.0729987	478.973015
neutron	939.56536	0.7550219526	95846.75094	0	0
S36	33494.9558	0.2546659768	95846.75094	0	0
neutron	939.56536	11.01361972	95948.4065	0	0
proton	938.272013	3.66774891	95948.4065	0	0
neutron	939.56536	1.762304683	95948.4065	0	0
P32	29775.84838	0.2981518545	95948.4065	0	0
neutron	939.56536	0.5740164155	96172.49818	0	0
S34	31632.70018	0.1009762648	96172.49818	0	0
neutron	939.56536	1.825129169	95686.7446	0	0
S34	31632.70018	0.173451024	95686.7446	0	0
Cl37	34424.84314	0.3207178452	99486.43492	1296.402854	1295.99739
Cl35	32564.60306	0.1375044079	97470.6767	496.2868595	495.5425735
neutron	939.56536	0.9157228159	96163.20463	0	0
S34	31632.70018	0.1721726155	96163.20463	0	0
neutron	939.56536	6.551684862	95877.15671	0	0
neutron	939.56536	5.88205846	95877.15671	0	0
neutron	939.56536	1.980065124	95877.15671	0	0
Ne20	18617.73218	1.854542119	95877.15671	0	0
neutron	939.56536	20.07836211	95904.08366	0	0
neutron	939.56536	1.422649158	95904.08366	0	0
S33	30704.55199	0.270454284	95904.08366	0	0
neutron	939.56536	5.641554523	96112.5876	0	0
neutron	939.56536	2.326610161	96112.5876	0	0
Ne21	19550.53637	0.5313498834	96112.5876	0	0
neutron	939.56536	4.906151921	96204.82165	0	0
neutron	939.56536	4.513922368	96204.82165	0	0
neutron	939.56536	0.7435297508	96204.82165	0	0
S34	31632.70018	0.2187137573	96204.82165	0	0
proton	938.272013	14.67163955	96087.62415	0	0
neutron	939.56536	10.55859663	96087.62415	0	0
neutron	939.56536	2.176029352	96087.62415	0	0
neutron	939.56536	2.155871301	96087.62415	0	0
F19	17692.30285	0.7211475424	96087.62415	0	0
neutron	939.56536	0.1090263896	96093.60144	0	0
S36	33494.9558	0.1134762143	96093.60144	0	0
deuteron	1875.613	3.123085416	96105.55933	0	0
triton	2808.921	5.029485281	96105.55933	0	0
Si32	29776.58515	0.239102976	96105.55933	0	0
neutron	939.56536	1.669754586	96002.33447	0	0
S34	31632.70018	0.04554373574	96002.33447	0	0
Cl37	34424.84314	0.1242474111	96923.35645	365.4995585	365.1603131
neutron	939.56536	1.256147399	96075.04769	0	0
neutron	939.56536	1.185088206	96075.04769	0	0
S33	30704.55199	0.1891508803	96075.04769	0	0
neutron	939.56536	0.5428164036	96066.3759	0	0
S36	33494.9558	0.2103624769	96066.3759	0	0
Na23	21409.21625	0.2658333908	98287.32181	875.7215357	875.3996667
Ne23	21414.10216	0.2270877171	95787.65907	0	0
Cl35	32564.60306	0.08665977873	98441.65259	940.96552	940.7619902
Ne23	21414.10216	0.2225391178	95976.52915	0	0
Cl37	34424.84314	0.2046664311	99299.88193	1194.372858	1193.997479
neutron	939.56536	7.80628738	96236.05321	0	0
neutron	939.56536	3.316535701	96236.05321	0	0
neutron	939.56536	0.8591576848	96236.05321	0	0
S32	29773.62828	0.1005276103	96236.05321	0	0
neutron	939.56536	29.275821	96033.03358	0	0
proton	938.272013	2.8335345	96033.03358	0	0
neutron	939.56536	2.110969364	96033.03358	0	0
neutron	939.56536	1.091237466	96033.03358	0	0
P31	28844.21869	0.6027402595	96033.03358	0	0
neutron	939.56536	1.239767236	95870.10655	0	0
S34	31632.70018	0.2223620186	95870.10655	0	0
Ne23	21414.10216	0.2302281426	96048.38453	0	0
proton	938.272013	43.48512581	96119.02992	0	0
neutron	939.56536	5.04490103	96119.02992	0	0
F21	19556.73074	1.801146287	96119.02992	0	0
Ne23	21414.10216	0.2038490551	95822.57789	0	0
neutron	939.56536	2.386064407	95902.62556	0	0
neutron	939.56536	2.069958414	95902.62556	0	0
neutron	939.56536	1.585069522	95902.62556	0	0
S32	29773.62828	0.4108009446	95902.62556	0	0
neutron	939.56536	0.4110617884	95972.88893	0	0
S34	31632.70018	0.1743650713	95972.88893	0	0
neutron	939.56536	0.3585746542	95839.30426	0	0
S36	33494.9558	0.1501177321	95839.30426	0	0
neutron	939.56536	2.865783773	95914.80515	0	0
Ne22	20479.73746	0.1810488945	95914.80515	0	0
neutron	939.56536	4.752930008	96155.47608	0	0
S36	33494.9558	0.1299087246	96155.47608	0	0
Na23	21409.21625	0.1122592466	96834.30116	315.4243367	315.2735781
neutron	939.56536	2.307206081	96071.55312	0	0
Ne22	20479.73746	0.1139340783	96071.55312	0	0
neutron	939.56536	7.176372487	96002.32988	0	0
neutron	939.56536	6.263382702	96002.32988	0	0
neutron	939.56536	5.421653277	96002.32988	0	0
S32	29773.62828	0.4567751908	96002.32988	0	0
neutron	939.56536	5.828813957	96009.45814	0	0
proton	938.272013	3.561646986	96009.45814	0	0
proton	938.272013	2.165642762	96009.45814	0	0
neutron	939.56536	2.062198491	96009.45814	0	0
neutron	939.56536	0.6250837516	96009.45814	0	0
Si30	27913.24182	0.707035726	96009.45814	0	0
S35	32565.27968	0.1509165139	96283.12157	0	0
neutron	939.56536	1.707129057	95925.64363	0	0
Ne22	20479.73746	0.2072259771	95925.64363	0	0
neutron	939.56536	0.59213433	96223.37039	0	0
S36	33494.9558	0.1007743052	96223.37039	0	0
S35	32565.27968	0.1471226826	95932.84678	0	0
S37	34430.21755	0.1432133483	95868.09759	0	0
neutron	939.56536	1.543105807	95869.13184	0	0
Ne22	20479.73746	0.1967859403	95869.13184	0	0
Cl37	34424.84314	0.1430335562	96399.45755	217.2361018	217.0926197
Na23	21409.21625	0.3762058849	99060.76025	1113.163661	1112.639705
neutron	939.56536	5.547332925	95985.20061	0	0
S34	31632.70018	0.1048157102	95985.20061	0	0
S35	32565.27968	0.1550258869	95924.1963	0	0
neutron	939.56536	1.951790307	96045.49803	0	0
Ne22	20479.73746	0.03225915809	96045.49803	0	0
neutron	939.56536	3.933858914	96035.09917	0	0
neutron	939.56536	2.941772736	96035.09917	0	0
S33	30704.55199	0.1078471392	96035.09917	0	0
neutron	939.56536	1.926190539	96275.20659	0	0
S34	31632.70018	0.06573763459	96275.20659	0	0
neutron	939.56536	38.05130126	95948.7813	0	0
neutron	939.56536	2.674302006	95948.7813	0	0
neutron	939.56536	1.075971101	95948.7813	0	0
Ne20	18617.73218	2.684406316	95948.7813	0	0
Na23	21409.21625	0.1122983166	99082.6393	1156.441743	1156.279045
neutron	939.56536	0.7399220834	96149.07129	0	0
S36	33494.9558	0.2356340725	96149.07129	0	0
neutron	939.56536	0.827038656	95988.09144	0	0
S34	31632.70018	0.2304914141	95988.09144	0	0
neutron	939.56536	1.741508966	96037.5472	0	0
S34	31632.70018	0.1542789258	96037.5472	0	0
S35	32565.27968	0.1456715338	96205.77198	0	0
neutron	939.56536	1.539053361	95814.06018	0	0
Ne22	20479.73746	0.3729274783	95814.06018	0	0
Cl35	32564.60306	0.283678768	97689.68282	674.541076	673.5742475
neutron	939.56536	1.918921425	96103.30497	0	0
neutron	939.56536	1.747748319	96103.30497	0	0
neutron	939.56536	1.136687509	96103.30497	0	0
S32	29773.62828	0.01015253025	96103.30497	0	0
neutron	939.56536	1.018721319	95903.59626	0	0
S34	31632.70018	0.1507704843	95903.59626	0	0
S37	34430.21755	0.1331870627	96116.60896	0	0
proton	938.272013	10.50899851	96169.54113	0	0
neutron	939.56536	6.075106963	96169.54113	0	0
neutron	939.56536	5.268837251	96169.54113	0	0
neutron	939.56536	3.35244887	96169.54113	0	0
alpha	3727.379	2.794856527	96169.54113	0	0
N15	13968.93638	2.740109456	96169.54113	0	0
S35	32565.27968	0.1453045119	95837.41799	0	0
neutron	939.56536	6.998442909	96058.89393	0	0
neutron	939.56536	5.960197463	96058.89393	0	0
neutron	939.56536	4.406943161	96058.89393	0	0
alpha	3727.379	5.840576149	96058.89393	0	0
O16	14895.08153	0.9889004004	96058.89393	0	0
neutron	939.56536	1.611744933	96088.24919	0	0
S34	31632.70018	0.03369268205	96088.24919	0	0
Na23	21409.21625	1.39919014	99001.98869	1040.481916	1038.681317
neutron	939.56536	4.365317744	96163.67982	0	0
Ne22	20479.73746	0.2142318917	96163.67982	0	0
Cl37	34424.84314	0.2513449502	96523.23571	256.8498247	256.4916818
Ne23	21414.10216	0.2305793476	95972.10794	0	0
S35	32565.27968	0.1457977802	96007.31251	0	0
Cl35	32564.60306	0.09356778677	96594.00777	258.8498641	258.681037
proton	938.272013	3.361759068	96042.66266	0	0
neutron	939.56536	2.85303515	96042.66266	0	0
neutron	939.56536	2.207409172	96042.66266	0	0
F20	18625.26686	0.180945313	96042.66266	0	0
Na23	21409.21625	0.1246742907	96312.51484	170.4348447	170.2689853
neutron	939.56536	8.326719252	96020.14338	0	0
neutron	939.56536	7.643588582	96020.14338	0	0
neutron	939.56536	4.35734575	96020.14338	0	0
alpha	3727.379	9.96466926	96020.14338	0	0
O16	14895.08153	1.13547983	96020.14338	0	0
neutron	939.56536	3.991838046	95992.25672	0	0
Ne22	20479.73746	0.1761948005	95992.25672	0	0
neutron	939.56536	0.3563805688	95916.94753	0	0
S34	31632.70018	0.1012131654	95916.94753	0	0
Na23	21409.21625	0.2642451591	96887.00949	361.1040157	360.8387311
proton	938.272013	4.531564499	96019.70161	0	0
neutron	939.56536	3.234927049	96019.70161	0	0
neutron	939.56536	2.253197751	96019.70161	0	0
deuteron	1875.613	7.805663609	96019.70161	0	0
Si30	27913.24182	0.2198892726	96019.70161	0	0
neutron	939.56536	0.866056715	96006.32249	0	0
S34	31632.70018	0.08519864562	96006.32249	0	0
S35	32565.27968	0.1582898375	95946.29003	0	0
S35	32565.27968	0.1458443933	96016.23834	0	0
S35	32565.27968	0.1348512415	95926.59997	0	0
neutron	939.56536	2.019895938	95918.21887	0	0
S34	31632.70018	0.3162387162	95918.21887	0	0
neutron	939.56536	0.2968228039	95689.64825	0	0
deuteron	1875.613	6.746202745	95689.64825	0	0
P32	29775.84838	0.1643252905	95689.64825	0	0
proton	938.272013	23.42900234	96457.09969	0	0
neutron	939.56536	18.90532255	96457.09969	0	0
neutron	939.56536	2.176586194	96457.09969	0	0
P32	29775.84838	0.4889622253	96457.09969	0	0
neutron	939.56536	1.126309991	96142.8055	0	0
S34	31632.70018	0.2730099372	96142.8055	0	0
Cl35	32564.60306	0.08713221152	99491.4651	1326.065018	1325.903662
neutron	939.56536	1.8364268	96058.26447	0	0
S36	33494.9558	0.08508070762	96058.26447	0	0
neutron	939.56536	0.07242786948	96084.35772	0	0
S36	33494.9558	0.150837879	96084.35772	0	0
neutron	939.56536	4.070470961	95866.27773	0	0
S34	31632.70018	0.2130892592	95866.27773	0	0
neutron	939.56536	1.556509091	95982.5999	0	0
S34	31632.70018	0.1892462465	95982.5999	0	0
neutron	939.56536	0.895139383	96201.5634	0	0
S34	31632.70018	0.05345542276	96201.5634	0	0
Ne23	21414.10216	0.2259741738	96159.99437	0	0
Ne23	21414.10216	0.2298053175	96135.37689	0	0
Na23	21409.21625	0.496438147	97117.01451	414.6397658	414.0701064
neutron	939.56536	0.3456300024	96202.31222	0	0
Ne22	20479.73746	0.2207955328	96202.31222	0	0
neutron	939.56536	0.6450664108	95978.36846	0	0
S34	31632.70018	0.1525009925	95978.36846	0	0
neutron	939.56536	0.1694506478	96014.97705	0	0
S34	31632.70018	0.1053064095	96014.97705	0	0
neutron	939.56536	17.11033525	96166.35268	0	0
neutron	939.56536	2.083390412	96166.35268	0	0
alpha	3727.379	11.24063311	96166.35268	0	0
Si29	26984.28567	1.284107386	96166.35268	0	0
Cl35	32564.60306	0.1406773622	98071.3083	762.6786382	762.212281
Cl35	32564.60306	0.07148174877	97904.2644	704.1983792	704.0946765
neutron	939.56536	1.111287856	96023.23759	0	0
S34	31632.70018	0.2949781124	96023.23759	0	0
S35	32565.27968	0.1495791206	95928.37913	0	0
proton	938.272013	7.10826341	96065.03087	0	0
neutron	939.56536	4.462494836	96065.03087	0	0
P33	30705.30994	0.4796788476	96065.03087	0	0
Ne23	21414.10216	0.2289698472	95948.66464	0	0
S35	32565.27968	0.1396973751	95920.60152	0	0
Cl35	32564.60306	1.450902934	98134.0006	821.8637781	820.2819098
Ne23	21414.10216	0.2312854445	95980.97841	0	0
neutron	939.56536	0.3135280472	96204.8311	0	0
Ne22	20479.73746	0.2010356594	96204.8311	0	0
proton	938.272013	14.14738778	95901.35309	0	0
neutron	939.56536	3.647595996	95901.35309	0	0
neutron	939.56536	1.823530705	95901.35309	0	0
P32	29775.84838	0.4706338922	95901.35309	0	0
neutron	939.56536	5.426253583	96114.93173	0	0
neutron	939.56536	1.130799894	96114.93173	0	0
S35	32565.27968	0.1581937124	96114.93173	0	0
neutron	939.56536	2.837046471	95817.0621	0	0
neutron	939.56536	0.7832683058	95817.0621	0	0
alpha	3727.379	8.20796805	95817.0621	0	0
Si29	26984.28567	1.489997118	95817.0621	0	0
neutron	939.56536	0.8088620604	96078.45812	0	0
Ne22	20479.73746	0.2851404719	96078.45812	0	0
neutron	939.56536	1.504479849	96329.64465	0	0
S34	31632.70018	0.2255857813	96329.64465	0	0
neutron	939.56536	2.601630728	96012.08261	0	0
S34	31632.70018	0.1880912533	96012.08261	0	0
neutron	939.56536	0.1054553646	95935.05986	0	0
S34	31632.70018	0.1181834265	95935.05986	0	0
S35	32565.27968	0.1499341215	96065.58716	0	0
Ne23	21414.10216	0.2206055363	95843.23876	0	0
neutron	939.56536	34.07234533	96141.7712	0	0
neutron	939.56536	0.5840170481	96141.7712	0	0
alpha	3727.379	8.093413471	96141.7712	0	0
Si29	26984.28567	0.5675878078	96141.7712	0	0
neutron	939.56536	1.459694764	96342.74746	0	0
Ne22	20479.73746	0.08538579725	96342.74746	0	0
neutron	939.56536	26.71961738	96017.08968	0	0
neutron	939.56536	3.222952198	96017.08968	0	0
neutron	939.56536	1.0461388	96017.08968	0	0
alpha	3727.379	4.547386318	96017.08968	0	0
O16	14895.08153	2.765553287	96017.08968	0	0
neutron	939.56536	3.783632527	96103.13115	0	0
neutron	939.56536	1.387570377	96103.13115	0	0
S33	30704.55199	0.2957576776	96103.13115	0	0
Cl35	32564.60306	0.1298946374	96130.64093	111.2835689	111.0895032
neutron	939.56536	3.82492719	95989.97969	0	0
proton	938.272013	2.260716701	95989.97969	0	0
neutron	939.56536	2.198564691	95989.97969	0	0
P32	29775.84838	0.4311594358	95989.97969	0	0
neutron	939.56536	1.732369376	95888.84964	0	0
Ne22	20479.73746	0.5203535885	95888.84964	0	0
neutron	939.56536	0.4813072612	96033.47464	0	0
Ne22	20479.73746	0.279429897	96033.47464	0	0
neutron	939.56536	22.50326817	95971.10356	0	0
neutron	939.56536	19.93982836	95971.10356	0	0
neutron	939.56536	3.232510547	95971.10356	0	0
S32	29773.62828	0.3688458599	95971.10356	0	0
neutron	939.56536	2.337601478	96233.87679	0	0
S34	31632.70018	0.3828847277	96233.87679	0	0
neutron	939.56536	41.35246962	95848.00344	0	0
neutron	939.56536	1.241185312	95848.00344	0	0
alpha	3727.379	5.915954239	95848.00344	0	0
O17	15830.5038	3.508188559	95848.00344	0	0
neutron	939.56536	12.48838573	95982.94731	0	0
neutron	939.56536	2.702988835	95982.94731	0	0
neutron	939.56536	2.489211447	95982.94731	0	0
Ne20	18617.73218	0.5186993167	95982.94731	0	0
neutron	939.56536	2.095230344	96072.46733	0	0
S34	31632.70018	0.3039460618	96072.46733	0	0
neutron	939.56536	0.6813188998	95897.72582	0	0
Ne22	20479.73746	0.2423929881	95897.72582	0	0
Cl35	32564.60306	0.071301749	98150.95127	791.8274664	791.6378217
Na23	21409.21625	0.2733978809	97115.42489	408.5336976	407.9937106
neutron	939.56536	0.781973924	96115.95661	0	0
S34	31632.70018	0.1637208819	96115.95661	0	0
neutron	939.56536	1.441800347	96165.14746	0	0
S34	31632.70018	0.08085497585	96165.14746	0	0
Ne23	21414.10216	0.2166963886	96076.9172	0	0
Na23	21409.21625	0.1014262402	97420.76737	559.5927775	559.4858997
Cl35	32564.60306	0.06838302335	95936.59547	28.67446024	28.41747778
S35	32565.27968	0.1355488843	95916.45417	0	0
Cl37	34424.84314	0.3554350757	97529.51783	604.0526469	603.6639093
S35	32565.27968	0.1485099182	95963.56632	0	0
Ne23	21414.10216	0.2332079299	96098.06604	0	0
neutron	939.56536	0.891780249	95982.7913	0	0
S34	31632.70018	0.2323756003	95982.7913	0	0
Ne23	21414.10216	0.2297912779	96009.74651	0	0
neutron	939.56536	2.738377208	96018.47853	0	0
S34	31632.70018	0.3691829303	96018.47853	0	0
neutron	939.56536	0.4949505884	95984.65292	0	0
Ne22	20479.73746	0.1408014236	95984.65292	0	0
neutron	939.56536	5.655389847	95945.23071	0	0
neutron	939.56536	5.104601208	95945.23071	0	0
proton	938.272013	3.434689691	95945.23071	0	0
deuteron	1875.613	7.560938934	95945.23071	0	0
Si30	27913.24182	0.7439965092	95945.23071	0	0
neutron	939.56536	0.8836415219	96015.62754	0	0
Ne22	20479.73746	0.156256969	96015.62754	0	0
neutron	939.56536	9.379246338	95886.31586	0	0
neutron	939.56536	4.641645113	95886.31586	0	0
neutron	939.56536	3.815924304	95886.31586	0	0
Ne20	18617.73218	1.652785752	95886.31586	0	0
neutron	939.56536	12.32126645	95983.73492	0	0
neutron	939.56536	0.7286747057	95983.73492	0	0
S35	32565.27968	0.5304780741	95983.73492	0	0
proton	938.272013	39.05069829	96082.90934	0	0
neutron	939.56536	11.78040838	96082.90934	0	0
neutron	939.56536	0.3991531672	96082.90934	0	0
P32	29775.84838	0.6239209078	96082.90934	0	0
neutron	939.56536	0.5114445649	96079.53015	0	0
S34	31632.70018	0.07192388106	96079.53015	0	0
neutron	939.56536	0.6521538646	95882.92717	0	0
S34	31632.70018	0.07344545714	95882.92717	0	0
S35	32565.27968	0.1432562659	96143.02648	0	0
S37	34430.21755	0.1404721724	96527.16745	0	0
neutron	939.56536	1.872966806	95924.89716	0	0
Ne22	20479.73746	0.1789471317	95924.89716	0	0
Na23	21409.21625	0.1007349038	98983.11043	1152.613033	1152.490746
neutron	939.56536	0.6610027483	96006.63144	0	0
Ne22	20479.73746	0.1489191463	96006.63144	0	0
neutron	939.56536	2.211546225	95986.48982	0	0
S34	31632.70018	0.1981790597	95986.48982	0	0
Cl37	34424.84314	0.09702841221	97919.44976	738.0403032	737.6636837
Ne23	21414.10216	0.2319695206	95914.66269	0	0
S35	32565.27968	0.1572546938	96007.30974	0	0
neutron	939.56536	1.280067555	95858.43535	0	0
Ne22	20479.73746	0.0401201347	95858.43535	0	0
Ne23	21414.10216	0.215987318	95957.79784	0	0
Ne23	21414.10216	0.2309776998	96133.39728	0	0
S37	34430.21755	0.1441821717	96013.34203	0	0
proton	938.272013	3.860715499	95935.83965	0	0
neutron	939.56536	2.409981014	95935.83965	0	0
P33	30705.30994	0.1280774367	95935.83965	0	0
S37	34430.21755	0.1357945435	96043.09035	0	0
Ne23	21414.10216	0.2282774958	96032.22103	0	0
Cl35	32564.60306	0.1964840625	98831.5762	978.9916844	978.6158459
neutron	939.56536	6.778652551	96254.1013	0	0
neutron	939.56536	1.261302709	96254.1013	0	0
neutron	939.56536	0.8250359901	96254.1013	0	0
S34	31632.70018	0.4306705909	96254.1013	0	0
S35	32565.27968	0.1472119648	96082.22594	0	0
Cl35	32564.60306	0.1584845539	98187.94926	718.5918511	718.4185448
Ne23	21414.10216	0.2121241648	96244.92812	0	0
Na23	21409.21625	0.1702269658	96319.74549	176.0920439	175.8470399
neutron	939.56536	11.32341461	95951.42282	0	0
neutron	939.56536	6.219222817	95951.42282	0	0
proton	938.272013	4.126794189	95951.42282	0	0
neutron	939.56536	2.181050973	95951.42282	0	0
F19	17692.30285	2.624765723	95951.42282	0	0
neutron	939.56536	4.009403141	95992.50856	0	0
neutron	939.56536	3.519474628	95992.50856	0	0
S33	30704.55199	0.05824001833	95992.50856	0	0
S37	34430.21755	0.1359572413	96036.92693	0	0
neutron	939.56536	25.73772241	95892.13013	0	0
neutron	939.56536	8.167976683	95892.13013	0	0
neutron	939.56536	2.6705119	95892.13013	0	0
Ne20	18617.73218	2.272335792	95892.13013	0	0
neutron	939.56536	5.069854449	95935.81885	0	0
neutron	939.56536	2.498166005	95935.81885	0	0
Ne21	19550.53637	0.1773209001	95935.81885	0	0
neutron	939.56536	0.5112675488	95824.33915	0	0
S34	31632.70018	0.1261099225	95824.33915	0	0
neutron	939.56536	0.2778637477	95867.10389	0	0
Ne22	20479.73746	0.15637789	95867.10389	0	0
Ne23	21414.10216	0.2004046472	96180.17978	0	0
proton	938.272013	10.09478389	95920.79781	0	0
neutron	939.56536	3.036127426	95920.79781	0	0
neutron	939.56536	2.874627973	95920.79781	0	0
alpha	3727.379	4.862475813	95920.79781	0	0
N16	14906.01287	5.257601589	95920.79781	0	0
neutron	939.56536	6.052432024	95939.63292	0	0
neutron	939.56536	2.102056849	95939.63292	0	0
neutron	939.56536	1.958918775	95939.63292	0	0
deuteron	1875.613	3.866746317	95939.63292	0	0
deuteron	1875.613	5.681528554	95939.63292	0	0
O16	14895.08153	1.188494925	95939.63292	0	0
Cl35	32564.60306	0.07512329312	96249.7936	148.21131	148.1205198
proton	938.272013	8.695532155	95951.92408	0	0
proton	938.272013	7.859723411	95951.92408	0	0
neutron	939.56536	1.022185295	95951.92408	0	0
neutron	939.56536	0.9738511112	95951.92408	0	0
neutron	939.56536	0.6397378324	95951.92408	0	0
O18	16762.02378	0.1191608996	95951.92408	0	0
neutron	939.56536	3.482325866	95923.03851	0	0
neutron	939.56536	2.975381486	95923.03851	0	0
neutron	939.56536	1.679228544	95923.03851	0	0
alpha	3727.379	14.08877013	95923.03851	0	0
O16	14895.08153	4.104585899	95923.03851	0	0
neutron	939.56536	7.690058139	95980.8352	0	0
neutron	939.56536	4.085022218	95980.8352	0	0
neutron	939.56536	4.063387644	95980.8352	0	0
S32	29773.62828	0.7675057808	95980.8352	0	0
Cl35	32564.60306	0.0654390749	99068.76474	1080.342704	1080.186814
Cl37	34424.84314	0.06506293865	97334.37171	558.5442716	558.4418861
neutron	939.56536	0.362489204	95943.39237	0	0
S34	31632.70018	0.1358325743	95943.39237	0	0
Cl35	32564.60306	0.08617035647	99190.95956	1202.51059	1202.308042
S37	34430.21755	0.1378771099	96063.51389	0	0
Na23	21409.21625	0.3555533565	96184.8736	68.46405225	67.94217764
neutron	939.56536	2.004137037	95984.75826	0	0
neutron	939.56536	0.566357086	95984.75826	0	0
S33	30704.55199	0.04743520329	95984.75826	0	0
neutron	939.56536	0.03265252314	96188.82023	0	0
Ne22	20479.73746	0.2143113209	96188.82023	0	0
neutron	939.56536	3.697746277	96046.72934	0	0
S34	31632.70018	0.127232654	96046.72934	0	0
Cl35	32564.60306	0.07824756955	99380.70332	1288.021711	1287.878229
Cl35	32564.60306	0.0880815779	96588.31562	223.5152522	223.2519361
Ne23	21414.10216	0.2073972606	96115.4331	0	0
neutron	939.56536	0.3671528277	96016.28379	0	0
Ne22	20479.73746	0.2860079864	96016.28379	0	0
neutron	939.56536	3.173961496	96118.50912	0	0
S34	31632.70018	0.1112377265	96118.50912	0	0
Cl37	34424.84314	0.07954074125	96399.94023	209.3310255	209.0528509
neutron	939.56536	0.8959089713	95934.52571	0	0
S34	31632.70018	0.118593975	95934.52571	0	0
Ne23	21414.10216	0.2252724527	96105.91477	0	0
neutron	939.56536	27.16289931	95773.94006	0	0
neutron	939.56536	3.863258224	95773.94006	0	0
neutron	939.56536	0.9528057774	95773.94006	0	0
alpha	3727.379	9.039340495	95773.94006	0	0
Si28	26053.19393	0.8277847795	95773.94006	0	0
Ne23	21414.10216	0.2232615777	96053.90818	0	0
neutron	939.56536	8.554830354	95944.44883	0	0
proton	938.272013	7.835144796	95944.44883	0	0
neutron	939.56536	0.9126546486	95944.44883	0	0
P32	29775.84838	0.3966416751	95944.44883	0	0
neutron	939.56536	0.2658814106	96094.87812	0	0
S34	31632.70018	0.1215951918	96094.87812	0	0
S35	32565.27968	0.1600370298	95899.96481	0	0
neutron	939.56536	5.440925805	96028.21632	0	0
neutron	939.56536	0.8223344819	96028.21632	0	0
neutron	939.56536	0.590137566	96028.21632	0	0
S32	29773.62828	0.2574387678	96028.21632	0	0
Ne23	21414.10216	0.2257972433	96168.86238	0	0
neutron	939.56536	6.687688067	96268.07426	0	0
neutron	939.56536	4.503339977	96268.07426	0	0
neutron	939.56536	1.460245789	96268.07426	0	0
alpha	3727.379	8.367018427	96268.07426	0	0
Si28	26053.19393	1.95729813	96268.07426	0	0
Cl35	32564.60306	0.7771114065	97754.35615	480.4754582	479.6881922
S35	32565.27968	0.1515364233	96691.93354	0	0
Ne23	21414.10216	0.2311846634	95983.94951	0	0
S35	32565.27968	0.1502819213	95887.61121	0	0
neutron	939.56536	2.583775068	95916.13271	0	0
S34	31632.70018	0.1646159854	95916.13271	0	0
Cl35	32564.60306	0.1068352437	98200.48446	809.4511749	809.0625426
neutron	939.56536	1.537104735	95971.8889	0	0
S36	33494.9558	0.0307238875	95971.8889	0	0
neutron	939.56536	1.084287358	96093.15018	0	0
neutron	939.56536	0.1311673937	96093.15018	0	0
Ne21	19550.53637	0.2439001414	96093.15018	0	0
neutron	939.56536	24.43230303	96025.16243	0	0
neutron	939.56536	2.267539551	96025.16243	0	0
neutron	939.56536	0.7036086075	96025.16243	0	0
Ne20	18617.73218	0.7665334349	96025.16243	0	0
proton	938.272013	7.265218772	96026.98125	0	0
neutron	939.56536	3.421314896	96026.98125	0	0
neutron	939.56536	0.9770726229	96026.98125	0	0
neutron	939.56536	0.1794352502	96026.98125	0	0
P31	28844.21869	0.430631956	96026.98125	0	0
Ne23	21414.10216	0.2296586083	95880.1952	0	0
neutron	939.56536	0.7009636384	95906.41585	0	0
S36	33494.9558	0.114799701	95906.41585	0	0
neutron	939.56536	0.94875322	96015.02101	0	0
neutron	939.56536	0.8925285494	96015.02101	0	0
S35	32565.27968	0.09385958904	96015.02101	0	0
Na23	21409.21625	0.1155236106	98789.94652	1079.260421	1078.849362
S35	32565.27968	0.1518117127	95893.27431	0	0
Ne23	21414.10216	0.2243897031	96020.31961	0	0
Na23	21409.21625	0.3533142157	99339.58848	1238.286015	1237.879148
neutron	939.56536	2.706715798	95881.1612	0	0
neutron	939.56536	2.30844928	95881.1612	0	0
Ne21	19550.53637	0.6259124082	95881.1612	0	0
neutron	939.56536	47.85186079	96031.87363	0	0
proton	938.272013	6.803147532	96031.87363	0	0
proton	938.272013	3.352158192	96031.87363	0	0
Si32	29776.58515	2.787106512	96031.87363	0	0
Ne23	21414.10216	0.2241451752	95809.59432	0	0
Na23	21409.21625	0.2271862222	96788.67512	327.4926156	327.2534699
Cl35	32564.60306	0.09079134795	96446.75846	207.8526384	207.5435368
S35	32565.27968	0.1652501811	96031.50521	0	0
Na23	21409.21625	0.1240514013	99523.68314	1342.545053	1342.358215
Ne23	21414.10216	0.216703308	95792.4322	0	0
neutron	939.56536	23.22296612	95987.88104	0	0
neutron	939.56536	9.458051723	95987.88104	0	0
neutron	939.56536	3.171087968	95987.88104	0	0
Ne20	18617.73218	0.9261645774	95987.88104	0	0
neutron	939.56536	1.898002065	95977.1617	0	0
neutron	939.56536	0.2068283857	95977.1617	0	0
S33	30704.55199	0.2572020255	95977.1617	0	0
neutron	939.56536	2.622989721	96002.73199	0	0
Ne22	20479.73746	0.2200881177	96002.73199	0	0
Cl37	34424.84314	0.1425222959	96683.97546	314.0891855	313.6212421
S35	32565.27968	0.1619666976	95905.18958	0	0
neutron	939.56536	3.467615535	96048.29475	0	0
neutron	939.56536	0.08918717586	96048.29475	0	0
S33	30704.55199	0.1275075547	96048.29475	0	0
S35	32565.27968	0.1494316709	96025.91628	0	0
neutron	939.56536	0.7315703475	96030.52229	0	0
S34	31632.70018	0.1933343596	96030.52229	0	0
neutron	939.56536	0.09612479642	95817.87916	0	0
S34	31632.70018	0.166315182	95817.87916	0	0
neutron	939.56536	1.773546032	96001.03189	0	0
S34	31632.70018	0.1818761354	96001.03189	0	0
S35	32565.27968	0.1554447316	95978.48656	0	0
proton	938.272013	7.772653905	95848.68674	0	0
neutron	939.56536	6.712833821	95848.68674	0	0
neutron	939.56536	2.421147471	95848.68674	0	0
proton	938.272013	2.100467872	95848.68674	0	0
neutron	939.56536	2.092258281	95848.68674	0	0
Si30	27913.24182	1.023960649	95848.68674	0	0
Ne23	21414.10216	0.2343600469	95984.5233	0	0
neutron	939.56536	0.7006635718	96208.39246	0	0
Ne22	20479.73746	0.1879594844	96208.39246	0	0
neutron	939.56536	0.07628072077	95978.34299	0	0
S34	31632.70018	0.1623266984	95978.34299	0	0
neutron	939.56536	7.214729897	95969.44589	0	0
neutron	939.56536	4.730852666	95969.44589	0	0
proton	938.272013	4.375276758	95969.44589	0	0
neutron	939.56536	1.485448031	95969.44589	0	0
P33	30705.30994	0.304905705	95969.44589	0	0
neutron	939.56536	1.381603289	96223.05531	0	0
S34	31632.70018	0.09787648393	96223.05531	0	0
proton	938.272013	8.064899761	95920.05946	0	0
neutron	939.56536	2.456363274	95920.05946	0	0
neutron	939.56536	1.76228073	95920.05946	0	0
P32	29775.84838	0.6179460184	95920.05946	0	0
neutron	939.56536	0.1833168609	96391.63016	0	0
S36	33494.9558	0.1141146964	96391.63016	0	0
proton	938.272013	14.18712508	95975.42891	0	0
neutron	939.56536	3.931559574	95975.42891	0	0
neutron	939.56536	2.207549489	95975.42891	0	0
P32	29775.84838	0.1327953764	95975.42891	0	0
neutron	939.56536	5.514325737	96254.22495	0	0
proton	938.272013	3.907311962	96254.22495	0	0
neutron	939.56536	3.045629257	96254.22495	0	0
P32	29775.84838	0.5641121364	96254.22495	0	0
Cl35	32564.60306	0.1029008249	98745.54519	946.2865196	946.0713379
Na23	21409.21625	0.1153967307	97901.44555	659.9358246	659.6558994
Ne23	21414.10216	0.2077140676	96000.32574	0	0
Ne23	21414.10216	0.2277556675	96077.17899	0	0
neutron	939.56536	0.2373348107	95723.42677	0	0
S36	33494.9558	0.1523981478	95723.42677	0	0
neutron	939.56536	9.279536529	95895.16968	0	0
neutron	939.56536	5.99448438	95895.16968	0	0
neutron	939.56536	4.169990287	95895.16968	0	0
Ne20	18617.73218	2.345406185	95895.16968	0	0
S37	34430.21755	0.1451939681	95785.92451	0	0
proton	938.272013	10.67216031	96034.80083	0	0
neutron	939.56536	0.2616163963	96034.80083	0	0
F21	19556.73074	0.6296094254	96034.80083	0	0
Na23	21409.21625	0.2184570591	96554.23015	277.1373213	276.9047862
Na23	21409.21625	0.2495791675	95938.89316	21.80217314	21.35743231
neutron	939.56536	1.082850815	95948.03606	0	0
S34	31632.70018	0.3037268951	95948.03606	0	0
neutron	939.56536	1.395249959	96181.55892	0	0
Ne22	20479.73746	0.2900621922	96181.55892	0	0
Ne23	21414.10216	0.2231483483	95913.44764	0	0
neutron	939.56536	2.203306578	95941.39698	0	0
S34	31632.70018	0.2531020837	95941.39698	0	0
S35	32565.27968	0.1479029325	96086.15029	0	0
neutron	939.56536	1.714833812	95939.39552	0	0
S34	31632.70018	0.07311985786	95939.39552	0	0
neutron	939.56536	1.223360156	96050.81751	0	0
S34	31632.70018	0.3163474738	96050.81751	0	0
Na23	21409.21625	0.1057064051	98254.18606	747.9127488	747.7572437
Cl35	32564.60306	0.2079213551	99112.52162	1205.101398	1204.490477
neutron	939.56536	3.695684508	95864.55224	0	0
neutron	939.56536	3.681234565	95864.55224	0	0
S33	30704.55199	0.2852683272	95864.55224	0	0
S37	34430.21755	0.1411084722	96045.19885	0	0
Ne23	21414.10216	0.203385619	95741.99501	0	0
Ne23	21414.10216	0.2333748319	96267.88583	0	0
Cl35	32564.60306	0.0972526372	97174.72824	480.8440169	480.7195176
Cl35	32564.60306	0.1236348128	97788.37168	545.4925785	545.2205932
neutron	939.56536	0.1658913149	95797.13279	0	0
S36	33494.9558	0.09676844817	95797.13279	0	0
proton	938.272013	12.52018972	95763.37033	0	0
neutron	939.56536	11.51876318	95763.37033	0	0
neutron	939.56536	5.064795185	95763.37033	0	0
neutron	939.56536	3.693215643	95763.37033	0	0
P33	30705.30994	0.2123791691	95763.37033	0	0
neutron	939.56536	11.34667986	95932.59432	0	0
neutron	939.56536	6.589478833	95932.59432	0	0
neutron	939.56536	4.769893167	95932.59432	0	0
S32	29773.62828	0.1455725756	95932.59432	0	0
S35	32565.27968	0.1639606946	95866.14853	0	0
Ne23	21414.10216	0.2232654481	96018.56916	0	0
Ne23	21414.10216	0.2046877313	96087.09119	0	0
neutron	939.56536	6.957398831	95813.88015	0	0
neutron	939.56536	2.22495901	95813.88015	0	0
Ne21	19550.53637	0.5500336095	95813.88015	0	0
Cl35	32564.60306	0.1146793567	99774.31939	1418.857901	1418.341506
Cl35	32564.60306	0.1605706858	95986.72542	40.20921591	40.03253518
neutron	939.56536	10.59513276	95954.58087	0	0
neutron	939.56536	5.92599612	95954.58087	0	0
neutron	939.56536	3.675568992	95954.58087	0	0
Ne20	18617.73218	2.269207807	95954.58087	0	0
Na23	21409.21625	1.303029022	96507.92509	196.3457046	194.9301772
Cl37	34424.84314	0.1910229213	96338.02799	82.20364635	81.88236498
neutron	939.56536	6.761516746	96302.74606	0	0
neutron	939.56536	2.718722122	96302.74606	0	0
neutron	939.56536	1.611042434	96302.74606	0	0
Ne20	18617.73218	0.9813373685	96302.74606	0	0
S37	34430.21755	0.1359570561	95914.56694	0	0
neutron	939.56536	0.5183882389	95950.21139	0	0
S34	31632.70018	0.2556445858	95950.21139	0	0
Cl35	32564.60306	0.1306386087	98434.4352	942.3905929	942.0877302
neutron	939.56536	1.09563377	95991.50449	0	0
S34	31632.70018	0.2384658974	95991.50449	0	0
neutron	939.56536	2.706498605	95896.34093	0	0
S34	31632.70018	0.3191454353	95896.34093	0	0
Cl35	32564.60306	0.08000725297	99493.97441	1319.814129	1319.658324
Ne23	21414.10216	0.2172128331	96025.89848	0	0
Cl35	32564.60306	0.1888246582	96112.86288	122.8243257	122.6114539
neutron	939.56536	6.938151441	96014.35531	0	0
neutron	939.56536	0.9004557602	96014.35531	0	0
Ne21	19550.53637	0.6775895079	96014.35531	0	0
Cl37	34424.84314	0.3268110544	98587.91484	952.9198536	952.3677672
Cl37	34424.84314	0.09017610279	97804.42838	646.7527604	646.5774117
neutron	939.56536	14.00242043	96095.03219	0	0
neutron	939.56536	5.671104802	96095.03219	0	0
neutron	939.56536	4.042000428	96095.03219	0	0
proton	938.272013	3.050235945	96095.03219	0	0
proton	938.272013	2.999048319	96095.03219	0	0
O18	16762.02378	3.520867825	96095.03219	0	0
Na23	21409.21625	0.2901340536	99260.86104	1203.495257	1202.926391
Na23	21409.21625	0.228881389	95902.09033	64.49608682	64.03464128
S37	34430.21755	0.1362513307	95871.3988	0	0
Cl35	32564.60306	0.0811281552	96254.60789	10.23671515	10.13068366
S35	32565.27968	0.1627056831	96257.4731	0	0
Na23	21409.21625	0.1480590067	98814.27534	1037.247464	1036.722697
Ne23	21414.10216	0.220379121	96208.95275	0	0
neutron	939.56536	24.78040791	95982.11359	0	0
neutron	939.56536	0.8789678185	95982.11359	0	0
S33	30704.55199	0.5480524373	95982.11359	0	0
neutron	939.56536	0.1334576437	96196.47731	0	0
S34	31632.70018	0.1309353699	96196.47731	0	0
neutron	939.56536	3.469010623	96050.88617	0	0
alpha	3727.379	13.37381286	96050.88617	0	0
O18	16762.02378	2.059097998	96050.88617	0	0
Cl35	32564.60306	0.0999750463	99571.29143	1347.738127	1347.484961
neutron	939.56536	13.76800635	96049.09416	0	0
neutron	939.56536	4.841117652	96049.09416	0	0
neutron	939.56536	1.062497955	96049.09416	0	0
Ne20	18617.73218	0.5385565154	96049.09416	0	0
Na23	21409.21625	0.2414439579	97225.56615	543.2548597	542.9451712
neutron	939.56536	0.2380844361	96058.06242	0	0
S34	31632.70018	0.2004359107	96058.06242	0	0
S35	32565.27968	0.1612608761	96281.71586	0	0
neutron	939.56536	3.09394259	95940.94243	0	0
S34	31632.70018	0.01754766754	95940.94243	0	0
proton	938.272013	6.404568958	95894.323	0	0
neutron	939.56536	5.174389149	95894.323	0	0
triton	2808.921	2.350991083	95894.323	0	0
Si30	27913.24182	1.691632613	95894.323	0	0
neutron	939.56536	7.81492044	96025.0058	0	0
neutron	939.56536	6.182498497	96025.0058	0	0
proton	938.272013	5.45460865	96025.0058	0	0
neutron	939.56536	0.9000967244	96025.0058	0	0
F19	17692.30285	0.3761549473	96025.0058	0	0
neutron	939.56536	2.834051382	95842.71546	0	0
S34	31632.70018	0.3787670918	95842.71546	0	0
neutron	939.56536	1.27024486	96177.7661	0	0
Ne22	20479.73746	0.1846156713	96177.7661	0	0
neutron	939.56536	27.91365732	95929.38279	0	0
proton	938.272013	8.229855727	95929.38279	0	0
neutron	939.56536	3.043380318	95929.38279	0	0
proton	938.272013	2.192608522	95929.38279	0	0
Si31	28846.21977	2.009394245	95929.38279	0	0
neutron	939.56536	1.542385313	96002.76541	0	0
S34	31632.70018	0.2980352696	96002.76541	0	0
neutron	939.56536	23.45707388	96079.44414	0	0
proton	938.272013	16.35646342	96079.44414	0	0
neutron	939.56536	3.180090236	96079.44414	0	0
proton	938.272013	2.287200081	96079.44414	0	0
neutron	939.56536	2.148074533	96079.44414	0	0
O18	16762.02378	0.7595486307	96079.44414	0	0
Cl35	32564.60306	0.1231298007	96254.64983	178.7210343	178.4734499
neutron	939.56536	0.2668915591	96181.15212	0	0
Ne22	20479.73746	0.1677740621	96181.15212	0	0
neutron	939.56536	2.07552279	95953.93533	0	0
S34	31632.70018	0.2191465455	95953.93533	0	0
S35	32565.27968	0.1337665963	95902.77478	0	0
Na23	21409.21625	0.1316348644	97859.78049	683.9285656	683.5163661
Cl35	32564.60306	0.06526700237	96565.47328	210.3620316	210.0697795
neutron	939.56536	9.252644553	96101.89385	0	0
neutron	939.56536	7.948145413	96101.89385	0	0
neutron	939.56536	0.3685735064	96101.89385	0	0
S32	29773.62828	0.7986211741	96101.89385	0	0
Na23	21409.21625	0.2514531429	99770.41395	1389.543886	1388.981563
proton	938.272013	15.50216945	96042.51005	0	0
neutron	939.56536	2.219976302	96042.51005	0	0
P33	30705.30994	0.5238708722	96042.51005	0	0
neutron	939.56536	10.21050373	95976.86243	0	0
neutron	939.56536	7.15271073	95976.86243	0	0
S35	32565.27968	0.1194422944	95976.86243	0	0
Ne23	21414.10216	0.2134618375	95806.96604	0	0
Ne23	21414.10216	0.2221252625	96103.2056	0	0
Cl35	32564.60306	0.1265967479	96924.24041	336.1763594	335.9771257
neutron	939.56536	16.54629313	96072.25162	0	0
proton	938.272013	3.056678171	96072.25162	0	0
F21	19556.73074	0.3976146489	96072.25162	0	0
neutron	939.56536	2.446213994	96066.07884	0	0
S34	31632.70018	0.3540311948	96066.07884	0	0
neutron	939.56536	3.07990449	95864.54913	0	0
deuteron	1875.613	4.370438918	95864.54913	0	0
P32	29775.84838	0.3843060698	95864.54913	0	0
neutron	939.56536	2.707443561	95998.77106	0	0
S36	33494.9558	0.27646585	95998.77106	0	0
neutron	939.56536	0.7733995024	95871.51727	0	0
S34	31632.70018	0.2154451529	95871.51727	0	0
neutron	939.56536	2.041395419	95891.64436	0	0
neutron	939.56536	0.479284953	95891.64436	0	0
S35	32565.27968	0.2703202705	95891.64436	0	0
neutron	939.56536	0.3851282123	96077.82576	0	0
S34	31632.70018	0.1133738438	96077.82576	0	0
Ne23	21414.10216	0.2282509082	95937.38545	0	0
Na23	21409.21625	0.4349234759	96866.71067	350.8244036	350.3885271
S35	32565.27968	0.1644657491	96004.11627	0	0
S35	32565.27968	0.1607024978	96371.1508	0	0
S35	32565.27968	0.1414818129	95974.04937	0	0
S35	32565.27968	0.144456665	95848.48206	0	0
neutron	939.56536	0.4362084776	95943.90748	0	0
S36	33494.9558	0.1890466641	95943.90748	0	0
neutron	939.56536	9.844957217	96218.7378	0	0
neutron	939.56536	4.507038408	96218.7378	0	0
neutron	939.56536	0.6043170806	96218.7378	0	0
S34	31632.70018	0.2986868782	96218.7378	0	0
neutron	939.56536	0.1870930138	95884.7189	0	0
S34	31632.70018	0.101559982	95884.7189	0	0
neutron	939.56536	5.445463709	96166.73374	0	0
neutron	939.56536	2.469815985	96166.73374	0	0
neutron	939.56536	2.2256231	96166.73374	0	0
S32	29773.62828	0.2938701981	96166.73374	0	0
Na23	21409.21625	0.1509482245	97513.85426	632.2363709	631.8896445
neutron	939.56536	33.80536022	95918.29739	0	0
neutron	939.56536	3.994930663	95918.29739	0	0
neutron	939.56536	3.710036734	95918.29739	0	0
neutron	939.56536	0.7203880685	95918.29739	0	0
S33	30704.55199	0.3469610425	95918.29739	0	0
proton	938.272013	42.23666614	95958.90544	0	0
neutron	939.56536	14.25972585	95958.90544	0	0
P35	32569.77755	0.4001945717	95958.90544	0	0
Na23	21409.21625	0.1051613975	96731.56715	376.7815218	376.6634436
neutron	939.56536	0.2955450636	96203.39272	0	0
Ne22	20479.73746	0.3095758434	96203.39272	0	0
Cl35	32564.60306	0.2291103219	98085.65936	789.8658384	789.4882228
neutron	939.56536	0.3498863064	95917.9347	0	0
S34	31632.70018	0.08701774254	95917.9347	0	0
proton	938.272013	8.091916466	95945.35416	0	0
neutron	939.56536	3.819891511	95945.35416	0	0
neutron	939.56536	2.185731351	95945.35416	0	0
neutron	939.56536	0.3785935394	95945.35416	0	0
neutron	939.56536	0.3538432331	95945.35416	0	0
P32	29775.84838	0.1345065923	95945.35416	0	0
Ne23	21414.10216	0.2263275038	95878.70125	0	0
neutron	939.56536	2.496978368	96119.30667	0	0
S34	31632.70018	0.3172819789	96119.30667	0	0
Cl37	34424.84314	0.08183299682	99146.62533	1186.738269	1186.655553
Cl35	32564.60306	0.08451562156	97844.08182	667.7267951	667.1163904
neutron	939.56536	1.441363468	96068.48901	0	0
Ne22	20479.73746	0.3556051039	96068.48901	0	0
S35	32565.27968	0.1400557602	96052.95334	0	0
neutron	939.56536	0.5954566356	96005.82321	0	0
S34	31632.70018	0.11011557	96005.82321	0	0
Na23	21409.21625	0.1750420697	99816.48654	1437.278502	1437.097482
proton	938.272013	14.03159845	96025.65312	0	0
neutron	939.56536	10.02591512	96025.65312	0	0
neutron	939.56536	0.5688678377	96025.65312	0	0
P32	29775.84838	0.4739468533	96025.65312	0	0
Cl37	34424.84314	0.0925477491	96813.27049	220.7015237	220.4447674
Cl37	34424.84314	0.1307803635	99609.54952	1373.627269	1373.426018
proton	938.272013	4.836744996	96051.08109	0	0
neutron	939.56536	2.565532909	96051.08109	0	0
neutron	939.56536	1.031246208	96051.08109	0	0
neutron	939.56536	0.5214787014	96051.08109	0	0
P31	28844.21869	0.5035355258	96051.08109	0	0
neutron	939.56536	1.549435518	95992.90056	0	0
alpha	3727.379	14.95901059	95992.90056	0	0
Si30	27913.24182	1.770501122	95992.90056	0	0
neutron	939.56536	6.070472846	95927.40135	0	0
proton	938.272013	2.412060073	95927.40135	0	0
P33	30705.30994	0.1639996953	95927.40135	0	0
neutron	939.56536	1.967003017	96093.43121	0	0
S34	31632.70018	0.3186467407	96093.43121	0	0
Na23	21409.21625	0.1208058245	98299.26192	865.1817343	865.0125642
Cl35	32564.60306	0.3406541885	95917.01544	42.38254554	41.92964643
Ne23	21414.10216	0.2231740689	95911.63497	0	0
Ne23	21414.10216	0.2242707494	96072.58002	0	0
Cl35	32564.60306	0.2594816898	95940.81574	51.27852503	51.00593769
Ne23	21414.10216	0.1975311952	95929.37624	0	0
S35	32565.27968	0.1466000161	96072.54028	0	0
Ne23	21414.10216	0.2313390359	96025.99273	0	0
S35	32565.27968	0.1598813667	95912.60128	0	0
neutron	939.56536	0.7163644139	96328.23949	0	0
S34	31632.70018	0.08334300579	96328.23949	0	0
Cl37	34424.84314	0.09639599452	96554.2215	226.8512115	226.2276675
S35	32565.27968	0.1326129546	96052.26862	0	0
Na23	21409.21625	0.1587703842	99988.26356	1497.776022	1497.570555
Cl35	32564.60306	0.12297641	98648.12301	987.7040865	987.2920965
Ne23	21414.10216	0.223672649	96078.96837	0	0
neutron	939.56536	0.4370530952	95884.05862	0	0
S36	33494.9558	0.1452385362	95884.05862	0	0
neutron	939.56536	0.3673297196	96310.64439	0	0
S34	31632.70018	0.2315155374	96310.64439	0	0
Ne23	21414.10216	0.2276922049	96000.28584	0	0
neutron	939.56536	2.815977697	96058.65943	0	0
neutron	939.56536	0.6934845466	96058.65943	0	0
neutron	939.56536	0.5538874259	96058.65943	0	0
S34	31632.70018	0.005215202357	96058.65943	0	0
Ne23	21414.10216	0.2234826861	96048.03267	0	0
neutron	939.56536	11.34334702	95969.68013	0	0
neutron	939.56536	4.631780734	95969.68013	0	0
S33	30704.55199	0.2247705322	95969.68013	0	0
neutron	939.56536	7.22985801	96364.10368	0	0
proton	938.272013	3.800885275	96364.10368	0	0
neutron	939.56536	1.57858869	96364.10368	0	0
deuteron	1875.613	7.365751804	96364.10368	0	0
Si30	27913.24182	1.390064536	96364.10368	0	0
Cl37	34424.84314	0.07200072738	99911.56087	1469.874396	1469.694706
neutron	939.56536	0.6780680521	96031.88105	0	0
S36	33494.9558	0.1247843715	96031.88105	0	0
neutron	939.56536	1.446003034	95942.7093	0	0
neutron	939.56536	1.075733223	95942.7093	0	0
alpha	3727.379	4.707577158	95942.7093	0	0
O17	15830.5038	2.028451914	95942.7093	0	0
neutron	939.56536	5.107775231	95888.34773	0	0
neutron	939.56536	1.780880054	95888.34773	0	0
neutron	939.56536	1.270279913	95888.34773	0	0
S32	29773.62828	0.4136910598	95888.34773	0	0
Ne23	21414.10216	0.221838183	95856.59712	0	0
proton	938.272013	10.23905821	95942.76261	0	0
neutron	939.56536	7.047173795	95942.76261	0	0
neutron	939.56536	4.210703639	95942.76261	0	0
proton	938.272013	2.704780413	95942.76261	0	0
neutron	939.56536	1.276489657	95942.76261	0	0
Si30	27913.24182	0.3515600562	95942.76261	0	0
neutron	939.56536	1.065907005	95801.50857	0	0
S34	31632.70018	0.2161112266	95801.50857	0	0
neutron	939.56536	3.81441946	95970.43837	0	0
Ne22	20479.73746	0.5158308731	95970.43837	0	0
neutron	939.56536	8.075118839	95894.71267	0	0
neutron	939.56536	0.531388558	95894.71267	0	0
S35	32565.27968	0.04888779458	95894.71267	0	0
neutron	939.56536	5.043085058	96041.28727	0	0
neutron	939.56536	4.452725213	96041.28727	0	0
neutron	939.56536	3.556995581	96041.28727	0	0
neutron	939.56536	1.605901082	96041.28727	0	0
neutron	939.56536	0.368790534	96041.28727	0	0
S32	29773.62828	0.6513056573	96041.28727	0	0
Na23	21409.21625	0.1768075109	96145.44619	109.8825384	109.4529605
Cl35	32564.60306	0.1083904157	96683.76611	262.786557	262.6434867
neutron	939.56536	0.8876639523	95928.41115	0	0
S34	31632.70018	0.174180488	95928.41115	0	0
Cl35	32564.60306	0.1261774446	97980.90188	675.1535502	674.7762127
neutron	939.56536	0.1859668521	95845.64153	0	0
Ne22	20479.73746	0.2237180447	95845.64153	0	0
neutron	939.56536	14.38343295	96121.76114	0	0
neutron	939.56536	7.8061722	96121.76114	0	0
neutron	939.56536	2.971784284	96121.76114	0	0
alpha	3727.379	5.286001197	96121.76114	0	0
O16	14895.08153	0.2527248243	96121.76114	0	0
S35	32565.27968	0.1494164438	96023.58983	0	0
Ne23	21414.10216	0.2337658806	95914.26333	0	0
Cl35	32564.60306	0.1009057242	98496.86137	967.7644472	967.3725049
neutron	939.56536	19.35216746	96005.80431	0	0
neutron	939.56536	0.7616672404	96005.80431	0	0
Ne21	19550.53637	0.3803611551	96005.80431	0	0
neutron	939.56536	0.3214712043	96153.35575	0	0
Ne22	20479.73746	0.127498433	96153.35575	0	0
Cl35	32564.60306	0.09366967032	97279.34725	502.4836401	502.2693631
neutron	939.56536	1.975422781	95959.76739	0	0
Ne22	20479.73746	0.4121854986	95959.76739	0	0
proton	938.272013	15.77918584	96230.05832	0	0
neutron	939.56536	6.527479737	96230.05832	0	0
neutron	939.56536	3.099994952	96230.05832	0	0
neutron	939.56536	2.868570128	96230.05832	0	0
F19	17692.30285	1.67534548	96230.05832	0	0
Cl35	32564.60306	0.08265750727	99875.49766	1457.44023	1457.319176
S35	32565.27968	0.1551298691	95956.37383	0	0
neutron	939.56536	1.354119495	96097.56532	0	0
neutron	939.56536	0.7443847109	96097.56532	0	0
S33	30704.55199	0.05683911636	96097.56532	0	0
neutron	939.56536	0.6826027938	96030.79426	0	0
S34	31632.70018	0.2379286385	96030.79426	0	0
S35	32565.27968	0.1601227152	95982.293	0	0
neutron	939.56536	9.84702108	96034.07415	0	0
neutron	939.56536	1.524971656	96034.07415	0	0
neutron	939.56536	0.3961848201	96034.07415	0	0
S32	29773.62828	0.1526759473	96034.07415	0	0
neutron	939.56536	0.2934811304	95988.17484	0	0
S34	31632.70018	0.140760653	95988.17484	0	0
S37	34430.21755	0.1409775236	96008.25373	0	0
Ne23	21414.10216	0.2324262099	96216.03652	0	0
neutron	939.56536	7.707791118	96226.5761	0	0
neutron	939.56536	2.809934351	96226.5761	0	0
Ne21	19550.53637	0.1242513622	96226.5761	0	0
neutron	939.56536	0.3728033744	95985.60337	0	0
S34	31632.70018	0.09858093253	95985.60337	0	0
Cl35	32564.60306	0.2858190368	99002.39333	1126.289302	1125.961597
neutron	939.56536	3.202568063	96043.40516	0	0
neutron	939.56536	1.066585349	96043.40516	0	0
neutron	939.56536	0.9849024567	96043.40516	0	0
S32	29773.62828	0.4640960406	96043.40516	0	0
neutron	939.56536	0.5755598281	95866.96189	0	0
Ne22	20479.73746	0.08779762041	95866.96189	0	0
Na23	21409.21625	0.1537103826	97883.60398	714.984569	714.7651968
neutron	939.56536	17.72790085	96080.58355	0	0
neutron	939.56536	4.104599814	96080.58355	0	0
proton	938.272013	3.366127797	96080.58355	0	0
proton	938.272013	3.109916802	96080.58355	0	0
neutron	939.56536	1.602634719	96080.58355	0	0
O18	16762.02378	0.9357836434	96080.58355	0	0
neutron	939.56536	7.289644863	96025.88189	0	0
neutron	939.56536	5.160923105	96025.88189	0	0
neutron	939.56536	1.67580923	96025.88189	0	0
Ne20	18617.73218	0.9437597301	96025.88189	0	0
Cl35	32564.60306	0.08465245441	99184.76931	1205.806147	1205.646307
S35	32565.27968	0.1651895482	95909.78442	0	0
neutron	939.56536	0.5375727837	95830.67376	0	0
S34	31632.70018	0.1756914389	95830.67376	0	0
neutron	939.56536	33.25492087	95975.29335	0	0
neutron	939.56536	5.705651343	95975.29335	0	0
neutron	939.56536	4.961786402	95975.29335	0	0
neutron	939.56536	1.788076887	95975.29335	0	0
neutron	939.56536	0.3187767706	95975.29335	0	0
S32	29773.62828	0.2411065931	95975.29335	0	0
neutron	939.56536	1.14425219	96036.91598	0	0
S34	31632.70018	0.09381137934	96036.91598	0	0
neutron	939.56536	0.3022311805	95853.27093	0	0
Ne22	20479.73746	0.1436581849	95853.27093	0	0
S35	32565.27968	0.1502954306	96024.87446	0	0
Ne23	21414.10216	0.2269573307	95912.94095	0	0
neutron	939.56536	0.6594053368	95958.95476	0	0
S34	31632.70018	0.1702231457	95958.95476	0	0
S35	32565.27968	0.1626323177	95991.65909	0	0
proton	938.272013	12.85389752	96551.7734	0	0
neutron	939.56536	4.198860592	96551.7734	0	0
proton	938.272013	2.664636992	96551.7734	0	0
Si32	29776.58515	1.289070006	96551.7734	0	0
Cl35	32564.60306	0.171075624	98650.6655	995.1943798	995.0159158
neutron	939.56536	1.578728694	96008.16777	0	0
S34	31632.70018	0.2965885452	96008.16777	0	0
neutron	939.56536	1.770391386	96188.04557	0	0
Ne22	20479.73746	0.5026105471	96188.04557	0	0
Cl35	32564.60306	0.09644685292	99759.28957	1418.278734	1417.945345
neutron	939.56536	7.851129109	95922.77066	0	0
neutron	939.56536	5.594026583	95922.77066	0	0
neutron	939.56536	2.055624114	95922.77066	0	0
alpha	3727.379	8.410838503	95922.77066	0	0
O16	14895.08153	3.967491979	95922.77066	0	0
neutron	939.56536	0.2651663143	95877.50749	0	0
S36	33494.9558	0.08720962023	95877.50749	0	0
neutron	939.56536	5.65149752	96149.91656	0	0
neutron	939.56536	1.132788491	96149.91656	0	0
neutron	939.56536	0.8595434114	96149.91656	0	0
Ne20	18617.73218	0.3041741157	96149.91656	0	0
neutron	939.56536	1.812295891	96005.01687	0	0
Ne22	20479.73746	0.2260083781	96005.01687	0	0
Ne23	21414.10216	0.2226490557	95924.02769	0	0
neutron	939.56536	0.5737491743	95849.88749	0	0
S34	31632.70018	0.1882288965	95849.88749	0	0
neutron	939.56536	0.4618323286	95997.64814	0	0
S34	31632.70018	0.1913182505	95997.64814	0	0
neutron	939.56536	8.083991379	95817.37873	0	0
neutron	939.56536	5.125769224	95817.37873	0	0
Ne21	19550.53637	0.4539191018	95817.37873	0	0
S35	32565.27968	0.1499744954	95950.59054	0	0
S35	32565.27968	0.1677405314	95989.15726	0	0
Cl37	34424.84314	0.1578206796	97150.71842	470.7363946	470.3086584
Na23	21409.21625	0.1278905237	97064.34818	450.8025599	450.6080835
neutron	939.56536	5.295261575	95912.05549	0	0
neutron	939.56536	1.452424123	95912.05549	0	0
neutron	939.56536	0.2294621674	95912.05549	0	0
Ne20	18617.73218	0.7617086838	95912.05549	0	0
neutron	939.56536	0.5124891454	96020.84462	0	0
S34	31632.70018	0.1811830828	96020.84462	0	0
S35	32565.27968	0.1340768857	96076.46603	0	0
Na23	21409.21625	0.1351172155	99663.29042	1380.12109	1379.894712
Cl35	32564.60306	0.06475157421	98138.71549	805.559817	805.3650909
neutron	939.56536	0.06264931538	95955.9841	0	0
S34	31632.70018	0.129677397	95955.9841	0	0
proton	938.272013	54.08014503	96004.86925	0	0
neutron	939.56536	2.751739635	96004.86925	0	0
neutron	939.56536	0.3601700196	96004.86925	0	0
P32	29775.84838	1.448517691	96004.86925	0	0
neutron	939.56536	4.732282825	95856.97612	0	0
S36	33494.9558	0.4631684313	95856.97612	0	0
proton	938.272013	25.66883013	96046.79627	0	0
F22	20491.06576	1.198766513	96046.79627	0	0
Cl37	34424.84314	0.227579446	98661.36416	996.3084834	996.029329
neutron	939.56536	0.9833857091	96064.14797	0	0
alpha	3727.379	6.837180468	96064.14797	0	0
Si30	27913.24182	1.451821005	96064.14797	0	0
neutron	939.56536	29.24257752	96062.71296	0	0
neutron	939.56536	3.006514228	96062.71296	0	0
neutron	939.56536	1.29614383	96062.71296	0	0
Ne20	18617.73218	0.8620718194	96062.71296	0	0
neutron	939.56536	0.133205165	95985.52364	0	0
Ne22	20479.73746	0.2738050771	95985.52364	0	0
neutron	939.56536	33.96002145	96184.53211	0	0
neutron	939.56536	19.19314403	96184.53211	0	0
neutron	939.56536	5.114368938	96184.53211	0	0
S32	29773.62828	2.964674243	96184.53211	0	0
Na23	21409.21625	0.4187678741	98045.40685	690.4366465	689.6643446
neutron	939.56536	1.473790112	96294.39278	0	0
Ne22	20479.73746	0.1997950974	96294.39278	0	0
proton	938.272013	35.26787579	96144.64075	0	0
neutron	939.56536	3.240342938	96144.64075	0	0
neutron	939.56536	0.463190188	96144.64075	0	0
P32	29775.84838	0.784542373	96144.64075	0	0
proton	938.272013	17.61449954	96014.966	0	0
neutron	939.56536	14.57560244	96014.966	0	0
neutron	939.56536	0.7649029331	96014.966	0	0
P34	31638.59261	0.04637596337	96014.966	0	0
neutron	939.56536	27.05189847	96065.60353	0	0
neutron	939.56536	1.329482517	96065.60353	0	0
S33	30704.55199	0.9419716041	96065.60353	0	0
neutron	939.56536	8.729910684	96005.72785	0	0
neutron	939.56536	2.366792779	96005.72785	0	0
neutron	939.56536	0.5857492923	96005.72785	0	0
Ne20	18617.73218	0.1565093079	96005.72785	0	0
Ne23	21414.10216	0.2250627169	96085.14775	0	0
Ne23	21414.10216	0.2143390312	96020.79053	0	0
neutron	939.56536	5.596252716	96045.54884	0	0
neutron	939.56536	1.565944082	96045.54884	0	0
alpha	3727.379	10.54069378	96045.54884	0	0
Si29	26984.28567	1.572713118	96045.54884	0	0
S37	34430.21755	0.1368142911	96259.66622	0	0
neutron	939.56536	1.224404268	95936.50196	0	0
Ne22	20479.73746	0.3481652592	95936.50196	0	0
neutron	939.56536	0.9584592818	95894.66694	0	0
S34	31632.70018	0.2339497496	95894.66694	0	0
neutron	939.56536	17.79846233	95862.52604	0	0
proton	938.272013	13.47515511	95862.52604	0	0
proton	938.272013	8.611518364	95862.52604	0	0
neutron	939.56536	3.546703726	95862.52604	0	0
neutron	939.56536	0.9093189195	95862.52604	0	0
Si30	27913.24182	0.6879544888	95862.52604	0	0
Na23	21409.21625	0.1543033606	98269.27622	872.6401104	872.4174203
Cl35	32564.60306	0.06725907675	97847.90042	726.0194975	725.3030304
Na23	21409.21625	0.2800817531	96768.37702	300.7311729	300.4164312
neutron	939.56536	0.9092068865	96070.24328	0	0
S34	31632.70018	0.262745342	96070.24328	0	0
Cl35	32564.60306	0.07496158654	98839.54948	974.3959693	974.301336
Cl37	34424.84314	0.2283709994	97790.09674	593.9611007	593.3921753
neutron	939.56536	0.2423526431	96265.89004	0	0
Ne22	20479.73746	0.1712045635	96265.89004	0	0
S37	34430.21755	0.1308910658	95897.4421	0	0
neutron	939.56536	0.5001688585	96376.91552	0	0
S34	31632.70018	0.183823591	96376.91552	0	0
Cl35	32564.60306	0.1423497285	99810.56844	1436.552626	1436.219119
Na23	21409.21625	0.2016316297	99246.54901	1235.351788	1234.922904
S35	32565.27968	0.1418057927	95852.03549	0	0
neutron	939.56536	0.7347122587	96160.18558	0	0
S34	31632.70018	0.1700083386	96160.18558	0	0
proton	938.272013	18.15680245	95723.13406	0	0
neutron	939.56536	10.43073204	95723.13406	0	0
neutron	939.56536	2.090680974	95723.13406	0	0
neutron	939.56536	1.454802705	95723.13406	0	0
P31	28844.21869	0.7087438278	95723.13406	0	0
neutron	939.56536	14.68229551	95819.9075	0	0
neutron	939.56536	6.731064128	95819.9075	0	0
proton	938.272013	4.44565001	95819.9075	0	0
neutron	939.56536	1.354200505	95819.9075	0	0
P31	28844.21869	0.1297935396	95819.9075	0	0
S35	32565.27968	0.1543738074	96092.51701	0	0
Ne23	21414.10216	0.2189116421	96134.50399	0	0
neutron	939.56536	37.28613795	95913.69339	0	0
neutron	939.56536	2.321500322	95913.69339	0	0
neutron	939.56536	2.244315161	95913.69339	0	0
alpha	3727.379	2.341748136	95913.69339	0	0
O16	14895.08153	4.235684354	95913.69339	0	0
Cl35	32564.60306	0.08739622591	99294.53138	1251.876728	1251.742599
Cl35	32564.60306	0.0721357234	97381.37173	540.508598	540.4146268
Cl37	34424.84314	0.07015330486	99701.59582	1403.631389	1403.50999
neutron	939.56536	0.2495206564	95791.12083	0	0
S34	31632.70018	0.1196746445	95791.12083	0	0
neutron	939.56536	8.571943163	95907.30442	0	0
proton	938.272013	2.978993238	95907.30442	0	0
neutron	939.56536	2.601767016	95907.30442	0	0
neutron	939.56536	2.366032281	95907.30442	0	0
P31	28844.21869	0.4385762375	95907.30442	0	0
neutron	939.56536	1.972660434	95842.27008	0	0
Ne22	20479.73746	0.4118026656	95842.27008	0	0
neutron	939.56536	11.53904996	95948.74635	0	0
neutron	939.56536	2.1888838	95948.74635	0	0
neutron	939.56536	1.373359978	95948.74635	0	0
Ne20	18617.73218	0.7366567655	95948.74635	0	0
neutron	939.56536	0.2130489596	96256.26929	0	0
S34	31632.70018	0.1079717327	96256.26929	0	0
Ne23	21414.10216	0.2232026325	95913.7231	0	0
Cl37	34424.84314	0.09020940914	97107.39089	436.358397	436.0898484
S35	32565.27968	0.1595499184	95979.81773	0	0
neutron	939.56536	3.236308924	95921.95924	0	0
neutron	939.56536	0.7242381385	95921.95924	0	0
neutron	939.56536	0.6697483761	95921.95924	0	0
alpha	3727.379	14.71456775	95921.95924	0	0
Si28	26053.19393	2.564347253	95921.95924	0	0
S35	32565.27968	0.1458686909	96129.80277	0	0
neutron	939.56536	3.299024715	96217.64813	0	0
neutron	939.56536	2.155501106	96217.64813	0	0
S33	30704.55199	0.5610208461	96217.64813	0	0
Cl37	34424.84314	0.3677420586	99093.44965	1178.156309	1177.753508
Cl35	32564.60306	0.13434332	96124.95807	83.7910321	83.40243069
S35	32565.27968	0.1466241231	96030.83667	0	0
Cl35	32564.60306	0.08612640465	99223.82095	1226.826245	1226.509834
Na23	21409.21625	0.4564827689	97613.71076	568.0598183	567.5542558
neutron	939.56536	0.1829305103	96151.54346	0	0
Ne22	20479.73746	0.1501675477	96151.54346	0	0
