neutron	939.565	2.86004	94665.1	16241.5	15965.2
He3	2808.39	6.97305	94665.1	16241.5	15965.2
Be8	7454.85	14.7194	94665.1	16241.5	15965.2
C12	11174.9	0.3584	89128.8	9279.02	9278.33
C12	11174.9	0.459704	79038.1	2075.07	2074.54
C12	11174.9	0.865364	74289	1296.24	1294.3
C12	11174.9	1.01034	92079.8	14174.9	14173.2
C12	11174.9	0.775118	87180.8	10472.9	10471.9
C12	11174.9	0.661888	93287.7	15175.8	15174
C12	11174.9	0.349154	97246.7	17854	17853.3
C12	11174.9	0.418185	96120.5	16672.8	16672.1
neutron	939.565	146.28	75892.7	2421.59	1032.22
proton	938.272	3.09397	75892.7	2421.59	1032.22
B10	9324.44	0.537969	75892.7	2421.59	1032.22
C12	11174.9	0.74995	99009.5	19019.8	19018.9
C12	11174.9	0.676441	81129.5	6527.46	6526.13
C12	11174.9	0.487248	98172.3	18524.2	18523.6
C12	11174.9	0.357503	94580.2	15853.4	15852.9
C12	11174.9	0.695916	84714.5	9039.92	9039.21
C12	11174.9	3.1315	72570.1	424.83	421.336
C12	11174.9	0.669482	89079	11347.8	11347
C12	11174.9	1.49714	89424.4	11743.7	11741.8
C12	11174.9	0.364279	87530.8	11345.8	11344.9
C12	11174.9	0.563652	94093.6	15600.6	15600
C12	11174.9	0.332893	75662.2	2528.95	2528.18
C12	11174.9	0.389023	83659.1	7364.91	7364.15
C12	11174.9	0.393847	84951.5	9374.14	9373.66
C12	11174.9	0.677871	94461	15014.4	15013.3
C12	11174.9	0.444805	87043	9828.07	9827.48
C12	11174.9	0.356828	77286	2575.11	2572.65
C12	11174.9	0.369306	98512.5	18671.2	18668.7
proton	938.272	394.994	97741.4	18163.7	16988.1
proton	938.272	6.46071	97741.4	18163.7	16988.1
neutron	939.565	5.20351	97741.4	18163.7	16988.1
neutron	939.565	2.8124	97741.4	18163.7	16988.1
alpha	3727.38	4.70773	97741.4	18163.7	16988.1
alpha	3727.38	11.9326	97741.4	18163.7	16988.1
neutron	939.565	146.077	92236.8	11753.5	11404.9
proton	938.272	92.5331	92236.8	11753.5	11404.9
proton	938.272	47.9378	92236.8	11753.5	11404.9
neutron	939.565	6.62982	92236.8	11753.5	11404.9
alpha	3727.38	0.497355	92236.8	11753.5	11404.9
alpha	3727.38	13.9148	92236.8	11753.5	11404.9
C12	11174.9	0.393264	97460.6	17907.7	17907.1
C12	11174.9	0.532274	90318.6	12199.4	12198.2
C12	11174.9	0.530418	99653.3	19481.8	19481
C12	11174.9	1.63195	98736.1	18769.1	18767.2
neutron	939.565	9.64231	94014.1	15434	15193
proton	938.272	3.17759	94014.1	15434	15193
deuteron	1875.61	6.90657	94014.1	15434	15193
Be8	7454.85	7.26572	94014.1	15434	15193
C12	11174.9	1.05167	88825.5	10981.6	10979.4
C12	11174.9	0.413248	87108.6	9767.03	9766.52
C12	11174.9	0.458405	95390.6	16117.4	16116.4
C12	11174.9	0.612351	87024.8	10546	10545
C12	11174.9	1.22758	95594.7	16548.5	16546.2
proton	938.272	248.129	83105.9	7345.52	6938.61
proton	938.272	119.856	83105.9	7345.52	6938.61
neutron	939.565	2.65901	83105.9	7345.52	6938.61
Be9	8392.75	1.59925	83105.9	7345.52	6938.61
C12	11174.9	1.90852	72688.9	365.986	363.559
C12	11174.9	0.495807	91734.1	13140.1	13139.3
C12	11174.9	0.600371	82647.2	1573.48	1572.49
C12	11174.9	0.369399	83059.7	6255.94	6255.46
neutron	939.565	1984.46	89091.6	11458.6	9208.29
neutron	939.565	223.871	89091.6	11458.6	9208.29
proton	938.272	3.77133	89091.6	11458.6	9208.29
proton	938.272	1.4883	89091.6	11458.6	9208.29
Be8	7454.85	0.507292	89091.6	11458.6	9208.29
C12	11174.9	0.577497	91202.2	13650.8	13646.8
C12	11174.9	1.27527	84887.5	8572.96	8571.58
C12	11174.9	0.347527	89934.4	12056.9	12056.4
proton	938.272	249.654	99488.4	19361.3	18924.1
neutron	939.565	37.6335	99488.4	19361.3	18924.1
neutron	939.565	36.3649	99488.4	19361.3	18924.1
proton	938.272	10.8628	99488.4	19361.3	18924.1
deuteron	1875.61	23.3447	99488.4	19361.3	18924.1
deuteron	1875.61	5.56025	99488.4	19361.3	18924.1
alpha	3727.38	8.78075	99488.4	19361.3	18924.1
C12	11174.9	0.501332	75083.5	1720.73	1719.6
C12	11174.9	0.492791	73424.2	987.113	986.37
C12	11174.9	0.449034	71726.3	138.739	138.137
C12	11174.9	0.343392	96790.3	17394.2	17393.8
C12	11174.9	0.415218	97346.2	17810.7	17810.1
C12	11174.9	0.56289	92727.6	13560.2	13559.4
C12	11174.9	0.709452	75922.1	113.922	113.094
C12	11174.9	0.654017	87500.4	10035.8	10035
C12	11174.9	1.46496	94169.2	14342.9	14341.1
C12	11174.9	1.54301	99926.2	19636.9	19634.1
C12	11174.9	0.680185	82225.8	6818.95	6817.48
C12	11174.9	0.894289	76260.4	1142.76	1141.73
C12	11174.9	0.332907	83569.5	8036.28	8035.63
C12	11174.9	0.473381	96513.3	16858.5	16858
C12	11174.9	0.656715	80689.6	4849.8	4847.78
C12	11174.9	1.36887	74503.2	282.414	280.978
C12	11174.9	0.404912	89299.4	12304.8	12304.3
C12	11174.9	0.660824	98004.7	18285.1	18284.5
C12	11174.9	0.652861	85406.7	8560.07	8558.88
C12	11174.9	0.342116	99074.8	19098.7	19098.3
C12	11174.9	1.92486	79562.8	4520.81	4518.45
C12	11174.9	0.717318	82104.2	7655.99	7655.27
C12	11174.9	0.354842	78871.8	5162.08	5161.24
C12	11174.9	0.355018	77421.1	4243.41	4242.46
C12	11174.9	0.833693	87638.8	9826.03	9824.77
C12	11174.9	0.427049	74845.3	443.348	442.505
C12	11174.9	0.70411	87647.7	9642.27	9640.16
C12	11174.9	0.384338	75282.7	153.679	153.026
C12	11174.9	0.364811	93001.4	14802.7	14802
C12	11174.9	0.335167	96160.7	16593.6	16593.2
neutron	939.565	82.9849	92395.1	14471.8	14041.7
triton	2808.92	0.877078	92395.1	14471.8	14041.7
Be8	7454.85	1.26748	92395.1	14471.8	14041.7
C12	11174.9	1.53752	75344	2267.28	2264.54
C12	11174.9	1.09992	91655.4	13344.8	13343.1
C12	11174.9	0.485643	90996.2	12779.5	12778.2
proton	938.272	59.8625	93474	15214.4	14843.6
proton	938.272	6.40667	93474	15214.4	14843.6
neutron	939.565	2.78848	93474	15214.4	14843.6
proton	938.272	0.307572	93474	15214.4	14843.6
alpha	3727.38	3.20729	93474	15214.4	14843.6
alpha	3727.38	9.38372	93474	15214.4	14843.6
C12	11174.9	0.568577	81405.4	5427.1	5426.43
C12	11174.9	1.68316	88952.3	6996.78	6995
C12	11174.9	0.546841	80933.3	5288.88	5287.73
proton	938.272	775.036	93438.9	15353.5	12063.6
neutron	939.565	42.5792	93438.9	15353.5	12063.6
proton	938.272	12.0821	93438.9	15353.5	12063.6
proton	938.272	6.67218	93438.9	15353.5	12063.6
proton	938.272	5.53151	93438.9	15353.5	12063.6
Be7	6534.18	15.2397	93438.9	15353.5	12063.6
C12	11174.9	0.660871	83208.6	6945.73	6944.83
C12	11174.9	0.391649	93128.7	14874.8	14872.8
C12	11174.9	0.716563	75961.7	2416.85	2415.23
C12	11174.9	0.545721	74592.8	2470.78	2469.87
C12	11174.9	0.71557	99004.3	16833.4	16831.4
C12	11174.9	3.84675	76702.2	2084.89	2079.89
C12	11174.9	0.36545	78948.7	3634.53	3633.93
C12	11174.9	1.09174	87980.4	11613.3	11611.7
C12	11174.9	0.565834	85949.4	10232.4	10231.5
C12	11174.9	2.4614	97158.5	17792.3	17789.5
C12	11174.9	0.334513	90585.8	12737.8	12736.6
C12	11174.9	0.373354	85156.7	6609.97	6609.45
C12	11174.9	0.401399	72935.3	175.022	174.587
C12	11174.9	0.335687	88257.3	11140.3	11137.8
C12	11174.9	0.336725	87690.5	11136.3	11135.3
C12	11174.9	2.04232	83686.5	6173.57	6170.91
C12	11174.9	0.36226	84565.9	9460.5	9459.98
C12	11174.9	0.90939	81883.9	5230.49	5228.89
C12	11174.9	0.383662	93507.1	14091.9	14090.7
C12	11174.9	0.666205	85986.2	8292.36	8290.8
C12	11174.9	0.727968	83418.8	7408.86	7407.56
C12	11174.9	0.853678	74591.2	1088.46	1087.48
C12	11174.9	0.525788	78897.5	535.337	534.62
C12	11174.9	0.416389	94009.8	15499.3	15498.7
C12	11174.9	0.473425	82116.7	6494.59	6494.11
C12	11174.9	0.793776	90390.1	12450.8	12449.5
C12	11174.9	0.732233	84144.5	5663.38	5662.62
C12	11174.9	0.489314	97986.1	18043.2	18042.6
C12	11174.9	0.620834	95688.6	16732.3	16730.7
C12	11174.9	1.13719	91488.8	10988.8	10987.3
neutron	939.565	173.963	95516.4	14019.5	13262.6
proton	938.272	6.11343	95516.4	14019.5	13262.6
Be10	9325.5	2.12479	95516.4	14019.5	13262.6
C12	11174.9	0.389807	91755.8	13579.7	13578.7
C12	11174.9	1.1132	81621.1	6590.49	6589.12
C12	11174.9	0.624412	95185.6	15939.3	15938.5
C12	11174.9	0.531427	81012.3	5640.26	5639.52
C12	11174.9	0.476171	99483.7	19276.8	19276.2
C12	11174.9	0.913042	93279	14768.8	14766.9
C12	11174.9	0.340011	87356.9	10037.9	10037.1
neutron	939.565	88.8419	93550	13526.3	13277.6
neutron	939.565	24.4401	93550	13526.3	13277.6
proton	938.272	15.9915	93550	13526.3	13277.6
proton	938.272	14.8734	93550	13526.3	13277.6
proton	938.272	10.7241	93550	13526.3	13277.6
neutron	939.565	6.4965	93550	13526.3	13277.6
proton	938.272	4.92364	93550	13526.3	13277.6
neutron	939.565	3.45784	93550	13526.3	13277.6
alpha	3727.38	3.77542	93550	13526.3	13277.6
C12	11174.9	0.621243	97461.5	17952.1	17951
C12	11174.9	0.550498	91305	12477.5	12476.9
alpha	3727.38	16.1523	89397.6	10819.9	9842.35
Be8	7454.85	21.0781	89397.6	10819.9	9842.35
C12	11174.9	0.37117	93758.3	13737.2	13736.3
C12	11174.9	0.537039	94059.5	15819.8	15819.2
neutron	939.565	527.422	84917.3	8537.85	7808.07
proton	938.272	160.075	84917.3	8537.85	7808.07
neutron	939.565	2.61901	84917.3	8537.85	7808.07
proton	938.272	1.56393	84917.3	8537.85	7808.07
Be8	7454.85	1.53078	84917.3	8537.85	7808.07
C12	11174.9	0.904784	96326.2	17038.5	17037.2
C12	11174.9	0.334829	96552	17426.3	17425.9
neutron	939.565	164.671	78104.1	2497.8	2226.6
neutron	939.565	34.894	78104.1	2497.8	2226.6
proton	938.272	12.1657	78104.1	2497.8	2226.6
proton	938.272	11.7213	78104.1	2497.8	2226.6
alpha	3727.38	8.41134	78104.1	2497.8	2226.6
alpha	3727.38	3.05935	78104.1	2497.8	2226.6
C12	11174.9	0.516531	84485.5	8191.56	8190.87
C12	11174.9	0.474427	96486.3	17319	17317.8
C12	11174.9	0.497257	95632.3	16777.5	16777
C12	11174.9	1.17816	93573.3	14404.7	14403.4
C12	11174.9	0.763353	83341	5033.56	5031.65
C12	11174.9	0.605468	98018.3	18302.6	18301.2
C12	11174.9	0.699145	89653.4	11014.6	11013.8
C12	11174.9	0.597639	80973.7	6212.5	6211.9
C12	11174.9	0.418527	76115.9	2895.38	2894.71
C12	11174.9	0.464994	87863.9	10228.4	10227.8
neutron	939.565	229.85	95130.1	15948.7	15172.3
proton	938.272	1.75163	95130.1	15948.7	15172.3
Be10	9325.5	0.731836	95130.1	15948.7	15172.3
C12	11174.9	0.338131	73306.1	1201.49	1200.82
C12	11174.9	0.754983	80600	5761.54	5760.05
C12	11174.9	0.384391	97235.2	17739.9	17739.3
C12	11174.9	0.351246	97168.2	17648	17647.5
C12	11174.9	0.397302	80039.3	4015.38	4014.55
C12	11174.9	1.00144	96833.2	16905.3	16903.8
C12	11174.9	0.41734	95370.9	15916.8	15916.1
C12	11174.9	0.697027	72849.2	381.524	380.6
C12	11174.9	0.36147	81025	1433.27	1430.92
C12	11174.9	0.516556	81198.2	7366.25	7365.46
C12	11174.9	1.24576	86226.4	9597.26	9595.38
C12	11174.9	0.696412	75116.6	1132.01	1131.12
proton	938.272	67.5774	98533.7	18662.5	18429.9
proton	938.272	35.6105	98533.7	18662.5	18429.9
proton	938.272	29.9436	98533.7	18662.5	18429.9
proton	938.272	14.5591	98533.7	18662.5	18429.9
neutron	939.565	4.97213	98533.7	18662.5	18429.9
neutron	939.565	4.44765	98533.7	18662.5	18429.9
neutron	939.565	3.21747	98533.7	18662.5	18429.9
neutron	939.565	2.15912	98533.7	18662.5	18429.9
alpha	3727.38	4.99087	98533.7	18662.5	18429.9
C12	11174.9	0.33396	97109.1	17506.4	17505.9
C12	11174.9	0.868163	98710.7	18830.3	18829.4
C12	11174.9	0.360442	77609.9	3159.89	3159.52
C12	11174.9	0.437396	98734.8	18820.6	18819.6
C12	11174.9	0.466935	72696.7	215.086	214.526
C12	11174.9	0.583327	99588.6	19393.2	19392.6
C13	12109.5	1.81211	85304.8	9051.62	9049.69
C12	11174.9	0.605055	90677.2	12031.6	12030.9
C12	11174.9	0.78485	91423.6	13509.9	13507.6
C12	11174.9	0.497988	90753.2	13112.1	13111.6
C12	11174.9	0.472924	95088.2	16401.9	16401.5
C12	11174.9	0.52724	75819.8	158.875	157.462
C12	11174.9	0.598314	86293.3	10500.3	10499.5
C12	11174.9	0.438339	89648.7	11470.4	11469
C12	11174.9	0.384845	84456.2	7893.31	7892.72
C12	11174.9	1.03881	82749.9	5152.94	5151.02
C12	11174.9	0.693821	74888.4	1279.64	1278.47
C12	11174.9	0.60252	91645.6	12052.2	12051.3
C12	11174.9	0.441155	90829.1	11392.1	11391.2
C12	11174.9	0.424112	97442.1	17997.5	17996.9
C12	11174.9	3.20836	80374	6147.56	6143.86
C12	11174.9	0.761663	96381.9	17062.9	17061.5
C12	11174.9	0.436564	99431.5	19328.3	19327.6
C12	11174.9	1.57058	84404.4	7662.14	7659.39
C12	11174.9	0.576256	97701	18034.9	18033.9
alpha	3727.38	3.91135	96906.3	17534.4	17313.1
Be8	7454.85	0.623512	96906.3	17534.4	17313.1
neutron	939.565	629.898	81242.2	4945.46	3964.34
neutron	939.565	299.349	81242.2	4945.46	3964.34
proton	938.272	10.3529	81242.2	4945.46	3964.34
proton	938.272	1.93517	81242.2	4945.46	3964.34
Be8	7454.85	2.5591	81242.2	4945.46	3964.34
C12	11174.9	0.521104	96683.5	17405.6	17404.9
C12	11174.9	1.16787	89245.5	10028	10026.4
C12	11174.9	0.355047	84009.8	8939.51	8938.97
C12	11174.9	0.572665	88475.5	11294.5	11293.2
proton	938.272	732.734	91316.8	13198.2	741.391
He3	2808.39	18.3332	91316.8	13198.2	741.391
neutron	939.565	4.83652	91316.8	13198.2	741.391
deuteron	1875.61	29.0585	91316.8	13198.2	741.391
proton	938.272	11.1476	91316.8	13198.2	741.391
neutron	939.565	22.6159	91316.8	13198.2	741.391
neutron	939.565	40.9965	91316.8	13198.2	741.391
neutron	939.565	64.0179	91316.8	13198.2	741.391
proton	938.272	6.05792	91316.8	13198.2	741.391
C12	11174.9	0.661778	82895.3	6122.18	6121.44
C12	11174.9	0.345349	99150.1	19110.8	19109.5
C12	11174.9	0.401914	92781.6	14178.5	14177.7
C12	11174.9	0.706167	73437.3	924.68	923.661
C12	11174.9	1.46274	80343	3487.06	3485.47
proton	938.272	4167.71	95678.1	16162.7	9140.14
neutron	939.565	1.81627	95678.1	16162.7	9140.14
B10	9324.44	4.43032	95678.1	16162.7	9140.14
C12	11174.9	0.425489	99755.9	19421.8	19421.2
C12	11174.9	0.613196	93458.2	14865.5	14864.4
C12	11174.9	0.984151	98504.5	18220.1	18219.1
C12	11174.9	2.34876	85874.8	7029.58	7025.84
C12	11174.9	1.11381	93234.7	13383.5	13382.3
C12	11174.9	0.573656	90627.8	11373.1	11372.2
C12	11174.9	0.463008	76963.5	2491.46	2490.47
C12	11174.9	0.829552	92479.6	14576.8	14575.9
C12	11174.9	0.634242	91216.3	12713.2	12711.9
C12	11174.9	0.399821	75406.6	2909.74	2909.23
C12	11174.9	0.360446	75225.1	1994.16	1993.4
C12	11174.9	0.434128	80268.4	5827.21	5825.79
C12	11174.9	0.362186	92802.4	12773.5	12772.6
C12	11174.9	3.18041	79680.6	4047.47	4044.05
C12	11174.9	0.961565	91241.7	13672.2	13670.6
C12	11174.9	0.567635	92631.2	14341.2	14339.9
C12	11174.9	0.35025	80579.7	1057.63	1056.3
C12	11174.9	2.22493	94923	16319.8	16314.4
C12	11174.9	0.384506	91122.4	13656.4	13655.7
C12	11174.9	8.61066	77511.9	3627.74	3618.66
C12	11174.9	0.984566	76576.6	2995.3	2994
C12	11174.9	0.458341	77197.7	3378.51	3377.78
C12	11174.9	0.525922	80864.3	6206.18	6205.42
C12	11174.9	0.680367	72987.9	614.451	613.195
C12	11174.9	0.793481	97765.4	17932.5	17931.4
C12	11174.9	0.340019	83502.6	7581.19	7580.46
C12	11174.9	0.877117	93837.7	14821	14819.9
C12	11174.9	1.0392	99171.3	19166.3	19165.1
C12	11174.9	0.356341	77686	3629.33	3628.74
C12	11174.9	1.09693	77921	3642.06	3640.9
C12	11174.9	1.72849	75280.7	1589.19	1587.4
C12	11174.9	0.421536	85676.6	6423.97	6423.28
C12	11174.9	0.580664	87463.8	10654	10653.3
C12	11174.9	0.616219	84515	8536.18	8534.96
C12	11174.9	0.434505	77915.4	3984.21	3983.54
C12	11174.9	0.332816	81684.9	5635.81	5635.15
C12	11174.9	0.595316	98363.8	18425	18423.7
C12	11174.9	0.806973	91752.1	12329.4	12328.6
C12	11174.9	0.818193	80223.5	4153.63	4151.92
C12	11174.9	0.871804	76145.7	698.9	697.983
C12	11174.9	0.500468	78622	3804.29	3803.6
C12	11174.9	0.60924	74227.9	1176.85	1175.71
C12	11174.9	0.504865	90043.1	12725.7	12724.7
C12	11174.9	2.03873	94599.4	15819.2	15816
C12	11174.9	0.341176	81919.7	6710.06	6709.69
C12	11174.9	0.73184	78664	4547.12	4544.89
C12	11174.9	0.573291	89292.5	9051.46	9050.79
C12	11174.9	0.381606	92605.8	14739.7	14738.9
neutron	939.565	10.8645	88545.5	12024.1	11629
C11	10254	1.91397	88545.5	12024.1	11629
C12	11174.9	0.520249	86099.2	9633.87	9632.91
C12	11174.9	0.400707	74561.7	1133.26	1131.46
C12	11174.9	0.896158	81310.8	6858.69	6857.74
C12	11174.9	0.39307	93954.9	14709.4	14708.8
neutron	939.565	266.405	94188.7	15557.1	14177.8
triton	2808.92	2.83751	94188.7	15557.1	14177.8
alpha	3727.38	2.44597	94188.7	15557.1	14177.8
alpha	3727.38	2.45902	94188.7	15557.1	14177.8
C12	11174.9	0.869962	92144.8	13107.2	13106.3
neutron	939.565	1.06577	82978	7792.23	7574.29
B11	10252.5	1.65714	82978	7792.23	7574.29
C12	11174.9	0.746402	76865.6	3865.78	3864.95
C12	11174.9	0.40769	83293.8	7924.11	7923.28
C12	11174.9	0.442206	89990.4	12274.3	12273.9
C12	11174.9	0.564326	75355	2144.56	2143.89
C12	11174.9	0.370349	88656.5	11711.1	11710.5
C12	11174.9	0.741084	75818.1	2058.89	2057.93
C12	11174.9	0.403516	82733.8	5349.69	5349.25
C12	11174.9	1.0308	82218.5	6486.41	6485.34
C12	11174.9	0.863204	76429.5	2545.43	2544.15
C12	11174.9	0.434571	80292.9	5310.99	5310.01
C12	11174.9	0.515434	96357.6	17104.1	17103.4
proton	938.272	192.327	94555.5	15999.4	14816.7
B11	10252.5	5.3508	94555.5	15999.4	14816.7
C12	11174.9	0.499797	96509.7	17082.5	17081.5
C12	11174.9	0.414804	81184.6	6133.72	6132.54
C12	11174.9	0.592275	75954.3	1993.84	1992.45
C12	11174.9	0.813535	91962.5	13418.4	13417
C12	11174.9	0.435503	87537	10180.4	10179.1
C12	11174.9	0.950516	87009.1	9866.17	9864.45
C12	11174.9	3.50839	89718.8	12279.4	12275.1
C12	11174.9	0.453872	90389.8	12743.2	12742.5
C12	11174.9	0.485182	84304.8	8559.42	8558.57
C12	11174.9	3.18655	99511.7	19374.7	19371.3
C12	11174.9	0.593706	84426.5	8931.41	8930.22
proton	938.272	147.539	95527.3	14645.4	13889.1
proton	938.272	4.85516	95527.3	14645.4	13889.1
deuteron	1875.61	8.39525	95527.3	14645.4	13889.1
alpha	3727.38	14.5473	95527.3	14645.4	13889.1
alpha	3727.38	12.933	95527.3	14645.4	13889.1
C12	11174.9	0.414533	76675.7	2296.7	2295.46
C12	11174.9	0.601504	76982.8	2808.58	2807.62
C12	11174.9	2.14251	96380	16649.1	16645.6
C12	11174.9	0.34149	88674.8	9486.13	9485.47
C12	11174.9	0.753078	75779.4	2870.54	2869.06
C12	11174.9	0.560677	96328.8	17195.1	17194.3
C12	11174.9	0.66543	93199.6	10843.5	10842.6
C12	11174.9	5.26404	80137.5	1509.98	1504.28
C12	11174.9	1.1435	94651.4	16122.8	16121.6
C12	11174.9	0.436485	74221.7	487.394	486.956
C12	11174.9	0.332844	82124.8	6912.92	6912.56
C12	11174.9	0.505822	96815.8	17535.3	17534.1
C12	11174.9	0.542826	80208.2	4969.71	4969
C12	11174.9	0.467257	89307.4	10705.2	10704.2
C12	11174.9	0.559211	95937.4	17007.4	17006.8
C12	11174.9	0.683409	83394.1	3605.14	3604.34
C12	11174.9	0.555427	95780.4	16634.2	16633.6
C12	11174.9	1.07538	85278.5	7301.99	7300.88
C12	11174.9	0.706662	99725.8	19431.8	19430.9
C12	11174.9	0.419708	83875.9	5989.68	5988.98
C12	11174.9	0.379317	90956.8	12462.8	12461.6
C12	11174.9	0.701398	99280.8	19226.7	19225.6
C12	11174.9	0.348645	84252.9	7899	7898.34
C12	11174.9	1.82919	94686.2	14168	14165.9
C12	11174.9	0.360473	84385.3	8621.94	8620.79
C12	11174.9	0.795031	98043.5	17878	17876.9
C12	11174.9	1.03153	97829.7	17743.8	17742.2
C12	11174.9	0.481318	81891.1	5887.67	5887.15
proton	938.272	94.4728	93064.3	14315.9	13908.5
He3	2808.39	5.25334	93064.3	14315.9	13908.5
Be8	7454.85	3.34246	93064.3	14315.9	13908.5
C12	11174.9	0.33673	88449.3	10970.3	10969.2
C12	11174.9	0.81186	75732.7	2329.63	2328.77
C12	11174.9	0.826351	91787.9	13613.7	13612.7
neutron	939.565	66.0434	91026.4	13220.5	12679.1
proton	938.272	3.65018	91026.4	13220.5	12679.1
neutron	939.565	2.38238	91026.4	13220.5	12679.1
neutron	939.565	1.31934	91026.4	13220.5	12679.1
Be8	7454.85	0.509154	91026.4	13220.5	12679.1
C12	11174.9	0.476416	89544.1	11470.8	11470
neutron	939.565	267.699	91623.5	13560.6	12135.9
neutron	939.565	160.119	91623.5	13560.6	12135.9
deuteron	1875.61	19.5671	91623.5	13560.6	12135.9
alpha	3727.38	10.5376	91623.5	13560.6	12135.9
alpha	3727.38	3.26085	91623.5	13560.6	12135.9
C12	11174.9	0.384092	99283.5	19146.2	19144.8
C12	11174.9	0.516894	87837.3	10553.1	10552.2
C12	11174.9	0.361716	98040.4	18456.2	18455.8
neutron	939.565	41.1569	82026.5	7181.1	6133.71
proton	938.272	27.9512	82026.5	7181.1	6133.71
deuteron	1875.61	12.4252	82026.5	7181.1	6133.71
alpha	3727.38	16.6664	82026.5	7181.1	6133.71
alpha	3727.38	1.2777	82026.5	7181.1	6133.71
neutron	939.565	2.26601	84175.3	7140.44	6849.31
B11	10252.5	6.92927	84175.3	7140.44	6849.31
C12	11174.9	0.481944	93233.6	14917.7	14916.6
C12	11174.9	1.00401	90827.4	13424.7	13423.5
C12	11174.9	0.349957	85374.2	9207.13	9205.44
C12	11174.9	0.961853	74663.3	1672	1670.89
C12	11174.9	0.446803	96102	16983.1	16982.4
proton	938.272	52.4715	85732.2	9437.53	9007.49
B11	10252.5	1.98032	85732.2	9437.53	9007.49
C12	11174.9	0.372024	94702.4	16025.4	16024.8
C12	11174.9	0.415256	78778.7	5018.58	5016.98
C12	11174.9	0.738292	91958.1	14097.8	14096.9
C12	11174.9	0.346061	91609.1	11215.6	11215.2
C12	11174.9	0.393175	77791.8	3079.65	3079.22
C12	11174.9	0.457823	85179.2	8347.2	8346.62
C12	11174.9	2.2681	82183.2	6091.53	6089.24
C12	11174.9	0.334045	84760.6	7917.16	7916.01
C12	11174.9	0.53088	87934.6	11589.5	11588.9
proton	938.272	357.757	80074.2	5154.69	4660.28
neutron	939.565	92.6053	80074.2	5154.69	4660.28
proton	938.272	2.26006	80074.2	5154.69	4660.28
neutron	939.565	2.14966	80074.2	5154.69	4660.28
Be8	7454.85	3.12588	80074.2	5154.69	4660.28
C12	11174.9	0.788524	97571.1	17471.7	17470.8
C12	11174.9	0.468878	85758.2	8449.24	8448.57
C12	11174.9	0.383912	95823.2	16853.1	16852.7
C12	11174.9	0.454429	85243.6	8737.88	8737.35
C12	11174.9	0.592724	93022.8	14454.5	14453.4
C12	11174.9	0.95852	88010.1	10508	10506.8
C12	11174.9	0.59393	90690.9	12287.8	12286.9
C12	11174.9	0.486516	85950.3	9866.62	9865.03
C12	11174.9	0.376584	76858.6	3043.4	3042.95
C12	11174.9	0.800177	87356.9	9526.99	9526.07
C12	11174.9	0.444621	97893.6	18106.1	18105.3
C12	11174.9	0.519135	82509.2	7100.78	7099.98
C12	11174.9	0.705801	84423.5	6840.88	6839.59
neutron	939.565	3.45205	97857.1	18055.8	17668.9
proton	938.272	2.27137	97857.1	18055.8	17668.9
neutron	939.565	0.261334	97857.1	18055.8	17668.9
Be9	8392.75	5.66375	97857.1	18055.8	17668.9
C12	11174.9	0.632735	93217.2	15005.3	15004.6
C12	11174.9	0.689473	82909.4	7931.39	7930.5
C12	11174.9	1.21206	79262.2	5573.98	5572.27
C12	11174.9	0.934429	84024.9	6637.32	6635.51
C12	11174.9	0.379765	78034.7	2729.82	2728.95
C12	11174.9	0.72752	98018.2	18398	18397.2
C12	11174.9	0.360377	93971.1	14828.2	14827.9
C12	11174.9	1.27132	73701.7	1163.33	1161.59
C12	11174.9	0.715038	86971.8	8961.01	8960.3
C12	11174.9	0.793072	79536.3	5734.91	5733.41
C12	11174.9	0.339437	94882.7	15700.1	15698.1
C12	11174.9	0.602833	97807	18216.7	18215.9
C12	11174.9	0.503492	82622.3	7470.52	7469.82
C12	11174.9	0.354795	92478.7	14691.7	14691
C12	11174.9	0.678671	94086.3	15157.2	15155.8
C12	11174.9	0.382808	94690.9	15878.6	15878.1
C12	11174.9	0.342276	90240.7	12763.5	12762.5
C12	11174.9	0.399576	87980.4	11214.7	11214.2
C12	11174.9	0.73021	72165.2	30.2353	28.4586
C12	11174.9	0.344438	72538.4	548.596	547.925
C12	11174.9	0.818659	94480.4	16105.3	16103.3
C12	11174.9	0.376729	80201	5488.39	5487.09
C12	11174.9	0.396772	75218.7	350.053	349.552
C12	11174.9	0.645881	77171.6	2088.36	2087.62
C12	11174.9	3.14689	90622.8	13046.4	13043
C12	11174.9	0.433477	96285.2	16626.1	16625.5
C12	11174.9	0.462266	94018	15047.1	15046.3
C12	11174.9	0.340536	95637.6	16152.3	16151.9
C12	11174.9	0.53923	89571.1	11954.9	11954.3
C12	11174.9	0.461247	86850.3	10185.5	10184.6
C12	11174.9	0.372793	76871.1	2624.6	2624.2
C12	11174.9	0.668161	91400.3	9504.9	9504.14
C12	11174.9	0.795766	87820	10368.3	10367.2
C12	11174.9	0.403015	85581.5	8791.84	8791.12
C12	11174.9	0.472732	88952.3	9409.63	9408.97
C12	11174.9	0.821135	79394.5	3298.62	3297.49
C12	11174.9	2.2946	75629.6	2103.95	2101.26
C12	11174.9	0.443903	83202.2	7966.65	7964.39
C12	11174.9	1.20638	82796.3	7581.87	7580.25
C12	11174.9	0.77871	74971	1728.5	1727.71
C12	11174.9	0.904644	93708.8	14695.9	14694.5
neutron	939.565	115.985	79715.3	4397.57	4148.06
proton	938.272	77.6476	79715.3	4397.57	4148.06
deuteron	1875.61	7.86962	79715.3	4397.57	4148.06
alpha	3727.38	6.72513	79715.3	4397.57	4148.06
alpha	3727.38	7.23895	79715.3	4397.57	4148.06
C12	11174.9	1.05969	77902.7	2475.28	2472.6
C12	11174.9	0.387237	85863.8	10004.4	10003.9
C12	11174.9	1.70759	85592.8	9189.9	9187.2
C12	11174.9	1.79212	85953.5	9926.41	9924.6
neutron	939.565	63.4559	93471.3	13524.2	13297.8
neutron	939.565	52.8399	93471.3	13524.2	13297.8
proton	938.272	39.1635	93471.3	13524.2	13297.8
proton	938.272	8.96596	93471.3	13524.2	13297.8
alpha	3727.38	12.4809	93471.3	13524.2	13297.8
alpha	3727.38	12.1572	93471.3	13524.2	13297.8
C12	11174.9	0.363583	88281.4	9906.89	9905.55
C12	11174.9	0.396834	82618.2	6968.28	6967.28
proton	938.272	616.463	82749.1	7173.61	5980.89
proton	938.272	537.238	82749.1	7173.61	5980.89
neutron	939.565	1.7033	82749.1	7173.61	5980.89
neutron	939.565	0.143209	82749.1	7173.61	5980.89
Be8	7454.85	0.870615	82749.1	7173.61	5980.89
C12	11174.9	0.358837	96221.3	16880	16879.4
C12	11174.9	0.516685	94943.1	15522	15521.4
C12	11174.9	0.399397	94420.5	6989.74	6989.1
C12	11174.9	0.465032	91042.7	11824.8	11824
C12	11174.9	0.520659	99950.8	19648.6	19647.5
C12	11174.9	0.366541	80536.2	4577.6	4576.74
C12	11174.9	0.384383	80573.5	5465.48	5464.99
C12	11174.9	0.907356	97420.1	17887.4	17886.4
proton	938.272	110.779	89771.7	12864.9	12635.6
neutron	939.565	76.8844	89771.7	12864.9	12635.6
deuteron	1875.61	4.95959	89771.7	12864.9	12635.6
Be8	7454.85	2.81403	89771.7	12864.9	12635.6
C12	11174.9	0.634567	85915.9	7569	7567.56
C12	11174.9	0.563652	77969.6	1926.26	1925.45
C12	11174.9	0.373281	97376	17343.8	17343.2
C12	11174.9	0.463597	79670.2	3634.45	3633.79
C12	11174.9	2.74886	75721.3	1139.71	1136.83
C12	11174.9	0.933173	74324.1	284.127	282.504
C12	11174.9	0.336399	97187.5	17742	17741.3
C12	11174.9	1.26727	85551.8	9108.36	9106.89
C12	11174.9	0.58395	83748.2	5841.89	5841.27
C12	11174.9	1.40825	98946.5	18505.9	18504.3
C12	11174.9	0.43779	88407	10635.4	10634.9
neutron	939.565	126.787	98153.9	18285.6	18044.9
proton	938.272	70.2597	98153.9	18285.6	18044.9
neutron	939.565	1.28395	98153.9	18285.6	18044.9
proton	938.272	0.705519	98153.9	18285.6	18044.9
Be8	7454.85	5.04918	98153.9	18285.6	18044.9
C12	11174.9	0.334409	95507.8	16090.3	16089.4
C12	11174.9	0.635559	81298.4	6315.73	6314.35
C12	11174.9	0.407336	72886.3	269.077	268.647
C12	11174.9	1.05551	93725.1	14691.7	14690.3
C12	11174.9	0.54894	81818.1	5753.6	5752.21
C12	11174.9	0.902253	94962.4	16255	16252.6
C12	11174.9	0.560323	99362	19199.1	19198.3
C12	11174.9	0.526374	88966.3	11165.8	11164.2
C12	11174.9	0.392122	88566.7	10416.8	10415.9
C12	11174.9	0.457163	93114.4	14310.7	14310
C12	11174.9	0.905327	92428.2	10704.9	10702.6
C12	11174.9	0.522895	85827.2	4838.56	4837.91
C12	11174.9	0.340099	77481.6	3409.61	3409
C12	11174.9	0.459873	74637.7	857.059	856.225
C12	11174.9	0.773974	92342.4	5269.29	5268.44
proton	938.272	465.666	84388.5	8660.51	6488.06
proton	938.272	1.77899	84388.5	8660.51	6488.06
B10	9324.44	0.0678722	84388.5	8660.51	6488.06
C12	11174.9	0.474382	96515.8	17236.5	17234.9
C12	11174.9	0.395326	84875.6	9580.47	9579.76
C12	11174.9	0.596567	77633.5	3654.96	3654.24
C12	11174.9	0.705812	89922.7	12292.4	12291.6
C12	11174.9	0.539542	85163.1	9372.75	9372
C12	11174.9	0.641316	90024.6	11788	11786.3
C12	11174.9	0.644735	78453.2	3427.65	3426.42
C12	11174.9	6.0347	83735.7	8214.45	8208.23
C12	11174.9	0.363043	95361.8	16694.5	16694
C12	11174.9	0.66939	99898.3	19616.3	19615.6
C12	11174.9	0.350502	80389.4	4214.16	4213.56
C12	11174.9	0.476908	86855.9	9497.88	9496.33
C12	11174.9	0.456201	97411.9	17982.8	17982.3
C12	11174.9	0.556277	84401.3	8771.64	8770.99
C12	11174.9	8.90823	88478.1	11448.1	11438.9
C12	11174.9	1.06657	79445.4	4773.25	4772.06
C12	11174.9	0.882016	91141	12626.7	12625.3
C12	11174.9	0.448004	99370.1	19321	19320.5
C12	11174.9	0.52713	85230.7	9104.65	9103.77
proton	938.272	131.306	96952	17490.9	17258.6
neutron	939.565	59.6871	96952	17490.9	17258.6
deuteron	1875.61	0.901697	96952	17490.9	17258.6
alpha	3727.38	1.48498	96952	17490.9	17258.6
alpha	3727.38	4.96199	96952	17490.9	17258.6
C12	11174.9	1.05989	97895	18236.9	18235.8
C12	11174.9	0.647208	90430.1	11144.4	11143.3
C12	11174.9	0.857652	95198.7	16519.2	16517.9
C12	11174.9	0.838552	82384.6	7035.91	7035.04
C12	11174.9	0.353888	82370.1	6923.69	6923.2
C12	11174.9	0.416569	75612.1	1352.7	1351.18
C13	12109.5	0.47384	97686.2	18159.7	18159.2
C12	11174.9	1.36482	84251	6565.96	6563.47
proton	938.272	236.066	88110.5	10153.8	8476.77
proton	938.272	2.60906	88110.5	10153.8	8476.77
deuteron	1875.61	1.99502	88110.5	10153.8	8476.77
Be8	7454.85	0.346522	88110.5	10153.8	8476.77
C12	11174.9	0.522514	78811.2	3663.8	3663.09
C12	11174.9	0.499203	81261.8	6296.95	6295.54
C12	11174.9	0.726574	93972	15595.2	15594.1
C12	11174.9	0.733136	79039.3	4623.43	4622.51
C12	11174.9	0.485643	79191.9	4786.46	4785.27
C12	11174.9	1.21172	83001.8	8077.34	8075.93
C12	11174.9	0.375354	74102.4	804.957	803.687
C12	11174.9	0.548882	80015.6	5257.66	5256.7
C12	11174.9	0.383556	85406.5	8931.64	8931.19
C12	11174.9	0.399967	83669.5	7887.87	7886.74
C12	11174.9	0.422963	85472.4	8549.31	8548.84
C12	11174.9	0.437456	76733.6	2841.32	2840.58
C12	11174.9	0.371228	97756.5	17586.1	17585.1
C12	11174.9	0.691294	88755.9	11508.8	11507.1
proton	938.272	117.847	87651.8	10547.2	10274.9
neutron	939.565	109.619	87651.8	10547.2	10274.9
proton	938.272	3.19322	87651.8	10547.2	10274.9
neutron	939.565	1.24636	87651.8	10547.2	10274.9
Be8	7454.85	1.52899	87651.8	10547.2	10274.9
C12	11174.9	0.565196	84718	8148.94	8148.23
proton	938.272	98.1356	92911.5	14819.5	14463.9
neutron	939.565	4.83421	92911.5	14819.5	14463.9
Be10	9325.5	0.40792	92911.5	14819.5	14463.9
C12	11174.9	0.549019	97541.1	16537.1	16536.5
C12	11174.9	0.476567	87989.1	8696.87	8695.22
C12	11174.9	0.478588	89792.1	12813.9	12813.3
C12	11174.9	0.854385	84788.9	9410.79	9409.2
C12	11174.9	0.334525	76139.6	3301.16	3300.77
C12	11174.9	1.48326	99050.3	15078.1	15076.1
C12	11174.9	0.641275	83721.5	3074.29	3073.22
C12	11174.9	0.619993	82937.4	2573.79	2572.63
C12	11174.9	0.972823	88123.7	11791.6	11790.1
C12	11174.9	0.766058	79127.9	4696.91	4696.07
C12	11174.9	0.357319	97912.2	18258.3	18257.9
C12	11174.9	0.401123	82064.7	7594.76	7593.88
C12	11174.9	0.925838	79855.5	3191.33	3189.19
C12	11174.9	0.418746	91403.8	13594.4	13593.9
C12	11174.9	0.563434	80273.5	5300.36	5299.7
proton	938.272	269.978	86449.5	9440.42	8587.71
proton	938.272	1.80731	86449.5	9440.42	8587.71
Be10	9325.5	0.411559	86449.5	9440.42	8587.71
C12	11174.9	0.41128	83132.2	6323.1	6322.38
C13	12109.5	0.325061	83046.6	6982.42	6981.4
C12	11174.9	2.81989	90620.7	12800	12797.1
C12	11174.9	0.98462	77012.6	2119.54	2118.15
C13	12109.5	0.760733	90798.7	13380.8	13379.8
C12	11174.9	0.760983	72926	248.817	247.861
C12	11174.9	0.384069	87463.6	10080.5	10079.3
neutron	939.565	1928.07	81693.8	5407.24	3264.69
proton	938.272	173.255	81693.8	5407.24	3264.69
deuteron	1875.61	1.53018	81693.8	5407.24	3264.69
Be8	7454.85	2.46755	81693.8	5407.24	3264.69
C12	11174.9	2.14717	94986.1	15619.7	15617.3
C13	12109.5	0.97356	78645.1	2501.47	2500.38
C12	11174.9	0.438956	95482.2	16213.7	16213.2
C12	11174.9	0.465837	98792.3	15987.9	15984.9
C12	11174.9	0.678921	84863.5	8108.53	8107.56
C12	11174.9	0.373131	85343.4	9232.81	9232.35
C12	11174.9	0.597664	98139.6	18356	18355.4
C12	11174.9	1.10901	78127.6	2851.37	2850.14
C12	11174.9	0.54837	82907	6151.44	6150.59
C12	11174.9	0.40113	94256.5	15932.9	15931.8
C12	11174.9	1.476	85219	7766.97	7765.47
C12	11174.9	0.597771	83386.7	2699.38	2697.13
C12	11174.9	0.648428	98200.5	18305.2	18304.4
C12	11174.9	1.10488	91270.3	13342.3	13340.8
C12	11174.9	0.450334	93280.5	15239.2	15237.9
C12	11174.9	0.416078	94857.7	16232.5	16232
C12	11174.9	0.571083	75986	1817.72	1816.98
C12	11174.9	0.39787	80434.9	5493.33	5492.81
neutron	939.565	145.972	82623.2	6671.03	6366.69
proton	938.272	114.432	82623.2	6671.03	6366.69
deuteron	1875.61	6.28872	82623.2	6671.03	6366.69
Be8	7454.85	0.877506	82623.2	6671.03	6366.69
proton	938.272	6.51448	88431.3	11658.3	11424.5
B11	10252.5	0.839052	88431.3	11658.3	11424.5
C12	11174.9	0.758735	98700.5	18849.6	18848.6
C12	11174.9	1.16526	84961.3	8438.82	8437.22
C12	11174.9	0.34193	89873.7	12661.6	12661.1
C12	11174.9	1.44219	74807.1	1672.32	1670.74
C12	11174.9	0.44587	92746.7	14450	14449.5
C12	11174.9	0.366687	82444.9	3090.13	3089.16
C12	11174.9	0.539529	91892.2	14002.1	14001.4
C12	11174.9	0.359006	72983.2	1185.01	1184.21
C12	11174.9	0.342618	87847.9	11342	11340.7
C12	11174.9	0.375871	78980.7	4245.33	4244.66
C12	11174.9	0.958716	89755.1	12752.6	12751.1
C12	11174.9	0.37332	82981.7	7674.75	7673.5
C12	11174.9	0.468701	92543.5	13365.3	13364.5
C12	11174.9	1.32134	82074	6962.25	6960.82
C12	11174.9	0.402344	97507.2	17993.5	17993
C12	11174.9	0.383336	78996.4	407.085	406.28
C12	11174.9	0.562281	80334.1	1869.02	1866.93
C12	11174.9	0.721128	81108.8	5965	5964.09
C12	11174.9	0.539366	99296.8	19139.3	19138.6
C12	11174.9	0.795537	96318.2	16710	16708.4
C12	11174.9	0.457129	97510.1	17839.3	17837.6
C12	11174.9	0.683607	83928.4	7683.43	7682.59
C12	11174.9	0.333697	87860.1	10744.3	10743.3
C12	11174.9	2.46154	84693.7	7588.93	7585.79
C12	11174.9	1.10164	74632.4	792.358	790.999
C12	11174.9	0.420798	82211.5	7041.41	7040.41
C12	11174.9	0.442484	78482.5	3678.64	3677.88
neutron	939.565	2510.12	88501.3	9490.01	6696.6
proton	938.272	241.178	88501.3	9490.01	6696.6
proton	938.272	1.68696	88501.3	9490.01	6696.6
neutron	939.565	1.15863	88501.3	9490.01	6696.6
Be8	7454.85	1.47338	88501.3	9490.01	6696.6
C12	11174.9	1.30611	94028.3	15780.4	15779
C12	11174.9	6.60221	78002.4	4869.39	4862.6
alpha	3727.38	6.37064	98969.4	18923.4	18699.7
Be8	7454.85	0.664327	98969.4	18923.4	18699.7
proton	938.272	529.145	80800.5	5146.84	2517.67
alpha	3727.38	7.45008	80800.5	5146.84	2517.67
alpha	3727.38	7.22534	80800.5	5146.84	2517.67
alpha	3727.38	6.82641	80800.5	5146.84	2517.67
C12	11174.9	0.374398	85893.2	9668.08	9667.43
C12	11174.9	0.85811	79154.8	4867.85	4866.91
C12	11174.9	0.847194	96160.7	17038.4	17036.8
proton	938.272	422.845	98754	18856.5	17983.2
proton	938.272	1.46904	98754	18856.5	17983.2
B10	9324.44	0.106041	98754	18856.5	17983.2
C12	11174.9	0.520627	90440.3	12237.4	12236.4
C12	11174.9	1.09262	73764.5	759.418	758.268
C12	11174.9	0.765817	78398.8	3865.35	3864.31
C12	11174.9	1.34682	95287.8	16025.1	16023.1
neutron	939.565	177.571	95037.6	6492.73	6139.13
neutron	939.565	131.57	95037.6	6492.73	6139.13
proton	938.272	3.54761	95037.6	6492.73	6139.13
proton	938.272	1.34058	95037.6	6492.73	6139.13
Be8	7454.85	1.43388	95037.6	6492.73	6139.13
C12	11174.9	0.342014	78000.6	3537.37	3536.62
C12	11174.9	0.957672	78510.5	4978.8	4977.43
C12	11174.9	1.16187	96617.9	17283.7	17282.3
C12	11174.9	1.10704	91288.6	12871.1	12869.5
C12	11174.9	0.457936	91588.7	14000.4	13999.6
C12	11174.9	2.67277	91371.5	13144.3	13141.5
C12	11174.9	0.728557	76756.9	2670.38	2668.85
C12	11174.9	1.66021	99324.9	19255	19253.3
C12	11174.9	0.674442	80977.2	6086.34	6085.48
C12	11174.9	0.343467	99515.1	19342.2	19341.5
neutron	939.565	1259.88	89455	11662.7	9059.99
alpha	3727.38	5.28648	89455	11662.7	9059.99
Be7	6534.18	3.08119	89455	11662.7	9059.99
C12	11174.9	0.528744	97440.5	17965.2	17964.2
C12	11174.9	0.367689	73614.9	340.699	339.949
C12	11174.9	0.430879	82410.1	5997.28	5996.53
C12	11174.9	0.957688	77560.5	3972.81	3971.26
C12	11174.9	0.391395	82435.3	5224.89	5224.21
C12	11174.9	0.962936	98507.9	18651.7	18650.5
C12	11174.9	0.63447	80603.6	3564.4	3562.91
C12	11174.9	0.375863	96990.5	16290	16289.4
C12	11174.9	0.419147	74563.7	1757.26	1756.19
C12	11174.9	3.52017	89447.8	12378.6	12374.6
proton	938.272	14.3395	87545.1	9687.09	9466.72
C11	10254	0.695865	87545.1	9687.09	9466.72
C12	11174.9	1.13813	99421.2	18989.4	18987.5
C12	11174.9	0.440122	95876.5	15258.1	15257.3
C12	11174.9	0.59883	91920.7	12835.1	12834.4
C12	11174.9	1.21111	90820.1	11822.7	11821.3
C12	11174.9	0.879826	88914.6	10359.8	10357.4
C12	11174.9	0.42109	98979.5	18806.6	18805.5
C12	11174.9	4.19789	91769.5	13985.9	13981
C12	11174.9	0.834137	97637.7	18139.1	18138.2
neutron	939.565	249.582	81467.1	5110.29	4736.77
neutron	939.565	51.7202	81467.1	5110.29	4736.77
proton	938.272	11.6839	81467.1	5110.29	4736.77
proton	938.272	4.13406	81467.1	5110.29	4736.77
alpha	3727.38	12.1634	81467.1	5110.29	4736.77
alpha	3727.38	3.06677	81467.1	5110.29	4736.77
C12	11174.9	0.378558	83192.9	3473.13	3472.61
C12	11174.9	0.338385	93337.3	15265.2	15264.5
C12	11174.9	0.360363	76049.4	2960.16	2959.77
C12	11174.9	0.420418	98022.4	18292.2	18291.5
C12	11174.9	0.478803	84080.8	8555.71	8555.04
C12	11174.9	0.906508	94496.1	15764.6	15763.5
C12	11174.9	2.84253	83526.3	7944.7	7941.54
C12	11174.9	0.62467	99470	19293.4	19292.6
C12	11174.9	0.742469	82858.2	6656	6655.22
C12	11174.9	0.416443	81008.3	5253.7	5253.25
C12	11174.9	1.55767	95580.5	16605	16602.9
C12	11174.9	1.61079	95928	16894.5	16892.4
C12	11174.9	0.404498	74743	1542.18	1540.59
C12	11174.9	0.481344	77824.4	3259.42	3258.52
C12	11174.9	0.738567	95659	16378.5	16377.6
C12	11174.9	0.603396	97847.6	18274.2	18272.5
C12	11174.9	0.719721	79193.8	4326.86	4325.97
C12	11174.9	1.43856	83509.3	7386.2	7384.44
C12	11174.9	0.432841	93392.7	15240.5	15239.3
C12	11174.9	0.679293	96552	17440.2	17439.4
C12	11174.9	0.362575	87702.4	10017	10016.6
C12	11174.9	2.38753	81619.1	5466.38	5463.2
C12	11174.9	0.337533	81877.4	6881.25	6880.83
C12	11174.9	0.655947	96703.8	17356	17355.1
C12	11174.9	0.419419	79978.1	5933.48	5933.06
C12	11174.9	0.390355	75201	2475.12	2474.29
C12	11174.9	0.578847	92965.6	14732.1	14731.2
C12	11174.9	0.645612	94901.5	15077.2	15076.3
C13	12109.5	3.7296	82966.5	7021.67	7017.69
C12	11174.9	0.688242	82830.7	6264.24	6263.37
C12	11174.9	1.97615	91657.8	13504.9	13502
proton	938.272	100.607	80297	4577.27	4116.15
He3	2808.39	13.6015	80297	4577.27	4116.15
Be8	7454.85	0.510435	80297	4577.27	4116.15
C12	11174.9	0.368838	74536.1	1125.73	1125.01
C12	11174.9	0.861872	88889.1	11433.1	11432
C12	11174.9	0.931926	96251.1	17173.1	17171.6
proton	938.272	1438.07	92400.8	14285.5	10405.3
neutron	939.565	7.78713	92400.8	14285.5	10405.3
neutron	939.565	6.19808	92400.8	14285.5	10405.3
neutron	939.565	0.605252	92400.8	14285.5	10405.3
alpha	3727.38	6.58331	92400.8	14285.5	10405.3
alpha	3727.38	8.23497	92400.8	14285.5	10405.3
C12	11174.9	0.382125	84951.8	8867.84	8867.42
C12	11174.9	0.347229	73602.9	446.244	444.745
C12	11174.9	0.699631	74722.2	1553.81	1553.1
C12	11174.9	0.856396	84277.1	8500.71	8499.34
C12	11174.9	0.712968	78850.2	4287.26	4285.3
neutron	939.565	395.77	76862.7	2164.97	1528.48
neutron	939.565	195.027	76862.7	2164.97	1528.48
proton	938.272	5.1487	76862.7	2164.97	1528.48
proton	938.272	2.87909	76862.7	2164.97	1528.48
Be8	7454.85	0.928238	76862.7	2164.97	1528.48
C12	11174.9	0.467294	95042.6	14080.8	14079.2
C13	12109.5	3.31159	87723.6	10468.7	10465.3
C12	11174.9	0.437861	79827.4	5198.87	5197.4
C12	11174.9	0.346904	77745.2	2994.95	2993.9
C12	11174.9	0.905784	96823.7	17119.3	17118.3
C13	12109.5	0.560727	94831.9	13870.8	13870.2
C12	11174.9	1.23353	75658.8	1510.4	1509.14
C12	11174.9	0.518831	90837.7	12619.4	12618.8
proton	938.272	1034.99	89674.4	11919.2	9904.46
neutron	939.565	0.372082	89674.4	11919.2	9904.46
B10	9324.44	1.84896	89674.4	11919.2	9904.46
C12	11174.9	1.18723	90849.4	13638.2	13636.8
C12	11174.9	0.360169	87491.5	10026.1	10025.5
C12	11174.9	0.410485	93100.7	14478.8	14478.1
C12	11174.9	0.502818	75690.9	2080.16	2078.77
C12	11174.9	0.461834	84620	9280.45	9279.86
C12	11174.9	0.365777	80374.9	5102.01	5101.5
C12	11174.9	0.345833	97428.4	17546.1	17545.1
C12	11174.9	0.387343	94972	15995.4	15994.8
proton	938.272	113.666	82784.7	7024.88	6295.32
neutron	939.565	70.2139	82784.7	7024.88	6295.32
neutron	939.565	65.9219	82784.7	7024.88	6295.32
proton	938.272	12.5511	82784.7	7024.88	6295.32
neutron	939.565	12.5043	82784.7	7024.88	6295.32
triton	2808.92	17.7557	82784.7	7024.88	6295.32
alpha	3727.38	4.21108	82784.7	7024.88	6295.32
neutron	939.565	215.43	97937	18260.9	17939.6
proton	938.272	60.5389	97937	18260.9	17939.6
alpha	3727.38	2.13453	97937	18260.9	17939.6
deuteron	1875.61	7.27395	97937	18260.9	17939.6
alpha	3727.38	2.02628	97937	18260.9	17939.6
C12	11174.9	0.864099	99767.1	19543.3	19542.4
C12	11174.9	0.408345	77846.5	3688.19	3687.67
C12	11174.9	0.811585	93737.8	15118.9	15117.8
C12	11174.9	0.681212	72841	321.996	320.985
C12	11174.9	0.462076	98760.2	18775	18774.4
C12	11174.9	1.13807	73434.7	572.154	569.935
proton	938.272	299.882	91175.5	13731.5	12762.5
proton	938.272	48.8062	91175.5	13731.5	12762.5
deuteron	1875.61	8.91232	91175.5	13731.5	12762.5
alpha	3727.38	1.21059	91175.5	13731.5	12762.5
alpha	3727.38	13.1413	91175.5	13731.5	12762.5
C12	11174.9	0.368883	90293.9	11792.8	11792.1
C12	11174.9	0.566814	75070.9	2963.1	2962.44
C12	11174.9	0.843056	76386.5	3389.45	3388.23
C12	11174.9	0.446497	90352.7	12530.9	12530.3
proton	938.272	71.1852	80645.8	5745.65	5532.28
neutron	939.565	34.8789	80645.8	5745.65	5532.28
proton	938.272	25.347	80645.8	5745.65	5532.28
neutron	939.565	20.42	80645.8	5745.65	5532.28
alpha	3727.38	2.98324	80645.8	5745.65	5532.28
alpha	3727.38	9.50215	80645.8	5745.65	5532.28
C12	11174.9	0.985482	76708.6	2665.68	2664.66
C12	11174.9	0.512614	94166.2	15385.8	15385.1
C12	11174.9	0.472448	95409.6	16576.7	16576.2
C12	11174.9	1.36831	93380.8	12389.4	12387.8
neutron	939.565	438.921	89261.8	9657.83	9063.98
neutron	939.565	113.467	89261.8	9657.83	9063.98
proton	938.272	1.58038	89261.8	9657.83	9063.98
proton	938.272	1.15521	89261.8	9657.83	9063.98
Be8	7454.85	1.98323	89261.8	9657.83	9063.98
C12	11174.9	0.943415	85676.7	6539.66	6537.15
C12	11174.9	3.71426	94617.7	16269.1	16264.7
C12	11174.9	0.382751	73482.6	366.698	366.286
C12	11174.9	4.70625	94342.4	15497.4	15492.1
C12	11174.9	0.538578	79054	4605.07	4604.45
C12	11174.9	0.931346	85097.5	9310.93	9309.88
eta_prime	957.78	886.72	91651.7	14092.6	3847.31
proton	938.272	1485.42	91651.7	14092.6	3847.31
alpha	3727.38	1.50331	91651.7	14092.6	3847.31
neutron	939.565	1.95508	91651.7	14092.6	3847.31
deuteron	1875.61	1.81064	91651.7	14092.6	3847.31
alpha	3727.38	3.43494	91651.7	14092.6	3847.31
C12	11174.9	0.42484	94565.9	15600	15599.5
C12	11174.9	1.45999	82703.8	7372.96	7370.54
C12	11174.9	0.358583	74936.8	2786.39	2785.88
C12	11174.9	0.84297	81033.1	4611.22	4610.33
C12	11174.9	0.426941	84003.7	5991.48	5990.21
C12	11174.9	1.20958	93891.6	15448.9	15447.6
C12	11174.9	0.45248	83165.4	6078	6077.35
C12	11174.9	0.580889	91452.3	11916.9	11915.8
proton	938.272	2829.98	87442.7	8665.05	5572.51
neutron	939.565	220.257	87442.7	8665.05	5572.51
deuteron	1875.61	5.20901	87442.7	8665.05	5572.51
Be8	7454.85	3.29451	87442.7	8665.05	5572.51
C12	11174.9	0.619875	77941.7	4698.63	4697.62
C12	11174.9	0.372297	85276	9527.66	9527.12
C12	11174.9	0.88531	86428.8	9747.23	9746.04
C12	11174.9	3.75075	86140.3	9487.34	9482.46
C12	11174.9	0.4094	96880.3	17639.5	17638.3
C12	11174.9	0.404003	81928.6	7474.5	7473.8
C12	11174.9	0.364304	83571.9	7530.49	7528.71
C12	11174.9	0.585167	81984.9	6523.35	6522.35
neutron	939.565	127.152	93235.3	15019.2	14795.7
neutron	939.565	47.6002	93235.3	15019.2	14795.7
proton	938.272	6.31399	93235.3	15019.2	14795.7
proton	938.272	2.79849	93235.3	15019.2	14795.7
Be8	7454.85	0.718702	93235.3	15019.2	14795.7
C12	11174.9	2.28179	95614	16725.2	16722.9
C12	11174.9	0.862279	76918.2	699.952	698.957
C12	11174.9	0.492411	83000.4	2934.87	2933.86
neutron	939.565	415.292	98358.2	18564.7	17346.8
proton	938.272	113.908	98358.2	18564.7	17346.8
proton	938.272	19.956	98358.2	18564.7	17346.8
neutron	939.565	4.81781	98358.2	18564.7	17346.8
neutron	939.565	2.57018	98358.2	18564.7	17346.8
triton	2808.92	8.89944	98358.2	18564.7	17346.8
alpha	3727.38	0.0584491	98358.2	18564.7	17346.8
C12	11174.9	0.607036	90190.1	12763.5	12762.6
C12	11174.9	0.695082	89762.2	12488.7	12487.5
C12	11174.9	0.57598	88061.1	9442.61	9441.38
C12	11174.9	1.0634	96118.7	17012.3	17011.2
C12	11174.9	0.391994	84069.7	8423.91	8422.86
C12	11174.9	0.456319	84877.9	8728.54	8726.43
C12	11174.9	0.383111	72935.5	914.456	913.639
C12	11174.9	0.44104	73586.1	833.902	833.136
C12	11174.9	0.699826	82614	7378.44	7374.08
C12	11174.9	1.04662	76075	1765.78	1764.71
C12	11174.9	1.44368	81005.3	5274.05	5272.38
C13	12109.5	0.361527	94251.7	15428.7	15428.3
C12	11174.9	0.502841	95240	16039.9	16039.3
C12	11174.9	0.580995	88413	11322.6	11321.7
C12	11174.9	0.408907	79151.3	4841.89	4841.03
proton	938.272	7.17858	81798.5	7279.56	7048.73
proton	938.272	3.52334	81798.5	7279.56	7048.73
Be10	9325.5	6.09028	81798.5	7279.56	7048.73
C12	11174.9	0.636017	78313.4	4842.22	4839.85
C12	11174.9	0.667891	78202.6	4637.82	4636.54
proton	938.272	138.787	91832.3	13897.1	13597.8
neutron	939.565	102.595	91832.3	13897.1	13597.8
deuteron	1875.61	11.4307	91832.3	13897.1	13597.8
alpha	3727.38	2.55638	91832.3	13897.1	13597.8
alpha	3727.38	10.4168	91832.3	13897.1	13597.8
C12	11174.9	0.607346	91516.4	13403.9	13402.7
proton	938.272	508.296	83537.7	4772.54	3825.35
neutron	939.565	237.178	83537.7	4772.54	3825.35
neutron	939.565	110.08	83537.7	4772.54	3825.35
proton	938.272	4.09585	83537.7	4772.54	3825.35
alpha	3727.38	21.7678	83537.7	4772.54	3825.35
alpha	3727.38	16.8658	83537.7	4772.54	3825.35
C12	11174.9	0.438728	80817.5	4660.31	4659.72
C12	11174.9	0.512404	73622.2	1235.4	1234.6
C12	11174.9	0.774058	93205.8	14651.4	14650.2
C12	11174.9	0.838154	78479.8	3843.18	3841.69
C12	11174.9	0.531691	73831.7	786.057	785.412
C12	11174.9	0.369011	97366.4	17805.1	17804.3
C12	11174.9	0.461692	96622.7	17188.6	17187.6
C12	11174.9	0.467417	79876.8	4466.53	4465.56
C12	11174.9	0.529599	98343.8	18181.8	18181.1
C12	11174.9	0.829761	77427.9	3528.88	3526.99
C12	11174.9	0.391063	79913.9	5413.5	5412.74
C12	11174.9	0.645182	86452.3	9576.07	9574.91
C12	11174.9	0.592878	95510	16746.1	16745.4
C12	11174.9	0.343625	85016.1	8710.02	8709.59
C12	11174.9	0.363517	84142.1	8478.73	8478.3
C12	11174.9	0.585125	81839.4	7023.91	7023.17
C12	11174.9	0.639711	78829.9	5139.63	5138.9
C12	11174.9	0.544252	97227.6	17397.4	17396.7
C12	11174.9	0.359847	75517.4	181.414	180.875
C12	11174.9	0.582307	91184	13540.6	13539.9
C12	11174.9	0.389498	92073	12693.7	12692.3
C13	12109.5	0.31452	80841.5	6521.75	6521.32
C12	11174.9	0.478005	92886.9	12190.1	12189.3
C12	11174.9	0.964441	90433.5	11707.5	11706
C12	11174.9	0.659421	87414.2	9269.12	9266.66
C12	11174.9	1.93364	97170.1	17700.3	17696.5
C12	11174.9	0.407502	89341.5	11983.9	11983.3
C12	11174.9	0.723509	97494.5	17771.5	17770.8
C12	11174.9	0.494537	88559.8	10601.9	10601.3
C12	11174.9	0.975168	85680	8461.17	8460.04
C12	11174.9	0.420647	79094.4	4325.84	4325.32
proton	938.272	57.8011	94088	14598.5	14359.4
proton	938.272	56.1766	94088	14598.5	14359.4
proton	938.272	32.5414	94088	14598.5	14359.4
neutron	939.565	5.3406	94088	14598.5	14359.4
neutron	939.565	4.22311	94088	14598.5	14359.4
neutron	939.565	2.16358	94088	14598.5	14359.4
deuteron	1875.61	3.14673	94088	14598.5	14359.4
alpha	3727.38	12.2791	94088	14598.5	14359.4
C12	11174.9	0.462341	92819.4	13163.1	13162.5
C12	11174.9	0.902678	93964.3	15099.5	15098.2
C12	11174.9	7.30504	79988.8	4884.96	4877.65
C12	11174.9	1.34438	74375.6	1572.9	1571.15
C12	11174.9	0.873583	90712.5	12228.5	12227.5
C12	11174.9	0.362439	77998.8	1633.26	1632.8
C12	11174.9	0.428915	80729.1	5993.27	5992.82
C12	11174.9	0.407307	91232.4	12642.1	12641.4
C12	11174.9	1.47626	74820.5	804.998	803.227
C12	11174.9	0.440066	73078.4	909.352	908.412
C13	12109.5	0.936233	77422.7	2969.14	2968.15
proton	938.272	64.2816	76464.9	2387.29	1965.53
B11	10252.5	0.851342	76464.9	2387.29	1965.53
C12	11174.9	0.431426	81627.1	6331.91	6330.98
C12	11174.9	0.38089	78118.1	1122.31	1121.28
C12	11174.9	0.433473	72933	377.714	377.06
C12	11174.9	0.408375	79363.9	5154.43	5153.13
C12	11174.9	0.342219	99008.5	18933.6	18933
C12	11174.9	0.784021	79755.5	5579.31	5578.23
C12	11174.9	0.542482	82180.6	6970.71	6969.81
C12	11174.9	0.341673	86388.4	9599.69	9598.88
C12	11174.9	0.983196	81218.7	5919.99	5918.92
C12	11174.9	0.41277	73170	518.329	517.465
C12	11174.9	0.354116	95009.6	16264.7	16263.8
C12	11174.9	0.346182	85394.2	9137.68	9137.28
C12	11174.9	0.478605	71836	139.965	139.297
C12	11174.9	0.35327	95169.1	16034.7	16033.1
C12	11174.9	0.467484	98444.4	18617.5	18616.9
C12	11174.9	0.591798	80688.8	3773.12	3772.19
C12	11174.9	0.345077	89739.7	11605.3	11604.9
C12	11174.9	1.04111	83840.8	8861.83	8858.84
C12	11174.9	0.404191	80500	4920.58	4919.97
C12	11174.9	0.721637	85237.9	6217.19	6215.7
proton	938.272	335.294	89779.6	9007.8	7972.74
C11	10254	0.474209	89779.6	9007.8	7972.74
C12	11174.9	0.694685	81780.2	6306.75	6305.73
C12	11174.9	0.402405	87253.5	10584.6	10582.4
C12	11174.9	0.365118	81001.2	6305.31	6304.66
C12	11174.9	0.387472	88588.4	11094.6	11093.8
C12	11174.9	0.343967	79597	4814.1	4813.15
C12	11174.9	0.340332	82349.3	7115.66	7115.03
alpha	3727.38	4.91954	77519.8	3958.83	3630.33
Be8	7454.85	2.3985	77519.8	3958.83	3630.33
C12	11174.9	1.15277	84022.1	7873.78	7872.27
C12	11174.9	0.358676	94930.7	15968	15967.2
C12	11174.9	1.91639	79345.1	5713.31	5710.57
neutron	939.565	2.70423	91786	13630.4	13394.2
triton	2808.92	2.28555	91786	13630.4	13394.2
Be8	7454.85	2.19236	91786	13630.4	13394.2
C12	11174.9	0.6153	92438.4	13466.2	13465.3
C12	11174.9	0.617797	90938.3	12680.5	12679.2
C12	11174.9	0.413977	78204.8	3336.09	3335.37
C12	11174.9	1.06293	79338.5	2995.76	2994.28
C12	11174.9	0.40345	78263.3	3097.24	3096.73
C12	11174.9	1.25033	90741.4	12274.4	12273.1
C12	11174.9	0.375357	85271	8041.65	8040.38
C12	11174.9	0.395078	85051.6	8111.1	8110.62
C12	11174.9	0.559226	98125.7	18439	18438.4
C12	11174.9	0.581125	95832.7	16917.5	16916.7
C12	11174.9	0.352057	86832.4	8610.77	8610.27
C12	11174.9	0.354505	92185.6	11897.6	11897.1
C12	11174.9	0.84121	85813.1	6828.47	6827.53
C12	11174.9	0.38043	97644.8	18090.8	18090.3
C12	11174.9	0.49195	99010.9	19015.5	19014.7
C12	11174.9	0.337771	96539.7	17125.5	17124.5
C12	11174.9	0.398351	82663.5	7548.13	7546.99
C12	11174.9	0.837705	92774.1	14874.6	14872.5
C12	11174.9	0.376746	95254.9	16389	16388
C12	11174.9	1.46783	92154.3	13427.6	13425.3
C12	11174.9	0.761151	98539.9	18677	18675.7
C12	11174.9	6.24107	98642.7	18838.2	18831.6
C12	11174.9	0.347473	91940.5	14106.3	14104.7
C12	11174.9	0.565076	84714.7	4455.37	4454.32
C12	11174.9	0.582316	95168.1	16321.2	16319.8
C12	11174.9	0.345403	84913.5	7452.48	7451.41
C12	11174.9	0.356757	84409.1	7116.95	7116.23
C12	11174.9	0.389971	98063.1	18396.7	18395.3
C12	11174.9	1.62001	92366.4	12269.7	12267.3
C12	11174.9	0.655791	87814.7	10590.3	10589.4
C12	11174.9	0.502008	88122.6	9819.69	9819.11
C12	11174.9	0.618614	74408.1	1566.34	1565.61
C12	11174.9	0.646274	72007.7	69.8636	69.1657
C12	11174.9	0.528916	96551.6	17213.7	17213.1
C12	11174.9	0.761348	77321.2	2613.55	2612.53
C12	11174.9	1.11303	86781.8	9656.26	9654.74
neutron	939.565	874.604	89154	11780.6	9770.43
proton	938.272	5.53257	89154	11780.6	9770.43
B10	9324.44	0.695367	89154	11780.6	9770.43
C12	11174.9	0.402512	85450.5	2498.18	2496.97
C12	11174.9	0.439546	98977.8	19024.6	19023.9
C12	11174.9	0.528686	80610.5	5678.57	5677.49
C12	11174.9	3.3508	80339.1	4510.77	4506.66
C12	11174.9	0.437024	87642.1	9515.71	9515.18
neutron	939.565	77.2629	90953	13486.1	13192.2
neutron	939.565	0.579311	90953	13486.1	13192.2
B10	9324.44	0.0534495	90953	13486.1	13192.2
C12	11174.9	0.367552	84143.4	8537.98	8537.47
C12	11174.9	0.438648	95462.1	16645.2	16644.5
C12	11174.9	0.700017	94349.9	14633.4	14632.6
C12	11174.9	0.35642	86544.9	9251.04	9250.6
C12	11174.9	1.15699	98409.6	18708.7	18707.5
C12	11174.9	0.448004	91500.9	13097	13096
C12	11174.9	0.52179	89632	12747	12746.3
C13	12109.5	1.03831	94353	15754.9	15753.6
C12	11174.9	0.559177	99996.9	19682.7	19682
C12	11174.9	0.444823	99724.9	19502.8	19501.1
C12	11174.9	0.60209	96087.6	16671.7	16670.2
C12	11174.9	0.347197	79920.2	4796.45	4796.04
C12	11174.9	0.593539	97510.9	17864.8	17864.1
C12	11174.9	0.47945	82591.9	5567.33	5566.5
C12	11174.9	0.810095	86249.8	9520.36	9519.55
C12	11174.9	2.62401	90092.8	13093.2	13090.4
C12	11174.9	0.486769	76445	2460.22	2459.55
C12	11174.9	2.79497	96474	17443.2	17440.3
C12	11174.9	0.568543	96434.6	17034.7	17033.8
neutron	939.565	148.46	83604.1	7927.05	7668.24
proton	938.272	66.4322	83604.1	7927.05	7668.24
neutron	939.565	2.86978	83604.1	7927.05	7668.24
proton	938.272	2.33737	83604.1	7927.05	7668.24
Be8	7454.85	2.54469	83604.1	7927.05	7668.24
C12	11174.9	1.04228	96824.1	17294.9	17293.5
C12	11174.9	0.491866	99854.3	19586.1	19585.6
C12	11174.9	0.424753	96299	16946.3	16945.5
C12	11174.9	0.335008	93183.5	14631.3	14630
C12	11174.9	0.848538	92433	13907	13905.7
C12	11174.9	0.430628	99578.6	19418.1	19417.7
C12	11174.9	1.42699	98776.2	18868.7	18866
C12	11174.9	0.803605	91768.9	13936.6	13935.1
C12	11174.9	0.541389	81434.7	5063.37	5062.48
C12	11174.9	0.466029	94032.9	15473.6	15473.1
C12	11174.9	3.3173	75210.1	596.085	591.65
proton	938.272	18.0236	94488.7	15847.2	15610.4
proton	938.272	6.19232	94488.7	15847.2	15610.4
deuteron	1875.61	1.85741	94488.7	15847.2	15610.4
alpha	3727.38	9.28176	94488.7	15847.2	15610.4
alpha	3727.38	2.93801	94488.7	15847.2	15610.4
C12	11174.9	0.488822	86223.3	9893.77	9893.09
C12	11174.9	0.342181	98404.6	17562.1	17561
C12	11174.9	0.856755	89545.6	11963.8	11962.9
C12	11174.9	0.364698	81946.5	6236.75	6236.34
C12	11174.9	0.72791	96058.1	16251.3	16250.4
C12	11174.9	0.867309	90219.1	12755.3	12754.1
C12	11174.9	0.412333	91423.2	14061.1	14060.6
C12	11174.9	0.663775	75791.6	2119.85	2119.07
C12	11174.9	1.00711	84324.8	7460.76	7458.62
C13	12109.5	1.25301	76522.4	2477.63	2476
C12	11174.9	1.06185	93838.1	15331.6	15330.2
C12	11174.9	0.860269	86026.2	9227.15	9225.99
C12	11174.9	0.361025	96677.7	17190.9	17189.8
C12	11174.9	0.37184	97192.6	16937.4	16936.7
C12	11174.9	0.428776	96591.2	16703.4	16702.7
C12	11174.9	0.704601	79951.9	3345.91	3344.71
C12	11174.9	0.399963	94320.1	15878.8	15878.3
C12	11174.9	0.555865	97451.8	17893.3	17892.2
C12	11174.9	0.593982	90460.2	12894.2	12893.4
C12	11174.9	0.439803	89246.1	11885.2	11884.4
C12	11174.9	0.52447	97870.3	18340.4	18339.8
C12	11174.9	0.478075	89238.7	10486.1	10485.5
C12	11174.9	0.452564	77629.9	3252.41	3251.53
C12	11174.9	0.652007	95798.4	16830.6	16829.8
C12	11174.9	0.682597	79367.2	4591.56	4590.6
C12	11174.9	1.90118	99589.2	19447	19445.1
neutron	939.565	265.274	92917	14517.5	13510
neutron	939.565	159.208	92917	14517.5	13510
proton	938.272	37.9633	92917	14517.5	13510
proton	938.272	30.2295	92917	14517.5	13510
proton	938.272	16.9395	92917	14517.5	13510
proton	938.272	14.5157	92917	14517.5	13510
neutron	939.565	9.17482	92917	14517.5	13510
neutron	939.565	5.5781	92917	14517.5	13510
neutron	939.565	5.34008	92917	14517.5	13510
proton	938.272	3.11005	92917	14517.5	13510
deuteron	1875.61	43.7472	92917	14517.5	13510
C12	11174.9	0.805247	72839.1	169.861	168.561
C12	11174.9	0.736036	99559.3	19405.5	19404.6
C12	11174.9	0.63676	96996.4	16884.4	16882.6
C12	11174.9	6.72056	97952.5	18296.9	18289.9
C12	11174.9	1.02566	99296.3	19250.5	19248.7
C12	11174.9	0.650674	91685.7	13221.1	13220.4
C12	11174.9	0.533985	90811.8	11652.3	11651.8
C12	11174.9	1.09366	82606.9	5962.62	5961.04
C12	11174.9	0.35234	78365	3709.26	3708.78
C12	11174.9	0.765488	93620.1	13300.4	13298.9
C12	11174.9	0.408274	78497	2368.61	2367.89
C12	11174.9	0.387175	87687.9	10467.6	10467.2
C12	11174.9	0.419728	73031.4	193.177	192.466
C12	11174.9	0.435902	97840.7	18192.8	18192.2
proton	938.272	51.4343	82929	7941.43	7563.14
B11	10252.5	0.476443	82929	7941.43	7563.14
C12	11174.9	0.649755	88181.4	9528.6	9527.55
C12	11174.9	0.406332	85238.3	9065.09	9064.24
C12	11174.9	1.16481	74738.7	1254.17	1252.8
C12	11174.9	0.400249	85327.6	7680.8	7679.27
C12	11174.9	0.508991	97490.4	17496.5	17495.3
C12	11174.9	1.09778	79359.5	4836.26	4834.98
C12	11174.9	0.551541	77885	891.517	890.673
C12	11174.9	1.82709	77670.8	1299.21	1297.16
proton	938.272	25.5368	96991.2	17614.9	16772.1
alpha	3727.38	21.6524	96991.2	17614.9	16772.1
triton	2808.92	2.94855	96991.2	17614.9	16772.1
alpha	3727.38	0.337186	96991.2	17614.9	16772.1
C12	11174.9	1.84566	90580.3	12114.9	12111.5
C12	11174.9	0.418132	79571.4	5116.7	5116.21
C13	12109.5	0.418036	89278.5	12175	12173.7
neutron	939.565	0.850593	83305.4	7636.16	7419.02
C11	10254	3.4664	83305.4	7636.16	7419.02
neutron	939.565	199.443	96698	17409.7	16926.5
alpha	3727.38	2.74026	96698	17409.7	16926.5
Li7	6533.83	1.4416	96698	17409.7	16926.5
C12	11174.9	0.544288	88690.4	11144.8	11143.8
C12	11174.9	0.619692	89588.4	10591.2	10589.8
C12	11174.9	0.383376	88404.9	10053.1	10051.3
proton	938.272	1368.89	89701.2	12533.5	10010.2
neutron	939.565	1111	89701.2	12533.5	10010.2
neutron	939.565	2.24515	89701.2	12533.5	10010.2
proton	938.272	2.00727	89701.2	12533.5	10010.2
Be8	7454.85	0.735433	89701.2	12533.5	10010.2
C12	11174.9	0.721813	78598.3	1965.63	1964.45
neutron	939.565	591.969	81796.1	6404.02	4889.74
neutron	939.565	0.906638	81796.1	6404.02	4889.74
C10	9327.57	0.770882	81796.1	6404.02	4889.74
C12	11174.9	0.472402	78486.6	3768.5	3767.81
C12	11174.9	0.532024	86049	8984.83	8984.2
C12	11174.9	0.681457	82839.5	6878.71	6877.77
C12	11174.9	0.385931	84333.9	4137.21	4136.79
proton	938.272	2279.62	92949.1	9802.19	6931.64
proton	938.272	551.919	92949.1	9802.19	6931.64
neutron	939.565	0.937244	92949.1	9802.19	6931.64
neutron	939.565	0.252567	92949.1	9802.19	6931.64
Be8	7454.85	0.90016	92949.1	9802.19	6931.64
C12	11174.9	0.429153	86702.3	9019.19	9018.43
C12	11174.9	0.636039	82025.9	4902.21	4901.33
C12	11174.9	0.414553	98142.4	18409.5	18408.9
C12	11174.9	0.527591	89834.8	12072.8	12071.6
C12	11174.9	0.771938	77917.4	1429.39	1428.46
C12	11174.9	0.420865	94496.8	16128.6	16128
C12	11174.9	0.603453	79768	3707.95	3706.87
C12	11174.9	0.83283	83629.1	8207.93	8206.93
C12	11174.9	0.349499	99720	19504.3	19503.5
C12	11174.9	0.359386	97174.8	17746	17745.4
C12	11174.9	0.665686	97517.7	17529.5	17528.4
C12	11174.9	0.819907	80808.5	4998.68	4997.75
C12	11174.9	0.639298	97750.6	18068	18065.3
C12	11174.9	0.696066	86961.7	8261.75	8260.89
neutron	939.565	829.6	96890.5	17202.8	15888.4
proton	938.272	444.061	96890.5	17202.8	15888.4
deuteron	1875.61	1.46405	96890.5	17202.8	15888.4
Be8	7454.85	2.94135	96890.5	17202.8	15888.4
C12	11174.9	0.481925	78367.3	4802.1	4800.99
C12	11174.9	1.02113	82791.3	6278.52	6276.79
C12	11174.9	0.60836	84109	7771.27	7770.56
C12	11174.9	0.600616	73173.8	434.881	434.181
C12	11174.9	1.53689	91901.8	11236.4	11234.2
C12	11174.9	1.7053	88807.1	11352.3	11349.9
C12	11174.9	0.332673	99744.9	19534.6	19533.4
C12	11174.9	0.471013	92088.2	13985.3	13984.4
C12	11174.9	0.666823	75433.1	1446.2	1445.4
C12	11174.9	0.49587	73901.5	1487.9	1487.38
proton	938.272	1233.71	90146.6	13182.1	11599
proton	938.272	295.645	90146.6	13182.1	11599
neutron	939.565	7.48868	90146.6	13182.1	11599
neutron	939.565	1.91997	90146.6	13182.1	11599
Be8	7454.85	7.96876	90146.6	13182.1	11599
C12	11174.9	0.453137	89776.6	12186.3	12185.6
C12	11174.9	0.420589	86094.2	10138.8	10138.2
C12	11174.9	1.32542	98805.5	17861.8	17859.7
C12	11174.9	0.371442	78236.4	3958.4	3956.93
C12	11174.9	0.354893	84674.7	9147.77	9147.07
C12	11174.9	0.59079	97580	17693.5	17692.7
C12	11174.9	0.352222	86347.4	10108.7	10107.6
C12	11174.9	1.65662	81444.1	7344.55	7342.52
C12	11174.9	1.61391	88484.9	11129	11127.1
He3	2808.39	16.0317	81385.4	6626.73	6297.93
Be9	8392.75	1.21837	81385.4	6626.73	6297.93
neutron	939.565	420.941	93815.2	15085.9	14412.2
proton	938.272	207.055	93815.2	15085.9	14412.2
deuteron	1875.61	6.12787	93815.2	15085.9	14412.2
alpha	3727.38	1.67585	93815.2	15085.9	14412.2
alpha	3727.38	3.42744	93815.2	15085.9	14412.2
C12	11174.9	0.491464	95458	15979.5	15978.5
C12	11174.9	0.638359	90287.1	12720.8	12719.7
proton	938.272	198.713	77321.5	1535.25	737.236
C11	10254	0.146583	77321.5	1535.25	737.236
C12	11174.9	0.569192	94651.8	14690.7	14690.2
C12	11174.9	0.610425	81594.9	6049.87	6048.62
C12	11174.9	0.371587	78693.7	2544.16	2542.38
C12	11174.9	0.416209	88549	10500.1	10498.8
C12	11174.9	2.20827	98044.4	18183.9	18181.4
neutron	939.565	172.594	92698	14639.3	14391.2
neutron	939.565	18.5291	92698	14639.3	14391.2
proton	938.272	4.52876	92698	14639.3	14391.2
proton	938.272	2.68839	92698	14639.3	14391.2
alpha	3727.38	12.2673	92698	14639.3	14391.2
alpha	3727.38	0.526174	92698	14639.3	14391.2
C12	11174.9	0.47138	79013.6	4829.97	4829.18
C12	11174.9	1.76157	94756	15737.7	15735.5
C12	11174.9	0.803073	79914.8	2122.77	2121.71
C12	11174.9	0.368408	91396.8	12407.2	12406.5
C12	11174.9	6.09628	84226	5508.37	5500.77
C12	11174.9	0.361705	97988.8	18084.9	18084.1
C12	11174.9	0.508093	96276.2	16947.6	16946.6
C12	11174.9	0.424552	78456.4	3403.63	3402.71
C12	11174.9	2.85059	98327.9	18509.9	18506.5
C12	11174.9	0.355048	74518.3	1391.13	1390.29
C12	11174.9	0.357369	97570.8	18166.6	18166
C12	11174.9	0.436724	95060.3	15527.7	15527.2
C12	11174.9	0.393796	75234.1	1396.15	1395.54
C12	11174.9	0.650774	93072.4	14867.7	14866.3
C12	11174.9	0.568042	90608.6	12826.9	12825.7
C12	11174.9	0.456231	90400.7	12521	12520.3
C12	11174.9	0.420612	88570.2	11676.7	11675.8
C12	11174.9	0.568323	93805.5	15073.2	15070.8
neutron	939.565	11.6394	92101.8	13414.4	13117.4
proton	938.272	8.4585	92101.8	13414.4	13117.4
proton	938.272	6.75395	92101.8	13414.4	13117.4
neutron	939.565	0.658236	92101.8	13414.4	13117.4
Be8	7454.85	8.22363	92101.8	13414.4	13117.4
C12	11174.9	0.460602	97135.3	17624.3	17623.6
C12	11174.9	0.338751	91916.3	14095.1	14094.4
C12	11174.9	0.671	86211.6	10092.2	10090.3
C12	11174.9	1.28183	94294.4	15477.9	15475.6
C12	11174.9	1.42654	87973.9	10931.2	10929.7
C12	11174.9	0.731349	99534.3	19369.5	19368.7
C12	11174.9	2.04367	97670.6	17870.1	17867.9
C12	11174.9	1.81189	95196	15649.7	15647.8
C12	11174.9	2.38182	85033.3	9200.8	9198.06
C12	11174.9	0.488606	83683	8044.89	8044.06
C12	11174.9	1.19037	84361.6	6867.84	6866.36
C12	11174.9	0.588846	91428.2	13464.5	13463.4
C12	11174.9	0.679176	98116.1	18288.8	18285.8
C12	11174.9	0.344337	91908	14139.4	14138.8
C12	11174.9	0.688779	86238.6	8794.39	8793.59
neutron	939.565	144.535	92258.4	13169.8	12875.1
proton	938.272	107.574	92258.4	13169.8	12875.1
proton	938.272	5.10127	92258.4	13169.8	12875.1
Be9	8392.75	2.67385	92258.4	13169.8	12875.1
C12	11174.9	0.396109	76897.9	2875.64	2874.88
C12	11174.9	0.367158	89508.7	12228.5	12228.1
proton	938.272	23.4538	84154.5	8433.64	8104.53
C11	10254	6.50943	84154.5	8433.64	8104.53
C12	11174.9	1.57091	72986.3	538.272	536.166
C12	11174.9	0.570026	97700.3	18126.7	18125.2
proton	938.272	164.353	87046.4	9163.37	8526.65
neutron	939.565	136.617	87046.4	9163.37	8526.65
proton	938.272	84.3308	87046.4	9163.37	8526.65
proton	938.272	59.272	87046.4	9163.37	8526.65
neutron	939.565	43.1777	87046.4	9163.37	8526.65
proton	938.272	13.2802	87046.4	9163.37	8526.65
neutron	939.565	12.7558	87046.4	9163.37	8526.65
neutron	939.565	8.80311	87046.4	9163.37	8526.65
neutron	939.565	8.35464	87046.4	9163.37	8526.65
proton	938.272	7.1416	87046.4	9163.37	8526.65
deuteron	1875.61	3.37985	87046.4	9163.37	8526.65
C12	11174.9	0.433889	92171.6	14079.3	14078.8
C12	11174.9	0.373935	95904.2	17074.1	17073.7
C12	11174.9	0.346748	86971.6	8445.73	8443.98
C12	11174.9	0.66929	91768.6	13378.3	13377.2
C12	11174.9	0.62448	81747.1	5449.37	5448.74
C12	11174.9	0.790169	74175.1	1750.41	1749.59
C12	11174.9	1.19512	80290.1	5862.11	5859.08
C12	11174.9	1.35769	86739.1	10927.5	10926
C12	11174.9	0.67776	92306	13798.2	13796.7
C12	11174.9	0.38754	85707.6	8942.69	8941.9
C12	11174.9	0.669775	83232	8282.87	8282
C12	11174.9	1.43299	97153.6	17642.3	17640.6
C12	11174.9	0.334318	72543.1	799.245	797.703
C12	11174.9	0.44996	91854.8	13752.7	13752.1
C12	11174.9	0.416364	77698.2	984.415	983.931
C12	11174.9	0.648346	95712	16683.6	16682.3
C12	11174.9	0.73512	87442.3	10576.1	10575.4
C12	11174.9	0.485301	94344.3	15281.3	15279.1
C12	11174.9	0.34968	89475.3	12454	12453.6
C12	11174.9	0.648414	95900	16643.6	16642.4
C12	11174.9	0.660804	89763.2	12004.5	12003.7
C12	11174.9	0.549136	97617.5	17578.9	17577.3
C12	11174.9	0.334323	96043.5	16896	16895.6
C12	11174.9	0.443468	93418	15080.1	15078.1
C12	11174.9	0.445768	75417.1	2821.55	2820.84
C12	11174.9	1.82095	89325.7	11526.9	11524.9
C12	11174.9	2.18292	76178.2	1712.6	1709.72
C12	11174.9	0.601792	86428.6	9947.97	9947.01
C12	11174.9	5.99147	75374.8	1331.84	1325.67
C12	11174.9	0.399393	97530.5	17974.4	17973.5
proton	938.272	111.615	96318.1	17188.9	16520.1
neutron	939.565	3.40329	96318.1	17188.9	16520.1
B10	9324.44	0.557704	96318.1	17188.9	16520.1
C12	11174.9	0.339958	95009	16046.3	16045.9
C12	11174.9	1.12516	73068.9	409.101	407.587
neutron	939.565	637.813	95330.2	16426.9	13256.5
neutron	939.565	5.8201	95330.2	16426.9	13256.5
B10	9324.44	0.951829	95330.2	16426.9	13256.5
C12	11174.9	5.41763	98814.3	18856.4	18850.9
C12	11174.9	0.426064	95158.9	16260.7	16259.2
proton	938.272	2541.52	97156.6	17214.9	12937.1
He3	2808.39	8.02789	97156.6	17214.9	12937.1
Be8	7454.85	1.63719	97156.6	17214.9	12937.1
C12	11174.9	0.332269	98430.9	18658	18657
C12	11174.9	0.411266	88892.2	11183.9	11181.9
C12	11174.9	0.480624	97560	18035.4	18034.1
C12	11174.9	1.32771	89002.3	11656.4	11654.8
C12	11174.9	0.345185	95738.8	16746.9	16746.3
C12	11174.9	0.452994	90408.5	13269.6	13268.8
C12	11174.9	0.462021	84115.9	7189.79	7189.14
C12	11174.9	0.350823	78988.5	2653.28	2652.3
C12	11174.9	0.38798	94593.4	15299.3	15298.7
C12	11174.9	0.828378	87772.9	10477.9	10476.5
C12	11174.9	1.90214	83308.9	6990.68	6988.54
C12	11174.9	1.12473	93310.8	15321.9	15320.8
C12	11174.9	0.446627	98988	19067.5	19066.3
C12	11174.9	0.513723	74776.7	1116.34	1114.9
neutron	939.565	172.583	99577.6	19432.7	18957.9
C11	10254	1.0112	99577.6	19432.7	18957.9
C12	11174.9	0.93659	99422.8	18867.7	18866.5
C12	11174.9	0.461856	83316.4	5425.75	5425.18
C12	11174.9	0.354043	81173.6	4952.73	4951.94
alpha	3727.38	16.4008	94469.4	15956.1	14936.4
alpha	3727.38	4.63359	94469.4	15956.1	14936.4
alpha	3727.38	33.4685	94469.4	15956.1	14936.4
C12	11174.9	0.65716	86757.3	8335.19	8334.19
C12	11174.9	0.465649	79294.1	2923.5	2922.41
C12	11174.9	0.490299	98782.2	18852.7	18852.2
C12	11174.9	0.468715	86240.5	9612.93	9612.28
C12	11174.9	0.417879	91520.8	9554.55	9554.12
C12	11174.9	0.814655	75694.7	2354.13	2352.24
C12	11174.9	0.343465	88437.8	10313.8	10313.2
C12	11174.9	0.558181	90038.3	11534.2	11533
C12	11174.9	0.415764	89293.9	9355.65	9355.12
neutron	939.565	857.652	88376.4	11520.8	10077.3
neutron	939.565	538.343	88376.4	11520.8	10077.3
proton	938.272	1.81623	88376.4	11520.8	10077.3
proton	938.272	1.29654	88376.4	11520.8	10077.3
Be8	7454.85	5.41618	88376.4	11520.8	10077.3
proton	938.272	1256.85	92310.2	14024.4	12358.8
proton	938.272	340.005	92310.2	14024.4	12358.8
neutron	939.565	19.2367	92310.2	14024.4	12358.8
neutron	939.565	4.18495	92310.2	14024.4	12358.8
alpha	3727.38	5.76986	92310.2	14024.4	12358.8
alpha	3727.38	2.90664	92310.2	14024.4	12358.8
C12	11174.9	0.416522	78015.6	774.581	774.133
C12	11174.9	0.578276	75600.4	2208.36	2206.81
neutron	939.565	119.717	75217.1	1886.5	1682.04
proton	938.272	44.5168	75217.1	1886.5	1682.04
deuteron	1875.61	2.9904	75217.1	1886.5	1682.04
Be8	7454.85	3.58191	75217.1	1886.5	1682.04
C12	11174.9	0.547964	79696.2	3335.16	3333.67
C12	11174.9	0.345778	96270.9	16951.9	16951.2
C12	11174.9	0.401121	90230.5	12382	12379.5
C12	11174.9	0.404584	74193.9	934.487	933.647
C12	11174.9	0.454255	83944.6	6576.77	6575.19
C12	11174.9	0.351279	92241.8	14267.1	14265.5
C12	11174.9	1.11525	96821	17445.2	17443.7
C12	11174.9	1.44836	99052.1	19018.6	19017.1
C12	11174.9	1.80502	98034.4	17890.3	17887.9
C12	11174.9	0.496969	78012.6	3976.43	3975.23
C12	11174.9	0.886175	75362.1	2223.19	2222.2
C12	11174.9	0.412298	86272.6	9697.28	9694.07
C12	11174.9	1.71603	80439.1	6127.01	6124.78
C12	11174.9	0.563311	99504.9	19363.5	19362.5
C12	11174.9	0.677597	85698.4	7347.34	7346.46
C12	11174.9	0.483036	83423.7	8152.85	8152.31
proton	938.272	320.923	82912	6118.37	5424.08
proton	938.272	136.722	82912	6118.37	5424.08
neutron	939.565	115.882	82912	6118.37	5424.08
proton	938.272	9.98069	82912	6118.37	5424.08
neutron	939.565	2.95422	82912	6118.37	5424.08
triton	2808.92	22.8461	82912	6118.37	5424.08
alpha	3727.38	27.4977	82912	6118.37	5424.08
C12	11174.9	1.90782	87922.2	9921.17	9918.54
C12	11174.9	0.71911	84690.9	9124.88	9123.81
C12	11174.9	1.54147	93543.2	15061.5	15059.5
C12	11174.9	0.867914	87880.1	11132.2	11130
C12	11174.9	2.93337	78996.2	4408.39	4405.28
C12	11174.9	0.427468	76932.7	3594.96	3594.22
C12	11174.9	0.570815	96220.6	16475.7	16474.9
C12	11174.9	0.611676	75940	1702.56	1701.74
C12	11174.9	0.872179	96246.6	17232.8	17231.7
C12	11174.9	0.462181	79941.7	4879.12	4878.55
C12	11174.9	1.40157	86090.6	9684.95	9683.43
C12	11174.9	0.346111	99369.4	19243.8	19243.2
C12	11174.9	1.06415	90863.3	13334.7	13333.6
C12	11174.9	1.14608	74809.3	1468.63	1467.47
C12	11174.9	0.48813	84435.2	7809.98	7809.26
C12	11174.9	0.486295	97826.3	18165.9	18165.3
C12	11174.9	0.423833	91440.6	13945.7	13944.4
C12	11174.9	0.453578	95744.1	16840.2	16839.5
C12	11174.9	0.851669	91865.3	13922.8	13921.7
C12	11174.9	4.13772	80636.6	4621.76	4616.57
C12	11174.9	0.39275	80412.1	4219.75	4219.11
neutron	939.565	1908.26	89343.3	11899.4	9166.4
neutron	939.565	777.999	89343.3	11899.4	9166.4
proton	938.272	9.3735	89343.3	11899.4	9166.4
B9	8393.31	1.20399	89343.3	11899.4	9166.4
C12	11174.9	0.491852	86486.8	6768.34	6766.85
C12	11174.9	0.820813	80540.3	2248.17	2247.12
C12	11174.9	0.520928	98256.8	18569.1	18567.5
C12	11174.9	0.725197	73949.9	642.562	641.173
C12	11174.9	0.637278	93386.7	14638.8	14638.2
C12	11174.9	0.341701	85342.4	8167.69	8166.51
C12	11174.9	0.554565	87927.4	10174.9	10173.3
C12	11174.9	0.472651	72778.2	36.2027	35.6014
C12	11174.9	0.791097	93887.2	15375	15374.1
C12	11174.9	0.730147	79299.2	4138.17	4137.25
C12	11174.9	0.409838	90483.5	12941.5	12940.7
C12	11174.9	0.4738	75923.8	1743.04	1742.22
C12	11174.9	0.7569	84841.4	5779.13	5777.72
C12	11174.9	0.813409	78858.6	4448.83	4446.67
C12	11174.9	0.372391	73975.9	1358.29	1357.6
C12	11174.9	1.1175	83638.8	7748.45	7746.99
C12	11174.9	0.972601	77877	2451.29	2449.97
C12	11174.9	0.820828	80457.7	5108.09	5107.13
C12	11174.9	0.837239	88041.8	4689.9	4689.06
C12	11174.9	0.455959	81201	3653.73	3653
C12	11174.9	0.924822	73361.2	923.052	922.114
C12	11174.9	0.660092	83425.9	7999.83	7999.15
C12	11174.9	0.360372	96616.8	15153.3	15152.6
C12	11174.9	1.55515	85651.3	9409.18	9407.27
C12	11174.9	0.45717	88397.6	11306.5	11305.1
C12	11174.9	0.647392	77123.5	2791.39	2790.69
C12	11174.9	0.504782	80086.1	5123.15	5122.15
C12	11174.9	0.3986	94185.3	15764.4	15763.6
C12	11174.9	0.346634	78336.1	203.725	202.225
C12	11174.9	0.403113	99564.5	19426.5	19425.3
C12	11174.9	0.837865	81227.2	3476.08	3475.17
C12	11174.9	0.420849	97622.2	17496.3	17495.6
C12	11174.9	2.33406	91940.3	12790.9	12788.2
C12	11174.9	0.460877	93124.4	14499.3	14498.5
proton	938.272	2128.61	88064	11305.4	6606.49
neutron	939.565	99.2522	88064	11305.4	6606.49
neutron	939.565	23.7139	88064	11305.4	6606.49
neutron	939.565	12.1598	88064	11305.4	6606.49
proton	938.272	6.24547	88064	11305.4	6606.49
He3	2808.39	3.02915	88064	11305.4	6606.49
alpha	3727.38	3.89708	88064	11305.4	6606.49
C12	11174.9	0.364869	83387.3	6603.87	6603.04
C12	11174.9	0.335497	98871.6	18973.6	18973.1
C12	11174.9	0.373014	85728.3	9532	9530.91
C12	11174.9	0.402736	91536	13884.2	13883.1
C12	11174.9	0.336566	81529.2	6539.46	6538.5
C12	11174.9	0.830504	94268.4	14273.1	14272.1
C12	11174.9	0.996608	85894.7	9766.84	9765.63
C12	11174.9	0.493028	78102.6	3969.88	3968.45
C12	11174.9	0.390233	95423.5	16672.4	16671.8
C12	11174.9	0.408263	94211	15722.4	15721.6
C12	11174.9	0.380631	93417.8	15163.7	15163.1
C12	11174.9	0.36686	81452.7	6300.91	6299.26
C12	11174.9	0.422496	88728.5	11584.3	11583.7
C12	11174.9	0.977113	87129.4	10357	10355.9
C12	11174.9	3.96984	89864.9	13125	13120.3
C12	11174.9	0.504001	88140	12050.7	12049.4
C12	11174.9	1.17479	73405.1	1438.1	1436.86
C12	11174.9	0.827952	74952.6	2207.08	2206.24
C12	11174.9	0.426187	75685.9	1915	1914.57
C12	11174.9	0.335342	82491.9	5656.29	5655.91
C12	11174.9	0.715491	97577.3	17823.1	17821.1
C12	11174.9	1.09358	88697.3	11368.9	11367.6
C12	11174.9	0.540001	78047.5	4677.06	4675.24
C12	11174.9	0.445064	87343	9190.31	9189.61
C12	11174.9	0.365297	98835.8	18862.9	18862.5
C12	11174.9	0.637602	75739.6	790.258	789.575
C12	11174.9	1.43914	77430.1	4224.79	4222.89
C12	11174.9	0.373765	92337.3	14047.8	14047.4
C13	12109.5	0.648749	98814.6	18920	18919
C12	11174.9	0.847569	96148.3	16353	16351.6
C12	11174.9	0.577108	92244.2	13685.6	13684.6
C12	11174.9	0.371337	87967.7	10888.6	10886
C12	11174.9	3.01504	74524.6	1852.13	1848.93
C12	11174.9	0.450114	84393.1	8800.56	8799.66
C12	11174.9	0.398766	96765.1	17283	17282.4
C12	11174.9	0.682112	87442.2	9994.38	9993.22
C12	11174.9	0.386551	92328.4	14335.9	14334.4
C12	11174.9	0.68609	89228.6	12279	12276.9
C12	11174.9	0.56187	76730.4	4008.45	4007.62
C12	11174.9	0.804224	85729.6	9334.4	9333.39
C12	11174.9	0.684334	74990	2539.73	2538.31
C12	11174.9	2.19994	90444.5	12046.1	12042.6
C12	11174.9	0.779627	78483.7	5031.09	5030.07
C13	12109.5	0.467127	88380.3	11831.7	11830.5
C12	11174.9	1.34754	90347.3	12363.5	12361
C12	11174.9	0.803915	77049.6	3338.7	3337.25
C12	11174.9	0.629692	76926.9	3248.57	3247.23
C12	11174.9	2.8668	92814.1	14729.3	14725.8
C12	11174.9	0.504784	98301.1	18497.6	18497
C12	11174.9	0.377498	81988.8	6518.24	6517.24
C12	11174.9	0.411959	74986.9	1582.43	1581.36
C12	11174.9	1.75473	85738.3	9857.25	9855.02
C12	11174.9	0.434971	77408.1	4425.65	4424.37
C12	11174.9	1.31143	94282.3	15417.9	15415.6
C12	11174.9	0.368719	83857.2	7338.8	7337.07
C12	11174.9	0.337687	85973.4	9911.99	9911.63
C12	11174.9	1.61966	80975.1	5373.53	5371.69
C12	11174.9	0.909579	82375.7	6601.18	6600.1
neutron	939.565	5276.55	92767.9	14665.6	6428.73
proton	938.272	9.85981	92767.9	14665.6	6428.73
B10	9324.44	1.17483	92767.9	14665.6	6428.73
C12	11174.9	0.57094	90316.4	13119	13118.1
C12	11174.9	1.59679	75913.6	2591.97	2589.17
C12	11174.9	1.84	81090.3	5364.55	5362.52
C12	11174.9	0.37739	91673.1	13524.3	13523.1
C12	11174.9	0.522665	80171.8	4517.71	4517.17
C12	11174.9	0.431872	97871.9	18237	18236
C12	11174.9	0.507674	84833	8508.92	8508.28
C12	11174.9	0.697295	89153.2	10865.3	10864.3
neutron	939.565	170.648	85533.6	5723.29	5198.26
neutron	939.565	7.53897	85533.6	5723.29	5198.26
deuteron	1875.61	27.67	85533.6	5723.29	5198.26
Be8	7454.85	12.6124	85533.6	5723.29	5198.26
C12	11174.9	0.469467	88692.5	10954	10953.5
C12	11174.9	0.720635	82828.7	7243.63	7242.44
C12	11174.9	0.547676	80068.6	4914.22	4912.69
C12	11174.9	1.05212	99336.5	19291.4	19289
C12	11174.9	0.429405	95369.9	16161.3	16159.7
C12	11174.9	0.490026	83084.7	3529.83	3528.93
C12	11174.9	5.44088	85458.7	9179.3	9173.39
C12	11174.9	0.525239	93928.1	15624.7	15623
C12	11174.9	0.546469	96039.5	14885.4	14884.7
C12	11174.9	0.596122	94160.9	15676	15674.8
C12	11174.9	0.388766	90069.2	11995.3	11992.8
C12	11174.9	0.341828	98975.6	18877.8	18876.9
C12	11174.9	1.06733	96949.1	17530.4	17529.1
neutron	939.565	1150.08	94332.1	15895.9	11177.6
proton	938.272	4.96882	94332.1	15895.9	11177.6
B10	9324.44	1.02567	94332.1	15895.9	11177.6
C12	11174.9	0.667402	80882.2	1790.44	1789.6
C12	11174.9	0.356924	97546	17903.9	17902.4
C12	11174.9	0.739821	88189.5	10769	10767.8
neutron	939.565	174.303	85643.5	8179.54	7868.61
neutron	939.565	36.5999	85643.5	8179.54	7868.61
proton	938.272	25.0043	85643.5	8179.54	7868.61
proton	938.272	7.86752	85643.5	8179.54	7868.61
alpha	3727.38	9.10149	85643.5	8179.54	7868.61
alpha	3727.38	9.48666	85643.5	8179.54	7868.61
C12	11174.9	0.526681	97260	17804.3	17801.6
C12	11174.9	0.684791	91249.6	12753.6	12752.9
C12	11174.9	0.664759	84024.4	7330.94	7329.32
C12	11174.9	0.917585	80639.6	6117.46	6115.79
C12	11174.9	1.25295	72432.5	543.026	541.276
C12	11174.9	0.332956	96968.5	16683.2	16682.4
C12	11174.9	0.399378	85614.4	7822.91	7822.18
C12	11174.9	0.401804	95041.1	16393.9	16393.2
C12	11174.9	0.349854	92381.8	14556.3	14555.5
C12	11174.9	1.04045	82189.9	7606.53	7605.35
C12	11174.9	0.608319	84647.8	7206.96	7205.45
C12	11174.9	1.1203	89067.8	10727.1	10725.2
C12	11174.9	0.352868	80346.5	4131.59	4130.72
C12	11174.9	1.80273	99941	19651.4	19649.5
C12	11174.9	0.954275	79966.9	3909.18	3907.5
C12	11174.9	0.555309	97796.8	18047.4	18046.4
C12	11174.9	0.515614	90110.8	12266.2	12265.6
C12	11174.9	1.43316	77125.3	539.37	537.618
C12	11174.9	0.596345	93183.3	14335.8	14335.1
C12	11174.9	0.413243	83701.4	7789.67	7788.98
C12	11174.9	1.86437	89813.4	11806	11804.1
C12	11174.9	0.381424	85884.4	6965.66	6964.95
C12	11174.9	0.693636	93839.6	11499	11498
C12	11174.9	0.341309	87274.9	6559.84	6557.17
C12	11174.9	0.424299	87189.8	10883.8	10883.4
C12	11174.9	0.715978	88676.4	9790.93	9790.04
C12	11174.9	0.6272	91797.4	14135.7	14135.1
C12	11174.9	0.400934	98808.5	18687.3	18686.6
C12	11174.9	0.863734	92714.5	14477.8	14475.1
C12	11174.9	0.764054	82015.5	6800.59	6799.25
C12	11174.9	1.23362	79012.4	2973.55	2972.27
C12	11174.9	0.402667	98728.7	18807	18806.5
C12	11174.9	0.339981	93998	15613.1	15612.4
neutron	939.565	143.603	88890.9	10388.6	9735.45
neutron	939.565	1.30646	88890.9	10388.6	9735.45
B10	9324.44	3.98137	88890.9	10388.6	9735.45
C12	11174.9	1.0409	98312	18552.3	18551.3
C12	11174.9	0.763495	92882.6	13956.8	13955.2
C12	11174.9	0.67093	87425.8	7235.17	7234.33
C12	11174.9	1.15248	77087.7	300.349	298.837
C12	11174.9	0.348941	93055.4	10483.7	10483.3
C12	11174.9	0.466665	92877.9	13766.7	13765.9
C12	11174.9	0.427724	73144	415.203	414.471
C12	11174.9	0.361464	98261.1	18558.5	18557.7
C12	11174.9	0.416478	86666.8	9874.74	9874.19
C12	11174.9	1.07374	76952.4	2939.13	2937.88
C12	11174.9	1.55471	74346.6	1194.22	1192.5
C12	11174.9	0.684229	86806.5	8871.87	8870.52
C12	11174.9	0.358705	72043.7	473.418	472.917
C12	11174.9	0.839949	94177	15634	15633.1
C12	11174.9	0.646536	76595.5	3134.78	3133.32
C12	11174.9	0.363746	90453.6	12627.2	12626.2
C12	11174.9	0.700206	83265.4	7532.21	7531.27
C12	11174.9	0.708248	76641.4	2656.41	2655.3
C12	11174.9	0.778941	96091.9	15792.9	15791.1
C12	11174.9	0.535751	81163.9	4960.13	4958.48
C12	11174.9	0.352626	87585.2	10134.6	10134.1
C12	11174.9	2.00136	98728	18917.9	18915.8
C12	11174.9	0.388881	88475	11241.1	11240
C12	11174.9	1.0962	89504.6	11955.6	11954.4
C12	11174.9	3.67456	88960.5	10614.2	10610.4
C12	11174.9	0.617559	80061.1	4277.8	4276.05
C12	11174.9	0.49081	71822.2	834.729	834.027
C12	11174.9	0.372999	93012.1	11272.1	11271.6
C12	11174.9	0.499391	98026.9	18095.6	18094.6
C12	11174.9	0.485775	78057.7	2572.68	2571.88
C12	11174.9	0.44599	71841.5	983.888	983.036
C12	11174.9	0.397054	72382	439.242	438.101
C12	11174.9	0.358995	84462.8	8514.92	8513.69
proton	938.272	24.813	80470	5609.49	4650.78
neutron	939.565	3.23733	80470	5609.49	4650.78
B10	9324.44	1.0118	80470	5609.49	4650.78
C12	11174.9	0.870196	84424.3	8273.64	8272.54
C12	11174.9	1.67595	85623.9	9753.42	9751.59
C12	11174.9	0.49488	75993.6	2107.41	2106.81
C12	11174.9	0.879224	84032.9	8764.09	8763.17
C12	11174.9	0.374486	82949.5	4076.94	4076.55
C12	11174.9	2.72239	77593.3	512.84	509.925
C12	11174.9	1.34529	77909.1	3278.56	3276.98
C12	11174.9	0.354483	90069.8	12985.4	12985
C12	11174.9	0.339733	90622.8	12870	12869.4
proton	938.272	258.631	81311	6215.07	5879.54
proton	938.272	40.3674	81311	6215.07	5879.54
Be10	9325.5	3.77288	81311	6215.07	5879.54
C12	11174.9	1.93472	76762.5	3095.72	3093.63
C12	11174.9	0.498562	91857.3	13856.3	13854.8
C12	11174.9	1.79645	87015.1	10243.7	10240.5
C12	11174.9	0.47713	96328.6	16424.9	16423.7
C12	11174.9	0.720635	89205.6	11411.5	11410.8
C12	11174.9	0.35861	75714.6	1684.91	1684.05
C12	11174.9	0.610384	97978.6	18256.3	18255.6
C12	11174.9	0.811046	75351	880.001	878.344
C12	11174.9	0.452543	87835.7	10224.9	10224.2
C12	11174.9	1.56243	94041.6	15375.3	15373.2
C12	11174.9	0.846458	79200	4492.74	4491.87
C12	11174.9	0.429477	75769.2	1467.78	1467.29
C12	11174.9	0.357314	76203.9	2374.4	2373.22
C12	11174.9	0.563622	85395.9	10003.1	10002.5
C12	11174.9	0.939367	87087.7	10887.5	10886.3
C12	11174.9	0.400153	86406.2	9387.49	9386.27
C12	11174.9	0.335342	86240.4	9295.38	9294.82
proton	938.272	200.743	98114.8	18503.6	17759.9
B11	10252.5	0.751234	98114.8	18503.6	17759.9
C12	11174.9	1.06753	85830.3	8584.82	8583.18
C12	11174.9	0.397291	97357.7	17944.3	17943.2
C12	11174.9	0.691558	92439.2	14188.3	14187.5
C12	11174.9	2.2888	76685.7	2829.46	2826.63
C12	11174.9	0.543515	94203.4	15347.9	15347
C12	11174.9	0.346827	91552.3	13326.1	13325
C12	11174.9	0.457484	89233.1	11637.1	11636.4
C12	11174.9	1.55001	84093.3	8238.08	8236.37
C12	11174.9	1.11523	98794.6	18796.7	18794.6
C12	11174.9	0.356339	90961.8	12495.9	12495.1
C12	11174.9	0.446379	97037	15714.5	15713.9
C12	11174.9	0.711237	84774.9	5429.69	5428.17
C12	11174.9	0.468628	79853.1	5909.23	5908.71
C12	11174.9	4.3179	84341.3	7955.47	7951.12
C12	11174.9	0.394668	89273.4	11346.4	11345.3
C12	11174.9	0.422453	81649.1	5265.71	5264.59
C12	11174.9	1.65745	98991.1	18983	18980.9
C12	11174.9	2.48873	90703.8	12657.6	12654.2
C12	11174.9	0.430197	84591	7575.35	7574.77
C12	11174.9	0.804054	79209.3	4503.55	4502.61
neutron	939.565	158.957	84789.1	6604.12	6367.14
proton	938.272	38.3763	84789.1	6604.12	6367.14
deuteron	1875.61	1.28662	84789.1	6604.12	6367.14
Be8	7454.85	4.32721	84789.1	6604.12	6367.14
C12	11174.9	0.444211	97083.3	17625.7	17625
C12	11174.9	0.420262	75544.7	1807.83	1807.13
C12	11174.9	0.402694	78708.7	3715.98	3715.16
C12	11174.9	0.428817	75890.2	2217.4	2216.39
C12	11174.9	0.55667	76515.4	2730.53	2728.28
C12	11174.9	1.13377	82521.9	5839.87	5838.39
C12	11174.9	0.530968	98948	18995.8	18995.1
C12	11174.9	0.666887	81395.1	5477.45	5476.75
C12	11174.9	0.348397	75511.4	1364.68	1364.31
C12	11174.9	0.558671	90058.9	12160.5	12159.9
C12	11174.9	0.337653	81264.1	5445.83	5444.88
C12	11174.9	2.08119	83908.7	8523.64	8520.25
C12	11174.9	0.496851	84032.9	8014.12	8013.37
C12	11174.9	0.563799	90436.3	12941.9	12940.4
C12	11174.9	0.520731	94840	16167.8	16167.3
C12	11174.9	0.595427	96945.6	17705.9	17704.4
C13	12109.5	0.619415	85103.1	9636.75	9635.63
proton	938.272	46.6095	88618.4	10603.7	10289.4
He3	2808.39	4.4993	88618.4	10603.7	10289.4
alpha	3727.38	7.03505	88618.4	10603.7	10289.4
alpha	3727.38	3.90934	88618.4	10603.7	10289.4
C12	11174.9	0.566523	81128.5	4499.24	4497.84
C12	11174.9	0.748405	89890.4	13003.5	13002.6
C12	11174.9	0.690807	99836.4	19585.6	19584.4
C12	11174.9	0.581993	97043.5	17374	17373.4
neutron	939.565	153.3	86533.7	9860.19	9605.58
neutron	939.565	54.3845	86533.7	9860.19	9605.58
proton	938.272	3.53125	86533.7	9860.19	9605.58
proton	938.272	2.00812	86533.7	9860.19	9605.58
alpha	3727.38	2.46436	86533.7	9860.19	9605.58
alpha	3727.38	3.05413	86533.7	9860.19	9605.58
C12	11174.9	0.430786	83760.6	7854.62	7854.15
C12	11174.9	0.343023	74899.3	1722.55	1721.88
C12	11174.9	0.594989	91573.4	13664.5	13663.6
C12	11174.9	0.790879	86707.7	9452.66	9451.78
C12	11174.9	0.349551	94931.8	15932.3	15931.9
proton	938.272	68.8089	87829.9	11440.9	11131.8
neutron	939.565	5.85589	87829.9	11440.9	11131.8
Be10	9325.5	0.859762	87829.9	11440.9	11131.8
C12	11174.9	0.599164	90326.2	12339.6	12338.5
C12	11174.9	0.821771	83664.3	7586.67	7585.49
C12	11174.9	2.73767	79332.6	4850.95	4848.06
neutron	939.565	534.615	95449.2	16598.6	15070.9
proton	938.272	2.63683	95449.2	16598.6	15070.9
B10	9324.44	0.991815	95449.2	16598.6	15070.9
C12	11174.9	1.59828	85856	8965.05	8962.54
C12	11174.9	0.43402	80329	4805.93	4805
C12	11174.9	0.364857	99338.3	18705.6	18705
neutron	939.565	444.463	83071.2	6630.03	5526.58
neutron	939.565	69.8275	83071.2	6630.03	5526.58
proton	938.272	12.445	83071.2	6630.03	5526.58
proton	938.272	5.01141	83071.2	6630.03	5526.58
Be8	7454.85	0.210396	83071.2	6630.03	5526.58
C12	11174.9	0.345493	94995.3	15936.5	15936.2
C12	11174.9	0.51522	86447.9	10311.7	10311.1
neutron	939.565	681.753	90065	12695.2	11489.1
C11	10254	0.0520019	90065	12695.2	11489.1
C12	11174.9	0.739919	86922.5	10492.3	10490.7
C12	11174.9	0.525787	83579.7	7575.01	7573.14
C12	11174.9	0.384754	77912.7	4200.51	4199.91
C12	11174.9	0.78119	74340	1377.77	1376.75
proton	938.272	128.768	98276.1	13593.2	13188
neutron	939.565	122.451	98276.1	13593.2	13188
neutron	939.565	88.253	98276.1	13593.2	13188
proton	938.272	7.85715	98276.1	13593.2	13188
alpha	3727.38	5.50876	98276.1	13593.2	13188
alpha	3727.38	13.6163	98276.1	13593.2	13188
C12	11174.9	0.544038	95317.3	11590.2	11589.6
C12	11174.9	0.395219	98408.7	18608.5	18607.9
C12	11174.9	0.542888	97867.2	18204.5	18203.2
C12	11174.9	2.34452	76243	3094.61	3091.82
C12	11174.9	0.399674	92327.9	14173.3	14172.2
C12	11174.9	0.466922	91685.5	13794.3	13793.6
C12	11174.9	0.447837	99260.2	19137.6	19136.2
C12	11174.9	0.345481	94382	15650.4	15650
C12	11174.9	0.515773	97697.4	18150.9	18150.3
C12	11174.9	0.438033	92177.7	14495	14492.9
C12	11174.9	0.381413	76117.5	3581.39	3580.67
C12	11174.9	0.474029	97539.9	18147.5	18146.6
C12	11174.9	0.550048	99021.4	18601.4	18600.6
C12	11174.9	0.76519	79865.8	3564.83	3563.96
C12	11174.9	0.61733	91049.9	11577.8	11576.8
C12	11174.9	0.486257	90875.4	11466.2	11465.2
C12	11174.9	0.543506	76286.9	2985.04	2984.5
C12	11174.9	0.672778	99298.7	19220.3	19218.9
C12	11174.9	0.646332	83418.3	7117.61	7116.77
C12	11174.9	0.590909	79822.1	3899.18	3898.46
C12	11174.9	0.826996	88405.6	11655.4	11653.8
C12	11174.9	0.333595	86780.7	9733.29	9732.44
C12	11174.9	0.664102	80007.4	5292.79	5291.61
C12	11174.9	1.57961	75908.5	2289.29	2287.54
C12	11174.9	0.777437	87125.2	10597.5	10596.4
C12	11174.9	0.474859	81159.3	4215.74	4214.45
C12	11174.9	0.628938	95122.8	11564.8	11563.2
C12	11174.9	2.92713	85566.5	4993.93	4990.92
C12	11174.9	0.471397	90857.5	13010.3	13009.1
neutron	939.565	1272	98194.1	18401	16619
neutron	939.565	462.096	98194.1	18401	16619
proton	938.272	6.45118	98194.1	18401	16619
proton	938.272	1.78797	98194.1	18401	16619
Be8	7454.85	2.08401	98194.1	18401	16619
C12	11174.9	2.16738	85255	7510.03	7507.63
C12	11174.9	0.830921	90846.9	13441.3	13438.5
C12	11174.9	0.731618	89297.8	12242.1	12241.2
C12	11174.9	1.00377	96679.5	17412.4	17410.7
C12	11174.9	1.46368	79384.6	5343.56	5340.63
C12	11174.9	0.696868	82238.5	6820	6819.06
C12	11174.9	1.43434	75928.7	1298.07	1296.61
C12	11174.9	1.3852	94785.3	16288.6	16284.8
C12	11174.9	0.925366	98061.7	18416.1	18413.9
C12	11174.9	0.40083	76493.1	2724.83	2724.41
C12	11174.9	0.393149	95038.9	16345.3	16344.7
C12	11174.9	0.381354	73777.3	446.853	446.458
C12	11174.9	0.810881	98809.5	18823.6	18822.8
C12	11174.9	0.526569	74312.3	1531.89	1530.96
C12	11174.9	0.38256	82945.7	7401.2	7400.42
C12	11174.9	1.6879	77253.2	3632.88	3631.07
C12	11174.9	1.08229	98154.3	17543.8	17542.1
C12	11174.9	1.8552	77052.6	696.465	694.298
C12	11174.9	1.23784	78690.3	3712.59	3709.32
C12	11174.9	0.651943	75000	265.223	263.879
C12	11174.9	1.47308	78370.4	4339.44	4336.66
C12	11174.9	0.337763	86918.3	10343.5	10341.2
C12	11174.9	1.26696	89008.5	9478.72	9477.41
C12	11174.9	0.376552	78516	4578.22	4577.71
C12	11174.9	0.375105	94736.7	15770.2	15769.6
C12	11174.9	0.57524	80336.3	4382.21	4381.3
C12	11174.9	0.728859	85530.5	9341.8	9340.69
C12	11174.9	0.382888	97145.4	17285.4	17283.7
C12	11174.9	0.577295	72610.8	35.873	34.6167
proton	938.272	18.5527	95191.2	16381	10024.1
neutron	939.565	5.30033	95191.2	16381	10024.1
neutron	939.565	4.82251	95191.2	16381	10024.1
neutron	939.565	2.52587	95191.2	16381	10024.1
alpha	3727.38	2.55236	95191.2	16381	10024.1
alpha	3727.38	2.61272	95191.2	16381	10024.1
C12	11174.9	0.463138	72879	871.179	870.253
neutron	939.565	355.629	98988.9	19026.5	5542.23
proton	938.272	1408.68	98988.9	19026.5	5542.23
proton	938.272	113.577	98988.9	19026.5	5542.23
alpha	3727.38	8.11571	98988.9	19026.5	5542.23
proton	938.272	28.2194	98988.9	19026.5	5542.23
triton	2808.92	29.0749	98988.9	19026.5	5542.23
proton	938.272	78.6962	98988.9	19026.5	5542.23
C12	11174.9	0.608728	86644.1	9454.95	9453.66
C12	11174.9	0.90491	85991.7	8227.01	8224.67
C12	11174.9	0.726167	90436	12710.3	12709.4
C12	11174.9	1.27199	78184.2	4251.43	4249.98
C12	11174.9	0.813383	76299.9	1341.5	1340.64
C12	11174.9	0.338183	75016.1	554.279	553.823
neutron	939.565	948.867	93573.2	14160.7	11191.6
proton	938.272	166.065	93573.2	14160.7	11191.6
neutron	939.565	60.8874	93573.2	14160.7	11191.6
neutron	939.565	13.8376	93573.2	14160.7	11191.6
proton	938.272	13.3144	93573.2	14160.7	11191.6
triton	2808.92	3.79042	93573.2	14160.7	11191.6
alpha	3727.38	9.65736	93573.2	14160.7	11191.6
C12	11174.9	0.428906	74215.3	917.444	916.987
C12	11174.9	0.433908	99862.6	19597.7	19596.9
C12	11174.9	0.877362	81543.1	5219.2	5218.1
C12	11174.9	0.420658	93415	14104.1	14103.6
C12	11174.9	0.38561	94735.5	15749.7	15748.4
C12	11174.9	0.563397	73964.6	359.485	358.753
proton	938.272	131.238	92321	13476.8	13003.4
C11	10254	0.703063	92321	13476.8	13003.4
C12	11174.9	0.400654	81465.8	5143.22	5142.82
C12	11174.9	0.660072	97093.5	17549.8	17547.6
C12	11174.9	0.382966	77468.1	409.549	409.042
C12	11174.9	0.351309	92664.1	14262.7	14262.3
C12	11174.9	0.374199	99031.7	19033.1	19032.6
C12	11174.9	0.335373	86901.2	9877.27	9876.87
proton	938.272	181.358	82612.1	7152.04	6819.82
proton	938.272	110.47	82612.1	7152.04	6819.82
Be10	9325.5	7.77687	82612.1	7152.04	6819.82
C12	11174.9	0.865481	82425.5	5832.96	5832.02
neutron	939.565	101.845	74727.7	707.42	383.155
B11	10252.5	0.0461772	74727.7	707.42	383.155
C12	11174.9	0.447462	88468.5	11519.6	11518.5
C12	11174.9	0.670258	77525.4	4120.94	4120.23
C12	11174.9	0.340412	90777.6	12979.4	12978.6
C12	11174.9	0.474417	88706.3	11304.6	11303.3
proton	938.272	567.789	91780.4	12713	10838.7
alpha	3727.38	2.80773	91780.4	12713	10838.7
Li7	6533.83	1.50513	91780.4	12713	10838.7
C12	11174.9	0.416269	74058	1314.27	1313.84
C12	11174.9	0.46115	97623.7	17888.4	17887.2
C12	11174.9	0.496923	95199.1	16124.1	16123.3
alpha	3727.38	8.56525	91499	13774.6	13438.9
alpha	3727.38	4.63313	91499	13774.6	13438.9
alpha	3727.38	5.15394	91499	13774.6	13438.9
C12	11174.9	0.462696	82547.6	3482.9	3482.26
C12	11174.9	1.51323	88820.3	11834	11832.2
C12	11174.9	0.851971	83102.4	7300.33	7299.28
C12	11174.9	0.434955	86460.9	9604.24	9603.76
C12	11174.9	0.590354	89172	10948.5	10947.4
C12	11174.9	0.605965	85817.5	8040.19	8038.18
C12	11174.9	0.375604	80814.1	5185.18	5184.78
C12	11174.9	0.419711	84475.4	8328.61	8327.47
neutron	939.565	405.528	87759.5	11027.2	10179.9
neutron	939.565	392.93	87759.5	11027.2	10179.9
proton	938.272	0.365849	87759.5	11027.2	10179.9
alpha	3727.38	7.21732	87759.5	11027.2	10179.9
Li5	4667.62	2.35317	87759.5	11027.2	10179.9
C12	11174.9	3.74809	94341.2	15681.9	15676.4
C12	11174.9	0.332737	92801.2	14792.1	14788.4
neutron	939.565	111.314	82680.4	7764.94	7390.86
C11	10254	0.249853	82680.4	7764.94	7390.86
C12	11174.9	0.446119	93933.9	14987.2	14986.5
C12	11174.9	1.60247	95702	16658.9	16655.3
neutron	939.565	36.1838	78172.4	2073.88	1614.59
proton	938.272	3.21843	78172.4	2073.88	1614.59
Be10	9325.5	1.23625	78172.4	2073.88	1614.59
C12	11174.9	0.376906	90438.7	13074.6	13073.9
C12	11174.9	2.04191	87673.1	11297.9	11294.7
C12	11174.9	0.362537	92159.2	14137.1	14136.7
C12	11174.9	0.689113	72350.9	315.133	312.942
C12	11174.9	0.352139	76532	2338.27	2337.82
C12	11174.9	0.537907	77460.9	2216.18	2214.96
C12	11174.9	0.51897	99565.4	19410.9	19410.2
neutron	939.565	153.188	99855.6	19579.1	19242.3
neutron	939.565	138.591	99855.6	19579.1	19242.3
proton	938.272	3.97951	99855.6	19579.1	19242.3
proton	938.272	1.50564	99855.6	19579.1	19242.3
Be8	7454.85	3.08773	99855.6	19579.1	19242.3
C12	11174.9	0.656162	75220.3	2084	2083.21
C12	11174.9	0.795915	97585.2	17848.8	17847.9
C12	11174.9	0.364834	95245.9	15862.1	15861.4
C12	11174.9	1.70078	85712.2	7710.31	7707.31
C12	11174.9	0.481253	77925.6	2671.79	2671.1
C13	12109.5	0.608565	95719	16813.7	16813
C12	11174.9	0.381837	82810.4	7578.05	7576.82
C12	11174.9	0.606955	79621.1	2013.59	2012.78
C12	11174.9	0.416638	96677	16948.4	16947.8
C12	11174.9	3.01537	86230	7021.21	7015.53
C12	11174.9	1.64029	91721.7	14017.9	14015.8
C12	11174.9	2.02856	82258.6	5093.18	5091.09
C12	11174.9	0.712645	97166.5	17863.5	17862.4
C12	11174.9	0.333829	76271.5	2473.13	2471.21
C13	12109.5	0.467208	81543.4	4316.48	4315.24
C12	11174.9	3.94535	99878.1	19489.4	19485.4
C12	11174.9	0.839932	81295.4	6459.73	6458.87
C12	11174.9	0.687749	81471.9	4819.34	4818.06
C12	11174.9	0.662119	81811.8	6684.69	6683.74
proton	938.272	212.159	80213.8	5684.75	5382.5
neutron	939.565	46.5418	80213.8	5684.75	5382.5
deuteron	1875.61	3.64668	80213.8	5684.75	5382.5
Be8	7454.85	3.76489	80213.8	5684.75	5382.5
C12	11174.9	0.698961	79836.2	5173.02	5172.28
C12	11174.9	0.345839	91490.9	13435.9	13435.4
C12	11174.9	0.434296	77813.8	2442.39	2441.58
C12	11174.9	0.60445	82150.3	6571.2	6570.03
C12	11174.9	0.398952	83041.4	7758.84	7757.58
C12	11174.9	0.429669	74809.5	2232.49	2231.48
C12	11174.9	0.456427	82724.1	8008.21	8007.58
C12	11174.9	0.7708	89159.5	10852.7	10851.2
C12	11174.9	1.22683	88985.1	10429.6	10428.3
C12	11174.9	0.601986	88307.2	11222.4	11221.6
C12	11174.9	0.685608	92587.9	14576.3	14575.3
C12	11174.9	0.472711	84813.8	8881.26	8880.72
C12	11174.9	0.465911	85031.5	7609.44	7608.89
C12	11174.9	0.400909	84868.2	7247.59	7246.63
C12	11174.9	0.721991	82475.4	7741.02	7738.96
C12	11174.9	0.600023	75641.3	3295.97	3294.85
C12	11174.9	0.33913	98019.1	18362.9	18362.3
C12	11174.9	0.771171	92595.2	12535.4	12533.9
C12	11174.9	0.888923	96551.6	17347.2	17346.2
C12	11174.9	0.668733	79772.3	4894.31	4893.22
C12	11174.9	0.426598	98488.5	18384.8	18384
C12	11174.9	1.87632	76495.7	2608.23	2606.33
proton	938.272	1993.15	89793.8	12591.3	9850.54
proton	938.272	669.629	89793.8	12591.3	9850.54
neutron	939.565	9.33599	89793.8	12591.3	9850.54
neutron	939.565	7.71457	89793.8	12591.3	9850.54
neutron	939.565	3.97724	89793.8	12591.3	9850.54
alpha	3727.38	13.291	89793.8	12591.3	9850.54
alpha	3727.38	2.36193	89793.8	12591.3	9850.54
C12	11174.9	0.60333	96783.8	17443.2	17442.4
C12	11174.9	0.355447	75472.3	2076.4	2076.03
C12	11174.9	0.658819	82269.8	6494.02	6493.3
C12	11174.9	0.720674	95223	16489.9	16487.2
C12	11174.9	0.824858	92840.2	13795	13794
C12	11174.9	0.415792	85740.5	6424.05	6423.42
C12	11174.9	0.386243	84981.2	8621.29	8620.81
C12	11174.9	1.23392	93392.6	14328.5	14327.2
C12	11174.9	1.09862	95460.1	16542.2	16540.5
C12	11174.9	1.16907	98361	15929.5	15927.1
C12	11174.9	0.666244	78317.5	3362.39	3361.17
C12	11174.9	0.628328	83816.6	8262.81	8260.61
C12	11174.9	0.77007	95870.9	16681.5	16680.5
C12	11174.9	0.683411	87312	10593.8	10593
C12	11174.9	0.451903	76358.1	2368.21	2367.61
C12	11174.9	0.456907	80652.7	4418.18	4414.86
C12	11174.9	14.8581	96218.8	16875.8	16860.8
C12	11174.9	0.542139	96774.4	17362.8	17361.7
C12	11174.9	0.49787	99990.2	19663.7	19663.2
neutron	939.565	112.886	97982.5	18363.3	17946.6
B11	10252.5	3.50558	97982.5	18363.3	17946.6
C12	11174.9	0.377643	97291.7	17792.2	17790.4
C12	11174.9	0.35877	75468.7	3154.93	3154.34
C12	11174.9	0.829223	81953.2	5469.02	5468.03
C12	11174.9	0.405048	76056.6	1465.31	1464.22
C12	11174.9	0.827694	75916.9	1362.88	1361.57
C12	11174.9	1.56634	90586.3	11688.5	11686.2
C12	11174.9	0.886123	90647.7	12758.2	12756.6
C12	11174.9	1.99338	81034.8	5574.52	5571.63
C12	11174.9	2.8401	79142.6	4259.35	4255.66
C12	11174.9	0.72706	75623.5	1903.38	1901.92
C12	11174.9	0.707377	91279	12172.6	12171.7
C12	11174.9	0.788647	95247.8	14888.1	14887.1
C12	11174.9	0.482832	77197.2	3737.09	3736.28
C12	11174.9	7.07649	73761	1434.85	1427.75
C12	11174.9	0.379175	71686.3	259.28	258.24
C12	11174.9	0.348652	82082.7	3097.61	3096.99
neutron	939.565	2249.23	95668.8	14171.8	11478.2
neutron	939.565	335.85	95668.8	14171.8	11478.2
proton	938.272	23.4817	95668.8	14171.8	11478.2
proton	938.272	8.16533	95668.8	14171.8	11478.2
proton	938.272	6.42656	95668.8	14171.8	11478.2
triton	2808.92	8.03493	95668.8	14171.8	11478.2
alpha	3727.38	5.06598	95668.8	14171.8	11478.2
C13	12109.5	0.453883	97624.9	18040.6	18040.1
proton	938.272	165.278	96239.5	17061.4	16562.6
proton	938.272	3.11116	96239.5	17061.4	16562.6
B10	9324.44	1.60214	96239.5	17061.4	16562.6
neutron	939.565	1620.67	89737.2	11765.5	8616.65
proton	938.272	8.26524	89737.2	11765.5	8616.65
deuteron	1875.61	12.4648	89737.2	11765.5	8616.65
alpha	3727.38	6.517	89737.2	11765.5	8616.65
alpha	3727.38	5.37601	89737.2	11765.5	8616.65
C12	11174.9	0.680407	88316.6	11920.5	11918.8
C12	11174.9	0.34202	82914.1	5567.42	5566.14
C12	11174.9	0.359168	91387.1	12231.6	12230.5
neutron	939.565	195.195	97367.7	17680	17263.2
neutron	939.565	173.27	97367.7	17680	17263.2
proton	938.272	6.19183	97367.7	17680	17263.2
proton	938.272	1.1118	97367.7	17680	17263.2
Be8	7454.85	0.922067	97367.7	17680	17263.2
C12	11174.9	0.676055	73308.2	1144.94	1144.05
C12	11174.9	0.461098	78612.2	3942.47	3941.99
C12	11174.9	1.06392	95606.8	16720.4	16718.3
C12	11174.9	0.625471	74451.7	469.91	469.029
C12	11174.9	0.95557	91706.3	13948.3	13946.5
C12	11174.9	0.454581	89364.9	12421.7	12421.2
C12	11174.9	0.333331	72191.1	1055.85	1054.33
C12	11174.9	1.17264	84567.1	8023.24	8021.8
C12	11174.9	0.490115	82297.2	6363.19	6362.41
C12	11174.9	0.473675	94374.8	15670.1	15668.9
C12	11174.9	1.33694	83547	7243.98	7242.55
neutron	939.565	1147.85	95986.9	16148.6	14779.9
proton	938.272	178.781	95986.9	16148.6	14779.9
deuteron	1875.61	3.09646	95986.9	16148.6	14779.9
alpha	3727.38	3.68219	95986.9	16148.6	14779.9
alpha	3727.38	1.26545	95986.9	16148.6	14779.9
C12	11174.9	0.431244	82802.7	3868.16	3867.71
C12	11174.9	0.466062	79762.2	5527.39	5526.12
C12	11174.9	0.42207	87335.2	10616.6	10615.3
C12	11174.9	0.373823	89283.1	12617	12615.7
C12	11174.9	0.340825	95063.2	12373.7	12372.2
C12	11174.9	0.406779	90412.3	12959.3	12958.6
C12	11174.9	0.616566	82605.1	7155.65	7153.66
C12	11174.9	1.08313	78197.5	3586.87	3584.67
C12	11174.9	0.759753	75815.8	1753.7	1752.71
C12	11174.9	0.5402	90229.2	12908.5	12906.6
C12	11174.9	1.93997	88789.3	10428.1	10425.5
C12	11174.9	0.853942	86630.4	8801.86	8800.56
C12	11174.9	0.508579	96230.7	16472	16470
C12	11174.9	0.461873	82431.8	5955.32	5954.78
proton	938.272	1171.49	94109.1	15600.2	13550.1
neutron	939.565	156.156	94109.1	15600.2	13550.1
neutron	939.565	106.309	94109.1	15600.2	13550.1
neutron	939.565	8.81546	94109.1	15600.2	13550.1
proton	938.272	2.88171	94109.1	15600.2	13550.1
Li7	6533.83	0.0853412	94109.1	15600.2	13550.1
C12	11174.9	0.603669	80542.4	3085.04	3083.97
neutron	939.565	423.778	90916.4	12285.5	10995.9
proton	938.272	60.8462	90916.4	12285.5	10995.9
deuteron	1875.61	1.6018	90916.4	12285.5	10995.9
alpha	3727.38	6.87964	90916.4	12285.5	10995.9
alpha	3727.38	6.70714	90916.4	12285.5	10995.9
C12	11174.9	0.5548	91747.5	13936.8	13935.2
C12	11174.9	0.598629	87183.2	10374	10373.1
C12	11174.9	0.556332	88007.9	11288	11287.3
C12	11174.9	0.443235	97613.6	18143.1	18142
C12	11174.9	0.333209	88378.1	11578.4	11577.5
C12	11174.9	0.587011	86625.7	10253.5	10252.8
C12	11174.9	0.37373	76429.5	2997.43	2996.07
C12	11174.9	0.445341	98410.8	18547.3	18546.7
C12	11174.9	0.547825	88133.1	10932.3	10931.3
C12	11174.9	0.778179	97179.6	17835.8	17835
C12	11174.9	0.466345	90552.9	12655.9	12655
C12	11174.9	1.42092	81024.9	5553.36	5551.68
C12	11174.9	0.555654	96890.4	17161.3	17160.6
C12	11174.9	0.377043	92531.4	14492.2	14491.5
C12	11174.9	0.6316	82041.7	6104.03	6102.67
proton	938.272	570.128	99742.3	19523.7	18201.7
proton	938.272	4.26724	99742.3	19523.7	18201.7
Be10	9325.5	0.274192	99742.3	19523.7	18201.7
C12	11174.9	1.4564	93682.1	13720.8	13719.2
C12	11174.9	0.744708	97584.3	17880.1	17879.1
C12	11174.9	0.368893	87745.3	10426.5	10426
C12	11174.9	0.42875	74097.1	318.354	316.909
C12	11174.9	0.423985	73301.5	515.785	514.252
C12	11174.9	0.370365	82805.3	7387.39	7386.88
C12	11174.9	0.893345	82157.8	6887.91	6886.59
C12	11174.9	0.54301	78728.2	4635.31	4634.03
C12	11174.9	1.10847	85838.4	9763.25	9761.05
C12	11174.9	0.487887	92413.6	12680.6	12679.8
C12	11174.9	0.69066	83372	8072.82	8070.27
C12	11174.9	0.405307	97930.4	17611.2	17610.7
neutron	939.565	1.27775	99534.9	19396.5	19136.1
neutron	939.565	1.16496	99534.9	19396.5	19136.1
deuteron	1875.61	18.9152	99534.9	19396.5	19136.1
Be8	7454.85	0.671566	99534.9	19396.5	19136.1
neutron	939.565	36.9376	93361	14512.3	14247.2
B11	10252.5	1.91082	93361	14512.3	14247.2
C12	11174.9	0.357938	95186.2	16097.4	16096.7
C12	11174.9	2.37295	86229.1	9751.36	9748.89
C12	11174.9	0.809164	75743.5	2214.81	2213.91
C12	11174.9	0.345454	76867.6	1916.97	1916.58
C12	11174.9	1.3191	94084.9	15464.6	15462.7
C12	11174.9	0.534267	92752.2	14675.5	14674.9
C13	12109.5	0.965517	94787.9	16100.2	16099
C12	11174.9	0.874568	99126.4	19030.1	19029.1
C12	11174.9	0.416199	92827.3	14203	14202.6
C12	11174.9	4.8281	84594.2	8230.38	8225.43
C12	11174.9	1.9285	98682	18800.7	18798.7
C12	11174.9	0.515697	88263.5	11166.6	11166
C12	11174.9	0.982279	81027.2	5991.22	5990.07
C12	11174.9	0.376923	77667.5	3512.46	3511.77
C13	12109.5	0.339294	97829.1	17922.9	17920.1
C12	11174.9	1.95086	90655.1	12857.9	12855.7
C12	11174.9	2.04676	87723.2	10147.6	10145.1
C12	11174.9	0.510503	78704.2	3384.2	3383.34
C12	11174.9	0.596527	84373.5	8429.71	8427.11
C12	11174.9	0.955216	85216.5	8511.88	8510.9
C12	11174.9	0.56268	96573.1	16488.4	16487.7
C12	11174.9	0.620847	94163	15603.2	15602.5
C12	11174.9	1.44956	91082.8	13455.5	13454
proton	938.272	447.913	96879.8	17136.1	16399.7
neutron	939.565	243.234	96879.8	17136.1	16399.7
alpha	3727.38	5.65166	96879.8	17136.1	16399.7
Li6	5601.52	6.46809	96879.8	17136.1	16399.7
C12	11174.9	0.346832	92397.6	14299.3	14298.5
C12	11174.9	0.46965	90003.3	11811.6	11810.9
C12	11174.9	1.00162	81714.1	6725.45	6723.48
C12	11174.9	0.354585	87753.5	10756.6	10756.1
neutron	939.565	125.56	92821.9	14527.2	13503.8
alpha	3727.38	2.83421	92821.9	14527.2	13503.8
Li7	6533.83	1.57004	92821.9	14527.2	13503.8
proton	938.272	21.8594	89383.7	11134.1	10805.5
proton	938.272	2.08493	89383.7	11134.1	10805.5
deuteron	1875.61	16.7719	89383.7	11134.1	10805.5
Be8	7454.85	3.44499	89383.7	11134.1	10805.5
C12	11174.9	0.493391	83844.6	7887.83	7886.76
C12	11174.9	0.429972	80665.9	4520.51	4519.98
C12	11174.9	0.373832	98461	18407.2	18406.2
C12	11174.9	1.01509	90054.3	12392.5	12391.2
C12	11174.9	0.353364	84738.3	7529.47	7529.12
C12	11174.9	0.343798	71089.6	821.805	820.434
C12	11174.9	0.799717	86444.3	9767.46	9766.49
C12	11174.9	0.501933	77698	2257.2	2255.66
C12	11174.9	0.704705	90868.8	12599.2	12597.8
neutron	939.565	42.2609	97013.5	17466.6	17138.7
C11	10254	1.81843	97013.5	17466.6	17138.7
C12	11174.9	0.410716	92387.8	11740.4	11740
C12	11174.9	1.37266	75978.3	670.344	668.816
C12	11174.9	0.376939	99221.2	19175.5	19175
C12	11174.9	0.437225	77768	3498.16	3497.71
C12	11174.9	0.754862	97677	18208	18206.7
C12	11174.9	0.345546	80636.5	5532.34	5531.77
neutron	939.565	143.994	85042.7	7708.6	7415.93
neutron	939.565	103.686	85042.7	7708.6	7415.93
proton	938.272	3.35048	85042.7	7708.6	7415.93
proton	938.272	2.78991	85042.7	7708.6	7415.93
Be8	7454.85	2.02849	85042.7	7708.6	7415.93
C12	11174.9	0.455242	89764	12569.5	12569
C12	11174.9	0.473184	85691.4	9404.09	9403.52
C12	11174.9	0.523421	84078.2	8588.96	8588.13
C12	11174.9	1.04978	88989	10562.9	10561.1
C12	11174.9	0.892386	73191.4	275.884	273.406
C12	11174.9	0.340354	87574.3	11438.1	11437.5
neutron	939.565	162.639	80970.2	5813.9	4507.24
proton	938.272	6.86546	80970.2	5813.9	4507.24
neutron	939.565	0.0298657	80970.2	5813.9	4507.24
Be9	8392.75	2.37678	80970.2	5813.9	4507.24
C12	11174.9	0.797976	79490.8	4133.38	4132.09
C12	11174.9	4.21433	84990.5	8851.5	8847.17
C12	11174.9	0.523956	95008	15904.1	15903
proton	938.272	2.64518	78181.9	3100.19	2874.62
deuteron	1875.61	16.538	78181.9	3100.19	2874.62
Be9	8392.75	1.49003	78181.9	3100.19	2874.62
C12	11174.9	0.932411	75674.7	1125.7	1124.73
C12	11174.9	0.517466	88959.5	7438.7	7438.09
C12	11174.9	0.360138	77454.3	3484.7	3484.25
C12	11174.9	0.473292	83007.7	6139.23	6137.38
C12	11174.9	0.423612	83208.1	7560.28	7559.43
C12	11174.9	0.502774	73669.8	96.156	95.2588
C12	11174.9	0.404366	80659	5699.87	5699.21
C13	12109.5	0.831559	86494.6	9542.65	9541.56
C12	11174.9	0.507318	95373.1	16381.1	16379.8
C12	11174.9	1.08203	88289.2	11696.5	11694.9
C12	11174.9	0.343456	94308.5	15000.3	14999.7
C12	11174.9	1.01156	90940.5	10348.1	10346.6
C12	11174.9	0.419935	73544.1	1738.87	1737.84
C12	11174.9	0.618837	86680.4	10027	10026.1
C12	11174.9	0.435946	88662.2	11394.9	11394
C12	11174.9	0.445168	81683.2	5791.46	5790.17
C12	11174.9	7.95987	97518.5	17685.5	17677.2
C12	11174.9	0.44595	89343.9	9499.97	9498.06
C12	11174.9	0.801452	86875.4	10205.6	10204.8
C12	11174.9	0.662658	94536.8	14657.5	14656.5
C12	11174.9	0.374162	94930.9	15611	15610.4
proton	938.272	64.7862	78999.3	3960.93	3501.29
neutron	939.565	26.1521	78999.3	3960.93	3501.29
neutron	939.565	3.40809	78999.3	3960.93	3501.29
neutron	939.565	1.1678	78999.3	3960.93	3501.29
deuteron	1875.61	12.9878	78999.3	3960.93	3501.29
deuteron	1875.61	4.8614	78999.3	3960.93	3501.29
alpha	3727.38	3.86401	78999.3	3960.93	3501.29
C12	11174.9	1.35823	89254.7	9385.52	9384.03
proton	938.272	32.1494	78761.9	1037.03	786.944
C11	10254	0.816244	78761.9	1037.03	786.944
C12	11174.9	0.457599	86565.1	10623.8	10623.1
C12	11174.9	0.424559	98937.9	19045.3	19044.2
C12	11174.9	0.567608	86898.4	10308.6	10308
neutron	939.565	75.2837	84280.8	8208.36	7171.74
proton	938.272	7.91383	84280.8	8208.36	7171.74
neutron	939.565	0.918654	84280.8	8208.36	7171.74
deuteron	1875.61	4.8577	84280.8	8208.36	7171.74
Be7	6534.18	5.10574	84280.8	8208.36	7171.74
C12	11174.9	0.36851	81695.1	5258.05	5256.35
neutron	939.565	1.79545	90630.5	12933.7	12561.5
neutron	939.565	1.70852	90630.5	12933.7	12561.5
deuteron	1875.61	6.98817	90630.5	12933.7	12561.5
Be8	7454.85	1.06039	90630.5	12933.7	12561.5
C12	11174.9	0.378464	99430.2	19325.7	19325.1
C12	11174.9	0.687519	81162.9	6189	6188.28
neutron	939.565	137.968	92178.7	13770.7	13315.9
B11	10252.5	1.34559	92178.7	13770.7	13315.9
C12	11174.9	0.448818	85077.5	8363.89	8362.91
C12	11174.9	0.576726	78060.9	1240.87	1240.13
C12	11174.9	0.362285	82629.8	6677.83	6676.33
C12	11174.9	0.509325	92904.8	14771	14770.2
C12	11174.9	0.343326	88597.4	11417.3	11417
C12	11174.9	1.1677	88459.5	11424	11421.8
C12	11174.9	0.406269	74100.5	663.287	662.52
C12	11174.9	1.21057	87634.9	10847.3	10845.9
C12	11174.9	2.01046	78883.6	4314.03	4311.77
C12	11174.9	1.15761	73564.1	923.805	922.615
proton	938.272	534.822	99536.7	19336.9	18501.2
neutron	939.565	256.152	99536.7	19336.9	18501.2
proton	938.272	3.47571	99536.7	19336.9	18501.2
neutron	939.565	1.92266	99536.7	19336.9	18501.2
Be8	7454.85	2.00131	99536.7	19336.9	18501.2
C12	11174.9	0.434373	77697.2	1581.3	1580.32
C12	11174.9	0.3435	75703	1872.47	1872.04
C12	11174.9	0.396678	94668	15858.1	15857.5
C12	11174.9	0.349692	87484.4	10194.1	10193.3
C12	11174.9	0.368268	93246.3	13365.7	13365
C12	11174.9	0.997427	97691.5	17966.7	17965.4
proton	938.272	101.943	99684.1	19465.1	19243.5
neutron	939.565	30.8365	99684.1	19465.1	19243.5
neutron	939.565	21.1733	99684.1	19465.1	19243.5
proton	938.272	5.77072	99684.1	19465.1	19243.5
alpha	3727.38	10.1214	99684.1	19465.1	19243.5
alpha	3727.38	4.76969	99684.1	19465.1	19243.5
C12	11174.9	0.424669	89304	12267	12265.8
C12	11174.9	0.37107	91681.1	13295.4	13294.9
C12	11174.9	0.349005	80316.2	3144.35	3142.75
C12	11174.9	0.916473	82608.6	5316.84	5315.29
C13	12109.5	0.501417	90655.5	13417.9	13416.9
C12	11174.9	0.610715	85799.2	8527.89	8527.07
C12	11174.9	0.787827	93699.8	15351.1	15348.5
C12	11174.9	0.480565	81818.2	4941.03	4939.79
C12	11174.9	0.353911	79745.7	3526.37	3525.76
C12	11174.9	0.868566	87410.5	10628.8	10627.9
neutron	939.565	5.30579	78240.9	1690.28	1475.48
triton	2808.92	4.42932	78240.9	1690.28	1475.48
alpha	3727.38	3.43103	78240.9	1690.28	1475.48
alpha	3727.38	9.64931	78240.9	1690.28	1475.48
C12	11174.9	1.04951	89956.5	13075.6	13073.1
C12	11174.9	0.466092	97118.7	16522.1	16521.5
C12	11174.9	0.518571	75478.7	1110.84	1109.9
C12	11174.9	0.44692	93958.5	15406.6	15406.1
C12	11174.9	0.446381	80016.5	5673.93	5673.28
C12	11174.9	0.657983	72876.6	89.7314	89.0286
C12	11174.9	0.334012	80594.9	5731.04	5729.8
C12	11174.9	2.06054	86447.4	9847.63	9845.09
C12	11174.9	0.382242	85722.2	9055.53	9055.11
C12	11174.9	0.445183	96136	16613.1	16612.2
C12	11174.9	0.393012	81809.9	6550.41	6549.84
C12	11174.9	0.427333	83443.2	8679.65	8678.8
C12	11174.9	0.565131	99572.1	19435.3	19433.3
C12	11174.9	0.803318	85299.9	9512.66	9511.82
C12	11174.9	0.530052	84289.9	6883.32	6882.75
C12	11174.9	1.05051	91675.6	12984.3	12983.2
C12	11174.9	0.405702	96677.3	17430	17427.4
C12	11174.9	0.606565	88600.8	11942.8	11941.1
C12	11174.9	0.532496	83754.1	8474.91	8474.22
C12	11174.9	1.4487	88722.3	11038.1	11036.4
C12	11174.9	0.578733	97812.7	18170.7	18169.6
C12	11174.9	0.368557	85533.7	9434.59	9434.15
neutron	939.565	344.999	90687.8	13430.2	12704.2
proton	938.272	336.053	90687.8	13430.2	12704.2
proton	938.272	4.37122	90687.8	13430.2	12704.2
neutron	939.565	2.14692	90687.8	13430.2	12704.2
Be8	7454.85	1.6329	90687.8	13430.2	12704.2
C12	11174.9	2.16488	93787.3	15029.4	15027.1
C12	11174.9	0.375952	87557.6	10852.8	10852.4
C12	11174.9	0.713917	79424.8	5691.37	5690.46
neutron	939.565	2515.39	94600.4	15409.6	8410.61
neutron	939.565	145.438	94600.4	15409.6	8410.61
neutron	939.565	61.2464	94600.4	15409.6	8410.61
neutron	939.565	51.8495	94600.4	15409.6	8410.61
neutron	939.565	19.7907	94600.4	15409.6	8410.61
proton	938.272	19.302	94600.4	15409.6	8410.61
proton	938.272	14.2424	94600.4	15409.6	8410.61
proton	938.272	8.25169	94600.4	15409.6	8410.61
alpha	3727.38	12.9086	94600.4	15409.6	8410.61
C12	11174.9	5.63798	95710.4	16842.3	16836.3
C12	11174.9	3.58029	84308.1	8631.06	8627.24
C12	11174.9	0.336642	84503	8541.58	8541.14
C12	11174.9	0.68812	76070.7	2538.72	2535.47
C12	11174.9	0.490869	85287.7	7731.43	7730.55
C12	11174.9	2.79614	77014	1905.51	1902.59
C12	11174.9	0.637629	91722.2	13220.7	13218.7
proton	938.272	2194.88	87039.8	10156.8	5772.65
proton	938.272	2109	87039.8	10156.8	5772.65
neutron	939.565	11.9338	87039.8	10156.8	5772.65
neutron	939.565	4.0598	87039.8	10156.8	5772.65
alpha	3727.38	7.41527	87039.8	10156.8	5772.65
alpha	3727.38	9.25996	87039.8	10156.8	5772.65
C12	11174.9	0.526241	80889.4	1504.56	1503.94
C12	11174.9	0.776708	82492.6	6775.25	6773.61
C12	11174.9	0.42469	78729.6	2542.26	2540.61
C12	11174.9	0.336897	71201.4	353.981	353.45
C12	11174.9	0.332549	84707.2	8235.97	8235.33
C12	11174.9	0.503051	84197.5	7931.41	7930.64
C12	11174.9	0.468367	81959.3	7243.03	7242.47
C12	11174.9	0.52126	80599.8	5008.75	5007.52
C12	11174.9	1.13928	83242.9	6869.38	6867.61
C12	11174.9	0.668	89389.2	11997.2	11996.2
C12	11174.9	0.829707	73964	863.685	862.421
C12	11174.9	3.45095	97191.8	17946.7	17943.1
proton	938.272	527.733	87388.5	10223.7	9539.52
proton	938.272	116.344	87388.5	10223.7	9539.52
neutron	939.565	1.4286	87388.5	10223.7	9539.52
neutron	939.565	1.02874	87388.5	10223.7	9539.52
Be8	7454.85	0.685222	87388.5	10223.7	9539.52
C12	11174.9	0.362203	98136.8	18443.8	18443.3
C12	11174.9	0.394427	80456	5572.03	5570.98
C12	11174.9	0.3611	95359	16528.8	16527.3
C12	11174.9	2.02724	94921.7	16255.8	16253.5
C12	11174.9	0.474824	88273.3	7891.21	7890.62
C12	11174.9	0.38433	86452.7	6311.46	6310.93
C12	11174.9	0.339154	91304.9	13067.5	13067
C12	11174.9	0.388848	93185.6	14095	14094.4
C12	11174.9	0.789993	83295.4	4402.94	4401.66
C12	11174.9	0.398598	87648.9	10935.2	10934.8
C12	11174.9	0.766335	94033.4	15487.6	15485.8
C12	11174.9	0.384659	84197.5	8269.53	8269.11
C12	11174.9	0.518386	78471.7	543.891	542.816
C12	11174.9	0.554907	78417.9	4368.63	4367.98
neutron	939.565	6.20961	97745.8	18054.1	17708.6
triton	2808.92	6.37035	97745.8	18054.1	17708.6
Be8	7454.85	2.23647	97745.8	18054.1	17708.6
C12	11174.9	0.527836	94349.2	15588.2	15587
C12	11174.9	0.72637	83300.5	7768.85	7767.87
C12	11174.9	0.354184	73915	1176.44	1175.44
C12	11174.9	0.41174	91748.1	10350.3	10349.3
C12	11174.9	1.07202	78462.3	607.112	605.448
C12	11174.9	1.57955	89016.3	11341.7	11340
C12	11174.9	0.763352	90023.3	11813.7	11812.3
C12	11174.9	0.444144	90600.3	12279.7	12279.1
C12	11174.9	0.393526	81885.2	6792.05	6791.61
C12	11174.9	0.609009	84213	8733.85	8733.03
C12	11174.9	0.428236	77945.9	3231.47	3231.02
C12	11174.9	0.386941	85482.9	9248.94	9248.52
C12	11174.9	1.15582	81482.4	6217.89	6216.73
neutron	939.565	97.8854	94927	15851.4	15635.8
proton	938.272	58.4975	94927	15851.4	15635.8
deuteron	1875.61	5.22111	94927	15851.4	15635.8
alpha	3727.38	3.69965	94927	15851.4	15635.8
alpha	3727.38	10.5951	94927	15851.4	15635.8
C12	11174.9	0.364686	91146.2	13107.4	13107
C12	11174.9	1.77624	76589.1	2441.12	2439.29
C12	11174.9	0.524363	73077	578.045	577.225
C12	11174.9	0.853076	97239.7	17888.2	17887.3
C12	11174.9	0.623268	99062.4	18886.8	18885.3
C12	11174.9	0.466437	76749.2	1010.15	1009.47
C12	11174.9	0.418366	87697.2	10410	10409.4
C12	11174.9	0.655622	85305.2	8557.37	8553.49
C12	11174.9	0.348291	92678.4	14012.3	14011.9
C12	11174.9	0.343213	72754.3	152.87	152.159
C12	11174.9	0.393516	98078.4	18191.7	18190.9
C12	11174.9	0.467851	92370	13986.2	13985.6
C12	11174.9	1.20406	92081.5	14134.1	14132.1
C12	11174.9	0.416899	74059.9	1388.24	1386.81
C12	11174.9	0.770924	96614.9	17201.1	17200.2
C12	11174.9	0.46124	95589.5	16621.9	16621.3
C12	11174.9	1.00981	76776	3322.67	3320.79
C12	11174.9	0.539489	89826.3	11926.8	11926.1
C12	11174.9	2.44667	99000.1	19060.1	19057.5
C12	11174.9	1.80169	74588.5	2149.29	2147.24
C12	11174.9	0.771559	85619.3	9696.68	9695.02
neutron	939.565	354.167	97474	17809.8	17313.2
neutron	939.565	54.5494	97474	17809.8	17313.2
neutron	939.565	8.1383	97474	17809.8	17313.2
proton	938.272	5.6101	97474	17809.8	17313.2
proton	938.272	2.4959	97474	17809.8	17313.2
alpha	3727.38	0.57968	97474	17809.8	17313.2
He3	2808.39	11.6889	97474	17809.8	17313.2
C12	11174.9	0.733916	73590.5	504.26	502.9
neutron	939.565	110.098	91262	13768.8	13256.9
neutron	939.565	0.811996	91262	13768.8	13256.9
B10	9324.44	1.59111	91262	13768.8	13256.9
C12	11174.9	0.490505	89957.2	11497.8	11496.8
C12	11174.9	0.445986	89424.9	12292.7	12292.1
C12	11174.9	0.531228	87071.9	7713.97	7713.3
C12	11174.9	0.447125	94515.1	15750.3	15749.3
C12	11174.9	0.426096	77718.8	4344.18	4343.73
C12	11174.9	2.58879	88548.9	11870.8	11868.2
C12	11174.9	0.377809	92006.3	14462.5	14460.5
C12	11174.9	0.653813	88859.3	12168.1	12166
C12	11174.9	0.5312	87513	10827.6	10826.9
C12	11174.9	0.427246	82710.3	6975.28	6974.5
C12	11174.9	0.354216	94437.7	14998.1	14997.4
C12	11174.9	0.41164	86500.4	6868.46	6867.91
C12	11174.9	0.620761	87757	10645.5	10644.8
C12	11174.9	0.35653	90935.8	12063	12062.5
proton	938.272	2.58065	87940.5	9760.6	9522.46
B11	10252.5	2.67015	87940.5	9760.6	9522.46
C12	11174.9	0.514272	85115	8155.72	8154.88
C12	11174.9	1.28023	79243	3960.06	3957.11
C12	11174.9	0.959153	89410.6	10588.6	10587
C12	11174.9	0.444095	77446	3444.87	3444.03
neutron	939.565	614.89	99023.7	18874.1	17983.4
neutron	939.565	233.34	99023.7	18874.1	17983.4
proton	938.272	2.96924	99023.7	18874.1	17983.4
proton	938.272	1.03345	99023.7	18874.1	17983.4
Be8	7454.85	2.39345	99023.7	18874.1	17983.4
C12	11174.9	0.41531	78763	3888.4	3887.73
C12	11174.9	0.397565	98786.1	18597	18595.8
C12	11174.9	0.38791	86091.9	9486.96	9485.09
C12	11174.9	0.839752	93689.2	15551.6	15550.6
C12	11174.9	0.654462	95598.8	13538	13537.2
C12	11174.9	1.31758	73472.1	794.134	792.808
C12	11174.9	0.408086	83287.4	7322.24	7320.9
C12	11174.9	0.410829	94839.5	15743.1	15742.5
C12	11174.9	0.35265	91464.6	13491.4	13491
C12	11174.9	0.79157	90864.7	12558.7	12557.4
C12	11174.9	1.97016	99984.5	19676.1	19672.2
proton	938.272	146.358	96998.6	17666.1	17184.9
neutron	939.565	72.3384	96998.6	17666.1	17184.9
proton	938.272	53.245	96998.6	17666.1	17184.9
proton	938.272	22.8156	96998.6	17666.1	17184.9
neutron	939.565	22.5354	96998.6	17666.1	17184.9
neutron	939.565	20.1065	96998.6	17666.1	17184.9
proton	938.272	17.9854	96998.6	17666.1	17184.9
neutron	939.565	13.4019	96998.6	17666.1	17184.9
neutron	939.565	6.17162	96998.6	17666.1	17184.9
proton	938.272	4.01499	96998.6	17666.1	17184.9
deuteron	1875.61	12.0401	96998.6	17666.1	17184.9
C12	11174.9	0.427119	99222.7	19162.3	19160.9
C12	11174.9	0.365109	93181.9	15208.3	15206.8
C12	11174.9	0.468322	96019	16582.8	16582.2
C12	11174.9	0.446771	90686.3	12356	12354.8
C12	11174.9	0.528543	86093.8	9644.95	9642.77
C12	11174.9	0.361312	77626.2	3156.08	3155.63
C12	11174.9	1.53345	79056.5	4261.5	4259.96
C12	11174.9	0.484563	75318.2	1636.6	1635.56
C12	11174.9	0.815628	85034.5	6744.85	6743.97
proton	938.272	268.673	89544.1	11665.5	11263.3
neutron	939.565	64.213	89544.1	11665.5	11263.3
neutron	939.565	7.42131	89544.1	11665.5	11263.3
proton	938.272	5.24508	89544.1	11665.5	11263.3
alpha	3727.38	15.8939	89544.1	11665.5	11263.3
alpha	3727.38	1.22828	89544.1	11665.5	11263.3
C12	11174.9	0.621801	82619.7	4915.43	4914.69
proton	938.272	1766.62	86925.3	10628.9	8505.04
proton	938.272	315.21	86925.3	10628.9	8505.04
neutron	939.565	4.51682	86925.3	10628.9	8505.04
neutron	939.565	0.955051	86925.3	10628.9	8505.04
Be8	7454.85	0.638389	86925.3	10628.9	8505.04
C12	11174.9	0.540375	83360.1	3258.13	3256.9
C12	11174.9	0.69129	95289.7	16456.2	16454.4
C12	11174.9	1.28989	96772.1	17399.3	17397.9
C12	11174.9	0.346893	87069.1	10699.7	10699.1
C12	11174.9	1.67995	88205.2	11037.1	11034.9
C12	11174.9	0.743311	89401.3	11010.1	11009.1
C12	11174.9	1.24805	96996.1	17295.1	17292.8
C12	11174.9	0.745747	84561.3	7883.47	7882.54
C12	11174.9	0.343622	87691.3	8830.5	8829.93
C12	11174.9	1.02544	78287.4	3577.58	3575.92
C12	11174.9	0.500729	77356	2980.48	2979.96
C12	11174.9	0.451531	78961.7	3457.47	3456.96
C12	11174.9	0.362304	75286.6	583.53	583.121
C12	11174.9	1.3884	99195.9	19164.1	19162.4
C12	11174.9	0.472514	96989.5	17510.1	17508.6
C12	11174.9	1.18197	75944.8	1213.91	1212.49
C12	11174.9	0.621979	89197.8	11800.1	11799.5
C12	11174.9	0.487606	97712.6	17744.2	17743.6
C12	11174.9	0.343051	82507.6	5290.38	5289.98
C12	11174.9	0.33643	88135	10721.4	10720.6
C12	11174.9	0.476489	76431.1	2291.44	2290.71
C12	11174.9	0.435477	73965.4	420.332	419.514
C12	11174.9	1.09185	74728.1	1141.8	1139.48
C12	11174.9	0.374446	77746.6	3979.62	3978.2
C12	11174.9	0.367936	84718.8	5471.91	5471.5
C12	11174.9	2.66667	79520.1	2030.94	2028.27
C12	11174.9	0.385641	96805.4	17619.9	17619.2
proton	938.272	519.723	78278.7	3995.47	3324
neutron	939.565	111.386	78278.7	3995.47	3324
alpha	3727.38	0.791308	78278.7	3995.47	3324
Li6	5601.52	7.62591	78278.7	3995.47	3324
C12	11174.9	0.379667	84620.9	8091.65	8090.63
C12	11174.9	0.900179	96638.9	15068.8	15066.5
C12	11174.9	0.884471	94190.3	13316.1	13314.6
C12	11174.9	0.37164	88282.9	7078.9	7077.98
C12	11174.9	0.364118	98421.5	18403.7	18403.2
C12	11174.9	0.960405	89137.7	11481.1	11477.6
C12	11174.9	0.606295	79044.4	3887.63	3887.03
C12	11174.9	0.473131	88648	12058.9	12057.6
C12	11174.9	0.338072	88497.6	10689.7	10689.3
C12	11174.9	0.354383	93917.9	15487.7	15487.1
C12	11174.9	0.342689	95159.5	16057.2	16056.4
C12	11174.9	0.512595	76433.3	2301.65	2300.66
C12	11174.9	0.63345	94710.1	16041.7	16040.7
C12	11174.9	0.766712	80976	3437.38	3436.53
C12	11174.9	0.414063	76745.7	3416.41	3415.91
C12	11174.9	1.01888	98991.8	19058.7	19057.7
C13	12109.5	0.763819	97873.6	17508.5	17507
C12	11174.9	1.80763	85724.2	8610.44	8607.86
C12	11174.9	1.23265	98368	18260.4	18259
C12	11174.9	0.455898	73645.9	1648.69	1647.91
C12	11174.9	0.400686	97771	18237.2	18236.2
C12	11174.9	0.405638	85055.9	3425.73	3423.97
C12	11174.9	0.687226	74340.1	944.257	943.226
C12	11174.9	0.422609	98439.9	18534.1	18533.3
C12	11174.9	0.517518	77781.8	2371.64	2371.09
C12	11174.9	0.705124	90712.2	8521.15	8520.37
C12	11174.9	0.527757	84579.3	4143.81	4143.06
C12	11174.9	0.951494	81725	4846.5	4844.49
C12	11174.9	1.62177	87719.8	10422.5	10420.3
proton	938.272	4460.64	98395.9	18535.9	11712.3
proton	938.272	5.94238	98395.9	18535.9	11712.3
B10	9324.44	2.39984	98395.9	18535.9	11712.3
C12	11174.9	0.358524	78439.1	4104.12	4102.89
C12	11174.9	1.09353	84658.1	8466.07	8464.54
C12	11174.9	1.37852	71920.4	200.779	198.723
C12	11174.9	0.785028	77481.7	3427.62	3426.41
C12	11174.9	0.898216	84165.6	6293.64	6292.62
C12	11174.9	0.426603	78771.8	1791.98	1791.13
neutron	939.565	42.8834	90628.7	13185.1	12588.1
proton	938.272	0.309733	90628.7	13185.1	12588.1
Be10	9325.5	2.31518	90628.7	13185.1	12588.1
C12	11174.9	0.904874	77217.3	1605.28	1604.08
C12	11174.9	0.340443	84429.9	7405.45	7403.2
proton	938.272	63.8284	85189.9	9151.3	8882.94
B11	10252.5	0.27421	85189.9	9151.3	8882.94
neutron	939.565	131.614	78971	4162.69	3919.46
neutron	939.565	64.7911	78971	4162.69	3919.46
proton	938.272	2.99699	78971	4162.69	3919.46
B9	8393.31	7.06983	78971	4162.69	3919.46
C12	11174.9	0.446566	76778	2219.37	2218.78
C12	11174.9	0.357518	73168.3	288.263	287.694
C12	11174.9	1.13556	76498.3	2359.4	2357.85
C12	11174.9	0.399095	79843	4999.63	4998.47
C12	11174.9	3.14509	75905.1	1014.1	1010.74
C12	11174.9	1.37135	99785.5	19548.2	19546.7
C12	11174.9	0.373026	91974.8	13166.8	13166.3
C12	11174.9	0.775038	75766.3	1442.54	1441.02
C12	11174.9	0.392995	82001.2	7032.76	7031.99
C12	11174.9	0.500305	86087.3	9831.95	9831.12
C12	11174.9	0.338442	80258	5680.4	5679.8
C12	11174.9	0.578496	92644.4	14412	14411.3
C12	11174.9	0.386317	97842.3	18252.1	18251.3
C12	11174.9	0.395991	77548.3	3216.26	3215.01
C12	11174.9	0.374938	94756.5	16020.9	16019.7
C12	11174.9	0.578903	78759.7	3926.12	3925.37
C12	11174.9	0.387728	98348.7	18580.6	18579.6
C12	11174.9	0.567373	77911.5	4068.02	4066.46
C12	11174.9	0.453755	91259.3	13144	13143.4
C12	11174.9	0.862398	82035.9	6592.39	6590.63
C12	11174.9	0.729122	87109.7	10330.4	10329.6
C12	11174.9	0.336386	84623.9	8699.29	8698.92
C12	11174.9	2.58726	99743	19503.6	19500.5
C12	11174.9	0.338453	78066.2	4327.15	4325.86
C12	11174.9	0.644711	97424.2	17976.4	17975.7
C12	11174.9	0.519808	92807.7	14969.8	14968.8
C12	11174.9	0.722527	78932.4	4933.37	4932.33
C12	11174.9	0.516784	78411.9	4623.73	4623.02
C12	11174.9	0.340533	76326.9	3152.9	3152.01
C12	11174.9	0.562758	96430.3	16482.9	16481.7
C12	11174.9	1.24902	86301.1	7846.42	7844.17
C12	11174.9	0.575542	84724.1	6724.38	6723.71
C12	11174.9	0.408576	90020.2	10800.5	10799.2
C12	11174.9	0.425753	78039.3	4190.38	4189.73
proton	938.272	120.805	94193.4	15392.8	14982.4
C11	10254	0.788873	94193.4	15392.8	14982.4
neutron	939.565	4.99143	91538.6	13659.6	13439.1
B11	10252.5	1.79957	91538.6	13659.6	13439.1
neutron	939.565	190.077	87982.7	10301.7	9993
proton	938.272	72.8296	87982.7	10301.7	9993
alpha	3727.38	3.9902	87982.7	10301.7	9993
deuteron	1875.61	5.9926	87982.7	10301.7	9993
alpha	3727.38	1.62876	87982.7	10301.7	9993
C12	11174.9	0.381179	92054.2	13951.8	13951.2
C12	11174.9	1.71637	99355.1	19255.6	19253.8
C12	11174.9	0.34036	79386.5	5356.41	5355.76
C12	11174.9	0.33665	90009.8	12283.5	12282.7
C12	11174.9	0.394625	88402.1	11030.4	11029
C12	11174.9	0.350464	97947	18334.2	18333.8
C12	11174.9	0.466757	88506.7	11943.8	11943.4
C12	11174.9	1.99651	73778.4	865.624	863.235
C12	11174.9	0.416436	97451.7	17973.3	17972.8
C12	11174.9	0.728459	72185.2	61.8102	60.8582
C12	11174.9	0.971544	97741.9	17886.7	17885.6
C12	11174.9	0.354605	88437.1	11589.2	11587.2
C12	11174.9	0.803966	89842.2	12743.5	12742
C12	11174.9	0.563614	87958.7	10592.4	10590.8
C12	11174.9	0.548314	79010.3	2105.74	2102.37
C12	11174.9	0.473886	76820	707.913	707.213
C12	11174.9	0.499198	80721.1	4893.03	4891.97
C12	11174.9	2.28374	73880	1164.17	1161.79
C12	11174.9	1.75701	74933	2107.56	2105.36
neutron	939.565	5.52892	83742.3	7581.45	7141.29
B11	10252.5	4.82984	83742.3	7581.45	7141.29
C12	11174.9	0.537365	97101.2	17469.2	17468.5
C12	11174.9	0.341882	84899.2	8490.09	8489.61
neutron	939.565	122.853	99572.1	19440.4	19229
proton	938.272	48.043	99572.1	19440.4	19229
deuteron	1875.61	1.63551	99572.1	19440.4	19229
Be8	7454.85	2.99028	99572.1	19440.4	19229
C12	11174.9	0.436411	99527.3	19372.8	19372
C12	11174.9	1.53918	76613.9	3267.13	3265.38
C12	11174.9	0.433671	95584.3	16357.4	16356.8
C12	11174.9	1.87368	87293.4	10295.9	10292.7
C12	11174.9	0.477967	99917.7	19617.5	19615.9
C12	11174.9	1.8076	75638.5	655.173	653.029
C12	11174.9	1.13673	83087.7	6776.97	6775.79
C12	11174.9	0.379894	91102.6	12869	12867.4
C12	11174.9	0.384837	77232	3121.93	3121.13
neutron	939.565	208.908	83999.3	9143.43	8721.52
proton	938.272	169.058	83999.3	9143.43	8721.52
proton	938.272	1.53491	83999.3	9143.43	8721.52
Be9	8392.75	6.65346	83999.3	9143.43	8721.52
C12	11174.9	1.63134	78471.4	4962.24	4960.19
C12	11174.9	0.604135	99728	19453.2	19452.3
C12	11174.9	0.711646	88899.9	11773.2	11772.1
C12	11174.9	1.02839	79221.2	4417.58	4415.68
C12	11174.9	0.864797	91596.1	14007.9	14006.1
C12	11174.9	0.478751	83871.5	8716.4	8715.66
C12	11174.9	0.615944	80284.5	6182.58	6181.3
C12	11174.9	0.465894	98898.7	18893.2	18892.6
C12	11174.9	0.824363	80560.3	5721	5719.72
proton	938.272	22.7179	95791.4	16512.8	16234.6
B11	10252.5	2.58943	95791.4	16512.8	16234.6
C12	11174.9	1.47311	73912.6	108.639	106.923
C12	11174.9	0.497614	93260.9	14129.5	14127.9
C12	11174.9	0.349805	83363.4	6785.06	6784.24
C12	11174.9	0.536147	93331.3	15394.7	15393
C12	11174.9	0.491418	89545.5	12869.3	12868.7
C12	11174.9	0.821365	79775.5	5024.65	5023.2
alpha	3727.38	12.5621	88333.9	11994.5	11468.1
alpha	3727.38	3.88034	88333.9	11994.5	11468.1
alpha	3727.38	4.10399	88333.9	11994.5	11468.1
C12	11174.9	1.09329	74393.3	1235.96	1234.69
C12	11174.9	1.00579	87129.9	9179.94	9178.61
C12	11174.9	1.74985	78601.6	3631.34	3629.55
proton	938.272	85.062	99074.9	19100.9	18257
neutron	939.565	0.583352	99074.9	19100.9	18257
B10	9324.44	2.86154	99074.9	19100.9	18257
C12	11174.9	0.362838	82171.7	5858.5	5857.78
C12	11174.9	0.425415	77559.8	3362.48	3361.9
C12	11174.9	1.12203	92826.9	14665.8	14664.2
C12	11174.9	0.523218	78093.6	3912.2	3911.18
C12	11174.9	1.26767	85732.6	9540.97	9539.45
C12	11174.9	0.618717	74281.2	453.632	452.601
C12	11174.9	0.434264	93550.5	14802.2	14801.4
C12	11174.9	0.340648	81001.4	4254.07	4253.61
C12	11174.9	0.441683	77289.9	1798.49	1797.47
C12	11174.9	0.499606	77828.2	1247.89	1247.29
C12	11174.9	0.951493	76499.7	3103.31	3101.31
C12	11174.9	0.947262	82290.2	3059.47	3058.46
C12	11174.9	0.658507	84286.7	8620.15	8617.11
C12	11174.9	0.554888	77927.1	867.716	865.939
C12	11174.9	0.604561	98539.9	18769.6	18768.9
C12	11174.9	1.86721	83924.2	8086.52	8084.53
C12	11174.9	0.502339	92557.3	13616.5	13615.8
C12	11174.9	1.54211	79311.4	5084.7	5083
C12	11174.9	0.612358	87730.7	10418.4	10417.7
C12	11174.9	1.38355	85525.6	8146.07	8144.15
C12	11174.9	0.49396	99904	19625.8	19625.1
C12	11174.9	0.57653	98932.4	18871.8	18870.6
C12	11174.9	0.668965	82560.6	6941.83	6940.93
proton	938.272	243.666	90180.8	12211.1	11859
proton	938.272	67.8808	90180.8	12211.1	11859
neutron	939.565	1.63278	90180.8	12211.1	11859
Be9	8392.75	3.51754	90180.8	12211.1	11859
C12	11174.9	0.423733	99866.9	19598.5	19597.5
proton	938.272	4.75519	95558.5	16579.2	16318.9
B11	10252.5	3.66558	95558.5	16579.2	16318.9
C12	11174.9	0.827881	84892.9	7920.96	7920.02
C12	11174.9	0.914572	89516.9	12178	12176.5
C12	11174.9	0.626324	80170.7	4690	4689.17
C12	11174.9	1.37515	89877.5	8912.62	8910.75
C12	11174.9	1.26327	74388.8	1250.83	1249.43
C12	11174.9	0.530831	98394.2	18261.5	18260.2
C12	11174.9	0.496652	95456.9	16319.7	16319.1
proton	938.272	61.6371	96713.3	17297	16983.3
neutron	939.565	8.9829	96713.3	17297	16983.3
neutron	939.565	8.49885	96713.3	17297	16983.3
proton	938.272	5.29837	96713.3	17297	16983.3
neutron	939.565	2.4188	96713.3	17297	16983.3
triton	2808.92	2.9668	96713.3	17297	16983.3
alpha	3727.38	4.39563	96713.3	17297	16983.3
C12	11174.9	0.335829	87424.5	7794.55	7794.15
C12	11174.9	1.93988	80567.6	2805.43	2803.17
C12	11174.9	0.416696	96551.1	17317.7	17315.5
C13	12109.5	2.70742	80614.3	5556.65	5552.14
C12	11174.9	0.373965	82928.4	7537.6	7537.19
C12	11174.9	0.44131	72575.7	756.414	755.892
C12	11174.9	0.368179	78493.3	3704.05	3703.26
C12	11174.9	0.58608	82338.5	4577.86	4576.17
C12	11174.9	0.644627	92482.3	13427.5	13426.8
C12	11174.9	1.04168	90070.9	11322.2	11320.9
C12	11174.9	0.814735	79417.9	3178.17	3177.23
C12	11174.9	1.47349	96637.1	17540.5	17538.4
C12	11174.9	1.15476	97750.4	17224.8	17223.3
C12	11174.9	0.406985	85501.3	8880.58	8879.93
proton	938.272	1.06017	99917.7	19636.8	19423.2
C11	10254	2.77931	99917.7	19636.8	19423.2
C12	11174.9	0.333133	94111.1	15821.6	15820.4
C12	11174.9	0.582128	96232.4	16799.8	16797.9
C12	11174.9	0.410784	74207.7	109.1	108.271
C12	11174.9	0.455865	95240.4	16623.4	16622.7
C12	11174.9	0.837424	81434.5	5329.78	5328.87
C12	11174.9	0.458258	85352.4	7635.44	7634.8
C12	11174.9	1.57678	74784.6	1703.75	1701.8
C12	11174.9	0.740344	72275.6	374.085	373.344
C12	11174.9	1.1859	90819.1	12224.3	12223
C12	11174.9	1.06776	81777	4714.42	4713.06
C12	11174.9	0.551419	75283.7	408.638	407.955
C12	11174.9	0.417833	79370.7	3254.38	3253.93
neutron	939.565	5.18707	82432.7	6397.84	6141.77
alpha	3727.38	5.72192	82432.7	6397.84	6141.77
triton	2808.92	1.46675	82432.7	6397.84	6141.77
alpha	3727.38	3.53476	82432.7	6397.84	6141.77
C12	11174.9	2.64008	82526	5027.28	5024.55
C12	11174.9	0.536168	98612.9	18646.4	18645.3
C12	11174.9	0.463276	86387.1	8103.46	8102.98
C12	11174.9	0.5726	98160.5	18245.4	18244.8
C12	11174.9	0.353495	74657.3	1623.49	1622.69
C12	11174.9	0.584493	73810	1109.78	1109.17
C12	11174.9	0.333092	98844.3	18999.2	18998.8
C12	11174.9	0.517521	90655.6	12496.3	12495.6
C12	11174.9	0.567058	88931.4	11327.1	11326.2
C12	11174.9	0.372568	80015.6	5085.25	5082.82
C12	11174.9	0.550988	96224.4	16810.4	16809.8
C12	11174.9	1.61617	84967.7	7257.48	7255.57
C12	11174.9	1.31138	76954.6	754.595	753.227
proton	938.272	1878.07	97603.1	17932.2	14255.3
proton	938.272	179.46	97603.1	17932.2	14255.3
neutron	939.565	108.299	97603.1	17932.2	14255.3
neutron	939.565	59.9635	97603.1	17932.2	14255.3
proton	938.272	27.5252	97603.1	17932.2	14255.3
neutron	939.565	25.7606	97603.1	17932.2	14255.3
proton	938.272	22.9311	97603.1	17932.2	14255.3
neutron	939.565	14.1394	97603.1	17932.2	14255.3
neutron	939.565	12.8675	97603.1	17932.2	14255.3
proton	938.272	11.9385	97603.1	17932.2	14255.3
proton	938.272	11.1593	97603.1	17932.2	14255.3
proton	938.272	4.13349	97603.1	17932.2	14255.3
C12	11174.9	0.466482	92437.4	14042.6	14041.5
C13	12109.5	0.375923	76276.3	2748.67	2747.98
C12	11174.9	0.367144	78184.4	4437.1	4435.94
C12	11174.9	0.518357	82381.1	6859.26	6858.34
C12	11174.9	1.02247	98105.1	17979.4	17977.1
C12	11174.9	0.513512	93770.9	14867.5	14866.6
C12	11174.9	0.609249	84853.8	7106.39	7103.55
C12	11174.9	0.459983	75867.6	1567.9	1567.2
C12	11174.9	1.46039	99916.2	19630.5	19628.6
C12	11174.9	0.375696	95217	16511.5	16510.3
C12	11174.9	0.347036	85748	9027	9026.4
C12	11174.9	0.341864	79038.2	4503.86	4503.23
C12	11174.9	0.387188	84370.8	9022.69	9021.36
C12	11174.9	0.616674	78411.7	5017.74	5016.68
C12	11174.9	0.343278	97119.7	12908.1	12906.9
C12	11174.9	1.17529	95654.4	16659.5	16657.7
neutron	939.565	1384.07	84992.8	8652.39	7054.02
neutron	939.565	170.336	84992.8	8652.39	7054.02
proton	938.272	3.53069	84992.8	8652.39	7054.02
proton	938.272	0.845095	84992.8	8652.39	7054.02
Be8	7454.85	3.16497	84992.8	8652.39	7054.02
C12	11174.9	0.69555	86471.8	8888.67	8887.72
C12	11174.9	0.533344	91954.2	12156.4	12155.6
C12	11174.9	1.12111	87004.3	7078.48	7076.31
C12	11174.9	0.80384	93492.1	15080.2	15079.3
C12	11174.9	0.519654	92173.6	13899.1	13898.5
C12	11174.9	0.388764	77635	1676.09	1674.61
C12	11174.9	0.456589	80729.1	5875.42	5874.18
C12	11174.9	0.365512	78363.9	4197.05	4196.01
C12	11174.9	0.993147	72781.2	463.719	462.522
C12	11174.9	0.858494	85588.6	7908.17	7907.14
C12	11174.9	0.681268	78730.6	3804.55	3802.87
neutron	939.565	14.1416	75527.3	1740.7	1378.1
C11	10254	1.92993	75527.3	1740.7	1378.1
C12	11174.9	0.347356	84921	9519.48	9518.95
C12	11174.9	0.464904	76427.2	2748.74	2747.91
neutron	939.565	527.738	82575.7	7458.63	6376.68
proton	938.272	486.848	82575.7	7458.63	6376.68
neutron	939.565	7.54513	82575.7	7458.63	6376.68
proton	938.272	6.36768	82575.7	7458.63	6376.68
alpha	3727.38	3.97707	82575.7	7458.63	6376.68
alpha	3727.38	12.397	82575.7	7458.63	6376.68
proton	938.272	1180.51	79009.6	3616.6	747.4
neutron	939.565	0.77384	79009.6	3616.6	747.4
B10	9324.44	1.62772	79009.6	3616.6	747.4
C12	11174.9	0.502835	96934.7	16665.1	16664.5
C12	11174.9	0.400405	91828.9	13122.3	13121.2
C12	11174.9	0.474881	78348.1	2340.05	2338.08
C12	11174.9	0.339426	78677.8	3892.5	3892.03
C12	11174.9	0.348679	81408.3	6324.6	6323.75
C12	11174.9	0.350373	79521.7	4448.97	4448.52
C12	11174.9	0.357613	82646.5	7015.09	7013.84
C12	11174.9	0.865265	89329.5	11745.1	11744.1
C12	11174.9	0.462633	95939.9	16708.1	16707.1
C12	11174.9	0.895667	95601.4	16590	16589
alpha	3727.38	4.58741	78241.2	4068.08	3852.16
Be8	7454.85	1.74359	78241.2	4068.08	3852.16
C12	11174.9	0.356798	87826.9	10772.2	10771.4
C12	11174.9	1.97408	95199.2	16007.8	16005.4
C12	11174.9	0.427784	90746.1	12939.6	12939.1
C12	11174.9	0.397188	89536.7	12138.4	12137.7
C12	11174.9	0.414353	86562.5	9934.9	9933.78
C12	11174.9	0.382408	85649.7	9358.66	9357.94
C12	11174.9	1.49342	92478.5	12573.1	12571.6
C12	11174.9	1.18413	84158.6	8142.52	8141.25
C12	11174.9	0.425469	96905.4	17247.4	17246.8
C12	11174.9	0.4162	81680.5	5964.14	5963.31
C12	11174.9	0.392586	93126.9	14979.9	14979.3
neutron	939.565	168.175	91923	14069	13620
B11	10252.5	0.475302	91923	14069	13620
C12	11174.9	0.535699	78101	3941.05	3940.27
C12	11174.9	0.427341	93681.3	15609.1	15607.9
C12	11174.9	1.86058	78828.3	3416.1	3413.87
neutron	939.565	207.211	75004.5	1751.68	1229.63
B11	10252.5	1.00897	75004.5	1751.68	1229.63
C12	11174.9	0.348252	79787.1	5275.75	5274.13
C12	11174.9	0.395094	97087.8	17725.3	17723.8
C12	11174.9	0.348585	96467.8	17005.5	17003.1
C12	11174.9	0.626314	81778.1	6990.17	6989.44
C12	11174.9	3.80687	76206.5	3384.49	3380.27
C12	11174.9	0.354609	84468	8423.82	8422.55
C12	11174.9	0.430605	84799.8	7280.69	7279.45
C12	11174.9	0.745455	95957.4	16935.1	16934.3
C12	11174.9	2.13623	79975.5	5577.82	5575.17
C12	11174.9	0.340773	91993.3	12381.1	12380.6
C12	11174.9	0.666051	91272.9	13385.3	13384.6
C12	11174.9	0.878437	91139.7	13680.5	13679.5
C12	11174.9	0.340883	86061.2	10314.3	10313.3
C12	11174.9	0.511742	74522.5	1811.15	1809.78
C12	11174.9	0.696186	89814.1	12765.2	12764.4
proton	938.272	82.4829	84908.1	8193.3	7815.86
neutron	939.565	0.205863	84908.1	8193.3	7815.86
deuteron	1875.61	0.587558	84908.1	8193.3	7815.86
Be8	7454.85	1.14225	84908.1	8193.3	7815.86
C12	11174.9	0.48068	76760.7	2066.1	2065.43
C12	11174.9	0.540419	84301.6	8693.64	8693.09
C12	11174.9	0.497069	94524.2	15392.9	15391.7
C12	11174.9	0.616492	77878.5	4014.97	4013.96
C12	11174.9	0.534859	74145.9	1067.65	1066.68
C12	11174.9	1.35075	84597.7	7041.94	7039.84
C12	11174.9	0.333941	84377.8	8237.7	8237.09
C12	11174.9	1.12639	86233.7	8996.93	8995.24
C13	12109.5	0.328989	97111.6	17294.2	17293.5
C12	11174.9	0.364542	94968.1	15299.3	15298.6
C12	11174.9	1.0899	93922.2	15577.9	15576.5
C12	11174.9	0.69259	81524.6	6380.55	6379.6
neutron	939.565	193.788	93245.1	14515.8	14158.8
proton	938.272	80.6336	93245.1	14515.8	14158.8
neutron	939.565	10.1355	93245.1	14515.8	14158.8
proton	938.272	9.86068	93245.1	14515.8	14158.8
alpha	3727.38	4.90256	93245.1	14515.8	14158.8
alpha	3727.38	10.541	93245.1	14515.8	14158.8
proton	938.272	104.67	85395.8	8468.5	7994.87
C11	10254	2.11345	85395.8	8468.5	7994.87
C12	11174.9	1.08398	80865.6	3632.21	3630.82
C12	11174.9	6.11828	94111.8	15548	15541.7
C12	11174.9	2.93556	79292	4389.45	4386.35
C12	11174.9	0.800157	77435.4	3182.85	3180.91
C12	11174.9	0.365626	82339.8	7293.95	7293.36
neutron	939.565	2673.81	94539.3	15120	11852
neutron	939.565	516.615	94539.3	15120	11852
proton	938.272	10.844	94539.3	15120	11852
proton	938.272	5.4666	94539.3	15120	11852
alpha	3727.38	8.71836	94539.3	15120	11852
alpha	3727.38	16.3471	94539.3	15120	11852
proton	938.272	224.774	90982.4	11300.3	10581.9
proton	938.272	65.2465	90982.4	11300.3	10581.9
neutron	939.565	15.085	90982.4	11300.3	10581.9
neutron	939.565	6.92516	90982.4	11300.3	10581.9
alpha	3727.38	5.43062	90982.4	11300.3	10581.9
alpha	3727.38	4.84291	90982.4	11300.3	10581.9
C12	11174.9	1.17142	95792	16821.7	16820
C12	11174.9	1.24664	73886.7	1457.9	1456.51
C12	11174.9	0.858696	99628.9	19433.3	19432.2
C12	11174.9	0.693935	90037.5	10188.7	10188
C12	11174.9	0.721032	83186.9	5038.33	5037.07
C12	11174.9	0.628304	83107.3	4991.37	4990.52
C12	11174.9	0.485424	87033.9	8236.85	8235.79
C12	11174.9	0.381755	75800.4	2364.42	2363.34
C12	11174.9	0.540428	91096.6	13539.2	13538.2
C12	11174.9	0.528469	91982	13981.8	13980.5
C12	11174.9	1.30598	94544.5	15435.5	15433.8
C12	11174.9	0.352086	92604	13932.4	13932
C12	11174.9	0.41013	80833.6	6883.61	6883.08
C12	11174.9	1.69177	91089.3	12850.1	12847.5
C12	11174.9	0.544487	99506.7	19340.5	19339.5
C12	11174.9	0.754591	72506.1	269.216	268.442
C12	11174.9	0.853047	91909.1	13794.9	13792.4
proton	938.272	8.51313	86037.6	9703.17	9485.06
proton	938.272	1.56822	86037.6	9703.17	9485.06
B10	9324.44	5.79116	86037.6	9703.17	9485.06
proton	938.272	437.344	97726.7	18039.1	16952.4
neutron	939.565	48.2937	97726.7	18039.1	16952.4
proton	938.272	27.4011	97726.7	18039.1	16952.4
proton	938.272	7.1599	97726.7	18039.1	16952.4
neutron	939.565	0.552773	97726.7	18039.1	16952.4
Be7	6534.18	0.697246	97726.7	18039.1	16952.4
C12	11174.9	1.44104	97697.1	18178.6	18176.9
C12	11174.9	0.741785	86868.2	10830	10828.7
C12	11174.9	0.451852	72248.3	1055.94	1055.42
proton	938.272	164.864	92653.3	14686.4	14346.1
neutron	939.565	130.004	92653.3	14686.4	14346.1
deuteron	1875.61	4.79782	92653.3	14686.4	14346.1
Be8	7454.85	3.06126	92653.3	14686.4	14346.1
neutron	939.565	895.099	96089.2	16636.9	15166.8
proton	938.272	531.697	96089.2	16636.9	15166.8
deuteron	1875.61	5.99963	96089.2	16636.9	15166.8
Be8	7454.85	2.61211	96089.2	16636.9	15166.8
C12	11174.9	0.36737	74823.6	1375.25	1374.81
proton	938.272	25.3047	94908.4	15784.3	15244.6
proton	938.272	9.00271	94908.4	15784.3	15244.6
neutron	939.565	4.32408	94908.4	15784.3	15244.6
neutron	939.565	3.37051	94908.4	15784.3	15244.6
Be8	7454.85	4.01477	94908.4	15784.3	15244.6
C12	11174.9	0.417633	92252.2	13423.5	13422.2
C12	11174.9	0.382701	76983.8	1350.09	1349.46
C12	11174.9	0.373933	97093.1	17705.9	17705.2
C12	11174.9	0.455388	83551.3	7590.94	7590.43
C12	11174.9	1.77842	73232.4	465.019	462.851
C12	11174.9	0.37267	97134.2	17698.5	17697.7
C12	11174.9	0.440405	81135.6	5497.83	5496.67
C12	11174.9	0.62685	86941.4	9173.41	9172.44
C12	11174.9	0.551044	77955.6	3390.34	3389.6
C12	11174.9	0.749092	82702.9	6933.1	6932.21
neutron	939.565	1.05741	75896.6	2086.56	1840.8
deuteron	1875.61	3.15034	75896.6	2086.56	1840.8
Be9	8392.75	1.27038	75896.6	2086.56	1840.8
C12	11174.9	0.686282	74056.7	283.419	281.934
C12	11174.9	0.798874	94545.7	15917.2	15916.3
C12	11174.9	0.398093	87328.1	11146.4	11145.9
C12	11174.9	7.88294	80643	5270.51	5262.51
C12	11174.9	0.608591	86393.2	10015.2	10014.2
C12	11174.9	1.42072	80257.1	5960.07	5958.41
C12	11174.9	0.521485	79635.7	2666.53	2665.84
C12	11174.9	1.30721	91122.4	13563.4	13561.7
neutron	939.565	749.448	94432.8	15998.6	12420.6
proton	938.272	1.84126	94432.8	15998.6	12420.6
deuteron	1875.61	3.90221	94432.8	15998.6	12420.6
Be8	7454.85	5.93848	94432.8	15998.6	12420.6
C12	11174.9	0.375623	93144	14398.8	14398.4
C12	11174.9	0.512123	92992.1	14786.7	14786.2
neutron	939.565	1522.94	90365.8	12977.9	10632.9
proton	938.272	776.068	90365.8	12977.9	10632.9
proton	938.272	7.55007	90365.8	12977.9	10632.9
neutron	939.565	0.126664	90365.8	12977.9	10632.9
Be8	7454.85	1.83043	90365.8	12977.9	10632.9
C12	11174.9	0.91004	87095.6	10972.6	10971.2
C12	11174.9	0.349187	86501.8	7188.81	7188.07
C12	11174.9	0.649344	96521.9	16968.9	16966
C12	11174.9	0.384407	81517.2	3299.12	3298.17
C12	11174.9	0.353579	96412.4	17213.5	17213.1
proton	938.272	76.5761	77680.4	3244.94	2882.14
C11	10254	0.63053	77680.4	3244.94	2882.14
C12	11174.9	0.904811	83632.1	6580.5	6579.05
C12	11174.9	0.413647	98580.7	18544	18543
C12	11174.9	0.515566	85903.9	9971.1	9970.47
C12	11174.9	0.350872	82699.2	7462.97	7462.07
C12	11174.9	1.31306	74368	2364.89	2363.23
C12	11174.9	1.15163	92124.7	10129.9	10128.8
proton	938.272	1.95266	81053.6	1617.53	1399.3
neutron	939.565	0.885093	81053.6	1617.53	1399.3
B10	9324.44	4.65412	81053.6	1617.53	1399.3
C12	11174.9	0.421475	78016.1	2739.64	2739.07
C12	11174.9	0.890271	90034.1	13018.8	13017.1
C12	11174.9	0.455494	95525.6	16825	16823.7
C12	11174.9	3.47749	82486.5	6869.15	6864.45
C12	11174.9	0.411882	94948.6	16044.7	16044.1
C12	11174.9	0.337962	98256.1	18507.4	18506.9
C12	11174.9	0.493257	79902.7	2413.55	2412.39
C12	11174.9	0.615532	96905.5	17187.9	17186.9
C12	11174.9	0.482877	91706.2	12800.7	12800.1
C12	11174.9	0.394846	77101.3	3667	3666.45
C12	11174.9	0.410081	85616	8194.66	8193.75
C12	11174.9	0.792389	78078.4	3930.77	3929.96
C12	11174.9	0.708941	99219	19057.7	19056.3
C12	11174.9	1.00653	72884.8	679.365	678.005
C12	11174.9	0.609977	90135.5	12530.2	12529.1
C12	11174.9	0.447262	73906.9	895.922	895.098
C12	11174.9	0.468716	97559.2	17836.4	17834.9
C12	11174.9	0.345304	92838.9	14565.9	14564.9
C12	11174.9	0.567752	94927	16425	16423.9
proton	938.272	4270.63	88167	10086.3	4689.05
neutron	939.565	1.32045	88167	10086.3	4689.05
B10	9324.44	0.569058	88167	10086.3	4689.05
C12	11174.9	0.523509	84849.9	2633.79	2632.45
C12	11174.9	0.448745	76000.5	1171.18	1170.31
proton	938.272	732.745	77433.5	2546.3	1432.08
neutron	939.565	337.225	77433.5	2546.3	1432.08
deuteron	1875.61	6.23381	77433.5	2546.3	1432.08
alpha	3727.38	2.1423	77433.5	2546.3	1432.08
alpha	3727.38	2.42944	77433.5	2546.3	1432.08
C12	11174.9	0.368729	91928	14147.3	14146.8
C12	11174.9	0.736273	82144.8	4483.8	4483.06
C12	11174.9	0.380416	81727.1	4203.87	4203.33
C12	11174.9	0.432551	86320.1	9395.21	9393.91
C12	11174.9	1.13186	83434.2	7214.12	7212.53
C12	11174.9	0.334852	95213	15253.5	15252
C12	11174.9	0.371866	94216	14475.9	14474.8
C12	11174.9	0.423392	87478.4	11147.7	11147.2
C12	11174.9	0.387618	87100.4	9940.46	9940.06
C12	11174.9	2.1087	89356.7	12584.7	12582.1
C12	11174.9	0.424696	77242.1	3672.24	3671.78
C12	11174.9	0.342259	80114.4	5747.23	5746.71
C12	11174.9	0.531268	84178.6	8295.24	8294.27
C12	11174.9	0.365335	85013.9	9023.71	9023.17
C12	11174.9	0.333089	94428.1	15013.4	15012.9
C12	11174.9	0.438622	96380.9	16966.7	16965.7
C12	11174.9	1.80644	85196.5	8657.73	8654.76
C13	12109.5	0.361347	87318.6	8009.38	8008.88
C12	11174.9	0.70199	98386.7	18614.4	18612.8
C12	11174.9	0.536133	79136.9	4424.95	4424.37
neutron	939.565	107.388	84939.4	7425.17	7105.21
C11	10254	0.33401	84939.4	7425.17	7105.21
C12	11174.9	0.418628	81073.4	4310.34	4309.88
C12	11174.9	0.66606	73591.3	556.938	556.122
C12	11174.9	0.623132	91576.3	13620.1	13618.9
proton	938.272	1757.43	92314.1	13835.9	11816
neutron	939.565	220.522	92314.1	13835.9	11816
deuteron	1875.61	1.61331	92314.1	13835.9	11816
Be8	7454.85	2.71745	92314.1	13835.9	11816
C12	11174.9	0.899354	79093	3997.28	3996.22
C12	11174.9	0.656212	88502.9	11784.4	11783.1
C12	11174.9	1.02679	81678.5	3871.27	3869.58
C12	11174.9	1.40157	77560	3004.32	3002.66
C12	11174.9	0.502172	81060	5496.9	5496.34
C12	11174.9	0.36536	71976.2	556.099	555.507
C12	11174.9	0.41681	86943.8	10546.4	10545.5
C12	11174.9	0.356728	84586.2	6443.17	6442.47
C12	11174.9	0.586849	85781.9	9504.8	9503.62
C12	11174.9	0.416104	75280.4	2089.47	2088.68
C12	11174.9	0.562943	94135.7	15531.1	15528.9
C12	11174.9	0.353819	90846.3	13184.9	13184.4
C12	11174.9	0.442624	87832.9	6172.56	6171.9
C12	11174.9	0.376955	86251.3	5173.56	5173.1
C12	11174.9	0.349446	98907.2	18962.1	18960.6
C12	11174.9	1.78649	96268.8	17069.5	17067.5
C12	11174.9	0.580671	88040.1	10580.6	10579.1
C12	11174.9	0.731048	88105.3	11592.2	11591.5
C12	11174.9	0.378177	74433.7	244.861	244.356
C12	11174.9	0.537527	80284.8	4991.32	4989.44
C12	11174.9	0.459714	73143	751.796	751.108
C12	11174.9	1.39689	96044.7	16956	16954.2
C12	11174.9	0.997165	81616.6	4792.66	4791.54
C12	11174.9	0.516129	75670.1	583.412	582.729
C12	11174.9	0.604932	91072.1	13431.7	13430.6
C12	11174.9	0.563099	80215.1	5223.16	5222.05
C12	11174.9	1.39352	89593.9	12803.2	12801.5
C12	11174.9	0.353876	94041.8	15676	15674.6
C12	11174.9	0.335005	95976.8	16160.2	16159.8
C12	11174.9	0.485035	89207.5	11506.3	11505.7
C12	11174.9	0.364977	85005.7	8855.44	8854.8
C12	11174.9	0.387954	94420.6	15555.3	15554.6
C12	11174.9	0.335055	81853.5	5426.3	5425.68
C12	11174.9	0.496941	91187.4	13502	13501
C12	11174.9	0.522711	93412	14695.5	14694.9
C12	11174.9	0.941073	82789.2	5836.43	5835.41
C12	11174.9	0.607614	80015.2	5549.04	5547.93
C12	11174.9	1.9658	98797.9	18752.4	18750.1
C12	11174.9	0.51381	96793.8	17574.9	17574.4
C12	11174.9	0.423589	92725.5	14884.2	14883.6
C13	12109.5	0.907495	83704.2	7558.68	7557.54
C12	11174.9	1.11387	79772	4385.59	4384.3
C12	11174.9	0.373854	85052.2	9079.88	9079.42
C12	11174.9	0.838834	73085.9	488.099	487.22
C12	11174.9	0.536007	91148.9	13142.9	13142.1
C12	11174.9	4.08283	79166.8	3276.62	3272.46
C12	11174.9	0.849404	86306.6	9636.75	9634.85
C12	11174.9	0.954257	84742.2	7866.79	7865.52
C12	11174.9	0.999028	75964.2	2728.66	2726.95
C12	11174.9	1.20087	84355.1	7626.09	7624.61
C12	11174.9	0.365664	95539.9	16394.1	16393.7
C12	11174.9	0.422569	82829.6	7732.14	7731.58
C12	11174.9	1.16949	97176.9	17632.4	17630.8
C12	11174.9	0.397942	80275.4	5342.59	5341.92
C12	11174.9	0.368185	94559	15851.9	15851.4
C12	11174.9	0.349168	81795.5	5952.83	5950.49
neutron	939.565	122.231	96551.8	17381.2	17080.4
proton	938.272	74.4475	96551.8	17381.2	17080.4
neutron	939.565	48.3309	96551.8	17381.2	17080.4
proton	938.272	8.33323	96551.8	17381.2	17080.4
alpha	3727.38	9.43113	96551.8	17381.2	17080.4
alpha	3727.38	2.05031	96551.8	17381.2	17080.4
C12	11174.9	0.550605	85186.9	8082.42	8081.79
C12	11174.9	1.91191	88323.2	11150.2	11147.5
neutron	939.565	102.313	81460.3	6406.21	6043.18
C11	10254	2.31978	81460.3	6406.21	6043.18
C12	11174.9	2.12845	94401.5	16074.7	16072.4
C12	11174.9	1.00756	99648.4	19398.1	19396.6
C12	11174.9	0.389972	93089.5	14948.3	14947.8
C12	11174.9	0.510435	82489.6	7793.94	7792.49
C12	11174.9	1.66868	96121	17089.4	17087.7
C12	11174.9	0.592745	91956.9	13304.4	13303.8
C12	11174.9	1.02615	79940.8	880.399	878.939
C12	11174.9	0.472348	95828.1	16824.3	16823.8
C12	11174.9	0.518596	99862	19603.7	19603.1
C12	11174.9	8.77386	91502.2	13751.2	13742.1
C12	11174.9	0.479769	85787.9	9765.03	9764.53
neutron	939.565	432.539	95719.2	16380.2	15742.4
neutron	939.565	140.523	95719.2	16380.2	15742.4
proton	938.272	5.84035	95719.2	16380.2	15742.4
proton	938.272	4.62037	95719.2	16380.2	15742.4
alpha	3727.38	1.29514	95719.2	16380.2	15742.4
alpha	3727.38	16.9696	95719.2	16380.2	15742.4
C12	11174.9	0.561657	94866.8	14984.9	14984.3
proton	938.272	229.672	82659.8	6400.18	5897.52
neutron	939.565	7.31753	82659.8	6400.18	5897.52
deuteron	1875.61	10.7454	82659.8	6400.18	5897.52
Be8	7454.85	2.24449	82659.8	6400.18	5897.52
C12	11174.9	2.88449	84088.7	8095.57	8092.36
C12	11174.9	1.0567	83374.9	6811.14	6809.89
C12	11174.9	1.67528	90421	13169.2	13167.3
C12	11174.9	0.383553	90044.4	12823.7	12822.8
C12	11174.9	0.379993	91364.1	12248.4	12248
C12	11174.9	0.783574	90893.7	11110.5	11109.7
C12	11174.9	0.465628	88762.1	11842.2	11841.6
C12	11174.9	3.87359	83726.3	7532.44	7528.56
C12	11174.9	0.606118	73579	273.748	272.731
C12	11174.9	0.943196	95901.4	16919	16917.9
neutron	939.565	157.611	90176.6	12780.2	12149.7
proton	938.272	91.0358	90176.6	12780.2	12149.7
deuteron	1875.61	7.33347	90176.6	12780.2	12149.7
alpha	3727.38	4.12586	90176.6	12780.2	12149.7
alpha	3727.38	1.65384	90176.6	12780.2	12149.7
C12	11174.9	0.678877	76362.2	2446.52	2445.58
C12	11174.9	0.357605	88766.7	10912.7	10912.2
C12	11174.9	0.501031	96993.5	17493.5	17492.4
C12	11174.9	0.977705	77810.6	3952.41	3951.41
C12	11174.9	0.486327	75584.9	1776.66	1775.73
C12	11174.9	1.78356	96220.5	15907.6	15903.6
C12	11174.9	0.394783	80654	2678.08	2677.16
C12	11174.9	0.572486	79219.9	1707.36	1706.29
C12	11174.9	0.526493	87731.7	10993.2	10992.3
C12	11174.9	0.669238	77785.4	3425.43	3424.48
C12	11174.9	0.946719	97634.8	17964	17962.8
neutron	939.565	47.2307	99168.2	19067.8	18423.8
alpha	3727.38	3.95944	99168.2	19067.8	18423.8
Li7	6533.83	0.556388	99168.2	19067.8	18423.8
C12	11174.9	0.38522	82139	6159.9	6159.45
C12	11174.9	1.40632	93135.1	14834.5	14833
C12	11174.9	0.955286	81114.6	5978.11	5977.12
C12	11174.9	0.742311	77051.6	3303.21	3301.64
C12	11174.9	0.360521	81934.2	6795.31	6794.55
C12	11174.9	0.387721	87416.6	7396.67	7396.11
C12	11174.9	0.334012	81933.6	3679.64	3678.72
C12	11174.9	0.590074	77505.7	3641.39	3640.53
C12	11174.9	2.81922	91132.4	13285.8	13282.5
C12	11174.9	0.800773	80337.3	5140.81	5139.26
C12	11174.9	0.38107	96236.1	16719.6	16718.3
C12	11174.9	0.506075	89211.8	12176.8	12174.9
C12	11174.9	1.51106	95892.5	16913.4	16911.8
C12	11174.9	0.868449	95861.1	16731.2	16730.3
C12	11174.9	0.451906	74574.1	1391.91	1391.42
C12	11174.9	0.541127	99821.4	19538.3	19537.5
C12	11174.9	1.15544	79038.8	3176.66	3175.39
C12	11174.9	0.413639	80649.2	4727.3	4726.83
C13	12109.5	0.401582	82248.9	7473.39	7472.75
neutron	939.565	2.58714	91627.8	13442	13033
B11	10252.5	6.47934	91627.8	13442	13033
C12	11174.9	0.364931	81121	4775.39	4773.81
C12	11174.9	0.40312	99979.3	19675	19672.8
C12	11174.9	0.446228	95142.5	16118.5	16117.1
C12	11174.9	0.806617	85765.1	6488.02	6487.15
C12	11174.9	0.339644	96924.6	17602.3	17601.6
C12	11174.9	0.469203	93215.6	14546.9	14546.4
C12	11174.9	0.475263	96448.6	16982.1	16981
C12	11174.9	0.722391	84401.4	6562.05	6560.64
neutron	939.565	106.43	89655.7	11664.8	10699.9
neutron	939.565	3.05357	89655.7	11664.8	10699.9
B10	9324.44	1.4918	89655.7	11664.8	10699.9
C12	11174.9	0.371631	82156.2	5816.58	5816.04
C12	11174.9	0.827571	92988.1	14848.6	14846.4
proton	938.272	1007.77	91686	14152	12043.6
neutron	939.565	103.785	91686	14152	12043.6
neutron	939.565	62.1052	91686	14152	12043.6
neutron	939.565	37.5779	91686	14152	12043.6
proton	938.272	1.53213	91686	14152	12043.6
triton	2808.92	33.4949	91686	14152	12043.6
alpha	3727.38	12.2598	91686	14152	12043.6
C12	11174.9	0.401735	95749.5	17027.3	17026.1
C12	11174.9	0.651229	81692.3	5759.24	5758.07
proton	938.272	95.7666	99869	19597.7	19387.7
proton	938.272	73.6782	99869	19597.7	19387.7
neutron	939.565	3.01723	99869	19597.7	19387.7
Be9	8392.75	2.43294	99869	19597.7	19387.7
C12	11174.9	0.348478	77450.9	3200.06	3199.64
C12	11174.9	0.418943	94332.3	15720.9	15720.4
C12	11174.9	0.384216	97305.2	17844.1	17843.5
C12	11174.9	1.69076	99983.9	19672.6	19670.9
C13	12109.5	1.22495	82743.5	3830.27	3828.4
proton	938.272	8105.63	96486.7	17036.9	7567.33
neutron	939.565	3.3032	96486.7	17036.9	7567.33
B10	9324.44	1.5227	96486.7	17036.9	7567.33
C12	11174.9	0.906254	93305.2	13521.3	13520.3
C12	11174.9	0.367875	79147.2	2749.71	2749.23
C12	11174.9	0.702186	77128.1	1596.02	1593.21
C12	11174.9	0.65633	97883.6	18161.6	18160.9
C12	11174.9	1.06961	74043.4	1937.04	1935.92
C12	11174.9	0.477788	82186	5728.11	5727.46
C12	11174.9	2.85181	78605	4835.45	4832.32
C12	11174.9	0.384873	92433.4	13521.1	13520.6
C12	11174.9	0.675092	89994	12375.5	12374.2
C12	11174.9	0.754566	97779.5	18174.4	18173.6
C12	11174.9	1.68635	91227.9	13298	13295.8
C12	11174.9	0.519523	94102.3	14884.7	14883.9
C12	11174.9	0.440355	84866.9	9335.98	9335.4
C12	11174.9	0.36365	74758.8	671.702	670.997
C12	11174.9	0.359286	76861.3	2252.15	2251.77
C12	11174.9	0.531181	83113.9	5942	5941.27
C12	11174.9	1.18184	73680.9	573.195	570.943
C12	11174.9	0.515089	96614.4	17351.3	17350.3
C12	11174.9	0.33824	74827.6	2302.1	2301.7
C12	11174.9	0.581985	89060	10504.4	10503.7
C12	11174.9	0.373221	94888.5	16209.9	16209.1
C12	11174.9	0.376215	74685.2	1736.13	1735.55
C12	11174.9	0.362682	95969.9	14702.1	14701.7
proton	938.272	33.1849	87851.6	8813.48	8425.46
neutron	939.565	17.5384	87851.6	8813.48	8425.46
proton	938.272	7.21921	87851.6	8813.48	8425.46
neutron	939.565	4.28436	87851.6	8813.48	8425.46
Be8	7454.85	10.3492	87851.6	8813.48	8425.46
C12	11174.9	0.697434	96790.7	17158.7	17157.5
C12	11174.9	0.394479	96181.6	16685.3	16684.7
C12	11174.9	0.356296	98792.9	18939.3	18938.4
neutron	939.565	145.932	86136.8	7720.38	5709.26
proton	938.272	2.67292	86136.8	7720.38	5709.26
B10	9324.44	1.15685	86136.8	7720.38	5709.26
C12	11174.9	0.576102	84692.9	8377.18	8376.24
C12	11174.9	0.336715	81500.6	5298.93	5298.57
C12	11174.9	0.395597	78588.5	4447.75	4447.32
C12	11174.9	1.10914	87599.6	10775.9	10773.8
C12	11174.9	0.626533	96894.2	17462.7	17461.6
C12	11174.9	0.504557	82039	6629.78	6629.1
C12	11174.9	4.39489	98473.1	18627.4	18622.9
C12	11174.9	0.492355	92788	14491.6	14490.4
C12	11174.9	0.335561	88731.1	11382.6	11382.1
C12	11174.9	0.539461	80030.4	4522.33	4521.7
C12	11174.9	0.484139	76249.3	3196.65	3196.14
C12	11174.9	0.911551	99948.5	19654.1	19653.2
C12	11174.9	0.382196	84800.7	8569.76	8568.44
C12	11174.9	3.3097	95719.1	16248.4	16244.7
C12	11174.9	1.37456	82289.4	6917.75	6915.2
C12	11174.9	0.384981	98933.6	18976.4	18975.5
C12	11174.9	0.698826	89503.8	11786.6	11785.5
neutron	939.565	142.376	82442.5	7167.57	6255.67
neutron	939.565	0.814283	82442.5	7167.57	6255.67
B10	9324.44	0.260961	82442.5	7167.57	6255.67
C12	11174.9	0.406577	93645.2	15561.9	15560.1
C12	11174.9	0.356451	97933.7	18328.8	18328.3
C12	11174.9	0.576771	98059.9	18387.7	18387.1
C12	11174.9	0.353911	80312.1	4492.32	4491.13
C12	11174.9	2.86429	83840	6487.9	6484.68
C12	11174.9	2.77626	88873.5	10627.4	10624.5
C12	11174.9	1.04389	79324.2	5299.62	5298.25
C12	11174.9	0.542854	83205.8	6625.69	6624.54
C12	11174.9	1.9409	99236.9	19042.6	19040.7
C12	11174.9	0.35133	99168.9	19126.3	19125.7
C12	11174.9	1.15149	78363.9	1968.08	1966.27
C12	11174.9	0.446959	90946.9	12656.8	12655.9
C12	11174.9	0.528324	94715.1	16153.3	16152.4
C12	11174.9	1.70676	92772.7	13647.9	13645.2
C12	11174.9	0.520061	93251.3	14458.8	14457.6
C12	11174.9	0.578759	82666.9	5513.42	5512.8
C12	11174.9	0.585692	79552.8	2465.19	2464.06
C12	11174.9	0.373739	82461.6	6915.35	6914.83
C12	11174.9	0.399328	91744.4	13687.3	13686.9
C12	11174.9	0.949691	73152.9	645.837	643.993
C12	11174.9	0.494332	79071.4	1746.35	1745.24
C12	11174.9	0.616827	76279.1	30.4918	29.3651
C12	11174.9	0.407176	77585.1	3694.73	3694.26
C12	11174.9	0.750543	99768.3	19532.4	19531.4
C12	11174.9	0.841113	84901.7	8776.09	8774.13
C12	11174.9	0.894094	83587.6	7189.57	7187.95
C12	11174.9	0.857512	96125.2	16980.6	16979.7
C12	11174.9	1.26055	83317.5	7757.12	7755.84
neutron	939.565	1683.44	82891.8	7499.26	5573.62
proton	938.272	147.752	82891.8	7499.26	5573.62
proton	938.272	20.7137	82891.8	7499.26	5573.62
proton	938.272	6.38163	82891.8	7499.26	5573.62
neutron	939.565	1.41449	82891.8	7499.26	5573.62
neutron	939.565	0.716507	82891.8	7499.26	5573.62
Li6	5601.52	3.94214	82891.8	7499.26	5573.62
C12	11174.9	0.395838	78737.1	2385.95	2385.45
C12	11174.9	0.34451	76294.3	387.741	385.77
C12	11174.9	0.600465	80845.6	5727.74	5726.75
C12	11174.9	0.405956	98165.1	18335.8	18335.1
C12	11174.9	0.353297	89722	11670.4	11670
C12	11174.9	0.472849	83800.8	7150.75	7149
C12	11174.9	1.43127	91769.5	14343.3	14341.7
C12	11174.9	0.587603	78466.5	4565.23	4564.58
C12	11174.9	1.04446	80227.4	5376.35	5374.46
C12	11174.9	0.50077	89464	10867.8	10866.9
C12	11174.9	0.521508	93712.7	14532.7	14531.9
C12	11174.9	0.538022	98411.2	18515.7	18514.1
neutron	939.565	281.532	90212.4	12494.7	11412.2
proton	938.272	9.05528	90212.4	12494.7	11412.2
B10	9324.44	2.1413	90212.4	12494.7	11412.2
C12	11174.9	0.379016	95577.5	16629.6	16628.3
C12	11174.9	0.567434	81008.1	6243.31	6242.71
C12	11174.9	0.513062	80785	6001.73	6001.21
C12	11174.9	1.04167	90881.1	13002.3	13000.8
C12	11174.9	0.415279	93591.2	14994.8	14994.3
C12	11174.9	0.463553	82634.7	6111.33	6109.65
C12	11174.9	0.677887	87529.9	9649.2	9648.12
C12	11174.9	0.362225	85010.4	7758.15	7756.26
C12	11174.9	0.361843	84436.4	5539.2	5538.58
C12	11174.9	0.370543	98404.3	18483.4	18482.7
C12	11174.9	1.09082	95412	16313.5	16312
neutron	939.565	193.909	86321.5	10122.6	8578.37
neutron	939.565	77.5694	86321.5	10122.6	8578.37
deuteron	1875.61	9.8404	86321.5	10122.6	8578.37
alpha	3727.38	13.2483	86321.5	10122.6	8578.37
alpha	3727.38	3.76199	86321.5	10122.6	8578.37
C12	11174.9	9.38791	94832	16027.7	16018.2
C12	11174.9	0.975697	89949.3	12636.2	12635.1
C12	11174.9	0.447377	79494.6	5209.76	5209.1
neutron	939.565	144.625	80277	3308.15	2665.35
neutron	939.565	0.656359	80277	3308.15	2665.35
B10	9324.44	0.335521	80277	3308.15	2665.35
C12	11174.9	8.91467	87032.5	9322.83	9313.77
C12	11174.9	2.14813	73827.1	622.906	620.419
C12	11174.9	0.986687	90260	11718.4	11717.2
C12	11174.9	0.51275	96701.4	17312.4	17311.6
C12	11174.9	0.855803	74238.4	696.643	694.894
C12	11174.9	0.966075	86609.3	9079.3	9078.26
C12	11174.9	0.79643	89180.8	11437.4	11436.1
C12	11174.9	0.521467	86539.7	9588.11	9587.28
C12	11174.9	1.50858	89058.7	11330.7	11329.2
C12	11174.9	0.446584	83006.5	6043.75	6043.26
C12	11174.9	0.419922	78868.3	2848.47	2847.92
C12	11174.9	1.22497	94485.2	15744.3	15742.8
C12	11174.9	0.391414	84777.8	9300.57	9300.09
C12	11174.9	1.47262	81890.8	6088.87	6087.35
C12	11174.9	0.46184	92174.7	14276.8	14276.3
C12	11174.9	0.789668	88831.4	12012.8	12011.8
C12	11174.9	1.17883	93252.8	14502.2	14500.9
C12	11174.9	0.342172	80257.2	4163.84	4163.27
C12	11174.9	0.35167	95065.4	16140.4	16138.9
C12	11174.9	1.28547	90453.7	12481.9	12480.3
C12	11174.9	0.673947	73141.2	337.395	336.501
C12	11174.9	1.07628	97635	17980.8	17979.3
C12	11174.9	0.374448	97887.1	18204.9	18203.8
C12	11174.9	0.333078	87310.5	10213.5	10212.6
C12	11174.9	0.432997	98971.1	19040.3	19038.1
C12	11174.9	3.33915	85351.6	8843.93	8840.43
C12	11174.9	0.376053	96317.8	17306.6	17306
C12	11174.9	0.48664	90907.5	13253.6	13253
C12	11174.9	0.575543	82240.1	6930.39	6929.78
C12	11174.9	0.44622	73966.1	1311.31	1309.65
C12	11174.9	0.436795	91113.2	11829.8	11829.3
C12	11174.9	0.37658	98062.7	18441.4	18440.6
neutron	939.565	1.30904	96386.6	17414.2	16085.4
He3	2808.39	10.1417	96386.6	17414.2	16085.4
Be8	7454.85	2.08163	96386.6	17414.2	16085.4
C12	11174.9	0.372791	83605.7	6958.66	6957.48
C12	11174.9	0.405306	91621.7	13707.3	13706.5
C12	11174.9	0.551034	80129.3	5616.97	5616.24
C12	11174.9	0.697846	80398.3	6350.75	6349.65
C12	11174.9	0.504613	71414.2	294.002	292.605
C12	11174.9	0.952248	97919.9	18231.8	18230.8
C12	11174.9	0.439858	97088.3	17806.7	17806.2
C12	11174.9	1.04948	81852.5	6622.35	6621.11
C12	11174.9	0.759587	87870.7	9507.3	9506.48
C12	11174.9	0.634324	98195	18131	18130.2
C12	11174.9	0.995887	97201.3	17572.4	17571.1
neutron	939.565	211.443	81614.5	5876.65	5557.07
proton	938.272	64.8101	81614.5	5876.65	5557.07
deuteron	1875.61	2.63443	81614.5	5876.65	5557.07
Be8	7454.85	6.92588	81614.5	5876.65	5557.07
C12	11174.9	2.08491	73804.8	1066.16	1064.08
C12	11174.9	0.809358	80065.8	5768.62	5767.42
C12	11174.9	0.410151	76664.1	2365.9	2365.06
C12	11174.9	0.733247	90152.8	12464.1	12463.2
C12	11174.9	0.457117	93596.4	14704.5	14703.9
C12	11174.9	0.413855	75456.2	2004.88	2004.39
C12	11174.9	0.599523	98927.1	18488.6	18486
C12	11174.9	0.458846	79629.5	5888.18	5887.66
C12	11174.9	0.440907	94805.5	16150.8	16150.2
C12	11174.9	0.743338	88889.8	11954.1	11953.4
C12	11174.9	0.69233	79366.7	2874.32	2872.65
C12	11174.9	0.509975	81153.8	6474.81	6474.07
C12	11174.9	0.537212	78021.4	4367.71	4367.17
C12	11174.9	0.338189	74754.6	548.729	548.223
C12	11174.9	0.444514	97226.2	17829.8	17829.2
C12	11174.9	0.348993	90231.9	8760.3	8759.11
C12	11174.9	1.39076	95791	16520.9	16519.1
C12	11174.9	0.347641	78456.5	3387.82	3387.34
neutron	939.565	91.4737	94238.8	15445.6	15224.3
proton	938.272	84.3575	94238.8	15445.6	15224.3
deuteron	1875.61	8.20077	94238.8	15445.6	15224.3
Be8	7454.85	0.980767	94238.8	15445.6	15224.3
C12	11174.9	0.3978	79159.8	3551.39	3550.41
C13	12109.5	1.27787	78629.6	4031.46	4029.42
proton	938.272	1357.45	96681.4	17306.8	10212.1
proton	938.272	2.29579	96681.4	17306.8	10212.1
B10	9324.44	0.128352	96681.4	17306.8	10212.1
C12	11174.9	1.00294	90581.7	13364.7	13363.2
C12	11174.9	1.02106	93500.3	14750.5	14749.2
C12	11174.9	0.618136	79497.9	5300.13	5299.14
C12	11174.9	2.11866	74150.6	1390.26	1387.61
C12	11174.9	0.789872	74071.2	311.982	309.673
C12	11174.9	0.464165	94155.1	15607.1	15606.6
C12	11174.9	0.654636	94990.3	15650.7	15649.8
C12	11174.9	0.393734	78819.4	3691.42	3690.78
C12	11174.9	0.34636	81706.8	6160.38	6160.02
C12	11174.9	0.349144	93537.4	15200.6	15200.1
C12	11174.9	0.647763	92237	13870.2	13869.4
C12	11174.9	0.582013	93602.4	15132.5	15131.8
C12	11174.9	1.44134	77173	1845.19	1843.61
C12	11174.9	0.68451	97711.5	18122	18120.6
C12	11174.9	0.531116	91040.6	12851.9	12850.8
C12	11174.9	0.575308	76525.6	2955.08	2954.18
C12	11174.9	1.04586	74208.1	1552.62	1551.29
C12	11174.9	0.411027	97473.5	16995	16994.5
C12	11174.9	0.479257	96010.4	16715.1	16713.9
C12	11174.9	0.781354	83152.9	7876.93	7875.9
C12	11174.9	0.346081	75490.6	922.703	922.29
C12	11174.9	0.501321	86762.4	10828.8	10828.1
C12	11174.9	2.54146	78338.1	4846.39	4842.68
C12	11174.9	0.569508	84078.4	6912.05	6910.49
C12	11174.9	0.615214	79104.6	1822.3	1821.65
C12	11174.9	0.608311	80206.7	4920.52	4919.74
C12	11174.9	0.372583	74820.1	2810.85	2810.48
C12	11174.9	0.513685	91346.3	12804.9	12803.9
C12	11174.9	0.441023	95393.4	16097.3	16096.3
C12	11174.9	9.12757	92425	13892.7	13883.2
C12	11174.9	0.373932	85001.2	9340.09	9339.5
C12	11174.9	0.744176	94891.7	15790.1	15788.5
C12	11174.9	0.443049	85769.5	7867.27	7866.76
C12	11174.9	0.438682	95279.7	15263.1	15262.1
C12	11174.9	0.370838	74356.8	1389.97	1389.36
C12	11174.9	0.846972	77641.2	4303.67	4302.76
C12	11174.9	0.608426	93956.6	15678	15676.7
C12	11174.9	0.418737	89629.7	12620.3	12619.4
C12	11174.9	0.536049	87637.5	11175.5	11174.8
C12	11174.9	0.645977	87185.7	10867.4	10866.7
C12	11174.9	0.959454	86029.9	10154.3	10153.3
C12	11174.9	0.420514	95329.5	16327.5	16326.7
C12	11174.9	0.377815	79859.8	5774.03	5773.51
C12	11174.9	4.72726	92109.3	14412.7	14407.9
C12	11174.9	0.440438	79453.7	3894.77	3893.54
C12	11174.9	0.705654	99104.6	19112.1	19110.4
C12	11174.9	0.621835	98783.3	18908.6	18907.8
C12	11174.9	0.693937	88537.9	10336.7	10336
C12	11174.9	0.972042	90313.2	13138	13136.7
C12	11174.9	0.380977	95585.3	16448.8	16448.1
C12	11174.9	0.605081	91762	13828.3	13827.5
C12	11174.9	0.897891	91115.6	12999.1	12998.1
C12	11174.9	0.750867	96907.8	17558.2	17556.6
C12	11174.9	0.489965	99255.7	19185.5	19184.2
C12	11174.9	0.335286	80379.3	5136.26	5135.75
C12	11174.9	0.360149	98491.7	18685.6	18684.9
C12	11174.9	0.337576	90751.4	12721.9	12721.6
C12	11174.9	1.59983	89998.7	12060	12058.4
C12	11174.9	1.77086	86315.6	9514.89	9513.07
C12	11174.9	1.16342	82093.2	6607.66	6606.28
C12	11174.9	0.482912	96634.2	17286.4	17284.8
C12	11174.9	0.696408	74657.6	2036.12	2035.38
C12	11174.9	0.357197	91260.7	13105.2	13104.2
C12	11174.9	0.5815	80274.2	964.408	963.371
C12	11174.9	0.667736	89620.9	12371.7	12370.9
C12	11174.9	0.604041	74853.9	1408.92	1407.55
C12	11174.9	0.594447	94330.3	15799.4	15798
neutron	939.565	333.121	78971.1	4888.16	3646.26
neutron	939.565	2.45995	78971.1	4888.16	3646.26
B10	9324.44	2.21447	78971.1	4888.16	3646.26
C12	11174.9	0.821054	99658.4	19482.4	19481.5
C12	11174.9	0.463233	96143.5	17234.8	17234
C12	11174.9	1.19047	84290.6	8854.05	8852.67
C12	11174.9	1.27896	98582.4	18781.1	18779.7
C12	11174.9	0.707856	94220.7	15758.7	15757.8
C12	11174.9	0.656286	92272.1	13743.2	13741.4
C13	12109.5	0.793304	87606	10251	10249.6
C12	11174.9	0.844189	87280.4	10598.7	10596.9
C12	11174.9	0.576399	74485.6	1574.09	1573.31
C12	11174.9	0.602487	78132.8	2245.23	2244.33
neutron	939.565	103.901	98275.1	18554.8	18314.5
neutron	939.565	94.3394	98275.1	18554.8	18314.5
proton	938.272	2.49558	98275.1	18554.8	18314.5
proton	938.272	1.59538	98275.1	18554.8	18314.5
Be8	7454.85	1.32627	98275.1	18554.8	18314.5
C12	11174.9	0.373232	73823	1564.32	1563.41
C12	11174.9	0.418347	77533.7	2083.13	2082.42
C12	11174.9	0.712082	77965.3	767.405	765.696
neutron	939.565	125.445	97694.2	18113.9	17442.8
neutron	939.565	107.528	97694.2	18113.9	17442.8
proton	938.272	98.1129	97694.2	18113.9	17442.8
neutron	939.565	32.643	97694.2	18113.9	17442.8
neutron	939.565	19.1188	97694.2	18113.9	17442.8
proton	938.272	8.64518	97694.2	18113.9	17442.8
alpha	3727.38	18.4103	97694.2	18113.9	17442.8
deuteron	1875.61	24.4995	97694.2	18113.9	17442.8
C12	11174.9	0.618707	97101.3	17572.9	17572.2
C12	11174.9	6.45376	87764.8	10973.4	10966.9
C12	11174.9	0.414851	83271.3	7767.94	7767.34
C12	11174.9	0.679605	97810.7	18265.2	18263.9
C12	11174.9	0.476649	99328.1	19285.3	19282.9
C12	11174.9	1.15693	90358.7	11313.1	11311.9
C12	11174.9	0.405798	75201.7	100.947	99.5286
C12	11174.9	0.422484	73597.4	712.194	711.514
C12	11174.9	1.16085	91567.2	14134.7	14133.5
C12	11174.9	0.362379	89593	8818.57	8817.68
C12	11174.9	2.01214	76613.3	1329.94	1327.38
C12	11174.9	0.349486	93024.1	14274.5	14272.3
C12	11174.9	1.15405	81989.5	2052.12	2050.48
C12	11174.9	0.430275	97583.4	17814.8	17814.3
C12	11174.9	0.67713	72270.3	214.655	213.669
C12	11174.9	0.498735	97618.5	17447.4	17446.5
C12	11174.9	0.885579	73179.6	133.659	132.368
C12	11174.9	0.913932	88832.1	10035	10033.7
C12	11174.9	1.06902	97940.6	18360.5	18359
C12	11174.9	0.419439	92420.6	14076.5	14075.5
C12	11174.9	0.350764	76409.6	3588.76	3588.26
C12	11174.9	0.588329	85593.1	10068	10067
C12	11174.9	0.378555	81161.3	5799.3	5798.04
neutron	939.565	163.405	91866.1	13779.9	13401.2
proton	938.272	90.3849	91866.1	13779.9	13401.2
neutron	939.565	34.7653	91866.1	13779.9	13401.2
proton	938.272	13.2914	91866.1	13779.9	13401.2
proton	938.272	7.3402	91866.1	13779.9	13401.2
triton	2808.92	6.43367	91866.1	13779.9	13401.2
alpha	3727.38	1.60383	91866.1	13779.9	13401.2
C12	11174.9	0.71935	91288.5	13016	13014.9
C12	11174.9	0.342822	98391	18636.3	18635.6
C12	11174.9	0.342565	98879.1	18791.6	18790.9
C12	11174.9	0.461654	90521.8	9715.8	9714.91
C12	11174.9	0.630859	87401.7	8498.12	8497.35
C12	11174.9	0.774246	79804.9	3345.18	3343.73
C12	11174.9	0.698082	77135.5	1576.83	1575.65
C12	11174.9	0.737754	89096.7	8948.57	8947.35
C12	11174.9	0.361018	80086.5	6089.9	6089.4
C12	11174.9	0.813628	81094.3	5790.66	5789.22
C12	11174.9	0.447658	99531.4	19390	19388.9
C12	11174.9	0.362839	84916.4	8696.12	8695.6
C12	11174.9	1.01787	83292.8	6595.02	6593.72
C12	11174.9	0.432575	77299.4	2659.51	2658.7
C12	11174.9	0.4111	88228.4	10360.3	10359.7
C12	11174.9	0.396999	78074	3013.18	3012.66
C12	11174.9	0.488586	80645.3	3463.16	3462.2
C12	11174.9	0.475312	86256	9844.78	9844.27
C12	11174.9	0.371297	77440.4	2751.13	2749.3
C12	11174.9	0.430705	91547.2	13541	13540.4
C12	11174.9	2.94408	75884	1882.66	1879.43
C12	11174.9	0.583555	89364.2	12628.7	12627.2
C12	11174.9	1.02252	79607.1	2920.93	2919.71
C12	11174.9	0.754335	83576.5	8353.32	8352.3
C12	11174.9	4.79556	73112.1	1210.67	1205.7
C12	11174.9	0.612295	97523	17974.2	17973.4
C12	11174.9	0.389821	83426.9	6965.87	6965.35
C12	11174.9	0.378903	86971.6	10379.3	10378.9
C12	11174.9	0.435807	72786.2	403.854	403.352
C12	11174.9	0.34341	76586	1961.68	1960.45
C12	11174.9	0.416942	87550.2	9613.63	9612.93
C12	11174.9	0.381614	85478.6	9733.89	9733.49
C12	11174.9	0.341555	86960.2	10308.1	10307.4
C12	11174.9	0.886938	87177.6	11042	11040.1
C12	11174.9	0.521717	85187.7	9089.08	9088.54
C12	11174.9	0.368803	72754.6	312.714	311.276
C12	11174.9	0.941448	95743.3	14687.9	14685.9
C12	11174.9	1.13911	92929.4	15116	15114.4
C12	11174.9	2.81442	83798.6	4912.93	4909.66
C12	11174.9	0.346453	89651.9	11846.9	11846.6
C12	11174.9	1.02818	94988.9	16202.8	16201.7
C12	11174.9	0.513124	94102.3	15688.3	15687.8
C12	11174.9	0.404296	97055.1	16965.8	16964.9
C12	11174.9	0.854023	86293.6	6054.44	6053.32
C12	11174.9	0.406569	87451.5	10649.7	10647.7
C12	11174.9	0.568909	72597.3	992.352	991.663
C12	11174.9	1.2749	92322.9	13713.1	13711.7
C12	11174.9	0.382615	93049.5	11463.7	11462.9
C12	11174.9	0.383184	93810	15119.7	15119.3
alpha	3727.38	9.16902	97669.6	17819.4	17609
alpha	3727.38	8.34067	97669.6	17819.4	17609
alpha	3727.38	2.6077	97669.6	17819.4	17609
C12	11174.9	0.639966	92232.2	14159.2	14158.2
C12	11174.9	0.662106	91967.1	12957.1	12955.3
C12	11174.9	0.467916	83930.5	7613.18	7611.94
C12	11174.9	0.366874	79798.6	4797.36	4796.83
C12	11174.9	0.633024	86266.7	9544.99	9544.35
C12	11174.9	0.502208	93407.6	14959.5	14958.3
proton	938.272	109.304	77699	3377.13	2820.7
proton	938.272	2.8544	77699	3377.13	2820.7
Be10	9325.5	0.699703	77699	3377.13	2820.7
C12	11174.9	0.347929	98768.2	18869.3	18868.6
C12	11174.9	0.34701	98209.4	18465.9	18465.1
C12	11174.9	0.363665	77989.4	2696.29	2695.85
C13	12109.5	1.84462	98033	18485.2	18483.4
C12	11174.9	0.919725	80809.9	5334.02	5332.55
C12	11174.9	0.698974	78500.1	3897.76	3896.96
C12	11174.9	0.684591	88907	11681.8	11680.5
C12	11174.9	0.402606	90296.9	12333.7	12332.9
neutron	939.565	207.305	85355.1	7120.41	6690.77
proton	938.272	178.895	85355.1	7120.41	6690.77
proton	938.272	4.60773	85355.1	7120.41	6690.77
neutron	939.565	1.86208	85355.1	7120.41	6690.77
Be8	7454.85	0.481912	85355.1	7120.41	6690.77
C12	11174.9	0.435267	88384.3	10816.8	10816.1
C12	11174.9	0.405792	88303.5	11722.9	11722.4
C12	11174.9	0.921051	76589.3	3412.97	3411.19
C12	11174.9	0.396102	98767.8	18916.9	18916.3
C12	11174.9	0.475188	77821.1	3526.9	3525.33
C12	11174.9	0.338385	93786	15068.2	15067.3
C12	11174.9	0.501643	76291.4	1654.78	1653.69
C12	11174.9	0.612825	76917.4	3007.87	3006.13
C12	11174.9	0.424796	97547.1	18137.3	18136.8
C12	11174.9	0.554032	73176.2	604.117	603.382
C12	11174.9	0.738913	78958.7	4597.63	4596.65
C12	11174.9	0.483305	81888.6	5989.02	5988.32
C12	11174.9	0.39951	75712.6	1191.98	1191.18
C12	11174.9	0.333855	97989.5	16568.1	16567.5
C12	11174.9	0.344363	95710.8	14784.7	14784.4
C12	11174.9	0.380224	72577.7	521.683	519.994
C12	11174.9	2.00108	86332.8	9475.98	9473.64
C12	11174.9	1.28443	94586.7	15778.7	15777.3
C12	11174.9	0.601618	95323.2	15761.8	15760.6
C12	11174.9	0.712264	85720.3	9753.45	9752.74
C12	11174.9	0.39064	92610.3	14710.2	14708.8
C12	11174.9	0.382221	97851.5	17997.6	17996.5
C12	11174.9	0.493528	97693.5	17554.9	17553.9
C12	11174.9	0.521778	79685.9	4948.83	4948.28
C12	11174.9	0.69445	74672.2	1619.44	1618.25
C12	11174.9	0.433404	94735.7	15178.4	15177.9
C12	11174.9	1.2205	75143	355.908	354.268
C12	11174.9	1.01819	99221	19135.3	19133.8
C12	11174.9	0.387102	98615.4	18726	18725.2
C12	11174.9	0.781846	75256.7	1402.53	1401.67
C12	11174.9	0.425023	97671.9	17846.1	17845.5
C12	11174.9	0.437294	81321.1	6120.76	6120.27
neutron	939.565	60.1596	90271.1	12738.5	12515.7
proton	938.272	45.0301	90271.1	12738.5	12515.7
proton	938.272	23.6137	90271.1	12738.5	12515.7
proton	938.272	11.119	90271.1	12738.5	12515.7
neutron	939.565	4.00246	90271.1	12738.5	12515.7
neutron	939.565	1.70617	90271.1	12738.5	12515.7
proton	938.272	1.25003	90271.1	12738.5	12515.7
neutron	939.565	0.166206	90271.1	12738.5	12515.7
alpha	3727.38	10.2381	90271.1	12738.5	12515.7
C12	11174.9	1.73096	73371	1041.95	1039.36
C12	11174.9	2.85269	87503.6	10519.1	10515.8
C12	11174.9	0.434364	98580.1	18562.8	18560.9
C12	11174.9	0.823665	77093.1	1629.52	1628.25
neutron	939.565	32.3645	78023.2	3987.62	3565.28
C11	10254	1.66019	78023.2	3987.62	3565.28
C12	11174.9	0.430781	86171.7	9230.99	9229.9
C12	11174.9	0.504489	98180.1	18491.1	18487.2
C12	11174.9	0.497995	78942.9	3300.72	3299.65
neutron	939.565	177.127	88911.6	12069.6	11301
neutron	939.565	130.318	88911.6	12069.6	11301
proton	938.272	5.04325	88911.6	12069.6	11301
neutron	939.565	1.33821	88911.6	12069.6	11301
alpha	3727.38	0.915302	88911.6	12069.6	11301
alpha	3727.38	7.71016	88911.6	12069.6	11301
C12	11174.9	1.25882	93327.2	14994.6	14992.9
C12	11174.9	0.399673	76509	3083.22	3082.17
C12	11174.9	0.368995	98431.3	18736.7	18735.9
C12	11174.9	3.7067	74201.2	519.938	516.053
C12	11174.9	0.370441	85030	9047.86	9047.43
C12	11174.9	0.468245	80234.3	5259.07	5257.37
proton	938.272	6.62019	78246.9	3761.09	2571.15
B11	10252.5	3.97078	78246.9	3761.09	2571.15
C12	11174.9	0.558471	86593.6	9532.74	9531.25
proton	938.272	145.27	98439.5	18672.5	18207.9
proton	938.272	20.3341	98439.5	18672.5	18207.9
proton	938.272	6.98075	98439.5	18672.5	18207.9
Li9	8406.87	4.88701	98439.5	18672.5	18207.9
C12	11174.9	0.547938	95151.8	15541.9	15541.3
C12	11174.9	1.21273	95121.1	15523.2	15521.8
C12	11174.9	0.481146	92443.7	13686.3	13684.8
C12	11174.9	0.495616	95423.1	16390.1	16389.1
C12	11174.9	0.804268	98948.1	19031.9	19030.9
C12	11174.9	1.13731	95706.5	16725.1	16723.7
C12	11174.9	0.386794	80651.1	6375.59	6374.93
C12	11174.9	2.5491	89813.9	9069.61	9066.71
C12	11174.9	1.13074	77401.2	2656.24	2655.09
C12	11174.9	1.34456	96502.3	17338.4	17336.9
C12	11174.9	0.45122	85179.3	5763.75	5762.9
C12	11174.9	0.58168	77388	536.261	535.632
proton	938.272	223.918	89188.4	8270.28	7878.79
neutron	939.565	127.829	89188.4	8270.28	7878.79
B10	9324.44	5.98911	89188.4	8270.28	7878.79
C12	11174.9	0.402912	85871.4	7868.31	7867.59
C12	11174.9	0.548611	89257.9	12115.5	12114.9
C12	11174.9	0.359762	91020.1	10392.9	10392.4
C12	11174.9	0.545194	77325.1	1297.8	1297.05
C12	11174.9	0.559804	91315.4	13642.4	13641.5
C12	11174.9	0.631194	90317.5	13078.7	13078
C12	11174.9	0.547537	82652.8	6775.15	6774.58
C12	11174.9	0.476717	75460.8	1708.73	1707.7
C12	11174.9	0.535921	95015.1	15633.6	15632.8
C12	11174.9	0.34481	90131.6	11723.2	11722.7
C12	11174.9	0.388111	75392.5	1100.17	1099.16
C12	11174.9	0.811794	87919.1	9238.65	9236.54
C13	12109.5	0.429707	99217.5	19148	19147
C12	11174.9	0.366139	81431.4	6702.29	6701.54
proton	938.272	5.10835	84574.8	6885.62	6540.82
B11	10252.5	5.71078	84574.8	6885.62	6540.82
C12	11174.9	1.16841	89673.1	10808.6	10807.2
C12	11174.9	0.49542	86214.5	10240.1	10239.5
C12	11174.9	0.410046	94760.9	16159.5	16158.3
C12	11174.9	0.444448	89179.9	11650	11649.5
C12	11174.9	0.392748	88155.9	11001.5	11000.8
C12	11174.9	0.33832	83668.4	6536.27	6535.21
C12	11174.9	0.607419	83941.2	3283.39	3282.62
C12	11174.9	0.663274	89859.1	12433.3	12431.8
C12	11174.9	0.3932	83610.1	6819.49	6819.09
C12	11174.9	0.39945	90102.5	12433	12432.3
C12	11174.9	0.779381	91612.4	13788.1	13787.2
C12	11174.9	0.559927	97543	17053.8	17053
C12	11174.9	0.452342	86216.6	7193.65	7192.88
C12	11174.9	0.487863	83117.3	4578.09	4577.23
C13	12109.5	0.450885	78896.8	4528.75	4527.3
C12	11174.9	0.690938	98220.9	18473.6	18472.1
C12	11174.9	0.442878	84317	8073.7	8073.06
C12	11174.9	0.534035	75030.1	1619.81	1618.88
C12	11174.9	1.47702	82900.3	4605.84	4603.99
proton	938.272	1.52642	93549.5	14853.7	14620.4
B11	10252.5	2.29778	93549.5	14853.7	14620.4
neutron	939.565	443.881	79898.9	3381.6	2593.62
proton	938.272	305.287	79898.9	3381.6	2593.62
deuteron	1875.61	4.49049	79898.9	3381.6	2593.62
Be8	7454.85	0.602926	79898.9	3381.6	2593.62
C12	11174.9	0.388734	90114.7	9926.91	9926.22
proton	938.272	855.223	98951.1	18957.2	15363.5
neutron	939.565	2.78693	98951.1	18957.2	15363.5
B10	9324.44	1.30609	98951.1	18957.2	15363.5
C12	11174.9	0.948624	90920.5	9389.93	9388.81
C12	11174.9	0.432701	73805.3	766.414	765.818
C12	11174.9	1.86612	93625.2	15131.6	15128.6
C12	11174.9	0.576438	96310.1	17142.1	17141.3
C12	11174.9	1.424	79409.9	4466.04	4464.19
C12	11174.9	0.705491	74384.1	1040.98	1039.59
C12	11174.9	0.85919	84055.3	8335.41	8334.16
C12	11174.9	0.533891	88262.5	12107.9	12107.1
C12	11174.9	0.410691	93398.1	14641.5	14640.8
C12	11174.9	0.342661	87085.3	9504.98	9503.48
C12	11174.9	0.381914	73371.9	363.951	363.507
C12	11174.9	0.628824	91669.8	12579.8	12579.2
C12	11174.9	2.30189	76822.5	2751.33	2748.92
C12	11174.9	0.641613	81277.4	4443.95	4443.02
C12	11174.9	0.374219	81509.7	5358.04	5357.61
C12	11174.9	0.718228	80237.4	4373.46	4371.11
C12	11174.9	0.66952	78902.3	3062.65	3061.89
C12	11174.9	1.0595	77276.7	4139.82	4138.42
C12	11174.9	0.415724	88233.2	10460.2	10459.2
C12	11174.9	0.905402	75490.2	1203.84	1202.72
C12	11174.9	0.970732	77627.2	3067.56	3066.31
C12	11174.9	0.589527	95845.8	16754.4	16753.8
C12	11174.9	0.479284	98736.4	18763.2	18761.1
C12	11174.9	0.375328	92475.3	13949	13948.6
C12	11174.9	2.1271	88546	11108.1	11105.2
C12	11174.9	0.381522	88281.2	10935.9	10935.3
C12	11174.9	0.612912	89214.5	7960.64	7958.29
C12	11174.9	0.710248	78646.5	3415.63	3414.66
C12	11174.9	0.390121	85390.3	9401.53	9399.89
C12	11174.9	2.87604	99509.1	19329	19326.1
C12	11174.9	0.614545	96347	16989.3	16988.6
neutron	939.565	848.516	93357.3	14928.9	12741.8
He3	2808.39	2.91262	93357.3	14928.9	12741.8
alpha	3727.38	2.72639	93357.3	14928.9	12741.8
alpha	3727.38	8.46543	93357.3	14928.9	12741.8
C12	11174.9	0.844391	88863.1	10967.1	10964.5
C12	11174.9	3.49911	78558.6	2608.02	2603.78
C12	11174.9	0.495179	80714.3	5172.04	5171.01
C12	11174.9	0.423638	99462.1	19350.3	19349.9
C12	11174.9	0.352446	96966.7	17465.5	17465.1
C12	11174.9	0.346452	81118.9	6384.67	6383.43
C12	11174.9	0.566361	77969.2	3684.44	3683.14
neutron	939.565	185.435	97403.4	17747.5	17415.9
neutron	939.565	96.5555	97403.4	17747.5	17415.9
proton	938.272	4.6555	97403.4	17747.5	17415.9
proton	938.272	4.44017	97403.4	17747.5	17415.9
alpha	3727.38	1.5657	97403.4	17747.5	17415.9
alpha	3727.38	2.81162	97403.4	17747.5	17415.9
C12	11174.9	1.05763	93842	14708.8	14707
C12	11174.9	0.814628	83493.3	7909.85	7908.56
C12	11174.9	0.810536	77541.6	3585.1	3584.04
C12	11174.9	0.415689	97227.9	17755.9	17755.2
neutron	939.565	501.833	85660.3	8273.98	7410.87
proton	938.272	142.951	85660.3	8273.98	7410.87
proton	938.272	120.294	85660.3	8273.98	7410.87
neutron	939.565	16.0377	85660.3	8273.98	7410.87
deuteron	1875.61	8.24358	85660.3	8273.98	7410.87
deuteron	1875.61	0.948952	85660.3	8273.98	7410.87
alpha	3727.38	11.0317	85660.3	8273.98	7410.87
C12	11174.9	0.431603	85921.3	9887.85	9887.4
C12	11174.9	1.04749	85705.3	9660.7	9658.93
C12	11174.9	0.353598	81171.8	5093.76	5093.06
C12	11174.9	1.63171	74107.1	895.418	892.621
C12	11174.9	0.618139	77272	2405.83	2404.26
proton	938.272	8.84671	99425.1	19188.9	18937.7
B11	10252.5	1.28011	99425.1	19188.9	18937.7
C12	11174.9	0.407272	90004	12640.8	12639.9
C12	11174.9	0.580082	79446.4	5669.86	5669.25
C12	11174.9	0.337738	82364.9	7065.17	7064.79
C12	11174.9	0.760411	81055.1	5717.55	5716.44
C12	11174.9	0.499186	79376	2227.44	2226.85
C12	11174.9	0.512014	78934.2	4434.37	4433.71
C12	11174.9	0.426629	93092.8	15004.3	15003.8
C12	11174.9	0.336678	97777.8	18311.2	18309.3
C12	11174.9	2.01281	89417.9	11947.8	11945.8
C12	11174.9	0.353871	74371.4	1805.24	1803.84
C12	11174.9	0.653294	93383.9	14080.2	14079.3
C12	11174.9	0.691754	80221.4	2463.7	2462.77
C12	11174.9	0.721307	99157.1	19120.9	19119.5
C12	11174.9	1.23074	97334.5	17756.5	17755.3
C12	11174.9	1.80404	88067.4	10884.8	10882.1
C12	11174.9	0.877687	83639.9	7784.42	7783.44
C12	11174.9	0.685358	96911.5	17724.4	17722.7
C12	11174.9	1.44296	89046.3	11405.4	11403.9
C12	11174.9	0.388701	78089.2	3952.06	3951.31
C12	11174.9	0.36314	78006.9	3911.35	3910.66
C12	11174.9	0.637155	98119.8	18383.3	18381.4
C12	11174.9	0.731173	79266.5	3900.31	3899.57
C12	11174.9	0.686851	98331.6	18571.3	18570.2
C12	11174.9	0.390747	71242.9	161.319	160.782
C12	11174.9	0.364486	86989.2	10635.3	10634.3
C12	11174.9	0.414921	81457.4	7072.09	7071.45
C12	11174.9	1.48256	90164.5	6378.51	6376.93
C12	11174.9	1.42036	89846.4	11833.8	11832.1
C12	11174.9	0.556544	72604.8	579.213	578.325
C12	11174.9	2.41046	93547.4	13506	13503.5
proton	938.272	1205.87	91490.5	12182.5	5419.13
proton	938.272	4.79104	91490.5	12182.5	5419.13
neutron	939.565	2.17755	91490.5	12182.5	5419.13
proton	938.272	1.33801	91490.5	12182.5	5419.13
alpha	3727.38	1.1415	91490.5	12182.5	5419.13
alpha	3727.38	5.13083	91490.5	12182.5	5419.13
C12	11174.9	0.412732	78073.7	3415.8	3414.51
C12	11174.9	1.54466	85040.4	9568.34	9566.38
C12	11174.9	1.07307	99836.6	19540.7	19539.1
C12	11174.9	2.88685	82664.6	6004.65	6001.49
C12	11174.9	0.89132	83624.5	7825.23	7823.85
C12	11174.9	0.394788	76451.4	1453.54	1453.02
C12	11174.9	0.415507	89578.4	11283.1	11282.2
C12	11174.9	1.05206	74299.7	370.39	368.701
C12	11174.9	0.761607	85759.3	8346.07	8345.23
C12	11174.9	0.452187	78180.5	4193.38	4192.39
C12	11174.9	2.04549	77832.7	2090.63	2088.4
C12	11174.9	0.670684	98597.3	18696.8	18696.1
C12	11174.9	0.350685	96667.1	17284.4	17282.9
alpha	3727.38	7.22628	86773.1	10197	9975.09
alpha	3727.38	13.3074	86773.1	10197	9975.09
alpha	3727.38	1.8226	86773.1	10197	9975.09
C12	11174.9	0.511849	93875.7	15345.5	15344.8
C12	11174.9	0.647218	91265.1	11293.2	11292.2
C12	11174.9	0.372422	83253.3	5532.83	5532.32
neutron	939.565	131.251	98228.3	18404.9	18181.3
neutron	939.565	47.7043	98228.3	18404.9	18181.3
proton	938.272	2.47674	98228.3	18404.9	18181.3
proton	938.272	2.16072	98228.3	18404.9	18181.3
Be8	7454.85	2.21249	98228.3	18404.9	18181.3
C12	11174.9	0.825302	92356.1	14075.4	14074
C12	11174.9	0.406981	86427.4	9602.14	9601.19
C12	11174.9	6.68253	79969.8	5410.5	5403.2
C12	11174.9	0.865422	83662.3	5295.24	5294.31
C12	11174.9	0.629966	98545.1	18475.5	18474.8
C12	11174.9	0.43093	75274	975.038	974.581
neutron	939.565	120.91	92382	14352	14129.3
neutron	939.565	28.1348	92382	14352	14129.3
proton	938.272	12.9058	92382	14352	14129.3
proton	938.272	5.62582	92382	14352	14129.3
alpha	3727.38	2.7893	92382	14352	14129.3
alpha	3727.38	13.8415	92382	14352	14129.3
C12	11174.9	0.349746	91161.5	13604.6	13603.8
neutron	939.565	144.926	82642	8182.19	7906.97
proton	938.272	86.8115	82642	8182.19	7906.97
proton	938.272	2.37819	82642	8182.19	7906.97
neutron	939.565	0.702531	82642	8182.19	7906.97
Be8	7454.85	4.08624	82642	8182.19	7906.97
neutron	939.565	55.779	93639.4	14930.4	14594.9
neutron	939.565	49.5034	93639.4	14930.4	14594.9
neutron	939.565	7.92211	93639.4	14930.4	14594.9
proton	938.272	3.19105	93639.4	14930.4	14594.9
Be8	7454.85	2.33901	93639.4	14930.4	14594.9
C12	11174.9	2.5252	80012.3	5332.47	5329.91
C12	11174.9	0.614094	98105.5	18476.1	18475
C12	11174.9	0.490419	86979.9	10637.1	10636.2
C12	11174.9	1.3758	79993.4	4945.16	4943.78
C12	11174.9	3.50914	99045.6	18987	18982.9
proton	938.272	41.8365	85135.6	6593.32	6325.09
B11	10252.5	16.5276	85135.6	6593.32	6325.09
C12	11174.9	0.483052	79966.1	5174.59	5173.61
proton	938.272	686.988	97306.5	17593.5	15981.3
neutron	939.565	4.39607	97306.5	17593.5	15981.3
B10	9324.44	0.339958	97306.5	17593.5	15981.3
C12	11174.9	0.349688	81776.6	4784.24	4783.61
C12	11174.9	0.685534	77104.7	1353.74	1352.45
C12	11174.9	0.573686	77510.6	4031.4	4030.63
C12	11174.9	0.373676	95732.7	16621	16619.5
C12	11174.9	0.337419	75918.3	1835.49	1835.03
C12	11174.9	0.808084	73274.3	497.736	496.639
C12	11174.9	0.443365	90355.2	12412.8	12412.1
C12	11174.9	0.430557	82990	6258.39	6257.81
C12	11174.9	0.66706	86506.7	10881.3	10880.3
C12	11174.9	0.569361	80459.8	1373.04	1371.98
C12	11174.9	0.85539	74951.1	2180.1	2177.36
C12	11174.9	0.355003	93263.2	13885	13884
C12	11174.9	0.840928	86982.8	9250.63	9249.52
C12	11174.9	0.361992	75017.1	402.542	401.056
C12	11174.9	1.12543	75119.2	942.333	940.595
C12	11174.9	0.350276	96317.9	17217.6	17217.2
C12	11174.9	0.459006	97886.4	17738.2	17737.5
C12	11174.9	1.14816	99684.4	19494.7	19493.3
C12	11174.9	0.362054	89063.4	10932.8	10932.3
C12	11174.9	0.419726	79439.9	4031.39	4030.51
neutron	939.565	42.5021	97390.2	17794	17117.1
B11	10252.5	1.92015	97390.2	17794	17117.1
C12	11174.9	0.50635	94985.2	13674.9	13673.8
C12	11174.9	0.389924	82161.6	6302.49	6302.01
C12	11174.9	1.06512	96925.1	17293.5	17292.3
C12	11174.9	0.903448	92900.7	14484.1	14482.9
C12	11174.9	0.658881	92357.3	14171.8	14170.4
C12	11174.9	0.4188	99409.8	19282	19279.7
C12	11174.9	0.822305	74670	1501.5	1499.59
C12	11174.9	0.468128	88934.4	11321.4	11320.5
C12	11174.9	0.863718	86839.1	10292.3	10291.3
C12	11174.9	0.347435	91887.8	13325.2	13324.7
C12	11174.9	0.36486	74156.2	408.959	405.689
C12	11174.9	0.517813	98860.4	18734.7	18733.9
C12	11174.9	0.613524	80594.1	4656.5	4654.96
C12	11174.9	0.360245	78117.7	2857.29	2856.79
C12	11174.9	0.865782	99584.2	19405.4	19404.5
proton	938.272	716.966	76022	2110.39	770.289
neutron	939.565	580.157	76022	2110.39	770.289
deuteron	1875.61	1.27474	76022	2110.39	770.289
alpha	3727.38	1.99961	76022	2110.39	770.289
alpha	3727.38	5.54238	76022	2110.39	770.289
C12	11174.9	0.334812	92748.7	14481.9	14480.4
C12	11174.9	1.1705	94923	16371.9	16370.6
C12	11174.9	0.382437	79393.6	4501.94	4500.39
C12	11174.9	0.680214	95890.1	15978	15977.1
C13	12109.5	0.475608	87561	9514.59	9513.55
C12	11174.9	0.390572	83691.7	8030.6	8029.77
C12	11174.9	1.05948	75335.3	2460.33	2459.23
C12	11174.9	1.3246	78577.5	4968.87	4964.83
C12	11174.9	0.33807	91631	13406.1	13405.2
C12	11174.9	0.438154	85806	8528.66	8527.72
proton	938.272	742.081	97795.1	17927.5	16776.8
proton	938.272	365.137	97795.1	17927.5	16776.8
neutron	939.565	2.61022	97795.1	17927.5	16776.8
neutron	939.565	2.34097	97795.1	17927.5	16776.8
Be8	7454.85	0.107049	97795.1	17927.5	16776.8
C12	11174.9	1.0891	81032.7	4217.67	4215.64
C12	11174.9	2.13276	99073.9	19101.5	19097.9
C12	11174.9	0.385805	72946.9	634.81	633.951
C12	11174.9	0.624846	92384.3	14037.8	14036.2
C12	11174.9	0.424978	76263.9	1431.83	1431.06
C12	11174.9	0.415881	83274.6	7656.81	7656.25
C12	11174.9	0.589434	88844.3	11321.6	11320.8
C12	11174.9	3.31601	79027.3	4483.52	4480.03
C12	11174.9	1.80724	76270.3	3217.43	3215.45
C12	11174.9	1.52579	72937.8	852.054	850.358
C12	11174.9	0.474703	92714	14846.4	14844.7
neutron	939.565	103.735	89768	11759	11310.8
B11	10252.5	0.0712314	89768	11759	11310.8
C12	11174.9	0.418419	97269.4	17284.3	17283.5
C12	11174.9	0.367939	79174.3	4984.59	4983.41
C12	11174.9	2.49879	75667.7	1028.86	1024.77
C12	11174.9	0.653714	74158.9	47.2611	45.6803
C12	11174.9	0.659798	77279.9	2853.14	2852.13
C12	11174.9	0.341371	88061.5	10918.2	10917.8
neutron	939.565	135.568	83925.5	7126.32	6815.33
neutron	939.565	128.14	83925.5	7126.32	6815.33
proton	938.272	5.14554	83925.5	7126.32	6815.33
proton	938.272	2.09843	83925.5	7126.32	6815.33
Be8	7454.85	1.52258	83925.5	7126.32	6815.33
C12	11174.9	0.347627	84304.2	7951.64	7949.72
C12	11174.9	0.53788	96372.4	17347.8	17346.6
C12	11174.9	0.430618	75233	532.489	531.828
C12	11174.9	0.437628	78471.1	4720.38	4719.41
C12	11174.9	0.331783	71212.6	47.5323	47.1321
C12	11174.9	0.636808	92406.1	9886.63	9885.97
C12	11174.9	2.51178	99715.8	19515.6	19511.9
C12	11174.9	0.36792	99628.9	19455.3	19453.4
C12	11174.9	0.539843	85197.2	7689.98	7688.59
C12	11174.9	0.356481	94481.1	14155.1	14154.4
C12	11174.9	0.851873	93496.4	13495.2	13494.2
C12	11174.9	0.661056	76705.2	3148.19	3146.8
C12	11174.9	0.370337	97724.7	17976.4	17975.4
proton	938.272	973.575	96429.7	16931.5	15064.8
neutron	939.565	851.147	96429.7	16931.5	15064.8
deuteron	1875.61	2.12809	96429.7	16931.5	15064.8
alpha	3727.38	4.37862	96429.7	16931.5	15064.8
alpha	3727.38	1.2623	96429.7	16931.5	15064.8
C12	11174.9	0.490262	82798.3	6706.68	6705.69
C12	11174.9	0.522089	98162.6	18398.6	18397.4
proton	938.272	2050.56	89340.5	12096.4	9742.8
neutron	939.565	259.883	89340.5	12096.4	9742.8
neutron	939.565	2.23448	89340.5	12096.4	9742.8
proton	938.272	1.8663	89340.5	12096.4	9742.8
Be8	7454.85	2.87734	89340.5	12096.4	9742.8
C12	11174.9	0.517366	91794.8	13174.5	13173.8
neutron	939.565	1951.36	92129.3	13250	10390.6
proton	938.272	821.931	92129.3	13250	10390.6
proton	938.272	26.6254	92129.3	13250	10390.6
neutron	939.565	2.44326	92129.3	13250	10390.6
alpha	3727.38	14.1589	92129.3	13250	10390.6
alpha	3727.38	2.72741	92129.3	13250	10390.6
C12	11174.9	1.39792	96845.3	16129.1	16126.7
C12	11174.9	0.648148	93320.9	13790.3	13789.6
C12	11174.9	2.13704	87877.1	10129.5	10127.1
C12	11174.9	0.519917	94533.2	15209.3	15208.1
C12	11174.9	0.410657	82415.5	6922.44	6921.66
C12	11174.9	0.408445	84345.2	7266.35	7265.77
C12	11174.9	0.375876	76416.1	3388.61	3386.53
C12	11174.9	0.435144	99354.1	19292.7	19291.5
C12	11174.9	0.686646	77896.4	4417.06	4415.77
C12	11174.9	0.347768	71933	461.25	460.79
C12	11174.9	0.496406	82854.6	4711.56	4709.82
C12	11174.9	0.346667	74857.8	929.022	928.613
C12	11174.9	0.741765	79878.7	6116.49	6114.22
C12	11174.9	0.401801	93924.4	15594.7	15594
C12	11174.9	0.43212	72748.8	748.086	747.45
C12	11174.9	2.06556	98665.4	17705.2	17703.1
proton	938.272	112.396	86816	9800.82	9545.02
neutron	939.565	100.201	86816	9800.82	9545.02
deuteron	1875.61	2.91515	86816	9800.82	9545.02
alpha	3727.38	4.58532	86816	9800.82	9545.02
alpha	3727.38	1.70199	86816	9800.82	9545.02
C12	11174.9	0.831792	94126.4	15101.8	15100.6
C12	11174.9	0.348751	92927.1	14403.9	14403.5
C12	11174.9	0.616611	78833.7	3859.43	3858.81
C12	11174.9	0.379841	95224.9	16250.6	16250.1
C12	11174.9	1.20166	90787.7	13050.9	13049.4
C12	11174.9	0.394714	90566.5	12823.6	12822.5
C12	11174.9	0.444177	78491.8	2687.65	2686.98
C12	11174.9	0.578308	76924.1	3197.91	3197.33
C12	11174.9	0.515557	85056.3	9370.9	9370.25
C12	11174.9	0.594923	77015.8	3889.41	3888.7
C12	11174.9	2.24127	86158.1	9428.16	9425.56
C12	11174.9	1.06096	79272.8	4892.05	4890.82
C12	11174.9	3.81495	75643.5	2059.1	2054.87
C12	11174.9	1.40985	88151.3	9659.86	9658.14
C12	11174.9	0.633489	98549.4	18452.2	18450.8
C12	11174.9	0.456491	97729.9	16980.6	16979.7
C12	11174.9	0.714125	95352.8	15503	15502.1
C12	11174.9	1.13706	81273	6391.12	6389.97
C12	11174.9	0.348104	94987.8	15429.8	15428.7
C12	11174.9	0.619358	76016.1	2063.85	2063.17
C12	11174.9	0.570163	75310.8	1555.91	1555.03
C12	11174.9	1.20138	86020.7	9773.28	9771.51
C12	11174.9	3.51463	81666.5	6833.48	6829.4
C12	11174.9	0.399964	96248.4	17135.2	17134.6
C12	11174.9	0.533826	89535.8	12448.4	12447.4
C12	11174.9	0.554674	91159.5	13110.3	13109.2
C12	11174.9	0.44364	94330	15669.8	15668.7
C12	11174.9	0.388177	96357.5	17230.5	17229.3
C12	11174.9	1.58993	73203	1237.24	1235.64
C12	11174.9	1.14623	90536.2	12922.3	12921
C12	11174.9	0.612812	84934	8761.1	8759.65
C12	11174.9	0.393158	81244	6874.97	6873.64
C12	11174.9	0.438105	99718	19489.6	19489
C12	11174.9	0.517035	95748	16861.1	16860.5
C12	11174.9	0.352392	94287.1	14068.2	14067.2
C12	11174.9	0.971932	94228	15118.1	15116.5
C12	11174.9	0.662013	95775.2	16657.6	16656.9
C12	11174.9	0.359315	86169	6714.57	6713.93
C12	11174.9	0.663416	95684.3	16544.8	16543.6
C12	11174.9	0.50569	84640.8	6662.22	6661.53
C12	11174.9	1.32891	90986.9	13691.8	13690.4
neutron	939.565	458.187	88058.9	11562.3	8517.59
neutron	939.565	4.18817	88058.9	11562.3	8517.59
deuteron	1875.61	7.74091	88058.9	11562.3	8517.59
Be8	7454.85	2.73245	88058.9	11562.3	8517.59
C12	11174.9	0.342198	88936.7	11588.5	11587.8
C12	11174.9	0.459148	93250	13117.6	13115.6
proton	938.272	533.093	95496.9	15680	14868.7
proton	938.272	181.483	95496.9	15680	14868.7
neutron	939.565	17.9896	95496.9	15680	14868.7
neutron	939.565	7.44025	95496.9	15680	14868.7
neutron	939.565	3.97612	95496.9	15680	14868.7
proton	938.272	1.05298	95496.9	15680	14868.7
Li6	5601.52	4.73272	95496.9	15680	14868.7
C12	11174.9	1.64416	94182.5	15628.6	15626.8
C12	11174.9	1.11943	89897.8	12515.9	12513.8
C12	11174.9	0.919607	76208.6	3059.4	3058
C12	11174.9	0.400957	79668	4582.3	4581.67
C12	11174.9	0.81885	81127.6	2385.71	2384.81
C12	11174.9	0.376189	76435.2	2315.63	2315.14
C12	11174.9	0.37997	86042	8759.38	8758.26
C12	11174.9	0.599886	91203.6	11444.9	11443.8
neutron	939.565	266.174	82143	5099.74	4671.21
neutron	939.565	114.809	82143	5099.74	4671.21
alpha	3727.38	7.33255	82143	5099.74	4671.21
Be6	5605.3	1.93001	82143	5099.74	4671.21
proton	938.272	96.269	89665.1	12162.1	11885.5
proton	938.272	62.0056	89665.1	12162.1	11885.5
neutron	939.565	12.3981	89665.1	12162.1	11885.5
neutron	939.565	6.08627	89665.1	12162.1	11885.5
deuteron	1875.61	2.40456	89665.1	12162.1	11885.5
deuteron	1875.61	1.57542	89665.1	12162.1	11885.5
alpha	3727.38	25.6139	89665.1	12162.1	11885.5
C12	11174.9	0.3897	75489.3	1182.82	1181.92
C12	11174.9	1.99573	95397	16639.2	16637
C12	11174.9	1.70123	82671.6	2334.69	2332.79
C12	11174.9	2.0419	96856.6	16952.5	16949
C12	11174.9	0.422669	84826.5	7022.83	7022.25
C12	11174.9	1.23751	93594.9	14821.1	14818.9
C12	11174.9	0.809404	92794.2	14270.7	14269.7
C12	11174.9	0.539766	84001.4	8691.97	8691.26
C12	11174.9	0.532322	86993.9	9912.67	9912.11
C12	11174.9	0.499192	90286.5	9565.07	9563.58
C12	11174.9	0.573577	80422.3	5654.44	5652.96
neutron	939.565	247.324	80044	5425.28	4858.26
neutron	939.565	1.34187	80044	5425.28	4858.26
B10	9324.44	6.37308	80044	5425.28	4858.26
C12	11174.9	0.340771	96711.4	17106.9	17106.2
C12	11174.9	0.565624	84854.5	7989.77	7989.13
C12	11174.9	0.393028	93371.8	14903	14902.2
C12	11174.9	0.680616	82699	7863.92	7863.14
C12	11174.9	0.72328	95502.4	15716.2	15714
C12	11174.9	0.506111	83528.3	6770.8	6770.12
C12	11174.9	0.467206	93622.3	15383.6	15382.6
C12	11174.9	0.401539	91118.2	13284.5	13284
C12	11174.9	0.440618	81749.1	4309.5	4308.76
C12	11174.9	0.853665	81697.4	4435.33	4434.41
C12	11174.9	1.26687	92440.7	12378.7	12377.4
C12	11174.9	0.755416	77757.4	3126.21	3124.37
proton	938.272	168.909	80281.8	4624.24	4136.95
C11	10254	1.13466	80281.8	4624.24	4136.95
C12	11174.9	0.395154	97110.5	17772.2	17771.5
C12	11174.9	0.516	92137.8	13945.5	13944.1
C13	12109.5	0.962382	72510.8	655.268	653.589
C12	11174.9	1.11445	96300	16568	16566.6
C12	11174.9	0.631729	83964.5	8044.28	8042.85
C12	11174.9	1.0034	85147.1	8982.22	8980.92
C12	11174.9	0.358018	73663.7	917.599	916.609
C12	11174.9	0.3904	99845.5	19594.5	19593.8
C12	11174.9	0.474577	90815.1	12820.9	12820.2
C12	11174.9	1.04031	77869.1	163.875	162.363
C12	11174.9	0.791322	88017.1	11017.1	11015.9
C12	11174.9	0.65728	90336.9	11976.1	11974.9
C12	11174.9	3.14294	80763.5	4826.85	4822.64
C12	11174.9	0.438655	89706.2	12342.1	12341.4
C12	11174.9	0.343572	89677.3	11992.8	11991.8
C12	11174.9	1.04461	78141.9	2999.94	2996.71
C12	11174.9	0.846199	85126.9	9190.29	9188.63
C12	11174.9	0.811771	75599	684.159	682.368
C12	11174.9	0.74455	91043.6	13415.2	13412.7
C13	12109.5	0.411145	73399.5	845.931	845.249
C12	11174.9	0.728527	81976.3	7279.12	7277.68
C12	11174.9	0.400297	75403.2	2590.53	2589.17
C12	11174.9	3.92011	93389.1	14868.1	14864
C12	11174.9	0.418444	96458.8	13129.2	13128.8
C12	11174.9	0.555202	93100.1	10793.9	10793
C12	11174.9	0.727374	97313.7	17913.8	17912.8
C12	11174.9	0.429649	83657.5	7716.73	7715.47
C12	11174.9	0.476298	99268	19158.2	19157.6
C12	11174.9	0.530519	91372.1	13305.8	13305.1
C12	11174.9	0.378889	89056.2	11828.8	11828.3
proton	938.272	9.13126	90608.5	12890.9	12187.3
C11	10254	2.37894	90608.5	12890.9	12187.3
C12	11174.9	0.675974	83152.4	7777.57	7776.72
C12	11174.9	2.09478	90240.1	12818	12815.3
C12	11174.9	0.80117	81737	6365.97	6364.98
C12	11174.9	0.373846	78685.5	3922.45	3922.05
C12	11174.9	0.515983	86235.9	9315.06	9314.15
C12	11174.9	0.482234	82736.5	6060.62	6059.68
C12	11174.9	1.64863	98194.7	18483.6	18481.8
C12	11174.9	0.800163	76797.2	1838.88	1838.04
C12	11174.9	0.529399	77941.5	3047.77	3046.77
proton	938.272	219.031	83591.4	7191.6	6299.06
proton	938.272	2.68417	83591.4	7191.6	6299.06
neutron	939.565	1.89964	83591.4	7191.6	6299.06
neutron	939.565	0.123275	83591.4	7191.6	6299.06
Be8	7454.85	0.109633	83591.4	7191.6	6299.06
C12	11174.9	0.35976	75826.9	1830.14	1829.65
C12	11174.9	0.780433	79439.7	5190.21	5188.86
C12	11174.9	0.493649	82266.6	5438.46	5437.01
neutron	939.565	534.317	94309.8	15639.1	14840.6
proton	938.272	221.207	94309.8	15639.1	14840.6
proton	938.272	2.75453	94309.8	15639.1	14840.6
neutron	939.565	0.0761915	94309.8	15639.1	14840.6
Be8	7454.85	1.40811	94309.8	15639.1	14840.6
C12	11174.9	0.699352	79148	5243.24	5242.15
C12	11174.9	0.378061	73859.2	1052.02	1051.07
C13	12109.5	0.419332	81112.2	6113.33	6112.03
C12	11174.9	0.374783	72950.7	492.204	491.811
C12	11174.9	1.28403	91052.3	13621.1	13619.6
C12	11174.9	0.599716	85301	9728.74	9727.84
C12	11174.9	2.37142	83885.9	8087.44	8084.65
C12	11174.9	0.657373	92768.9	14403.9	14403.2
C12	11174.9	0.369425	97524.2	17037.9	17037.5
C12	11174.9	0.548519	89606.4	11469.3	11468.3
C12	11174.9	0.439132	82940.5	6904.87	6903.87
C12	11174.9	1.46252	95271.8	16349.6	16347.3
C12	11174.9	0.621483	93983.1	15461.9	15461.2
C12	11174.9	0.661824	98538	18696.2	18695.4
C12	11174.9	0.436945	79244.8	2571.46	2570.9
C12	11174.9	1.50939	91023.2	10842.9	10841.3
C12	11174.9	0.338765	94356.8	16028.6	16028.2
C12	11174.9	0.412409	83359.5	7789.04	7788.29
C12	11174.9	0.498645	79736.2	4109.83	4107.48
C12	11174.9	0.392394	92314.5	14114.6	14113.8
C12	11174.9	0.338207	95774.8	16295.2	16294.6
C12	11174.9	0.835194	86881.7	9790.87	9789.29
neutron	939.565	325.982	98113.1	18197.7	17221.5
neutron	939.565	90.9858	98113.1	18197.7	17221.5
neutron	939.565	45.577	98113.1	18197.7	17221.5
neutron	939.565	23.5627	98113.1	18197.7	17221.5
proton	938.272	12.1041	98113.1	18197.7	17221.5
proton	938.272	11.3172	98113.1	18197.7	17221.5
neutron	939.565	4.6722	98113.1	18197.7	17221.5
proton	938.272	2.2027	98113.1	18197.7	17221.5
deuteron	1875.61	13.0533	98113.1	18197.7	17221.5
deuteron	1875.61	7.14214	98113.1	18197.7	17221.5
proton	938.272	1015.61	81682.3	5032.88	2835.94
neutron	939.565	168.436	81682.3	5032.88	2835.94
deuteron	1875.61	17.5541	81682.3	5032.88	2835.94
alpha	3727.38	7.27474	81682.3	5032.88	2835.94
alpha	3727.38	6.82219	81682.3	5032.88	2835.94
C12	11174.9	0.341283	97505.2	17983.6	17982.9
C12	11174.9	0.483002	74352.6	1587.81	1587.14
C12	11174.9	0.502042	96245.2	17275.8	17275.2
C12	11174.9	0.402192	90917.8	12792.6	12792.1
neutron	939.565	153.057	87822.8	10575.9	10125.3
B11	10252.5	0.627406	87822.8	10575.9	10125.3
C12	11174.9	0.349184	89257.6	11094.3	11092.8
C12	11174.9	0.453587	83006.7	6980.47	6979.22
C12	11174.9	1.06774	93988.4	15796.3	15795.2
C12	11174.9	1.91766	86113.4	10496.2	10494
C12	11174.9	0.458447	80093.6	5203.67	5203.08
C12	11174.9	0.709639	92761	14465	14464.2
C12	11174.9	0.485097	80727	5679.52	5678.91
proton	938.272	121.575	93692.2	15107.8	14205.7
proton	938.272	0.816508	93692.2	15107.8	14205.7
B10	9324.44	1.69718	93692.2	15107.8	14205.7
C12	11174.9	1.01276	89045.6	9157.86	9155.48
neutron	939.565	16.3334	97938.1	18341.7	18008.3
C11	10254	3.37446	97938.1	18341.7	18008.3
neutron	939.565	95.6423	98857.8	18828.9	18518.9
C12	11174.9	0.563588	98857.8	18828.9	18518.9
C12	11174.9	0.351966	85682.1	9551.83	9551.06
C12	11174.9	0.39851	76140.9	2492.19	2489.08
neutron	939.565	229.268	83745	8292.12	7080.28
proton	938.272	1.21595	83745	8292.12	7080.28
B10	9324.44	0.589445	83745	8292.12	7080.28
C12	11174.9	0.547451	77502.9	2467.9	2466.23
C12	11174.9	0.637548	96431.4	17025.5	17024.4
C13	12109.5	1.11453	99878.3	19608.2	19606.4
C12	11174.9	0.454646	80658.5	6089.41	6088.59
C12	11174.9	2.01748	97264.2	17493.1	17490.9
C12	11174.9	1.47787	84975.7	8437.11	8435.01
C12	11174.9	0.630293	77342.6	2182.93	2182.13
C12	11174.9	0.510075	97301	17952.2	17951.6
C12	11174.9	0.496087	85598.1	9992.79	9991.97
C12	11174.9	2.30953	78296.6	3515.88	3513.34
C12	11174.9	0.565694	82248.4	5805.9	5805.17
C12	11174.9	0.466366	89866.8	11502.6	11502
neutron	939.565	4056.57	95274.3	14897.2	7523.29
neutron	939.565	195.543	95274.3	14897.2	7523.29
proton	938.272	186.314	95274.3	14897.2	7523.29
neutron	939.565	118.781	95274.3	14897.2	7523.29
neutron	939.565	87.2432	95274.3	14897.2	7523.29
neutron	939.565	24.6585	95274.3	14897.2	7523.29
proton	938.272	9.40744	95274.3	14897.2	7523.29
proton	938.272	6.13053	95274.3	14897.2	7523.29
neutron	939.565	3.42451	95274.3	14897.2	7523.29
alpha	3727.38	13.1208	95274.3	14897.2	7523.29
C12	11174.9	0.518689	81243.5	5144.03	5143.2
C12	11174.9	0.371801	80163.3	5110.87	5110.48
C12	11174.9	0.706842	89868.8	11978.5	11977.4
C12	11174.9	0.697117	92562.8	14928.2	14927.5
C12	11174.9	0.355215	80899	4614.57	4614.18
C12	11174.9	20.1187	96721.6	14411	14390.9
C12	11174.9	0.655532	94274.1	14503.7	14502.4
neutron	939.565	259.219	80733.1	1962.03	1238.44
proton	938.272	119.332	80733.1	1962.03	1238.44
neutron	939.565	3.06482	80733.1	1962.03	1238.44
neutron	939.565	0.969427	80733.1	1962.03	1238.44
Be8	7454.85	0.204787	80733.1	1962.03	1238.44
C12	11174.9	0.468554	81651.1	4858	4857.42
C12	11174.9	0.650562	99223.3	16026.6	16025.9
C12	11174.9	0.641292	78391.2	1695.7	1694.26
C12	11174.9	1.26897	73444.8	279.839	278.345
neutron	939.565	802.029	95211.6	16428.1	14410.1
proton	938.272	28.3929	95211.6	16428.1	14410.1
proton	938.272	9.5435	95211.6	16428.1	14410.1
proton	938.272	8.9054	95211.6	16428.1	14410.1
proton	938.272	1.78231	95211.6	16428.1	14410.1
triton	2808.92	11.3178	95211.6	16428.1	14410.1
alpha	3727.38	4.05787	95211.6	16428.1	14410.1
C12	11174.9	0.653763	97333.9	17786.1	17785.4
C12	11174.9	0.387644	80190.2	4438.23	4437.43
C12	11174.9	0.417706	95106.9	15529.2	15528.5
C12	11174.9	0.334679	86647.7	10027.7	10027.3
C12	11174.9	1.44316	88571.7	11276	11274.4
proton	938.272	242.133	97951.6	17690.5	17328.7
proton	938.272	78.7168	97951.6	17690.5	17328.7
neutron	939.565	0.0609875	97951.6	17690.5	17328.7
Be9	8392.75	5.37804	97951.6	17690.5	17328.7
C12	11174.9	0.62117	80364.5	5577.84	5577.2
C12	11174.9	0.566644	97879	18305.7	18305.1
C12	11174.9	0.450204	90102.5	12256.8	12256.4
C12	11174.9	0.540543	93313.1	15063.6	15061.9
proton	938.272	275.69	92133.6	13901.1	13210.5
C11	10254	0.753934	92133.6	13901.1	13210.5
C12	11174.9	0.706778	86110.6	9348.12	9347.37
C12	11174.9	0.475321	86593.3	7937	7935.7
C12	11174.9	0.722679	94740.7	14956.2	14955.3
C12	11174.9	0.822246	73396.2	1511.59	1510.08
C12	11174.9	2.6592	71354.3	184.951	182.274
C12	11174.9	0.378904	79835.2	5369.79	5369.29
C12	11174.9	0.525711	91382.5	13817.2	13815.9
C12	11174.9	0.452497	91481.9	10886.5	10885
C12	11174.9	0.363879	76242.3	424.233	423.733
C12	11174.9	1.72124	93074.9	13996.6	13994.2
C12	11174.9	0.558219	80292.8	994.7	993.924
C12	11174.9	0.334697	92885.7	12276.8	12275.9
C12	11174.9	1.2493	76100	2782.56	2780.85
C12	11174.9	0.54174	95519	16561.5	16560.5
C12	11174.9	2.53415	90226	12064.2	12061.6
C12	11174.9	0.54632	75993.3	1170.94	1170.38
C12	11174.9	4.66593	96481.7	17173.7	17168.9
C12	11174.9	0.618013	75069.6	586.695	585.723
C12	11174.9	0.35484	79267	1732.12	1731.27
C12	11174.9	2.83105	92419.3	14516.7	14513.2
C12	11174.9	0.339354	90418.7	12907.7	12907
C12	11174.9	0.477267	95284.2	15048.4	15047.6
C12	11174.9	0.47976	84224.3	8811.82	8809.36
neutron	939.565	849.134	98586.7	18799.8	14872.8
neutron	939.565	6.9014	98586.7	18799.8	14872.8
deuteron	1875.61	19.5714	98586.7	18799.8	14872.8
alpha	3727.38	4.98171	98586.7	18799.8	14872.8
alpha	3727.38	2.78319	98586.7	18799.8	14872.8
proton	938.272	16.2123	96430.5	16970.5	16564.5
proton	938.272	3.18952	96430.5	16970.5	16564.5
neutron	939.565	0.973807	96430.5	16970.5	16564.5
neutron	939.565	0.418898	96430.5	16970.5	16564.5
alpha	3727.38	20.9519	96430.5	16970.5	16564.5
alpha	3727.38	4.49549	96430.5	16970.5	16564.5
C12	11174.9	0.847071	89896.4	12663.6	12662.6
C12	11174.9	0.37838	92829	14841.1	14840.5
C12	11174.9	0.333768	81181	6847.9	6846.49
C12	11174.9	1.64345	99068.7	19030.4	19028.7
C12	11174.9	0.360639	75218.6	1175.63	1175.08
C12	11174.9	0.662571	91177.6	13381.9	13381
C12	11174.9	0.344582	99704.9	19508.9	19507.7
C12	11174.9	1.1522	81095.2	4832.77	4831.61
C12	11174.9	0.686939	77374.9	2206.8	2205.77
C12	11174.9	0.4136	94881.8	14495.8	14494.4
C12	11174.9	0.499644	78351.7	2453.52	2452.32
C12	11174.9	0.528162	88734.3	11399.2	11398.5
C12	11174.9	0.674213	84310.3	8556.68	8555.79
C12	11174.9	0.519918	81849	6977.58	6977
C12	11174.9	0.528152	98342.9	18262.6	18261.5
C12	11174.9	0.577378	93963.8	15085.7	15084.9
C12	11174.9	0.641917	80065.4	4218.25	4217.39
C12	11174.9	0.46524	99041.9	19062.9	19062.3
C12	11174.9	0.784549	86946.6	7909.4	7908.32
C12	11174.9	0.409108	78970	2565.3	2564.68
C12	11174.9	0.922084	80106.7	5444.11	5443.18
C12	11174.9	0.461168	72865	1067.71	1067.18
C12	11174.9	0.432407	95774.4	16300.8	16300.3
C12	11174.9	0.35029	74608.4	509.003	508.577
C12	11174.9	0.374187	90946.4	13782.5	13782
C12	11174.9	0.363526	82637.8	688.278	687.784
C12	11174.9	0.427313	94220.5	15440.5	15440
C12	11174.9	0.376975	79664	5290.58	5288.3
C12	11174.9	0.862874	97294.3	17714.4	17713
C12	11174.9	0.362623	84464.4	8301.3	8300.29
C12	11174.9	0.956959	79623.3	4999.91	4998.71
C12	11174.9	0.755841	76527.7	2998.5	2997.56
C12	11174.9	15.5886	76299.1	2062.84	2047.25
C12	11174.9	0.346384	91324.7	13800.2	13798.7
C12	11174.9	0.353158	92310.2	14342.4	14341.9
C12	11174.9	0.332366	98152.2	18435.7	18434.7
C12	11174.9	0.356165	78034.2	3024.55	3023.96
C12	11174.9	0.45718	91263.2	13344	13342.8
C12	11174.9	0.403483	90032.8	10824.8	10824.2
C12	11174.9	0.964797	79731.6	2176.04	2174.5
C12	11174.9	0.393079	77986.3	1856.59	1855.5
C12	11174.9	1.52208	83768	7765.66	7763.84
C12	11174.9	0.403667	75602.3	2056.26	2055.06
C12	11174.9	0.540314	80879	5828.57	5827.48
C12	11174.9	0.61987	98128	18429.5	18428.5
C12	11174.9	0.596908	97455.5	18018.8	18018
C12	11174.9	0.352637	78240.2	3829.07	3828.38
C12	11174.9	0.388894	88044.8	11250.4	11248.7
C12	11174.9	0.339269	84736.4	6286.93	6286.1
C12	11174.9	1.218	78205.5	4084.83	4083.03
C12	11174.9	0.634098	79553.4	4121.25	4120.58
C12	11174.9	0.375456	77042.6	2263.38	2262.05
C12	11174.9	0.858611	74733	1824.11	1823.05
C12	11174.9	0.542947	87102.5	8797.37	8796.63
C12	11174.9	1.2596	98923.4	18790.7	18789.2
C12	11174.9	1.39213	97137.1	17638.3	17636.3
C12	11174.9	0.605487	77702.4	686.903	684.979
C12	11174.9	0.52126	75771.7	1878.1	1877.58
C12	11174.9	1.27507	86448.1	9368.82	9367.19
C12	11174.9	4.38588	84468.7	7924.71	7920.22
C12	11174.9	0.442497	77803.9	3201.54	3200.62
C12	11174.9	0.622972	94101.5	15169.2	15167.3
C12	11174.9	0.776352	85867.9	9185.22	9184.44
C12	11174.9	0.384562	92904.2	14798.1	14797.7
C12	11174.9	0.931374	93689.4	15188.4	15186.7
C12	11174.9	2.6291	89113.3	10508.1	10505.2
C12	11174.9	1.66571	79399.2	2394.11	2391.83
C12	11174.9	0.66843	98381.9	15404.3	15403.2
C12	11174.9	1.22752	86481.8	10541.6	10539.8
C12	11174.9	0.393757	93322.3	14330.6	14329.9
C12	11174.9	0.464237	81101.5	5934.96	5934.12
C12	11174.9	0.864619	84348.8	8918.83	8917.79
C12	11174.9	0.358221	79083.1	5267.22	5266.51
C12	11174.9	1.09631	91106.3	12470.2	12469
C12	11174.9	0.617063	78051.2	3900.36	3899.35
C12	11174.9	1.24887	95743	16608.7	16607.3
C12	11174.9	0.335623	90723.1	12993.1	12992.4
C12	11174.9	0.384549	95314.2	16349.8	16348.4
C12	11174.9	0.395056	75784.9	991.925	991.397
C12	11174.9	1.37906	95796.6	16630.7	16628.5
C12	11174.9	0.59613	93333.4	14846.8	14846.1
C12	11174.9	0.375752	82128	6560.11	6559.43
C12	11174.9	0.348762	80319.3	3866.8	3865.82
C12	11174.9	0.512196	82897.7	7413.36	7412.27
C12	11174.9	4.99027	85425.5	9628.97	9623.87
C12	11174.9	0.427981	84225.4	7233.98	7232.92
C12	11174.9	0.347337	90519.4	12741.8	12741.4
C12	11174.9	0.753852	75933.1	1471.76	1469.69
C12	11174.9	1.04093	78575.8	3557.65	3556.58
C12	11174.9	0.487207	82687.2	6669	6667.79
proton	938.272	37.7453	79839.7	3075.43	2587.98
proton	938.272	3.05352	79839.7	3075.43	2587.98
deuteron	1875.61	1.62309	79839.7	3075.43	2587.98
Be8	7454.85	6.18574	79839.7	3075.43	2587.98
C12	11174.9	0.35929	76779.6	466.611	465.4
C12	11174.9	0.946982	74324.2	383.678	382.382
C12	11174.9	0.348248	85595.7	9385.44	9384.96
C12	11174.9	12.2669	93452.7	14176.8	14164.1
C12	11174.9	0.642235	93377.7	14118.6	14118
C12	11174.9	0.418211	83608.4	8426	8425.58
C12	11174.9	2.18149	81140.2	5689.26	5686.3
C12	11174.9	0.774574	84947.8	9148.89	9147.52
C12	11174.9	0.573394	89875.5	12343.1	12342.1
neutron	939.565	234.428	89592.4	12072.6	9768.5
neutron	939.565	215.61	89592.4	12072.6	9768.5
proton	938.272	200.596	89592.4	12072.6	9768.5
proton	938.272	184.58	89592.4	12072.6	9768.5
neutron	939.565	159.006	89592.4	12072.6	9768.5
proton	938.272	40.743	89592.4	12072.6	9768.5
proton	938.272	25.274	89592.4	12072.6	9768.5
neutron	939.565	13.9657	89592.4	12072.6	9768.5
proton	938.272	6.87013	89592.4	12072.6	9768.5
neutron	939.565	5.69526	89592.4	12072.6	9768.5
deuteron	1875.61	39.9326	89592.4	12072.6	9768.5
C12	11174.9	2.39604	99862.7	19586.8	19583.5
C12	11174.9	0.551204	93359.6	14069.7	14069
C12	11174.9	0.490662	87296.2	9027.22	9026.72
C12	11174.9	1.19393	83359.5	8142.92	8141.21
C12	11174.9	0.343225	82358.1	6603.85	6603.31
C12	11174.9	0.405891	77926.1	3612.86	3612.19
C12	11174.9	1.41499	84135.8	7517	7515.39
C12	11174.9	0.460743	77621.9	3773.25	3772.69
C12	11174.9	0.670074	92436.3	13548.2	13547.5
C12	11174.9	0.504121	90395.7	12040.2	12039.1
C12	11174.9	2.95433	82174.9	5946.17	5942.97
neutron	939.565	195.998	84452.4	8600.9	8224.79
proton	938.272	135.268	84452.4	8600.9	8224.79
deuteron	1875.61	2.14431	84452.4	8600.9	8224.79
alpha	3727.38	5.88435	84452.4	8600.9	8224.79
alpha	3727.38	1.80685	84452.4	8600.9	8224.79
C12	11174.9	1.56781	77607.6	3737.98	3735.88
neutron	939.565	103.606	80867	5077.79	4863.74
neutron	939.565	62.5157	80867	5077.79	4863.74
proton	938.272	4.65787	80867	5077.79	4863.74
proton	938.272	3.72396	80867	5077.79	4863.74
Be8	7454.85	3.25419	80867	5077.79	4863.74
C12	11174.9	0.405128	77992.7	3304.84	3303.11
C12	11174.9	0.793255	99858.6	19592.7	19591.3
C12	11174.9	0.48099	84239.3	5578.75	5577.81
C12	11174.9	0.367822	85417.3	8533.56	8533.13
C12	11174.9	0.420101	90276.9	12616.1	12615.1
C12	11174.9	0.646369	74075.2	869.843	868.058
C12	11174.9	0.993073	88450.4	11131.6	11130.6
C12	11174.9	7.30335	98820.5	18815.8	18807.8
C12	11174.9	0.3463	97168.5	17472	17471.5
C12	11174.9	0.609778	94620.2	15562.7	15561.7
C12	11174.9	0.713453	96820.5	17570.3	17569.2
C12	11174.9	0.337873	99027.8	18975.7	18974.8
C12	11174.9	0.416215	75945.1	2469.74	2468.86
C12	11174.9	0.692367	79148.6	3280.48	3278.96
C12	11174.9	0.445166	91063.1	11602.3	11601.2
C12	11174.9	0.636568	88725.3	10513.3	10512.4
C12	11174.9	0.34439	86838.4	8616.9	8616.49
C12	11174.9	0.389915	86172.9	8949.77	8949.3
C12	11174.9	0.464639	98332.6	18537	18536.5
C12	11174.9	0.84922	99821.3	19551.4	19550.4
C12	11174.9	0.559049	95543.2	15999.4	15998
C12	11174.9	0.860829	89426.9	12038.4	12037
C12	11174.9	0.668467	96086.4	16767	16766.2
C12	11174.9	0.533166	90149.6	12513.2	12511.3
C12	11174.9	0.487401	99427.5	19337.9	19337.3
C12	11174.9	0.48382	98530.6	18795	18794.5
C12	11174.9	0.5641	88320	11702.3	11701.4
C12	11174.9	0.771108	86501.8	9898.64	9897.74
C12	11174.9	0.487622	98674.8	18818.2	18817.6
C12	11174.9	0.407833	89145.3	12423	12422.3
neutron	939.565	205.974	83433.5	8112.31	7815.92
neutron	939.565	47.5217	83433.5	8112.31	7815.92
proton	938.272	3.68401	83433.5	8112.31	7815.92
B9	8393.31	1.71678	83433.5	8112.31	7815.92
C12	11174.9	0.813637	71388.2	585.515	584.617
C12	11174.9	0.609137	94375.6	15632.9	15632.2
C12	11174.9	0.440518	87476	11247.3	11245.9
proton	938.272	161.704	77574.4	4309.63	3997.51
proton	938.272	88.1347	77574.4	4309.63	3997.51
neutron	939.565	4.57759	77574.4	4309.63	3997.51
neutron	939.565	2.82535	77574.4	4309.63	3997.51
Be8	7454.85	15.0093	77574.4	4309.63	3997.51
C12	11174.9	0.564968	94766.9	16095.5	16093.4
C12	11174.9	0.416143	97428.7	17527	17525.9
C12	11174.9	0.333305	78624.7	4244.6	4243.56
C12	11174.9	0.353561	73532.5	1698.96	1698.54
C12	11174.9	0.420572	73101.5	1377.62	1377.15
C12	11174.9	0.406976	89817.4	11997.7	11997.1
C12	11174.9	0.681919	93482.7	15000.9	14999.7
C12	11174.9	0.512365	82667.9	6318.12	6317.52
C12	11174.9	0.416118	97949.7	18290.7	18289.3
C12	11174.9	0.346175	82010.3	7103.6	7102.99
C12	11174.9	0.408658	89050.4	12295.3	12294.8
neutron	939.565	118.972	98710.3	18850.8	17916.7
neutron	939.565	16.8067	98710.3	18850.8	17916.7
B10	9324.44	16.6419	98710.3	18850.8	17916.7
C12	11174.9	0.679122	94039.1	14902.9	14902
C12	11174.9	0.455961	88201.2	10950.8	10949.4
proton	938.272	29.0316	92910.7	13735.7	13156.6
C11	10254	0.610116	92910.7	13735.7	13156.6
C12	11174.9	0.544165	91119.8	13736.9	13735.2
C12	11174.9	0.474361	90445.4	11363	11361.7
C12	11174.9	0.745309	81381.9	5207.03	5206.21
C12	11174.9	0.86257	83626.8	7467.66	7466.29
C12	11174.9	1.69904	97791	17268.8	17266.3
C12	11174.9	0.824292	97854.2	18203.1	18202.2
C12	11174.9	0.348535	81480.3	6789.99	6788.94
C12	11174.9	0.4844	76330.8	3149.86	3149.33
C12	11174.9	0.467654	96934.9	17584.4	17583.5
C12	11174.9	0.475315	94910.7	16238.4	16237.7
C12	11174.9	0.343932	94879.3	16207.1	16206.8
proton	938.272	688.86	76174	2315.28	1215.57
neutron	939.565	367.146	76174	2315.28	1215.57
deuteron	1875.61	3.11298	76174	2315.28	1215.57
alpha	3727.38	3.67831	76174	2315.28	1215.57
alpha	3727.38	2.11071	76174	2315.28	1215.57
C12	11174.9	0.762239	76215.5	2644.02	2642.91
C12	11174.9	0.446075	79037.4	2942.21	2941.72
C12	11174.9	0.768302	97036.3	17772.5	17771.7
neutron	939.565	527.657	84393.1	8024.21	6621.97
neutron	939.565	1.64424	84393.1	8024.21	6621.97
C10	9327.57	0.72288	84393.1	8024.21	6621.97
C12	11174.9	0.80882	78382.4	2333.51	2332.18
neutron	939.565	5.94849	96932.1	17479.3	17245.4
alpha	3727.38	5.7828	96932.1	17479.3	17245.4
He3	2808.39	4.26149	96932.1	17479.3	17245.4
alpha	3727.38	4.18836	96932.1	17479.3	17245.4
C12	11174.9	0.470369	95238.3	16432.9	16431.9
proton	938.272	419.646	85756.8	8328.11	7016.06
neutron	939.565	7.89892	85756.8	8328.11	7016.06
deuteron	1875.61	1.42761	85756.8	8328.11	7016.06
Be8	7454.85	1.415	85756.8	8328.11	7016.06
C12	11174.9	0.464296	92931.9	14588.3	14587.3
C12	11174.9	1.00442	76201.6	2607.89	2606.85
neutron	939.565	209.808	82720	7682.17	7299.24
neutron	939.565	105.276	82720	7682.17	7299.24
proton	938.272	8.13051	82720	7682.17	7299.24
proton	938.272	7.01777	82720	7682.17	7299.24
alpha	3727.38	11.0761	82720	7682.17	7299.24
alpha	3727.38	4.42802	82720	7682.17	7299.24
C12	11174.9	0.600208	78185.9	4294.98	4294.06
C12	11174.9	0.4569	98384.9	18358.6	18357.8
C12	11174.9	0.836788	81803.9	3289.05	3288.21
C12	11174.9	0.619587	92715.6	14150.2	14149.4
C12	11174.9	0.696982	93596	15000.6	14999.9
C12	11174.9	0.680608	97591.4	17884.3	17883.5
alpha	3727.38	2.55811	85567.8	10179	9850.14
alpha	3727.38	3.15617	85567.8	10179	9850.14
alpha	3727.38	12.0679	85567.8	10179	9850.14
C12	11174.9	0.358691	81590.5	6827.58	6827.22
C12	11174.9	0.506915	93580.8	15215.7	15214.6
C12	11174.9	0.355451	89096.9	10849.5	10848.3
C12	11174.9	0.38094	97244	17814.2	17813.6
neutron	939.565	1299.16	94536.3	15124.3	12315.7
neutron	939.565	474.466	94536.3	15124.3	12315.7
proton	938.272	348.157	94536.3	15124.3	12315.7
neutron	939.565	126.821	94536.3	15124.3	12315.7
proton	938.272	54.0765	94536.3	15124.3	12315.7
proton	938.272	13.1648	94536.3	15124.3	12315.7
neutron	939.565	10.5998	94536.3	15124.3	12315.7
neutron	939.565	5.77571	94536.3	15124.3	12315.7
deuteron	1875.61	13.9914	94536.3	15124.3	12315.7
deuteron	1875.61	22.1189	94536.3	15124.3	12315.7
neutron	939.565	6.15076	93453.5	11505.5	10956.4
He3	2808.39	8.97109	93453.5	11505.5	10956.4
alpha	3727.38	10.41	93453.5	11505.5	10956.4
alpha	3727.38	0.722487	93453.5	11505.5	10956.4
C12	11174.9	0.350305	85436.1	8913.86	8913.46
C12	11174.9	0.734103	75578.4	2020.15	2019.39
C12	11174.9	0.334073	74556.3	1361.08	1360.69
C12	11174.9	1.51226	84477	5888.15	5886.39
proton	938.272	119.628	91053.1	13150.4	12438.8
C11	10254	0.33423	91053.1	13150.4	12438.8
C12	11174.9	0.734277	97869.2	18226.1	18224.9
C12	11174.9	1.17548	90387.2	12502.3	12500.3
C12	11174.9	0.607989	94898.7	15679.4	15677
C12	11174.9	0.778688	83142.3	5732.44	5731.5
C12	11174.9	1.95521	96772	17542	17539.9
C12	11174.9	0.366956	91603.6	12488.4	12487.8
C12	11174.9	0.763278	96426.6	17279.9	17278.8
neutron	939.565	100.978	91786.2	14091.1	13874.5
proton	938.272	27.8496	91786.2	14091.1	13874.5
neutron	939.565	21.8644	91786.2	14091.1	13874.5
proton	938.272	6.88012	91786.2	14091.1	13874.5
alpha	3727.38	11.4692	91786.2	14091.1	13874.5
alpha	3727.38	5.32567	91786.2	14091.1	13874.5
C12	11174.9	0.386929	99123	18757.6	18756.7
proton	938.272	226.434	91794.2	12318.9	11841.3
neutron	939.565	198.377	91794.2	12318.9	11841.3
proton	938.272	8.83092	91794.2	12318.9	11841.3
neutron	939.565	4.20973	91794.2	12318.9	11841.3
Be8	7454.85	0.773072	91794.2	12318.9	11841.3
C12	11174.9	1.07508	90791	11094.6	11093.4
C12	11174.9	0.492676	86417.7	7972.69	7972.14
C12	11174.9	0.632265	87136.8	8210.68	8209.71
neutron	939.565	97.5228	83062.2	6001.06	5156.78
alpha	3727.38	4.78191	83062.2	6001.06	5156.78
Li7	6533.83	1.03568	83062.2	6001.06	5156.78
C12	11174.9	0.413442	77171.4	3460.36	3459.84
C12	11174.9	0.355564	76446.2	2953.4	2952.84
C12	11174.9	0.409361	86103.7	9554.07	9553.36
C12	11174.9	1.5269	76714.6	3282.04	3280.34
C12	11174.9	0.913187	84980.4	9034.19	9032.88
C12	11174.9	0.475022	97718.1	18142.3	18141.5
C12	11174.9	0.555543	77087.9	1411.71	1410.97
C12	11174.9	0.773048	93978	15723.1	15721.4
C12	11174.9	0.644355	78800.1	4505.09	4503.96
proton	938.272	184.578	89313.7	11798.6	11418.8
neutron	939.565	155.13	89313.7	11798.6	11418.8
proton	938.272	3.37272	89313.7	11798.6	11418.8
neutron	939.565	0.149055	89313.7	11798.6	11418.8
Be8	7454.85	0.646981	89313.7	11798.6	11418.8
C12	11174.9	0.37522	90875.6	13120.8	13120.1
proton	938.272	5.40032	98208.5	18481.2	18174.9
neutron	939.565	1.97205	98208.5	18481.2	18174.9
B10	9324.44	1.95892	98208.5	18481.2	18174.9
C12	11174.9	0.528292	95551.3	16224.7	16224
C12	11174.9	0.371239	71965	356.075	355.616
C12	11174.9	0.912233	99107.8	18771.2	18770.1
C12	11174.9	0.354458	96136.4	16207.7	16206.8
C12	11174.9	0.724952	77643.9	2546.04	2544.78
C12	11174.9	0.618194	74364.6	690.751	689.891
proton	938.272	1512.42	97139.2	17512.4	15601.6
proton	938.272	356.806	97139.2	17512.4	15601.6
neutron	939.565	3.24505	97139.2	17512.4	15601.6
neutron	939.565	1.0508	97139.2	17512.4	15601.6
Be8	7454.85	0.778102	97139.2	17512.4	15601.6
C12	11174.9	1.36673	80253.7	4846.39	4844.12
C12	11174.9	0.54473	85227.6	5726.77	5725.87
C12	11174.9	1.3288	94673.2	15690.6	15689.2
neutron	939.565	237.643	92892.8	8706.95	8220.83
neutron	939.565	202.946	92892.8	8706.95	8220.83
proton	938.272	3.01267	92892.8	8706.95	8220.83
proton	938.272	2.61608	92892.8	8706.95	8220.83
Be8	7454.85	2.59475	92892.8	8706.95	8220.83
C12	11174.9	0.428137	76057.4	2674.78	2673.65
C12	11174.9	0.508584	81496.2	6568.57	6567.8
C12	11174.9	0.686422	72551.9	658.391	657.556
C12	11174.9	0.575103	94414.2	15631.3	15630.5
C12	11174.9	0.428039	78522.4	3138.88	3137.7
proton	938.272	1472.67	94616.2	14117.9	10146.3
neutron	939.565	4.09993	94616.2	14117.9	10146.3
proton	938.272	3.43039	94616.2	14117.9	10146.3
Be9	8392.75	0.797566	94616.2	14117.9	10146.3
C12	11174.9	0.934811	83614.6	1981.04	1979.85
C12	11174.9	0.419999	91888.3	12370	12369.4
C12	11174.9	0.96096	96720.4	16056.7	16055.7
C12	11174.9	0.392194	90314.5	12514.3	12513.4
neutron	939.565	557.891	88520	11255.7	10273.8
neutron	939.565	331.948	88520	11255.7	10273.8
proton	938.272	24.5504	88520	11255.7	10273.8
proton	938.272	6.872	88520	11255.7	10273.8
alpha	3727.38	12.9678	88520	11255.7	10273.8
alpha	3727.38	7.74356	88520	11255.7	10273.8
neutron	939.565	39.4378	77761.2	2614.05	2048.73
neutron	939.565	32.6431	77761.2	2614.05	2048.73
proton	938.272	20.0457	77761.2	2614.05	2048.73
neutron	939.565	13.4235	77761.2	2614.05	2048.73
proton	938.272	8.86033	77761.2	2614.05	2048.73
proton	938.272	2.16128	77761.2	2614.05	2048.73
deuteron	1875.61	7.41125	77761.2	2614.05	2048.73
alpha	3727.38	2.76917	77761.2	2614.05	2048.73
C12	11174.9	0.69014	89429.7	11466.3	11465.3
C12	11174.9	0.334134	79017.7	3472.74	3472.21
C12	11174.9	0.502609	74719.1	475.46	474.9
C12	11174.9	0.827177	90061.6	12846.6	12845.5
C12	11174.9	1.00375	99986.8	19677.4	19676.3
C12	11174.9	0.649096	84558.9	8226.35	8224.16
neutron	939.565	215.803	80057.9	4907.74	4468.95
neutron	939.565	180.521	80057.9	4907.74	4468.95
proton	938.272	2.74618	80057.9	4907.74	4468.95
proton	938.272	1.55579	80057.9	4907.74	4468.95
Be8	7454.85	1.75515	80057.9	4907.74	4468.95
C12	11174.9	0.443397	97901.2	18026.5	18025.8
C12	11174.9	0.389398	96937.2	17572.8	17572.3
C12	11174.9	0.634303	97952	17939.1	17937.9
C12	11174.9	0.503824	93113.4	14410.4	14409.7
C12	11174.9	1.32251	82272.1	6621.27	6619.9
C12	11174.9	0.583338	93355.4	14490.3	14488.7
C12	11174.9	1.14842	90761.6	12979.6	12977.6
C12	11174.9	0.461086	89707.7	11757.7	11757.1
C12	11174.9	0.467664	86093.7	8853.19	8852.53
C12	11174.9	0.938544	77308.3	2974.4	2973.34
C12	11174.9	0.34116	95592.9	16646.4	16645.8
C12	11174.9	0.369806	85500.8	9379.85	9379.36
C12	11174.9	3.55514	87401.9	9218.69	9214.66
C12	11174.9	0.742275	88167.4	4842.7	4841.81
C12	11174.9	0.648847	96219.5	17217.1	17216.4
C12	11174.9	0.481159	77572.5	2072.77	2071.46
C12	11174.9	0.448097	84961.3	9400.09	9399.46
C12	11174.9	0.397994	89759.4	12530.8	12530
C12	11174.9	0.870845	86182.7	10253.8	10251.8
C12	11174.9	0.568954	83136.4	7978.66	7975.95
C12	11174.9	1.70077	82110.5	7075.38	7073.48
C12	11174.9	0.696257	82526.6	7146.14	7144.82
neutron	939.565	137.701	75932.3	2649.5	2276.75
proton	938.272	82.6385	75932.3	2649.5	2276.75
neutron	939.565	43.8051	75932.3	2649.5	2276.75
proton	938.272	9.24142	75932.3	2649.5	2276.75
proton	938.272	3.93763	75932.3	2649.5	2276.75
triton	2808.92	15.5384	75932.3	2649.5	2276.75
alpha	3727.38	5.30688	75932.3	2649.5	2276.75
proton	938.272	350.519	85692.5	9380.79	8481.97
proton	938.272	98.2978	85692.5	9380.79	8481.97
proton	938.272	56.8097	85692.5	9380.79	8481.97
neutron	939.565	11.0605	85692.5	9380.79	8481.97
proton	938.272	4.5773	85692.5	9380.79	8481.97
neutron	939.565	4.03808	85692.5	9380.79	8481.97
deuteron	1875.61	6.53717	85692.5	9380.79	8481.97
alpha	3727.38	3.97719	85692.5	9380.79	8481.97
C12	11174.9	2.72492	98827	18555.9	18552.6
C12	11174.9	0.553891	96301.7	16830.4	16829.8
C12	11174.9	0.782214	79347.4	4652.39	4651.53
C12	11174.9	1.32707	95417.2	15888.3	15887
C12	11174.9	0.485797	76808.4	3410.09	3409.57
C12	11174.9	1.43959	75237.2	1282.21	1280.67
C12	11174.9	0.635463	92273.8	13896	13895.1
C12	11174.9	2.20971	99375.4	19298.9	19296.5
C12	11174.9	0.653792	78722.3	3758.58	3757.54
C12	11174.9	0.339071	89043.5	11607	11606.6
C12	11174.9	1.49519	83423.6	7315.64	7313.1
C12	11174.9	0.471616	90842	11515.1	11514.5
C12	11174.9	0.373771	81546.6	4959	4957.67
C12	11174.9	0.339167	76374.8	3027.42	3026.9
neutron	939.565	129.494	83921.2	8070.62	7791.58
proton	938.272	22.3156	83921.2	8070.62	7791.58
neutron	939.565	21.1174	83921.2	8070.62	7791.58
neutron	939.565	19.8449	83921.2	8070.62	7791.58
proton	938.272	0.496995	83921.2	8070.62	7791.58
proton	938.272	0.100418	83921.2	8070.62	7791.58
deuteron	1875.61	17.9338	83921.2	8070.62	7791.58
alpha	3727.38	3.37475	83921.2	8070.62	7791.58
C12	11174.9	0.37666	98578.9	18558.5	18558
C12	11174.9	0.474342	91696.7	13372.1	13371.6
C13	12109.5	0.345123	74347.4	1035.98	1035.46
C12	11174.9	0.47596	75023.8	1191.8	1190.62
C12	11174.9	0.438933	76070.3	2710.34	2709.79
proton	938.272	5.25982	91341.9	13184.6	12923.5
triton	2808.92	6.59589	91341.9	13184.6	12923.5
alpha	3727.38	4.35008	91341.9	13184.6	12923.5
alpha	3727.38	0.748369	91341.9	13184.6	12923.5
C12	11174.9	0.63032	85125	9384.29	9383.48
C12	11174.9	0.476643	79558.1	3829.59	3829.09
C12	11174.9	0.33451	93549.4	14800.7	14799.8
C12	11174.9	0.409919	86328.1	10044.6	10043.6
C12	11174.9	0.961574	89660.6	12094.3	12092.3
C12	11174.9	0.370481	97314.6	16807.8	16807.2
C12	11174.9	0.67334	91301.7	12105.4	12104.5
C12	11174.9	0.349143	77028.2	3373.64	3373.28
C12	11174.9	0.474391	82799.4	5333.77	5332.78
C12	11174.9	0.529031	79989.5	3241.88	3241.26
proton	938.272	272.304	96625.6	17257.7	16770.4
neutron	939.565	170.917	96625.6	17257.7	16770.4
proton	938.272	2.76069	96625.6	17257.7	16770.4
neutron	939.565	0.638999	96625.6	17257.7	16770.4
alpha	3727.38	3.5166	96625.6	17257.7	16770.4
alpha	3727.38	1.26288	96625.6	17257.7	16770.4
C12	11174.9	0.836327	74469.1	837.171	835.819
C12	11174.9	3.70923	82409	7260.07	7255.19
C12	11174.9	1.04128	84706.3	6847.28	6846.15
C12	11174.9	0.806141	99636.6	19476.7	19475.8
C12	11174.9	0.67925	95988.8	16937.6	16936.7
C12	11174.9	0.466132	76015.3	1764.89	1764.37
proton	938.272	17.6964	86534.1	8818.06	8553.77
C11	10254	2.49749	86534.1	8818.06	8553.77
C12	11174.9	0.464341	82797.3	7235.35	7234.35
C12	11174.9	0.36065	93713.2	8236.79	8236.01
C12	11174.9	1.97447	83995.1	7204.89	7202.64
proton	938.272	229.447	94820.4	15997.5	15636.9
neutron	939.565	87.0101	94820.4	15997.5	15636.9
proton	938.272	5.2338	94820.4	15997.5	15636.9
neutron	939.565	0.399118	94820.4	15997.5	15636.9
Be8	7454.85	2.22909	94820.4	15997.5	15636.9
neutron	939.565	237.653	91102.8	13251	12034.4
proton	938.272	70.7029	91102.8	13251	12034.4
neutron	939.565	29.5366	91102.8	13251	12034.4
proton	938.272	25.5382	91102.8	13251	12034.4
neutron	939.565	23.9863	91102.8	13251	12034.4
neutron	939.565	12.4208	91102.8	13251	12034.4
proton	938.272	10.99	91102.8	13251	12034.4
neutron	939.565	1.58468	91102.8	13251	12034.4
alpha	3727.38	2.52893	91102.8	13251	12034.4
C12	11174.9	0.398477	79874.8	5033.8	5033.15
C12	11174.9	0.435742	79964.7	3979.73	3978.78
C12	11174.9	0.614081	85761.9	9632.82	9632.1
C12	11174.9	3.30144	99696.4	19505.6	19502.2
C12	11174.9	0.348588	99504.8	19319.2	19318.6
C12	11174.9	0.42723	91236.6	12726.7	12726
proton	938.272	103.329	96315.9	17102.2	16801.1
proton	938.272	51.87	96315.9	17102.2	16801.1
neutron	939.565	48.427	96315.9	17102.2	16801.1
neutron	939.565	7.98838	96315.9	17102.2	16801.1
deuteron	1875.61	5.32256	96315.9	17102.2	16801.1
deuteron	1875.61	8.99712	96315.9	17102.2	16801.1
alpha	3727.38	2.23149	96315.9	17102.2	16801.1
C13	12109.5	0.549377	91531.1	13480.7	13479.9
proton	938.272	115.619	96410.3	17178.8	16524.9
proton	938.272	107.708	96410.3	17178.8	16524.9
deuteron	1875.61	1.8268	96410.3	17178.8	16524.9
alpha	3727.38	2.97422	96410.3	17178.8	16524.9
alpha	3727.38	8.04003	96410.3	17178.8	16524.9
C12	11174.9	1.98219	79708.9	5430.03	5427.71
C12	11174.9	0.585663	74832.5	2169.27	2168.66
C12	11174.9	2.06184	83310	7713.18	7710.91
C12	11174.9	0.493077	98504.1	18728.4	18727.7
C12	11174.9	0.410104	77484.5	3210.56	3210.04
C13	12109.5	0.635291	73309.8	454.767	453.836
C12	11174.9	0.716279	99468.2	19381.6	19380.8
C12	11174.9	0.667191	95986.6	16687.7	16686.6
C12	11174.9	0.728889	85641.6	9061.7	9059.65
C12	11174.9	0.377426	89345.4	8614.73	8614.28
C12	11174.9	0.594462	98433	18582.2	18581.4
C12	11174.9	0.41085	83466.5	8080.1	8079.32
C12	11174.9	0.762399	81686.5	6796.21	6795.22
C12	11174.9	0.397739	75816	1306.94	1306.47
C12	11174.9	3.30549	75696.1	1214.72	1211.25
C12	11174.9	0.538743	89316.9	11397.5	11396.5
C12	11174.9	0.60283	94264.5	15302.9	15302.3
proton	938.272	158.709	97782.9	18125.2	17458
C11	10254	1.03968	97782.9	18125.2	17458
proton	938.272	36.9764	99765.4	19551.7	18902.3
alpha	3727.38	8.51963	99765.4	19551.7	18902.3
Li7	6533.83	0.622888	99765.4	19551.7	18902.3
C12	11174.9	1.06386	93566.2	14485	14483.8
C12	11174.9	0.346896	79808.5	4904.7	4904.25
C12	11174.9	1.24912	96313.3	17081.4	17080
C12	11174.9	3.75485	89801.9	12678.1	12674.2
C12	11174.9	0.79219	85668	9580.91	9580.1
C12	11174.9	0.376233	88480.8	10324.4	10323.9
C12	11174.9	0.539347	73801.6	275.515	274.966
C12	11174.9	0.414044	88100.6	11528.8	11528.3
C12	11174.9	0.67092	84645.5	6795.68	6794.75
proton	938.272	172.799	85818.6	9762.74	9372.19
proton	938.272	150.917	85818.6	9762.74	9372.19
triton	2808.92	5.60445	85818.6	9762.74	9372.19
triton	2808.92	6.59605	85818.6	9762.74	9372.19
alpha	3727.38	0.341141	85818.6	9762.74	9372.19
C12	11174.9	0.817184	84200.9	6967.25	6966.05
C13	12109.5	1.29366	96567.5	17110	17108.5
C12	11174.9	18.9571	75118.4	1638.68	1619.05
C12	11174.9	0.842014	95241.1	15825	15823.6
C12	11174.9	0.64672	98669.3	18871.8	18870.4
C12	11174.9	0.471123	93911.6	15002.6	15001.9
proton	938.272	105.42	85334.2	9100.83	8753.56
neutron	939.565	99.6482	85334.2	9100.83	8753.56
neutron	939.565	77.4128	85334.2	9100.83	8753.56
proton	938.272	5.60138	85334.2	9100.83	8753.56
alpha	3727.38	14.9902	85334.2	9100.83	8753.56
alpha	3727.38	5.61169	85334.2	9100.83	8753.56
C12	11174.9	0.524138	75353.3	971.267	970.721
C12	11174.9	0.62902	87756.4	9606.71	9605.74
proton	938.272	266.606	94191	14828.7	13965.8
triton	2808.92	1.72996	94191	14828.7	13965.8
Be8	7454.85	0.780327	94191	14828.7	13965.8
C12	11174.9	0.416986	88818	11942.8	11941.9
C12	11174.9	1.8619	76716.3	3013.19	3011.17
C12	11174.9	1.37297	74850.8	1026.72	1024.82
C12	11174.9	0.58546	77192.1	712.791	711.689
C12	11174.9	3.3061	85282.4	9854.34	9849.96
C12	11174.9	0.366359	95372.9	16521.4	16520.5
C12	11174.9	1.41382	76698.4	2669.99	2668.26
C12	11174.9	0.875466	83390.5	8380.02	8378.54
C12	11174.9	0.738455	80454.3	5435.22	5434.3
C12	11174.9	0.420136	71927.8	151.935	150.86
C12	11174.9	3.25803	85572.5	9418.72	9415.4
C12	11174.9	1.12808	98076.1	17294.1	17292.8
C12	11174.9	0.509581	86601.2	9430.28	9429.28
C12	11174.9	0.428307	97903.7	18178.4	18178
C12	11174.9	1.16314	78331.5	3898.61	3897.36
C12	11174.9	0.62275	73004.7	476.553	475.756
C12	11174.9	0.819014	76916.6	3365.19	3364.35
C12	11174.9	0.40096	84345.2	8201.7	8200.89
C12	11174.9	0.815501	74025.7	490.759	489.401
neutron	939.565	59.103	86176.2	8533.06	7106.89
proton	938.272	2.37422	86176.2	8533.06	7106.89
alpha	3727.38	0.660566	86176.2	8533.06	7106.89
He6	5605.53	16.7848	86176.2	8533.06	7106.89
C12	11174.9	0.362111	82800	7538.16	7537.06
C12	11174.9	0.411756	87242.3	6867.74	6866.56
neutron	939.565	285.329	89073.7	10824.3	10360.4
neutron	939.565	135.51	89073.7	10824.3	10360.4
proton	938.272	2.37299	89073.7	10824.3	10360.4
proton	938.272	1.85065	89073.7	10824.3	10360.4
Be8	7454.85	1.66542	89073.7	10824.3	10360.4
C12	11174.9	0.365016	90647.3	12402.7	12402
C12	11174.9	0.464341	85134.4	8673.69	8673.12
C12	11174.9	0.693	82332.9	6895.07	6894.21
C12	11174.9	0.381643	82598.5	6198.09	6197.57
C12	11174.9	2.59359	84670.3	6199.95	6196.52
C12	11174.9	0.437886	82620.2	7033.21	7032.49
C12	11174.9	0.631282	76416.5	2256.59	2255.77
C12	11174.9	0.4757	97122.2	17246.6	17245.5
C12	11174.9	0.4734	98559.2	18771.4	18770.3
C12	11174.9	0.384535	96972.8	16091.6	16090.9
C12	11174.9	0.91799	91947.1	13519.6	13518.7
C12	11174.9	4.69234	77723.7	1344.99	1338.66
C12	11174.9	2.6026	91771.8	13478.2	13475.2
C12	11174.9	0.433098	78110.3	3799.92	3799.19
C12	11174.9	0.597403	97438	17929.4	17927.9
C12	11174.9	3.48457	90902.3	13178.8	13174.9
C12	11174.9	0.628512	90230.5	12232.4	12230.9
C12	11174.9	0.44334	96810.3	17304.3	17303.1
C12	11174.9	0.586644	95109.4	15899.1	15898.5
C12	11174.9	0.383774	81542.5	6162.23	6161.62
neutron	939.565	146.814	75532.1	2133.91	1822.73
proton	938.272	116.359	75532.1	2133.91	1822.73
alpha	3727.38	5.75588	75532.1	2133.91	1822.73
deuteron	1875.61	2.10946	75532.1	2133.91	1822.73
alpha	3727.38	6.16628	75532.1	2133.91	1822.73
C12	11174.9	1.84193	91544.5	13839.1	13837.2
C12	11174.9	0.385258	87567.8	11246.9	11245.9
C12	11174.9	0.336996	85859.6	6603.2	6602.07
C12	11174.9	0.721345	82039.9	6210	6208.53
alpha	3727.38	7.0443	75193.4	1991.26	1694.68
Be8	7454.85	4.31753	75193.4	1991.26	1694.68
neutron	939.565	404.684	92475.2	13960.1	13394
neutron	939.565	119.847	92475.2	13960.1	13394
proton	938.272	2.56734	92475.2	13960.1	13394
proton	938.272	2.23909	92475.2	13960.1	13394
Be8	7454.85	0.335167	92475.2	13960.1	13394
C12	11174.9	0.421646	89462.8	11284.3	11283.4
C12	11174.9	0.406574	98857.5	18928.3	18927.8
C12	11174.9	0.485212	93204.5	14788.9	14788
proton	938.272	178.215	80668	5617.61	5125.6
B11	10252.5	1.15012	80668	5617.61	5125.6
C12	11174.9	0.640077	79957.1	5920.39	5919.01
C12	11174.9	0.828579	93162.5	14011.2	14010.4
C12	11174.9	0.363549	90459.2	13373.7	13373.3
C12	11174.9	0.457234	73663.4	737.966	736.717
C12	11174.9	0.600077	98147.3	18153.3	18152.6
C12	11174.9	0.729579	96029.8	16808.9	16808.1
C12	11174.9	0.575082	94092.2	15608.4	15607.5
C12	11174.9	0.393433	82064	6366.39	6365.43
C12	11174.9	0.405223	75431.2	2414.29	2413.58
C12	11174.9	1.05944	75256.9	1530.34	1529.26
C12	11174.9	3.11956	97353.5	17667.6	17663.6
C12	11174.9	0.423662	76030.7	1932.14	1931.68
C12	11174.9	0.390485	84787.9	8417.65	8417.22
C12	11174.9	0.466331	88189.6	11153.8	11152.5
C12	11174.9	0.633273	72333.9	499.567	498.107
C12	11174.9	0.509416	83569.3	7505.09	7504.4
C12	11174.9	0.601318	98245.2	17957.8	17956.9
C12	11174.9	0.530021	90661.2	13191.2	13190.3
C12	11174.9	0.650523	81704.8	6730.21	6729.56
C12	11174.9	1.66935	80097.9	5448.23	5445.88
C12	11174.9	0.362809	86698.1	10205	10204.6
C12	11174.9	0.579802	75033.9	2412.9	2411.5
C12	11174.9	0.709863	74699.2	2207.43	2205.99
C12	11174.9	0.742328	81416.6	5666.44	5665.59
C12	11174.9	0.44508	97863.6	18348.1	18346.6
C12	11174.9	0.471858	98749.8	18769.9	18769.2
proton	938.272	1127.72	96622.5	17333.9	15057
neutron	939.565	950.66	96622.5	17333.9	15057
neutron	939.565	134.44	96622.5	17333.9	15057
proton	938.272	4.44769	96622.5	17333.9	15057
alpha	3727.38	11.1599	96622.5	17333.9	15057
alpha	3727.38	10.9174	96622.5	17333.9	15057
C12	11174.9	0.606055	91209.6	11116.7	11115.2
C12	11174.9	0.513478	85826.4	7221.04	7219.61
C12	11174.9	0.456238	96984.1	17818.2	17817.5
C12	11174.9	0.391578	91102.1	11106.4	11105.5
C12	11174.9	0.395594	97266	17891.7	17891.2
C12	11174.9	0.414038	81574.5	7518.09	7517.34
neutron	939.565	137.714	90999.6	11730.3	11499
proton	938.272	53.5896	90999.6	11730.3	11499
neutron	939.565	2.29141	90999.6	11730.3	11499
proton	938.272	0.511133	90999.6	11730.3	11499
Be8	7454.85	1.19772	90999.6	11730.3	11499
proton	938.272	3.35752	76037.6	3478.72	3269.88
C11	10254	0.576273	76037.6	3478.72	3269.88
C12	11174.9	1.11128	93734	15490	15488.1
C12	11174.9	0.630393	86658.6	10654.6	10653.5
C12	11174.9	0.390202	95534.3	15673.9	15672.2
C12	11174.9	1.41516	97525.1	18054.6	18052.8
C12	11174.9	1.44887	89907.7	12989	12987.4
proton	938.272	81.1799	94720.5	16107.5	15286.5
alpha	3727.38	5.29195	94720.5	16107.5	15286.5
Li7	6533.83	1.10622	94720.5	16107.5	15286.5
C12	11174.9	1.67088	84982.5	8601.89	8597.27
C12	11174.9	0.848419	95153.3	16286.4	16285.4
C12	11174.9	0.497091	85071.7	8612.67	8612.03
C12	11174.9	0.595374	93092.5	13741.5	13740.9
C12	11174.9	0.394487	72114.7	177.928	176.132
C12	11174.9	0.522428	86551.8	9342.78	9342.07
C12	11174.9	0.593708	91890.8	14032.4	14031.6
proton	938.272	119.184	91006.7	13442.9	13204.2
proton	938.272	52.427	91006.7	13442.9	13204.2
triton	2808.92	3.32798	91006.7	13442.9	13204.2
triton	2808.92	6.1386	91006.7	13442.9	13204.2
alpha	3727.38	4.66646	91006.7	13442.9	13204.2
C12	11174.9	0.901637	85080.2	6107.37	6105.86
C12	11174.9	0.51243	85781.5	9417.32	9416.5
C13	12109.5	0.698253	76646.4	2882.5	2881.73
C12	11174.9	0.345627	72590.3	312.705	312.259
C12	11174.9	0.335891	81489.2	6309.14	6307.99
C12	11174.9	0.921147	92230.6	12983.8	12982.8
C12	11174.9	0.434382	84654.6	7626.2	7625.09
C12	11174.9	0.349281	85926	9123.84	9122.92
C13	12109.5	0.312254	93504.5	15192.3	15191.5
C12	11174.9	0.894767	91211.4	13592.2	13591.3
C12	11174.9	0.38393	98099.3	18410.4	18409.1
C12	11174.9	0.571343	77040.5	1932.86	1930.2
C12	11174.9	0.345251	96710.3	16352.3	16351.8
C12	11174.9	0.416425	95427.3	15428.5	15428
C12	11174.9	2.78459	93734.2	15533.8	15530.9
C12	11174.9	0.360988	82673	6157.15	6156.45
C12	11174.9	0.422796	81123.1	2522.88	2521.91
C12	11174.9	0.462668	85350.9	8776.41	8775.31
C12	11174.9	0.475632	90134.8	11851.1	11850.3
C12	11174.9	0.83075	85328.7	8263.85	8262.99
C12	11174.9	0.370522	91504.3	13288.6	13286.7
C12	11174.9	0.352719	97514.4	17552.3	17551.7
C12	11174.9	0.521553	79206.2	4290.87	4289.08
C12	11174.9	0.674134	94033.2	13664.3	13663.5
proton	938.272	845.367	77394.9	2266.39	735.328
neutron	939.565	640.161	77394.9	2266.39	735.328
alpha	3727.38	7.24996	77394.9	2266.39	735.328
Li6	5601.52	4.9935	77394.9	2266.39	735.328
C12	11174.9	0.668964	87709.1	10795.1	10794.2
C12	11174.9	0.601044	91028	13463.9	13462.8
C12	11174.9	0.706121	79931.8	4822.95	4821.38
neutron	939.565	13.5423	93475.3	14681.5	14393.5
B11	10252.5	2.07766	93475.3	14681.5	14393.5
C12	11174.9	0.380806	82382.7	5737.66	5736.8
C12	11174.9	0.654547	74520.9	1198.68	1197.57
C12	11174.9	0.458367	96621	17324.5	17323.7
C12	11174.9	1.40782	96025.5	16771.1	16769.3
C12	11174.9	1.8224	81348	5845	5841.88
C12	11174.9	0.830155	87732.6	10821.2	10820.3
C12	11174.9	1.37794	83873.6	7079.43	7077.48
C12	11174.9	0.353729	78732.9	3469.44	3468.79
C12	11174.9	0.438973	97502.1	17311.1	17310.4
proton	938.272	7.00685	80598.9	2973.78	2722.6
C11	10254	1.22073	80598.9	2973.78	2722.6
neutron	939.565	484.673	77902.5	3199.93	2556
proton	938.272	113.653	77902.5	3199.93	2556
neutron	939.565	2.77457	77902.5	3199.93	2556
proton	938.272	2.46861	77902.5	3199.93	2556
Be8	7454.85	0.493067	77902.5	3199.93	2556
proton	938.272	185.118	78815.5	4570.44	4261.24
proton	938.272	82.3585	78815.5	4570.44	4261.24
neutron	939.565	0.981525	78815.5	4570.44	4261.24
neutron	939.565	0.495962	78815.5	4570.44	4261.24
Be8	7454.85	1.64667	78815.5	4570.44	4261.24
C12	11174.9	0.442825	99289	19108.9	19108.4
C12	11174.9	0.691647	75131.4	1802.72	1801.52
C12	11174.9	0.822461	83809	6113.84	6112.82
C12	11174.9	0.477064	99512.6	19371.2	19369.9
C12	11174.9	0.681099	86688	6739.59	6738.6
C12	11174.9	0.696794	84687.2	5016.71	5015.92
C12	11174.9	0.468299	74537	2008.15	2006.76
C12	11174.9	0.387104	95394.3	15841.2	15839.8
C12	11174.9	0.978268	78828.9	3839.32	3837.99
C12	11174.9	5.36133	92195.1	13735.2	13729.3
C12	11174.9	0.353283	88444.2	11250.8	11250.4
C12	11174.9	0.431141	92469.3	14508.3	14507.2
C12	11174.9	0.354157	78857.1	3439.44	3438.59
C12	11174.9	0.346064	89737.6	12771.2	12770.8
neutron	939.565	102.486	99134.9	19157.5	17666.4
proton	938.272	5.48713	99134.9	19157.5	17666.4
deuteron	1875.61	24.4649	99134.9	19157.5	17666.4
Be8	7454.85	2.45077	99134.9	19157.5	17666.4
C12	11174.9	0.38722	92588	13856.7	13854.9
C12	11174.9	0.397368	95597.3	16857.8	16857.2
C12	11174.9	0.836676	81562.6	7224.55	7223.44
C12	11174.9	2.16098	74349.1	2108.82	2106.21
C12	11174.9	0.432006	82537.2	7809.8	7807.5
C12	11174.9	0.909409	83480.9	7979.59	7977.76
neutron	939.565	83.3494	99671.9	19479.7	19222.1
proton	938.272	62.8976	99671.9	19479.7	19222.1
proton	938.272	28.0911	99671.9	19479.7	19222.1
neutron	939.565	15.2751	99671.9	19479.7	19222.1
alpha	3727.38	7.13261	99671.9	19479.7	19222.1
alpha	3727.38	18.5796	99671.9	19479.7	19222.1
C12	11174.9	0.878066	99771.4	19395.5	19394.6
C12	11174.9	0.72396	86228.1	9735.65	9734.55
C12	11174.9	0.500446	90584.3	13443.2	13442.7
C12	11174.9	0.575452	98621.4	18584.6	18583.8
C12	11174.9	0.353063	80925	5180.99	5180.52
C12	11174.9	7.06946	95785.6	15339.9	15332.6
C12	11174.9	0.343072	89632.2	12234.5	12234
C12	11174.9	1.90288	98791.1	18648.8	18646.1
C12	11174.9	0.338058	95769.8	16667	16666.2
C12	11174.9	0.621792	82621.1	3234	3232.87
C12	11174.9	0.43839	99344.3	19125.8	19124.8
C12	11174.9	0.438016	99151	19117.2	19116
C12	11174.9	0.447326	83266.5	6443.26	6442.57
C12	11174.9	0.582585	87657.5	10750.6	10749.2
C12	11174.9	2.12979	99663.6	19460	19457.7
C12	11174.9	0.338822	95656.4	16461.1	16460.6
C12	11174.9	1.79333	94330.9	15852.4	15850
C12	11174.9	0.556658	98231.7	18267.2	18266.6
C12	11174.9	0.659853	92329.9	14067.2	14065.9
proton	938.272	159.664	86273.6	10266.6	9998.77
neutron	939.565	13.8546	86273.6	10266.6	9998.77
neutron	939.565	13.0633	86273.6	10266.6	9998.77
neutron	939.565	4.55322	86273.6	10266.6	9998.77
proton	938.272	3.59626	86273.6	10266.6	9998.77
He3	2808.39	3.44986	86273.6	10266.6	9998.77
alpha	3727.38	4.40914	86273.6	10266.6	9998.77
C12	11174.9	0.349126	71168.8	97.1906	96.8381
neutron	939.565	257.333	75135.3	1595.05	973.729
proton	938.272	236.54	75135.3	1595.05	973.729
proton	938.272	46.044	75135.3	1595.05	973.729
neutron	939.565	15.6752	75135.3	1595.05	973.729
proton	938.272	4.0198	75135.3	1595.05	973.729
triton	2808.92	3.61156	75135.3	1595.05	973.729
alpha	3727.38	1.42541	75135.3	1595.05	973.729
C12	11174.9	0.683624	87478.6	8471.26	8470.56
