neutron	939.56536	0.1450145305	499863.8163	0	0
K39	36284.76737	0.1309725286	499863.8163	0	0
neutron	939.56536	0.4930103509	499862.3532	0	0
K39	36284.76737	0.2003800247	499862.3532	0	0
N16	14906.01287	0.2987285202	499862.2797	0	0
neutron	939.56536	4.050864706	499860.4957	0	0
proton	938.272013	2.772624468	499860.4957	0	0
neutron	939.56536	1.884239501	499860.4957	0	0
C13	12109.48242	0.6402543167	499860.4957	0	0
neutron	939.56536	1.194052326	499862.2534	0	0
K39	36284.76737	0.1178304466	499862.2534	0	0
proton	938.272013	14.77689831	499867.3358	0	0
neutron	939.56536	7.338408805	499867.3358	0	0
neutron	939.56536	0.2529493197	499867.3358	0	0
Ar37	34425.14786	0.4198257456	499867.3358	0	0
proton	938.272013	7.107117173	499867.7243	0	0
neutron	939.56536	1.623822273	499867.7243	0	0
neutron	939.56536	1.37384573	499867.7243	0	0
Ar37	34425.14786	0.2171198031	499867.7243	0	0
proton	938.272013	4.581052025	499863.0355	0	0
neutron	939.56536	0.2833020475	499863.0355	0	0
alpha	3727.379	7.934545338	499863.0355	0	0
S34	31632.70018	1.048138436	499863.0355	0	0
neutron	939.56536	0.3945982914	499862.855	0	0
K39	36284.76737	0.1319122788	499862.855	0	0
neutron	939.56536	1.604464155	499865.4951	0	0
K39	36284.76737	0.2638702386	499865.4951	0	0
proton	938.272013	10.79643021	499864.2062	0	0
neutron	939.56536	6.794195895	499864.2062	0	0
C14	13040.87134	1.746786909	499864.2062	0	0
neutron	939.56536	25.38667504	499857.2998	0	0
neutron	939.56536	1.402340491	499857.2998	0	0
deuteron	1875.613	14.53205788	499857.2998	0	0
C12	11174.86339	5.088218849	499857.2998	0	0
neutron	939.56536	16.68817487	499879.7412	0	0
neutron	939.56536	1.221904806	499879.7412	0	0
deuteron	1875.613	5.660293804	499879.7412	0	0
Ar36	33494.36994	1.072059003	499879.7412	0	0
neutron	939.56536	32.66303124	499859.2082	0	0
neutron	939.56536	9.69107663	499859.2082	0	0
neutron	939.56536	2.550427595	499859.2082	0	0
proton	938.272013	1.175760328	499859.2082	0	0
C12	11174.86339	0.8668260733	499859.2082	0	0
proton	938.272013	35.76299319	499858.298	0	0
neutron	939.56536	1.054734492	499858.298	0	0
C14	13040.87134	2.210262843	499858.298	0	0
K40	37216.53309	0.1220303435	499871.0938	0	0
neutron	939.56536	40.06515315	499860.5341	0	0
neutron	939.56536	27.98520758	499860.5341	0	0
Na23	21409.21625	0.6188982209	499860.5341	0	0
neutron	939.56536	0.7647708623	499866.959	0	0
K39	36284.76737	0.1117949007	499866.959	0	0
proton	938.272013	5.195683084	499860.3898	0	0
neutron	939.56536	4.200101771	499860.3898	0	0
neutron	939.56536	1.157100731	499860.3898	0	0
neutron	939.56536	0.9055927455	499860.3898	0	0
Ar36	33494.36994	0.3321126769	499860.3898	0	0
neutron	939.56536	1.056335602	499860.3379	0	0
K39	36284.76737	0.09507687333	499860.3379	0	0
neutron	939.56536	7.384156996	499868.8765	0	0
proton	938.272013	5.185430299	499868.8765	0	0
neutron	939.56536	1.489608166	499868.8765	0	0
Ar37	34425.14786	0.4573463366	499868.8765	0	0
neutron	939.56536	3.735864	499860.6764	0	0
proton	938.272013	3.469842877	499860.6764	0	0
neutron	939.56536	2.253709622	499860.6764	0	0
neutron	939.56536	1.943100942	499860.6764	0	0
Ar36	33494.36994	0.1821334209	499860.6764	0	0
neutron	939.56536	23.24368118	499861.1302	0	0
proton	938.272013	2.557419074	499861.1302	0	0
alpha	3727.379	16.69152705	499861.1302	0	0
S34	31632.70018	2.418193906	499861.1302	0	0
K40	37216.53309	0.1205274589	499865.5554	0	0
neutron	939.56536	3.964133945	499859.2452	0	0
proton	938.272013	3.003904007	499859.2452	0	0
Ar38	35352.87471	0.01742973875	499859.2452	0	0
neutron	939.56536	4.668236279	499865.0558	0	0
B11	10252.54787	0.3008704069	499865.0558	0	0
K40	37216.53309	0.1167576817	499865.4862	0	0
deuteron	1875.613	6.867018349	499864.7202	0	0
Ar38	35352.87471	0.4332646149	499864.7202	0	0
K40	37216.53309	0.1432771811	499865.0711	0	0
proton	938.272013	5.753112646	499860.7158	0	0
neutron	939.56536	4.335119848	499860.7158	0	0
Ar38	35352.87471	0.06810225062	499860.7158	0	0
proton	938.272013	11.49968942	499857.8253	0	0
neutron	939.56536	10.52368865	499857.8253	0	0
Be10	9325.504169	0.8047900694	499857.8253	0	0
neutron	939.56536	11.66413337	499861.0733	0	0
proton	938.272013	5.335589419	499861.0733	0	0
neutron	939.56536	0.5133507641	499861.0733	0	0
Ar37	34425.14786	0.184291917	499861.0733	0	0
neutron	939.56536	9.494963426	499859.5937	0	0
proton	938.272013	3.737573009	499859.5937	0	0
Ar38	35352.87471	0.7916815267	499859.5937	0	0
K40	37216.53309	0.1243641634	499867.0766	0	0
K40	37216.53309	0.1406246911	499864.6123	0	0
proton	938.272013	3.39208727	499862.2075	0	0
neutron	939.56536	2.52629219	499862.2075	0	0
deuteron	1875.613	8.192040976	499862.2075	0	0
Cl36	33495.58861	0.3956522549	499862.2075	0	0
K40	37216.53309	0.1266552078	499865.3521	0	0
neutron	939.56536	8.101601294	499863.7075	0	0
proton	938.272013	5.236160359	499863.7075	0	0
neutron	939.56536	4.637728294	499863.7075	0	0
alpha	3727.379	7.986770915	499863.7075	0	0
S33	30704.55199	1.799328617	499863.7075	0	0
Na24	22341.82218	0.2146798616	499866.7454	0	0
K40	37216.53309	0.134593141	499861.4912	0	0
proton	938.272013	14.30436638	499867.3571	0	0
neutron	939.56536	3.042377908	499867.3571	0	0
neutron	939.56536	1.494667455	499867.3571	0	0
Ar37	34425.14786	0.3506004227	499867.3571	0	0
proton	938.272013	5.386001719	499871.2355	0	0
neutron	939.56536	1.730782181	499871.2355	0	0
triton	2808.921	7.141350922	499871.2355	0	0
B11	10252.54787	1.311365964	499871.2355	0	0
neutron	939.56536	0.508198785	499866.9183	0	0
K39	36284.76737	0.1420920824	499866.9183	0	0
neutron	939.56536	12.45133862	499864.6243	0	0
proton	938.272013	7.011249865	499864.6243	0	0
neutron	939.56536	3.370488448	499864.6243	0	0
Ar37	34425.14786	0.5501381284	499864.6243	0	0
K40	37216.53309	0.1374621737	499862.7672	0	0
proton	938.272013	3.448854003	499861.1479	0	0
neutron	939.56536	0.7192205104	499861.1479	0	0
Ar38	35352.87471	0.2059034496	499861.1479	0	0
K40	37216.53309	0.1360556517	499860.1505	0	0
neutron	939.56536	1.028981448	499869.3105	0	0
K39	36284.76737	0.2618023584	499869.3105	0	0
neutron	939.56536	3.440199869	499859.6419	0	0
neutron	939.56536	1.370960891	499859.6419	0	0
N14	13040.20433	0.09184397295	499859.6419	0	0
K40	37216.53309	0.1156644709	499863.2519	0	0
neutron	939.56536	0.3995885615	499865.0087	0	0
K39	36284.76737	0.1905234593	499865.0087	0	0
neutron	939.56536	0.3057789335	499864.614	0	0
K39	36284.76737	0.1339996993	499864.614	0	0
Na24	22341.82218	0.2070663308	499866.334	0	0
Na25	23272.37635	0.1833653293	499863.24	0	0
neutron	939.56536	3.189811687	499862.0831	0	0
K39	36284.76737	0.09170321549	499862.0831	0	0
K40	37216.53309	0.1192060977	499863.3636	0	0
K40	37216.53309	0.1362393968	499864.886	0	0
neutron	939.56536	33.06169155	499861.8229	0	0
neutron	939.56536	4.824429419	499861.8229	0	0
neutron	939.56536	1.854872632	499861.8229	0	0
K41	38146.00307	1.100522411	499861.8229	0	0
K40	37216.53309	0.1398182233	499865.3	0	0
K40	37216.53309	0.1154503824	499865.485	0	0
neutron	939.56536	0.1698784933	499864.9664	0	0
K39	36284.76737	0.1673344222	499864.9664	0	0
neutron	939.56536	5.926573518	499863.9837	0	0
alpha	3727.379	6.577726789	499863.9837	0	0
F19	17692.30285	2.408374039	499863.9837	0	0
K40	37216.53309	0.1230633148	499863.1164	0	0
K40	37216.53309	0.1382214468	499858.221	0	0
neutron	939.56536	1.426185583	499858.2369	0	0
B11	10252.54787	0.3831224434	499858.2369	0	0
neutron	939.56536	23.62264832	499865.9937	0	0
neutron	939.56536	19.46328674	499865.9937	0	0
proton	938.272013	3.104752471	499865.9937	0	0
Ar37	34425.14786	0.4156277998	499865.9937	0	0
neutron	939.56536	11.56715178	499867.91	0	0
neutron	939.56536	2.859466785	499867.91	0	0
deuteron	1875.613	3.243382093	499867.91	0	0
C12	11174.86339	0.5501379324	499867.91	0	0
proton	938.272013	6.711039781	499865.5874	0	0
proton	938.272013	4.971294759	499865.5874	0	0
neutron	939.56536	4.714306948	499865.5874	0	0
neutron	939.56536	0.9601346847	499865.5874	0	0
Cl36	33495.58861	0.9913121646	499865.5874	0	0
neutron	939.56536	39.29534449	499860.0411	0	0
proton	938.272013	5.818130211	499860.0411	0	0
neutron	939.56536	3.222485289	499860.0411	0	0
Ar37	34425.14786	0.5818411002	499860.0411	0	0
proton	938.272013	5.610974598	499869.4738	0	0
proton	938.272013	4.272342508	499869.4738	0	0
neutron	939.56536	2.192702055	499869.4738	0	0
Cl37	34424.84314	0.1096866075	499869.4738	0	0
K40	37216.53309	0.141319779	499869.7701	0	0
K40	37216.53309	0.1310904514	499869.8873	0	0
neutron	939.56536	2.642958669	499863.4187	0	0
N15	13968.93638	0.27540278	499863.4187	0	0
K40	37216.53309	0.1235359878	499860.4384	0	0
neutron	939.56536	10.77188793	499865.1662	0	0
proton	938.272013	2.909615563	499865.1662	0	0
neutron	939.56536	2.567665791	499865.1662	0	0
Ar37	34425.14786	0.5525476103	499865.1662	0	0
neutron	939.56536	21.42896155	499870.7928	0	0
neutron	939.56536	5.319098109	499870.7928	0	0
proton	938.272013	4.952232186	499870.7928	0	0
neutron	939.56536	2.052349606	499870.7928	0	0
C12	11174.86339	2.211847835	499870.7928	0	0
K40	37216.53309	0.1265705079	499857.6037	0	0
N16	14906.01287	0.2900920137	499861.1142	0	0
K40	37216.53309	0.1242569631	499860.9459	0	0
neutron	939.56536	0.3135117513	499862.3948	0	0
K39	36284.76737	0.169402127	499862.3948	0	0
Na24	22341.82218	0.1734101249	499866.174	0	0
K40	37216.53309	0.1388112121	499874.989	0	0
K40	37216.53309	0.1255046734	499861.514	0	0
K40	37216.53309	0.1407134438	499867.1651	0	0
neutron	939.56536	2.748282781	499863.5286	0	0
Na23	21409.21625	0.1109523169	499863.5286	0	0
neutron	939.56536	1.328685961	499875.408	0	0
K39	36284.76737	0.2642641317	499875.408	0	0
neutron	939.56536	5.70850403	499856.5949	0	0
proton	938.272013	3.344482663	499856.5949	0	0
Ar38	35352.87471	0.4222193882	499856.5949	0	0
neutron	939.56536	23.39072128	499864.4997	0	0
proton	938.272013	7.765618024	499864.4997	0	0
neutron	939.56536	2.678027237	499864.4997	0	0
Ar37	34425.14786	0.4674261747	499864.4997	0	0
neutron	939.56536	5.747110918	499865.6269	0	0
proton	938.272013	3.080966608	499865.6269	0	0
neutron	939.56536	0.1870138753	499865.6269	0	0
Ar37	34425.14786	0.5311348155	499865.6269	0	0
K40	37216.53309	0.1198418033	499867.0563	0	0
neutron	939.56536	11.74329117	499872.0055	0	0
neutron	939.56536	1.772752853	499872.0055	0	0
deuteron	1875.613	12.3225284	499872.0055	0	0
C12	11174.86339	2.386147584	499872.0055	0	0
K40	37216.53309	0.1283957773	499860.1032	0	0
neutron	939.56536	2.194846108	499865.6873	0	0
K39	36284.76737	0.08302938615	499865.6873	0	0
proton	938.272013	7.75435701	499867.6351	0	0
neutron	939.56536	1.962199786	499867.6351	0	0
Ar38	35352.87471	0.1942005419	499867.6351	0	0
neutron	939.56536	0.1527063822	499867.1286	0	0
K39	36284.76737	0.1446534923	499867.1286	0	0
K40	37216.53309	0.1287355543	499863.8513	0	0
K40	37216.53309	0.1319069902	499863.1875	0	0
Na24	22341.82218	0.1850157413	499866.255	0	0
neutron	939.56536	0.3293258329	499865.8167	0	0
B11	10252.54787	0.3881651767	499865.8167	0	0
K40	37216.53309	0.1150135409	499861.9403	0	0
K40	37216.53309	0.113413928	499862.5747	0	0
neutron	939.56536	0.5332998279	499860.3225	0	0
N15	13968.93638	0.1519008976	499860.3225	0	0
neutron	939.56536	8.304405209	499872.9241	0	0
proton	938.272013	5.562739678	499872.9241	0	0
neutron	939.56536	0.9744152351	499872.9241	0	0
neutron	939.56536	0.8176357605	499872.9241	0	0
alpha	3727.379	12.17129736	499872.9241	0	0
O16	14895.08153	3.17336802	499872.9241	0	0
K40	37216.53309	0.1416497955	499870.4115	0	0
K40	37216.53309	0.1253975475	499857.6716	0	0
K40	37216.53309	0.1246344554	499862.5926	0	0
proton	938.272013	19.4376193	499865.5644	0	0
neutron	939.56536	8.954315314	499865.5644	0	0
neutron	939.56536	6.206735224	499865.5644	0	0
neutron	939.56536	0.2348339518	499865.5644	0	0
alpha	3727.379	2.25209586	499865.5644	0	0
alpha	3727.379	2.857988367	499865.5644	0	0
neutron	939.56536	0.2332762274	499865.2067	0	0
K39	36284.76737	0.09201968703	499865.2067	0	0
neutron	939.56536	14.44783895	499861.0541	0	0
neutron	939.56536	7.076705707	499861.0541	0	0
neutron	939.56536	0.9096091828	499861.0541	0	0
K41	38146.00307	0.8670452711	499861.0541	0	0
neutron	939.56536	3.734294497	499864.7599	0	0
neutron	939.56536	2.76953836	499864.7599	0	0
deuteron	1875.613	4.933957702	499864.7599	0	0
Ar36	33494.36994	0.5927082885	499864.7599	0	0
proton	938.272013	7.733019509	499869.2423	0	0
neutron	939.56536	3.669547061	499869.2423	0	0
neutron	939.56536	2.137580079	499869.2423	0	0
Ne21	19550.53637	0.05330860423	499869.2423	0	0
K40	37216.53309	0.13659202	499864.4404	0	0
proton	938.272013	23.15763547	499855.8225	0	0
proton	938.272013	9.318873703	499855.8225	0	0
neutron	939.56536	4.610015162	499855.8225	0	0
neutron	939.56536	2.904692766	499855.8225	0	0
neutron	939.56536	1.221672915	499855.8225	0	0
Cl35	32564.60306	0.6686692488	499855.8225	0	0
proton	938.272013	4.775498795	499857.5209	0	0
neutron	939.56536	0.6671396802	499857.5209	0	0
Ar38	35352.87471	0.2936117331	499857.5209	0	0
neutron	939.56536	0.6925343773	499851.7526	0	0
K39	36284.76737	0.1899030128	499851.7526	0	0
neutron	939.56536	0.4018530297	499869.0623	0	0
Na23	21409.21625	0.1096161814	499869.0623	0	0
B12	11188.74343	0.3594416298	499869.1127	0	0
neutron	939.56536	0.9516822435	499867.5418	0	0
K39	36284.76737	0.1017593294	499867.5418	0	0
neutron	939.56536	2.933749815	499866.0604	0	0
K39	36284.76737	0.131630223	499866.0604	0	0
K40	37216.53309	0.1372825245	499860.4571	0	0
neutron	939.56536	0.1966840848	499868.126	0	0
K39	36284.76737	0.1550846952	499868.126	0	0
proton	938.272013	8.73349836	499867.5533	0	0
neutron	939.56536	5.184919719	499867.5533	0	0
Ne22	20479.73746	0.3717020242	499867.5533	0	0
proton	938.272013	2.935502998	499863.4059	0	0
neutron	939.56536	1.449368264	499863.4059	0	0
Ar38	35352.87471	0.2303708281	499863.4059	0	0
K40	37216.53309	0.1384547559	499864.3911	0	0
neutron	939.56536	32.88369633	499869.7314	0	0
proton	938.272013	3.868114458	499869.7314	0	0
C14	13040.87134	2.005033128	499869.7314	0	0
N16	14906.01287	0.2818127489	499869.689	0	0
neutron	939.56536	0.2937640709	499869.4933	0	0
K39	36284.76737	0.1798225241	499869.4933	0	0
neutron	939.56536	0.9199544308	499864.8032	0	0
K39	36284.76737	0.1656851659	499864.8032	0	0
K40	37216.53309	0.1299262829	499862.5956	0	0
proton	938.272013	9.801946523	499864.1046	0	0
neutron	939.56536	5.190798127	499864.1046	0	0
neutron	939.56536	1.86161964	499864.1046	0	0
neutron	939.56536	1.372842017	499864.1046	0	0
C12	11174.86339	1.932004223	499864.1046	0	0
K40	37216.53309	0.1226454695	499861.3923	0	0
Na25	23272.37635	0.2117367332	499870.405	0	0
proton	938.272013	3.779326829	499873.3449	0	0
neutron	939.56536	3.630381934	499873.3449	0	0
Ar38	35352.87471	0.6373349922	499873.3449	0	0
proton	938.272013	10.42942457	499864.8076	0	0
proton	938.272013	7.657475668	499864.8076	0	0
proton	938.272013	2.970435416	499864.8076	0	0
neutron	939.56536	1.258382255	499864.8076	0	0
neutron	939.56536	0.1701672522	499864.8076	0	0
S35	32565.27968	0.6289731598	499864.8076	0	0
neutron	939.56536	7.706284922	499866.6124	0	0
neutron	939.56536	4.788429031	499866.6124	0	0
proton	938.272013	4.117501668	499866.6124	0	0
Ar37	34425.14786	0.4578274746	499866.6124	0	0
neutron	939.56536	9.781656774	499860.4046	0	0
proton	938.272013	7.648232058	499860.4046	0	0
proton	938.272013	5.09243217	499860.4046	0	0
proton	938.272013	4.467478341	499860.4046	0	0
neutron	939.56536	0.3957179956	499860.4046	0	0
alpha	3727.379	9.997341119	499860.4046	0	0
Si31	28846.21977	1.330745308	499860.4046	0	0
neutron	939.56536	13.25854726	499865.8961	0	0
proton	938.272013	3.481077973	499865.8961	0	0
neutron	939.56536	1.450252232	499865.8961	0	0
neutron	939.56536	1.275577365	499865.8961	0	0
Ar36	33494.36994	0.3004110878	499865.8961	0	0
neutron	939.56536	0.05344207216	499864.8298	0	0
K39	36284.76737	0.1305638032	499864.8298	0	0
K40	37216.53309	0.1213356167	499869.2402	0	0
neutron	939.56536	14.95643583	499863.5271	0	0
proton	938.272013	5.741011761	499863.5271	0	0
neutron	939.56536	2.777988851	499863.5271	0	0
proton	938.272013	2.459705062	499863.5271	0	0
neutron	939.56536	0.6935048681	499863.5271	0	0
Cl35	32564.60306	0.3599182933	499863.5271	0	0
neutron	939.56536	5.08706574	499861.3797	0	0
proton	938.272013	5.032031017	499861.3797	0	0
neutron	939.56536	2.122765176	499861.3797	0	0
Ar37	34425.14786	0.4552422484	499861.3797	0	0
N16	14906.01287	0.2920729824	499859.2836	0	0
K40	37216.53309	0.1249785864	499860.2052	0	0
proton	938.272013	4.315088583	499864.933	0	0
proton	938.272013	3.946373078	499864.933	0	0
neutron	939.56536	2.428185672	499864.933	0	0
triton	2808.921	10.39913992	499864.933	0	0
S34	31632.70018	0.649942925	499864.933	0	0
neutron	939.56536	2.036384905	499866.0408	0	0
K39	36284.76737	0.2090433453	499866.0408	0	0
neutron	939.56536	5.170849427	499862.5375	0	0
proton	938.272013	3.848783031	499862.5375	0	0
neutron	939.56536	1.77136527	499862.5375	0	0
Ne23	21414.10216	0.6263664849	499862.5375	0	0
neutron	939.56536	20.93315207	499868.2049	0	0
proton	938.272013	11.93644265	499868.2049	0	0
proton	938.272013	6.097885632	499868.2049	0	0
proton	938.272013	2.920495531	499868.2049	0	0
S36	33494.9558	0.4337520064	499868.2049	0	0
neutron	939.56536	1.874369319	499866.1727	0	0
K39	36284.76737	0.1442029106	499866.1727	0	0
neutron	939.56536	5.39505605	499869.8505	0	0
N15	13968.93638	0.07015511249	499869.8505	0	0
neutron	939.56536	11.96586938	499866.7783	0	0
proton	938.272013	4.784383455	499866.7783	0	0
neutron	939.56536	0.5369532135	499866.7783	0	0
alpha	3727.379	7.847909074	499866.7783	0	0
S33	30704.55199	0.6134467897	499866.7783	0	0
neutron	939.56536	0.2414721748	499862.4869	0	0
Na24	22341.82218	0.2100107281	499862.4869	0	0
neutron	939.56536	0.5993772569	499859.718	0	0
N15	13968.93638	0.1920513112	499859.718	0	0
neutron	939.56536	41.65110388	499861.7511	0	0
proton	938.272013	8.49373832	499861.7511	0	0
C14	13040.87134	3.479830684	499861.7511	0	0
Na24	22341.82218	0.2120650845	499868.2773	0	0
Na24	22341.82218	0.2091977893	499872.2172	0	0
proton	938.272013	14.47126787	499860.4324	0	0
neutron	939.56536	9.287849468	499860.4324	0	0
neutron	939.56536	7.97271651	499860.4324	0	0
neutron	939.56536	2.494960557	499860.4324	0	0
Be8	7454.850296	0.7789835483	499860.4324	0	0
neutron	939.56536	3.475331342	499861.7467	0	0
neutron	939.56536	3.110811102	499861.7467	0	0
neutron	939.56536	2.156767343	499861.7467	0	0
K41	38146.00307	0.3335354321	499861.7467	0	0
neutron	939.56536	0.7724722439	499865.45	0	0
N15	13968.93638	0.1040468031	499865.45	0	0
proton	938.272013	12.0246921	499866.705	0	0
proton	938.272013	5.686933149	499866.705	0	0
neutron	939.56536	4.985436954	499866.705	0	0
proton	938.272013	3.462825361	499866.705	0	0
neutron	939.56536	3.436921192	499866.705	0	0
neutron	939.56536	3.047603069	499866.705	0	0
S34	31632.70018	1.458864885	499866.705	0	0
neutron	939.56536	43.98660062	499861.7599	0	0
neutron	939.56536	0.9287595798	499861.7599	0	0
deuteron	1875.613	1.883006343	499861.7599	0	0
C12	11174.86339	3.348111439	499861.7599	0	0
neutron	939.56536	2.943814061	499872.5056	0	0
N15	13968.93638	0.3107417143	499872.5056	0	0
neutron	939.56536	1.029757315	499862.9509	0	0
K39	36284.76737	0.19131062	499862.9509	0	0
neutron	939.56536	1.973753125	499865.8169	0	0
K39	36284.76737	0.06440243471	499865.8169	0	0
proton	938.272013	5.599317447	499863.4497	0	0
neutron	939.56536	5.532220134	499863.4497	0	0
proton	938.272013	3.965990797	499863.4497	0	0
neutron	939.56536	3.449201736	499863.4497	0	0
deuteron	1875.613	4.900027526	499863.4497	0	0
S34	31632.70018	0.9618445742	499863.4497	0	0
Na24	22341.82218	0.1959846717	499861.8827	0	0
proton	938.272013	7.603170534	499871.8477	0	0
proton	938.272013	5.511384799	499871.8477	0	0
neutron	939.56536	2.967764336	499871.8477	0	0
neutron	939.56536	2.41668287	499871.8477	0	0
Cl36	33495.58861	0.6460475341	499871.8477	0	0
proton	938.272013	10.17353557	499873.4718	0	0
neutron	939.56536	5.21660152	499873.4718	0	0
proton	938.272013	4.653779812	499873.4718	0	0
Cl37	34424.84314	0.8132535599	499873.4718	0	0
proton	938.272013	5.873462061	499864.3994	0	0
neutron	939.56536	1.898015331	499864.3994	0	0
Ar38	35352.87471	0.6736781408	499864.3994	0	0
N16	14906.01287	0.2857448019	499864.0186	0	0
neutron	939.56536	0.2648404976	499867.845	0	0
N15	13968.93638	0.1795254172	499867.845	0	0
neutron	939.56536	0.3097708776	499867.8568	0	0
K39	36284.76737	0.07042553463	499867.8568	0	0
K40	37216.53309	0.1382973223	499866.7104	0	0
neutron	939.56536	0.9472372969	499867.987	0	0
K39	36284.76737	0.07961420733	499867.987	0	0
proton	938.272013	12.30526261	499864.6951	0	0
neutron	939.56536	7.357015989	499864.6951	0	0
neutron	939.56536	2.641048531	499864.6951	0	0
C13	12109.48242	2.183983093	499864.6951	0	0
Na25	23272.37635	0.2128203411	499868.314	0	0
Na24	22341.82218	0.1903563605	499859.5823	0	0
neutron	939.56536	5.957905008	499860.5314	0	0
alpha	3727.379	8.433493341	499860.5314	0	0
B11	10252.54787	3.539656575	499860.5314	0	0
proton	938.272013	6.340458281	499860.8538	0	0
neutron	939.56536	3.380375093	499860.8538	0	0
neutron	939.56536	2.449569015	499860.8538	0	0
Ne21	19550.53637	0.2405047535	499860.8538	0	0
proton	938.272013	7.634011328	499867.4795	0	0
neutron	939.56536	1.869811787	499867.4795	0	0
neutron	939.56536	0.9296719773	499867.4795	0	0
neutron	939.56536	0.901072578	499867.4795	0	0
Ar36	33494.36994	0.1377321957	499867.4795	0	0
neutron	939.56536	14.66577101	499874.2176	0	0
proton	938.272013	4.645409778	499874.2176	0	0
Ne22	20479.73746	1.00713864	499874.2176	0	0
neutron	939.56536	1.345930899	499867.0741	0	0
K39	36284.76737	0.04384724742	499867.0741	0	0
proton	938.272013	9.309590859	499867.6697	0	0
neutron	939.56536	4.236051418	499867.6697	0	0
neutron	939.56536	1.861078526	499867.6697	0	0
Ar37	34425.14786	0.462552444	499867.6697	0	0
proton	938.272013	32.64098619	499862.3119	0	0
neutron	939.56536	6.562013589	499862.3119	0	0
neutron	939.56536	1.318156058	499862.3119	0	0
neutron	939.56536	0.1034445291	499862.3119	0	0
C12	11174.86339	1.518457303	499862.3119	0	0
K40	37216.53309	0.1264553282	499862.2414	0	0
neutron	939.56536	0.08019228503	499868.2984	0	0
N15	13968.93638	0.2387112164	499868.2984	0	0
proton	938.272013	6.747431122	499864.8789	0	0
neutron	939.56536	6.532823039	499864.8789	0	0
neutron	939.56536	5.471814619	499864.8789	0	0
neutron	939.56536	3.544055557	499864.8789	0	0
C12	11174.86339	0.1690197478	499864.8789	0	0
neutron	939.56536	1.891763756	499858.5813	0	0
K39	36284.76737	0.1302634607	499858.5813	0	0
neutron	939.56536	9.088747609	499862.4629	0	0
proton	938.272013	3.688508909	499862.4629	0	0
neutron	939.56536	3.443707858	499862.4629	0	0
proton	938.272013	3.405565852	499862.4629	0	0
deuteron	1875.613	6.281799693	499862.4629	0	0
S34	31632.70018	0.1809417632	499862.4629	0	0
neutron	939.56536	7.378453731	499866.8892	0	0
proton	938.272013	4.244540783	499866.8892	0	0
alpha	3727.379	8.043103539	499866.8892	0	0
S34	31632.70018	0.2098906678	499866.8892	0	0
proton	938.272013	14.46291168	499860.7171	0	0
proton	938.272013	3.439284299	499860.7171	0	0
neutron	939.56536	1.380818554	499860.7171	0	0
deuteron	1875.613	6.360766203	499860.7171	0	0
S35	32565.27968	0.2349476208	499860.7171	0	0
neutron	939.56536	0.03771237251	499868.3434	0	0
N15	13968.93638	0.3311793918	499868.3434	0	0
neutron	939.56536	19.10695493	499861.0132	0	0
proton	938.272013	6.126873653	499861.0132	0	0
proton	938.272013	5.814483212	499861.0132	0	0
neutron	939.56536	2.78343865	499861.0132	0	0
Cl36	33495.58861	1.422377615	499861.0132	0	0
neutron	939.56536	21.62729924	499858.9373	0	0
proton	938.272013	5.486919908	499858.9373	0	0
triton	2808.921	4.8396056	499858.9373	0	0
triton	2808.921	3.235719721	499858.9373	0	0
O16	14895.08153	4.433331625	499858.9373	0	0
K40	37216.53309	0.1428723941	499860.2655	0	0
neutron	939.56536	2.579180713	499885.3358	0	0
K39	36284.76737	0.05296704617	499885.3358	0	0
proton	938.272013	16.94384261	499861.5532	0	0
neutron	939.56536	3.79484059	499861.5532	0	0
neutron	939.56536	1.762623134	499861.5532	0	0
neutron	939.56536	0.2829742612	499861.5532	0	0
Ar36	33494.36994	0.5550136389	499861.5532	0	0
K40	37216.53309	0.1292444294	499870.6474	0	0
Na24	22341.82218	0.1942656414	499864.3994	0	0
neutron	939.56536	2.220012612	499871.3657	0	0
neutron	939.56536	0.4575796032	499871.3657	0	0
deuteron	1875.613	15.82774639	499871.3657	0	0
Be8	7454.850296	3.77813485	499871.3657	0	0
K40	37216.53309	0.1194222138	499876.2247	0	0
neutron	939.56536	12.56250489	499859.5747	0	0
proton	938.272013	4.046819221	499859.5747	0	0
C14	13040.87134	0.4152183868	499859.5747	0	0
proton	938.272013	10.31165827	499859.9165	0	0
proton	938.272013	8.992905106	499859.9165	0	0
neutron	939.56536	4.180350017	499859.9165	0	0
alpha	3727.379	17.73954532	499859.9165	0	0
P33	30705.30994	1.277654558	499859.9165	0	0
neutron	939.56536	1.723196963	499859.5125	0	0
K39	36284.76737	0.1684407466	499859.5125	0	0
neutron	939.56536	5.449321068	499858.9124	0	0
proton	938.272013	4.386581687	499858.9124	0	0
proton	938.272013	4.181874642	499858.9124	0	0
neutron	939.56536	2.91220234	499858.9124	0	0
Cl36	33495.58861	0.7839514892	499858.9124	0	0
K40	37216.53309	0.1243507331	499864.2047	0	0
K40	37216.53309	0.1224192128	499861.1781	0	0
K40	37216.53309	0.130964655	499861.4718	0	0
proton	938.272013	6.825229543	499861.0755	0	0
neutron	939.56536	0.3477246145	499861.0755	0	0
Ar38	35352.87471	0.2588622249	499861.0755	0	0
K40	37216.53309	0.1298884828	499866.0026	0	0
K40	37216.53309	0.1320476264	499862.2049	0	0
neutron	939.56536	4.022626007	499865.1474	0	0
alpha	3727.379	7.528738851	499865.1474	0	0
F19	17692.30285	0.6802373	499865.1474	0	0
neutron	939.56536	4.980386339	499861.9434	0	0
B11	10252.54787	0.5303210295	499861.9434	0	0
N16	14906.01287	0.2965770103	499863.041	0	0
proton	938.272013	5.877425576	499864.1788	0	0
neutron	939.56536	3.63715376	499864.1788	0	0
neutron	939.56536	1.221136803	499864.1788	0	0
Ar37	34425.14786	0.1474716192	499864.1788	0	0
neutron	939.56536	6.586951135	499875.0547	0	0
alpha	3727.379	7.125020504	499875.0547	0	0
Cl35	32564.60306	1.516168185	499875.0547	0	0
neutron	939.56536	7.286829199	499862.9026	0	0
proton	938.272013	5.140526165	499862.9026	0	0
neutron	939.56536	4.989140175	499862.9026	0	0
neutron	939.56536	4.237568283	499862.9026	0	0
C12	11174.86339	2.397380803	499862.9026	0	0
neutron	939.56536	5.66983412	499864.6312	0	0
neutron	939.56536	0.4080731999	499864.6312	0	0
N14	13040.20433	1.084866291	499864.6312	0	0
proton	938.272013	9.469005308	499870.0283	0	0
neutron	939.56536	4.911351658	499870.0283	0	0
neutron	939.56536	1.110622424	499870.0283	0	0
alpha	3727.379	10.19892723	499870.0283	0	0
S33	30704.55199	0.4805085056	499870.0283	0	0
neutron	939.56536	14.05494239	499867.3178	0	0
neutron	939.56536	8.776502511	499867.3178	0	0
deuteron	1875.613	19.25148618	499867.3178	0	0
Be8	7454.850296	8.077519734	499867.3178	0	0
K40	37216.53309	0.1290163623	499857.3571	0	0
neutron	939.56536	0.2440113529	499865.0499	0	0
K39	36284.76737	0.1398016534	499865.0499	0	0
neutron	939.56536	0.4632995473	499864.8433	0	0
K39	36284.76737	0.06766618311	499864.8433	0	0
K40	37216.53309	0.1422627293	499871.5397	0	0
neutron	939.56536	5.965461296	499863.2716	0	0
Na23	21409.21625	0.05375143634	499863.2716	0	0
neutron	939.56536	1.148583368	499866.8386	0	0
K39	36284.76737	0.08935997766	499866.8386	0	0
K40	37216.53309	0.141517276	499866.5494	0	0
neutron	939.56536	1.668912127	499863.127	0	0
neutron	939.56536	0.1094450697	499863.127	0	0
Na24	22341.82218	0.3114634037	499863.127	0	0
proton	938.272013	9.708618327	499868.0276	0	0
proton	938.272013	4.282870222	499868.0276	0	0
neutron	939.56536	4.233636101	499868.0276	0	0
neutron	939.56536	4.191630747	499868.0276	0	0
neutron	939.56536	3.107650287	499868.0276	0	0
Cl35	32564.60306	0.7610043102	499868.0276	0	0
neutron	939.56536	4.622105591	499865.393	0	0
neutron	939.56536	3.846977268	499865.393	0	0
deuteron	1875.613	7.265538246	499865.393	0	0
Ar36	33494.36994	0.9462906731	499865.393	0	0
neutron	939.56536	8.134566691	499865.8701	0	0
proton	938.272013	5.79011595	499865.8701	0	0
neutron	939.56536	3.220843146	499865.8701	0	0
neutron	939.56536	2.156575747	499865.8701	0	0
C12	11174.86339	0.3866680409	499865.8701	0	0
proton	938.272013	5.882820674	499864.4446	0	0
neutron	939.56536	2.396544094	499864.4446	0	0
Ar38	35352.87471	0.5908810761	499864.4446	0	0
K40	37216.53309	0.1420318139	499865.0191	0	0
K40	37216.53309	0.137992324	499866.9234	0	0
neutron	939.56536	13.21399696	499861.2843	0	0
proton	938.272013	8.557980621	499861.2843	0	0
proton	938.272013	4.070637705	499861.2843	0	0
alpha	3727.379	10.22302114	499861.2843	0	0
P33	30705.30994	1.457836642	499861.2843	0	0
neutron	939.56536	1.794284537	499867.1951	0	0
K39	36284.76737	0.1211705713	499867.1951	0	0
Na26	24206.36741	0.1744094601	499861.2409	0	0
proton	938.272013	32.43197287	499857.1593	0	0
proton	938.272013	3.887202095	499857.1593	0	0
deuteron	1875.613	2.989502356	499857.1593	0	0
S36	33494.9558	1.804482428	499857.1593	0	0
neutron	939.56536	22.24530696	499865.9997	0	0
alpha	3727.379	5.112852137	499865.9997	0	0
triton	2808.921	2.399838797	499865.9997	0	0
Be8	7454.850296	4.337195925	499865.9997	0	0
proton	938.272013	18.72843046	499859.1658	0	0
neutron	939.56536	8.041580623	499859.1658	0	0
Ar38	35352.87471	0.4035516569	499859.1658	0	0
K40	37216.53309	0.139510197	499859.1813	0	0
neutron	939.56536	0.3839263245	499864.2016	0	0
K39	36284.76737	0.1700030088	499864.2016	0	0
neutron	939.56536	0.04795313398	499864.4831	0	0
K39	36284.76737	0.125258108	499864.4831	0	0
neutron	939.56536	0.8240945713	499869.3999	0	0
K39	36284.76737	0.1494893116	499869.3999	0	0
neutron	939.56536	8.698812859	499861.4796	0	0
neutron	939.56536	0.1206588517	499861.4796	0	0
B10	9324.436652	1.171450949	499861.4796	0	0
neutron	939.56536	0.7779542865	499872.9537	0	0
K39	36284.76737	0.05367090403	499872.9537	0	0
neutron	939.56536	8.389553947	499858.754	0	0
proton	938.272013	2.981205	499858.754	0	0
neutron	939.56536	2.456079894	499858.754	0	0
neutron	939.56536	0.7484441155	499858.754	0	0
C12	11174.86339	2.355461651	499858.754	0	0
neutron	939.56536	8.374011181	499863.5604	0	0
proton	938.272013	7.36197805	499863.5604	0	0
proton	938.272013	3.637831918	499863.5604	0	0
neutron	939.56536	1.769411411	499863.5604	0	0
neutron	939.56536	1.669211099	499863.5604	0	0
triton	2808.921	4.872763038	499863.5604	0	0
S32	29773.62828	0.3549624037	499863.5604	0	0
K40	37216.53309	0.1358538386	499861.3304	0	0
Na24	22341.82218	0.2049476603	499860.3654	0	0
neutron	939.56536	2.551685708	499865.9941	0	0
neutron	939.56536	2.529422492	499865.9941	0	0
proton	938.272013	1.955458938	499865.9941	0	0
neutron	939.56536	0.9202919591	499865.9941	0	0
C12	11174.86339	0.2251080154	499865.9941	0	0
proton	938.272013	5.714752037	499863.0984	0	0
neutron	939.56536	5.431480687	499863.0984	0	0
Ar38	35352.87471	0.2059250317	499863.0984	0	0
proton	938.272013	9.866107738	499864.3556	0	0
neutron	939.56536	1.92484282	499864.3556	0	0
neutron	939.56536	0.6937272048	499864.3556	0	0
Ar37	34425.14786	0.07183105791	499864.3556	0	0
neutron	939.56536	0.09710890798	499868.8658	0	0
K39	36284.76737	0.1499101443	499868.8658	0	0
neutron	939.56536	10.26737738	499865.0607	0	0
proton	938.272013	5.640067788	499865.0607	0	0
proton	938.272013	3.114393642	499865.0607	0	0
Cl37	34424.84314	0.8796365832	499865.0607	0	0
neutron	939.56536	0.01865310113	499870.614	0	0
Na23	21409.21625	0.1970791674	499870.614	0	0
neutron	939.56536	19.18906092	499861.7585	0	0
proton	938.272013	4.788810455	499861.7585	0	0
neutron	939.56536	3.556359944	499861.7585	0	0
deuteron	1875.613	12.38501091	499861.7585	0	0
Cl35	32564.60306	0.6377778404	499861.7585	0	0
K40	37216.53309	0.1265361802	499869.9388	0	0
neutron	939.56536	0.9839482823	499867.9311	0	0
K39	36284.76737	0.2448137172	499867.9311	0	0
K40	37216.53309	0.1426126107	499862.1087	0	0
Na24	22341.82218	0.211561499	499864.9324	0	0
K40	37216.53309	0.1340390618	499860.5724	0	0
neutron	939.56536	2.071970916	499867.5816	0	0
Na23	21409.21625	0.3242766023	499867.5816	0	0
Mg26	24196.50368	0.1235632878	499953.4884	72.86197317	72.62506569
K40	37216.53309	0.1370875018	499884.6639	0	0
proton	938.272013	6.350435062	499863.8556	0	0
neutron	939.56536	6.214659912	499863.8556	0	0
neutron	939.56536	0.5388461236	499863.8556	0	0
neutron	939.56536	0.2136802544	499863.8556	0	0
Ar36	33494.36994	0.474418644	499863.8556	0	0
neutron	939.56536	7.052606797	499870.1469	0	0
proton	938.272013	3.988648038	499870.1469	0	0
neutron	939.56536	1.226526751	499870.1469	0	0
neutron	939.56536	0.582270494	499870.1469	0	0
Ar36	33494.36994	0.6386618434	499870.1469	0	0
K40	37216.53309	0.1185493664	499864.4656	0	0
K40	37216.53309	0.1378689753	499866.0759	0	0
neutron	939.56536	0.3868660088	499859.4984	0	0
N15	13968.93638	0.2687572494	499859.4984	0	0
K40	37216.53309	0.1245782545	499868.8055	0	0
neutron	939.56536	2.777200359	499867.313	0	0
neutron	939.56536	0.5485367234	499867.313	0	0
N16	14906.01287	0.2146610776	499867.313	0	0
Na24	22341.82218	0.2163488417	499866.807	0	0
proton	938.272013	32.26916194	499867.2991	0	0
neutron	939.56536	4.467622952	499867.2991	0	0
neutron	939.56536	1.772658314	499867.2991	0	0
Ar37	34425.14786	1.725891983	499867.2991	0	0
K40	37216.53309	0.1256831682	499857.4142	0	0
neutron	939.56536	0.8678394689	499863.3768	0	0
Na23	21409.21625	0.3249467699	499863.3768	0	0
neutron	939.56536	0.1381630171	499862.1562	0	0
K39	36284.76737	0.1122908806	499862.1562	0	0
neutron	939.56536	1.726399476	499874.1001	0	0
B11	10252.54787	0.4026047639	499874.1001	0	0
K40	37216.53309	0.1228316248	499860.6723	0	0
neutron	939.56536	11.66171221	499861.8278	0	0
proton	938.272013	3.901256095	499861.8278	0	0
proton	938.272013	3.091489119	499861.8278	0	0
Cl37	34424.84314	1.085628039	499861.8278	0	0
neutron	939.56536	24.32188348	499866.8797	0	0
proton	938.272013	8.426584461	499866.8797	0	0
neutron	939.56536	3.171097274	499866.8797	0	0
neutron	939.56536	2.985405172	499866.8797	0	0
neutron	939.56536	0.8448499633	499866.8797	0	0
Ar37	34425.14786	0.7960408148	499866.8797	0	0
neutron	939.56536	17.05967005	499861.4992	0	0
proton	938.272013	12.55283168	499861.4992	0	0
proton	938.272013	12.33081369	499861.4992	0	0
neutron	939.56536	2.181226998	499861.4992	0	0
neutron	939.56536	0.9640518221	499861.4992	0	0
Cl35	32564.60306	1.383559824	499861.4992	0	0
K40	37216.53309	0.1371064973	499862.1502	0	0
K40	37216.53309	0.1163089801	499862.6697	0	0
neutron	939.56536	14.18662896	499863.5102	0	0
neutron	939.56536	8.764433001	499863.5102	0	0
proton	938.272013	7.759046991	499863.5102	0	0
neutron	939.56536	4.639781232	499863.5102	0	0
C12	11174.86339	4.516059171	499863.5102	0	0
neutron	939.56536	14.04478927	499870.1482	0	0
proton	938.272013	9.698485102	499870.1482	0	0
proton	938.272013	2.515866123	499870.1482	0	0
neutron	939.56536	0.3552773344	499870.1482	0	0
deuteron	1875.613	7.461190669	499870.1482	0	0
S34	31632.70018	0.6273540522	499870.1482	0	0
neutron	939.56536	2.407594148	499862.0438	0	0
K39	36284.76737	0.01294126547	499862.0438	0	0
neutron	939.56536	0.3194359839	499860.6409	0	0
K39	36284.76737	0.1759279182	499860.6409	0	0
neutron	939.56536	2.108450185	499862.1906	0	0
K39	36284.76737	0.1939123004	499862.1906	0	0
neutron	939.56536	0.7883638505	499863.0508	0	0
K39	36284.76737	0.1942479672	499863.0508	0	0
neutron	939.56536	3.447799904	499862.1828	0	0
K39	36284.76737	0.2887970937	499862.1828	0	0
proton	938.272013	8.405585404	499863.3669	0	0
proton	938.272013	6.19589709	499863.3669	0	0
proton	938.272013	5.550998604	499863.3669	0	0
neutron	939.56536	2.761336578	499863.3669	0	0
neutron	939.56536	2.439255241	499863.3669	0	0
neutron	939.56536	1.35816597	499863.3669	0	0
neutron	939.56536	0.6232196246	499863.3669	0	0
S33	30704.55199	0.4791195157	499863.3669	0	0
neutron	939.56536	0.189213799	499864.2935	0	0
K39	36284.76737	0.1735570671	499864.2935	0	0
neutron	939.56536	0.9105319899	499862.7413	0	0
K39	36284.76737	0.09043029571	499862.7413	0	0
neutron	939.56536	0.7791808273	499865.6407	0	0
K39	36284.76737	0.09096760292	499865.6407	0	0
N16	14906.01287	0.2946987551	499866.0377	0	0
proton	938.272013	3.704263492	499861.2516	0	0
neutron	939.56536	1.399926875	499861.2516	0	0
Ne22	20479.73746	0.583019498	499861.2516	0	0
neutron	939.56536	3.396196085	499861.0264	0	0
N15	13968.93638	0.2056300766	499861.0264	0	0
neutron	939.56536	38.8536823	499860.9154	0	0
proton	938.272013	4.392104332	499860.9154	0	0
proton	938.272013	2.847070004	499860.9154	0	0
neutron	939.56536	1.908587084	499860.9154	0	0
neutron	939.56536	0.3020949908	499860.9154	0	0
Cl35	32564.60306	0.5983102265	499860.9154	0	0
proton	938.272013	6.594242339	499855.9944	0	0
neutron	939.56536	4.967038083	499855.9944	0	0
neutron	939.56536	0.6281727142	499855.9944	0	0
alpha	3727.379	9.80839888	499855.9944	0	0
S33	30704.55199	2.634605782	499855.9944	0	0
proton	938.272013	21.92928456	499859.7315	0	0
neutron	939.56536	6.778270324	499859.7315	0	0
neutron	939.56536	5.6495036	499859.7315	0	0
neutron	939.56536	1.06691895	499859.7315	0	0
Ar36	33494.36994	0.4134588905	499859.7315	0	0
neutron	939.56536	5.82481346	499864.5722	0	0
neutron	939.56536	0.8484943466	499864.5722	0	0
deuteron	1875.613	12.67376213	499864.5722	0	0
alpha	3727.379	4.804277888	499864.5722	0	0
alpha	3727.379	5.312684493	499864.5722	0	0
K40	37216.53309	0.1387003072	499861.8729	0	0
K40	37216.53309	0.1322069561	499864.6008	0	0
neutron	939.56536	6.698455143	499864.0268	0	0
proton	938.272013	3.994089651	499864.0268	0	0
proton	938.272013	3.964513584	499864.0268	0	0
neutron	939.56536	3.424670259	499864.0268	0	0
proton	938.272013	3.204543277	499864.0268	0	0
neutron	939.56536	3.001628476	499864.0268	0	0
neutron	939.56536	0.3685661202	499864.0268	0	0
neutron	939.56536	0.1432414398	499864.0268	0	0
S32	29773.62828	1.043022037	499864.0268	0	0
proton	938.272013	10.65589231	499861.8548	0	0
proton	938.272013	7.300041424	499861.8548	0	0
proton	938.272013	4.139117522	499861.8548	0	0
neutron	939.56536	1.120053249	499861.8548	0	0
neutron	939.56536	0.3765640671	499861.8548	0	0
S35	32565.27968	0.1410543273	499861.8548	0	0
neutron	939.56536	2.428525644	499867.1581	0	0
K39	36284.76737	0.1496645694	499867.1581	0	0
K40	37216.53309	0.1237609829	499865.4501	0	0
proton	938.272013	27.12050596	499870.5649	0	0
neutron	939.56536	25.2178779	499870.5649	0	0
neutron	939.56536	1.537460851	499870.5649	0	0
neutron	939.56536	0.9259938148	499870.5649	0	0
Ar36	33494.36994	0.9306144501	499870.5649	0	0
neutron	939.56536	13.12731504	499861.1832	0	0
proton	938.272013	8.422782876	499861.1832	0	0
proton	938.272013	4.765007728	499861.1832	0	0
Cl37	34424.84314	0.1693521086	499861.1832	0	0
proton	938.272013	9.767656521	499859.185	0	0
neutron	939.56536	8.902555436	499859.185	0	0
neutron	939.56536	4.411235425	499859.185	0	0
Ar37	34425.14786	0.1665112557	499859.185	0	0
neutron	939.56536	7.403671041	499871.6051	0	0
proton	938.272013	5.039523678	499871.6051	0	0
Ar38	35352.87471	0.1775853222	499871.6051	0	0
neutron	939.56536	3.488840979	499855.0056	0	0
neutron	939.56536	0.6147258477	499855.0056	0	0
N14	13040.20433	0.3280136286	499855.0056	0	0
K40	37216.53309	0.1413464697	499869.9354	0	0
K40	37216.53309	0.1410173593	499867.6145	0	0
Na25	23272.37635	0.2028123349	499862.4029	0	0
neutron	939.56536	0.5259816056	499859.1809	0	0
K39	36284.76737	0.1409708137	499859.1809	0	0
K40	37216.53309	0.1411684787	499858.4111	0	0
K40	37216.53309	0.1278257228	499863.2746	0	0
O16	14895.08153	0.4232112887	499879.0795	25.30354566	24.77653541
neutron	939.56536	0.8059660713	499858.53	0	0
K39	36284.76737	0.2301540199	499858.53	0	0
proton	938.272013	16.63522186	499866.6977	0	0
neutron	939.56536	5.335907693	499866.6977	0	0
neutron	939.56536	0.9273307987	499866.6977	0	0
Ar37	34425.14786	0.5781553408	499866.6977	0	0
K40	37216.53309	0.1375026984	499865.3848	0	0
neutron	939.56536	1.010369166	499855.4707	0	0
N15	13968.93638	0.1363313856	499855.4707	0	0
neutron	939.56536	1.320600258	499860.7212	0	0
K39	36284.76737	0.2556988693	499860.7212	0	0
proton	938.272013	12.65723405	499859.652	0	0
neutron	939.56536	6.596138484	499859.652	0	0
proton	938.272013	4.506587993	499859.652	0	0
neutron	939.56536	4.212139186	499859.652	0	0
neutron	939.56536	2.678966837	499859.652	0	0
Cl35	32564.60306	2.388412853	499859.652	0	0
neutron	939.56536	7.300898664	499869.3063	0	0
B11	10252.54787	0.66842972	499869.3063	0	0
neutron	939.56536	4.29524001	499860.7126	0	0
K39	36284.76737	0.1499218705	499860.7126	0	0
neutron	939.56536	1.287828489	499862.4562	0	0
K39	36284.76737	0.166843231	499862.4562	0	0
proton	938.272013	15.59236259	499857.009	0	0
neutron	939.56536	2.899989831	499857.009	0	0
neutron	939.56536	0.1593682074	499857.009	0	0
deuteron	1875.613	1.736140513	499857.009	0	0
triton	2808.921	2.407649049	499857.009	0	0
alpha	3727.379	0.1904678038	499857.009	0	0
proton	938.272013	1.638639585	499866.4087	0	0
Ne24	22344.79859	0.3058601243	499866.4087	0	0
neutron	939.56536	1.293081044	499866.2996	0	0
K39	36284.76737	0.06376454428	499866.2996	0	0
proton	938.272013	10.00967464	499863.9579	0	0
neutron	939.56536	8.307513116	499863.9579	0	0
proton	938.272013	4.593355338	499863.9579	0	0
proton	938.272013	3.21524445	499863.9579	0	0
neutron	939.56536	0.6710755822	499863.9579	0	0
S35	32565.27968	0.5443060016	499863.9579	0	0
C12	11174.86339	0.435519552	499882.9612	22.51358842	21.93307841
K40	37216.53309	0.138631076	499855.6152	0	0
proton	938.272013	11.97323924	499868.4454	0	0
neutron	939.56536	6.792866843	499868.4454	0	0
neutron	939.56536	1.27506595	499868.4454	0	0
alpha	3727.379	5.810565064	499868.4454	0	0
S33	30704.55199	1.559336309	499868.4454	0	0
neutron	939.56536	7.42083426	499864.4407	0	0
proton	938.272013	5.578494418	499864.4407	0	0
neutron	939.56536	5.207583249	499864.4407	0	0
neutron	939.56536	3.115672789	499864.4407	0	0
alpha	3727.379	13.96179558	499864.4407	0	0
S32	29773.62828	1.204723952	499864.4407	0	0
proton	938.272013	11.14241036	499862.8227	0	0
neutron	939.56536	0.7265641897	499862.8227	0	0
Ne22	20479.73746	0.5824852315	499862.8227	0	0
proton	938.272013	29.95001591	499858.0482	0	0
neutron	939.56536	4.305453247	499858.0482	0	0
neutron	939.56536	2.793862801	499858.0482	0	0
Ar37	34425.14786	1.582627421	499858.0482	0	0
neutron	939.56536	0.789136216	499862.524	0	0
Na23	21409.21625	0.245203523	499862.524	0	0
proton	938.272013	3.597009869	499864.9794	0	0
neutron	939.56536	2.083940226	499864.9794	0	0
Ne22	20479.73746	0.4950853705	499864.9794	0	0
proton	938.272013	3.450187754	499867.3924	0	0
neutron	939.56536	0.5512186528	499867.3924	0	0
Ne22	20479.73746	0.7110396437	499867.3924	0	0
K40	37216.53309	0.1321810588	499869.6929	0	0
neutron	939.56536	1.177815088	499856.2119	0	0
K39	36284.76737	0.0374124671	499856.2119	0	0
proton	938.272013	5.483086889	499861.2824	0	0
neutron	939.56536	4.953432827	499861.2824	0	0
neutron	939.56536	3.326588683	499861.2824	0	0
neutron	939.56536	0.7000086216	499861.2824	0	0
C12	11174.86339	0.8140973701	499861.2824	0	0
neutron	939.56536	5.546350791	499867.4302	0	0
neutron	939.56536	1.990481082	499867.4302	0	0
deuteron	1875.613	11.78138115	499867.4302	0	0
Ar36	33494.36994	0.6078143844	499867.4302	0	0
proton	938.272013	4.604698387	499859.9866	0	0
neutron	939.56536	0.5671499486	499859.9866	0	0
neutron	939.56536	0.403512268	499859.9866	0	0
alpha	3727.379	14.87848043	499859.9866	0	0
S33	30704.55199	3.67255114	499859.9866	0	0
K40	37216.53309	0.130734446	499859.7868	0	0
proton	938.272013	7.528159748	499865.1405	0	0
neutron	939.56536	1.513589414	499865.1405	0	0
Ar38	35352.87471	0.6648115159	499865.1405	0	0
neutron	939.56536	12.4746845	499864.9165	0	0
neutron	939.56536	0.363453558	499864.9165	0	0
alpha	3727.379	6.196700195	499864.9165	0	0
B10	9324.436652	0.4934376137	499864.9165	0	0
neutron	939.56536	17.37069949	499862.9473	0	0
neutron	939.56536	1.641753382	499862.9473	0	0
N14	13040.20433	0.7377879087	499862.9473	0	0
proton	938.272013	9.778379169	499864.2348	0	0
neutron	939.56536	7.273098805	499864.2348	0	0
neutron	939.56536	2.031111211	499864.2348	0	0
neutron	939.56536	1.362370352	499864.2348	0	0
Ar36	33494.36994	0.5972385074	499864.2348	0	0
neutron	939.56536	2.198534975	499869.8081	0	0
N15	13968.93638	0.3362273586	499869.8081	0	0
K40	37216.53309	0.140287321	499865.2479	0	0
K40	37216.53309	0.1273526324	499864.1922	0	0
neutron	939.56536	14.28022193	499866.5585	0	0
proton	938.272013	10.26058432	499866.5585	0	0
Ar38	35352.87471	0.1564954366	499866.5585	0	0
neutron	939.56536	0.3047985759	499870.7846	0	0
Na23	21409.21625	0.1485508177	499870.7846	0	0
neutron	939.56536	0.2813514219	499873.3241	0	0
K39	36284.76737	0.1265801979	499873.3241	0	0
proton	938.272013	13.42420277	499859.0287	0	0
neutron	939.56536	9.02036455	499859.0287	0	0
neutron	939.56536	0.9001245782	499859.0287	0	0
Ar37	34425.14786	0.7318523057	499859.0287	0	0
K40	37216.53309	0.1408618636	499866.5872	0	0
neutron	939.56536	4.585913781	499865.0321	0	0
proton	938.272013	3.859352384	499865.0321	0	0
neutron	939.56536	3.559114925	499865.0321	0	0
neutron	939.56536	1.855407972	499865.0321	0	0
alpha	3727.379	8.851376423	499865.0321	0	0
S32	29773.62828	1.277731251	499865.0321	0	0
neutron	939.56536	16.82348751	499860.8271	0	0
proton	938.272013	5.593458307	499860.8271	0	0
neutron	939.56536	5.516724097	499860.8271	0	0
neutron	939.56536	1.912412581	499860.8271	0	0
Ar36	33494.36994	0.2610421366	499860.8271	0	0
neutron	939.56536	0.3022324794	499872.7149	0	0
K39	36284.76737	0.1860111238	499872.7149	0	0
neutron	939.56536	1.167517643	499867.4396	0	0
neutron	939.56536	1.107910478	499867.4396	0	0
Na22	20482.07056	0.6617046441	499867.4396	0	0
K40	37216.53309	0.1399851501	499861.2813	0	0
K40	37216.53309	0.1317176514	499866.8975	0	0
neutron	939.56536	1.707533312	499858.4016	0	0
K39	36284.76737	0.1272775744	499858.4016	0	0
K40	37216.53309	0.13271214	499866.4145	0	0
neutron	939.56536	0.9095724645	499859.2102	0	0
B11	10252.54787	0.6662280233	499859.2102	0	0
neutron	939.56536	3.238268742	499862.8696	0	0
proton	938.272013	2.811097134	499862.8696	0	0
deuteron	1875.613	3.237348	499862.8696	0	0
alpha	3727.379	7.096008952	499862.8696	0	0
P32	29775.84838	1.544039202	499862.8696	0	0
neutron	939.56536	5.937511852	499862.4124	0	0
proton	938.272013	5.191290663	499862.4124	0	0
neutron	939.56536	3.020972406	499862.4124	0	0
proton	938.272013	2.643665636	499862.4124	0	0
neutron	939.56536	0.6161012104	499862.4124	0	0
Cl35	32564.60306	0.2662766689	499862.4124	0	0
Na25	23272.37635	0.2009859193	499864.1162	0	0
proton	938.272013	7.86935575	499861.5293	0	0
neutron	939.56536	7.744792868	499861.5293	0	0
neutron	939.56536	4.939569933	499861.5293	0	0
alpha	3727.379	5.816742133	499861.5293	0	0
S33	30704.55199	2.248282302	499861.5293	0	0
neutron	939.56536	9.429410466	499869.495	0	0
proton	938.272013	5.945126348	499869.495	0	0
neutron	939.56536	0.3366569084	499869.495	0	0
C13	12109.48242	1.795986436	499869.495	0	0
neutron	939.56536	0.9099154548	499858.1001	0	0
K39	36284.76737	0.1815301433	499858.1001	0	0
neutron	939.56536	3.241218054	499860.3768	0	0
K39	36284.76737	0.005558681053	499860.3768	0	0
neutron	939.56536	3.681422707	499867.1592	0	0
deuteron	1875.613	0.6844758502	499867.1592	0	0
Be9	8392.751106	1.101326887	499867.1592	0	0
neutron	939.56536	1.003870021	499867.6399	0	0
K39	36284.76737	0.1782007224	499867.6399	0	0
neutron	939.56536	7.94987186	499853.1799	0	0
proton	938.272013	6.434634503	499853.1799	0	0
neutron	939.56536	4.614027558	499853.1799	0	0
proton	938.272013	4.101689423	499853.1799	0	0
neutron	939.56536	3.706524238	499853.1799	0	0
Cl35	32564.60306	0.1625480869	499853.1799	0	0
K40	37216.53309	0.1260119334	499868.6545	0	0
neutron	939.56536	0.3183645767	499870.2411	0	0
K39	36284.76737	0.1454040907	499870.2411	0	0
K40	37216.53309	0.1314100006	499865.7151	0	0
N16	14906.01287	0.2904935368	499862.4314	0	0
proton	938.272013	53.4411896	499871.1359	0	0
neutron	939.56536	1.293058373	499871.1359	0	0
Ar38	35352.87471	1.651860297	499871.1359	0	0
K40	37216.53309	0.1391253323	499868.9185	0	0
K40	37216.53309	0.1319636939	499864.2197	0	0
proton	938.272013	9.554528788	499864.8835	0	0
neutron	939.56536	5.024904474	499864.8835	0	0
proton	938.272013	4.024073144	499864.8835	0	0
Cl37	34424.84314	0.5293441688	499864.8835	0	0
neutron	939.56536	2.65006538	499863.2554	0	0
K39	36284.76737	0.05892268484	499863.2554	0	0
neutron	939.56536	5.940787459	499862.038	0	0
K39	36284.76737	0.2841917132	499862.038	0	0
Na25	23272.37635	0.2040268125	499865.608	0	0
neutron	939.56536	3.23496738	499859.22	0	0
neutron	939.56536	2.76088273	499859.22	0	0
N14	13040.20433	0.3686895348	499859.22	0	0
neutron	939.56536	12.15745709	499866.2803	0	0
proton	938.272013	5.643522396	499866.2803	0	0
neutron	939.56536	0.623980024	499866.2803	0	0
neutron	939.56536	0.4551825168	499866.2803	0	0
Ar36	33494.36994	0.5453757141	499866.2803	0	0
K40	37216.53309	0.1373565324	499865.6334	0	0
neutron	939.56536	0.5962868366	499863.941	0	0
N15	13968.93638	0.491512595	499863.941	0	0
neutron	939.56536	5.324884745	499864.5127	0	0
neutron	939.56536	2.003946548	499864.5127	0	0
neutron	939.56536	0.6912371803	499864.5127	0	0
deuteron	1875.613	8.766829746	499864.5127	0	0
Ar37	34425.14786	0.6684080174	499864.5127	0	0
neutron	939.56536	3.283065156	499864.9873	0	0
K39	36284.76737	0.3245027327	499864.9873	0	0
proton	938.272013	9.236036559	499866.0217	0	0
neutron	939.56536	3.579433647	499866.0217	0	0
neutron	939.56536	1.626082285	499866.0217	0	0
deuteron	1875.613	13.81133074	499866.0217	0	0
B11	10252.54787	4.152679827	499866.0217	0	0
neutron	939.56536	2.534568404	499871.3797	0	0
proton	938.272013	0.8398657321	499871.3797	0	0
Be10	9325.504169	0.2733874247	499871.3797	0	0
neutron	939.56536	2.382237358	499864.5553	0	0
triton	2808.921	12.2335291	499864.5553	0	0
alpha	3727.379	1.194007041	499864.5553	0	0
alpha	3727.379	7.435574282	499864.5553	0	0
neutron	939.56536	0.8032109789	499865.632	0	0
K39	36284.76737	0.1950240025	499865.632	0	0
neutron	939.56536	0.7710631623	499862.1414	0	0
K39	36284.76737	0.06194773272	499862.1414	0	0
neutron	939.56536	0.4663495847	499861.1661	0	0
deuteron	1875.613	4.198743959	499861.1661	0	0
Ar37	34425.14786	0.2596957069	499861.1661	0	0
neutron	939.56536	27.37593291	499861.9188	0	0
proton	938.272013	7.598204777	499861.9188	0	0
neutron	939.56536	5.464735593	499861.9188	0	0
neutron	939.56536	2.622549724	499861.9188	0	0
C12	11174.86339	1.118211663	499861.9188	0	0
proton	938.272013	8.469178185	499862.0073	0	0
proton	938.272013	3.790372733	499862.0073	0	0
neutron	939.56536	0.8818239008	499862.0073	0	0
neutron	939.56536	0.6433217253	499862.0073	0	0
deuteron	1875.613	10.53018629	499862.0073	0	0
S34	31632.70018	0.216535067	499862.0073	0	0
neutron	939.56536	5.52820011	499863.5794	0	0
proton	938.272013	3.477644514	499863.5794	0	0
proton	938.272013	3.408341868	499863.5794	0	0
neutron	939.56536	1.945520601	499863.5794	0	0
triton	2808.921	5.337515889	499863.5794	0	0
alpha	3727.379	5.341578022	499863.5794	0	0
C13	12109.48242	1.101459032	499863.5794	0	0
K40	37216.53309	0.1328324013	499869.7106	0	0
neutron	939.56536	7.612285438	499864.1112	0	0
proton	938.272013	4.06782908	499864.1112	0	0
Ar38	35352.87471	0.1792496782	499864.1112	0	0
neutron	939.56536	0.1263087273	499863.1341	0	0
Na23	21409.21625	0.2408411869	499863.1341	0	0
neutron	939.56536	2.106403805	499863.1301	0	0
K39	36284.76737	0.09788349944	499863.1301	0	0
K40	37216.53309	0.1289626232	499858.6791	0	0
K40	37216.53309	0.1417137512	499869.5353	0	0
proton	938.272013	20.13836108	499865.021	0	0
neutron	939.56536	3.708283863	499865.021	0	0
neutron	939.56536	2.294536382	499865.021	0	0
Ar37	34425.14786	0.3711241789	499865.021	0	0
neutron	939.56536	5.460373288	499864.2559	0	0
proton	938.272013	4.029964319	499864.2559	0	0
Ar38	35352.87471	0.2771793439	499864.2559	0	0
proton	938.272013	12.71135625	499870.675	0	0
proton	938.272013	7.731178024	499870.675	0	0
neutron	939.56536	5.474108047	499870.675	0	0
neutron	939.56536	2.85158458	499870.675	0	0
neutron	939.56536	1.625457205	499870.675	0	0
B11	10252.54787	0.7328743448	499870.675	0	0
proton	938.272013	3.916387194	499867.3298	0	0
neutron	939.56536	1.423940007	499867.3298	0	0
Ar38	35352.87471	0.268692259	499867.3298	0	0
K40	37216.53309	0.1391013473	499858.2919	0	0
neutron	939.56536	4.68249719	499867.2352	0	0
proton	938.272013	3.571986169	499867.2352	0	0
proton	938.272013	2.902190619	499867.2352	0	0
neutron	939.56536	0.9894661831	499867.2352	0	0
deuteron	1875.613	6.431473062	499867.2352	0	0
S34	31632.70018	0.4311280958	499867.2352	0	0
neutron	939.56536	0.5720774701	499866.6882	0	0
K39	36284.76737	0.06498521658	499866.6882	0	0
K40	37216.53309	0.1367901428	499867.4796	0	0
proton	938.272013	7.247015478	499860.3131	0	0
neutron	939.56536	4.497052241	499860.3131	0	0
neutron	939.56536	2.816446229	499860.3131	0	0
neutron	939.56536	1.461834671	499860.3131	0	0
alpha	3727.379	9.616147483	499860.3131	0	0
S32	29773.62828	0.8758213476	499860.3131	0	0
neutron	939.56536	6.677033521	499860.3403	0	0
Na23	21409.21625	0.171177823	499860.3403	0	0
proton	938.272013	4.408232357	499862.8772	0	0
neutron	939.56536	0.5185562607	499862.8772	0	0
Ar38	35352.87471	0.03231319087	499862.8772	0	0
neutron	939.56536	7.871054157	499860.9014	0	0
proton	938.272013	3.458629313	499860.9014	0	0
neutron	939.56536	0.4513945242	499860.9014	0	0
Ar37	34425.14786	0.6022613087	499860.9014	0	0
neutron	939.56536	29.17122231	499861.2432	0	0
neutron	939.56536	5.52472103	499861.2432	0	0
proton	938.272013	2.018992682	499861.2432	0	0
neutron	939.56536	1.59067067	499861.2432	0	0
Ne21	19550.53637	1.078597755	499861.2432	0	0
proton	938.272013	6.951984243	499859.4211	0	0
neutron	939.56536	3.510839187	499859.4211	0	0
proton	938.272013	2.413218619	499859.4211	0	0
neutron	939.56536	2.113391408	499859.4211	0	0
neutron	939.56536	0.6293634879	499859.4211	0	0
B11	10252.54787	0.9134374079	499859.4211	0	0
neutron	939.56536	1.494475669	499856.728	0	0
N15	13968.93638	0.2985753326	499856.728	0	0
K40	37216.53309	0.1147758268	499868.6643	0	0
neutron	939.56536	0.6839407515	499864.7352	0	0
K39	36284.76737	0.09920709404	499864.7352	0	0
proton	938.272013	9.63970752	499862.708	0	0
neutron	939.56536	3.425217899	499862.708	0	0
Ar38	35352.87471	0.86848078	499862.708	0	0
K40	37216.53309	0.1307996881	499863.2311	0	0
neutron	939.56536	3.671076298	499871.884	0	0
N15	13968.93638	0.1955967562	499871.884	0	0
neutron	939.56536	5.971070913	499860.5937	0	0
proton	938.272013	5.798390703	499860.5937	0	0
proton	938.272013	3.841837679	499860.5937	0	0
neutron	939.56536	3.628352122	499860.5937	0	0
neutron	939.56536	3.593135955	499860.5937	0	0
proton	938.272013	3.30168022	499860.5937	0	0
S34	31632.70018	0.6717801811	499860.5937	0	0
neutron	939.56536	7.135229745	499854.7425	0	0
neutron	939.56536	1.098591944	499854.7425	0	0
neutron	939.56536	0.8082455301	499854.7425	0	0
Na23	21409.21625	0.1768025687	499854.7425	0	0
proton	938.272013	10.79864965	499868.0549	0	0
proton	938.272013	2.907337551	499868.0549	0	0
neutron	939.56536	0.6958568026	499868.0549	0	0
Cl37	34424.84314	0.2033433172	499868.0549	0	0
N16	14906.01287	0.281836188	499862.344	0	0
K40	37216.53309	0.1402507742	499871.6143	0	0
K40	37216.53309	0.1277018439	499866.0557	0	0
neutron	939.56536	0.7230022776	499869.6221	0	0
K39	36284.76737	0.108305336	499869.6221	0	0
neutron	939.56536	12.40283412	499878.4144	0	0
neutron	939.56536	5.961119473	499878.4144	0	0
proton	938.272013	4.022350242	499878.4144	0	0
neutron	939.56536	0.6995639557	499878.4144	0	0
Be8	7454.850296	0.9121246679	499878.4144	0	0
neutron	939.56536	5.169631736	499862.9845	0	0
proton	938.272013	3.982383636	499862.9845	0	0
alpha	3727.379	18.17637865	499862.9845	0	0
S34	31632.70018	1.491909412	499862.9845	0	0
K40	37216.53309	0.1432617455	499868.8723	0	0
neutron	939.56536	1.960865684	499865.6801	0	0
K39	36284.76737	0.2963522263	499865.6801	0	0
neutron	939.56536	6.292094474	499859.9253	0	0
neutron	939.56536	1.029099592	499859.9253	0	0
N14	13040.20433	0.7469625139	499859.9253	0	0
neutron	939.56536	0.3466756128	499865.0505	0	0
K39	36284.76737	0.09793866637	499865.0505	0	0
neutron	939.56536	1.562904229	499859.4712	0	0
neutron	939.56536	0.4460359334	499859.4712	0	0
deuteron	1875.613	12.64544206	499859.4712	0	0
Ar36	33494.36994	1.323367433	499859.4712	0	0
proton	938.272013	6.212915564	499863.7095	0	0
neutron	939.56536	1.556147454	499863.7095	0	0
Ar38	35352.87471	0.4925672394	499863.7095	0	0
neutron	939.56536	1.239508537	499854.3291	0	0
N15	13968.93638	0.3949585917	499854.3291	0	0
neutron	939.56536	6.450739577	499867.2094	0	0
proton	938.272013	2.519719595	499867.2094	0	0
C14	13040.87134	0.6171147899	499867.2094	0	0
Na24	22341.82218	0.1979177918	499858.9829	0	0
neutron	939.56536	0.1749981949	499861.8791	0	0
K39	36284.76737	0.119156204	499861.8791	0	0
proton	938.272013	8.111502411	499859.7871	0	0
neutron	939.56536	3.854648268	499859.7871	0	0
neutron	939.56536	0.2491283954	499859.7871	0	0
Ar37	34425.14786	0.2489073821	499859.7871	0	0
K40	37216.53309	0.1188564065	499867.9358	0	0
neutron	939.56536	5.553837942	499865.5504	0	0
proton	938.272013	4.736666789	499865.5504	0	0
neutron	939.56536	3.616461134	499865.5504	0	0
Ne21	19550.53637	0.876403029	499865.5504	0	0
neutron	939.56536	0.2184765769	499864.907	0	0
N15	13968.93638	0.2699183247	499864.907	0	0
K40	37216.53309	0.1250279302	499861.3385	0	0
neutron	939.56536	0.3928745443	499861.9782	0	0
K39	36284.76737	0.1916029821	499861.9782	0	0
Na24	22341.82218	0.2074255874	499867.632	0	0
neutron	939.56536	9.749385429	499865.1415	0	0
neutron	939.56536	7.523867447	499865.1415	0	0
B10	9324.436652	0.9966589661	499865.1415	0	0
K40	37216.53309	0.1269607794	499865.3178	0	0
neutron	939.56536	6.061009086	499857.6103	0	0
proton	938.272013	5.195420511	499857.6103	0	0
neutron	939.56536	0.9939549373	499857.6103	0	0
neutron	939.56536	0.8515963839	499857.6103	0	0
Ar36	33494.36994	0.03486722594	499857.6103	0	0
K40	37216.53309	0.1395828127	499868.7813	0	0
Na25	23272.37635	0.2012641913	499866.2368	0	0
neutron	939.56536	0.7851368894	499870.0006	0	0
K39	36284.76737	0.08302839237	499870.0006	0	0
neutron	939.56536	10.39701136	499862.6798	0	0
neutron	939.56536	2.975371176	499862.6798	0	0
proton	938.272013	1.787857868	499862.6798	0	0
Ne22	20479.73746	0.7878446857	499862.6798	0	0
neutron	939.56536	9.040846659	499865.7196	0	0
neutron	939.56536	5.175374098	499865.7196	0	0
neutron	939.56536	0.883462864	499865.7196	0	0
neutron	939.56536	0.2315507246	499865.7196	0	0
deuteron	1875.613	2.007632374	499865.7196	0	0
C10	9327.574087	3.321842989	499865.7196	0	0
proton	938.272013	8.260746597	499865.0162	0	0
proton	938.272013	6.159068671	499865.0162	0	0
neutron	939.56536	0.4961128236	499865.0162	0	0
deuteron	1875.613	6.070365776	499865.0162	0	0
S35	32565.27968	0.1096152039	499865.0162	0	0
neutron	939.56536	7.579964717	499862.9969	0	0
proton	938.272013	4.902970704	499862.9969	0	0
neutron	939.56536	0.6844252318	499862.9969	0	0
Ar37	34425.14786	0.1139421981	499862.9969	0	0
proton	938.272013	6.30647624	499863.1418	0	0
neutron	939.56536	3.840624323	499863.1418	0	0
neutron	939.56536	2.935674343	499863.1418	0	0
neutron	939.56536	2.095624214	499863.1418	0	0
Ar36	33494.36994	0.1497795736	499863.1418	0	0
neutron	939.56536	18.38649162	499861.9254	0	0
neutron	939.56536	0.4799268582	499861.9254	0	0
N14	13040.20433	0.4609381519	499861.9254	0	0
K40	37216.53309	0.1198617508	499870.107	0	0
neutron	939.56536	0.3048116821	499858.0333	0	0
K39	36284.76737	0.09605966113	499858.0333	0	0
neutron	939.56536	6.270282683	499867.0395	0	0
proton	938.272013	4.913762318	499867.0395	0	0
neutron	939.56536	2.964109494	499867.0395	0	0
proton	938.272013	2.896027571	499867.0395	0	0
neutron	939.56536	0.9241087939	499867.0395	0	0
Cl35	32564.60306	0.5377427809	499867.0395	0	0
neutron	939.56536	1.527788148	499862.976	0	0
proton	938.272013	1.421777763	499862.976	0	0
C14	13040.87134	0.1658074752	499862.976	0	0
neutron	939.56536	0.3376150461	499866.7739	0	0
N15	13968.93638	0.1851122527	499866.7739	0	0
neutron	939.56536	1.049575831	499872.1024	0	0
Na23	21409.21625	0.3515317877	499872.1024	0	0
proton	938.272013	5.275442037	499862.9909	0	0
neutron	939.56536	2.119613233	499862.9909	0	0
neutron	939.56536	0.7270654092	499862.9909	0	0
deuteron	1875.613	5.973260261	499862.9909	0	0
Cl35	32564.60306	0.2830645383	499862.9909	0	0
proton	938.272013	6.238353593	499861.072	0	0
neutron	939.56536	2.467575945	499861.072	0	0
neutron	939.56536	1.289896113	499861.072	0	0
neutron	939.56536	1.00506124	499861.072	0	0
Ne20	18617.73218	0.7724209756	499861.072	0	0
neutron	939.56536	3.454278741	499866.8192	0	0
B11	10252.54787	0.05618331185	499866.8192	0	0
neutron	939.56536	1.051357782	499863.0509	0	0
K39	36284.76737	0.2533588075	499863.0509	0	0
neutron	939.56536	11.81855757	499868.1263	0	0
neutron	939.56536	6.928819383	499868.1263	0	0
deuteron	1875.613	7.934008735	499868.1263	0	0
C12	11174.86339	0.2099648685	499868.1263	0	0
proton	938.272013	28.92639357	499868.579	0	0
neutron	939.56536	5.152515202	499868.579	0	0
neutron	939.56536	2.244746906	499868.579	0	0
C13	12109.48242	2.52111433	499868.579	0	0
neutron	939.56536	4.972032489	499861.6721	0	0
proton	938.272013	3.042895468	499861.6721	0	0
neutron	939.56536	0.5334355858	499861.6721	0	0
Ne21	19550.53637	0.5241484211	499861.6721	0	0
proton	938.272013	5.838577997	499862.0166	0	0
neutron	939.56536	2.256885787	499862.0166	0	0
Ar38	35352.87471	0.186187545	499862.0166	0	0
K40	37216.53309	0.1319134237	499857.4688	0	0
neutron	939.56536	1.578410586	499859.3483	0	0
N15	13968.93638	0.3437273366	499859.3483	0	0
neutron	939.56536	0.6226374401	499859.5841	0	0
K39	36284.76737	0.2199380243	499859.5841	0	0
K40	37216.53309	0.1304141186	499859.2234	0	0
proton	938.272013	3.048092273	499857.9675	0	0
neutron	939.56536	0.698536377	499857.9675	0	0
Ne22	20479.73746	0.5201538602	499857.9675	0	0
neutron	939.56536	1.640465929	499862.3151	0	0
N15	13968.93638	0.1474514137	499862.3151	0	0
proton	938.272013	6.312493564	499862.5094	0	0
neutron	939.56536	1.517474795	499862.5094	0	0
neutron	939.56536	0.9329651479	499862.5094	0	0
Ar37	34425.14786	0.5309335899	499862.5094	0	0
K40	37216.53309	0.1425471545	499860.963	0	0
K40	37216.53309	0.1196527001	499860.8864	0	0
proton	938.272013	6.591174129	499857.3394	0	0
neutron	939.56536	1.470674475	499857.3394	0	0
neutron	939.56536	1.430890091	499857.3394	0	0
neutron	939.56536	1.213261846	499857.3394	0	0
alpha	3727.379	3.382446872	499857.3394	0	0
Be8	7454.850296	7.487236929	499857.3394	0	0
neutron	939.56536	15.2129865	499863.0742	0	0
proton	938.272013	5.011778519	499863.0742	0	0
neutron	939.56536	2.801381434	499863.0742	0	0
Ar37	34425.14786	0.3949339416	499863.0742	0	0
neutron	939.56536	2.383273893	499861.7814	0	0
K39	36284.76737	0.279219426	499861.7814	0	0
K40	37216.53309	0.1260837537	499860.439	0	0
neutron	939.56536	0.8318143223	499863.4648	0	0
K39	36284.76737	0.07507119557	499863.4648	0	0
neutron	939.56536	4.903107709	499865.4607	0	0
Na23	21409.21625	0.6190790389	499865.4607	0	0
neutron	939.56536	0.03320757964	499864.52	0	0
K39	36284.76737	0.1248530371	499864.52	0	0
deuteron	1875.613	6.22590933	499861.559	0	0
Ar38	35352.87471	0.2038386862	499861.559	0	0
K40	37216.53309	0.1372023658	499875.3139	0	0
Mg24	22335.7966	0.1491975951	499872.4052	23.10954756	22.81468789
K40	37216.53309	0.1343438479	499869.5908	0	0
K44	40940.26321	0.1082123638	499864.9526	0	0
K44	40940.26321	0.1123465059	499861.7847	0	0
neutron	939.56536	0.6414185365	499868.9799	0	0
K39	36284.76737	0.221479313	499868.9799	0	0
K40	37216.53309	0.1351378724	499864.6181	0	0
K40	37216.53309	0.1367194496	499855.274	0	0
K40	37216.53309	0.134810214	499862.7813	0	0
K40	37216.53309	0.1224790904	499861.2834	0	0
neutron	939.56536	8.69660718	499863.1464	0	0
proton	938.272013	8.328014023	499863.1464	0	0
neutron	939.56536	2.224996124	499863.1464	0	0
neutron	939.56536	0.154900668	499863.1464	0	0
alpha	3727.379	14.63201575	499863.1464	0	0
S32	29773.62828	3.197406087	499863.1464	0	0
neutron	939.56536	18.60476423	499859.2197	0	0
neutron	939.56536	6.594117809	499859.2197	0	0
proton	938.272013	3.566327595	499859.2197	0	0
proton	938.272013	3.516694944	499859.2197	0	0
neutron	939.56536	0.4784818394	499859.2197	0	0
Cl35	32564.60306	0.4609541359	499859.2197	0	0
proton	938.272013	32.36167146	499859.3914	0	0
neutron	939.56536	27.437131	499859.3914	0	0
neutron	939.56536	0.5616376141	499859.3914	0	0
C13	12109.48242	1.380951427	499859.3914	0	0
neutron	939.56536	4.950508157	499865.1253	0	0
alpha	3727.379	8.683738152	499865.1253	0	0
B11	10252.54787	1.454218315	499865.1253	0	0
neutron	939.56536	3.1466435	499857.9036	0	0
N15	13968.93638	0.6322243927	499857.9036	0	0
K44	40940.26321	0.1110995955	499860.1873	0	0
Na24	22341.82218	0.2113530124	499869.8231	0	0
neutron	939.56536	37.85934126	499860.97	0	0
proton	938.272013	6.680571891	499860.97	0	0
neutron	939.56536	4.384323662	499860.97	0	0
neutron	939.56536	0.07950565538	499860.97	0	0
Ar36	33494.36994	1.400718021	499860.97	0	0
neutron	939.56536	0.6328785905	499860.7379	0	0
N15	13968.93638	0.2266879302	499860.7379	0	0
neutron	939.56536	0.7164128001	499863.7999	0	0
Na23	21409.21625	0.1074615097	499863.7999	0	0
neutron	939.56536	0.3604678767	499863.1234	0	0
K39	36284.76737	0.1291635505	499863.1234	0	0
K40	37216.53309	0.1336312954	499859.0191	0	0
Ca40	37214.71335	0.1274224837	499912.1366	42.97245116	42.82198444
neutron	939.56536	2.51303792	499893.4721	0	0
K39	36284.76737	0.2509335634	499893.4721	0	0
proton	938.272013	4.689210621	499868.6337	0	0
neutron	939.56536	2.098765094	499868.6337	0	0
C14	13040.87134	0.7161677126	499868.6337	0	0
proton	938.272013	37.05849355	499865.6415	0	0
neutron	939.56536	18.10178208	499865.6415	0	0
neutron	939.56536	2.915695404	499865.6415	0	0
C13	12109.48242	0.7536928162	499865.6415	0	0
neutron	939.56536	1.772738621	499873.8813	0	0
K39	36284.76737	0.2009491903	499873.8813	0	0
neutron	939.56536	0.8552494862	499865.1423	0	0
K39	36284.76737	0.04955750688	499865.1423	0	0
neutron	939.56536	0.7761685515	499867.9774	0	0
K39	36284.76737	0.2062896032	499867.9774	0	0
K40	37216.53309	0.1254429907	499869.4999	0	0
K40	37216.53309	0.1408278698	499860.3699	0	0
neutron	939.56536	11.33779274	499860.6369	0	0
neutron	939.56536	4.893534653	499860.6369	0	0
proton	938.272013	3.387099065	499860.6369	0	0
neutron	939.56536	0.365566973	499860.6369	0	0
Ar36	33494.36994	0.022573228	499860.6369	0	0
K40	37216.53309	0.1359766086	499869.1173	0	0
neutron	939.56536	0.3915656025	499868.3253	0	0
K39	36284.76737	0.1085829451	499868.3253	0	0
neutron	939.56536	6.611623921	499865.8019	0	0
proton	938.272013	5.292613307	499865.8019	0	0
neutron	939.56536	1.862290795	499865.8019	0	0
neutron	939.56536	0.5901720747	499865.8019	0	0
alpha	3727.379	10.20243121	499865.8019	0	0
S32	29773.62828	1.69256373	499865.8019	0	0
neutron	939.56536	11.19146485	499865.133	0	0
proton	938.272013	6.311531138	499865.133	0	0
neutron	939.56536	4.726723138	499865.133	0	0
neutron	939.56536	1.224557218	499865.133	0	0
Ar36	33494.36994	0.4388322976	499865.133	0	0
K40	37216.53309	0.1336906702	499864.9033	0	0
neutron	939.56536	3.851134653	499866.5139	0	0
deuteron	1875.613	5.132461334	499866.5139	0	0
C13	12109.48242	1.689424997	499866.5139	0	0
neutron	939.56536	8.830654866	499862.9161	0	0
proton	938.272013	4.902876647	499862.9161	0	0
neutron	939.56536	4.731965835	499862.9161	0	0
neutron	939.56536	3.477567972	499862.9161	0	0
proton	938.272013	2.756201152	499862.9161	0	0
Cl35	32564.60306	2.014491679	499862.9161	0	0
neutron	939.56536	0.7649338998	499864.5703	0	0
K39	36284.76737	0.06516606426	499864.5703	0	0
neutron	939.56536	0.5944524173	499857.5509	0	0
K39	36284.76737	0.1524992041	499857.5509	0	0
proton	938.272013	7.465549942	499858.5418	0	0
proton	938.272013	6.998447915	499858.5418	0	0
neutron	939.56536	4.029902589	499858.5418	0	0
Cl37	34424.84314	1.029641044	499858.5418	0	0
neutron	939.56536	6.927884412	499863.1347	0	0
proton	938.272013	5.331629234	499863.1347	0	0
Ar38	35352.87471	0.07401097131	499863.1347	0	0
neutron	939.56536	17.81153343	499867.8319	0	0
neutron	939.56536	4.352193441	499867.8319	0	0
neutron	939.56536	0.6681148384	499867.8319	0	0
N13	12111.19236	1.349043344	499867.8319	0	0
K40	37216.53309	0.1410121698	499853.9637	0	0
K40	37216.53309	0.1333349452	499865.4625	0	0
neutron	939.56536	1.391455125	499859.552	0	0
K39	36284.76737	0.2252249555	499859.552	0	0
neutron	939.56536	2.968992238	499863.7461	0	0
K39	36284.76737	0.2034518064	499863.7461	0	0
neutron	939.56536	15.66949744	499864.8851	0	0
neutron	939.56536	13.44078908	499864.8851	0	0
neutron	939.56536	3.364860348	499864.8851	0	0
proton	938.272013	2.767118955	499864.8851	0	0
Ar36	33494.36994	1.672636627	499864.8851	0	0
K40	37216.53309	0.132301323	499862.0939	0	0
K40	37216.53309	0.1354316489	499858.5871	0	0
K40	37216.53309	0.1229200209	499861.0452	0	0
neutron	939.56536	1.534486613	499860.5502	0	0
neutron	939.56536	0.0661830584	499860.5502	0	0
deuteron	1875.613	10.9868656	499860.5502	0	0
C12	11174.86339	1.172349922	499860.5502	0	0
neutron	939.56536	12.4264832	499865.4407	0	0
neutron	939.56536	7.297139154	499865.4407	0	0
proton	938.272013	6.094061899	499865.4407	0	0
C13	12109.48242	1.002532761	499865.4407	0	0
neutron	939.56536	0.9980108206	499870.969	0	0
K39	36284.76737	0.2261635104	499870.969	0	0
neutron	939.56536	28.83850845	499878.7771	0	0
proton	938.272013	3.939056736	499878.7771	0	0
neutron	939.56536	3.339422389	499878.7771	0	0
neutron	939.56536	0.6331895978	499878.7771	0	0
alpha	3727.379	8.139858459	499878.7771	0	0
S32	29773.62828	0.2292097741	499878.7771	0	0
K40	37216.53309	0.1423946103	499864.5909	0	0
neutron	939.56536	5.927957469	499871.6559	0	0
neutron	939.56536	4.211381394	499871.6559	0	0
proton	938.272013	2.356063993	499871.6559	0	0
Ne21	19550.53637	1.133656347	499871.6559	0	0
proton	938.272013	4.557702761	499860.0642	0	0
neutron	939.56536	1.782582643	499860.0642	0	0
Ar38	35352.87471	0.1146711545	499860.0642	0	0
neutron	939.56536	1.963690637	499865.3083	0	0
He3	2808.391	11.12082242	499865.3083	0	0
Li8	7471.365231	2.644179011	499865.3083	0	0
K40	37216.53309	0.1262190212	499867.2742	0	0
neutron	939.56536	2.819459767	499868.4395	0	0
B11	10252.54787	0.8080167763	499868.4395	0	0
K40	37216.53309	0.1210050454	499872.2814	0	0
proton	938.272013	5.487831157	499866.0381	0	0
neutron	939.56536	3.698837125	499866.0381	0	0
proton	938.272013	3.053128317	499866.0381	0	0
Cl37	34424.84314	0.3257386739	499866.0381	0	0
neutron	939.56536	15.58353588	499872.7408	0	0
proton	938.272013	6.787592444	499872.7408	0	0
proton	938.272013	4.772871355	499872.7408	0	0
neutron	939.56536	1.38657159	499872.7408	0	0
Cl36	33495.58861	0.7653982121	499872.7408	0	0
N16	14906.01287	0.2870461872	499860.486	0	0
neutron	939.56536	1.613867686	499865.1529	0	0
K39	36284.76737	0.1137078815	499865.1529	0	0
neutron	939.56536	1.738733455	499865.0544	0	0
K39	36284.76737	0.09432562116	499865.0544	0	0
K40	37216.53309	0.1205684393	499861.8584	0	0
proton	938.272013	4.864780363	499860.0943	0	0
neutron	939.56536	2.239153819	499860.0943	0	0
Ar38	35352.87471	0.1653793547	499860.0943	0	0
neutron	939.56536	3.433526983	499864.6209	0	0
neutron	939.56536	2.777866254	499864.6209	0	0
proton	938.272013	2.763098308	499864.6209	0	0
neutron	939.56536	0.2877832057	499864.6209	0	0
Ne20	18617.73218	0.6188350061	499864.6209	0	0
K40	37216.53309	0.1217763598	499868.6417	0	0
Na24	22341.82218	0.2147521774	499865.8685	0	0
neutron	939.56536	1.83600546	499867.318	0	0
K39	36284.76737	0.2719766321	499867.318	0	0
neutron	939.56536	1.190735776	499860.2061	0	0
K39	36284.76737	0.07173826241	499860.2061	0	0
Ca40	37214.71335	0.1180896853	499910.909	48.33951638	47.97888005
proton	938.272013	15.68433594	499864.0798	0	0
neutron	939.56536	2.599102918	499864.0798	0	0
neutron	939.56536	1.350509456	499864.0798	0	0
neutron	939.56536	0.9470012579	499864.0798	0	0
Ne20	18617.73218	1.627032792	499864.0798	0	0
neutron	939.56536	0.1173289247	499867.9724	0	0
K39	36284.76737	0.1129194429	499867.9724	0	0
K40	37216.53309	0.1264000402	499866.9731	0	0
K40	37216.53309	0.1187888691	499867.2098	0	0
neutron	939.56536	0.4566875126	499862.9005	0	0
K39	36284.76737	0.1492129144	499862.9005	0	0
neutron	939.56536	0.1442989982	499876.0923	0	0
K39	36284.76737	0.09422294893	499876.0923	0	0
proton	938.272013	11.13293816	499860.4878	0	0
neutron	939.56536	5.296373437	499860.4878	0	0
alpha	3727.379	8.028788805	499860.4878	0	0
S34	31632.70018	0.3985607724	499860.4878	0	0
neutron	939.56536	0.2524065775	499860.9355	0	0
K39	36284.76737	0.07210188773	499860.9355	0	0
proton	938.272013	4.800591713	499858.744	0	0
neutron	939.56536	2.94329749	499858.744	0	0
neutron	939.56536	2.869870695	499858.744	0	0
deuteron	1875.613	10.24787867	499858.744	0	0
Cl35	32564.60306	1.214396677	499858.744	0	0
neutron	939.56536	0.4580889555	499860.8529	0	0
N15	13968.93638	0.3902547259	499860.8529	0	0
neutron	939.56536	14.12886193	499862.9269	0	0
proton	938.272013	9.711909581	499862.9269	0	0
neutron	939.56536	2.510185423	499862.9269	0	0
Ar37	34425.14786	0.2408861914	499862.9269	0	0
K42	39078.03462	0.1285240005	499874.5892	0	0
proton	938.272013	1.064544504	499865.0708	0	0
neutron	939.56536	0.8579226282	499865.0708	0	0
C14	13040.87134	0.4868368422	499865.0708	0	0
K44	40940.26321	0.1002454662	499872.2408	0	0
neutron	939.56536	1.240369877	499861.1654	0	0
K39	36284.76737	0.1756652727	499861.1654	0	0
neutron	939.56536	5.024965433	499860.9953	0	0
proton	938.272013	4.548448824	499860.9953	0	0
neutron	939.56536	0.8809601539	499860.9953	0	0
Ar37	34425.14786	0.6752425098	499860.9953	0	0
K40	37216.53309	0.1237510816	499863.9951	0	0
proton	938.272013	2.263543976	499868.267	0	0
neutron	939.56536	1.814005317	499868.267	0	0
neutron	939.56536	1.75117658	499868.267	0	0
neutron	939.56536	1.456852873	499868.267	0	0
C12	11174.86339	0.815503305	499868.267	0	0
K40	37216.53309	0.1123597478	499863.0479	0	0
Na24	22341.82218	0.2171681256	499860.5221	0	0
neutron	939.56536	5.585150133	499866.4462	0	0
proton	938.272013	2.364214573	499866.4462	0	0
neutron	939.56536	1.588615919	499866.4462	0	0
alpha	3727.379	5.90396655	499866.4462	0	0
Be9	8392.751106	3.455497621	499866.4462	0	0
proton	938.272013	8.238523881	499865.5561	0	0
neutron	939.56536	1.787438908	499865.5561	0	0
Ar38	35352.87471	0.2254360268	499865.5561	0	0
neutron	939.56536	3.32864844	499862.2148	0	0
K39	36284.76737	0.135018012	499862.2148	0	0
proton	938.272013	3.808014809	499866.7658	0	0
neutron	939.56536	0.758555812	499866.7658	0	0
Ar38	35352.87471	0.04580720906	499866.7658	0	0
proton	938.272013	17.76562522	499868.418	0	0
neutron	939.56536	13.25630946	499868.418	0	0
proton	938.272013	6.805595436	499868.418	0	0
triton	2808.921	7.419638128	499868.418	0	0
S34	31632.70018	1.184447005	499868.418	0	0
neutron	939.56536	2.11332412	499858.1479	0	0
K39	36284.76737	0.237233376	499858.1479	0	0
neutron	939.56536	12.01841274	499864.6354	0	0
neutron	939.56536	8.104153511	499864.6354	0	0
proton	938.272013	4.831210758	499864.6354	0	0
neutron	939.56536	2.198284643	499864.6354	0	0
C12	11174.86339	0.8502807127	499864.6354	0	0
proton	938.272013	10.85803444	499866.4664	0	0
neutron	939.56536	6.982277295	499866.4664	0	0
proton	938.272013	4.107243065	499866.4664	0	0
neutron	939.56536	3.491587837	499866.4664	0	0
proton	938.272013	3.226473275	499866.4664	0	0
neutron	939.56536	0.8704750702	499866.4664	0	0
neutron	939.56536	0.351655546	499866.4664	0	0
S33	30704.55199	0.5195669038	499866.4664	0	0
neutron	939.56536	0.4672951218	499864.4324	0	0
K39	36284.76737	0.06668933107	499864.4324	0	0
neutron	939.56536	1.642149012	499867.7713	0	0
K39	36284.76737	0.1440952797	499867.7713	0	0
neutron	939.56536	0.07459451364	499870.6937	0	0
Na23	21409.21625	0.2310619351	499870.6937	0	0
neutron	939.56536	1.739241602	499862.0235	0	0
K39	36284.76737	0.133255899	499862.0235	0	0
proton	938.272013	1.687162771	499868.2786	0	0
neutron	939.56536	1.357530255	499868.2786	0	0
C14	13040.87134	0.2739389305	499868.2786	0	0
proton	938.272013	29.56667602	499866.4848	0	0
proton	938.272013	10.29125207	499866.4848	0	0
neutron	939.56536	4.073701127	499866.4848	0	0
neutron	939.56536	2.919646958	499866.4848	0	0
Cl36	33495.58861	1.201135965	499866.4848	0	0
neutron	939.56536	4.455172089	499858.9877	0	0
neutron	939.56536	1.459104262	499858.9877	0	0
neutron	939.56536	0.1273626809	499858.9877	0	0
Na23	21409.21625	0.136583327	499858.9877	0	0
neutron	939.56536	5.782582714	499868.9312	0	0
proton	938.272013	3.456957273	499868.9312	0	0
proton	938.272013	3.37918884	499868.9312	0	0
neutron	939.56536	0.7346125662	499868.9312	0	0
deuteron	1875.613	4.346801824	499868.9312	0	0
S34	31632.70018	0.3314146931	499868.9312	0	0
neutron	939.56536	20.05374318	499862.4233	0	0
neutron	939.56536	4.788020529	499862.4233	0	0
neutron	939.56536	1.421765651	499862.4233	0	0
proton	938.272013	1.420546184	499862.4233	0	0
C12	11174.86339	0.3638316888	499862.4233	0	0
proton	938.272013	19.89751112	499868.6923	0	0
neutron	939.56536	12.68243282	499868.6923	0	0
neutron	939.56536	5.901138081	499868.6923	0	0
neutron	939.56536	3.137745919	499868.6923	0	0
Ar36	33494.36994	0.8498462892	499868.6923	0	0
neutron	939.56536	0.234828819	499867.7845	0	0
K39	36284.76737	0.164524716	499867.7845	0	0
K40	37216.53309	0.109714905	499868.8222	0	0
proton	938.272013	11.88767185	499861.592	0	0
neutron	939.56536	4.68277984	499861.592	0	0
Ar38	35352.87471	0.5675530093	499861.592	0	0
proton	938.272013	5.993755098	499868.5111	0	0
neutron	939.56536	0.4449884316	499868.5111	0	0
Ar38	35352.87471	0.06136196679	499868.5111	0	0
proton	938.272013	2.572958062	499861.6647	0	0
neutron	939.56536	2.133094523	499861.6647	0	0
alpha	3727.379	13.64107421	499861.6647	0	0
S34	31632.70018	1.316617044	499861.6647	0	0
Na25	23272.37635	0.1891174724	499865.8669	0	0
K40	37216.53309	0.1251681898	499865.2595	0	0
neutron	939.56536	4.393911855	499863.6625	0	0
proton	938.272013	2.955282269	499863.6625	0	0
Ar38	35352.87471	0.4131155112	499863.6625	0	0
K40	37216.53309	0.1307198606	499860.2642	0	0
K40	37216.53309	0.1345609659	499865.4456	0	0
neutron	939.56536	0.4970591062	499867.178	0	0
K39	36284.76737	0.1095930082	499867.178	0	0
proton	938.272013	12.31395339	499861.8444	0	0
neutron	939.56536	7.035701576	499861.8444	0	0
neutron	939.56536	4.649224971	499861.8444	0	0
neutron	939.56536	1.09474332	499861.8444	0	0
Be8	7454.850296	2.889964172	499861.8444	0	0
Na24	22341.82218	0.1970124365	499857.8091	0	0
proton	938.272013	7.081746044	499860.278	0	0
neutron	939.56536	0.2654453593	499860.278	0	0
Ar38	35352.87471	0.04043988053	499860.278	0	0
K40	37216.53309	0.1306766925	499859.2803	0	0
neutron	939.56536	7.505569337	499869.5187	0	0
alpha	3727.379	5.621682468	499869.5187	0	0
B11	10252.54787	1.521017912	499869.5187	0	0
K40	37216.53309	0.1312935796	499865.4271	0	0
K40	37216.53309	0.1329846971	499862.6978	0	0
neutron	939.56536	10.69151297	499857.5375	0	0
proton	938.272013	2.00107437	499857.5375	0	0
Ne22	20479.73746	0.1389644053	499857.5375	0	0
neutron	939.56536	0.9126424803	499861.7014	0	0
Na23	21409.21625	0.155769033	499861.7014	0	0
K40	37216.53309	0.1143206029	499861.6991	0	0
neutron	939.56536	7.368061732	499865.9537	0	0
proton	938.272013	6.41295287	499865.9537	0	0
neutron	939.56536	1.395701666	499865.9537	0	0
Ar37	34425.14786	0.1527690141	499865.9537	0	0
K40	37216.53309	0.1374024897	499867.9196	0	0
proton	938.272013	19.16040376	499865.2138	0	0
neutron	939.56536	11.17341559	499865.2138	0	0
neutron	939.56536	8.673936533	499865.2138	0	0
neutron	939.56536	4.305763458	499865.2138	0	0
alpha	3727.379	5.911326756	499865.2138	0	0
alpha	3727.379	3.878442857	499865.2138	0	0
neutron	939.56536	20.46617439	499874.5975	0	0
proton	938.272013	7.317907463	499874.5975	0	0
deuteron	1875.613	4.260971097	499874.5975	0	0
deuteron	1875.613	6.635552064	499874.5975	0	0
S34	31632.70018	2.7202096	499874.5975	0	0
neutron	939.56536	11.67380202	499867.6358	0	0
neutron	939.56536	5.348081832	499867.6358	0	0
deuteron	1875.613	10.07943329	499867.6358	0	0
C12	11174.86339	3.37373779	499867.6358	0	0
neutron	939.56536	2.179276638	499859.8333	0	0
neutron	939.56536	1.581474678	499859.8333	0	0
N14	13040.20433	1.319732085	499859.8333	0	0
proton	938.272013	3.14002457	499867.3262	0	0
neutron	939.56536	2.259362305	499867.3262	0	0
Ar38	35352.87471	0.1266082058	499867.3262	0	0
proton	938.272013	4.903226648	499861.0679	0	0
neutron	939.56536	2.88376703	499861.0679	0	0
Ar38	35352.87471	0.2027515216	499861.0679	0	0
neutron	939.56536	0.2518037574	499867.3157	0	0
K39	36284.76737	0.0986556852	499867.3157	0	0
N16	14906.01287	0.2967393188	499868.8417	0	0
neutron	939.56536	1.119409032	499870.0028	0	0
K39	36284.76737	0.1158734292	499870.0028	0	0
K40	37216.53309	0.1397046554	499866.1963	0	0
Ca40	37214.71335	0.1368307838	499918.2336	53.51654832	52.79346497
proton	938.272013	7.904031222	499865.7807	0	0
proton	938.272013	2.690028429	499865.7807	0	0
neutron	939.56536	0.5199841551	499865.7807	0	0
Cl37	34424.84314	0.02116078109	499865.7807	0	0
neutron	939.56536	0.8176543759	499863.6096	0	0
K39	36284.76737	0.1830765495	499863.6096	0	0
proton	938.272013	18.31090914	499865.4515	0	0
neutron	939.56536	2.664968631	499865.4515	0	0
neutron	939.56536	1.510541477	499865.4515	0	0
Ar37	34425.14786	0.5095134458	499865.4515	0	0
neutron	939.56536	1.40730693	499862.0984	0	0
K39	36284.76737	0.1470905247	499862.0984	0	0
neutron	939.56536	11.80936044	499866.0303	0	0
proton	938.272013	4.864265902	499866.0303	0	0
neutron	939.56536	1.066239126	499866.0303	0	0
neutron	939.56536	0.1988183732	499866.0303	0	0
Ne20	18617.73218	1.076723254	499866.0303	0	0
K40	37216.53309	0.1237076887	499860.2295	0	0
proton	938.272013	22.85076755	499865.0056	0	0
neutron	939.56536	12.30112113	499865.0056	0	0
neutron	939.56536	6.357274042	499865.0056	0	0
neutron	939.56536	1.108640785	499865.0056	0	0
Be8	7454.850296	2.426724636	499865.0056	0	0
neutron	939.56536	2.659413758	499866.1794	0	0
alpha	3727.379	17.19009083	499866.1794	0	0
F19	17692.30285	4.881572202	499866.1794	0	0
neutron	939.56536	9.437949525	499871.1216	0	0
proton	938.272013	7.957913377	499871.1216	0	0
Ar38	35352.87471	0.1965311878	499871.1216	0	0
proton	938.272013	3.701047943	499867.7086	0	0
neutron	939.56536	1.598673555	499867.7086	0	0
neutron	939.56536	1.006653997	499867.7086	0	0
Ar37	34425.14786	0.1492857678	499867.7086	0	0
proton	938.272013	5.538341709	499857.4378	0	0
neutron	939.56536	4.542618158	499857.4378	0	0
neutron	939.56536	0.5151270824	499857.4378	0	0
Ar37	34425.14786	0.04166100644	499857.4378	0	0
neutron	939.56536	0.403932003	499861.1872	0	0
K43	40007.97528	0.0458890238	499861.1872	0	0
proton	938.272013	8.498987605	499860.943	0	0
neutron	939.56536	7.637083068	499860.943	0	0
neutron	939.56536	4.153116023	499860.943	0	0
neutron	939.56536	2.854888796	499860.943	0	0
Ar36	33494.36994	0.550098205	499860.943	0	0
K40	37216.53309	0.1282822155	499862.3005	0	0
neutron	939.56536	38.51013268	499863.9788	0	0
proton	938.272013	6.587030548	499863.9788	0	0
neutron	939.56536	5.725705975	499863.9788	0	0
Ar37	34425.14786	0.6163293162	499863.9788	0	0
O16	14895.08153	0.4218829898	499988.8303	95.05239724	94.29251762
neutron	939.56536	24.35563821	499887.5152	0	0
neutron	939.56536	11.10435917	499887.5152	0	0
proton	938.272013	3.284917046	499887.5152	0	0
neutron	939.56536	1.626173191	499887.5152	0	0
Ar36	33494.36994	1.023346384	499887.5152	0	0
O16	14895.08153	0.3831031187	499884.1713	33.95272031	33.23222796
Na25	23272.37635	0.2064136462	499876.1348	0	0
neutron	939.56536	1.240866407	499866.7381	0	0
K39	36284.76737	0.03114272568	499866.7381	0	0
K40	37216.53309	0.1274253746	499859.228	0	0
K40	37216.53309	0.1275625871	499876.6726	0	0
K40	37216.53309	0.1194036402	499866.6494	0	0
neutron	939.56536	8.308503925	499864.2416	0	0
proton	938.272013	1.690368621	499864.2416	0	0
Ne22	20479.73746	0.274822422	499864.2416	0	0
neutron	939.56536	7.755162451	499862.8438	0	0
N15	13968.93638	0.7199843973	499862.8438	0	0
neutron	939.56536	35.93110451	499860.3355	0	0
proton	938.272013	4.623165947	499860.3355	0	0
neutron	939.56536	4.43677999	499860.3355	0	0
neutron	939.56536	0.6205974939	499860.3355	0	0
Ar36	33494.36994	0.2869665959	499860.3355	0	0
neutron	939.56536	0.2638335429	499869.986	0	0
K39	36284.76737	0.07866071871	499869.986	0	0
neutron	939.56536	39.43079024	499869.4925	0	0
proton	938.272013	3.772671509	499869.4925	0	0
Ar38	35352.87471	0.6482205135	499869.4925	0	0
neutron	939.56536	0.3828903595	499867.4277	0	0
K39	36284.76737	0.136212021	499867.4277	0	0
proton	938.272013	10.9170613	499866.2591	0	0
proton	938.272013	5.8685742	499866.2591	0	0
neutron	939.56536	1.201958995	499866.2591	0	0
deuteron	1875.613	13.31398581	499866.2591	0	0
S35	32565.27968	0.6184902469	499866.2591	0	0
neutron	939.56536	6.646602594	499862.3918	0	0
proton	938.272013	5.584287189	499862.3918	0	0
Ar38	35352.87471	0.04278114697	499862.3918	0	0
neutron	939.56536	0.27782928	499856.7771	0	0
K39	36284.76737	0.1821499692	499856.7771	0	0
proton	938.272013	8.185765946	499867.2425	0	0
neutron	939.56536	2.759407655	499867.2425	0	0
neutron	939.56536	1.372461362	499867.2425	0	0
Ar37	34425.14786	0.1664522109	499867.2425	0	0
neutron	939.56536	2.303884119	499867.7917	0	0
K39	36284.76737	0.05112492196	499867.7917	0	0
neutron	939.56536	3.309478042	499863.1093	0	0
neutron	939.56536	0.1586406167	499863.1093	0	0
Na24	22341.82218	0.01917043539	499863.1093	0	0
neutron	939.56536	31.30776475	499864.3938	0	0
proton	938.272013	6.313513116	499864.3938	0	0
Ar38	35352.87471	1.089122756	499864.3938	0	0
proton	938.272013	5.153253543	499862.2257	0	0
proton	938.272013	2.729596955	499862.2257	0	0
neutron	939.56536	0.07943463862	499862.2257	0	0
Cl37	34424.84314	0.5018245437	499862.2257	0	0
proton	938.272013	9.558160911	499865.0384	0	0
neutron	939.56536	4.542960903	499865.0384	0	0
neutron	939.56536	1.782111013	499865.0384	0	0
Ar37	34425.14786	0.1022891893	499865.0384	0	0
neutron	939.56536	0.06653671733	499859.7595	0	0
K39	36284.76737	0.1450147855	499859.7595	0	0
neutron	939.56536	10.20120101	499870.4026	0	0
neutron	939.56536	1.073942354	499870.4026	0	0
Na24	22341.82218	0.2053531611	499870.4026	0	0
Na25	23272.37635	0.21660675	499863.3029	0	0
neutron	939.56536	1.162194552	499867.016	0	0
K39	36284.76737	0.1756772924	499867.016	0	0
neutron	939.56536	0.2579911564	499864.3413	0	0
Na23	21409.21625	0.1381533779	499864.3413	0	0
neutron	939.56536	10.80445413	499862.4242	0	0
N15	13968.93638	1.402984629	499862.4242	0	0
neutron	939.56536	17.23565485	499868.6383	0	0
proton	938.272013	9.220841412	499868.6383	0	0
Ar38	35352.87471	0.4893749562	499868.6383	0	0
neutron	939.56536	1.844304324	499860.8984	0	0
neutron	939.56536	1.383360244	499860.8984	0	0
deuteron	1875.613	16.39627315	499860.8984	0	0
alpha	3727.379	0.4794225146	499860.8984	0	0
alpha	3727.379	10.92042133	499860.8984	0	0
K40	37216.53309	0.1356641811	499861.8393	0	0
neutron	939.56536	19.13156308	499862.9528	0	0
neutron	939.56536	7.887505134	499862.9528	0	0
neutron	939.56536	7.56689646	499862.9528	0	0
proton	938.272013	4.925988217	499862.9528	0	0
alpha	3727.379	2.771458917	499862.9528	0	0
alpha	3727.379	4.033275047	499862.9528	0	0
neutron	939.56536	0.8851864944	499866.3558	0	0
K39	36284.76737	0.1937059216	499866.3558	0	0
proton	938.272013	4.283041615	499863.4712	0	0
neutron	939.56536	1.037775189	499863.4712	0	0
Ar38	35352.87471	0.1182416328	499863.4712	0	0
neutron	939.56536	1.90180525	499871.8325	0	0
K39	36284.76737	0.2046976011	499871.8325	0	0
K40	37216.53309	0.1274594674	499864.1574	0	0
proton	938.272013	10.19461181	499869.8327	0	0
neutron	939.56536	9.55471243	499869.8327	0	0
neutron	939.56536	4.907114472	499869.8327	0	0
Ar37	34425.14786	1.052241912	499869.8327	0	0
neutron	939.56536	0.1727739987	499859.4355	0	0
K39	36284.76737	0.1255864608	499859.4355	0	0
proton	938.272013	6.48521339	499864.7242	0	0
neutron	939.56536	3.138776979	499864.7242	0	0
C14	13040.87134	0.8476307817	499864.7242	0	0
neutron	939.56536	22.08881526	499871.5503	0	0
neutron	939.56536	17.28997279	499871.5503	0	0
proton	938.272013	4.063772644	499871.5503	0	0
neutron	939.56536	2.848191374	499871.5503	0	0
C12	11174.86339	1.833774138	499871.5503	0	0
neutron	939.56536	7.518614883	499860.8465	0	0
neutron	939.56536	1.136851116	499860.8465	0	0
deuteron	1875.613	6.670685173	499860.8465	0	0
Be8	7454.850296	1.047589706	499860.8465	0	0
K40	37216.53309	0.1255908205	499863.5246	0	0
neutron	939.56536	7.07625373	499859.5669	0	0
proton	938.272013	3.782960722	499859.5669	0	0
neutron	939.56536	1.574065209	499859.5669	0	0
neutron	939.56536	0.4033188195	499859.5669	0	0
Ar36	33494.36994	0.4448361737	499859.5669	0	0
neutron	939.56536	11.78677594	499863.1598	0	0
proton	938.272013	5.451940337	499863.1598	0	0
Be10	9325.504169	4.102590924	499863.1598	0	0
neutron	939.56536	1.48371663	499868.5322	0	0
K39	36284.76737	0.02969986686	499868.5322	0	0
neutron	939.56536	22.82165918	499867.8172	0	0
proton	938.272013	2.805955496	499867.8172	0	0
neutron	939.56536	2.747732894	499867.8172	0	0
Ar37	34425.14786	1.172406915	499867.8172	0	0
K44	40940.26321	0.1132110791	499861.6007	0	0
O16	14895.08153	0.4201084669	499892.2351	36.5611721	35.79505424
K40	37216.53309	0.1384696561	499859.3859	0	0
neutron	939.56536	10.97502417	499867.2177	0	0
neutron	939.56536	9.339542611	499867.2177	0	0
proton	938.272013	7.185906137	499867.2177	0	0
proton	938.272013	4.765065551	499867.2177	0	0
neutron	939.56536	4.03189512	499867.2177	0	0
proton	938.272013	2.509938433	499867.2177	0	0
S34	31632.70018	0.4323049348	499867.2177	0	0
K40	37216.53309	0.1423435238	499867.243	0	0
K40	37216.53309	0.1322081864	499865.6069	0	0
proton	938.272013	31.0341436	499868.329	0	0
neutron	939.56536	8.941824152	499868.329	0	0
neutron	939.56536	0.2737613416	499868.329	0	0
Ar37	34425.14786	0.7571834558	499868.329	0	0
K40	37216.53309	0.1367881984	499860.4014	0	0
proton	938.272013	6.560825807	499870.5177	0	0
neutron	939.56536	4.57850205	499870.5177	0	0
neutron	939.56536	0.4691460678	499870.5177	0	0
Ar37	34425.14786	0.3507081854	499870.5177	0	0
proton	938.272013	10.34113883	499869.8326	0	0
proton	938.272013	7.893202048	499869.8326	0	0
neutron	939.56536	4.995706102	499869.8326	0	0
neutron	939.56536	0.7164739505	499869.8326	0	0
Cl36	33495.58861	0.08869275306	499869.8326	0	0
K40	37216.53309	0.1393881769	499867.385	0	0
neutron	939.56536	0.331174168	499866.2963	0	0
K39	36284.76737	0.1812725219	499866.2963	0	0
neutron	939.56536	1.506655942	499873.0316	0	0
K43	40007.97528	0.03935103283	499873.0316	0	0
K40	37216.53309	0.1309306997	499866.1583	0	0
neutron	939.56536	1.614520637	499867.3578	0	0
N15	13968.93638	0.3785468403	499867.3578	0	0
neutron	939.56536	2.314234609	499865.793	0	0
proton	938.272013	1.326461082	499865.793	0	0
C14	13040.87134	0.7247188662	499865.793	0	0
K40	37216.53309	0.1273220729	499862.7661	0	0
neutron	939.56536	10.66404219	499869.6237	0	0
neutron	939.56536	3.594583571	499869.6237	0	0
N14	13040.20433	2.464649153	499869.6237	0	0
proton	938.272013	8.545243906	499858.7011	0	0
proton	938.272013	8.323146978	499858.7011	0	0
neutron	939.56536	4.972272872	499858.7011	0	0
neutron	939.56536	0.4855355716	499858.7011	0	0
neutron	939.56536	0.4242673778	499858.7011	0	0
Cl35	32564.60306	0.7662830431	499858.7011	0	0
proton	938.272013	7.635371697	499863.2121	0	0
neutron	939.56536	2.918061563	499863.2121	0	0
neutron	939.56536	2.818877466	499863.2121	0	0
Ne21	19550.53637	0.8782641238	499863.2121	0	0
K40	37216.53309	0.124719245	499867.9797	0	0
K40	37216.53309	0.1291309735	499860.5407	0	0
proton	938.272013	6.855247632	499870.4351	0	0
neutron	939.56536	5.715275788	499870.4351	0	0
neutron	939.56536	2.693654546	499870.4351	0	0
neutron	939.56536	0.1684291035	499870.4351	0	0
Ar36	33494.36994	0.5138445282	499870.4351	0	0
K40	37216.53309	0.1386542265	499866.8195	0	0
K40	37216.53309	0.1388172647	499859.4776	0	0
K40	37216.53309	0.122251041	499862.7226	0	0
Mg24	22335.7966	0.1997703875	499940.326	68.42046949	67.39428887
neutron	939.56536	7.306918229	499863.7107	0	0
neutron	939.56536	3.018942975	499863.7107	0	0
deuteron	1875.613	4.714821539	499863.7107	0	0
C12	11174.86339	1.372826292	499863.7107	0	0
neutron	939.56536	11.34573775	499860.121	0	0
neutron	939.56536	4.035018372	499860.121	0	0
deuteron	1875.613	9.58987759	499860.121	0	0
alpha	3727.379	1.855188937	499860.121	0	0
Be8	7454.850296	5.154421919	499860.121	0	0
neutron	939.56536	31.7500934	499860.7529	0	0
proton	938.272013	5.188300927	499860.7529	0	0
neutron	939.56536	2.846083076	499860.7529	0	0
neutron	939.56536	1.125500098	499860.7529	0	0
Ar36	33494.36994	0.8383496932	499860.7529	0	0
proton	938.272013	17.08006369	499869.8771	0	0
neutron	939.56536	8.320748735	499869.8771	0	0
neutron	939.56536	5.926545386	499869.8771	0	0
neutron	939.56536	2.664647691	499869.8771	0	0
C12	11174.86339	0.8029411143	499869.8771	0	0
neutron	939.56536	7.710744961	499864.0064	0	0
neutron	939.56536	3.6681874	499864.0064	0	0
N14	13040.20433	0.2812301903	499864.0064	0	0
Na24	22341.82218	0.2011217412	499865.2566	0	0
K40	37216.53309	0.1375744692	499861.8908	0	0
neutron	939.56536	2.881549255	499861.5339	0	0
K39	36284.76737	0.03909760086	499861.5339	0	0
neutron	939.56536	0.2717932333	499863.6783	0	0
K39	36284.76737	0.1065037383	499863.6783	0	0
neutron	939.56536	0.4317421177	499867.0254	0	0
N15	13968.93638	0.23408666	499867.0254	0	0
K40	37216.53309	0.1291938215	499866.1544	0	0
proton	938.272013	3.736630518	499859.9918	0	0
neutron	939.56536	3.535973493	499859.9918	0	0
Ar38	35352.87471	0.1919580509	499859.9918	0	0
neutron	939.56536	5.886660257	499870.2791	0	0
proton	938.272013	3.856056786	499870.2791	0	0
Ar38	35352.87471	0.2901862958	499870.2791	0	0
proton	938.272013	8.75549558	499859.229	0	0
proton	938.272013	5.046167977	499859.229	0	0
neutron	939.56536	3.234747714	499859.229	0	0
Cl37	34424.84314	0.08050316313	499859.229	0	0
neutron	939.56536	1.171149391	499862.1856	0	0
K39	36284.76737	0.1567848114	499862.1856	0	0
neutron	939.56536	3.701473946	499862.4327	0	0
neutron	939.56536	1.899833421	499862.4327	0	0
deuteron	1875.613	3.312044231	499862.4327	0	0
alpha	3727.379	8.42527134	499862.4327	0	0
Be8	7454.850296	6.460131974	499862.4327	0	0
K42	39078.03462	0.1125599638	499863.5859	0	0
proton	938.272013	43.64919273	499863.5394	0	0
neutron	939.56536	6.28496887	499863.5394	0	0
alpha	3727.379	6.744098505	499863.5394	0	0
S34	31632.70018	2.713626025	499863.5394	0	0
K40	37216.53309	0.1404607616	499860.0679	0	0
K40	37216.53309	0.139288652	499859.7134	0	0
proton	938.272013	4.393750759	499866.0685	0	0
neutron	939.56536	0.6239446796	499866.0685	0	0
alpha	3727.379	13.49238317	499866.0685	0	0
S34	31632.70018	2.637071256	499866.0685	0	0
K40	37216.53309	0.1409991269	499862.3743	0	0
neutron	939.56536	1.1765248	499866.3007	0	0
alpha	3727.379	12.81585362	499866.3007	0	0
Cl35	32564.60306	0.7143824927	499866.3007	0	0
proton	938.272013	4.516902277	499867.5123	0	0
neutron	939.56536	1.543730458	499867.5123	0	0
neutron	939.56536	0.4621579965	499867.5123	0	0
Ar37	34425.14786	0.03633537771	499867.5123	0	0
neutron	939.56536	6.430589738	499867.5009	0	0
neutron	939.56536	3.987609608	499867.5009	0	0
deuteron	1875.613	13.05050575	499867.5009	0	0
Be8	7454.850296	5.136181732	499867.5009	0	0
neutron	939.56536	0.2735791181	499868.8936	0	0
K39	36284.76737	0.1209810291	499868.8936	0	0
neutron	939.56536	1.562488176	499865.5148	0	0
K39	36284.76737	0.08718706177	499865.5148	0	0
K40	37216.53309	0.1297530488	499864.1263	0	0
neutron	939.56536	1.589899532	499863.1381	0	0
K39	36284.76737	0.2530299051	499863.1381	0	0
neutron	939.56536	10.51946947	499859.2971	0	0
proton	938.272013	5.730453432	499859.2971	0	0
neutron	939.56536	3.938676386	499859.2971	0	0
proton	938.272013	2.690874084	499859.2971	0	0
neutron	939.56536	1.864183825	499859.2971	0	0
Cl35	32564.60306	0.46157137	499859.2971	0	0
proton	938.272013	4.13885056	499863.5751	0	0
neutron	939.56536	2.384212918	499863.5751	0	0
Ar38	35352.87471	0.1372980021	499863.5751	0	0
neutron	939.56536	8.439301122	499863.9369	0	0
neutron	939.56536	7.781028036	499863.9369	0	0
proton	938.272013	4.551661962	499863.9369	0	0
neutron	939.56536	0.4715857944	499863.9369	0	0
Ne20	18617.73218	0.3794627668	499863.9369	0	0
Ca40	37214.71335	0.08680047989	499873.2922	20.98285365	20.60159415
K40	37216.53309	0.1348099438	499860.6489	0	0
neutron	939.56536	1.077498802	499869.3482	0	0
K39	36284.76737	0.09739344254	499869.3482	0	0
neutron	939.56536	2.849322347	499864.4888	0	0
K39	36284.76737	0.04580633978	499864.4888	0	0
neutron	939.56536	0.247063826	499860.6702	0	0
K39	36284.76737	0.1522096816	499860.6702	0	0
neutron	939.56536	6.214920373	499868.7525	0	0
neutron	939.56536	1.960768588	499868.7525	0	0
neutron	939.56536	1.664782001	499868.7525	0	0
He3	2808.391	6.792896328	499868.7525	0	0
deuteron	1875.613	6.081832811	499868.7525	0	0
S32	29773.62828	0.25711642	499868.7525	0	0
neutron	939.56536	15.55675391	499869.7733	0	0
neutron	939.56536	4.567310855	499869.7733	0	0
proton	938.272013	2.024956047	499869.7733	0	0
neutron	939.56536	0.409312235	499869.7733	0	0
alpha	3727.379	13.03420508	499869.7733	0	0
alpha	3727.379	2.979591305	499869.7733	0	0
C12	11174.86339	13.85727945	499869.7733	0	0
neutron	939.56536	17.86727068	499863.8052	0	0
neutron	939.56536	2.630352536	499863.8052	0	0
alpha	3727.379	6.753840835	499863.8052	0	0
F18	16763.16938	2.756061749	499863.8052	0	0
K40	37216.53309	0.1224186721	499860.6262	0	0
K40	37216.53309	0.1333707215	499860.6367	0	0
neutron	939.56536	0.8327967999	499864.2249	0	0
deuteron	1875.613	11.27759344	499864.2249	0	0
C13	12109.48242	1.511589776	499864.2249	0	0
neutron	939.56536	0.848459117	499863.3391	0	0
K39	36284.76737	0.125218993	499863.3391	0	0
proton	938.272013	12.36838736	499859.9184	0	0
proton	938.272013	2.630532424	499859.9184	0	0
neutron	939.56536	1.241686679	499859.9184	0	0
Cl37	34424.84314	0.3188879053	499859.9184	0	0
proton	938.272013	29.89744266	499867.6233	0	0
neutron	939.56536	2.324632344	499867.6233	0	0
Ne22	20479.73746	1.161429067	499867.6233	0	0
neutron	939.56536	1.111259774	499862.7646	0	0
K39	36284.76737	0.2221066609	499862.7646	0	0
neutron	939.56536	2.259854925	499864.3227	0	0
K39	36284.76737	0.3172039883	499864.3227	0	0
proton	938.272013	25.77416599	499863.6407	0	0
neutron	939.56536	6.160951004	499863.6407	0	0
neutron	939.56536	0.9343895049	499863.6407	0	0
neutron	939.56536	0.2927554634	499863.6407	0	0
Ne20	18617.73218	1.929988159	499863.6407	0	0
neutron	939.56536	8.477075194	499859.7181	0	0
proton	938.272013	4.195769006	499859.7181	0	0
neutron	939.56536	2.1087659	499859.7181	0	0
neutron	939.56536	0.4585885681	499859.7181	0	0
C12	11174.86339	0.9244707506	499859.7181	0	0
N16	14906.01287	0.2862055628	499864.6757	0	0
K40	37216.53309	0.1381081086	499862.2581	0	0
N16	14906.01287	0.2846959261	499865.9236	0	0
proton	938.272013	3.366163791	499866.7364	0	0
neutron	939.56536	1.285883973	499866.7364	0	0
neutron	939.56536	0.3680943193	499866.7364	0	0
Ar37	34425.14786	0.1439603254	499866.7364	0	0
neutron	939.56536	6.651386193	499865.4701	0	0
proton	938.272013	5.036057746	499865.4701	0	0
neutron	939.56536	0.9406480714	499865.4701	0	0
Ne21	19550.53637	0.8451156705	499865.4701	0	0
proton	938.272013	8.354287494	499872.4317	0	0
neutron	939.56536	7.692990082	499872.4317	0	0
proton	938.272013	7.226947121	499872.4317	0	0
neutron	939.56536	0.864844018	499872.4317	0	0
neutron	939.56536	0.1517916926	499872.4317	0	0
Cl35	32564.60306	0.154473154	499872.4317	0	0
neutron	939.56536	2.283404323	499860.9875	0	0
K39	36284.76737	0.2757966362	499860.9875	0	0
K40	37216.53309	0.1382130168	499863.0125	0	0
K40	37216.53309	0.133185421	499861.2177	0	0
proton	938.272013	7.661664583	499863.1134	0	0
proton	938.272013	7.224988109	499863.1134	0	0
neutron	939.56536	6.30325816	499863.1134	0	0
neutron	939.56536	1.574592302	499863.1134	0	0
neutron	939.56536	1.379238765	499863.1134	0	0
Cl35	32564.60306	1.52318992	499863.1134	0	0
neutron	939.56536	25.21974707	499866.7596	0	0
proton	938.272013	3.225706395	499866.7596	0	0
C14	13040.87134	0.3634488089	499866.7596	0	0
K40	37216.53309	0.1130794468	499862.7848	0	0
neutron	939.56536	8.721494217	499860.4199	0	0
proton	938.272013	6.84199503	499860.4199	0	0
neutron	939.56536	1.416842103	499860.4199	0	0
Ar37	34425.14786	0.4489630485	499860.4199	0	0
K40	37216.53309	0.1262602727	499867.1082	0	0
K40	37216.53309	0.1311163072	499866.6149	0	0
Mg24	22335.7966	0.248923766	499875.8352	24.13076508	23.7912861
neutron	939.56536	11.17130739	499878.1232	0	0
neutron	939.56536	3.858189359	499878.1232	0	0
proton	938.272013	2.704123895	499878.1232	0	0
proton	938.272013	2.47749177	499878.1232	0	0
deuteron	1875.613	6.772015506	499878.1232	0	0
S34	31632.70018	1.009144714	499878.1232	0	0
Na24	22341.82218	0.194932163	499864.9837	0	0
Na24	22341.82218	0.2146188583	499863.679	0	0
neutron	939.56536	18.18950474	499862.6422	0	0
proton	938.272013	13.10546064	499862.6422	0	0
neutron	939.56536	6.798192201	499862.6422	0	0
neutron	939.56536	1.727893473	499862.6422	0	0
Ar36	33494.36994	0.9386394774	499862.6422	0	0
K40	37216.53309	0.1264611559	499861.8613	0	0
neutron	939.56536	15.4598567	499866.9937	0	0
proton	938.272013	5.134776384	499866.9937	0	0
Ar38	35352.87471	0.2374470102	499866.9937	0	0
neutron	939.56536	16.76174782	499867.7749	0	0
neutron	939.56536	4.787347108	499867.7749	0	0
deuteron	1875.613	2.50303944	499867.7749	0	0
C12	11174.86339	1.34167088	499867.7749	0	0
K40	37216.53309	0.1321457712	499862.407	0	0
proton	938.272013	4.301401025	499864.2854	0	0
neutron	939.56536	4.058656869	499864.2854	0	0
deuteron	1875.613	22.08479201	499864.2854	0	0
deuteron	1875.613	8.651319288	499864.2854	0	0
S34	31632.70018	0.413608758	499864.2854	0	0
neutron	939.56536	24.97088078	499864.1378	0	0
neutron	939.56536	15.37379393	499864.1378	0	0
proton	938.272013	4.498900221	499864.1378	0	0
C13	12109.48242	3.223544225	499864.1378	0	0
K40	37216.53309	0.122146837	499857.0216	0	0
N16	14906.01287	0.2847905264	499865.7339	0	0
K40	37216.53309	0.1265674185	499867.5297	0	0
neutron	939.56536	5.828860762	499866.3137	0	0
proton	938.272013	5.16229613	499866.3137	0	0
Ar38	35352.87471	0.7636634928	499866.3137	0	0
proton	938.272013	18.09137539	499863.2937	0	0
neutron	939.56536	5.769261542	499863.2937	0	0
neutron	939.56536	1.815947315	499863.2937	0	0
neutron	939.56536	1.283064598	499863.2937	0	0
Ar36	33494.36994	1.141801689	499863.2937	0	0
K40	37216.53309	0.1375469487	499860.786	0	0
neutron	939.56536	5.873875885	499865.8785	0	0
K39	36284.76737	0.4268172835	499865.8785	0	0
neutron	939.56536	0.0207086198	499864.171	0	0
N15	13968.93638	0.3073511184	499864.171	0	0
K40	37216.53309	0.1276513498	499859.8629	0	0
neutron	939.56536	0.1079588078	499864.0635	0	0
Na23	21409.21625	0.1766189865	499864.0635	0	0
neutron	939.56536	0.665200683	499864.4057	0	0
K39	36284.76737	0.1322450967	499864.4057	0	0
K40	37216.53309	0.1338689663	499858.7824	0	0
K40	37216.53309	0.1245252353	499862.0051	0	0
K40	37216.53309	0.1385331058	499859.6102	0	0
neutron	939.56536	13.80783993	499861.5088	0	0
neutron	939.56536	6.507358077	499861.5088	0	0
neutron	939.56536	5.178609051	499861.5088	0	0
proton	938.272013	3.208353833	499861.5088	0	0
C12	11174.86339	0.8383158574	499861.5088	0	0
proton	938.272013	9.491419136	499860.5534	0	0
neutron	939.56536	4.732559413	499860.5534	0	0
proton	938.272013	4.101856	499860.5534	0	0
proton	938.272013	3.721959813	499860.5534	0	0
neutron	939.56536	1.968593187	499860.5534	0	0
neutron	939.56536	1.654695606	499860.5534	0	0
S34	31632.70018	0.8818412368	499860.5534	0	0
proton	938.272013	2.968895454	499864.6712	0	0
neutron	939.56536	1.660048874	499864.6712	0	0
Ar38	35352.87471	0.1009663345	499864.6712	0	0
Na24	22341.82218	0.2154695017	499867.6073	0	0
K40	37216.53309	0.1220430459	499858.4211	0	0
K40	37216.53309	0.1347492043	499862.7096	0	0
neutron	939.56536	1.640753693	499867.1871	0	0
K39	36284.76737	0.0634012375	499867.1871	0	0
neutron	939.56536	0.3913560815	499863.1379	0	0
K39	36284.76737	0.1010052227	499863.1379	0	0
neutron	939.56536	3.061506201	499861.1617	0	0
K39	36284.76737	0.03491570888	499861.1617	0	0
neutron	939.56536	10.30806548	499863.5317	0	0
neutron	939.56536	7.758759036	499863.5317	0	0
proton	938.272013	2.448098703	499863.5317	0	0
neutron	939.56536	1.448016946	499863.5317	0	0
Ar36	33494.36994	0.8384416889	499863.5317	0	0
neutron	939.56536	10.44138443	499863.4028	0	0
neutron	939.56536	9.361137126	499863.4028	0	0
proton	938.272013	3.543719481	499863.4028	0	0
neutron	939.56536	2.561977927	499863.4028	0	0
alpha	3727.379	6.243999652	499863.4028	0	0
O16	14895.08153	0.2297294307	499863.4028	0	0
proton	938.272013	6.891796021	499858.0467	0	0
neutron	939.56536	1.962396622	499858.0467	0	0
Ar38	35352.87471	0.637428957	499858.0467	0	0
K40	37216.53309	0.1323623144	499861.8943	0	0
neutron	939.56536	40.34040909	499856.633	0	0
proton	938.272013	6.509721579	499856.633	0	0
Ar38	35352.87471	0.47993302	499856.633	0	0
proton	938.272013	4.239455349	499868.5109	0	0
Ar39	36285.84137	0.3711168231	499868.5109	0	0
Na24	22341.82218	0.1979852871	499861.5805	0	0
K40	37216.53309	0.122451291	499869.3304	0	0
neutron	939.56536	0.4115643579	499860.447	0	0
K39	36284.76737	0.07888463199	499860.447	0	0
proton	938.272013	13.73627562	499867.8521	0	0
neutron	939.56536	6.900861587	499867.8521	0	0
proton	938.272013	3.93211751	499867.8521	0	0
neutron	939.56536	1.552901986	499867.8521	0	0
Cl36	33495.58861	1.360828855	499867.8521	0	0
neutron	939.56536	0.1683881662	499864.7145	0	0
Na23	21409.21625	0.2326863225	499864.7145	0	0
neutron	939.56536	0.4586063264	499858.857	0	0
neutron	939.56536	0.3292820519	499858.857	0	0
deuteron	1875.613	20.44561286	499858.857	0	0
Ne22	20479.73746	1.417043836	499858.857	0	0
proton	938.272013	4.517027253	499856.5307	0	0
neutron	939.56536	1.74002432	499856.5307	0	0
Ar38	35352.87471	0.1970731045	499856.5307	0	0
proton	938.272013	6.168523237	499859.8951	0	0
neutron	939.56536	1.789136719	499859.8951	0	0
Ar38	35352.87471	0.411196582	499859.8951	0	0
K40	37216.53309	0.1392442551	499861.8222	0	0
Na24	22341.82218	0.2129698831	499863.8089	0	0
neutron	939.56536	5.916163509	499856.4814	0	0
proton	938.272013	4.19893891	499856.4814	0	0
Ar38	35352.87471	0.1132324569	499856.4814	0	0
neutron	939.56536	9.06078406	499868.3595	0	0
proton	938.272013	8.562936979	499868.3595	0	0
neutron	939.56536	1.906044084	499868.3595	0	0
neutron	939.56536	0.8186561266	499868.3595	0	0
Ne21	19550.53637	0.6131875121	499868.3595	0	0
K40	37216.53309	0.1351767267	499862.6973	0	0
neutron	939.56536	0.1752235712	499861.9085	0	0
K39	36284.76737	0.1308658211	499861.9085	0	0
proton	938.272013	3.146392907	499871.6229	0	0
neutron	939.56536	0.3523959624	499871.6229	0	0
Ar38	35352.87471	0.01205874471	499871.6229	0	0
neutron	939.56536	10.02908709	499864.2413	0	0
neutron	939.56536	5.059860456	499864.2413	0	0
proton	938.272013	1.203125902	499864.2413	0	0
C13	12109.48242	1.69980708	499864.2413	0	0
proton	938.272013	7.177115367	499868.188	0	0
neutron	939.56536	5.193851001	499868.188	0	0
neutron	939.56536	0.786562799	499868.188	0	0
alpha	3727.379	12.20424154	499868.188	0	0
S33	30704.55199	1.016691829	499868.188	0	0
neutron	939.56536	0.951044271	499861.8008	0	0
K39	36284.76737	0.1615796981	499861.8008	0	0
neutron	939.56536	3.439609425	499864.8517	0	0
deuteron	1875.613	5.89371578	499864.8517	0	0
alpha	3727.379	9.341192979	499864.8517	0	0
alpha	3727.379	6.227684439	499864.8517	0	0
Si29	26984.28567	1.688176743	499864.8517	0	0
K40	37216.53309	0.1319814619	499863.5766	0	0
neutron	939.56536	2.745456192	499858.7178	0	0
N15	13968.93638	0.1054980044	499858.7178	0	0
K40	37216.53309	0.1285417427	499862.5396	0	0
neutron	939.56536	17.23208291	499865.018	0	0
proton	938.272013	5.214409096	499865.018	0	0
Ar38	35352.87471	0.5164495823	499865.018	0	0
neutron	939.56536	6.320943948	499855.7788	0	0
neutron	939.56536	5.214535603	499855.7788	0	0
neutron	939.56536	4.276794731	499855.7788	0	0
proton	938.272013	3.606650107	499855.7788	0	0
Ar36	33494.36994	0.9304039275	499855.7788	0	0
K40	37216.53309	0.1235682511	499869.5108	0	0
neutron	939.56536	15.74195432	499862.9235	0	0
proton	938.272013	5.119678394	499862.9235	0	0
neutron	939.56536	1.099822125	499862.9235	0	0
Ar37	34425.14786	0.283483226	499862.9235	0	0
K40	37216.53309	0.1261933957	499864.4015	0	0
K40	37216.53309	0.1257859033	499861.0093	0	0
neutron	939.56536	1.924627	499871.3109	0	0
K39	36284.76737	0.04004121767	499871.3109	0	0
proton	938.272013	20.19176607	499861.8868	0	0
neutron	939.56536	3.656668573	499861.8868	0	0
neutron	939.56536	1.268798329	499861.8868	0	0
neutron	939.56536	0.1761284806	499861.8868	0	0
Ar36	33494.36994	0.5373661143	499861.8868	0	0
K40	37216.53309	0.1345070874	499867.6659	0	0
Na24	22341.82218	0.2127265028	499864.1266	0	0
neutron	939.56536	0.8683195853	499858.7301	0	0
K39	36284.76737	0.08939442332	499858.7301	0	0
neutron	939.56536	0.1129427768	499858.6397	0	0
K39	36284.76737	0.1590121526	499858.6397	0	0
K40	37216.53309	0.1225655674	499860.061	0	0
neutron	939.56536	0.3092656553	499867.1802	0	0
K39	36284.76737	0.1893465544	499867.1802	0	0
N16	14906.01287	0.2879818637	499862.823	0	0
neutron	939.56536	22.54530244	499864.9106	0	0
Na23	21409.21625	0.7473997881	499864.9106	0	0
proton	938.272013	14.56760052	499866.2622	0	0
proton	938.272013	12.31135155	499866.2622	0	0
neutron	939.56536	6.398914276	499866.2622	0	0
neutron	939.56536	0.4373717527	499866.2622	0	0
Cl36	33495.58861	1.256978991	499866.2622	0	0
neutron	939.56536	7.169964619	499873.6928	0	0
proton	938.272013	4.721573175	499873.6928	0	0
C14	13040.87134	0.612185543	499873.6928	0	0
K40	37216.53309	0.1196219061	499865.479	0	0
neutron	939.56536	0.5112745791	499863.3898	0	0
K39	36284.76737	0.1315166115	499863.3898	0	0
neutron	939.56536	0.4388526162	499863.2197	0	0
K39	36284.76737	0.1230585835	499863.2197	0	0
neutron	939.56536	5.8866367	499862.0069	0	0
proton	938.272013	4.419487297	499862.0069	0	0
Ar38	35352.87471	0.2129796677	499862.0069	0	0
neutron	939.56536	0.1883295642	499862.2379	0	0
K39	36284.76737	0.1222629519	499862.2379	0	0
proton	938.272013	15.13640075	499868.8437	0	0
proton	938.272013	7.642798677	499868.8437	0	0
neutron	939.56536	2.695571134	499868.8437	0	0
neutron	939.56536	2.41253531	499868.8437	0	0
neutron	939.56536	2.170087188	499868.8437	0	0
Cl35	32564.60306	0.6454577268	499868.8437	0	0
neutron	939.56536	7.211909961	499866.8909	0	0
neutron	939.56536	2.268612028	499866.8909	0	0
N14	13040.20433	0.05589605623	499866.8909	0	0
neutron	939.56536	0.642253824	499870.2781	0	0
K39	36284.76737	0.2202675024	499870.2781	0	0
neutron	939.56536	0.4280500149	499869.9052	0	0
K39	36284.76737	0.135783813	499869.9052	0	0
neutron	939.56536	2.727991202	499870.3343	0	0
triton	2808.921	4.809889011	499870.3343	0	0
alpha	3727.379	4.102237263	499870.3343	0	0
O16	14895.08153	2.135418559	499870.3343	0	0
neutron	939.56536	12.53796244	499864.4124	0	0
proton	938.272013	6.015834009	499864.4124	0	0
alpha	3727.379	6.68636133	499864.4124	0	0
S34	31632.70018	1.019495057	499864.4124	0	0
K40	37216.53309	0.1283731017	499864.1095	0	0
neutron	939.56536	6.155020337	499861.6734	0	0
K39	36284.76737	0.2334278836	499861.6734	0	0
neutron	939.56536	15.48303363	499866.1384	0	0
alpha	3727.379	10.70409349	499866.1384	0	0
Cl35	32564.60306	1.478010917	499866.1384	0	0
neutron	939.56536	11.04407593	499860.5629	0	0
B11	10252.54787	1.605081784	499860.5629	0	0
neutron	939.56536	18.08110648	499868.3344	0	0
neutron	939.56536	11.67048184	499868.3344	0	0
proton	938.272013	3.872067657	499868.3344	0	0
Ar37	34425.14786	0.5423329618	499868.3344	0	0
neutron	939.56536	1.329513009	499868.5795	0	0
K39	36284.76737	0.06723227791	499868.5795	0	0
neutron	939.56536	0.7295756443	499861.974	0	0
K39	36284.76737	0.1979007597	499861.974	0	0
neutron	939.56536	11.02778708	499857.6368	0	0
proton	938.272013	8.759368154	499857.6368	0	0
neutron	939.56536	0.3252406083	499857.6368	0	0
deuteron	1875.613	4.578717982	499857.6368	0	0
Cl35	32564.60306	0.4364748955	499857.6368	0	0
Na24	22341.82218	0.1995375743	499856.8312	0	0
neutron	939.56536	3.119948283	499864.92	0	0
proton	938.272013	3.067391658	499864.92	0	0
Ar38	35352.87471	0.2267564119	499864.92	0	0
K40	37216.53309	0.1196173421	499864.8001	0	0
O16	14895.08153	0.2135710138	499863.8547	10.08521822	9.74270729
K40	37216.53309	0.1384041812	499863.9174	0	0
neutron	939.56536	10.23266252	499867.376	0	0
neutron	939.56536	4.482831659	499867.376	0	0
N14	13040.20433	0.4352838721	499867.376	0	0
neutron	939.56536	2.188372092	499863.6831	0	0
Na23	21409.21625	0.2968948849	499863.6831	0	0
neutron	939.56536	0.3192157733	499867.687	0	0
K39	36284.76737	0.09604610127	499867.687	0	0
K40	37216.53309	0.1132060438	499856.5429	0	0
K40	37216.53309	0.1242078933	499857.0604	0	0
neutron	939.56536	0.2997303767	499859.2029	0	0
K43	40007.97528	0.07967020386	499859.2029	0	0
K40	37216.53309	0.1348486402	499871.5245	0	0
neutron	939.56536	8.357031273	499865.1898	0	0
neutron	939.56536	6.930221594	499865.1898	0	0
deuteron	1875.613	4.83733758	499865.1898	0	0
C12	11174.86339	1.769747713	499865.1898	0	0
neutron	939.56536	3.78145094	499864.6905	0	0
proton	938.272013	3.040801256	499864.6905	0	0
Ar38	35352.87471	0.01997642842	499864.6905	0	0
neutron	939.56536	3.169932193	499870.0166	0	0
N15	13968.93638	0.6677090454	499870.0166	0	0
K40	37216.53309	0.1439923427	499862.7324	0	0
K40	37216.53309	0.1246489044	499863.5318	0	0
proton	938.272013	10.64627596	499865.2138	0	0
neutron	939.56536	7.102686676	499865.2138	0	0
neutron	939.56536	2.919357072	499865.2138	0	0
neutron	939.56536	1.668875968	499865.2138	0	0
alpha	3727.379	13.57604134	499865.2138	0	0
S32	29773.62828	1.303046907	499865.2138	0	0
proton	938.272013	6.148709841	499862.5953	0	0
neutron	939.56536	2.893929376	499862.5953	0	0
Ar38	35352.87471	0.3345340608	499862.5953	0	0
neutron	939.56536	1.758201611	499863.3678	0	0
K39	36284.76737	0.02778813935	499863.3678	0	0
neutron	939.56536	33.75020404	499861.2542	0	0
neutron	939.56536	6.570074042	499861.2542	0	0
proton	938.272013	4.64112558	499861.2542	0	0
C13	12109.48242	1.746825311	499861.2542	0	0
neutron	939.56536	3.390721644	499862.5421	0	0
neutron	939.56536	0.4033440268	499862.5421	0	0
N14	13040.20433	0.6470353214	499862.5421	0	0
neutron	939.56536	0.3173365914	499858.7619	0	0
K39	36284.76737	0.07601994053	499858.7619	0	0
neutron	939.56536	17.13923385	499865.5015	0	0
neutron	939.56536	6.787769345	499865.5015	0	0
deuteron	1875.613	3.501378136	499865.5015	0	0
C12	11174.86339	1.166012997	499865.5015	0	0
neutron	939.56536	5.027976287	499860.3616	0	0
proton	938.272013	3.538011671	499860.3616	0	0
neutron	939.56536	2.87678831	499860.3616	0	0
neutron	939.56536	0.4280004838	499860.3616	0	0
Ar36	33494.36994	0.536822279	499860.3616	0	0
neutron	939.56536	0.8902759399	499856.0509	0	0
K39	36284.76737	0.1008903363	499856.0509	0	0
neutron	939.56536	10.96776978	499858.7564	0	0
neutron	939.56536	3.238635032	499858.7564	0	0
deuteron	1875.613	2.06114297	499858.7564	0	0
Be8	7454.850296	0.8781775377	499858.7564	0	0
neutron	939.56536	1.641396818	499870.2391	0	0
K39	36284.76737	0.2183667436	499870.2391	0	0
K40	37216.53309	0.1232586388	499863.1856	0	0
K40	37216.53309	0.1355208323	499866.9997	0	0
deuteron	1875.613	8.469220203	499859.3104	0	0
Ar38	35352.87471	0.4214239224	499859.3104	0	0
neutron	939.56536	17.97962585	499859.9052	0	0
neutron	939.56536	5.503298629	499859.9052	0	0
deuteron	1875.613	10.80925893	499859.9052	0	0
alpha	3727.379	11.72928658	499859.9052	0	0
alpha	3727.379	4.299219698	499859.9052	0	0
alpha	3727.379	2.726744944	499859.9052	0	0
K40	37216.53309	0.1256442564	499869.9103	0	0
proton	938.272013	7.215101921	499861.0697	0	0
proton	938.272013	3.314728729	499861.0697	0	0
neutron	939.56536	0.6723893742	499861.0697	0	0
Cl37	34424.84314	0.9172207962	499861.0697	0	0
proton	938.272013	28.71784575	499861.9507	0	0
neutron	939.56536	17.89370508	499861.9507	0	0
neutron	939.56536	1.597959905	499861.9507	0	0
C13	12109.48242	0.7043997189	499861.9507	0	0
proton	938.272013	10.64590952	499867.7924	0	0
neutron	939.56536	1.113354353	499867.7924	0	0
Ar38	35352.87471	0.4217840275	499867.7924	0	0
proton	938.272013	8.222874559	499862.195	0	0
neutron	939.56536	3.0763996	499862.195	0	0
Ar38	35352.87471	0.363284546	499862.195	0	0
neutron	939.56536	0.06653261854	499869.8142	0	0
K39	36284.76737	0.1107707733	499869.8142	0	0
neutron	939.56536	1.740386453	499878.5414	0	0
K39	36284.76737	0.3068781423	499878.5414	0	0
neutron	939.56536	0.2814278106	499864.9525	0	0
Na23	21409.21625	0.1939244872	499864.9525	0	0
neutron	939.56536	10.80887572	499863.6773	0	0
proton	938.272013	8.261003547	499863.6773	0	0
neutron	939.56536	1.400174447	499863.6773	0	0
neutron	939.56536	0.3912976469	499863.6773	0	0
Ne20	18617.73218	1.48317828	499863.6773	0	0
Na24	22341.82218	0.2180810859	499869.0074	0	0
K40	37216.53309	0.1248138368	499865.5806	0	0
O16	14895.08153	0.4547228134	499941.7736	70.59453795	69.59712781
N16	14906.01287	0.2942964186	499865.576	0	0
neutron	939.56536	0.9947006381	499868.3817	0	0
deuteron	1875.613	22.00580815	499868.3817	0	0
C13	12109.48242	4.307206859	499868.3817	0	0
neutron	939.56536	16.16390236	499867.8451	0	0
neutron	939.56536	10.02657512	499867.8451	0	0
neutron	939.56536	0.91682747	499867.8451	0	0
K45	41870.92309	0.03819277225	499867.8451	0	0
proton	938.272013	3.005439316	499865.6875	0	0
neutron	939.56536	1.690533755	499865.6875	0	0
Ar38	35352.87471	0.3367090069	499865.6875	0	0
K44	40940.26321	0.1109101413	499859.2836	0	0
neutron	939.56536	12.1511647	499872.0215	0	0
neutron	939.56536	9.359376515	499872.0215	0	0
proton	938.272013	6.151443217	499872.0215	0	0
neutron	939.56536	1.443725505	499872.0215	0	0
C12	11174.86339	0.6795831503	499872.0215	0	0
neutron	939.56536	0.7368090779	499872.8418	0	0
K39	36284.76737	0.05479123044	499872.8418	0	0
neutron	939.56536	5.15431729	499866.7715	0	0
proton	938.272013	3.304276036	499866.7715	0	0
neutron	939.56536	2.531304465	499866.7715	0	0
Ar37	34425.14786	0.4489653107	499866.7715	0	0
K40	37216.53309	0.131346996	499868.2616	0	0
proton	938.272013	5.378802548	499863.8266	0	0
neutron	939.56536	5.018847055	499863.8266	0	0
neutron	939.56536	2.466208479	499863.8266	0	0
Ar37	34425.14786	0.5351809606	499863.8266	0	0
proton	938.272013	8.30376132	499863.0604	0	0
neutron	939.56536	4.995426798	499863.0604	0	0
deuteron	1875.613	5.632831305	499863.0604	0	0
alpha	3727.379	6.505327247	499863.0604	0	0
P32	29775.84838	1.338316849	499863.0604	0	0
neutron	939.56536	7.094340042	499859.8062	0	0
neutron	939.56536	3.145279053	499859.8062	0	0
N14	13040.20433	1.991657931	499859.8062	0	0
neutron	939.56536	19.48246379	499863.4823	0	0
triton	2808.921	2.501084024	499863.4823	0	0
C12	11174.86339	2.36727215	499863.4823	0	0
K40	37216.53309	0.1389853063	499862.235	0	0
neutron	939.56536	0.5806286534	499864.9409	0	0
neutron	939.56536	0.1711799909	499864.9409	0	0
B10	9324.436652	0.377845698	499864.9409	0	0
K40	37216.53309	0.1271700378	499865.6847	0	0
K40	37216.53309	0.1407472153	499869.3779	0	0
alpha	3727.379	10.04793193	499867.3445	0	0
Cl36	33495.58861	1.566463304	499867.3445	0	0
neutron	939.56536	0.5798390309	499861.812	0	0
N15	13968.93638	0.1530697097	499861.812	0	0
K40	37216.53309	0.1399735034	499861.5483	0	0
neutron	939.56536	1.002609779	499870.5352	0	0
K39	36284.76737	0.1999255073	499870.5352	0	0
neutron	939.56536	0.3384628751	499861.9462	0	0
K39	36284.76737	0.1373742884	499861.9462	0	0
neutron	939.56536	7.005165231	499865.0921	0	0
neutron	939.56536	5.152537359	499865.0921	0	0
neutron	939.56536	2.113048704	499865.0921	0	0
proton	938.272013	2.063631343	499865.0921	0	0
C12	11174.86339	2.680876874	499865.0921	0	0
neutron	939.56536	2.008363922	499865.8174	0	0
K39	36284.76737	0.07525184355	499865.8174	0	0
proton	938.272013	2.635134073	499861.8766	0	0
neutron	939.56536	0.3395750305	499861.8766	0	0
Ne22	20479.73746	0.1629466002	499861.8766	0	0
K40	37216.53309	0.1286461843	499863.7108	0	0
neutron	939.56536	17.44530785	499862.0213	0	0
proton	938.272013	8.040498076	499862.0213	0	0
proton	938.272013	3.706797201	499862.0213	0	0
neutron	939.56536	2.407120532	499862.0213	0	0
neutron	939.56536	1.950704869	499862.0213	0	0
Cl35	32564.60306	0.2589511838	499862.0213	0	0
neutron	939.56536	6.104784312	499859.2119	0	0
proton	938.272013	4.785813454	499859.2119	0	0
Ar38	35352.87471	0.2671396329	499859.2119	0	0
K40	37216.53309	0.1172155169	499862.7403	0	0
Ca40	37214.71335	0.08853407576	499910.2802	49.00127441	48.57893289
K40	37216.53309	0.1238778143	499873.5769	0	0
neutron	939.56536	19.03441135	499865.3637	0	0
proton	938.272013	13.24499551	499865.3637	0	0
neutron	939.56536	3.237937951	499865.3637	0	0
Ar37	34425.14786	0.7628012038	499865.3637	0	0
proton	938.272013	12.68021906	499862.1195	0	0
neutron	939.56536	7.782695191	499862.1195	0	0
neutron	939.56536	1.971270923	499862.1195	0	0
neutron	939.56536	1.17401953	499862.1195	0	0
alpha	3727.379	5.040188646	499862.1195	0	0
alpha	3727.379	1.387861239	499862.1195	0	0
alpha	3727.379	5.113974924	499862.1195	0	0
K40	37216.53309	0.1300800687	499862.7976	0	0
K40	37216.53309	0.1379707582	499871.3859	0	0
K40	37216.53309	0.1172456764	499864.8776	0	0
neutron	939.56536	8.626409098	499858.9586	0	0
neutron	939.56536	4.313184145	499858.9586	0	0
N14	13040.20433	1.739550322	499858.9586	0	0
deuteron	1875.613	5.209088001	499860.565	0	0
C14	13040.87134	0.4653113565	499860.565	0	0
Na24	22341.82218	0.2182913302	499861.4666	0	0
neutron	939.56536	0.6056389002	499867.3701	0	0
K39	36284.76737	0.1404328726	499867.3701	0	0
neutron	939.56536	5.673918678	499863.6972	0	0
neutron	939.56536	1.883581138	499863.6972	0	0
deuteron	1875.613	6.891868346	499863.6972	0	0
alpha	3727.379	4.982919936	499863.6972	0	0
O16	14895.08153	3.471979601	499863.6972	0	0
neutron	939.56536	0.5323524851	499868.9219	0	0
K39	36284.76737	0.1303011857	499868.9219	0	0
K40	37216.53309	0.1323270909	499867.6414	0	0
neutron	939.56536	0.9926982309	499860.8807	0	0
K39	36284.76737	0.1623102266	499860.8807	0	0
K40	37216.53309	0.1406626491	499863.511	0	0
neutron	939.56536	1.359093922	499858.339	0	0
K39	36284.76737	0.1771192202	499858.339	0	0
Na24	22341.82218	0.2060404419	499870.2731	0	0
neutron	939.56536	11.51887971	499868.7666	0	0
neutron	939.56536	7.687891208	499868.7666	0	0
neutron	939.56536	3.928901053	499868.7666	0	0
proton	938.272013	2.919899578	499868.7666	0	0
Ne20	18617.73218	0.1721279371	499868.7666	0	0
K40	37216.53309	0.1415331042	499866.6679	0	0
K40	37216.53309	0.1413519853	499866.8226	0	0
neutron	939.56536	0.4787968944	499865.8342	0	0
N15	13968.93638	0.1635475245	499865.8342	0	0
K40	37216.53309	0.1226572697	499854.6409	0	0
neutron	939.56536	11.6340314	499863.1428	0	0
neutron	939.56536	4.398103146	499863.1428	0	0
deuteron	1875.613	2.36494904	499863.1428	0	0
alpha	3727.379	4.08705354	499863.1428	0	0
alpha	3727.379	2.107653153	499863.1428	0	0
K40	37216.53309	0.128302986	499864.2841	0	0
proton	938.272013	7.922368894	499868.6086	0	0
Ar39	36285.84137	0.3180354896	499868.6086	0	0
Na24	22341.82218	0.2166075383	499862.2913	0	0
neutron	939.56536	9.78585178	499868.8861	0	0
B11	10252.54787	0.9139199247	499868.8861	0	0
K40	37216.53309	0.1342704227	499856.7453	0	0
K40	37216.53309	0.1406423505	499867.7515	0	0
neutron	939.56536	3.459868795	499864.7261	0	0
K39	36284.76737	0.1952149543	499864.7261	0	0
K40	37216.53309	0.1267160096	499865.9025	0	0
neutron	939.56536	0.3835438807	499862.3719	0	0
K39	36284.76737	0.1157829198	499862.3719	0	0
proton	938.272013	7.515567093	499861.4204	0	0
neutron	939.56536	5.109526716	499861.4204	0	0
alpha	3727.379	7.231600252	499861.4204	0	0
S34	31632.70018	0.4712535545	499861.4204	0	0
neutron	939.56536	19.6812004	499859.0653	0	0
proton	938.272013	4.808107258	499859.0653	0	0
proton	938.272013	4.739785723	499859.0653	0	0
proton	938.272013	3.042173079	499859.0653	0	0
S36	33494.9558	1.134320324	499859.0653	0	0
neutron	939.56536	18.34255875	499857.2202	0	0
proton	938.272013	10.3443723	499857.2202	0	0
neutron	939.56536	2.107355934	499857.2202	0	0
Ne21	19550.53637	2.285840433	499857.2202	0	0
neutron	939.56536	16.85463661	499867.3299	0	0
neutron	939.56536	13.42797986	499867.3299	0	0
neutron	939.56536	1.546614375	499867.3299	0	0
N13	12111.19236	2.10362134	499867.3299	0	0
K40	37216.53309	0.1398571129	499857.3325	0	0
neutron	939.56536	0.2866973006	499866.8417	0	0
K39	36284.76737	0.1312883478	499866.8417	0	0
neutron	939.56536	13.22019462	499856.9218	0	0
proton	938.272013	4.318942512	499856.9218	0	0
Ne22	20479.73746	0.6569055943	499856.9218	0	0
proton	938.272013	7.297301392	499862.2879	0	0
proton	938.272013	5.087761137	499862.2879	0	0
neutron	939.56536	1.630474927	499862.2879	0	0
deuteron	1875.613	3.867412141	499862.2879	0	0
S35	32565.27968	0.6304878947	499862.2879	0	0
K40	37216.53309	0.1160252314	499858.3622	0	0
neutron	939.56536	0.4493219309	499868.1198	0	0
K39	36284.76737	0.07452917634	499868.1198	0	0
neutron	939.56536	4.792873732	499866.6043	0	0
K39	36284.76737	0.1258438659	499866.6043	0	0
neutron	939.56536	2.268757204	499862.9661	0	0
K39	36284.76737	0.02522695875	499862.9661	0	0
neutron	939.56536	1.290036743	499866.6701	0	0
neutron	939.56536	0.9868364606	499866.6701	0	0
N14	13040.20433	0.840760416	499866.6701	0	0
neutron	939.56536	1.459153884	499861.3396	0	0
K39	36284.76737	0.141168983	499861.3396	0	0
K40	37216.53309	0.134627593	499868.4465	0	0
neutron	939.56536	6.503341815	499870.2565	0	0
N15	13968.93638	0.1924446477	499870.2565	0	0
Na24	22341.82218	0.1733608566	499860.231	0	0
K40	37216.53309	0.1381282541	499869.0924	0	0
K40	37216.53309	0.1297688335	499860.052	0	0
K40	37216.53309	0.1152155456	499865.4075	0	0
neutron	939.56536	33.01247842	499858.5281	0	0
neutron	939.56536	10.49474776	499858.5281	0	0
proton	938.272013	5.034680682	499858.5281	0	0
Ar37	34425.14786	0.6067925588	499858.5281	0	0
neutron	939.56536	10.88390287	499856.9149	0	0
neutron	939.56536	4.691603356	499856.9149	0	0
proton	938.272013	3.594252433	499856.9149	0	0
neutron	939.56536	3.349131663	499856.9149	0	0
alpha	3727.379	6.320798481	499856.9149	0	0
O16	14895.08153	2.196966111	499856.9149	0	0
K40	37216.53309	0.1231709488	499862.3931	0	0
neutron	939.56536	35.88338886	499862.934	0	0
proton	938.272013	7.118226847	499862.934	0	0
neutron	939.56536	5.394726357	499862.934	0	0
neutron	939.56536	1.013753667	499862.934	0	0
alpha	3727.379	1.395880885	499862.934	0	0
Be8	7454.850296	4.219964396	499862.934	0	0
proton	938.272013	12.59945866	499871.6756	0	0
neutron	939.56536	2.518755954	499871.6756	0	0
neutron	939.56536	1.756910828	499871.6756	0	0
neutron	939.56536	0.9493512097	499871.6756	0	0
Ar36	33494.36994	0.2067921792	499871.6756	0	0
neutron	939.56536	8.631699295	499862.8171	0	0
triton	2808.921	8.315053364	499862.8171	0	0
C12	11174.86339	0.7677959527	499862.8171	0	0
Na24	22341.82218	0.2187186116	499873.5721	0	0
neutron	939.56536	4.260337747	499862.0654	0	0
B11	10252.54787	1.084686213	499862.0654	0	0
neutron	939.56536	12.78134522	499861.4226	0	0
proton	938.272013	10.06491526	499861.4226	0	0
neutron	939.56536	4.323704511	499861.4226	0	0
Ar37	34425.14786	0.1309973103	499861.4226	0	0
proton	938.272013	19.58738174	499862.7496	0	0
neutron	939.56536	1.993175989	499862.7496	0	0
neutron	939.56536	0.5830753733	499862.7496	0	0
Ar37	34425.14786	0.62944186	499862.7496	0	0
neutron	939.56536	0.547089692	499859.5157	0	0
Na23	21409.21625	0.2443860072	499859.5157	0	0
neutron	939.56536	6.38474268	499867.5	0	0
proton	938.272013	3.694614599	499867.5	0	0
neutron	939.56536	3.126565203	499867.5	0	0
C13	12109.48242	1.251962265	499867.5	0	0
N16	14906.01287	0.297033515	499861.1667	0	0
neutron	939.56536	10.39975498	499865.1837	0	0
proton	938.272013	9.848180899	499865.1837	0	0
proton	938.272013	6.719646715	499865.1837	0	0
neutron	939.56536	1.140726445	499865.1837	0	0
neutron	939.56536	0.3889632363	499865.1837	0	0
Cl35	32564.60306	1.55515263	499865.1837	0	0
proton	938.272013	3.930584824	499861.9871	0	0
Ar39	36285.84137	0.09784094318	499861.9871	0	0
proton	938.272013	19.5939417	499861.2551	0	0
neutron	939.56536	0.8976422827	499861.2551	0	0
C14	13040.87134	2.616524617	499861.2551	0	0
K40	37216.53309	0.1174158597	499862.5456	0	0
proton	938.272013	31.78988232	499861.5984	0	0
proton	938.272013	11.8438449	499861.5984	0	0
neutron	939.56536	7.192842958	499861.5984	0	0
neutron	939.56536	1.751409984	499861.5984	0	0
Cl36	33495.58861	0.08830451877	499861.5984	0	0
neutron	939.56536	1.54728891	499860.853	0	0
K39	36284.76737	0.03967471024	499860.853	0	0
proton	938.272013	4.196836676	499868.076	0	0
neutron	939.56536	0.4605845465	499868.076	0	0
Ar38	35352.87471	0.1639884897	499868.076	0	0
neutron	939.56536	13.93456591	499858.3683	0	0
alpha	3727.379	5.657894053	499858.3683	0	0
alpha	3727.379	4.253586118	499858.3683	0	0
N15	13968.93638	3.118346284	499858.3683	0	0
proton	938.272013	15.85342894	499866.6137	0	0
proton	938.272013	4.58048296	499866.6137	0	0
neutron	939.56536	4.311807704	499866.6137	0	0
proton	938.272013	4.140200067	499866.6137	0	0
neutron	939.56536	1.795281011	499866.6137	0	0
neutron	939.56536	0.9049545197	499866.6137	0	0
S34	31632.70018	0.8698255852	499866.6137	0	0
neutron	939.56536	26.52301479	499866.8661	0	0
Na24	22341.82218	1.545213872	499866.8661	0	0
N16	14906.01287	0.2907411836	499866.5247	0	0
neutron	939.56536	16.95857242	499861.5714	0	0
neutron	939.56536	7.595004686	499861.5714	0	0
proton	938.272013	5.132928797	499861.5714	0	0
neutron	939.56536	4.270977551	499861.5714	0	0
proton	938.272013	3.12016646	499861.5714	0	0
Cl35	32564.60306	1.521720703	499861.5714	0	0
neutron	939.56536	7.472006708	499868.029	0	0
neutron	939.56536	6.520774369	499868.029	0	0
deuteron	1875.613	2.108724675	499868.029	0	0
C12	11174.86339	1.38149551	499868.029	0	0
K40	37216.53309	0.1357592429	499864.8958	0	0
K40	37216.53309	0.1411316472	499862.2387	0	0
neutron	939.56536	0.2462141417	499865.3912	0	0
K39	36284.76737	0.1554584213	499865.3912	0	0
Na24	22341.82218	0.2142871229	499859.1317	0	0
neutron	939.56536	4.826512099	499857.8605	0	0
proton	938.272013	3.501700762	499857.8605	0	0
neutron	939.56536	3.442467451	499857.8605	0	0
neutron	939.56536	1.884746154	499857.8605	0	0
C12	11174.86339	1.455943629	499857.8605	0	0
K40	37216.53309	0.140488983	499858.6742	0	0
proton	938.272013	9.68911317	499859.1765	0	0
neutron	939.56536	0.8774935621	499859.1765	0	0
Ar38	35352.87471	0.1295050501	499859.1765	0	0
neutron	939.56536	9.404159465	499860.6501	0	0
neutron	939.56536	5.354373051	499860.6501	0	0
proton	938.272013	2.664247239	499860.6501	0	0
Ne21	19550.53637	1.645526837	499860.6501	0	0
proton	938.272013	4.487722219	499871.6988	0	0
neutron	939.56536	4.173948117	499871.6988	0	0
alpha	3727.379	7.452598245	499871.6988	0	0
S34	31632.70018	1.45672253	499871.6988	0	0
neutron	939.56536	0.6812441583	499862.7782	0	0
K39	36284.76737	0.2115211557	499862.7782	0	0
N16	14906.01287	0.2851403425	499859.3922	0	0
Na24	22341.82218	0.2025593126	499876.4037	0	0
neutron	939.56536	0.4658350546	499860.3372	0	0
K39	36284.76737	0.1945313428	499860.3372	0	0
neutron	939.56536	29.44785704	499868.3945	0	0
proton	938.272013	6.294306271	499868.3945	0	0
neutron	939.56536	1.264168591	499868.3945	0	0
Ar37	34425.14786	0.265750544	499868.3945	0	0
neutron	939.56536	9.229622303	499864.2864	0	0
triton	2808.921	6.41996252	499864.2864	0	0
C12	11174.86339	0.647125771	499864.2864	0	0
Na25	23272.37635	0.20801435	499866.9883	0	0
proton	938.272013	9.004436877	499861.2263	0	0
neutron	939.56536	6.943171204	499861.2263	0	0
neutron	939.56536	6.578085839	499861.2263	0	0
neutron	939.56536	2.369623085	499861.2263	0	0
alpha	3727.379	4.309702054	499861.2263	0	0
O16	14895.08153	3.057671809	499861.2263	0	0
proton	938.272013	5.217045445	499861.9043	0	0
neutron	939.56536	2.480694465	499861.9043	0	0
Ar38	35352.87471	0.06579818888	499861.9043	0	0
K40	37216.53309	0.1352074712	499864.5818	0	0
neutron	939.56536	0.1453074006	499860.7961	0	0
K39	36284.76737	0.1097590003	499860.7961	0	0
neutron	939.56536	0.3928330977	499862.7896	0	0
N15	13968.93638	0.3650171205	499862.7896	0	0
K40	37216.53309	0.1215646955	499863.82	0	0
proton	938.272013	5.04894216	499858.8101	0	0
neutron	939.56536	3.238452471	499858.8101	0	0
neutron	939.56536	1.304664699	499858.8101	0	0
neutron	939.56536	0.06670717615	499858.8101	0	0
Ar36	33494.36994	0.06195320508	499858.8101	0	0
K40	37216.53309	0.1239986577	499865.5449	0	0
neutron	939.56536	11.64073689	499869.0835	0	0
proton	938.272013	3.26970639	499869.0835	0	0
C14	13040.87134	1.453321576	499869.0835	0	0
neutron	939.56536	0.1216835329	499868.5931	0	0
K39	36284.76737	0.09064852522	499868.5931	0	0
neutron	939.56536	7.947551749	499861.8069	0	0
proton	938.272013	4.033457526	499861.8069	0	0
neutron	939.56536	3.924318218	499861.8069	0	0
neutron	939.56536	3.0355985	499861.8069	0	0
Be8	7454.850296	0.5510031204	499861.8069	0	0
K40	37216.53309	0.1377872493	499869.5774	0	0
neutron	939.56536	0.6322545439	499864.9205	0	0
K39	36284.76737	0.08380559243	499864.9205	0	0
proton	938.272013	7.356557008	499862.0896	0	0
neutron	939.56536	1.598483149	499862.0896	0	0
Ar38	35352.87471	0.1950594292	499862.0896	0	0
proton	938.272013	7.754593007	499869.0881	0	0
proton	938.272013	3.08888312	499869.0881	0	0
neutron	939.56536	1.135764761	499869.0881	0	0
Cl37	34424.84314	0.1464915417	499869.0881	0	0
neutron	939.56536	0.7336381086	499863.5677	0	0
K39	36284.76737	0.0615172177	499863.5677	0	0
neutron	939.56536	11.59890173	499868.9246	0	0
proton	938.272013	3.698638855	499868.9246	0	0
neutron	939.56536	0.2008222416	499868.9246	0	0
alpha	3727.379	9.272862005	499868.9246	0	0
O17	15830.5038	1.943053372	499868.9246	0	0
Na24	22341.82218	0.2107309513	499864.7468	0	0
neutron	939.56536	3.65470013	499863.5849	0	0
proton	938.272013	3.272970931	499863.5849	0	0
Ar38	35352.87471	0.2010949376	499863.5849	0	0
proton	938.272013	13.66888172	499863.1327	0	0
proton	938.272013	3.166260969	499863.1327	0	0
neutron	939.56536	3.096179837	499863.1327	0	0
proton	938.272013	2.774071936	499863.1327	0	0
neutron	939.56536	0.9078489629	499863.1327	0	0
S35	32565.27968	0.3348527094	499863.1327	0	0
Na24	22341.82218	0.2142431591	499859.7682	0	0
K40	37216.53309	0.1407799853	499863.9644	0	0
proton	938.272013	6.604404875	499865.8372	0	0
neutron	939.56536	3.067326495	499865.8372	0	0
neutron	939.56536	1.561708942	499865.8372	0	0
neutron	939.56536	0.9626914	499865.8372	0	0
Ne20	18617.73218	0.01551651135	499865.8372	0	0
proton	938.272013	3.634051103	499864.3672	0	0
neutron	939.56536	2.565499059	499864.3672	0	0
Ar38	35352.87471	0.1064578337	499864.3672	0	0
Na26	24206.36741	0.1696870462	499868.9717	0	0
proton	938.272013	6.420536395	499864.532	0	0
neutron	939.56536	2.330613782	499864.532	0	0
Ar38	35352.87471	0.5658000727	499864.532	0	0
proton	938.272013	6.506558993	499856.578	0	0
neutron	939.56536	4.209195013	499856.578	0	0
neutron	939.56536	2.709717255	499856.578	0	0
Ne21	19550.53637	0.2590442497	499856.578	0	0
K40	37216.53309	0.1401043102	499863.0472	0	0
K40	37216.53309	0.1361877839	499866.6845	0	0
neutron	939.56536	6.895710189	499863.9497	0	0
proton	938.272013	6.352606911	499863.9497	0	0
proton	938.272013	2.817052565	499863.9497	0	0
Cl37	34424.84314	0.252260663	499863.9497	0	0
K40	37216.53309	0.1146931389	499863.7996	0	0
neutron	939.56536	0.7425055929	499863.3554	0	0
K39	36284.76737	0.07208959331	499863.3554	0	0
proton	938.272013	6.667513227	499871.0254	0	0
neutron	939.56536	1.538957169	499871.0254	0	0
Ar38	35352.87471	0.2046151861	499871.0254	0	0
neutron	939.56536	6.324942761	499867.4216	0	0
neutron	939.56536	3.21841467	499867.4216	0	0
deuteron	1875.613	2.931870894	499867.4216	0	0
C12	11174.86339	0.9547335906	499867.4216	0	0
neutron	939.56536	37.82452049	499865.0252	0	0
proton	938.272013	5.045908785	499865.0252	0	0
proton	938.272013	4.920694422	499865.0252	0	0
neutron	939.56536	3.200226043	499865.0252	0	0
neutron	939.56536	0.8235601196	499865.0252	0	0
Cl35	32564.60306	2.069232876	499865.0252	0	0
neutron	939.56536	1.646848641	499862.6903	0	0
K39	36284.76737	0.1952284123	499862.6903	0	0
K40	37216.53309	0.1280286704	499861.7843	0	0
neutron	939.56536	0.8778975645	499863.1086	0	0
K39	36284.76737	0.09815403064	499863.1086	0	0
neutron	939.56536	15.22569958	499864.9609	0	0
neutron	939.56536	9.695393064	499864.9609	0	0
proton	938.272013	4.737994597	499864.9609	0	0
neutron	939.56536	4.337574253	499864.9609	0	0
C12	11174.86339	5.86692526	499864.9609	0	0
K40	37216.53309	0.1273224997	499862.7538	0	0
neutron	939.56536	0.6462932029	499874.0594	0	0
K39	36284.76737	0.1521212869	499874.0594	0	0
proton	938.272013	10.05992934	499861.7735	0	0
proton	938.272013	6.685107924	499861.7735	0	0
neutron	939.56536	5.144952817	499861.7735	0	0
neutron	939.56536	1.936092838	499861.7735	0	0
Cl36	33495.58861	0.7666955158	499861.7735	0	0
N16	14906.01287	0.2969844065	499866.6584	0	0
neutron	939.56536	22.92921873	499863.6323	0	0
neutron	939.56536	4.027357342	499863.6323	0	0
proton	938.272013	3.402589261	499863.6323	0	0
neutron	939.56536	2.498403147	499863.6323	0	0
C12	11174.86339	2.709975662	499863.6323	0	0
neutron	939.56536	18.30152947	499859.4965	0	0
neutron	939.56536	6.928138471	499859.4965	0	0
N14	13040.20433	0.4108605065	499859.4965	0	0
K44	40940.26321	0.1089100307	499857.392	0	0
proton	938.272013	5.129999545	499865.3391	0	0
proton	938.272013	2.809166574	499865.3391	0	0
neutron	939.56536	2.554146596	499865.3391	0	0
neutron	939.56536	2.335592842	499865.3391	0	0
neutron	939.56536	1.46728548	499865.3391	0	0
Cl35	32564.60306	0.4968723741	499865.3391	0	0
neutron	939.56536	0.7281959835	499869.7159	0	0
K39	36284.76737	0.2014315601	499869.7159	0	0
proton	938.272013	10.30449468	499861.1378	0	0
neutron	939.56536	5.166271964	499861.1378	0	0
neutron	939.56536	0.8175070959	499861.1378	0	0
Ar37	34425.14786	0.4506577998	499861.1378	0	0
neutron	939.56536	1.804565158	499869.8102	0	0
K39	36284.76737	0.1598417534	499869.8102	0	0
neutron	939.56536	2.826624427	499860.9798	0	0
K39	36284.76737	0.339435304	499860.9798	0	0
Na24	22341.82218	0.2159938947	499863.0187	0	0
neutron	939.56536	6.177718294	499868.2813	0	0
proton	938.272013	3.978764471	499868.2813	0	0
neutron	939.56536	0.3791069249	499868.2813	0	0
Ar37	34425.14786	0.1145712195	499868.2813	0	0
proton	938.272013	10.79818522	499868.936	0	0
neutron	939.56536	0.9093773599	499868.936	0	0
C14	13040.87134	0.861124083	499868.936	0	0
neutron	939.56536	8.587248933	499867.7075	0	0
proton	938.272013	5.74406399	499867.7075	0	0
Ar38	35352.87471	0.1363453282	499867.7075	0	0
neutron	939.56536	3.094439444	499861.8253	0	0
N15	13968.93638	0.6817555667	499861.8253	0	0
neutron	939.56536	0.9204793495	499863.0501	0	0
K39	36284.76737	0.1388488581	499863.0501	0	0
neutron	939.56536	9.511658103	499862.4408	0	0
neutron	939.56536	1.611931945	499862.4408	0	0
deuteron	1875.613	4.24845611	499862.4408	0	0
Be8	7454.850296	2.650678128	499862.4408	0	0
neutron	939.56536	21.63590707	499865.2966	0	0
neutron	939.56536	18.53975484	499865.2966	0	0
proton	938.272013	6.05855728	499865.2966	0	0
Ar37	34425.14786	1.313433609	499865.2966	0	0
neutron	939.56536	0.777427197	499860.544	0	0
K39	36284.76737	0.04795309644	499860.544	0	0
neutron	939.56536	0.08780154707	499856.9705	0	0
N15	13968.93638	0.2419280991	499856.9705	0	0
Na24	22341.82218	0.2091005216	499867.3207	0	0
neutron	939.56536	0.9845004049	499863.9507	0	0
N15	13968.93638	0.1918760416	499863.9507	0	0
Na24	22341.82218	0.207902318	499869.4901	0	0
Na24	22341.82218	0.2123214633	499858.7341	0	0
neutron	939.56536	3.240972056	499861.8891	0	0
N15	13968.93638	0.07042838091	499861.8891	0	0
neutron	939.56536	0.2707129615	499866.3832	0	0
Na23	21409.21625	0.2850171496	499866.3832	0	0
N16	14906.01287	0.2911733972	499871.3275	0	0
neutron	939.56536	2.8224969	499864.6454	0	0
K39	36284.76737	0.320202542	499864.6454	0	0
K40	37216.53309	0.1242615569	499865.521	0	0
neutron	939.56536	6.281088026	499863.8531	0	0
proton	938.272013	5.924391699	499863.8531	0	0
neutron	939.56536	1.107108743	499863.8531	0	0
Ar37	34425.14786	0.124190281	499863.8531	0	0
neutron	939.56536	1.907780631	499860.0598	0	0
K39	36284.76737	0.08455199583	499860.0598	0	0
K40	37216.53309	0.1190877828	499864.7287	0	0
proton	938.272013	25.36542445	499862.3873	0	0
neutron	939.56536	11.24739797	499862.3873	0	0
neutron	939.56536	0.5464371421	499862.3873	0	0
Ne21	19550.53637	0.7307976646	499862.3873	0	0
neutron	939.56536	1.835088372	499862.0917	0	0
K39	36284.76737	0.1250756602	499862.0917	0	0
proton	938.272013	3.023471164	499864.5635	0	0
neutron	939.56536	1.77727246	499864.5635	0	0
Ar38	35352.87471	0.1550241818	499864.5635	0	0
K40	37216.53309	0.1381255301	499861.0022	0	0
K40	37216.53309	0.1233375019	499866.9695	0	0
neutron	939.56536	0.5519071102	499872.3808	0	0
K39	36284.76737	0.1132533964	499872.3808	0	0
proton	938.272013	20.40797526	499860.2898	0	0
neutron	939.56536	14.36196651	499860.2898	0	0
neutron	939.56536	4.711864099	499860.2898	0	0
neutron	939.56536	2.404454061	499860.2898	0	0
alpha	3727.379	4.466876902	499860.2898	0	0
alpha	3727.379	2.471357811	499860.2898	0	0
K40	37216.53309	0.142440519	499862.4878	0	0
Na25	23272.37635	0.2061523588	499862.3293	0	0
K40	37216.53309	0.1299117712	499861.7717	0	0
neutron	939.56536	0.2828068484	499865.9383	0	0
Na23	21409.21625	0.1483376413	499865.9383	0	0
Na24	22341.82218	0.2091565762	499863.6765	0	0
neutron	939.56536	4.369626428	499864.1615	0	0
K39	36284.76737	0.2104334009	499864.1615	0	0
neutron	939.56536	21.69915797	499868.0004	0	0
proton	938.272013	15.60756962	499868.0004	0	0
proton	938.272013	15.54098103	499868.0004	0	0
proton	938.272013	5.117123088	499868.0004	0	0
neutron	939.56536	1.067760562	499868.0004	0	0
S35	32565.27968	0.7814889661	499868.0004	0	0
neutron	939.56536	13.20758331	499869.6157	0	0
proton	938.272013	4.480247088	499869.6157	0	0
neutron	939.56536	1.036385731	499869.6157	0	0
neutron	939.56536	0.9814924229	499869.6157	0	0
alpha	3727.379	3.571405187	499869.6157	0	0
alpha	3727.379	3.079696965	499869.6157	0	0
C13	12109.48242	3.829305706	499869.6157	0	0
N16	14906.01287	0.2894893799	499868.0202	0	0
neutron	939.56536	1.970292267	499867.3929	0	0
K39	36284.76737	0.09795482075	499867.3929	0	0
proton	938.272013	3.696345612	499867.7699	0	0
proton	938.272013	3.173725711	499867.7699	0	0
alpha	3727.379	11.37463935	499867.7699	0	0
deuteron	1875.613	7.199520665	499867.7699	0	0
Si32	29776.58515	1.326965412	499867.7699	0	0
proton	938.272013	8.029027806	499871.4829	0	0
neutron	939.56536	3.035550106	499871.4829	0	0
neutron	939.56536	0.6159285188	499871.4829	0	0
Ar37	34425.14786	0.1546878904	499871.4829	0	0
neutron	939.56536	0.2798455612	499859.1399	0	0
K39	36284.76737	0.1038102341	499859.1399	0	0
proton	938.272013	9.819217601	499863.571	0	0
neutron	939.56536	7.789354605	499863.571	0	0
neutron	939.56536	1.227435091	499863.571	0	0
neutron	939.56536	0.3862983531	499863.571	0	0
Ar36	33494.36994	0.5744252775	499863.571	0	0
K40	37216.53309	0.1304164741	499867.7601	0	0
proton	938.272013	12.42579925	499862.8817	0	0
proton	938.272013	12.06730616	499862.8817	0	0
neutron	939.56536	4.748739895	499862.8817	0	0
neutron	939.56536	1.760437005	499862.8817	0	0
B12	11188.74343	0.8908712291	499862.8817	0	0
Na26	24206.36741	0.187936167	499867.6426	0	0
neutron	939.56536	1.356384412	499869.2976	0	0
K39	36284.76737	0.08359182406	499869.2976	0	0
K40	37216.53309	0.129646323	499861.9346	0	0
K40	37216.53309	0.1331000511	499863.2547	0	0
K40	37216.53309	0.1291339863	499862.7242	0	0
neutron	939.56536	0.978477493	499864.1334	0	0
K39	36284.76737	0.2255771701	499864.1334	0	0
neutron	939.56536	0.2684367441	499867.7384	0	0
Na23	21409.21625	0.2126984224	499867.7384	0	0
K40	37216.53309	0.124683803	499861.3003	0	0
proton	938.272013	6.769732243	499863.2493	0	0
neutron	939.56536	0.5648683647	499863.2493	0	0
Ar38	35352.87471	0.4377291705	499863.2493	0	0
neutron	939.56536	0.5811777647	499865.6792	0	0
K39	36284.76737	0.1380603897	499865.6792	0	0
K40	37216.53309	0.1316516254	499865.5657	0	0
proton	938.272013	7.663595313	499864.6756	0	0
neutron	939.56536	2.838809973	499864.6756	0	0
Ar38	35352.87471	0.09804359007	499864.6756	0	0
neutron	939.56536	7.621670741	499866.3146	0	0
Na24	22341.82218	0.322162719	499866.3146	0	0
proton	938.272013	6.920648086	499860.6057	0	0
neutron	939.56536	2.713426941	499860.6057	0	0
neutron	939.56536	2.16372287	499860.6057	0	0
C13	12109.48242	2.03002433	499860.6057	0	0
neutron	939.56536	0.7732443566	499867.5258	0	0
K39	36284.76737	0.09587451692	499867.5258	0	0
K40	37216.53309	0.1297038073	499870.2479	0	0
K40	37216.53309	0.1161635343	499866.0796	0	0
K40	37216.53309	0.1319076385	499867.2171	0	0
neutron	939.56536	22.40061735	499865.8527	0	0
proton	938.272013	4.112251089	499865.8527	0	0
neutron	939.56536	2.60759961	499865.8527	0	0
alpha	3727.379	10.77438718	499865.8527	0	0
S33	30704.55199	3.77782225	499865.8527	0	0
neutron	939.56536	0.2189913811	499862.187	0	0
N15	13968.93638	0.2786655056	499862.187	0	0
proton	938.272013	5.592413624	499871.9167	0	0
neutron	939.56536	3.186657463	499871.9167	0	0
Ar38	35352.87471	0.5432479392	499871.9167	0	0
Na25	23272.37635	0.2140919258	499863.6976	0	0
K40	37216.53309	0.1271442043	499863.0591	0	0
neutron	939.56536	0.2793404226	499868.4699	0	0
K39	36284.76737	0.1064157537	499868.4699	0	0
neutron	939.56536	3.062895866	499868.8079	0	0
neutron	939.56536	1.335069511	499868.8079	0	0
N14	13040.20433	0.7026804655	499868.8079	0	0
proton	938.272013	3.449667298	499866.139	0	0
neutron	939.56536	2.854791179	499866.139	0	0
neutron	939.56536	0.3057713652	499866.139	0	0
Ar37	34425.14786	0.0578257577	499866.139	0	0
K40	37216.53309	0.1292971948	499866.4871	0	0
K40	37216.53309	0.1270342534	499866.4264	0	0
K40	37216.53309	0.1177757624	499861.9319	0	0
proton	938.272013	9.86192556	499864.7306	0	0
neutron	939.56536	5.766463527	499864.7306	0	0
neutron	939.56536	1.193839993	499864.7306	0	0
neutron	939.56536	1.174791453	499864.7306	0	0
Ne20	18617.73218	0.08205329637	499864.7306	0	0
proton	938.272013	12.66922208	499863.0866	0	0
neutron	939.56536	0.5718613832	499863.0866	0	0
alpha	3727.379	9.696975056	499863.0866	0	0
S34	31632.70018	0.6425086958	499863.0866	0	0
K40	37216.53309	0.1383539643	499867.6288	0	0
neutron	939.56536	0.3055645433	499861.608	0	0
N15	13968.93638	0.3003826523	499861.608	0	0
neutron	939.56536	1.905711857	499869.2609	0	0
K39	36284.76737	0.2796465075	499869.2609	0	0
neutron	939.56536	10.4199098	499867.8874	0	0
neutron	939.56536	3.867449352	499867.8874	0	0
proton	938.272013	3.4247978	499867.8874	0	0
proton	938.272013	2.977568946	499867.8874	0	0
Cl36	33495.58861	0.524861969	499867.8874	0	0
Na24	22341.82218	0.2147134652	499864.936	0	0
proton	938.272013	12.26913051	499859.8787	0	0
neutron	939.56536	7.038428527	499859.8787	0	0
proton	938.272013	3.241125406	499859.8787	0	0
Cl37	34424.84314	0.9342997241	499859.8787	0	0
neutron	939.56536	0.9691862964	499868.192	0	0
K39	36284.76737	0.2386835796	499868.192	0	0
proton	938.272013	21.90974346	499865.169	0	0
neutron	939.56536	16.78516423	499865.169	0	0
neutron	939.56536	2.477416817	499865.169	0	0
Ne21	19550.53637	1.488602441	499865.169	0	0
neutron	939.56536	7.555721603	499863.1732	0	0
proton	938.272013	6.655290332	499863.1732	0	0
Ar38	35352.87471	0.1440358813	499863.1732	0	0
neutron	939.56536	6.389110709	499867.4728	0	0
proton	938.272013	3.32351027	499867.4728	0	0
proton	938.272013	3.196399426	499867.4728	0	0
Cl37	34424.84314	0.8118925038	499867.4728	0	0
K40	37216.53309	0.1422802889	499864.8861	0	0
neutron	939.56536	1.844447184	499873.093	0	0
K39	36284.76737	0.02410385208	499873.093	0	0
K40	37216.53309	0.1359121564	499869.0718	0	0
neutron	939.56536	1.773059238	499866.2471	0	0
K39	36284.76737	0.2352297719	499866.2471	0	0
neutron	939.56536	0.3426552913	499862.9169	0	0
K39	36284.76737	0.08158262625	499862.9169	0	0
K40	37216.53309	0.1159268913	499866.0745	0	0
proton	938.272013	6.571682517	499862.4332	0	0
neutron	939.56536	3.034571367	499862.4332	0	0
neutron	939.56536	0.3840109967	499862.4332	0	0
Ar37	34425.14786	0.585491225	499862.4332	0	0
proton	938.272013	7.849458872	499866.9061	0	0
neutron	939.56536	1.138773604	499866.9061	0	0
Ne22	20479.73746	0.1836647493	499866.9061	0	0
Na24	22341.82218	0.2150075029	499864.0106	0	0
proton	938.272013	5.253864656	499866.3366	0	0
neutron	939.56536	4.029484272	499866.3366	0	0
neutron	939.56536	2.808434522	499866.3366	0	0
neutron	939.56536	1.827925679	499866.3366	0	0
Ne20	18617.73218	1.100355514	499866.3366	0	0
proton	938.272013	20.90178547	499866.899	0	0
neutron	939.56536	4.077388342	499866.899	0	0
neutron	939.56536	3.938133486	499866.899	0	0
neutron	939.56536	3.095959936	499866.899	0	0
alpha	3727.379	6.131709776	499866.899	0	0
O16	14895.08153	0.7721141261	499866.899	0	0
proton	938.272013	19.99040995	499860.888	0	0
neutron	939.56536	1.074975578	499860.888	0	0
Ar38	35352.87471	0.7185154926	499860.888	0	0
neutron	939.56536	0.9937071956	499865.7216	0	0
K39	36284.76737	0.2204762079	499865.7216	0	0
neutron	939.56536	0.7961155694	499861.9032	0	0
K39	36284.76737	0.1777083172	499861.9032	0	0
neutron	939.56536	0.7266172273	499860.376	0	0
K39	36284.76737	0.1497469845	499860.376	0	0
neutron	939.56536	2.188116233	499866.15	0	0
K39	36284.76737	0.02507921603	499866.15	0	0
proton	938.272013	12.45486345	499869.9868	0	0
neutron	939.56536	3.608046557	499869.9868	0	0
neutron	939.56536	2.357778602	499869.9868	0	0
Ar37	34425.14786	0.7301049458	499869.9868	0	0
neutron	939.56536	0.6672444054	499863.3345	0	0
K39	36284.76737	0.09709209468	499863.3345	0	0
proton	938.272013	8.989423274	499868.34	0	0
neutron	939.56536	0.6168175102	499868.34	0	0
neutron	939.56536	0.2840345042	499868.34	0	0
Ar37	34425.14786	0.2132345129	499868.34	0	0
neutron	939.56536	18.15617699	499871.5764	0	0
neutron	939.56536	10.19226169	499871.5764	0	0
proton	938.272013	7.617412263	499871.5764	0	0
Ar37	34425.14786	0.2347239486	499871.5764	0	0
neutron	939.56536	0.8957011048	499863.1029	0	0
triton	2808.921	3.000700919	499863.1029	0	0
Ne20	18617.73218	1.127252093	499863.1029	0	0
K40	37216.53309	0.129126807	499864.6425	0	0
neutron	939.56536	10.7246141	499869.6599	0	0
neutron	939.56536	7.4444992	499869.6599	0	0
N14	13040.20433	0.2628976561	499869.6599	0	0
N16	14906.01287	0.2933039176	499863.9062	0	0
proton	938.272013	7.973407488	499865.8834	0	0
neutron	939.56536	2.289333503	499865.8834	0	0
neutron	939.56536	2.017436477	499865.8834	0	0
neutron	939.56536	0.2669062942	499865.8834	0	0
Ne20	18617.73218	0.7910846243	499865.8834	0	0
proton	938.272013	8.060250215	499863.5405	0	0
neutron	939.56536	7.564008787	499863.5405	0	0
proton	938.272013	3.824457149	499863.5405	0	0
alpha	3727.379	7.517022216	499863.5405	0	0
P33	30705.30994	0.04924491126	499863.5405	0	0
neutron	939.56536	27.9391593	499863.1898	0	0
proton	938.272013	9.913706779	499863.1898	0	0
neutron	939.56536	3.0243235	499863.1898	0	0
Ne21	19550.53637	0.8542118218	499863.1898	0	0
neutron	939.56536	0.4089937656	499864.1295	0	0
K39	36284.76737	0.1338720214	499864.1295	0	0
neutron	939.56536	0.9594831005	499867.4427	0	0
K39	36284.76737	0.2581044582	499867.4427	0	0
neutron	939.56536	0.6232294159	499867.9032	0	0
K39	36284.76737	0.144442481	499867.9032	0	0
proton	938.272013	7.197417086	499861.9186	0	0
neutron	939.56536	1.938352429	499861.9186	0	0
C14	13040.87134	0.5518920499	499861.9186	0	0
K40	37216.53309	0.1150672652	499860.8576	0	0
Na24	22341.82218	0.191004206	499861.823	0	0
neutron	939.56536	2.837652629	499866.7309	0	0
K39	36284.76737	0.09258300403	499866.7309	0	0
proton	938.272013	10.25094106	499862.273	0	0
proton	938.272013	8.082651207	499862.273	0	0
neutron	939.56536	5.946763638	499862.273	0	0
Cl37	34424.84314	0.2021510143	499862.273	0	0
proton	938.272013	26.87753314	499860.921	0	0
neutron	939.56536	2.412705087	499860.921	0	0
neutron	939.56536	2.115163344	499860.921	0	0
Ne21	19550.53637	1.638924259	499860.921	0	0
K40	37216.53309	0.133000053	499860.9593	0	0
neutron	939.56536	20.84386097	499862.7924	0	0
Na23	21409.21625	0.7651142428	499862.7924	0	0
K40	37216.53309	0.1373846333	499866.0187	0	0
proton	938.272013	8.052295137	499870.8375	0	0
neutron	939.56536	2.046366907	499870.8375	0	0
Ar38	35352.87471	0.2364271282	499870.8375	0	0
neutron	939.56536	1.282589456	499864.7205	0	0
N15	13968.93638	0.2366204806	499864.7205	0	0
proton	938.272013	10.76310272	499858.4408	0	0
neutron	939.56536	2.631880861	499858.4408	0	0
neutron	939.56536	0.518018336	499858.4408	0	0
alpha	3727.379	9.674951377	499858.4408	0	0
S33	30704.55199	0.9247853925	499858.4408	0	0
proton	938.272013	22.28882634	499867.9915	0	0
proton	938.272013	14.71843594	499867.9915	0	0
neutron	939.56536	0.767817707	499867.9915	0	0
Cl37	34424.84314	1.376080233	499867.9915	0	0
K40	37216.53309	0.1268191382	499866.3235	0	0
neutron	939.56536	0.9423410242	499864.0123	0	0
K39	36284.76737	0.05741334792	499864.0123	0	0
neutron	939.56536	10.77947871	499868.9762	0	0
proton	938.272013	9.909613105	499868.9762	0	0
alpha	3727.379	7.26110556	499868.9762	0	0
S34	31632.70018	1.824491964	499868.9762	0	0
neutron	939.56536	3.594658304	499864.5565	0	0
neutron	939.56536	3.542747493	499864.5565	0	0
N14	13040.20433	0.8252165697	499864.5565	0	0
neutron	939.56536	7.409308218	499864.4171	0	0
proton	938.272013	4.092498534	499864.4171	0	0
proton	938.272013	3.171118315	499864.4171	0	0
Cl37	34424.84314	0.3742966325	499864.4171	0	0
neutron	939.56536	0.8874302668	499865.6941	0	0
K39	36284.76737	0.2266876703	499865.6941	0	0
neutron	939.56536	1.009353682	499867.5505	0	0
K39	36284.76737	0.2314487337	499867.5505	0	0
K40	37216.53309	0.1211159968	499858.7217	0	0
neutron	939.56536	2.235514693	499863.8838	0	0
K39	36284.76737	0.04734957432	499863.8838	0	0
proton	938.272013	7.86018011	499868.9541	0	0
neutron	939.56536	7.343961464	499868.9541	0	0
neutron	939.56536	6.653317292	499868.9541	0	0
proton	938.272013	3.409412175	499868.9541	0	0
Cl36	33495.58861	0.1374976673	499868.9541	0	0
K40	37216.53309	0.1207725517	499861.628	0	0
neutron	939.56536	3.92672452	499865.7764	0	0
proton	938.272013	2.737449197	499865.7764	0	0
neutron	939.56536	0.238733641	499865.7764	0	0
Ar37	34425.14786	0.4126412746	499865.7764	0	0
neutron	939.56536	2.08743058	499864.3656	0	0
K39	36284.76737	0.205796647	499864.3656	0	0
neutron	939.56536	0.1287872889	499861.9086	0	0
K39	36284.76737	0.1136947221	499861.9086	0	0
proton	938.272013	6.737478612	499864.1443	0	0
neutron	939.56536	1.793819633	499864.1443	0	0
neutron	939.56536	1.405888535	499864.1443	0	0
neutron	939.56536	0.6953236241	499864.1443	0	0
Ar36	33494.36994	0.1939100647	499864.1443	0	0
N16	14906.01287	0.284958955	499858.9998	0	0
proton	938.272013	6.190275125	499860.8062	0	0
neutron	939.56536	0.2517607318	499860.8062	0	0
Ar38	35352.87471	0.1914659922	499860.8062	0	0
neutron	939.56536	16.7964615	499863.3945	0	0
neutron	939.56536	10.56810704	499863.3945	0	0
alpha	3727.379	4.732444032	499863.3945	0	0
B10	9324.436652	0.8398918649	499863.3945	0	0
neutron	939.56536	1.836930111	499859.1911	0	0
K39	36284.76737	0.1557080491	499859.1911	0	0
neutron	939.56536	1.362793227	499866.7017	0	0
N15	13968.93638	0.08943919416	499866.7017	0	0
proton	938.272013	24.82078357	499872.0488	0	0
neutron	939.56536	5.000428346	499872.0488	0	0
neutron	939.56536	4.524750803	499872.0488	0	0
neutron	939.56536	3.495377945	499872.0488	0	0
alpha	3727.379	3.403027625	499872.0488	0	0
Be8	7454.850296	2.343707817	499872.0488	0	0
neutron	939.56536	5.738328435	499860.1963	0	0
proton	938.272013	2.556732418	499860.1963	0	0
Ne22	20479.73746	0.2831229067	499860.1963	0	0
neutron	939.56536	6.996664336	499865.0931	0	0
neutron	939.56536	1.825522767	499865.0931	0	0
proton	938.272013	1.568416037	499865.0931	0	0
Ne21	19550.53637	0.3812846785	499865.0931	0	0
neutron	939.56536	0.3546562089	499865.5651	0	0
K39	36284.76737	0.1358863307	499865.5651	0	0
neutron	939.56536	1.362019508	499866.8682	0	0
Na23	21409.21625	0.1515434323	499866.8682	0	0
neutron	939.56536	13.24781412	499866.6395	0	0
proton	938.272013	6.221420887	499866.6395	0	0
proton	938.272013	5.261319511	499866.6395	0	0
neutron	939.56536	0.8328632673	499866.6395	0	0
alpha	3727.379	21.67432609	499866.6395	0	0
P32	29775.84838	3.033839708	499866.6395	0	0
neutron	939.56536	0.3185776748	499862.0383	0	0
K39	36284.76737	0.1474661841	499862.0383	0	0
proton	938.272013	4.220024296	499861.3262	0	0
neutron	939.56536	3.132427948	499861.3262	0	0
Ar38	35352.87471	0.2814356809	499861.3262	0	0
neutron	939.56536	6.428611218	499865.6761	0	0
neutron	939.56536	0.2856748909	499865.6761	0	0
Na24	22341.82218	0.5481637908	499865.6761	0	0
neutron	939.56536	19.19937682	499860.776	0	0
proton	938.272013	7.118346605	499860.776	0	0
triton	2808.921	7.15343882	499860.776	0	0
B11	10252.54787	1.44201257	499860.776	0	0
neutron	939.56536	20.86692514	499857.8835	0	0
proton	938.272013	6.234752494	499857.8835	0	0
neutron	939.56536	5.553635198	499857.8835	0	0
neutron	939.56536	3.321181007	499857.8835	0	0
alpha	3727.379	3.239675465	499857.8835	0	0
Be8	7454.850296	2.191517925	499857.8835	0	0
neutron	939.56536	13.04619423	499864.714	0	0
proton	938.272013	3.59871401	499864.714	0	0
neutron	939.56536	0.2557609028	499864.714	0	0
Ar37	34425.14786	0.516281663	499864.714	0	0
neutron	939.56536	0.5373959148	499869.0746	0	0
K39	36284.76737	0.1681864613	499869.0746	0	0
neutron	939.56536	0.683876599	499862.9337	0	0
alpha	3727.379	9.657441462	499862.9337	0	0
Cl35	32564.60306	0.7648321623	499862.9337	0	0
K40	37216.53309	0.1273534201	499865.2752	0	0
neutron	939.56536	0.4231803456	499863.316	0	0
K39	36284.76737	0.1228802424	499863.316	0	0
proton	938.272013	8.093073119	499874.8954	0	0
proton	938.272013	6.317697575	499874.8954	0	0
neutron	939.56536	5.370698786	499874.8954	0	0
Cl37	34424.84314	0.09232935691	499874.8954	0	0
K40	37216.53309	0.1419023451	499861.2436	0	0
neutron	939.56536	18.80841932	499858.2795	0	0
proton	938.272013	6.043883088	499858.2795	0	0
neutron	939.56536	5.228071247	499858.2795	0	0
proton	938.272013	4.305356753	499858.2795	0	0
neutron	939.56536	1.176241776	499858.2795	0	0
Cl35	32564.60306	1.167117042	499858.2795	0	0
N16	14906.01287	0.2931968985	499868.3642	0	0
proton	938.272013	11.2119284	499862.3045	0	0
neutron	939.56536	4.953144428	499862.3045	0	0
neutron	939.56536	3.146320657	499862.3045	0	0
alpha	3727.379	11.70547243	499862.3045	0	0
S33	30704.55199	0.5166831056	499862.3045	0	0
neutron	939.56536	0.5116731343	499863.1903	0	0
K39	36284.76737	0.1033343679	499863.1903	0	0
K40	37216.53309	0.1365504266	499871.0749	0	0
neutron	939.56536	0.1868004907	499860.7827	0	0
K39	36284.76737	0.1612625102	499860.7827	0	0
K40	37216.53309	0.1350009913	499867.8245	0	0
K40	37216.53309	0.1363463908	499866.3021	0	0
neutron	939.56536	5.134940883	499858.993	0	0
N15	13968.93638	0.1999869185	499858.993	0	0
neutron	939.56536	12.93152638	499866.8802	0	0
neutron	939.56536	7.016130272	499866.8802	0	0
proton	938.272013	5.752830339	499866.8802	0	0
neutron	939.56536	1.65022459	499866.8802	0	0
C12	11174.86339	0.2958903995	499866.8802	0	0
K40	37216.53309	0.1321958181	499862.0746	0	0
neutron	939.56536	0.4514260956	499854.3549	0	0
K39	36284.76737	0.09826288548	499854.3549	0	0
neutron	939.56536	18.96462693	499857.3511	0	0
proton	938.272013	4.643660661	499857.3511	0	0
neutron	939.56536	3.890961855	499857.3511	0	0
Ar37	34425.14786	1.614276323	499857.3511	0	0
K40	37216.53309	0.1408840575	499868.2975	0	0
proton	938.272013	21.51110835	499864.2224	0	0
proton	938.272013	7.389268776	499864.2224	0	0
neutron	939.56536	5.163002294	499864.2224	0	0
neutron	939.56536	4.380539874	499864.2224	0	0
deuteron	1875.613	3.789139198	499864.2224	0	0
S34	31632.70018	0.4777375073	499864.2224	0	0
neutron	939.56536	10.19636488	499868.6212	0	0
neutron	939.56536	3.813012328	499868.6212	0	0
proton	938.272013	2.837874531	499868.6212	0	0
neutron	939.56536	2.647972075	499868.6212	0	0
C12	11174.86339	0.9591721817	499868.6212	0	0
Na26	24206.36741	0.1724703068	499866.7023	0	0
neutron	939.56536	1.431899844	499867.6528	0	0
K39	36284.76737	0.2460748575	499867.6528	0	0
neutron	939.56536	1.070198844	499865.2997	0	0
K39	36284.76737	0.05950820823	499865.2997	0	0
neutron	939.56536	13.54765915	499866.1544	0	0
proton	938.272013	4.925547491	499866.1544	0	0
neutron	939.56536	1.240791514	499866.1544	0	0
Ar37	34425.14786	1.151615176	499866.1544	0	0
proton	938.272013	10.52408633	499862.2035	0	0
neutron	939.56536	4.491289336	499862.2035	0	0
Ar38	35352.87471	0.1835635051	499862.2035	0	0
neutron	939.56536	23.93345479	499863.1473	0	0
neutron	939.56536	3.056195036	499863.1473	0	0
proton	938.272013	2.183724898	499863.1473	0	0
C13	12109.48242	2.318670356	499863.1473	0	0
neutron	939.56536	14.91217885	499866.0033	0	0
proton	938.272013	6.801118959	499866.0033	0	0
neutron	939.56536	3.812517794	499866.0033	0	0
neutron	939.56536	0.2660536096	499866.0033	0	0
Ar36	33494.36994	1.464122488	499866.0033	0	0
neutron	939.56536	0.5520714461	499867.7127	0	0
neutron	939.56536	0.5507425751	499867.7127	0	0
K40	37216.53309	0.06784829835	499867.7127	0	0
neutron	939.56536	8.311432403	499862.8992	0	0
neutron	939.56536	4.498369604	499862.8992	0	0
proton	938.272013	4.179836867	499862.8992	0	0
neutron	939.56536	3.282471745	499862.8992	0	0
alpha	3727.379	3.710148718	499862.8992	0	0
O16	14895.08153	1.822857683	499862.8992	0	0
neutron	939.56536	7.819671862	499866.6914	0	0
neutron	939.56536	2.855160085	499866.6914	0	0
alpha	3727.379	9.649579487	499866.6914	0	0
deuteron	1875.613	3.516304183	499866.6914	0	0
S32	29773.62828	2.451785165	499866.6914	0	0
neutron	939.56536	1.358165765	499862.1049	0	0
K39	36284.76737	0.08674367849	499862.1049	0	0
Ca40	37214.71335	0.1715928185	499883.5454	32.8822375	32.62634047
neutron	939.56536	15.74835159	499883.0773	0	0
alpha	3727.379	9.921021802	499883.0773	0	0
Cl35	32564.60306	1.128740403	499883.0773	0	0
Na24	22341.82218	0.1870459993	499869.5649	0	0
proton	938.272013	6.262264387	499864.2783	0	0
neutron	939.56536	0.2478431579	499864.2783	0	0
Ar38	35352.87471	0.1305283488	499864.2783	0	0
neutron	939.56536	0.5293974455	499864.8421	0	0
K39	36284.76737	0.1540271348	499864.8421	0	0
proton	938.272013	4.986845256	499859.6416	0	0
neutron	939.56536	2.61341921	499859.6416	0	0
Ar38	35352.87471	0.3355924754	499859.6416	0	0
neutron	939.56536	1.291724337	499864.2917	0	0
K39	36284.76737	0.03953977505	499864.2917	0	0
neutron	939.56536	0.428158567	499865.4601	0	0
K39	36284.76737	0.1263731549	499865.4601	0	0
neutron	939.56536	6.064297864	499861.691	0	0
proton	938.272013	3.978682457	499861.691	0	0
neutron	939.56536	0.08368610912	499861.691	0	0
Ar37	34425.14786	0.1597204159	499861.691	0	0
Na26	24206.36741	0.1867255251	499862.3163	0	0
neutron	939.56536	3.930768539	499861.6665	0	0
N15	13968.93638	0.746271523	499861.6665	0	0
neutron	939.56536	5.232059675	499866.0183	0	0
neutron	939.56536	1.274778793	499866.0183	0	0
deuteron	1875.613	3.84489061	499866.0183	0	0
Ar36	33494.36994	0.5546983968	499866.0183	0	0
neutron	939.56536	4.395690344	499864.551	0	0
alpha	3727.379	10.65941311	499864.551	0	0
alpha	3727.379	9.682963446	499864.551	0	0
P31	28844.21869	0.1691166287	499864.551	0	0
proton	938.272013	4.485180025	499864.2058	0	0
neutron	939.56536	4.214152075	499864.2058	0	0
neutron	939.56536	2.79265255	499864.2058	0	0
Ar37	34425.14786	0.2271413603	499864.2058	0	0
neutron	939.56536	0.6013867823	499864.1524	0	0
K39	36284.76737	0.1360906053	499864.1524	0	0
neutron	939.56536	0.3586021903	499866.7385	0	0
K39	36284.76737	0.1824136977	499866.7385	0	0
proton	938.272013	9.304593274	499868.6751	0	0
neutron	939.56536	6.622092613	499868.6751	0	0
Ar38	35352.87471	0.08677087985	499868.6751	0	0
proton	938.272013	17.30897728	499864.9643	0	0
neutron	939.56536	13.15715563	499864.9643	0	0
neutron	939.56536	2.253925017	499864.9643	0	0
C13	12109.48242	1.884754165	499864.9643	0	0
K44	40940.26321	0.1179048742	499859.6358	0	0
proton	938.272013	4.797509071	499862.0577	0	0
proton	938.272013	3.543994344	499862.0577	0	0
neutron	939.56536	3.355373728	499862.0577	0	0
neutron	939.56536	0.7667125996	499862.0577	0	0
alpha	3727.379	6.794343434	499862.0577	0	0
P32	29775.84838	1.125758864	499862.0577	0	0
Na24	22341.82218	0.2164766716	499863.3647	0	0
neutron	939.56536	0.123302466	499866.0434	0	0
K39	36284.76737	0.1454691017	499866.0434	0	0
K40	37216.53309	0.1387363736	499867.1204	0	0
K44	40940.26321	0.1077824269	499865.7549	0	0
K40	37216.53309	0.1389803128	499868.3214	0	0
Ca40	37214.71335	0.4455387892	499925.4366	55.9157123	55.2087104
K40	37216.53309	0.1181758716	499923.1353	0	0
proton	938.272013	2.815259607	499865.3203	0	0
neutron	939.56536	0.8297517391	499865.3203	0	0
neutron	939.56536	0.6042963289	499865.3203	0	0
Ar37	34425.14786	0.2051382489	499865.3203	0	0
K40	37216.53309	0.1247443694	499868.7453	0	0
proton	938.272013	7.921186636	499863.0545	0	0
neutron	939.56536	1.377611389	499863.0545	0	0
C14	13040.87134	0.5151611463	499863.0545	0	0
proton	938.272013	20.27140948	499868.0649	0	0
proton	938.272013	6.962101971	499868.0649	0	0
neutron	939.56536	1.399961537	499868.0649	0	0
neutron	939.56536	0.8279837176	499868.0649	0	0
neutron	939.56536	0.5316459387	499868.0649	0	0
Cl35	32564.60306	0.2995618877	499868.0649	0	0
N16	14906.01287	0.287848854	499866.168	0	0
neutron	939.56536	1.788214386	499862.8792	0	0
B11	10252.54787	0.04650911706	499862.8792	0	0
proton	938.272013	22.00036114	499867.5478	0	0
neutron	939.56536	18.77187545	499867.5478	0	0
neutron	939.56536	3.054530941	499867.5478	0	0
neutron	939.56536	2.13781415	499867.5478	0	0
Ar36	33494.36994	1.310128498	499867.5478	0	0
K40	37216.53309	0.1307331916	499868.3908	0	0
proton	938.272013	4.54011715	499862.6197	0	0
neutron	939.56536	2.59231143	499862.6197	0	0
Ar38	35352.87471	0.1415251112	499862.6197	0	0
neutron	939.56536	2.601560744	499864.462	0	0
N15	13968.93638	0.3458298192	499864.462	0	0
neutron	939.56536	3.17566927	499866.9631	0	0
N15	13968.93638	0.2143914905	499866.9631	0	0
proton	938.272013	2.062390609	499861.9955	0	0
neutron	939.56536	0.4007690764	499861.9955	0	0
Ne22	20479.73746	0.3786494317	499861.9955	0	0
Na24	22341.82218	0.2010070393	499858.7922	0	0
K40	37216.53309	0.1254393036	499862.6313	0	0
K40	37216.53309	0.1399721048	499873.129	0	0
proton	938.272013	6.73863343	499866.0724	0	0
neutron	939.56536	2.790931005	499866.0724	0	0
Ar38	35352.87471	0.6658327191	499866.0724	0	0
neutron	939.56536	1.608712638	499863.6558	0	0
alpha	3727.379	15.17237433	499863.6558	0	0
Cl35	32564.60306	1.552683365	499863.6558	0	0
neutron	939.56536	0.7353710304	499855.7619	0	0
N15	13968.93638	0.5638247598	499855.7619	0	0
proton	938.272013	4.208955359	499860.0128	0	0
neutron	939.56536	3.593822477	499860.0128	0	0
Ar38	35352.87471	0.1624412279	499860.0128	0	0
K40	37216.53309	0.1168985375	499867.5883	0	0
neutron	939.56536	1.692547913	499864.902	0	0
K39	36284.76737	0.1402813117	499864.902	0	0
neutron	939.56536	14.20722005	499855.9595	0	0
proton	938.272013	6.990009538	499855.9595	0	0
proton	938.272013	6.346903445	499855.9595	0	0
neutron	939.56536	2.147922466	499855.9595	0	0
Cl36	33495.58861	0.07643689942	499855.9595	0	0
proton	938.272013	8.572219907	499868.9607	0	0
neutron	939.56536	2.01488685	499868.9607	0	0
neutron	939.56536	1.795465954	499868.9607	0	0
He3	2808.391	8.206769047	499868.9607	0	0
S34	31632.70018	0.6232196002	499868.9607	0	0
neutron	939.56536	0.312375266	499860.6057	0	0
K39	36284.76737	0.07160316185	499860.6057	0	0
neutron	939.56536	0.3998115035	499856.2123	0	0
Na23	21409.21625	0.2054753889	499856.2123	0	0
neutron	939.56536	1.679892516	499862.3583	0	0
K43	40007.97528	0.02795326722	499862.3583	0	0
K40	37216.53309	0.1234695368	499860.4614	0	0
neutron	939.56536	0.06796571716	499861.9094	0	0
K39	36284.76737	0.1240121618	499861.9094	0	0
neutron	939.56536	1.872144143	499861.4127	0	0
deuteron	1875.613	2.12702286	499861.4127	0	0
alpha	3727.379	9.645402789	499861.4127	0	0
Be9	8392.751106	2.73204388	499861.4127	0	0
neutron	939.56536	3.609718476	499864.2586	0	0
triton	2808.921	8.158063453	499864.2586	0	0
C12	11174.86339	1.159013016	499864.2586	0	0
K40	37216.53309	0.1385160613	499872.8191	0	0
Na24	22341.82218	0.1948010348	499873.6688	0	0
neutron	939.56536	5.290013941	499865.8117	0	0
proton	938.272013	3.421678354	499865.8117	0	0
Ar38	35352.87471	0.6379063776	499865.8117	0	0
K40	37216.53309	0.1392994228	499864.2078	0	0
neutron	939.56536	0.3090891314	499866.1228	0	0
K39	36284.76737	0.07874008801	499866.1228	0	0
neutron	939.56536	1.031302416	499866.2528	0	0
K39	36284.76737	0.1819894938	499866.2528	0	0
proton	938.272013	30.52515128	499865.1305	0	0
neutron	939.56536	25.4255767	499865.1305	0	0
proton	938.272013	4.854308544	499865.1305	0	0
Cl37	34424.84314	3.398702607	499865.1305	0	0
neutron	939.56536	24.05979618	499866.9511	0	0
triton	2808.921	5.561280046	499866.9511	0	0
alpha	3727.379	5.40532378	499866.9511	0	0
Be8	7454.850296	8.888909531	499866.9511	0	0
proton	938.272013	27.51448904	499867.5068	0	0
neutron	939.56536	12.6719436	499867.5068	0	0
neutron	939.56536	6.986677548	499867.5068	0	0
neutron	939.56536	1.024920698	499867.5068	0	0
Ar36	33494.36994	1.575701175	499867.5068	0	0
neutron	939.56536	1.481116607	499866.3146	0	0
K39	36284.76737	0.03437854598	499866.3146	0	0
K44	40940.26321	0.1097792374	499861.5454	0	0
K40	37216.53309	0.1269832063	499858.2887	0	0
Na24	22341.82218	0.2151191032	499858.9216	0	0
K40	37216.53309	0.1257252656	499864.0514	0	0
proton	938.272013	4.984330722	499867.0954	0	0
neutron	939.56536	1.625303863	499867.0954	0	0
Ar38	35352.87471	0.6050570749	499867.0954	0	0
proton	938.272013	24.07414745	499862.4848	0	0
neutron	939.56536	5.744876852	499862.4848	0	0
neutron	939.56536	2.815784374	499862.4848	0	0
Ar37	34425.14786	0.884288785	499862.4848	0	0
K40	37216.53309	0.1227791838	499860.6728	0	0
neutron	939.56536	3.054659413	499870.5287	0	0
neutron	939.56536	1.790719664	499870.5287	0	0
N14	13040.20433	0.6528294297	499870.5287	0	0
neutron	939.56536	9.360124282	499866.7912	0	0
neutron	939.56536	1.331070389	499866.7912	0	0
N14	13040.20433	0.8817452371	499866.7912	0	0
K40	37216.53309	0.1403934385	499868.2899	0	0
K40	37216.53309	0.123328476	499859.6106	0	0
neutron	939.56536	3.188010818	499861.6085	0	0
K39	36284.76737	0.1151868683	499861.6085	0	0
neutron	939.56536	2.514909162	499871.9128	0	0
N15	13968.93638	0.698738944	499871.9128	0	0
proton	938.272013	5.422950476	499867.0866	0	0
neutron	939.56536	5.224042677	499867.0866	0	0
Ne22	20479.73746	0.4871222416	499867.0866	0	0
proton	938.272013	6.807887489	499866.7172	0	0
neutron	939.56536	4.210831068	499866.7172	0	0
Ar38	35352.87471	0.08970570521	499866.7172	0	0
K40	37216.53309	0.1237282782	499860.7577	0	0
neutron	939.56536	0.2504392738	499866.1874	0	0
K39	36284.76737	0.1619750298	499866.1874	0	0
neutron	939.56536	1.107267933	499863.7775	0	0
N15	13968.93638	0.2020579901	499863.7775	0	0
K40	37216.53309	0.133543831	499867.1311	0	0
neutron	939.56536	0.9232693365	499856.6324	0	0
K39	36284.76737	0.2028359314	499856.6324	0	0
neutron	939.56536	2.934013311	499860.2263	0	0
N15	13968.93638	0.2052817556	499860.2263	0	0
N16	14906.01287	0.2947564949	499866.0395	0	0
neutron	939.56536	1.343179395	499864.1619	0	0
K39	36284.76737	0.1905257349	499864.1619	0	0
proton	938.272013	6.145760657	499866.4057	0	0
neutron	939.56536	6.026890396	499866.4057	0	0
neutron	939.56536	4.961530066	499866.4057	0	0
neutron	939.56536	0.2321837611	499866.4057	0	0
alpha	3727.379	4.49673588	499866.4057	0	0
O16	14895.08153	1.261236989	499866.4057	0	0
proton	938.272013	14.76809056	499870.5711	0	0
neutron	939.56536	1.133693485	499870.5711	0	0
neutron	939.56536	0.388593161	499870.5711	0	0
Be9	8392.751106	1.698319939	499870.5711	0	0
neutron	939.56536	23.95790851	499863.2578	0	0
proton	938.272013	6.308225879	499863.2578	0	0
neutron	939.56536	5.777806268	499863.2578	0	0
neutron	939.56536	1.106003624	499863.2578	0	0
Ar36	33494.36994	1.665307989	499863.2578	0	0
Na24	22341.82218	0.212395856	499871.7678	0	0
K40	37216.53309	0.1187028701	499864.3246	0	0
neutron	939.56536	5.466862398	499867.4965	0	0
neutron	939.56536	2.961026861	499867.4965	0	0
neutron	939.56536	1.98200827	499867.4965	0	0
proton	938.272013	1.957513207	499867.4965	0	0
Be8	7454.850296	3.714288819	499867.4965	0	0
neutron	939.56536	0.06512114445	499866.7874	0	0
K39	36284.76737	0.1377283231	499866.7874	0	0
K40	37216.53309	0.1245113435	499860.8587	0	0
N16	14906.01287	0.2934171581	499866.6944	0	0
neutron	939.56536	0.09998577461	499863.2831	0	0
N15	13968.93638	0.3577620269	499863.2831	0	0
neutron	939.56536	0.7155811255	499861.2715	0	0
K39	36284.76737	0.2277453689	499861.2715	0	0
neutron	939.56536	25.64478681	499864.5362	0	0
proton	938.272013	12.41056308	499864.5362	0	0
neutron	939.56536	6.095151069	499864.5362	0	0
neutron	939.56536	3.205607835	499864.5362	0	0
Ar36	33494.36994	0.8946685015	499864.5362	0	0
neutron	939.56536	0.209267429	499870.2822	0	0
deuteron	1875.613	4.893080575	499870.2822	0	0
Ar41	38149.00411	0.2588065906	499870.2822	0	0
K40	37216.53309	0.1146986632	499869.8207	0	0
proton	938.272013	7.333104887	499863.6224	0	0
neutron	939.56536	4.61165789	499863.6224	0	0
proton	938.272013	3.599720769	499863.6224	0	0
neutron	939.56536	0.04911198397	499863.6224	0	0
Cl36	33495.58861	0.4227226068	499863.6224	0	0
K40	37216.53309	0.1159122537	499858.5638	0	0
Na24	22341.82218	0.216128686	499866.8317	0	0
neutron	939.56536	8.44296394	499863.6178	0	0
proton	938.272013	5.50255726	499863.6178	0	0
neutron	939.56536	5.502363817	499863.6178	0	0
C13	12109.48242	0.06079350002	499863.6178	0	0
O16	14895.08153	0.5522071359	499974.2437	85.95775081	85.34485994
neutron	939.56536	0.8902047834	499901.3915	0	0
K39	36284.76737	0.1340515004	499901.3915	0	0
neutron	939.56536	8.906569617	499861.7025	0	0
neutron	939.56536	4.393175434	499861.7025	0	0
proton	938.272013	3.45584859	499861.7025	0	0
deuteron	1875.613	13.117106	499861.7025	0	0
B11	10252.54787	1.695052035	499861.7025	0	0
Na24	22341.82218	0.213809347	499867.4114	0	0
neutron	939.56536	3.085843771	499871.0279	0	0
N15	13968.93638	0.1207615489	499871.0279	0	0
proton	938.272013	17.55100821	499864.9079	0	0
neutron	939.56536	6.459744774	499864.9079	0	0
neutron	939.56536	2.834383155	499864.9079	0	0
neutron	939.56536	1.717878362	499864.9079	0	0
Ne20	18617.73218	0.4945617216	499864.9079	0	0
neutron	939.56536	2.30591042	499862.3846	0	0
neutron	939.56536	1.066628124	499862.3846	0	0
K46	42803.61883	0.03669912209	499862.3846	0	0
K40	37216.53309	0.1428353421	499861.4244	0	0
K40	37216.53309	0.1303281517	499862.3998	0	0
proton	938.272013	3.020169936	499866.2983	0	0
Ar39	36285.84137	0.1559503281	499866.2983	0	0
K40	37216.53309	0.1301462834	499864.9733	0	0
neutron	939.56536	0.4425638305	499859.3502	0	0
Na23	21409.21625	0.1310832265	499859.3502	0	0
K40	37216.53309	0.1207214372	499871.7463	0	0
K40	37216.53309	0.1198884578	499865.2113	0	0
proton	938.272013	7.539571954	499863.1482	0	0
neutron	939.56536	4.273140557	499863.1482	0	0
neutron	939.56536	0.4985038168	499863.1482	0	0
Ar37	34425.14786	0.6435319185	499863.1482	0	0
K40	37216.53309	0.1399054286	499866.3382	0	0
neutron	939.56536	0.9520136573	499865.0115	0	0
N15	13968.93638	0.2244088587	499865.0115	0	0
Na24	22341.82218	0.206853249	499860.2781	0	0
K40	37216.53309	0.1338234951	499866.2403	0	0
neutron	939.56536	9.089853207	499872.3412	0	0
proton	938.272013	5.796825072	499872.3412	0	0
neutron	939.56536	4.923265881	499872.3412	0	0
neutron	939.56536	0.3652363838	499872.3412	0	0
Ar36	33494.36994	0.1759316516	499872.3412	0	0
neutron	939.56536	5.261717999	499854.0228	0	0
proton	938.272013	4.33932857	499854.0228	0	0
neutron	939.56536	2.562342554	499854.0228	0	0
neutron	939.56536	0.2861911504	499854.0228	0	0
alpha	3727.379	6.39873834	499854.0228	0	0
S32	29773.62828	2.318646069	499854.0228	0	0
K40	37216.53309	0.1383007402	499860.8414	0	0
proton	938.272013	8.218705061	499862.0723	0	0
neutron	939.56536	0.3707657102	499862.0723	0	0
C14	13040.87134	0.5178239699	499862.0723	0	0
proton	938.272013	6.51109889	499862.3232	0	0
proton	938.272013	5.638769106	499862.3232	0	0
proton	938.272013	3.732786972	499862.3232	0	0
neutron	939.56536	3.362892733	499862.3232	0	0
neutron	939.56536	1.974494567	499862.3232	0	0
neutron	939.56536	1.827392404	499862.3232	0	0
S34	31632.70018	0.4535377581	499862.3232	0	0
neutron	939.56536	0.999696539	499864.9441	0	0
K39	36284.76737	0.07129567675	499864.9441	0	0
neutron	939.56536	0.2129568371	499867.8846	0	0
K39	36284.76737	0.1725475219	499867.8846	0	0
neutron	939.56536	0.9034791444	499866.381	0	0
K39	36284.76737	0.1229596693	499866.381	0	0
neutron	939.56536	2.697759547	499861.7541	0	0
K39	36284.76737	0.1113351649	499861.7541	0	0
neutron	939.56536	15.10421445	499866.3836	0	0
proton	938.272013	7.42973476	499866.3836	0	0
proton	938.272013	6.287808965	499866.3836	0	0
proton	938.272013	2.532238696	499866.3836	0	0
S36	33494.9558	0.9199659314	499866.3836	0	0
neutron	939.56536	8.125970174	499866.9926	0	0
alpha	3727.379	14.67734668	499866.9926	0	0
Cl35	32564.60306	2.624275584	499866.9926	0	0
K40	37216.53309	0.1382685892	499862.711	0	0
neutron	939.56536	2.371403783	499859.2662	0	0
K39	36284.76737	0.3093937324	499859.2662	0	0
neutron	939.56536	9.394589921	499862.8634	0	0
deuteron	1875.613	9.078729534	499862.8634	0	0
alpha	3727.379	6.296333519	499862.8634	0	0
S33	30704.55199	1.830098197	499862.8634	0	0
neutron	939.56536	0.2763135996	499866.4063	0	0
K39	36284.76737	0.1698305464	499866.4063	0	0
proton	938.272013	4.78806648	499861.3662	0	0
neutron	939.56536	0.684979099	499861.3662	0	0
C14	13040.87134	0.2567016976	499861.3662	0	0
neutron	939.56536	0.3466332131	499872.4931	0	0
K39	36284.76737	0.1424910886	499872.4931	0	0
K40	37216.53309	0.1313257372	499867.0727	0	0
neutron	939.56536	17.00450534	499870.0396	0	0
neutron	939.56536	15.52809313	499870.0396	0	0
proton	938.272013	6.338800511	499870.0396	0	0
C13	12109.48242	2.562893805	499870.0396	0	0
neutron	939.56536	5.094764255	499863.5458	0	0
N15	13968.93638	0.4721480612	499863.5458	0	0
K40	37216.53309	0.1342425062	499865.2974	0	0
K40	37216.53309	0.1272908815	499862.1975	0	0
neutron	939.56536	0.135244283	499861.357	0	0
K39	36284.76737	0.1288620472	499861.357	0	0
Na24	22341.82218	0.2176278731	499869.9544	0	0
neutron	939.56536	18.42881121	499865.5494	0	0
triton	2808.921	8.277637716	499865.5494	0	0
alpha	3727.379	7.141688139	499865.5494	0	0
alpha	3727.379	6.362394605	499865.5494	0	0
alpha	3727.379	5.269911252	499865.5494	0	0
proton	938.272013	28.47580311	499871.0546	0	0
neutron	939.56536	5.500516416	499871.0546	0	0
neutron	939.56536	3.457924712	499871.0546	0	0
neutron	939.56536	1.684285632	499871.0546	0	0
C12	11174.86339	3.855842822	499871.0546	0	0
K40	37216.53309	0.1360631294	499865.6524	0	0
neutron	939.56536	3.91932533	499861.1533	0	0
neutron	939.56536	3.894570494	499861.1533	0	0
proton	938.272013	2.856318974	499861.1533	0	0
neutron	939.56536	2.321252006	499861.1533	0	0
alpha	3727.379	2.39486213	499861.1533	0	0
alpha	3727.379	2.914947022	499861.1533	0	0
proton	938.272013	3.154596589	499864.4146	0	0
neutron	939.56536	1.026640833	499864.4146	0	0
Ar38	35352.87471	0.3593804439	499864.4146	0	0
K40	37216.53309	0.1368567915	499862.391	0	0
K40	37216.53309	0.1270117903	499858.8762	0	0
neutron	939.56536	5.893607169	499859.4814	0	0
neutron	939.56536	5.246056441	499859.4814	0	0
deuteron	1875.613	3.539696368	499859.4814	0	0
alpha	3727.379	5.870475682	499859.4814	0	0
Be8	7454.850296	0.7511141924	499859.4814	0	0
proton	938.272013	3.466249294	499867.7299	0	0
neutron	939.56536	0.8425705854	499867.7299	0	0
Ar38	35352.87471	0.2380264981	499867.7299	0	0
K44	40940.26321	0.0992598561	499857.989	0	0
neutron	939.56536	5.759572183	499864.6954	0	0
neutron	939.56536	5.251010143	499864.6954	0	0
proton	938.272013	4.275204487	499864.6954	0	0
neutron	939.56536	2.572696671	499864.6954	0	0
Ar36	33494.36994	0.6638493621	499864.6954	0	0
K40	37216.53309	0.1186247425	499861.0573	0	0
neutron	939.56536	0.3701514897	499869.9856	0	0
K39	36284.76737	0.1777147852	499869.9856	0	0
Na24	22341.82218	0.1909409479	499861.3152	0	0
neutron	939.56536	30.49409149	499863.9774	0	0
proton	938.272013	6.125729231	499863.9774	0	0
proton	938.272013	3.411436022	499863.9774	0	0
neutron	939.56536	1.410118587	499863.9774	0	0
Cl36	33495.58861	1.476742898	499863.9774	0	0
neutron	939.56536	1.423519497	499868.6045	0	0
K39	36284.76737	0.05462112595	499868.6045	0	0
N16	14906.01287	0.2820617368	499856.8638	0	0
proton	938.272013	9.953350573	499866.6685	0	0
neutron	939.56536	4.133708001	499866.6685	0	0
Ne22	20479.73746	0.2598427641	499866.6685	0	0
N16	14906.01287	0.2776587873	499867.0756	0	0
proton	938.272013	13.27412848	499859.8018	0	0
neutron	939.56536	10.61450124	499859.8018	0	0
neutron	939.56536	4.057362276	499859.8018	0	0
neutron	939.56536	1.559504962	499859.8018	0	0
alpha	3727.379	1.720931458	499859.8018	0	0
alpha	3727.379	4.977072975	499859.8018	0	0
proton	938.272013	20.59058792	499863.5715	0	0
neutron	939.56536	8.978952959	499863.5715	0	0
neutron	939.56536	7.531301568	499863.5715	0	0
neutron	939.56536	0.3640226008	499863.5715	0	0
C12	11174.86339	4.055569161	499863.5715	0	0
neutron	939.56536	6.586487253	499860.8663	0	0
proton	938.272013	4.700393832	499860.8663	0	0
neutron	939.56536	4.341083008	499860.8663	0	0
Ar37	34425.14786	0.1021032391	499860.8663	0	0
neutron	939.56536	17.38447545	499862.6135	0	0
proton	938.272013	12.82264104	499862.6135	0	0
proton	938.272013	8.044186877	499862.6135	0	0
proton	938.272013	3.465835335	499862.6135	0	0
neutron	939.56536	2.560499035	499862.6135	0	0
neutron	939.56536	1.905039674	499862.6135	0	0
S34	31632.70018	0.2545095444	499862.6135	0	0
neutron	939.56536	0.6341249209	499864.1498	0	0
Na23	21409.21625	0.1952839652	499864.1498	0	0
K44	40940.26321	0.1060290091	499859.2057	0	0
proton	938.272013	9.335344909	499868.6327	0	0
neutron	939.56536	4.72705936	499868.6327	0	0
neutron	939.56536	0.1549717604	499868.6327	0	0
alpha	3727.379	9.482141712	499868.6327	0	0
S33	30704.55199	3.208429876	499868.6327	0	0
neutron	939.56536	13.10502022	499868.9369	0	0
proton	938.272013	8.597691074	499868.9369	0	0
neutron	939.56536	2.909090014	499868.9369	0	0
neutron	939.56536	2.014614883	499868.9369	0	0
alpha	3727.379	5.699551103	499868.9369	0	0
alpha	3727.379	3.412556627	499868.9369	0	0
neutron	939.56536	21.66508242	499865.4411	0	0
proton	938.272013	10.50626519	499865.4411	0	0
neutron	939.56536	4.966967151	499865.4411	0	0
neutron	939.56536	3.777856811	499865.4411	0	0
Ar36	33494.36994	0.8524494472	499865.4411	0	0
neutron	939.56536	2.288062527	499859.4447	0	0
N15	13968.93638	0.544038647	499859.4447	0	0
neutron	939.56536	44.5858722	499863.916	0	0
proton	938.272013	4.398023329	499863.916	0	0
neutron	939.56536	3.496157403	499863.916	0	0
Ne21	19550.53637	1.337363894	499863.916	0	0
proton	938.272013	7.373165642	499867.7673	0	0
proton	938.272013	5.324466411	499867.7673	0	0
neutron	939.56536	4.040743865	499867.7673	0	0
proton	938.272013	3.812757351	499867.7673	0	0
S36	33494.9558	0.09278507773	499867.7673	0	0
neutron	939.56536	1.953409023	499861.5748	0	0
K39	36284.76737	0.08420226952	499861.5748	0	0
K40	37216.53309	0.1406217077	499859.1514	0	0
neutron	939.56536	0.9388193668	499866.7366	0	0
N15	13968.93638	0.4700812996	499866.7366	0	0
O16	14895.08153	0.2373988041	499947.0809	73.31247971	72.83550604
Na24	22341.82218	0.1907367725	499871.0113	0	0
proton	938.272013	14.06559294	499869.1292	0	0
neutron	939.56536	2.754867114	499869.1292	0	0
Ar38	35352.87471	0.5996469949	499869.1292	0	0
K40	37216.53309	0.137006062	499861.846	0	0
neutron	939.56536	5.734205898	499861.5236	0	0
neutron	939.56536	3.670584201	499861.5236	0	0
B10	9324.436652	0.02008289267	499861.5236	0	0
K40	37216.53309	0.1326656321	499865.3052	0	0
neutron	939.56536	18.53102419	499860.2737	0	0
neutron	939.56536	4.44849013	499860.2737	0	0
proton	938.272013	2.977701281	499860.2737	0	0
neutron	939.56536	2.735416319	499860.2737	0	0
Ne20	18617.73218	0.8460266471	499860.2737	0	0
N16	14906.01287	0.2738866201	499860.7465	0	0
K40	37216.53309	0.1316658585	499862.245	0	0
proton	938.272013	6.207009563	499868.9448	0	0
neutron	939.56536	1.576412214	499868.9448	0	0
neutron	939.56536	0.2069718586	499868.9448	0	0
Ar37	34425.14786	0.2598537874	499868.9448	0	0
neutron	939.56536	5.387794903	499860.5408	0	0
neutron	939.56536	3.434583473	499860.5408	0	0
proton	938.272013	2.815189151	499860.5408	0	0
Ar37	34425.14786	0.8883337016	499860.5408	0	0
K40	37216.53309	0.139904845	499864.9783	0	0
K40	37216.53309	0.1277958215	499869.2917	0	0
K40	37216.53309	0.130757358	499863.5213	0	0
K40	37216.53309	0.1238654852	499864.4994	0	0
neutron	939.56536	0.2323255991	499860.8729	0	0
K39	36284.76737	0.1176248468	499860.8729	0	0
K40	37216.53309	0.1367940491	499855.2063	0	0
proton	938.272013	4.399755815	499862.3931	0	0
neutron	939.56536	4.073719633	499862.3931	0	0
neutron	939.56536	0.2282514647	499862.3931	0	0
alpha	3727.379	9.69437324	499862.3931	0	0
S33	30704.55199	1.369017465	499862.3931	0	0
neutron	939.56536	3.759551993	499870.6668	0	0
K39	36284.76737	0.2300736424	499870.6668	0	0
neutron	939.56536	3.355136203	499859.6119	0	0
neutron	939.56536	2.839872917	499859.6119	0	0
N14	13040.20433	0.1041231735	499859.6119	0	0
neutron	939.56536	19.58530174	499865.2749	0	0
proton	938.272013	5.758842557	499865.2749	0	0
proton	938.272013	4.505278635	499865.2749	0	0
neutron	939.56536	3.819739407	499865.2749	0	0
Cl36	33495.58861	0.1422804127	499865.2749	0	0
neutron	939.56536	0.6547762413	499864.2768	0	0
K39	36284.76737	0.1009157552	499864.2768	0	0
neutron	939.56536	12.33561552	499861.1773	0	0
proton	938.272013	7.655446529	499861.1773	0	0
neutron	939.56536	1.536003068	499861.1773	0	0
Ar37	34425.14786	0.2695282899	499861.1773	0	0
proton	938.272013	7.099813713	499862.5969	0	0
neutron	939.56536	6.376115716	499862.5969	0	0
neutron	939.56536	3.457718905	499862.5969	0	0
neutron	939.56536	3.111053682	499862.5969	0	0
alpha	3727.379	4.315862993	499862.5969	0	0
Be8	7454.850296	0.944860159	499862.5969	0	0
neutron	939.56536	23.71014754	499864.1273	0	0
proton	938.272013	4.193178658	499864.1273	0	0
alpha	3727.379	7.091433118	499864.1273	0	0
S34	31632.70018	0.9371306255	499864.1273	0	0
neutron	939.56536	4.416193842	499857.8416	0	0
proton	938.272013	3.253207696	499857.8416	0	0
Ar38	35352.87471	0.1064722752	499857.8416	0	0
neutron	939.56536	0.8394913601	499869.9923	0	0
K39	36284.76737	0.155521028	499869.9923	0	0
proton	938.272013	4.780110457	499861.5075	0	0
neutron	939.56536	2.635388781	499861.5075	0	0
Ar38	35352.87471	0.5564363224	499861.5075	0	0
proton	938.272013	10.82415382	499866.7904	0	0
proton	938.272013	5.274261357	499866.7904	0	0
neutron	939.56536	4.060297138	499866.7904	0	0
neutron	939.56536	1.688045926	499866.7904	0	0
Cl36	33495.58861	0.5047758482	499866.7904	0	0
neutron	939.56536	0.7186321202	499869.7225	0	0
K39	36284.76737	0.1227599553	499869.7225	0	0
neutron	939.56536	0.6530889969	499865.0807	0	0
K39	36284.76737	0.1187902191	499865.0807	0	0
Na24	22341.82218	0.1991771975	499864.3604	0	0
neutron	939.56536	0.2352307694	499863.1389	0	0
N15	13968.93638	0.2501813536	499863.1389	0	0
K40	37216.53309	0.1370734763	499861.1992	0	0
neutron	939.56536	8.149619605	499864.6546	0	0
neutron	939.56536	3.405116824	499864.6546	0	0
proton	938.272013	1.856503364	499864.6546	0	0
C13	12109.48242	0.3352207203	499864.6546	0	0
K40	37216.53309	0.1358329052	499866.862	0	0
proton	938.272013	3.635328574	499869.0744	0	0
neutron	939.56536	0.954632784	499869.0744	0	0
neutron	939.56536	0.6850672165	499869.0744	0	0
Ar37	34425.14786	0.05012520181	499869.0744	0	0
neutron	939.56536	0.3006004437	499860.4026	0	0
K39	36284.76737	0.1536854054	499860.4026	0	0
neutron	939.56536	4.428108665	499866.3094	0	0
proton	938.272013	4.055336517	499866.3094	0	0
Ar38	35352.87471	0.5459214406	499866.3094	0	0
neutron	939.56536	0.7466884248	499866.0766	0	0
K39	36284.76737	0.09104640015	499866.0766	0	0
proton	938.272013	3.349171021	499863.5754	0	0
neutron	939.56536	1.586882448	499863.5754	0	0
Ar38	35352.87471	0.2055257812	499863.5754	0	0
N16	14906.01287	0.283406415	499862.2444	0	0
proton	938.272013	26.41718451	499868.6059	0	0
neutron	939.56536	10.53891067	499868.6059	0	0
neutron	939.56536	2.661174279	499868.6059	0	0
neutron	939.56536	0.5850714551	499868.6059	0	0
Ar36	33494.36994	0.4607836745	499868.6059	0	0
proton	938.272013	5.805148285	499861.0442	0	0
neutron	939.56536	5.141956634	499861.0442	0	0
neutron	939.56536	0.3446179679	499861.0442	0	0
Ar37	34425.14786	0.5286699726	499861.0442	0	0
neutron	939.56536	8.503869973	499859.7995	0	0
proton	938.272013	5.760266229	499859.7995	0	0
neutron	939.56536	5.088041906	499859.7995	0	0
neutron	939.56536	3.199284122	499859.7995	0	0
Ne20	18617.73218	0.06442843191	499859.7995	0	0
K40	37216.53309	0.1316012971	499868.8484	0	0
K40	37216.53309	0.1296505441	499865.6041	0	0
neutron	939.56536	3.623164872	499867.2433	0	0
triton	2808.921	9.595559698	499867.2433	0	0
Be8	7454.850296	2.39706321	499867.2433	0	0
neutron	939.56536	3.352365532	499864.0492	0	0
neutron	939.56536	1.804489222	499864.0492	0	0
N14	13040.20433	0.3943841594	499864.0492	0	0
K40	37216.53309	0.1194114206	499865.8638	0	0
K40	37216.53309	0.1267237236	499860.1569	0	0
proton	938.272013	3.74609934	499866.9414	0	0
neutron	939.56536	2.667287681	499866.9414	0	0
deuteron	1875.613	8.255677138	499866.9414	0	0
Cl36	33495.58861	0.08181462899	499866.9414	0	0
neutron	939.56536	15.44478517	499865.7455	0	0
proton	938.272013	12.43973307	499865.7455	0	0
neutron	939.56536	2.553713911	499865.7455	0	0
neutron	939.56536	1.061436019	499865.7455	0	0
Ar36	33494.36994	1.0779058	499865.7455	0	0
neutron	939.56536	9.131378031	499858.0449	0	0
neutron	939.56536	2.231671672	499858.0449	0	0
deuteron	1875.613	5.203684367	499858.0449	0	0
Be8	7454.850296	2.535484753	499858.0449	0	0
K40	37216.53309	0.1156397991	499867.0151	0	0
proton	938.272013	15.8371639	499861.5459	0	0
neutron	939.56536	9.024152094	499861.5459	0	0
neutron	939.56536	4.942958451	499861.5459	0	0
neutron	939.56536	3.21237066	499861.5459	0	0
Ar40	37215.53769	0.3913855205	499861.5459	0	0
neutron	939.56536	11.40442132	499863.7915	0	0
proton	938.272013	8.582716344	499863.7915	0	0
neutron	939.56536	4.262126602	499863.7915	0	0
neutron	939.56536	2.465167236	499863.7915	0	0
Ar36	33494.36994	0.6310077176	499863.7915	0	0
proton	938.272013	5.495763881	499868.6507	0	0
proton	938.272013	3.331992695	499868.6507	0	0
neutron	939.56536	2.026326106	499868.6507	0	0
neutron	939.56536	0.3745178675	499868.6507	0	0
Cl36	33495.58861	0.4695086809	499868.6507	0	0
K40	37216.53309	0.1214613708	499861.9737	0	0
neutron	939.56536	6.319735455	499862.6189	0	0
proton	938.272013	3.280616989	499862.6189	0	0
alpha	3727.379	10.54237211	499862.6189	0	0
Be10	9325.504169	5.416365587	499862.6189	0	0
neutron	939.56536	0.8186411863	499866.2238	0	0
K39	36284.76737	0.1487937306	499866.2238	0	0
neutron	939.56536	36.05361135	499862.253	0	0
proton	938.272013	3.384633563	499862.253	0	0
alpha	3727.379	10.41667531	499862.253	0	0
O18	16762.02378	4.665082948	499862.253	0	0
neutron	939.56536	0.1396078777	499860.1076	0	0
K39	36284.76737	0.1267743324	499860.1076	0	0
proton	938.272013	9.220732545	499866.395	0	0
neutron	939.56536	3.152957962	499866.395	0	0
neutron	939.56536	2.047810786	499866.395	0	0
Ar37	34425.14786	0.5530402388	499866.395	0	0
neutron	939.56536	0.9502960968	499868.757	0	0
K39	36284.76737	0.05757152147	499868.757	0	0
K40	37216.53309	0.1397038943	499860.8013	0	0
K40	37216.53309	0.1343108892	499861.4044	0	0
neutron	939.56536	7.216290017	499864.1863	0	0
proton	938.272013	6.898969696	499864.1863	0	0
proton	938.272013	4.032367147	499864.1863	0	0
neutron	939.56536	3.040062955	499864.1863	0	0
neutron	939.56536	1.481093688	499864.1863	0	0
Cl35	32564.60306	0.07341201653	499864.1863	0	0
neutron	939.56536	1.149481633	499862.7242	0	0
Na23	21409.21625	0.2713956255	499862.7242	0	0
proton	938.272013	18.10553793	499863.9851	0	0
neutron	939.56536	1.198470868	499863.9851	0	0
neutron	939.56536	0.5171266764	499863.9851	0	0
Ar37	34425.14786	0.2655615562	499863.9851	0	0
K40	37216.53309	0.1339680474	499864.2978	0	0
proton	938.272013	8.132962303	499863.284	0	0
neutron	939.56536	6.417749878	499863.284	0	0
neutron	939.56536	1.04204352	499863.284	0	0
neutron	939.56536	0.3919632998	499863.284	0	0
Ar36	33494.36994	0.8111045096	499863.284	0	0
neutron	939.56536	6.838975508	499863.3884	0	0
deuteron	1875.613	7.140871511	499863.3884	0	0
Ar37	34425.14786	0.376344418	499863.3884	0	0
neutron	939.56536	2.441532508	499865.8198	0	0
K39	36284.76737	0.01629629399	499865.8198	0	0
proton	938.272013	3.812344372	499859.4406	0	0
Ar39	36285.84137	0.2880120014	499859.4406	0	0
Na24	22341.82218	0.1855297586	499867.5666	0	0
K40	37216.53309	0.1388528233	499867.7137	0	0
neutron	939.56536	10.15241999	499870.7592	0	0
neutron	939.56536	1.871087936	499870.7592	0	0
deuteron	1875.613	17.32709167	499870.7592	0	0
Ne20	18617.73218	1.370416557	499870.7592	0	0
K40	37216.53309	0.1327871941	499864.8796	0	0
Na24	22341.82218	0.2204876001	499865.7558	0	0
neutron	939.56536	14.65405756	499863.2035	0	0
proton	938.272013	14.08101045	499863.2035	0	0
neutron	939.56536	8.13374649	499863.2035	0	0
neutron	939.56536	7.392623296	499863.2035	0	0
C12	11174.86339	2.373029372	499863.2035	0	0
Ca40	37214.71335	0.1361743441	499941.5158	70.32559239	70.16924628
K40	37216.53309	0.1260308249	499864.8042	0	0
K40	37216.53309	0.1270624682	499859.6861	0	0
neutron	939.56536	7.790070759	499865.6886	0	0
neutron	939.56536	2.229989964	499865.6886	0	0
deuteron	1875.613	10.67594123	499865.6886	0	0
C12	11174.86339	0.1321843269	499865.6886	0	0
neutron	939.56536	0.9316167479	499864.7404	0	0
K39	36284.76737	0.1200755926	499864.7404	0	0
neutron	939.56536	1.365579481	499868.584	0	0
N15	13968.93638	0.1501144814	499868.584	0	0
neutron	939.56536	3.605741576	499864.361	0	0
N15	13968.93638	0.2733988305	499864.361	0	0
proton	938.272013	28.77346486	499863.9656	0	0
neutron	939.56536	3.038697405	499863.9656	0	0
neutron	939.56536	0.2697835451	499863.9656	0	0
Ar37	34425.14786	1.285165333	499863.9656	0	0
K40	37216.53309	0.1365897821	499861.1403	0	0
neutron	939.56536	1.984662916	499855.7945	0	0
K39	36284.76737	0.2324608891	499855.7945	0	0
neutron	939.56536	12.9867065	499860.2464	0	0
neutron	939.56536	10.94047239	499860.2464	0	0
proton	938.272013	6.441360703	499860.2464	0	0
neutron	939.56536	1.581258314	499860.2464	0	0
alpha	3727.379	4.795064264	499860.2464	0	0
Be8	7454.850296	6.254711474	499860.2464	0	0
proton	938.272013	18.67242217	499860.9038	0	0
neutron	939.56536	4.592347858	499860.9038	0	0
neutron	939.56536	3.421171342	499860.9038	0	0
neutron	939.56536	2.203224234	499860.9038	0	0
alpha	3727.379	4.073112155	499860.9038	0	0
O16	14895.08153	1.970573927	499860.9038	0	0
O16	14895.08153	0.3749440272	499958.8842	79.97239329	79.49284432
K40	37216.53309	0.134002047	499888.2347	0	0
neutron	939.56536	1.0892228	499867.4407	0	0
neutron	939.56536	0.9142748796	499867.4407	0	0
triton	2808.921	5.042525452	499867.4407	0	0
Ne20	18617.73218	0.8871922484	499867.4407	0	0
neutron	939.56536	33.08581226	499869.857	0	0
neutron	939.56536	21.20099636	499869.857	0	0
neutron	939.56536	4.306142624	499869.857	0	0
N13	12111.19236	0.6004159508	499869.857	0	0
K40	37216.53309	0.1193099339	499868.6559	0	0
neutron	939.56536	0.7126932021	499869.0116	0	0
K39	36284.76737	0.1541845443	499869.0116	0	0
neutron	939.56536	12.1014635	499864.6353	0	0
neutron	939.56536	5.307956526	499864.6353	0	0
proton	938.272013	4.849910187	499864.6353	0	0
C13	12109.48242	2.402818145	499864.6353	0	0
neutron	939.56536	15.43842663	499868.3768	0	0
proton	938.272013	9.366172405	499868.3768	0	0
neutron	939.56536	0.3368640156	499868.3768	0	0
Ar37	34425.14786	0.5309790014	499868.3768	0	0
proton	938.272013	7.002377997	499862.7917	0	0
neutron	939.56536	4.662264107	499862.7917	0	0
neutron	939.56536	3.623911055	499862.7917	0	0
neutron	939.56536	0.5264029	499862.7917	0	0
Ne22	20479.73746	0.184580559	499862.7917	0	0
neutron	939.56536	1.679678483	499862.3461	0	0
N15	13968.93638	0.1221555145	499862.3461	0	0
neutron	939.56536	19.76496807	499864.698	0	0
neutron	939.56536	17.94955608	499864.698	0	0
proton	938.272013	4.480310133	499864.698	0	0
C13	12109.48242	2.267344111	499864.698	0	0
neutron	939.56536	0.1694221809	499861.01	0	0
K39	36284.76737	0.1591980868	499861.01	0	0
neutron	939.56536	34.43275946	499860.8636	0	0
proton	938.272013	7.582895334	499860.8636	0	0
proton	938.272013	5.384404156	499860.8636	0	0
proton	938.272013	4.366478704	499860.8636	0	0
neutron	939.56536	0.9574545233	499860.8636	0	0
S35	32565.27968	1.48030608	499860.8636	0	0
N16	14906.01287	0.2886697873	499864.5563	0	0
neutron	939.56536	25.34853735	499858.8059	0	0
neutron	939.56536	2.455640977	499858.8059	0	0
proton	938.272013	1.049018456	499858.8059	0	0
C13	12109.48242	3.790601866	499858.8059	0	0
K40	37216.53309	0.1433124287	499860.7472	0	0
neutron	939.56536	0.3401019414	499861.049	0	0
K39	36284.76737	0.1544748191	499861.049	0	0
neutron	939.56536	2.259874441	499860.783	0	0
neutron	939.56536	1.595402854	499860.783	0	0
proton	938.272013	1.123330989	499860.783	0	0
C13	12109.48242	0.5525416845	499860.783	0	0
K40	37216.53309	0.1239038331	499866.3955	0	0
neutron	939.56536	0.1468526107	499861.0902	0	0
K39	36284.76737	0.1034453803	499861.0902	0	0
K40	37216.53309	0.1392107681	499863.9123	0	0
K40	37216.53309	0.1178106702	499869.4273	0	0
proton	938.272013	38.39498056	499867.2125	0	0
neutron	939.56536	11.28598734	499867.2125	0	0
neutron	939.56536	3.234613245	499867.2125	0	0
neutron	939.56536	1.900688526	499867.2125	0	0
Ne20	18617.73218	2.119743495	499867.2125	0	0
neutron	939.56536	2.006648264	499865.0276	0	0
N15	13968.93638	0.1136244032	499865.0276	0	0
neutron	939.56536	0.4317206372	499863.3731	0	0
K39	36284.76737	0.1279816282	499863.3731	0	0
Ca40	37214.71335	0.1159711265	499887.751	35.46121193	35.3122778
K40	37216.53309	0.1246530335	499876.4173	0	0
proton	938.272013	25.29825522	499869.6603	0	0
neutron	939.56536	5.089934751	499869.6603	0	0
proton	938.272013	3.074831934	499869.6603	0	0
proton	938.272013	2.625645704	499869.6603	0	0
S36	33494.9558	1.128987919	499869.6603	0	0
proton	938.272013	39.9935919	499864.9636	0	0
neutron	939.56536	14.60674316	499864.9636	0	0
Ne23	21414.10216	1.960562519	499864.9636	0	0
proton	938.272013	3.838174236	499865.2283	0	0
neutron	939.56536	2.931009714	499865.2283	0	0
neutron	939.56536	1.319367978	499865.2283	0	0
deuteron	1875.613	6.05027759	499865.2283	0	0
Cl35	32564.60306	0.399911395	499865.2283	0	0
neutron	939.56536	0.03613788582	499863.3296	0	0
Na25	23272.37635	0.1579313773	499863.3296	0	0
neutron	939.56536	0.483713159	499862.3818	0	0
K39	36284.76737	0.1267177372	499862.3818	0	0
K40	37216.53309	0.1366904388	499866.585	0	0
neutron	939.56536	0.7205621717	499858.4034	0	0
K39	36284.76737	0.06123116493	499858.4034	0	0
proton	938.272013	10.06460975	499861.8677	0	0
neutron	939.56536	5.250748973	499861.8677	0	0
neutron	939.56536	0.5431573055	499861.8677	0	0
Ar37	34425.14786	0.2219129137	499861.8677	0	0
neutron	939.56536	17.74315765	499859.4691	0	0
triton	2808.921	15.68817487	499859.4691	0	0
Be8	7454.850296	4.591159117	499859.4691	0	0
neutron	939.56536	8.382407089	499856.9055	0	0
K39	36284.76737	0.05099609596	499856.9055	0	0
proton	938.272013	3.08904839	499863.8794	0	0
neutron	939.56536	2.460098359	499863.8794	0	0
neutron	939.56536	0.696181773	499863.8794	0	0
alpha	3727.379	8.102964464	499863.8794	0	0
S33	30704.55199	0.9888861936	499863.8794	0	0
neutron	939.56536	4.610625776	499867.5239	0	0
neutron	939.56536	3.489460172	499867.5239	0	0
N14	13040.20433	0.2167835306	499867.5239	0	0
K40	37216.53309	0.1230942879	499865.2172	0	0
K40	37216.53309	0.1173840702	499860.8907	0	0
neutron	939.56536	1.204678138	499861.7779	0	0
K39	36284.76737	0.1904893539	499861.7779	0	0
neutron	939.56536	1.738676914	499866.3415	0	0
N15	13968.93638	0.1320854789	499866.3415	0	0
neutron	939.56536	0.2522173373	499863.3255	0	0
K39	36284.76737	0.1260578707	499863.3255	0	0
proton	938.272013	15.73194305	499869.2879	0	0
neutron	939.56536	5.141063746	499869.2879	0	0
neutron	939.56536	0.5877012424	499869.2879	0	0
alpha	3727.379	13.99388237	499869.2879	0	0
S33	30704.55199	1.4334257	499869.2879	0	0
K40	37216.53309	0.1334593617	499864.7941	0	0
neutron	939.56536	27.77222434	499867.2617	0	0
neutron	939.56536	5.23104768	499867.2617	0	0
neutron	939.56536	2.0004329	499867.2617	0	0
B9	8393.308422	3.485827085	499867.2617	0	0
neutron	939.56536	33.92725248	499864.9043	0	0
triton	2808.921	10.02451728	499864.9043	0	0
C12	11174.86339	0.4621232006	499864.9043	0	0
K40	37216.53309	0.1282695249	499872.6368	0	0
neutron	939.56536	2.720196447	499879.3157	0	0
Na23	21409.21625	0.3030631682	499879.3157	0	0
neutron	939.56536	1.539154497	499860.6185	0	0
K43	40007.97528	0.05177061819	499860.6185	0	0
neutron	939.56536	2.228251571	499870.645	0	0
N15	13968.93638	0.4488903411	499870.645	0	0
proton	938.272013	25.56181988	499862.8936	0	0
neutron	939.56536	18.44394668	499862.8936	0	0
neutron	939.56536	4.171810569	499862.8936	0	0
Ar37	34425.14786	0.5029229037	499862.8936	0	0
Ca40	37214.71335	0.08255469837	499943.3439	71.38000914	71.12307099
K40	37216.53309	0.1320554371	499866.62	0	0
K40	37216.53309	0.1107828489	499861.3554	0	0
neutron	939.56536	0.1234213033	499859.1177	0	0
K39	36284.76737	0.1230809415	499859.1177	0	0
neutron	939.56536	0.4689203093	499861.8565	0	0
K39	36284.76737	0.162158443	499861.8565	0	0
K40	37216.53309	0.1323138229	499867.3514	0	0
proton	938.272013	3.948463201	499859.4495	0	0
neutron	939.56536	1.653933745	499859.4495	0	0
Ar38	35352.87471	0.2149201269	499859.4495	0	0
proton	938.272013	5.486963513	499870.3837	0	0
neutron	939.56536	2.202303575	499870.3837	0	0
neutron	939.56536	0.7764794022	499870.3837	0	0
alpha	3727.379	5.528404097	499870.3837	0	0
S33	30704.55199	1.910618471	499870.3837	0	0
proton	938.272013	7.198863446	499865.971	0	0
neutron	939.56536	1.357974418	499865.971	0	0
Ar38	35352.87471	0.1499602073	499865.971	0	0
proton	938.272013	3.671794381	499862.1983	0	0
neutron	939.56536	1.693230784	499862.1983	0	0
Ar38	35352.87471	0.3118749148	499862.1983	0	0
neutron	939.56536	3.760969506	499865.1841	0	0
K39	36284.76737	0.1097237529	499865.1841	0	0
K40	37216.53309	0.1346591664	499867.1281	0	0
neutron	939.56536	1.646497552	499868.3903	0	0
K39	36284.76737	0.2087248054	499868.3903	0	0
neutron	939.56536	5.091937731	499861.2719	0	0
N15	13968.93638	0.1991268801	499861.2719	0	0
neutron	939.56536	19.36169001	499877.6798	0	0
neutron	939.56536	8.702692681	499877.6798	0	0
proton	938.272013	7.706408054	499877.6798	0	0
neutron	939.56536	2.01476322	499877.6798	0	0
Ar36	33494.36994	0.2730867544	499877.6798	0	0
proton	938.272013	8.822143256	499864.4409	0	0
neutron	939.56536	4.587948907	499864.4409	0	0
alpha	3727.379	7.584275682	499864.4409	0	0
S34	31632.70018	2.195373758	499864.4409	0	0
neutron	939.56536	16.79458373	499864.057	0	0
proton	938.272013	4.631980324	499864.057	0	0
proton	938.272013	2.925418155	499864.057	0	0
Cl37	34424.84314	0.3674316442	499864.057	0	0
neutron	939.56536	7.786767158	499859.325	0	0
neutron	939.56536	5.326573559	499859.325	0	0
proton	938.272013	4.114380233	499859.325	0	0
C13	12109.48242	1.547784025	499859.325	0	0
proton	938.272013	10.50018148	499859.1158	0	0
neutron	939.56536	8.76848391	499859.1158	0	0
neutron	939.56536	2.115767932	499859.1158	0	0
alpha	3727.379	10.01220795	499859.1158	0	0
S33	30704.55199	1.681613866	499859.1158	0	0
proton	938.272013	11.17193137	499861.8325	0	0
neutron	939.56536	7.324642447	499861.8325	0	0
neutron	939.56536	5.560073897	499861.8325	0	0
neutron	939.56536	0.2594776413	499861.8325	0	0
Be8	7454.850296	0.4921641524	499861.8325	0	0
neutron	939.56536	1.430565619	499861.0757	0	0
K39	36284.76737	0.2718971416	499861.0757	0	0
neutron	939.56536	1.025529876	499860.2122	0	0
K39	36284.76737	0.06530569979	499860.2122	0	0
proton	938.272013	5.681815642	499864.9245	0	0
neutron	939.56536	0.5355313726	499864.9245	0	0
neutron	939.56536	0.1489065979	499864.9245	0	0
Ar37	34425.14786	0.224462249	499864.9245	0	0
K40	37216.53309	0.1309518131	499863.1743	0	0
K40	37216.53309	0.1288984327	499861.171	0	0
neutron	939.56536	7.129862928	499864.3453	0	0
proton	938.272013	5.043383152	499864.3453	0	0
neutron	939.56536	1.82222921	499864.3453	0	0
neutron	939.56536	1.103853661	499864.3453	0	0
Ne20	18617.73218	1.828620325	499864.3453	0	0
neutron	939.56536	4.750680695	499863.0943	0	0
proton	938.272013	2.95243453	499863.0943	0	0
Ar38	35352.87471	0.5492678687	499863.0943	0	0
neutron	939.56536	1.211043353	499860.5512	0	0
K39	36284.76737	0.1827485325	499860.5512	0	0
neutron	939.56536	0.7172891823	499859.9253	0	0
K39	36284.76737	0.06580666658	499859.9253	0	0
neutron	939.56536	11.19368918	499861.7572	0	0
proton	938.272013	9.356005271	499861.7572	0	0
neutron	939.56536	4.755799254	499861.7572	0	0
neutron	939.56536	3.242824334	499861.7572	0	0
Ne20	18617.73218	0.767507177	499861.7572	0	0
neutron	939.56536	8.137588383	499866.1803	0	0
neutron	939.56536	2.730535695	499866.1803	0	0
alpha	3727.379	7.151347295	499866.1803	0	0
B10	9324.436652	3.204258124	499866.1803	0	0
neutron	939.56536	1.808339261	499865.7272	0	0
alpha	3727.379	3.398448787	499865.7272	0	0
B11	10252.54787	2.281235128	499865.7272	0	0
K44	40940.26321	0.1174797759	499864.0194	0	0
K40	37216.53309	0.1389289197	499863.7877	0	0
neutron	939.56536	18.38815587	499859.9795	0	0
proton	938.272013	5.161160792	499859.9795	0	0
neutron	939.56536	0.8793931529	499859.9795	0	0
Ne21	19550.53637	2.146105228	499859.9795	0	0
proton	938.272013	5.574714367	499862.8831	0	0
neutron	939.56536	3.44452513	499862.8831	0	0
neutron	939.56536	1.769802009	499862.8831	0	0
neutron	939.56536	0.9304221791	499862.8831	0	0
Ar36	33494.36994	0.401585079	499862.8831	0	0
neutron	939.56536	0.1065230063	499867.6978	0	0
K39	36284.76737	0.1352650052	499867.6978	0	0
proton	938.272013	6.168558728	499861.5346	0	0
neutron	939.56536	1.085887714	499861.5346	0	0
neutron	939.56536	0.2526202027	499861.5346	0	0
Ar37	34425.14786	0.223812317	499861.5346	0	0
K40	37216.53309	0.1330339627	499860.9111	0	0
C12	11174.86339	0.8752472469	499904.5265	45.54414859	44.34707445
neutron	939.56536	7.01734129	499871.448	0	0
proton	938.272013	4.97843049	499871.448	0	0
proton	938.272013	2.967462219	499871.448	0	0
Cl37	34424.84314	0.04610091543	499871.448	0	0
N16	14906.01287	0.2935772923	499869.0011	0	0
Na24	22341.82218	0.1986730049	499861.8143	0	0
neutron	939.56536	7.339617889	499865.4374	0	0
proton	938.272013	4.993810683	499865.4374	0	0
neutron	939.56536	3.809278339	499865.4374	0	0
proton	938.272013	3.348177727	499865.4374	0	0
neutron	939.56536	2.049744465	499865.4374	0	0
Cl35	32564.60306	0.1790936959	499865.4374	0	0
neutron	939.56536	0.338042068	499863.4134	0	0
K39	36284.76737	0.07511417012	499863.4134	0	0
K40	37216.53309	0.1400578836	499857.7152	0	0
Na25	23272.37635	0.2161636024	499869.8528	0	0
K40	37216.53309	0.135815117	499872.5126	0	0
neutron	939.56536	26.89252785	499868.0589	0	0
proton	938.272013	3.767657531	499868.0589	0	0
proton	938.272013	2.635019112	499868.0589	0	0
F21	19556.73074	0.9741022649	499868.0589	0	0
neutron	939.56536	8.10320884	499862.8465	0	0
N15	13968.93638	0.4604177976	499862.8465	0	0
K40	37216.53309	0.1392320633	499864.4173	0	0
proton	938.272013	29.28973136	499868.9386	0	0
neutron	939.56536	2.478044901	499868.9386	0	0
neutron	939.56536	0.5958488419	499868.9386	0	0
Ar37	34425.14786	1.642088625	499868.9386	0	0
K40	37216.53309	0.132907849	499859.089	0	0
neutron	939.56536	16.70327803	499873.4343	0	0
proton	938.272013	8.599890035	499873.4343	0	0
neutron	939.56536	7.784642546	499873.4343	0	0
neutron	939.56536	4.827714344	499873.4343	0	0
alpha	3727.379	2.732244416	499873.4343	0	0
O16	14895.08153	6.658591083	499873.4343	0	0
K40	37216.53309	0.1325642736	499864.9329	0	0
neutron	939.56536	1.167763415	499874.4855	0	0
K39	36284.76737	0.2257113857	499874.4855	0	0
proton	938.272013	2.874955699	499862.8511	0	0
neutron	939.56536	1.125155508	499862.8511	0	0
neutron	939.56536	0.9442530201	499862.8511	0	0
C13	12109.48242	0.1639659947	499862.8511	0	0
neutron	939.56536	0.8575861727	499867.6582	0	0
K39	36284.76737	0.1327277526	499867.6582	0	0
neutron	939.56536	31.83329361	499860.2089	0	0
neutron	939.56536	10.11100421	499860.2089	0	0
proton	938.272013	2.046001492	499860.2089	0	0
Ne21	19550.53637	0.9424365652	499860.2089	0	0
neutron	939.56536	1.875574741	499869.394	0	0
alpha	3727.379	4.092010871	499869.394	0	0
triton	2808.921	1.695627757	499869.394	0	0
alpha	3727.379	3.932157888	499869.394	0	0
neutron	939.56536	3.328066168	499858.302	0	0
K39	36284.76737	0.2306114648	499858.302	0	0
neutron	939.56536	2.823333698	499860.5329	0	0
neutron	939.56536	2.352963791	499860.5329	0	0
N14	13040.20433	0.6083171635	499860.5329	0	0
Na24	22341.82218	0.2140842052	499861.8024	0	0
N16	14906.01287	0.2971975272	499869.3469	0	0
N16	14906.01287	0.2899344538	499862.8817	0	0
proton	938.272013	23.90471416	499866.9223	0	0
neutron	939.56536	6.963608808	499866.9223	0	0
neutron	939.56536	3.773633167	499866.9223	0	0
neutron	939.56536	1.403233993	499866.9223	0	0
alpha	3727.379	8.676726795	499866.9223	0	0
alpha	3727.379	0.3399351469	499866.9223	0	0
C12	11174.86339	0.4474373403	499868.2685	14.90713757	14.40559952
neutron	939.56536	14.20065122	499868.3495	0	0
neutron	939.56536	3.76281295	499868.3495	0	0
neutron	939.56536	2.493110308	499868.3495	0	0
proton	938.272013	2.283537644	499868.3495	0	0
C12	11174.86339	0.5067722138	499868.3495	0	0
proton	938.272013	16.25473964	499865.3593	0	0
neutron	939.56536	4.064965168	499865.3593	0	0
neutron	939.56536	2.345258516	499865.3593	0	0
Ar37	34425.14786	0.2905173619	499865.3593	0	0
proton	938.272013	4.101150897	499866.0793	0	0
neutron	939.56536	4.079653874	499866.0793	0	0
neutron	939.56536	3.772692512	499866.0793	0	0
neutron	939.56536	1.100376777	499866.0793	0	0
Ar36	33494.36994	0.4465155663	499866.0793	0	0
neutron	939.56536	0.5836169662	499862.5359	0	0
K39	36284.76737	0.1995849708	499862.5359	0	0
neutron	939.56536	9.045999453	499867.6704	0	0
proton	938.272013	5.717846747	499867.6704	0	0
neutron	939.56536	2.01590145	499867.6704	0	0
neutron	939.56536	0.7875645898	499867.6704	0	0
Ar36	33494.36994	0.5588303333	499867.6704	0	0
B12	11188.74343	0.3544658113	499871.0471	0	0
neutron	939.56536	1.106291222	499866.7558	0	0
K39	36284.76737	0.117481546	499866.7558	0	0
neutron	939.56536	33.99879736	499866.1819	0	0
neutron	939.56536	12.92000322	499866.1819	0	0
neutron	939.56536	2.533127227	499866.1819	0	0
N13	12111.19236	1.446131173	499866.1819	0	0
K40	37216.53309	0.1351430047	499867.0693	0	0
neutron	939.56536	1.754527137	499861.3105	0	0
Na23	21409.21625	0.126438419	499861.3105	0	0
Na24	22341.82218	0.1818739429	499863.7912	0	0
K40	37216.53309	0.1407463173	499867.7557	0	0
neutron	939.56536	0.06006362433	499860.4142	0	0
K39	36284.76737	0.136305584	499860.4142	0	0
neutron	939.56536	0.2666233952	499862.4258	0	0
K39	36284.76737	0.1315063491	499862.4258	0	0
proton	938.272013	3.582191769	499859.4474	0	0
Ar39	36285.84137	0.2120616863	499859.4474	0	0
neutron	939.56536	0.9871823398	499862.1321	0	0
K39	36284.76737	0.09192080501	499862.1321	0	0
proton	938.272013	9.547175125	499860.9649	0	0
neutron	939.56536	4.030164538	499860.9649	0	0
neutron	939.56536	0.7304746301	499860.9649	0	0
Ar37	34425.14786	0.3369686844	499860.9649	0	0
K40	37216.53309	0.1416013166	499860.7	0	0
K40	37216.53309	0.1246434479	499869.9262	0	0
neutron	939.56536	0.2023213797	499864.6782	0	0
N15	13968.93638	0.2536425896	499864.6782	0	0
neutron	939.56536	0.2175447939	499859.7258	0	0
Na23	21409.21625	0.2695593778	499859.7258	0	0
neutron	939.56536	5.854262742	499860.4897	0	0
proton	938.272013	1.626502268	499860.4897	0	0
neutron	939.56536	1.425037316	499860.4897	0	0
neutron	939.56536	0.2176239985	499860.4897	0	0
C12	11174.86339	0.04149447991	499860.4897	0	0
K40	37216.53309	0.1266268491	499861.7652	0	0
neutron	939.56536	1.786167728	499861.5326	0	0
K39	36284.76737	0.2666340748	499861.5326	0	0
K40	37216.53309	0.1282650263	499858.5446	0	0
neutron	939.56536	21.30899129	499861.5932	0	0
proton	938.272013	17.72410911	499861.5932	0	0
neutron	939.56536	0.7545123252	499861.5932	0	0
Ar37	34425.14786	1.142606584	499861.5932	0	0
proton	938.272013	9.653462797	499870.3297	0	0
neutron	939.56536	4.823137727	499870.3297	0	0
neutron	939.56536	3.751270189	499870.3297	0	0
neutron	939.56536	3.414276468	499870.3297	0	0
alpha	3727.379	4.455454457	499870.3297	0	0
O16	14895.08153	0.9878415099	499870.3297	0	0
neutron	939.56536	2.498897736	499862.0833	0	0
K39	36284.76737	0.1877739289	499862.0833	0	0
neutron	939.56536	6.997829059	499862.7161	0	0
proton	938.272013	2.207868021	499862.7161	0	0
C14	13040.87134	0.09091519691	499862.7161	0	0
K40	37216.53309	0.1442237137	499866.1994	0	0
K40	37216.53309	0.1241391645	499864.6371	0	0
neutron	939.56536	1.774545291	499859.874	0	0
K39	36284.76737	0.167766705	499859.874	0	0
K40	37216.53309	0.1352629201	499871.1918	0	0
K40	37216.53309	0.1366123732	499870.3395	0	0
neutron	939.56536	0.135182502	499867.3684	0	0
K39	36284.76737	0.1669429708	499867.3684	0	0
neutron	939.56536	8.837687396	499860.437	0	0
proton	938.272013	4.210203995	499860.437	0	0
alpha	3727.379	16.80870744	499860.437	0	0
S34	31632.70018	2.643979494	499860.437	0	0
O16	14895.08153	0.2820204657	499936.3936	63.96172337	63.54514261
neutron	939.56536	0.6583093208	499866.2764	0	0
K39	36284.76737	0.1190375018	499866.2764	0	0
neutron	939.56536	34.1189911	499867.3303	0	0
proton	938.272013	10.70218352	499867.3303	0	0
neutron	939.56536	3.978756273	499867.3303	0	0
neutron	939.56536	1.678725474	499867.3303	0	0
Ar36	33494.36994	1.397627622	499867.3303	0	0
proton	938.272013	3.617622471	499863.6591	0	0
Ar39	36285.84137	0.06965084574	499863.6591	0	0
neutron	939.56536	0.8643532288	499865.1026	0	0
K39	36284.76737	0.2301003561	499865.1026	0	0
neutron	939.56536	14.24770863	499864.6887	0	0
proton	938.272013	4.946254855	499864.6887	0	0
neutron	939.56536	3.102565491	499864.6887	0	0
Ar37	34425.14786	0.1166694325	499864.6887	0	0
neutron	939.56536	8.910415484	499863.9818	0	0
proton	938.272013	7.322377238	499863.9818	0	0
neutron	939.56536	0.6277945521	499863.9818	0	0
Ar37	34425.14786	0.6132040161	499863.9818	0	0
K40	37216.53309	0.1405146689	499869.223	0	0
neutron	939.56536	0.1068038	499866.3141	0	0
B11	10252.54787	0.4203544522	499866.3141	0	0
neutron	939.56536	1.103930913	499867.6854	0	0
K39	36284.76737	0.1623386203	499867.6854	0	0
K40	37216.53309	0.1308037753	499864.2609	0	0
neutron	939.56536	0.5572378656	499867.8569	0	0
K39	36284.76737	0.1081425502	499867.8569	0	0
neutron	939.56536	0.3031105896	499866.3609	0	0
K39	36284.76737	0.1101082494	499866.3609	0	0
neutron	939.56536	1.377870686	499864.2657	0	0
K39	36284.76737	0.02234995127	499864.2657	0	0
proton	938.272013	28.25327624	499865.197	0	0
neutron	939.56536	1.306891691	499865.197	0	0
Ar38	35352.87471	0.7113163946	499865.197	0	0
neutron	939.56536	10.89333675	499860.7791	0	0
proton	938.272013	8.974074986	499860.7791	0	0
proton	938.272013	7.71813561	499860.7791	0	0
proton	938.272013	2.530708798	499860.7791	0	0
neutron	939.56536	2.237982005	499860.7791	0	0
neutron	939.56536	0.5367440978	499860.7791	0	0
S34	31632.70018	2.197669628	499860.7791	0	0
neutron	939.56536	6.34479177	499864.7434	0	0
proton	938.272013	2.619854525	499864.7434	0	0
Ar38	35352.87471	0.8099321635	499864.7434	0	0
B12	11188.74343	0.3608362897	499864.6547	0	0
neutron	939.56536	9.776794054	499865.1755	0	0
proton	938.272013	5.15274355	499865.1755	0	0
Ar38	35352.87471	0.05812924156	499865.1755	0	0
neutron	939.56536	12.16140018	499872.2638	0	0
neutron	939.56536	0.2516329277	499872.2638	0	0
N14	13040.20433	1.202390075	499872.2638	0	0
K40	37216.53309	0.1286902269	499870.3055	0	0
neutron	939.56536	16.83975392	499861.676	0	0
proton	938.272013	8.140212797	499861.676	0	0
neutron	939.56536	1.637956246	499861.676	0	0
neutron	939.56536	0.6522572011	499861.676	0	0
alpha	3727.379	6.815163406	499861.676	0	0
S32	29773.62828	1.20048584	499861.676	0	0
K40	37216.53309	0.1353087813	499862.0239	0	0
K40	37216.53309	0.1322119854	499862.7334	0	0
proton	938.272013	22.25194964	499877.122	0	0
neutron	939.56536	6.409085589	499877.122	0	0
neutron	939.56536	1.07531135	499877.122	0	0
Ar37	34425.14786	1.306048851	499877.122	0	0
proton	938.272013	7.036712754	499862.8422	0	0
neutron	939.56536	5.53485495	499862.8422	0	0
neutron	939.56536	3.990035449	499862.8422	0	0
neutron	939.56536	1.850967895	499862.8422	0	0
Ar36	33494.36994	1.11984721	499862.8422	0	0
neutron	939.56536	8.803558974	499863.4309	0	0
neutron	939.56536	7.68072428	499863.4309	0	0
neutron	939.56536	7.624458769	499863.4309	0	0
proton	938.272013	3.733661273	499863.4309	0	0
alpha	3727.379	4.187830136	499863.4309	0	0
Be8	7454.850296	2.706470097	499863.4309	0	0
proton	938.272013	13.83709283	499862.976	0	0
neutron	939.56536	5.553016472	499862.976	0	0
neutron	939.56536	3.810740754	499862.976	0	0
neutron	939.56536	1.251536792	499862.976	0	0
alpha	3727.379	4.900814357	499862.976	0	0
O16	14895.08153	2.074881441	499862.976	0	0
K40	37216.53309	0.1252220289	499868.8099	0	0
K40	37216.53309	0.1399447711	499868.8494	0	0
neutron	939.56536	0.1604389914	499862.3718	0	0
K39	36284.76737	0.09472096747	499862.3718	0	0
neutron	939.56536	17.48279745	499859.7321	0	0
neutron	939.56536	5.608006619	499859.7321	0	0
proton	938.272013	4.673561822	499859.7321	0	0
neutron	939.56536	1.551812476	499859.7321	0	0
alpha	3727.379	7.421996698	499859.7321	0	0
S32	29773.62828	0.3967215678	499859.7321	0	0
K40	37216.53309	0.1324851358	499865.6518	0	0
neutron	939.56536	0.7571308846	499864.4193	0	0
B11	10252.54787	0.3614444708	499864.4193	0	0
proton	938.272013	3.15134687	499863.8979	0	0
Ar39	36285.84137	0.05422909255	499863.8979	0	0
neutron	939.56536	0.7247423504	499857.9675	0	0
K39	36284.76737	0.2000609578	499857.9675	0	0
proton	938.272013	13.5816789	499871.4883	0	0
neutron	939.56536	8.069115868	499871.4883	0	0
alpha	3727.379	6.338830262	499871.4883	0	0
S34	31632.70018	1.414180175	499871.4883	0	0
neutron	939.56536	0.02769860999	499863.5664	0	0
K39	36284.76737	0.1440499732	499863.5664	0	0
proton	938.272013	36.74520103	499861.4275	0	0
proton	938.272013	6.062101949	499861.4275	0	0
neutron	939.56536	0.98119537	499861.4275	0	0
neutron	939.56536	0.4710063706	499861.4275	0	0
Cl36	33495.58861	1.548034329	499861.4275	0	0
Ca40	37214.71335	0.08187858559	499988.193	92.25528388	91.93822088
neutron	939.56536	6.118120694	499865.3637	0	0
proton	938.272013	3.730583875	499865.3637	0	0
neutron	939.56536	0.4419776324	499865.3637	0	0
neutron	939.56536	0.1774772757	499865.3637	0	0
Ar36	33494.36994	0.5421281015	499865.3637	0	0
N16	14906.01287	0.2753042126	499860.7541	0	0
Na24	22341.82218	0.1931633256	499857.2646	0	0
proton	938.272013	11.16893932	499862.5679	0	0
proton	938.272013	4.557126487	499862.5679	0	0
neutron	939.56536	2.693159419	499862.5679	0	0
neutron	939.56536	2.611443472	499862.5679	0	0
Cl36	33495.58861	0.2392820243	499862.5679	0	0
neutron	939.56536	1.022365223	499862.006	0	0
K39	36284.76737	0.06676473477	499862.006	0	0
neutron	939.56536	34.28993285	499865.6857	0	0
proton	938.272013	10.35721036	499865.6857	0	0
proton	938.272013	7.439722397	499865.6857	0	0
Cl37	34424.84314	2.871192196	499865.6857	0	0
K40	37216.53309	0.1204404338	499862.218	0	0
neutron	939.56536	17.74340476	499863.914	0	0
proton	938.272013	5.648362199	499863.914	0	0
proton	938.272013	3.473648596	499863.914	0	0
neutron	939.56536	1.161202821	499863.914	0	0
Cl36	33495.58861	0.2994422949	499863.914	0	0
neutron	939.56536	0.4504360651	499859.3664	0	0
K39	36284.76737	0.1731538768	499859.3664	0	0
neutron	939.56536	1.150720032	499864.1497	0	0
K39	36284.76737	0.2368338259	499864.1497	0	0
Na24	22341.82218	0.2000634832	499868.4273	0	0
neutron	939.56536	0.3441573037	499866.7791	0	0
K39	36284.76737	0.1249830696	499866.7791	0	0
neutron	939.56536	2.9920778	499865.6321	0	0
K39	36284.76737	0.3233989571	499865.6321	0	0
neutron	939.56536	2.529702394	499863.2227	0	0
Na23	21409.21625	0.533480993	499863.2227	0	0
Ca40	37214.71335	0.1160606887	499983.7457	90.62944605	90.01407922
neutron	939.56536	1.016514601	499867.505	0	0
K39	36284.76737	0.05822375447	499867.505	0	0
K40	37216.53309	0.1385859994	499863.2052	0	0
neutron	939.56536	1.366141807	499864.3829	0	0
K39	36284.76737	0.1798180722	499864.3829	0	0
proton	938.272013	37.74097375	499867.6928	0	0
neutron	939.56536	6.630251555	499867.6928	0	0
neutron	939.56536	2.908213929	499867.6928	0	0
neutron	939.56536	1.760563642	499867.6928	0	0
C12	11174.86339	4.493960724	499867.6928	0	0
neutron	939.56536	9.55369164	499856.6659	0	0
proton	938.272013	1.87443303	499856.6659	0	0
Ne22	20479.73746	0.237745265	499856.6659	0	0
K40	37216.53309	0.1244816919	499859.7751	0	0
neutron	939.56536	1.761427297	499867.871	0	0
K39	36284.76737	0.02702965734	499867.871	0	0
neutron	939.56536	9.817576866	499859.7148	0	0
triton	2808.921	1.928742851	499859.7148	0	0
C12	11174.86339	1.298797487	499859.7148	0	0
neutron	939.56536	1.14416877	499862.3232	0	0
K39	36284.76737	0.08077146479	499862.3232	0	0
neutron	939.56536	19.58623334	499867.453	0	0
proton	938.272013	3.649639572	499867.453	0	0
neutron	939.56536	0.4140546647	499867.453	0	0
Ar37	34425.14786	0.3266855083	499867.453	0	0
proton	938.272013	13.26829608	499860.7154	0	0
neutron	939.56536	8.715385717	499860.7154	0	0
neutron	939.56536	6.98077043	499860.7154	0	0
neutron	939.56536	0.818360584	499860.7154	0	0
C12	11174.86339	0.7420671615	499860.7154	0	0
neutron	939.56536	7.731501431	499865.5407	0	0
neutron	939.56536	6.789660609	499865.5407	0	0
deuteron	1875.613	3.187279595	499865.5407	0	0
alpha	3727.379	6.990758976	499865.5407	0	0
alpha	3727.379	5.416771228	499865.5407	0	0
C12	11174.86339	3.853982205	499865.5407	0	0
proton	938.272013	3.708380972	499859.2212	0	0
neutron	939.56536	3.461660775	499859.2212	0	0
neutron	939.56536	0.7374446221	499859.2212	0	0
Ar37	34425.14786	0.07865035339	499859.2212	0	0
neutron	939.56536	0.6733426219	499863.9609	0	0
Na23	21409.21625	0.2434007383	499863.9609	0	0
neutron	939.56536	22.60805763	499868.1455	0	0
proton	938.272013	4.663404017	499868.1455	0	0
Ar38	35352.87471	0.6256971401	499868.1455	0	0
proton	938.272013	8.973763285	499865.2099	0	0
neutron	939.56536	7.076083762	499865.2099	0	0
neutron	939.56536	1.861519126	499865.2099	0	0
neutron	939.56536	0.8744522801	499865.2099	0	0
C12	11174.86339	1.010919496	499865.2099	0	0
proton	938.272013	4.252033166	499863.1912	0	0
neutron	939.56536	1.428844676	499863.1912	0	0
Ar38	35352.87471	0.06469772848	499863.1912	0	0
K40	37216.53309	0.1187784947	499868.4306	0	0
neutron	939.56536	0.4860463977	499863.8811	0	0
K39	36284.76737	0.2079207458	499863.8811	0	0
K40	37216.53309	0.1429609825	499865.0141	0	0
proton	938.272013	6.584645511	499862.3348	0	0
neutron	939.56536	5.615130335	499862.3348	0	0
neutron	939.56536	1.907980964	499862.3348	0	0
neutron	939.56536	0.5777134356	499862.3348	0	0
Ar36	33494.36994	0.5927746847	499862.3348	0	0
neutron	939.56536	0.3677265347	499867.9613	0	0
N15	13968.93638	0.1965826363	499867.9613	0	0
proton	938.272013	7.442454031	499860.5583	0	0
neutron	939.56536	3.180633795	499860.5583	0	0
neutron	939.56536	0.4086834145	499860.5583	0	0
Ar37	34425.14786	0.1723318886	499860.5583	0	0
K40	37216.53309	0.1205295721	499861.0887	0	0
neutron	939.56536	0.3090800285	499870.6812	0	0
K39	36284.76737	0.1350459419	499870.6812	0	0
neutron	939.56536	6.107764034	499867.7861	0	0
proton	938.272013	1.6246088	499867.7861	0	0
Ne22	20479.73746	0.02092028579	499867.7861	0	0
K40	37216.53309	0.1375343161	499863.101	0	0
K40	37216.53309	0.1226452229	499869.9415	0	0
neutron	939.56536	7.794350584	499863.2276	0	0
proton	938.272013	5.493078548	499863.2276	0	0
proton	938.272013	5.168006691	499863.2276	0	0
neutron	939.56536	0.1073735786	499863.2276	0	0
deuteron	1875.613	6.25038887	499863.2276	0	0
S34	31632.70018	1.310117234	499863.2276	0	0
K40	37216.53309	0.1403967181	499869.6024	0	0
proton	938.272013	10.3798646	499864.1365	0	0
neutron	939.56536	5.955972263	499864.1365	0	0
neutron	939.56536	1.069995644	499864.1365	0	0
C13	12109.48242	0.0744567395	499864.1365	0	0
K40	37216.53309	0.1315214938	499862.9205	0	0
proton	938.272013	4.699984185	499865.7112	0	0
neutron	939.56536	3.062230003	499865.7112	0	0
Ar38	35352.87471	0.2287671251	499865.7112	0	0
neutron	939.56536	0.4587034501	499860.2308	0	0
K39	36284.76737	0.07502118822	499860.2308	0	0
neutron	939.56536	6.681285541	499877.5341	0	0
neutron	939.56536	2.726289012	499877.5341	0	0
N14	13040.20433	0.3882398877	499877.5341	0	0
K40	37216.53309	0.1272288378	499862.4784	0	0
neutron	939.56536	6.485922084	499864.9541	0	0
neutron	939.56536	2.622425753	499864.9541	0	0
proton	938.272013	2.119782714	499864.9541	0	0
deuteron	1875.613	2.488782789	499864.9541	0	0
Li7	6533.832504	2.281929095	499864.9541	0	0
neutron	939.56536	10.06180747	499862.7233	0	0
proton	938.272013	9.29041446	499862.7233	0	0
neutron	939.56536	2.209999382	499862.7233	0	0
alpha	3727.379	7.076078918	499862.7233	0	0
S33	30704.55199	1.734095908	499862.7233	0	0
proton	938.272013	5.406439962	499862.7098	0	0
neutron	939.56536	3.626027022	499862.7098	0	0
proton	938.272013	3.460728243	499862.7098	0	0
Cl37	34424.84314	0.1084717773	499862.7098	0	0
neutron	939.56536	0.1298123547	499863.9638	0	0
K39	36284.76737	0.1647367906	499863.9638	0	0
proton	938.272013	21.50467504	499861.638	0	0
neutron	939.56536	6.833145243	499861.638	0	0
neutron	939.56536	6.207844666	499861.638	0	0
neutron	939.56536	4.959103668	499861.638	0	0
C12	11174.86339	1.818430698	499861.638	0	0
proton	938.272013	10.06782279	499867.7514	0	0
neutron	939.56536	8.374108383	499867.7514	0	0
neutron	939.56536	4.106807306	499867.7514	0	0
proton	938.272013	3.450337248	499867.7514	0	0
neutron	939.56536	0.3410416795	499867.7514	0	0
deuteron	1875.613	3.292730655	499867.7514	0	0
S33	30704.55199	0.8520174726	499867.7514	0	0
proton	938.272013	8.157289259	499862.6643	0	0
proton	938.272013	3.105831413	499862.6643	0	0
deuteron	1875.613	8.220657177	499862.6643	0	0
S36	33494.9558	0.5572073216	499862.6643	0	0
O16	14895.08153	0.2399104549	499932.7825	65.03455054	64.59232174
neutron	939.56536	4.933045192	499880.8646	0	0
alpha	3727.379	7.648680172	499880.8646	0	0
Cl35	32564.60306	0.7666735535	499880.8646	0	0
neutron	939.56536	5.194217951	499871.7953	0	0
proton	938.272013	5.141480092	499871.7953	0	0
neutron	939.56536	5.045971782	499871.7953	0	0
neutron	939.56536	0.8269678953	499871.7953	0	0
Ar36	33494.36994	0.02118649767	499871.7953	0	0
neutron	939.56536	4.831706577	499860.2084	0	0
neutron	939.56536	1.30333959	499860.2084	0	0
deuteron	1875.613	9.300382798	499860.2084	0	0
Ar36	33494.36994	0.06931618885	499860.2084	0	0
neutron	939.56536	0.9664291194	499868.9104	0	0
K39	36284.76737	0.2321160919	499868.9104	0	0
K40	37216.53309	0.142168071	499867.301	0	0
neutron	939.56536	1.095092867	499863.0597	0	0
K39	36284.76737	0.0563240302	499863.0597	0	0
proton	938.272013	8.939441801	499858.4277	0	0
neutron	939.56536	1.618652604	499858.4277	0	0
neutron	939.56536	0.7409961202	499858.4277	0	0
Ar37	34425.14786	0.3365942312	499858.4277	0	0
neutron	939.56536	0.9834695907	499863.3808	0	0
N15	13968.93638	0.1913034585	499863.3808	0	0
K40	37216.53309	0.1361293826	499865.0101	0	0
neutron	939.56536	0.1797115774	499859.6446	0	0
K39	36284.76737	0.1448071923	499859.6446	0	0
proton	938.272013	5.317758755	499864.3339	0	0
proton	938.272013	3.815802262	499864.3339	0	0
neutron	939.56536	2.62019783	499864.3339	0	0
neutron	939.56536	1.776872961	499864.3339	0	0
Cl36	33495.58861	0.2938940442	499864.3339	0	0
neutron	939.56536	6.966991588	499860.6483	0	0
proton	938.272013	6.875527394	499860.6483	0	0
proton	938.272013	4.488450769	499860.6483	0	0
neutron	939.56536	3.011284172	499860.6483	0	0
neutron	939.56536	1.733516558	499860.6483	0	0
Cl35	32564.60306	0.636994722	499860.6483	0	0
neutron	939.56536	0.2973013369	499863.9923	0	0
K39	36284.76737	0.13975549	499863.9923	0	0
neutron	939.56536	5.377168406	499865.2095	0	0
proton	938.272013	4.976170328	499865.2095	0	0
proton	938.272013	3.114677415	499865.2095	0	0
Cl37	34424.84314	0.2260338407	499865.2095	0	0
proton	938.272013	3.941154524	499869.5918	0	0
neutron	939.56536	2.159202838	499869.5918	0	0
Ar38	35352.87471	0.1868599541	499869.5918	0	0
Na24	22341.82218	0.2068967118	499860.7018	0	0
neutron	939.56536	0.6316716632	499859.014	0	0
Na23	21409.21625	0.1581863336	499859.014	0	0
neutron	939.56536	13.72921251	499870.6289	0	0
neutron	939.56536	9.893554574	499870.6289	0	0
deuteron	1875.613	6.095810935	499870.6289	0	0
alpha	3727.379	1.166618868	499870.6289	0	0
alpha	3727.379	8.037933519	499870.6289	0	0
neutron	939.56536	7.514195411	499858.5819	0	0
neutron	939.56536	6.642713915	499858.5819	0	0
neutron	939.56536	4.331029901	499858.5819	0	0
neutron	939.56536	0.9200342698	499858.5819	0	0
neutron	939.56536	0.2035262771	499858.5819	0	0
K43	40007.97528	0.3313893785	499858.5819	0	0
proton	938.272013	8.326720733	499860.1032	0	0
neutron	939.56536	5.604175372	499860.1032	0	0
neutron	939.56536	0.881705969	499860.1032	0	0
Ar37	34425.14786	0.5300661245	499860.1032	0	0
proton	938.272013	4.490850326	499871.8133	0	0
deuteron	1875.613	8.578292206	499871.8133	0	0
Cl37	34424.84314	0.4676680667	499871.8133	0	0
neutron	939.56536	24.31236425	499862.1826	0	0
neutron	939.56536	23.5246119	499862.1826	0	0
deuteron	1875.613	4.25602035	499862.1826	0	0
Ar36	33494.36994	0.6043365148	499862.1826	0	0
neutron	939.56536	28.4500315	499869.7832	0	0
proton	938.272013	8.2563472	499869.7832	0	0
Ar38	35352.87471	1.127380935	499869.7832	0	0
neutron	939.56536	12.03606357	499856.7503	0	0
proton	938.272013	8.644735115	499856.7503	0	0
neutron	939.56536	1.098354276	499856.7503	0	0
neutron	939.56536	0.4642197909	499856.7503	0	0
Ar36	33494.36994	1.154278404	499856.7503	0	0
proton	938.272013	4.317095706	499867.2255	0	0
neutron	939.56536	0.9126396421	499867.2255	0	0
Ar38	35352.87471	0.4970063508	499867.2255	0	0
proton	938.272013	9.317468602	499861.5471	0	0
proton	938.272013	8.981897906	499861.5471	0	0
neutron	939.56536	5.015684497	499861.5471	0	0
Cl37	34424.84314	0.2498536316	499861.5471	0	0
neutron	939.56536	0.7635326442	499862.9316	0	0
K39	36284.76737	0.05703760587	499862.9316	0	0
neutron	939.56536	5.778150321	499867.9616	0	0
proton	938.272013	4.868068285	499867.9616	0	0
neutron	939.56536	0.4510154344	499867.9616	0	0
Ar37	34425.14786	0.1513924026	499867.9616	0	0
Na24	22341.82218	0.2041536778	499866.0863	0	0
neutron	939.56536	11.03868436	499866.0508	0	0
proton	938.272013	5.90281248	499866.0508	0	0
neutron	939.56536	5.475674086	499866.0508	0	0
Ne21	19550.53637	1.225066626	499866.0508	0	0
proton	938.272013	3.277929498	499867.0576	0	0
neutron	939.56536	1.831666496	499867.0576	0	0
Ar38	35352.87471	0.1976101019	499867.0576	0	0
neutron	939.56536	1.531649956	499867.7799	0	0
N15	13968.93638	0.4749656863	499867.7799	0	0
neutron	939.56536	42.21559326	499858.2406	0	0
neutron	939.56536	9.689751549	499858.2406	0	0
deuteron	1875.613	0.4826698191	499858.2406	0	0
C12	11174.86339	8.487608113	499858.2406	0	0
K40	37216.53309	0.1297153833	499863.1726	0	0
neutron	939.56536	4.757186294	499868.9401	0	0
K39	36284.76737	0.2397299362	499868.9401	0	0
K40	37216.53309	0.112831779	499866.8167	0	0
neutron	939.56536	1.703595801	499865.1412	0	0
K39	36284.76737	0.2095973427	499865.1412	0	0
proton	938.272013	23.22369202	499862.9196	0	0
neutron	939.56536	6.478161488	499862.9196	0	0
neutron	939.56536	3.393046951	499862.9196	0	0
neutron	939.56536	1.210261865	499862.9196	0	0
Ar36	33494.36994	0.05631991124	499862.9196	0	0
K40	37216.53309	0.1383838618	499864.6378	0	0
K40	37216.53309	0.1323065277	499870.2534	0	0
proton	938.272013	24.44226142	499856.0851	0	0
neutron	939.56536	5.961139894	499856.0851	0	0
neutron	939.56536	5.237481973	499856.0851	0	0
Ar37	34425.14786	0.2249562421	499856.0851	0	0
neutron	939.56536	0.2006343886	499866.7222	0	0
K39	36284.76737	0.1709639407	499866.7222	0	0
neutron	939.56536	13.68485402	499858.3976	0	0
N15	13968.93638	1.570314063	499858.3976	0	0
neutron	939.56536	4.222966583	499860.0149	0	0
proton	938.272013	2.635459076	499860.0149	0	0
Ar38	35352.87471	0.7146281646	499860.0149	0	0
neutron	939.56536	0.9614555644	499861.9298	0	0
K39	36284.76737	0.189002148	499861.9298	0	0
neutron	939.56536	12.22738132	499864.7856	0	0
proton	938.272013	3.051291667	499864.7856	0	0
Ar38	35352.87471	0.6637538538	499864.7856	0	0
K44	40940.26321	0.1147762862	499873.8373	0	0
neutron	939.56536	1.389638455	499858.4581	0	0
K39	36284.76737	0.05072387738	499858.4581	0	0
neutron	939.56536	1.45795603	499860.0896	0	0
K39	36284.76737	0.1535245014	499860.0896	0	0
proton	938.272013	10.49769464	499861.8517	0	0
proton	938.272013	6.163509507	499861.8517	0	0
neutron	939.56536	4.14706631	499861.8517	0	0
proton	938.272013	3.723618124	499861.8517	0	0
neutron	939.56536	3.677825756	499861.8517	0	0
neutron	939.56536	2.327120657	499861.8517	0	0
S34	31632.70018	0.3390555537	499861.8517	0	0
K40	37216.53309	0.1221299117	499865.1908	0	0
neutron	939.56536	1.850085604	499862.6971	0	0
Na23	21409.21625	0.1557150345	499862.6971	0	0
neutron	939.56536	0.6389754486	499866.1106	0	0
K39	36284.76737	0.1426962844	499866.1106	0	0
neutron	939.56536	7.93150678	499857.4056	0	0
B11	10252.54787	0.3303325796	499857.4056	0	0
neutron	939.56536	11.19596706	499864.517	0	0
proton	938.272013	6.042584724	499864.517	0	0
neutron	939.56536	2.695036028	499864.517	0	0
deuteron	1875.613	18.10524409	499864.517	0	0
B11	10252.54787	3.372256397	499864.517	0	0
K40	37216.53309	0.1301588896	499866.8014	0	0
K40	37216.53309	0.1181687415	499866.0315	0	0
neutron	939.56536	9.514514587	499869.1521	0	0
neutron	939.56536	3.27970148	499869.1521	0	0
neutron	939.56536	1.469450316	499869.1521	0	0
K41	38146.00307	0.1155437731	499869.1521	0	0
K40	37216.53309	0.1301644134	499859.1761	0	0
neutron	939.56536	28.45299386	499864.4488	0	0
proton	938.272013	4.482178443	499864.4488	0	0
neutron	939.56536	2.793397207	499864.4488	0	0
neutron	939.56536	2.31089853	499864.4488	0	0
C12	11174.86339	2.689992753	499864.4488	0	0
K40	37216.53309	0.1126926849	499869.2119	0	0
neutron	939.56536	6.027493568	499867.2681	0	0
neutron	939.56536	3.545733731	499867.2681	0	0
proton	938.272013	2.942545152	499867.2681	0	0
proton	938.272013	2.920810833	499867.2681	0	0
neutron	939.56536	1.168658575	499867.2681	0	0
Cl35	32564.60306	0.7255922703	499867.2681	0	0
neutron	939.56536	11.92856595	499868.547	0	0
proton	938.272013	2.230884009	499868.547	0	0
neutron	939.56536	0.284369285	499868.547	0	0
C13	12109.48242	2.33379852	499868.547	0	0
neutron	939.56536	0.4143590907	499860.2523	0	0
K39	36284.76737	0.07413782913	499860.2523	0	0
neutron	939.56536	0.400182772	499862.3935	0	0
K39	36284.76737	0.08922816647	499862.3935	0	0
K40	37216.53309	0.1197157159	499869.7397	0	0
neutron	939.56536	11.41512096	499866.4998	0	0
neutron	939.56536	7.571946446	499866.4998	0	0
proton	938.272013	4.870666099	499866.4998	0	0
proton	938.272013	3.609371912	499866.4998	0	0
Cl36	33495.58861	0.5888360566	499866.4998	0	0
neutron	939.56536	5.445831049	499860.1697	0	0
neutron	939.56536	1.468693466	499860.1697	0	0
deuteron	1875.613	14.03180706	499860.1697	0	0
alpha	3727.379	5.673191611	499860.1697	0	0
O16	14895.08153	2.562351137	499860.1697	0	0
K40	37216.53309	0.1304422215	499861.0158	0	0
neutron	939.56536	0.5018166453	499864.3982	0	0
K39	36284.76737	0.150300289	499864.3982	0	0
neutron	939.56536	3.036079937	499857.5884	0	0
N15	13968.93638	0.1550762866	499857.5884	0	0
neutron	939.56536	0.4031438705	499862.9954	0	0
K39	36284.76737	0.06122635226	499862.9954	0	0
K40	37216.53309	0.1263116971	499869.5144	0	0
neutron	939.56536	0.9595872113	499867.8051	0	0
N15	13968.93638	0.2117449976	499867.8051	0	0
K40	37216.53309	0.1289236481	499866.9623	0	0
neutron	939.56536	30.17522266	499864.1668	0	0
proton	938.272013	5.86376845	499864.1668	0	0
proton	938.272013	3.573064694	499864.1668	0	0
neutron	939.56536	1.124515437	499864.1668	0	0
Cl36	33495.58861	0.4157047896	499864.1668	0	0
K40	37216.53309	0.1338221751	499863.492	0	0
proton	938.272013	33.71144283	499865.1221	0	0
proton	938.272013	3.947260059	499865.1221	0	0
neutron	939.56536	3.448516048	499865.1221	0	0
Cl37	34424.84314	0.3867253204	499865.1221	0	0
neutron	939.56536	1.518016978	499868.4522	0	0
B11	10252.54787	0.3738340609	499868.4522	0	0
neutron	939.56536	0.4100710082	499871.2106	0	0
K39	36284.76737	0.1685139368	499871.2106	0	0
proton	938.272013	3.323008129	499869.6954	0	0
neutron	939.56536	0.1513813004	499869.6954	0	0
Ar38	35352.87471	0.03532457502	499869.6954	0	0
K40	37216.53309	0.1310698892	499868.0534	0	0
neutron	939.56536	0.4926480971	499869.2637	0	0
K39	36284.76737	0.1892977613	499869.2637	0	0
K40	37216.53309	0.1301275893	499857.4485	0	0
neutron	939.56536	0.5780890111	499867.3978	0	0
K39	36284.76737	0.1591742164	499867.3978	0	0
K40	37216.53309	0.1382812164	499867.0128	0	0
K40	37216.53309	0.1308760773	499864.7495	0	0
neutron	939.56536	0.7608544368	499860.5833	0	0
K39	36284.76737	0.08592902952	499860.5833	0	0
Ca40	37214.71335	0.08286569848	499969.1833	84.86346418	84.77409582
neutron	939.56536	7.4160417	499876.396	0	0
proton	938.272013	5.076922136	499876.396	0	0
neutron	939.56536	1.144191311	499876.396	0	0
Ar37	34425.14786	0.06889705725	499876.396	0	0
neutron	939.56536	2.094971227	499866.4915	0	0
N15	13968.93638	0.09079885452	499866.4915	0	0
neutron	939.56536	14.73486498	499864.9711	0	0
neutron	939.56536	8.931070901	499864.9711	0	0
proton	938.272013	8.025413017	499864.9711	0	0
Ar37	34425.14786	0.3838081338	499864.9711	0	0
neutron	939.56536	23.57496973	499863.8278	0	0
proton	938.272013	14.68910907	499863.8278	0	0
alpha	3727.379	7.532570415	499863.8278	0	0
S34	31632.70018	1.15234293	499863.8278	0	0
neutron	939.56536	0.2839290192	499859.7592	0	0
K39	36284.76737	0.1787142928	499859.7592	0	0
neutron	939.56536	19.75210569	499859.2847	0	0
proton	938.272013	7.119311626	499859.2847	0	0
neutron	939.56536	1.081306312	499859.2847	0	0
Ar37	34425.14786	0.1025679385	499859.2847	0	0
neutron	939.56536	19.87454873	499866.0145	0	0
neutron	939.56536	16.17999847	499866.0145	0	0
proton	938.272013	7.700433417	499866.0145	0	0
neutron	939.56536	5.114444729	499866.0145	0	0
alpha	3727.379	5.084291916	499866.0145	0	0
O16	14895.08153	2.128649131	499866.0145	0	0
K40	37216.53309	0.1340738044	499862.7276	0	0
neutron	939.56536	35.24672961	499863.965	0	0
proton	938.272013	9.44364426	499863.965	0	0
neutron	939.56536	7.110695008	499863.965	0	0
neutron	939.56536	0.7895541926	499863.965	0	0
C12	11174.86339	1.056779173	499863.965	0	0
neutron	939.56536	0.6877323805	499861.4077	0	0
K39	36284.76737	0.192278697	499861.4077	0	0
neutron	939.56536	1.181885104	499870.3772	0	0
K39	36284.76737	0.2512244047	499870.3772	0	0
neutron	939.56536	27.42554225	499865.536	0	0
proton	938.272013	2.604622373	499865.536	0	0
neutron	939.56536	0.7629450754	499865.536	0	0
neutron	939.56536	0.756219382	499865.536	0	0
C12	11174.86339	1.578402789	499865.536	0	0
K40	37216.53309	0.1378128122	499857.1477	0	0
neutron	939.56536	7.578383326	499867.7786	0	0
N15	13968.93638	0.7893942242	499867.7786	0	0
neutron	939.56536	8.104739073	499866.3851	0	0
proton	938.272013	2.537807396	499866.3851	0	0
Be10	9325.504169	1.113688957	499866.3851	0	0
neutron	939.56536	12.99994639	499859.4592	0	0
proton	938.272013	5.204768474	499859.4592	0	0
neutron	939.56536	2.254719773	499859.4592	0	0
neutron	939.56536	0.2218902975	499859.4592	0	0
Ne20	18617.73218	2.059709874	499859.4592	0	0
proton	938.272013	7.044956798	499862.1452	0	0
neutron	939.56536	5.544175433	499862.1452	0	0
neutron	939.56536	4.080909205	499862.1452	0	0
Ar37	34425.14786	0.1771096133	499862.1452	0	0
K40	37216.53309	0.1358160948	499868.1937	0	0
neutron	939.56536	2.598178469	499864.8962	0	0
neutron	939.56536	1.440219987	499864.8962	0	0
neutron	939.56536	1.03482369	499864.8962	0	0
K41	38146.00307	0.5366987708	499864.8962	0	0
neutron	939.56536	3.8438821	499864.2274	0	0
proton	938.272013	3.205949555	499864.2274	0	0
neutron	939.56536	2.632752926	499864.2274	0	0
Ar37	34425.14786	0.4576388543	499864.2274	0	0
K40	37216.53309	0.1250282651	499864.6979	0	0
neutron	939.56536	0.5244922878	499862.3182	0	0
K39	36284.76737	0.1069913878	499862.3182	0	0
K40	37216.53309	0.1436540358	499865.8196	0	0
K40	37216.53309	0.1339771301	499858.9292	0	0
proton	938.272013	3.444290281	499862.2696	0	0
neutron	939.56536	2.31861628	499862.2696	0	0
Ar38	35352.87471	0.3609223316	499862.2696	0	0
neutron	939.56536	1.593935084	499865.6063	0	0
K39	36284.76737	0.1741770943	499865.6063	0	0
neutron	939.56536	0.9119021317	499871.3991	0	0
Na23	21409.21625	0.2890348172	499871.3991	0	0
proton	938.272013	8.995218713	499863.3649	0	0
neutron	939.56536	5.353009977	499863.3649	0	0
neutron	939.56536	1.119055363	499863.3649	0	0
Ar37	34425.14786	0.5919185735	499863.3649	0	0
proton	938.272013	7.299358302	499867.7382	0	0
neutron	939.56536	6.266738734	499867.7382	0	0
proton	938.272013	5.039266269	499867.7382	0	0
neutron	939.56536	0.5369407664	499867.7382	0	0
alpha	3727.379	12.03163117	499867.7382	0	0
P32	29775.84838	0.9000522611	499867.7382	0	0
proton	938.272013	13.2611032	499858.9888	0	0
neutron	939.56536	11.60138614	499858.9888	0	0
neutron	939.56536	4.080747306	499858.9888	0	0
neutron	939.56536	2.101273819	499858.9888	0	0
C12	11174.86339	0.7216536439	499858.9888	0	0
neutron	939.56536	1.204567067	499865.4436	0	0
K39	36284.76737	0.1817460819	499865.4436	0	0
K40	37216.53309	0.1334533848	499868.213	0	0
neutron	939.56536	51.16625047	499863.6333	0	0
proton	938.272013	3.544958363	499863.6333	0	0
Ar38	35352.87471	1.668426008	499863.6333	0	0
K40	37216.53309	0.1378194302	499870.7162	0	0
neutron	939.56536	1.147726188	499871.6417	0	0
K39	36284.76737	0.1360621279	499871.6417	0	0
neutron	939.56536	0.6461645229	499867.2556	0	0
K39	36284.76737	0.1763966889	499867.2556	0	0
neutron	939.56536	3.646871534	499867.5649	0	0
neutron	939.56536	2.82127016	499867.5649	0	0
proton	938.272013	2.492717852	499867.5649	0	0
C13	12109.48242	0.5825695619	499867.5649	0	0
K40	37216.53309	0.1233267952	499864.4023	0	0
proton	938.272013	10.93271021	499867.6748	0	0
neutron	939.56536	5.969267773	499867.6748	0	0
neutron	939.56536	2.975985963	499867.6748	0	0
Ar37	34425.14786	0.4790631763	499867.6748	0	0
neutron	939.56536	0.723944404	499865.3168	0	0
K39	36284.76737	0.153165004	499865.3168	0	0
neutron	939.56536	0.2646990112	499855.9873	0	0
K39	36284.76737	0.1416143171	499855.9873	0	0
neutron	939.56536	0.03771212556	499863.6435	0	0
K39	36284.76737	0.1107361217	499863.6435	0	0
neutron	939.56536	5.493146724	499863.2892	0	0
neutron	939.56536	0.5785278884	499863.2892	0	0
deuteron	1875.613	12.74494612	499863.2892	0	0
C12	11174.86339	2.785849945	499863.2892	0	0
neutron	939.56536	21.4851951	499866.7906	0	0
proton	938.272013	3.919013284	499866.7906	0	0
neutron	939.56536	0.2571909125	499866.7906	0	0
Ar37	34425.14786	0.7800906719	499866.7906	0	0
neutron	939.56536	0.7236120447	499861.7506	0	0
K39	36284.76737	0.2030610581	499861.7506	0	0
proton	938.272013	6.531239358	499862.9113	0	0
neutron	939.56536	1.729759254	499862.9113	0	0
C14	13040.87134	1.709267006	499862.9113	0	0
neutron	939.56536	0.5178638014	499863.2473	0	0
K39	36284.76737	0.2133319799	499863.2473	0	0
K40	37216.53309	0.1375295748	499860.2865	0	0
neutron	939.56536	0.5892541868	499863.1857	0	0
K39	36284.76737	0.1159492186	499863.1857	0	0
O16	14895.08153	0.2516747138	499965.6799	82.99660803	82.70079737
proton	938.272013	2.964161131	499859.7947	0	0
neutron	939.56536	0.6676959221	499859.7947	0	0
Ar38	35352.87471	0.2480663668	499859.7947	0	0
neutron	939.56536	41.30226528	499866.3051	0	0
neutron	939.56536	4.272748389	499866.3051	0	0
neutron	939.56536	0.3804914709	499866.3051	0	0
K45	41870.92309	0.7121723047	499866.3051	0	0
neutron	939.56536	5.327556	499860.0919	0	0
neutron	939.56536	2.420814925	499860.0919	0	0
B10	9324.436652	0.5017265356	499860.0919	0	0
K40	37216.53309	0.1335403795	499862.5613	0	0
proton	938.272013	7.803079544	499858.8927	0	0
neutron	939.56536	2.628137622	499858.8927	0	0
deuteron	1875.613	5.385547651	499858.8927	0	0
Cl36	33495.58861	1.311726659	499858.8927	0	0
Ca40	37214.71335	0.1159402031	499913.1735	50.44752329	50.31087425
proton	938.272013	26.16165492	499869.3099	0	0
neutron	939.56536	3.043650907	499869.3099	0	0
neutron	939.56536	1.538465819	499869.3099	0	0
Ar37	34425.14786	0.3356555572	499869.3099	0	0
neutron	939.56536	7.994711076	499868.5427	0	0
neutron	939.56536	7.780181663	499868.5427	0	0
proton	938.272013	7.183601361	499868.5427	0	0
proton	938.272013	6.576598076	499868.5427	0	0
neutron	939.56536	2.444154711	499868.5427	0	0
alpha	3727.379	7.995449119	499868.5427	0	0
P31	28844.21869	1.790988655	499868.5427	0	0
Na26	24206.36741	0.1807555715	499860.4742	0	0
N16	14906.01287	0.2940517533	499862.832	0	0
K40	37216.53309	0.1257706631	499859.8959	0	0
neutron	939.56536	7.355398891	499865.7588	0	0
proton	938.272013	4.253290177	499865.7588	0	0
neutron	939.56536	4.129530393	499865.7588	0	0
proton	938.272013	3.20207947	499865.7588	0	0
deuteron	1875.613	6.445968078	499865.7588	0	0
S34	31632.70018	1.026330135	499865.7588	0	0
proton	938.272013	11.86649951	499864.1919	0	0
neutron	939.56536	2.748744165	499864.1919	0	0
Ar38	35352.87471	0.8255183166	499864.1919	0	0
K40	37216.53309	0.1332311911	499861.9649	0	0
proton	938.272013	14.49683218	499865.2095	0	0
neutron	939.56536	10.57801368	499865.2095	0	0
neutron	939.56536	5.77700918	499865.2095	0	0
proton	938.272013	5.32347184	499865.2095	0	0
proton	938.272013	4.068902904	499865.2095	0	0
neutron	939.56536	2.995822302	499865.2095	0	0
S34	31632.70018	2.556057317	499865.2095	0	0
neutron	939.56536	0.06692345293	499860.2643	0	0
K39	36284.76737	0.1160865663	499860.2643	0	0
proton	938.272013	5.501441634	499858.8743	0	0
neutron	939.56536	3.445672813	499858.8743	0	0
neutron	939.56536	0.5106392442	499858.8743	0	0
Ar37	34425.14786	0.1377669183	499858.8743	0	0
proton	938.272013	6.244469451	499865.3687	0	0
proton	938.272013	4.294155983	499865.3687	0	0
neutron	939.56536	1.643165093	499865.3687	0	0
neutron	939.56536	0.6799656032	499865.3687	0	0
Cl36	33495.58861	0.499291563	499865.3687	0	0
K40	37216.53309	0.1252501548	499860.2509	0	0
proton	938.272013	15.50458947	499861.3229	0	0
proton	938.272013	5.132960394	499861.3229	0	0
neutron	939.56536	4.598965598	499861.3229	0	0
alpha	3727.379	7.440476779	499861.3229	0	0
P33	30705.30994	1.422098119	499861.3229	0	0
proton	938.272013	5.694281805	499864.6547	0	0
neutron	939.56536	2.718270611	499864.6547	0	0
neutron	939.56536	1.610519436	499864.6547	0	0
Ar37	34425.14786	0.2970563922	499864.6547	0	0
K40	37216.53309	0.1253025919	499865.8086	0	0
neutron	939.56536	8.133165035	499864.2565	0	0
proton	938.272013	3.535957203	499864.2565	0	0
alpha	3727.379	10.13234744	499864.2565	0	0
alpha	3727.379	9.224837957	499864.2565	0	0
Si30	27913.24182	2.042607841	499864.2565	0	0
neutron	939.56536	1.975094159	499859.1491	0	0
K39	36284.76737	0.046424912	499859.1491	0	0
Na24	22341.82218	0.2044159927	499860.8331	0	0
neutron	939.56536	1.436215348	499861.6732	0	0
K39	36284.76737	0.03856982384	499861.6732	0	0
neutron	939.56536	1.220942608	499869.4893	0	0
K39	36284.76737	0.06685126957	499869.4893	0	0
neutron	939.56536	2.018586104	499863.7859	0	0
K39	36284.76737	0.1601344794	499863.7859	0	0
neutron	939.56536	1.813816302	499864.478	0	0
neutron	939.56536	1.475224214	499864.478	0	0
deuteron	1875.613	14.57523957	499864.478	0	0
Be8	7454.850296	1.112874798	499864.478	0	0
proton	938.272013	4.329661449	499863.9729	0	0
Ar39	36285.84137	0.2709700888	499863.9729	0	0
proton	938.272013	23.93037625	499863.2728	0	0
neutron	939.56536	7.724905619	499863.2728	0	0
proton	938.272013	5.226278664	499863.2728	0	0
proton	938.272013	3.578628354	499863.2728	0	0
neutron	939.56536	1.988804585	499863.2728	0	0
S35	32565.27968	0.586096695	499863.2728	0	0
neutron	939.56536	9.097390565	499864.3338	0	0
neutron	939.56536	6.53218534	499864.3338	0	0
neutron	939.56536	4.685252342	499864.3338	0	0
proton	938.272013	2.029128463	499864.3338	0	0
C12	11174.86339	0.5576915877	499864.3338	0	0
proton	938.272013	3.640369326	499868.5649	0	0
neutron	939.56536	2.230019067	499868.5649	0	0
Ar38	35352.87471	0.2473029767	499868.5649	0	0
neutron	939.56536	0.4016314806	499865.3346	0	0
K39	36284.76737	0.148206182	499865.3346	0	0
neutron	939.56536	7.139530286	499865.7036	0	0
triton	2808.921	2.903076613	499865.7036	0	0
Be8	7454.850296	0.1145883943	499865.7036	0	0
neutron	939.56536	0.02468890426	499871.3037	0	0
K39	36284.76737	0.1266223583	499871.3037	0	0
K40	37216.53309	0.1345626292	499869.5431	0	0
neutron	939.56536	0.9366999536	499872.0857	0	0
K39	36284.76737	0.09883623954	499872.0857	0	0
N16	14906.01287	0.2904070412	499862.4547	0	0
proton	938.272013	3.291456963	499859.6763	0	0
neutron	939.56536	0.6264351208	499859.6763	0	0
Ar38	35352.87471	0.5099495073	499859.6763	0	0
proton	938.272013	5.629207024	499860.8214	0	0
neutron	939.56536	3.446258528	499860.8214	0	0
neutron	939.56536	2.107099432	499860.8214	0	0
Ar37	34425.14786	0.5254888075	499860.8214	0	0
neutron	939.56536	6.362932689	499866.2188	0	0
neutron	939.56536	5.290234353	499866.2188	0	0
proton	938.272013	3.87479225	499866.2188	0	0
neutron	939.56536	1.895231456	499866.2188	0	0
neutron	939.56536	0.6449063812	499866.2188	0	0
Ar39	36285.84137	0.3176918394	499866.2188	0	0
proton	938.272013	4.126841229	499862.881	0	0
deuteron	1875.613	14.33253819	499862.881	0	0
alpha	3727.379	9.121590811	499862.881	0	0
P33	30705.30994	2.746723893	499862.881	0	0
N16	14906.01287	0.2839473634	499865.8661	0	0
proton	938.272013	8.471325974	499870.5647	0	0
neutron	939.56536	4.391452107	499870.5647	0	0
neutron	939.56536	3.364049298	499870.5647	0	0
neutron	939.56536	1.67122357	499870.5647	0	0
Ar36	33494.36994	0.06612199092	499870.5647	0	0
Na25	23272.37635	0.1957462423	499860.827	0	0
neutron	939.56536	24.16492408	499858.8418	0	0
proton	938.272013	12.42802422	499858.8418	0	0
C14	13040.87134	1.352692005	499858.8418	0	0
neutron	939.56536	6.345076374	499859.8017	0	0
proton	938.272013	5.729204343	499859.8017	0	0
proton	938.272013	5.723923338	499859.8017	0	0
neutron	939.56536	3.4579872	499859.8017	0	0
neutron	939.56536	0.5646748387	499859.8017	0	0
Cl35	32564.60306	0.5453903016	499859.8017	0	0
neutron	939.56536	9.375670228	499859.987	0	0
neutron	939.56536	3.720341062	499859.987	0	0
N14	13040.20433	0.1711372102	499859.987	0	0
neutron	939.56536	5.34657548	499860.8221	0	0
proton	938.272013	4.217130081	499860.8221	0	0
Ar38	35352.87471	0.06245523606	499860.8221	0	0
K42	39078.03462	0.1066207982	499864.6421	0	0
neutron	939.56536	8.647660904	499872.0783	0	0
neutron	939.56536	4.997549797	499872.0783	0	0
proton	938.272013	4.79724575	499872.0783	0	0
proton	938.272013	3.317956991	499872.0783	0	0
neutron	939.56536	1.056251807	499872.0783	0	0
Cl35	32564.60306	0.9123605729	499872.0783	0	0
proton	938.272013	4.998005429	499861.3436	0	0
neutron	939.56536	3.757664103	499861.3436	0	0
neutron	939.56536	1.688471249	499861.3436	0	0
neutron	939.56536	0.4162878954	499861.3436	0	0
Ar36	33494.36994	0.1777678146	499861.3436	0	0
K40	37216.53309	0.1276698198	499867.5317	0	0
Na24	22341.82218	0.1891529903	499863.4969	0	0
K44	40940.26321	0.1107492935	499865.9974	0	0
K40	37216.53309	0.1282049111	499861.6292	0	0
neutron	939.56536	0.3047269577	499865.4895	0	0
K39	36284.76737	0.1674371385	499865.4895	0	0
neutron	939.56536	3.542796523	499861.2516	0	0
neutron	939.56536	1.010261277	499861.2516	0	0
B10	9324.436652	0.9357154904	499861.2516	0	0
K40	37216.53309	0.1399455734	499865.4486	0	0
neutron	939.56536	2.8822665	499870.8641	0	0
alpha	3727.379	4.52715102	499870.8641	0	0
triton	2808.921	2.541630611	499870.8641	0	0
alpha	3727.379	2.198108232	499870.8641	0	0
neutron	939.56536	0.3995959173	499865.5924	0	0
Na23	21409.21625	0.1049481218	499865.5924	0	0
O16	14895.08153	0.318320015	499887.1468	24.78865728	24.42344392
neutron	939.56536	0.1171016363	499886.9051	0	0
K41	38146.00307	0.08966616026	499886.9051	0	0
neutron	939.56536	2.066140749	499868.4125	0	0
deuteron	1875.613	12.58828709	499868.4125	0	0
Ar37	34425.14786	0.6126212409	499868.4125	0	0
K40	37216.53309	0.1433384431	499860.4767	0	0
Na24	22341.82218	0.2088486852	499867.1543	0	0
neutron	939.56536	10.29560264	499863.7303	0	0
proton	938.272013	7.767062884	499863.7303	0	0
proton	938.272013	4.933776575	499863.7303	0	0
neutron	939.56536	4.070903705	499863.7303	0	0
alpha	3727.379	6.548268719	499863.7303	0	0
P32	29775.84838	1.261395831	499863.7303	0	0
proton	938.272013	11.34808089	499867.3316	0	0
neutron	939.56536	9.633373132	499867.3316	0	0
Ar38	35352.87471	1.032256018	499867.3316	0	0
neutron	939.56536	5.418640672	499866.5065	0	0
neutron	939.56536	4.628093858	499866.5065	0	0
proton	938.272013	3.386251143	499866.5065	0	0
Ne22	20479.73746	0.5054853503	499866.5065	0	0
neutron	939.56536	0.1210582322	499874.0391	0	0
K39	36284.76737	0.1575857129	499874.0391	0	0
proton	938.272013	3.641866427	499860.7254	0	0
neutron	939.56536	1.778626304	499860.7254	0	0
Ar38	35352.87471	0.4619300285	499860.7254	0	0
neutron	939.56536	1.120034093	499866.3069	0	0
K39	36284.76737	0.2293505081	499866.3069	0	0
N16	14906.01287	0.2864711601	499869.8158	0	0
neutron	939.56536	0.2493072259	499862.9273	0	0
K39	36284.76737	0.110375867	499862.9273	0	0
neutron	939.56536	0.7693996024	499861.1519	0	0
K39	36284.76737	0.2022129592	499861.1519	0	0
neutron	939.56536	0.0936057593	499860.3608	0	0
K39	36284.76737	0.1485381348	499860.3608	0	0
proton	938.272013	5.934400999	499865.6935	0	0
proton	938.272013	5.749117821	499865.6935	0	0
neutron	939.56536	5.485817531	499865.6935	0	0
neutron	939.56536	0.3360672847	499865.6935	0	0
Cl36	33495.58861	0.222032405	499865.6935	0	0
K40	37216.53309	0.1140995707	499866.6832	0	0
neutron	939.56536	0.7258544125	499865.2458	0	0
N15	13968.93638	0.1152228814	499865.2458	0	0
proton	938.272013	9.627801981	499861.9583	0	0
neutron	939.56536	3.111221451	499861.9583	0	0
neutron	939.56536	0.01898425865	499861.9583	0	0
Ar37	34425.14786	0.3486264882	499861.9583	0	0
K40	37216.53309	0.1329846645	499866.2191	0	0
neutron	939.56536	1.463978917	499862.0244	0	0
K39	36284.76737	0.2801114198	499862.0244	0	0
neutron	939.56536	0.5211011437	499859.7849	0	0
K39	36284.76737	0.1414707691	499859.7849	0	0
neutron	939.56536	0.419199705	499862.579	0	0
K39	36284.76737	0.1875015013	499862.579	0	0
neutron	939.56536	6.064779104	499857.1327	0	0
neutron	939.56536	2.417578517	499857.1327	0	0
deuteron	1875.613	0.8070828584	499857.1327	0	0
Be8	7454.850296	0.6826126738	499857.1327	0	0
proton	938.272013	4.239057354	499863.5349	0	0
neutron	939.56536	1.328396114	499863.5349	0	0
neutron	939.56536	0.5275922612	499863.5349	0	0
Ar37	34425.14786	0.04093095824	499863.5349	0	0
neutron	939.56536	39.04411559	499862.021	0	0
proton	938.272013	5.258752068	499862.021	0	0
neutron	939.56536	3.002078117	499862.021	0	0
C13	12109.48242	2.897406096	499862.021	0	0
K40	37216.53309	0.1230106986	499857.9317	0	0
K40	37216.53309	0.1378045242	499861.6913	0	0
proton	938.272013	15.02913298	499861.2583	0	0
neutron	939.56536	4.340419561	499861.2583	0	0
proton	938.272013	2.323846164	499861.2583	0	0
alpha	3727.379	10.83601708	499861.2583	0	0
P33	30705.30994	0.4102266492	499861.2583	0	0
K40	37216.53309	0.1268676705	499864.1783	0	0
neutron	939.56536	7.145920162	499857.5064	0	0
neutron	939.56536	3.219731034	499857.5064	0	0
deuteron	1875.613	3.505889717	499857.5064	0	0
C12	11174.86339	2.558124561	499857.5064	0	0
K40	37216.53309	0.1370818071	499863.0397	0	0
proton	938.272013	4.031743917	499866.4691	0	0
neutron	939.56536	1.2889003	499866.4691	0	0
Ar40	37215.53769	0.353985175	499866.4691	0	0
proton	938.272013	6.939196416	499859.8048	0	0
neutron	939.56536	2.494779516	499859.8048	0	0
neutron	939.56536	0.1177879985	499859.8048	0	0
deuteron	1875.613	6.678302561	499859.8048	0	0
Cl35	32564.60306	0.3304047746	499859.8048	0	0
proton	938.272013	18.68621967	499870.0812	0	0
neutron	939.56536	3.470703411	499870.0812	0	0
proton	938.272013	3.070024531	499870.0812	0	0
alpha	3727.379	8.148999977	499870.0812	0	0
P33	30705.30994	1.940588154	499870.0812	0	0
neutron	939.56536	1.55129969	499860.9145	0	0
K39	36284.76737	0.05237330336	499860.9145	0	0
Na24	22341.82218	0.2148720876	499867.9565	0	0
Na24	22341.82218	0.2094315367	499867.2582	0	0
neutron	939.56536	1.127671096	499866.839	0	0
N15	13968.93638	0.4657989079	499866.839	0	0
K40	37216.53309	0.132058697	499862.3556	0	0
neutron	939.56536	3.249693154	499864.8244	0	0
K39	36284.76737	0.1468365155	499864.8244	0	0
neutron	939.56536	30.30492825	499864.1823	0	0
proton	938.272013	5.125434389	499864.1823	0	0
proton	938.272013	2.712178243	499864.1823	0	0
Cl37	34424.84314	2.397879308	499864.1823	0	0
neutron	939.56536	1.161566772	499867.6591	0	0
K39	36284.76737	0.1807079434	499867.6591	0	0
proton	938.272013	17.45023286	499866.1668	0	0
proton	938.272013	11.35701531	499866.1668	0	0
neutron	939.56536	7.516789655	499866.1668	0	0
neutron	939.56536	5.933425582	499866.1668	0	0
neutron	939.56536	1.096035809	499866.1668	0	0
Cl35	32564.60306	0.8605394553	499866.1668	0	0
proton	938.272013	11.85236559	499862.87	0	0
neutron	939.56536	6.246597039	499862.87	0	0
neutron	939.56536	2.024191228	499862.87	0	0
neutron	939.56536	1.104838545	499862.87	0	0
Be8	7454.850296	3.768494233	499862.87	0	0
K40	37216.53309	0.1417281461	499863.8124	0	0
neutron	939.56536	4.01655548	499860.2401	0	0
Na23	21409.21625	0.08025221291	499860.2401	0	0
neutron	939.56536	0.3964937339	499859.2173	0	0
N15	13968.93638	0.2056870313	499859.2173	0	0
proton	938.272013	3.48760779	499860.2316	0	0
neutron	939.56536	3.138059152	499860.2316	0	0
neutron	939.56536	2.246744715	499860.2316	0	0
neutron	939.56536	1.772499966	499860.2316	0	0
C12	11174.86339	1.485476032	499860.2316	0	0
K40	37216.53309	0.1243910609	499866.7334	0	0
K40	37216.53309	0.1350710568	499865.5312	0	0
neutron	939.56536	0.2266551912	499867.4557	0	0
K39	36284.76737	0.1292814648	499867.4557	0	0
neutron	939.56536	4.655476378	499862.2129	0	0
neutron	939.56536	2.239003795	499862.2129	0	0
deuteron	1875.613	4.243764303	499862.2129	0	0
Ne20	18617.73218	0.4582122423	499862.2129	0	0
proton	938.272013	9.651798614	499862.8913	0	0
neutron	939.56536	4.555292566	499862.8913	0	0
Ar38	35352.87471	0.02132047674	499862.8913	0	0
K42	39078.03462	0.1241462727	499872.3158	0	0
K40	37216.53309	0.1386263312	499878.0583	0	0
Na24	22341.82218	0.1954177545	499866.3109	0	0
neutron	939.56536	0.1960117281	499874.5279	0	0
K39	36284.76737	0.1565187961	499874.5279	0	0
neutron	939.56536	1.267845637	499866.2339	0	0
K39	36284.76737	0.2047054457	499866.2339	0	0
neutron	939.56536	4.039384486	499875.7874	0	0
proton	938.272013	3.64951248	499875.7874	0	0
neutron	939.56536	0.3754907672	499875.7874	0	0
neutron	939.56536	0.2984275146	499875.7874	0	0
Ar36	33494.36994	0.2005470934	499875.7874	0	0
proton	938.272013	15.94299194	499877.0433	0	0
neutron	939.56536	9.6417208	499877.0433	0	0
neutron	939.56536	8.262605716	499877.0433	0	0
neutron	939.56536	2.565759223	499877.0433	0	0
Ar36	33494.36994	0.5953533215	499877.0433	0	0
K44	40940.26321	0.1177173125	499865.5111	0	0
neutron	939.56536	2.733882286	499871.6073	0	0
proton	938.272013	2.46803797	499871.6073	0	0
neutron	939.56536	1.919041741	499871.6073	0	0
Ne21	19550.53637	0.4308564267	499871.6073	0	0
neutron	939.56536	16.76988577	499861.0658	0	0
proton	938.272013	8.610692211	499861.0658	0	0
neutron	939.56536	3.083760675	499861.0658	0	0
neutron	939.56536	2.406510711	499861.0658	0	0
Ar36	33494.36994	0.122107422	499861.0658	0	0
neutron	939.56536	16.39372256	499861.1928	0	0
proton	938.272013	9.768765407	499861.1928	0	0
neutron	939.56536	2.829117893	499861.1928	0	0
C13	12109.48242	1.287716264	499861.1928	0	0
proton	938.272013	4.040810301	499860.552	0	0
neutron	939.56536	1.389739334	499860.552	0	0
Ar38	35352.87471	0.263205918	499860.552	0	0
neutron	939.56536	7.223344528	499863.078	0	0
neutron	939.56536	4.197855824	499863.078	0	0
alpha	3727.379	8.117802915	499863.078	0	0
B10	9324.436652	4.259034418	499863.078	0	0
Na24	22341.82218	0.1805370912	499864.3359	0	0
neutron	939.56536	0.9831906731	499867.5088	0	0
K39	36284.76737	0.2453116818	499867.5088	0	0
neutron	939.56536	1.561353908	499857.8482	0	0
N15	13968.93638	0.5320878068	499857.8482	0	0
K40	37216.53309	0.1154401465	499861.4555	0	0
neutron	939.56536	7.013263579	499861.0505	0	0
proton	938.272013	2.480027729	499861.0505	0	0
Ne22	20479.73746	0.824624819	499861.0505	0	0
Na24	22341.82218	0.2089944199	499863.617	0	0
neutron	939.56536	0.1712733143	499864.0632	0	0
K39	36284.76737	0.146975509	499864.0632	0	0
K40	37216.53309	0.1372832004	499864.0438	0	0
Na24	22341.82218	0.216585053	499860.8359	0	0
neutron	939.56536	0.1158816505	499860.0087	0	0
K39	36284.76737	0.09871920883	499860.0087	0	0
K40	37216.53309	0.1249858915	499862.7225	0	0
neutron	939.56536	0.8492179165	499861.1079	0	0
K39	36284.76737	0.1149678772	499861.1079	0	0
K40	37216.53309	0.1420181159	499861.4549	0	0
neutron	939.56536	0.4556708157	499867.6161	0	0
N15	13968.93638	0.1609887018	499867.6161	0	0
deuteron	1875.613	5.684938635	499865.2683	0	0
Ne22	20479.73746	0.9247839055	499865.2683	0	0
N16	14906.01287	0.2899550924	499866.0675	0	0
proton	938.272013	8.506519211	499871.1942	0	0
neutron	939.56536	6.231156595	499871.1942	0	0
neutron	939.56536	3.701978674	499871.1942	0	0
Ne21	19550.53637	0.9208252528	499871.1942	0	0
neutron	939.56536	27.1606252	499863.6398	0	0
proton	938.272013	3.762096437	499863.6398	0	0
neutron	939.56536	1.983944155	499863.6398	0	0
neutron	939.56536	0.7611141717	499863.6398	0	0
Ne20	18617.73218	2.346030368	499863.6398	0	0
K40	37216.53309	0.1327908861	499862.0446	0	0
proton	938.272013	18.04516115	499860.1727	0	0
proton	938.272013	4.733826946	499860.1727	0	0
neutron	939.56536	4.446213976	499860.1727	0	0
Cl37	34424.84314	0.5324644357	499860.1727	0	0
neutron	939.56536	0.7226707849	499871.7199	0	0
K39	36284.76737	0.1192101087	499871.7199	0	0
neutron	939.56536	28.57395301	499866.0093	0	0
neutron	939.56536	6.85691308	499866.0093	0	0
N14	13040.20433	2.240653051	499866.0093	0	0
proton	938.272013	14.24694524	499866.8483	0	0
neutron	939.56536	8.036954877	499866.8483	0	0
neutron	939.56536	3.487216	499866.8483	0	0
proton	938.272013	3.313102161	499866.8483	0	0
neutron	939.56536	1.651925067	499866.8483	0	0
neutron	939.56536	0.7504987771	499866.8483	0	0
Cl34	31637.68249	1.877595985	499866.8483	0	0
neutron	939.56536	26.71597162	499864.4918	0	0
alpha	3727.379	2.421999819	499864.4918	0	0
triton	2808.921	1.369553784	499864.4918	0	0
alpha	3727.379	7.444955021	499864.4918	0	0
neutron	939.56536	1.850592636	499860.8124	0	0
K39	36284.76737	0.1746427432	499860.8124	0	0
neutron	939.56536	0.3173532385	499870.7632	0	0
K39	36284.76737	0.1484835347	499870.7632	0	0
K40	37216.53309	0.1218161282	499868.806	0	0
Na24	22341.82218	0.2163801592	499863.9415	0	0
proton	938.272013	21.75351706	499857.6997	0	0
neutron	939.56536	7.502962451	499857.6997	0	0
Ar38	35352.87471	0.7754349211	499857.6997	0	0
K40	37216.53309	0.1362566288	499866.5909	0	0
neutron	939.56536	13.29442688	499864.4443	0	0
proton	938.272013	8.267676267	499864.4443	0	0
proton	938.272013	5.26180729	499864.4443	0	0
proton	938.272013	4.984267899	499864.4443	0	0
alpha	3727.379	11.84499802	499864.4443	0	0
Si32	29776.58515	2.121728572	499864.4443	0	0
neutron	939.56536	7.453576294	499862.5298	0	0
N15	13968.93638	1.287955249	499862.5298	0	0
neutron	939.56536	24.54128919	499861.6995	0	0
neutron	939.56536	4.184868015	499861.6995	0	0
neutron	939.56536	3.7356689	499861.6995	0	0
proton	938.272013	1.772246122	499861.6995	0	0
C12	11174.86339	1.097171368	499861.6995	0	0
neutron	939.56536	2.633304476	499861.2442	0	0
N15	13968.93638	0.8274461474	499861.2442	0	0
neutron	939.56536	9.249596661	499871.2815	0	0
K39	36284.76737	0.4089390585	499871.2815	0	0
neutron	939.56536	2.79002383	499864.2099	0	0
triton	2808.921	5.856069259	499864.2099	0	0
C12	11174.86339	2.116344841	499864.2099	0	0
neutron	939.56536	1.246226425	499866.3234	0	0
K39	36284.76737	0.2192051428	499866.3234	0	0
neutron	939.56536	0.1248475396	499860.7824	0	0
Na23	21409.21625	0.2159851531	499860.7824	0	0
neutron	939.56536	20.67080864	499866.4981	0	0
triton	2808.921	6.143554389	499866.4981	0	0
alpha	3727.379	2.490994692	499866.4981	0	0
Be8	7454.850296	6.219954317	499866.4981	0	0
neutron	939.56536	0.288662993	499866.8031	0	0
N15	13968.93638	0.3952095871	499866.8031	0	0
K40	37216.53309	0.1373595476	499861.9934	0	0
K40	37216.53309	0.1215427802	499865.7329	0	0
K40	37216.53309	0.1413671145	499863.6285	0	0
proton	938.272013	9.083231397	499862.8038	0	0
neutron	939.56536	4.836784063	499862.8038	0	0
proton	938.272013	2.695368123	499862.8038	0	0
F21	19556.73074	0.9315216848	499862.8038	0	0
neutron	939.56536	4.839400475	499861.5482	0	0
N15	13968.93638	0.09293708862	499861.5482	0	0
Ca40	37214.71335	0.08635199961	499885.5744	31.92178692	31.23312237
K40	37216.53309	0.1285367172	499870.6314	0	0
neutron	939.56536	6.470299383	499865.01	0	0
N15	13968.93638	0.9887372392	499865.01	0	0
proton	938.272013	37.92262492	499862.636	0	0
neutron	939.56536	2.661727095	499862.636	0	0
neutron	939.56536	1.515701002	499862.636	0	0
C13	12109.48242	1.002510701	499862.636	0	0
neutron	939.56536	6.392358169	499859.2094	0	0
proton	938.272013	4.588972344	499859.2094	0	0
Ne22	20479.73746	0.083332588	499859.2094	0	0
proton	938.272013	10.9635388	499864.6353	0	0
neutron	939.56536	3.70444593	499864.6353	0	0
C14	13040.87134	0.6177754338	499864.6353	0	0
neutron	939.56536	9.761312776	499866.5896	0	0
proton	938.272013	8.249448913	499866.5896	0	0
neutron	939.56536	1.105138576	499866.5896	0	0
neutron	939.56536	0.7080558842	499866.5896	0	0
Ar36	33494.36994	0.384521307	499866.5896	0	0
N16	14906.01287	0.2981914863	499868.7222	0	0
K40	37216.53309	0.1391607839	499867.6814	0	0
Na25	23272.37635	0.212531425	499866.0046	0	0
proton	938.272013	8.526616841	499858.7912	0	0
neutron	939.56536	5.468808708	499858.7912	0	0
Ar38	35352.87471	0.05204019787	499858.7912	0	0
neutron	939.56536	0.3599099163	499861.6861	0	0
K39	36284.76737	0.07883248472	499861.6861	0	0
proton	938.272013	6.35898717	499869.373	0	0
neutron	939.56536	5.904021768	499869.373	0	0
neutron	939.56536	5.256821611	499869.373	0	0
neutron	939.56536	2.248951553	499869.373	0	0
Be8	7454.850296	1.798236004	499869.373	0	0
K40	37216.53309	0.1308580667	499867.5837	0	0
Na25	23272.37635	0.2060237904	499868.9988	0	0
proton	938.272013	11.58172688	499857.0852	0	0
proton	938.272013	7.102981166	499857.0852	0	0
neutron	939.56536	3.880693443	499857.0852	0	0
neutron	939.56536	0.4468576019	499857.0852	0	0
Cl36	33495.58861	0.384684983	499857.0852	0	0
neutron	939.56536	8.092388067	499866.6818	0	0
proton	938.272013	7.80211738	499866.6818	0	0
neutron	939.56536	2.386823769	499866.6818	0	0
C13	12109.48242	0.7349989494	499866.6818	0	0
neutron	939.56536	2.875135267	499866.3711	0	0
Na23	21409.21625	0.4993118584	499866.3711	0	0
neutron	939.56536	10.31272877	499864.0096	0	0
proton	938.272013	6.6553226	499864.0096	0	0
neutron	939.56536	5.686088265	499864.0096	0	0
alpha	3727.379	7.560654308	499864.0096	0	0
O17	15830.5038	3.069511502	499864.0096	0	0
K40	37216.53309	0.1392168195	499872.994	0	0
neutron	939.56536	2.88869193	499864.4621	0	0
K39	36284.76737	0.2321383293	499864.4621	0	0
neutron	939.56536	1.569743423	499867.0706	0	0
K39	36284.76737	0.176019026	499867.0706	0	0
K40	37216.53309	0.1295473065	499864.7029	0	0
neutron	939.56536	0.2797306855	499870.4075	0	0
K39	36284.76737	0.127653222	499870.4075	0	0
proton	938.272013	28.06636281	499863.0401	0	0
neutron	939.56536	3.65610316	499863.0401	0	0
neutron	939.56536	3.249960073	499863.0401	0	0
proton	938.272013	2.509670389	499863.0401	0	0
neutron	939.56536	0.2710374614	499863.0401	0	0
Cl35	32564.60306	1.795143164	499863.0401	0	0
proton	938.272013	10.97955442	499859.2035	0	0
neutron	939.56536	3.773556864	499859.2035	0	0
neutron	939.56536	0.4243819482	499859.2035	0	0
C13	12109.48242	1.506006336	499859.2035	0	0
neutron	939.56536	6.399773194	499857.6075	0	0
neutron	939.56536	5.288157109	499857.6075	0	0
proton	938.272013	3.403839373	499857.6075	0	0
neutron	939.56536	2.665922291	499857.6075	0	0
C12	11174.86339	3.921199075	499857.6075	0	0
K40	37216.53309	0.1420701835	499864.6729	0	0
K40	37216.53309	0.1233801111	499856.6671	0	0
proton	938.272013	4.005976404	499867.0234	0	0
proton	938.272013	3.905695166	499867.0234	0	0
neutron	939.56536	1.240587526	499867.0234	0	0
deuteron	1875.613	4.714491586	499867.0234	0	0
S35	32565.27968	0.0798142964	499867.0234	0	0
neutron	939.56536	5.53218662	499867.7028	0	0
proton	938.272013	3.773684661	499867.7028	0	0
C14	13040.87134	0.1141164582	499867.7028	0	0
neutron	939.56536	10.05577998	499867.7623	0	0
neutron	939.56536	8.249174655	499867.7623	0	0
neutron	939.56536	6.000418439	499867.7623	0	0
proton	938.272013	1.035239949	499867.7623	0	0
C12	11174.86339	0.592736969	499867.7623	0	0
O16	14895.08153	0.2532640876	499959.0044	78.43111278	78.08994903
K40	37216.53309	0.1233271381	499863.8935	0	0
neutron	939.56536	5.811358538	499859.4543	0	0
proton	938.272013	4.679151214	499859.4543	0	0
C14	13040.87134	0.2777454559	499859.4543	0	0
K40	37216.53309	0.1415053211	499861.1194	0	0
neutron	939.56536	0.1617828647	499864.3562	0	0
K39	36284.76737	0.1311425696	499864.3562	0	0
Na24	22341.82218	0.2187463659	499855.5418	0	0
K40	37216.53309	0.1303501827	499866.8985	0	0
neutron	939.56536	22.14874478	499865.4711	0	0
proton	938.272013	5.683169361	499865.4711	0	0
neutron	939.56536	4.175699395	499865.4711	0	0
neutron	939.56536	0.887319747	499865.4711	0	0
Ar36	33494.36994	0.2554813576	499865.4711	0	0
proton	938.272013	6.954478147	499861.0071	0	0
proton	938.272013	4.518791468	499861.0071	0	0
neutron	939.56536	4.499016789	499861.0071	0	0
neutron	939.56536	3.613972544	499861.0071	0	0
neutron	939.56536	2.596417794	499861.0071	0	0
Cl35	32564.60306	0.5329548423	499861.0071	0	0
neutron	939.56536	0.820500565	499862.605	0	0
B11	10252.54787	0.3578674442	499862.605	0	0
neutron	939.56536	2.360876057	499861.7337	0	0
B11	10252.54787	0.07590921601	499861.7337	0	0
neutron	939.56536	24.27494565	499861.4577	0	0
neutron	939.56536	5.27270095	499861.4577	0	0
neutron	939.56536	4.264627216	499861.4577	0	0
proton	938.272013	3.652025724	499861.4577	0	0
Ar36	33494.36994	1.06125096	499861.4577	0	0
N16	14906.01287	0.2829438789	499865.2054	0	0
neutron	939.56536	3.476070498	499864.6412	0	0
B11	10252.54787	0.8773875608	499864.6412	0	0
K40	37216.53309	0.1336376125	499867.7751	0	0
neutron	939.56536	1.112126061	499864.1814	0	0
K39	36284.76737	0.1325326491	499864.1814	0	0
neutron	939.56536	8.615675734	499870.1291	0	0
proton	938.272013	4.876681541	499870.1291	0	0
Ar38	35352.87471	0.3217713062	499870.1291	0	0
proton	938.272013	5.531409252	499862.8954	0	0
neutron	939.56536	1.700939659	499862.8954	0	0
alpha	3727.379	7.703549993	499862.8954	0	0
S34	31632.70018	0.4182268646	499862.8954	0	0
K40	37216.53309	0.1429579554	499868.4186	0	0
neutron	939.56536	32.62778343	499862.2736	0	0
proton	938.272013	10.42368841	499862.2736	0	0
proton	938.272013	3.269203424	499862.2736	0	0
Cl37	34424.84314	0.7893261079	499862.2736	0	0
N16	14906.01287	0.2864079951	499866.2765	0	0
proton	938.272013	38.82821165	499867.9394	0	0
neutron	939.56536	12.14756222	499867.9394	0	0
neutron	939.56536	3.46334103	499867.9394	0	0
neutron	939.56536	2.375785673	499867.9394	0	0
Ar36	33494.36994	1.718261015	499867.9394	0	0
K40	37216.53309	0.1292265306	499866.0101	0	0
proton	938.272013	9.174892931	499856.8643	0	0
neutron	939.56536	2.498574142	499856.8643	0	0
Ar38	35352.87471	0.3938130986	499856.8643	0	0
neutron	939.56536	12.08486248	499858.3961	0	0
neutron	939.56536	1.077452103	499858.3961	0	0
deuteron	1875.613	6.549826093	499858.3961	0	0
Ar36	33494.36994	0.6280942578	499858.3961	0	0
K40	37216.53309	0.1349838739	499863.3228	0	0
neutron	939.56536	0.5858230438	499863.8441	0	0
K39	36284.76737	0.107321084	499863.8441	0	0
neutron	939.56536	30.31239456	499867.4796	0	0
neutron	939.56536	11.219275	499867.4796	0	0
Na23	21409.21625	1.22597553	499867.4796	0	0
proton	938.272013	22.98172543	499866.3664	0	0
neutron	939.56536	5.670251502	499866.3664	0	0
neutron	939.56536	4.628035046	499866.3664	0	0
neutron	939.56536	4.565999856	499866.3664	0	0
C12	11174.86339	2.259219294	499866.3664	0	0
K40	37216.53309	0.1367798803	499865.4382	0	0
deuteron	1875.613	9.739978377	499860.9948	0	0
Ar38	35352.87471	0.7134610968	499860.9948	0	0
neutron	939.56536	10.59867233	499872.427	0	0
proton	938.272013	6.975991702	499872.427	0	0
proton	938.272013	5.614395929	499872.427	0	0
neutron	939.56536	4.176100987	499872.427	0	0
proton	938.272013	2.979298333	499872.427	0	0
neutron	939.56536	2.588332899	499872.427	0	0
S34	31632.70018	0.4508654496	499872.427	0	0
neutron	939.56536	5.992685482	499865.7787	0	0
neutron	939.56536	3.468248478	499865.7787	0	0
proton	938.272013	3.127325171	499865.7787	0	0
neutron	939.56536	2.392925473	499865.7787	0	0
Be8	7454.850296	0.4888937038	499865.7787	0	0
neutron	939.56536	1.444558657	499864.0078	0	0
N15	13968.93638	0.1710297616	499864.0078	0	0
neutron	939.56536	1.009677163	499861.392	0	0
Na23	21409.21625	0.1009840261	499861.392	0	0
Na24	22341.82218	0.1967157387	499860.0096	0	0
proton	938.272013	4.020254918	499859.6964	0	0
neutron	939.56536	1.161762173	499859.6964	0	0
neutron	939.56536	0.2800769786	499859.6964	0	0
Ar37	34425.14786	0.09656094835	499859.6964	0	0
K40	37216.53309	0.1310028187	499867.0166	0	0
neutron	939.56536	28.61387522	499864.7289	0	0
proton	938.272013	3.367077057	499864.7289	0	0
neutron	939.56536	1.794911321	499864.7289	0	0
neutron	939.56536	1.216229822	499864.7289	0	0
Ar36	33494.36994	1.266195491	499864.7289	0	0
N16	14906.01287	0.273742788	499859.3671	0	0
neutron	939.56536	18.33315906	499870.1707	0	0
proton	938.272013	1.401300925	499870.1707	0	0
Ne22	20479.73746	0.755957194	499870.1707	0	0
neutron	939.56536	13.64796176	499868.0961	0	0
neutron	939.56536	1.415428242	499868.0961	0	0
N14	13040.20433	0.3198104726	499868.0961	0	0
K40	37216.53309	0.117024808	499861.4317	0	0
neutron	939.56536	32.23329255	499861.2666	0	0
neutron	939.56536	6.939485218	499861.2666	0	0
proton	938.272013	3.96798511	499861.2666	0	0
neutron	939.56536	3.234175136	499861.2666	0	0
Ar36	33494.36994	1.57622677	499861.2666	0	0
neutron	939.56536	6.106144646	499865.1979	0	0
neutron	939.56536	2.260328561	499865.1979	0	0
N14	13040.20433	0.07504900158	499865.1979	0	0
proton	938.272013	5.204142115	499869.0875	0	0
proton	938.272013	3.712681283	499869.0875	0	0
neutron	939.56536	3.22874703	499869.0875	0	0
Cl37	34424.84314	0.4220423136	499869.0875	0	0
neutron	939.56536	3.285987648	499861.288	0	0
K43	40007.97528	0.01225167016	499861.288	0	0
K40	37216.53309	0.1368507641	499856.6959	0	0
proton	938.272013	6.009624091	499864.066	0	0
neutron	939.56536	1.596841761	499864.066	0	0
Ar38	35352.87471	0.5621960136	499864.066	0	0
neutron	939.56536	11.5396816	499866.3683	0	0
neutron	939.56536	8.100955708	499866.3683	0	0
proton	938.272013	6.345795015	499866.3683	0	0
neutron	939.56536	1.506330095	499866.3683	0	0
Ar36	33494.36994	0.5368169213	499866.3683	0	0
proton	938.272013	6.978761628	499860.5892	0	0
neutron	939.56536	2.893616621	499860.5892	0	0
Ar38	35352.87471	0.4764654061	499860.5892	0	0
neutron	939.56536	0.4102525755	499860.4113	0	0
K39	36284.76737	0.1902869675	499860.4113	0	0
neutron	939.56536	34.81705341	499860.0022	0	0
neutron	939.56536	5.104518748	499860.0022	0	0
proton	938.272013	4.248932222	499860.0022	0	0
neutron	939.56536	1.391566906	499860.0022	0	0
Ar36	33494.36994	0.2640863608	499860.0022	0	0
K40	37216.53309	0.1194424426	499858.69	0	0
neutron	939.56536	0.1627314224	499863.6337	0	0
K39	36284.76737	0.1133046782	499863.6337	0	0
K40	37216.53309	0.1224406392	499864.2022	0	0
proton	938.272013	7.934448374	499865.0471	0	0
neutron	939.56536	3.01441737	499865.0471	0	0
Ar38	35352.87471	0.2641390321	499865.0471	0	0
neutron	939.56536	1.292710692	499859.5111	0	0
Na25	23272.37635	0.09075725868	499859.5111	0	0
neutron	939.56536	15.44654095	499860.0232	0	0
proton	938.272013	5.842676164	499860.0232	0	0
neutron	939.56536	5.622726839	499860.0232	0	0
neutron	939.56536	4.322912497	499860.0232	0	0
alpha	3727.379	1.978258642	499860.0232	0	0
Be8	7454.850296	3.496665004	499860.0232	0	0
proton	938.272013	8.432778171	499878.9574	0	0
neutron	939.56536	2.793555531	499878.9574	0	0
neutron	939.56536	1.386927887	499878.9574	0	0
Ar37	34425.14786	0.6335401743	499878.9574	0	0
neutron	939.56536	5.983005644	499864.3149	0	0
neutron	939.56536	2.375165588	499864.3149	0	0
proton	938.272013	1.503888603	499864.3149	0	0
Ne21	19550.53637	1.038299732	499864.3149	0	0
neutron	939.56536	3.092787249	499862.7436	0	0
neutron	939.56536	0.4636361171	499862.7436	0	0
deuteron	1875.613	14.6582888	499862.7436	0	0
Ar36	33494.36994	0.8560801999	499862.7436	0	0
Na26	24206.36741	0.1789826873	499866.3324	0	0
K40	37216.53309	0.1141921807	499870.7032	0	0
proton	938.272013	3.793132185	499864.638	0	0
neutron	939.56536	2.485333027	499864.638	0	0
Ar38	35352.87471	0.115167984	499864.638	0	0
K40	37216.53309	0.1144101675	499865.6454	0	0
proton	938.272013	3.582200762	499870.7682	0	0
neutron	939.56536	0.6481950824	499870.7682	0	0
Ar38	35352.87471	0.06213674362	499870.7682	0	0
neutron	939.56536	12.87237039	499865.749	0	0
neutron	939.56536	10.08209043	499865.749	0	0
proton	938.272013	4.546098092	499865.749	0	0
neutron	939.56536	1.843565897	499865.749	0	0
Ar36	33494.36994	0.2430833389	499865.749	0	0
K40	37216.53309	0.1271964338	499861.0898	0	0
neutron	939.56536	31.39016297	499860.6722	0	0
proton	938.272013	6.469099146	499860.6722	0	0
Be10	9325.504169	3.598459576	499860.6722	0	0
neutron	939.56536	12.49297079	499864.6194	0	0
proton	938.272013	4.759338162	499864.6194	0	0
neutron	939.56536	2.101584589	499864.6194	0	0
neutron	939.56536	0.6189316359	499864.6194	0	0
C12	11174.86339	2.903580272	499864.6194	0	0
neutron	939.56536	4.383981404	499856.6973	0	0
triton	2808.921	4.13948216	499856.6973	0	0
Be8	7454.850296	0.2770894615	499856.6973	0	0
K40	37216.53309	0.1202443687	499863.6183	0	0
neutron	939.56536	3.268588951	499863.1001	0	0
N15	13968.93638	0.05630239173	499863.1001	0	0
Na24	22341.82218	0.2024332108	499866.4443	0	0
K40	37216.53309	0.1275066137	499862.6682	0	0
neutron	939.56536	6.755342804	499868.8832	0	0
proton	938.272013	1.841782928	499868.8832	0	0
Ne22	20479.73746	0.8175531944	499868.8832	0	0
neutron	939.56536	1.775031694	499862.145	0	0
Na23	21409.21625	0.08170286417	499862.145	0	0
Na24	22341.82218	0.1843331323	499861.2952	0	0
proton	938.272013	6.595678154	499865.6376	0	0
neutron	939.56536	5.624506298	499865.6376	0	0
neutron	939.56536	3.302592369	499865.6376	0	0
neutron	939.56536	2.281725615	499865.6376	0	0
C12	11174.86339	0.9616500893	499865.6376	0	0
neutron	939.56536	0.9666969245	499867.5497	0	0
N15	13968.93638	0.3878914641	499867.5497	0	0
neutron	939.56536	2.991675177	499865.1114	0	0
K39	36284.76737	0.1234606531	499865.1114	0	0
neutron	939.56536	0.622813692	499864.8804	0	0
K39	36284.76737	0.1036169394	499864.8804	0	0
proton	938.272013	5.384870395	499863.3293	0	0
neutron	939.56536	3.153859505	499863.3293	0	0
Ar38	35352.87471	0.2713786862	499863.3293	0	0
proton	938.272013	3.327134905	499862.178	0	0
neutron	939.56536	1.640839772	499862.178	0	0
alpha	3727.379	8.218796926	499862.178	0	0
S34	31632.70018	1.757339832	499862.178	0	0
Na24	22341.82218	0.1811567644	499869.1367	0	0
proton	938.272013	2.924020371	499870.6853	0	0
neutron	939.56536	0.5604130632	499870.6853	0	0
Ar38	35352.87471	0.1723707777	499870.6853	0	0
proton	938.272013	4.645276563	499869.0494	0	0
neutron	939.56536	4.181435069	499869.0494	0	0
neutron	939.56536	0.6333474005	499869.0494	0	0
Ar37	34425.14786	0.3642084678	499869.0494	0	0
neutron	939.56536	0.4364644488	499861.9329	0	0
K39	36284.76737	0.202956607	499861.9329	0	0
neutron	939.56536	42.97397013	499860.8182	0	0
proton	938.272013	3.305489825	499860.8182	0	0
neutron	939.56536	2.731331547	499860.8182	0	0
neutron	939.56536	2.168906293	499860.8182	0	0
C12	11174.86339	2.592264404	499860.8182	0	0
neutron	939.56536	1.026398842	499867.0358	0	0
K39	36284.76737	0.2576975664	499867.0358	0	0
K40	37216.53309	0.1306055222	499866.1815	0	0
neutron	939.56536	0.4952407962	499870.2062	0	0
K39	36284.76737	0.1522997301	499870.2062	0	0
proton	938.272013	6.455780562	499865.7977	0	0
neutron	939.56536	0.9260477951	499865.7977	0	0
neutron	939.56536	0.6815770415	499865.7977	0	0
Ar37	34425.14786	0.2776050817	499865.7977	0	0
K40	37216.53309	0.1262643661	499866.0556	0	0
neutron	939.56536	30.78404345	499867.2144	0	0
proton	938.272013	7.457746509	499867.2144	0	0
neutron	939.56536	0.8617828755	499867.2144	0	0
Ne21	19550.53637	2.173376077	499867.2144	0	0
proton	938.272013	2.936536837	499873.3912	0	0
neutron	939.56536	0.9570629861	499873.3912	0	0
Ar38	35352.87471	0.1506565199	499873.3912	0	0
neutron	939.56536	16.51121865	499869.5273	0	0
proton	938.272013	10.66390449	499869.5273	0	0
proton	938.272013	4.33347905	499869.5273	0	0
Cl37	34424.84314	0.9901156161	499869.5273	0	0
proton	938.272013	11.00073812	499860.6992	0	0
neutron	939.56536	6.151486018	499860.6992	0	0
neutron	939.56536	2.087468714	499860.6992	0	0
Ar37	34425.14786	1.027022927	499860.6992	0	0
neutron	939.56536	0.852760069	499871.6357	0	0
K39	36284.76737	0.09456404686	499871.6357	0	0
neutron	939.56536	13.13080168	499867.5017	0	0
neutron	939.56536	3.592752817	499867.5017	0	0
N14	13040.20433	0.8373981035	499867.5017	0	0
K40	37216.53309	0.119993004	499868.7827	0	0
neutron	939.56536	0.4432069692	499858.8815	0	0
deuteron	1875.613	5.157182665	499858.8815	0	0
Ne21	19550.53637	1.150332798	499858.8815	0	0
proton	938.272013	15.49483014	499867.5766	0	0
neutron	939.56536	7.820815244	499867.5766	0	0
neutron	939.56536	0.1896802168	499867.5766	0	0
neutron	939.56536	0.1892079428	499867.5766	0	0
C12	11174.86339	0.8823058471	499867.5766	0	0
K40	37216.53309	0.1418895928	499862.9355	0	0
proton	938.272013	13.84471204	499871.5889	0	0
neutron	939.56536	13.36180167	499871.5889	0	0
proton	938.272013	11.18327606	499871.5889	0	0
neutron	939.56536	0.9857157487	499871.5889	0	0
alpha	3727.379	7.71852682	499871.5889	0	0
P32	29775.84838	0.7878312331	499871.5889	0	0
neutron	939.56536	4.00848881	499864.9034	0	0
K39	36284.76737	0.08067248989	499864.9034	0	0
neutron	939.56536	2.126406418	499866.4402	0	0
K39	36284.76737	0.2886555966	499866.4402	0	0
neutron	939.56536	16.81238101	499864.1456	0	0
proton	938.272013	7.330295344	499864.1456	0	0
Ar38	35352.87471	0.2608143145	499864.1456	0	0
neutron	939.56536	17.57170638	499871.5705	0	0
proton	938.272013	13.3333372	499871.5705	0	0
neutron	939.56536	7.283869247	499871.5705	0	0
neutron	939.56536	3.134724086	499871.5705	0	0
Ar36	33494.36994	0.3115507478	499871.5705	0	0
Na24	22341.82218	0.1870169167	499856.2218	0	0
proton	938.272013	9.039749309	499857.3115	0	0
neutron	939.56536	2.180949197	499857.3115	0	0
Ar38	35352.87471	0.1736647186	499857.3115	0	0
proton	938.272013	7.446993661	499864.3913	0	0
neutron	939.56536	5.555256306	499864.3913	0	0
proton	938.272013	4.594693685	499864.3913	0	0
neutron	939.56536	3.262187838	499864.3913	0	0
neutron	939.56536	1.768238005	499864.3913	0	0
F19	17692.30285	0.2955741812	499864.3913	0	0
proton	938.272013	14.46147188	499867.6718	0	0
neutron	939.56536	8.457101586	499867.6718	0	0
neutron	939.56536	0.6351672702	499867.6718	0	0
Ar37	34425.14786	1.11991283	499867.6718	0	0
neutron	939.56536	5.783787945	499864.4893	0	0
triton	2808.921	4.604807419	499864.4893	0	0
Be8	7454.850296	3.212745535	499864.4893	0	0
neutron	939.56536	5.55234366	499861.422	0	0
proton	938.272013	1.656351842	499861.422	0	0
Ne22	20479.73746	0.5985450509	499861.422	0	0
neutron	939.56536	2.335910449	499868.3388	0	0
Na23	21409.21625	0.03335431825	499868.3388	0	0
neutron	939.56536	13.17334449	499866.4697	0	0
triton	2808.921	2.576779161	499866.4697	0	0
alpha	3727.379	6.287580984	499866.4697	0	0
alpha	3727.379	2.638607093	499866.4697	0	0
proton	938.272013	7.634623831	499866.5683	0	0
proton	938.272013	5.633440983	499866.5683	0	0
neutron	939.56536	2.07791082	499866.5683	0	0
neutron	939.56536	0.2204675074	499866.5683	0	0
Cl36	33495.58861	0.9694727915	499866.5683	0	0
K40	37216.53309	0.1209327761	499861.1154	0	0
neutron	939.56536	25.37244953	499867.6083	0	0
neutron	939.56536	1.81658277	499867.6083	0	0
proton	938.272013	1.704793312	499867.6083	0	0
C13	12109.48242	1.987424953	499867.6083	0	0
Ca40	37214.71335	0.4804366832	499966.6347	83.10964042	82.61394841
neutron	939.56536	0.4221148062	499864.5197	0	0
Na23	21409.21625	0.3014212504	499864.5197	0	0
neutron	939.56536	0.3277268796	499866.5162	0	0
K39	36284.76737	0.09022753565	499866.5162	0	0
neutron	939.56536	0.7663504603	499859.1955	0	0
K39	36284.76737	0.1328387567	499859.1955	0	0
neutron	939.56536	0.1267481888	499873.3081	0	0
Na23	21409.21625	0.2015193866	499873.3081	0	0
neutron	939.56536	1.084204957	499862.6946	0	0
K39	36284.76737	0.1025185414	499862.6946	0	0
proton	938.272013	3.799947966	499857.4074	0	0
neutron	939.56536	1.140967766	499857.4074	0	0
Ar38	35352.87471	0.02124226832	499857.4074	0	0
K40	37216.53309	0.1326522979	499866.7228	0	0
neutron	939.56536	0.7351822017	499862.5648	0	0
K39	36284.76737	0.09023698923	499862.5648	0	0
neutron	939.56536	3.760632597	499873.5401	0	0
neutron	939.56536	3.135003683	499873.5401	0	0
Na22	20482.07056	0.2295234329	499873.5401	0	0
neutron	939.56536	48.00768531	499862.8869	0	0
neutron	939.56536	11.74645692	499862.8869	0	0
Na24	22341.82218	1.658635454	499862.8869	0	0
K40	37216.53309	0.1378691809	499861.9419	0	0
proton	938.272013	9.453718875	499868.5967	0	0
proton	938.272013	6.416060567	499868.5967	0	0
neutron	939.56536	4.390544362	499868.5967	0	0
neutron	939.56536	3.722077298	499868.5967	0	0
neutron	939.56536	0.3144577089	499868.5967	0	0
deuteron	1875.613	3.758843849	499868.5967	0	0
S33	30704.55199	1.121227065	499868.5967	0	0
Na24	22341.82218	0.201726711	499864.4237	0	0
neutron	939.56536	5.108828702	499863.2932	0	0
triton	2808.921	6.134650908	499863.2932	0	0
alpha	3727.379	7.024738762	499863.2932	0	0
Be8	7454.850296	5.086514294	499863.2932	0	0
Na24	22341.82218	0.2148574161	499862.225	0	0
neutron	939.56536	23.82406215	499864.6873	0	0
neutron	939.56536	6.113709025	499864.6873	0	0
neutron	939.56536	4.229671005	499864.6873	0	0
proton	938.272013	1.091293704	499864.6873	0	0
C12	11174.86339	5.157155631	499864.6873	0	0
neutron	939.56536	7.368650864	499866.4108	0	0
neutron	939.56536	5.521636271	499866.4108	0	0
neutron	939.56536	3.14611256	499866.4108	0	0
proton	938.272013	1.545754843	499866.4108	0	0
Be8	7454.850296	3.414749851	499866.4108	0	0
Na24	22341.82218	0.2191338992	499861.8917	0	0
K40	37216.53309	0.1341777707	499864.2713	0	0
proton	938.272013	5.782061649	499867.4321	0	0
neutron	939.56536	1.556704471	499867.4321	0	0
neutron	939.56536	1.433190883	499867.4321	0	0
Ar37	34425.14786	0.3879609995	499867.4321	0	0
K40	37216.53309	0.1271669214	499865.4395	0	0
neutron	939.56536	8.868851033	499862.0287	0	0
deuteron	1875.613	2.506947099	499862.0287	0	0
C13	12109.48242	1.31934139	499862.0287	0	0
neutron	939.56536	2.430127755	499864.3463	0	0
K39	36284.76737	0.2221616922	499864.3463	0	0
K40	37216.53309	0.1266207924	499864.8286	0	0
neutron	939.56536	3.680455276	499860.366	0	0
alpha	3727.379	8.546002504	499860.366	0	0
Cl35	32564.60306	0.4726464676	499860.366	0	0
Na24	22341.82218	0.2107399532	499863.8182	0	0
proton	938.272013	9.869601629	499864.741	0	0
neutron	939.56536	8.363848931	499864.741	0	0
neutron	939.56536	2.872760813	499864.741	0	0
neutron	939.56536	1.223945192	499864.741	0	0
alpha	3727.379	6.029530255	499864.741	0	0
Be8	7454.850296	3.023501796	499864.741	0	0
neutron	939.56536	0.5781813757	499874.0706	0	0
K39	36284.76737	0.1467957505	499874.0706	0	0
K40	37216.53309	0.1319574414	499861.7233	0	0
K40	37216.53309	0.1375843915	499856.2247	0	0
neutron	939.56536	14.24054782	499857.9996	0	0
proton	938.272013	3.394945473	499857.9996	0	0
neutron	939.56536	1.747865905	499857.9996	0	0
Ar37	34425.14786	0.7357374676	499857.9996	0	0
neutron	939.56536	6.819881153	499867.8895	0	0
proton	938.272013	6.582414103	499867.8895	0	0
Ar38	35352.87471	0.01521496799	499867.8895	0	0
neutron	939.56536	0.1263661513	499870.3868	0	0
N15	13968.93638	0.2478027941	499870.3868	0	0
Na24	22341.82218	0.2169176367	499858.9198	0	0
Na24	22341.82218	0.2043751477	499868.0292	0	0
proton	938.272013	4.039405588	499863.5257	0	0
neutron	939.56536	1.357953691	499863.5257	0	0
neutron	939.56536	1.087114576	499863.5257	0	0
neutron	939.56536	0.6896338688	499863.5257	0	0
Ar36	33494.36994	0.4404630321	499863.5257	0	0
proton	938.272013	25.70571435	499861.1889	0	0
neutron	939.56536	22.56562696	499861.1889	0	0
alpha	3727.379	8.739507173	499861.1889	0	0
S34	31632.70018	0.9378512469	499861.1889	0	0
K40	37216.53309	0.120994561	499859.8448	0	0
K40	37216.53309	0.1314400279	499860.1221	0	0
K40	37216.53309	0.1374162414	499870.4504	0	0
K40	37216.53309	0.1351560683	499860.9505	0	0
proton	938.272013	6.489473091	499869.3693	0	0
neutron	939.56536	1.313152567	499869.3693	0	0
Ar38	35352.87471	0.3023961359	499869.3693	0	0
neutron	939.56536	13.46311166	499864.1163	0	0
neutron	939.56536	12.83204198	499864.1163	0	0
proton	938.272013	9.002109014	499864.1163	0	0
Ar37	34425.14786	0.853190267	499864.1163	0	0
K40	37216.53309	0.1301091517	499873.2315	0	0
K40	37216.53309	0.1379518382	499866.4964	0	0
K40	37216.53309	0.1425891515	499857.9083	0	0
K40	37216.53309	0.1363418446	499864.41	0	0
neutron	939.56536	2.306340786	499865.1595	0	0
B11	10252.54787	0.5260078017	499865.1595	0	0
neutron	939.56536	5.607125713	499867.2894	0	0
neutron	939.56536	0.5856591777	499867.2894	0	0
Na24	22341.82218	0.1000423885	499867.2894	0	0
neutron	939.56536	1.728692648	499867.3665	0	0
N15	13968.93638	0.5230526591	499867.3665	0	0
neutron	939.56536	12.82568575	499866.7803	0	0
neutron	939.56536	4.265036196	499866.7803	0	0
neutron	939.56536	1.785659222	499866.7803	0	0
Na23	21409.21625	0.2352768736	499866.7803	0	0
K40	37216.53309	0.142492085	499863.35	0	0
neutron	939.56536	14.01160039	499863.2723	0	0
neutron	939.56536	1.007826229	499863.2723	0	0
N14	13040.20433	1.754852903	499863.2723	0	0
neutron	939.56536	8.736408918	499864.8035	0	0
neutron	939.56536	3.045933162	499864.8035	0	0
alpha	3727.379	10.35536188	499864.8035	0	0
B10	9324.436652	1.953953011	499864.8035	0	0
neutron	939.56536	3.131796844	499858.9518	0	0
Na23	21409.21625	0.4900130165	499858.9518	0	0
K40	37216.53309	0.1289809004	499865.6186	0	0
neutron	939.56536	1.676921932	499858.2128	0	0
neutron	939.56536	0.3982608929	499858.2128	0	0
N14	13040.20433	0.2721995934	499858.2128	0	0
proton	938.272013	6.169960056	499869.5596	0	0
neutron	939.56536	5.642050685	499869.5596	0	0
neutron	939.56536	0.07428685128	499869.5596	0	0
Ar37	34425.14786	0.2827108924	499869.5596	0	0
neutron	939.56536	7.119329666	499864.0017	0	0
proton	938.272013	5.019418147	499864.0017	0	0
neutron	939.56536	2.313045311	499864.0017	0	0
Ar37	34425.14786	0.77275718	499864.0017	0	0
neutron	939.56536	2.145038486	499866.3474	0	0
K39	36284.76737	0.07332534981	499866.3474	0	0
neutron	939.56536	30.31800575	499864.4408	0	0
neutron	939.56536	9.161816026	499864.4408	0	0
N14	13040.20433	1.451526408	499864.4408	0	0
K40	37216.53309	0.1182063042	499859.4528	0	0
K40	37216.53309	0.1352562296	499867.1427	0	0
proton	938.272013	13.50893184	499868.9226	0	0
neutron	939.56536	6.092703521	499868.9226	0	0
proton	938.272013	3.21403672	499868.9226	0	0
Cl37	34424.84314	1.236985945	499868.9226	0	0
K40	37216.53309	0.1389924868	499867.9125	0	0
K40	37216.53309	0.1397886807	499869.4585	0	0
neutron	939.56536	0.758996704	499863.4636	0	0
K39	36284.76737	0.1698941536	499863.4636	0	0
neutron	939.56536	0.1994302848	499860.6741	0	0
K39	36284.76737	0.1392598358	499860.6741	0	0
proton	938.272013	7.923634539	499871.8602	0	0
neutron	939.56536	2.878243226	499871.8602	0	0
Ar38	35352.87471	0.2605967925	499871.8602	0	0
K40	37216.53309	0.1423866735	499867.138	0	0
proton	938.272013	4.5328111	499872.0056	0	0
neutron	939.56536	2.719289096	499872.0056	0	0
neutron	939.56536	2.375202216	499872.0056	0	0
neutron	939.56536	0.4822291589	499872.0056	0	0
Ar36	33494.36994	0.3643610243	499872.0056	0	0
proton	938.272013	8.257937111	499855.7038	0	0
neutron	939.56536	6.105930957	499855.7038	0	0
neutron	939.56536	3.216972766	499855.7038	0	0
neutron	939.56536	2.888272856	499855.7038	0	0
Ar36	33494.36994	1.960002599	499855.7038	0	0
proton	938.272013	6.670854699	499860.11	0	0
neutron	939.56536	0.7802402963	499860.11	0	0
Ar38	35352.87471	0.2071154463	499860.11	0	0
neutron	939.56536	40.88174015	499865.2179	0	0
proton	938.272013	5.458323664	499865.2179	0	0
proton	938.272013	5.212763833	499865.2179	0	0
Cl37	34424.84314	0.5519104849	499865.2179	0	0
neutron	939.56536	12.09217261	499859.8836	0	0
neutron	939.56536	7.775222789	499859.8836	0	0
proton	938.272013	4.85742757	499859.8836	0	0
neutron	939.56536	2.923280844	499859.8836	0	0
Ne22	20479.73746	1.291101175	499859.8836	0	0
neutron	939.56536	8.946612058	499860.0052	0	0
neutron	939.56536	8.249578444	499860.0052	0	0
proton	938.272013	4.340194247	499860.0052	0	0
proton	938.272013	4.303727125	499860.0052	0	0
neutron	939.56536	1.517793263	499860.0052	0	0
Cl35	32564.60306	0.3537555184	499860.0052	0	0
proton	938.272013	5.811276815	499868.4968	0	0
neutron	939.56536	3.892967884	499868.4968	0	0
neutron	939.56536	2.356672025	499868.4968	0	0
neutron	939.56536	0.9674494312	499868.4968	0	0
Ar36	33494.36994	0.2887533119	499868.4968	0	0
neutron	939.56536	0.03727960927	499861.8396	0	0
K39	36284.76737	0.107397581	499861.8396	0	0
K40	37216.53309	0.1343837416	499863.2365	0	0
neutron	939.56536	15.83380033	499868.9222	0	0
neutron	939.56536	12.03752898	499868.9222	0	0
deuteron	1875.613	10.66734534	499868.9222	0	0
Ar36	33494.36994	0.7736982273	499868.9222	0	0
K40	37216.53309	0.1204585608	499869.0274	0	0
neutron	939.56536	1.91194974	499867.6302	0	0
N15	13968.93638	0.3685631465	499867.6302	0	0
neutron	939.56536	2.008706543	499864.8576	0	0
K39	36284.76737	0.08395328067	499864.8576	0	0
Na24	22341.82218	0.2108425873	499867.3977	0	0
neutron	939.56536	0.5100202974	499865.4968	0	0
K39	36284.76737	0.1668622454	499865.4968	0	0
K40	37216.53309	0.1344646006	499862.5344	0	0
K40	37216.53309	0.1267598575	499860.1678	0	0
K40	37216.53309	0.1336896524	499861.2991	0	0
K40	37216.53309	0.1312164066	499862.3407	0	0
neutron	939.56536	8.307611043	499863.7637	0	0
proton	938.272013	8.105828403	499863.7637	0	0
Ar38	35352.87471	0.4504558168	499863.7637	0	0
proton	938.272013	4.890490201	499862.9282	0	0
neutron	939.56536	3.001050862	499862.9282	0	0
neutron	939.56536	2.7515878	499862.9282	0	0
neutron	939.56536	1.998965551	499862.9282	0	0
alpha	3727.379	3.519764626	499862.9282	0	0
O16	14895.08153	1.770472915	499862.9282	0	0
neutron	939.56536	4.638417418	499862.5655	0	0
N15	13968.93638	0.2956970886	499862.5655	0	0
neutron	939.56536	0.09920071905	499868.7976	0	0
K39	36284.76737	0.1075337343	499868.7976	0	0
proton	938.272013	25.3973516	499864.2777	0	0
neutron	939.56536	18.32315197	499864.2777	0	0
neutron	939.56536	2.286395172	499864.2777	0	0
neutron	939.56536	2.203649635	499864.2777	0	0
C12	11174.86339	3.22763755	499864.2777	0	0
proton	938.272013	6.496561463	499863.9832	0	0
neutron	939.56536	2.851880571	499863.9832	0	0
Ar38	35352.87471	0.03991829348	499863.9832	0	0
neutron	939.56536	2.671695266	499861.9956	0	0
K39	36284.76737	0.3122012131	499861.9956	0	0
neutron	939.56536	0.7905152289	499868.6681	0	0
K39	36284.76737	0.2327716391	499868.6681	0	0
K40	37216.53309	0.1350878043	499868.359	0	0
neutron	939.56536	17.8418333	499870.9695	0	0
proton	938.272013	6.320395079	499870.9695	0	0
proton	938.272013	4.036099467	499870.9695	0	0
Cl37	34424.84314	1.190614262	499870.9695	0	0
neutron	939.56536	0.1122398075	499864.279	0	0
K39	36284.76737	0.1023502854	499864.279	0	0
K40	37216.53309	0.1312499679	499862.2332	0	0
K40	37216.53309	0.134695621	499867.6794	0	0
neutron	939.56536	0.07197892241	499863.1344	0	0
K39	36284.76737	0.1410290412	499863.1344	0	0
neutron	939.56536	4.796550008	499855.1201	0	0
proton	938.272013	2.274155615	499855.1201	0	0
C14	13040.87134	1.149194911	499855.1201	0	0
neutron	939.56536	8.118474357	499871.0106	0	0
neutron	939.56536	7.212835205	499871.0106	0	0
neutron	939.56536	6.063859296	499871.0106	0	0
proton	938.272013	2.217256226	499871.0106	0	0
Be8	7454.850296	1.94483673	499871.0106	0	0
neutron	939.56536	1.218388584	499864.6921	0	0
K39	36284.76737	0.09298114227	499864.6921	0	0
K40	37216.53309	0.1291020598	499858.988	0	0
proton	938.272013	5.939069217	499862.8465	0	0
proton	938.272013	4.523715964	499862.8465	0	0
neutron	939.56536	1.952470967	499862.8465	0	0
Cl37	34424.84314	0.09180689722	499862.8465	0	0
neutron	939.56536	5.261284566	499867.7438	0	0
neutron	939.56536	3.945162719	499867.7438	0	0
deuteron	1875.613	5.480324472	499867.7438	0	0
Ar36	33494.36994	0.589330835	499867.7438	0	0
Na24	22341.82218	0.181524224	499867.071	0	0
K40	37216.53309	0.1253560624	499858.5896	0	0
neutron	939.56536	1.723971393	499864.1896	0	0
K39	36284.76737	0.06167219386	499864.1896	0	0
Na24	22341.82218	0.1969325967	499867.0364	0	0
proton	938.272013	10.86166488	499866.146	0	0
neutron	939.56536	4.518457339	499866.146	0	0
neutron	939.56536	2.760799602	499866.146	0	0
Ar37	34425.14786	0.8210793048	499866.146	0	0
neutron	939.56536	0.4358585968	499860.6877	0	0
K39	36284.76737	0.1320615912	499860.6877	0	0
proton	938.272013	3.308568568	499859.6217	0	0
neutron	939.56536	1.205664765	499859.6217	0	0
Ar38	35352.87471	0.1718330284	499859.6217	0	0
K40	37216.53309	0.134253263	499863.0478	0	0
neutron	939.56536	17.52683977	499867.8821	0	0
proton	938.272013	7.171483868	499867.8821	0	0
neutron	939.56536	0.3747520685	499867.8821	0	0
Ar37	34425.14786	0.6720743326	499867.8821	0	0
neutron	939.56536	1.688457445	499861.2483	0	0
N15	13968.93638	0.334541331	499861.2483	0	0
proton	938.272013	7.54206328	499868.4889	0	0
neutron	939.56536	5.309291432	499868.4889	0	0
Ar38	35352.87471	0.07392992562	499868.4889	0	0
neutron	939.56536	0.3451329554	499861.3874	0	0
Na23	21409.21625	0.3056954258	499861.3874	0	0
proton	938.272013	11.58456934	499869.2025	0	0
neutron	939.56536	5.748990142	499869.2025	0	0
proton	938.272013	5.005773152	499869.2025	0	0
neutron	939.56536	0.9853061461	499869.2025	0	0
neutron	939.56536	0.04361717263	499869.2025	0	0
Cl35	32564.60306	0.5470707153	499869.2025	0	0
neutron	939.56536	5.158584128	499866.5279	0	0
neutron	939.56536	1.48582233	499866.5279	0	0
deuteron	1875.613	9.603705237	499866.5279	0	0
Ar36	33494.36994	0.8914483972	499866.5279	0	0
neutron	939.56536	5.745975354	499866.5765	0	0
triton	2808.921	6.086380678	499866.5765	0	0
alpha	3727.379	3.439230666	499866.5765	0	0
Be8	7454.850296	1.739272906	499866.5765	0	0
N16	14906.01287	0.2832984235	499866.4444	0	0
neutron	939.56536	5.123961469	499865.3541	0	0
neutron	939.56536	4.869914676	499865.3541	0	0
deuteron	1875.613	3.533475103	499865.3541	0	0
Be8	7454.850296	0.7320591613	499865.3541	0	0
K40	37216.53309	0.1336969596	499863.8056	0	0
neutron	939.56536	15.7326236	499865.9973	0	0
N15	13968.93638	1.670415389	499865.9973	0	0
K40	37216.53309	0.1394886043	499864.1292	0	0
neutron	939.56536	0.5577702093	499871.3317	0	0
K39	36284.76737	0.1190640676	499871.3317	0	0
proton	938.272013	41.56926342	499864.4928	0	0
neutron	939.56536	3.405038145	499864.4928	0	0
neutron	939.56536	1.511628749	499864.4928	0	0
neutron	939.56536	1.073105634	499864.4928	0	0
C12	11174.86339	4.121144099	499864.4928	0	0
neutron	939.56536	10.37070621	499862.5689	0	0
proton	938.272013	8.067007228	499862.5689	0	0
Ne22	20479.73746	1.367266332	499862.5689	0	0
K40	37216.53309	0.119069113	499867.5591	0	0
K40	37216.53309	0.1325873447	499864.9804	0	0
neutron	939.56536	7.683618948	499867.8369	0	0
proton	938.272013	1.56492894	499867.8369	0	0
neutron	939.56536	0.03158525135	499867.8369	0	0
Ne22	20479.73746	0.1266301118	499867.8369	0	0
proton	938.272013	20.91404843	499867.6652	0	0
neutron	939.56536	4.416575895	499867.6652	0	0
neutron	939.56536	3.40005435	499867.6652	0	0
alpha	3727.379	7.012039215	499867.6652	0	0
S33	30704.55199	2.542313408	499867.6652	0	0
neutron	939.56536	25.13009704	499862.6307	0	0
neutron	939.56536	3.941066625	499862.6307	0	0
proton	938.272013	2.419851158	499862.6307	0	0
neutron	939.56536	2.161342747	499862.6307	0	0
alpha	3727.379	2.413403316	499862.6307	0	0
Be8	7454.850296	7.979172092	499862.6307	0	0
neutron	939.56536	13.66187487	499865.3331	0	0
neutron	939.56536	9.730231503	499865.3331	0	0
proton	938.272013	7.178381311	499865.3331	0	0
neutron	939.56536	5.389324233	499865.3331	0	0
Ne20	18617.73218	2.353765298	499865.3331	0	0
neutron	939.56536	0.4475084855	499865.2413	0	0
deuteron	1875.613	5.071791503	499865.2413	0	0
Ar37	34425.14786	0.4405714148	499865.2413	0	0
neutron	939.56536	8.272225483	499864.9085	0	0
proton	938.272013	4.270435998	499864.9085	0	0
neutron	939.56536	0.9432702065	499864.9085	0	0
Ne21	19550.53637	0.2364662233	499864.9085	0	0
Ca40	37214.71335	0.09308462161	499942.2998	67.27914043	67.05630585
K40	37216.53309	0.1267633903	499876.3024	0	0
neutron	939.56536	40.34233306	499860.0161	0	0
proton	938.272013	10.20042603	499860.0161	0	0
neutron	939.56536	0.5201869781	499860.0161	0	0
Ar37	34425.14786	0.8115043099	499860.0161	0	0
neutron	939.56536	37.86487976	499866.1432	0	0
neutron	939.56536	3.889253872	499866.1432	0	0
N14	13040.20433	1.949780225	499866.1432	0	0
neutron	939.56536	0.6147485015	499867.9589	0	0
K39	36284.76737	0.221405648	499867.9589	0	0
neutron	939.56536	11.89029709	499860.9347	0	0
neutron	939.56536	10.10443593	499860.9347	0	0
proton	938.272013	5.079195141	499860.9347	0	0
neutron	939.56536	4.047268095	499860.9347	0	0
alpha	3727.379	5.674317609	499860.9347	0	0
Be8	7454.850296	1.956518656	499860.9347	0	0
neutron	939.56536	5.791856914	499866.704	0	0
neutron	939.56536	1.402842336	499866.704	0	0
N14	13040.20433	0.6351769619	499866.704	0	0
neutron	939.56536	0.6261032646	499865.57	0	0
K39	36284.76737	0.1043604431	499865.57	0	0
proton	938.272013	3.283294063	499863.0011	0	0
neutron	939.56536	1.169644959	499863.0011	0	0
Ar38	35352.87471	0.2678473539	499863.0011	0	0
proton	938.272013	3.799357527	499862.9192	0	0
neutron	939.56536	0.5594802187	499862.9192	0	0
Ar38	35352.87471	0.3801227085	499862.9192	0	0
neutron	939.56536	10.80016082	499860.7834	0	0
proton	938.272013	10.43339335	499860.7834	0	0
neutron	939.56536	2.093534395	499860.7834	0	0
neutron	939.56536	1.421124968	499860.7834	0	0
Ar40	37215.53769	0.203462035	499860.7834	0	0
neutron	939.56536	7.853169131	499861.9225	0	0
proton	938.272013	6.13236916	499861.9225	0	0
neutron	939.56536	1.269332372	499861.9225	0	0
neutron	939.56536	0.5060801749	499861.9225	0	0
Ar36	33494.36994	0.2831634597	499861.9225	0	0
K40	37216.53309	0.1217941706	499868.248	0	0
proton	938.272013	8.752468568	499856.8232	0	0
proton	938.272013	4.628417128	499856.8232	0	0
neutron	939.56536	1.838251092	499856.8232	0	0
Cl37	34424.84314	0.7055486067	499856.8232	0	0
proton	938.272013	23.21466916	499863.3001	0	0
neutron	939.56536	14.81454414	499863.3001	0	0
neutron	939.56536	1.715039926	499863.3001	0	0
Ne21	19550.53637	1.976754264	499863.3001	0	0
proton	938.272013	26.78857876	499865.2473	0	0
neutron	939.56536	1.738363455	499865.2473	0	0
neutron	939.56536	0.7688094025	499865.2473	0	0
Ar41	38149.00411	0.975830157	499865.2473	0	0
neutron	939.56536	3.440903831	499869.1237	0	0
alpha	3727.379	4.140231086	499869.1237	0	0
triton	2808.921	1.526931884	499869.1237	0	0
alpha	3727.379	2.357220933	499869.1237	0	0
neutron	939.56536	12.19202329	499867.0496	0	0
neutron	939.56536	8.877232951	499867.0496	0	0
proton	938.272013	0.6375012629	499867.0496	0	0
C13	12109.48242	3.881562808	499867.0496	0	0
proton	938.272013	6.304537779	499860.7598	0	0
neutron	939.56536	2.238766122	499860.7598	0	0
neutron	939.56536	1.098865502	499860.7598	0	0
Ar37	34425.14786	0.6125847143	499860.7598	0	0
Na24	22341.82218	0.2170853844	499862.3993	0	0
neutron	939.56536	3.199053608	499857.5617	0	0
neutron	939.56536	0.6178271047	499857.5617	0	0
deuteron	1875.613	6.643446397	499857.5617	0	0
Ar36	33494.36994	0.3031613115	499857.5617	0	0
K40	37216.53309	0.1241878308	499864.0814	0	0
K40	37216.53309	0.1355363413	499862.3809	0	0
K40	37216.53309	0.1133232358	499862.2871	0	0
neutron	939.56536	7.755934425	499862.9714	0	0
N15	13968.93638	0.6253191695	499862.9714	0	0
K40	37216.53309	0.134415299	499864.5237	0	0
deuteron	1875.613	3.294062187	499864.2128	0	0
C14	13040.87134	1.118187793	499864.2128	0	0
K40	37216.53309	0.1388684615	499867.4334	0	0
neutron	939.56536	2.978230482	499861.1565	0	0
neutron	939.56536	2.24811753	499861.1565	0	0
Na22	20482.07056	0.1764739235	499861.1565	0	0
proton	938.272013	21.60355963	499864.1409	0	0
neutron	939.56536	2.127054324	499864.1409	0	0
neutron	939.56536	1.292418349	499864.1409	0	0
neutron	939.56536	0.7926819379	499864.1409	0	0
Ar36	33494.36994	0.831437679	499864.1409	0	0
neutron	939.56536	0.05643328245	499860.7908	0	0
N15	13968.93638	0.2739726232	499860.7908	0	0
proton	938.272013	4.732349909	499861.732	0	0
neutron	939.56536	3.521204394	499861.732	0	0
Ar38	35352.87471	0.4766113773	499861.732	0	0
proton	938.272013	16.81796607	499866.8374	0	0
neutron	939.56536	11.73830492	499866.8374	0	0
neutron	939.56536	1.819221143	499866.8374	0	0
C13	12109.48242	1.818371512	499866.8374	0	0
K40	37216.53309	0.1313609422	499861.8529	0	0
K40	37216.53309	0.1304267744	499860.1504	0	0
K40	37216.53309	0.1292662494	499867.6413	0	0
Ca40	37214.71335	0.1659991538	499863.8775	15.90792028	15.45581454
K40	37216.53309	0.1378760463	499857.6312	0	0
neutron	939.56536	2.062921485	499858.0294	0	0
K39	36284.76737	0.201613466	499858.0294	0	0
Na24	22341.82218	0.1864323573	499863.4426	0	0
neutron	939.56536	0.9462473763	499861.4271	0	0
K39	36284.76737	0.1548462962	499861.4271	0	0
neutron	939.56536	28.22825236	499859.2463	0	0
proton	938.272013	9.818751735	499859.2463	0	0
proton	938.272013	7.121942242	499859.2463	0	0
Cl37	34424.84314	1.150472466	499859.2463	0	0
neutron	939.56536	6.834411165	499863.292	0	0
triton	2808.921	4.136755374	499863.292	0	0
alpha	3727.379	3.03559511	499863.292	0	0
alpha	3727.379	3.828046574	499863.292	0	0
proton	938.272013	4.821118567	499865.2964	0	0
neutron	939.56536	3.016019957	499865.2964	0	0
Ar38	35352.87471	0.4146439356	499865.2964	0	0
K40	37216.53309	0.1337152501	499863.6288	0	0
neutron	939.56536	12.20496798	499863.5943	0	0
proton	938.272013	6.494664755	499863.5943	0	0
neutron	939.56536	1.693211491	499863.5943	0	0
Ar37	34425.14786	0.2361747398	499863.5943	0	0
neutron	939.56536	0.7817203056	499866.2836	0	0
K39	36284.76737	0.160303474	499866.2836	0	0
Na24	22341.82218	0.1874302005	499861.7021	0	0
neutron	939.56536	11.23141133	499864.3658	0	0
proton	938.272013	5.414053224	499864.3658	0	0
proton	938.272013	4.469381444	499864.3658	0	0
proton	938.272013	4.132365807	499864.3658	0	0
S36	33494.9558	0.8008357819	499864.3658	0	0
K40	37216.53309	0.1273161126	499857.5672	0	0
neutron	939.56536	3.561712965	499863.6577	0	0
neutron	939.56536	3.023660537	499863.6577	0	0
deuteron	1875.613	9.082888537	499863.6577	0	0
C12	11174.86339	1.119994823	499863.6577	0	0
neutron	939.56536	16.61086745	499857.0589	0	0
neutron	939.56536	0.4672124959	499857.0589	0	0
deuteron	1875.613	8.707728563	499857.0589	0	0
C12	11174.86339	1.273028385	499857.0589	0	0
neutron	939.56536	2.562506693	499865.4056	0	0
N15	13968.93638	0.3818729511	499865.4056	0	0
neutron	939.56536	0.4596646309	499866.408	0	0
K39	36284.76737	0.1858299249	499866.408	0	0
neutron	939.56536	1.594774144	499865.8822	0	0
K39	36284.76737	0.04256947465	499865.8822	0	0
neutron	939.56536	1.112206344	499862.0998	0	0
K39	36284.76737	0.1246145822	499862.0998	0	0
B12	11188.74343	0.3609447915	499872.1409	0	0
neutron	939.56536	18.64372521	499864.2655	0	0
proton	938.272013	17.51399875	499864.2655	0	0
proton	938.272013	5.503495152	499864.2655	0	0
Cl37	34424.84314	0.4630990551	499864.2655	0	0
neutron	939.56536	16.88034771	499864.1785	0	0
neutron	939.56536	1.676531893	499864.1785	0	0
deuteron	1875.613	3.501169606	499864.1785	0	0
Ar36	33494.36994	0.6558098799	499864.1785	0	0
neutron	939.56536	14.47224263	499866.3148	0	0
proton	938.272013	8.151920873	499866.3148	0	0
neutron	939.56536	3.467877501	499866.3148	0	0
Ne21	19550.53637	1.391009693	499866.3148	0	0
neutron	939.56536	18.1339446	499865.7315	0	0
N15	13968.93638	2.131448506	499865.7315	0	0
neutron	939.56536	5.03883884	499860.1849	0	0
proton	938.272013	3.702961474	499860.1849	0	0
Ar38	35352.87471	0.5514021171	499860.1849	0	0
Na24	22341.82218	0.1820981339	499869.1525	0	0
proton	938.272013	4.775711842	499860.8487	0	0
neutron	939.56536	2.711647965	499860.8487	0	0
Ar38	35352.87471	0.1294343399	499860.8487	0	0
neutron	939.56536	4.665997865	499866.9236	0	0
proton	938.272013	4.186062716	499866.9236	0	0
neutron	939.56536	3.891102802	499866.9236	0	0
neutron	939.56536	0.3581312663	499866.9236	0	0
Ar36	33494.36994	0.2303850779	499866.9236	0	0
K40	37216.53309	0.1353220378	499859.3859	0	0
N16	14906.01287	0.2943472169	499867.3318	0	0
neutron	939.56536	4.243547196	499861.0197	0	0
Na25	23272.37635	0.2894879249	499861.0197	0	0
neutron	939.56536	6.420926989	499866.4832	0	0
proton	938.272013	5.393978647	499866.4832	0	0
proton	938.272013	5.148862041	499866.4832	0	0
neutron	939.56536	1.679815708	499866.4832	0	0
Cl36	33495.58861	0.444522967	499866.4832	0	0
neutron	939.56536	0.7379503562	499878.9779	0	0
K39	36284.76737	0.08404123098	499878.9779	0	0
neutron	939.56536	1.499182795	499862.5339	0	0
K39	36284.76737	0.04107726782	499862.5339	0	0
neutron	939.56536	1.579952125	499860.0765	0	0
K39	36284.76737	0.1893819178	499860.0765	0	0
neutron	939.56536	0.1937795231	499877.4061	0	0
Na23	21409.21625	0.2229980481	499877.4061	0	0
neutron	939.56536	1.643898889	499864.0794	0	0
K39	36284.76737	0.2391151495	499864.0794	0	0
neutron	939.56536	1.487957584	499862.0433	0	0
K39	36284.76737	0.1671778135	499862.0433	0	0
O16	14895.08153	0.2120188849	499913.252	53.15005902	52.69212826
K40	37216.53309	0.1391614126	499864.1941	0	0
proton	938.272013	12.81758246	499858.045	0	0
neutron	939.56536	1.72819527	499858.045	0	0
neutron	939.56536	1.076046966	499858.045	0	0
Ar37	34425.14786	0.5126641888	499858.045	0	0
K40	37216.53309	0.1349390694	499861.0581	0	0
proton	938.272013	28.17501075	499870.4136	0	0
neutron	939.56536	5.723881772	499870.4136	0	0
Ne22	20479.73746	1.535012448	499870.4136	0	0
neutron	939.56536	9.431679247	499865.0789	0	0
proton	938.272013	3.578290319	499865.0789	0	0
Ar38	35352.87471	0.3873855688	499865.0789	0	0
neutron	939.56536	21.35207797	499860.5323	0	0
neutron	939.56536	8.75020835	499860.5323	0	0
deuteron	1875.613	4.498405352	499860.5323	0	0
C12	11174.86339	0.306871838	499860.5323	0	0
neutron	939.56536	0.6370384261	499861.6641	0	0
Na23	21409.21625	0.1522625739	499861.6641	0	0
neutron	939.56536	0.04395745092	499866.8096	0	0
K39	36284.76737	0.130534509	499866.8096	0	0
neutron	939.56536	2.017003299	499861.9008	0	0
K39	36284.76737	0.1449948559	499861.9008	0	0
K40	37216.53309	0.1364602252	499860.1589	0	0
neutron	939.56536	1.075065968	499869.8125	0	0
K39	36284.76737	0.04497028203	499869.8125	0	0
K40	37216.53309	0.1239892881	499867.005	0	0
K40	37216.53309	0.1346026072	499862.5885	0	0
K40	37216.53309	0.1416534321	499861.8461	0	0
proton	938.272013	12.94901395	499860.5833	0	0
neutron	939.56536	7.961272648	499860.5833	0	0
neutron	939.56536	7.335629422	499860.5833	0	0
Ar37	34425.14786	0.1403472769	499860.5833	0	0
N16	14906.01287	0.2846659092	499858.9851	0	0
proton	938.272013	3.274119017	499857.5366	0	0
neutron	939.56536	2.969558902	499857.5366	0	0
Ar38	35352.87471	0.4032004902	499857.5366	0	0
neutron	939.56536	2.047099044	499861.5331	0	0
K39	36284.76737	0.15073569	499861.5331	0	0
neutron	939.56536	2.534212601	499867.7852	0	0
B11	10252.54787	0.902143998	499867.7852	0	0
neutron	939.56536	7.88421057	499861.9277	0	0
neutron	939.56536	4.947570446	499861.9277	0	0
proton	938.272013	1.505517305	499861.9277	0	0
neutron	939.56536	0.152715315	499861.9277	0	0
Be8	7454.850296	0.1859973538	499861.9277	0	0
K40	37216.53309	0.1319487767	499863.4589	0	0
neutron	939.56536	4.835031064	499866.2395	0	0
proton	938.272013	2.920279864	499866.2395	0	0
neutron	939.56536	1.400992244	499866.2395	0	0
Ar37	34425.14786	0.05942111917	499866.2395	0	0
proton	938.272013	21.78755391	499867.8137	0	0
neutron	939.56536	21.24751881	499867.8137	0	0
alpha	3727.379	9.897271502	499867.8137	0	0
S34	31632.70018	0.6375698962	499867.8137	0	0
K40	37216.53309	0.1128954503	499870.0013	0	0
N16	14906.01287	0.292789408	499866.4702	0	0
neutron	939.56536	0.3251604454	499867.1784	0	0
K39	36284.76737	0.1232232313	499867.1784	0	0
neutron	939.56536	0.6045130913	499859.3924	0	0
K39	36284.76737	0.1588734266	499859.3924	0	0
proton	938.272013	3.406480031	499860.3435	0	0
neutron	939.56536	3.186740337	499860.3435	0	0
Ar38	35352.87471	0.07662036252	499860.3435	0	0
neutron	939.56536	1.274394788	499864.595	0	0
K39	36284.76737	0.2499663854	499864.595	0	0
neutron	939.56536	2.18144316	499866.1875	0	0
N15	13968.93638	0.5113166139	499866.1875	0	0
K40	37216.53309	0.1283788642	499869.8222	0	0
proton	938.272013	4.297454597	499875.3413	0	0
neutron	939.56536	3.443499243	499875.3413	0	0
alpha	3727.379	9.79800182	499875.3413	0	0
S34	31632.70018	1.366383383	499875.3413	0	0
proton	938.272013	41.77113524	499867.3952	0	0
neutron	939.56536	15.43517775	499867.3952	0	0
neutron	939.56536	1.009606998	499867.3952	0	0
neutron	939.56536	0.409878258	499867.3952	0	0
C12	11174.86339	2.092486651	499867.3952	0	0
proton	938.272013	4.324476819	499867.2437	0	0
neutron	939.56536	0.486385088	499867.2437	0	0
Ar38	35352.87471	0.06418875893	499867.2437	0	0
proton	938.272013	6.292833937	499866.2689	0	0
neutron	939.56536	3.403747213	499866.2689	0	0
neutron	939.56536	0.2122327176	499866.2689	0	0
Ar37	34425.14786	0.3927008085	499866.2689	0	0
Na24	22341.82218	0.2164749337	499859.2363	0	0
neutron	939.56536	6.717276834	499861.4066	0	0
neutron	939.56536	2.368085811	499861.4066	0	0
N14	13040.20433	0.410706933	499861.4066	0	0
neutron	939.56536	5.328820172	499869.5107	0	0
proton	938.272013	4.796968455	499869.5107	0	0
C14	13040.87134	0.12255606	499869.5107	0	0
N16	14906.01287	0.2815259553	499862.4312	0	0
neutron	939.56536	23.67349727	499855.5512	0	0
proton	938.272013	5.998376686	499855.5512	0	0
proton	938.272013	5.103722838	499855.5512	0	0
Cl37	34424.84314	1.308331532	499855.5512	0	0
neutron	939.56536	17.99050084	499858.4833	0	0
proton	938.272013	13.37962052	499858.4833	0	0
proton	938.272013	8.556188397	499858.4833	0	0
proton	938.272013	4.773633928	499858.4833	0	0
S36	33494.9558	0.3678744128	499858.4833	0	0
proton	938.272013	4.880963721	499861.4166	0	0
neutron	939.56536	1.810087066	499861.4166	0	0
neutron	939.56536	1.038370669	499861.4166	0	0
alpha	3727.379	6.838308184	499861.4166	0	0
O17	15830.5038	0.700890418	499861.4166	0	0
neutron	939.56536	14.52625739	499862.0061	0	0
neutron	939.56536	5.497915852	499862.0061	0	0
deuteron	1875.613	3.086091887	499862.0061	0	0
C12	11174.86339	0.2583271222	499862.0061	0	0
proton	938.272013	6.505276025	499853.3481	0	0
proton	938.272013	5.02815478	499853.3481	0	0
neutron	939.56536	3.193342238	499853.3481	0	0
neutron	939.56536	0.08996221954	499853.3481	0	0
Cl36	33495.58861	0.04651982597	499853.3481	0	0
K40	37216.53309	0.126936135	499864.178	0	0
neutron	939.56536	1.080205257	499864.2901	0	0
N15	13968.93638	0.282501713	499864.2901	0	0
Na24	22341.82218	0.2082930354	499857.9574	0	0
proton	938.272013	50.43186168	499863.6128	0	0
neutron	939.56536	4.478136191	499863.6128	0	0
neutron	939.56536	1.037813069	499863.6128	0	0
Ar37	34425.14786	0.5812453482	499863.6128	0	0
neutron	939.56536	7.615636929	499870.1361	0	0
N15	13968.93638	1.340383487	499870.1361	0	0
proton	938.272013	5.246903127	499861.2046	0	0
neutron	939.56536	4.964474027	499861.2046	0	0
neutron	939.56536	0.2260984697	499861.2046	0	0
Ar37	34425.14786	0.8115986954	499861.2046	0	0
proton	938.272013	9.983827999	499864.836	0	0
neutron	939.56536	3.980422132	499864.836	0	0
neutron	939.56536	1.747341393	499864.836	0	0
deuteron	1875.613	5.495722	499864.836	0	0
Cl35	32564.60306	1.387786236	499864.836	0	0
neutron	939.56536	0.1160498756	499868.8396	0	0
K39	36284.76737	0.1122635101	499868.8396	0	0
neutron	939.56536	11.48905534	499861.4999	0	0
proton	938.272013	5.800208892	499861.4999	0	0
neutron	939.56536	0.8172777218	499861.4999	0	0
alpha	3727.379	21.79258748	499861.4999	0	0
S33	30704.55199	1.487306867	499861.4999	0	0
neutron	939.56536	17.40130999	499861.8175	0	0
neutron	939.56536	0.8477074289	499861.8175	0	0
N14	13040.20433	1.136786695	499861.8175	0	0
neutron	939.56536	16.88591687	499869.0261	0	0
proton	938.272013	4.771546335	499869.0261	0	0
neutron	939.56536	2.224027728	499869.0261	0	0
Ar37	34425.14786	0.3052670953	499869.0261	0	0
K40	37216.53309	0.1353710047	499863.3377	0	0
neutron	939.56536	0.2903794115	499861.9859	0	0
K39	36284.76737	0.1345169593	499861.9859	0	0
neutron	939.56536	1.069817302	499870.4965	0	0
K39	36284.76737	0.03970543981	499870.4965	0	0
neutron	939.56536	32.76834889	499864.1457	0	0
proton	938.272013	10.68747728	499864.1457	0	0
C14	13040.87134	2.814356439	499864.1457	0	0
K40	37216.53309	0.1355115725	499862.6982	0	0
Na24	22341.82218	0.1957005219	499866.9743	0	0
neutron	939.56536	24.77454635	499858.6918	0	0
proton	938.272013	6.171806845	499858.6918	0	0
neutron	939.56536	5.121600385	499858.6918	0	0
neutron	939.56536	0.0734731455	499858.6918	0	0
C12	11174.86339	2.312476212	499858.6918	0	0
neutron	939.56536	3.047924332	499861.3393	0	0
N15	13968.93638	0.1630545679	499861.3393	0	0
N16	14906.01287	0.2922623967	499870.6416	0	0
neutron	939.56536	4.539689196	499864.3456	0	0
B11	10252.54787	0.1397280852	499864.3456	0	0
neutron	939.56536	18.94449433	499860.2896	0	0
proton	938.272013	6.535214071	499860.2896	0	0
neutron	939.56536	1.801432251	499860.2896	0	0
neutron	939.56536	0.6140559201	499860.2896	0	0
C12	11174.86339	1.149782123	499860.2896	0	0
proton	938.272013	6.943073631	499864.2085	0	0
neutron	939.56536	3.90208519	499864.2085	0	0
proton	938.272013	3.123340366	499864.2085	0	0
neutron	939.56536	0.4442672378	499864.2085	0	0
F20	18625.26686	0.7070024489	499864.2085	0	0
K40	37216.53309	0.1315652756	499864.0344	0	0
Ca40	37214.71335	0.09763048258	499918.0823	53.66177768	53.29840356
neutron	939.56536	7.237961743	499872.4844	0	0
Na23	21409.21625	0.3875439833	499872.4844	0	0
neutron	939.56536	1.170510805	499867.3613	0	0
K39	36284.76737	0.1698929437	499867.3613	0	0
neutron	939.56536	19.4352662	499870.1999	0	0
neutron	939.56536	4.062771135	499870.1999	0	0
proton	938.272013	1.756838663	499870.1999	0	0
neutron	939.56536	0.7447580661	499870.1999	0	0
C12	11174.86339	0.4501754747	499870.1999	0	0
proton	938.272013	4.527933462	499867.8726	0	0
neutron	939.56536	3.786220905	499867.8726	0	0
Ar38	35352.87471	0.09259636996	499867.8726	0	0
proton	938.272013	7.04504635	499872.2808	0	0
neutron	939.56536	6.261069963	499872.2808	0	0
neutron	939.56536	5.028519758	499872.2808	0	0
proton	938.272013	2.259260632	499872.2808	0	0
neutron	939.56536	1.619832004	499872.2808	0	0
proton	938.272013	1.415958034	499872.2808	0	0
neutron	939.56536	1.182059603	499872.2808	0	0
neutron	939.56536	1.09574297	499872.2808	0	0
alpha	3727.379	1.156817834	499872.2808	0	0
alpha	3727.379	4.30161562	499872.2808	0	0
proton	938.272013	7.759952373	499872.4219	0	0
neutron	939.56536	6.287176802	499872.4219	0	0
neutron	939.56536	0.3069059193	499872.4219	0	0
alpha	3727.379	10.55694606	499872.4219	0	0
S33	30704.55199	0.5970920697	499872.4219	0	0
Na26	24206.36741	0.1871669803	499862.6317	0	0
K40	37216.53309	0.130838628	499860.3558	0	0
neutron	939.56536	1.392212585	499864.8373	0	0
K39	36284.76737	0.1041494072	499864.8373	0	0
proton	938.272013	3.134416414	499871.9587	0	0
neutron	939.56536	2.354163479	499871.9587	0	0
neutron	939.56536	1.535508868	499871.9587	0	0
Ar37	34425.14786	0.1219751217	499871.9587	0	0
neutron	939.56536	2.436222315	499864.8171	0	0
N15	13968.93638	0.1937600008	499864.8171	0	0
neutron	939.56536	5.997043009	499868.0722	0	0
N15	13968.93638	0.4290664947	499868.0722	0	0
K40	37216.53309	0.1313112643	499869.4602	0	0
neutron	939.56536	0.03399837616	499867.9272	0	0
K39	36284.76737	0.1092823558	499867.9272	0	0
neutron	939.56536	0.3025374411	499866.4115	0	0
K39	36284.76737	0.1764595212	499866.4115	0	0
neutron	939.56536	0.7641886689	499865.0689	0	0
neutron	939.56536	0.2448753922	499865.0689	0	0
deuteron	1875.613	8.843588779	499865.0689	0	0
Ar36	33494.36994	0.8461911608	499865.0689	0	0
neutron	939.56536	0.8906114177	499863.1312	0	0
K39	36284.76737	0.1283125025	499863.1312	0	0
proton	938.272013	5.855025327	499864.2994	0	0
neutron	939.56536	4.808458916	499864.2994	0	0
neutron	939.56536	2.064388401	499864.2994	0	0
neutron	939.56536	0.6672400277	499864.2994	0	0
alpha	3727.379	2.482016313	499864.2994	0	0
O16	14895.08153	4.342889663	499864.2994	0	0
neutron	939.56536	0.09975230632	499869.6396	0	0
K39	36284.76737	0.159532428	499869.6396	0	0
proton	938.272013	7.389658727	499859.7837	0	0
neutron	939.56536	2.434569547	499859.7837	0	0
neutron	939.56536	2.126644246	499859.7837	0	0
alpha	3727.379	15.64155788	499859.7837	0	0
S33	30704.55199	2.01912818	499859.7837	0	0
Na24	22341.82218	0.1849164029	499866.834	0	0
neutron	939.56536	7.269852868	499857.0721	0	0
N15	13968.93638	1.102803976	499857.0721	0	0
neutron	939.56536	0.17636799	499867.5345	0	0
K39	36284.76737	0.1113500026	499867.5345	0	0
neutron	939.56536	0.1813004638	499863.3522	0	0
K39	36284.76737	0.1468329225	499863.3522	0	0
Na24	22341.82218	0.1949520934	499863.4309	0	0
neutron	939.56536	4.683789898	499858.5713	0	0
proton	938.272013	4.54362831	499858.5713	0	0
neutron	939.56536	2.438212044	499858.5713	0	0
Ar37	34425.14786	0.3784778737	499858.5713	0	0
neutron	939.56536	0.5786867652	499868.6665	0	0
K39	36284.76737	0.07499671906	499868.6665	0	0
neutron	939.56536	6.344118158	499861.4516	0	0
neutron	939.56536	3.079932672	499861.4516	0	0
neutron	939.56536	0.4664241703	499861.4516	0	0
K41	38146.00307	0.1643506387	499861.4516	0	0
neutron	939.56536	14.13138208	499869.2689	0	0
proton	938.272013	9.464661674	499869.2689	0	0
neutron	939.56536	6.569837902	499869.2689	0	0
proton	938.272013	5.797829448	499869.2689	0	0
neutron	939.56536	2.311455157	499869.2689	0	0
Cl35	32564.60306	0.9190373504	499869.2689	0	0
K40	37216.53309	0.1338563257	499866.0344	0	0
neutron	939.56536	0.6277010715	499869.6871	0	0
K39	36284.76737	0.2055294408	499869.6871	0	0
proton	938.272013	13.93059942	499860.3171	0	0
neutron	939.56536	5.939082287	499860.3171	0	0
neutron	939.56536	5.660406823	499860.3171	0	0
neutron	939.56536	3.929909146	499860.3171	0	0
alpha	3727.379	5.807003748	499860.3171	0	0
Be8	7454.850296	0.8087602829	499860.3171	0	0
K40	37216.53309	0.1349468376	499863.8811	0	0
neutron	939.56536	0.4014233117	499862.2174	0	0
K39	36284.76737	0.07876798321	499862.2174	0	0
neutron	939.56536	0.1610610572	499866.9791	0	0
K39	36284.76737	0.1633743075	499866.9791	0	0
neutron	939.56536	3.123651045	499866.9901	0	0
N15	13968.93638	0.5349445982	499866.9901	0	0
proton	938.272013	9.683892892	499859.1677	0	0
neutron	939.56536	1.043316513	499859.1677	0	0
neutron	939.56536	0.8331129667	499859.1677	0	0
triton	2808.921	2.920925278	499859.1677	0	0
B10	9324.436652	0.4553765601	499859.1677	0	0
Na26	24206.36741	0.1821613066	499869.0028	0	0
K40	37216.53309	0.1349007896	499862.2768	0	0
K40	37216.53309	0.1324894769	499861.4007	0	0
neutron	939.56536	1.655090453	499867.5705	0	0
K39	36284.76737	0.2082113399	499867.5705	0	0
neutron	939.56536	23.07226492	499862.6159	0	0
proton	938.272013	6.256032441	499862.6159	0	0
neutron	939.56536	2.869056487	499862.6159	0	0
neutron	939.56536	1.106924104	499862.6159	0	0
Ar36	33494.36994	0.9102557109	499862.6159	0	0
K40	37216.53309	0.13215785	499864.2557	0	0
K40	37216.53309	0.1415601607	499866.7533	0	0
K40	37216.53309	0.1343609648	499871.4384	0	0
neutron	939.56536	26.04162523	499867.8351	0	0
neutron	939.56536	3.278236063	499867.8351	0	0
N14	13040.20433	0.7967200811	499867.8351	0	0
neutron	939.56536	13.25598426	499878.7682	0	0
proton	938.272013	4.105198037	499878.7682	0	0
neutron	939.56536	1.423188969	499878.7682	0	0
C13	12109.48242	0.6033026193	499878.7682	0	0
proton	938.272013	5.882243106	499863.9482	0	0
neutron	939.56536	1.215035934	499863.9482	0	0
Ar38	35352.87471	0.2867567364	499863.9482	0	0
proton	938.272013	8.452429338	499866.9144	0	0
neutron	939.56536	4.065551965	499866.9144	0	0
neutron	939.56536	3.574646259	499866.9144	0	0
proton	938.272013	3.299702446	499866.9144	0	0
neutron	939.56536	2.642415464	499866.9144	0	0
Cl35	32564.60306	0.189086777	499866.9144	0	0
proton	938.272013	3.021253668	499867.688	0	0
neutron	939.56536	2.641621304	499867.688	0	0
neutron	939.56536	1.470786222	499867.688	0	0
Ar37	34425.14786	0.2204544612	499867.688	0	0
neutron	939.56536	6.229484405	499858.2247	0	0
proton	938.272013	3.36734755	499858.2247	0	0
Ar38	35352.87471	0.5175301585	499858.2247	0	0
K40	37216.53309	0.1428934906	499865.0993	0	0
K40	37216.53309	0.1399551037	499863.9178	0	0
Na24	22341.82218	0.1936718113	499868.358	0	0
neutron	939.56536	0.4544110379	499862.2783	0	0
K39	36284.76737	0.1711959933	499862.2783	0	0
neutron	939.56536	3.327509453	499869.1707	0	0
K39	36284.76737	0.3259908296	499869.1707	0	0
neutron	939.56536	1.201133244	499865.67	0	0
K39	36284.76737	0.1809067123	499865.67	0	0
proton	938.272013	11.857506	499862.82	0	0
neutron	939.56536	4.694906043	499862.82	0	0
neutron	939.56536	3.708490267	499862.82	0	0
neutron	939.56536	1.356739001	499862.82	0	0
alpha	3727.379	9.815131948	499862.82	0	0
S32	29773.62828	3.123454172	499862.82	0	0
proton	938.272013	5.362714873	499862.6096	0	0
neutron	939.56536	2.272573131	499862.6096	0	0
neutron	939.56536	2.022432451	499862.6096	0	0
deuteron	1875.613	8.277298293	499862.6096	0	0
Cl35	32564.60306	0.5556071069	499862.6096	0	0
neutron	939.56536	1.277373023	499867.8701	0	0
K39	36284.76737	0.120422079	499867.8701	0	0
neutron	939.56536	30.29975184	499862.7078	0	0
proton	938.272013	5.3011624	499862.7078	0	0
neutron	939.56536	1.518007914	499862.7078	0	0
Ar37	34425.14786	1.219317369	499862.7078	0	0
proton	938.272013	3.907561968	499863.0497	0	0
neutron	939.56536	1.547674053	499863.0497	0	0
Ne22	20479.73746	0.1259576993	499863.0497	0	0
N16	14906.01287	0.2905558966	499872.5197	0	0
proton	938.272013	3.347792831	499861.2917	0	0
neutron	939.56536	1.660340793	499861.2917	0	0
neutron	939.56536	0.8870144759	499861.2917	0	0
deuteron	1875.613	3.878745984	499861.2917	0	0
Cl35	32564.60306	0.4879077121	499861.2917	0	0
K40	37216.53309	0.1418521809	499861.1153	0	0
neutron	939.56536	16.32452426	499866.8903	0	0
proton	938.272013	5.419797662	499866.8903	0	0
proton	938.272013	3.654046901	499866.8903	0	0
Cl37	34424.84314	0.2541068599	499866.8903	0	0
neutron	939.56536	0.7590208191	499863.0525	0	0
K39	36284.76737	0.1885194457	499863.0525	0	0
neutron	939.56536	0.644253854	499863.9115	0	0
K39	36284.76737	0.1950514939	499863.9115	0	0
neutron	939.56536	1.104163625	499859.9854	0	0
K39	36284.76737	0.06227984261	499859.9854	0	0
K40	37216.53309	0.1187363771	499863.4408	0	0
K40	37216.53309	0.1132262953	499862.2465	0	0
Ca44	40934.06719	0.0872986099	499947.9896	74.07494182	73.5556699
neutron	939.56536	0.720997437	499860.4613	0	0
K39	36284.76737	0.219904057	499860.4613	0	0
neutron	939.56536	1.343258477	499866.7545	0	0
K39	36284.76737	0.2619855353	499866.7545	0	0
Na24	22341.82218	0.2052717231	499860.7232	0	0
neutron	939.56536	1.097363161	499857.3604	0	0
K39	36284.76737	0.1607196058	499857.3604	0	0
neutron	939.56536	7.97065376	499862.4832	0	0
triton	2808.921	3.931338554	499862.4832	0	0
C12	11174.86339	0.3165736929	499862.4832	0	0
neutron	939.56536	1.714274698	499865.6566	0	0
K39	36284.76737	0.2080186013	499865.6566	0	0
N16	14906.01287	0.2891403045	499865.2418	0	0
neutron	939.56536	0.1954802528	499859.1856	0	0
K39	36284.76737	0.1496980064	499859.1856	0	0
Na24	22341.82218	0.2110456599	499871.9773	0	0
neutron	939.56536	1.099770633	499867.8458	0	0
N15	13968.93638	0.2218131746	499867.8458	0	0
Na24	22341.82218	0.2057240477	499866.8645	0	0
neutron	939.56536	0.4520226915	499866.8555	0	0
K39	36284.76737	0.1716984199	499866.8555	0	0
neutron	939.56536	5.267852464	499861.5604	0	0
Na23	21409.21625	0.6305414914	499861.5604	0	0
K40	37216.53309	0.1232161542	499871.2483	0	0
Na24	22341.82218	0.1837166841	499866.2447	0	0
neutron	939.56536	33.38524869	499867.5087	0	0
proton	938.272013	7.522462625	499867.5087	0	0
proton	938.272013	5.125580452	499867.5087	0	0
neutron	939.56536	3.107454961	499867.5087	0	0
Cl36	33495.58861	1.049080623	499867.5087	0	0
proton	938.272013	3.284096031	499865.4942	0	0
neutron	939.56536	0.5487369457	499865.4942	0	0
Ar38	35352.87471	0.3114271805	499865.4942	0	0
proton	938.272013	10.23749329	499863.2623	0	0
neutron	939.56536	8.904767416	499863.2623	0	0
proton	938.272013	8.451630696	499863.2623	0	0
neutron	939.56536	7.132904238	499863.2623	0	0
proton	938.272013	1.11644222	499863.2623	0	0
O19	17697.63348	1.532324194	499863.2623	0	0
neutron	939.56536	14.25833192	499858.4452	0	0
proton	938.272013	8.660227341	499858.4452	0	0
proton	938.272013	6.933752733	499858.4452	0	0
neutron	939.56536	5.124877335	499858.4452	0	0
neutron	939.56536	2.406327045	499858.4452	0	0
Cl35	32564.60306	0.2935349146	499858.4452	0	0
K40	37216.53309	0.1233378808	499867.9062	0	0
neutron	939.56536	16.69502455	499862.8365	0	0
neutron	939.56536	8.572898122	499862.8365	0	0
alpha	3727.379	8.795776275	499862.8365	0	0
deuteron	1875.613	4.648699016	499862.8365	0	0
Be8	7454.850296	2.792584496	499862.8365	0	0
proton	938.272013	6.209858082	499866.5604	0	0
neutron	939.56536	6.105125962	499866.5604	0	0
neutron	939.56536	0.5294896582	499866.5604	0	0
Ar37	34425.14786	0.4440182082	499866.5604	0	0
K40	37216.53309	0.1377719672	499864.7025	0	0
K40	37216.53309	0.1357670469	499858.779	0	0
proton	938.272013	10.5390485	499861.3733	0	0
neutron	939.56536	9.103965722	499861.3733	0	0
Ne22	20479.73746	0.02940980188	499861.3733	0	0
proton	938.272013	4.580977117	499872.4145	0	0
neutron	939.56536	3.037488475	499872.4145	0	0
proton	938.272013	2.854999168	499872.4145	0	0
Cl37	34424.84314	0.5093644599	499872.4145	0	0
K40	37216.53309	0.1353244378	499856.1073	0	0
neutron	939.56536	25.27496104	499868.6772	0	0
alpha	3727.379	10.50032974	499868.6772	0	0
B11	10252.54787	5.625891232	499868.6772	0	0
Na24	22341.82218	0.1952910044	499867.4558	0	0
neutron	939.56536	1.002727729	499866.5623	0	0
K39	36284.76737	0.1641888712	499866.5623	0	0
neutron	939.56536	0.5646990279	499865.4831	0	0
K39	36284.76737	0.1226876338	499865.4831	0	0
neutron	939.56536	2.96548084	499865.147	0	0
neutron	939.56536	1.647638836	499865.147	0	0
K38	35358.27978	0.2200684693	499865.147	0	0
O16	14895.08153	0.8089129845	499960.4565	79.29948498	78.30910717
neutron	939.56536	44.86714108	499871.8394	0	0
proton	938.272013	4.679905255	499871.8394	0	0
neutron	939.56536	4.538532536	499871.8394	0	0
proton	938.272013	2.81958952	499871.8394	0	0
Cl36	33495.58861	1.366981535	499871.8394	0	0
neutron	939.56536	0.3660391966	499860.7413	0	0
K39	36284.76737	0.1155005182	499860.7413	0	0
neutron	939.56536	0.8608178302	499865.1039	0	0
K39	36284.76737	0.2298604073	499865.1039	0	0
neutron	939.56536	50.33265619	499865.888	0	0
neutron	939.56536	9.821526129	499865.888	0	0
proton	938.272013	4.938746931	499865.888	0	0
Ar37	34425.14786	1.098639767	499865.888	0	0
neutron	939.56536	11.24659373	499862.7897	0	0
neutron	939.56536	8.656521613	499862.7897	0	0
deuteron	1875.613	16.67438933	499862.7897	0	0
alpha	3727.379	5.373178963	499862.7897	0	0
Be8	7454.850296	3.761954923	499862.7897	0	0
proton	938.272013	17.45170076	499859.927	0	0
neutron	939.56536	9.164605193	499859.927	0	0
proton	938.272013	6.436781742	499859.927	0	0
neutron	939.56536	2.390247244	499859.927	0	0
B12	11188.74343	0.6346246402	499859.927	0	0
neutron	939.56536	0.9931823143	499865.5687	0	0
N15	13968.93638	0.250883937	499865.5687	0	0
neutron	939.56536	0.02047350571	499862.385	0	0
K39	36284.76737	0.1117115022	499862.385	0	0
proton	938.272013	8.863049749	499866.3807	0	0
neutron	939.56536	6.511500497	499866.3807	0	0
neutron	939.56536	1.637191016	499866.3807	0	0
neutron	939.56536	0.06286265176	499866.3807	0	0
Ar36	33494.36994	0.4392616006	499866.3807	0	0
proton	938.272013	3.675681406	499860.7558	0	0
neutron	939.56536	1.958233219	499860.7558	0	0
neutron	939.56536	1.216305048	499860.7558	0	0
neutron	939.56536	0.1148005354	499860.7558	0	0
Ar36	33494.36994	0.05066590442	499860.7558	0	0
proton	938.272013	7.484064597	499872.1829	0	0
proton	938.272013	6.579366368	499872.1829	0	0
proton	938.272013	6.0756517	499872.1829	0	0
neutron	939.56536	4.474384304	499872.1829	0	0
neutron	939.56536	4.00621555	499872.1829	0	0
neutron	939.56536	3.672353556	499872.1829	0	0
neutron	939.56536	0.02559625935	499872.1829	0	0
S33	30704.55199	0.7543129542	499872.1829	0	0
neutron	939.56536	4.476777409	499864.5826	0	0
K39	36284.76737	0.03889513168	499864.5826	0	0
neutron	939.56536	3.455123073	499865.8758	0	0
neutron	939.56536	2.264417875	499865.8758	0	0
deuteron	1875.613	25.23116617	499865.8758	0	0
Ar36	33494.36994	1.473192375	499865.8758	0	0
proton	938.272013	3.251638714	499873.061	0	0
neutron	939.56536	0.08932051	499873.061	0	0
Ar38	35352.87471	0.03561589775	499873.061	0	0
proton	938.272013	5.697206086	499862.7415	0	0
neutron	939.56536	3.783324338	499862.7415	0	0
neutron	939.56536	0.3777209	499862.7415	0	0
alpha	3727.379	7.356360483	499862.7415	0	0
S33	30704.55199	2.656955203	499862.7415	0	0
proton	938.272013	10.8641374	499866.287	0	0
proton	938.272013	7.30638472	499866.287	0	0
neutron	939.56536	0.8695320836	499866.287	0	0
Cl37	34424.84314	0.05438122945	499866.287	0	0
neutron	939.56536	0.7314672185	499857.7572	0	0
K39	36284.76737	0.09182089683	499857.7572	0	0
neutron	939.56536	2.155095371	499865.8125	0	0
N15	13968.93638	0.05476586001	499865.8125	0	0
neutron	939.56536	11.23243637	499863.9939	0	0
neutron	939.56536	5.125448242	499863.9939	0	0
proton	938.272013	2.786547835	499863.9939	0	0
Ne21	19550.53637	0.4904836638	499863.9939	0	0
neutron	939.56536	2.333217015	499859.7579	0	0
K39	36284.76737	0.1526122941	499859.7579	0	0
neutron	939.56536	1.774620273	499866.7402	0	0
K39	36284.76737	0.06918238422	499866.7402	0	0
proton	938.272013	5.138982382	499868.8101	0	0
neutron	939.56536	0.3649651817	499868.8101	0	0
Ar38	35352.87471	0.298236049	499868.8101	0	0
proton	938.272013	4.201650888	499866.4705	0	0
neutron	939.56536	3.355945113	499866.4705	0	0
Ar38	35352.87471	0.2218655752	499866.4705	0	0
K40	37216.53309	0.1197898152	499866.6777	0	0
K40	37216.53309	0.1363375328	499864.2751	0	0
neutron	939.56536	6.7055242	499860.2559	0	0
proton	938.272013	5.352262811	499860.2559	0	0
neutron	939.56536	4.744057823	499860.2559	0	0
neutron	939.56536	1.331743112	499860.2559	0	0
alpha	3727.379	8.51769611	499860.2559	0	0
S32	29773.62828	0.4967343799	499860.2559	0	0
neutron	939.56536	0.5512221843	499861.8573	0	0
K39	36284.76737	0.07166145341	499861.8573	0	0
neutron	939.56536	7.833383529	499861.0012	0	0
proton	938.272013	3.981220456	499861.0012	0	0
neutron	939.56536	3.39057842	499861.0012	0	0
neutron	939.56536	0.6430442882	499861.0012	0	0
alpha	3727.379	17.59763491	499861.0012	0	0
S32	29773.62828	1.852126807	499861.0012	0	0
neutron	939.56536	7.153287353	499869.159	0	0
triton	2808.921	10.58296452	499869.159	0	0
alpha	3727.379	12.32907811	499869.159	0	0
alpha	3727.379	1.391595583	499869.159	0	0
neutron	939.56536	1.601295322	499867.1541	0	0
alpha	3727.379	4.782950454	499867.1541	0	0
B11	10252.54787	0.9041632784	499867.1541	0	0
K40	37216.53309	0.1436568225	499866.9197	0	0
neutron	939.56536	8.379351428	499870.3321	0	0
proton	938.272013	5.307767301	499870.3321	0	0
proton	938.272013	3.02900533	499870.3321	0	0
Cl37	34424.84314	0.1229157266	499870.3321	0	0
K40	37216.53309	0.114491083	499867.5893	0	0
neutron	939.56536	2.635304914	499860.9546	0	0
neutron	939.56536	0.5182767259	499860.9546	0	0
N14	13040.20433	0.1933990135	499860.9546	0	0
neutron	939.56536	42.87753314	499865.6479	0	0
neutron	939.56536	13.31998941	499865.6479	0	0
proton	938.272013	3.715938605	499865.6479	0	0
C13	12109.48242	0.5879692607	499865.6479	0	0
K40	37216.53309	0.1254389744	499867.203	0	0
Na24	22341.82218	0.2089986607	499862.7803	0	0
K40	37216.53309	0.1389930952	499863.1561	0	0
Na24	22341.82218	0.2150668311	499863.3333	0	0
neutron	939.56536	0.9228677802	499864.6668	0	0
K39	36284.76737	0.1952633127	499864.6668	0	0
proton	938.272013	4.33907209	499858.724	0	0
neutron	939.56536	4.099726808	499858.724	0	0
neutron	939.56536	1.29946025	499858.724	0	0
Ar37	34425.14786	0.265662909	499858.724	0	0
neutron	939.56536	9.56219174	499870.7446	0	0
proton	938.272013	3.533498629	499870.7446	0	0
Ar38	35352.87471	0.1759916187	499870.7446	0	0
neutron	939.56536	3.237913901	499865.0708	0	0
K39	36284.76737	0.1471541025	499865.0708	0	0
K40	37216.53309	0.1329383391	499861.4014	0	0
proton	938.272013	17.96053048	499861.4926	0	0
neutron	939.56536	4.544466348	499861.4926	0	0
proton	938.272013	2.382416446	499861.4926	0	0
Cl37	34424.84314	0.983662168	499861.4926	0	0
Mg24	22335.7966	0.3089462105	499907.3599	49.83167009	49.23967382
neutron	939.56536	6.749009767	499887.6988	0	0
proton	938.272013	2.661250293	499887.6988	0	0
neutron	939.56536	1.882308572	499887.6988	0	0
C13	12109.48242	0.9833087721	499887.6988	0	0
neutron	939.56536	1.282122865	499864.8509	0	0
K39	36284.76737	0.02993412142	499864.8509	0	0
neutron	939.56536	4.262240454	499863.3325	0	0
neutron	939.56536	2.285460866	499863.3325	0	0
deuteron	1875.613	4.904906554	499863.3325	0	0
C12	11174.86339	0.2445387937	499863.3325	0	0
neutron	939.56536	2.953116733	499867.0433	0	0
K43	40007.97528	0.08788091571	499867.0433	0	0
neutron	939.56536	6.826176091	499865.5571	0	0
proton	938.272013	2.641257444	499865.5571	0	0
neutron	939.56536	2.356533577	499865.5571	0	0
neutron	939.56536	1.397045825	499865.5571	0	0
C12	11174.86339	1.468663111	499865.5571	0	0
K40	37216.53309	0.1414593774	499867.8626	0	0
proton	938.272013	15.3567528	499862.1631	0	0
neutron	939.56536	2.720997986	499862.1631	0	0
neutron	939.56536	2.218046605	499862.1631	0	0
neutron	939.56536	0.2754486509	499862.1631	0	0
Ne20	18617.73218	0.7620520869	499862.1631	0	0
proton	938.272013	10.5111748	499871.9098	0	0
neutron	939.56536	6.827027058	499871.9098	0	0
neutron	939.56536	5.541990871	499871.9098	0	0
neutron	939.56536	2.069106145	499871.9098	0	0
neutron	939.56536	0.8314231079	499871.9098	0	0
Ar39	36285.84137	0.4414505019	499871.9098	0	0
neutron	939.56536	16.81963501	499861.8105	0	0
neutron	939.56536	5.943718992	499861.8105	0	0
proton	938.272013	3.123709824	499861.8105	0	0
Ar37	34425.14786	0.4057646654	499861.8105	0	0
proton	938.272013	25.01257595	499860.058	0	0
neutron	939.56536	5.023787418	499860.058	0	0
proton	938.272013	3.559120045	499860.058	0	0
neutron	939.56536	2.542174622	499860.058	0	0
neutron	939.56536	1.587465804	499860.058	0	0
Cl35	32564.60306	0.8311005236	499860.058	0	0
neutron	939.56536	8.346855782	499861.8648	0	0
proton	938.272013	4.026990116	499861.8648	0	0
neutron	939.56536	1.041525757	499861.8648	0	0
neutron	939.56536	0.6752924485	499861.8648	0	0
Ar36	33494.36994	0.3718924173	499861.8648	0	0
proton	938.272013	11.10820982	499863.6213	0	0
neutron	939.56536	5.865874296	499863.6213	0	0
proton	938.272013	3.215842648	499863.6213	0	0
neutron	939.56536	1.412972695	499863.6213	0	0
Cl36	33495.58861	0.2311120221	499863.6213	0	0
neutron	939.56536	16.40944335	499864.982	0	0
neutron	939.56536	1.568095551	499864.982	0	0
deuteron	1875.613	4.445815446	499864.982	0	0
C12	11174.86339	0.9082365631	499864.982	0	0
proton	938.272013	10.58488526	499864.8941	0	0
proton	938.272013	9.067984592	499864.8941	0	0
neutron	939.56536	1.908843289	499864.8941	0	0
neutron	939.56536	1.104610173	499864.8941	0	0
Cl36	33495.58861	1.154926397	499864.8941	0	0
neutron	939.56536	7.320169809	499861.3918	0	0
proton	938.272013	5.215484157	499861.3918	0	0
alpha	3727.379	5.648420118	499861.3918	0	0
alpha	3727.379	10.71392666	499861.3918	0	0
Si30	27913.24182	0.5152938636	499861.3918	0	0
neutron	939.56536	0.8304292328	499877.0026	0	0
K39	36284.76737	0.1151771028	499877.0026	0	0
neutron	939.56536	20.1000423	499866.3422	0	0
neutron	939.56536	9.199052053	499866.3422	0	0
proton	938.272013	8.826829926	499866.3422	0	0
proton	938.272013	6.051357096	499866.3422	0	0
Cl36	33495.58861	2.052457298	499866.3422	0	0
deuteron	1875.613	4.141355882	499860.3392	0	0
Ar38	35352.87471	0.07679345427	499860.3392	0	0
neutron	939.56536	0.1311954733	499868.0087	0	0
K39	36284.76737	0.1006429529	499868.0087	0	0
neutron	939.56536	1.365757872	499862.6821	0	0
K39	36284.76737	0.2260061153	499862.6821	0	0
Na24	22341.82218	0.1972081485	499866.6337	0	0
K40	37216.53309	0.1346992017	499865.1099	0	0
neutron	939.56536	10.89426954	499864.697	0	0
proton	938.272013	4.549636956	499864.697	0	0
proton	938.272013	3.939332046	499864.697	0	0
neutron	939.56536	0.7123822979	499864.697	0	0
neutron	939.56536	0.6001066732	499864.697	0	0
Cl35	32564.60306	0.3500581818	499864.697	0	0
N16	14906.01287	0.2934971396	499865.3546	0	0
K40	37216.53309	0.135615388	499861.1243	0	0
Na24	22341.82218	0.2050668505	499864.2653	0	0
proton	938.272013	11.91748776	499857.0001	0	0
proton	938.272013	8.288023119	499857.0001	0	0
neutron	939.56536	6.695712186	499857.0001	0	0
neutron	939.56536	0.8968566205	499857.0001	0	0
F20	18625.26686	1.990220045	499857.0001	0	0
proton	938.272013	4.162623867	499867.8078	0	0
neutron	939.56536	0.7849703613	499867.8078	0	0
Ar38	35352.87471	0.01629079847	499867.8078	0	0
neutron	939.56536	4.991843846	499863.2502	0	0
proton	938.272013	2.38638154	499863.2502	0	0
C14	13040.87134	0.4975473337	499863.2502	0	0
K40	37216.53309	0.1330912023	499864.6175	0	0
K40	37216.53309	0.1406017974	499865.6724	0	0
proton	938.272013	4.338148365	499856.1492	0	0
neutron	939.56536	3.909089953	499856.1492	0	0
proton	938.272013	3.754129061	499856.1492	0	0
triton	2808.921	9.31497557	499856.1492	0	0
S34	31632.70018	1.207678634	499856.1492	0	0
neutron	939.56536	15.14854171	499861.9063	0	0
proton	938.272013	8.560487862	499861.9063	0	0
proton	938.272013	5.667876333	499861.9063	0	0
Cl37	34424.84314	0.3373659137	499861.9063	0	0
neutron	939.56536	5.191150366	499873.3637	0	0
proton	938.272013	2.771706337	499873.3637	0	0
C14	13040.87134	0.5552099764	499873.3637	0	0
neutron	939.56536	20.15173368	499867.1957	0	0
proton	938.272013	6.234782785	499867.1957	0	0
alpha	3727.379	5.651437687	499867.1957	0	0
S34	31632.70018	2.993383184	499867.1957	0	0
neutron	939.56536	0.2781334336	499867.5981	0	0
K39	36284.76737	0.1054059663	499867.5981	0	0
K40	37216.53309	0.1236956984	499864.5465	0	0
K40	37216.53309	0.14059382	499865.709	0	0
neutron	939.56536	5.36177836	499864.0951	0	0
neutron	939.56536	4.876309349	499864.0951	0	0
proton	938.272013	2.440815404	499864.0951	0	0
C13	12109.48242	0.2889977176	499864.0951	0	0
N16	14906.01287	0.2788293038	499869.3702	0	0
neutron	939.56536	24.404325	499865.8988	0	0
proton	938.272013	13.56426891	499865.8988	0	0
neutron	939.56536	6.823932251	499865.8988	0	0
C13	12109.48242	3.212522953	499865.8988	0	0
neutron	939.56536	20.82897403	499863.8207	0	0
neutron	939.56536	6.038978497	499863.8207	0	0
deuteron	1875.613	1.428575619	499863.8207	0	0
alpha	3727.379	4.489120775	499863.8207	0	0
Be8	7454.850296	0.7964682928	499863.8207	0	0
neutron	939.56536	0.5224793024	499867.4018	0	0
K39	36284.76737	0.1128597859	499867.4018	0	0
neutron	939.56536	28.65394551	499863.0843	0	0
proton	938.272013	2.578011401	499863.0843	0	0
C14	13040.87134	1.23669991	499863.0843	0	0
K40	37216.53309	0.1380153661	499860.0026	0	0
K40	37216.53309	0.130395405	499862.1282	0	0
neutron	939.56536	0.6016378296	499865.6802	0	0
K39	36284.76737	0.06813210858	499865.6802	0	0
neutron	939.56536	16.72452527	499866.9175	0	0
neutron	939.56536	0.7187618416	499866.9175	0	0
deuteron	1875.613	13.204345	499866.9175	0	0
Ar36	33494.36994	1.249842582	499866.9175	0	0
neutron	939.56536	0.8278065122	499864.1084	0	0
K39	36284.76737	0.1243935195	499864.1084	0	0
neutron	939.56536	31.69408296	499868.593	0	0
proton	938.272013	6.733424564	499868.593	0	0
proton	938.272013	5.079627996	499868.593	0	0
Cl37	34424.84314	1.177586489	499868.593	0	0
proton	938.272013	3.624335912	499863.8731	0	0
neutron	939.56536	2.356114078	499863.8731	0	0
deuteron	1875.613	6.449902441	499863.8731	0	0
Cl36	33495.58861	0.4174531145	499863.8731	0	0
neutron	939.56536	0.9186963142	499859.3993	0	0
K39	36284.76737	0.2249190882	499859.3993	0	0
neutron	939.56536	1.530350123	499861.0077	0	0
K39	36284.76737	0.05927722797	499861.0077	0	0
neutron	939.56536	0.6742134839	499860.7774	0	0
K39	36284.76737	0.1718683234	499860.7774	0	0
proton	938.272013	18.02960738	499862.9625	0	0
proton	938.272013	4.706510389	499862.9625	0	0
proton	938.272013	3.723648459	499862.9625	0	0
neutron	939.56536	0.6858478081	499862.9625	0	0
S36	33494.9558	0.6010556375	499862.9625	0	0
neutron	939.56536	9.962694765	499867.4729	0	0
alpha	3727.379	15.85248252	499867.4729	0	0
alpha	3727.379	5.936697896	499867.4729	0	0
N15	13968.93638	2.24118471	499867.4729	0	0
K40	37216.53309	0.1143988717	499863.7896	0	0
neutron	939.56536	21.88209415	499861.5518	0	0
proton	938.272013	18.05754426	499861.5518	0	0
proton	938.272013	2.668085741	499861.5518	0	0
F21	19556.73074	1.498279844	499861.5518	0	0
neutron	939.56536	2.097922372	499860.6775	0	0
K39	36284.76737	0.01994019538	499860.6775	0	0
proton	938.272013	36.8498511	499872.0588	0	0
neutron	939.56536	7.369723772	499872.0588	0	0
proton	938.272013	4.749755706	499872.0588	0	0
Cl37	34424.84314	1.951749269	499872.0588	0	0
K40	37216.53309	0.1390683403	499860.9748	0	0
neutron	939.56536	0.6048583276	499866.557	0	0
K39	36284.76737	0.1815711504	499866.557	0	0
K40	37216.53309	0.1318271735	499861.8137	0	0
neutron	939.56536	6.923227233	499863.7629	0	0
proton	938.272013	4.373207026	499863.7629	0	0
neutron	939.56536	2.796540267	499863.7629	0	0
neutron	939.56536	0.5773288801	499863.7629	0	0
Ar36	33494.36994	0.6259387683	499863.7629	0	0
neutron	939.56536	11.89193043	499868.453	0	0
proton	938.272013	7.2205088	499868.453	0	0
Ar38	35352.87471	0.5133995083	499868.453	0	0
K40	37216.53309	0.1370685878	499869.0458	0	0
neutron	939.56536	1.867238946	499870.5328	0	0
N15	13968.93638	0.4194500651	499870.5328	0	0
neutron	939.56536	4.40392448	499865.31	0	0
proton	938.272013	2.947401095	499865.31	0	0
neutron	939.56536	0.3216918611	499865.31	0	0
deuteron	1875.613	6.813435777	499865.31	0	0
Cl35	32564.60306	0.8353946055	499865.31	0	0
proton	938.272013	3.152119247	499859.9023	0	0
neutron	939.56536	1.606474166	499859.9023	0	0
Ar38	35352.87471	0.547743097	499859.9023	0	0
Na24	22341.82218	0.1813681915	499869.7647	0	0
neutron	939.56536	1.983121018	499864.8332	0	0
triton	2808.921	2.383534914	499864.8332	0	0
alpha	3727.379	3.538675425	499864.8332	0	0
O16	14895.08153	4.602806197	499864.8332	0	0
proton	938.272013	34.75763452	499876.7636	0	0
neutron	939.56536	3.886409059	499876.7636	0	0
neutron	939.56536	0.4243495713	499876.7636	0	0
neutron	939.56536	0.1332315537	499876.7636	0	0
Ar36	33494.36994	0.493227696	499876.7636	0	0
K40	37216.53309	0.1349414026	499864.6337	0	0
neutron	939.56536	6.776655372	499869.3471	0	0
neutron	939.56536	6.628487993	499869.3471	0	0
proton	938.272013	2.626114056	499869.3471	0	0
neutron	939.56536	0.8795507515	499869.3471	0	0
Ne20	18617.73218	1.241958988	499869.3471	0	0
neutron	939.56536	5.615515638	499861.0642	0	0
neutron	939.56536	4.931594391	499861.0642	0	0
proton	938.272013	4.706519033	499861.0642	0	0
proton	938.272013	3.75700343	499861.0642	0	0
neutron	939.56536	2.17075881	499861.0642	0	0
Cl35	32564.60306	0.08886585149	499861.0642	0	0
proton	938.272013	2.477683065	499868.8547	0	0
neutron	939.56536	1.072771845	499868.8547	0	0
neutron	939.56536	0.9372102428	499868.8547	0	0
Ne21	19550.53637	0.2356694176	499868.8547	0	0
K40	37216.53309	0.129631219	499869.6699	0	0
neutron	939.56536	0.7097906357	499857.6403	0	0
K39	36284.76737	0.07418254313	499857.6403	0	0
K40	37216.53309	0.1372886364	499873.7419	0	0
K40	37216.53309	0.1259401811	499861.0673	0	0
neutron	939.56536	5.09795335	499867.1676	0	0
proton	938.272013	4.660818428	499867.1676	0	0
neutron	939.56536	1.721451353	499867.1676	0	0
neutron	939.56536	0.161924411	499867.1676	0	0
Ne20	18617.73218	0.606535615	499867.1676	0	0
proton	938.272013	4.121474407	499865.0562	0	0
neutron	939.56536	1.427405089	499865.0562	0	0
Ar38	35352.87471	0.2868379177	499865.0562	0	0
neutron	939.56536	9.058783089	499860.3828	0	0
neutron	939.56536	5.750767481	499860.3828	0	0
neutron	939.56536	0.4353231529	499860.3828	0	0
K41	38146.00307	0.6861547119	499860.3828	0	0
proton	938.272013	4.015102433	499855.8254	0	0
neutron	939.56536	0.5443988483	499855.8254	0	0
Ar38	35352.87471	0.3169834182	499855.8254	0	0
neutron	939.56536	0.6830727091	499866.41	0	0
N15	13968.93638	0.3682701914	499866.41	0	0
neutron	939.56536	0.2121526175	499861.4509	0	0
K39	36284.76737	0.1143926228	499861.4509	0	0
K40	37216.53309	0.1333061388	499865.8342	0	0
K42	39078.03462	0.125139386	499864.1455	0	0
neutron	939.56536	6.798593984	499867.1227	0	0
proton	938.272013	3.156288986	499867.1227	0	0
Ar38	35352.87471	0.3444920064	499867.1227	0	0
proton	938.272013	3.514702316	499868.9629	0	0
neutron	939.56536	2.241517306	499868.9629	0	0
neutron	939.56536	1.473130391	499868.9629	0	0
neutron	939.56536	1.423547448	499868.9629	0	0
Ne20	18617.73218	0.5473287864	499868.9629	0	0
K40	37216.53309	0.1370289342	499864.9124	0	0
K40	37216.53309	0.1177329725	499862.6257	0	0
neutron	939.56536	5.457004295	499866.4682	0	0
neutron	939.56536	3.081843447	499866.4682	0	0
deuteron	1875.613	2.181087473	499866.4682	0	0
C12	11174.86339	1.00580866	499866.4682	0	0
neutron	939.56536	28.81591105	499860.6649	0	0
proton	938.272013	2.755345405	499860.6649	0	0
alpha	3727.379	9.072312579	499860.6649	0	0
S34	31632.70018	0.6514527797	499860.6649	0	0
K40	37216.53309	0.1257631194	499862.0296	0	0
neutron	939.56536	0.2271885645	499863.9517	0	0
K41	38146.00307	0.1534273683	499863.9517	0	0
neutron	939.56536	1.826344269	499869.3497	0	0
N15	13968.93638	0.6187337994	499869.3497	0	0
neutron	939.56536	19.4180358	499864.9061	0	0
proton	938.272013	4.334701178	499864.9061	0	0
Ar38	35352.87471	0.5497256307	499864.9061	0	0
O16	14895.08153	0.3705199531	499903.1695	45.14447482	43.72930383
neutron	939.56536	1.163408878	499875.0346	0	0
K39	36284.76737	0.1165368851	499875.0346	0	0
O16	14895.08153	0.3508015266	499978.5401	88.95091213	88.55512011
proton	938.272013	4.88851465	499861.6493	0	0
neutron	939.56536	3.163632524	499861.6493	0	0
Ar38	35352.87471	0.06856535796	499861.6493	0	0
neutron	939.56536	23.88148578	499866.4309	0	0
neutron	939.56536	16.69367806	499866.4309	0	0
proton	938.272013	3.264855487	499866.4309	0	0
neutron	939.56536	0.3541886509	499866.4309	0	0
C12	11174.86339	1.884084528	499866.4309	0	0
neutron	939.56536	2.087144681	499858.797	0	0
N15	13968.93638	0.05655985848	499858.797	0	0
neutron	939.56536	0.4780072621	499865.7699	0	0
K39	36284.76737	0.1002989623	499865.7699	0	0
neutron	939.56536	8.332317934	499870.1981	0	0
neutron	939.56536	0.5187343331	499870.1981	0	0
Na22	20482.07056	0.514936108	499870.1981	0	0
K40	37216.53309	0.1278614328	499860.6226	0	0
K40	37216.53309	0.1422659301	499865.1038	0	0
neutron	939.56536	1.660060203	499863.4563	0	0
Na23	21409.21625	0.3164119679	499863.4563	0	0
proton	938.272013	3.219011032	499863.1965	0	0
neutron	939.56536	1.552940989	499863.1965	0	0
Ar38	35352.87471	0.1876181125	499863.1965	0	0
neutron	939.56536	6.903811053	499864.9135	0	0
proton	938.272013	6.292226409	499864.9135	0	0
proton	938.272013	4.861696941	499864.9135	0	0
proton	938.272013	3.081301122	499864.9135	0	0
S36	33494.9558	0.5311826949	499864.9135	0	0
neutron	939.56536	0.5906623811	499862.1885	0	0
deuteron	1875.613	11.00853289	499862.1885	0	0
C13	12109.48242	0.6922594176	499862.1885	0	0
neutron	939.56536	1.417697015	499870.0807	0	0
N15	13968.93638	0.2036304527	499870.0807	0	0
neutron	939.56536	19.48451522	499868.3015	0	0
neutron	939.56536	8.611767955	499868.3015	0	0
neutron	939.56536	1.655223372	499868.3015	0	0
K41	38146.00307	0.4252730441	499868.3015	0	0
neutron	939.56536	0.3455814053	499872.2505	0	0
K39	36284.76737	0.1714941603	499872.2505	0	0
K40	37216.53309	0.1397412818	499861.8802	0	0
proton	938.272013	4.73437948	499865.3233	0	0
neutron	939.56536	2.498583055	499865.3233	0	0
Ar38	35352.87471	0.06824809482	499865.3233	0	0
K40	37216.53309	0.1335139854	499866.6066	0	0
proton	938.272013	9.91218626	499864.3293	0	0
neutron	939.56536	4.129013261	499864.3293	0	0
Ne22	20479.73746	0.1742499383	499864.3293	0	0
neutron	939.56536	1.101835772	499858.9826	0	0
K39	36284.76737	0.2079200228	499858.9826	0	0
Na25	23272.37635	0.2066837529	499862.9289	0	0
K40	37216.53309	0.1372133649	499864.0105	0	0
neutron	939.56536	1.066364631	499865.9882	0	0
K39	36284.76737	0.06333452901	499865.9882	0	0
neutron	939.56536	5.085054315	499861.734	0	0
proton	938.272013	2.250792268	499861.734	0	0
Ne22	20479.73746	0.1283401458	499861.734	0	0
Na24	22341.82218	0.192033817	499861.6453	0	0
neutron	939.56536	5.265844345	499864.797	0	0
neutron	939.56536	0.3599214187	499864.797	0	0
N14	13040.20433	1.182531082	499864.797	0	0
proton	938.272013	5.516474919	499870.3101	0	0
neutron	939.56536	2.283576509	499870.3101	0	0
neutron	939.56536	0.586506764	499870.3101	0	0
triton	2808.921	2.228358758	499870.3101	0	0
alpha	3727.379	7.131881461	499870.3101	0	0
N14	13040.20433	0.7434502716	499870.3101	0	0
proton	938.272013	17.23918914	499871.1306	0	0
neutron	939.56536	0.7862931036	499871.1306	0	0
Ar38	35352.87471	0.5876932879	499871.1306	0	0
proton	938.272013	6.872520898	499867.8021	0	0
neutron	939.56536	5.130312148	499867.8021	0	0
neutron	939.56536	0.1718055366	499867.8021	0	0
Ar37	34425.14786	0.2644216394	499867.8021	0	0
neutron	939.56536	15.60784738	499863.077	0	0
neutron	939.56536	12.20001826	499863.077	0	0
proton	938.272013	3.814848352	499863.077	0	0
neutron	939.56536	1.177695607	499863.077	0	0
C12	11174.86339	2.956339102	499863.077	0	0
neutron	939.56536	11.57802817	499851.5232	0	0
proton	938.272013	7.53750286	499851.5232	0	0
proton	938.272013	7.141120035	499851.5232	0	0
proton	938.272013	4.77265793	499851.5232	0	0
neutron	939.56536	4.118405677	499851.5232	0	0
neutron	939.56536	1.259515406	499851.5232	0	0
S34	31632.70018	0.454932248	499851.5232	0	0
N16	14906.01287	0.2954415738	499862.2612	0	0
proton	938.272013	3.542489218	499864.8578	0	0
neutron	939.56536	1.207241217	499864.8578	0	0
Ar38	35352.87471	0.1031858281	499864.8578	0	0
neutron	939.56536	0.5262364781	499867.9767	0	0
K39	36284.76737	0.204026089	499867.9767	0	0
neutron	939.56536	4.447993384	499865.9893	0	0
B11	10252.54787	0.1624182882	499865.9893	0	0
neutron	939.56536	0.6657034654	499866.9258	0	0
K39	36284.76737	0.1096590413	499866.9258	0	0
neutron	939.56536	0.8498789047	499863.5284	0	0
K39	36284.76737	0.2078163345	499863.5284	0	0
Na24	22341.82218	0.2133327464	499858.375	0	0
neutron	939.56536	1.050007187	499861.3496	0	0
K39	36284.76737	0.2047004053	499861.3496	0	0
neutron	939.56536	0.6890556235	499866.4252	0	0
K39	36284.76737	0.1978599603	499866.4252	0	0
neutron	939.56536	3.558001659	499857.6666	0	0
proton	938.272013	2.012793301	499857.6666	0	0
C14	13040.87134	0.8583604644	499857.6666	0	0
proton	938.272013	11.91639569	499862.165	0	0
neutron	939.56536	2.374397387	499862.165	0	0
Ne22	20479.73746	1.636288525	499862.165	0	0
K40	37216.53309	0.1373710314	499866.2748	0	0
neutron	939.56536	18.95333339	499858.348	0	0
proton	938.272013	12.49912933	499858.348	0	0
neutron	939.56536	5.905645664	499858.348	0	0
neutron	939.56536	0.3606509447	499858.348	0	0
C12	11174.86339	1.007378344	499858.348	0	0
N16	14906.01287	0.2731917015	499859.8255	0	0
K40	37216.53309	0.1163145049	499871.8852	0	0
K40	37216.53309	0.1267770431	499866.4235	0	0
proton	938.272013	6.132996866	499863.3315	0	0
neutron	939.56536	3.586708462	499863.3315	0	0
neutron	939.56536	1.093042944	499863.3315	0	0
neutron	939.56536	0.5163487093	499863.3315	0	0
Ar36	33494.36994	0.1206066078	499863.3315	0	0
neutron	939.56536	27.7716409	499864.3566	0	0
neutron	939.56536	6.815319341	499864.3566	0	0
B10	9324.436652	5.234282274	499864.3566	0	0
K40	37216.53309	0.1332456109	499867.6159	0	0
neutron	939.56536	26.09552727	499867.3919	0	0
neutron	939.56536	8.121462568	499867.3919	0	0
deuteron	1875.613	7.478923762	499867.3919	0	0
alpha	3727.379	3.708909083	499867.3919	0	0
Be8	7454.850296	0.8779948715	499867.3919	0	0
proton	938.272013	3.976699543	499860.8835	0	0
neutron	939.56536	1.099608159	499860.8835	0	0
Ar38	35352.87471	0.2717652188	499860.8835	0	0
neutron	939.56536	18.40097068	499860.3622	0	0
proton	938.272013	8.786367016	499860.3622	0	0
neutron	939.56536	1.406220933	499860.3622	0	0
alpha	3727.379	7.137076113	499860.3622	0	0
S33	30704.55199	2.182107246	499860.3622	0	0
K40	37216.53309	0.1373578526	499868.238	0	0
K40	37216.53309	0.1352429912	499860.0762	0	0
proton	938.272013	8.068000087	499861.4145	0	0
neutron	939.56536	5.987779124	499861.4145	0	0
proton	938.272013	4.707273422	499861.4145	0	0
neutron	939.56536	1.581689455	499861.4145	0	0
neutron	939.56536	0.3978756041	499861.4145	0	0
Cl35	32564.60306	1.250078622	499861.4145	0	0
proton	938.272013	7.477328934	499862.76	0	0
proton	938.272013	4.733509943	499862.76	0	0
neutron	939.56536	1.411911185	499862.76	0	0
Cl37	34424.84314	0.5789223356	499862.76	0	0
neutron	939.56536	0.1971732758	499861.0667	0	0
K39	36284.76737	0.1002297339	499861.0667	0	0
proton	938.272013	4.718361275	499868.996	0	0
neutron	939.56536	1.830600255	499868.996	0	0
Ar38	35352.87471	0.2419930469	499868.996	0	0
proton	938.272013	13.45452652	499864.0087	0	0
proton	938.272013	7.993348922	499864.0087	0	0
proton	938.272013	7.287738282	499864.0087	0	0
neutron	939.56536	2.746255931	499864.0087	0	0
neutron	939.56536	2.36186469	499864.0087	0	0
neutron	939.56536	0.5318030916	499864.0087	0	0
S34	31632.70018	0.7046623714	499864.0087	0	0
proton	938.272013	4.427426517	499866.0521	0	0
neutron	939.56536	2.35828315	499866.0521	0	0
Ar38	35352.87471	0.3889877876	499866.0521	0	0
neutron	939.56536	20.63446404	499857.2215	0	0
proton	938.272013	7.163974987	499857.2215	0	0
neutron	939.56536	1.036189257	499857.2215	0	0
C13	12109.48242	1.695302307	499857.2215	0	0
neutron	939.56536	12.26482292	499876.403	0	0
neutron	939.56536	8.847803737	499876.403	0	0
neutron	939.56536	7.045418771	499876.403	0	0
proton	938.272013	1.933332186	499876.403	0	0
alpha	3727.379	6.388312696	499876.403	0	0
O16	14895.08153	2.413546803	499876.403	0	0
K40	37216.53309	0.1293802647	499867.5407	0	0
neutron	939.56536	26.19171113	499864.611	0	0
neutron	939.56536	4.533162989	499864.611	0	0
proton	938.272013	2.651774459	499864.611	0	0
neutron	939.56536	1.217108439	499864.611	0	0
C12	11174.86339	4.474344602	499864.611	0	0
K40	37216.53309	0.1375440412	499861.3956	0	0
K40	37216.53309	0.1338584682	499865.7881	0	0
K40	37216.53309	0.1200523983	499862.8844	0	0
K40	37216.53309	0.1235100762	499863.7352	0	0
K40	37216.53309	0.1214832774	499860.6354	0	0
neutron	939.56536	2.481222822	499859.7179	0	0
Na25	23272.37635	0.260121323	499859.7179	0	0
N16	14906.01287	0.2865213189	499862.4176	0	0
proton	938.272013	8.40612642	499857.3173	0	0
neutron	939.56536	3.245385659	499857.3173	0	0
alpha	3727.379	14.41486478	499857.3173	0	0
S34	31632.70018	1.367958523	499857.3173	0	0
neutron	939.56536	2.473634896	499872.4479	0	0
neutron	939.56536	0.3193514625	499872.4479	0	0
deuteron	1875.613	6.385219414	499872.4479	0	0
alpha	3727.379	9.733668924	499872.4479	0	0
O16	14895.08153	1.141097393	499872.4479	0	0
proton	938.272013	12.89512212	499868.2192	0	0
neutron	939.56536	11.72926762	499868.2192	0	0
neutron	939.56536	6.432500971	499868.2192	0	0
proton	938.272013	3.016700803	499868.2192	0	0
neutron	939.56536	2.264229906	499868.2192	0	0
F19	17692.30285	2.551099174	499868.2192	0	0
neutron	939.56536	28.01857367	499858.9934	0	0
neutron	939.56536	1.877097803	499858.9934	0	0
proton	938.272013	1.596415642	499858.9934	0	0
neutron	939.56536	1.49264504	499858.9934	0	0
C12	11174.86339	2.407874799	499858.9934	0	0
neutron	939.56536	0.4363067547	499872.921	0	0
K39	36284.76737	0.1873654105	499872.921	0	0
neutron	939.56536	0.3041518753	499862.31	0	0
K39	36284.76737	0.1479399349	499862.31	0	0
neutron	939.56536	1.884908213	499860.3445	0	0
K39	36284.76737	0.09999579249	499860.3445	0	0
proton	938.272013	3.623051537	499864.208	0	0
neutron	939.56536	1.769510067	499864.208	0	0
Ar38	35352.87471	0.02338262238	499864.208	0	0
proton	938.272013	8.146667518	499873.0913	0	0
proton	938.272013	5.566331624	499873.0913	0	0
deuteron	1875.613	5.274680152	499873.0913	0	0
S36	33494.9558	0.2443943693	499873.0913	0	0
K40	37216.53309	0.1244732852	499862.368	0	0
neutron	939.56536	2.08483685	499862.3917	0	0
K39	36284.76737	0.2635111669	499862.3917	0	0
proton	938.272013	7.554266877	499862.9799	0	0
neutron	939.56536	6.322960959	499862.9799	0	0
Ar38	35352.87471	0.543921365	499862.9799	0	0
neutron	939.56536	5.900857009	499860.5423	0	0
proton	938.272013	4.068991527	499860.5423	0	0
neutron	939.56536	0.1768255125	499860.5423	0	0
Ar37	34425.14786	0.1830729274	499860.5423	0	0
neutron	939.56536	42.31421271	499862.4321	0	0
proton	938.272013	4.393118225	499862.4321	0	0
Ne22	20479.73746	1.944736704	499862.4321	0	0
neutron	939.56536	9.341148725	499861.1444	0	0
proton	938.272013	4.941981854	499861.1444	0	0
C14	13040.87134	1.263143506	499861.1444	0	0
neutron	939.56536	1.012631035	499858.84	0	0
K39	36284.76737	0.04991420265	499858.84	0	0
proton	938.272013	3.720286001	499863.2002	0	0
neutron	939.56536	1.41384264	499863.2002	0	0
Ar38	35352.87471	0.1568948233	499863.2002	0	0
Na24	22341.82218	0.2050481419	499857.9353	0	0
proton	938.272013	16.99088334	499873.6217	0	0
neutron	939.56536	0.0723625418	499873.6217	0	0
Ar38	35352.87471	0.4079238805	499873.6217	0	0
neutron	939.56536	15.11568622	499867.4628	0	0
neutron	939.56536	3.49456188	499867.4628	0	0
alpha	3727.379	15.46835523	499867.4628	0	0
Cl38	35358.3006	4.526449515	499867.4628	0	0
K40	37216.53309	0.1246159176	499862.3461	0	0
proton	938.272013	3.839153526	499863.3309	0	0
neutron	939.56536	1.882425498	499863.3309	0	0
Ar38	35352.87471	0.149658886	499863.3309	0	0
neutron	939.56536	6.757313832	499863.5065	0	0
proton	938.272013	4.707343656	499863.5065	0	0
neutron	939.56536	4.136644537	499863.5065	0	0
neutron	939.56536	2.453860684	499863.5065	0	0
alpha	3727.379	4.263433811	499863.5065	0	0
O16	14895.08153	2.171327751	499863.5065	0	0
neutron	939.56536	1.377946868	499863.4691	0	0
deuteron	1875.613	1.96767133	499863.4691	0	0
C13	12109.48242	0.9357737098	499863.4691	0	0
K40	37216.53309	0.1202254244	499861.1333	0	0
neutron	939.56536	0.1795418378	499863.2344	0	0
N15	13968.93638	0.2018419245	499863.2344	0	0
K40	37216.53309	0.143269602	499859.2593	0	0
K40	37216.53309	0.1325128193	499869.7191	0	0
K40	37216.53309	0.1326702392	499863.8279	0	0
neutron	939.56536	0.6402652645	499862.428	0	0
K39	36284.76737	0.205893525	499862.428	0	0
neutron	939.56536	0.1357195516	499870.8793	0	0
K39	36284.76737	0.152080242	499870.8793	0	0
neutron	939.56536	6.989430953	499872.977	0	0
triton	2808.921	2.255375016	499872.977	0	0
Be8	7454.850296	3.245711042	499872.977	0	0
neutron	939.56536	6.804046434	499860.2769	0	0
proton	938.272013	4.687212966	499860.2769	0	0
Ar42	39079.14297	0.4567383637	499860.2769	0	0
proton	938.272013	3.710450016	499867.8253	0	0
neutron	939.56536	1.031994854	499867.8253	0	0
neutron	939.56536	0.06864468883	499867.8253	0	0
Ar37	34425.14786	0.177231876	499867.8253	0	0
neutron	939.56536	1.538622552	499857.4304	0	0
K39	36284.76737	0.09922191663	499857.4304	0	0
K40	37216.53309	0.1251393977	499862.0697	0	0
Na24	22341.82218	0.2106496635	499866.2176	0	0
neutron	939.56536	0.8852242752	499861.3934	0	0
K39	36284.76737	0.1527788677	499861.3934	0	0
proton	938.272013	48.55053259	499868.7221	0	0
neutron	939.56536	2.742219884	499868.7221	0	0
Ar38	35352.87471	1.11005444	499868.7221	0	0
proton	938.272013	7.823535259	499864.599	0	0
neutron	939.56536	3.000257843	499864.599	0	0
neutron	939.56536	2.371363987	499864.599	0	0
neutron	939.56536	1.63917093	499864.599	0	0
C12	11174.86339	0.7131445396	499864.599	0	0
proton	938.272013	8.363406556	499863.5277	0	0
neutron	939.56536	3.699431676	499863.5277	0	0
neutron	939.56536	0.5201800693	499863.5277	0	0
Ar37	34425.14786	0.1666743084	499863.5277	0	0
Na26	24206.36741	0.1847050576	499870.2666	0	0
K40	37216.53309	0.1295329247	499856.8644	0	0
neutron	939.56536	50.59326457	499865.5323	0	0
proton	938.272013	7.118776366	499865.5323	0	0
neutron	939.56536	2.599341052	499865.5323	0	0
Ar37	34425.14786	1.761741835	499865.5323	0	0
neutron	939.56536	28.50133906	499863.7085	0	0
proton	938.272013	7.285162441	499863.7085	0	0
neutron	939.56536	1.221631121	499863.7085	0	0
Ar37	34425.14786	1.639598491	499863.7085	0	0
neutron	939.56536	2.745212895	499867.0953	0	0
K39	36284.76737	0.01345087436	499867.0953	0	0
neutron	939.56536	27.28324821	499859.3803	0	0
proton	938.272013	2.666156579	499859.3803	0	0
alpha	3727.379	8.984347864	499859.3803	0	0
O18	16762.02378	1.020748442	499859.3803	0	0
proton	938.272013	3.474512237	499866.8797	0	0
neutron	939.56536	3.470113693	499866.8797	0	0
alpha	3727.379	4.246908751	499866.8797	0	0
O18	16762.02378	0.9959550905	499866.8797	0	0
neutron	939.56536	11.09994451	499864.3527	0	0
proton	938.272013	4.795258735	499864.3527	0	0
neutron	939.56536	0.6715616599	499864.3527	0	0
Ar37	34425.14786	0.3022039345	499864.3527	0	0
neutron	939.56536	4.404518399	499865.7723	0	0
neutron	939.56536	1.376442448	499865.7723	0	0
deuteron	1875.613	10.18836257	499865.7723	0	0
Ar36	33494.36994	1.453859077	499865.7723	0	0
K40	37216.53309	0.1419859194	499860.5001	0	0
neutron	939.56536	7.32691282	499864.9657	0	0
neutron	939.56536	7.296148759	499864.9657	0	0
deuteron	1875.613	3.069439765	499864.9657	0	0
alpha	3727.379	8.358571135	499864.9657	0	0
alpha	3727.379	1.608005671	499864.9657	0	0
proton	938.272013	25.62319932	499858.11	0	0
neutron	939.56536	10.27227938	499858.11	0	0
neutron	939.56536	5.101668042	499858.11	0	0
proton	938.272013	4.889852253	499858.11	0	0
neutron	939.56536	1.221987483	499858.11	0	0
Cl35	32564.60306	0.4703658459	499858.11	0	0
neutron	939.56536	0.8068967951	499860.0336	0	0
K39	36284.76737	0.2237035214	499860.0336	0	0
neutron	939.56536	0.4445460724	499870.5713	0	0
neutron	939.56536	0.2918958082	499870.5713	0	0
deuteron	1875.613	6.114520917	499870.5713	0	0
Be8	7454.850296	0.9408810164	499870.5713	0	0
neutron	939.56536	2.079242243	499860.3927	0	0
neutron	939.56536	0.9558718549	499860.3927	0	0
N14	13040.20433	0.6378614625	499860.3927	0	0
neutron	939.56536	0.6948685197	499875.1086	0	0
N15	13968.93638	0.4288023265	499875.1086	0	0
neutron	939.56536	3.516575253	499861.2384	0	0
K39	36284.76737	0.2637120539	499861.2384	0	0
K40	37216.53309	0.1284731124	499866.5934	0	0
neutron	939.56536	0.119067773	499866.6474	0	0
K39	36284.76737	0.1309036363	499866.6474	0	0
neutron	939.56536	2.486344954	499865.849	0	0
proton	938.272013	2.115558677	499865.849	0	0
C14	13040.87134	0.06952666915	499865.849	0	0
neutron	939.56536	0.3493644802	499872.733	0	0
K39	36284.76737	0.1486673067	499872.733	0	0
neutron	939.56536	4.806287638	499862.3288	0	0
proton	938.272013	4.214570497	499862.3288	0	0
C14	13040.87134	0.4710684194	499862.3288	0	0
neutron	939.56536	5.094106972	499864.0813	0	0
K39	36284.76737	0.1890262099	499864.0813	0	0
K40	37216.53309	0.1226418961	499869.4614	0	0
neutron	939.56536	30.23867866	499866.6735	0	0
neutron	939.56536	3.377184109	499866.6735	0	0
deuteron	1875.613	5.385935432	499866.6735	0	0
alpha	3727.379	7.960345451	499866.6735	0	0
Be8	7454.850296	1.374794477	499866.6735	0	0
neutron	939.56536	3.862032007	499860.3533	0	0
K39	36284.76737	0.1972537425	499860.3533	0	0
neutron	939.56536	0.5491750432	499866.4058	0	0
K39	36284.76737	0.1593909308	499866.4058	0	0
neutron	939.56536	3.028877178	499870.4662	0	0
neutron	939.56536	2.375392283	499870.4662	0	0
deuteron	1875.613	4.927602104	499870.4662	0	0
alpha	3727.379	1.539149557	499870.4662	0	0
alpha	3727.379	6.583072962	499870.4662	0	0
neutron	939.56536	3.258835367	499866.1583	0	0
proton	938.272013	2.255249777	499866.1583	0	0
alpha	3727.379	22.37182925	499866.1583	0	0
S34	31632.70018	3.988516686	499866.1583	0	0
K40	37216.53309	0.1296859155	499871.8644	0	0
neutron	939.56536	3.452739616	499861.5548	0	0
proton	938.272013	1.244711371	499861.5548	0	0
neutron	939.56536	0.1213114743	499861.5548	0	0
C13	12109.48242	1.082405503	499861.5548	0	0
neutron	939.56536	2.344413246	499862.9518	0	0
K39	36284.76737	0.3112264453	499862.9518	0	0
neutron	939.56536	28.34918805	499867.9343	0	0
proton	938.272013	4.353005089	499867.9343	0	0
neutron	939.56536	3.775573655	499867.9343	0	0
Ne21	19550.53637	1.276163345	499867.9343	0	0
K40	37216.53309	0.1100158139	499864.9558	0	0
K40	37216.53309	0.141129212	499867.2191	0	0
neutron	939.56536	0.3393041123	499870.5312	0	0
K39	36284.76737	0.1719092507	499870.5312	0	0
neutron	939.56536	0.2336130682	499866.3146	0	0
K39	36284.76737	0.1703128863	499866.3146	0	0
neutron	939.56536	0.2911933872	499861.9677	0	0
K39	36284.76737	0.1133179891	499861.9677	0	0
neutron	939.56536	16.31444354	499864.4405	0	0
neutron	939.56536	6.585170678	499864.4405	0	0
deuteron	1875.613	4.333531232	499864.4405	0	0
alpha	3727.379	12.06537528	499864.4405	0	0
O18	16762.02378	4.140969058	499864.4405	0	0
Na25	23272.37635	0.1990951958	499870.715	0	0
neutron	939.56536	3.844748483	499855.6306	0	0
proton	938.272013	3.084719822	499855.6306	0	0
Ar38	35352.87471	0.6785827992	499855.6306	0	0
proton	938.272013	22.50376255	499861.0106	0	0
neutron	939.56536	19.76296436	499861.0106	0	0
Ne24	22344.79859	0.71254167	499861.0106	0	0
neutron	939.56536	13.32317372	499860.1695	0	0
neutron	939.56536	6.158658571	499860.1695	0	0
proton	938.272013	4.211833557	499860.1695	0	0
neutron	939.56536	1.12693391	499860.1695	0	0
C12	11174.86339	1.127854362	499860.1695	0	0
K40	37216.53309	0.1309871575	499866.3782	0	0
K40	37216.53309	0.1355143728	499869.9411	0	0
neutron	939.56536	28.6705999	499869.9598	0	0
proton	938.272013	3.12436186	499869.9598	0	0
neutron	939.56536	1.39706416	499869.9598	0	0
neutron	939.56536	0.7131588167	499869.9598	0	0
Ne20	18617.73218	1.636813993	499869.9598	0	0
Na24	22341.82218	0.1956968607	499862.7255	0	0
proton	938.272013	27.01778312	499865.0059	0	0
proton	938.272013	3.143496508	499865.0059	0	0
neutron	939.56536	3.136920444	499865.0059	0	0
Cl37	34424.84314	0.8161295979	499865.0059	0	0
Na24	22341.82218	0.212982092	499870.1134	0	0
neutron	939.56536	0.5450781964	499862.1738	0	0
N15	13968.93638	0.4806861026	499862.1738	0	0
neutron	939.56536	13.92129247	499866.1315	0	0
proton	938.272013	4.266310089	499866.1315	0	0
Ar38	35352.87471	0.1489821461	499866.1315	0	0
neutron	939.56536	2.279413616	499864.3618	0	0
neutron	939.56536	1.513319361	499864.3618	0	0
alpha	3727.379	7.096991542	499864.3618	0	0
deuteron	1875.613	3.073329948	499864.3618	0	0
alpha	3727.379	0.666890082	499864.3618	0	0
K40	37216.53309	0.1234528233	499862.5867	0	0
K40	37216.53309	0.132351727	499860.9175	0	0
neutron	939.56536	1.644364673	499864.5621	0	0
alpha	3727.379	8.161855038	499864.5621	0	0
Cl35	32564.60306	0.8310430704	499864.5621	0	0
K40	37216.53309	0.1368998978	499858.6102	0	0
neutron	939.56536	1.301724625	499865.8775	0	0
K39	36284.76737	0.2645493322	499865.8775	0	0
K40	37216.53309	0.1399900647	499864.0935	0	0
neutron	939.56536	15.38361044	499864.6389	0	0
neutron	939.56536	14.00516977	499864.6389	0	0
deuteron	1875.613	4.068910417	499864.6389	0	0
alpha	3727.379	8.096817205	499864.6389	0	0
O16	14895.08153	1.816385674	499864.6389	0	0
neutron	939.56536	0.2779144818	499862.7933	0	0
K39	36284.76737	0.07696012909	499862.7933	0	0
neutron	939.56536	10.46091965	499866.1539	0	0
proton	938.272013	9.170924179	499866.1539	0	0
proton	938.272013	4.603122974	499866.1539	0	0
neutron	939.56536	4.360732653	499866.1539	0	0
Cl36	33495.58861	0.8120698141	499866.1539	0	0
neutron	939.56536	0.4066260656	499858.5895	0	0
K39	36284.76737	0.1950563063	499858.5895	0	0
K40	37216.53309	0.1135617389	499860.3006	0	0
neutron	939.56536	0.7057912308	499864.846	0	0
K39	36284.76737	0.06204549508	499864.846	0	0
K40	37216.53309	0.135950419	499859.8595	0	0
neutron	939.56536	15.43037861	499867.544	0	0
neutron	939.56536	5.060490636	499867.544	0	0
deuteron	1875.613	3.328296758	499867.544	0	0
alpha	3727.379	1.50873791	499867.544	0	0
alpha	3727.379	9.620982464	499867.544	0	0
neutron	939.56536	0.7492150463	499858.2435	0	0
K39	36284.76737	0.1986856312	499858.2435	0	0
proton	938.272013	16.1604207	499862.7313	0	0
neutron	939.56536	3.392332556	499862.7313	0	0
neutron	939.56536	1.88310562	499862.7313	0	0
Ar37	34425.14786	0.8992957868	499862.7313	0	0
Na24	22341.82218	0.2097396449	499860.6109	0	0
Na24	22341.82218	0.2003877689	499864.3915	0	0
neutron	939.56536	4.78549758	499872.1836	0	0
proton	938.272013	3.018193754	499872.1836	0	0
neutron	939.56536	1.280004752	499872.1836	0	0
C13	12109.48242	0.5868361553	499872.1836	0	0
neutron	939.56536	1.252980393	499862.4253	0	0
K39	36284.76737	0.1424248286	499862.4253	0	0
neutron	939.56536	16.41512082	499862.9814	0	0
B11	10252.54787	0.9860342551	499862.9814	0	0
neutron	939.56536	0.3868331955	499862.8869	0	0
K39	36284.76737	0.06462038491	499862.8869	0	0
K40	37216.53309	0.1272980686	499861.9359	0	0
neutron	939.56536	0.589148285	499864.6434	0	0
K39	36284.76737	0.06689629875	499864.6434	0	0
K40	37216.53309	0.1306837312	499859.4915	0	0
K40	37216.53309	0.1304691095	499860.9516	0	0
neutron	939.56536	0.7559672975	499862.9892	0	0
K39	36284.76737	0.1438793782	499862.9892	0	0
proton	938.272013	3.530824248	499860.939	0	0
neutron	939.56536	3.238863775	499860.939	0	0
neutron	939.56536	3.194532543	499860.939	0	0
neutron	939.56536	1.642647419	499860.939	0	0
C12	11174.86339	0.1752484729	499860.939	0	0
proton	938.272013	8.410723382	499862.2633	0	0
neutron	939.56536	5.970493998	499862.2633	0	0
neutron	939.56536	0.3030260614	499862.2633	0	0
Ar37	34425.14786	0.2934197819	499862.2633	0	0
neutron	939.56536	1.525295563	499856.5653	0	0
K39	36284.76737	0.07423029923	499856.5653	0	0
K40	37216.53309	0.1281056675	499864.842	0	0
neutron	939.56536	10.66288838	499864.2405	0	0
neutron	939.56536	1.84419791	499864.2405	0	0
N14	13040.20433	0.5934419325	499864.2405	0	0
proton	938.272013	36.63613116	499872.6491	0	0
neutron	939.56536	6.853991781	499872.6491	0	0
neutron	939.56536	1.744418148	499872.6491	0	0
alpha	3727.379	6.027202754	499872.6491	0	0
O17	15830.5038	2.753692735	499872.6491	0	0
K40	37216.53309	0.1299158466	499861.6556	0	0
B12	11188.74343	0.3644224798	499861.9646	0	0
neutron	939.56536	1.445053849	499870.0698	0	0
K39	36284.76737	0.2700734939	499870.0698	0	0
proton	938.272013	5.722735417	499863.2168	0	0
neutron	939.56536	4.675465322	499863.2168	0	0
neutron	939.56536	4.001671415	499863.2168	0	0
Ne21	19550.53637	2.023633931	499863.2168	0	0
neutron	939.56536	17.17769028	499869.4165	0	0
neutron	939.56536	6.143699413	499869.4165	0	0
proton	938.272013	2.740054503	499869.4165	0	0
alpha	3727.379	9.550399567	499869.4165	0	0
S35	32565.27968	0.3217980683	499869.4165	0	0
K40	37216.53309	0.1297585552	499865.3414	0	0
K40	37216.53309	0.1371714019	499862.5633	0	0
O16	14895.08153	0.2588965774	499878.7245	17.57278416	17.14365162
neutron	939.56536	0.3470419679	499867.1814	0	0
K39	36284.76737	0.08115093849	499867.1814	0	0
Na24	22341.82218	0.2083957831	499856.9857	0	0
proton	938.272013	10.26022684	499867.2238	0	0
proton	938.272013	5.046238211	499867.2238	0	0
neutron	939.56536	1.316390188	499867.2238	0	0
neutron	939.56536	1.167041775	499867.2238	0	0
deuteron	1875.613	5.403408661	499867.2238	0	0
deuteron	1875.613	6.316894708	499867.2238	0	0
P32	29775.84838	0.2913561012	499867.2238	0	0
neutron	939.56536	1.665118669	499862.9932	0	0
K39	36284.76737	0.2344322088	499862.9932	0	0
neutron	939.56536	5.698090447	499859.2172	0	0
proton	938.272013	2.483841487	499859.2172	0	0
C14	13040.87134	0.4718303389	499859.2172	0	0
K40	37216.53309	0.1416276329	499862.2809	0	0
neutron	939.56536	0.3109065597	499863.696	0	0
K39	36284.76737	0.1013311964	499863.696	0	0
neutron	939.56536	5.012718477	499859.9502	0	0
K39	36284.76737	0.1216424613	499859.9502	0	0
proton	938.272013	19.09437444	499859.456	0	0
neutron	939.56536	1.424882281	499859.456	0	0
C14	13040.87134	0.6512751127	499859.456	0	0
neutron	939.56536	11.67817553	499869.6631	0	0
proton	938.272013	10.19270518	499869.6631	0	0
proton	938.272013	9.297789938	499869.6631	0	0
proton	938.272013	5.158554454	499869.6631	0	0
alpha	3727.379	9.498941774	499869.6631	0	0
Si32	29776.58515	3.979441872	499869.6631	0	0
deuteron	1875.613	4.375069521	499858.9517	0	0
C14	13040.87134	0.6534845589	499858.9517	0	0
proton	938.272013	12.99823826	499862.7462	0	0
neutron	939.56536	3.875226777	499862.7462	0	0
Ar38	35352.87471	0.7773918139	499862.7462	0	0
neutron	939.56536	6.425485807	499860.9328	0	0
proton	938.272013	4.430867948	499860.9328	0	0
neutron	939.56536	4.16786356	499860.9328	0	0
neutron	939.56536	3.715013408	499860.9328	0	0
Ar40	37215.53769	0.259550898	499860.9328	0	0
neutron	939.56536	0.473808112	499863.3045	0	0
K39	36284.76737	0.1892022657	499863.3045	0	0
K40	37216.53309	0.1147727811	499857.7546	0	0
neutron	939.56536	0.4907189853	499870.8095	0	0
K39	36284.76737	0.1936904933	499870.8095	0	0
neutron	939.56536	14.08410059	499860.9515	0	0
proton	938.272013	6.710636966	499860.9515	0	0
neutron	939.56536	5.141739115	499860.9515	0	0
proton	938.272013	5.048239064	499860.9515	0	0
Cl36	33495.58861	0.53414128	499860.9515	0	0
K40	37216.53309	0.1185453738	499861.3322	0	0
K40	37216.53309	0.1323713424	499865.7227	0	0
neutron	939.56536	6.254917447	499866.3323	0	0
proton	938.272013	2.872308777	499866.3323	0	0
neutron	939.56536	1.582160642	499866.3323	0	0
Ar37	34425.14786	0.5741540244	499866.3323	0	0
neutron	939.56536	0.6702384962	499871.9181	0	0
K39	36284.76737	0.05097082085	499871.9181	0	0
neutron	939.56536	7.324137847	499864.9055	0	0
proton	938.272013	4.202941188	499864.9055	0	0
proton	938.272013	2.708751821	499864.9055	0	0
Cl37	34424.84314	0.697930674	499864.9055	0	0
K40	37216.53309	0.1232234457	499861.4673	0	0
N16	14906.01287	0.2786726064	499862.3007	0	0
K40	37216.53309	0.1093540174	499867.8593	0	0
K40	37216.53309	0.1339012942	499862.4782	0	0
K40	37216.53309	0.1263934334	499863.6711	0	0
neutron	939.56536	20.29699329	499867.3178	0	0
neutron	939.56536	1.399808403	499867.3178	0	0
neutron	939.56536	0.122611167	499867.3178	0	0
N13	12111.19236	1.101611643	499867.3178	0	0
proton	938.272013	9.493256176	499859.1943	0	0
neutron	939.56536	8.909936099	499859.1943	0	0
proton	938.272013	3.279444199	499859.1943	0	0
neutron	939.56536	3.102344352	499859.1943	0	0
neutron	939.56536	0.6592037228	499859.1943	0	0
Cl35	32564.60306	0.2347052624	499859.1943	0	0
K40	37216.53309	0.1307907429	499866.8316	0	0
proton	938.272013	14.18971116	499866.2988	0	0
proton	938.272013	4.005754675	499866.2988	0	0
neutron	939.56536	1.983095379	499866.2988	0	0
neutron	939.56536	0.9467607586	499866.2988	0	0
Cl36	33495.58861	0.9379884213	499866.2988	0	0
neutron	939.56536	31.29367162	499871.9048	0	0
proton	938.272013	3.956666809	499871.9048	0	0
proton	938.272013	3.921417448	499871.9048	0	0
proton	938.272013	2.529660132	499871.9048	0	0
S36	33494.9558	0.749507647	499871.9048	0	0
K40	37216.53309	0.1350114043	499860.457	0	0
proton	938.272013	13.42057319	499868.4856	0	0
neutron	939.56536	9.14374481	499868.4856	0	0
neutron	939.56536	7.1199537	499868.4856	0	0
neutron	939.56536	1.538531117	499868.4856	0	0
Ne20	18617.73218	1.101207991	499868.4856	0	0
K40	37216.53309	0.1420556359	499866.6301	0	0
neutron	939.56536	0.2740837507	499865.5281	0	0
K39	36284.76737	0.1353768558	499865.5281	0	0
neutron	939.56536	10.92714574	499863.3693	0	0
proton	938.272013	7.740243002	499863.3693	0	0
neutron	939.56536	2.938392967	499863.3693	0	0
neutron	939.56536	1.129238158	499863.3693	0	0
Ne20	18617.73218	0.09721627529	499863.3693	0	0
neutron	939.56536	7.218906689	499864.8053	0	0
N15	13968.93638	1.041955951	499864.8053	0	0
neutron	939.56536	0.2329112915	499866.6396	0	0
K39	36284.76737	0.07986856823	499866.6396	0	0
neutron	939.56536	0.1263824745	499866.8303	0	0
N15	13968.93638	0.3586713919	499866.8303	0	0
K40	37216.53309	0.1319627494	499864.8043	0	0
neutron	939.56536	18.51993288	499860.2333	0	0
proton	938.272013	17.62545032	499860.2333	0	0
proton	938.272013	2.621232392	499860.2333	0	0
neutron	939.56536	0.4886966677	499860.2333	0	0
F20	18625.26686	0.03523458503	499860.2333	0	0
proton	938.272013	8.209886845	499871.232	0	0
neutron	939.56536	1.555355067	499871.232	0	0
Ar38	35352.87471	0.06386566066	499871.232	0	0
Na24	22341.82218	0.1987879079	499868.3192	0	0
K40	37216.53309	0.1188257248	499860.3971	0	0
neutron	939.56536	10.12583452	499867.9935	0	0
neutron	939.56536	6.23843303	499867.9935	0	0
N14	13040.20433	1.148036939	499867.9935	0	0
neutron	939.56536	0.6679596143	499858.3898	0	0
K39	36284.76737	0.197129446	499858.3898	0	0
K40	37216.53309	0.1387603277	499855.5733	0	0
K40	37216.53309	0.1322265621	499867.4069	0	0
neutron	939.56536	1.344491836	499866.7235	0	0
neutron	939.56536	0.6529806454	499866.7235	0	0
N14	13040.20433	0.3267605649	499866.7235	0	0
neutron	939.56536	0.8710318814	499858.721	0	0
K39	36284.76737	0.05271311346	499858.721	0	0
neutron	939.56536	13.074325	499868.9308	0	0
proton	938.272013	4.358209666	499868.9308	0	0
neutron	939.56536	2.157005938	499868.9308	0	0
neutron	939.56536	0.1625983114	499868.9308	0	0
Ar36	33494.36994	0.6843628307	499868.9308	0	0
neutron	939.56536	2.576903196	499860.5681	0	0
K39	36284.76737	0.146556982	499860.5681	0	0
neutron	939.56536	33.54506383	499863.2869	0	0
proton	938.272013	5.744602911	499863.2869	0	0
proton	938.272013	4.940505488	499863.2869	0	0
neutron	939.56536	4.285939555	499863.2869	0	0
neutron	939.56536	1.485126056	499863.2869	0	0
Cl35	32564.60306	0.9269608616	499863.2869	0	0
neutron	939.56536	0.7295219363	499862.4151	0	0
K39	36284.76737	0.1334718249	499862.4151	0	0
K40	37216.53309	0.1416320269	499859.6036	0	0
Na26	24206.36741	0.1819582835	499868.3788	0	0
N16	14906.01287	0.281850921	499864.0492	0	0
neutron	939.56536	0.3271826128	499859.2252	0	0
K39	36284.76737	0.07494766879	499859.2252	0	0
proton	938.272013	14.82983934	499862.9813	0	0
deuteron	1875.613	15.07204624	499862.9813	0	0
B13	12123.43016	0.5515149015	499862.9813	0	0
proton	938.272013	7.31664324	499856.0118	0	0
neutron	939.56536	2.196774009	499856.0118	0	0
neutron	939.56536	0.06897195155	499856.0118	0	0
Ar37	34425.14786	0.4231686505	499856.0118	0	0
Na24	22341.82218	0.2108305122	499869.6032	0	0
neutron	939.56536	0.8538487308	499869.2231	0	0
K39	36284.76737	0.1203191323	499869.2231	0	0
neutron	939.56536	1.04611273	499859.0708	0	0
K39	36284.76737	0.0723428824	499859.0708	0	0
neutron	939.56536	8.929588839	499870.2767	0	0
proton	938.272013	4.434347694	499870.2767	0	0
neutron	939.56536	2.242642773	499870.2767	0	0
deuteron	1875.613	7.983692708	499870.2767	0	0
Cl35	32564.60306	0.3847545176	499870.2767	0	0
neutron	939.56536	1.474657161	499861.3542	0	0
K39	36284.76737	0.1399621657	499861.3542	0	0
K40	37216.53309	0.1292744622	499864.1038	0	0
neutron	939.56536	8.392832623	499868.8894	0	0
B11	10252.54787	1.698063961	499868.8894	0	0
Na24	22341.82218	0.1957479972	499863.9335	0	0
neutron	939.56536	3.344492664	499862.2841	0	0
neutron	939.56536	3.198289582	499862.2841	0	0
neutron	939.56536	1.495064188	499862.2841	0	0
K41	38146.00307	0.327785325	499862.2841	0	0
K40	37216.53309	0.1425585784	499860.8763	0	0
neutron	939.56536	5.937262255	499868.7267	0	0
neutron	939.56536	2.654977842	499868.7267	0	0
neutron	939.56536	0.7226284735	499868.7267	0	0
K40	37216.53309	0.4440806282	499868.7267	0	0
neutron	939.56536	1.551435193	499873.3902	0	0
K39	36284.76737	0.05813692367	499873.3902	0	0
neutron	939.56536	0.4113901673	499863.6251	0	0
Na23	21409.21625	0.1390227876	499863.6251	0	0
neutron	939.56536	10.58474103	499870.8751	0	0
proton	938.272013	1.455136297	499870.8751	0	0
C14	13040.87134	1.090401497	499870.8751	0	0
neutron	939.56536	30.56771423	499859.4113	0	0
neutron	939.56536	3.665597169	499859.4113	0	0
proton	938.272013	2.355932146	499859.4113	0	0
C13	12109.48242	2.564903753	499859.4113	0	0
neutron	939.56536	1.336902439	499858.8084	0	0
K39	36284.76737	0.2219919899	499858.8084	0	0
neutron	939.56536	1.659820818	499865.7548	0	0
K39	36284.76737	0.08079418911	499865.7548	0	0
neutron	939.56536	1.045993482	499860.2166	0	0
K39	36284.76737	0.169296995	499860.2166	0	0
K40	37216.53309	0.123046999	499867.0608	0	0
K40	37216.53309	0.1310298213	499862.9032	0	0
proton	938.272013	19.90054583	499862.5353	0	0
neutron	939.56536	6.48794874	499862.5353	0	0
neutron	939.56536	2.912120981	499862.5353	0	0
neutron	939.56536	2.870862761	499862.5353	0	0
alpha	3727.379	3.180360696	499862.5353	0	0
O16	14895.08153	1.928376079	499862.5353	0	0
K40	37216.53309	0.139901263	499867.7048	0	0
proton	938.272013	27.78058705	499872.8135	0	0
neutron	939.56536	5.135327992	499872.8135	0	0
neutron	939.56536	2.336329845	499872.8135	0	0
C13	12109.48242	3.298022995	499872.8135	0	0
neutron	939.56536	11.16809935	499862.2952	0	0
neutron	939.56536	9.802347425	499862.2952	0	0
neutron	939.56536	4.632539029	499862.2952	0	0
proton	938.272013	3.705016555	499862.2952	0	0
C12	11174.86339	2.097414193	499862.2952	0	0
neutron	939.56536	0.3558245527	499861.3346	0	0
K39	36284.76737	0.1303599594	499861.3346	0	0
neutron	939.56536	1.474099719	499861.8957	0	0
K39	36284.76737	0.03025769827	499861.8957	0	0
K40	37216.53309	0.1402086299	499868.3401	0	0
proton	938.272013	8.152782266	499864.3092	0	0
proton	938.272013	7.460888125	499864.3092	0	0
neutron	939.56536	4.333137237	499864.3092	0	0
neutron	939.56536	1.382958391	499864.3092	0	0
neutron	939.56536	0.8075265651	499864.3092	0	0
B11	10252.54787	4.758156351	499864.3092	0	0
K40	37216.53309	0.1283123337	499863.1811	0	0
K40	37216.53309	0.1392386071	499866.9578	0	0
neutron	939.56536	1.796773798	499864.349	0	0
K39	36284.76737	0.1841359847	499864.349	0	0
neutron	939.56536	3.689178703	499867.0677	0	0
neutron	939.56536	3.054935111	499867.0677	0	0
Na22	20482.07056	0.05823130263	499867.0677	0	0
neutron	939.56536	15.59625896	499859.8136	0	0
proton	938.272013	9.369779958	499859.8136	0	0
neutron	939.56536	5.349794483	499859.8136	0	0
proton	938.272013	3.364472982	499859.8136	0	0
neutron	939.56536	2.98007897	499859.8136	0	0
Cl35	32564.60306	1.927182691	499859.8136	0	0
proton	938.272013	11.28828329	499866.2661	0	0
neutron	939.56536	9.147047803	499866.2661	0	0
neutron	939.56536	1.23495428	499866.2661	0	0
Ar37	34425.14786	0.4419396098	499866.2661	0	0
neutron	939.56536	1.003462824	499865.8536	0	0
N15	13968.93638	0.5124738495	499865.8536	0	0
neutron	939.56536	0.6689791643	499866.1026	0	0
K39	36284.76737	0.1702139396	499866.1026	0	0
proton	938.272013	9.019098223	499865.8256	0	0
neutron	939.56536	4.803394153	499865.8256	0	0
neutron	939.56536	1.95121631	499865.8256	0	0
neutron	939.56536	0.2636531281	499865.8256	0	0
Ar36	33494.36994	0.4322636608	499865.8256	0	0
K40	37216.53309	0.1397094869	499866.7039	0	0
neutron	939.56536	0.6001111308	499864.0019	0	0
K41	38146.00307	0.1023990797	499864.0019	0	0
neutron	939.56536	1.577363428	499865.901	0	0
K39	36284.76737	0.04789257623	499865.901	0	0
neutron	939.56536	0.605889443	499860.5892	0	0
K39	36284.76737	0.1943918769	499860.5892	0	0
neutron	939.56536	5.820617663	499862.1979	0	0
proton	938.272013	5.08818251	499862.1979	0	0
neutron	939.56536	3.454786128	499862.1979	0	0
neutron	939.56536	2.682232287	499862.1979	0	0
alpha	3727.379	5.902622304	499862.1979	0	0
Be8	7454.850296	1.539227331	499862.1979	0	0
neutron	939.56536	14.10231876	499860.4414	0	0
proton	938.272013	8.047342311	499860.4414	0	0
proton	938.272013	3.421866394	499860.4414	0	0
proton	938.272013	3.186705166	499860.4414	0	0
neutron	939.56536	1.884746571	499860.4414	0	0
neutron	939.56536	0.9867178285	499860.4414	0	0
S34	31632.70018	0.3382479393	499860.4414	0	0
K40	37216.53309	0.1290238181	499871.1296	0	0
K40	37216.53309	0.1377342312	499871.0344	0	0
neutron	939.56536	1.469314404	499865.3759	0	0
K39	36284.76737	0.1672954878	499865.3759	0	0
neutron	939.56536	0.6936063052	499862.1549	0	0
K39	36284.76737	0.1182861034	499862.1549	0	0
neutron	939.56536	0.2419460615	499868.0226	0	0
N15	13968.93638	0.2266397604	499868.0226	0	0
K40	37216.53309	0.1327811559	499864.4166	0	0
K40	37216.53309	0.1203611252	499866.5517	0	0
proton	938.272013	9.500455567	499862.0182	0	0
neutron	939.56536	7.688142272	499862.0182	0	0
neutron	939.56536	0.4628795842	499862.0182	0	0
Ar37	34425.14786	0.2151804839	499862.0182	0	0
neutron	939.56536	38.64219564	499861.0491	0	0
neutron	939.56536	3.680279328	499861.0491	0	0
N14	13040.20433	2.735411049	499861.0491	0	0
neutron	939.56536	0.5892723208	499858.8676	0	0
K39	36284.76737	0.08558966636	499858.8676	0	0
K40	37216.53309	0.1175624172	499863.0997	0	0
proton	938.272013	4.82376836	499863.7941	0	0
neutron	939.56536	4.66433005	499863.7941	0	0
neutron	939.56536	2.609063164	499863.7941	0	0
Ar37	34425.14786	0.07707482441	499863.7941	0	0
K40	37216.53309	0.1302528448	499865.5447	0	0
K40	37216.53309	0.1368442003	499862.8861	0	0
Na24	22341.82218	0.1879168158	499856.8594	0	0
neutron	939.56536	16.04974415	499860.4327	0	0
proton	938.272013	4.19441538	499860.4327	0	0
proton	938.272013	2.973638727	499860.4327	0	0
Cl37	34424.84314	1.109822154	499860.4327	0	0
neutron	939.56536	28.64189291	499869.7375	0	0
neutron	939.56536	15.67530695	499869.7375	0	0
proton	938.272013	2.213928311	499869.7375	0	0
neutron	939.56536	1.0553616	499869.7375	0	0
C12	11174.86339	2.83347535	499869.7375	0	0
neutron	939.56536	0.9530718924	499861.39	0	0
K39	36284.76737	0.0667291059	499861.39	0	0
proton	938.272013	5.955467112	499867.0938	0	0
neutron	939.56536	2.007377306	499867.0938	0	0
Ar38	35352.87471	0.3897906321	499867.0938	0	0
K40	37216.53309	0.112459515	499871.1899	0	0
K40	37216.53309	0.1092555376	499866.7065	0	0
neutron	939.56536	1.895072752	499866.6743	0	0
N15	13968.93638	0.4971084037	499866.6743	0	0
K40	37216.53309	0.144107955	499858.6646	0	0
proton	938.272013	7.895333431	499864.6222	0	0
neutron	939.56536	4.323667996	499864.6222	0	0
Ar38	35352.87471	0.4751463	499864.6222	0	0
Na24	22341.82218	0.2152728545	499859.5621	0	0
proton	938.272013	49.3132129	499865.058	0	0
neutron	939.56536	2.684780799	499865.058	0	0
Ar38	35352.87471	1.180801757	499865.058	0	0
K40	37216.53309	0.1274696631	499862.1933	0	0
neutron	939.56536	6.047240573	499865.6325	0	0
neutron	939.56536	5.842785109	499865.6325	0	0
proton	938.272013	4.732187661	499865.6325	0	0
proton	938.272013	3.176437232	499865.6325	0	0
alpha	3727.379	10.4809704	499865.6325	0	0
P32	29775.84838	2.444108345	499865.6325	0	0
K40	37216.53309	0.121544506	499861.6843	0	0
proton	938.272013	5.510351419	499867.5576	0	0
neutron	939.56536	3.596199145	499867.5576	0	0
Ar38	35352.87471	0.2620753956	499867.5576	0	0
proton	938.272013	5.683285157	499872.7945	0	0
neutron	939.56536	0.7604240392	499872.7945	0	0
Ar38	35352.87471	0.1785399835	499872.7945	0	0
proton	938.272013	6.673123526	499859.9166	0	0
neutron	939.56536	5.273068611	499859.9166	0	0
Ar38	35352.87471	0.6037897785	499859.9166	0	0
Na25	23272.37635	0.2116499416	499863.6417	0	0
proton	938.272013	17.58568765	499865.1258	0	0
neutron	939.56536	4.299973086	499865.1258	0	0
neutron	939.56536	2.010240506	499865.1258	0	0
neutron	939.56536	1.545224317	499865.1258	0	0
Ar36	33494.36994	1.02512815	499865.1258	0	0
proton	938.272013	10.93938622	499865.2771	0	0
neutron	939.56536	2.257325121	499865.2771	0	0
neutron	939.56536	1.952485318	499865.2771	0	0
neutron	939.56536	1.258000295	499865.2771	0	0
C12	11174.86339	1.809344025	499865.2771	0	0
K40	37216.53309	0.129703998	499859.1164	0	0
neutron	939.56536	19.35224516	499889.5146	0	0
neutron	939.56536	4.593216736	499889.5146	0	0
deuteron	1875.613	18.52374101	499889.5146	0	0
alpha	3727.379	3.792014149	499889.5146	0	0
alpha	3727.379	1.547234231	499889.5146	0	0
alpha	3727.379	7.570082623	499889.5146	0	0
K40	37216.53309	0.1358949089	499861.0639	0	0
neutron	939.56536	31.28999793	499859.2702	0	0
neutron	939.56536	2.981660567	499859.2702	0	0
Na22	20482.07056	1.071236662	499859.2702	0	0
neutron	939.56536	11.87636175	499863.5686	0	0
K39	36284.76737	0.1405830316	499863.5686	0	0
neutron	939.56536	1.165120326	499860.3193	0	0
K39	36284.76737	0.05745029384	499860.3193	0	0
proton	938.272013	4.793623895	499863.7852	0	0
Ar39	36285.84137	0.07322197656	499863.7852	0	0
proton	938.272013	9.881735358	499855.8948	0	0
deuteron	1875.613	29.20005908	499855.8948	0	0
Cl37	34424.84314	1.362093025	499855.8948	0	0
K40	37216.53309	0.1326073667	499861.9041	0	0
neutron	939.56536	2.523006647	499859.972	0	0
N15	13968.93638	0.1381129277	499859.972	0	0
neutron	939.56536	1.463936749	499868.4851	0	0
K39	36284.76737	0.2216498312	499868.4851	0	0
neutron	939.56536	0.1815117052	499867.2503	0	0
K39	36284.76737	0.1055736856	499867.2503	0	0
neutron	939.56536	7.503420147	499860.0207	0	0
proton	938.272013	5.517596682	499860.0207	0	0
neutron	939.56536	0.8047176402	499860.0207	0	0
neutron	939.56536	0.6906593006	499860.0207	0	0
Ar36	33494.36994	0.6817726264	499860.0207	0	0
neutron	939.56536	0.6342737229	499863.6179	0	0
K39	36284.76737	0.1857710845	499863.6179	0	0
K40	37216.53309	0.1258353703	499865.7594	0	0
proton	938.272013	30.58438882	499867.5311	0	0
neutron	939.56536	24.38946529	499867.5311	0	0
neutron	939.56536	6.529912848	499867.5311	0	0
Ar37	34425.14786	0.6224080493	499867.5311	0	0
proton	938.272013	28.83242659	499860.4019	0	0
neutron	939.56536	5.051236656	499860.4019	0	0
neutron	939.56536	0.5386840625	499860.4019	0	0
neutron	939.56536	0.3594503414	499860.4019	0	0
Ne20	18617.73218	2.239384732	499860.4019	0	0
K40	37216.53309	0.1385556416	499860.4094	0	0
N16	14906.01287	0.2963209203	499859.5336	0	0
proton	938.272013	3.165655922	499862.8542	0	0
neutron	939.56536	0.5856868744	499862.8542	0	0
Ar38	35352.87471	0.3611776916	499862.8542	0	0
neutron	939.56536	0.5826301146	499871.978	0	0
K39	36284.76737	0.1669981028	499871.978	0	0
neutron	939.56536	0.4783479883	499868.0764	0	0
B11	10252.54787	0.2755042626	499868.0764	0	0
neutron	939.56536	35.27416435	499863.4353	0	0
proton	938.272013	6.07855635	499863.4353	0	0
neutron	939.56536	1.68884247	499863.4353	0	0
C13	12109.48242	0.8082882189	499863.4353	0	0
K40	37216.53309	0.1316236633	499868.5322	0	0
Na24	22341.82218	0.2149510749	499866.7511	0	0
proton	938.272013	6.187089553	499864.3939	0	0
neutron	939.56536	1.243015179	499864.3939	0	0
Ne22	20479.73746	0.3768879435	499864.3939	0	0
K40	37216.53309	0.130233666	499857.2517	0	0
neutron	939.56536	28.84606695	499863.5048	0	0
triton	2808.921	7.361742481	499863.5048	0	0
alpha	3727.379	5.261695616	499863.5048	0	0
alpha	3727.379	8.626926154	499863.5048	0	0
alpha	3727.379	0.249648224	499863.5048	0	0
neutron	939.56536	5.074650148	499866.9973	0	0
B11	10252.54787	0.4196570518	499866.9973	0	0
K40	37216.53309	0.1220149186	499861.0456	0	0
neutron	939.56536	3.953604134	499861.9906	0	0
proton	938.272013	3.572968656	499861.9906	0	0
C14	13040.87134	0.6479219283	499861.9906	0	0
neutron	939.56536	13.90396769	499863.2428	0	0
proton	938.272013	7.059085215	499863.2428	0	0
alpha	3727.379	9.112943642	499863.2428	0	0
S34	31632.70018	3.444603	499863.2428	0	0
neutron	939.56536	16.06651841	499858.189	0	0
neutron	939.56536	7.532909156	499858.189	0	0
N14	13040.20433	0.8614765501	499858.189	0	0
K40	37216.53309	0.132043785	499873.0394	0	0
K40	37216.53309	0.1299251896	499865.5717	0	0
neutron	939.56536	1.34473388	499865.6201	0	0
K39	36284.76737	0.1921477006	499865.6201	0	0
neutron	939.56536	13.02298736	499866.9353	0	0
proton	938.272013	4.498219883	499866.9353	0	0
C14	13040.87134	0.3445850153	499866.9353	0	0
proton	938.272013	17.56715476	499864.7286	0	0
proton	938.272013	3.569866829	499864.7286	0	0
neutron	939.56536	1.826451709	499864.7286	0	0
Cl37	34424.84314	0.06837691539	499864.7286	0	0
proton	938.272013	6.132654151	499868.7516	0	0
neutron	939.56536	1.567641061	499868.7516	0	0
Ar38	35352.87471	0.3374386036	499868.7516	0	0
neutron	939.56536	2.718912303	499861.7962	0	0
K39	36284.76737	0.2068870767	499861.7962	0	0
K40	37216.53309	0.1368593515	499867.4102	0	0
proton	938.272013	4.585589376	499865.4962	0	0
neutron	939.56536	0.8846670451	499865.4962	0	0
Ar38	35352.87471	0.2286446452	499865.4962	0	0
neutron	939.56536	0.4407611788	499861.1322	0	0
N15	13968.93638	0.4057356003	499861.1322	0	0
K40	37216.53309	0.128751104	499868.6402	0	0
O16	14895.08153	0.3507090619	499941.3767	66.86164277	66.36205197
Na24	22341.82218	0.1950463111	499865.0789	0	0
neutron	939.56536	12.42188591	499868.6808	0	0
proton	938.272013	5.019280143	499868.6808	0	0
neutron	939.56536	0.0853764798	499868.6808	0	0
Ar37	34425.14786	0.1343926953	499868.6808	0	0
neutron	939.56536	1.721463146	499864.3593	0	0
K39	36284.76737	0.1623135363	499864.3593	0	0
K40	37216.53309	0.1311137443	499866.686	0	0
K40	37216.53309	0.141470703	499865.146	0	0
neutron	939.56536	0.5924669005	499864.4614	0	0
K39	36284.76737	0.153613135	499864.4614	0	0
proton	938.272013	7.72824665	499858.0344	0	0
neutron	939.56536	3.681270954	499858.0344	0	0
Ar38	35352.87471	0.9764811035	499858.0344	0	0
proton	938.272013	6.210540333	499864.9716	0	0
proton	938.272013	6.085141856	499864.9716	0	0
neutron	939.56536	5.185931865	499864.9716	0	0
Cl37	34424.84314	0.8499037475	499864.9716	0	0
neutron	939.56536	1.117207288	499866.7246	0	0
K39	36284.76737	0.2121272397	499866.7246	0	0
K40	37216.53309	0.1384770454	499860.8542	0	0
K40	37216.53309	0.1396976652	499865.1574	0	0
neutron	939.56536	0.2547763754	499862.1251	0	0
K39	36284.76737	0.1419116829	499862.1251	0	0
proton	938.272013	6.378684501	499866.2011	0	0
neutron	939.56536	0.4677095515	499866.2011	0	0
Ar38	35352.87471	0.05172873944	499866.2011	0	0
neutron	939.56536	2.274179748	499863.5164	0	0
K39	36284.76737	0.05915525178	499863.5164	0	0
proton	938.272013	5.274014126	499868.0844	0	0
neutron	939.56536	0.6638309097	499868.0844	0	0
Ar38	35352.87471	0.2185894877	499868.0844	0	0
K40	37216.53309	0.1375181964	499861.5975	0	0
neutron	939.56536	8.106530085	499857.4681	0	0
proton	938.272013	6.32574236	499857.4681	0	0
neutron	939.56536	4.761846083	499857.4681	0	0
neutron	939.56536	1.375043775	499857.4681	0	0
neutron	939.56536	0.5834175462	499857.4681	0	0
neutron	939.56536	0.2091111664	499857.4681	0	0
Ar38	35352.87471	0.3900710897	499857.4681	0	0
neutron	939.56536	0.5551240589	499860.7175	0	0
K39	36284.76737	0.2146017945	499860.7175	0	0
Na24	22341.82218	0.1872500441	499864.6892	0	0
proton	938.272013	5.114749747	499865.7945	0	0
neutron	939.56536	2.278770567	499865.7945	0	0
neutron	939.56536	0.01111257895	499865.7945	0	0
deuteron	1875.613	2.832388624	499865.7945	0	0
Cl35	32564.60306	0.7943894066	499865.7945	0	0
neutron	939.56536	11.48111231	499867.3448	0	0
neutron	939.56536	6.316783309	499867.3448	0	0
proton	938.272013	4.397450223	499867.3448	0	0
neutron	939.56536	1.427585773	499867.3448	0	0
Ne20	18617.73218	0.6494567119	499867.3448	0	0
neutron	939.56536	14.1833457	499864.632	0	0
neutron	939.56536	6.116975007	499864.632	0	0
proton	938.272013	4.89907666	499864.632	0	0
C13	12109.48242	2.810862687	499864.632	0	0
neutron	939.56536	1.174899793	499861.7949	0	0
K39	36284.76737	0.1386102281	499861.7949	0	0
neutron	939.56536	22.2869783	499861.646	0	0
proton	938.272013	5.651782341	499861.646	0	0
neutron	939.56536	0.9954996815	499861.646	0	0
C13	12109.48242	1.692271422	499861.646	0	0
neutron	939.56536	4.115424764	499860.7808	0	0
neutron	939.56536	2.593823561	499860.7808	0	0
N14	13040.20433	0.52572057	499860.7808	0	0
K40	37216.53309	0.1327049599	499863.996	0	0
proton	938.272013	12.49175886	499858.7191	0	0
neutron	939.56536	5.615884321	499858.7191	0	0
neutron	939.56536	0.9332727709	499858.7191	0	0
C13	12109.48242	1.067767025	499858.7191	0	0
neutron	939.56536	9.908131301	499866.5563	0	0
neutron	939.56536	6.054670971	499866.5563	0	0
neutron	939.56536	4.340435371	499866.5563	0	0
proton	938.272013	3.738876047	499866.5563	0	0
proton	938.272013	3.543389033	499866.5563	0	0
Cl35	32564.60306	1.597098934	499866.5563	0	0
K40	37216.53309	0.1263519168	499866.5914	0	0
neutron	939.56536	0.3997518434	499861.4014	0	0
K39	36284.76737	0.1530152929	499861.4014	0	0
neutron	939.56536	9.663434283	499862.8281	0	0
proton	938.272013	8.549948944	499862.8281	0	0
proton	938.272013	4.263712539	499862.8281	0	0
Cl37	34424.84314	0.1364939346	499862.8281	0	0
Na24	22341.82218	0.1818130427	499860.7767	0	0
neutron	939.56536	0.1707913386	499865.7377	0	0
deuteron	1875.613	6.175431791	499865.7377	0	0
Ar37	34425.14786	0.184742618	499865.7377	0	0
K40	37216.53309	0.1238680195	499858.2798	0	0
neutron	939.56536	0.6419877404	499861.2923	0	0
K39	36284.76737	0.1117714668	499861.2923	0	0
K40	37216.53309	0.1253826789	499864.5317	0	0
neutron	939.56536	9.991912194	499868.6986	0	0
neutron	939.56536	0.5042720771	499868.6986	0	0
deuteron	1875.613	0.8244538896	499868.6986	0	0
Be8	7454.850296	1.382964034	499868.6986	0	0
Na24	22341.82218	0.2202238822	499870.426	0	0
neutron	939.56536	14.66292902	499867.8219	0	0
B11	10252.54787	2.241650841	499867.8219	0	0
K40	37216.53309	0.1369182309	499861.6144	0	0
neutron	939.56536	13.41794025	499866.9524	0	0
proton	938.272013	3.678801645	499866.9524	0	0
neutron	939.56536	1.010895859	499866.9524	0	0
C13	12109.48242	2.107082757	499866.9524	0	0
neutron	939.56536	1.088737445	499870.4812	0	0
B11	10252.54787	0.2485093998	499870.4812	0	0
neutron	939.56536	1.961943705	499870.2945	0	0
K43	40007.97528	0.02952110436	499870.2945	0	0
neutron	939.56536	0.669702408	499866.5994	0	0
K39	36284.76737	0.09552918771	499866.5994	0	0
neutron	939.56536	6.904705776	499864.0492	0	0
proton	938.272013	3.47455397	499864.0492	0	0
neutron	939.56536	1.508811955	499864.0492	0	0
neutron	939.56536	0.6935985467	499864.0492	0	0
C12	11174.86339	0.8866382814	499864.0492	0	0
neutron	939.56536	22.24325184	499875.5092	0	0
neutron	939.56536	4.451620118	499875.5092	0	0
neutron	939.56536	3.61753783	499875.5092	0	0
proton	938.272013	1.48105069	499875.5092	0	0
Ne20	18617.73218	0.8636726779	499875.5092	0	0
K40	37216.53309	0.1314192799	499858.1892	0	0
neutron	939.56536	23.44532464	499861.3604	0	0
proton	938.272013	1.936382903	499861.3604	0	0
neutron	939.56536	0.5827498775	499861.3604	0	0
Ne21	19550.53637	1.320512545	499861.3604	0	0
neutron	939.56536	15.8548704	499864.889	0	0
proton	938.272013	14.62958053	499864.889	0	0
proton	938.272013	4.504412724	499864.889	0	0
neutron	939.56536	1.350765306	499864.889	0	0
neutron	939.56536	1.138566581	499864.889	0	0
Cl35	32564.60306	0.473130751	499864.889	0	0
K40	37216.53309	0.1292738699	499866.0142	0	0
proton	938.272013	11.17831137	499860.6009	0	0
proton	938.272013	5.694594591	499860.6009	0	0
neutron	939.56536	4.479169703	499860.6009	0	0
proton	938.272013	3.574045839	499860.6009	0	0
neutron	939.56536	2.818970005	499860.6009	0	0
neutron	939.56536	0.9359273102	499860.6009	0	0
O18	16762.02378	0.4359856903	499860.6009	0	0
Na24	22341.82218	0.2107502334	499870.4977	0	0
K40	37216.53309	0.1117482513	499867.2649	0	0
K40	37216.53309	0.1309418761	499870.3194	0	0
K40	37216.53309	0.1352887688	499863.0546	0	0
K40	37216.53309	0.1188284899	499863.3176	0	0
Na24	22341.82218	0.2126700431	499867.517	0	0
neutron	939.56536	0.1497517726	499866.3496	0	0
K39	36284.76737	0.1347589958	499866.3496	0	0
neutron	939.56536	29.37060874	499865.9859	0	0
proton	938.272013	8.064994895	499865.9859	0	0
neutron	939.56536	2.414274595	499865.9859	0	0
C13	12109.48242	0.5122368621	499865.9859	0	0
K40	37216.53309	0.1355315573	499863.3473	0	0
K40	37216.53309	0.1330790096	499861.4738	0	0
neutron	939.56536	5.67235042	499862.6702	0	0
proton	938.272013	3.38636308	499862.6702	0	0
neutron	939.56536	2.416881141	499862.6702	0	0
deuteron	1875.613	4.905856901	499862.6702	0	0
Cl35	32564.60306	0.6020198455	499862.6702	0	0
neutron	939.56536	3.446522931	499865.7332	0	0
neutron	939.56536	3.189954152	499865.7332	0	0
deuteron	1875.613	3.492567669	499865.7332	0	0
Be8	7454.850296	0.3024349067	499865.7332	0	0
K40	37216.53309	0.1421322403	499862.6191	0	0
neutron	939.56536	0.1031519985	499862.1567	0	0
K39	36284.76737	0.1111728593	499862.1567	0	0
neutron	939.56536	1.224462879	499859.0766	0	0
K39	36284.76737	0.1246711091	499859.0766	0	0
neutron	939.56536	11.08214235	499863.4654	0	0
neutron	939.56536	8.906916547	499863.4654	0	0
deuteron	1875.613	10.62858209	499863.4654	0	0
alpha	3727.379	3.723722738	499863.4654	0	0
Be8	7454.850296	3.948551274	499863.4654	0	0
neutron	939.56536	0.4425095919	499868.8291	0	0
K39	36284.76737	0.139723264	499868.8291	0	0
neutron	939.56536	0.1944179598	499863.6873	0	0
Na23	21409.21625	0.2126023075	499863.6873	0	0
K40	37216.53309	0.1416787472	499862.1135	0	0
neutron	939.56536	27.46954746	499863.526	0	0
neutron	939.56536	13.5219458	499863.526	0	0
proton	938.272013	5.890716771	499863.526	0	0
C13	12109.48242	2.033615835	499863.526	0	0
K40	37216.53309	0.1254568601	499866.9485	0	0
K40	37216.53309	0.1338573966	499863.4666	0	0
neutron	939.56536	2.117704295	499864.6188	0	0
neutron	939.56536	0.6718249291	499864.6188	0	0
deuteron	1875.613	6.83118944	499864.6188	0	0
Ar36	33494.36994	0.4908084191	499864.6188	0	0
K40	37216.53309	0.135604525	499863.5455	0	0
neutron	939.56536	0.1174410813	499864.6571	0	0
K39	36284.76737	0.09638063871	499864.6571	0	0
neutron	939.56536	40.83198746	499861.7533	0	0
alpha	3727.379	5.037593515	499861.7533	0	0
B11	10252.54787	4.392524927	499861.7533	0	0
neutron	939.56536	28.77316931	499871.0993	0	0
proton	938.272013	5.410856651	499871.0993	0	0
neutron	939.56536	1.582174569	499871.0993	0	0
Ar37	34425.14786	1.82686697	499871.0993	0	0
neutron	939.56536	0.4328368511	499862.5293	0	0
N15	13968.93638	0.3505205403	499862.5293	0	0
proton	938.272013	29.32449995	499859.3438	0	0
neutron	939.56536	11.51055001	499859.3438	0	0
proton	938.272013	5.783477231	499859.3438	0	0
Cl37	34424.84314	0.2565385188	499859.3438	0	0
K40	37216.53309	0.1205379828	499865.1704	0	0
K40	37216.53309	0.1180671092	499862.9997	0	0
Na25	23272.37635	0.1912423976	499865.9972	0	0
K40	37216.53309	0.1423911336	499865.9033	0	0
K40	37216.53309	0.1276727777	499857.868	0	0
neutron	939.56536	13.65496093	499873.628	0	0
neutron	939.56536	11.52903602	499873.628	0	0
proton	938.272013	9.975602807	499873.628	0	0
proton	938.272013	5.304935452	499873.628	0	0
neutron	939.56536	0.9207472386	499873.628	0	0
Cl35	32564.60306	0.4449389624	499873.628	0	0
neutron	939.56536	2.847818804	499857.8422	0	0
K39	36284.76737	0.01526581067	499857.8422	0	0
neutron	939.56536	9.220972572	499860.5099	0	0
proton	938.272013	6.209271606	499860.5099	0	0
neutron	939.56536	3.891090203	499860.5099	0	0
neutron	939.56536	2.392729231	499860.5099	0	0
Ar40	37215.53769	0.06979681155	499860.5099	0	0
Na26	24206.36741	0.1771608332	499873.3822	0	0
neutron	939.56536	0.4256281038	499859.2941	0	0
K39	36284.76737	0.1190762366	499859.2941	0	0
neutron	939.56536	0.4566650224	499865.4398	0	0
K39	36284.76737	0.1838730293	499865.4398	0	0
Na24	22341.82218	0.2033367097	499860.4884	0	0
K40	37216.53309	0.1292179621	499865.4979	0	0
proton	938.272013	10.2883793	499864.3348	0	0
neutron	939.56536	3.894384912	499864.3348	0	0
neutron	939.56536	2.594586979	499864.3348	0	0
neutron	939.56536	0.2763301768	499864.3348	0	0
Ar36	33494.36994	0.04765693455	499864.3348	0	0
neutron	939.56536	7.331362892	499863.4256	0	0
proton	938.272013	6.213066535	499863.4256	0	0
proton	938.272013	2.137582526	499863.4256	0	0
neutron	939.56536	0.9979369664	499863.4256	0	0
deuteron	1875.613	6.906980045	499863.4256	0	0
alpha	3727.379	6.632181302	499863.4256	0	0
Si30	27913.24182	0.6718851466	499863.4256	0	0
Na24	22341.82218	0.2149073975	499862.6786	0	0
K40	37216.53309	0.1344522604	499867.8484	0	0
K40	37216.53309	0.1413615429	499861.0141	0	0
Na26	24206.36741	0.1743549555	499864.2411	0	0
neutron	939.56536	0.4233645952	499864.1957	0	0
K39	36284.76737	0.1191701341	499864.1957	0	0
K40	37216.53309	0.1223084218	499863.2912	0	0
neutron	939.56536	19.45784119	499864.6953	0	0
proton	938.272013	7.410112133	499864.6953	0	0
neutron	939.56536	2.942831048	499864.6953	0	0
Ar37	34425.14786	0.2569788595	499864.6953	0	0
neutron	939.56536	1.112835706	499861.9575	0	0
Na23	21409.21625	0.2768691533	499861.9575	0	0
neutron	939.56536	20.03804905	499859.5627	0	0
neutron	939.56536	8.409478475	499859.5627	0	0
proton	938.272013	3.122530404	499859.5627	0	0
neutron	939.56536	0.3013249341	499859.5627	0	0
Ar36	33494.36994	0.2111333092	499859.5627	0	0
K40	37216.53309	0.1407015619	499863.68	0	0
proton	938.272013	8.691439811	499864.5089	0	0
neutron	939.56536	1.247126359	499864.5089	0	0
Ne22	20479.73746	0.5636677048	499864.5089	0	0
neutron	939.56536	5.699419557	499863.7286	0	0
neutron	939.56536	2.34227335	499863.7286	0	0
deuteron	1875.613	22.70588659	499863.7286	0	0
alpha	3727.379	11.59317382	499863.7286	0	0
Be8	7454.850296	2.993145567	499863.7286	0	0
K40	37216.53309	0.1231567528	499867.1451	0	0
neutron	939.56536	0.5951158682	499867.4555	0	0
K39	36284.76737	0.1050347256	499867.4555	0	0
neutron	939.56536	19.45473309	499860.327	0	0
neutron	939.56536	18.24483547	499860.327	0	0
proton	938.272013	5.978193626	499860.327	0	0
neutron	939.56536	1.553965748	499860.327	0	0
Ar36	33494.36994	0.4199872872	499860.327	0	0
neutron	939.56536	1.682542005	499863.299	0	0
K39	36284.76737	0.1454521343	499863.299	0	0
proton	938.272013	16.0914658	499861.7536	0	0
neutron	939.56536	7.322187318	499861.7536	0	0
neutron	939.56536	3.569870921	499861.7536	0	0
Be9	8392.751106	1.268889994	499861.7536	0	0
proton	938.272013	15.89698761	499864.8822	0	0
neutron	939.56536	10.17064739	499864.8822	0	0
neutron	939.56536	5.410946751	499864.8822	0	0
neutron	939.56536	4.360030351	499864.8822	0	0
proton	938.272013	2.209418337	499864.8822	0	0
Cl35	32564.60306	3.292776411	499864.8822	0	0
neutron	939.56536	0.0635096744	499862.6493	0	0
N15	13968.93638	0.3104729346	499862.6493	0	0
neutron	939.56536	0.95460873	499865.5518	0	0
K39	36284.76737	0.1039260667	499865.5518	0	0
neutron	939.56536	6.93517426	499870.8394	0	0
proton	938.272013	3.137201922	499870.8394	0	0
neutron	939.56536	0.1454489147	499870.8394	0	0
deuteron	1875.613	10.4366148	499870.8394	0	0
deuteron	1875.613	7.220543759	499870.8394	0	0
S33	30704.55199	2.082952116	499870.8394	0	0
neutron	939.56536	0.7455746242	499865.034	0	0
K39	36284.76737	0.1253693674	499865.034	0	0
neutron	939.56536	2.809927577	499864.6849	0	0
neutron	939.56536	1.535897237	499864.6849	0	0
deuteron	1875.613	4.874925925	499864.6849	0	0
C12	11174.86339	0.6976821467	499864.6849	0	0
K40	37216.53309	0.1350887613	499865.4017	0	0
K40	37216.53309	0.1209855236	499861.7131	0	0
proton	938.272013	39.34312825	499860.2905	0	0
neutron	939.56536	6.655435227	499860.2905	0	0
neutron	939.56536	0.9240858111	499860.2905	0	0
Ar37	34425.14786	1.845529067	499860.2905	0	0
K44	40940.26321	0.1083909776	499863.2629	0	0
K40	37216.53309	0.1416192402	499868.1011	0	0
neutron	939.56536	8.981833296	499866.9233	0	0
N15	13968.93638	0.7811581402	499866.9233	0	0
K40	37216.53309	0.1409265129	499869.4551	0	0
proton	938.272013	26.2786649	499866.2451	0	0
proton	938.272013	5.046695231	499866.2451	0	0
neutron	939.56536	1.827308193	499866.2451	0	0
Cl37	34424.84314	0.8493026416	499866.2451	0	0
K40	37216.53309	0.1317967413	499861.883	0	0
neutron	939.56536	1.442714032	499859.9235	0	0
B11	10252.54787	0.7494399272	499859.9235	0	0
proton	938.272013	3.207670677	499859.0339	0	0
neutron	939.56536	2.534586617	499859.0339	0	0
neutron	939.56536	0.009305374874	499859.0339	0	0
Ne21	19550.53637	0.6147985179	499859.0339	0	0
proton	938.272013	3.750769336	499865.8752	0	0
neutron	939.56536	3.356190139	499865.8752	0	0
neutron	939.56536	0.8939812814	499865.8752	0	0
Ne21	19550.53637	0.1636851783	499865.8752	0	0
deuteron	1875.613	14.30471367	499865.4309	0	0
Ar38	35352.87471	0.8582075936	499865.4309	0	0
neutron	939.56536	26.50513861	499861.6974	0	0
proton	938.272013	10.45016933	499861.6974	0	0
C14	13040.87134	0.7176793409	499861.6974	0	0
proton	938.272013	5.061467567	499870.6074	0	0
proton	938.272013	2.55738795	499870.6074	0	0
neutron	939.56536	1.464325795	499870.6074	0	0
Cl37	34424.84314	0.6416696132	499870.6074	0	0
neutron	939.56536	1.261707739	499864.1007	0	0
K39	36284.76737	0.199545649	499864.1007	0	0
K40	37216.53309	0.1255944494	499864.0651	0	0
neutron	939.56536	1.14024931	499867.8668	0	0
K39	36284.76737	0.2252545469	499867.8668	0	0
neutron	939.56536	2.512941976	499870.2999	0	0
K39	36284.76737	0.02350350167	499870.2999	0	0
K40	37216.53309	0.1357684444	499864.0219	0	0
proton	938.272013	4.241972548	499865.5646	0	0
neutron	939.56536	2.270383248	499865.5646	0	0
He3	2808.391	15.03021318	499865.5646	0	0
S35	32565.27968	2.309230145	499865.5646	0	0
neutron	939.56536	0.4487449844	499862.1368	0	0
K39	36284.76737	0.1661778279	499862.1368	0	0
Na25	23272.37635	0.1954064307	499866.3716	0	0
neutron	939.56536	0.2829529265	499863.1812	0	0
Na23	21409.21625	0.2349629762	499863.1812	0	0
neutron	939.56536	0.1938248115	499860.8144	0	0
K39	36284.76737	0.1564234341	499860.8144	0	0
neutron	939.56536	0.27795447	499862.9014	0	0
K39	36284.76737	0.1525378021	499862.9014	0	0
Na24	22341.82218	0.2185041997	499863.3683	0	0
K40	37216.53309	0.1313303135	499863.0965	0	0
proton	938.272013	3.440979974	499860.4062	0	0
neutron	939.56536	1.483598722	499860.4062	0	0
Ar38	35352.87471	0.2922177334	499860.4062	0	0
neutron	939.56536	8.424050886	499866.0081	0	0
neutron	939.56536	4.21115298	499866.0081	0	0
deuteron	1875.613	2.768362309	499866.0081	0	0
alpha	3727.379	3.490160344	499866.0081	0	0
alpha	3727.379	3.35300906	499866.0081	0	0
neutron	939.56536	37.6688925	499866.8548	0	0
proton	938.272013	1.963270096	499866.8548	0	0
Ne22	20479.73746	1.385653798	499866.8548	0	0
neutron	939.56536	39.97921449	499866.4208	0	0
neutron	939.56536	11.21456344	499866.4208	0	0
proton	938.272013	5.036734061	499866.4208	0	0
neutron	939.56536	0.4687282917	499866.4208	0	0
Ar36	33494.36994	0.3518027307	499866.4208	0	0
neutron	939.56536	0.1573338052	499862.3294	0	0
K39	36284.76737	0.09511131064	499862.3294	0	0
neutron	939.56536	15.84259594	499861.0886	0	0
proton	938.272013	4.333874326	499861.0886	0	0
Ar38	35352.87471	0.2775528065	499861.0886	0	0
neutron	939.56536	1.922236764	499865.519	0	0
B11	10252.54787	0.6831130383	499865.519	0	0
Na24	22341.82218	0.204855301	499869.3451	0	0
neutron	939.56536	44.1914313	499863.339	0	0
proton	938.272013	4.248815366	499863.339	0	0
Ar38	35352.87471	1.901436327	499863.339	0	0
B12	11188.74343	0.3394780303	499865.1278	0	0
K40	37216.53309	0.133620657	499858.1688	0	0
proton	938.272013	2.860670008	499859.7391	0	0
neutron	939.56536	1.563358119	499859.7391	0	0
Ar38	35352.87471	0.3849230577	499859.7391	0	0
neutron	939.56536	18.28011114	499869.6496	0	0
proton	938.272013	3.232604894	499869.6496	0	0
proton	938.272013	2.575392203	499869.6496	0	0
Cl37	34424.84314	0.9616190445	499869.6496	0	0
neutron	939.56536	9.986299713	499870.2462	0	0
alpha	3727.379	5.692525917	499870.2462	0	0
F19	17692.30285	0.6544106256	499870.2462	0	0
neutron	939.56536	6.381754238	499865.6371	0	0
neutron	939.56536	0.7614020475	499865.6371	0	0
N14	13040.20433	1.217959475	499865.6371	0	0
neutron	939.56536	23.53191384	499866.3305	0	0
proton	938.272013	13.34539313	499866.3305	0	0
neutron	939.56536	3.215957058	499866.3305	0	0
neutron	939.56536	1.69788885	499866.3305	0	0
C12	11174.86339	2.734007358	499866.3305	0	0
K40	37216.53309	0.1254074025	499870.2846	0	0
neutron	939.56536	22.15309665	499866.6612	0	0
neutron	939.56536	11.44297644	499866.6612	0	0
deuteron	1875.613	3.252851522	499866.6612	0	0
C12	11174.86339	0.2239296471	499866.6612	0	0
neutron	939.56536	0.1059465874	499862.6704	0	0
K39	36284.76737	0.1589767029	499862.6704	0	0
neutron	939.56536	14.80155627	499870.6552	0	0
proton	938.272013	6.507547686	499870.6552	0	0
proton	938.272013	6.229718947	499870.6552	0	0
neutron	939.56536	2.035555479	499870.6552	0	0
neutron	939.56536	0.6374518813	499870.6552	0	0
Cl35	32564.60306	0.2986526784	499870.6552	0	0
neutron	939.56536	25.13825686	499869.3634	0	0
neutron	939.56536	5.865575605	499869.3634	0	0
deuteron	1875.613	4.609710441	499869.3634	0	0
alpha	3727.379	3.41991627	499869.3634	0	0
Be8	7454.850296	2.020872476	499869.3634	0	0
proton	938.272013	22.11773077	499859.3859	0	0
neutron	939.56536	3.594013033	499859.3859	0	0
Ar38	35352.87471	0.5220351512	499859.3859	0	0
proton	938.272013	30.47272912	499869.5934	0	0
neutron	939.56536	3.792854509	499869.5934	0	0
C14	13040.87134	1.926939368	499869.5934	0	0
neutron	939.56536	1.633940839	499859.5815	0	0
K39	36284.76737	0.1251421781	499859.5815	0	0
neutron	939.56536	21.50942328	499860.8123	0	0
proton	938.272013	4.67715357	499860.8123	0	0
neutron	939.56536	1.047131239	499860.8123	0	0
neutron	939.56536	0.6127016603	499860.8123	0	0
Ar36	33494.36994	1.246611092	499860.8123	0	0
K40	37216.53309	0.1342521451	499862.731	0	0
neutron	939.56536	3.109150634	499858.7758	0	0
K39	36284.76737	0.2651076994	499858.7758	0	0
neutron	939.56536	0.2952565348	499862.7592	0	0
K39	36284.76737	0.1084919098	499862.7592	0	0
neutron	939.56536	2.707640805	499860.8023	0	0
N15	13968.93638	0.3812578878	499860.8023	0	0
neutron	939.56536	6.388360164	499873.4036	0	0
neutron	939.56536	0.4205863726	499873.4036	0	0
N14	13040.20433	0.1091612698	499873.4036	0	0
K40	37216.53309	0.1230601509	499855.4374	0	0
proton	938.272013	5.983502765	499866.561	0	0
proton	938.272013	5.247236827	499866.561	0	0
neutron	939.56536	5.200704353	499866.561	0	0
neutron	939.56536	2.226681544	499866.561	0	0
neutron	939.56536	0.9163018564	499866.561	0	0
Cl35	32564.60306	0.2781552721	499866.561	0	0
K40	37216.53309	0.1385417124	499862.2928	0	0
proton	938.272013	6.594432697	499861.4075	0	0
neutron	939.56536	3.961666507	499861.4075	0	0
neutron	939.56536	2.170668776	499861.4075	0	0
neutron	939.56536	0.9259542432	499861.4075	0	0
Ne20	18617.73218	1.251635563	499861.4075	0	0
neutron	939.56536	3.545121136	499861.943	0	0
K39	36284.76737	0.3064763052	499861.943	0	0
neutron	939.56536	0.998770263	499864.1936	0	0
Na23	21409.21625	0.1812453556	499864.1936	0	0
proton	938.272013	6.41526039	499865.0367	0	0
neutron	939.56536	6.07500574	499865.0367	0	0
Ar38	35352.87471	0.04976826584	499865.0367	0	0
neutron	939.56536	7.771932658	499858.0677	0	0
proton	938.272013	2.611048917	499858.0677	0	0
C14	13040.87134	0.943716208	499858.0677	0	0
K40	37216.53309	0.1291956864	499865.198	0	0
K40	37216.53309	0.1214569821	499862.1231	0	0
proton	938.272013	7.171932357	499862.828	0	0
neutron	939.56536	4.089156478	499862.828	0	0
neutron	939.56536	3.294463953	499862.828	0	0
Ar37	34425.14786	0.2805181001	499862.828	0	0
neutron	939.56536	0.9513453363	499860.7997	0	0
K39	36284.76737	0.2506937835	499860.7997	0	0
K40	37216.53309	0.1343348824	499870.9986	0	0
proton	938.272013	13.14929153	499860.0814	0	0
neutron	939.56536	3.118369743	499860.0814	0	0
neutron	939.56536	0.6189175929	499860.0814	0	0
Ar37	34425.14786	0.4547595092	499860.0814	0	0
neutron	939.56536	20.96019327	499867.2584	0	0
proton	938.272013	3.621043353	499867.2584	0	0
neutron	939.56536	2.850258187	499867.2584	0	0
neutron	939.56536	0.4618295333	499867.2584	0	0
Ar36	33494.36994	0.4798637423	499867.2584	0	0
neutron	939.56536	2.537882078	499873.5836	0	0
K39	36284.76737	0.09552570026	499873.5836	0	0
K40	37216.53309	0.1235827301	499863.7772	0	0
Na24	22341.82218	0.213127569	499865.4218	0	0
K40	37216.53309	0.1339479883	499869.3437	0	0
neutron	939.56536	0.6001358626	499861.6536	0	0
K39	36284.76737	0.2130922411	499861.6536	0	0
K40	37216.53309	0.1362833928	499862.9434	0	0
neutron	939.56536	25.82632317	499865.1028	0	0
neutron	939.56536	17.6046771	499865.1028	0	0
proton	938.272013	5.574631075	499865.1028	0	0
neutron	939.56536	1.378041205	499865.1028	0	0
Ar36	33494.36994	1.760875013	499865.1028	0	0
K40	37216.53309	0.1400773514	499863.5588	0	0
neutron	939.56536	24.97843214	499867.0805	0	0
neutron	939.56536	4.09017576	499867.0805	0	0
proton	938.272013	1.302944454	499867.0805	0	0
neutron	939.56536	1.278639489	499867.0805	0	0
Ne20	18617.73218	1.703474946	499867.0805	0	0
K40	37216.53309	0.1417063381	499871.7211	0	0
K40	37216.53309	0.139837175	499871.9369	0	0
neutron	939.56536	3.276557484	499861.2389	0	0
proton	938.272013	2.062373729	499861.2389	0	0
C14	13040.87134	1.328822561	499861.2389	0	0
neutron	939.56536	0.895903316	499862.6769	0	0
K39	36284.76737	0.03728957763	499862.6769	0	0
K40	37216.53309	0.1394505842	499859.969	0	0
proton	938.272013	3.562409769	499867.7417	0	0
neutron	939.56536	1.704096389	499867.7417	0	0
C14	13040.87134	0.09503033557	499867.7417	0	0
proton	938.272013	4.075973109	499865.1042	0	0
neutron	939.56536	3.235838749	499865.1042	0	0
Ar38	35352.87471	0.02843163232	499865.1042	0	0
K40	37216.53309	0.136191284	499863.2514	0	0
K40	37216.53309	0.1408118003	499866.2475	0	0
neutron	939.56536	5.20007801	499868.6793	0	0
K39	36284.76737	0.1564139529	499868.6793	0	0
neutron	939.56536	0.5463816362	499860.0803	0	0
K39	36284.76737	0.1290703637	499860.0803	0	0
neutron	939.56536	0.8857228883	499859.3731	0	0
K39	36284.76737	0.2212356167	499859.3731	0	0
neutron	939.56536	0.49363467	499866.3564	0	0
K39	36284.76737	0.0632036031	499866.3564	0	0
neutron	939.56536	5.261181604	499863.1135	0	0
neutron	939.56536	3.266323055	499863.1135	0	0
proton	938.272013	3.090089714	499863.1135	0	0
neutron	939.56536	0.03412546641	499863.1135	0	0
C12	11174.86339	2.321841944	499863.1135	0	0
K40	37216.53309	0.1286616345	499863.3462	0	0
K40	37216.53309	0.1388788976	499862.0047	0	0
N16	14906.01287	0.2822428246	499863.7904	0	0
neutron	939.56536	0.1150417783	499865.9422	0	0
K39	36284.76737	0.137190855	499865.9422	0	0
neutron	939.56536	5.834455342	499860.1947	0	0
neutron	939.56536	5.348623773	499860.1947	0	0
neutron	939.56536	5.0756432	499860.1947	0	0
proton	938.272013	4.512949634	499860.1947	0	0
neutron	939.56536	1.394086638	499860.1947	0	0
neutron	939.56536	0.4803205537	499860.1947	0	0
Ar36	33494.36994	0.1503441589	499860.1947	0	0
proton	938.272013	7.966573924	499865.6029	0	0
neutron	939.56536	4.504207357	499865.6029	0	0
Ar38	35352.87471	0.6017345433	499865.6029	0	0
proton	938.272013	8.701595817	499861.664	0	0
neutron	939.56536	1.81603597	499861.664	0	0
neutron	939.56536	1.109076042	499861.664	0	0
neutron	939.56536	0.6907694917	499861.664	0	0
Ar40	37215.53769	0.05711207385	499861.664	0	0
neutron	939.56536	7.929515833	499863.7203	0	0
proton	938.272013	6.325184868	499863.7203	0	0
neutron	939.56536	2.381715269	499863.7203	0	0
Ar37	34425.14786	0.7485340119	499863.7203	0	0
neutron	939.56536	1.319112474	499870.8986	0	0
K39	36284.76737	0.1323951109	499870.8986	0	0
neutron	939.56536	7.45691469	499861.2889	0	0
proton	938.272013	2.785782525	499861.2889	0	0
Ar38	35352.87471	0.7620685723	499861.2889	0	0
proton	938.272013	5.540850407	499862.5659	0	0
neutron	939.56536	3.056311699	499862.5659	0	0
proton	938.272013	2.818079381	499862.5659	0	0
neutron	939.56536	2.6175714	499862.5659	0	0
neutron	939.56536	2.610996946	499862.5659	0	0
Cl35	32564.60306	0.02809257392	499862.5659	0	0
neutron	939.56536	3.250200188	499866.9808	0	0
proton	938.272013	2.910081708	499866.9808	0	0
neutron	939.56536	2.062489502	499866.9808	0	0
neutron	939.56536	1.087827854	499866.9808	0	0
Ar36	33494.36994	0.05658485858	499866.9808	0	0
K40	37216.53309	0.1242758898	499865.6372	0	0
neutron	939.56536	2.486715353	499860.1417	0	0
deuteron	1875.613	8.738173019	499860.1417	0	0
Ne21	19550.53637	1.634650706	499860.1417	0	0
K40	37216.53309	0.1356346495	499868.1471	0	0
neutron	939.56536	1.043597722	499865.8576	0	0
K39	36284.76737	0.2310757765	499865.8576	0	0
neutron	939.56536	12.70344917	499864.7317	0	0
proton	938.272013	9.703437481	499864.7317	0	0
proton	938.272013	6.862839919	499864.7317	0	0
proton	938.272013	2.489916984	499864.7317	0	0
neutron	939.56536	0.3895127296	499864.7317	0	0
S35	32565.27968	1.682273586	499864.7317	0	0
proton	938.272013	6.265824622	499872.9947	0	0
deuteron	1875.613	21.86850516	499872.9947	0	0
B13	12123.43016	2.437277371	499872.9947	0	0
K40	37216.53309	0.1345920389	499858.0115	0	0
neutron	939.56536	18.17968805	499866.0808	0	0
neutron	939.56536	9.333692006	499866.0808	0	0
proton	938.272013	4.146605346	499866.0808	0	0
Ar37	34425.14786	1.023487206	499866.0808	0	0
proton	938.272013	4.139718633	499863.5555	0	0
neutron	939.56536	1.290192066	499863.5555	0	0
Ar38	35352.87471	0.126102279	499863.5555	0	0
proton	938.272013	10.37493454	499861.4763	0	0
neutron	939.56536	4.809967642	499861.4763	0	0
neutron	939.56536	1.059812125	499861.4763	0	0
neutron	939.56536	0.7819957422	499861.4763	0	0
Be8	7454.850296	0.5169569274	499861.4763	0	0
neutron	939.56536	0.3187819575	499861.3731	0	0
K39	36284.76737	0.08717763583	499861.3731	0	0
N17	15839.69307	0.2706637204	499862.3042	0	0
neutron	939.56536	19.81545235	499866.1978	0	0
proton	938.272013	3.103778346	499866.1978	0	0
alpha	3727.379	15.86097936	499866.1978	0	0
S34	31632.70018	0.7768420445	499866.1978	0	0
neutron	939.56536	3.809827683	499864.0593	0	0
neutron	939.56536	3.482954811	499864.0593	0	0
N14	13040.20433	0.3280976025	499864.0593	0	0
neutron	939.56536	32.66431531	499866.553	0	0
neutron	939.56536	2.042396746	499866.553	0	0
Na23	21409.21625	0.5778692176	499866.553	0	0
K40	37216.53309	0.1349368232	499865.1281	0	0
neutron	939.56536	0.114941479	499861.304	0	0
K39	36284.76737	0.09460650752	499861.304	0	0
neutron	939.56536	14.38212172	499859.8308	0	0
proton	938.272013	3.012823181	499859.8308	0	0
neutron	939.56536	1.669087468	499859.8308	0	0
C13	12109.48242	0.3762369229	499859.8308	0	0
proton	938.272013	15.9031236	499865.0525	0	0
neutron	939.56536	7.849628361	499865.0525	0	0
neutron	939.56536	5.853412672	499865.0525	0	0
neutron	939.56536	0.8569033925	499865.0525	0	0
alpha	3727.379	5.16588014	499865.0525	0	0
S32	29773.62828	1.913938241	499865.0525	0	0
neutron	939.56536	1.546374863	499866.4294	0	0
K39	36284.76737	0.06046764445	499866.4294	0	0
neutron	939.56536	3.571457976	499862.2894	0	0
proton	938.272013	3.345787055	499862.2894	0	0
Ar38	35352.87471	0.2366145135	499862.2894	0	0
proton	938.272013	16.52220106	499871.5027	0	0
neutron	939.56536	6.847066722	499871.5027	0	0
neutron	939.56536	0.7618583518	499871.5027	0	0
Ne21	19550.53637	0.7097649285	499871.5027	0	0
neutron	939.56536	0.5790369083	499862.2854	0	0
K39	36284.76737	0.1857975629	499862.2854	0	0
N16	14906.01287	0.2853493882	499860.5971	0	0
Ca40	37214.71335	0.1088574391	499936.479	65.58677099	65.08369443
proton	938.272013	3.49580269	499878.3656	0	0
neutron	939.56536	0.2359160487	499878.3656	0	0
Ar38	35352.87471	0.06052938603	499878.3656	0	0
neutron	939.56536	1.724849719	499858.8741	0	0
B11	10252.54787	0.7148968968	499858.8741	0	0
neutron	939.56536	0.9078163227	499861.23	0	0
N15	13968.93638	0.1407552028	499861.23	0	0
proton	938.272013	5.327655629	499866.9059	0	0
neutron	939.56536	1.944552768	499866.9059	0	0
neutron	939.56536	1.46104811	499866.9059	0	0
Ar37	34425.14786	0.4204792984	499866.9059	0	0
neutron	939.56536	22.95773528	499865.6764	0	0
proton	938.272013	7.394154948	499865.6764	0	0
neutron	939.56536	2.329700059	499865.6764	0	0
alpha	3727.379	6.60269389	499865.6764	0	0
S33	30704.55199	2.563711151	499865.6764	0	0
K40	37216.53309	0.1338001946	499862.7721	0	0
proton	938.272013	5.469685978	499863.7513	0	0
neutron	939.56536	3.142804896	499863.7513	0	0
neutron	939.56536	2.733414033	499863.7513	0	0
Ar37	34425.14786	0.6059365161	499863.7513	0	0
proton	938.272013	7.077584809	499860.7015	0	0
proton	938.272013	2.722963978	499860.7015	0	0
deuteron	1875.613	4.716148877	499860.7015	0	0
S36	33494.9558	0.2618226584	499860.7015	0	0
K40	37216.53309	0.1310677704	499864.9417	0	0
neutron	939.56536	22.08236431	499866.516	0	0
proton	938.272013	5.67784067	499866.516	0	0
proton	938.272013	4.248182791	499866.516	0	0
neutron	939.56536	3.514048858	499866.516	0	0
Cl36	33495.58861	0.2320707113	499866.516	0	0
proton	938.272013	25.59531447	499869.3434	0	0
neutron	939.56536	1.764408557	499869.3434	0	0
neutron	939.56536	0.941712471	499869.3434	0	0
Ar41	38149.00411	0.4903820855	499869.3434	0	0
neutron	939.56536	47.77054347	499867.2696	0	0
proton	938.272013	4.535616977	499867.2696	0	0
neutron	939.56536	1.970673058	499867.2696	0	0
Ar37	34425.14786	0.6954351512	499867.2696	0	0
proton	938.272013	14.88413382	499867.4549	0	0
proton	938.272013	13.34350469	499867.4549	0	0
neutron	939.56536	2.664152356	499867.4549	0	0
neutron	939.56536	1.681959509	499867.4549	0	0
alpha	3727.379	9.8328366	499867.4549	0	0
P32	29775.84838	2.301131273	499867.4549	0	0
K40	37216.53309	0.1294056303	499857.7758	0	0
neutron	939.56536	18.468236	499863.0149	0	0
proton	938.272013	8.474328132	499863.0149	0	0
neutron	939.56536	0.1370044085	499863.0149	0	0
Ar37	34425.14786	0.8663554907	499863.0149	0	0
proton	938.272013	4.624384082	499866.4655	0	0
proton	938.272013	3.056486754	499866.4655	0	0
neutron	939.56536	1.778889723	499866.4655	0	0
Cl37	34424.84314	0.2274821891	499866.4655	0	0
K40	37216.53309	0.1334441067	499866.4752	0	0
K40	37216.53309	0.1382521103	499865.0178	0	0
neutron	939.56536	0.3203473659	499860.9939	0	0
K39	36284.76737	0.167756581	499860.9939	0	0
neutron	939.56536	1.178499098	499862.4562	0	0
K39	36284.76737	0.1233314909	499862.4562	0	0
neutron	939.56536	1.142224419	499867.8272	0	0
K39	36284.76737	0.1177125782	499867.8272	0	0
neutron	939.56536	1.482838559	499873.0886	0	0
K39	36284.76737	0.2667915405	499873.0886	0	0
K40	37216.53309	0.1420130024	499864.4593	0	0
neutron	939.56536	10.80758745	499863.4654	0	0
neutron	939.56536	7.929939594	499863.4654	0	0
neutron	939.56536	5.022878686	499863.4654	0	0
proton	938.272013	3.509875408	499863.4654	0	0
neutron	939.56536	0.2097336911	499863.4654	0	0
Ar37	34425.14786	0.5579964861	499863.4654	0	0
neutron	939.56536	2.964585934	499862.0667	0	0
neutron	939.56536	0.8310068996	499862.0667	0	0
N14	13040.20433	0.422186117	499862.0667	0	0
neutron	939.56536	2.999726576	499863.411	0	0
Na25	23272.37635	0.152123785	499863.411	0	0
proton	938.272013	6.865190182	499863.9947	0	0
proton	938.272013	6.830277216	499863.9947	0	0
neutron	939.56536	4.827343111	499863.9947	0	0
Cl37	34424.84314	0.431623989	499863.9947	0	0
Na24	22341.82218	0.1924181522	499865.6339	0	0
K40	37216.53309	0.1332774462	499865.254	0	0
neutron	939.56536	14.79489777	499866.4217	0	0
triton	2808.921	4.553559856	499866.4217	0	0
alpha	3727.379	4.198127534	499866.4217	0	0
alpha	3727.379	2.654052497	499866.4217	0	0
proton	938.272013	6.834315221	499865.1596	0	0
neutron	939.56536	4.247609794	499865.1596	0	0
neutron	939.56536	1.600848482	499865.1596	0	0
alpha	3727.379	7.10306311	499865.1596	0	0
S33	30704.55199	0.09288148098	499865.1596	0	0
neutron	939.56536	20.09113011	499865.2715	0	0
triton	2808.921	9.334628134	499865.2715	0	0
alpha	3727.379	5.101829704	499865.2715	0	0
O16	14895.08153	2.308128076	499865.2715	0	0
K40	37216.53309	0.1308926845	499862.6453	0	0
proton	938.272013	35.51395214	499860.2067	0	0
neutron	939.56536	2.232864501	499860.2067	0	0
neutron	939.56536	1.955025336	499860.2067	0	0
neutron	939.56536	0.601348196	499860.2067	0	0
Ar36	33494.36994	0.8060507169	499860.2067	0	0
neutron	939.56536	22.06498272	499873.0786	0	0
proton	938.272013	5.138097257	499873.0786	0	0
C14	13040.87134	2.491685214	499873.0786	0	0
proton	938.272013	5.250857147	499873.029	0	0
neutron	939.56536	0.2886953078	499873.029	0	0
alpha	3727.379	14.82673863	499873.029	0	0
S34	31632.70018	2.751592435	499873.029	0	0
neutron	939.56536	19.26777907	499862.9803	0	0
deuteron	1875.613	4.898469337	499862.9803	0	0
C13	12109.48242	1.113559394	499862.9803	0	0
neutron	939.56536	0.2950298346	499871.6479	0	0
K39	36284.76737	0.1820876244	499871.6479	0	0
proton	938.272013	5.053950537	499861.6637	0	0
neutron	939.56536	4.395844248	499861.6637	0	0
neutron	939.56536	0.1254316265	499861.6637	0	0
Ar37	34425.14786	0.1623110895	499861.6637	0	0
neutron	939.56536	17.3823468	499868.1903	0	0
neutron	939.56536	10.34905524	499868.1903	0	0
proton	938.272013	5.232358986	499868.1903	0	0
neutron	939.56536	0.9267176032	499868.1903	0	0
Ar36	33494.36994	0.2597060517	499868.1903	0	0
K40	37216.53309	0.1348663938	499865.5994	0	0
neutron	939.56536	3.078695188	499864.4931	0	0
B11	10252.54787	0.6718011578	499864.4931	0	0
K40	37216.53309	0.1408988847	499870.1962	0	0
K40	37216.53309	0.1240488342	499861.2923	0	0
K40	37216.53309	0.126200371	499869.7634	0	0
proton	938.272013	11.86934468	499859.9682	0	0
neutron	939.56536	10.08316043	499859.9682	0	0
proton	938.272013	7.301396634	499859.9682	0	0
proton	938.272013	6.585665163	499859.9682	0	0
S36	33494.9558	1.706664505	499859.9682	0	0
neutron	939.56536	0.9847616807	499862.6783	0	0
K39	36284.76737	0.1625472442	499862.6783	0	0
K40	37216.53309	0.1265639871	499862.1027	0	0
neutron	939.56536	1.918680622	499864.1225	0	0
K39	36284.76737	0.1793842426	499864.1225	0	0
K40	37216.53309	0.133679638	499869.2845	0	0
neutron	939.56536	0.7239327177	499865.0915	0	0
K39	36284.76737	0.1334208813	499865.0915	0	0
neutron	939.56536	1.295775544	499865.6376	0	0
N15	13968.93638	0.1475670757	499865.6376	0	0
neutron	939.56536	0.4898934673	499863.7506	0	0
K39	36284.76737	0.1172406712	499863.7506	0	0
K40	37216.53309	0.1195429624	499866.5207	0	0
neutron	939.56536	36.05550139	499868.1504	0	0
proton	938.272013	7.474629968	499868.1504	0	0
neutron	939.56536	2.91649917	499868.1504	0	0
C13	12109.48242	1.650282155	499868.1504	0	0
neutron	939.56536	5.2281249	499863.0267	0	0
neutron	939.56536	2.988090157	499863.0267	0	0
proton	938.272013	2.732679426	499863.0267	0	0
Ar37	34425.14786	0.6843931529	499863.0267	0	0
neutron	939.56536	0.7028716951	499862.4251	0	0
B11	10252.54787	0.2378296328	499862.4251	0	0
neutron	939.56536	5.195598284	499870.3827	0	0
K39	36284.76737	0.3529803068	499870.3827	0	0
neutron	939.56536	10.12222616	499874.7959	0	0
proton	938.272013	9.7116172	499874.7959	0	0
proton	938.272013	8.173941589	499874.7959	0	0
neutron	939.56536	1.189164397	499874.7959	0	0
Cl36	33495.58861	0.03624200188	499874.7959	0	0
neutron	939.56536	1.366596008	499858.933	0	0
K39	36284.76737	0.2267460192	499858.933	0	0
neutron	939.56536	5.109028469	499864.9865	0	0
neutron	939.56536	4.004034696	499864.9865	0	0
N14	13040.20433	0.3177755468	499864.9865	0	0
neutron	939.56536	7.696910364	499859.1478	0	0
proton	938.272013	2.746185255	499859.1478	0	0
Ar38	35352.87471	0.6372656517	499859.1478	0	0
K40	37216.53309	0.1171703811	499860.3248	0	0
neutron	939.56536	29.36789561	499871.5641	0	0
proton	938.272013	15.94346261	499871.5641	0	0
neutron	939.56536	4.174381039	499871.5641	0	0
neutron	939.56536	0.008699328782	499871.5641	0	0
Ar36	33494.36994	0.3465520626	499871.5641	0	0
neutron	939.56536	0.155212491	499865.4681	0	0
N15	13968.93638	0.2497819161	499865.4681	0	0
K40	37216.53309	0.1299932656	499862.2059	0	0
neutron	939.56536	34.6435524	499861.2734	0	0
proton	938.272013	5.060106716	499861.2734	0	0
Ar38	35352.87471	1.012357315	499861.2734	0	0
Na25	23272.37635	0.1967725368	499872.5491	0	0
neutron	939.56536	0.2305369475	499866.0424	0	0
K39	36284.76737	0.07331290669	499866.0424	0	0
Na24	22341.82218	0.1949587261	499865.6391	0	0
neutron	939.56536	3.485511191	499866.364	0	0
neutron	939.56536	0.5104604332	499866.364	0	0
deuteron	1875.613	6.771939986	499866.364	0	0
alpha	3727.379	1.527144438	499866.364	0	0
Be8	7454.850296	6.204120869	499866.364	0	0
neutron	939.56536	0.2119245759	499864.3223	0	0
K39	36284.76737	0.1063837871	499864.3223	0	0
neutron	939.56536	1.696286029	499865.8419	0	0
K39	36284.76737	0.2914493967	499865.8419	0	0
neutron	939.56536	4.361054143	499856.6108	0	0
neutron	939.56536	0.1099814434	499856.6108	0	0
N14	13040.20433	0.914688722	499856.6108	0	0
neutron	939.56536	32.08930757	499859.3825	0	0
proton	938.272013	5.586043832	499859.3825	0	0
neutron	939.56536	0.9430500118	499859.3825	0	0
C13	12109.48242	1.682632026	499859.3825	0	0
neutron	939.56536	0.8264718368	499864.4256	0	0
K39	36284.76737	0.1458972665	499864.4256	0	0
proton	938.272013	23.34833003	499870.0358	0	0
neutron	939.56536	1.524648199	499870.0358	0	0
Ar38	35352.87471	0.430767535	499870.0358	0	0
proton	938.272013	4.251765996	499859.2578	0	0
neutron	939.56536	3.934487226	499859.2578	0	0
neutron	939.56536	0.3186236299	499859.2578	0	0
Ar37	34425.14786	0.1007536522	499859.2578	0	0
neutron	939.56536	7.194581354	499858.6013	0	0
N15	13968.93638	0.2474485555	499858.6013	0	0
K40	37216.53309	0.1333127582	499863.6182	0	0
Na24	22341.82218	0.2127277137	499861.3432	0	0
neutron	939.56536	29.98970988	499862.2688	0	0
neutron	939.56536	5.951268671	499862.2688	0	0
proton	938.272013	5.428150821	499862.2688	0	0
neutron	939.56536	4.955628802	499862.2688	0	0
C12	11174.86339	0.5415252979	499862.2688	0	0
neutron	939.56536	0.8369569279	499861.9255	0	0
K39	36284.76737	0.18552498	499861.9255	0	0
neutron	939.56536	28.38998282	499862.6386	0	0
neutron	939.56536	14.12674032	499862.6386	0	0
alpha	3727.379	6.933715834	499862.6386	0	0
F18	16763.16938	0.8201350619	499862.6386	0	0
neutron	939.56536	4.334676285	499869.1531	0	0
proton	938.272013	3.167518482	499869.1531	0	0
Ar38	35352.87471	0.5607757196	499869.1531	0	0
proton	938.272013	27.78362785	499858.3354	0	0
neutron	939.56536	17.00158498	499858.3354	0	0
proton	938.272013	7.493234003	499858.3354	0	0
Cl37	34424.84314	1.297788026	499858.3354	0	0
Na24	22341.82218	0.1850583455	499860.857	0	0
Na24	22341.82218	0.2079311448	499866.4531	0	0
neutron	939.56536	5.84436044	499864.0054	0	0
proton	938.272013	5.117476952	499864.0054	0	0
proton	938.272013	3.9966778	499864.0054	0	0
neutron	939.56536	3.074864303	499864.0054	0	0
neutron	939.56536	2.672041817	499864.0054	0	0
Cl35	32564.60306	1.057223238	499864.0054	0	0
Na24	22341.82218	0.2165222595	499865.5295	0	0
neutron	939.56536	0.5250451402	499865.8634	0	0
K39	36284.76737	0.1412611048	499865.8634	0	0
neutron	939.56536	3.922619693	499868.8861	0	0
neutron	939.56536	0.544946784	499868.8861	0	0
deuteron	1875.613	16.63850164	499868.8861	0	0
Be8	7454.850296	6.011213412	499868.8861	0	0
K40	37216.53309	0.1262828187	499864.546	0	0
Na24	22341.82218	0.2082601799	499860.5792	0	0
K40	37216.53309	0.1290514386	499870.0663	0	0
neutron	939.56536	9.016607069	499857.9431	0	0
N15	13968.93638	0.7537483207	499857.9431	0	0
K40	37216.53309	0.1178257189	499864.1157	0	0
K40	37216.53309	0.1320306324	499870.0153	0	0
proton	938.272013	8.780520006	499869.1346	0	0
proton	938.272013	6.357085117	499869.1346	0	0
neutron	939.56536	3.928468037	499869.1346	0	0
Cl37	34424.84314	0.05245956935	499869.1346	0	0
neutron	939.56536	1.435368436	499861.9689	0	0
K39	36284.76737	0.1046511972	499861.9689	0	0
K40	37216.53309	0.1296568437	499857.8276	0	0
proton	938.272013	16.27732806	499859.9431	0	0
neutron	939.56536	10.62415237	499859.9431	0	0
neutron	939.56536	0.9572633813	499859.9431	0	0
Ar37	34425.14786	0.7226758451	499859.9431	0	0
neutron	939.56536	0.4130959653	499862.0126	0	0
K39	36284.76737	0.1064898488	499862.0126	0	0
K40	37216.53309	0.1219207499	499865.6461	0	0
neutron	939.56536	10.6418503	499864.2568	0	0
proton	938.272013	7.229797822	499864.2568	0	0
proton	938.272013	4.098381197	499864.2568	0	0
Cl37	34424.84314	1.344542325	499864.2568	0	0
proton	938.272013	3.608420795	499857.6382	0	0
neutron	939.56536	3.032021074	499857.6382	0	0
Ne22	20479.73746	0.3285251167	499857.6382	0	0
neutron	939.56536	2.393497124	499865.977	0	0
N15	13968.93638	0.2511855401	499865.977	0	0
neutron	939.56536	4.420072843	499863.1463	0	0
neutron	939.56536	0.8724420749	499863.1463	0	0
N14	13040.20433	0.4858207166	499863.1463	0	0
neutron	939.56536	0.06162301611	499863.4668	0	0
Na23	21409.21625	0.2242965119	499863.4668	0	0
neutron	939.56536	11.65725933	499869.8398	0	0
neutron	939.56536	10.85650396	499869.8398	0	0
proton	938.272013	5.876295321	499869.8398	0	0
neutron	939.56536	2.353647022	499869.8398	0	0
C12	11174.86339	3.711909794	499869.8398	0	0
neutron	939.56536	0.1116929904	499862.334	0	0
K39	36284.76737	0.1604529521	499862.334	0	0
proton	938.272013	4.993802479	499861.4291	0	0
neutron	939.56536	1.32375999	499861.4291	0	0
Be10	9325.504169	0.4707072965	499861.4291	0	0
neutron	939.56536	0.4587789521	499858.7419	0	0
K39	36284.76737	0.06801876757	499858.7419	0	0
neutron	939.56536	1.164874264	499858.8958	0	0
K39	36284.76737	0.164951343	499858.8958	0	0
neutron	939.56536	20.99374964	499856.7991	0	0
neutron	939.56536	3.362566674	499856.7991	0	0
proton	938.272013	1.423903432	499856.7991	0	0
neutron	939.56536	0.2140791901	499856.7991	0	0
Be8	7454.850296	6.197002204	499856.7991	0	0
K40	37216.53309	0.1244372571	499867.488	0	0
neutron	939.56536	0.4795659297	499859.6982	0	0
K39	36284.76737	0.08238909907	499859.6982	0	0
neutron	939.56536	0.9659785196	499862.051	0	0
K39	36284.76737	0.1908281581	499862.051	0	0
neutron	939.56536	11.78606044	499867.3406	0	0
proton	938.272013	4.345722541	499867.3406	0	0
neutron	939.56536	2.23385977	499867.3406	0	0
deuteron	1875.613	4.784103439	499867.3406	0	0
Cl35	32564.60306	1.285157631	499867.3406	0	0
neutron	939.56536	9.690278266	499863.5107	0	0
neutron	939.56536	9.474051469	499863.5107	0	0
proton	938.272013	4.653660684	499863.5107	0	0
neutron	939.56536	4.563602853	499863.5107	0	0
C12	11174.86339	0.219956355	499863.5107	0	0
proton	938.272013	2.974147313	499867.4026	0	0
neutron	939.56536	0.4340106241	499867.4026	0	0
Ar38	35352.87471	0.2989085974	499867.4026	0	0
neutron	939.56536	0.7392016362	499869.7892	0	0
K39	36284.76737	0.136488414	499869.7892	0	0
proton	938.272013	4.102084908	499858.5342	0	0
neutron	939.56536	2.568557869	499858.5342	0	0
neutron	939.56536	0.8070986151	499858.5342	0	0
Ar37	34425.14786	0.09080355394	499858.5342	0	0
O16	14895.08153	0.3661015415	499935.0146	65.10370646	64.46024733
neutron	939.56536	2.695245271	499863.8904	0	0
neutron	939.56536	2.279636337	499863.8904	0	0
proton	938.272013	1.80185692	499863.8904	0	0
neutron	939.56536	1.169854764	499863.8904	0	0
Ne22	20479.73746	0.5400267892	499863.8904	0	0
neutron	939.56536	0.1684507052	499861.8982	0	0
K39	36284.76737	0.1434177634	499861.8982	0	0
neutron	939.56536	3.210915884	499867.0239	0	0
proton	938.272013	2.172242697	499867.0239	0	0
neutron	939.56536	1.764168251	499867.0239	0	0
neutron	939.56536	0.9642687764	499867.0239	0	0
neutron	939.56536	0.6261198002	499867.0239	0	0
He3	2808.391	14.55176706	499867.0239	0	0
S32	29773.62828	1.839957375	499867.0239	0	0
neutron	939.56536	21.39294036	499863.8415	0	0
proton	938.272013	9.331127931	499863.8415	0	0
neutron	939.56536	6.656517414	499863.8415	0	0
neutron	939.56536	2.487899976	499863.8415	0	0
C12	11174.86339	4.819383151	499863.8415	0	0
proton	938.272013	6.296786644	499867.707	0	0
neutron	939.56536	2.948831057	499867.707	0	0
neutron	939.56536	2.266075182	499867.707	0	0
alpha	3727.379	15.48652258	499867.707	0	0
S33	30704.55199	2.253015117	499867.707	0	0
K40	37216.53309	0.1354762955	499861.0417	0	0
Na24	22341.82218	0.2121311256	499870.7088	0	0
proton	938.272013	6.511105146	499868.3822	0	0
neutron	939.56536	2.764307087	499868.3822	0	0
Ar38	35352.87471	0.01265167927	499868.3822	0	0
neutron	939.56536	23.17627046	499860.5839	0	0
neutron	939.56536	4.090069752	499860.5839	0	0
proton	938.272013	3.964580599	499860.5839	0	0
neutron	939.56536	0.223423229	499860.5839	0	0
Ar36	33494.36994	0.2970801195	499860.5839	0	0
neutron	939.56536	20.47913692	499866.1012	0	0
neutron	939.56536	9.317184005	499866.1012	0	0
neutron	939.56536	9.018312538	499866.1012	0	0
proton	938.272013	2.95850069	499866.1012	0	0
Be8	7454.850296	0.9303141198	499866.1012	0	0
neutron	939.56536	9.685273578	499871.4213	0	0
proton	938.272013	5.742626036	499871.4213	0	0
neutron	939.56536	1.613437633	499871.4213	0	0
Ar37	34425.14786	0.2693029302	499871.4213	0	0
neutron	939.56536	0.1162369346	499865.337	0	0
K39	36284.76737	0.1459429626	499865.337	0	0
K40	37216.53309	0.1440093397	499865.5133	0	0
neutron	939.56536	9.787724928	499865.8942	0	0
B11	10252.54787	0.5658427427	499865.8942	0	0
neutron	939.56536	1.90845845	499864.2911	0	0
neutron	939.56536	1.464286633	499864.2911	0	0
neutron	939.56536	0.5658486494	499864.2911	0	0
K41	38146.00307	0.09457720714	499864.2911	0	0
K40	37216.53309	0.1311303738	499862.8325	0	0
proton	938.272013	3.123199972	499865.9474	0	0
neutron	939.56536	1.35255787	499865.9474	0	0
Ne22	20479.73746	0.2380559506	499865.9474	0	0
neutron	939.56536	3.006705253	499863.0271	0	0
proton	938.272013	1.828816097	499863.0271	0	0
Ne22	20479.73746	0.2905085884	499863.0271	0	0
proton	938.272013	9.744240362	499867.5149	0	0
neutron	939.56536	8.350362625	499867.5149	0	0
neutron	939.56536	1.667086144	499867.5149	0	0
Ar37	34425.14786	0.1523294472	499867.5149	0	0
proton	938.272013	7.636586085	499863.1416	0	0
proton	938.272013	4.298324521	499863.1416	0	0
neutron	939.56536	3.526745696	499863.1416	0	0
Cl37	34424.84314	0.1495027231	499863.1416	0	0
neutron	939.56536	0.5376246328	499862.8036	0	0
K39	36284.76737	0.07052800961	499862.8036	0	0
proton	938.272013	6.216874804	499866.1876	0	0
proton	938.272013	5.295245878	499866.1876	0	0
neutron	939.56536	1.458351698	499866.1876	0	0
Cl37	34424.84314	0.1309701029	499866.1876	0	0
neutron	939.56536	1.492985876	499868.7949	0	0
N15	13968.93638	0.09306179579	499868.7949	0	0
K40	37216.53309	0.1219020168	499872.1587	0	0
neutron	939.56536	0.4041156959	499866.8249	0	0
K39	36284.76737	0.08689616952	499866.8249	0	0
neutron	939.56536	0.1698966932	499863.2843	0	0
K39	36284.76737	0.1056854751	499863.2843	0	0
K40	37216.53309	0.1339940783	499864.391	0	0
K40	37216.53309	0.1217944032	499865.9484	0	0
neutron	939.56536	11.88311008	499869.8338	0	0
B11	10252.54787	1.938603008	499869.8338	0	0
neutron	939.56536	2.905006605	499858.9316	0	0
K39	36284.76737	0.2455675884	499858.9316	0	0
proton	938.272013	16.42961294	499868.5823	0	0
neutron	939.56536	3.979147919	499868.5823	0	0
C14	13040.87134	0.9296989162	499868.5823	0	0
K40	37216.53309	0.1291698935	499870.0753	0	0
proton	938.272013	8.07450949	499868.1304	0	0
neutron	939.56536	1.381846817	499868.1304	0	0
neutron	939.56536	0.510171726	499868.1304	0	0
Ar37	34425.14786	0.1989593834	499868.1304	0	0
neutron	939.56536	7.558590325	499867.3809	0	0
neutron	939.56536	2.854215304	499867.3809	0	0
N14	13040.20433	0.6081925844	499867.3809	0	0
neutron	939.56536	0.8254341842	499859.7374	0	0
K39	36284.76737	0.05649738451	499859.7374	0	0
neutron	939.56536	0.4549886007	499872.0898	0	0
K39	36284.76737	0.05718775933	499872.0898	0	0
K40	37216.53309	0.1255741807	499867.9546	0	0
proton	938.272013	10.23489421	499858.9247	0	0
proton	938.272013	3.11043371	499858.9247	0	0
neutron	939.56536	1.251510979	499858.9247	0	0
Cl37	34424.84314	0.535037467	499858.9247	0	0
neutron	939.56536	2.195879595	499863.8987	0	0
K39	36284.76737	0.07115087519	499863.8987	0	0
K40	37216.53309	0.1257823264	499865.3735	0	0
K40	37216.53309	0.1405250338	499868.3732	0	0
proton	938.272013	6.935039844	499868.4147	0	0
neutron	939.56536	6.751056693	499868.4147	0	0
neutron	939.56536	6.009720649	499868.4147	0	0
proton	938.272013	2.478837625	499868.4147	0	0
deuteron	1875.613	7.677975314	499868.4147	0	0
S34	31632.70018	0.3431486058	499868.4147	0	0
K40	37216.53309	0.1417126111	499860.6466	0	0
Na24	22341.82218	0.1898379048	499870.9406	0	0
neutron	939.56536	1.663820275	499867.4949	0	0
K39	36284.76737	0.195062642	499867.4949	0	0
K40	37216.53309	0.1286429744	499860.7697	0	0
K40	37216.53309	0.1362238452	499876.989	0	0
proton	938.272013	3.091598276	499863.8464	0	0
neutron	939.56536	2.582507645	499863.8464	0	0
Ar38	35352.87471	0.0573268925	499863.8464	0	0
neutron	939.56536	3.231769491	499863.8301	0	0
K39	36284.76737	0.3425022662	499863.8301	0	0
N16	14906.01287	0.272451909	499861.6694	0	0
neutron	939.56536	5.866334744	499862.3158	0	0
Na23	21409.21625	0.2541414792	499862.3158	0	0
K40	37216.53309	0.1430118932	499866.1634	0	0
neutron	939.56536	35.1004492	499864.1888	0	0
proton	938.272013	8.937411657	499864.1888	0	0
proton	938.272013	4.436567762	499864.1888	0	0
neutron	939.56536	0.6417671694	499864.1888	0	0
Cl36	33495.58861	1.127217675	499864.1888	0	0
neutron	939.56536	23.0203336	499861.4097	0	0
proton	938.272013	4.102941686	499861.4097	0	0
neutron	939.56536	1.242169008	499861.4097	0	0
alpha	3727.379	13.96136676	499861.4097	0	0
S33	30704.55199	1.070225208	499861.4097	0	0
K40	37216.53309	0.1275667844	499864.0802	0	0
neutron	939.56536	2.479994668	499866.0075	0	0
alpha	3727.379	4.550454644	499866.0075	0	0
B11	10252.54787	1.762552603	499866.0075	0	0
neutron	939.56536	19.11632093	499867.5203	0	0
neutron	939.56536	4.445837339	499867.5203	0	0
neutron	939.56536	2.57048979	499867.5203	0	0
Na23	21409.21625	0.4401469341	499867.5203	0	0
neutron	939.56536	1.282084472	499857.9321	0	0
K39	36284.76737	0.1717596957	499857.9321	0	0
Na24	22341.82218	0.216830347	499864.7032	0	0
neutron	939.56536	0.278690767	499865.6352	0	0
K39	36284.76737	0.1020773989	499865.6352	0	0
neutron	939.56536	9.271143869	499864.5266	0	0
neutron	939.56536	5.322784133	499864.5266	0	0
neutron	939.56536	2.898148686	499864.5266	0	0
proton	938.272013	2.290513867	499864.5266	0	0
Ne22	20479.73746	0.01796881332	499864.5266	0	0
neutron	939.56536	25.22724883	499863.3635	0	0
proton	938.272013	6.230225792	499863.3635	0	0
neutron	939.56536	4.084399097	499863.3635	0	0
neutron	939.56536	0.5728868464	499863.3635	0	0
Ar36	33494.36994	0.2302504651	499863.3635	0	0
neutron	939.56536	18.0904491	499870.6812	0	0
proton	938.272013	6.152216552	499870.6812	0	0
neutron	939.56536	1.226587995	499870.6812	0	0
C13	12109.48242	0.829318073	499870.6812	0	0
K40	37216.53309	0.1312323662	499862.7134	0	0
proton	938.272013	6.349158176	499863.5753	0	0
proton	938.272013	5.143215901	499863.5753	0	0
neutron	939.56536	5.026826216	499863.5753	0	0
neutron	939.56536	3.700142874	499863.5753	0	0
neutron	939.56536	2.914362834	499863.5753	0	0
Cl35	32564.60306	0.8750253623	499863.5753	0	0
B12	11188.74343	0.3568863043	499868.5726	0	0
neutron	939.56536	9.53899797	499860.7457	0	0
proton	938.272013	3.29825837	499860.7457	0	0
neutron	939.56536	2.939409047	499860.7457	0	0
Ar37	34425.14786	0.4721161925	499860.7457	0	0
K40	37216.53309	0.1342009569	499864.0425	0	0
neutron	939.56536	0.4944861359	499870.0554	0	0
K39	36284.76737	0.1127026092	499870.0554	0	0
neutron	939.56536	0.4195259682	499865.2903	0	0
Na23	21409.21625	0.2566830262	499865.2903	0	0
neutron	939.56536	8.124314497	499860.6685	0	0
deuteron	1875.613	5.078165769	499860.6685	0	0
Ar37	34425.14786	1.173680271	499860.6685	0	0
neutron	939.56536	0.07611242822	499864.0419	0	0
K39	36284.76737	0.1439222851	499864.0419	0	0
neutron	939.56536	15.07325342	499864.337	0	0
proton	938.272013	9.092141537	499864.337	0	0
neutron	939.56536	2.671689356	499864.337	0	0
C13	12109.48242	3.78939988	499864.337	0	0
neutron	939.56536	3.991675694	499861.4608	0	0
neutron	939.56536	0.07982466409	499861.4608	0	0
N14	13040.20433	0.136382512	499861.4608	0	0
neutron	939.56536	0.874493975	499865.7531	0	0
K39	36284.76737	0.1738944752	499865.7531	0	0
N16	14906.01287	0.2941816601	499862.8825	0	0
proton	938.272013	2.566554782	499864.2224	0	0
neutron	939.56536	1.239430517	499864.2224	0	0
Be10	9325.504169	0.247394332	499864.2224	0	0
neutron	939.56536	23.45661784	499862.8585	0	0
neutron	939.56536	0.3327117533	499862.8585	0	0
K42	39078.03462	0.5107300326	499862.8585	0	0
neutron	939.56536	1.693588941	499862.2366	0	0
K39	36284.76737	0.1017431737	499862.2366	0	0
proton	938.272013	10.72096333	499864.0781	0	0
neutron	939.56536	7.061506035	499864.0781	0	0
neutron	939.56536	5.815960113	499864.0781	0	0
neutron	939.56536	3.195208755	499864.0781	0	0
alpha	3727.379	9.760058307	499864.0781	0	0
S32	29773.62828	0.9387422606	499864.0781	0	0
neutron	939.56536	0.5206018979	499863.7639	0	0
K39	36284.76737	0.1801012132	499863.7639	0	0
neutron	939.56536	7.793651726	499867.1224	0	0
proton	938.272013	4.322744188	499867.1224	0	0
neutron	939.56536	0.06941754564	499867.1224	0	0
Ar37	34425.14786	0.1820480261	499867.1224	0	0
K40	37216.53309	0.1282411327	499872.8015	0	0
K40	37216.53309	0.1336262085	499859.0944	0	0
neutron	939.56536	20.71618729	499860.9814	0	0
proton	938.272013	5.719111079	499860.9814	0	0
neutron	939.56536	1.266643784	499860.9814	0	0
C13	12109.48242	0.9117736389	499860.9814	0	0
neutron	939.56536	0.190207245	499865.3328	0	0
K39	36284.76737	0.1505707441	499865.3328	0	0
K40	37216.53309	0.1223704708	499864.4989	0	0
neutron	939.56536	3.659154084	499870.3296	0	0
neutron	939.56536	0.4538099658	499870.3296	0	0
N14	13040.20433	0.1747203465	499870.3296	0	0
proton	938.272013	2.438323059	499860.009	0	0
neutron	939.56536	0.6490733993	499860.009	0	0
C14	13040.87134	0.3011628835	499860.009	0	0
neutron	939.56536	2.067883219	499867.2342	0	0
N15	13968.93638	0.05686888098	499867.2342	0	0
neutron	939.56536	14.32412063	499866.3319	0	0
proton	938.272013	7.436775995	499866.3319	0	0
Ar38	35352.87471	0.7325363379	499866.3319	0	0
K40	37216.53309	0.1360262402	499861.1121	0	0
K40	37216.53309	0.1363307206	499856.8839	0	0
Na24	22341.82218	0.1923523893	499868.4885	0	0
proton	938.272013	8.242919238	499865.9465	0	0
neutron	939.56536	2.232468842	499865.9465	0	0
neutron	939.56536	1.448474681	499865.9465	0	0
neutron	939.56536	0.2682969736	499865.9465	0	0
Ar36	33494.36994	0.3704872717	499865.9465	0	0
Na24	22341.82218	0.2066141511	499867.9285	0	0
neutron	939.56536	0.2902688544	499864.2834	0	0
K43	40007.97528	0.08119221209	499864.2834	0	0
neutron	939.56536	1.112832803	499858.8495	0	0
K39	36284.76737	0.08401225528	499858.8495	0	0
neutron	939.56536	35.38512612	499864.1548	0	0
neutron	939.56536	1.298858314	499864.1548	0	0
Na23	21409.21625	1.40525911	499864.1548	0	0
Na25	23272.37635	0.2169341056	499865.2843	0	0
Na24	22341.82218	0.2170325578	499866.9562	0	0
proton	938.272013	18.88625998	499862.9955	0	0
proton	938.272013	10.44639459	499862.9955	0	0
proton	938.272013	6.186845006	499862.9955	0	0
neutron	939.56536	4.018856247	499862.9955	0	0
S36	33494.9558	0.1295580911	499862.9955	0	0
K40	37216.53309	0.1397630233	499863.862	0	0
K40	37216.53309	0.1438114972	499869.77	0	0
K40	37216.53309	0.1215707822	499861.3033	0	0
Na25	23272.37635	0.1926153109	499863.6774	0	0
neutron	939.56536	1.438588549	499860.1501	0	0
K39	36284.76737	0.07586329729	499860.1501	0	0
proton	938.272013	6.332723542	499867.3703	0	0
neutron	939.56536	1.386325642	499867.3703	0	0
neutron	939.56536	0.9204229933	499867.3703	0	0
neutron	939.56536	0.7078009067	499867.3703	0	0
alpha	3727.379	8.966461238	499867.3703	0	0
S32	29773.62828	1.69318022	499867.3703	0	0
K43	40007.97528	0.1242912377	499866.3316	0	0
neutron	939.56536	12.98850033	499862.0477	0	0
neutron	939.56536	5.25567041	499862.0477	0	0
proton	938.272013	4.451757837	499862.0477	0	0
Ar37	34425.14786	0.1339116789	499862.0477	0	0
neutron	939.56536	9.944231148	499861.9922	0	0
neutron	939.56536	8.362426089	499861.9922	0	0
proton	938.272013	2.291786261	499861.9922	0	0
neutron	939.56536	1.447882035	499861.9922	0	0
C12	11174.86339	0.4575099019	499861.9922	0	0
proton	938.272013	3.442040901	499862.3252	0	0
neutron	939.56536	1.379241056	499862.3252	0	0
Ar38	35352.87471	0.1492174298	499862.3252	0	0
neutron	939.56536	3.246732599	499861.5559	0	0
K39	36284.76737	0.1130404446	499861.5559	0	0
O16	14895.08153	0.7484021092	499932.0342	62.8299312	61.89894468
Na24	22341.82218	0.2166920211	499897.8916	0	0
Na24	22341.82218	0.2079562908	499863.4672	0	0
proton	938.272013	22.45308607	499867.7273	0	0
neutron	939.56536	4.453296374	499867.7273	0	0
neutron	939.56536	3.088287672	499867.7273	0	0
Ar37	34425.14786	1.458632389	499867.7273	0	0
neutron	939.56536	10.50650976	499866.9477	0	0
proton	938.272013	8.208111911	499866.9477	0	0
Ar38	35352.87471	0.6610169965	499866.9477	0	0
K40	37216.53309	0.1303405317	499863.0941	0	0
neutron	939.56536	6.949458064	499865.6791	0	0
neutron	939.56536	5.546417574	499865.6791	0	0
proton	938.272013	2.337267853	499865.6791	0	0
Be9	8392.751106	2.0028738	499865.6791	0	0
K40	37216.53309	0.1175055205	499860.5514	0	0
neutron	939.56536	12.68132779	499863.2313	0	0
neutron	939.56536	7.422993108	499863.2313	0	0
proton	938.272013	3.365214746	499863.2313	0	0
C13	12109.48242	0.77513073	499863.2313	0	0
K40	37216.53309	0.1224739682	499862.6235	0	0
K40	37216.53309	0.1357896577	499866.8199	0	0
neutron	939.56536	13.98038739	499863.7166	0	0
neutron	939.56536	3.622759604	499863.7166	0	0
proton	938.272013	3.36350872	499863.7166	0	0
neutron	939.56536	0.4100304028	499863.7166	0	0
C12	11174.86339	1.443602047	499863.7166	0	0
neutron	939.56536	0.7546522425	499860.0949	0	0
K39	36284.76737	0.08085707952	499860.0949	0	0
neutron	939.56536	21.72054702	499871.4038	0	0
neutron	939.56536	1.635097466	499871.4038	0	0
K42	39078.03462	0.2941679323	499871.4038	0	0
neutron	939.56536	13.31890535	499876.9408	0	0
proton	938.272013	4.190885983	499876.9408	0	0
proton	938.272013	2.919127307	499876.9408	0	0
Cl37	34424.84314	0.967097678	499876.9408	0	0
N16	14906.01287	0.2872017266	499866.2475	0	0
K40	37216.53309	0.1323351369	499863.4207	0	0
proton	938.272013	2.769390747	499863.742	0	0
neutron	939.56536	0.1461871635	499863.742	0	0
Ar38	35352.87471	0.2540620639	499863.742	0	0
neutron	939.56536	28.66475396	499869.6839	0	0
neutron	939.56536	4.499245226	499869.6839	0	0
proton	938.272013	3.829103545	499869.6839	0	0
C13	12109.48242	1.126656931	499869.6839	0	0
neutron	939.56536	0.5321905323	499867.475	0	0
K39	36284.76737	0.1003837348	499867.475	0	0
neutron	939.56536	0.5453445722	499862.8688	0	0
N15	13968.93638	0.2850028105	499862.8688	0	0
proton	938.272013	4.882015796	499872.8318	0	0
neutron	939.56536	2.831432333	499872.8318	0	0
neutron	939.56536	2.094960079	499872.8318	0	0
neutron	939.56536	1.985529844	499872.8318	0	0
Ar36	33494.36994	0.7699518638	499872.8318	0	0
K40	37216.53309	0.141457685	499870.2153	0	0
neutron	939.56536	0.7374013883	499872.166	0	0
K39	36284.76737	0.04545027814	499872.166	0	0
proton	938.272013	21.15374478	499859.9438	0	0
neutron	939.56536	8.720933084	499859.9438	0	0
neutron	939.56536	2.648654686	499859.9438	0	0
neutron	939.56536	0.3770907801	499859.9438	0	0
alpha	3727.379	4.456996524	499859.9438	0	0
Be8	7454.850296	2.472993443	499859.9438	0	0
K40	37216.53309	0.1295968191	499864.3748	0	0
proton	938.272013	5.671582518	499864.9776	0	0
Ar39	36285.84137	0.4586676107	499864.9776	0	0
neutron	939.56536	0.4109885789	499866.919	0	0
K39	36284.76737	0.08419232118	499866.919	0	0
proton	938.272013	8.340261286	499859.0238	0	0
proton	938.272013	2.948589025	499859.0238	0	0
neutron	939.56536	0.3236669229	499859.0238	0	0
Cl37	34424.84314	0.6474434779	499859.0238	0	0
K40	37216.53309	0.1403920945	499865.7629	0	0
K40	37216.53309	0.1379881619	499869.99	0	0
neutron	939.56536	0.7138137489	499864.9562	0	0
K39	36284.76737	0.1247269576	499864.9562	0	0
proton	938.272013	6.221816899	499872.2947	0	0
neutron	939.56536	3.814618492	499872.2947	0	0
alpha	3727.379	11.15289093	499872.2947	0	0
S34	31632.70018	2.714016991	499872.2947	0	0
N16	14906.01287	0.2830071287	499864.1112	0	0
K40	37216.53309	0.107184658	499862.3307	0	0
neutron	939.56536	21.78318815	499867.6707	0	0
alpha	3727.379	7.928898473	499867.6707	0	0
alpha	3727.379	5.135670076	499867.6707	0	0
N15	13968.93638	2.060346199	499867.6707	0	0
K44	40940.26321	0.1196561505	499864.1498	0	0
neutron	939.56536	36.79000399	499862.4615	0	0
neutron	939.56536	17.62370793	499862.4615	0	0
neutron	939.56536	0.6401785314	499862.4615	0	0
K37	34430.7863	1.682944736	499862.4615	0	0
K40	37216.53309	0.1296506039	499864.4993	0	0
proton	938.272013	7.589152101	499864.0952	0	0
neutron	939.56536	6.762737211	499864.0952	0	0
neutron	939.56536	4.111703142	499864.0952	0	0
neutron	939.56536	3.333960377	499864.0952	0	0
Ne22	20479.73746	1.547825443	499864.0952	0	0
neutron	939.56536	8.841535697	499863.2586	0	0
neutron	939.56536	7.05179146	499863.2586	0	0
proton	938.272013	6.677972281	499863.2586	0	0
neutron	939.56536	0.2292797705	499863.2586	0	0
Ne20	18617.73218	0.1907802322	499863.2586	0	0
neutron	939.56536	7.132630489	499864.333	0	0
N15	13968.93638	0.09324464589	499864.333	0	0
neutron	939.56536	14.70974309	499863.125	0	0
proton	938.272013	6.176028299	499863.125	0	0
neutron	939.56536	5.652727328	499863.125	0	0
neutron	939.56536	0.1479149494	499863.125	0	0
C12	11174.86339	3.058757355	499863.125	0	0
neutron	939.56536	11.33178132	499864.4384	0	0
neutron	939.56536	0.8402070104	499864.4384	0	0
B10	9324.436652	0.5842708029	499864.4384	0	0
proton	938.272013	25.49640456	499869.9649	0	0
neutron	939.56536	1.581998367	499869.9649	0	0
deuteron	1875.613	13.64392265	499869.9649	0	0
Cl36	33495.58861	0.577651571	499869.9649	0	0
neutron	939.56536	0.9636720328	499862.7415	0	0
K39	36284.76737	0.1457469976	499862.7415	0	0
proton	938.272013	3.903931379	499864.8543	0	0
neutron	939.56536	2.545731676	499864.8543	0	0
Ar38	35352.87471	0.158027474	499864.8543	0	0
neutron	939.56536	0.4469177422	499859.2617	0	0
K39	36284.76737	0.1497239434	499859.2617	0	0
neutron	939.56536	0.1466207249	499857.5229	0	0
N15	13968.93638	0.2731469985	499857.5229	0	0
neutron	939.56536	5.192983593	499866.5188	0	0
proton	938.272013	3.446119954	499866.5188	0	0
neutron	939.56536	1.301288923	499866.5188	0	0
alpha	3727.379	8.161143403	499866.5188	0	0
S33	30704.55199	1.162864026	499866.5188	0	0
proton	938.272013	17.22548321	499862.0355	0	0
neutron	939.56536	3.276494499	499862.0355	0	0
Ar38	35352.87471	0.2669902278	499862.0355	0	0
K40	37216.53309	0.1310459145	499870.0164	0	0
K40	37216.53309	0.1402809661	499865.4713	0	0
proton	938.272013	25.13588803	499865.7018	0	0
neutron	939.56536	8.28372747	499865.7018	0	0
proton	938.272013	5.363648415	499865.7018	0	0
neutron	939.56536	1.906410643	499865.7018	0	0
neutron	939.56536	0.9026615869	499865.7018	0	0
Cl35	32564.60306	2.17467775	499865.7018	0	0
K40	37216.53309	0.1384819159	499868.0959	0	0
neutron	939.56536	14.22853225	499863.0237	0	0
neutron	939.56536	7.717558298	499863.0237	0	0
deuteron	1875.613	0.6389969932	499863.0237	0	0
C12	11174.86339	2.128698439	499863.0237	0	0
K40	37216.53309	0.1370956042	499858.9024	0	0
K40	37216.53309	0.1093694601	499861.5982	0	0
neutron	939.56536	0.7731721183	499858.3198	0	0
Na25	23272.37635	0.1969009767	499858.3198	0	0
K40	37216.53309	0.126642406	499863.0787	0	0
K40	37216.53309	0.1295118792	499865.4381	0	0
proton	938.272013	5.144477149	499862.117	0	0
neutron	939.56536	3.627843777	499862.117	0	0
Ar38	35352.87471	0.3265989256	499862.117	0	0
neutron	939.56536	41.20572893	499868.8479	0	0
neutron	939.56536	16.01470379	499868.8479	0	0
proton	938.272013	4.586010426	499868.8479	0	0
neutron	939.56536	1.081491124	499868.8479	0	0
Ar36	33494.36994	1.141902259	499868.8479	0	0
neutron	939.56536	13.84710223	499862.3882	0	0
alpha	3727.379	4.831215821	499862.3882	0	0
deuteron	1875.613	3.171644808	499862.3882	0	0
O17	15830.5038	0.190139655	499862.3882	0	0
proton	938.272013	11.90614297	499861.5621	0	0
proton	938.272013	6.820544087	499861.5621	0	0
proton	938.272013	6.765625791	499861.5621	0	0
neutron	939.56536	4.03711364	499861.5621	0	0
neutron	939.56536	3.152473474	499861.5621	0	0
neutron	939.56536	2.979937052	499861.5621	0	0
S34	31632.70018	0.3067737541	499861.5621	0	0
neutron	939.56536	8.621481691	499857.7625	0	0
proton	938.272013	6.039875078	499857.7625	0	0
proton	938.272013	4.559813992	499857.7625	0	0
neutron	939.56536	1.756529314	499857.7625	0	0
Cl36	33495.58861	0.992840198	499857.7625	0	0
K40	37216.53309	0.1292627862	499865.8348	0	0
K40	37216.53309	0.127130944	499873.3524	0	0
neutron	939.56536	10.73990645	499866.345	0	0
neutron	939.56536	8.870723855	499866.345	0	0
proton	938.272013	4.219892901	499866.345	0	0
alpha	3727.379	11.35906188	499866.345	0	0
S33	30704.55199	0.9408250131	499866.345	0	0
neutron	939.56536	18.46586364	499866.7341	0	0
proton	938.272013	4.778635302	499866.7341	0	0
neutron	939.56536	3.989119586	499866.7341	0	0
Ar37	34425.14786	1.093231508	499866.7341	0	0
proton	938.272013	6.102327357	499861.506	0	0
neutron	939.56536	2.782477191	499861.506	0	0
neutron	939.56536	2.376027144	499861.506	0	0
Ar37	34425.14786	0.3738597603	499861.506	0	0
proton	938.272013	10.29155111	499870.0133	0	0
proton	938.272013	6.853906034	499870.0133	0	0
neutron	939.56536	2.425908627	499870.0133	0	0
neutron	939.56536	1.168868592	499870.0133	0	0
deuteron	1875.613	8.014360503	499870.0133	0	0
S34	31632.70018	1.483802719	499870.0133	0	0
K40	37216.53309	0.125941224	499869.4245	0	0
neutron	939.56536	9.072311881	499863.7481	0	0
B11	10252.54787	0.5397286982	499863.7481	0	0
O16	14895.08153	0.2226992649	499968.8707	83.79646026	83.09914638
neutron	939.56536	8.369672549	499863.1593	0	0
neutron	939.56536	7.829332114	499863.1593	0	0
B10	9324.436652	3.465220573	499863.1593	0	0
K40	37216.53309	0.1384534329	499866.2907	0	0
neutron	939.56536	1.124003644	499862.2939	0	0
K39	36284.76737	0.2390200181	499862.2939	0	0
Na24	22341.82218	0.2107786877	499863.9866	0	0
K40	37216.53309	0.1344714004	499864.659	0	0
proton	938.272013	8.182490652	499863.7519	0	0
neutron	939.56536	7.986632791	499863.7519	0	0
neutron	939.56536	5.74776834	499863.7519	0	0
Ar37	34425.14786	0.7557382955	499863.7519	0	0
neutron	939.56536	1.903003582	499870.6905	0	0
K39	36284.76737	0.2255083956	499870.6905	0	0
K40	37216.53309	0.1398657684	499867.3176	0	0
proton	938.272013	22.96705298	499862.4862	0	0
neutron	939.56536	15.09816778	499862.4862	0	0
neutron	939.56536	3.636389292	499862.4862	0	0
C13	12109.48242	1.387565156	499862.4862	0	0
K40	37216.53309	0.1347704146	499865.3277	0	0
neutron	939.56536	3.134850312	499863.2304	0	0
N15	13968.93638	0.1070289238	499863.2304	0	0
neutron	939.56536	0.3900416489	499860.8714	0	0
K39	36284.76737	0.1368534129	499860.8714	0	0
K40	37216.53309	0.1298880933	499863.4423	0	0
neutron	939.56536	2.938780192	499866.4082	0	0
K39	36284.76737	0.1076060704	499866.4082	0	0
proton	938.272013	8.552764556	499868.6372	0	0
proton	938.272013	6.047989503	499868.6372	0	0
neutron	939.56536	2.427898282	499868.6372	0	0
deuteron	1875.613	3.735445201	499868.6372	0	0
S35	32565.27968	1.000560836	499868.6372	0	0
neutron	939.56536	8.443813005	499867.865	0	0
neutron	939.56536	5.766530108	499867.865	0	0
proton	938.272013	5.457432001	499867.865	0	0
neutron	939.56536	5.263187284	499867.865	0	0
alpha	3727.379	4.133599501	499867.865	0	0
O16	14895.08153	1.3492598	499867.865	0	0
neutron	939.56536	23.11832741	499859.7012	0	0
proton	938.272013	18.73532916	499859.7012	0	0
neutron	939.56536	1.614420601	499859.7012	0	0
Ar37	34425.14786	1.014499617	499859.7012	0	0
neutron	939.56536	14.50538075	499861.9297	0	0
neutron	939.56536	0.3045673199	499861.9297	0	0
N14	13040.20433	1.484834179	499861.9297	0	0
neutron	939.56536	11.49642265	499866.2718	0	0
proton	938.272013	6.864790041	499866.2718	0	0
neutron	939.56536	1.98501708	499866.2718	0	0
neutron	939.56536	1.376809473	499866.2718	0	0
Ar36	33494.36994	0.3541646295	499866.2718	0	0
K40	37216.53309	0.1179475893	499857.0392	0	0
neutron	939.56536	0.5411592706	499860.8124	0	0
K39	36284.76737	0.1642272083	499860.8124	0	0
neutron	939.56536	0.2265733363	499862.4281	0	0
N15	13968.93638	0.2262965919	499862.4281	0	0
proton	938.272013	6.1087266	499866.2113	0	0
neutron	939.56536	1.353154295	499866.2113	0	0
alpha	3727.379	10.63280355	499866.2113	0	0
S34	31632.70018	1.591540415	499866.2113	0	0
proton	938.272013	14.37513925	499869.2174	0	0
proton	938.272013	3.188949249	499869.2174	0	0
neutron	939.56536	3.077246974	499869.2174	0	0
Cl37	34424.84314	0.4142355618	499869.2174	0	0
proton	938.272013	3.202727944	499863.4947	0	0
neutron	939.56536	1.558296505	499863.4947	0	0
Ar38	35352.87471	0.002927589449	499863.4947	0	0
K40	37216.53309	0.1416897438	499863.6881	0	0
neutron	939.56536	5.934476998	499869.6234	0	0
proton	938.272013	5.626465051	499869.6234	0	0
neutron	939.56536	1.945256059	499869.6234	0	0
Ar37	34425.14786	0.4510935976	499869.6234	0	0
neutron	939.56536	11.30552165	499866.4453	0	0
proton	938.272013	9.167272101	499866.4453	0	0
neutron	939.56536	0.3901965913	499866.4453	0	0
Ar37	34425.14786	1.165481759	499866.4453	0	0
neutron	939.56536	0.3413476313	499865.6468	0	0
K39	36284.76737	0.07451407641	499865.6468	0	0
neutron	939.56536	2.164229854	499860.9491	0	0
N15	13968.93638	0.2459584204	499860.9491	0	0
Na24	22341.82218	0.2089739532	499864.7072	0	0
K40	37216.53309	0.1147647152	499861.9502	0	0
neutron	939.56536	16.31499377	499862.7744	0	0
neutron	939.56536	16.16591878	499862.7744	0	0
neutron	939.56536	7.54225702	499862.7744	0	0
proton	938.272013	5.100470735	499862.7744	0	0
C12	11174.86339	3.573940958	499862.7744	0	0
neutron	939.56536	0.05320928411	499864.5125	0	0
K39	36284.76737	0.122391443	499864.5125	0	0
K40	37216.53309	0.1195436566	499860.8744	0	0
neutron	939.56536	2.561609695	499858.8839	0	0
N15	13968.93638	0.3132060814	499858.8839	0	0
neutron	939.56536	0.8811696101	499863.6598	0	0
K39	36284.76737	0.2161526131	499863.6598	0	0
neutron	939.56536	5.331062528	499864.8896	0	0
Na23	21409.21625	0.01766001767	499864.8896	0	0
proton	938.272013	17.73726648	499858.5026	0	0
neutron	939.56536	5.459980815	499858.5026	0	0
proton	938.272013	4.745845838	499858.5026	0	0
neutron	939.56536	4.009675958	499858.5026	0	0
neutron	939.56536	3.205429072	499858.5026	0	0
Cl35	32564.60306	0.3312586768	499858.5026	0	0
N16	14906.01287	0.2882036648	499862.8373	0	0
Na24	22341.82218	0.1989646501	499864.2222	0	0
neutron	939.56536	3.4543022	499860.7833	0	0
N15	13968.93638	0.477505996	499860.7833	0	0
neutron	939.56536	0.1913718529	499862.8623	0	0
N15	13968.93638	0.3127104473	499862.8623	0	0
proton	938.272013	11.07570052	499863.0429	0	0
neutron	939.56536	8.738459511	499863.0429	0	0
proton	938.272013	6.014621781	499863.0429	0	0
alpha	3727.379	7.315780641	499863.0429	0	0
P33	30705.30994	0.8026774592	499863.0429	0	0
Na24	22341.82218	0.2105324536	499863.3645	0	0
neutron	939.56536	7.633716894	499873.1915	0	0
K39	36284.76737	0.3124716514	499873.1915	0	0
neutron	939.56536	8.897666074	499866.2819	0	0
neutron	939.56536	4.217421322	499866.2819	0	0
N14	13040.20433	0.6855962735	499866.2819	0	0
K40	37216.53309	0.1343013933	499864.7131	0	0
N16	14906.01287	0.2823990118	499878.0667	0	0
neutron	939.56536	0.1282920227	499868.3407	0	0
K39	36284.76737	0.1604514042	499868.3407	0	0
K40	37216.53309	0.1277247184	499855.3815	0	0
neutron	939.56536	0.7417569075	499863.5876	0	0
triton	2808.921	7.578506784	499863.5876	0	0
C12	11174.86339	1.045772669	499863.5876	0	0
neutron	939.56536	21.11738248	499859.8322	0	0
neutron	939.56536	20.30131503	499859.8322	0	0
proton	938.272013	5.46923131	499859.8322	0	0
neutron	939.56536	1.691836218	499859.8322	0	0
C12	11174.86339	1.15127029	499859.8322	0	0
neutron	939.56536	5.784063606	499866.8452	0	0
B11	10252.54787	0.264377554	499866.8452	0	0
neutron	939.56536	0.849156241	499866.0865	0	0
K39	36284.76737	0.1845157246	499866.0865	0	0
neutron	939.56536	12.27423388	499868.4475	0	0
proton	938.272013	7.615132352	499868.4475	0	0
proton	938.272013	6.553651992	499868.4475	0	0
proton	938.272013	4.549634625	499868.4475	0	0
neutron	939.56536	1.052309914	499868.4475	0	0
S35	32565.27968	0.1652899572	499868.4475	0	0
Na24	22341.82218	0.2026488884	499861.2541	0	0
K40	37216.53309	0.1215243179	499858.2932	0	0
neutron	939.56536	23.11324069	499865.8833	0	0
proton	938.272013	7.88690078	499865.8833	0	0
neutron	939.56536	0.7289486525	499865.8833	0	0
Ar37	34425.14786	0.1187822551	499865.8833	0	0
neutron	939.56536	8.478375446	499867.0891	0	0
neutron	939.56536	7.01957239	499867.0891	0	0
proton	938.272013	3.456391775	499867.0891	0	0
neutron	939.56536	3.182025543	499867.0891	0	0
Ar36	33494.36994	0.6481614946	499867.0891	0	0
neutron	939.56536	40.07744708	499868.0362	0	0
neutron	939.56536	4.269678999	499868.0362	0	0
proton	938.272013	3.579883192	499868.0362	0	0
neutron	939.56536	0.5903393812	499868.0362	0	0
Ar36	33494.36994	1.339618185	499868.0362	0	0
neutron	939.56536	3.582924769	499874.8434	0	0
proton	938.272013	2.876489526	499874.8434	0	0
alpha	3727.379	13.46496466	499874.8434	0	0
S34	31632.70018	0.3613719298	499874.8434	0	0
proton	938.272013	2.444354017	499862.4065	0	0
neutron	939.56536	2.089072836	499862.4065	0	0
C14	13040.87134	0.81744224	499862.4065	0	0
neutron	939.56536	2.587181588	499869.2798	0	0
neutron	939.56536	0.9556914251	499869.2798	0	0
Na22	20482.07056	0.7634835151	499869.2798	0	0
neutron	939.56536	0.8202268264	499858.4183	0	0
K39	36284.76737	0.09291612317	499858.4183	0	0
Na24	22341.82218	0.2150623058	499866.9901	0	0
neutron	939.56536	0.6940130306	499862.4131	0	0
K39	36284.76737	0.09596489893	499862.4131	0	0
neutron	939.56536	0.2790937231	499859.0753	0	0
K39	36284.76737	0.09291589064	499859.0753	0	0
neutron	939.56536	1.503231403	499863.6597	0	0
K39	36284.76737	0.1322576539	499863.6597	0	0
K40	37216.53309	0.1407130319	499862.6186	0	0
K40	37216.53309	0.1201215999	499860.8387	0	0
K40	37216.53309	0.1257167238	499859.1023	0	0
neutron	939.56536	7.910222324	499863.6885	0	0
triton	2808.921	3.97602816	499863.6885	0	0
alpha	3727.379	6.660183965	499863.6885	0	0
Be8	7454.850296	2.553380566	499863.6885	0	0
neutron	939.56536	9.025544304	499869.4639	0	0
proton	938.272013	7.657560527	499869.4639	0	0
Be10	9325.504169	2.172759041	499869.4639	0	0
neutron	939.56536	0.9189413398	499855.255	0	0
K39	36284.76737	0.2227171675	499855.255	0	0
K40	37216.53309	0.1130339041	499864.5361	0	0
Na24	22341.82218	0.206097233	499858.1479	0	0
B12	11188.74343	0.3461728615	499862.3148	0	0
neutron	939.56536	0.7490849444	499861.884	0	0
K39	36284.76737	0.1843228253	499861.884	0	0
neutron	939.56536	3.856100805	499861.4934	0	0
K39	36284.76737	0.1422062511	499861.4934	0	0
neutron	939.56536	8.00107953	499862.8848	0	0
proton	938.272013	6.056232386	499862.8848	0	0
neutron	939.56536	3.396206299	499862.8848	0	0
neutron	939.56536	1.531132105	499862.8848	0	0
alpha	3727.379	11.54619922	499862.8848	0	0
S32	29773.62828	0.6580079756	499862.8848	0	0
neutron	939.56536	12.70353272	499860.5105	0	0
neutron	939.56536	2.75991482	499860.5105	0	0
K38	35358.27978	0.4874289831	499860.5105	0	0
K40	37216.53309	0.1266986205	499866.1001	0	0
K40	37216.53309	0.1413228817	499862.0432	0	0
neutron	939.56536	5.350958576	499862.6392	0	0
proton	938.272013	3.208596263	499862.6392	0	0
Ar38	35352.87471	0.1099562822	499862.6392	0	0
neutron	939.56536	13.12748903	499859.6646	0	0
neutron	939.56536	7.999872362	499859.6646	0	0
proton	938.272013	1.017106942	499859.6646	0	0
C13	12109.48242	2.068378476	499859.6646	0	0
proton	938.272013	10.14846267	499862.6339	0	0
neutron	939.56536	7.033323704	499862.6339	0	0
neutron	939.56536	6.813829058	499862.6339	0	0
alpha	3727.379	9.300956049	499862.6339	0	0
S33	30704.55199	1.20650152	499862.6339	0	0
neutron	939.56536	19.08558929	499859.038	0	0
neutron	939.56536	2.282592102	499859.038	0	0
B10	9324.436652	2.529769445	499859.038	0	0
neutron	939.56536	0.3208580387	499865.6937	0	0
Na23	21409.21625	0.1345818339	499865.6937	0	0
neutron	939.56536	1.286666207	499862.9078	0	0
K39	36284.76737	0.06693229783	499862.9078	0	0
K40	37216.53309	0.1271734368	499865.838	0	0
neutron	939.56536	0.3706136086	499857.5995	0	0
K39	36284.76737	0.1279825953	499857.5995	0	0
Na24	22341.82218	0.1870214545	499862.966	0	0
neutron	939.56536	8.538193202	499872.4073	0	0
K39	36284.76737	0.5016897661	499872.4073	0	0
neutron	939.56536	6.492318583	499867.7681	0	0
neutron	939.56536	5.446167791	499867.7681	0	0
neutron	939.56536	4.431049427	499867.7681	0	0
proton	938.272013	3.674204806	499867.7681	0	0
Ar36	33494.36994	0.3909378748	499867.7681	0	0
proton	938.272013	15.60784124	499872.4112	0	0
proton	938.272013	3.894812967	499872.4112	0	0
neutron	939.56536	0.5806078912	499872.4112	0	0
neutron	939.56536	0.3388840899	499872.4112	0	0
Cl36	33495.58861	0.8077850708	499872.4112	0	0
neutron	939.56536	12.85140351	499859.248	0	0
neutron	939.56536	9.75328952	499859.248	0	0
proton	938.272013	6.045423937	499859.248	0	0
neutron	939.56536	1.948133456	499859.248	0	0
alpha	3727.379	4.497185501	499859.248	0	0
Be8	7454.850296	0.6857967276	499859.248	0	0
neutron	939.56536	2.48350906	499864.184	0	0
deuteron	1875.613	1.730528208	499864.184	0	0
Be9	8392.751106	0.8704438008	499864.184	0	0
neutron	939.56536	8.16645167	499868.367	0	0
proton	938.272013	4.858047404	499868.367	0	0
Ar38	35352.87471	0.2787778665	499868.367	0	0
proton	938.272013	6.586339151	499867.5138	0	0
neutron	939.56536	4.439818802	499867.5138	0	0
neutron	939.56536	2.604509612	499867.5138	0	0
C13	12109.48242	0.5470323358	499867.5138	0	0
neutron	939.56536	11.24843145	499862.9122	0	0
proton	938.272013	2.732529514	499862.9122	0	0
neutron	939.56536	0.6942320688	499862.9122	0	0
C13	12109.48242	0.5518802794	499862.9122	0	0
K40	37216.53309	0.1295474199	499867.2729	0	0
proton	938.272013	4.591567834	499871.0724	0	0
neutron	939.56536	0.7392922121	499871.0724	0	0
Ar38	35352.87471	0.04425495396	499871.0724	0	0
proton	938.272013	9.417929631	499861.1276	0	0
neutron	939.56536	4.827563765	499861.1276	0	0
Ar38	35352.87471	0.1563951825	499861.1276	0	0
proton	938.272013	21.2761311	499856.0814	0	0
proton	938.272013	4.087842746	499856.0814	0	0
neutron	939.56536	1.825104523	499856.0814	0	0
neutron	939.56536	1.791250599	499856.0814	0	0
neutron	939.56536	1.471723621	499856.0814	0	0
Cl35	32564.60306	0.6775190636	499856.0814	0	0
neutron	939.56536	36.14963502	499861.0805	0	0
proton	938.272013	23.23647551	499861.0805	0	0
Ne23	21414.10216	0.5213798442	499861.0805	0	0
K40	37216.53309	0.1429847861	499863.8481	0	0
neutron	939.56536	0.5219379334	499863.7438	0	0
K39	36284.76737	0.1644497067	499863.7438	0	0
neutron	939.56536	1.55311836	499863.2611	0	0
N15	13968.93638	0.2196861431	499863.2611	0	0
neutron	939.56536	0.9421353123	499870.2256	0	0
N15	13968.93638	0.2822880038	499870.2256	0	0
neutron	939.56536	2.329568679	499861.4706	0	0
K39	36284.76737	0.0636058976	499861.4706	0	0
proton	938.272013	9.259584068	499868.9916	0	0
neutron	939.56536	4.533578871	499868.9916	0	0
neutron	939.56536	3.150196695	499868.9916	0	0
deuteron	1875.613	3.108989097	499868.9916	0	0
Cl35	32564.60306	0.7769111925	499868.9916	0	0
neutron	939.56536	22.80503708	499859.8777	0	0
proton	938.272013	7.435027319	499859.8777	0	0
proton	938.272013	6.547726366	499859.8777	0	0
proton	938.272013	3.468241759	499859.8777	0	0
S36	33494.9558	0.5088768142	499859.8777	0	0
proton	938.272013	9.053361644	499865.0504	0	0
neutron	939.56536	3.542359347	499865.0504	0	0
Ar38	35352.87471	0.3857214951	499865.0504	0	0
K40	37216.53309	0.1245394105	499861.5693	0	0
K42	39078.03462	0.1068312889	499861.7448	0	0
neutron	939.56536	4.855528567	499858.728	0	0
K39	36284.76737	0.3993572388	499858.728	0	0
neutron	939.56536	0.4198543603	499859.5236	0	0
K39	36284.76737	0.1428936538	499859.5236	0	0
K40	37216.53309	0.1372299767	499863.7092	0	0
neutron	939.56536	1.116005852	499868.5722	0	0
K39	36284.76737	0.0336394457	499868.5722	0	0
Na24	22341.82218	0.1887229875	499865.6632	0	0
K40	37216.53309	0.1221954242	499871.32	0	0
K40	37216.53309	0.1187730671	499862.6769	0	0
neutron	939.56536	32.08270688	499866.7994	0	0
neutron	939.56536	6.468883819	499866.7994	0	0
proton	938.272013	6.316645897	499866.7994	0	0
neutron	939.56536	5.342435336	499866.7994	0	0
C12	11174.86339	1.641324104	499866.7994	0	0
proton	938.272013	6.696117814	499860.1634	0	0
proton	938.272013	3.705250835	499860.1634	0	0
neutron	939.56536	2.729105941	499860.1634	0	0
neutron	939.56536	1.222028761	499860.1634	0	0
Cl36	33495.58861	0.2340922293	499860.1634	0	0
proton	938.272013	11.2274112	499864.3316	0	0
neutron	939.56536	3.526151173	499864.3316	0	0
proton	938.272013	2.412300902	499864.3316	0	0
Cl37	34424.84314	0.7943949472	499864.3316	0	0
proton	938.272013	5.547978341	499864.5891	0	0
neutron	939.56536	4.13473048	499864.5891	0	0
neutron	939.56536	1.291765759	499864.5891	0	0
neutron	939.56536	0.1785740958	499864.5891	0	0
C12	11174.86339	0.4668958038	499864.5891	0	0
neutron	939.56536	19.53289903	499859.0438	0	0
neutron	939.56536	7.121381389	499859.0438	0	0
proton	938.272013	5.29681794	499859.0438	0	0
Ar37	34425.14786	0.3988064468	499859.0438	0	0
neutron	939.56536	1.899436191	499867.6106	0	0
N15	13968.93638	0.4066679626	499867.6106	0	0
K40	37216.53309	0.1264609398	499861.9774	0	0
neutron	939.56536	0.1715559563	499871.1004	0	0
K39	36284.76737	0.1561754805	499871.1004	0	0
neutron	939.56536	0.8863037226	499866.6167	0	0
K39	36284.76737	0.07020501051	499866.6167	0	0
Na24	22341.82218	0.2099436071	499868.5849	0	0
neutron	939.56536	2.625303876	499862.5993	0	0
K39	36284.76737	0.1907210378	499862.5993	0	0
K40	37216.53309	0.1285925594	499878.5906	0	0
K40	37216.53309	0.1209695218	499874.8167	0	0
Na24	22341.82218	0.1929608143	499872.2752	0	0
neutron	939.56536	18.04545899	499871.4918	0	0
neutron	939.56536	16.55476994	499871.4918	0	0
proton	938.272013	5.139712676	499871.4918	0	0
neutron	939.56536	1.826118478	499871.4918	0	0
Ar36	33494.36994	0.3606434869	499871.4918	0	0
proton	938.272013	9.412522212	499861.1378	0	0
neutron	939.56536	3.44377756	499861.1378	0	0
neutron	939.56536	1.600924975	499861.1378	0	0
Ar37	34425.14786	0.6226732553	499861.1378	0	0
proton	938.272013	14.84861633	499858.027	0	0
neutron	939.56536	12.55457922	499858.027	0	0
proton	938.272013	4.23390457	499858.027	0	0
Cl37	34424.84314	1.024748616	499858.027	0	0
neutron	939.56536	1.514460445	499869.2878	0	0
K39	36284.76737	0.2517561216	499869.2878	0	0
proton	938.272013	7.485758845	499861.3938	0	0
proton	938.272013	4.208888123	499861.3938	0	0
neutron	939.56536	3.025544208	499861.3938	0	0
neutron	939.56536	2.150717769	499861.3938	0	0
deuteron	1875.613	5.344675451	499861.3938	0	0
S34	31632.70018	0.7264011772	499861.3938	0	0
K40	37216.53309	0.1146472383	499863.3248	0	0
neutron	939.56536	0.530220044	499858.341	0	0
alpha	3727.379	23.7382767	499858.341	0	0
Cl35	32564.60306	2.497270137	499858.341	0	0
proton	938.272013	12.78083988	499861.1328	0	0
proton	938.272013	9.998481327	499861.1328	0	0
neutron	939.56536	9.902512881	499861.1328	0	0
proton	938.272013	3.027771559	499861.1328	0	0
S36	33494.9558	0.523915349	499861.1328	0	0
neutron	939.56536	15.24104615	499868.2031	0	0
neutron	939.56536	2.736865986	499868.2031	0	0
deuteron	1875.613	3.198855009	499868.2031	0	0
alpha	3727.379	1.883647365	499868.2031	0	0
Be8	7454.850296	3.942882921	499868.2031	0	0
neutron	939.56536	0.7147730422	499866.2352	0	0
deuteron	1875.613	20.69223637	499866.2352	0	0
Ar37	34425.14786	1.263931085	499866.2352	0	0
neutron	939.56536	24.33913285	499866.7283	0	0
proton	938.272013	5.252802711	499866.7283	0	0
Ar38	35352.87471	0.4517975592	499866.7283	0	0
neutron	939.56536	15.31691139	499862.2111	0	0
neutron	939.56536	6.635669493	499862.2111	0	0
N14	13040.20433	2.247700966	499862.2111	0	0
neutron	939.56536	21.53750738	499860.8324	0	0
alpha	3727.379	1.246957297	499860.8324	0	0
Li7	6533.832504	6.772186632	499860.8324	0	0
neutron	939.56536	1.334402852	499872.7889	0	0
K39	36284.76737	0.0726417498	499872.7889	0	0
neutron	939.56536	13.95099454	499863.6288	0	0
neutron	939.56536	0.1783044339	499863.6288	0	0
Na24	22341.82218	0.4201943293	499863.6288	0	0
Na24	22341.82218	0.2042313383	499869.0429	0	0
neutron	939.56536	0.06782718438	499862.3193	0	0
K39	36284.76737	0.1391893328	499862.3193	0	0
neutron	939.56536	0.5489333128	499868.489	0	0
K39	36284.76737	0.1465850419	499868.489	0	0
neutron	939.56536	1.299115779	499870.5156	0	0
K39	36284.76737	0.08911524802	499870.5156	0	0
proton	938.272013	3.602860505	499861.404	0	0
neutron	939.56536	2.120788083	499861.404	0	0
Ar38	35352.87471	0.1704368997	499861.404	0	0
neutron	939.56536	0.6343444234	499864.9578	0	0
K39	36284.76737	0.04208183115	499864.9578	0	0
K40	37216.53309	0.1216890909	499865.1656	0	0
K40	37216.53309	0.1369244545	499860.4458	0	0
neutron	939.56536	9.042184783	499859.2634	0	0
proton	938.272013	3.397564223	499859.2634	0	0
neutron	939.56536	1.246510949	499859.2634	0	0
neutron	939.56536	0.5200847413	499859.2634	0	0
Ne20	18617.73218	0.9211804299	499859.2634	0	0
neutron	939.56536	0.1550269019	499868.2813	0	0
Na23	21409.21625	0.1767277014	499868.2813	0	0
K40	37216.53309	0.1204540927	499864.5116	0	0
O16	14895.08153	0.4122569385	499881.3406	27.79001702	27.31828178
Ca40	37214.71335	0.3236761764	499887.5508	34.47003518	33.79606569
neutron	939.56536	5.218594742	499872.6785	0	0
deuteron	1875.613	8.043132739	499872.6785	0	0
Ne21	19550.53637	0.6690568149	499872.6785	0	0
neutron	939.56536	5.192814832	499863.023	0	0
neutron	939.56536	0.1870923603	499863.023	0	0
N14	13040.20433	0.8641238219	499863.023	0	0
K40	37216.53309	0.1219096729	499867.3318	0	0
neutron	939.56536	0.07824485919	499862.0364	0	0
K39	36284.76737	0.1034640758	499862.0364	0	0
neutron	939.56536	5.199201798	499861.6733	0	0
proton	938.272013	3.926337053	499861.6733	0	0
Ar38	35352.87471	0.1882291297	499861.6733	0	0
proton	938.272013	3.6202991	499866.5539	0	0
Ar39	36285.84137	0.1827394311	499866.5539	0	0
proton	938.272013	13.38409753	499866.0927	0	0
neutron	939.56536	6.864005687	499866.0927	0	0
neutron	939.56536	1.244451835	499866.0927	0	0
alpha	3727.379	8.887770371	499866.0927	0	0
S33	30704.55199	0.8863180909	499866.0927	0	0
K40	37216.53309	0.1310367873	499868.5558	0	0
K40	37216.53309	0.1283244841	499864.4332	0	0
neutron	939.56536	0.2577180212	499862.2113	0	0
deuteron	1875.613	51.05119112	499862.2113	0	0
alpha	3727.379	6.684349497	499862.2113	0	0
S33	30704.55199	3.972847486	499862.2113	0	0
K40	37216.53309	0.1331416419	499866.937	0	0
K40	37216.53309	0.1327385427	499868.5795	0	0
neutron	939.56536	1.783356531	499862.4981	0	0
K39	36284.76737	0.1312988347	499862.4981	0	0
proton	938.272013	5.098797068	499861.325	0	0
neutron	939.56536	0.6986858384	499861.325	0	0
Ar38	35352.87471	0.317511102	499861.325	0	0
proton	938.272013	1.433986838	499860.4123	0	0
neutron	939.56536	0.3162665306	499860.4123	0	0
C14	13040.87134	0.6115133783	499860.4123	0	0
neutron	939.56536	0.4703834892	499859.7715	0	0
Na23	21409.21625	0.3299583722	499859.7715	0	0
neutron	939.56536	9.291370242	499868.7248	0	0
proton	938.272013	4.822487514	499868.7248	0	0
alpha	3727.379	6.679770176	499868.7248	0	0
S34	31632.70018	2.486143618	499868.7248	0	0
K40	37216.53309	0.1311617607	499861.517	0	0
proton	938.272013	10.34984156	499861.5697	0	0
proton	938.272013	8.650048037	499861.5697	0	0
proton	938.272013	2.959899999	499861.5697	0	0
neutron	939.56536	1.34291061	499861.5697	0	0
S36	33494.9558	0.7050103477	499861.5697	0	0
proton	938.272013	30.55317752	499869.9297	0	0
proton	938.272013	4.766826788	499869.9297	0	0
neutron	939.56536	3.225886235	499869.9297	0	0
neutron	939.56536	2.283186951	499869.9297	0	0
neutron	939.56536	0.0524644215	499869.9297	0	0
Cl35	32564.60306	0.8530388214	499869.9297	0	0
K40	37216.53309	0.1393124413	499866.6874	0	0
neutron	939.56536	5.125610633	499866.0721	0	0
proton	938.272013	4.163333459	499866.0721	0	0
Ar38	35352.87471	0.06726952352	499866.0721	0	0
neutron	939.56536	1.676857707	499861.692	0	0
K39	36284.76737	0.1066052731	499861.692	0	0
neutron	939.56536	20.99337506	499865.5219	0	0
neutron	939.56536	12.33218869	499865.5219	0	0
proton	938.272013	1.427903883	499865.5219	0	0
C13	12109.48242	4.316080668	499865.5219	0	0
neutron	939.56536	1.182384847	499861.0061	0	0
N15	13968.93638	0.3300768916	499861.0061	0	0
neutron	939.56536	1.078112859	499870.4118	0	0
Na23	21409.21625	0.2292353573	499870.4118	0	0
neutron	939.56536	28.66854586	499862.6201	0	0
neutron	939.56536	11.23516493	499862.6201	0	0
proton	938.272013	5.513296816	499862.6201	0	0
neutron	939.56536	0.3514810389	499862.6201	0	0
Ar36	33494.36994	1.413759799	499862.6201	0	0
Na24	22341.82218	0.1983931936	499867.23	0	0
neutron	939.56536	5.139028427	499862.5838	0	0
neutron	939.56536	1.553126842	499862.5838	0	0
deuteron	1875.613	1.282425585	499862.5838	0	0
alpha	3727.379	6.521137514	499862.5838	0	0
alpha	3727.379	0.5955576276	499862.5838	0	0
proton	938.272013	18.93231442	499854.5024	0	0
neutron	939.56536	8.857187713	499854.5024	0	0
alpha	3727.379	0.751994389	499854.5024	0	0
He6	5605.534341	7.9126689	499854.5024	0	0
Na24	22341.82218	0.2048071915	499866.7916	0	0
proton	938.272013	3.359413332	499866.3491	0	0
Ar39	36285.84137	0.1160337846	499866.3491	0	0
neutron	939.56536	0.6756180122	499861.9659	0	0
K39	36284.76737	0.1241334753	499861.9659	0	0
neutron	939.56536	0.8650091591	499865.4117	0	0
K39	36284.76737	0.217470264	499865.4117	0	0
neutron	939.56536	7.976139794	499867.6385	0	0
proton	938.272013	3.508768484	499867.6385	0	0
neutron	939.56536	2.182824937	499867.6385	0	0
C13	12109.48242	0.1679792011	499867.6385	0	0
neutron	939.56536	0.6705319654	499866.0759	0	0
K39	36284.76737	0.2023762552	499866.0759	0	0
proton	938.272013	11.07244807	499865.4044	0	0
neutron	939.56536	3.53078482	499865.4044	0	0
neutron	939.56536	0.9845427471	499865.4044	0	0
Ar37	34425.14786	0.9754350044	499865.4044	0	0
neutron	939.56536	1.205339611	499871.0848	0	0
K39	36284.76737	0.03083104239	499871.0848	0	0
Na24	22341.82218	0.1933760448	499869.8576	0	0
proton	938.272013	16.18763414	499868.5287	0	0
neutron	939.56536	1.394296283	499868.5287	0	0
Ar38	35352.87471	0.2726681924	499868.5287	0	0
K40	37216.53309	0.126822467	499856.9712	0	0
K40	37216.53309	0.136582142	499863.3437	0	0
neutron	939.56536	0.5563669611	499864.1509	0	0
K39	36284.76737	0.07888205669	499864.1509	0	0
neutron	939.56536	1.643221789	499859.9383	0	0
K39	36284.76737	0.09042080257	499859.9383	0	0
proton	938.272013	19.59500411	499861.6829	0	0
neutron	939.56536	7.302385613	499861.6829	0	0
neutron	939.56536	1.172796379	499861.6829	0	0
neutron	939.56536	0.6993781508	499861.6829	0	0
alpha	3727.379	4.002818019	499861.6829	0	0
alpha	3727.379	4.031417762	499861.6829	0	0
neutron	939.56536	1.142623888	499860.5443	0	0
Na23	21409.21625	0.1331768233	499860.5443	0	0
neutron	939.56536	5.012698385	499864.6221	0	0
proton	938.272013	3.603368543	499864.6221	0	0
Ar38	35352.87471	0.3015412889	499864.6221	0	0
neutron	939.56536	1.584607184	499862.0806	0	0
K39	36284.76737	0.234204285	499862.0806	0	0
proton	938.272013	4.594857919	499861.3575	0	0
neutron	939.56536	4.409111359	499861.3575	0	0
neutron	939.56536	1.151276227	499861.3575	0	0
Ar37	34425.14786	0.2551554382	499861.3575	0	0
neutron	939.56536	0.208243482	499867.1553	0	0
N15	13968.93638	0.3957898676	499867.1553	0	0
K40	37216.53309	0.1207628434	499856.8703	0	0
neutron	939.56536	2.732427346	499865.2415	0	0
K39	36284.76737	0.06107170648	499865.2415	0	0
K40	37216.53309	0.1387395634	499863.6719	0	0
neutron	939.56536	0.2449448916	499860.6474	0	0
K39	36284.76737	0.1083451114	499860.6474	0	0
neutron	939.56536	24.65895241	499860.0137	0	0
neutron	939.56536	11.33406981	499860.0137	0	0
proton	938.272013	3.490476464	499860.0137	0	0
neutron	939.56536	2.144449377	499860.0137	0	0
alpha	3727.379	4.863041444	499860.0137	0	0
alpha	3727.379	0.5983579192	499860.0137	0	0
K40	37216.53309	0.137684506	499865.5246	0	0
neutron	939.56536	11.77140446	499859.1657	0	0
proton	938.272013	8.188820927	499859.1657	0	0
neutron	939.56536	7.755751362	499859.1657	0	0
neutron	939.56536	4.284544471	499859.1657	0	0
Ar36	33494.36994	0.3605990007	499859.1657	0	0
K40	37216.53309	0.133668434	499864.9774	0	0
neutron	939.56536	1.277313145	499857.9286	0	0
K39	36284.76737	0.04810008699	499857.9286	0	0
proton	938.272013	4.902914327	499861.8994	0	0
neutron	939.56536	1.306697981	499861.8994	0	0
Ar38	35352.87471	0.1561330265	499861.8994	0	0
neutron	939.56536	0.4210186924	499869.0905	0	0
K39	36284.76737	0.08908253762	499869.0905	0	0
neutron	939.56536	0.7995063948	499856.9163	0	0
K39	36284.76737	0.1152454504	499856.9163	0	0
neutron	939.56536	3.125488485	499862.9771	0	0
K39	36284.76737	0.05395686112	499862.9771	0	0
neutron	939.56536	10.61107135	499865.4287	0	0
proton	938.272013	5.055079419	499865.4287	0	0
proton	938.272013	4.729643701	499865.4287	0	0
neutron	939.56536	3.676107211	499865.4287	0	0
proton	938.272013	2.421162565	499865.4287	0	0
neutron	939.56536	2.092869428	499865.4287	0	0
S34	31632.70018	0.8811866549	499865.4287	0	0
K40	37216.53309	0.1339499065	499863.6069	0	0
N16	14906.01287	0.2906558347	499868.8087	0	0
proton	938.272013	8.531238431	499868.9031	0	0
neutron	939.56536	4.574782482	499868.9031	0	0
neutron	939.56536	2.075947039	499868.9031	0	0
C13	12109.48242	1.54002837	499868.9031	0	0
proton	938.272013	22.90120903	499865.5355	0	0
neutron	939.56536	2.406321114	499865.5355	0	0
neutron	939.56536	1.105549094	499865.5355	0	0
Ar37	34425.14786	0.9093085289	499865.5355	0	0
neutron	939.56536	1.46842522	499861.753	0	0
K39	36284.76737	0.216255025	499861.753	0	0
K40	37216.53309	0.124154875	499863.7564	0	0
neutron	939.56536	22.57194296	499861.1908	0	0
proton	938.272013	22.40470646	499861.1908	0	0
neutron	939.56536	1.377239731	499861.1908	0	0
Ar37	34425.14786	0.906452657	499861.1908	0	0
proton	938.272013	11.19530341	499863.8033	0	0
neutron	939.56536	4.840321604	499863.8033	0	0
neutron	939.56536	1.806047433	499863.8033	0	0
neutron	939.56536	1.700908539	499863.8033	0	0
C12	11174.86339	0.2265938594	499863.8033	0	0
neutron	939.56536	0.08698200379	499861.2082	0	0
Na24	22341.82218	0.1607450382	499861.2082	0	0
K40	37216.53309	0.1349911967	499860.9505	0	0
neutron	939.56536	7.014421547	499864.4216	0	0
proton	938.272013	5.934574573	499864.4216	0	0
C14	13040.87134	0.3580381091	499864.4216	0	0
neutron	939.56536	32.76080619	499864.5763	0	0
proton	938.272013	7.257346789	499864.5763	0	0
neutron	939.56536	0.05024578695	499864.5763	0	0
C13	12109.48242	3.829121961	499864.5763	0	0
Na24	22341.82218	0.2182341881	499870.1333	0	0
K40	37216.53309	0.1256182834	499874.6054	0	0
K40	37216.53309	0.1253691347	499865.2037	0	0
proton	938.272013	5.590438106	499864.9399	0	0
neutron	939.56536	4.747128169	499864.9399	0	0
Ar38	35352.87471	0.5116682921	499864.9399	0	0
neutron	939.56536	14.45623331	499865.0919	0	0
neutron	939.56536	6.194725593	499865.0919	0	0
neutron	939.56536	4.442925703	499865.0919	0	0
proton	938.272013	1.680561856	499865.0919	0	0
Ne22	20479.73746	2.219553944	499865.0919	0	0
neutron	939.56536	0.9517121739	499867.4872	0	0
K39	36284.76737	0.1106909002	499867.4872	0	0
neutron	939.56536	5.769257201	499866.1823	0	0
proton	938.272013	2.340059584	499866.1823	0	0
C14	13040.87134	0.6325378357	499866.1823	0	0
neutron	939.56536	2.457507706	499863.9175	0	0
N15	13968.93638	0.4748837543	499863.9175	0	0
neutron	939.56536	0.9634210062	499859.7228	0	0
K39	36284.76737	0.1846939936	499859.7228	0	0
N16	14906.01287	0.2913513163	499862.7405	0	0
K40	37216.53309	0.1347458641	499859.2476	0	0
proton	938.272013	19.48447886	499867.6413	0	0
neutron	939.56536	4.401735148	499867.6413	0	0
C14	13040.87134	2.108007326	499867.6413	0	0
K40	37216.53309	0.1395126945	499859.3029	0	0
neutron	939.56536	11.98039817	499867.8404	0	0
proton	938.272013	5.771077364	499867.8404	0	0
neutron	939.56536	4.202494653	499867.8404	0	0
neutron	939.56536	0.5001397011	499867.8404	0	0
Ar36	33494.36994	1.276492735	499867.8404	0	0
neutron	939.56536	0.2195744708	499866.9159	0	0
Na23	21409.21625	0.1921471553	499866.9159	0	0
neutron	939.56536	0.1951106889	499862.506	0	0
K39	36284.76737	0.1365258778	499862.506	0	0
K40	37216.53309	0.1260296597	499866.1849	0	0
neutron	939.56536	4.462243157	499864.7116	0	0
neutron	939.56536	0.842656356	499864.7116	0	0
Na22	20482.07056	0.02524467464	499864.7116	0	0
proton	938.272013	32.92041693	499869.0328	0	0
neutron	939.56536	3.84786562	499869.0328	0	0
alpha	3727.379	1.372603587	499869.0328	0	0
He6	5605.534341	5.897100526	499869.0328	0	0
neutron	939.56536	1.451659158	499865.0754	0	0
K39	36284.76737	0.1278882896	499865.0754	0	0
K40	37216.53309	0.1358106935	499865.5648	0	0
Na24	22341.82218	0.2050077449	499872.1208	0	0
K40	37216.53309	0.1267325438	499859.9375	0	0
neutron	939.56536	4.113508471	499870.568	0	0
proton	938.272013	1.938453854	499870.568	0	0
neutron	939.56536	1.003899514	499870.568	0	0
Ne21	19550.53637	0.2853910207	499870.568	0	0
neutron	939.56536	14.32856811	499866.3713	0	0
proton	938.272013	11.237111	499866.3713	0	0
proton	938.272013	10.12160549	499866.3713	0	0
neutron	939.56536	6.092886159	499866.3713	0	0
neutron	939.56536	1.274642987	499866.3713	0	0
Cl35	32564.60306	2.15950489	499866.3713	0	0
neutron	939.56536	2.611375093	499864.816	0	0
K39	36284.76737	0.303265613	499864.816	0	0
neutron	939.56536	1.477487394	499865.0256	0	0
N15	13968.93638	0.1094742027	499865.0256	0	0
neutron	939.56536	7.550897884	499862.001	0	0
neutron	939.56536	4.676947568	499862.001	0	0
proton	938.272013	3.876762699	499862.001	0	0
neutron	939.56536	0.8206241666	499862.001	0	0
Ne20	18617.73218	0.8721775873	499862.001	0	0
proton	938.272013	3.212611153	499870.9622	0	0
neutron	939.56536	1.654911354	499870.9622	0	0
Ar38	35352.87471	0.2273873644	499870.9622	0	0
proton	938.272013	3.69881161	499873.1549	0	0
neutron	939.56536	0.4451887006	499873.1549	0	0
triton	2808.921	7.361880127	499873.1549	0	0
Cl35	32564.60306	0.755447335	499873.1549	0	0
neutron	939.56536	13.53735221	499868.1067	0	0
proton	938.272013	6.367726968	499868.1067	0	0
Ar38	35352.87471	0.09402704875	499868.1067	0	0
proton	938.272013	15.45562938	499866.2224	0	0
neutron	939.56536	11.34927653	499866.2224	0	0
neutron	939.56536	9.373028115	499866.2224	0	0
alpha	3727.379	6.091033082	499866.2224	0	0
O17	15830.5038	4.560957569	499866.2224	0	0
neutron	939.56536	4.708415492	499863.1519	0	0
proton	938.272013	3.780606461	499863.1519	0	0
neutron	939.56536	1.073576827	499863.1519	0	0
Ne21	19550.53637	0.3584613805	499863.1519	0	0
Na24	22341.82218	0.2202679925	499863.9616	0	0
K40	37216.53309	0.1326914808	499857.0266	0	0
neutron	939.56536	8.952925877	499867.9148	0	0
neutron	939.56536	5.257144017	499867.9148	0	0
N14	13040.20433	1.182876714	499867.9148	0	0
neutron	939.56536	6.037244971	499860.6388	0	0
proton	938.272013	5.000849776	499860.6388	0	0
Ar38	35352.87471	0.8750488414	499860.6388	0	0
proton	938.272013	6.888150871	499867.3232	0	0
neutron	939.56536	3.082131585	499867.3232	0	0
neutron	939.56536	0.1754099611	499867.3232	0	0
Ar37	34425.14786	0.1887176315	499867.3232	0	0
proton	938.272013	14.99404128	499862.737	0	0
neutron	939.56536	8.920138738	499862.737	0	0
neutron	939.56536	0.9381937921	499862.737	0	0
Ar37	34425.14786	0.1555924349	499862.737	0	0
proton	938.272013	9.214214136	499864.5679	0	0
neutron	939.56536	3.424035505	499864.5679	0	0
neutron	939.56536	0.3355271185	499864.5679	0	0
Ar37	34425.14786	0.3895371704	499864.5679	0	0
proton	938.272013	3.87241912	499862.3612	0	0
neutron	939.56536	1.925501206	499862.3612	0	0
Ar38	35352.87471	0.3008659367	499862.3612	0	0
neutron	939.56536	9.064233081	499856.8662	0	0
neutron	939.56536	8.443431847	499856.8662	0	0
neutron	939.56536	0.7406186919	499856.8662	0	0
deuteron	1875.613	3.05409751	499856.8662	0	0
Ar35	32570.06004	1.603751083	499856.8662	0	0
neutron	939.56536	11.27617658	499859.8658	0	0
neutron	939.56536	2.881960478	499859.8658	0	0
N14	13040.20433	0.9115269862	499859.8658	0	0
neutron	939.56536	0.5434546217	499861.8663	0	0
K39	36284.76737	0.1388733881	499861.8663	0	0
neutron	939.56536	8.370531944	499869.8034	0	0
proton	938.272013	7.893594395	499869.8034	0	0
neutron	939.56536	7.772330931	499869.8034	0	0
neutron	939.56536	0.5050294913	499869.8034	0	0
Ar36	33494.36994	0.4664660919	499869.8034	0	0
proton	938.272013	25.54207109	499864.0083	0	0
neutron	939.56536	3.056324118	499864.0083	0	0
Ar41	38149.00411	0.9690170166	499864.0083	0	0
proton	938.272013	8.421133933	499861.1672	0	0
neutron	939.56536	1.894303611	499861.1672	0	0
neutron	939.56536	1.375186223	499861.1672	0	0
neutron	939.56536	0.5472756085	499861.1672	0	0
Ar36	33494.36994	0.8568104399	499861.1672	0	0
neutron	939.56536	2.289066194	499871.5077	0	0
K39	36284.76737	0.255022138	499871.5077	0	0
neutron	939.56536	5.509614812	499862.9899	0	0
proton	938.272013	5.023627984	499862.9899	0	0
Ar38	35352.87471	0.1396260941	499862.9899	0	0
proton	938.272013	10.81879193	499861.0565	0	0
neutron	939.56536	1.220837269	499861.0565	0	0
Ar38	35352.87471	0.01775355076	499861.0565	0	0
K40	37216.53309	0.1349863132	499865.5089	0	0
neutron	939.56536	4.535418735	499856.0198	0	0
triton	2808.921	6.605102585	499856.0198	0	0
Ar36	33494.36994	1.505545486	499856.0198	0	0
K40	37216.53309	0.1379992323	499861.3949	0	0
neutron	939.56536	18.98051015	499862.1823	0	0
proton	938.272013	3.952522448	499862.1823	0	0
neutron	939.56536	3.808904446	499862.1823	0	0
neutron	939.56536	2.982327817	499862.1823	0	0
Ar36	33494.36994	1.316850906	499862.1823	0	0
K40	37216.53309	0.1164761913	499866.0153	0	0
K40	37216.53309	0.1390181977	499863.8607	0	0
Na25	23272.37635	0.1926509958	499861.0021	0	0
neutron	939.56536	41.65789249	499867.6437	0	0
neutron	939.56536	2.886218083	499867.6437	0	0
N14	13040.20433	2.62396862	499867.6437	0	0
Na24	22341.82218	0.1975026919	499866.2474	0	0
Na24	22341.82218	0.2128877462	499864.9684	0	0
Na24	22341.82218	0.1980683886	499863.7483	0	0
proton	938.272013	10.00027759	499868.0588	0	0
neutron	939.56536	6.728385642	499868.0588	0	0
proton	938.272013	4.035612651	499868.0588	0	0
deuteron	1875.613	5.091581807	499868.0588	0	0
S35	32565.27968	1.0047523	499868.0588	0	0
K40	37216.53309	0.123231922	499866.8192	0	0
N16	14906.01287	0.2957936638	499861.8871	0	0
neutron	939.56536	4.208983374	499867.3303	0	0
K39	36284.76737	0.3029802152	499867.3303	0	0
proton	938.272013	7.889062352	499866.3622	0	0
neutron	939.56536	4.088400742	499866.3622	0	0
Ar38	35352.87471	0.05312601629	499866.3622	0	0
proton	938.272013	5.30912009	499869.5863	0	0
neutron	939.56536	1.224800713	499869.5863	0	0
neutron	939.56536	0.7048974788	499869.5863	0	0
Ar37	34425.14786	0.3537572864	499869.5863	0	0
neutron	939.56536	3.546529378	499865.4255	0	0
N15	13968.93638	0.06425736831	499865.4255	0	0
K40	37216.53309	0.1243760018	499863.2851	0	0
Na24	22341.82218	0.1898879229	499863.632	0	0
neutron	939.56536	0.8195166969	499860.5831	0	0
K39	36284.76737	0.1611193091	499860.5831	0	0
K40	37216.53309	0.1272313295	499870.633	0	0
neutron	939.56536	6.436800802	499860.7453	0	0
proton	938.272013	3.407173533	499860.7453	0	0
neutron	939.56536	1.245800317	499860.7453	0	0
Ar37	34425.14786	0.1390563426	499860.7453	0	0
neutron	939.56536	14.24126181	499858.8597	0	0
proton	938.272013	9.079098499	499858.8597	0	0
proton	938.272013	6.596071551	499858.8597	0	0
proton	938.272013	2.784716458	499858.8597	0	0
neutron	939.56536	0.8889232482	499858.8597	0	0
S35	32565.27968	0.5489368668	499858.8597	0	0
neutron	939.56536	0.2470135257	499861.109	0	0
K39	36284.76737	0.1492094611	499861.109	0	0
K40	37216.53309	0.1396956971	499857.8336	0	0
K40	37216.53309	0.1116442774	499868.2054	0	0
neutron	939.56536	2.501547581	499871.6626	0	0
neutron	939.56536	2.05695657	499871.6626	0	0
N14	13040.20433	0.02422936889	499871.6626	0	0
neutron	939.56536	2.614616969	499868.1212	0	0
K39	36284.76737	0.22601384	499868.1212	0	0
neutron	939.56536	4.058884738	499856.9874	0	0
neutron	939.56536	1.875894292	499856.9874	0	0
deuteron	1875.613	2.113163902	499856.9874	0	0
C12	11174.86339	1.679470537	499856.9874	0	0
neutron	939.56536	0.41307817	499863.2064	0	0
K39	36284.76737	0.1241552847	499863.2064	0	0
neutron	939.56536	0.4162520097	499867.3261	0	0
K39	36284.76737	0.07367739323	499867.3261	0	0
neutron	939.56536	3.977041327	499859.0653	0	0
proton	938.272013	1.343379396	499859.0653	0	0
C14	13040.87134	0.2441681786	499859.0653	0	0
neutron	939.56536	0.5700041894	499864.3726	0	0
K39	36284.76737	0.1792975373	499864.3726	0	0
K40	37216.53309	0.1354253071	499861.0802	0	0
neutron	939.56536	6.33360675	499863.4126	0	0
proton	938.272013	3.993021066	499863.4126	0	0
neutron	939.56536	1.741698812	499863.4126	0	0
Ar37	34425.14786	0.3143517702	499863.4126	0	0
neutron	939.56536	19.1220809	499864.0943	0	0
neutron	939.56536	7.18234219	499864.0943	0	0
proton	938.272013	5.127710278	499864.0943	0	0
neutron	939.56536	1.702471461	499864.0943	0	0
alpha	3727.379	7.849498228	499864.0943	0	0
O16	14895.08153	3.148527182	499864.0943	0	0
K40	37216.53309	0.1344588864	499864.9786	0	0
neutron	939.56536	1.361351784	499862.6752	0	0
K39	36284.76737	0.1714974869	499862.6752	0	0
neutron	939.56536	3.463888112	499862.7091	0	0
N15	13968.93638	0.4370589549	499862.7091	0	0
proton	938.272013	3.984047667	499865.2889	0	0
proton	938.272013	3.420990877	499865.2889	0	0
neutron	939.56536	0.2679903415	499865.2889	0	0
Cl37	34424.84314	0.3478394051	499865.2889	0	0
neutron	939.56536	0.6164655259	499859.052	0	0
K39	36284.76737	0.1356388611	499859.052	0	0
neutron	939.56536	5.795307138	499862.0697	0	0
neutron	939.56536	3.981798821	499862.0697	0	0
neutron	939.56536	3.081301902	499862.0697	0	0
proton	938.272013	2.703875278	499862.0697	0	0
alpha	3727.379	5.471532236	499862.0697	0	0
O16	14895.08153	2.202659025	499862.0697	0	0
proton	938.272013	5.944020182	499865.0559	0	0
neutron	939.56536	2.216077256	499865.0559	0	0
Ar38	35352.87471	0.2118935833	499865.0559	0	0
K40	37216.53309	0.1217861179	499862.878	0	0
neutron	939.56536	1.601613632	499857.7881	0	0
K39	36284.76737	0.2828321503	499857.7881	0	0
neutron	939.56536	4.18156527	499865.5064	0	0
K39	36284.76737	0.03054053033	499865.5064	0	0
K42	39078.03462	0.1278505283	499862.2661	0	0
neutron	939.56536	0.2631617067	499870.1877	0	0
N15	13968.93638	0.3912083688	499870.1877	0	0
neutron	939.56536	1.78509887	499872.5153	0	0
K39	36284.76737	0.1114238092	499872.5153	0	0
neutron	939.56536	3.870338052	499871.6461	0	0
Na23	21409.21625	0.6467259499	499871.6461	0	0
neutron	939.56536	0.538845516	499867.9868	0	0
K39	36284.76737	0.1195534746	499867.9868	0	0
neutron	939.56536	3.228401655	499867.5997	0	0
K39	36284.76737	0.3033509588	499867.5997	0	0
proton	938.272013	3.023898171	499864.2893	0	0
Ar39	36285.84137	0.01726608804	499864.2893	0	0
neutron	939.56536	10.99885178	499863.1892	0	0
deuteron	1875.613	3.258819713	499863.1892	0	0
C13	12109.48242	0.528730985	499863.1892	0	0
Na25	23272.37635	0.1940553072	499860.1046	0	0
neutron	939.56536	7.533591742	499869.8529	0	0
proton	938.272013	5.850658457	499869.8529	0	0
C14	13040.87134	0.5778525018	499869.8529	0	0
K40	37216.53309	0.1221691658	499861.7067	0	0
neutron	939.56536	32.50987154	499864.1397	0	0
proton	938.272013	9.517376677	499864.1397	0	0
neutron	939.56536	0.2338491315	499864.1397	0	0
C13	12109.48242	1.4162947	499864.1397	0	0
proton	938.272013	9.825618752	499863.6514	0	0
neutron	939.56536	0.612804489	499863.6514	0	0
neutron	939.56536	0.574962655	499863.6514	0	0
alpha	3727.379	7.110756378	499863.6514	0	0
S33	30704.55199	1.409594297	499863.6514	0	0
proton	938.272013	4.979634563	499861.8857	0	0
neutron	939.56536	3.164057514	499861.8857	0	0
Ar38	35352.87471	0.07202640295	499861.8857	0	0
proton	938.272013	10.30071959	499857.5755	0	0
neutron	939.56536	3.646609037	499857.5755	0	0
neutron	939.56536	0.9305690194	499857.5755	0	0
Ar37	34425.14786	0.2679260679	499857.5755	0	0
N16	14906.01287	0.2907059864	499872.6836	0	0
K40	37216.53309	0.1130536903	499870.3544	0	0
proton	938.272013	28.42465187	499871.9324	0	0
neutron	939.56536	6.977632002	499871.9324	0	0
proton	938.272013	6.86064962	499871.9324	0	0
neutron	939.56536	0.4624509732	499871.9324	0	0
Cl36	33495.58861	0.5298737469	499871.9324	0	0
neutron	939.56536	14.29372715	499862.7897	0	0
proton	938.272013	3.736794947	499862.7897	0	0
neutron	939.56536	1.602629516	499862.7897	0	0
deuteron	1875.613	3.552508955	499862.7897	0	0
Cl35	32564.60306	1.003940734	499862.7897	0	0
neutron	939.56536	0.1579155411	499865.4965	0	0
K39	36284.76737	0.09561463688	499865.4965	0	0
neutron	939.56536	5.105479816	499862.0402	0	0
proton	938.272013	4.914982192	499862.0402	0	0
proton	938.272013	4.722531907	499862.0402	0	0
proton	938.272013	3.573283891	499862.0402	0	0
S36	33494.9558	0.4091229471	499862.0402	0	0
proton	938.272013	6.234544488	499864.4901	0	0
proton	938.272013	3.520450706	499864.4901	0	0
neutron	939.56536	0.8432670264	499864.4901	0	0
neutron	939.56536	0.3579139507	499864.4901	0	0
Cl36	33495.58861	0.4689060512	499864.4901	0	0
K40	37216.53309	0.1330269353	499861.0561	0	0
K40	37216.53309	0.1361600685	499863.308	0	0
neutron	939.56536	5.464110493	499867.0148	0	0
proton	938.272013	4.938942128	499867.0148	0	0
alpha	3727.379	10.45059516	499867.0148	0	0
O18	16762.02378	2.323286374	499867.0148	0	0
neutron	939.56536	1.343327204	499858.1563	0	0
K39	36284.76737	0.1581945196	499858.1563	0	0
Na24	22341.82218	0.2107017236	499877.8332	0	0
neutron	939.56536	26.81161109	499865.8425	0	0
neutron	939.56536	12.73506003	499865.8425	0	0
proton	938.272013	4.911614091	499865.8425	0	0
neutron	939.56536	0.1127962716	499865.8425	0	0
Be8	7454.850296	0.05012616732	499865.8425	0	0
K40	37216.53309	0.1313638612	499863.15	0	0
proton	938.272013	28.88377596	499860.3971	0	0
neutron	939.56536	0.9057815773	499860.3971	0	0
Ar38	35352.87471	0.6054916978	499860.3971	0	0
proton	938.272013	13.25678811	499865.8518	0	0
neutron	939.56536	10.9329482	499865.8518	0	0
neutron	939.56536	6.506217666	499865.8518	0	0
neutron	939.56536	6.249554357	499865.8518	0	0
Ne20	18617.73218	1.006186509	499865.8518	0	0
deuteron	1875.613	5.324277331	499861.5065	0	0
Ar38	35352.87471	0.3060606499	499861.5065	0	0
neutron	939.56536	10.66906792	499865.4259	0	0
B11	10252.54787	0.5103178985	499865.4259	0	0
proton	938.272013	9.133583195	499861.2686	0	0
neutron	939.56536	1.426356219	499861.2686	0	0
neutron	939.56536	0.4845912371	499861.2686	0	0
C13	12109.48242	0.7994287717	499861.2686	0	0
neutron	939.56536	0.07801093567	499860.9085	0	0
K39	36284.76737	0.1476485846	499860.9085	0	0
K40	37216.53309	0.1197970395	499861.5504	0	0
neutron	939.56536	3.371484627	499867.8923	0	0
neutron	939.56536	0.4559730065	499867.8923	0	0
deuteron	1875.613	10.05295799	499867.8923	0	0
Ne20	18617.73218	0.9574322508	499867.8923	0	0
neutron	939.56536	2.479643995	499857.6465	0	0
K39	36284.76737	0.01076728343	499857.6465	0	0
neutron	939.56536	0.9422426927	499868.3634	0	0
K39	36284.76737	0.1777687133	499868.3634	0	0
K40	37216.53309	0.1244776163	499861.8901	0	0
neutron	939.56536	22.38708321	499866.8778	0	0
neutron	939.56536	7.310716102	499866.8778	0	0
deuteron	1875.613	3.951149685	499866.8778	0	0
Ne20	18617.73218	1.003421446	499866.8778	0	0
neutron	939.56536	12.63587502	499859.3503	0	0
neutron	939.56536	1.934551591	499859.3503	0	0
N14	13040.20433	1.046724659	499859.3503	0	0
proton	938.272013	2.89854358	499864.3822	0	0
neutron	939.56536	0.5219083018	499864.3822	0	0
Ar38	35352.87471	0.2218322989	499864.3822	0	0
K40	37216.53309	0.1378081517	499867.0093	0	0
K40	37216.53309	0.13900614	499863.964	0	0
K40	37216.53309	0.1296144853	499864.3649	0	0
K40	37216.53309	0.1353613369	499858.7279	0	0
neutron	939.56536	7.532006167	499869.0763	0	0
proton	938.272013	4.977211195	499869.0763	0	0
neutron	939.56536	0.8084801907	499869.0763	0	0
neutron	939.56536	0.2500003623	499869.0763	0	0
C12	11174.86339	0.04021903842	499869.0763	0	0
neutron	939.56536	2.09142752	499865.795	0	0
K39	36284.76737	0.08877757478	499865.795	0	0
K40	37216.53309	0.1398158912	499869.9577	0	0
neutron	939.56536	4.296792698	499860.2141	0	0
K39	36284.76737	0.3170328487	499860.2141	0	0
neutron	939.56536	2.99523942	499864.2375	0	0
N15	13968.93638	0.1655153351	499864.2375	0	0
neutron	939.56536	2.213328738	499860.4163	0	0
alpha	3727.379	8.288286941	499860.4163	0	0
B11	10252.54787	2.857321456	499860.4163	0	0
K40	37216.53309	0.1311466747	499863.6047	0	0
neutron	939.56536	15.13745838	499867.0628	0	0
neutron	939.56536	7.201788497	499867.0628	0	0
proton	938.272013	5.588198812	499867.0628	0	0
Ar37	34425.14786	0.7888094445	499867.0628	0	0
proton	938.272013	3.030040197	499862.2789	0	0
proton	938.272013	2.902040399	499862.2789	0	0
neutron	939.56536	1.766044617	499862.2789	0	0
Cl37	34424.84314	0.4933294732	499862.2789	0	0
neutron	939.56536	29.66000646	499866.1669	0	0
proton	938.272013	10.54527963	499866.1669	0	0
proton	938.272013	5.553279849	499866.1669	0	0
neutron	939.56536	2.881448245	499866.1669	0	0
neutron	939.56536	0.7798947571	499866.1669	0	0
Cl35	32564.60306	0.1151863747	499866.1669	0	0
neutron	939.56536	2.624440963	499864.1918	0	0
N15	13968.93638	0.4917754258	499864.1918	0	0
K40	37216.53309	0.1434023272	499860.5295	0	0
proton	938.272013	13.73367401	499857.064	0	0
neutron	939.56536	2.80197635	499857.064	0	0
C14	13040.87134	1.684760394	499857.064	0	0
proton	938.272013	19.78301219	499865.9613	0	0
neutron	939.56536	9.563410734	499865.9613	0	0
neutron	939.56536	3.857098578	499865.9613	0	0
Ar37	34425.14786	0.5441476184	499865.9613	0	0
K40	37216.53309	0.1369219444	499865.009	0	0
proton	938.272013	3.947339042	499861.231	0	0
neutron	939.56536	2.635263995	499861.231	0	0
Ar38	35352.87471	0.03311087334	499861.231	0	0
Na24	22341.82218	0.187395167	499864.1229	0	0
neutron	939.56536	7.060870573	499862.2575	0	0
neutron	939.56536	5.397237994	499862.2575	0	0
proton	938.272013	1.76412296	499862.2575	0	0
Ne22	20479.73746	0.6833157022	499862.2575	0	0
neutron	939.56536	0.3583102809	499855.9221	0	0
K39	36284.76737	0.1224739935	499855.9221	0	0
neutron	939.56536	5.788956043	499863.6178	0	0
neutron	939.56536	3.144565523	499863.6178	0	0
neutron	939.56536	1.976509115	499863.6178	0	0
K41	38146.00307	0.1732300661	499863.6178	0	0
neutron	939.56536	14.48259453	499861.3514	0	0
proton	938.272013	9.072676602	499861.3514	0	0
neutron	939.56536	0.250023348	499861.3514	0	0
Ar37	34425.14786	0.253719874	499861.3514	0	0
proton	938.272013	7.977581286	499865.6579	0	0
neutron	939.56536	2.940477186	499865.6579	0	0
neutron	939.56536	1.296124137	499865.6579	0	0
neutron	939.56536	1.196544667	499865.6579	0	0
deuteron	1875.613	11.2087531	499865.6579	0	0
F18	16763.16938	2.021049954	499865.6579	0	0
K40	37216.53309	0.1316061088	499863.6588	0	0
neutron	939.56536	23.45712777	499859.92	0	0
proton	938.272013	6.502442356	499859.92	0	0
neutron	939.56536	6.228051225	499859.92	0	0
neutron	939.56536	2.241330859	499859.92	0	0
Ar36	33494.36994	0.1483323922	499859.92	0	0
neutron	939.56536	6.175861256	499866.8629	0	0
N15	13968.93638	0.9431727228	499866.8629	0	0
N16	14906.01287	0.2868577927	499865.924	0	0
K40	37216.53309	0.1353979316	499869.2735	0	0
K40	37216.53309	0.1378154261	499867.459	0	0
K40	37216.53309	0.1330053488	499865.1279	0	0
proton	938.272013	3.629992316	499866.4529	0	0
neutron	939.56536	1.238079976	499866.4529	0	0
Ar38	35352.87471	0.1749150259	499866.4529	0	0
neutron	939.56536	1.999398994	499865.8544	0	0
K39	36284.76737	0.01827321039	499865.8544	0	0
neutron	939.56536	23.93972987	499869.6875	0	0
proton	938.272013	2.739022373	499869.6875	0	0
neutron	939.56536	0.4152565117	499869.6875	0	0
Ne21	19550.53637	1.119091173	499869.6875	0	0
proton	938.272013	8.847080833	499866.8235	0	0
neutron	939.56536	4.481712912	499866.8235	0	0
proton	938.272013	2.902692204	499866.8235	0	0
neutron	939.56536	1.628086993	499866.8235	0	0
Cl36	33495.58861	0.4606528159	499866.8235	0	0
K40	37216.53309	0.1351981963	499858.7429	0	0
neutron	939.56536	0.6469975245	499876.5441	0	0
K39	36284.76737	0.2061490113	499876.5441	0	0
K40	37216.53309	0.1293454744	499863.8049	0	0
K40	37216.53309	0.1120541288	499871.2728	0	0
neutron	939.56536	1.009404221	499867.8806	0	0
K39	36284.76737	0.1162060141	499867.8806	0	0
K40	37216.53309	0.1319933457	499866.5384	0	0
neutron	939.56536	9.926469952	499869.9167	0	0
B11	10252.54787	1.207612137	499869.9167	0	0
proton	938.272013	4.088507872	499859.8174	0	0
neutron	939.56536	3.441382775	499859.8174	0	0
proton	938.272013	2.646471887	499859.8174	0	0
alpha	3727.379	8.311423766	499859.8174	0	0
P33	30705.30994	2.044874546	499859.8174	0	0
Na25	23272.37635	0.1863716014	499864.0253	0	0
neutron	939.56536	21.71029217	499863.225	0	0
proton	938.272013	11.83220817	499863.225	0	0
proton	938.272013	3.989773877	499863.225	0	0
Cl37	34424.84314	1.039028032	499863.225	0	0
neutron	939.56536	30.2685797	499865.6412	0	0
proton	938.272013	6.025017215	499865.6412	0	0
proton	938.272013	4.632018697	499865.6412	0	0
Cl37	34424.84314	0.5444457101	499865.6412	0	0
neutron	939.56536	1.198669688	499868.6266	0	0
K39	36284.76737	0.1366472822	499868.6266	0	0
proton	938.272013	4.529071349	499865.8327	0	0
neutron	939.56536	0.9176403992	499865.8327	0	0
Ar38	35352.87471	0.2824887448	499865.8327	0	0
Na24	22341.82218	0.210408091	499860.422	0	0
neutron	939.56536	0.3408129458	499861.6234	0	0
K39	36284.76737	0.1495353341	499861.6234	0	0
K40	37216.53309	0.1393465911	499865.4068	0	0
neutron	939.56536	20.23498498	499861.9643	0	0
triton	2808.921	3.418665238	499861.9643	0	0
C12	11174.86339	2.018916452	499861.9643	0	0
Na24	22341.82218	0.2109811029	499864.2278	0	0
Na26	24206.36741	0.1772548407	499863.3751	0	0
K40	37216.53309	0.1315620305	499864.3391	0	0
Na24	22341.82218	0.2099285818	499866.2099	0	0
neutron	939.56536	0.5154368089	499869.6282	0	0
K39	36284.76737	0.1498481745	499869.6282	0	0
neutron	939.56536	1.93815769	499866.1696	0	0
K39	36284.76737	0.1397782778	499866.1696	0	0
neutron	939.56536	0.3420632675	499858.0758	0	0
K39	36284.76737	0.09728304252	499858.0758	0	0
neutron	939.56536	0.1789393964	499866.5387	0	0
alpha	3727.379	8.67308111	499866.5387	0	0
Cl35	32564.60306	1.251237033	499866.5387	0	0
neutron	939.56536	1.332004932	499870.5575	0	0
K39	36284.76737	0.2527056411	499870.5575	0	0
K40	37216.53309	0.1227656231	499863.7805	0	0
proton	938.272013	7.510270085	499863.431	0	0
Ar39	36285.84137	0.4144974523	499863.431	0	0
B12	11188.74343	0.3704252337	499863.5931	0	0
neutron	939.56536	1.191730335	499862.5608	0	0
K39	36284.76737	0.1504681663	499862.5608	0	0
proton	938.272013	7.592551875	499859.2568	0	0
neutron	939.56536	3.73068321	499859.2568	0	0
proton	938.272013	3.717000314	499859.2568	0	0
proton	938.272013	3.240710234	499859.2568	0	0
S36	33494.9558	0.04897248689	499859.2568	0	0
neutron	939.56536	9.154100853	499862.9537	0	0
proton	938.272013	3.362747854	499862.9537	0	0
Ar38	35352.87471	0.8092121287	499862.9537	0	0
proton	938.272013	26.84136586	499867.1191	0	0
proton	938.272013	6.286854386	499867.1191	0	0
neutron	939.56536	3.826396948	499867.1191	0	0
neutron	939.56536	1.826213029	499867.1191	0	0
Cl36	33495.58861	1.549295855	499867.1191	0	0
proton	938.272013	3.042547788	499863.3024	0	0
neutron	939.56536	1.540871306	499863.3024	0	0
neutron	939.56536	1.109675901	499863.3024	0	0
Ar37	34425.14786	0.02957772828	499863.3024	0	0
proton	938.272013	8.555565359	499860.5237	0	0
neutron	939.56536	4.01230673	499860.5237	0	0
neutron	939.56536	2.632332931	499860.5237	0	0
Ar37	34425.14786	0.1670983856	499860.5237	0	0
Na24	22341.82218	0.1987600319	499864.8015	0	0
proton	938.272013	3.982470288	499864.5257	0	0
Ar39	36285.84137	0.1348034056	499864.5257	0	0
K40	37216.53309	0.1331537682	499862.8909	0	0
neutron	939.56536	4.496324822	499865.6819	0	0
proton	938.272013	3.602244695	499865.6819	0	0
Ar38	35352.87471	0.8298103437	499865.6819	0	0
K40	37216.53309	0.1215454422	499859.9719	0	0
N16	14906.01287	0.2852154527	499866.8612	0	0
neutron	939.56536	1.542858445	499864.7535	0	0
Na23	21409.21625	0.3271781129	499864.7535	0	0
neutron	939.56536	0.2267261468	499864.8916	0	0
K39	36284.76737	0.1018180627	499864.8916	0	0
K40	37216.53309	0.1393989611	499862.9744	0	0
neutron	939.56536	36.87352262	499869.6554	0	0
proton	938.272013	5.044912815	499869.6554	0	0
proton	938.272013	3.798075194	499869.6554	0	0
proton	938.272013	3.416092147	499869.6554	0	0
S36	33494.9558	1.410902052	499869.6554	0	0
neutron	939.56536	0.4642549519	499868.7886	0	0
K39	36284.76737	0.1842863507	499868.7886	0	0
neutron	939.56536	2.409949329	499859.6543	0	0
neutron	939.56536	0.2497827591	499859.6543	0	0
N14	13040.20433	0.6948238639	499859.6543	0	0
K40	37216.53309	0.1226046708	499862.361	0	0
neutron	939.56536	0.767157441	499861.0862	0	0
Na23	21409.21625	0.171948768	499861.0862	0	0
proton	938.272013	19.36829461	499870.2325	0	0
proton	938.272013	5.03019283	499870.2325	0	0
neutron	939.56536	0.8143937086	499870.2325	0	0
Cl37	34424.84314	0.1294068264	499870.2325	0	0
proton	938.272013	25.68696647	499862.159	0	0
neutron	939.56536	6.750345357	499862.159	0	0
C14	13040.87134	1.354038459	499862.159	0	0
proton	938.272013	6.065555564	499864.0242	0	0
proton	938.272013	3.760529026	499864.0242	0	0
neutron	939.56536	1.597799313	499864.0242	0	0
neutron	939.56536	0.5669078172	499864.0242	0	0
Cl36	33495.58861	0.6218891146	499864.0242	0	0
neutron	939.56536	10.83186459	499869.8322	0	0
neutron	939.56536	2.076549574	499869.8322	0	0
deuteron	1875.613	7.065904071	499869.8322	0	0
Be8	7454.850296	0.07513502009	499869.8322	0	0
proton	938.272013	4.055331998	499862.4903	0	0
neutron	939.56536	1.606631096	499862.4903	0	0
Ar38	35352.87471	0.03578057017	499862.4903	0	0
neutron	939.56536	16.53800146	499863.4495	0	0
neutron	939.56536	3.919670031	499863.4495	0	0
N14	13040.20433	1.246292211	499863.4495	0	0
neutron	939.56536	11.29916862	499863.1433	0	0
proton	938.272013	5.279213236	499863.1433	0	0
neutron	939.56536	2.324450243	499863.1433	0	0
neutron	939.56536	1.620406999	499863.1433	0	0
Ar36	33494.36994	0.6437008561	499863.1433	0	0
Na25	23272.37635	0.2162448521	499868.9707	0	0
neutron	939.56536	1.072891012	499864.1869	0	0
K39	36284.76737	0.2224734087	499864.1869	0	0
K40	37216.53309	0.1389075354	499863.5443	0	0
neutron	939.56536	0.08425526284	499864.5002	0	0
K39	36284.76737	0.1017542608	499864.5002	0	0
neutron	939.56536	1.078658217	499868.4876	0	0
K39	36284.76737	0.09642307982	499868.4876	0	0
neutron	939.56536	12.85922208	499862.7111	0	0
proton	938.272013	5.215278943	499862.7111	0	0
neutron	939.56536	2.971039628	499862.7111	0	0
neutron	939.56536	2.238617923	499862.7111	0	0
alpha	3727.379	4.799065739	499862.7111	0	0
alpha	3727.379	3.110359716	499862.7111	0	0
alpha	3727.379	3.247426843	499862.7111	0	0
neutron	939.56536	0.8495942793	499862.7556	0	0
K39	36284.76737	0.1008357984	499862.7556	0	0
proton	938.272013	4.936732072	499861.1435	0	0
neutron	939.56536	3.750133408	499861.1435	0	0
alpha	3727.379	9.097513191	499861.1435	0	0
S34	31632.70018	1.622706601	499861.1435	0	0
Na24	22341.82218	0.1834151014	499865.4051	0	0
proton	938.272013	3.556249203	499860.8778	0	0
neutron	939.56536	1.734495593	499860.8778	0	0
triton	2808.921	4.219347157	499860.8778	0	0
Cl35	32564.60306	0.7364844242	499860.8778	0	0
proton	938.272013	13.34916721	499862.0967	0	0
neutron	939.56536	4.7916676	499862.0967	0	0
neutron	939.56536	3.316013483	499862.0967	0	0
C13	12109.48242	0.2102950096	499862.0967	0	0
neutron	939.56536	1.049511819	499861.4136	0	0
K39	36284.76737	0.1476358977	499861.4136	0	0
neutron	939.56536	5.808642153	499861.2592	0	0
N15	13968.93638	0.5674721372	499861.2592	0	0
Na24	22341.82218	0.2052826511	499862.4312	0	0
K40	37216.53309	0.1418448863	499862.8578	0	0
K44	40940.26321	0.1063977993	499857.4106	0	0
proton	938.272013	5.265576187	499864.2563	0	0
proton	938.272013	4.37424987	499864.2563	0	0
neutron	939.56536	0.9816038272	499864.2563	0	0
deuteron	1875.613	7.884857313	499864.2563	0	0
alpha	3727.379	7.810732021	499864.2563	0	0
Si31	28846.21977	1.916984374	499864.2563	0	0
neutron	939.56536	2.86976212	499864.802	0	0
neutron	939.56536	2.472600729	499864.802	0	0
neutron	939.56536	0.4646489095	499864.802	0	0
deuteron	1875.613	5.08299076	499864.802	0	0
Ar39	36285.84137	0.2572303691	499864.802	0	0
proton	938.272013	4.835407061	499864.2388	0	0
neutron	939.56536	1.495914018	499864.2388	0	0
neutron	939.56536	1.492810699	499864.2388	0	0
neutron	939.56536	0.264440607	499864.2388	0	0
Ar36	33494.36994	0.2172340983	499864.2388	0	0
proton	938.272013	4.735264468	499862.549	0	0
neutron	939.56536	4.141184563	499862.549	0	0
neutron	939.56536	4.004794836	499862.549	0	0
neutron	939.56536	0.1531996335	499862.549	0	0
Ar36	33494.36994	0.06221034343	499862.549	0	0
neutron	939.56536	9.103993266	499867.3899	0	0
neutron	939.56536	0.9761580731	499867.3899	0	0
neutron	939.56536	0.8469742937	499867.3899	0	0
Na23	21409.21625	0.544249357	499867.3899	0	0
neutron	939.56536	0.8310011334	499869.9983	0	0
K39	36284.76737	0.1163969824	499869.9983	0	0
proton	938.272013	19.50915307	499863.8185	0	0
neutron	939.56536	8.892175651	499863.8185	0	0
neutron	939.56536	1.415329388	499863.8185	0	0
neutron	939.56536	0.4139485274	499863.8185	0	0
alpha	3727.379	7.819387427	499863.8185	0	0
O16	14895.08153	1.292691534	499863.8185	0	0
neutron	939.56536	13.80305651	499856.6088	0	0
neutron	939.56536	6.904788444	499856.6088	0	0
proton	938.272013	3.160438338	499856.6088	0	0
proton	938.272013	2.692736038	499856.6088	0	0
deuteron	1875.613	4.487952184	499856.6088	0	0
S34	31632.70018	2.266223437	499856.6088	0	0
K40	37216.53309	0.1331704528	499862.6213	0	0
neutron	939.56536	27.98764827	499859.2565	0	0
neutron	939.56536	3.174303707	499859.2565	0	0
neutron	939.56536	1.936985534	499859.2565	0	0
neutron	939.56536	1.738993506	499859.2565	0	0
K40	37216.53309	1.439033228	499859.2565	0	0
proton	938.272013	36.19802176	499867.5155	0	0
neutron	939.56536	1.07591703	499867.5155	0	0
neutron	939.56536	0.8019656085	499867.5155	0	0
deuteron	1875.613	5.546833468	499867.5155	0	0
Cl35	32564.60306	1.658044153	499867.5155	0	0
proton	938.272013	6.296795149	499864.6162	0	0
neutron	939.56536	5.016456125	499864.6162	0	0
neutron	939.56536	4.642399192	499864.6162	0	0
neutron	939.56536	2.230316286	499864.6162	0	0
Ne20	18617.73218	0.1089639753	499864.6162	0	0
neutron	939.56536	23.79038183	499864.5572	0	0
neutron	939.56536	4.236671543	499864.5572	0	0
proton	938.272013	3.444686666	499864.5572	0	0
neutron	939.56536	0.1091927671	499864.5572	0	0
Ar36	33494.36994	0.07697510339	499864.5572	0	0
proton	938.272013	4.236292494	499861.4815	0	0
neutron	939.56536	1.04639186	499861.4815	0	0
Ar38	35352.87471	0.3918790534	499861.4815	0	0
Na24	22341.82218	0.2180387366	499859.6285	0	0
proton	938.272013	28.68073527	499862.632	0	0
neutron	939.56536	4.293854862	499862.632	0	0
neutron	939.56536	3.65727728	499862.632	0	0
neutron	939.56536	2.53925586	499862.632	0	0
Ar36	33494.36994	0.3693349314	499862.632	0	0
neutron	939.56536	6.599944432	499866.9852	0	0
N15	13968.93638	0.1850330463	499866.9852	0	0
K40	37216.53309	0.1395823724	499869.8142	0	0
neutron	939.56536	4.218833788	499860.7709	0	0
proton	938.272013	1.866344155	499860.7709	0	0
neutron	939.56536	0.6927914174	499860.7709	0	0
Ne21	19550.53637	0.5352417786	499860.7709	0	0
neutron	939.56536	0.6297483468	499858.2252	0	0
K39	36284.76737	0.1202411329	499858.2252	0	0
Na24	22341.82218	0.1996756827	499858.6256	0	0
neutron	939.56536	8.580491097	499862.3463	0	0
N15	13968.93638	0.4427632919	499862.3463	0	0
neutron	939.56536	3.687111098	499867.9055	0	0
K39	36284.76737	0.1503046693	499867.9055	0	0
neutron	939.56536	17.22636015	499861.7511	0	0
proton	938.272013	7.551430288	499861.7511	0	0
neutron	939.56536	4.01395822	499861.7511	0	0
neutron	939.56536	0.678019348	499861.7511	0	0
alpha	3727.379	8.180463481	499861.7511	0	0
S32	29773.62828	2.9543472	499861.7511	0	0
K40	37216.53309	0.1401771071	499862.4678	0	0
proton	938.272013	8.192321973	499858.1651	0	0
proton	938.272013	4.842183441	499858.1651	0	0
neutron	939.56536	3.755307035	499858.1651	0	0
neutron	939.56536	1.739180538	499858.1651	0	0
Cl36	33495.58861	1.67891321	499858.1651	0	0
neutron	939.56536	28.16999088	499871.0812	0	0
triton	2808.921	3.715741224	499871.0812	0	0
C12	11174.86339	5.821474699	499871.0812	0	0
Na26	24206.36741	0.1744254324	499869.9433	0	0
K40	37216.53309	0.1251099781	499863.0616	0	0
B12	11188.74343	0.3601120451	499859.3513	0	0
neutron	939.56536	0.5139008755	499867.9633	0	0
K39	36284.76737	0.1401005152	499867.9633	0	0
proton	938.272013	7.930157494	499859.4936	0	0
neutron	939.56536	1.609089962	499859.4936	0	0
neutron	939.56536	1.358153495	499859.4936	0	0
neutron	939.56536	0.3705983378	499859.4936	0	0
Ar36	33494.36994	0.4213123785	499859.4936	0	0
K42	39078.03462	0.1256207757	499860.177	0	0
proton	938.272013	9.956147296	499864.2887	0	0
proton	938.272013	5.059391331	499864.2887	0	0
neutron	939.56536	0.8793383131	499864.2887	0	0
Cl37	34424.84314	0.3188553381	499864.2887	0	0
proton	938.272013	10.01502135	499860.8814	0	0
proton	938.272013	4.498062116	499860.8814	0	0
neutron	939.56536	3.467453366	499860.8814	0	0
Cl37	34424.84314	0.361308583	499860.8814	0	0
neutron	939.56536	4.562451619	499860.9199	0	0
proton	938.272013	3.096722907	499860.9199	0	0
C14	13040.87134	1.342569428	499860.9199	0	0
proton	938.272013	3.732650995	499869.45	0	0
neutron	939.56536	1.833248325	499869.45	0	0
Ar38	35352.87471	0.2673758643	499869.45	0	0
neutron	939.56536	0.03252886084	499858.9758	0	0
N15	13968.93638	0.3187815251	499858.9758	0	0
K40	37216.53309	0.1135710891	499867.5935	0	0
proton	938.272013	12.49317274	499859.8955	0	0
proton	938.272013	6.441027657	499859.8955	0	0
neutron	939.56536	3.737081799	499859.8955	0	0
proton	938.272013	3.162681309	499859.8955	0	0
neutron	939.56536	1.584438587	499859.8955	0	0
neutron	939.56536	1.439708709	499859.8955	0	0
S34	31632.70018	0.7035067774	499859.8955	0	0
proton	938.272013	8.694891813	499867.0488	0	0
neutron	939.56536	5.8175713	499867.0488	0	0
Ar38	35352.87471	0.3251769252	499867.0488	0	0
proton	938.272013	3.074366041	499863.6817	0	0
neutron	939.56536	2.917747077	499863.6817	0	0
neutron	939.56536	1.02923542	499863.6817	0	0
Ar37	34425.14786	0.4952031378	499863.6817	0	0
proton	938.272013	10.14972861	499869.1299	0	0
neutron	939.56536	1.174341015	499869.1299	0	0
neutron	939.56536	0.4588077284	499869.1299	0	0
C13	12109.48242	1.031732925	499869.1299	0	0
K40	37216.53309	0.1321440828	499866.1981	0	0
B12	11188.74343	0.3653802969	499860.5164	0	0
neutron	939.56536	0.92823621	499868.7603	0	0
K39	36284.76737	0.07717400916	499868.7603	0	0
neutron	939.56536	0.9217858534	499865.0181	0	0
neutron	939.56536	0.5055742783	499865.0181	0	0
deuteron	1875.613	9.08290096	499865.0181	0	0
alpha	3727.379	10.80570022	499865.0181	0	0
S32	29773.62828	2.638009373	499865.0181	0	0
neutron	939.56536	2.954319822	499865.2919	0	0
K39	36284.76737	0.1973840434	499865.2919	0	0
K40	37216.53309	0.1197903067	499867.7615	0	0
neutron	939.56536	0.7521226914	499866.7069	0	0
K39	36284.76737	0.1340782214	499866.7069	0	0
K40	37216.53309	0.1378769028	499859.9549	0	0
neutron	939.56536	4.177918437	499869.5367	0	0
proton	938.272013	3.145613601	499869.5367	0	0
Ar38	35352.87471	0.3097845156	499869.5367	0	0
neutron	939.56536	1.405578767	499861.8986	0	0
Na23	21409.21625	0.1800849916	499861.8986	0	0
K40	37216.53309	0.1256140653	499868.0539	0	0
K40	37216.53309	0.1390114363	499864.116	0	0
K40	37216.53309	0.1282773607	499859.7287	0	0
proton	938.272013	8.917148865	499867.9113	0	0
neutron	939.56536	7.91577706	499867.9113	0	0
neutron	939.56536	1.22502222	499867.9113	0	0
neutron	939.56536	0.808318618	499867.9113	0	0
Ar36	33494.36994	0.4577620829	499867.9113	0	0
Na24	22341.82218	0.2131441587	499860.9852	0	0
K40	37216.53309	0.1269937051	499858.8288	0	0
neutron	939.56536	0.823760898	499857.443	0	0
K39	36284.76737	0.2327389933	499857.443	0	0
Na24	22341.82218	0.2177182782	499861.8574	0	0
K40	37216.53309	0.1367800261	499862.2001	0	0
Na24	22341.82218	0.2037549852	499864.8992	0	0
deuteron	1875.613	4.72287849	499863.9219	0	0
Ar38	35352.87471	0.5962436072	499863.9219	0	0
neutron	939.56536	22.14242422	499866.5257	0	0
proton	938.272013	5.805774409	499866.5257	0	0
neutron	939.56536	1.470834642	499866.5257	0	0
Ar37	34425.14786	0.706452559	499866.5257	0	0
K40	37216.53309	0.1369771723	499864.6861	0	0
neutron	939.56536	11.31479009	499861.9638	0	0
neutron	939.56536	6.698709805	499861.9638	0	0
proton	938.272013	5.171480355	499861.9638	0	0
proton	938.272013	4.635000584	499861.9638	0	0
proton	938.272013	3.5729179	499861.9638	0	0
neutron	939.56536	1.271565835	499861.9638	0	0
S34	31632.70018	2.543164978	499861.9638	0	0
neutron	939.56536	6.047616186	499867.8092	0	0
proton	938.272013	4.755380584	499867.8092	0	0
neutron	939.56536	0.3516518066	499867.8092	0	0
C13	12109.48242	0.588582608	499867.8092	0	0
neutron	939.56536	0.4301205562	499864.5219	0	0
K39	36284.76737	0.1773802711	499864.5219	0	0
neutron	939.56536	14.96991273	499859.3947	0	0
neutron	939.56536	6.90793828	499859.3947	0	0
proton	938.272013	4.71164037	499859.3947	0	0
neutron	939.56536	0.7211974661	499859.3947	0	0
Ar36	33494.36994	0.6525229864	499859.3947	0	0
K42	39078.03462	0.1188809773	499870.3968	0	0
proton	938.272013	7.179144484	499863.2924	0	0
neutron	939.56536	1.023462504	499863.2924	0	0
Ne24	22344.79859	0.3356579395	499863.2924	0	0
K40	37216.53309	0.1283353337	499862.4941	0	0
proton	938.272013	8.392573943	499867.0941	0	0
proton	938.272013	3.006506774	499867.0941	0	0
neutron	939.56536	2.749672108	499867.0941	0	0
Cl37	34424.84314	0.5070628737	499867.0941	0	0
Na24	22341.82218	0.2085436989	499865.8952	0	0
neutron	939.56536	3.852442843	499856.8605	0	0
B11	10252.54787	0.3168991958	499856.8605	0	0
proton	938.272013	12.89563742	499862.4235	0	0
neutron	939.56536	3.246736167	499862.4235	0	0
neutron	939.56536	0.6011129168	499862.4235	0	0
Ar37	34425.14786	0.3665182832	499862.4235	0	0
neutron	939.56536	1.569302513	499861.4419	0	0
K39	36284.76737	0.06122403052	499861.4419	0	0
neutron	939.56536	9.458456726	499864.447	0	0
proton	938.272013	3.794376756	499864.447	0	0
neutron	939.56536	3.321052352	499864.447	0	0
neutron	939.56536	0.561134827	499864.447	0	0
alpha	3727.379	6.694452525	499864.447	0	0
S32	29773.62828	1.417459908	499864.447	0	0
neutron	939.56536	6.560293242	499862.3383	0	0
neutron	939.56536	3.762769381	499862.3383	0	0
proton	938.272013	0.8701020733	499862.3383	0	0
C13	12109.48242	1.658963225	499862.3383	0	0
neutron	939.56536	15.55867181	499867.2678	0	0
proton	938.272013	9.395708191	499867.2678	0	0
Ar38	35352.87471	0.09889997303	499867.2678	0	0
neutron	939.56536	16.76734427	499860.9015	0	0
neutron	939.56536	10.90241512	499860.9015	0	0
neutron	939.56536	1.230439743	499860.9015	0	0
Na23	21409.21625	0.1077462316	499860.9015	0	0
proton	938.272013	3.615802979	499860.8497	0	0
neutron	939.56536	1.324173773	499860.8497	0	0
Ar38	35352.87471	0.5222533411	499860.8497	0	0
proton	938.272013	5.714697241	499861.6917	0	0
neutron	939.56536	0.6476485516	499861.6917	0	0
triton	2808.921	5.586030191	499861.6917	0	0
alpha	3727.379	17.21505219	499861.6917	0	0
N15	13968.93638	3.738239903	499861.6917	0	0
K40	37216.53309	0.1415678663	499857.9961	0	0
neutron	939.56536	0.1252114766	499861.6673	0	0
K39	36284.76737	0.09030761986	499861.6673	0	0
K40	37216.53309	0.1263856491	499861.2939	0	0
K40	37216.53309	0.1410140303	499854.5373	0	0
neutron	939.56536	29.1144298	499862.9688	0	0
proton	938.272013	7.207875578	499862.9688	0	0
neutron	939.56536	0.5249528859	499862.9688	0	0
Ar37	34425.14786	1.052106956	499862.9688	0	0
neutron	939.56536	0.2205627039	499867.6434	0	0
K39	36284.76737	0.09126128726	499867.6434	0	0
neutron	939.56536	6.781995676	499871.0244	0	0
deuteron	1875.613	1.902858392	499871.0244	0	0
Ne21	19550.53637	0.1453320832	499871.0244	0	0
neutron	939.56536	0.3181432273	499862.691	0	0
K39	36284.76737	0.06905829847	499862.691	0	0
neutron	939.56536	3.584969069	499863.9916	0	0
N15	13968.93638	0.335277619	499863.9916	0	0
K40	37216.53309	0.1425488732	499863.6312	0	0
proton	938.272013	4.041646606	499870.7579	0	0
neutron	939.56536	1.216581367	499870.7579	0	0
Ne22	20479.73746	0.5476925896	499870.7579	0	0
Na24	22341.82218	0.2117307449	499865.7056	0	0
K40	37216.53309	0.1220017316	499866.6949	0	0
K40	37216.53309	0.1333774003	499865.6563	0	0
K40	37216.53309	0.1360172801	499865.9923	0	0
neutron	939.56536	0.0274863601	499864.4781	0	0
K39	36284.76737	0.1285079403	499864.4781	0	0
K40	37216.53309	0.140013105	499866.045	0	0
neutron	939.56536	0.7173608034	499872.4118	0	0
Na24	22341.82218	0.1210264618	499872.4118	0	0
neutron	939.56536	29.66044502	499861.6037	0	0
proton	938.272013	9.499635767	499861.6037	0	0
neutron	939.56536	5.30837603	499861.6037	0	0
Ar37	34425.14786	0.7848363487	499861.6037	0	0
deuteron	1875.613	5.584274532	499861.3994	0	0
C14	13040.87134	0.420494215	499861.3994	0	0
neutron	939.56536	0.1457512469	499863.7565	0	0
K39	36284.76737	0.1612898893	499863.7565	0	0
K40	37216.53309	0.1248527282	499864.5148	0	0
