Al28	26058.3	0.174868	99998.8	0	0
Na24	22341.8	0.181953	99998.7	0	0
proton	938.272	24.602	99998.7	0	0
neutron	939.565	5.21237	99998.7	0	0
neutron	939.565	0.737703	99998.7	0	0
Ne21	19550.5	1.35703	99998.7	0	0
Na24	22341.8	0.210632	99998.7	0	0
Na24	22341.8	0.20396	99998.7	0	0
neutron	939.565	8.56833	99998.8	0	0
neutron	939.565	7.34441	99998.8	0	0
deuteron	1875.61	5.39752	99998.8	0	0
alpha	3727.38	4.97543	99998.8	0	0
O16	14895.1	2.85097	99998.8	0	0
proton	938.272	18.9143	99998.7	0	0
proton	938.272	11.3862	99998.7	0	0
neutron	939.565	6.74835	99998.7	0	0
neutron	939.565	0.584972	99998.7	0	0
neutron	939.565	0.352145	99998.7	0	0
V51	47442.3	0.755192	99998.7	0	0
proton	938.272	10.0779	99998.8	0	0
neutron	939.565	4.99636	99998.8	0	0
neutron	939.565	2.57964	99998.8	0	0
neutron	939.565	0.800286	99998.8	0	0
Mg24	22335.8	1.24571	99998.8	0	0
neutron	939.565	13.9538	99998.9	0	0
neutron	939.565	5.44532	99998.9	0	0
proton	938.272	1.25736	99998.9	0	0
alpha	3727.38	17.4557	99998.9	0	0
Be9	8392.75	1.27016	99998.9	0	0
Na24	22341.8	0.198007	99998.8	0	0
neutron	939.565	4.8232	99998.8	0	0
proton	938.272	2.83315	99998.8	0	0
neutron	939.565	1.13102	99998.8	0	0
neutron	939.565	0.467009	99998.8	0	0
Ne20	18617.7	0.283765	99998.8	0	0
proton	938.272	16.1956	99998.8	0	0
neutron	939.565	2.78615	99998.8	0	0
neutron	939.565	1.84985	99998.8	0	0
C13	12109.5	2.07249	99998.8	0	0
Mn56	52094	0.0933449	99998.8	0	0
neutron	939.565	0.251017	99998.8	0	0
Mn53	49301.8	0.0841714	99998.8	0	0
Na24	22341.8	0.20783	99998.8	0	0
neutron	939.565	1.01288	99998.8	0	0
Mn55	51161.7	0.125925	99998.8	0	0
proton	938.272	18.0902	99998.8	0	0
neutron	939.565	2.36067	99998.8	0	0
neutron	939.565	1.96065	99998.8	0	0
neutron	939.565	1.202	99998.8	0	0
Ne20	18617.7	1.43817	99998.8	0	0
Na24	22341.8	0.170219	99998.9	0	0
proton	938.272	5.67961	99998.7	0	0
Mg27	25129.6	0.611428	99998.7	0	0
neutron	939.565	31.1169	99998.7	0	0
neutron	939.565	0.537697	99998.7	0	0
triton	2808.92	8.27478	99998.7	0	0
Ne21	19550.5	2.27887	99998.7	0	0
Al28	26058.3	0.17002	99998.7	0	0
neutron	939.565	8.14137	99998.8	0	0
neutron	939.565	3.39597	99998.8	0	0
Na22	20482.1	0.720184	99998.8	0	0
neutron	939.565	1.04275	99998.8	0	0
Al27	25126.5	0.263465	99998.8	0	0
proton	938.272	15.6754	99998.8	0	0
neutron	939.565	7.54277	99998.8	0	0
neutron	939.565	3.81025	99998.8	0	0
neutron	939.565	2.04721	99998.8	0	0
Ne20	18617.7	0.403671	99998.8	0	0
proton	938.272	3.32543	99998.8	0	0
neutron	939.565	2.61288	99998.8	0	0
Ne22	20479.7	0.224258	99998.8	0	0
Na25	23272.4	0.207481	99998.7	0	0
Na24	22341.8	0.193235	99998.7	0	0
neutron	939.565	4.91741	99998.9	0	0
Na23	21409.2	0.190183	99998.9	0	0
Na24	22341.8	0.216	99998.8	0	0
neutron	939.565	30.1109	99998.8	0	0
triton	2808.92	8.64914	99998.8	0	0
alpha	3727.38	9.56872	99998.8	0	0
O16	14895.1	1.65056	99998.8	0	0
proton	938.272	4.92132	99998.7	0	0
proton	938.272	4.5917	99998.7	0	0
neutron	939.565	3.49532	99998.7	0	0
Na25	23272.4	1.03602	99998.7	0	0
neutron	939.565	0.406091	99998.7	0	0
Al27	25126.5	0.158744	99998.7	0	0
neutron	939.565	0.153339	99998.8	0	0
Na23	21409.2	0.272805	99998.8	0	0
neutron	939.565	4.6706	99998.8	0	0
neutron	939.565	1.02561	99998.8	0	0
deuteron	1875.61	5.81076	99998.8	0	0
Mg24	22335.8	0.656403	99998.8	0	0
neutron	939.565	7.11251	99998.7	0	0
neutron	939.565	0.226955	99998.7	0	0
N14	13040.2	0.455777	99998.7	0	0
Na24	22341.8	0.205751	99998.8	0	0
neutron	939.565	4.97815	99998.8	0	0
proton	938.272	4.03351	99998.8	0	0
neutron	939.565	0.860604	99998.8	0	0
Mg25	23268	0.948444	99998.8	0	0
Na24	22341.8	0.214605	99998.8	0	0
N16	14906	0.292038	99998.9	0	0
Na24	22341.8	0.213628	99998.8	0	0
neutron	939.565	35.4749	99998.7	0	0
proton	938.272	7.89419	99998.7	0	0
neutron	939.565	3.15484	99998.7	0	0
C13	12109.5	1.34103	99998.7	0	0
neutron	939.565	0.911636	99998.8	0	0
Mn55	51161.7	0.115035	99998.8	0	0
proton	938.272	6.8503	99998.7	0	0
neutron	939.565	3.94074	99998.7	0	0
neutron	939.565	1.01925	99998.7	0	0
Ne21	19550.5	0.124763	99998.7	0	0
Al29	26988.5	0.180302	99998.8	0	0
neutron	939.565	0.0580545	99998.8	0	0
Al27	25126.5	0.166358	99998.8	0	0
Na24	22341.8	0.205895	99998.8	0	0
neutron	939.565	9.54146	99998.7	0	0
Na25	23272.4	0.189488	99998.7	0	0
neutron	939.565	8.29172	99998.8	0	0
triton	2808.92	4.82974	99998.8	0	0
C12	11174.9	1.23949	99998.8	0	0
neutron	939.565	13.9394	99998.8	0	0
proton	938.272	6.51687	99998.8	0	0
alpha	3727.38	5.24551	99998.8	0	0
O18	16762	4.09912	99998.8	0	0
neutron	939.565	6.75984	99998.8	0	0
proton	938.272	3.93649	99998.8	0	0
Ne22	20479.7	0.254093	99998.8	0	0
Na24	22341.8	0.202829	99998.7	0	0
Al28	26058.3	0.177376	99998.8	0	0
neutron	939.565	0.834647	99998.7	0	0
Al27	25126.5	0.271332	99998.7	0	0
Al28	26058.3	0.186675	99998.8	0	0
proton	938.272	25.3699	99998.8	0	0
neutron	939.565	6.52479	99998.8	0	0
proton	938.272	3.82716	99998.8	0	0
neutron	939.565	0.660651	99998.8	0	0
neutron	939.565	0.463794	99998.8	0	0
Na23	21409.2	1.12125	99998.8	0	0
proton	938.272	4.76268	99998.7	0	0
neutron	939.565	3.94882	99998.7	0	0
Mg26	24196.5	0.536919	99998.7	0	0
neutron	939.565	10.188	99998.8	0	0
neutron	939.565	8.26956	99998.8	0	0
proton	938.272	4.94405	99998.8	0	0
neutron	939.565	0.353266	99998.8	0	0
Ne20	18617.7	1.03786	99998.8	0	0
Na24	22341.8	0.211453	99998.8	0	0
Al28	26058.3	0.157965	99998.7	0	0
N16	14906	0.290803	99998.8	0	0
Mn56	52094	0.096287	99998.8	0	0
neutron	939.565	6.03838	99998.8	0	0
proton	938.272	3.93917	99998.8	0	0
neutron	939.565	0.175268	99998.8	0	0
Mg25	23268	0.287332	99998.8	0	0
Al28	26058.3	0.190272	99998.9	0	0
Al28	26058.3	0.181049	99998.7	0	0
proton	938.272	32.3359	99998.7	0	0
neutron	939.565	16.7368	99998.7	0	0
neutron	939.565	3.25992	99998.7	0	0
neutron	939.565	2.09255	99998.7	0	0
Ne22	20479.7	0.107795	99998.7	0	0
neutron	939.565	0.256314	99998.7	0	0
triton	2808.92	13.4131	99998.7	0	0
Ne20	18617.7	1.0971	99998.7	0	0
neutron	939.565	4.27881	99998.8	0	0
proton	938.272	3.30538	99998.8	0	0
neutron	939.565	1.93223	99998.8	0	0
Ne21	19550.5	0.802176	99998.8	0	0
proton	938.272	6.24607	99998.8	0	0
neutron	939.565	4.3388	99998.8	0	0
Cr54	50231.5	0.0570345	99998.8	0	0
Al28	26058.3	0.192211	99998.8	0	0
neutron	939.565	7.27361	99998.8	0	0
proton	938.272	4.69901	99998.8	0	0
neutron	939.565	3.10363	99998.8	0	0
neutron	939.565	2.75232	99998.8	0	0
alpha	3727.38	6.38503	99998.8	0	0
alpha	3727.38	9.29892	99998.8	0	0
C12	11174.9	1.90706	99998.8	0	0
neutron	939.565	12.5389	99998.7	0	0
neutron	939.565	1.30032	99998.7	0	0
Na22	20482.1	0.655331	99998.7	0	0
proton	938.272	3.63921	99998.7	0	0
neutron	939.565	1.81414	99998.7	0	0
neutron	939.565	1.74799	99998.7	0	0
C13	12109.5	0.491902	99998.7	0	0
Na24	22341.8	0.187951	99998.8	0	0
Mn56	52094	0.0847999	99998.8	0	0
Al28	26058.3	0.166088	99998.8	0	0
neutron	939.565	14.5546	99998.8	0	0
alpha	3727.38	6.71189	99998.8	0	0
B11	10252.5	1.8595	99998.8	0	0
N16	14906	0.296205	99998.8	0	0
proton	938.272	11.5022	99998.7	0	0
neutron	939.565	5.37076	99998.7	0	0
neutron	939.565	3.20523	99998.7	0	0
neutron	939.565	1.78055	99998.7	0	0
alpha	3727.38	3.93339	99998.7	0	0
O16	14895.1	3.43844	99998.7	0	0
Al28	26058.3	0.179845	99998.8	0	0
neutron	939.565	0.676383	99998.7	0	0
deuteron	1875.61	1.57275	99998.7	0	0
C13	12109.5	0.509083	99998.7	0	0
neutron	939.565	22.5875	99998.8	0	0
proton	938.272	9.19263	99998.8	0	0
proton	938.272	6.67087	99998.8	0	0
neutron	939.565	1.07757	99998.8	0	0
neutron	939.565	0.702705	99998.8	0	0
B11	10252.5	0.197374	99998.8	0	0
proton	938.272	10.4449	99998.7	0	0
neutron	939.565	8.21368	99998.7	0	0
neutron	939.565	4.11409	99998.7	0	0
neutron	939.565	2.63363	99998.7	0	0
Ne20	18617.7	1.3086	99998.7	0	0
neutron	939.565	12.5627	99998.7	0	0
neutron	939.565	6.88187	99998.7	0	0
deuteron	1875.61	2.6528	99998.7	0	0
alpha	3727.38	8.21757	99998.7	0	0
alpha	3727.38	6.60507	99998.7	0	0
C12	11174.9	6.38561	99998.7	0	0
Na25	23272.4	0.218363	99998.8	0	0
Al28	26058.3	0.174998	99998.8	0	0
neutron	939.565	2.34755	99998.7	0	0
neutron	939.565	0.404806	99998.7	0	0
Na22	20482.1	0.467185	99998.7	0	0
proton	938.272	24.5856	99998.8	0	0
neutron	939.565	4.32456	99998.8	0	0
neutron	939.565	3.77404	99998.8	0	0
neutron	939.565	2.96854	99998.8	0	0
alpha	3727.38	7.00064	99998.8	0	0
alpha	3727.38	7.63015	99998.8	0	0
alpha	3727.38	0.802787	99998.8	0	0
proton	938.272	17.6338	99998.9	0	0
neutron	939.565	12.3045	99998.9	0	0
neutron	939.565	4.25144	99998.9	0	0
neutron	939.565	0.980745	99998.9	0	0
C12	11174.9	0.168029	99998.9	0	0
neutron	939.565	5.01789	99998.8	0	0
proton	938.272	3.37708	99998.8	0	0
Mg26	24196.5	0.33057	99998.8	0	0
Mn56	52094	0.0835526	99998.8	0	0
neutron	939.565	0.128198	99998.7	0	0
Na23	21409.2	0.173913	99998.7	0	0
neutron	939.565	6.76154	99998.8	0	0
neutron	939.565	2.70122	99998.8	0	0
proton	938.272	2.54084	99998.8	0	0
Ne22	20479.7	0.451699	99998.8	0	0
Na26	24206.4	0.166774	99998.7	0	0
Mn56	52094	0.0915527	99998.7	0	0
proton	938.272	8.40196	99998.8	0	0
neutron	939.565	2.19285	99998.8	0	0
Ne22	20479.7	1.00444	99998.8	0	0
neutron	939.565	2.17909	99998.8	0	0
neutron	939.565	1.56532	99998.8	0	0
deuteron	1875.61	5.56292	99998.8	0	0
Ne20	18617.7	0.749015	99998.8	0	0
Al28	26058.3	0.18966	99998.8	0	0
Mn56	52094	0.0900276	99998.8	0	0
Al28	26058.3	0.189984	99998.7	0	0
neutron	939.565	27.1553	99998.7	0	0
neutron	939.565	4.00446	99998.7	0	0
proton	938.272	3.27688	99998.7	0	0
neutron	939.565	0.770842	99998.7	0	0
Ne21	19550.5	0.995113	99998.7	0	0
Na25	23272.4	0.187552	99998.8	0	0
neutron	939.565	0.476411	99998.7	0	0
Na23	21409.2	0.0865142	99998.7	0	0
Na24	22341.8	0.218758	99998.9	0	0
Na24	22341.8	0.198069	99998.8	0	0
Na26	24206.4	0.178309	99998.8	0	0
neutron	939.565	1.25106	99998.9	0	0
Al27	25126.5	0.155347	99998.9	0	0
Na24	22341.8	0.219741	99998.8	0	0
N16	14906	0.297454	99998.8	0	0
neutron	939.565	14.9627	99998.8	0	0
neutron	939.565	5.05319	99998.8	0	0
proton	938.272	4.13891	99998.8	0	0
neutron	939.565	0.7932	99998.8	0	0
Ne20	18617.7	1.58054	99998.8	0	0
Al29	26988.5	0.188724	99998.9	0	0
Al28	26058.3	0.180143	99998.8	0	0
Na26	24206.4	0.185467	99998.7	0	0
neutron	939.565	0.856302	99998.7	0	0
Al27	25126.5	0.116468	99998.7	0	0
neutron	939.565	5.61404	99998.8	0	0
Al27	25126.5	0.625046	99998.8	0	0
Al28	26058.3	0.160013	99998.8	0	0
proton	938.272	2.20422	99998.8	0	0
neutron	939.565	1.00785	99998.8	0	0
Mg26	24196.5	0.318378	99998.8	0	0
Mn56	52094	0.0951319	99998.8	0	0
Al28	26058.3	0.180507	99998.7	0	0
Na24	22341.8	0.200518	99998.8	0	0
Na24	22341.8	0.194737	99998.8	0	0
Mn56	52094	0.0880672	99998.7	0	0
neutron	939.565	1.19655	99998.8	0	0
Na23	21409.2	0.15609	99998.8	0	0
neutron	939.565	2.45693	99998.8	0	0
N15	13968.9	0.0184903	99998.8	0	0
neutron	939.565	0.654833	99998.8	0	0
Al27	25126.5	0.0692251	99998.8	0	0
Na24	22341.8	0.186122	99998.7	0	0
Al28	26058.3	0.19043	99998.8	0	0
Na26	24206.4	0.174379	99998.7	0	0
proton	938.272	7.99868	99998.8	0	0
neutron	939.565	7.64585	99998.8	0	0
neutron	939.565	0.886028	99998.8	0	0
C13	12109.5	3.28851	99998.8	0	0
proton	938.272	36.2905	99998.7	0	0
neutron	939.565	30.5563	99998.7	0	0
neutron	939.565	0.113712	99998.7	0	0
Ne22	20479.7	0.627653	99998.7	0	0
Na24	22341.8	0.180147	99998.8	0	0
Na24	22341.8	0.21533	99998.8	0	0
Mn56	52094	0.096649	99998.8	0	0
neutron	939.565	4.72002	99998.7	0	0
Na23	21409.2	0.48984	99998.7	0	0
proton	938.272	26.1395	99998.7	0	0
neutron	939.565	2.80943	99998.7	0	0
neutron	939.565	2.21864	99998.7	0	0
C13	12109.5	2.29278	99998.7	0	0
Na24	22341.8	0.201637	99998.8	0	0
Al28	26058.3	0.18416	99998.7	0	0
N16	14906	0.274328	99998.8	0	0
neutron	939.565	5.63113	99998.7	0	0
Al27	25126.5	0.353827	99998.7	0	0
proton	938.272	9.16156	99998.8	0	0
neutron	939.565	5.28522	99998.8	0	0
neutron	939.565	5.21123	99998.8	0	0
proton	938.272	4.26442	99998.8	0	0
neutron	939.565	2.91515	99998.8	0	0
V51	47442.3	0.386504	99998.8	0	0
neutron	939.565	11.5637	99998.8	0	0
proton	938.272	4.5358	99998.8	0	0
Ne22	20479.7	1.80362	99998.8	0	0
Na25	23272.4	0.216238	99998.8	0	0
neutron	939.565	0.632124	99998.8	0	0
Al27	25126.5	0.129026	99998.8	0	0
neutron	939.565	0.473075	99998.8	0	0
N15	13968.9	0.366442	99998.8	0	0
Al28	26058.3	0.167079	99998.7	0	0
proton	938.272	9.69125	99998.8	0	0
proton	938.272	3.64255	99998.8	0	0
neutron	939.565	1.97713	99998.8	0	0
neutron	939.565	1.36942	99998.8	0	0
neutron	939.565	1.26226	99998.8	0	0
neutron	939.565	1.0816	99998.8	0	0
neutron	939.565	1.07031	99998.8	0	0
V49	45583.5	0.887801	99998.8	0	0
Na25	23272.4	0.167578	99998.7	0	0
neutron	939.565	0.560251	99998.9	0	0
Al27	25126.5	0.0837349	99998.9	0	0
Na24	22341.8	0.197518	99998.8	0	0
neutron	939.565	7.80316	99998.8	0	0
neutron	939.565	4.29687	99998.8	0	0
neutron	939.565	3.64195	99998.8	0	0
Na23	21409.2	1.2366	99998.8	0	0
Na24	22341.8	0.211796	99998.8	0	0
neutron	939.565	1.12685	99998.7	0	0
Mn55	51161.7	0.160486	99998.7	0	0
proton	938.272	10.0721	99998.7	0	0
neutron	939.565	6.86954	99998.7	0	0
neutron	939.565	2.81368	99998.7	0	0
C13	12109.5	0.220297	99998.7	0	0
neutron	939.565	0.254348	99998.8	0	0
Al27	25126.5	0.161216	99998.8	0	0
proton	938.272	9.71691	99998.7	0	0
neutron	939.565	6.57166	99998.7	0	0
neutron	939.565	0.389995	99998.7	0	0
Ne21	19550.5	0.788849	99998.7	0	0
proton	938.272	11.0403	99998.8	0	0
neutron	939.565	5.01935	99998.8	0	0
neutron	939.565	1.35785	99998.8	0	0
neutron	939.565	0.147849	99998.8	0	0
Ne20	18617.7	1.281	99998.8	0	0
Al29	26988.5	0.186662	99998.8	0	0
Al28	26058.3	0.188964	99998.7	0	0
Na24	22341.8	0.215729	99998.7	0	0
neutron	939.565	12.3284	99998.8	0	0
proton	938.272	5.27217	99998.8	0	0
neutron	939.565	0.884514	99998.8	0	0
Mg27	25129.6	0.928762	99998.8	0	0
neutron	939.565	3.06684	99998.8	0	0
Al27	25126.5	0.281006	99998.8	0	0
proton	938.272	4.06686	99998.8	0	0
neutron	939.565	3.23598	99998.8	0	0
neutron	939.565	2.37509	99998.8	0	0
neutron	939.565	1.79329	99998.8	0	0
alpha	3727.38	3.65553	99998.8	0	0
O16	14895.1	2.1959	99998.8	0	0
Na25	23272.4	0.178607	99998.8	0	0
proton	938.272	12.7524	99998.8	0	0
neutron	939.565	8.86251	99998.8	0	0
C14	13040.9	0.865145	99998.8	0	0
Al28	26058.3	0.182864	99998.8	0	0
neutron	939.565	7.08479	99998.8	0	0
neutron	939.565	5.68329	99998.8	0	0
proton	938.272	5.60612	99998.8	0	0
Mg25	23268	0.933141	99998.8	0	0
neutron	939.565	0.291038	99998.9	0	0
N15	13968.9	0.349141	99998.9	0	0
neutron	939.565	19.8408	99998.7	0	0
neutron	939.565	0.0930514	99998.7	0	0
Na23	21409.2	1.42967	99998.7	0	0
N16	14906	0.270668	99998.8	0	0
proton	938.272	5.24405	99998.8	0	0
neutron	939.565	0.889832	99998.8	0	0
neutron	939.565	0.521538	99998.8	0	0
Ne21	19550.5	0.575405	99998.8	0	0
neutron	939.565	0.307585	99998.7	0	0
Al27	25126.5	0.251269	99998.7	0	0
neutron	939.565	11.9393	99998.6	0	0
neutron	939.565	4.09634	99998.6	0	0
neutron	939.565	3.29997	99998.6	0	0
proton	938.272	1.39376	99998.6	0	0
Ne20	18617.7	1.47098	99998.6	0	0
neutron	939.565	0.310352	99998.7	0	0
neutron	939.565	0.164971	99998.7	0	0
deuteron	1875.61	4.96725	99998.7	0	0
Mg24	22335.8	0.515447	99998.7	0	0
Na26	24206.4	0.179693	99998.8	0	0
neutron	939.565	5.25769	99998.7	0	0
neutron	939.565	0.883608	99998.7	0	0
deuteron	1875.61	7.02219	99998.7	0	0
Ne20	18617.7	1.38779	99998.7	0	0
Na25	23272.4	0.18575	99998.9	0	0
Mn56	52094	0.0973267	99998.7	0	0
Na24	22341.8	0.214128	99998.8	0	0
proton	938.272	12.5276	99998.8	0	0
neutron	939.565	2.8959	99998.8	0	0
neutron	939.565	2.13465	99998.8	0	0
neutron	939.565	0.887714	99998.8	0	0
Ne20	18617.7	1.46033	99998.8	0	0
neutron	939.565	6.1936	99998.8	0	0
neutron	939.565	2.71539	99998.8	0	0
deuteron	1875.61	5.96873	99998.8	0	0
C12	11174.9	0.97185	99998.8	0	0
Na26	24206.4	0.177122	99998.8	0	0
neutron	939.565	6.89942	99998.7	0	0
triton	2808.92	11.5204	99998.7	0	0
C12	11174.9	1.63174	99998.7	0	0
proton	938.272	3.66194	99998.8	0	0
neutron	939.565	3.6223	99998.8	0	0
Ne22	20479.7	0.0841773	99998.8	0	0
neutron	939.565	7.5592	99998.8	0	0
neutron	939.565	1.96815	99998.8	0	0
neutron	939.565	1.10822	99998.8	0	0
Na23	21409.2	0.726777	99998.8	0	0
Al28	26058.3	0.184885	99998.8	0	0
Al28	26058.3	0.179136	99998.8	0	0
neutron	939.565	2.84901	99998.8	0	0
Mn55	51161.7	0.14355	99998.8	0	0
Mn56	52094	0.0895669	99998.8	0	0
neutron	939.565	4.28954	99998.7	0	0
neutron	939.565	2.27381	99998.7	0	0
deuteron	1875.61	7.35174	99998.7	0	0
Ne20	18617.7	0.630413	99998.7	0	0
proton	938.272	2.49792	99998.7	0	0
neutron	939.565	0.436639	99998.7	0	0
Mg26	24196.5	0.145352	99998.7	0	0
neutron	939.565	48.4663	99998.7	0	0
proton	938.272	5.323	99998.7	0	0
neutron	939.565	4.80298	99998.7	0	0
Ne21	19550.5	2.48538	99998.7	0	0
Na24	22341.8	0.207231	99998.9	0	0
proton	938.272	14.1804	99998.8	0	0
neutron	939.565	8.19185	99998.8	0	0
neutron	939.565	5.45559	99998.8	0	0
neutron	939.565	1.04956	99998.8	0	0
C12	11174.9	2.39922	99998.8	0	0
proton	938.272	8.31932	99998.7	0	0
neutron	939.565	6.40681	99998.7	0	0
neutron	939.565	1.89385	99998.7	0	0
Ne22	20479.7	0.512707	99998.7	0	0
neutron	939.565	14.0915	99998.8	0	0
neutron	939.565	4.89799	99998.8	0	0
deuteron	1875.61	5.25808	99998.8	0	0
C12	11174.9	1.30123	99998.8	0	0
neutron	939.565	4.05733	99998.8	0	0
neutron	939.565	1.40618	99998.8	0	0
deuteron	1875.61	3.84148	99998.8	0	0
alpha	3727.38	6.7421	99998.8	0	0
Be8	7454.85	6.69572	99998.8	0	0
neutron	939.565	17.4738	99998.7	0	0
neutron	939.565	9.02376	99998.7	0	0
proton	938.272	8.76234	99998.7	0	0
C13	12109.5	2.55351	99998.7	0	0
neutron	939.565	0.147583	99998.8	0	0
Mn55	51161.7	0.0942502	99998.8	0	0
neutron	939.565	6.04015	99998.8	0	0
Na23	21409.2	0.101096	99998.8	0	0
neutron	939.565	34.3963	99998.8	0	0
neutron	939.565	4.97152	99998.8	0	0
proton	938.272	4.79894	99998.8	0	0
neutron	939.565	1.92075	99998.8	0	0
Mg24	22335.8	1.60696	99998.8	0	0
neutron	939.565	11.9703	99998.8	0	0
proton	938.272	5.0824	99998.8	0	0
neutron	939.565	1.67405	99998.8	0	0
neutron	939.565	0.552095	99998.8	0	0
Ne20	18617.7	0.196834	99998.8	0	0
Na24	22341.8	0.214388	99998.7	0	0
neutron	939.565	0.161047	99998.8	0	0
deuteron	1875.61	2.47756	99998.8	0	0
C13	12109.5	0.987371	99998.8	0	0
Na24	22341.8	0.197699	99998.8	0	0
neutron	939.565	1.0995	99998.8	0	0
Na23	21409.2	0.112637	99998.8	0	0
neutron	939.565	7.70164	99998.7	0	0
proton	938.272	3.3561	99998.7	0	0
Ne22	20479.7	0.0620921	99998.7	0	0
Na24	22341.8	0.193301	99998.9	0	0
Na24	22341.8	0.198104	99998.8	0	0
Al28	26058.3	0.178087	99998.8	0	0
neutron	939.565	3.82341	99998.8	0	0
Na23	21409.2	0.51344	99998.8	0	0
Al28	26058.3	0.189093	99998.7	0	0
neutron	939.565	3.41978	99998.8	0	0
N15	13968.9	0.676655	99998.8	0	0
neutron	939.565	10.9988	99998.7	0	0
neutron	939.565	7.51824	99998.7	0	0
N14	13040.2	0.417122	99998.7	0	0
proton	938.272	27.11	99998.7	0	0
neutron	939.565	0.794799	99998.7	0	0
C14	13040.9	2.59649	99998.7	0	0
neutron	939.565	5.72442	99998.7	0	0
Na23	21409.2	0.671559	99998.7	0	0
Na24	22341.8	0.188056	99998.7	0	0
Na24	22341.8	0.216138	99998.7	0	0
neutron	939.565	4.75634	99998.8	0	0
neutron	939.565	0.413674	99998.8	0	0
deuteron	1875.61	10.2617	99998.8	0	0
C12	11174.9	4.32701	99998.8	0	0
neutron	939.565	30.9835	99998.8	0	0
neutron	939.565	20.2337	99998.8	0	0
Al27	25126.5	0.354093	99998.8	0	0
neutron	939.565	35.2982	99998.8	0	0
proton	938.272	4.13877	99998.8	0	0
Ne22	20479.7	1.51018	99998.8	0	0
proton	938.272	4.21699	99998.7	0	0
neutron	939.565	1.25977	99998.7	0	0
neutron	939.565	0.836485	99998.7	0	0
Ne21	19550.5	0.0624282	99998.7	0	0
Al28	26058.3	0.175437	99998.8	0	0
proton	938.272	35.8508	99998.8	0	0
neutron	939.565	25.1247	99998.8	0	0
neutron	939.565	0.322853	99998.8	0	0
C13	12109.5	3.07056	99998.8	0	0
neutron	939.565	14.4318	99998.7	0	0
proton	938.272	7.81076	99998.7	0	0
neutron	939.565	3.99031	99998.7	0	0
neutron	939.565	0.806024	99998.7	0	0
alpha	3727.38	4.61917	99998.7	0	0
O16	14895.1	2.09922	99998.7	0	0
proton	938.272	22.1565	99998.8	0	0
neutron	939.565	11.8413	99998.8	0	0
neutron	939.565	2.44342	99998.8	0	0
Ne21	19550.5	0.140304	99998.8	0	0
N16	14906	0.278245	99998.9	0	0
neutron	939.565	3.996	99998.8	0	0
neutron	939.565	2.10316	99998.8	0	0
neutron	939.565	1.74944	99998.8	0	0
Na23	21409.2	0.936527	99998.8	0	0
neutron	939.565	8.46786	99998.8	0	0
neutron	939.565	2.24208	99998.8	0	0
proton	938.272	2.22267	99998.8	0	0
Ne21	19550.5	0.408788	99998.8	0	0
Al28	26058.3	0.188904	99998.8	0	0
neutron	939.565	3.35734	99998.7	0	0
neutron	939.565	1.48149	99998.7	0	0
deuteron	1875.61	6.55929	99998.7	0	0
Ne20	18617.7	0.766493	99998.7	0	0
Al28	26058.3	0.189386	99998.8	0	0
Al28	26058.3	0.18576	99998.8	0	0
Al28	26058.3	0.186182	99998.7	0	0
Al28	26058.3	0.172206	99998.8	0	0
neutron	939.565	0.438783	99998.8	0	0
Na23	21409.2	0.192414	99998.8	0	0
Na26	24206.4	0.181569	99998.8	0	0
Al28	26058.3	0.181446	99998.9	0	0
Na24	22341.8	0.208938	99998.8	0	0
Al28	26058.3	0.167054	99998.8	0	0
neutron	939.565	0.755614	99998.8	0	0
Na23	21409.2	0.080068	99998.8	0	0
Al28	26058.3	0.184118	99998.8	0	0
N16	14906	0.283479	99998.8	0	0
neutron	939.565	1.08779	99998.8	0	0
Al27	25126.5	0.237026	99998.8	0	0
Al28	26058.3	0.189422	99998.8	0	0
neutron	939.565	1.14516	99998.8	0	0
Na23	21409.2	0.25357	99998.8	0	0
Al28	26058.3	0.187038	99998.8	0	0
proton	938.272	11.3263	99998.7	0	0
neutron	939.565	7.49459	99998.7	0	0
neutron	939.565	0.879217	99998.7	0	0
Ne22	20479.7	1.87898	99998.7	0	0
proton	938.272	3.81004	99998.8	0	0
neutron	939.565	2.24965	99998.8	0	0
neutron	939.565	0.599697	99998.8	0	0
neutron	939.565	0.409474	99998.8	0	0
Mg24	22335.8	0.109745	99998.8	0	0
neutron	939.565	6.07583	99998.7	0	0
proton	938.272	3.25806	99998.7	0	0
Ne22	20479.7	1.36152	99998.7	0	0
neutron	939.565	0.336263	99998.8	0	0
N15	13968.9	0.356706	99998.8	0	0
Na25	23272.4	0.215995	99998.8	0	0
Na25	23272.4	0.201855	99998.7	0	0
proton	938.272	4.64075	99998.7	0	0
neutron	939.565	3.10374	99998.7	0	0
neutron	939.565	0.454149	99998.7	0	0
Mg25	23268	0.0802612	99998.7	0	0
Na24	22341.8	0.202289	99998.9	0	0
Na26	24206.4	0.184962	99998.8	0	0
N16	14906	0.296058	99998.8	0	0
Al28	26058.3	0.179057	99998.8	0	0
neutron	939.565	1.87497	99998.8	0	0
proton	938.272	1.81241	99998.8	0	0
Ne22	20479.7	0.230691	99998.8	0	0
neutron	939.565	0.0397027	99998.7	0	0
Na24	22341.8	0.205226	99998.7	0	0
deuteron	1875.61	4.01592	99998.8	0	0
Ne22	20479.7	0.584509	99998.8	0	0
neutron	939.565	22.1748	99998.8	0	0
neutron	939.565	0.140284	99998.8	0	0
Na23	21409.2	0.600751	99998.8	0	0
neutron	939.565	0.488928	99998.8	0	0
Al27	25126.5	0.211876	99998.8	0	0
neutron	939.565	11.7114	99998.8	0	0
neutron	939.565	7.82971	99998.8	0	0
neutron	939.565	6.77192	99998.8	0	0
proton	938.272	5.61709	99998.8	0	0
neutron	939.565	0.483827	99998.8	0	0
Ne21	19550.5	0.836103	99998.8	0	0
proton	938.272	40.536	99998.8	0	0
neutron	939.565	10.0627	99998.8	0	0
neutron	939.565	8.94377	99998.8	0	0
neutron	939.565	0.464193	99998.8	0	0
C12	11174.9	3.66308	99998.8	0	0
neutron	939.565	33.8929	99998.8	0	0
neutron	939.565	1.65468	99998.8	0	0
Al27	25126.5	0.814167	99998.8	0	0
neutron	939.565	4.50432	99998.8	0	0
proton	938.272	2.18316	99998.8	0	0
neutron	939.565	1.07015	99998.8	0	0
Mg25	23268	0.380704	99998.8	0	0
neutron	939.565	8.62937	99998.8	0	0
neutron	939.565	8.42913	99998.8	0	0
deuteron	1875.61	11.6613	99998.8	0	0
alpha	3727.38	6.82878	99998.8	0	0
Be8	7454.85	3.3213	99998.8	0	0
proton	938.272	10.6203	99998.8	0	0
neutron	939.565	8.93645	99998.8	0	0
neutron	939.565	0.982439	99998.8	0	0
Ne21	19550.5	0.98739	99998.8	0	0
Al28	26058.3	0.159583	99998.8	0	0
proton	938.272	12.5717	99998.8	0	0
neutron	939.565	4.62443	99998.8	0	0
C14	13040.9	1.20038	99998.8	0	0
neutron	939.565	27.8799	99998.7	0	0
neutron	939.565	3.77416	99998.7	0	0
proton	938.272	3.13375	99998.7	0	0
Ne21	19550.5	1.14935	99998.7	0	0
neutron	939.565	43.5867	99998.7	0	0
neutron	939.565	5.43225	99998.7	0	0
proton	938.272	1.49068	99998.7	0	0
neutron	939.565	0.89097	99998.7	0	0
C12	11174.9	4.97009	99998.7	0	0
Al28	26058.3	0.185757	99998.7	0	0
neutron	939.565	10.7472	99998.8	0	0
neutron	939.565	3.81932	99998.8	0	0
proton	938.272	2.80187	99998.8	0	0
neutron	939.565	1.00573	99998.8	0	0
neutron	939.565	0.827263	99998.8	0	0
Ne21	19550.5	0.363522	99998.8	0	0
neutron	939.565	1.60499	99998.8	0	0
alpha	3727.38	4.82795	99998.8	0	0
alpha	3727.38	3.60179	99998.8	0	0
N15	13968.9	2.47534	99998.8	0	0
neutron	939.565	4.50546	99998.8	0	0
neutron	939.565	1.04583	99998.8	0	0
Na24	22341.8	0.0140202	99998.8	0	0
Na25	23272.4	0.210778	99998.8	0	0
Al28	26058.3	0.172858	99998.8	0	0
neutron	939.565	0.289668	99998.8	0	0
Na23	21409.2	0.222868	99998.8	0	0
neutron	939.565	1.5518	99998.8	0	0
Al27	25126.5	0.28062	99998.8	0	0
Na24	22341.8	0.182602	99998.8	0	0
Al28	26058.3	0.18368	99998.8	0	0
neutron	939.565	17.4648	99998.8	0	0
proton	938.272	2.95329	99998.8	0	0
Ne22	20479.7	0.587807	99998.8	0	0
neutron	939.565	0.112156	99998.8	0	0
Na23	21409.2	0.143562	99998.8	0	0
Al28	26058.3	0.183857	99998.7	0	0
neutron	939.565	9.55128	99998.8	0	0
neutron	939.565	1.30546	99998.8	0	0
N14	13040.2	0.276871	99998.8	0	0
deuteron	1875.61	6.66622	99998.7	0	0
Mg26	24196.5	1.13466	99998.7	0	0
neutron	939.565	9.97319	99998.7	0	0
proton	938.272	6.94751	99998.7	0	0
neutron	939.565	1.17185	99998.7	0	0
alpha	3727.38	13.5284	99998.7	0	0
O17	15830.5	5.0713	99998.7	0	0
Al28	26058.3	0.188998	99998.9	0	0
Na24	22341.8	0.196174	99998.7	0	0
Na24	22341.8	0.206489	99998.7	0	0
Al28	26058.3	0.173184	99998.8	0	0
neutron	939.565	12.4541	99998.8	0	0
proton	938.272	7.49256	99998.8	0	0
neutron	939.565	1.59081	99998.8	0	0
neutron	939.565	1.20827	99998.8	0	0
C12	11174.9	0.611352	99998.8	0	0
neutron	939.565	24.834	99998.8	0	0
proton	938.272	10.8094	99998.8	0	0
neutron	939.565	7.14833	99998.8	0	0
neutron	939.565	2.78437	99998.8	0	0
neutron	939.565	1.18035	99998.8	0	0
Cr51	47442.5	0.264922	99998.8	0	0
proton	938.272	8.96784	99998.8	0	0
neutron	939.565	4.60585	99998.8	0	0
neutron	939.565	2.64404	99998.8	0	0
deuteron	1875.61	7.31062	99998.8	0	0
Na23	21409.2	1.04311	99998.8	0	0
neutron	939.565	0.956196	99998.7	0	0
Na24	22341.8	0.347219	99998.7	0	0
neutron	939.565	0.483508	99998.8	0	0
Mn56	52094	0.129594	99998.8	0	0
neutron	939.565	2.41908	99998.8	0	0
neutron	939.565	2.39	99998.8	0	0
Al26	24200	0.434831	99998.8	0	0
proton	938.272	28.9848	99998.8	0	0
neutron	939.565	7.02785	99998.8	0	0
Ne24	22344.8	0.538756	99998.8	0	0
neutron	939.565	17.1335	99998.8	0	0
neutron	939.565	3.73871	99998.8	0	0
proton	938.272	1.42759	99998.8	0	0
C13	12109.5	3.99267	99998.8	0	0
proton	938.272	8.51319	99998.7	0	0
neutron	939.565	7.70844	99998.7	0	0
neutron	939.565	2.24918	99998.7	0	0
Ne21	19550.5	0.0567044	99998.7	0	0
Al28	26058.3	0.171676	99998.7	0	0
Mn57	53024.9	0.0905137	99998.8	0	0
neutron	939.565	0.816978	99998.8	0	0
Mn55	51161.7	0.152407	99998.8	0	0
neutron	939.565	7.61832	99998.8	0	0
proton	938.272	1.78021	99998.8	0	0
neutron	939.565	1.24343	99998.8	0	0
C13	12109.5	1.06288	99998.8	0	0
proton	938.272	4.18211	99998.8	0	0
proton	938.272	3.18453	99998.8	0	0
neutron	939.565	2.60006	99998.8	0	0
alpha	3727.38	4.83361	99998.8	0	0
F21	19556.7	0.899521	99998.8	0	0
neutron	939.565	9.17728	99998.8	0	0
proton	938.272	4.17995	99998.8	0	0
neutron	939.565	3.37413	99998.8	0	0
C13	12109.5	2.19166	99998.8	0	0
neutron	939.565	3.48237	99998.8	0	0
N15	13968.9	0.946485	99998.8	0	0
proton	938.272	6.9114	99998.8	0	0
neutron	939.565	1.19866	99998.8	0	0
Mg26	24196.5	0.509811	99998.8	0	0
Al28	26058.3	0.182286	99998.8	0	0
neutron	939.565	0.642742	99998.7	0	0
Na23	21409.2	0.0978254	99998.7	0	0
Al28	26058.3	0.181866	99998.8	0	0
Al29	26988.5	0.160797	99998.8	0	0
neutron	939.565	16.1449	99998.8	0	0
proton	938.272	4.56786	99998.8	0	0
neutron	939.565	2.12209	99998.8	0	0
deuteron	1875.61	4.39499	99998.8	0	0
Na23	21409.2	1.13701	99998.8	0	0
Al28	26058.3	0.165569	99998.8	0	0
proton	938.272	11.8887	99998.8	0	0
neutron	939.565	8.44729	99998.8	0	0
neutron	939.565	7.33361	99998.8	0	0
neutron	939.565	3.69099	99998.8	0	0
Mg26	24196.5	2.57915	99998.8	0	0
neutron	939.565	3.34985	99998.8	0	0
Al27	25126.5	0.308732	99998.8	0	0
neutron	939.565	8.97984	99998.8	0	0
N15	13968.9	0.566948	99998.8	0	0
neutron	939.565	0.488778	99998.8	0	0
Al27	25126.5	0.0849472	99998.8	0	0
proton	938.272	6.59121	99998.8	0	0
neutron	939.565	5.68042	99998.8	0	0
neutron	939.565	0.833093	99998.8	0	0
neutron	939.565	0.627037	99998.8	0	0
Ne20	18617.7	0.173944	99998.8	0	0
neutron	939.565	5.88501	99998.8	0	0
neutron	939.565	5.14252	99998.8	0	0
neutron	939.565	0.942909	99998.8	0	0
Na23	21409.2	0.429987	99998.8	0	0
Al29	26988.5	0.138839	99998.8	0	0
Na24	22341.8	0.21688	99998.8	0	0
Mn54	50232.4	0.101169	99998.8	0	0
neutron	939.565	3.39116	99998.8	0	0
neutron	939.565	0.537081	99998.8	0	0
Mn54	50232.4	0.203724	99998.8	0	0
Al28	26058.3	0.182277	99998.8	0	0
neutron	939.565	3.74939	99998.7	0	0
neutron	939.565	0.47078	99998.7	0	0
N14	13040.2	0.629299	99998.7	0	0
neutron	939.565	5.29108	99998.8	0	0
proton	938.272	5.27723	99998.8	0	0
neutron	939.565	0.410192	99998.8	0	0
C13	12109.5	0.670703	99998.8	0	0
Na24	22341.8	0.219277	99998.8	0	0
neutron	939.565	2.93809	99998.8	0	0
neutron	939.565	2.14904	99998.8	0	0
deuteron	1875.61	3.89956	99998.8	0	0
C12	11174.9	0.250261	99998.8	0	0
Na24	22341.8	0.194966	99998.7	0	0
Al28	26058.3	0.191051	99998.8	0	0
proton	938.272	4.20615	99998.7	0	0
neutron	939.565	3.66793	99998.7	0	0
neutron	939.565	2.67095	99998.7	0	0
neutron	939.565	0.564158	99998.7	0	0
Ne21	19550.5	0.302984	99998.7	0	0
neutron	939.565	4.44522	99998.8	0	0
neutron	939.565	0.531294	99998.8	0	0
Na22	20482.1	0.249377	99998.8	0	0
neutron	939.565	1.21112	99998.8	0	0
Al27	25126.5	0.0620613	99998.8	0	0
neutron	939.565	2.98532	99998.7	0	0
proton	938.272	2.36493	99998.7	0	0
Mg26	24196.5	0.310413	99998.7	0	0
neutron	939.565	0.0199424	99998.7	0	0
Al27	25126.5	0.174867	99998.7	0	0
neutron	939.565	10.2741	99998.9	0	0
proton	938.272	7.48081	99998.9	0	0
Ne22	20479.7	0.981049	99998.9	0	0
neutron	939.565	0.160043	99999	0	0
Na23	21409.2	0.219626	99999	0	0
neutron	939.565	3.35696	99998.7	0	0
proton	938.272	3.15639	99998.7	0	0
Ne22	20479.7	0.732152	99998.7	0	0
neutron	939.565	12.1732	99998.8	0	0
proton	938.272	7.00143	99998.8	0	0
neutron	939.565	5.29205	99998.8	0	0
neutron	939.565	2.00744	99998.8	0	0
proton	938.272	1.7091	99998.8	0	0
alpha	3727.38	3.47742	99998.8	0	0
triton	2808.92	0.343583	99998.8	0	0
alpha	3727.38	6.77258	99998.8	0	0
neutron	939.565	22.0946	99998.7	0	0
neutron	939.565	0.0330756	99998.7	0	0
N14	13040.2	0.999896	99998.7	0	0
Na24	22341.8	0.20008	99998.8	0	0
neutron	939.565	3.48588	99998.7	0	0
proton	938.272	1.70284	99998.7	0	0
Ne22	20479.7	0.409709	99998.7	0	0
Na24	22341.8	0.204361	99998.9	0	0
neutron	939.565	0.892799	99998.8	0	0
Al27	25126.5	0.248188	99998.8	0	0
Na24	22341.8	0.201327	99998.7	0	0
Na24	22341.8	0.183787	99998.8	0	0
neutron	939.565	10.8226	99998.8	0	0
proton	938.272	5.48848	99998.8	0	0
neutron	939.565	2.37079	99998.8	0	0
Mg26	24196.5	0.725093	99998.8	0	0
neutron	939.565	20.1226	99998.8	0	0
triton	2808.92	4.79136	99998.8	0	0
alpha	3727.38	11.4442	99998.8	0	0
O16	14895.1	3.23177	99998.8	0	0
neutron	939.565	9.58212	99998.8	0	0
proton	938.272	9.07942	99998.8	0	0
neutron	939.565	7.07668	99998.8	0	0
neutron	939.565	2.57228	99998.8	0	0
neutron	939.565	2.18112	99998.8	0	0
alpha	3727.38	3.60259	99998.8	0	0
O16	14895.1	2.14658	99998.8	0	0
neutron	939.565	20.7403	99998.7	0	0
neutron	939.565	13.6414	99998.7	0	0
proton	938.272	4.70382	99998.7	0	0
Ne21	19550.5	0.866343	99998.7	0	0
proton	938.272	19.934	99998.8	0	0
neutron	939.565	1.50817	99998.8	0	0
Ne22	20479.7	1.38581	99998.8	0	0
Na24	22341.8	0.213652	99998.8	0	0
Na24	22341.8	0.209468	99998.8	0	0
Al28	26058.3	0.161164	99998.8	0	0
Al28	26058.3	0.181981	99998.8	0	0
neutron	939.565	16.685	99998.8	0	0
proton	938.272	7.47106	99998.8	0	0
neutron	939.565	1.47476	99998.8	0	0
neutron	939.565	1.17259	99998.8	0	0
C12	11174.9	4.27731	99998.8	0	0
neutron	939.565	22.4778	99998.8	0	0
proton	938.272	21.0071	99998.8	0	0
neutron	939.565	10.0514	99998.8	0	0
neutron	939.565	0.365687	99998.8	0	0
C12	11174.9	1.02836	99998.8	0	0
Al28	26058.3	0.18507	99998.7	0	0
neutron	939.565	20.6617	99998.7	0	0
triton	2808.92	2.45424	99998.7	0	0
C12	11174.9	3.57734	99998.7	0	0
Al28	26058.3	0.190056	99998.7	0	0
Na24	22341.8	0.208621	99998.9	0	0
neutron	939.565	0.265416	99998.7	0	0
Na23	21409.2	0.131537	99998.7	0	0
Na24	22341.8	0.201195	99998.8	0	0
Na26	24206.4	0.180153	99998.8	0	0
proton	938.272	6.17701	99998.8	0	0
neutron	939.565	3.4993	99998.8	0	0
neutron	939.565	3.06263	99998.8	0	0
Ne21	19550.5	0.355769	99998.8	0	0
Al28	26058.3	0.159479	99998.8	0	0
proton	938.272	3.8736	99998.8	0	0
neutron	939.565	0.495367	99998.8	0	0
Mg26	24196.5	0.12603	99998.8	0	0
neutron	939.565	39.0764	99998.7	0	0
neutron	939.565	3.19491	99998.7	0	0
deuteron	1875.61	15.578	99998.7	0	0
C12	11174.9	7.91007	99998.7	0	0
Na24	22341.8	0.18072	99998.7	0	0
N16	14906	0.289944	99998.8	0	0
Na24	22341.8	0.219491	99998.8	0	0
Al28	26058.3	0.19042	99998.8	0	0
neutron	939.565	3.22882	99998.7	0	0
neutron	939.565	1.22041	99998.7	0	0
Mn56	52094	0.0637686	99998.7	0	0
neutron	939.565	7.53021	99998.8	0	0
neutron	939.565	0.274216	99998.8	0	0
N14	13040.2	1.29327	99998.8	0	0
Na26	24206.4	0.167221	99998.7	0	0
Na24	22341.8	0.208146	99998.7	0	0
Na24	22341.8	0.213937	99998.7	0	0
Na24	22341.8	0.211406	99998.8	0	0
neutron	939.565	8.25123	99998.7	0	0
neutron	939.565	4.50634	99998.7	0	0
neutron	939.565	3.63571	99998.7	0	0
N13	12111.2	0.314924	99998.7	0	0
Na24	22341.8	0.185424	99998.8	0	0
Na24	22341.8	0.216586	99998.7	0	0
Na24	22341.8	0.186547	99998.8	0	0
neutron	939.565	9.05608	99998.8	0	0
neutron	939.565	4.48149	99998.8	0	0
Na22	20482.1	0.485067	99998.8	0	0
Na24	22341.8	0.203074	99998.8	0	0
proton	938.272	4.64993	99998.8	0	0
neutron	939.565	4.53719	99998.8	0	0
neutron	939.565	3.27723	99998.8	0	0
proton	938.272	3.15254	99998.8	0	0
neutron	939.565	1.20255	99998.8	0	0
F19	17692.3	0.361267	99998.8	0	0
Na24	22341.8	0.191487	99998.8	0	0
Na24	22341.8	0.212588	99998.8	0	0
neutron	939.565	4.29789	99998.8	0	0
neutron	939.565	2.90224	99998.8	0	0
proton	938.272	2.75976	99998.8	0	0
Mg25	23268	0.0604659	99998.8	0	0
Al28	26058.3	0.188999	99998.8	0	0
neutron	939.565	14.3432	99998.7	0	0
neutron	939.565	1.99139	99998.7	0	0
N14	13040.2	1.48693	99998.7	0	0
Na24	22341.8	0.207432	99998.8	0	0
neutron	939.565	6.45338	99998.8	0	0
proton	938.272	4.80897	99998.8	0	0
neutron	939.565	4.34622	99998.8	0	0
Ne21	19550.5	2.10409	99998.8	0	0
proton	938.272	17.9312	99998.8	0	0
neutron	939.565	5.01734	99998.8	0	0
neutron	939.565	4.38039	99998.8	0	0
neutron	939.565	3.78562	99998.8	0	0
alpha	3727.38	10.3456	99998.8	0	0
Ne20	18617.7	2.17131	99998.8	0	0
neutron	939.565	21.6249	99998.8	0	0
proton	938.272	10.7019	99998.8	0	0
neutron	939.565	4.94361	99998.8	0	0
neutron	939.565	1.4869	99998.8	0	0
C12	11174.9	3.72263	99998.8	0	0
neutron	939.565	7.10943	99998.8	0	0
proton	938.272	3.31236	99998.8	0	0
neutron	939.565	0.145352	99998.8	0	0
Ne21	19550.5	0.57482	99998.8	0	0
neutron	939.565	0.449549	99998.8	0	0
Al27	25126.5	0.255176	99998.8	0	0
neutron	939.565	0.619457	99998.8	0	0
Mn55	51161.7	0.115249	99998.8	0	0
neutron	939.565	1.76091	99998.7	0	0
neutron	939.565	0.313898	99998.7	0	0
N14	13040.2	0.639997	99998.7	0	0
neutron	939.565	0.0642445	99998.8	0	0
Na23	21409.2	0.195886	99998.8	0	0
Al28	26058.3	0.187955	99998.7	0	0
Na24	22341.8	0.189804	99998.8	0	0
Na24	22341.8	0.219575	99998.7	0	0
Al28	26058.3	0.169622	99998.8	0	0
neutron	939.565	12.3955	99998.8	0	0
triton	2808.92	2.8626	99998.8	0	0
C12	11174.9	0.772291	99998.8	0	0
Na24	22341.8	0.209347	99998.8	0	0
neutron	939.565	4.49199	99998.8	0	0
proton	938.272	3.98579	99998.8	0	0
neutron	939.565	2.63082	99998.8	0	0
Ne21	19550.5	0.39744	99998.8	0	0
Al28	26058.3	0.190061	99998.8	0	0
proton	938.272	15.8503	99998.8	0	0
neutron	939.565	9.85998	99998.8	0	0
neutron	939.565	4.63151	99998.8	0	0
neutron	939.565	0.602016	99998.8	0	0
alpha	3727.38	12.4262	99998.8	0	0
O16	14895.1	4.41292	99998.8	0	0
neutron	939.565	31.9266	99998.8	0	0
neutron	939.565	6.41558	99998.8	0	0
proton	938.272	3.24293	99998.8	0	0
neutron	939.565	0.197691	99998.8	0	0
C12	11174.9	0.99065	99998.8	0	0
neutron	939.565	0.368175	99998.8	0	0
N15	13968.9	0.212724	99998.8	0	0
neutron	939.565	3.09362	99998.8	0	0
neutron	939.565	0.941086	99998.8	0	0
N14	13040.2	0.202772	99998.8	0	0
Na24	22341.8	0.216367	99998.7	0	0
Na24	22341.8	0.220479	99998.8	0	0
Na24	22341.8	0.218134	99998.7	0	0
N16	14906	0.298084	99998.8	0	0
Al28	26058.3	0.161447	99998.8	0	0
neutron	939.565	0.375945	99998.8	0	0
Al27	25126.5	0.144501	99998.8	0	0
neutron	939.565	22.1069	99998.8	0	0
neutron	939.565	14.6172	99998.8	0	0
proton	938.272	6.89683	99998.8	0	0
neutron	939.565	0.121941	99998.8	0	0
Ne20	18617.7	0.0878624	99998.8	0	0
Na24	22341.8	0.175178	99998.8	0	0
N16	14906	0.293306	99998.8	0	0
neutron	939.565	5.11877	99998.8	0	0
proton	938.272	3.84454	99998.8	0	0
neutron	939.565	0.890141	99998.8	0	0
Mg25	23268	0.635058	99998.8	0	0
proton	938.272	16.8563	99998.8	0	0
neutron	939.565	2.63123	99998.8	0	0
neutron	939.565	2.58249	99998.8	0	0
Mg25	23268	0.52751	99998.8	0	0
Al28	26058.3	0.183087	99998.8	0	0
neutron	939.565	7.30646	99998.8	0	0
proton	938.272	6.14651	99998.8	0	0
neutron	939.565	1.34737	99998.8	0	0
neutron	939.565	1.11954	99998.8	0	0
neutron	939.565	0.964551	99998.8	0	0
alpha	3727.38	7.58068	99998.8	0	0
Ti47	43724.1	2.59042	99998.8	0	0
neutron	939.565	11.6753	99998.8	0	0
proton	938.272	11.3405	99998.8	0	0
neutron	939.565	2.28928	99998.8	0	0
Ne21	19550.5	0.764655	99998.8	0	0
Na24	22341.8	0.219316	99998.8	0	0
N16	14906	0.286537	99998.8	0	0
proton	938.272	7.22344	99998.7	0	0
neutron	939.565	6.46304	99998.7	0	0
neutron	939.565	5.03439	99998.7	0	0
neutron	939.565	1.57586	99998.7	0	0
Mg24	22335.8	0.38843	99998.7	0	0
neutron	939.565	7.9726	99998.8	0	0
neutron	939.565	1.12372	99998.8	0	0
N14	13040.2	0.833535	99998.8	0	0
Na25	23272.4	0.215946	99998.8	0	0
Na24	22341.8	0.205206	99998.8	0	0
neutron	939.565	2.60283	99998.8	0	0
N15	13968.9	0.567634	99998.8	0	0
Al28	26058.3	0.177042	99998.7	0	0
neutron	939.565	27.0499	99998.8	0	0
proton	938.272	17.3967	99998.8	0	0
neutron	939.565	0.0866588	99998.8	0	0
C13	12109.5	2.66894	99998.8	0	0
Al28	26058.3	0.183564	99998.8	0	0
Al28	26058.3	0.181673	99998.7	0	0
Na24	22341.8	0.189413	99998.8	0	0
Na24	22341.8	0.201015	99998.7	0	0
neutron	939.565	11.5429	99998.8	0	0
proton	938.272	4.33626	99998.8	0	0
neutron	939.565	2.41881	99998.8	0	0
Ne22	20479.7	0.166206	99998.8	0	0
Na25	23272.4	0.208575	99998.8	0	0
Mn56	52094	0.0789667	99998.7	0	0
Na24	22341.8	0.220099	99998.8	0	0
Al28	26058.3	0.164496	99998.8	0	0
Al28	26058.3	0.166738	99998.8	0	0
neutron	939.565	0.101978	99998.8	0	0
Na23	21409.2	0.233132	99998.8	0	0
Na25	23272.4	0.205974	99998.7	0	0
Na24	22341.8	0.170452	99998.7	0	0
Al28	26058.3	0.178844	99998.8	0	0
proton	938.272	7.07529	99998.8	0	0
proton	938.272	3.35734	99998.8	0	0
neutron	939.565	0.517928	99998.8	0	0
F21	19556.7	0.397999	99998.8	0	0
proton	938.272	14.3444	99998.8	0	0
neutron	939.565	4.86199	99998.8	0	0
neutron	939.565	4.63486	99998.8	0	0
neutron	939.565	1.24373	99998.8	0	0
Mg24	22335.8	1.034	99998.8	0	0
proton	938.272	9.3247	99998.7	0	0
neutron	939.565	6.41028	99998.7	0	0
proton	938.272	4.35236	99998.7	0	0
F21	19556.7	0.962557	99998.7	0	0
neutron	939.565	22.9	99998.8	0	0
proton	938.272	3.1098	99998.8	0	0
neutron	939.565	0.285466	99998.8	0	0
neutron	939.565	0.0977378	99998.8	0	0
Ne20	18617.7	1.38025	99998.8	0	0
proton	938.272	18.7076	99998.8	0	0
neutron	939.565	4.4944	99998.8	0	0
neutron	939.565	2.77376	99998.8	0	0
neutron	939.565	0.29245	99998.8	0	0
Ne20	18617.7	1.04504	99998.8	0	0
Al28	26058.3	0.169777	99998.8	0	0
neutron	939.565	8.32032	99998.7	0	0
neutron	939.565	3.14076	99998.7	0	0
N14	13040.2	1.36033	99998.7	0	0
neutron	939.565	8.2267	99998.7	0	0
proton	938.272	3.55276	99998.7	0	0
neutron	939.565	3.28128	99998.7	0	0
neutron	939.565	0.180542	99998.7	0	0
Mg24	22335.8	1.03876	99998.7	0	0
Na25	23272.4	0.216159	99998.8	0	0
neutron	939.565	25.0129	99998.8	0	0
proton	938.272	12.8183	99998.8	0	0
neutron	939.565	5.14766	99998.8	0	0
neutron	939.565	4.22125	99998.8	0	0
C12	11174.9	3.65204	99998.8	0	0
proton	938.272	9.92393	99998.8	0	0
neutron	939.565	4.04488	99998.8	0	0
neutron	939.565	0.0905627	99998.8	0	0
Ne21	19550.5	1.46483	99998.8	0	0
Al28	26058.3	0.187139	99998.7	0	0
Na26	24206.4	0.174014	99998.8	0	0
proton	938.272	9.67595	99998.7	0	0
neutron	939.565	3.27974	99998.7	0	0
neutron	939.565	3.01258	99998.7	0	0
neutron	939.565	1.81762	99998.7	0	0
alpha	3727.38	3.23755	99998.7	0	0
O16	14895.1	3.58612	99998.7	0	0
neutron	939.565	6.22215	99998.8	0	0
proton	938.272	1.5647	99998.8	0	0
C14	13040.9	0.147963	99998.8	0	0
Na24	22341.8	0.195455	99998.8	0	0
Mn56	52094	0.0859666	99998.8	0	0
Na26	24206.4	0.182684	99998.8	0	0
Al28	26058.3	0.179046	99998.8	0	0
neutron	939.565	6.74478	99998.7	0	0
proton	938.272	2.60884	99998.7	0	0
Ne22	20479.7	0.340856	99998.7	0	0
proton	938.272	6.41378	99998.8	0	0
neutron	939.565	4.87053	99998.8	0	0
neutron	939.565	4.27402	99998.8	0	0
neutron	939.565	3.89879	99998.8	0	0
Cr52	48370	0.38333	99998.8	0	0
Na24	22341.8	0.189204	99998.8	0	0
Al28	26058.3	0.160888	99998.7	0	0
proton	938.272	5.14348	99998.8	0	0
neutron	939.565	1.84001	99998.8	0	0
neutron	939.565	1.71973	99998.8	0	0
C13	12109.5	0.875157	99998.8	0	0
neutron	939.565	0.997558	99998.7	0	0
N15	13968.9	0.549082	99998.7	0	0
Na24	22341.8	0.201571	99998.8	0	0
neutron	939.565	8.7494	99998.8	0	0
N15	13968.9	1.09212	99998.8	0	0
neutron	939.565	0.439891	99998.8	0	0
Al27	25126.5	0.245069	99998.8	0	0
neutron	939.565	0.270228	99998.7	0	0
N15	13968.9	0.190508	99998.7	0	0
neutron	939.565	2.2009	99998.8	0	0
Al27	25126.5	0.100451	99998.8	0	0
neutron	939.565	32.5914	99998.8	0	0
neutron	939.565	18.4913	99998.8	0	0
proton	938.272	4.96821	99998.8	0	0
neutron	939.565	1.33332	99998.8	0	0
C12	11174.9	2.26051	99998.8	0	0
Na24	22341.8	0.194022	99998.7	0	0
Mn56	52094	0.0926184	99998.7	0	0
neutron	939.565	7.11785	99998.7	0	0
alpha	3727.38	7.53239	99998.7	0	0
B11	10252.5	2.42241	99998.7	0	0
Al28	26058.3	0.177244	99998.7	0	0
neutron	939.565	0.0980791	99998.8	0	0
N15	13968.9	0.310365	99998.8	0	0
neutron	939.565	45.8844	99998.8	0	0
proton	938.272	4.41412	99998.8	0	0
neutron	939.565	3.95814	99998.8	0	0
neutron	939.565	0.32278	99998.8	0	0
Cr52	48370	1.50323	99998.8	0	0
neutron	939.565	5.54309	99998.7	0	0
proton	938.272	2.19339	99998.7	0	0
neutron	939.565	0.810007	99998.7	0	0
Ne21	19550.5	0.621091	99998.7	0	0
N16	14906	0.296925	99998.8	0	0
neutron	939.565	14.2009	99998.7	0	0
neutron	939.565	0.838385	99998.7	0	0
Mn54	50232.4	0.638726	99998.7	0	0
Mn56	52094	0.080164	99998.8	0	0
Al28	26058.3	0.164773	99998.7	0	0
neutron	939.565	22.6763	99998.8	0	0
proton	938.272	3.28409	99998.8	0	0
neutron	939.565	2.40217	99998.8	0	0
neutron	939.565	2.075	99998.8	0	0
Mg24	22335.8	0.596308	99998.8	0	0
Al28	26058.3	0.191368	99998.7	0	0
neutron	939.565	7.12357	99998.7	0	0
proton	938.272	3.94809	99998.7	0	0
Mg26	24196.5	1.21154	99998.7	0	0
neutron	939.565	0.205402	99998.8	0	0
N15	13968.9	0.295412	99998.8	0	0
neutron	939.565	26.5162	99998.8	0	0
neutron	939.565	12.0924	99998.8	0	0
proton	938.272	4.19762	99998.8	0	0
neutron	939.565	1.4253	99998.8	0	0
C12	11174.9	1.3757	99998.8	0	0
neutron	939.565	0.676386	99998.7	0	0
Na23	21409.2	0.110855	99998.7	0	0
neutron	939.565	2.46492	99998.8	0	0
neutron	939.565	0.707641	99998.8	0	0
Mn54	50232.4	0.140938	99998.8	0	0
proton	938.272	2.87369	99998.7	0	0
neutron	939.565	2.08478	99998.7	0	0
Mg26	24196.5	0.136183	99998.7	0	0
neutron	939.565	37.3763	99998.7	0	0
neutron	939.565	18.2113	99998.7	0	0
proton	938.272	4.83331	99998.7	0	0
C13	12109.5	1.03447	99998.7	0	0
neutron	939.565	3.96193	99998.8	0	0
alpha	3727.38	7.23853	99998.8	0	0
B11	10252.5	1.90736	99998.8	0	0
proton	938.272	3.08139	99998.8	0	0
neutron	939.565	1.03464	99998.8	0	0
Ne22	20479.7	0.292026	99998.8	0	0
neutron	939.565	0.850184	99998.8	0	0
Al27	25126.5	0.243681	99998.8	0	0
neutron	939.565	0.635971	99998.7	0	0
Na25	23272.4	0.182105	99998.7	0	0
neutron	939.565	12.8323	99998.8	0	0
proton	938.272	5.92168	99998.8	0	0
neutron	939.565	2.9825	99998.8	0	0
neutron	939.565	2.49732	99998.8	0	0
neutron	939.565	1.84817	99998.8	0	0
Ne21	19550.5	1.30799	99998.8	0	0
Mn56	52094	0.0952653	99998.8	0	0
Al30	27922.3	0.157614	99998.8	0	0
neutron	939.565	0.0483358	99998.8	0	0
N15	13968.9	0.352641	99998.8	0	0
Al28	26058.3	0.188391	99998.7	0	0
neutron	939.565	2.40072	99998.7	0	0
proton	938.272	2.0059	99998.7	0	0
Ne22	20479.7	0.0894146	99998.7	0	0
neutron	939.565	4.66807	99998.8	0	0
proton	938.272	4.17644	99998.8	0	0
neutron	939.565	1.91481	99998.8	0	0
Mg25	23268	0.581885	99998.8	0	0
neutron	939.565	4.70288	99998.8	0	0
neutron	939.565	4.61841	99998.8	0	0
proton	938.272	2.97446	99998.8	0	0
Ne21	19550.5	0.0981234	99998.8	0	0
N16	14906	0.288933	99998.7	0	0
Na24	22341.8	0.198636	99998.7	0	0
neutron	939.565	17.3196	99998.8	0	0
neutron	939.565	9.68229	99998.8	0	0
proton	938.272	6.12736	99998.8	0	0
neutron	939.565	2.95494	99998.8	0	0
C12	11174.9	1.59106	99998.8	0	0
neutron	939.565	4.6581	99998.9	0	0
proton	938.272	2.87996	99998.9	0	0
neutron	939.565	0.941833	99998.9	0	0
Ne21	19550.5	0.50582	99998.9	0	0
Na24	22341.8	0.197067	99998.7	0	0
proton	938.272	26.8351	99998.8	0	0
neutron	939.565	24.2566	99998.8	0	0
neutron	939.565	0.800518	99998.8	0	0
Cr53	49301.7	0.646459	99998.8	0	0
neutron	939.565	0.574252	99998.8	0	0
Na23	21409.2	0.183037	99998.8	0	0
neutron	939.565	12.2465	99998.8	0	0
proton	938.272	4.53571	99998.8	0	0
neutron	939.565	4.13672	99998.8	0	0
neutron	939.565	1.64901	99998.8	0	0
neutron	939.565	1.43564	99998.8	0	0
Cr51	47442.5	0.255053	99998.8	0	0
Al28	26058.3	0.178893	99998.8	0	0
Al28	26058.3	0.179961	99998.8	0	0
neutron	939.565	15.3808	99998.8	0	0
proton	938.272	8.93767	99998.8	0	0
neutron	939.565	4.2316	99998.8	0	0
neutron	939.565	1.73771	99998.8	0	0
Ne20	18617.7	0.603837	99998.8	0	0
neutron	939.565	5.68991	99998.8	0	0
proton	938.272	5.15407	99998.8	0	0
neutron	939.565	0.208615	99998.8	0	0
Mg25	23268	1.08504	99998.8	0	0
Al28	26058.3	0.185939	99998.8	0	0
neutron	939.565	2.99339	99998.8	0	0
neutron	939.565	2.15572	99998.8	0	0
neutron	939.565	0.424482	99998.8	0	0
Mn53	49301.8	0.262043	99998.8	0	0
neutron	939.565	0.218369	99998.7	0	0
Al27	25126.5	0.121522	99998.7	0	0
proton	938.272	46.1975	99998.8	0	0
neutron	939.565	2.22138	99998.8	0	0
Ne22	20479.7	2.44344	99998.8	0	0
neutron	939.565	10.4569	99998.8	0	0
neutron	939.565	7.81299	99998.8	0	0
N14	13040.2	1.45383	99998.8	0	0
neutron	939.565	4.75838	99998.8	0	0
triton	2808.92	7.10138	99998.8	0	0
alpha	3727.38	2.36711	99998.8	0	0
Be8	7454.85	12.0027	99998.8	0	0
neutron	939.565	8.20211	99998.8	0	0
neutron	939.565	1.29444	99998.8	0	0
Al26	24200	0.290722	99998.8	0	0
neutron	939.565	36.0835	99998.7	0	0
proton	938.272	23.4743	99998.7	0	0
neutron	939.565	1.69692	99998.7	0	0
C13	12109.5	1.62779	99998.7	0	0
proton	938.272	10.8664	99998.7	0	0
neutron	939.565	3.64278	99998.7	0	0
neutron	939.565	1.81396	99998.7	0	0
neutron	939.565	1.7713	99998.7	0	0
C12	11174.9	2.0667	99998.7	0	0
neutron	939.565	3.23151	99998.8	0	0
Na23	21409.2	0.199756	99998.8	0	0
Al28	26058.3	0.14302	99998.7	0	0
neutron	939.565	18.5237	99998.8	0	0
neutron	939.565	14.3692	99998.8	0	0
neutron	939.565	1.40072	99998.8	0	0
Na23	21409.2	0.172638	99998.8	0	0
neutron	939.565	3.86028	99998.8	0	0
proton	938.272	3.47734	99998.8	0	0
Ne22	20479.7	0.523837	99998.8	0	0
Na25	23272.4	0.195927	99998.7	0	0
neutron	939.565	25.2267	99998.7	0	0
proton	938.272	21.4232	99998.7	0	0
neutron	939.565	2.59524	99998.7	0	0
Cr53	49301.7	0.391739	99998.7	0	0
proton	938.272	5.2131	99998.8	0	0
neutron	939.565	4.07304	99998.8	0	0
alpha	3727.38	5.9075	99998.8	0	0
O18	16762	2.83588	99998.8	0	0
Na24	22341.8	0.216406	99998.8	0	0
neutron	939.565	0.752733	99998.7	0	0
Na23	21409.2	0.207375	99998.7	0	0
Mn56	52094	0.0924124	99998.8	0	0
proton	938.272	24.9462	99998.7	0	0
neutron	939.565	19.919	99998.7	0	0
neutron	939.565	4.71251	99998.7	0	0
Ne21	19550.5	0.185553	99998.7	0	0
neutron	939.565	0.383458	99998.8	0	0
Na23	21409.2	0.318767	99998.8	0	0
proton	938.272	17.2369	99998.8	0	0
neutron	939.565	2.69408	99998.8	0	0
neutron	939.565	0.955655	99998.8	0	0
Ne21	19550.5	0.548686	99998.8	0	0
neutron	939.565	13.7423	99998.7	0	0
proton	938.272	2.94342	99998.7	0	0
neutron	939.565	1.83122	99998.7	0	0
neutron	939.565	1.2048	99998.7	0	0
Mg24	22335.8	0.779777	99998.7	0	0
neutron	939.565	0.113361	99998.7	0	0
Na23	21409.2	0.153977	99998.7	0	0
Na24	22341.8	0.21434	99998.8	0	0
Na24	22341.8	0.215802	99998.8	0	0
proton	938.272	17.0635	99998.8	0	0
neutron	939.565	4.56996	99998.8	0	0
neutron	939.565	0.646492	99998.8	0	0
Ne21	19550.5	1.18321	99998.8	0	0
Al28	26058.3	0.171752	99998.7	0	0
proton	938.272	2.20884	99998.8	0	0
neutron	939.565	1.27549	99998.8	0	0
Mg26	24196.5	0.149101	99998.8	0	0
neutron	939.565	9.42487	99998.8	0	0
neutron	939.565	6.84366	99998.8	0	0
neutron	939.565	4.44291	99998.8	0	0
proton	938.272	4.16112	99998.8	0	0
Ne20	18617.7	0.602365	99998.8	0	0
proton	938.272	9.29783	99998.8	0	0
neutron	939.565	9.17914	99998.8	0	0
neutron	939.565	0.524526	99998.8	0	0
Ne21	19550.5	0.43401	99998.8	0	0
neutron	939.565	0.21448	99998.8	0	0
Na23	21409.2	0.128654	99998.8	0	0
neutron	939.565	0.288108	99998.8	0	0
Al27	25126.5	0.20179	99998.8	0	0
proton	938.272	4.14619	99998.8	0	0
neutron	939.565	3.54553	99998.8	0	0
neutron	939.565	3.32871	99998.8	0	0
Mg25	23268	0.400491	99998.8	0	0
proton	938.272	4.75403	99998.8	0	0
neutron	939.565	0.564773	99998.8	0	0
Mg26	24196.5	0.00357217	99998.8	0	0
Na24	22341.8	0.21724	99998.8	0	0
proton	938.272	25.4497	99998.7	0	0
neutron	939.565	3.00285	99998.7	0	0
neutron	939.565	1.61805	99998.7	0	0
neutron	939.565	1.30309	99998.7	0	0
Mg24	22335.8	1.27003	99998.7	0	0
neutron	939.565	7.22175	99998.8	0	0
proton	938.272	1.93409	99998.8	0	0
Mg26	24196.5	0.267304	99998.8	0	0
neutron	939.565	9.08228	99998.8	0	0
proton	938.272	6.18336	99998.8	0	0
neutron	939.565	3.05141	99998.8	0	0
He3	2808.39	6.49073	99998.8	0	0
Ne22	20479.7	0.993384	99998.8	0	0
neutron	939.565	0.572923	99998.7	0	0
Na23	21409.2	0.201663	99998.7	0	0
Mn56	52094	0.0951593	99998.7	0	0
Na24	22341.8	0.216743	99998.8	0	0
Na24	22341.8	0.215241	99998.8	0	0
Na24	22341.8	0.211519	99998.8	0	0
Na24	22341.8	0.215367	99998.8	0	0
Na24	22341.8	0.210167	99998.7	0	0
proton	938.272	1.7686	99998.8	0	0
neutron	939.565	1.20467	99998.8	0	0
neutron	939.565	0.319918	99998.8	0	0
deuteron	1875.61	3.68371	99998.8	0	0
Na23	21409.2	0.609912	99998.8	0	0
Na24	22341.8	0.202755	99998.8	0	0
neutron	939.565	3.6437	99998.8	0	0
neutron	939.565	1.3402	99998.8	0	0
neutron	939.565	0.513418	99998.8	0	0
Na23	21409.2	0.526842	99998.8	0	0
Na24	22341.8	0.186686	99998.9	0	0
Na24	22341.8	0.196249	99998.8	0	0
Al28	26058.3	0.153557	99998.8	0	0
neutron	939.565	15.571	99998.8	0	0
neutron	939.565	7.23848	99998.8	0	0
Na23	21409.2	0.678153	99998.8	0	0
Al28	26058.3	0.180247	99998.8	0	0
neutron	939.565	27.9026	99998.8	0	0
proton	938.272	3.35899	99998.8	0	0
neutron	939.565	0.900838	99998.8	0	0
Ne21	19550.5	2.24888	99998.8	0	0
proton	938.272	8.70242	99998.8	0	0
neutron	939.565	7.86355	99998.8	0	0
neutron	939.565	2.38529	99998.8	0	0
neutron	939.565	0.641629	99998.8	0	0
C12	11174.9	1.11747	99998.8	0	0
neutron	939.565	8.14848	99998.7	0	0
proton	938.272	7.73141	99998.7	0	0
C14	13040.9	1.36438	99998.7	0	0
N16	14906	0.278952	99998.8	0	0
Na24	22341.8	0.215686	99998.8	0	0
neutron	939.565	10.3701	99998.8	0	0
neutron	939.565	2.09213	99998.8	0	0
deuteron	1875.61	3.4248	99998.8	0	0
alpha	3727.38	14.1865	99998.8	0	0
O18	16762	2.62911	99998.8	0	0
neutron	939.565	2.70894	99998.9	0	0
triton	2808.92	3.94929	99998.9	0	0
alpha	3727.38	3.58567	99998.9	0	0
Be8	7454.85	3.42718	99998.9	0	0
neutron	939.565	7.23515	99998.8	0	0
neutron	939.565	0.700883	99998.8	0	0
Na22	20482.1	0.463655	99998.8	0	0
neutron	939.565	5.67778	99998.7	0	0
neutron	939.565	2.94854	99998.7	0	0
neutron	939.565	2.18713	99998.7	0	0
neutron	939.565	1.88506	99998.7	0	0
neutron	939.565	0.781786	99998.7	0	0
deuteron	1875.61	12.6727	99998.7	0	0
Cr49	45585.6	0.147671	99998.7	0	0
neutron	939.565	18.5522	99998.7	0	0
neutron	939.565	13.171	99998.7	0	0
proton	938.272	2.14051	99998.7	0	0
neutron	939.565	1.60349	99998.7	0	0
Mg24	22335.8	0.232396	99998.7	0	0
Na24	22341.8	0.196478	99998.8	0	0
neutron	939.565	4.62916	99998.7	0	0
neutron	939.565	3.71079	99998.7	0	0
neutron	939.565	0.468	99998.7	0	0
Mn53	49301.8	0.254465	99998.7	0	0
Na24	22341.8	0.20904	99998.9	0	0
proton	938.272	13.2403	99998.8	0	0
neutron	939.565	4.80276	99998.8	0	0
Ne22	20479.7	0.536787	99998.8	0	0
Na24	22341.8	0.211506	99998.8	0	0
Na24	22341.8	0.204511	99998.8	0	0
proton	938.272	15.0807	99998.7	0	0
neutron	939.565	6.13693	99998.7	0	0
C14	13040.9	1.41289	99998.7	0	0
neutron	939.565	12.653	99998.7	0	0
neutron	939.565	1.32065	99998.7	0	0
N14	13040.2	0.973182	99998.7	0	0
neutron	939.565	10.738	99998.9	0	0
Na23	21409.2	0.736057	99998.9	0	0
neutron	939.565	14.3408	99998.7	0	0
proton	938.272	3.25377	99998.7	0	0
neutron	939.565	2.73591	99998.7	0	0
neutron	939.565	1.01654	99998.7	0	0
Mg24	22335.8	0.260899	99998.7	0	0
Mn56	52094	0.0944016	99998.7	0	0
proton	938.272	27.9881	99998.9	0	0
neutron	939.565	2.70803	99998.9	0	0
Mg26	24196.5	0.406634	99998.9	0	0
neutron	939.565	13.3254	99998.8	0	0
neutron	939.565	0.872679	99998.8	0	0
N14	13040.2	0.511096	99998.8	0	0
Mn54	50232.4	0.107132	99998.8	0	0
neutron	939.565	36.8713	99998.7	0	0
neutron	939.565	7.44913	99998.7	0	0
proton	938.272	5.54404	99998.7	0	0
neutron	939.565	1.37318	99998.7	0	0
Ne20	18617.7	2.38716	99998.7	0	0
neutron	939.565	9.37008	99998.8	0	0
neutron	939.565	4.56855	99998.8	0	0
N14	13040.2	0.323658	99998.8	0	0
Al28	26058.3	0.175008	99998.7	0	0
proton	938.272	23.5753	99998.8	0	0
neutron	939.565	7.7234	99998.8	0	0
neutron	939.565	6.19835	99998.8	0	0
Ne21	19550.5	0.553552	99998.8	0	0
Al28	26058.3	0.183717	99998.8	0	0
neutron	939.565	4.48781	99998.8	0	0
proton	938.272	4.05873	99998.8	0	0
neutron	939.565	2.77837	99998.8	0	0
neutron	939.565	0.62487	99998.8	0	0
Ne20	18617.7	0.374486	99998.8	0	0
Al28	26058.3	0.188645	99998.7	0	0
Al28	26058.3	0.153458	99998.9	0	0
Na24	22341.8	0.217121	99998.8	0	0
proton	938.272	11.9014	99998.7	0	0
neutron	939.565	7.72583	99998.7	0	0
neutron	939.565	3.41572	99998.7	0	0
Ne21	19550.5	0.950015	99998.7	0	0
Na24	22341.8	0.205644	99998.8	0	0
neutron	939.565	5.29874	99998.9	0	0
proton	938.272	2.8402	99998.9	0	0
C14	13040.9	0.681846	99998.9	0	0
Mn56	52094	0.0818973	99998.7	0	0
Al28	26058.3	0.17469	99998.8	0	0
neutron	939.565	1.83671	99998.8	0	0
Na23	21409.2	0.0806096	99998.8	0	0
proton	938.272	43.2279	99998.6	0	0
neutron	939.565	1.9109	99998.6	0	0
Ne22	20479.7	1.20614	99998.6	0	0
Na24	22341.8	0.209743	99998.8	0	0
neutron	939.565	10.1435	99998.8	0	0
neutron	939.565	1.96704	99998.8	0	0
Na24	22341.8	1.13193	99998.8	0	0
neutron	939.565	0.211527	99998.8	0	0
Mn55	51161.7	0.0716423	99998.8	0	0
neutron	939.565	8.93677	99998.8	0	0
proton	938.272	5.01186	99998.8	0	0
neutron	939.565	2.61358	99998.8	0	0
neutron	939.565	2.01216	99998.8	0	0
Cr52	48370	0.30693	99998.8	0	0
neutron	939.565	11.059	99998.7	0	0
proton	938.272	4.5829	99998.7	0	0
neutron	939.565	1.71288	99998.7	0	0
neutron	939.565	0.599435	99998.7	0	0
Cr52	48370	0.185668	99998.7	0	0
proton	938.272	4.09893	99998.7	0	0
neutron	939.565	1.72634	99998.7	0	0
neutron	939.565	0.343688	99998.7	0	0
C13	12109.5	0.0161365	99998.7	0	0
proton	938.272	10.1247	99998.7	0	0
proton	938.272	6.8318	99998.7	0	0
neutron	939.565	4.12666	99998.7	0	0
neutron	939.565	1.92345	99998.7	0	0
neutron	939.565	1.71808	99998.7	0	0
Na23	21409.2	0.311097	99998.7	0	0
Al28	26058.3	0.16831	99998.8	0	0
proton	938.272	5.09381	99998.8	0	0
neutron	939.565	3.92896	99998.8	0	0
neutron	939.565	3.73507	99998.8	0	0
Ne22	20479.7	0.707765	99998.8	0	0
neutron	939.565	7.50585	99998.8	0	0
proton	938.272	5.07003	99998.8	0	0
neutron	939.565	0.895476	99998.8	0	0
alpha	3727.38	4.32991	99998.8	0	0
Be9	8392.75	1.06349	99998.8	0	0
proton	938.272	14.0001	99998.7	0	0
alpha	3727.38	4.36401	99998.7	0	0
O20	18629.6	2.49535	99998.7	0	0
neutron	939.565	5.09816	99998.8	0	0
proton	938.272	4.08328	99998.8	0	0
neutron	939.565	3.12002	99998.8	0	0
Mg25	23268	0.0650638	99998.8	0	0
neutron	939.565	12.974	99998.8	0	0
proton	938.272	2.84108	99998.8	0	0
neutron	939.565	0.162909	99998.8	0	0
alpha	3727.38	6.04511	99998.8	0	0
Ne21	19550.5	2.35873	99998.8	0	0
neutron	939.565	1.77494	99998.8	0	0
N15	13968.9	0.566372	99998.8	0	0
Mn56	52094	0.088702	99998.8	0	0
neutron	939.565	0.683853	99998.8	0	0
Al27	25126.5	0.0649918	99998.8	0	0
Mn56	52094	0.0912128	99998.9	0	0
Al28	26058.3	0.166079	99998.8	0	0
Al28	26058.3	0.168873	99998.7	0	0
proton	938.272	3.32065	99998.7	0	0
neutron	939.565	0.235034	99998.7	0	0
Mg26	24196.5	0.531863	99998.7	0	0
Mn56	52094	0.0968197	99998.8	0	0
neutron	939.565	8.13471	99998.8	0	0
proton	938.272	5.82961	99998.8	0	0
neutron	939.565	2.97472	99998.8	0	0
neutron	939.565	1.0478	99998.8	0	0
Mg24	22335.8	0.482482	99998.8	0	0
proton	938.272	18.3923	99998.7	0	0
neutron	939.565	4.23622	99998.7	0	0
neutron	939.565	1.45788	99998.7	0	0
neutron	939.565	0.336372	99998.7	0	0
Mg24	22335.8	0.0484279	99998.7	0	0
Al28	26058.3	0.190713	99998.7	0	0
neutron	939.565	7.93579	99998.8	0	0
proton	938.272	2.97062	99998.8	0	0
Ne22	20479.7	0.786309	99998.8	0	0
neutron	939.565	13.0614	99998.8	0	0
neutron	939.565	7.12499	99998.8	0	0
proton	938.272	5.42421	99998.8	0	0
neutron	939.565	0.225002	99998.8	0	0
Ne20	18617.7	0.320889	99998.8	0	0
neutron	939.565	9.23957	99998.7	0	0
neutron	939.565	3.71646	99998.7	0	0
proton	938.272	3.39624	99998.7	0	0
neutron	939.565	0.746068	99998.7	0	0
C12	11174.9	1.34889	99998.7	0	0
Na24	22341.8	0.206229	99998.7	0	0
neutron	939.565	5.86251	99998.7	0	0
neutron	939.565	2.93106	99998.7	0	0
deuteron	1875.61	1.95211	99998.7	0	0
C12	11174.9	1.4239	99998.7	0	0
Na24	22341.8	0.203467	99998.8	0	0
proton	938.272	17.9132	99998.7	0	0
neutron	939.565	2.86713	99998.7	0	0
neutron	939.565	2.42329	99998.7	0	0
neutron	939.565	0.364255	99998.7	0	0
Cr52	48370	0.749869	99998.7	0	0
neutron	939.565	51.7523	99998.8	0	0
proton	938.272	5.66296	99998.8	0	0
neutron	939.565	4.09511	99998.8	0	0
Ne21	19550.5	3.7532	99998.8	0	0
Al28	26058.3	0.190739	99998.7	0	0
Na26	24206.4	0.171589	99998.8	0	0
neutron	939.565	5.82072	99998.7	0	0
proton	938.272	5.08508	99998.7	0	0
neutron	939.565	3.77546	99998.7	0	0
neutron	939.565	0.666362	99998.7	0	0
Ne20	18617.7	0.644914	99998.7	0	0
Al28	26058.3	0.183585	99998.8	0	0
Na24	22341.8	0.200229	99998.8	0	0
neutron	939.565	4.15224	99998.8	0	0
N15	13968.9	0.505538	99998.8	0	0
neutron	939.565	5.43397	99998.8	0	0
neutron	939.565	1.74053	99998.8	0	0
N14	13040.2	0.473849	99998.8	0	0
neutron	939.565	5.20632	99998.7	0	0
neutron	939.565	0.878562	99998.7	0	0
deuteron	1875.61	1.61735	99998.7	0	0
Ne20	18617.7	0.695235	99998.7	0	0
proton	938.272	5.86351	99998.8	0	0
neutron	939.565	4.49947	99998.8	0	0
neutron	939.565	1.28676	99998.8	0	0
deuteron	1875.61	2.63301	99998.8	0	0
Na23	21409.2	0.647088	99998.8	0	0
neutron	939.565	6.67981	99998.8	0	0
proton	938.272	5.65778	99998.8	0	0
Ne22	20479.7	0.0852515	99998.8	0	0
neutron	939.565	34.0024	99998.8	0	0
proton	938.272	1.88119	99998.8	0	0
alpha	3727.38	10.6836	99998.8	0	0
Ne22	20479.7	0.254826	99998.8	0	0
Na26	24206.4	0.184982	99998.8	0	0
neutron	939.565	0.330781	99998.8	0	0
Al27	25126.5	0.187567	99998.8	0	0
Mn56	52094	0.0970729	99998.7	0	0
Al28	26058.3	0.178205	99998.8	0	0
neutron	939.565	1.92727	99998.8	0	0
N15	13968.9	0.367544	99998.8	0	0
neutron	939.565	21.8069	99998.7	0	0
neutron	939.565	7.12952	99998.7	0	0
proton	938.272	3.58181	99998.7	0	0
neutron	939.565	3.4152	99998.7	0	0
Ne20	18617.7	0.975292	99998.7	0	0
neutron	939.565	31.1598	99998.8	0	0
proton	938.272	5.39018	99998.8	0	0
neutron	939.565	2.33519	99998.8	0	0
neutron	939.565	0.811975	99998.8	0	0
alpha	3727.38	4.82988	99998.8	0	0
O16	14895.1	3.47799	99998.8	0	0
Al28	26058.3	0.181829	99998.6	0	0
neutron	939.565	5.63008	99998.8	0	0
neutron	939.565	2.35019	99998.8	0	0
deuteron	1875.61	4.70329	99998.8	0	0
C12	11174.9	0.493847	99998.8	0	0
Al28	26058.3	0.179831	99998.8	0	0
Al28	26058.3	0.179643	99998.8	0	0
Al28	26058.3	0.174906	99998.7	0	0
neutron	939.565	0.299855	99998.8	0	0
Na23	21409.2	0.11765	99998.8	0	0
neutron	939.565	1.17351	99998.7	0	0
neutron	939.565	0.886872	99998.7	0	0
deuteron	1875.61	3.78991	99998.7	0	0
alpha	3727.38	3.96422	99998.7	0	0
Ne20	18617.7	2.48431	99998.7	0	0
neutron	939.565	3.86778	99998.7	0	0
proton	938.272	1.92053	99998.7	0	0
Ne22	20479.7	0.0356635	99998.7	0	0
proton	938.272	3.32924	99998.7	0	0
neutron	939.565	3.22795	99998.7	0	0
C14	13040.9	0.286879	99998.7	0	0
Mn56	52094	0.0959092	99998.7	0	0
neutron	939.565	0.0339318	99998.8	0	0
Na23	21409.2	0.204145	99998.8	0	0
neutron	939.565	31.4251	99998.8	0	0
neutron	939.565	7.50464	99998.8	0	0
proton	938.272	5.26434	99998.8	0	0
neutron	939.565	2.05142	99998.8	0	0
Mg24	22335.8	1.6219	99998.8	0	0
neutron	939.565	1.58391	99998.8	0	0
N15	13968.9	0.648062	99998.8	0	0
proton	938.272	32.7789	99998.8	0	0
neutron	939.565	7.02623	99998.8	0	0
neutron	939.565	3.75431	99998.8	0	0
neutron	939.565	1.41252	99998.8	0	0
Ne22	20479.7	1.05793	99998.8	0	0
neutron	939.565	35.2763	99998.7	0	0
proton	938.272	9.43886	99998.7	0	0
neutron	939.565	2.12992	99998.7	0	0
Mg25	23268	0.708065	99998.7	0	0
neutron	939.565	1.76552	99998.8	0	0
Na23	21409.2	0.138792	99998.8	0	0
neutron	939.565	0.125516	99998.8	0	0
N15	13968.9	0.28605	99998.8	0	0
proton	938.272	10.8449	99998.8	0	0
neutron	939.565	0.729047	99998.8	0	0
alpha	3727.38	5.4604	99998.8	0	0
O18	16762	0.945344	99998.8	0	0
neutron	939.565	13.7231	99998.8	0	0
neutron	939.565	11.921	99998.8	0	0
proton	938.272	3.00924	99998.8	0	0
neutron	939.565	2.46805	99998.8	0	0
C12	11174.9	0.520413	99998.8	0	0
neutron	939.565	3.79759	99998.8	0	0
deuteron	1875.61	5.07804	99998.8	0	0
Ne21	19550.5	1.3533	99998.8	0	0
neutron	939.565	4.62669	99998.7	0	0
proton	938.272	2.59934	99998.7	0	0
Ne22	20479.7	0.554819	99998.7	0	0
proton	938.272	3.57111	99998.8	0	0
neutron	939.565	1.75863	99998.8	0	0
Mg26	24196.5	0.260095	99998.8	0	0
neutron	939.565	6.52359	99998.8	0	0
neutron	939.565	1.903	99998.8	0	0
Mn54	50232.4	0.233333	99998.8	0	0
Al28	26058.3	0.180389	99998.8	0	0
Al28	26058.3	0.192478	99998.7	0	0
Na24	22341.8	0.205706	99998.8	0	0
neutron	939.565	4.59875	99998.8	0	0
deuteron	1875.61	5.15582	99998.8	0	0
C13	12109.5	0.615271	99998.8	0	0
neutron	939.565	5.85975	99998.8	0	0
proton	938.272	3.0209	99998.8	0	0
neutron	939.565	1.05477	99998.8	0	0
C13	12109.5	0.740939	99998.8	0	0
neutron	939.565	3.65488	99998.8	0	0
Na23	21409.2	0.185036	99998.8	0	0
proton	938.272	12.0679	99998.8	0	0
neutron	939.565	8.25233	99998.8	0	0
neutron	939.565	4.65449	99998.8	0	0
neutron	939.565	1.45463	99998.8	0	0
Mg26	24196.5	0.230814	99998.8	0	0
Al28	26058.3	0.179224	99998.8	0	0
Na26	24206.4	0.181568	99998.8	0	0
neutron	939.565	2.6907	99998.8	0	0
neutron	939.565	1.88676	99998.8	0	0
Na24	22341.8	0.820501	99998.8	0	0
neutron	939.565	0.512528	99998.7	0	0
Al27	25126.5	0.115145	99998.7	0	0
Mn56	52094	0.0865801	99998.8	0	0
proton	938.272	14.0383	99998.8	0	0
neutron	939.565	13.8101	99998.8	0	0
neutron	939.565	9.0371	99998.8	0	0
neutron	939.565	2.5868	99998.8	0	0
Mg24	22335.8	0.337377	99998.8	0	0
Na24	22341.8	0.206595	99998.8	0	0
Al28	26058.3	0.190279	99998.7	0	0
neutron	939.565	15.5624	99998.8	0	0
proton	938.272	13.2063	99998.8	0	0
neutron	939.565	1.23257	99998.8	0	0
C13	12109.5	1.77376	99998.8	0	0
N16	14906	0.278667	99998.9	0	0
Al28	26058.3	0.180398	99998.7	0	0
Al28	26058.3	0.168608	99998.7	0	0
Mn56	52094	0.0904925	99998.8	0	0
neutron	939.565	0.357486	99998.7	0	0
Al27	25126.5	0.137433	99998.7	0	0
Mn56	52094	0.0932812	99998.7	0	0
proton	938.272	3.27974	99998.7	0	0
neutron	939.565	2.90813	99998.7	0	0
neutron	939.565	0.391226	99998.7	0	0
Ne21	19550.5	0.279268	99998.7	0	0
Na24	22341.8	0.213387	99998.7	0	0
proton	938.272	23.5101	99998.8	0	0
neutron	939.565	6.88837	99998.8	0	0
proton	938.272	5.22168	99998.8	0	0
Na25	23272.4	2.96242	99998.8	0	0
neutron	939.565	0.052627	99998.8	0	0
Na23	21409.2	0.188364	99998.8	0	0
neutron	939.565	8.22172	99998.8	0	0
proton	938.272	4.81871	99998.8	0	0
neutron	939.565	0.4107	99998.8	0	0
Mg25	23268	1.18093	99998.8	0	0
neutron	939.565	4.10592	99998.8	0	0
proton	938.272	1.87129	99998.8	0	0
neutron	939.565	1.00064	99998.8	0	0
C13	12109.5	0.563847	99998.8	0	0
Al29	26988.5	0.177374	99998.8	0	0
Na25	23272.4	0.200296	99998.8	0	0
neutron	939.565	4.81072	99998.8	0	0
Al27	25126.5	0.516996	99998.8	0	0
neutron	939.565	5.77073	99998.7	0	0
proton	938.272	3.00643	99998.7	0	0
Ne22	20479.7	0.452685	99998.7	0	0
neutron	939.565	2.05447	99998.9	0	0
N15	13968.9	0.758393	99998.9	0	0
neutron	939.565	17.3211	99998.8	0	0
triton	2808.92	4.29607	99998.8	0	0
alpha	3727.38	3.06181	99998.8	0	0
Be8	7454.85	10.0468	99998.8	0	0
N16	14906	0.294441	99998.8	0	0
Na24	22341.8	0.215781	99998.8	0	0
neutron	939.565	18.3189	99998.8	0	0
proton	938.272	6.65905	99998.8	0	0
neutron	939.565	1.41827	99998.8	0	0
Ne21	19550.5	2.75019	99998.8	0	0
proton	938.272	6.71769	99998.9	0	0
neutron	939.565	1.63533	99998.9	0	0
neutron	939.565	1.55947	99998.9	0	0
neutron	939.565	1.49757	99998.9	0	0
Ne20	18617.7	0.979276	99998.9	0	0
Na24	22341.8	0.173742	99998.8	0	0
neutron	939.565	3.01077	99998.8	0	0
Al27	25126.5	0.0185026	99998.8	0	0
neutron	939.565	4.37335	99998.7	0	0
neutron	939.565	2.99534	99998.7	0	0
neutron	939.565	0.228525	99998.7	0	0
deuteron	1875.61	9.05195	99998.7	0	0
Cr51	47442.5	0.660354	99998.7	0	0
N16	14906	0.291586	99998.8	0	0
neutron	939.565	0.28281	99998.8	0	0
Al27	25126.5	0.13447	99998.8	0	0
Na24	22341.8	0.197312	99998.7	0	0
Na24	22341.8	0.207939	99998.9	0	0
neutron	939.565	6.48524	99998.7	0	0
deuteron	1875.61	8.10293	99998.7	0	0
C13	12109.5	3.02938	99998.7	0	0
neutron	939.565	6.5951	99998.8	0	0
proton	938.272	4.60438	99998.8	0	0
Ne22	20479.7	0.32857	99998.8	0	0
neutron	939.565	3.23509	99998.7	0	0
deuteron	1875.61	7.70511	99998.7	0	0
Ne21	19550.5	0.758768	99998.7	0	0
Al28	26058.3	0.188987	99998.7	0	0
neutron	939.565	2.68536	99998.8	0	0
proton	938.272	1.97525	99998.8	0	0
Mg26	24196.5	0.47586	99998.8	0	0
Al28	26058.3	0.162146	99998.8	0	0
Na24	22341.8	0.204842	99998.8	0	0
neutron	939.565	6.32601	99998.8	0	0
neutron	939.565	3.82365	99998.8	0	0
proton	938.272	3.31784	99998.8	0	0
neutron	939.565	0.437189	99998.8	0	0
Ne20	18617.7	0.29848	99998.8	0	0
neutron	939.565	7.68157	99998.8	0	0
proton	938.272	4.17204	99998.8	0	0
neutron	939.565	1.45208	99998.8	0	0
neutron	939.565	1.21973	99998.8	0	0
Cr52	48370	0.269071	99998.8	0	0
Al28	26058.3	0.187668	99998.8	0	0
Na24	22341.8	0.176389	99998.7	0	0
Mn56	52094	0.0830336	99998.8	0	0
neutron	939.565	10.7338	99998.7	0	0
Na23	21409.2	0.995823	99998.7	0	0
Al28	26058.3	0.180055	99998.8	0	0
Na24	22341.8	0.178075	99998.8	0	0
Al28	26058.3	0.179357	99998.8	0	0
neutron	939.565	23.7851	99998.8	0	0
neutron	939.565	11.5199	99998.8	0	0
neutron	939.565	0.396929	99998.8	0	0
Al27	25126.5	0.344608	99998.8	0	0
neutron	939.565	7.52515	99998.7	0	0
neutron	939.565	2.00612	99998.7	0	0
Na24	22341.8	0.548153	99998.7	0	0
Al28	26058.3	0.187913	99998.8	0	0
Al28	26058.3	0.179925	99998.8	0	0
proton	938.272	10.1982	99998.8	0	0
neutron	939.565	10.012	99998.8	0	0
neutron	939.565	2.58381	99998.8	0	0
neutron	939.565	2.26854	99998.8	0	0
neutron	939.565	0.797447	99998.8	0	0
neutron	939.565	0.415645	99998.8	0	0
Ne20	18617.7	0.958017	99998.8	0	0
neutron	939.565	3.48694	99998.8	0	0
proton	938.272	2.79687	99998.8	0	0
Ne22	20479.7	0.531007	99998.8	0	0
Na24	22341.8	0.211466	99998.7	0	0
neutron	939.565	1.85382	99998.7	0	0
neutron	939.565	1.46251	99998.7	0	0
Na24	22341.8	0.311097	99998.7	0	0
neutron	939.565	18.1146	99998.8	0	0
neutron	939.565	5.11671	99998.8	0	0
N14	13040.2	0.691304	99998.8	0	0
neutron	939.565	2.50573	99998.8	0	0
proton	938.272	1.56127	99998.8	0	0
Ne22	20479.7	0.0713535	99998.8	0	0
Al28	26058.3	0.174976	99998.8	0	0
Al29	26988.5	0.173784	99998.7	0	0
neutron	939.565	16.1129	99998.8	0	0
neutron	939.565	3.32872	99998.8	0	0
proton	938.272	1.9895	99998.8	0	0
Mg25	23268	1.17605	99998.8	0	0
neutron	939.565	7.14226	99998.8	0	0
proton	938.272	4.50354	99998.8	0	0
neutron	939.565	3.96729	99998.8	0	0
Ne21	19550.5	0.158058	99998.8	0	0
Al28	26058.3	0.180938	99998.7	0	0
neutron	939.565	1.62391	99998.7	0	0
N15	13968.9	0.237586	99998.7	0	0
neutron	939.565	0.583573	99998.8	0	0
Na23	21409.2	0.251821	99998.8	0	0
proton	938.272	8.17875	99998.8	0	0
neutron	939.565	3.87407	99998.8	0	0
Ne22	20479.7	0.583629	99998.8	0	0
Na24	22341.8	0.198385	99998.8	0	0
Na24	22341.8	0.212803	99998.7	0	0
neutron	939.565	7.52757	99998.8	0	0
neutron	939.565	7.47305	99998.8	0	0
neutron	939.565	5.62957	99998.8	0	0
proton	938.272	5.53216	99998.8	0	0
neutron	939.565	1.57267	99998.8	0	0
Cr51	47442.5	0.386232	99998.8	0	0
neutron	939.565	7.52418	99998.8	0	0
neutron	939.565	7.26383	99998.8	0	0
proton	938.272	4.23121	99998.8	0	0
deuteron	1875.61	17.1739	99998.8	0	0
B11	10252.5	5.58985	99998.8	0	0
neutron	939.565	9.21333	99998.8	0	0
proton	938.272	7.0113	99998.8	0	0
neutron	939.565	2.94249	99998.8	0	0
neutron	939.565	1.30842	99998.8	0	0
Ne20	18617.7	1.92451	99998.8	0	0
neutron	939.565	2.71342	99998.8	0	0
neutron	939.565	0.733282	99998.8	0	0
Na24	22341.8	0.449204	99998.8	0	0
neutron	939.565	6.42611	99998.8	0	0
proton	938.272	4.34913	99998.8	0	0
neutron	939.565	2.55897	99998.8	0	0
neutron	939.565	1.77803	99998.8	0	0
C12	11174.9	0.847384	99998.8	0	0
neutron	939.565	11.0678	99998.7	0	0
proton	938.272	5.13544	99998.7	0	0
neutron	939.565	0.686029	99998.7	0	0
Ne21	19550.5	0.645638	99998.7	0	0
neutron	939.565	0.417551	99998.7	0	0
Na23	21409.2	0.321785	99998.7	0	0
Na24	22341.8	0.201783	99998.8	0	0
proton	938.272	3.78505	99998.8	0	0
neutron	939.565	3.73387	99998.8	0	0
neutron	939.565	1.02696	99998.8	0	0
Ne23	21414.1	0.541749	99998.8	0	0
neutron	939.565	0.581795	99998.7	0	0
Mn55	51161.7	0.0399814	99998.7	0	0
Na25	23272.4	0.205539	99998.8	0	0
Al28	26058.3	0.172546	99998.8	0	0
neutron	939.565	19.2027	99998.7	0	0
proton	938.272	2.08436	99998.7	0	0
Mg26	24196.5	0.694267	99998.7	0	0
neutron	939.565	36.9222	99998.8	0	0
proton	938.272	8.82722	99998.8	0	0
neutron	939.565	1.48711	99998.8	0	0
neutron	939.565	0.823268	99998.8	0	0
Ne20	18617.7	1.36806	99998.8	0	0
Al28	26058.3	0.172081	99998.8	0	0
neutron	939.565	11.9289	99998.8	0	0
neutron	939.565	5.52527	99998.8	0	0
deuteron	1875.61	9.87323	99998.8	0	0
C12	11174.9	0.0334841	99998.8	0	0
Al29	26988.5	0.164544	99998.8	0	0
proton	938.272	18.873	99998.6	0	0
neutron	939.565	4.74364	99998.6	0	0
Ne24	22344.8	0.633073	99998.6	0	0
neutron	939.565	4.89513	99998.9	0	0
proton	938.272	3.98943	99998.9	0	0
Ne22	20479.7	0.186727	99998.9	0	0
neutron	939.565	12.339	99998.9	0	0
neutron	939.565	6.44376	99998.9	0	0
neutron	939.565	4.16918	99998.9	0	0
proton	938.272	2.82389	99998.9	0	0
proton	938.272	2.18976	99998.9	0	0
Na23	21409.2	0.859495	99998.9	0	0
Na24	22341.8	0.190455	99998.7	0	0
neutron	939.565	0.277165	99998.8	0	0
Mn55	51161.7	0.0542913	99998.8	0	0
neutron	939.565	2.2579	99998.8	0	0
neutron	939.565	1.00872	99998.8	0	0
deuteron	1875.61	2.02161	99998.8	0	0
C12	11174.9	0.296692	99998.8	0	0
Na24	22341.8	0.192696	99998.8	0	0
neutron	939.565	32.1731	99998.8	0	0
proton	938.272	15.128	99998.8	0	0
neutron	939.565	7.45385	99998.8	0	0
neutron	939.565	3.93297	99998.8	0	0
Ne20	18617.7	1.35115	99998.8	0	0
neutron	939.565	3.85746	99998.8	0	0
triton	2808.92	7.61548	99998.8	0	0
C12	11174.9	2.49981	99998.8	0	0
neutron	939.565	3.21761	99998.9	0	0
neutron	939.565	1.13039	99998.9	0	0
neutron	939.565	0.536605	99998.9	0	0
Mn53	49301.8	0.219678	99998.9	0	0
neutron	939.565	11.0277	99998.8	0	0
neutron	939.565	9.49185	99998.8	0	0
proton	938.272	1.8439	99998.8	0	0
C13	12109.5	2.15173	99998.8	0	0
Na26	24206.4	0.178798	99998.7	0	0
neutron	939.565	22.2119	99998.8	0	0
proton	938.272	9.81618	99998.8	0	0
neutron	939.565	6.33238	99998.8	0	0
neutron	939.565	3.81664	99998.8	0	0
alpha	3727.38	4.71744	99998.8	0	0
O16	14895.1	2.41472	99998.8	0	0
Na24	22341.8	0.20344	99998.8	0	0
neutron	939.565	13.9541	99998.8	0	0
neutron	939.565	1.53457	99998.8	0	0
N14	13040.2	1.74467	99998.8	0	0
neutron	939.565	13.8976	99998.8	0	0
neutron	939.565	4.8634	99998.8	0	0
proton	938.272	4.82114	99998.8	0	0
neutron	939.565	1.58503	99998.8	0	0
neutron	939.565	1.34453	99998.8	0	0
neutron	939.565	0.808484	99998.8	0	0
Cr50	46512.2	0.425519	99998.8	0	0
neutron	939.565	2.58784	99998.7	0	0
Al27	25126.5	0.191054	99998.7	0	0
proton	938.272	4.66424	99998.9	0	0
neutron	939.565	2.19145	99998.9	0	0
neutron	939.565	1.75666	99998.9	0	0
alpha	3727.38	7.88549	99998.9	0	0
Ne21	19550.5	2.08896	99998.9	0	0
Na24	22341.8	0.202478	99998.8	0	0
Na24	22341.8	0.207649	99998.8	0	0
Na24	22341.8	0.199611	99998.7	0	0
Na24	22341.8	0.203953	99998.8	0	0
Na26	24206.4	0.181182	99998.7	0	0
neutron	939.565	0.160669	99998.8	0	0
Mn55	51161.7	0.0620914	99998.8	0	0
neutron	939.565	43.78	99998.7	0	0
proton	938.272	3.38029	99998.7	0	0
neutron	939.565	2.54484	99998.7	0	0
Mg27	25129.6	2.44975	99998.7	0	0
neutron	939.565	2.88199	99998.7	0	0
neutron	939.565	2.13114	99998.7	0	0
neutron	939.565	1.45034	99998.7	0	0
Mn53	49301.8	0.0851444	99998.7	0	0
neutron	939.565	5.96997	99998.8	0	0
N15	13968.9	0.576426	99998.8	0	0
neutron	939.565	9.53053	99998.8	0	0
neutron	939.565	6.69403	99998.8	0	0
deuteron	1875.61	2.42073	99998.8	0	0
C12	11174.9	1.73483	99998.8	0	0
neutron	939.565	11.4457	99998.7	0	0
neutron	939.565	1.394	99998.7	0	0
N14	13040.2	1.07049	99998.7	0	0
Al28	26058.3	0.174522	99998.8	0	0
Na24	22341.8	0.215376	99998.8	0	0
Na24	22341.8	0.204051	99998.7	0	0
Na24	22341.8	0.187347	99998.8	0	0
neutron	939.565	18.4843	99998.8	0	0
neutron	939.565	7.92746	99998.8	0	0
deuteron	1875.61	5.42975	99998.8	0	0
alpha	3727.38	6.2946	99998.8	0	0
O16	14895.1	1.06852	99998.8	0	0
neutron	939.565	35.894	99998.8	0	0
proton	938.272	8.40255	99998.8	0	0
neutron	939.565	7.78609	99998.8	0	0
neutron	939.565	0.514554	99998.8	0	0
C12	11174.9	3.35123	99998.8	0	0
neutron	939.565	17.2499	99998.8	0	0
proton	938.272	4.40063	99998.8	0	0
C14	13040.9	2.36242	99998.8	0	0
Mn56	52094	0.0923831	99998.8	0	0
N16	14906	0.292197	99998.8	0	0
Al28	26058.3	0.191832	99998.8	0	0
Na24	22341.8	0.209062	99998.8	0	0
proton	938.272	4.52179	99998.8	0	0
neutron	939.565	2.39387	99998.8	0	0
neutron	939.565	0.334681	99998.8	0	0
Ne21	19550.5	0.333223	99998.8	0	0
neutron	939.565	10.6034	99998.8	0	0
neutron	939.565	0.633045	99998.8	0	0
deuteron	1875.61	9.73646	99998.8	0	0
C12	11174.9	1.89937	99998.8	0	0
neutron	939.565	2.34339	99998.8	0	0
neutron	939.565	1.82481	99998.8	0	0
Na22	20482.1	0.0999098	99998.8	0	0
neutron	939.565	0.083399	99998.8	0	0
Na23	21409.2	0.175171	99998.8	0	0
Na25	23272.4	0.204501	99998.8	0	0
neutron	939.565	9.41502	99998.8	0	0
neutron	939.565	8.10625	99998.8	0	0
proton	938.272	5.3849	99998.8	0	0
neutron	939.565	0.858249	99998.8	0	0
C12	11174.9	2.97452	99998.8	0	0
Mn56	52094	0.0971315	99998.8	0	0
neutron	939.565	0.0862326	99998.8	0	0
N15	13968.9	0.249205	99998.8	0	0
Na24	22341.8	0.211606	99998.8	0	0
proton	938.272	5.84553	99998.8	0	0
neutron	939.565	0.931622	99998.8	0	0
neutron	939.565	0.679786	99998.8	0	0
Cr53	49301.7	0.21705	99998.8	0	0
proton	938.272	28.4048	99998.8	0	0
neutron	939.565	0.833562	99998.8	0	0
C14	13040.9	2.61827	99998.8	0	0
neutron	939.565	1.01502	99998.8	0	0
Mn55	51161.7	0.128265	99998.8	0	0
Mn56	52094	0.0974711	99998.8	0	0
proton	938.272	12.1546	99998.8	0	0
neutron	939.565	8.96969	99998.8	0	0
proton	938.272	6.10469	99998.8	0	0
neutron	939.565	3.59081	99998.8	0	0
neutron	939.565	0.552072	99998.8	0	0
B11	10252.5	2.84414	99998.8	0	0
neutron	939.565	10.9294	99998.7	0	0
neutron	939.565	5.46089	99998.7	0	0
proton	938.272	4.47322	99998.7	0	0
neutron	939.565	1.79071	99998.7	0	0
alpha	3727.38	5.11741	99998.7	0	0
O16	14895.1	2.0133	99998.7	0	0
Na24	22341.8	0.206533	99998.9	0	0
Na24	22341.8	0.210065	99998.8	0	0
neutron	939.565	11.5853	99998.7	0	0
N15	13968.9	1.34797	99998.7	0	0
neutron	939.565	1.36615	99998.8	0	0
N15	13968.9	0.390591	99998.8	0	0
proton	938.272	12.4188	99998.7	0	0
neutron	939.565	7.8966	99998.7	0	0
proton	938.272	2.14085	99998.7	0	0
neutron	939.565	1.6107	99998.7	0	0
neutron	939.565	0.250396	99998.7	0	0
Na23	21409.2	1.40158	99998.7	0	0
neutron	939.565	3.55535	99998.7	0	0
neutron	939.565	2.46305	99998.7	0	0
deuteron	1875.61	3.71308	99998.7	0	0
Ne20	18617.7	0.775937	99998.7	0	0
neutron	939.565	18.4063	99998.7	0	0
neutron	939.565	6.72997	99998.7	0	0
proton	938.272	2.90535	99998.7	0	0
Ne21	19550.5	2.35265	99998.7	0	0
neutron	939.565	5.37515	99998.7	0	0
neutron	939.565	0.321494	99998.7	0	0
Mn54	50232.4	0.276588	99998.7	0	0
neutron	939.565	1.79693	99998.8	0	0
Na23	21409.2	0.107702	99998.8	0	0
Na24	22341.8	0.205073	99998.8	0	0
proton	938.272	3.26836	99998.7	0	0
neutron	939.565	3.04203	99998.7	0	0
Mg26	24196.5	0.0180614	99998.7	0	0
Na24	22341.8	0.209728	99998.8	0	0
neutron	939.565	4.37342	99998.7	0	0
Al28	26058.3	0.0674982	99998.7	0	0
neutron	939.565	0.958462	99998.8	0	0
Na23	21409.2	0.139352	99998.8	0	0
proton	938.272	9.26474	99998.8	0	0
proton	938.272	7.18409	99998.8	0	0
neutron	939.565	6.77286	99998.8	0	0
neutron	939.565	5.43985	99998.8	0	0
neutron	939.565	3.05571	99998.8	0	0
proton	938.272	1.62579	99998.8	0	0
Ne22	20479.7	2.38625	99998.8	0	0
neutron	939.565	23.9008	99998.8	0	0
proton	938.272	5.59563	99998.8	0	0
neutron	939.565	5.55388	99998.8	0	0
neutron	939.565	1.08313	99998.8	0	0
C12	11174.9	1.55025	99998.8	0	0
proton	938.272	13.1047	99998.8	0	0
neutron	939.565	10.2552	99998.8	0	0
neutron	939.565	2.46283	99998.8	0	0
proton	938.272	1.74608	99998.8	0	0
neutron	939.565	1.00616	99998.8	0	0
Na23	21409.2	1.35767	99998.8	0	0
Mn56	52094	0.0947234	99998.8	0	0
neutron	939.565	4.42286	99998.7	0	0
proton	938.272	4.04145	99998.7	0	0
Mg26	24196.5	0.0520794	99998.7	0	0
Na24	22341.8	0.186596	99998.7	0	0
Na24	22341.8	0.212812	99998.8	0	0
neutron	939.565	19.4329	99998.7	0	0
neutron	939.565	15.6746	99998.7	0	0
proton	938.272	6.63831	99998.7	0	0
neutron	939.565	0.165566	99998.7	0	0
Mg24	22335.8	1.59761	99998.7	0	0
neutron	939.565	6.4772	99998.7	0	0
neutron	939.565	3.20747	99998.7	0	0
neutron	939.565	3.17636	99998.7	0	0
proton	938.272	2.59546	99998.7	0	0
C12	11174.9	0.368939	99998.7	0	0
neutron	939.565	0.928759	99998.8	0	0
Al27	25126.5	0.311705	99998.8	0	0
neutron	939.565	4.83837	99998.8	0	0
neutron	939.565	3.43124	99998.8	0	0
Na23	21409.2	0.193365	99998.8	0	0
neutron	939.565	3.24256	99998.8	0	0
proton	938.272	2.29999	99998.8	0	0
C14	13040.9	0.0872095	99998.8	0	0
Na26	24206.4	0.186702	99998.8	0	0
neutron	939.565	14.0624	99998.8	0	0
proton	938.272	4.11191	99998.8	0	0
neutron	939.565	0.804754	99998.8	0	0
alpha	3727.38	8.42913	99998.8	0	0
O17	15830.5	4.5188	99998.8	0	0
neutron	939.565	1.96231	99998.7	0	0
Al27	25126.5	0.10403	99998.7	0	0
proton	938.272	10.8623	99998.7	0	0
neutron	939.565	5.97374	99998.7	0	0
neutron	939.565	1.83063	99998.7	0	0
Ne21	19550.5	0.0289621	99998.7	0	0
Na24	22341.8	0.190481	99998.8	0	0
neutron	939.565	0.080597	99998.8	0	0
Mn55	51161.7	0.102279	99998.8	0	0
Al28	26058.3	0.188909	99998.7	0	0
neutron	939.565	7.02682	99998.8	0	0
proton	938.272	3.08533	99998.8	0	0
neutron	939.565	1.32917	99998.8	0	0
alpha	3727.38	10.2083	99998.8	0	0
Ti49	45583.4	0.693445	99998.8	0	0
neutron	939.565	6.00954	99998.7	0	0
neutron	939.565	3.00513	99998.7	0	0
deuteron	1875.61	12.6144	99998.7	0	0
C12	11174.9	4.1792	99998.7	0	0
Al28	26058.3	0.182155	99998.8	0	0
N16	14906	0.290137	99998.8	0	0
neutron	939.565	2.392	99998.8	0	0
N15	13968.9	0.123765	99998.8	0	0
neutron	939.565	16.8055	99998.8	0	0
neutron	939.565	11.0651	99998.8	0	0
neutron	939.565	1.22572	99998.8	0	0
deuteron	1875.61	3.33613	99998.8	0	0
Mg25	23268	2.30519	99998.8	0	0
proton	938.272	24.6601	99998.8	0	0
neutron	939.565	13.0177	99998.8	0	0
neutron	939.565	1.14704	99998.8	0	0
Mg25	23268	1.12924	99998.8	0	0
Na24	22341.8	0.183906	99998.8	0	0
Al28	26058.3	0.182498	99998.7	0	0
neutron	939.565	11.1062	99998.8	0	0
neutron	939.565	9.52189	99998.8	0	0
deuteron	1875.61	5.37627	99998.8	0	0
alpha	3727.38	11.8429	99998.8	0	0
alpha	3727.38	7.0688	99998.8	0	0
alpha	3727.38	2.9063	99998.8	0	0
neutron	939.565	4.45262	99998.7	0	0
proton	938.272	1.99659	99998.7	0	0
Mg26	24196.5	0.407458	99998.7	0	0
Na24	22341.8	0.206352	99998.7	0	0
neutron	939.565	5.10129	99998.8	0	0
neutron	939.565	3.01079	99998.8	0	0
deuteron	1875.61	14.1373	99998.8	0	0
C12	11174.9	2.15566	99998.8	0	0
Na24	22341.8	0.205902	99998.7	0	0
proton	938.272	2.4682	99998.7	0	0
neutron	939.565	1.93329	99998.7	0	0
Mg26	24196.5	0.492039	99998.7	0	0
neutron	939.565	10.7519	99998.8	0	0
proton	938.272	9.51882	99998.8	0	0
neutron	939.565	4.04137	99998.8	0	0
proton	938.272	2.51197	99998.8	0	0
neutron	939.565	0.573804	99998.8	0	0
Na23	21409.2	0.740931	99998.8	0	0
neutron	939.565	17.9869	99998.8	0	0
neutron	939.565	10.5941	99998.8	0	0
neutron	939.565	8.63665	99998.8	0	0
proton	938.272	1.66376	99998.8	0	0
C12	11174.9	4.5585	99998.8	0	0
proton	938.272	9.69266	99998.8	0	0
neutron	939.565	4.14142	99998.8	0	0
neutron	939.565	1.99685	99998.8	0	0
neutron	939.565	1.66837	99998.8	0	0
Ne20	18617.7	0.658218	99998.8	0	0
neutron	939.565	0.555512	99998.7	0	0
Mn53	49301.8	0.124327	99998.7	0	0
Na24	22341.8	0.200987	99998.7	0	0
neutron	939.565	3.05101	99998.7	0	0
Al27	25126.5	0.124917	99998.7	0	0
Mn56	52094	0.0937548	99998.8	0	0
neutron	939.565	0.354294	99998.9	0	0
Mn55	51161.7	0.0858691	99998.9	0	0
proton	938.272	11.1006	99998.7	0	0
neutron	939.565	4.8633	99998.7	0	0
neutron	939.565	4.36487	99998.7	0	0
neutron	939.565	2.23309	99998.7	0	0
Mg24	22335.8	1.48766	99998.7	0	0
proton	938.272	3.84409	99998.7	0	0
neutron	939.565	3.51821	99998.7	0	0
proton	938.272	3.16099	99998.7	0	0
neutron	939.565	3.10017	99998.7	0	0
neutron	939.565	1.90551	99998.7	0	0
Na23	21409.2	0.369346	99998.7	0	0
neutron	939.565	17.742	99998.7	0	0
proton	938.272	7.74485	99998.7	0	0
neutron	939.565	0.275743	99998.7	0	0
C13	12109.5	1.24918	99998.7	0	0
Na24	22341.8	0.2147	99998.7	0	0
N16	14906	0.290636	99998.8	0	0
neutron	939.565	2.81687	99998.8	0	0
Al27	25126.5	0.350897	99998.8	0	0
neutron	939.565	1.81639	99998.8	0	0
N15	13968.9	0.350771	99998.8	0	0
Al28	26058.3	0.165909	99998.7	0	0
neutron	939.565	14.5751	99998.8	0	0
neutron	939.565	1.43808	99998.8	0	0
deuteron	1875.61	7.05876	99998.8	0	0
C12	11174.9	1.53091	99998.8	0	0
Na24	22341.8	0.210923	99998.8	0	0
Na24	22341.8	0.217717	99998.8	0	0
neutron	939.565	0.487431	99998.8	0	0
Na23	21409.2	0.144775	99998.8	0	0
proton	938.272	42.7537	99998.8	0	0
neutron	939.565	2.1354	99998.8	0	0
neutron	939.565	0.287794	99998.8	0	0
Cr53	49301.7	0.599725	99998.8	0	0
Mn56	52094	0.0916746	99998.8	0	0
Al28	26058.3	0.15551	99999.1	0	0
neutron	939.565	8.52516	99998.8	0	0
proton	938.272	4.45604	99998.8	0	0
neutron	939.565	1.67469	99998.8	0	0
Ne21	19550.5	0.131155	99998.8	0	0
proton	938.272	3.96412	99998.8	0	0
neutron	939.565	3.01207	99998.8	0	0
neutron	939.565	1.00926	99998.8	0	0
neutron	939.565	0.678249	99998.8	0	0
Ne22	20479.7	0.197685	99998.8	0	0
neutron	939.565	1.37583	99998.8	0	0
Al27	25126.5	0.0998134	99998.8	0	0
Al28	26058.3	0.192791	99998.7	0	0
neutron	939.565	0.108236	99998.8	0	0
Mn55	51161.7	0.0598724	99998.8	0	0
Na25	23272.4	0.211743	99998.8	0	0
neutron	939.565	0.273975	99998.7	0	0
N15	13968.9	0.244126	99998.7	0	0
neutron	939.565	12.3798	99998.8	0	0
neutron	939.565	2.84841	99998.8	0	0
Na22	20482.1	0.361182	99998.8	0	0
neutron	939.565	0.245056	99998.8	0	0
Na23	21409.2	0.248144	99998.8	0	0
Na24	22341.8	0.188573	99998.8	0	0
Al28	26058.3	0.184115	99998.8	0	0
neutron	939.565	3.73148	99998.7	0	0
neutron	939.565	0.640483	99998.7	0	0
neutron	939.565	0.617472	99998.7	0	0
Mn53	49301.8	0.105349	99998.7	0	0
Na25	23272.4	0.193944	99998.7	0	0
neutron	939.565	15.3907	99998.8	0	0
proton	938.272	9.5859	99998.8	0	0
neutron	939.565	4.22837	99998.8	0	0
neutron	939.565	1.92069	99998.8	0	0
C12	11174.9	1.81448	99998.8	0	0
neutron	939.565	5.60004	99998.8	0	0
N15	13968.9	0.376503	99998.8	0	0
neutron	939.565	0.33922	99998.8	0	0
neutron	939.565	0.323507	99998.8	0	0
deuteron	1875.61	3.02995	99998.8	0	0
C12	11174.9	0.398113	99998.8	0	0
proton	938.272	6.32348	99998.8	0	0
neutron	939.565	1.18749	99998.8	0	0
C14	13040.9	1.04869	99998.8	0	0
neutron	939.565	3.02964	99998.7	0	0
alpha	3727.38	4.41823	99998.7	0	0
F19	17692.3	1.10246	99998.7	0	0
Al28	26058.3	0.173251	99998.8	0	0
Mn56	52094	0.094141	99998.8	0	0
proton	938.272	5.05913	99998.7	0	0
neutron	939.565	2.13546	99998.7	0	0
neutron	939.565	1.76621	99998.7	0	0
deuteron	1875.61	3.83731	99998.7	0	0
alpha	3727.38	3.48158	99998.7	0	0
N15	13968.9	1.81797	99998.7	0	0
proton	938.272	3.591	99998.8	0	0
neutron	939.565	3.39988	99998.8	0	0
neutron	939.565	2.32878	99998.8	0	0
C13	12109.5	0.686242	99998.8	0	0
Al28	26058.3	0.160628	99998.8	0	0
neutron	939.565	0.919112	99998.8	0	0
Al27	25126.5	0.0490057	99998.8	0	0
N16	14906	0.287986	99998.8	0	0
neutron	939.565	17.5156	99998.8	0	0
neutron	939.565	7.80177	99998.8	0	0
neutron	939.565	2.69993	99998.8	0	0
proton	938.272	2.18963	99998.8	0	0
C12	11174.9	1.86101	99998.8	0	0
neutron	939.565	1.79655	99998.7	0	0
Al27	25126.5	0.156983	99998.7	0	0
Na24	22341.8	0.218082	99998.8	0	0
Al28	26058.3	0.188971	99998.7	0	0
neutron	939.565	0.277751	99998.8	0	0
Na23	21409.2	0.150316	99998.8	0	0
Mn57	53024.9	0.0938423	99998.7	0	0
proton	938.272	9.36758	99998.8	0	0
neutron	939.565	2.89482	99998.8	0	0
alpha	3727.38	4.67016	99998.8	0	0
Ne22	20479.7	1.46703	99998.8	0	0
neutron	939.565	0.806056	99998.7	0	0
Al27	25126.5	0.207212	99998.7	0	0
neutron	939.565	2.14261	99998.7	0	0
proton	938.272	1.78413	99998.7	0	0
Ne22	20479.7	0.36678	99998.7	0	0
Al28	26058.3	0.168467	99998.9	0	0
Al30	27922.3	0.161992	99998.8	0	0
neutron	939.565	5.99136	99998.8	0	0
Al27	25126.5	0.517075	99998.8	0	0
neutron	939.565	9.28709	99998.7	0	0
proton	938.272	8.89918	99998.7	0	0
neutron	939.565	8.505	99998.7	0	0
neutron	939.565	0.432342	99998.7	0	0
Mg24	22335.8	0.989445	99998.7	0	0
proton	938.272	5.97811	99998.8	0	0
neutron	939.565	1.95553	99998.8	0	0
Ne22	20479.7	0.432493	99998.8	0	0
proton	938.272	1.1122	99998.8	0	0
neutron	939.565	0.455252	99998.8	0	0
C14	13040.9	0.310879	99998.8	0	0
Mn56	52094	0.0789328	99998.8	0	0
neutron	939.565	2.32716	99998.7	0	0
N15	13968.9	0.473761	99998.7	0	0
neutron	939.565	8.15262	99998.8	0	0
neutron	939.565	5.74341	99998.8	0	0
proton	938.272	3.59949	99998.8	0	0
neutron	939.565	3.37767	99998.8	0	0
C12	11174.9	0.293692	99998.8	0	0
neutron	939.565	2.05792	99998.7	0	0
neutron	939.565	1.24062	99998.7	0	0
deuteron	1875.61	6.61114	99998.7	0	0
Mg24	22335.8	0.988475	99998.7	0	0
neutron	939.565	3.94373	99998.8	0	0
neutron	939.565	0.818002	99998.8	0	0
N14	13040.2	0.946419	99998.8	0	0
Al28	26058.3	0.181517	99998.7	0	0
Al28	26058.3	0.167892	99998.9	0	0
Al28	26058.3	0.176416	99998.8	0	0
proton	938.272	6.80967	99998.7	0	0
neutron	939.565	4.2572	99998.7	0	0
Mg26	24196.5	0.453914	99998.7	0	0
neutron	939.565	5.64775	99998.7	0	0
Na23	21409.2	0.335131	99998.7	0	0
neutron	939.565	0.317224	99998.8	0	0
Al27	25126.5	0.145996	99998.8	0	0
Al28	26058.3	0.190302	99998.8	0	0
neutron	939.565	6.49958	99998.8	0	0
Al27	25126.5	0.651869	99998.8	0	0
Na24	22341.8	0.21069	99998.8	0	0
neutron	939.565	0.0145797	99998.8	0	0
Al27	25126.5	0.186058	99998.8	0	0
neutron	939.565	6.10804	99998.8	0	0
neutron	939.565	0.363681	99998.8	0	0
Al27	25126.5	0.098055	99998.8	0	0
neutron	939.565	10.9375	99998.8	0	0
proton	938.272	4.33068	99998.8	0	0
proton	938.272	3.9128	99998.8	0	0
proton	938.272	3.47434	99998.8	0	0
neutron	939.565	3.10774	99998.8	0	0
neutron	939.565	0.494406	99998.8	0	0
Ti50	46512.1	0.499017	99998.8	0	0
neutron	939.565	5.1098	99998.8	0	0
proton	938.272	3.84862	99998.8	0	0
neutron	939.565	1.56377	99998.8	0	0
Mg25	23268	0.581058	99998.8	0	0
Mn56	52094	0.075392	99998.7	0	0
Na24	22341.8	0.215805	99998.8	0	0
proton	938.272	7.76992	99998.8	0	0
neutron	939.565	7.30105	99998.8	0	0
proton	938.272	5.06323	99998.8	0	0
proton	938.272	2.80456	99998.8	0	0
neutron	939.565	2.40051	99998.8	0	0
neutron	939.565	2.21319	99998.8	0	0
Ne22	20479.7	1.08085	99998.8	0	0
neutron	939.565	1.34057	99998.7	0	0
Al27	25126.5	0.307119	99998.7	0	0
Al28	26058.3	0.182937	99998.8	0	0
Al28	26058.3	0.182604	99998.8	0	0
N16	14906	0.286644	99998.8	0	0
neutron	939.565	9.85533	99998.7	0	0
proton	938.272	9.11225	99998.7	0	0
neutron	939.565	2.29116	99998.7	0	0
neutron	939.565	0.864408	99998.7	0	0
Ne21	19550.5	0.897913	99998.7	0	0
Al28	26058.3	0.192159	99998.8	0	0
proton	938.272	20.8574	99998.8	0	0
neutron	939.565	19.7293	99998.8	0	0
neutron	939.565	3.16994	99998.8	0	0
C13	12109.5	3.94555	99998.8	0	0
proton	938.272	4.96059	99998.8	0	0
neutron	939.565	1.59215	99998.8	0	0
neutron	939.565	1.372	99998.8	0	0
Mg25	23268	0.423734	99998.8	0	0
neutron	939.565	0.716532	99998.8	0	0
N15	13968.9	0.313025	99998.8	0	0
proton	938.272	6.31785	99998.8	0	0
neutron	939.565	0.867701	99998.8	0	0
Cr54	50231.5	0.261601	99998.8	0	0
proton	938.272	3.29796	99998.7	0	0
neutron	939.565	3.26334	99998.7	0	0
Ne22	20479.7	0.682187	99998.7	0	0
Al28	26058.3	0.17777	99998.8	0	0
neutron	939.565	12.6731	99998.8	0	0
neutron	939.565	6.16697	99998.8	0	0
proton	938.272	0.95513	99998.8	0	0
C13	12109.5	0.911845	99998.8	0	0
neutron	939.565	8.98052	99998.8	0	0
neutron	939.565	2.55597	99998.8	0	0
proton	938.272	1.27201	99998.8	0	0
neutron	939.565	0.737587	99998.8	0	0
C12	11174.9	2.40997	99998.8	0	0
proton	938.272	11.4652	99998.8	0	0
C15	13979.2	1.49016	99998.8	0	0
Mn56	52094	0.0905925	99998.7	0	0
neutron	939.565	1.20955	99998.7	0	0
Na23	21409.2	0.180059	99998.7	0	0
N16	14906	0.277483	99998.7	0	0
proton	938.272	11.2994	99998.7	0	0
neutron	939.565	8.01263	99998.7	0	0
neutron	939.565	4.62237	99998.7	0	0
neutron	939.565	3.40878	99998.7	0	0
Ne20	18617.7	1.6015	99998.7	0	0
Na24	22341.8	0.181458	99998.8	0	0
proton	938.272	14.8876	99998.7	0	0
neutron	939.565	3.10433	99998.7	0	0
neutron	939.565	1.87044	99998.7	0	0
neutron	939.565	1.81125	99998.7	0	0
alpha	3727.38	2.04004	99998.7	0	0
O16	14895.1	5.3708	99998.7	0	0
neutron	939.565	29.8328	99998.8	0	0
proton	938.272	17.0504	99998.8	0	0
neutron	939.565	0.257435	99998.8	0	0
Mg25	23268	3.12398	99998.8	0	0
neutron	939.565	9.92786	99998.7	0	0
proton	938.272	3.04702	99998.7	0	0
neutron	939.565	1.6511	99998.7	0	0
alpha	3727.38	6.88783	99998.7	0	0
Ne21	19550.5	0.867196	99998.7	0	0
Al28	26058.3	0.178761	99998.8	0	0
neutron	939.565	3.48208	99998.8	0	0
N15	13968.9	0.666094	99998.8	0	0
neutron	939.565	52.9238	99998.8	0	0
neutron	939.565	19.3695	99998.8	0	0
Mn54	50232.4	0.740518	99998.8	0	0
neutron	939.565	0.974718	99998.8	0	0
Al27	25126.5	0.18289	99998.8	0	0
neutron	939.565	6.26466	99998.8	0	0
neutron	939.565	3.20085	99998.8	0	0
triton	2808.92	4.80844	99998.8	0	0
Ne21	19550.5	0.963882	99998.8	0	0
neutron	939.565	4.64996	99998.8	0	0
neutron	939.565	1.62037	99998.8	0	0
N14	13040.2	0.177376	99998.8	0	0
Na24	22341.8	0.212956	99998.7	0	0
Al28	26058.3	0.187299	99998.8	0	0
proton	938.272	7.35621	99998.7	0	0
neutron	939.565	2.02052	99998.7	0	0
neutron	939.565	0.187276	99998.7	0	0
Ne21	19550.5	0.549618	99998.7	0	0
Al28	26058.3	0.170632	99998.8	0	0
proton	938.272	8.39127	99998.8	0	0
neutron	939.565	7.22132	99998.8	0	0
neutron	939.565	6.9092	99998.8	0	0
neutron	939.565	1.53272	99998.8	0	0
Ne22	20479.7	0.123035	99998.8	0	0
proton	938.272	6.5473	99998.8	0	0
neutron	939.565	3.38528	99998.8	0	0
neutron	939.565	0.986246	99998.8	0	0
neutron	939.565	0.308478	99998.8	0	0
Cr52	48370	0.291438	99998.8	0	0
Al28	26058.3	0.182195	99998.7	0	0
neutron	939.565	5.7209	99998.8	0	0
proton	938.272	4.65629	99998.8	0	0
Ne22	20479.7	0.561979	99998.8	0	0
neutron	939.565	3.56041	99998.8	0	0
Na23	21409.2	0.472075	99998.8	0	0
Al28	26058.3	0.179839	99998.7	0	0
proton	938.272	20.4551	99998.8	0	0
proton	938.272	13.3089	99998.8	0	0
neutron	939.565	0.734454	99998.8	0	0
F21	19556.7	0.684524	99998.8	0	0
neutron	939.565	4.74898	99998.9	0	0
Na23	21409.2	0.729782	99998.9	0	0
Na24	22341.8	0.192104	99998.7	0	0
Al28	26058.3	0.183515	99998.7	0	0
proton	938.272	5.64949	99998.8	0	0
neutron	939.565	2.94064	99998.8	0	0
neutron	939.565	0.83328	99998.8	0	0
Cr53	49301.7	0.289197	99998.8	0	0
proton	938.272	11.3723	99998.7	0	0
neutron	939.565	10.0097	99998.7	0	0
neutron	939.565	3.60762	99998.7	0	0
neutron	939.565	2.36874	99998.7	0	0
C12	11174.9	1.69801	99998.7	0	0
proton	938.272	9.19322	99998.7	0	0
neutron	939.565	4.54212	99998.7	0	0
neutron	939.565	3.94253	99998.7	0	0
alpha	3727.38	3.91388	99998.7	0	0
O17	15830.5	1.17314	99998.7	0	0
neutron	939.565	7.72369	99998.8	0	0
proton	938.272	5.29126	99998.8	0	0
neutron	939.565	1.11456	99998.8	0	0
neutron	939.565	0.226688	99998.8	0	0
Ne20	18617.7	0.489905	99998.8	0	0
proton	938.272	7.50057	99998.8	0	0
neutron	939.565	2.94418	99998.8	0	0
neutron	939.565	2.79154	99998.8	0	0
Ne21	19550.5	0.215523	99998.8	0	0
Na24	22341.8	0.205673	99998.8	0	0
Al28	26058.3	0.187424	99998.8	0	0
neutron	939.565	9.57042	99998.8	0	0
triton	2808.92	2.7361	99998.8	0	0
alpha	3727.38	6.42375	99998.8	0	0
alpha	3727.38	5.91336	99998.8	0	0
alpha	3727.38	3.93538	99998.8	0	0
Na24	22341.8	0.209286	99998.9	0	0
neutron	939.565	17.3057	99998.8	0	0
neutron	939.565	8.87018	99998.8	0	0
proton	938.272	6.34532	99998.8	0	0
neutron	939.565	0.293854	99998.8	0	0
Cr52	48370	0.542076	99998.8	0	0
neutron	939.565	19.031	99998.8	0	0
proton	938.272	5.87708	99998.8	0	0
neutron	939.565	2.48198	99998.8	0	0
Mg25	23268	1.93807	99998.8	0	0
Na24	22341.8	0.213505	99998.7	0	0
neutron	939.565	12.6023	99998.8	0	0
neutron	939.565	1.95229	99998.8	0	0
deuteron	1875.61	7.80481	99998.8	0	0
C12	11174.9	0.261729	99998.8	0	0
neutron	939.565	0.47999	99998.7	0	0
N15	13968.9	0.192047	99998.7	0	0
neutron	939.565	3.03475	99998.8	0	0
neutron	939.565	2.34565	99998.8	0	0
proton	938.272	1.65591	99998.8	0	0
C13	12109.5	0.118785	99998.8	0	0
neutron	939.565	3.84198	99998.8	0	0
proton	938.272	2.84549	99998.8	0	0
Mg26	24196.5	0.619875	99998.8	0	0
Al28	26058.3	0.187784	99998.8	0	0
neutron	939.565	6.21566	99998.8	0	0
Na23	21409.2	0.691694	99998.8	0	0
proton	938.272	14.808	99998.8	0	0
neutron	939.565	4.06671	99998.8	0	0
neutron	939.565	0.882915	99998.8	0	0
Ne21	19550.5	0.420193	99998.8	0	0
Al28	26058.3	0.16738	99998.8	0	0
Al28	26058.3	0.186402	99998.8	0	0
Al28	26058.3	0.189675	99998.7	0	0
neutron	939.565	0.797771	99998.8	0	0
N15	13968.9	0.543157	99998.8	0	0
neutron	939.565	0.174032	99998.8	0	0
Al27	25126.5	0.121842	99998.8	0	0
neutron	939.565	2.50416	99998.7	0	0
neutron	939.565	1.14226	99998.7	0	0
neutron	939.565	0.600569	99998.7	0	0
Mn53	49301.8	0.0991434	99998.7	0	0
neutron	939.565	0.234756	99998.8	0	0
N15	13968.9	0.250673	99998.8	0	0
neutron	939.565	6.27312	99998.8	0	0
neutron	939.565	0.373364	99998.8	0	0
N14	13040.2	0.645972	99998.8	0	0
proton	938.272	1.68953	99998.8	0	0
neutron	939.565	1.62809	99998.8	0	0
C14	13040.9	0.326285	99998.8	0	0
neutron	939.565	3.21676	99998.8	0	0
deuteron	1875.61	4.10651	99998.8	0	0
C13	12109.5	0.276689	99998.8	0	0
proton	938.272	7.42409	99998.7	0	0
neutron	939.565	2.21934	99998.7	0	0
Ne22	20479.7	0.156515	99998.7	0	0
neutron	939.565	2.07408	99998.8	0	0
N15	13968.9	0.150082	99998.8	0	0
neutron	939.565	0.285872	99998.8	0	0
Na23	21409.2	0.267991	99998.8	0	0
neutron	939.565	13.5946	99998.8	0	0
Na25	23272.4	0.890725	99998.8	0	0
proton	938.272	5.33163	99998.7	0	0
neutron	939.565	2.76614	99998.7	0	0
proton	938.272	2.50854	99998.7	0	0
neutron	939.565	0.386879	99998.7	0	0
deuteron	1875.61	13.7039	99998.7	0	0
Ne22	20479.7	1.616	99998.7	0	0
neutron	939.565	0.217748	99998.7	0	0
Na23	21409.2	0.132974	99998.7	0	0
neutron	939.565	0.0469452	99998.8	0	0
Na23	21409.2	0.205677	99998.8	0	0
neutron	939.565	10.3766	99998.8	0	0
proton	938.272	2.01907	99998.8	0	0
Ne22	20479.7	0.559019	99998.8	0	0
neutron	939.565	10.1194	99998.7	0	0
neutron	939.565	3.66217	99998.7	0	0
neutron	939.565	3.10293	99998.7	0	0
proton	938.272	2.73019	99998.7	0	0
Ne22	20479.7	1.0853	99998.7	0	0
neutron	939.565	0.169847	99998.8	0	0
Al27	25126.5	0.117004	99998.8	0	0
Na24	22341.8	0.193568	99998.9	0	0
neutron	939.565	3.53848	99998.8	0	0
Na23	21409.2	0.114671	99998.8	0	0
Na24	22341.8	0.215878	99998.8	0	0
neutron	939.565	1.5292	99998.7	0	0
He3	2808.39	4.87057	99998.7	0	0
Na24	22341.8	1.17267	99998.7	0	0
neutron	939.565	7.69785	99998.7	0	0
proton	938.272	2.29194	99998.7	0	0
Ne22	20479.7	0.284077	99998.7	0	0
neutron	939.565	0.502964	99998.8	0	0
Na23	21409.2	0.255134	99998.8	0	0
Al28	26058.3	0.150851	99998.8	0	0
neutron	939.565	3.93304	99998.9	0	0
proton	938.272	2.31963	99998.9	0	0
Ne22	20479.7	0.177053	99998.9	0	0
Al28	26058.3	0.144989	99998.8	0	0
Na24	22341.8	0.204224	99998.8	0	0
proton	938.272	5.10173	99998.7	0	0
neutron	939.565	3.99597	99998.7	0	0
neutron	939.565	1.0681	99998.7	0	0
Ne21	19550.5	0.319615	99998.7	0	0
proton	938.272	18.3719	99998.7	0	0
neutron	939.565	15.4604	99998.7	0	0
neutron	939.565	5.82279	99998.7	0	0
neutron	939.565	1.17399	99998.7	0	0
Ne20	18617.7	0.525912	99998.7	0	0
Na24	22341.8	0.211734	99998.7	0	0
neutron	939.565	1.87399	99998.8	0	0
Al27	25126.5	0.331577	99998.8	0	0
neutron	939.565	7.59518	99998.8	0	0
proton	938.272	4.99937	99998.8	0	0
neutron	939.565	3.48655	99998.8	0	0
neutron	939.565	1.62885	99998.8	0	0
neutron	939.565	0.680593	99998.8	0	0
Cr51	47442.5	0.15844	99998.8	0	0
Na24	22341.8	0.184268	99998.8	0	0
proton	938.272	5.18393	99998.8	0	0
neutron	939.565	2.91671	99998.8	0	0
neutron	939.565	2.64092	99998.8	0	0
Mg25	23268	0.0601029	99998.8	0	0
neutron	939.565	25.9785	99998.8	0	0
triton	2808.92	6.56336	99998.8	0	0
alpha	3727.38	3.66018	99998.8	0	0
alpha	3727.38	2.07438	99998.8	0	0
alpha	3727.38	4.85648	99998.8	0	0
neutron	939.565	6.3254	99998.8	0	0
neutron	939.565	4.11876	99998.8	0	0
neutron	939.565	3.35889	99998.8	0	0
Al27	25126.5	0.605706	99998.8	0	0
neutron	939.565	0.420888	99998.8	0	0
Al27	25126.5	0.147873	99998.8	0	0
neutron	939.565	36.5066	99998.7	0	0
neutron	939.565	5.14181	99998.7	0	0
deuteron	1875.61	4.15759	99998.7	0	0
Ne20	18617.7	1.87458	99998.7	0	0
proton	938.272	6.47773	99998.8	0	0
neutron	939.565	4.04837	99998.8	0	0
neutron	939.565	1.22233	99998.8	0	0
neutron	939.565	1.14525	99998.8	0	0
Mg24	22335.8	1.26641	99998.8	0	0
proton	938.272	2.23427	99998.7	0	0
neutron	939.565	2.12146	99998.7	0	0
Mg26	24196.5	0.519074	99998.7	0	0
neutron	939.565	0.214748	99998.8	0	0
Na23	21409.2	0.190986	99998.8	0	0
neutron	939.565	4.03681	99998.7	0	0
neutron	939.565	0.793537	99998.7	0	0
deuteron	1875.61	9.40653	99998.7	0	0
Ne20	18617.7	0.225606	99998.7	0	0
Al28	26058.3	0.187164	99998.7	0	0
N16	14906	0.288563	99998.8	0	0
proton	938.272	5.77475	99998.8	0	0
neutron	939.565	3.43181	99998.8	0	0
neutron	939.565	3.21187	99998.8	0	0
neutron	939.565	3.1798	99998.8	0	0
C12	11174.9	2.85212	99998.8	0	0
Na24	22341.8	0.183208	99998.8	0	0
neutron	939.565	0.53636	99998.8	0	0
Mn55	51161.7	0.058112	99998.8	0	0
proton	938.272	1.88316	99998.8	0	0
neutron	939.565	1.13688	99998.8	0	0
neutron	939.565	0.885567	99998.8	0	0
Mg25	23268	0.0774096	99998.8	0	0
neutron	939.565	16.9336	99998.9	0	0
proton	938.272	3.37666	99998.9	0	0
neutron	939.565	3.00573	99998.9	0	0
Ne21	19550.5	0.85122	99998.9	0	0
neutron	939.565	4.79403	99998.7	0	0
neutron	939.565	1.62755	99998.7	0	0
neutron	939.565	0.84306	99998.7	0	0
Na23	21409.2	0.385812	99998.7	0	0
proton	938.272	6.04448	99998.7	0	0
neutron	939.565	5.58718	99998.7	0	0
neutron	939.565	3.33375	99998.7	0	0
neutron	939.565	3.01998	99998.7	0	0
Mg24	22335.8	1.28275	99998.7	0	0
neutron	939.565	1.61661	99998.8	0	0
Mn55	51161.7	0.0765112	99998.8	0	0
neutron	939.565	0.38615	99998.8	0	0
Mn55	51161.7	0.0983298	99998.8	0	0
proton	938.272	3.69495	99998.7	0	0
neutron	939.565	2.74806	99998.7	0	0
alpha	3727.38	6.04923	99998.7	0	0
Ne22	20479.7	0.242493	99998.7	0	0
neutron	939.565	1.19314	99998.8	0	0
Mn55	51161.7	0.082671	99998.8	0	0
Na24	22341.8	0.211479	99998.8	0	0
Na24	22341.8	0.208724	99998.8	0	0
neutron	939.565	1.86107	99998.7	0	0
Mn55	51161.7	0.11452	99998.7	0	0
neutron	939.565	1.18745	99998.7	0	0
Na23	21409.2	0.211996	99998.7	0	0
neutron	939.565	44.7275	99998.8	0	0
proton	938.272	10.7129	99998.8	0	0
neutron	939.565	8.0619	99998.8	0	0
C13	12109.5	4.61223	99998.8	0	0
neutron	939.565	13.7339	99998.8	0	0
neutron	939.565	7.90155	99998.8	0	0
proton	938.272	1.56113	99998.8	0	0
neutron	939.565	0.834579	99998.8	0	0
Ne22	20479.7	0.307432	99998.8	0	0
Na24	22341.8	0.195575	99998.6	0	0
neutron	939.565	8.61848	99998.8	0	0
proton	938.272	5.3116	99998.8	0	0
Mg26	24196.5	0.483903	99998.8	0	0
neutron	939.565	0.882974	99998.8	0	0
Al29	26988.5	0.196458	99998.8	0	0
neutron	939.565	8.45285	99998.7	0	0
neutron	939.565	3.10004	99998.7	0	0
proton	938.272	2.96175	99998.7	0	0
deuteron	1875.61	6.49977	99998.7	0	0
B11	10252.5	4.73696	99998.7	0	0
N16	14906	0.289993	99998.7	0	0
Na24	22341.8	0.21448	99998.9	0	0
Na24	22341.8	0.192102	99998.7	0	0
neutron	939.565	5.64145	99998.8	0	0
proton	938.272	3.98701	99998.8	0	0
proton	938.272	2.19299	99998.8	0	0
neutron	939.565	1.81948	99998.8	0	0
F20	18625.3	0.676891	99998.8	0	0
neutron	939.565	1.50186	99998.7	0	0
neutron	939.565	1.47756	99998.7	0	0
Al27	25126.5	0.288334	99998.7	0	0
Na24	22341.8	0.203051	99998.8	0	0
neutron	939.565	0.166086	99998.7	0	0
Al27	25126.5	0.119646	99998.7	0	0
neutron	939.565	9.48124	99998.7	0	0
neutron	939.565	2.18743	99998.7	0	0
N14	13040.2	0.45257	99998.7	0	0
neutron	939.565	2.27218	99998.8	0	0
Al27	25126.5	0.29062	99998.8	0	0
neutron	939.565	4.72376	99998.8	0	0
neutron	939.565	2.4054	99998.8	0	0
deuteron	1875.61	8.94404	99998.8	0	0
C12	11174.9	1.16789	99998.8	0	0
Na24	22341.8	0.186872	99998.8	0	0
neutron	939.565	3.39196	99998.8	0	0
proton	938.272	2.97377	99998.8	0	0
neutron	939.565	1.17992	99998.8	0	0
Mg25	23268	0.23415	99998.8	0	0
proton	938.272	7.28465	99998.9	0	0
neutron	939.565	3.5785	99998.9	0	0
Ne22	20479.7	0.45082	99998.9	0	0
neutron	939.565	10.2483	99998.8	0	0
neutron	939.565	0.0686854	99998.8	0	0
Mn54	50232.4	0.250816	99998.8	0	0
neutron	939.565	24.6144	99998.7	0	0
neutron	939.565	10.7241	99998.7	0	0
proton	938.272	6.42247	99998.7	0	0
C13	12109.5	2.74237	99998.7	0	0
Na24	22341.8	0.197529	99998.7	0	0
neutron	939.565	0.598013	99998.7	0	0
N15	13968.9	0.180513	99998.7	0	0
neutron	939.565	0.723568	99998.8	0	0
Na23	21409.2	0.314673	99998.8	0	0
Na24	22341.8	0.208475	99998.8	0	0
neutron	939.565	15.4464	99998.8	0	0
proton	938.272	3.37171	99998.8	0	0
neutron	939.565	1.68357	99998.8	0	0
C13	12109.5	2.23498	99998.8	0	0
neutron	939.565	21.0127	99998.8	0	0
proton	938.272	6.7393	99998.8	0	0
neutron	939.565	2.182	99998.8	0	0
neutron	939.565	1.91713	99998.8	0	0
alpha	3727.38	6.65429	99998.8	0	0
O16	14895.1	1.47468	99998.8	0	0
neutron	939.565	6.78738	99998.8	0	0
neutron	939.565	0.967664	99998.8	0	0
Al26	24200	0.231167	99998.8	0	0
Na25	23272.4	0.204094	99998.8	0	0
Na24	22341.8	0.207247	99998.7	0	0
Al28	26058.3	0.185583	99998.7	0	0
neutron	939.565	4.00875	99998.8	0	0
N15	13968.9	0.121361	99998.8	0	0
Al28	26058.3	0.177739	99998.8	0	0
neutron	939.565	0.0397948	99998.7	0	0
Mn53	49301.8	0.103623	99998.7	0	0
neutron	939.565	31.5534	99998.8	0	0
N15	13968.9	2.07908	99998.8	0	0
Al28	26058.3	0.181403	99998.7	0	0
Na24	22341.8	0.220254	99998.7	0	0
Na25	23272.4	0.206791	99998.8	0	0
Na24	22341.8	0.212251	99998.9	0	0
Na24	22341.8	0.19197	99998.8	0	0
neutron	939.565	1.45584	99998.7	0	0
Na23	21409.2	0.366337	99998.7	0	0
neutron	939.565	2.0742	99998.7	0	0
neutron	939.565	0.495607	99998.7	0	0
alpha	3727.38	8.14776	99998.7	0	0
deuteron	1875.61	3.18183	99998.7	0	0
O16	14895.1	1.40287	99998.7	0	0
neutron	939.565	5.04222	99998.7	0	0
N15	13968.9	0.0824901	99998.7	0	0
proton	938.272	6.62102	99998.8	0	0
neutron	939.565	5.32702	99998.8	0	0
neutron	939.565	3.46102	99998.8	0	0
neutron	939.565	1.13681	99998.8	0	0
Mg24	22335.8	0.519746	99998.8	0	0
Na24	22341.8	0.194346	99998.7	0	0
Na24	22341.8	0.198875	99998.7	0	0
neutron	939.565	8.22911	99998.8	0	0
proton	938.272	4.74583	99998.8	0	0
neutron	939.565	3.41336	99998.8	0	0
deuteron	1875.61	5.86647	99998.8	0	0
B11	10252.5	0.742854	99998.8	0	0
neutron	939.565	36.8716	99998.8	0	0
proton	938.272	7.62834	99998.8	0	0
neutron	939.565	6.92024	99998.8	0	0
Ne21	19550.5	0.319866	99998.8	0	0
Al28	26058.3	0.17395	99998.8	0	0
N16	14906	0.284069	99998.7	0	0
proton	938.272	2.99133	99998.8	0	0
neutron	939.565	2.38469	99998.8	0	0
neutron	939.565	2.38224	99998.8	0	0
neutron	939.565	0.199057	99998.8	0	0
Mg24	22335.8	0.17637	99998.8	0	0
neutron	939.565	1.53249	99998.8	0	0
Na23	21409.2	0.311071	99998.8	0	0
Al28	26058.3	0.16095	99998.7	0	0
neutron	939.565	0.441665	99998.8	0	0
Al27	25126.5	0.159418	99998.8	0	0
Na24	22341.8	0.211656	99998.8	0	0
Na24	22341.8	0.192464	99998.7	0	0
proton	938.272	2.42397	99998.7	0	0
Ne25	23280.2	0.336388	99998.7	0	0
neutron	939.565	7.00039	99998.8	0	0
proton	938.272	3.67352	99998.8	0	0
alpha	3727.38	7.57732	99998.8	0	0
O18	16762	3.69514	99998.8	0	0
Al29	26988.5	0.15393	99998.8	0	0
neutron	939.565	0.28349	99998.8	0	0
Al27	25126.5	0.212991	99998.8	0	0
Al28	26058.3	0.183301	99998.7	0	0
Al28	26058.3	0.178657	99998.8	0	0
Na24	22341.8	0.203463	99998.7	0	0
Al28	26058.3	0.181544	99998.8	0	0
Na24	22341.8	0.213288	99998.7	0	0
Mn56	52094	0.0862519	99998.7	0	0
Al28	26058.3	0.172752	99998.8	0	0
Al28	26058.3	0.179106	99998.7	0	0
neutron	939.565	6.83223	99998.8	0	0
proton	938.272	5.73278	99998.8	0	0
neutron	939.565	2.10376	99998.8	0	0
Mg25	23268	0.683148	99998.8	0	0
neutron	939.565	1.72275	99998.8	0	0
Na23	21409.2	0.0824662	99998.8	0	0
Mn56	52094	0.0982235	99998.8	0	0
neutron	939.565	23.2153	99998.7	0	0
alpha	3727.38	7.01091	99998.7	0	0
alpha	3727.38	6.29229	99998.7	0	0
N15	13968.9	2.46294	99998.7	0	0
neutron	939.565	15.3377	99998.8	0	0
proton	938.272	10.0861	99998.8	0	0
neutron	939.565	8.80206	99998.8	0	0
alpha	3727.38	2.53431	99998.8	0	0
O17	15830.5	7.1161	99998.8	0	0
neutron	939.565	0.545873	99998.7	0	0
Al27	25126.5	0.268836	99998.7	0	0
proton	938.272	3.21798	99998.8	0	0
neutron	939.565	1.81943	99998.8	0	0
Mg26	24196.5	0.467267	99998.8	0	0
Na24	22341.8	0.211939	99998.8	0	0
neutron	939.565	0.993588	99998.8	0	0
Al27	25126.5	0.14611	99998.8	0	0
neutron	939.565	5.40413	99998.7	0	0
proton	938.272	3.04921	99998.7	0	0
Ne22	20479.7	0.0958809	99998.7	0	0
Al28	26058.3	0.176348	99998.8	0	0
Na24	22341.8	0.2169	99998.7	0	0
neutron	939.565	5.70651	99998.8	0	0
neutron	939.565	1.95702	99998.8	0	0
deuteron	1875.61	5.25712	99998.8	0	0
alpha	3727.38	9.26267	99998.8	0	0
O16	14895.1	3.44549	99998.8	0	0
neutron	939.565	3.09493	99998.7	0	0
proton	938.272	2.25555	99998.7	0	0
neutron	939.565	1.20628	99998.7	0	0
C13	12109.5	0.537965	99998.7	0	0
neutron	939.565	32.8036	99998.8	0	0
proton	938.272	26.8763	99998.8	0	0
neutron	939.565	0.196577	99998.8	0	0
C13	12109.5	1.03585	99998.8	0	0
Al28	26058.3	0.165095	99998.8	0	0
neutron	939.565	16.4184	99998.8	0	0
proton	938.272	10.797	99998.8	0	0
neutron	939.565	0.0598	99998.8	0	0
Ne21	19550.5	0.310268	99998.8	0	0
Al28	26058.3	0.169189	99998.7	0	0
Mn56	52094	0.0860212	99998.8	0	0
neutron	939.565	3.04293	99998.8	0	0
He3	2808.39	5.52048	99998.8	0	0
deuteron	1875.61	5.58983	99998.8	0	0
O18	16762	1.90458	99998.8	0	0
Mn56	52094	0.097061	99998.7	0	0
neutron	939.565	7.15229	99998.8	0	0
neutron	939.565	5.0188	99998.8	0	0
proton	938.272	3.7911	99998.8	0	0
neutron	939.565	0.539967	99998.8	0	0
Cr52	48370	0.322019	99998.8	0	0
proton	938.272	8.73106	99998.8	0	0
neutron	939.565	7.13009	99998.8	0	0
neutron	939.565	6.66588	99998.8	0	0
neutron	939.565	4.45061	99998.8	0	0
alpha	3727.38	5.76507	99998.8	0	0
O16	14895.1	2.58571	99998.8	0	0
Mn56	52094	0.0911941	99998.8	0	0
neutron	939.565	10.9369	99998.8	0	0
proton	938.272	2.87054	99998.8	0	0
neutron	939.565	1.00606	99998.8	0	0
C13	12109.5	1.38797	99998.8	0	0
proton	938.272	12.0448	99998.8	0	0
neutron	939.565	8.64972	99998.8	0	0
proton	938.272	2.91619	99998.8	0	0
neutron	939.565	1.16598	99998.8	0	0
Na24	22341.8	0.169671	99998.8	0	0
neutron	939.565	5.3456	99998.8	0	0
neutron	939.565	3.24731	99998.8	0	0
deuteron	1875.61	10.6096	99998.8	0	0
Mg24	22335.8	0.537871	99998.8	0	0
neutron	939.565	10.2354	99998.8	0	0
neutron	939.565	9.03142	99998.8	0	0
proton	938.272	5.30762	99998.8	0	0
Ne21	19550.5	1.43216	99998.8	0	0
neutron	939.565	6.25523	99998.9	0	0
N15	13968.9	0.274278	99998.9	0	0
neutron	939.565	4.57515	99998.8	0	0
proton	938.272	3.79392	99998.8	0	0
neutron	939.565	2.17812	99998.8	0	0
Ne21	19550.5	1.0593	99998.8	0	0
proton	938.272	25.1602	99998.9	0	0
neutron	939.565	3.10359	99998.9	0	0
neutron	939.565	2.37696	99998.9	0	0
Mg26	24196.5	0.81855	99998.9	0	0
neutron	939.565	19.5599	99998.8	0	0
proton	938.272	4.64934	99998.8	0	0
neutron	939.565	2.91852	99998.8	0	0
neutron	939.565	1.59171	99998.8	0	0
Mg24	22335.8	0.820384	99998.8	0	0
proton	938.272	5.33122	99998.7	0	0
neutron	939.565	3.47675	99998.7	0	0
Ne22	20479.7	0.232085	99998.7	0	0
neutron	939.565	0.031838	99998.8	0	0
Al27	25126.5	0.171413	99998.8	0	0
neutron	939.565	15.3661	99998.8	0	0
proton	938.272	12.1088	99998.8	0	0
neutron	939.565	1.10662	99998.8	0	0
Cr53	49301.7	0.0451744	99998.8	0	0
Na24	22341.8	0.202751	99998.7	0	0
proton	938.272	12.9357	99998.8	0	0
neutron	939.565	10.9668	99998.8	0	0
neutron	939.565	1.89822	99998.8	0	0
Mg25	23268	0.496165	99998.8	0	0
Na24	22341.8	0.204895	99998.7	0	0
Na24	22341.8	0.210226	99998.8	0	0
Al28	26058.3	0.172426	99998.8	0	0
proton	938.272	7.28914	99998.7	0	0
neutron	939.565	5.14366	99998.7	0	0
neutron	939.565	5.02526	99998.7	0	0
neutron	939.565	0.816569	99998.7	0	0
Mg24	22335.8	0.213655	99998.7	0	0
neutron	939.565	9.79171	99998.8	0	0
proton	938.272	1.93914	99998.8	0	0
Mg26	24196.5	0.2231	99998.8	0	0
Na24	22341.8	0.20323	99998.8	0	0
neutron	939.565	8.88545	99998.8	0	0
proton	938.272	2.89989	99998.8	0	0
neutron	939.565	0.803305	99998.8	0	0
deuteron	1875.61	8.45339	99998.8	0	0
F19	17692.3	0.600476	99998.8	0	0
neutron	939.565	3.79441	99998.8	0	0
proton	938.272	3.20096	99998.8	0	0
Ne22	20479.7	0.767478	99998.8	0	0
Na24	22341.8	0.20971	99998.7	0	0
Al29	26988.5	0.167283	99998.7	0	0
proton	938.272	13.8614	99998.8	0	0
neutron	939.565	9.88185	99998.8	0	0
neutron	939.565	7.0041	99998.8	0	0
proton	938.272	2.38725	99998.8	0	0
neutron	939.565	2.16048	99998.8	0	0
Na23	21409.2	0.975618	99998.8	0	0
Na24	22341.8	0.217618	99998.8	0	0
Na24	22341.8	0.191928	99998.7	0	0
neutron	939.565	3.11301	99998.8	0	0
neutron	939.565	0.650005	99998.8	0	0
Na22	20482.1	0.318451	99998.8	0	0
neutron	939.565	1.92335	99998.8	0	0
Mn55	51161.7	0.0403613	99998.8	0	0
neutron	939.565	2.98007	99998.7	0	0
N15	13968.9	0.586557	99998.7	0	0
neutron	939.565	25.3876	99998.7	0	0
proton	938.272	3.42858	99998.7	0	0
Mg26	24196.5	0.820551	99998.7	0	0
Na24	22341.8	0.210439	99998.7	0	0
neutron	939.565	6.50441	99998.7	0	0
Al27	25126.5	0.702716	99998.7	0	0
neutron	939.565	17.0836	99998.7	0	0
neutron	939.565	4.90634	99998.7	0	0
proton	938.272	3.59155	99998.7	0	0
proton	938.272	3.21179	99998.7	0	0
neutron	939.565	2.15112	99998.7	0	0
proton	938.272	1.87813	99998.7	0	0
Ne22	20479.7	1.10311	99998.7	0	0
neutron	939.565	29.3315	99998.7	0	0
neutron	939.565	10.4121	99998.7	0	0
neutron	939.565	0.68077	99998.7	0	0
Mn53	49301.8	0.94782	99998.7	0	0
neutron	939.565	8.92182	99998.8	0	0
neutron	939.565	4.03799	99998.8	0	0
neutron	939.565	3.99599	99998.8	0	0
proton	938.272	3.554	99998.8	0	0
neutron	939.565	2.24876	99998.8	0	0
neutron	939.565	1.98347	99998.8	0	0
Ne20	18617.7	1.20075	99998.8	0	0
neutron	939.565	0.447132	99998.8	0	0
Na23	21409.2	0.137118	99998.8	0	0
N16	14906	0.280285	99998.8	0	0
N16	14906	0.282797	99998.8	0	0
neutron	939.565	0.099815	99998.8	0	0
Na23	21409.2	0.1611	99998.8	0	0
neutron	939.565	9.37259	99998.8	0	0
proton	938.272	5.28196	99998.8	0	0
neutron	939.565	4.75655	99998.8	0	0
Ne21	19550.5	0.660078	99998.8	0	0
neutron	939.565	10.03	99998.8	0	0
Na23	21409.2	0.959551	99998.8	0	0
Na24	22341.8	0.192878	99998.8	0	0
Na24	22341.8	0.193892	99998.8	0	0
proton	938.272	6.66263	99998.8	0	0
neutron	939.565	5.78642	99998.8	0	0
neutron	939.565	1.60878	99998.8	0	0
neutron	939.565	0.961975	99998.8	0	0
alpha	3727.38	10.3881	99998.8	0	0
Ne20	18617.7	1.14016	99998.8	0	0
neutron	939.565	18.9821	99998.8	0	0
proton	938.272	12.4237	99998.8	0	0
neutron	939.565	5.83126	99998.8	0	0
alpha	3727.38	4.30309	99998.8	0	0
O18	16762	2.11947	99998.8	0	0
neutron	939.565	3.57515	99998.7	0	0
N15	13968.9	0.247909	99998.7	0	0
neutron	939.565	6.47953	99998.8	0	0
proton	938.272	5.91392	99998.8	0	0
neutron	939.565	3.55052	99998.8	0	0
neutron	939.565	2.23612	99998.8	0	0
Mg24	22335.8	0.58382	99998.8	0	0
proton	938.272	3.43589	99998.7	0	0
neutron	939.565	2.63003	99998.7	0	0
neutron	939.565	1.23474	99998.7	0	0
neutron	939.565	1.16908	99998.7	0	0
C12	11174.9	0.641576	99998.7	0	0
Al28	26058.3	0.181598	99998.8	0	0
neutron	939.565	16.2966	99998.8	0	0
proton	938.272	3.94044	99998.8	0	0
Ne22	20479.7	0.612855	99998.8	0	0
neutron	939.565	0.470444	99998.8	0	0
Al27	25126.5	0.223351	99998.8	0	0
Al29	26988.5	0.171424	99998.7	0	0
neutron	939.565	0.719047	99998.7	0	0
Na23	21409.2	0.135451	99998.7	0	0
neutron	939.565	12.1154	99998.7	0	0
proton	938.272	6.58867	99998.7	0	0
neutron	939.565	2.34064	99998.7	0	0
neutron	939.565	0.474281	99998.7	0	0
Mg24	22335.8	1.20225	99998.7	0	0
neutron	939.565	2.27448	99998.8	0	0
Na23	21409.2	0.35058	99998.8	0	0
Na24	22341.8	0.206733	99998.8	0	0
N16	14906	0.290114	99998.8	0	0
Na24	22341.8	0.171416	99998.8	0	0
neutron	939.565	0.156645	99998.8	0	0
Mn55	51161.7	0.104812	99998.8	0	0
neutron	939.565	3.82232	99998.8	0	0
Na23	21409.2	0.645159	99998.8	0	0
neutron	939.565	5.63601	99998.8	0	0
proton	938.272	2.41654	99998.8	0	0
neutron	939.565	2.27916	99998.8	0	0
neutron	939.565	2.27235	99998.8	0	0
alpha	3727.38	5.2597	99998.8	0	0
O16	14895.1	0.520605	99998.8	0	0
N16	14906	0.275564	99998.8	0	0
Na24	22341.8	0.209653	99998.8	0	0
neutron	939.565	2.55613	99998.7	0	0
alpha	3727.38	3.67965	99998.7	0	0
B11	10252.5	1.64919	99998.7	0	0
proton	938.272	3.3539	99998.8	0	0
neutron	939.565	0.274469	99998.8	0	0
Mg26	24196.5	0.0800324	99998.8	0	0
proton	938.272	7.89694	99998.8	0	0
neutron	939.565	6.32099	99998.8	0	0
neutron	939.565	0.243777	99998.8	0	0
Cr53	49301.7	0.0463092	99998.8	0	0
neutron	939.565	0.684285	99998.8	0	0
Al27	25126.5	0.240125	99998.8	0	0
proton	938.272	2.894	99998.7	0	0
neutron	939.565	1.1759	99998.7	0	0
C14	13040.9	0.343977	99998.7	0	0
neutron	939.565	3.99451	99998.8	0	0
Na23	21409.2	0.0438342	99998.8	0	0
Al28	26058.3	0.169007	99999	0	0
Na24	22341.8	0.180171	99998.6	0	0
neutron	939.565	4.00276	99998.8	0	0
neutron	939.565	3.52174	99998.8	0	0
alpha	3727.38	5.74978	99998.8	0	0
F18	16763.2	2.92502	99998.8	0	0
neutron	939.565	23.0262	99998.7	0	0
proton	938.272	2.19646	99998.7	0	0
neutron	939.565	0.801527	99998.7	0	0
Mg25	23268	1.57221	99998.7	0	0
Al28	26058.3	0.191721	99998.8	0	0
Al28	26058.3	0.178497	99998.7	0	0
proton	938.272	5.49537	99998.7	0	0
neutron	939.565	3.55143	99998.7	0	0
alpha	3727.38	5.7443	99998.7	0	0
Ne22	20479.7	1.27484	99998.7	0	0
Al28	26058.3	0.179921	99998.8	0	0
Al28	26058.3	0.182032	99998.8	0	0
Na24	22341.8	0.209495	99998.8	0	0
neutron	939.565	7.2406	99998.8	0	0
proton	938.272	2.03509	99998.8	0	0
Ne22	20479.7	0.211847	99998.8	0	0
neutron	939.565	14.1334	99998.7	0	0
proton	938.272	12.4046	99998.7	0	0
proton	938.272	2.99059	99998.7	0	0
neutron	939.565	2.66203	99998.7	0	0
neutron	939.565	1.5595	99998.7	0	0
Na23	21409.2	0.141317	99998.7	0	0
proton	938.272	16.0586	99998.8	0	0
neutron	939.565	3.74625	99998.8	0	0
neutron	939.565	2.65894	99998.8	0	0
C13	12109.5	1.9591	99998.8	0	0
neutron	939.565	6.59516	99998.8	0	0
proton	938.272	1.7614	99998.8	0	0
alpha	3727.38	8.14208	99998.8	0	0
Ne22	20479.7	0.168063	99998.8	0	0
Al28	26058.3	0.182498	99998.8	0	0
N16	14906	0.295723	99998.8	0	0
Al28	26058.3	0.156678	99998.7	0	0
neutron	939.565	9.91077	99998.7	0	0
proton	938.272	7.41767	99998.7	0	0
Mg26	24196.5	0.209554	99998.7	0	0
Na24	22341.8	0.210107	99998.8	0	0
N16	14906	0.282867	99998.9	0	0
Al28	26058.3	0.182171	99998.8	0	0
neutron	939.565	4.44487	99998.7	0	0
proton	938.272	3.91008	99998.7	0	0
neutron	939.565	0.607008	99998.7	0	0
neutron	939.565	0.134169	99998.7	0	0
Cr50	46512.2	0.0511093	99998.7	0	0
N16	14906	0.291722	99998.8	0	0
Al28	26058.3	0.189202	99998.8	0	0
neutron	939.565	4.88409	99998.7	0	0
proton	938.272	2.50062	99998.7	0	0
neutron	939.565	1.48524	99998.7	0	0
Mg25	23268	0.132695	99998.7	0	0
neutron	939.565	16.6462	99998.7	0	0
neutron	939.565	4.56399	99998.7	0	0
alpha	3727.38	5.61798	99998.7	0	0
F18	16763.2	1.43505	99998.7	0	0
neutron	939.565	8.13918	99998.8	0	0
triton	2808.92	7.96185	99998.8	0	0
Ne20	18617.7	2.6954	99998.8	0	0
proton	938.272	8.54578	99998.9	0	0
neutron	939.565	3.10501	99998.9	0	0
neutron	939.565	1.56965	99998.9	0	0
Cr53	49301.7	0.328559	99998.9	0	0
Na24	22341.8	0.179352	99998.8	0	0
neutron	939.565	27.973	99998.8	0	0
neutron	939.565	0.163225	99998.8	0	0
Na24	22341.8	1.16902	99998.8	0	0
neutron	939.565	2.29261	99998.9	0	0
neutron	939.565	1.50888	99998.9	0	0
deuteron	1875.61	8.38907	99998.9	0	0
Ne20	18617.7	0.910995	99998.9	0	0
Al28	26058.3	0.187975	99998.7	0	0
neutron	939.565	2.17151	99998.8	0	0
N15	13968.9	0.0924573	99998.8	0	0
Na24	22341.8	0.209419	99998.8	0	0
neutron	939.565	0.0961306	99998.8	0	0
Mn55	51161.7	0.0837176	99998.8	0	0
Na24	22341.8	0.198082	99998.8	0	0
neutron	939.565	8.84172	99998.8	0	0
triton	2808.92	3.67478	99998.8	0	0
alpha	3727.38	3.80297	99998.8	0	0
alpha	3727.38	1.30458	99998.8	0	0
alpha	3727.38	4.9084	99998.8	0	0
neutron	939.565	7.90654	99998.8	0	0
neutron	939.565	5.79355	99998.8	0	0
deuteron	1875.61	2.0549	99998.8	0	0
alpha	3727.38	10.904	99998.8	0	0
O16	14895.1	5.33818	99998.8	0	0
Na25	23272.4	0.20516	99998.8	0	0
neutron	939.565	24.3204	99998.8	0	0
proton	938.272	5.08086	99998.8	0	0
neutron	939.565	1.1082	99998.8	0	0
Mg25	23268	1.31407	99998.8	0	0
Na24	22341.8	0.20596	99998.8	0	0
neutron	939.565	2.38485	99998.8	0	0
neutron	939.565	0.467829	99998.8	0	0
deuteron	1875.61	22.4359	99998.8	0	0
Mg24	22335.8	2.63287	99998.8	0	0
Al28	26058.3	0.183205	99998.8	0	0
Na24	22341.8	0.182315	99998.9	0	0
neutron	939.565	15.1434	99998.9	0	0
neutron	939.565	3.32679	99998.9	0	0
proton	938.272	1.71168	99998.9	0	0
C13	12109.5	1.72021	99998.9	0	0
neutron	939.565	1.48952	99998.8	0	0
Na24	22341.8	0.376967	99998.8	0	0
neutron	939.565	0.528115	99998.7	0	0
N15	13968.9	0.25707	99998.7	0	0
Al28	26058.3	0.156889	99998.7	0	0
proton	938.272	3.55746	99998.8	0	0
neutron	939.565	3.34234	99998.8	0	0
neutron	939.565	1.69754	99998.8	0	0
C13	12109.5	0.447216	99998.8	0	0
neutron	939.565	20.7991	99998.8	0	0
neutron	939.565	3.33206	99998.8	0	0
proton	938.272	2.52545	99998.8	0	0
neutron	939.565	2.46171	99998.8	0	0
Ne22	20479.7	0.788092	99998.8	0	0
Na24	22341.8	0.218276	99998.8	0	0
neutron	939.565	7.28811	99998.7	0	0
neutron	939.565	1.20313	99998.7	0	0
N14	13040.2	0.0144104	99998.7	0	0
Al29	26988.5	0.18175	99998.8	0	0
Na24	22341.8	0.198458	99998.8	0	0
neutron	939.565	0.234256	99998.8	0	0
Na23	21409.2	0.261627	99998.8	0	0
Mn57	53024.9	0.0898882	99998.8	0	0
neutron	939.565	3.6352	99998.8	0	0
proton	938.272	3.58437	99998.8	0	0
neutron	939.565	0.0877836	99998.8	0	0
Ne21	19550.5	0.398501	99998.8	0	0
Al28	26058.3	0.169687	99998.8	0	0
Na24	22341.8	0.215686	99998.8	0	0
Na24	22341.8	0.195783	99998.8	0	0
neutron	939.565	5.63367	99998.7	0	0
neutron	939.565	2.49145	99998.7	0	0
neutron	939.565	1.81875	99998.7	0	0
Al27	25126.5	0.487906	99998.7	0	0
neutron	939.565	0.502423	99998.8	0	0
Na23	21409.2	0.143074	99998.8	0	0
Al28	26058.3	0.172784	99998.8	0	0
neutron	939.565	1.03123	99998.8	0	0
N15	13968.9	0.590261	99998.8	0	0
neutron	939.565	0.31535	99998.8	0	0
Na23	21409.2	0.205495	99998.8	0	0
neutron	939.565	14.1769	99998.8	0	0
proton	938.272	6.00003	99998.8	0	0
Mg26	24196.5	0.375324	99998.8	0	0
neutron	939.565	18.2726	99998.7	0	0
proton	938.272	9.34653	99998.7	0	0
neutron	939.565	7.24577	99998.7	0	0
neutron	939.565	2.14548	99998.7	0	0
Ne20	18617.7	2.80049	99998.7	0	0
neutron	939.565	1.3262	99998.8	0	0
neutron	939.565	1.1155	99998.8	0	0
Al27	25126.5	0.208733	99998.8	0	0
proton	938.272	4.45334	99998.7	0	0
neutron	939.565	3.89349	99998.7	0	0
Mg26	24196.5	0.692319	99998.7	0	0
Mn56	52094	0.0950689	99998.7	0	0
Na24	22341.8	0.170145	99998.8	0	0
proton	938.272	4.50244	99998.8	0	0
neutron	939.565	4.43827	99998.8	0	0
neutron	939.565	4.12456	99998.8	0	0
neutron	939.565	1.04405	99998.8	0	0
Mg24	22335.8	0.143606	99998.8	0	0
neutron	939.565	2.35221	99998.8	0	0
Al27	25126.5	0.115603	99998.8	0	0
Na24	22341.8	0.204192	99999	0	0
proton	938.272	12.3314	99998.8	0	0
neutron	939.565	2.33858	99998.8	0	0
Mg26	24196.5	0.185412	99998.8	0	0
neutron	939.565	30.265	99998.7	0	0
proton	938.272	8.02956	99998.7	0	0
neutron	939.565	5.01227	99998.7	0	0
neutron	939.565	1.53398	99998.7	0	0
Ne22	20479.7	0.378286	99998.7	0	0
neutron	939.565	6.75401	99998.8	0	0
proton	938.272	6.37646	99998.8	0	0
neutron	939.565	5.30061	99998.8	0	0
neutron	939.565	5.03436	99998.8	0	0
neutron	939.565	3.47453	99998.8	0	0
Cr51	47442.5	0.269581	99998.8	0	0
Al28	26058.3	0.188613	99998.8	0	0
neutron	939.565	6.90105	99998.8	0	0
neutron	939.565	2.78756	99998.8	0	0
neutron	939.565	0.858355	99998.8	0	0
Mn53	49301.8	0.0628921	99998.8	0	0
neutron	939.565	12.9055	99998.8	0	0
proton	938.272	2.10539	99998.8	0	0
C14	13040.9	1.28116	99998.8	0	0
Na24	22341.8	0.216379	99998.8	0	0
Na24	22341.8	0.216566	99998.8	0	0
neutron	939.565	4.82484	99998.8	0	0
neutron	939.565	2.28278	99998.8	0	0
deuteron	1875.61	2.88667	99998.8	0	0
C12	11174.9	2.07469	99998.8	0	0
neutron	939.565	21.2177	99998.7	0	0
proton	938.272	5.0845	99998.7	0	0
neutron	939.565	3.25231	99998.7	0	0
neutron	939.565	2.46302	99998.7	0	0
Cr52	48370	0.564381	99998.7	0	0
neutron	939.565	0.554184	99998.7	0	0
Al27	25126.5	0.192307	99998.7	0	0
neutron	939.565	0.122999	99998.7	0	0
Mn55	51161.7	0.0841139	99998.7	0	0
proton	938.272	13.1461	99998.8	0	0
neutron	939.565	12.7851	99998.8	0	0
neutron	939.565	4.44641	99998.8	0	0
neutron	939.565	0.0576215	99998.8	0	0
Mg24	22335.8	1.41731	99998.8	0	0
Al30	27922.3	0.152675	99998.8	0	0
Na24	22341.8	0.207813	99998.8	0	0
Na24	22341.8	0.21436	99998.7	0	0
Na24	22341.8	0.20622	99998.8	0	0
neutron	939.565	4.93842	99998.8	0	0
Na23	21409.2	0.563237	99998.8	0	0
proton	938.272	5.23835	99998.8	0	0
neutron	939.565	3.69844	99998.8	0	0
Mg26	24196.5	0.190896	99998.8	0	0
neutron	939.565	0.832792	99998.8	0	0
Na23	21409.2	0.212945	99998.8	0	0
neutron	939.565	0.297098	99998.8	0	0
N15	13968.9	0.201804	99998.8	0	0
neutron	939.565	0.284269	99998.8	0	0
N15	13968.9	0.463518	99998.8	0	0
proton	938.272	4.88962	99998.8	0	0
neutron	939.565	3.43613	99998.8	0	0
neutron	939.565	0.0590769	99998.8	0	0
Ne21	19550.5	0.0682129	99998.8	0	0
Mn56	52094	0.0951425	99998.8	0	0
proton	938.272	3.6562	99998.8	0	0
neutron	939.565	1.08526	99998.8	0	0
Ne22	20479.7	0.243455	99998.8	0	0
neutron	939.565	0.232887	99998.7	0	0
Na23	21409.2	0.25573	99998.7	0	0
neutron	939.565	0.765523	99998.8	0	0
Al27	25126.5	0.222488	99998.8	0	0
Na25	23272.4	0.194144	99998.8	0	0
neutron	939.565	2.1997	99998.8	0	0
N15	13968.9	0.618407	99998.8	0	0
proton	938.272	6.75629	99998.8	0	0
neutron	939.565	5.48537	99998.8	0	0
neutron	939.565	4.83243	99998.8	0	0
neutron	939.565	1.01601	99998.8	0	0
C12	11174.9	1.87139	99998.8	0	0
Na24	22341.8	0.21708	99998.7	0	0
proton	938.272	1.96063	99998.7	0	0
neutron	939.565	0.854718	99998.7	0	0
Ne22	20479.7	0.325755	99998.7	0	0
triton	2808.92	9.52619	99998.7	0	0
C13	12109.5	2.09433	99998.7	0	0
neutron	939.565	4.20975	99998.7	0	0
proton	938.272	4.14612	99998.7	0	0
neutron	939.565	2.81117	99998.7	0	0
C13	12109.5	1.71264	99998.7	0	0
neutron	939.565	2.8851	99998.8	0	0
Al27	25126.5	0.344851	99998.8	0	0
neutron	939.565	13.3542	99998.9	0	0
neutron	939.565	5.9046	99998.9	0	0
Na24	22341.8	0.565151	99998.9	0	0
neutron	939.565	0.281602	99998.7	0	0
Al27	25126.5	0.182352	99998.7	0	0
neutron	939.565	15.2621	99998.7	0	0
proton	938.272	5.05868	99998.7	0	0
Ne22	20479.7	1.03576	99998.7	0	0
Na24	22341.8	0.198066	99998.8	0	0
Na26	24206.4	0.171023	99998.8	0	0
neutron	939.565	14.863	99998.8	0	0
proton	938.272	12.0904	99998.8	0	0
neutron	939.565	2.2423	99998.8	0	0
Ne21	19550.5	1.28982	99998.8	0	0
Mn56	52094	0.0932625	99998.8	0	0
neutron	939.565	11.5448	99998.8	0	0
proton	938.272	2.45668	99998.8	0	0
Ne22	20479.7	1.11486	99998.8	0	0
neutron	939.565	6.13911	99998.7	0	0
proton	938.272	5.31612	99998.7	0	0
proton	938.272	2.66268	99998.7	0	0
neutron	939.565	2.22993	99998.7	0	0
proton	938.272	1.62078	99998.7	0	0
neutron	939.565	0.869278	99998.7	0	0
Ne22	20479.7	0.828395	99998.7	0	0
neutron	939.565	5.20787	99998.8	0	0
neutron	939.565	1.25042	99998.8	0	0
deuteron	1875.61	7.12868	99998.8	0	0
Ne20	18617.7	0.710827	99998.8	0	0
neutron	939.565	8.53326	99998.8	0	0
neutron	939.565	5.43486	99998.8	0	0
deuteron	1875.61	2.95857	99998.8	0	0
Ne20	18617.7	0.808137	99998.8	0	0
proton	938.272	15.3462	99998.9	0	0
neutron	939.565	4.55321	99998.9	0	0
neutron	939.565	3.07775	99998.9	0	0
neutron	939.565	2.39118	99998.9	0	0
Ne20	18617.7	0.234885	99998.9	0	0
proton	938.272	22.8349	99998.8	0	0
neutron	939.565	5.21362	99998.8	0	0
Ne22	20479.7	0.643139	99998.8	0	0
neutron	939.565	3.15776	99998.7	0	0
Na23	21409.2	0.106779	99998.7	0	0
neutron	939.565	4.09743	99998.8	0	0
neutron	939.565	2.6982	99998.8	0	0
deuteron	1875.61	14.9341	99998.8	0	0
alpha	3727.38	2.62435	99998.8	0	0
O16	14895.1	4.38216	99998.8	0	0
neutron	939.565	6.71421	99998.8	0	0
neutron	939.565	3.35203	99998.8	0	0
neutron	939.565	2.16803	99998.8	0	0
neutron	939.565	1.49549	99998.8	0	0
deuteron	1875.61	9.79232	99998.8	0	0
Ne20	18617.7	0.905686	99998.8	0	0
Na24	22341.8	0.21061	99998.8	0	0
neutron	939.565	6.74607	99998.8	0	0
N15	13968.9	0.657538	99998.8	0	0
neutron	939.565	19.1733	99998.8	0	0
proton	938.272	2.96499	99998.8	0	0
neutron	939.565	1.88605	99998.8	0	0
neutron	939.565	1.15436	99998.8	0	0
Ne20	18617.7	0.345899	99998.8	0	0
neutron	939.565	9.31077	99998.7	0	0
proton	938.272	3.54101	99998.7	0	0
neutron	939.565	3.022	99998.7	0	0
Mg25	23268	0.559174	99998.7	0	0
Na24	22341.8	0.205948	99998.8	0	0
neutron	939.565	0.246291	99998.8	0	0
Mn53	49301.8	0.105058	99998.8	0	0
Na24	22341.8	0.216367	99998.8	0	0
Na26	24206.4	0.177733	99998.8	0	0
neutron	939.565	2.10241	99998.8	0	0
triton	2808.92	14.4427	99998.8	0	0
C12	11174.9	4.73404	99998.8	0	0
neutron	939.565	1.25047	99998.8	0	0
Na23	21409.2	0.0788837	99998.8	0	0
Al28	26058.3	0.157873	99998.8	0	0
neutron	939.565	3.39094	99998.8	0	0
proton	938.272	2.88793	99998.8	0	0
Ne22	20479.7	0.759466	99998.8	0	0
Al28	26058.3	0.179386	99998.8	0	0
neutron	939.565	2.56447	99998.7	0	0
Na23	21409.2	0.163347	99998.7	0	0
neutron	939.565	2.52916	99998.8	0	0
neutron	939.565	0.869298	99998.8	0	0
Mn54	50232.4	0.122332	99998.8	0	0
proton	938.272	15.1944	99998.7	0	0
neutron	939.565	12.4158	99998.7	0	0
neutron	939.565	0.778714	99998.7	0	0
C13	12109.5	0.275663	99998.7	0	0
N16	14906	0.287824	99998.7	0	0
neutron	939.565	0.954322	99998.8	0	0
Na23	21409.2	0.305266	99998.8	0	0
Na24	22341.8	0.215626	99998.8	0	0
neutron	939.565	8.69609	99998.8	0	0
proton	938.272	1.53351	99998.8	0	0
Ne22	20479.7	0.678957	99998.8	0	0
neutron	939.565	0.100314	99998.8	0	0
Al27	25126.5	0.211872	99998.8	0	0
neutron	939.565	20.7419	99998.7	0	0
proton	938.272	1.70433	99998.7	0	0
Ne22	20479.7	0.468826	99998.7	0	0
Na24	22341.8	0.217725	99998.8	0	0
neutron	939.565	9.1455	99998.7	0	0
Al28	26058.3	0.0681696	99998.7	0	0
neutron	939.565	2.84587	99998.7	0	0
Na24	22341.8	0.433166	99998.7	0	0
proton	938.272	6.26939	99998.8	0	0
neutron	939.565	5.51691	99998.8	0	0
neutron	939.565	3.24377	99998.8	0	0
neutron	939.565	1.89066	99998.8	0	0
neutron	939.565	0.864904	99998.8	0	0
Cr51	47442.5	0.335563	99998.8	0	0
Na24	22341.8	0.18941	99998.8	0	0
proton	938.272	4.91005	99998.7	0	0
neutron	939.565	0.251157	99998.7	0	0
Mg26	24196.5	0.291741	99998.7	0	0
proton	938.272	6.25689	99998.8	0	0
neutron	939.565	3.50467	99998.8	0	0
Mg26	24196.5	0.834548	99998.8	0	0
Al28	26058.3	0.153576	99998.8	0	0
neutron	939.565	9.69741	99998.8	0	0
neutron	939.565	1.58959	99998.8	0	0
N14	13040.2	1.58145	99998.8	0	0
neutron	939.565	36.2611	99998.8	0	0
neutron	939.565	2.3754	99998.8	0	0
neutron	939.565	1.10928	99998.8	0	0
Al27	25126.5	1.7672	99998.8	0	0
neutron	939.565	2.83036	99998.8	0	0
neutron	939.565	0.689679	99998.8	0	0
deuteron	1875.61	9.66872	99998.8	0	0
Ne20	18617.7	1.51824	99998.8	0	0
proton	938.272	7.26631	99998.8	0	0
neutron	939.565	5.83354	99998.8	0	0
neutron	939.565	1.53421	99998.8	0	0
neutron	939.565	1.31008	99998.8	0	0
Ne22	20479.7	0.461857	99998.8	0	0
neutron	939.565	21.4073	99998.8	0	0
neutron	939.565	6.98614	99998.8	0	0
Na23	21409.2	0.883585	99998.8	0	0
Al28	26058.3	0.180849	99998.8	0	0
neutron	939.565	1.82324	99998.7	0	0
Mn55	51161.7	0.0873361	99998.7	0	0
neutron	939.565	1.18799	99998.8	0	0
deuteron	1875.61	1.9483	99998.8	0	0
Ne21	19550.5	0.772903	99998.8	0	0
Al28	26058.3	0.186649	99998.7	0	0
neutron	939.565	40.0925	99998.7	0	0
neutron	939.565	21.0412	99998.7	0	0
neutron	939.565	0.430506	99998.7	0	0
Na23	21409.2	1.3717	99998.7	0	0
Na25	23272.4	0.176778	99998.7	0	0
neutron	939.565	9.90987	99998.8	0	0
proton	938.272	6.51013	99998.8	0	0
neutron	939.565	2.40363	99998.8	0	0
C13	12109.5	0.654506	99998.8	0	0
Mn56	52094	0.091292	99998.8	0	0
proton	938.272	8.54665	99998.8	0	0
neutron	939.565	4.30829	99998.8	0	0
alpha	3727.38	11.0139	99998.8	0	0
Ne22	20479.7	2.94253	99998.8	0	0
neutron	939.565	0.350499	99998.8	0	0
Mn55	51161.7	0.0817405	99998.8	0	0
Na24	22341.8	0.202925	99998.8	0	0
proton	938.272	24.496	99998.8	0	0
neutron	939.565	13.4312	99998.8	0	0
neutron	939.565	6.34877	99998.8	0	0
neutron	939.565	1.87861	99998.8	0	0
C12	11174.9	4.49702	99998.8	0	0
neutron	939.565	19.5941	99998.8	0	0
proton	938.272	18.8709	99998.8	0	0
neutron	939.565	1.536	99998.8	0	0
Mg25	23268	1.4438	99998.8	0	0
proton	938.272	3.01495	99998.8	0	0
neutron	939.565	1.73535	99998.8	0	0
neutron	939.565	0.139918	99998.8	0	0
Ne21	19550.5	0.607172	99998.8	0	0
Na24	22341.8	0.209886	99998.8	0	0
neutron	939.565	31.1716	99998.8	0	0
proton	938.272	27.5997	99998.8	0	0
neutron	939.565	0.759029	99998.8	0	0
Ne21	19550.5	0.336324	99998.8	0	0
proton	938.272	6.06933	99998.9	0	0
neutron	939.565	3.97088	99998.9	0	0
neutron	939.565	2.86383	99998.9	0	0
Mg25	23268	0.16901	99998.9	0	0
neutron	939.565	0.0653089	99998.8	0	0
Al27	25126.5	0.18483	99998.8	0	0
neutron	939.565	26.9475	99998.8	0	0
neutron	939.565	1.59528	99998.8	0	0
Mn54	50232.4	0.396324	99998.8	0	0
Na24	22341.8	0.206978	99998.8	0	0
neutron	939.565	11.6853	99998.9	0	0
triton	2808.92	10.2339	99998.9	0	0
C12	11174.9	5.58392	99998.9	0	0
proton	938.272	5.90594	99998.9	0	0
neutron	939.565	5.5306	99998.9	0	0
neutron	939.565	0.199039	99998.9	0	0
Ne21	19550.5	1.10582	99998.9	0	0
neutron	939.565	0.849245	99998.8	0	0
N15	13968.9	0.205595	99998.8	0	0
proton	938.272	40.9581	99998.8	0	0
neutron	939.565	5.84629	99998.8	0	0
neutron	939.565	2.67026	99998.8	0	0
neutron	939.565	1.32291	99998.8	0	0
C12	11174.9	2.92026	99998.8	0	0
neutron	939.565	16.859	99998.8	0	0
neutron	939.565	3.78127	99998.8	0	0
deuteron	1875.61	3.8552	99998.8	0	0
alpha	3727.38	10.9106	99998.8	0	0
Be8	7454.85	0.379873	99998.8	0	0
neutron	939.565	0.396759	99998.8	0	0
Na23	21409.2	0.106452	99998.8	0	0
proton	938.272	3.49731	99998.8	0	0
Mg27	25129.6	0.0981403	99998.8	0	0
Na24	22341.8	0.199533	99998.8	0	0
Na24	22341.8	0.211644	99998.8	0	0
proton	938.272	20.3868	99998.8	0	0
neutron	939.565	7.34863	99998.8	0	0
neutron	939.565	6.68631	99998.8	0	0
neutron	939.565	2.73674	99998.8	0	0
Ne20	18617.7	2.17259	99998.8	0	0
neutron	939.565	2.58865	99998.7	0	0
proton	938.272	2.38127	99998.7	0	0
neutron	939.565	1.25012	99998.7	0	0
neutron	939.565	1.01406	99998.7	0	0
Mg24	22335.8	0.619371	99998.7	0	0
proton	938.272	6.04597	99998.7	0	0
neutron	939.565	4.75911	99998.7	0	0
neutron	939.565	1.02191	99998.7	0	0
C13	12109.5	0.173977	99998.7	0	0
neutron	939.565	0.740681	99998.6	0	0
Mn55	51161.7	0.118088	99998.6	0	0
Al28	26058.3	0.167652	99998.8	0	0
neutron	939.565	11.935	99998.8	0	0
proton	938.272	7.06471	99998.8	0	0
proton	938.272	5.29637	99998.8	0	0
neutron	939.565	1.35183	99998.8	0	0
V50	46513.8	0.464003	99998.8	0	0
Al28	26058.3	0.171106	99998.8	0	0
neutron	939.565	0.476786	99998.8	0	0
Na23	21409.2	0.330986	99998.8	0	0
neutron	939.565	1.4277	99998.8	0	0
Al27	25126.5	0.0270662	99998.8	0	0
neutron	939.565	9.27241	99998.7	0	0
N15	13968.9	0.940917	99998.7	0	0
neutron	939.565	7.89649	99998.8	0	0
alpha	3727.38	6.79312	99998.8	0	0
Na23	21409.2	1.05639	99998.8	0	0
Al28	26058.3	0.162919	99998.8	0	0
Na26	24206.4	0.18134	99998.7	0	0
Na26	24206.4	0.170169	99998.8	0	0
Al28	26058.3	0.149778	99998.7	0	0
Al28	26058.3	0.178016	99998.7	0	0
neutron	939.565	1.80288	99998.8	0	0
neutron	939.565	1.0549	99998.8	0	0
N14	13040.2	0.327315	99998.8	0	0
neutron	939.565	19.5315	99998.8	0	0
neutron	939.565	3.5921	99998.8	0	0
deuteron	1875.61	2.28913	99998.8	0	0
C12	11174.9	1.39986	99998.8	0	0
neutron	939.565	5.55748	99998.8	0	0
proton	938.272	2.57424	99998.8	0	0
neutron	939.565	0.210934	99998.8	0	0
neutron	939.565	0.154704	99998.8	0	0
Mg24	22335.8	0.231024	99998.8	0	0
neutron	939.565	6.59514	99998.7	0	0
neutron	939.565	2.87069	99998.7	0	0
neutron	939.565	1.08426	99998.7	0	0
Na23	21409.2	0.329163	99998.7	0	0
Al28	26058.3	0.188751	99998.7	0	0
neutron	939.565	6.32449	99998.8	0	0
neutron	939.565	4.39519	99998.8	0	0
proton	938.272	2.67892	99998.8	0	0
neutron	939.565	0.670637	99998.8	0	0
Mg24	22335.8	0.759089	99998.8	0	0
neutron	939.565	1.00391	99998.8	0	0
Na25	23272.4	0.239737	99998.8	0	0
neutron	939.565	4.3454	99998.8	0	0
proton	938.272	2.89208	99998.8	0	0
neutron	939.565	1.6854	99998.8	0	0
C13	12109.5	0.572005	99998.8	0	0
neutron	939.565	16.3894	99998.7	0	0
neutron	939.565	14.4347	99998.7	0	0
deuteron	1875.61	3.86035	99998.7	0	0
C12	11174.9	1.55936	99998.7	0	0
Na24	22341.8	0.210149	99998.7	0	0
Na24	22341.8	0.208914	99998.8	0	0
Al28	26058.3	0.153943	99998.9	0	0
proton	938.272	3.49476	99998.8	0	0
neutron	939.565	3.02463	99998.8	0	0
Mg26	24196.5	0.601849	99998.8	0	0
Al28	26058.3	0.177938	99998.8	0	0
Na24	22341.8	0.208024	99998.7	0	0
neutron	939.565	8.99451	99998.8	0	0
proton	938.272	2.17992	99998.8	0	0
neutron	939.565	0.154649	99998.8	0	0
C13	12109.5	1.78288	99998.8	0	0
neutron	939.565	18.1393	99998.7	0	0
proton	938.272	2.81945	99998.7	0	0
neutron	939.565	0.522834	99998.7	0	0
Ne21	19550.5	0.215181	99998.7	0	0
Na24	22341.8	0.212697	99998.8	0	0
neutron	939.565	3.64075	99998.7	0	0
Al27	25126.5	0.209638	99998.7	0	0
neutron	939.565	3.87674	99999	0	0
proton	938.272	3.14083	99999	0	0
neutron	939.565	1.43739	99999	0	0
Mg25	23268	0.594859	99999	0	0
Na24	22341.8	0.199158	99998.8	0	0
Al28	26058.3	0.162009	99998.7	0	0
neutron	939.565	0.320661	99998.8	0	0
Na23	21409.2	0.178991	99998.8	0	0
Al28	26058.3	0.160311	99998.7	0	0
neutron	939.565	16.2286	99998.8	0	0
neutron	939.565	6.01831	99998.8	0	0
proton	938.272	2.93409	99998.8	0	0
C13	12109.5	1.07274	99998.8	0	0
neutron	939.565	3.68465	99998.7	0	0
proton	938.272	1.93636	99998.7	0	0
neutron	939.565	1.33187	99998.7	0	0
neutron	939.565	0.686215	99998.7	0	0
Mg26	24196.5	0.494034	99998.7	0	0
neutron	939.565	3.13743	99998.7	0	0
neutron	939.565	0.471269	99998.7	0	0
N14	13040.2	0.26882	99998.7	0	0
Na24	22341.8	0.218396	99998.8	0	0
neutron	939.565	9.85428	99998.8	0	0
proton	938.272	7.29712	99998.8	0	0
neutron	939.565	4.04581	99998.8	0	0
Mg25	23268	0.48146	99998.8	0	0
Na24	22341.8	0.214326	99998.7	0	0
Na24	22341.8	0.199918	99998.8	0	0
Al28	26058.3	0.185917	99998.8	0	0
Al28	26058.3	0.17343	99998.8	0	0
neutron	939.565	0.38178	99998.7	0	0
Al27	25126.5	0.265069	99998.7	0	0
Na24	22341.8	0.213743	99998.8	0	0
proton	938.272	13.4454	99998.7	0	0
neutron	939.565	9.66862	99998.7	0	0
neutron	939.565	5.58595	99998.7	0	0
neutron	939.565	4.19671	99998.7	0	0
alpha	3727.38	5.27422	99998.7	0	0
O16	14895.1	3.27177	99998.7	0	0
Mn56	52094	0.0940633	99998.8	0	0
Mn56	52094	0.0904589	99998.8	0	0
Na25	23272.4	0.194106	99998.7	0	0
neutron	939.565	2.0469	99998.8	0	0
N15	13968.9	0.698917	99998.8	0	0
neutron	939.565	6.5321	99998.8	0	0
proton	938.272	2.54842	99998.8	0	0
neutron	939.565	1.29271	99998.8	0	0
Mg25	23268	0.203151	99998.8	0	0
Al28	26058.3	0.176421	99998.8	0	0
Al28	26058.3	0.178871	99998.8	0	0
Al28	26058.3	0.18052	99998.7	0	0
proton	938.272	16.2973	99998.8	0	0
neutron	939.565	6.37988	99998.8	0	0
neutron	939.565	2.45335	99998.8	0	0
neutron	939.565	1.31053	99998.8	0	0
Ne20	18617.7	1.41117	99998.8	0	0
neutron	939.565	8.94608	99998.8	0	0
neutron	939.565	3.49994	99998.8	0	0
proton	938.272	2.32177	99998.8	0	0
C13	12109.5	0.443573	99998.8	0	0
Na24	22341.8	0.217737	99998.8	0	0
proton	938.272	22.765	99998.8	0	0
neutron	939.565	17.8786	99998.8	0	0
neutron	939.565	4.84314	99998.8	0	0
neutron	939.565	4.78018	99998.8	0	0
C12	11174.9	0.505053	99998.8	0	0
Al28	26058.3	0.181246	99998.7	0	0
Al28	26058.3	0.181739	99998.8	0	0
Al28	26058.3	0.179035	99998.8	0	0
Na25	23272.4	0.218809	99998.7	0	0
Al28	26058.3	0.186491	99998.8	0	0
neutron	939.565	0.106011	99998.8	0	0
Mn55	51161.7	0.0802779	99998.8	0	0
Al28	26058.3	0.186709	99998.8	0	0
neutron	939.565	10.4561	99998.8	0	0
neutron	939.565	0.661641	99998.8	0	0
Na24	22341.8	0.25011	99998.8	0	0
Al28	26058.3	0.17759	99998.8	0	0
neutron	939.565	4.93663	99998.8	0	0
neutron	939.565	2.32959	99998.8	0	0
neutron	939.565	2.28414	99998.8	0	0
Na23	21409.2	1.01846	99998.8	0	0
Na24	22341.8	0.192093	99998.7	0	0
proton	938.272	4.60737	99998.8	0	0
neutron	939.565	3.82163	99998.8	0	0
Ne22	20479.7	0.313087	99998.8	0	0
Na26	24206.4	0.187685	99998.8	0	0
neutron	939.565	3.96928	99998.8	0	0
proton	938.272	1.39838	99998.8	0	0
Ne22	20479.7	0.798117	99998.8	0	0
neutron	939.565	16.5059	99998.8	0	0
neutron	939.565	1.78831	99998.8	0	0
deuteron	1875.61	3.6049	99998.8	0	0
C12	11174.9	0.719029	99998.8	0	0
Al28	26058.3	0.188671	99998.8	0	0
neutron	939.565	6.10182	99998.8	0	0
neutron	939.565	4.43715	99998.8	0	0
proton	938.272	2.68154	99998.8	0	0
neutron	939.565	2.02697	99998.8	0	0
Ne22	20479.7	0.103369	99998.8	0	0
neutron	939.565	3.25645	99998.8	0	0
neutron	939.565	2.10773	99998.8	0	0
N14	13040.2	0.373703	99998.8	0	0
neutron	939.565	16.8458	99998.7	0	0
proton	938.272	10.8161	99998.7	0	0
neutron	939.565	4.94163	99998.7	0	0
neutron	939.565	0.725044	99998.7	0	0
C12	11174.9	3.21498	99998.7	0	0
proton	938.272	24.9344	99998.8	0	0
neutron	939.565	5.64419	99998.8	0	0
neutron	939.565	1.64001	99998.8	0	0
Cr53	49301.7	1.11506	99998.8	0	0
Al30	27922.3	0.135634	99998.8	0	0
neutron	939.565	3.94273	99998.8	0	0
proton	938.272	2.53876	99998.8	0	0
Mg26	24196.5	0.600589	99998.8	0	0
Mn56	52094	0.0905473	99998.7	0	0
neutron	939.565	8.18907	99998.7	0	0
neutron	939.565	4.78996	99998.7	0	0
proton	938.272	2.13679	99998.7	0	0
C13	12109.5	0.190026	99998.7	0	0
neutron	939.565	2.82215	99998.7	0	0
Na23	21409.2	0.105735	99998.7	0	0
Na24	22341.8	0.193703	99998.8	0	0
neutron	939.565	8.76721	99998.8	0	0
proton	938.272	8.48979	99998.8	0	0
neutron	939.565	4.90506	99998.8	0	0
neutron	939.565	0.929591	99998.8	0	0
neutron	939.565	0.242733	99998.8	0	0
Cr51	47442.5	0.573839	99998.8	0	0
neutron	939.565	12.6385	99998.7	0	0
neutron	939.565	12.6364	99998.7	0	0
proton	938.272	5.45651	99998.7	0	0
neutron	939.565	3.62824	99998.7	0	0
C12	11174.9	0.587099	99998.7	0	0
Na24	22341.8	0.198922	99998.8	0	0
Na24	22341.8	0.205173	99998.8	0	0
neutron	939.565	6.85766	99998.7	0	0
proton	938.272	3.7466	99998.7	0	0
Mg26	24196.5	0.929924	99998.7	0	0
Na26	24206.4	0.17459	99998.8	0	0
proton	938.272	39.1772	99998.8	0	0
neutron	939.565	5.84661	99998.8	0	0
neutron	939.565	3.74298	99998.8	0	0
neutron	939.565	2.28302	99998.8	0	0
Cr52	48370	0.800564	99998.8	0	0
neutron	939.565	0.806712	99998.8	0	0
neutron	939.565	0.769328	99998.8	0	0
Al28	26058.3	0.0251433	99998.8	0	0
Al29	26988.5	0.153043	99998.8	0	0
Na24	22341.8	0.202682	99998.8	0	0
neutron	939.565	1.12404	99998.8	0	0
Al27	25126.5	0.063044	99998.8	0	0
proton	938.272	7.98643	99998.8	0	0
neutron	939.565	5.65246	99998.8	0	0
neutron	939.565	4.65373	99998.8	0	0
neutron	939.565	3.26676	99998.8	0	0
Mg24	22335.8	0.116244	99998.8	0	0
neutron	939.565	25.2317	99998.7	0	0
neutron	939.565	10.6532	99998.7	0	0
proton	938.272	3.25207	99998.7	0	0
alpha	3727.38	7.34412	99998.7	0	0
O17	15830.5	0.683127	99998.7	0	0
Na24	22341.8	0.220764	99998.8	0	0
neutron	939.565	1.55493	99998.8	0	0
Na23	21409.2	0.0458358	99998.8	0	0
N16	14906	0.282669	99998.8	0	0
neutron	939.565	42.9031	99998.8	0	0
proton	938.272	5.26186	99998.8	0	0
neutron	939.565	4.80226	99998.8	0	0
neutron	939.565	2.16925	99998.8	0	0
C12	11174.9	4.41169	99998.8	0	0
Mn56	52094	0.0889783	99998.7	0	0
Na24	22341.8	0.187287	99998.7	0	0
Na24	22341.8	0.207083	99998.7	0	0
neutron	939.565	6.57751	99998.8	0	0
neutron	939.565	2.42949	99998.8	0	0
deuteron	1875.61	18.8908	99998.8	0	0
alpha	3727.38	5.95379	99998.8	0	0
Be8	7454.85	7.54583	99998.8	0	0
N16	14906	0.295632	99998.8	0	0
neutron	939.565	0.562835	99998.6	0	0
Mn55	51161.7	0.118167	99998.6	0	0
Al28	26058.3	0.18128	99998.8	0	0
Na24	22341.8	0.216209	99998.7	0	0
Mn56	52094	0.0821169	99998.8	0	0
neutron	939.565	0.920721	99998.8	0	0
Na23	21409.2	0.112719	99998.8	0	0
Na24	22341.8	0.213444	99998.9	0	0
Na24	22341.8	0.206895	99998.7	0	0
neutron	939.565	6.09704	99998.8	0	0
neutron	939.565	0.201467	99998.8	0	0
N14	13040.2	0.205577	99998.8	0	0
neutron	939.565	3.75117	99998.8	0	0
proton	938.272	1.81734	99998.8	0	0
neutron	939.565	0.72698	99998.8	0	0
Mg25	23268	0.328974	99998.8	0	0
neutron	939.565	1.00658	99998.7	0	0
Mn55	51161.7	0.0847557	99998.7	0	0
proton	938.272	7.88779	99998.8	0	0
neutron	939.565	1.54736	99998.8	0	0
neutron	939.565	0.622042	99998.8	0	0
Mg25	23268	0.368682	99998.8	0	0
Na24	22341.8	0.219807	99998.8	0	0
neutron	939.565	4.39393	99998.7	0	0
proton	938.272	2.85745	99998.7	0	0
neutron	939.565	2.63871	99998.7	0	0
neutron	939.565	1.95085	99998.7	0	0
Mg24	22335.8	0.398166	99998.7	0	0
neutron	939.565	15.3513	99998.8	0	0
proton	938.272	12.3343	99998.8	0	0
neutron	939.565	4.72466	99998.8	0	0
neutron	939.565	1.18058	99998.8	0	0
C12	11174.9	1.54261	99998.8	0	0
Al28	26058.3	0.182548	99998.8	0	0
Al28	26058.3	0.185669	99998.8	0	0
neutron	939.565	1.47166	99998.7	0	0
N15	13968.9	0.233973	99998.7	0	0
Al28	26058.3	0.175141	99998.7	0	0
proton	938.272	9.48662	99998.7	0	0
neutron	939.565	0.0867006	99998.7	0	0
Mg26	24196.5	0.777751	99998.7	0	0
Al28	26058.3	0.180692	99998.8	0	0
neutron	939.565	1.72846	99998.8	0	0
Na23	21409.2	0.0320577	99998.8	0	0
neutron	939.565	0.4545	99998.7	0	0
Na23	21409.2	0.186624	99998.7	0	0
neutron	939.565	3.29155	99998.8	0	0
neutron	939.565	1.88824	99998.8	0	0
deuteron	1875.61	8.76415	99998.8	0	0
Ne20	18617.7	1.24263	99998.8	0	0
neutron	939.565	1.3888	99998.8	0	0
Al27	25126.5	0.0376774	99998.8	0	0
neutron	939.565	14.2997	99998.8	0	0
proton	938.272	5.31366	99998.8	0	0
proton	938.272	4.07823	99998.8	0	0
neutron	939.565	1.91484	99998.8	0	0
deuteron	1875.61	6.10423	99998.8	0	0
Ti50	46512.1	0.587217	99998.8	0	0
Na24	22341.8	0.203178	99998.8	0	0
neutron	939.565	11.0477	99998.8	0	0
neutron	939.565	4.52455	99998.8	0	0
proton	938.272	2.63872	99998.8	0	0
Mg25	23268	2.09104	99998.8	0	0
proton	938.272	5.67569	99998.8	0	0
neutron	939.565	5.56985	99998.8	0	0
neutron	939.565	4.28595	99998.8	0	0
neutron	939.565	0.780219	99998.8	0	0
Ne20	18617.7	0.485641	99998.8	0	0
proton	938.272	31.294	99998.9	0	0
neutron	939.565	6.91322	99998.9	0	0
neutron	939.565	0.580456	99998.9	0	0
Ne21	19550.5	1.7191	99998.9	0	0
proton	938.272	4.77818	99998.7	0	0
neutron	939.565	3.79856	99998.7	0	0
neutron	939.565	2.35209	99998.7	0	0
neutron	939.565	0.947692	99998.7	0	0
Mg24	22335.8	0.181299	99998.7	0	0
neutron	939.565	4.71658	99998.8	0	0
neutron	939.565	1.74289	99998.8	0	0
Mn54	50232.4	0.235143	99998.8	0	0
Na24	22341.8	0.182284	99998.8	0	0
Al28	26058.3	0.185606	99998.7	0	0
Al28	26058.3	0.180894	99998.8	0	0
neutron	939.565	0.545151	99998.8	0	0
N15	13968.9	0.249992	99998.8	0	0
Al28	26058.3	0.157554	99998.8	0	0
Na24	22341.8	0.215812	99998.9	0	0
neutron	939.565	0.742355	99998.7	0	0
Al27	25126.5	0.17308	99998.7	0	0
neutron	939.565	3.81746	99998.8	0	0
Na23	21409.2	0.0136202	99998.8	0	0
neutron	939.565	11.7668	99998.7	0	0
proton	938.272	1.01317	99998.7	0	0
C14	13040.9	0.885713	99998.7	0	0
Al28	26058.3	0.178853	99998.8	0	0
Al28	26058.3	0.17932	99998.7	0	0
neutron	939.565	2.09507	99998.7	0	0
Al27	25126.5	0.238876	99998.7	0	0
neutron	939.565	1.82939	99998.8	0	0
N15	13968.9	0.0629777	99998.8	0	0
neutron	939.565	8.32025	99998.8	0	0
neutron	939.565	4.9399	99998.8	0	0
proton	938.272	2.46901	99998.8	0	0
neutron	939.565	0.787155	99998.8	0	0
Mg24	22335.8	0.360938	99998.8	0	0
proton	938.272	11.4626	99998.8	0	0
proton	938.272	5.85557	99998.8	0	0
neutron	939.565	3.81428	99998.8	0	0
neutron	939.565	2.49141	99998.8	0	0
neutron	939.565	0.469961	99998.8	0	0
Na23	21409.2	0.0583661	99998.8	0	0
proton	938.272	4.41194	99998.7	0	0
neutron	939.565	3.97634	99998.7	0	0
neutron	939.565	0.356242	99998.7	0	0
C13	12109.5	2.31689	99998.7	0	0
Al29	26988.5	0.148281	99998.8	0	0
neutron	939.565	9.5281	99998.8	0	0
N15	13968.9	0.157973	99998.8	0	0
neutron	939.565	22.2608	99998.8	0	0
neutron	939.565	4.71744	99998.8	0	0
proton	938.272	4.64147	99998.8	0	0
neutron	939.565	0.388152	99998.8	0	0
Ne20	18617.7	0.879953	99998.8	0	0
proton	938.272	2.25607	99998.8	0	0
neutron	939.565	1.97911	99998.8	0	0
neutron	939.565	1.73778	99998.8	0	0
Ne22	20479.7	0.493682	99998.8	0	0
neutron	939.565	4.04802	99998.7	0	0
neutron	939.565	2.44965	99998.7	0	0
Al26	24200	0.356309	99998.7	0	0
proton	938.272	3.32981	99998.8	0	0
neutron	939.565	2.69382	99998.8	0	0
Mg26	24196.5	0.346596	99998.8	0	0
neutron	939.565	4.78498	99998.8	0	0
proton	938.272	3.63976	99998.8	0	0
proton	938.272	3.47941	99998.8	0	0
F21	19556.7	1.2186	99998.8	0	0
neutron	939.565	0.421757	99998.7	0	0
N15	13968.9	0.375164	99998.7	0	0
Al28	26058.3	0.18252	99998.7	0	0
neutron	939.565	1.91724	99998.8	0	0
neutron	939.565	0.479203	99998.8	0	0
neutron	939.565	0.341	99998.8	0	0
alpha	3727.38	5.1571	99998.8	0	0
F19	17692.3	1.11493	99998.8	0	0
neutron	939.565	2.21109	99998.8	0	0
N15	13968.9	0.377774	99998.8	0	0
neutron	939.565	0.863934	99998.8	0	0
N15	13968.9	0.459659	99998.8	0	0
Na24	22341.8	0.20525	99998.7	0	0
Na24	22341.8	0.208172	99998.8	0	0
Na24	22341.8	0.213594	99998.8	0	0
neutron	939.565	4.20159	99998.7	0	0
Na25	23272.4	0.163278	99998.7	0	0
Na24	22341.8	0.206121	99998.8	0	0
proton	938.272	6.56991	99998.7	0	0
neutron	939.565	1.51275	99998.7	0	0
alpha	3727.38	3.81168	99998.7	0	0
O18	16762	1.87244	99998.7	0	0
neutron	939.565	46.9629	99998.7	0	0
neutron	939.565	3.02077	99998.7	0	0
deuteron	1875.61	5.85225	99998.7	0	0
C12	11174.9	4.3747	99998.7	0	0
Al28	26058.3	0.173963	99998.8	0	0
proton	938.272	19.2112	99998.8	0	0
Mg27	25129.6	0.629088	99998.8	0	0
proton	938.272	22.2877	99998.8	0	0
Ne23	21414.1	0.644027	99998.8	0	0
Na26	24206.4	0.183424	99998.8	0	0
neutron	939.565	0.860088	99998.8	0	0
Al27	25126.5	0.113169	99998.8	0	0
neutron	939.565	5.12593	99998.7	0	0
neutron	939.565	3.81544	99998.7	0	0
proton	938.272	3.68791	99998.7	0	0
Mg25	23268	0.686426	99998.7	0	0
neutron	939.565	38.5863	99998.8	0	0
proton	938.272	2.42479	99998.8	0	0
C14	13040.9	2.63591	99998.8	0	0
Al28	26058.3	0.187292	99998.8	0	0
neutron	939.565	27.6167	99998.9	0	0
proton	938.272	2.95107	99998.9	0	0
neutron	939.565	2.29589	99998.9	0	0
Ne21	19550.5	1.07264	99998.9	0	0
neutron	939.565	0.181346	99998.8	0	0
Na23	21409.2	0.16337	99998.8	0	0
N16	14906	0.291601	99999	0	0
Al28	26058.3	0.179731	99998.8	0	0
Mn56	52094	0.0973529	99998.9	0	0
neutron	939.565	3.65566	99998.8	0	0
N15	13968.9	0.101369	99998.8	0	0
neutron	939.565	3.10379	99998.7	0	0
proton	938.272	2.78779	99998.7	0	0
Ne22	20479.7	0.87254	99998.7	0	0
neutron	939.565	5.35055	99998.7	0	0
proton	938.272	3.75847	99998.7	0	0
neutron	939.565	1.41837	99998.7	0	0
Mg25	23268	0.505208	99998.7	0	0
proton	938.272	5.18563	99998.8	0	0
neutron	939.565	4.63633	99998.8	0	0
Ne22	20479.7	0.612915	99998.8	0	0
Al28	26058.3	0.168244	99998.8	0	0
neutron	939.565	8.7313	99998.7	0	0
proton	938.272	3.42888	99998.7	0	0
neutron	939.565	2.04191	99998.7	0	0
neutron	939.565	0.803653	99998.7	0	0
Ne20	18617.7	0.102079	99998.7	0	0
proton	938.272	4.55403	99998.7	0	0
neutron	939.565	1.16873	99998.7	0	0
Mg26	24196.5	0.462361	99998.7	0	0
neutron	939.565	4.16412	99998.8	0	0
Al27	25126.5	0.496917	99998.8	0	0
neutron	939.565	3.89779	99998.8	0	0
neutron	939.565	3.3957	99998.8	0	0
proton	938.272	2.63637	99998.8	0	0
neutron	939.565	0.324485	99998.8	0	0
Ne20	18617.7	0.626365	99998.8	0	0
neutron	939.565	41.1139	99998.7	0	0
neutron	939.565	4.74101	99998.7	0	0
proton	938.272	3.87002	99998.7	0	0
neutron	939.565	1.05656	99998.7	0	0
Ne21	19550.5	1.37568	99998.7	0	0
Na24	22341.8	0.20775	99998.7	0	0
Al28	26058.3	0.174483	99998.7	0	0
neutron	939.565	32.5158	99998.8	0	0
proton	938.272	21.6026	99998.8	0	0
neutron	939.565	0.30708	99998.8	0	0
Mg26	24196.5	0.316913	99998.8	0	0
Na24	22341.8	0.206433	99998.8	0	0
Na25	23272.4	0.190314	99998.8	0	0
Na24	22341.8	0.210797	99999	0	0
proton	938.272	11.5236	99998.8	0	0
Ne23	21414.1	0.123516	99998.8	0	0
Na24	22341.8	0.218932	99998.8	0	0
neutron	939.565	0.0726707	99998.8	0	0
Mn55	51161.7	0.0833218	99998.8	0	0
Na24	22341.8	0.203913	99998.8	0	0
Na25	23272.4	0.19948	99998.7	0	0
proton	938.272	5.79729	99998.8	0	0
neutron	939.565	3.04596	99998.8	0	0
C14	13040.9	1.05184	99998.8	0	0
Na24	22341.8	0.206175	99998.7	0	0
Mn54	50232.4	0.101202	99998.8	0	0
proton	938.272	46.4031	99998.8	0	0
neutron	939.565	1.64072	99998.8	0	0
Mg28	26060.7	1.46536	99998.8	0	0
neutron	939.565	0.192751	99998.8	0	0
N15	13968.9	0.320412	99998.8	0	0
proton	938.272	8.76548	99998.7	0	0
neutron	939.565	2.6564	99998.7	0	0
Mg26	24196.5	0.247338	99998.7	0	0
Na25	23272.4	0.178643	99998.7	0	0
Na24	22341.8	0.214667	99998.8	0	0
neutron	939.565	0.0866376	99998.8	0	0
Al27	25126.5	0.174026	99998.8	0	0
neutron	939.565	16.9216	99998.7	0	0
proton	938.272	6.61355	99998.7	0	0
neutron	939.565	5.51157	99998.7	0	0
neutron	939.565	0.597284	99998.7	0	0
Mg24	22335.8	0.121926	99998.7	0	0
neutron	939.565	7.97858	99998.9	0	0
proton	938.272	4.45329	99998.9	0	0
neutron	939.565	4.23615	99998.9	0	0
neutron	939.565	1.44756	99998.9	0	0
C12	11174.9	1.35389	99998.9	0	0
neutron	939.565	3.00255	99998.7	0	0
Mn55	51161.7	0.152096	99998.7	0	0
neutron	939.565	9.63908	99998.8	0	0
neutron	939.565	2.54859	99998.8	0	0
proton	938.272	1.54508	99998.8	0	0
neutron	939.565	0.494438	99998.8	0	0
Ne20	18617.7	1.60278	99998.8	0	0
neutron	939.565	3.08642	99998.8	0	0
neutron	939.565	2.96926	99998.8	0	0
proton	938.272	2.60526	99998.8	0	0
Ne21	19550.5	0.96885	99998.8	0	0
neutron	939.565	14.3741	99998.7	0	0
neutron	939.565	5.28838	99998.7	0	0
neutron	939.565	2.48131	99998.7	0	0
N13	12111.2	0.863587	99998.7	0	0
neutron	939.565	18.6779	99998.9	0	0
neutron	939.565	16.8468	99998.9	0	0
deuteron	1875.61	7.347	99998.9	0	0
C12	11174.9	5.06472	99998.9	0	0
neutron	939.565	11.3587	99998.8	0	0
neutron	939.565	6.11561	99998.8	0	0
proton	938.272	5.97585	99998.8	0	0
neutron	939.565	0.563036	99998.8	0	0
C12	11174.9	0.630762	99998.8	0	0
Na24	22341.8	0.215852	99998.8	0	0
Na24	22341.8	0.185369	99998.8	0	0
proton	938.272	13.7859	99998.9	0	0
neutron	939.565	1.9834	99998.9	0	0
C14	13040.9	1.24971	99998.9	0	0
proton	938.272	4.49493	99998.8	0	0
neutron	939.565	1.39373	99998.8	0	0
deuteron	1875.61	8.83116	99998.8	0	0
Na24	22341.8	0.436459	99998.8	0	0
neutron	939.565	7.96882	99998.7	0	0
proton	938.272	5.99802	99998.7	0	0
neutron	939.565	1.20718	99998.7	0	0
deuteron	1875.61	4.33914	99998.7	0	0
Na23	21409.2	1.87032	99998.7	0	0
proton	938.272	42.2292	99998.7	0	0
neutron	939.565	14.8077	99998.7	0	0
neutron	939.565	0.712901	99998.7	0	0
C13	12109.5	0.867116	99998.7	0	0
Na25	23272.4	0.191792	99998.7	0	0
Na24	22341.8	0.209505	99998.8	0	0
Na26	24206.4	0.178917	99998.7	0	0
Al28	26058.3	0.18287	99998.8	0	0
Mn56	52094	0.0815289	99998.7	0	0
neutron	939.565	4.67004	99998.8	0	0
triton	2808.92	5.80005	99998.8	0	0
C14	13040.9	1.20783	99998.8	0	0
neutron	939.565	1.16521	99998.8	0	0
N15	13968.9	0.207486	99998.8	0	0
Na25	23272.4	0.19618	99998.7	0	0
neutron	939.565	0.711565	99998.7	0	0
N15	13968.9	0.440289	99998.7	0	0
neutron	939.565	0.291265	99998.8	0	0
Al27	25126.5	0.129759	99998.8	0	0
Mn56	52094	0.0885335	99998.7	0	0
neutron	939.565	6.80252	99998.7	0	0
neutron	939.565	5.9109	99998.7	0	0
proton	938.272	2.54946	99998.7	0	0
neutron	939.565	2.19321	99998.7	0	0
Ne21	19550.5	0.0145439	99998.7	0	0
neutron	939.565	0.627305	99998.7	0	0
Na23	21409.2	0.139527	99998.7	0	0
Na24	22341.8	0.212805	99998.7	0	0
Al28	26058.3	0.184687	99998.8	0	0
Na26	24206.4	0.180902	99998.7	0	0
neutron	939.565	17.7467	99998.9	0	0
neutron	939.565	13.1241	99998.9	0	0
proton	938.272	8.90881	99998.9	0	0
neutron	939.565	6.69171	99998.9	0	0
C12	11174.9	5.55935	99998.9	0	0
Na24	22341.8	0.1948	99998.7	0	0
neutron	939.565	18.5509	99998.7	0	0
proton	938.272	8.31001	99998.7	0	0
neutron	939.565	7.95599	99998.7	0	0
neutron	939.565	0.357501	99998.7	0	0
Mg24	22335.8	0.594952	99998.7	0	0
Al28	26058.3	0.192038	99998.8	0	0
Mn56	52094	0.0880366	99998.8	0	0
neutron	939.565	4.61836	99998.9	0	0
neutron	939.565	4.48526	99998.9	0	0
proton	938.272	1.64918	99998.9	0	0
Ne21	19550.5	0.0424812	99998.9	0	0
neutron	939.565	25.3399	99998.8	0	0
neutron	939.565	3.06371	99998.8	0	0
neutron	939.565	0.0217051	99998.8	0	0
Mn54	50232.4	0.448097	99998.8	0	0
Na24	22341.8	0.206156	99998.9	0	0
neutron	939.565	2.93082	99998.8	0	0
triton	2808.92	2.73478	99998.8	0	0
Ne20	18617.7	0.328153	99998.8	0	0
neutron	939.565	0.475284	99998.8	0	0
N15	13968.9	0.227682	99998.8	0	0
neutron	939.565	8.33742	99998.7	0	0
N15	13968.9	1.07784	99998.7	0	0
neutron	939.565	7.45021	99998.8	0	0
proton	938.272	4.32508	99998.8	0	0
Mg26	24196.5	0.3832	99998.8	0	0
Al28	26058.3	0.181831	99998.8	0	0
neutron	939.565	51.1603	99998.8	0	0
proton	938.272	9.77671	99998.8	0	0
Ne22	20479.7	1.97418	99998.8	0	0
proton	938.272	13.6967	99998.8	0	0
neutron	939.565	5.41079	99998.8	0	0
neutron	939.565	4.81744	99998.8	0	0
neutron	939.565	1.30169	99998.8	0	0
Ne20	18617.7	0.682125	99998.8	0	0
neutron	939.565	8.48008	99998.8	0	0
proton	938.272	7.64131	99998.8	0	0
neutron	939.565	4.16494	99998.8	0	0
proton	938.272	2.45597	99998.8	0	0
neutron	939.565	1.77891	99998.8	0	0
Na23	21409.2	0.112944	99998.8	0	0
neutron	939.565	13.956	99998.8	0	0
proton	938.272	12.58	99998.8	0	0
neutron	939.565	5.78116	99998.8	0	0
neutron	939.565	1.69612	99998.8	0	0
C12	11174.9	4.54975	99998.8	0	0
Na24	22341.8	0.1992	99998.8	0	0
Na24	22341.8	0.209932	99998.7	0	0
neutron	939.565	2.31462	99998.8	0	0
Na23	21409.2	0.41856	99998.8	0	0
Mn56	52094	0.0893614	99998.8	0	0
neutron	939.565	7.30338	99998.8	0	0
Al29	26988.5	0.377078	99998.8	0	0
neutron	939.565	3.88945	99998.8	0	0
proton	938.272	1.80031	99998.8	0	0
Ne22	20479.7	0.720553	99998.8	0	0
Al28	26058.3	0.166341	99998.8	0	0
Na24	22341.8	0.208544	99998.8	0	0
Al28	26058.3	0.173281	99998.8	0	0
Na24	22341.8	0.188061	99998.8	0	0
neutron	939.565	1.77188	99998.8	0	0
Na23	21409.2	0.191483	99998.8	0	0
proton	938.272	9.09802	99998.8	0	0
neutron	939.565	7.17499	99998.8	0	0
neutron	939.565	2.68528	99998.8	0	0
neutron	939.565	1.34139	99998.8	0	0
alpha	3727.38	4.37762	99998.8	0	0
Ne20	18617.7	0.448569	99998.8	0	0
Al28	26058.3	0.186791	99998.8	0	0
proton	938.272	6.21476	99998.7	0	0
neutron	939.565	4.68764	99998.7	0	0
C14	13040.9	1.05831	99998.7	0	0
Al28	26058.3	0.174826	99998.8	0	0
neutron	939.565	1.33177	99998.8	0	0
Al27	25126.5	0.0482382	99998.8	0	0
Na24	22341.8	0.205722	99998.7	0	0
neutron	939.565	1.9007	99998.7	0	0
Al27	25126.5	0.119274	99998.7	0	0
neutron	939.565	1.40323	99998.8	0	0
Na23	21409.2	0.0788764	99998.8	0	0
Na24	22341.8	0.19317	99998.8	0	0
Na24	22341.8	0.216311	99998.8	0	0
neutron	939.565	3.43758	99998.8	0	0
Na25	23272.4	0.497955	99998.8	0	0
neutron	939.565	19.3926	99998.8	0	0
proton	938.272	3.72412	99998.8	0	0
neutron	939.565	2.21668	99998.8	0	0
neutron	939.565	0.677419	99998.8	0	0
C12	11174.9	0.834291	99998.8	0	0
neutron	939.565	9.71366	99998.7	0	0
deuteron	1875.61	1.31371	99998.7	0	0
C13	12109.5	0.829328	99998.7	0	0
neutron	939.565	0.0602178	99998.8	0	0
Na23	21409.2	0.175641	99998.8	0	0
neutron	939.565	15.7805	99998.7	0	0
proton	938.272	4.61896	99998.7	0	0
neutron	939.565	1.72406	99998.7	0	0
Mg25	23268	1.81589	99998.7	0	0
Al28	26058.3	0.187787	99998.8	0	0
neutron	939.565	24.2653	99998.9	0	0
proton	938.272	6.78861	99998.9	0	0
neutron	939.565	1.21258	99998.9	0	0
neutron	939.565	0.45093	99998.9	0	0
Ne20	18617.7	0.842291	99998.9	0	0
Na24	22341.8	0.212892	99998.8	0	0
Na24	22341.8	0.211145	99998.8	0	0
proton	938.272	6.68759	99998.7	0	0
neutron	939.565	5.81385	99998.7	0	0
neutron	939.565	5.19438	99998.7	0	0
Ne21	19550.5	1.00383	99998.7	0	0
neutron	939.565	4.89067	99998.7	0	0
proton	938.272	2.00426	99998.7	0	0
Ne22	20479.7	0.788978	99998.7	0	0
neutron	939.565	4.31533	99998.8	0	0
Na23	21409.2	0.407796	99998.8	0	0
neutron	939.565	14.0787	99998.7	0	0
neutron	939.565	2.3818	99998.7	0	0
N14	13040.2	1.98834	99998.7	0	0
neutron	939.565	8.24431	99998.9	0	0
neutron	939.565	4.00392	99998.9	0	0
proton	938.272	2.22105	99998.9	0	0
C13	12109.5	1.05782	99998.9	0	0
Na25	23272.4	0.199361	99998.8	0	0
Na24	22341.8	0.213141	99998.8	0	0
Mn56	52094	0.0862969	99998.8	0	0
neutron	939.565	19.1377	99998.8	0	0
neutron	939.565	9.6436	99998.8	0	0
neutron	939.565	8.86868	99998.8	0	0
proton	938.272	0.982741	99998.8	0	0
C12	11174.9	5.14394	99998.8	0	0
proton	938.272	11.3919	99998.8	0	0
neutron	939.565	5.61382	99998.8	0	0
proton	938.272	4.12857	99998.8	0	0
Na25	23272.4	0.907896	99998.8	0	0
Na24	22341.8	0.21572	99998.8	0	0
Al28	26058.3	0.159364	99998.7	0	0
Na25	23272.4	0.194943	99998.7	0	0
proton	938.272	18.0033	99998.7	0	0
neutron	939.565	2.6417	99998.7	0	0
neutron	939.565	0.700158	99998.7	0	0
Ne21	19550.5	0.929129	99998.7	0	0
Na26	24206.4	0.164927	99998.8	0	0
neutron	939.565	18.3151	99998.8	0	0
proton	938.272	7.15429	99998.8	0	0
Mg26	24196.5	0.521051	99998.8	0	0
Na24	22341.8	0.217381	99998.8	0	0
proton	938.272	5.08379	99998.8	0	0
neutron	939.565	2.14159	99998.8	0	0
neutron	939.565	1.39744	99998.8	0	0
neutron	939.565	1.24947	99998.8	0	0
Mg24	22335.8	0.333739	99998.8	0	0
Na24	22341.8	0.18339	99998.8	0	0
neutron	939.565	12.8514	99998.8	0	0
neutron	939.565	8.25513	99998.8	0	0
proton	938.272	2.94949	99998.8	0	0
neutron	939.565	2.10496	99998.8	0	0
C12	11174.9	1.67156	99998.8	0	0
neutron	939.565	0.476462	99998.8	0	0
Na23	21409.2	0.289374	99998.8	0	0
neutron	939.565	1.63639	99998.8	0	0
Na23	21409.2	0.149721	99998.8	0	0
neutron	939.565	9.65611	99998.8	0	0
proton	938.272	2.27479	99998.8	0	0
neutron	939.565	0.802047	99998.8	0	0
deuteron	1875.61	13.5214	99998.8	0	0
F19	17692.3	1.16158	99998.8	0	0
neutron	939.565	10.0661	99998.8	0	0
proton	938.272	8.5489	99998.8	0	0
neutron	939.565	3.16501	99998.8	0	0
neutron	939.565	1.47129	99998.8	0	0
neutron	939.565	0.334122	99998.8	0	0
alpha	3727.38	8.39322	99998.8	0	0
Ti47	43724.1	0.464552	99998.8	0	0
Al28	26058.3	0.147923	99998.8	0	0
neutron	939.565	1.78487	99998.8	0	0
Na23	21409.2	0.04917	99998.8	0	0
neutron	939.565	7.5391	99998.7	0	0
neutron	939.565	0.744183	99998.7	0	0
deuteron	1875.61	6.34759	99998.7	0	0
C12	11174.9	0.490455	99998.7	0	0
neutron	939.565	11.5956	99998.7	0	0
proton	938.272	3.15001	99998.7	0	0
neutron	939.565	2.1887	99998.7	0	0
deuteron	1875.61	10.7866	99998.7	0	0
alpha	3727.38	4.44051	99998.7	0	0
N15	13968.9	2.05969	99998.7	0	0
N16	14906	0.284838	99998.8	0	0
proton	938.272	9.78809	99998.8	0	0
neutron	939.565	4.28948	99998.8	0	0
proton	938.272	4.17703	99998.8	0	0
neutron	939.565	1.86547	99998.8	0	0
neutron	939.565	0.310261	99998.8	0	0
F19	17692.3	2.00988	99998.8	0	0
neutron	939.565	2.97005	99998.7	0	0
Na23	21409.2	0.273585	99998.7	0	0
Na25	23272.4	0.175586	99998.8	0	0
Al28	26058.3	0.188409	99998.8	0	0
Na25	23272.4	0.186074	99998.7	0	0
neutron	939.565	13.6491	99998.8	0	0
proton	938.272	5.99289	99998.8	0	0
Mg26	24196.5	0.100356	99998.8	0	0
neutron	939.565	7.77338	99998.8	0	0
proton	938.272	7.5098	99998.8	0	0
neutron	939.565	2.52709	99998.8	0	0
neutron	939.565	0.562071	99998.8	0	0
Mg24	22335.8	0.272946	99998.8	0	0
Na24	22341.8	0.208191	99998.8	0	0
neutron	939.565	1.13674	99998.8	0	0
Mn55	51161.7	0.160546	99998.8	0	0
neutron	939.565	8.01741	99998.7	0	0
proton	938.272	2.04058	99998.7	0	0
Mg26	24196.5	0.862261	99998.7	0	0
Na24	22341.8	0.182803	99998.8	0	0
Al28	26058.3	0.18921	99998.7	0	0
neutron	939.565	9.54476	99998.7	0	0
proton	938.272	3.40819	99998.7	0	0
Mg26	24196.5	0.662712	99998.7	0	0
Al28	26058.3	0.169853	99998.7	0	0
neutron	939.565	0.277119	99998.7	0	0
N15	13968.9	0.398896	99998.7	0	0
neutron	939.565	1.03287	99998.7	0	0
Al27	25126.5	0.184332	99998.7	0	0
Na24	22341.8	0.194272	99998.7	0	0
Na24	22341.8	0.210878	99998.8	0	0
Na24	22341.8	0.211843	99998.8	0	0
Al28	26058.3	0.178692	99998.7	0	0
neutron	939.565	3.43205	99998.7	0	0
proton	938.272	1.83058	99998.7	0	0
C14	13040.9	0.240522	99998.7	0	0
Na25	23272.4	0.182453	99998.8	0	0
Mn56	52094	0.0841685	99998.7	0	0
neutron	939.565	4.23685	99998.8	0	0
Na24	22341.8	0.301023	99998.8	0	0
neutron	939.565	6.15488	99998.9	0	0
neutron	939.565	4.23346	99998.9	0	0
Al26	24200	0.484073	99998.9	0	0
neutron	939.565	0.216889	99998.8	0	0
N15	13968.9	0.317106	99998.8	0	0
N16	14906	0.290028	99998.8	0	0
neutron	939.565	0.229672	99998.7	0	0
Na23	21409.2	0.140486	99998.7	0	0
Al28	26058.3	0.171764	99998.7	0	0
neutron	939.565	13.8354	99998.7	0	0
neutron	939.565	8.26485	99998.7	0	0
proton	938.272	2.69947	99998.7	0	0
neutron	939.565	0.170059	99998.7	0	0
C12	11174.9	1.58031	99998.7	0	0
Al28	26058.3	0.178144	99998.8	0	0
neutron	939.565	0.451488	99998.8	0	0
N15	13968.9	0.3747	99998.8	0	0
neutron	939.565	0.291949	99998.8	0	0
alpha	3727.38	5.66142	99998.8	0	0
F19	17692.3	0.621914	99998.8	0	0
Na25	23272.4	0.208078	99998.7	0	0
Na24	22341.8	0.22059	99998.7	0	0
Al28	26058.3	0.168099	99998.8	0	0
Al28	26058.3	0.155276	99998.8	0	0
Na25	23272.4	0.201422	99998.7	0	0
neutron	939.565	6.36446	99998.8	0	0
proton	938.272	1.9469	99998.8	0	0
neutron	939.565	1.81154	99998.8	0	0
neutron	939.565	1.39797	99998.8	0	0
Ne20	18617.7	0.30955	99998.8	0	0
Na24	22341.8	0.20249	99998.8	0	0
Al28	26058.3	0.186829	99998.7	0	0
Al28	26058.3	0.16525	99998.9	0	0
neutron	939.565	0.904712	99998.7	0	0
Na23	21409.2	0.128002	99998.7	0	0
neutron	939.565	1.35372	99998.8	0	0
deuteron	1875.61	2.2849	99998.8	0	0
Ne21	19550.5	0.680508	99998.8	0	0
neutron	939.565	6.85663	99998.8	0	0
neutron	939.565	4.74396	99998.8	0	0
proton	938.272	3.86865	99998.8	0	0
neutron	939.565	0.528074	99998.8	0	0
alpha	3727.38	4.51963	99998.8	0	0
Be8	7454.85	1.17801	99998.8	0	0
Al28	26058.3	0.184781	99998.7	0	0
Na24	22341.8	0.219325	99998.8	0	0
neutron	939.565	16.8269	99998.7	0	0
neutron	939.565	2.6421	99998.7	0	0
N14	13040.2	1.66731	99998.7	0	0
neutron	939.565	1.84022	99998.8	0	0
N15	13968.9	0.523987	99998.8	0	0
proton	938.272	10.6091	99998.7	0	0
neutron	939.565	9.38994	99998.7	0	0
neutron	939.565	1.5512	99998.7	0	0
Mg25	23268	0.377607	99998.7	0	0
neutron	939.565	22.8174	99998.8	0	0
proton	938.272	4.25453	99998.8	0	0
neutron	939.565	3.65622	99998.8	0	0
neutron	939.565	2.09366	99998.8	0	0
Cr52	48370	1.03173	99998.8	0	0
proton	938.272	6.07726	99998.8	0	0
neutron	939.565	2.04158	99998.8	0	0
neutron	939.565	0.571806	99998.8	0	0
Ne21	19550.5	0.741211	99998.8	0	0
neutron	939.565	0.517	99998.8	0	0
Al27	25126.5	0.169642	99998.8	0	0
Al28	26058.3	0.188438	99998.8	0	0
proton	938.272	11.0597	99998.8	0	0
neutron	939.565	8.3438	99998.8	0	0
neutron	939.565	5.078	99998.8	0	0
neutron	939.565	1.49972	99998.8	0	0
C12	11174.9	1.4059	99998.8	0	0
Na24	22341.8	0.205554	99998.7	0	0
Na24	22341.8	0.20462	99998.9	0	0
neutron	939.565	5.44237	99998.8	0	0
neutron	939.565	3.15121	99998.8	0	0
Mn52	48374.2	0.563695	99998.8	0	0
neutron	939.565	14.0737	99998.7	0	0
proton	938.272	1.39247	99998.7	0	0
neutron	939.565	1.21562	99998.7	0	0
neutron	939.565	0.906541	99998.7	0	0
Ne20	18617.7	1.04989	99998.7	0	0
neutron	939.565	15.0321	99998.7	0	0
proton	938.272	1.99813	99998.7	0	0
Ne22	20479.7	0.859606	99998.7	0	0
Al28	26058.3	0.181391	99998.8	0	0
neutron	939.565	22.2204	99998.8	0	0
neutron	939.565	0.228808	99998.8	0	0
N14	13040.2	1.1236	99998.8	0	0
proton	938.272	13.052	99998.8	0	0
neutron	939.565	0.935309	99998.8	0	0
neutron	939.565	0.856163	99998.8	0	0
Mg25	23268	0.549303	99998.8	0	0
Al28	26058.3	0.1795	99998.7	0	0
neutron	939.565	0.641006	99998.7	0	0
Al27	25126.5	0.192592	99998.7	0	0
neutron	939.565	10.5374	99998.8	0	0
proton	938.272	4.89991	99998.8	0	0
neutron	939.565	3.84069	99998.8	0	0
neutron	939.565	1.26078	99998.8	0	0
alpha	3727.38	5.35259	99998.8	0	0
O16	14895.1	2.84786	99998.8	0	0
proton	938.272	7.26029	99998.8	0	0
proton	938.272	4.27544	99998.8	0	0
neutron	939.565	1.90783	99998.8	0	0
neutron	939.565	1.54919	99998.8	0	0
neutron	939.565	0.725749	99998.8	0	0
alpha	3727.38	10.5653	99998.8	0	0
N15	13968.9	4.07237	99998.8	0	0
Na24	22341.8	0.219767	99998.8	0	0
proton	938.272	6.79176	99998.8	0	0
neutron	939.565	5.3505	99998.8	0	0
neutron	939.565	2.44223	99998.8	0	0
neutron	939.565	1.85898	99998.8	0	0
Mg24	22335.8	1.69607	99998.8	0	0
Na24	22341.8	0.198063	99998.9	0	0
neutron	939.565	3.40167	99998.7	0	0
proton	938.272	2.78775	99998.7	0	0
Mg26	24196.5	0.675537	99998.7	0	0
neutron	939.565	2.61568	99998.9	0	0
Na23	21409.2	0.292139	99998.9	0	0
Al28	26058.3	0.170094	99998.8	0	0
proton	938.272	7.45105	99998.7	0	0
neutron	939.565	2.78237	99998.7	0	0
Cr54	50231.5	0.00886815	99998.7	0	0
Al28	26058.3	0.184887	99998.8	0	0
Na24	22341.8	0.215031	99998.8	0	0
neutron	939.565	9.2645	99998.8	0	0
neutron	939.565	3.52078	99998.8	0	0
proton	938.272	3.47851	99998.8	0	0
Ne21	19550.5	0.124122	99998.8	0	0
Na24	22341.8	0.18643	99998.7	0	0
N16	14906	0.287906	99998.8	0	0
neutron	939.565	2.31124	99998.8	0	0
Al27	25126.5	0.0549769	99998.8	0	0
proton	938.272	5.22424	99998.8	0	0
neutron	939.565	4.08185	99998.8	0	0
neutron	939.565	2.79178	99998.8	0	0
neutron	939.565	1.03589	99998.8	0	0
Mg24	22335.8	1.13072	99998.8	0	0
neutron	939.565	35.8402	99998.8	0	0
proton	938.272	3.81625	99998.8	0	0
neutron	939.565	0.913747	99998.8	0	0
Ne21	19550.5	1.10813	99998.8	0	0
neutron	939.565	2.57673	99998.8	0	0
Na23	21409.2	0.367909	99998.8	0	0
neutron	939.565	4.91554	99998.8	0	0
neutron	939.565	2.92198	99998.8	0	0
proton	938.272	1.33349	99998.8	0	0
C13	12109.5	1.31579	99998.8	0	0
N16	14906	0.285597	99998.7	0	0
neutron	939.565	1.78844	99998.8	0	0
Al27	25126.5	0.0313036	99998.8	0	0
proton	938.272	19.0551	99998.8	0	0
neutron	939.565	1.65951	99998.8	0	0
neutron	939.565	0.788607	99998.8	0	0
neutron	939.565	0.3775	99998.8	0	0
Ne20	18617.7	1.23855	99998.8	0	0
neutron	939.565	2.4291	99998.7	0	0
Na23	21409.2	0.429741	99998.7	0	0
Na24	22341.8	0.204488	99998.8	0	0
proton	938.272	28.6551	99998.8	0	0
neutron	939.565	4.94408	99998.8	0	0
neutron	939.565	4.57175	99998.8	0	0
Mg26	24196.5	1.52792	99998.8	0	0
Na24	22341.8	0.212989	99998.8	0	0
Al28	26058.3	0.162156	99998.8	0	0
neutron	939.565	3.76428	99998.8	0	0
Na23	21409.2	0.555979	99998.8	0	0
Al28	26058.3	0.187921	99998.8	0	0
Na24	22341.8	0.205132	99998.9	0	0
proton	938.272	3.92736	99998.7	0	0
neutron	939.565	2.34017	99998.7	0	0
neutron	939.565	1.5264	99998.7	0	0
neutron	939.565	0.71134	99998.7	0	0
C12	11174.9	0.748329	99998.7	0	0
Na24	22341.8	0.206549	99998.7	0	0
Na24	22341.8	0.205425	99998.7	0	0
neutron	939.565	8.3985	99998.7	0	0
neutron	939.565	3.71577	99998.7	0	0
neutron	939.565	3.57066	99998.7	0	0
Na23	21409.2	0.74058	99998.7	0	0
neutron	939.565	19.6748	99998.7	0	0
neutron	939.565	10.2935	99998.7	0	0
proton	938.272	2.26243	99998.7	0	0
neutron	939.565	1.8001	99998.7	0	0
Mg24	22335.8	0.527882	99998.7	0	0
Na24	22341.8	0.215422	99998.8	0	0
Al28	26058.3	0.179457	99998.8	0	0
neutron	939.565	8.26665	99998.7	0	0
proton	938.272	6.41006	99998.7	0	0
neutron	939.565	0.95688	99998.7	0	0
C13	12109.5	1.65013	99998.7	0	0
neutron	939.565	0.491043	99998.7	0	0
Na25	23272.4	0.183989	99998.7	0	0
neutron	939.565	2.63956	99998.8	0	0
neutron	939.565	0.415957	99998.8	0	0
N14	13040.2	0.0331924	99998.8	0	0
Na25	23272.4	0.200441	99998.7	0	0
neutron	939.565	3.33296	99998.8	0	0
neutron	939.565	0.180453	99998.8	0	0
deuteron	1875.61	4.74219	99998.8	0	0
Ne20	18617.7	0.357918	99998.8	0	0
Al28	26058.3	0.189385	99998.7	0	0
neutron	939.565	11.401	99998.8	0	0
proton	938.272	2.80794	99998.8	0	0
neutron	939.565	2.28283	99998.8	0	0
neutron	939.565	1.73933	99998.8	0	0
Ne22	20479.7	0.865225	99998.8	0	0
Na24	22341.8	0.211945	99998.7	0	0
Na26	24206.4	0.167785	99998.7	0	0
neutron	939.565	32.4825	99998.7	0	0
proton	938.272	12.5168	99998.7	0	0
alpha	3727.38	10.5513	99998.7	0	0
Ne22	20479.7	0.460755	99998.7	0	0
neutron	939.565	32.2219	99998.7	0	0
neutron	939.565	25.3338	99998.7	0	0
deuteron	1875.61	1.08171	99998.7	0	0
C12	11174.9	1.56161	99998.7	0	0
Al28	26058.3	0.169032	99998.9	0	0
neutron	939.565	14.0454	99998.9	0	0
triton	2808.92	5.23988	99998.9	0	0
Ne20	18617.7	0.0568241	99998.9	0	0
neutron	939.565	4.04842	99998.8	0	0
proton	938.272	2.28873	99998.8	0	0
Ne22	20479.7	0.101226	99998.8	0	0
Na24	22341.8	0.205579	99998.8	0	0
neutron	939.565	6.81697	99998.8	0	0
triton	2808.92	5.5622	99998.8	0	0
alpha	3727.38	3.53206	99998.8	0	0
alpha	3727.38	4.91486	99998.8	0	0
alpha	3727.38	2.28946	99998.8	0	0
neutron	939.565	12.5427	99998.8	0	0
neutron	939.565	7.16295	99998.8	0	0
proton	938.272	5.74249	99998.8	0	0
proton	938.272	5.64807	99998.8	0	0
neutron	939.565	3.44359	99998.8	0	0
proton	938.272	2.05237	99998.8	0	0
Ne22	20479.7	0.478626	99998.8	0	0
Mn56	52094	0.0965656	99998.8	0	0
neutron	939.565	0.352736	99998.8	0	0
N15	13968.9	0.148227	99998.8	0	0
neutron	939.565	1.47811	99998.7	0	0
Na23	21409.2	0.421108	99998.7	0	0
Na24	22341.8	0.214091	99998.8	0	0
neutron	939.565	6.42608	99998.8	0	0
neutron	939.565	1.29641	99998.8	0	0
alpha	3727.38	4.97811	99998.8	0	0
deuteron	1875.61	2.49445	99998.8	0	0
alpha	3727.38	6.11534	99998.8	0	0
O16	14895.1	3.8984	99998.8	0	0
neutron	939.565	0.256254	99998.8	0	0
Na23	21409.2	0.192257	99998.8	0	0
neutron	939.565	3.04197	99998.8	0	0
neutron	939.565	1.14318	99998.8	0	0
Na22	20482.1	0.456629	99998.8	0	0
neutron	939.565	20.9757	99998.7	0	0
proton	938.272	12.301	99998.7	0	0
neutron	939.565	1.45896	99998.7	0	0
Ne21	19550.5	0.894207	99998.7	0	0
Na24	22341.8	0.214382	99998.7	0	0
Na24	22341.8	0.202545	99998.7	0	0
Al28	26058.3	0.185581	99998.9	0	0
neutron	939.565	0.145663	99998.7	0	0
Al27	25126.5	0.195546	99998.7	0	0
Na24	22341.8	0.214961	99998.8	0	0
Na24	22341.8	0.183429	99998.8	0	0
neutron	939.565	9.71762	99998.8	0	0
proton	938.272	1.89385	99998.8	0	0
neutron	939.565	1.29291	99998.8	0	0
C13	12109.5	0.370122	99998.8	0	0
neutron	939.565	30.0546	99998.8	0	0
neutron	939.565	4.83622	99998.8	0	0
deuteron	1875.61	3.96781	99998.8	0	0
C12	11174.9	5.02124	99998.8	0	0
proton	938.272	13.5772	99998.7	0	0
neutron	939.565	5.13	99998.7	0	0
neutron	939.565	4.23813	99998.7	0	0
neutron	939.565	1.27034	99998.7	0	0
alpha	3727.38	4.78209	99998.7	0	0
Be8	7454.85	5.58098	99998.7	0	0
neutron	939.565	6.01269	99998.8	0	0
deuteron	1875.61	4.45246	99998.8	0	0
alpha	3727.38	8.05238	99998.8	0	0
O18	16762	0.581835	99998.8	0	0
proton	938.272	10.9092	99998.7	0	0
neutron	939.565	1.72409	99998.7	0	0
Mg26	24196.5	0.596579	99998.7	0	0
neutron	939.565	30.7619	99998.8	0	0
proton	938.272	11.5203	99998.8	0	0
neutron	939.565	0.025151	99998.8	0	0
Mg25	23268	2.73906	99998.8	0	0
neutron	939.565	4.8497	99998.8	0	0
neutron	939.565	2.33138	99998.8	0	0
deuteron	1875.61	9.25133	99998.8	0	0
alpha	3727.38	5.87829	99998.8	0	0
Be8	7454.85	0.730165	99998.8	0	0
Na24	22341.8	0.21571	99998.8	0	0
neutron	939.565	1.38106	99998.9	0	0
alpha	3727.38	5.31705	99998.9	0	0
Na24	22341.8	0.7912	99998.9	0	0
neutron	939.565	39.4101	99998.8	0	0
neutron	939.565	7.27323	99998.8	0	0
proton	938.272	5.36973	99998.8	0	0
neutron	939.565	3.54617	99998.8	0	0
C12	11174.9	2.96167	99998.8	0	0
neutron	939.565	8.20804	99998.7	0	0
proton	938.272	6.5523	99998.7	0	0
neutron	939.565	2.3925	99998.7	0	0
Ne21	19550.5	0.27733	99998.7	0	0
neutron	939.565	3.01755	99998.8	0	0
neutron	939.565	2.4241	99998.8	0	0
Na22	20482.1	0.746298	99998.8	0	0
proton	938.272	7.05098	99998.8	0	0
neutron	939.565	5.01389	99998.8	0	0
Ne22	20479.7	0.751988	99998.8	0	0
proton	938.272	2.78376	99998.9	0	0
neutron	939.565	2.65824	99998.9	0	0
neutron	939.565	0.66574	99998.9	0	0
alpha	3727.38	17.5547	99998.9	0	0
O17	15830.5	4.38401	99998.9	0	0
neutron	939.565	36.1366	99998.8	0	0
neutron	939.565	23.8015	99998.8	0	0
Na23	21409.2	1.7101	99998.8	0	0
neutron	939.565	4.65806	99998.8	0	0
alpha	3727.38	6.83924	99998.8	0	0
F19	17692.3	1.44466	99998.8	0	0
Na24	22341.8	0.203746	99998.7	0	0
proton	938.272	2.57258	99998.8	0	0
neutron	939.565	2.29694	99998.8	0	0
C14	13040.9	0.173571	99998.8	0	0
neutron	939.565	37.6088	99998.8	0	0
proton	938.272	6.46031	99998.8	0	0
neutron	939.565	3.57589	99998.8	0	0
neutron	939.565	2.45166	99998.8	0	0
Cr52	48370	0.695727	99998.8	0	0
neutron	939.565	4.04893	99998.7	0	0
Al27	25126.5	0.204043	99998.7	0	0
Na24	22341.8	0.196045	99998.7	0	0
neutron	939.565	8.43373	99998.8	0	0
proton	938.272	7.70266	99998.8	0	0
neutron	939.565	2.79296	99998.8	0	0
Ne21	19550.5	0.341044	99998.8	0	0
neutron	939.565	19.1498	99998.7	0	0
proton	938.272	9.33502	99998.7	0	0
neutron	939.565	3.9256	99998.7	0	0
Mg25	23268	0.616289	99998.7	0	0
Al28	26058.3	0.160222	99998.7	0	0
Na24	22341.8	0.206233	99998.7	0	0
neutron	939.565	5.62119	99998.7	0	0
proton	938.272	2.87913	99998.7	0	0
Mg26	24196.5	0.595939	99998.7	0	0
neutron	939.565	6.25323	99998.7	0	0
proton	938.272	3.39715	99998.7	0	0
neutron	939.565	0.836977	99998.7	0	0
C13	12109.5	1.11858	99998.7	0	0
neutron	939.565	14.4577	99998.8	0	0
proton	938.272	2.19902	99998.8	0	0
C14	13040.9	0.651034	99998.8	0	0
neutron	939.565	0.699696	99998.8	0	0
Al27	25126.5	0.200101	99998.8	0	0
Al28	26058.3	0.168819	99998.8	0	0
neutron	939.565	10.14	99998.7	0	0
neutron	939.565	5.46414	99998.7	0	0
proton	938.272	4.56802	99998.7	0	0
Cr53	49301.7	0.112679	99998.7	0	0
neutron	939.565	3.32259	99998.8	0	0
neutron	939.565	2.73641	99998.8	0	0
deuteron	1875.61	13.096	99998.8	0	0
alpha	3727.38	4.8066	99998.8	0	0
Be8	7454.85	4.29785	99998.8	0	0
Na26	24206.4	0.18083	99998.8	0	0
neutron	939.565	19.8966	99998.7	0	0
proton	938.272	4.77762	99998.7	0	0
neutron	939.565	4.36474	99998.7	0	0
neutron	939.565	1.47209	99998.7	0	0
Mg24	22335.8	0.122319	99998.7	0	0
neutron	939.565	4.71565	99998.7	0	0
Al27	25126.5	0.114239	99998.7	0	0
Na24	22341.8	0.207462	99998.8	0	0
Na25	23272.4	0.190212	99998.7	0	0
Na24	22341.8	0.212712	99998.7	0	0
neutron	939.565	2.1308	99998.8	0	0
neutron	939.565	1.27647	99998.8	0	0
deuteron	1875.61	18.4939	99998.8	0	0
C12	11174.9	5.38411	99998.8	0	0
Na24	22341.8	0.215083	99998.8	0	0
Al28	26058.3	0.18885	99998.7	0	0
Al28	26058.3	0.168486	99998.8	0	0
Al28	26058.3	0.156486	99998.7	0	0
Na25	23272.4	0.218467	99998.7	0	0
proton	938.272	4.85603	99998.7	0	0
neutron	939.565	1.22855	99998.7	0	0
Ne22	20479.7	0.405931	99998.7	0	0
proton	938.272	20.7563	99998.8	0	0
neutron	939.565	6.10609	99998.8	0	0
neutron	939.565	1.38043	99998.8	0	0
neutron	939.565	1.27396	99998.8	0	0
Ne21	19550.5	0.886607	99998.8	0	0
Al28	26058.3	0.155227	99998.8	0	0
Mn56	52094	0.0829049	99998.7	0	0
Al28	26058.3	0.184418	99998.8	0	0
Na24	22341.8	0.217749	99998.7	0	0
proton	938.272	15.9511	99998.8	0	0
neutron	939.565	5.83491	99998.8	0	0
neutron	939.565	1.40252	99998.8	0	0
C13	12109.5	1.19957	99998.8	0	0
neutron	939.565	7.10056	99998.8	0	0
alpha	3727.38	9.44935	99998.8	0	0
alpha	3727.38	5.34938	99998.8	0	0
N15	13968.9	1.46048	99998.8	0	0
Al28	26058.3	0.176735	99998.8	0	0
neutron	939.565	4.05015	99998.8	0	0
proton	938.272	3.85946	99998.8	0	0
neutron	939.565	2.95401	99998.8	0	0
neutron	939.565	2.38558	99998.8	0	0
C12	11174.9	2.11942	99998.8	0	0
proton	938.272	18.4788	99998.8	0	0
neutron	939.565	4.22596	99998.8	0	0
neutron	939.565	1.43171	99998.8	0	0
neutron	939.565	0.16865	99998.8	0	0
Ne20	18617.7	0.993088	99998.8	0	0
neutron	939.565	3.98444	99998.7	0	0
proton	938.272	2.19839	99998.7	0	0
neutron	939.565	1.50784	99998.7	0	0
Ne21	19550.5	0.44119	99998.7	0	0
Na24	22341.8	0.214529	99998.8	0	0
neutron	939.565	34.4743	99998.7	0	0
neutron	939.565	6.5949	99998.7	0	0
proton	938.272	5.06673	99998.7	0	0
neutron	939.565	1.16632	99998.7	0	0
Ne20	18617.7	2.22209	99998.7	0	0
Na24	22341.8	0.213989	99998.7	0	0
neutron	939.565	9.8755	99998.8	0	0
alpha	3727.38	7.09088	99998.8	0	0
alpha	3727.38	5.08527	99998.8	0	0
F19	17692.3	4.92982	99998.8	0	0
neutron	939.565	0.07197	99998.7	0	0
Mn55	51161.7	0.067256	99998.7	0	0
Na24	22341.8	0.210441	99998.8	0	0
Al28	26058.3	0.188573	99998.7	0	0
neutron	939.565	11.1576	99998.7	0	0
neutron	939.565	4.12144	99998.7	0	0
proton	938.272	3.11947	99998.7	0	0
Mg25	23268	0.200466	99998.7	0	0
Al28	26058.3	0.18812	99998.8	0	0
neutron	939.565	16.1217	99998.8	0	0
neutron	939.565	5.23778	99998.8	0	0
Na22	20482.1	1.31823	99998.8	0	0
Na26	24206.4	0.168807	99998.9	0	0
Na25	23272.4	0.202104	99998.8	0	0
Al28	26058.3	0.174015	99998.7	0	0
Na24	22341.8	0.20969	99998.8	0	0
Al28	26058.3	0.187792	99998.8	0	0
N16	14906	0.286976	99998.8	0	0
Na24	22341.8	0.199305	99998.8	0	0
Na24	22341.8	0.18616	99998.8	0	0
neutron	939.565	3.87998	99998.7	0	0
Mn55	51161.7	0.00140132	99998.7	0	0
neutron	939.565	0.849917	99998.7	0	0
Na23	21409.2	0.157753	99998.7	0	0
neutron	939.565	33.8079	99998.8	0	0
neutron	939.565	16.071	99998.8	0	0
deuteron	1875.61	4.29355	99998.8	0	0
C12	11174.9	0.599951	99998.8	0	0
proton	938.272	2.07907	99998.8	0	0
neutron	939.565	1.4018	99998.8	0	0
neutron	939.565	1.15184	99998.8	0	0
Ne21	19550.5	0.528901	99998.8	0	0
proton	938.272	4.9663	99998.9	0	0
neutron	939.565	1.90808	99998.9	0	0
Mg26	24196.5	0.528632	99998.9	0	0
neutron	939.565	4.27099	99998.7	0	0
N15	13968.9	0.673924	99998.7	0	0
neutron	939.565	1.06838	99998.8	0	0
Al27	25126.5	0.328186	99998.8	0	0
neutron	939.565	1.1556	99998.9	0	0
deuteron	1875.61	4.07053	99998.9	0	0
C13	12109.5	0.877633	99998.9	0	0
neutron	939.565	4.02256	99998.7	0	0
alpha	3727.38	9.48595	99998.7	0	0
F19	17692.3	0.694119	99998.7	0	0
proton	938.272	14.2676	99998.8	0	0
neutron	939.565	7.55597	99998.8	0	0
neutron	939.565	6.01612	99998.8	0	0
neutron	939.565	3.64948	99998.8	0	0
Ne20	18617.7	0.134461	99998.8	0	0
neutron	939.565	14.7717	99998.8	0	0
proton	938.272	3.20615	99998.8	0	0
deuteron	1875.61	4.38136	99998.8	0	0
Na24	22341.8	0.646325	99998.8	0	0
Al28	26058.3	0.173047	99998.7	0	0
Na24	22341.8	0.196182	99998.8	0	0
proton	938.272	2.38264	99998.9	0	0
neutron	939.565	2.27262	99998.9	0	0
C14	13040.9	1.15317	99998.9	0	0
proton	938.272	16.4282	99998.8	0	0
neutron	939.565	4.17517	99998.8	0	0
Mg26	24196.5	1.10743	99998.8	0	0
neutron	939.565	14.9678	99998.8	0	0
neutron	939.565	1.63214	99998.8	0	0
deuteron	1875.61	2.02568	99998.8	0	0
alpha	3727.38	4.45626	99998.8	0	0
Be8	7454.85	4.12964	99998.8	0	0
proton	938.272	3.05571	99998.8	0	0
neutron	939.565	2.69515	99998.8	0	0
Ne22	20479.7	0.692685	99998.8	0	0
Mn56	52094	0.0956159	99998.8	0	0
neutron	939.565	1.48375	99998.7	0	0
Mn55	51161.7	0.149921	99998.7	0	0
Na24	22341.8	0.20885	99998.7	0	0
neutron	939.565	5.78793	99998.8	0	0
Al27	25126.5	0.652766	99998.8	0	0
Mn56	52094	0.0820422	99998.8	0	0
proton	938.272	5.56115	99998.7	0	0
neutron	939.565	2.08036	99998.7	0	0
neutron	939.565	1.46854	99998.7	0	0
Ne21	19550.5	0.299607	99998.7	0	0
neutron	939.565	14.3532	99998.8	0	0
proton	938.272	6.17279	99998.8	0	0
neutron	939.565	2.79902	99998.8	0	0
neutron	939.565	0.32892	99998.8	0	0
Mg24	22335.8	0.430298	99998.8	0	0
neutron	939.565	3.75821	99998.8	0	0
neutron	939.565	0.723085	99998.8	0	0
deuteron	1875.61	15.4967	99998.8	0	0
alpha	3727.38	1.5848	99998.8	0	0
Be8	7454.85	4.40474	99998.8	0	0
neutron	939.565	9.13858	99998.8	0	0
proton	938.272	6.18993	99998.8	0	0
neutron	939.565	0.417331	99998.8	0	0
Ne21	19550.5	0.205414	99998.8	0	0
Na25	23272.4	0.215721	99998.8	0	0
proton	938.272	3.5684	99998.8	0	0
neutron	939.565	2.19231	99998.8	0	0
Ne22	20479.7	0.0760935	99998.8	0	0
neutron	939.565	3.40479	99998.8	0	0
neutron	939.565	1.06438	99998.8	0	0
alpha	3727.38	5.81735	99998.8	0	0
B10	9324.44	3.00939	99998.8	0	0
Al28	26058.3	0.153148	99998.7	0	0
neutron	939.565	13.5236	99998.8	0	0
proton	938.272	2.87192	99998.8	0	0
neutron	939.565	0.268043	99998.8	0	0
Mg25	23268	0.306287	99998.8	0	0
Na24	22341.8	0.218235	99998.8	0	0
proton	938.272	12.649	99998.8	0	0
neutron	939.565	3.18601	99998.8	0	0
neutron	939.565	2.65106	99998.8	0	0
neutron	939.565	2.63614	99998.8	0	0
Ne20	18617.7	0.377306	99998.8	0	0
proton	938.272	8.65592	99998.8	0	0
neutron	939.565	7.07373	99998.8	0	0
neutron	939.565	4.77506	99998.8	0	0
proton	938.272	4.70479	99998.8	0	0
V52	48374.5	0.185404	99998.8	0	0
neutron	939.565	0.601978	99998.7	0	0
Al27	25126.5	0.0846375	99998.7	0	0
proton	938.272	9.89945	99998.7	0	0
neutron	939.565	8.89347	99998.7	0	0
proton	938.272	7.16905	99998.7	0	0
neutron	939.565	5.88593	99998.7	0	0
neutron	939.565	0.757303	99998.7	0	0
Na23	21409.2	0.379991	99998.7	0	0
Al28	26058.3	0.183423	99998.7	0	0
neutron	939.565	2.24227	99998.7	0	0
deuteron	1875.61	14.5649	99998.7	0	0
C13	12109.5	3.38422	99998.7	0	0
Na24	22341.8	0.180145	99998.8	0	0
neutron	939.565	11.9672	99998.7	0	0
neutron	939.565	3.80192	99998.7	0	0
deuteron	1875.61	5.52847	99998.7	0	0
alpha	3727.38	16.5766	99998.7	0	0
O16	14895.1	1.46198	99998.7	0	0
proton	938.272	8.03671	99998.8	0	0
neutron	939.565	1.49427	99998.8	0	0
neutron	939.565	1.41068	99998.8	0	0
neutron	939.565	1.07265	99998.8	0	0
Mg24	22335.8	0.266265	99998.8	0	0
Mn56	52094	0.092594	99998.8	0	0
neutron	939.565	7.68144	99998.9	0	0
proton	938.272	5.1209	99998.9	0	0
neutron	939.565	1.13105	99998.9	0	0
alpha	3727.38	12.4693	99998.9	0	0
Ne21	19550.5	4.5604	99998.9	0	0
neutron	939.565	20.1017	99998.8	0	0
neutron	939.565	17.5833	99998.8	0	0
neutron	939.565	1.82293	99998.8	0	0
proton	938.272	1.38614	99998.8	0	0
Ne22	20479.7	0.342705	99998.8	0	0
Mn56	52094	0.0940949	99998.8	0	0
neutron	939.565	39.528	99998.8	0	0
proton	938.272	4.14482	99998.8	0	0
proton	938.272	2.01888	99998.8	0	0
neutron	939.565	0.487578	99998.8	0	0
F20	18625.3	3.43749	99998.8	0	0
Al28	26058.3	0.184192	99998.6	0	0
neutron	939.565	6.43134	99998.8	0	0
neutron	939.565	4.39611	99998.8	0	0
proton	938.272	3.20477	99998.8	0	0
neutron	939.565	2.4774	99998.8	0	0
Mg24	22335.8	0.150274	99998.8	0	0
Al28	26058.3	0.168672	99998.7	0	0
Mn56	52094	0.0859675	99998.9	0	0
Al28	26058.3	0.175557	99998.8	0	0
proton	938.272	21.167	99998.8	0	0
neutron	939.565	2.22353	99998.8	0	0
neutron	939.565	1.09935	99998.8	0	0
neutron	939.565	0.689903	99998.8	0	0
Mg24	22335.8	1.53106	99998.8	0	0
N16	14906	0.292094	99998.8	0	0
neutron	939.565	0.632824	99998.8	0	0
Al27	25126.5	0.164517	99998.8	0	0
Na25	23272.4	0.200481	99998.7	0	0
neutron	939.565	0.39812	99998.8	0	0
Al27	25126.5	0.167353	99998.8	0	0
neutron	939.565	19.445	99998.7	0	0
proton	938.272	11.2266	99998.7	0	0
neutron	939.565	0.820047	99998.7	0	0
Ne23	21414.1	0.0680409	99998.7	0	0
neutron	939.565	3.36547	99998.8	0	0
neutron	939.565	2.94074	99998.8	0	0
deuteron	1875.61	6.50097	99998.8	0	0
Ne22	20479.7	0.237366	99998.8	0	0
neutron	939.565	0.18239	99998.8	0	0
Na23	21409.2	0.199605	99998.8	0	0
neutron	939.565	1.56695	99998.8	0	0
Na23	21409.2	0.181228	99998.8	0	0
Al28	26058.3	0.178526	99998.9	0	0
Na24	22341.8	0.194124	99998.8	0	0
proton	938.272	6.58683	99998.8	0	0
neutron	939.565	1.16344	99998.8	0	0
neutron	939.565	0.588502	99998.8	0	0
Cr53	49301.7	0.0613047	99998.8	0	0
neutron	939.565	3.22579	99998.8	0	0
Al27	25126.5	0.118643	99998.8	0	0
neutron	939.565	3.01606	99998.8	0	0
N15	13968.9	0.074827	99998.8	0	0
proton	938.272	11.6842	99998.9	0	0
neutron	939.565	9.74891	99998.9	0	0
neutron	939.565	6.73284	99998.9	0	0
neutron	939.565	5.31333	99998.9	0	0
alpha	3727.38	4.74947	99998.9	0	0
alpha	3727.38	6.38191	99998.9	0	0
alpha	3727.38	4.16487	99998.9	0	0
neutron	939.565	15.9002	99998.8	0	0
alpha	3727.38	6.57961	99998.8	0	0
B11	10252.5	1.22993	99998.8	0	0
neutron	939.565	7.90893	99998.8	0	0
neutron	939.565	2.79665	99998.8	0	0
N14	13040.2	0.483235	99998.8	0	0
Al28	26058.3	0.166562	99998.8	0	0
neutron	939.565	50.6021	99998.8	0	0
neutron	939.565	2.79241	99998.8	0	0
Na24	22341.8	1.75023	99998.8	0	0
proton	938.272	8.11031	99998.8	0	0
neutron	939.565	5.80622	99998.8	0	0
Ne22	20479.7	0.841564	99998.8	0	0
proton	938.272	5.91354	99998.8	0	0
neutron	939.565	3.64515	99998.8	0	0
proton	938.272	3.48111	99998.8	0	0
neutron	939.565	3.47987	99998.8	0	0
deuteron	1875.61	3.31844	99998.8	0	0
Ne22	20479.7	1.25907	99998.8	0	0
proton	938.272	6.60651	99998.8	0	0
neutron	939.565	1.63469	99998.8	0	0
Mg26	24196.5	0.422769	99998.8	0	0
neutron	939.565	0.121005	99998.8	0	0
Al27	25126.5	0.13852	99998.8	0	0
proton	938.272	10.5226	99998.8	0	0
neutron	939.565	6.13121	99998.8	0	0
neutron	939.565	3.29599	99998.8	0	0
Ne23	21414.1	0.354598	99998.8	0	0
proton	938.272	7.44088	99998.7	0	0
neutron	939.565	1.96177	99998.7	0	0
neutron	939.565	0.594354	99998.7	0	0
Ne21	19550.5	0.169735	99998.7	0	0
neutron	939.565	8.84683	99998.8	0	0
proton	938.272	5.94415	99998.8	0	0
neutron	939.565	4.2553	99998.8	0	0
neutron	939.565	1.20084	99998.8	0	0
Mg24	22335.8	0.680224	99998.8	0	0
Na24	22341.8	0.209704	99998.8	0	0
neutron	939.565	28.9847	99998.7	0	0
neutron	939.565	11.6654	99998.7	0	0
proton	938.272	3.36583	99998.7	0	0
neutron	939.565	1.8065	99998.7	0	0
C12	11174.9	6.84587	99998.7	0	0
proton	938.272	17.369	99998.7	0	0
neutron	939.565	2.92258	99998.7	0	0
proton	938.272	2.17219	99998.7	0	0
alpha	3727.38	5.21279	99998.7	0	0
F21	19556.7	2.32702	99998.7	0	0
neutron	939.565	3.96686	99998.8	0	0
neutron	939.565	1.25598	99998.8	0	0
Mn54	50232.4	0.334984	99998.8	0	0
neutron	939.565	0.425307	99998.8	0	0
Na23	21409.2	0.141754	99998.8	0	0
neutron	939.565	0.564667	99998.8	0	0
Na23	21409.2	0.255077	99998.8	0	0
Al28	26058.3	0.180288	99998.9	0	0
neutron	939.565	15.6888	99998.8	0	0
neutron	939.565	1.47142	99998.8	0	0
deuteron	1875.61	11.7802	99998.8	0	0
Mg24	22335.8	0.677523	99998.8	0	0
Al28	26058.3	0.167766	99998.8	0	0
neutron	939.565	26.3053	99998.8	0	0
proton	938.272	10.6257	99998.8	0	0
C14	13040.9	1.86706	99998.8	0	0
Al28	26058.3	0.188041	99998.8	0	0
Mn56	52094	0.0916507	99998.8	0	0
Na24	22341.8	0.219499	99998.8	0	0
Al28	26058.3	0.168358	99998.8	0	0
Al28	26058.3	0.160659	99998.8	0	0
neutron	939.565	7.57661	99998.8	0	0
Al27	25126.5	0.200903	99998.8	0	0
neutron	939.565	18.598	99998.8	0	0
proton	938.272	5.54472	99998.8	0	0
neutron	939.565	2.10325	99998.8	0	0
neutron	939.565	0.968618	99998.8	0	0
Mg24	22335.8	0.917962	99998.8	0	0
neutron	939.565	24.1938	99998.8	0	0
neutron	939.565	16.9961	99998.8	0	0
proton	938.272	3.631	99998.8	0	0
neutron	939.565	2.2453	99998.8	0	0
C12	11174.9	4.96843	99998.8	0	0
Na24	22341.8	0.201408	99998.8	0	0
neutron	939.565	10.5885	99998.7	0	0
proton	938.272	1.53685	99998.7	0	0
Mg26	24196.5	1.03596	99998.7	0	0
Al28	26058.3	0.168195	99998.7	0	0
Al28	26058.3	0.148757	99998.8	0	0
neutron	939.565	0.633519	99998.8	0	0
Na23	21409.2	0.195119	99998.8	0	0
Na24	22341.8	0.207446	99998.7	0	0
neutron	939.565	7.12859	99998.7	0	0
proton	938.272	5.63447	99998.7	0	0
neutron	939.565	4.21905	99998.7	0	0
neutron	939.565	0.68759	99998.7	0	0
alpha	3727.38	7.02406	99998.7	0	0
alpha	3727.38	5.82073	99998.7	0	0
O16	14895.1	0.85829	99998.7	0	0
Al28	26058.3	0.186688	99998.8	0	0
Na25	23272.4	0.190086	99998.7	0	0
neutron	939.565	1.97055	99998.7	0	0
Al27	25126.5	0.0973457	99998.7	0	0
neutron	939.565	11.6088	99998.8	0	0
proton	938.272	3.39435	99998.8	0	0
neutron	939.565	2.68696	99998.8	0	0
neutron	939.565	2.36765	99998.8	0	0
neutron	939.565	1.11355	99998.8	0	0
neutron	939.565	0.506769	99998.8	0	0
Ne20	18617.7	1.38122	99998.8	0	0
proton	938.272	5.64178	99998.7	0	0
neutron	939.565	3.84795	99998.7	0	0
neutron	939.565	2.81033	99998.7	0	0
neutron	939.565	1.84619	99998.7	0	0
Mg24	22335.8	0.353399	99998.7	0	0
neutron	939.565	4.51709	99998.8	0	0
neutron	939.565	3.02544	99998.8	0	0
deuteron	1875.61	2.58061	99998.8	0	0
Mg24	22335.8	0.619351	99998.8	0	0
neutron	939.565	11.8424	99998.8	0	0
proton	938.272	2.71465	99998.8	0	0
neutron	939.565	1.5743	99998.8	0	0
neutron	939.565	0.698128	99998.8	0	0
Mg24	22335.8	0.925064	99998.8	0	0
Al28	26058.3	0.188259	99998.8	0	0
Al28	26058.3	0.176709	99998.7	0	0
Na24	22341.8	0.191495	99998.8	0	0
neutron	939.565	8.58937	99998.8	0	0
neutron	939.565	6.36625	99998.8	0	0
proton	938.272	4.593	99998.8	0	0
neutron	939.565	0.740537	99998.8	0	0
Ne21	19550.5	1.25343	99998.8	0	0
Na24	22341.8	0.211205	99998.8	0	0
neutron	939.565	3.86182	99998.7	0	0
proton	938.272	3.8541	99998.7	0	0
C14	13040.9	1.43732	99998.7	0	0
N16	14906	0.285023	99998.8	0	0
Na24	22341.8	0.217258	99998.8	0	0
neutron	939.565	12.7353	99998.8	0	0
neutron	939.565	7.42185	99998.8	0	0
deuteron	1875.61	6.16448	99998.8	0	0
Mg24	22335.8	0.844014	99998.8	0	0
N16	14906	0.280771	99998.8	0	0
Al28	26058.3	0.157912	99998.8	0	0
neutron	939.565	2.21423	99998.7	0	0
Na24	22341.8	0.238761	99998.7	0	0
Na24	22341.8	0.199138	99998.7	0	0
proton	938.272	12.3096	99998.8	0	0
neutron	939.565	4.96439	99998.8	0	0
neutron	939.565	4.14468	99998.8	0	0
Mg25	23268	0.366257	99998.8	0	0
proton	938.272	16.7111	99998.7	0	0
neutron	939.565	15.9126	99998.7	0	0
neutron	939.565	3.30138	99998.7	0	0
neutron	939.565	0.826482	99998.7	0	0
C12	11174.9	3.67591	99998.7	0	0
Na24	22341.8	0.217378	99998.8	0	0
Al28	26058.3	0.184681	99998.7	0	0
neutron	939.565	0.350725	99998.8	0	0
Al27	25126.5	0.135881	99998.8	0	0
proton	938.272	4.89846	99998.7	0	0
neutron	939.565	0.870907	99998.7	0	0
Mg26	24196.5	0.228993	99998.7	0	0
neutron	939.565	16.3563	99998.8	0	0
proton	938.272	3.23817	99998.8	0	0
neutron	939.565	3.1104	99998.8	0	0
C13	12109.5	0.956045	99998.8	0	0
Al28	26058.3	0.159816	99998.8	0	0
neutron	939.565	0.983086	99998.8	0	0
N15	13968.9	0.458698	99998.8	0	0
neutron	939.565	11.0255	99998.8	0	0
Na23	21409.2	0.255595	99998.8	0	0
Al28	26058.3	0.177164	99998.8	0	0
Al28	26058.3	0.178936	99998.8	0	0
neutron	939.565	6.53841	99998.7	0	0
neutron	939.565	3.91749	99998.7	0	0
proton	938.272	2.27837	99998.7	0	0
neutron	939.565	0.373544	99998.7	0	0
C12	11174.9	0.49531	99998.7	0	0
Na25	23272.4	0.20286	99998.8	0	0
proton	938.272	16.5447	99998.8	0	0
neutron	939.565	13.7283	99998.8	0	0
neutron	939.565	9.60921	99998.8	0	0
neutron	939.565	5.79315	99998.8	0	0
C12	11174.9	4.11446	99998.8	0	0
neutron	939.565	0.311945	99998.7	0	0
Al27	25126.5	0.156719	99998.7	0	0
neutron	939.565	2.7005	99998.8	0	0
Na25	23272.4	0.188516	99998.8	0	0
proton	938.272	41.5207	99998.7	0	0
neutron	939.565	8.05122	99998.7	0	0
neutron	939.565	1.42307	99998.7	0	0
neutron	939.565	0.970263	99998.7	0	0
Mg24	22335.8	0.664069	99998.7	0	0
neutron	939.565	31.9068	99998.7	0	0
neutron	939.565	10.2445	99998.7	0	0
proton	938.272	4.99978	99998.7	0	0
neutron	939.565	4.99567	99998.7	0	0
Ne20	18617.7	1.47495	99998.7	0	0
Al28	26058.3	0.184168	99998.7	0	0
neutron	939.565	0.140166	99998.8	0	0
N15	13968.9	0.230872	99998.8	0	0
neutron	939.565	2.45958	99998.8	0	0
Al27	25126.5	0.271786	99998.8	0	0
Al28	26058.3	0.176778	99998.8	0	0
Al28	26058.3	0.186834	99998.8	0	0
neutron	939.565	23.2986	99998.7	0	0
deuteron	1875.61	6.93357	99998.7	0	0
C13	12109.5	0.628746	99998.7	0	0
Na24	22341.8	0.21285	99998.8	0	0
Al28	26058.3	0.153148	99998.8	0	0
proton	938.272	23.3287	99998.8	0	0
neutron	939.565	0.708342	99998.8	0	0
C14	13040.9	2.52588	99998.8	0	0
neutron	939.565	6.30974	99998.8	0	0
neutron	939.565	6.05829	99998.8	0	0
proton	938.272	4.89157	99998.8	0	0
proton	938.272	1.04319	99998.8	0	0
deuteron	1875.61	5.18967	99998.8	0	0
Ne22	20479.7	3.72421	99998.8	0	0
Al28	26058.3	0.177004	99998.8	0	0
proton	938.272	7.08904	99998.8	0	0
neutron	939.565	5.30987	99998.8	0	0
Mg26	24196.5	0.380547	99998.8	0	0
neutron	939.565	5.13824	99998.7	0	0
Na25	23272.4	0.51793	99998.7	0	0
Na24	22341.8	0.207743	99998.8	0	0
Na24	22341.8	0.206186	99998.8	0	0
proton	938.272	7.40898	99998.8	0	0
neutron	939.565	2.89273	99998.8	0	0
C14	13040.9	1.70251	99998.8	0	0
neutron	939.565	1.16187	99998.8	0	0
Al27	25126.5	0.121548	99998.8	0	0
Na24	22341.8	0.207573	99998.8	0	0
proton	938.272	15.386	99998.7	0	0
neutron	939.565	8.90557	99998.7	0	0
neutron	939.565	0.742283	99998.7	0	0
C13	12109.5	2.38476	99998.7	0	0
Na24	22341.8	0.193644	99998.8	0	0
proton	938.272	21.0988	99998.9	0	0
neutron	939.565	9.70686	99998.9	0	0
neutron	939.565	0.436531	99998.9	0	0
Mg25	23268	0.277285	99998.9	0	0
Na24	22341.8	0.205574	99998.8	0	0
neutron	939.565	1.05771	99998.8	0	0
Al27	25126.5	0.296111	99998.8	0	0
neutron	939.565	28.7484	99998.8	0	0
neutron	939.565	9.0897	99998.8	0	0
proton	938.272	7.13525	99998.8	0	0
neutron	939.565	2.29586	99998.8	0	0
Mg24	22335.8	2.5034	99998.8	0	0
Na24	22341.8	0.218498	99998.9	0	0
neutron	939.565	13.9744	99998.8	0	0
proton	938.272	6.93915	99998.8	0	0
alpha	3727.38	5.8663	99998.8	0	0
O18	16762	0.221326	99998.8	0	0
neutron	939.565	10.7895	99998.8	0	0
proton	938.272	6.12391	99998.8	0	0
neutron	939.565	3.56801	99998.8	0	0
neutron	939.565	1.76332	99998.8	0	0
Ne20	18617.7	0.0348051	99998.8	0	0
neutron	939.565	0.189228	99998.8	0	0
Na23	21409.2	0.188765	99998.8	0	0
Na24	22341.8	0.213727	99998.7	0	0
Al28	26058.3	0.168827	99998.8	0	0
neutron	939.565	23.4814	99998.8	0	0
proton	938.272	7.29866	99998.8	0	0
neutron	939.565	5.79586	99998.8	0	0
neutron	939.565	0.384964	99998.8	0	0
Ne20	18617.7	4.12063	99998.8	0	0
neutron	939.565	33.8281	99998.8	0	0
neutron	939.565	3.37692	99998.8	0	0
neutron	939.565	1.95758	99998.8	0	0
proton	938.272	1.43296	99998.8	0	0
C12	11174.9	6.82866	99998.8	0	0
neutron	939.565	20.3825	99998.8	0	0
neutron	939.565	8.11197	99998.8	0	0
proton	938.272	7.45006	99998.8	0	0
neutron	939.565	2.71534	99998.8	0	0
Cr50	46512.2	1.20029	99998.8	0	0
N16	14906	0.27494	99998.7	0	0
Na24	22341.8	0.211552	99998.9	0	0
neutron	939.565	9.42331	99998.8	0	0
neutron	939.565	8.18574	99998.8	0	0
proton	938.272	7.15392	99998.8	0	0
neutron	939.565	3.5543	99998.8	0	0
alpha	3727.38	6.46408	99998.8	0	0
O16	14895.1	3.77887	99998.8	0	0
proton	938.272	5.1428	99998.8	0	0
neutron	939.565	4.15363	99998.8	0	0
neutron	939.565	1.5477	99998.8	0	0
neutron	939.565	0.188527	99998.8	0	0
Ne20	18617.7	0.550569	99998.8	0	0
neutron	939.565	3.78175	99998.7	0	0
proton	938.272	1.76008	99998.7	0	0
neutron	939.565	1.2744	99998.7	0	0
deuteron	1875.61	7.32753	99998.7	0	0
Na23	21409.2	1.26308	99998.7	0	0
Al28	26058.3	0.18546	99998.7	0	0
neutron	939.565	0.714112	99998.8	0	0
Al27	25126.5	0.154411	99998.8	0	0
neutron	939.565	1.23897	99998.8	0	0
Al27	25126.5	0.340926	99998.8	0	0
Al28	26058.3	0.171539	99998.8	0	0
Na24	22341.8	0.20635	99998.8	0	0
Na25	23272.4	0.205674	99998.8	0	0
Na24	22341.8	0.208015	99998.8	0	0
Na24	22341.8	0.219897	99998.8	0	0
neutron	939.565	13.7024	99998.8	0	0
proton	938.272	7.67644	99998.8	0	0
neutron	939.565	0.605718	99998.8	0	0
C13	12109.5	0.72801	99998.8	0	0
proton	938.272	6.09775	99998.7	0	0
neutron	939.565	2.90457	99998.7	0	0
neutron	939.565	2.76525	99998.7	0	0
Mg25	23268	0.39119	99998.7	0	0
proton	938.272	15.9963	99998.8	0	0
neutron	939.565	2.39767	99998.8	0	0
neutron	939.565	1.59464	99998.8	0	0
Mg25	23268	0.130083	99998.8	0	0
Na24	22341.8	0.204427	99998.9	0	0
Al28	26058.3	0.180143	99998.8	0	0
N16	14906	0.298361	99998.8	0	0
neutron	939.565	7.84634	99998.8	0	0
neutron	939.565	4.11571	99998.8	0	0
deuteron	1875.61	6.63889	99998.8	0	0
alpha	3727.38	8.29361	99998.8	0	0
alpha	3727.38	7.21551	99998.8	0	0
alpha	3727.38	3.94361	99998.8	0	0
Na24	22341.8	0.210907	99998.8	0	0
N16	14906	0.29453	99998.8	0	0
triton	2808.92	6.58561	99998.8	0	0
C13	12109.5	1.38403	99998.8	0	0
neutron	939.565	0.203286	99999	0	0
Mn55	51161.7	0.109317	99999	0	0
neutron	939.565	1.31933	99998.8	0	0
Na23	21409.2	0.410312	99998.8	0	0
Na24	22341.8	0.208323	99998.8	0	0
neutron	939.565	4.92311	99998.8	0	0
proton	938.272	4.40123	99998.8	0	0
neutron	939.565	0.121346	99998.8	0	0
Mg25	23268	0.560099	99998.8	0	0
neutron	939.565	10.4246	99998.8	0	0
neutron	939.565	5.62659	99998.8	0	0
deuteron	1875.61	2.70575	99998.8	0	0
C12	11174.9	2.38321	99998.8	0	0
N16	14906	0.296497	99998.8	0	0
Mn56	52094	0.082967	99998.8	0	0
neutron	939.565	6.8525	99998.9	0	0
deuteron	1875.61	13.8539	99998.9	0	0
Ne22	20479.7	1.68529	99998.9	0	0
proton	938.272	14.6038	99998.8	0	0
neutron	939.565	4.60562	99998.8	0	0
neutron	939.565	3.6364	99998.8	0	0
neutron	939.565	2.50394	99998.8	0	0
C12	11174.9	1.53608	99998.8	0	0
Al28	26058.3	0.18831	99998.8	0	0
neutron	939.565	5.17049	99998.8	0	0
proton	938.272	2.37197	99998.8	0	0
neutron	939.565	1.97738	99998.8	0	0
Ne21	19550.5	0.454753	99998.8	0	0
neutron	939.565	2.99813	99998.8	0	0
neutron	939.565	0.726011	99998.8	0	0
Al27	25126.5	0.143613	99998.8	0	0
neutron	939.565	5.3102	99998.8	0	0
proton	938.272	4.57229	99998.8	0	0
neutron	939.565	3.25378	99998.8	0	0
neutron	939.565	2.42862	99998.8	0	0
neutron	939.565	1.36185	99998.8	0	0
Cr51	47442.5	0.67011	99998.8	0	0
proton	938.272	5.97602	99998.7	0	0
neutron	939.565	4.71123	99998.7	0	0
neutron	939.565	4.11848	99998.7	0	0
Ne21	19550.5	1.11724	99998.7	0	0
Mn56	52094	0.0963918	99998.7	0	0
neutron	939.565	9.18949	99998.8	0	0
proton	938.272	2.39331	99998.8	0	0
Mg26	24196.5	0.413446	99998.8	0	0
Na24	22341.8	0.20798	99998.7	0	0
neutron	939.565	0.863564	99998.8	0	0
neutron	939.565	0.317472	99998.8	0	0
Mn54	50232.4	0.0700589	99998.8	0	0
neutron	939.565	4.22663	99998.8	0	0
neutron	939.565	3.36127	99998.8	0	0
proton	938.272	3.15133	99998.8	0	0
Mg25	23268	0.402061	99998.8	0	0
neutron	939.565	7.07417	99998.8	0	0
neutron	939.565	2.68876	99998.8	0	0
proton	938.272	1.83103	99998.8	0	0
Ne21	19550.5	0.457342	99998.8	0	0
Na26	24206.4	0.18201	99998.8	0	0
proton	938.272	20.0637	99998.8	0	0
neutron	939.565	10.4518	99998.8	0	0
neutron	939.565	4.14161	99998.8	0	0
neutron	939.565	2.30709	99998.8	0	0
alpha	3727.38	4.84782	99998.8	0	0
O16	14895.1	2.7437	99998.8	0	0
neutron	939.565	0.364161	99998.8	0	0
Na25	23272.4	0.206785	99998.8	0	0
neutron	939.565	2.16749	99998.8	0	0
N15	13968.9	0.243222	99998.8	0	0
Na24	22341.8	0.177507	99998.7	0	0
Al28	26058.3	0.157064	99998.9	0	0
neutron	939.565	0.796264	99998.8	0	0
neutron	939.565	0.46179	99998.8	0	0
Mn54	50232.4	0.0761311	99998.8	0	0
proton	938.272	3.56575	99998.8	0	0
neutron	939.565	0.216898	99998.8	0	0
Ne23	21414.1	0.471644	99998.8	0	0
Na24	22341.8	0.206631	99998.8	0	0
neutron	939.565	10.5516	99998.7	0	0
proton	938.272	4.14342	99998.7	0	0
proton	938.272	2.25541	99998.7	0	0
neutron	939.565	2.10492	99998.7	0	0
neutron	939.565	1.01252	99998.7	0	0
Na23	21409.2	1.51529	99998.7	0	0
proton	938.272	8.60812	99998.9	0	0
neutron	939.565	2.01091	99998.9	0	0
neutron	939.565	1.88862	99998.9	0	0
neutron	939.565	0.258879	99998.9	0	0
Ne20	18617.7	0.801172	99998.9	0	0
proton	938.272	3.02235	99998.7	0	0
neutron	939.565	1.89848	99998.7	0	0
Ne22	20479.7	0.727914	99998.7	0	0
Al28	26058.3	0.182235	99998.8	0	0
neutron	939.565	0.918699	99998.7	0	0
Mn55	51161.7	0.0824983	99998.7	0	0
neutron	939.565	10.0575	99998.8	0	0
neutron	939.565	5.21797	99998.8	0	0
proton	938.272	4.96019	99998.8	0	0
neutron	939.565	1.39811	99998.8	0	0
alpha	3727.38	7.2103	99998.8	0	0
Ne20	18617.7	0.881036	99998.8	0	0
neutron	939.565	17.4744	99998.8	0	0
proton	938.272	2.2068	99998.8	0	0
Ne22	20479.7	0.408383	99998.8	0	0
neutron	939.565	4.0708	99998.8	0	0
neutron	939.565	2.89564	99998.8	0	0
proton	938.272	2.49145	99998.8	0	0
neutron	939.565	2.12357	99998.8	0	0
Mg24	22335.8	1.1895	99998.8	0	0
neutron	939.565	15.2016	99998.8	0	0
neutron	939.565	8.39521	99998.8	0	0
proton	938.272	6.07247	99998.8	0	0
neutron	939.565	0.265778	99998.8	0	0
Ne20	18617.7	2.34138	99998.8	0	0
neutron	939.565	10.933	99998.8	0	0
proton	938.272	2.89046	99998.8	0	0
neutron	939.565	2.29896	99998.8	0	0
neutron	939.565	0.208929	99998.8	0	0
Ne20	18617.7	1.35004	99998.8	0	0
Na25	23272.4	0.210125	99998.8	0	0
neutron	939.565	1.57408	99998.8	0	0
N15	13968.9	0.403369	99998.8	0	0
neutron	939.565	0.328676	99998.8	0	0
deuteron	1875.61	2.63225	99998.8	0	0
Mg25	23268	0.327675	99998.8	0	0
N16	14906	0.291061	99998.8	0	0
neutron	939.565	19.7101	99998.8	0	0
neutron	939.565	17.0928	99998.8	0	0
proton	938.272	9.03734	99998.8	0	0
Mg25	23268	1.59371	99998.8	0	0
neutron	939.565	5.67757	99998.7	0	0
triton	2808.92	3.74259	99998.7	0	0
alpha	3727.38	5.51477	99998.7	0	0
O16	14895.1	2.2583	99998.7	0	0
neutron	939.565	8.3916	99998.8	0	0
proton	938.272	7.18444	99998.8	0	0
alpha	3727.38	7.59131	99998.8	0	0
Ne22	20479.7	1.06458	99998.8	0	0
Na24	22341.8	0.200357	99998.8	0	0
proton	938.272	14.9396	99998.7	0	0
neutron	939.565	6.32022	99998.7	0	0
neutron	939.565	6.27033	99998.7	0	0
neutron	939.565	3.44615	99998.7	0	0
alpha	3727.38	5.53776	99998.7	0	0
O16	14895.1	1.5136	99998.7	0	0
Na24	22341.8	0.22056	99998.7	0	0
Al28	26058.3	0.172142	99998.7	0	0
proton	938.272	15.6863	99998.8	0	0
neutron	939.565	8.72223	99998.8	0	0
neutron	939.565	7.3465	99998.8	0	0
neutron	939.565	2.85936	99998.8	0	0
Mg24	22335.8	1.41731	99998.8	0	0
neutron	939.565	1.1131	99998.8	0	0
Na23	21409.2	0.278022	99998.8	0	0
proton	938.272	12.3701	99998.8	0	0
neutron	939.565	8.27384	99998.8	0	0
neutron	939.565	1.26553	99998.8	0	0
Mg25	23268	0.419859	99998.8	0	0
neutron	939.565	34.0519	99998.8	0	0
neutron	939.565	27.1798	99998.8	0	0
deuteron	1875.61	2.77288	99998.8	0	0
Ne20	18617.7	0.362114	99998.8	0	0
Na24	22341.8	0.205984	99998.8	0	0
neutron	939.565	2.27687	99998.7	0	0
Al28	26058.3	0.0841877	99998.7	0	0
neutron	939.565	5.84914	99998.8	0	0
Na23	21409.2	0.0474216	99998.8	0	0
neutron	939.565	20.1952	99998.8	0	0
neutron	939.565	4.74633	99998.8	0	0
proton	938.272	3.49915	99998.8	0	0
neutron	939.565	1.7419	99998.8	0	0
Mg24	22335.8	1.85597	99998.8	0	0
neutron	939.565	3.49445	99998.8	0	0
N15	13968.9	0.336483	99998.8	0	0
Na24	22341.8	0.176753	99998.8	0	0
neutron	939.565	2.69873	99998.8	0	0
neutron	939.565	2.18196	99998.8	0	0
Mn54	50232.4	0.199454	99998.8	0	0
neutron	939.565	1.21137	99998.8	0	0
Al27	25126.5	0.150151	99998.8	0	0
Na25	23272.4	0.196883	99998.7	0	0
neutron	939.565	11.9691	99998.7	0	0
proton	938.272	8.3205	99998.7	0	0
neutron	939.565	5.0271	99998.7	0	0
neutron	939.565	2.29702	99998.7	0	0
C12	11174.9	1.00033	99998.7	0	0
neutron	939.565	0.283339	99998.8	0	0
Na23	21409.2	0.148167	99998.8	0	0
neutron	939.565	6.82419	99998.7	0	0
proton	938.272	1.60141	99998.7	0	0
Ne22	20479.7	0.975661	99998.7	0	0
Mn57	53024.9	0.0817759	99998.8	0	0
neutron	939.565	29.6865	99998.8	0	0
proton	938.272	3.152	99998.8	0	0
C14	13040.9	1.72781	99998.8	0	0
Na24	22341.8	0.214577	99998.7	0	0
Na24	22341.8	0.196372	99998.7	0	0
proton	938.272	30.8204	99998.8	0	0
neutron	939.565	2.34139	99998.8	0	0
neutron	939.565	0.460593	99998.8	0	0
Mg25	23268	1.10493	99998.8	0	0
neutron	939.565	7.44877	99998.7	0	0
neutron	939.565	6.65899	99998.7	0	0
proton	938.272	5.73741	99998.7	0	0
neutron	939.565	5.57044	99998.7	0	0
neutron	939.565	1.82997	99998.7	0	0
Ne20	18617.7	1.86723	99998.7	0	0
neutron	939.565	15.3162	99998.7	0	0
proton	938.272	6.60189	99998.7	0	0
neutron	939.565	6.02382	99998.7	0	0
neutron	939.565	3.27418	99998.7	0	0
Cr52	48370	0.364807	99998.7	0	0
Na24	22341.8	0.220931	99998.7	0	0
neutron	939.565	3.44125	99998.7	0	0
Al27	25126.5	0.299739	99998.7	0	0
neutron	939.565	3.51519	99998.7	0	0
Al27	25126.5	0.0434368	99998.7	0	0
Al28	26058.3	0.185838	99998.8	0	0
neutron	939.565	0.151548	99998.8	0	0
Al27	25126.5	0.193681	99998.8	0	0
neutron	939.565	0.524829	99998.8	0	0
Na23	21409.2	0.105378	99998.8	0	0
Al28	26058.3	0.162161	99998.8	0	0
neutron	939.565	0.191263	99998.8	0	0
Na23	21409.2	0.272703	99998.8	0	0
neutron	939.565	22.6056	99998.7	0	0
proton	938.272	12.1608	99998.7	0	0
neutron	939.565	6.31025	99998.7	0	0
neutron	939.565	2.1138	99998.7	0	0
alpha	3727.38	5.18389	99998.7	0	0
O16	14895.1	0.352055	99998.7	0	0
neutron	939.565	0.255654	99998.8	0	0
Na23	21409.2	0.187615	99998.8	0	0
neutron	939.565	1.25366	99998.8	0	0
N15	13968.9	0.161498	99998.8	0	0
neutron	939.565	9.70892	99998.7	0	0
neutron	939.565	1.1509	99998.7	0	0
deuteron	1875.61	7.30174	99998.7	0	0
C12	11174.9	0.594367	99998.7	0	0
Al28	26058.3	0.185753	99998.8	0	0
neutron	939.565	8.23351	99998.8	0	0
neutron	939.565	7.06096	99998.8	0	0
proton	938.272	3.32562	99998.8	0	0
neutron	939.565	0.248534	99998.8	0	0
C12	11174.9	0.172289	99998.8	0	0
Na24	22341.8	0.218607	99998.9	0	0
neutron	939.565	19.7499	99998.8	0	0
neutron	939.565	1.80394	99998.8	0	0
Mn54	50232.4	0.212975	99998.8	0	0
neutron	939.565	19.3621	99998.7	0	0
neutron	939.565	1.58223	99998.7	0	0
deuteron	1875.61	2.05656	99998.7	0	0
C12	11174.9	1.96947	99998.7	0	0
proton	938.272	3.93038	99998.8	0	0
Ne24	22344.8	0.117023	99998.8	0	0
Mn56	52094	0.0906858	99998.7	0	0
neutron	939.565	0.275288	99998.7	0	0
Na23	21409.2	0.157168	99998.7	0	0
neutron	939.565	18.106	99998.8	0	0
neutron	939.565	3.64211	99998.8	0	0
Na24	22341.8	0.416683	99998.8	0	0
neutron	939.565	0.494316	99998.8	0	0
Al27	25126.5	0.168343	99998.8	0	0
Na24	22341.8	0.211762	99998.8	0	0
Al28	26058.3	0.177676	99998.8	0	0
neutron	939.565	16.7203	99998.8	0	0
neutron	939.565	7.57403	99998.8	0	0
proton	938.272	3.45078	99998.8	0	0
Ne21	19550.5	0.827771	99998.8	0	0
Na26	24206.4	0.166173	99998.8	0	0
neutron	939.565	0.214114	99998.7	0	0
deuteron	1875.61	9.32513	99998.7	0	0
C13	12109.5	1.6556	99998.7	0	0
neutron	939.565	4.28197	99998.8	0	0
neutron	939.565	0.931338	99998.8	0	0
neutron	939.565	0.419143	99998.8	0	0
Al27	25126.5	0.182839	99998.8	0	0
Na24	22341.8	0.21605	99998.8	0	0
neutron	939.565	3.61539	99998.7	0	0
neutron	939.565	3.05571	99998.7	0	0
deuteron	1875.61	8.03202	99998.7	0	0
Mg24	22335.8	0.520785	99998.7	0	0
neutron	939.565	5.26319	99998.7	0	0
triton	2808.92	5.16673	99998.7	0	0
C12	11174.9	1.99585	99998.7	0	0
neutron	939.565	5.4681	99998.7	0	0
proton	938.272	2.50731	99998.7	0	0
Mg26	24196.5	0.0470219	99998.7	0	0
Na24	22341.8	0.211814	99998.8	0	0
neutron	939.565	0.208519	99998.7	0	0
Al27	25126.5	0.188874	99998.7	0	0
neutron	939.565	6.80646	99998.8	0	0
proton	938.272	3.92647	99998.8	0	0
Mg26	24196.5	0.203603	99998.8	0	0
neutron	939.565	3.46115	99998.8	0	0
Na24	22341.8	0.161577	99998.8	0	0
Na24	22341.8	0.219043	99998.7	0	0
Na24	22341.8	0.210704	99998.7	0	0
neutron	939.565	0.785038	99998.8	0	0
Al27	25126.5	0.0981625	99998.8	0	0
Na24	22341.8	0.214533	99998.8	0	0
proton	938.272	4.01316	99998.8	0	0
neutron	939.565	1.30171	99998.8	0	0
neutron	939.565	0.160827	99998.8	0	0
Ne21	19550.5	0.414413	99998.8	0	0
neutron	939.565	31.6129	99998.8	0	0
neutron	939.565	3.16244	99998.8	0	0
deuteron	1875.61	16.6388	99998.8	0	0
C12	11174.9	3.52852	99998.8	0	0
Al28	26058.3	0.170609	99998.8	0	0
N16	14906	0.2859	99998.8	0	0
neutron	939.565	0.0982872	99998.8	0	0
Mn55	51161.7	0.0661686	99998.8	0	0
neutron	939.565	3.50416	99998.8	0	0
proton	938.272	2.9486	99998.8	0	0
neutron	939.565	1.15593	99998.8	0	0
Ne23	21414.1	0.0192352	99998.8	0	0
neutron	939.565	36.4084	99998.7	0	0
proton	938.272	3.35769	99998.7	0	0
neutron	939.565	0.844014	99998.7	0	0
C13	12109.5	2.31422	99998.7	0	0
Na24	22341.8	0.210708	99998.8	0	0
Al28	26058.3	0.157037	99998.8	0	0
neutron	939.565	20.8879	99998.9	0	0
proton	938.272	18.647	99998.9	0	0
neutron	939.565	2.04595	99998.9	0	0
C13	12109.5	1.59957	99998.9	0	0
neutron	939.565	12.1117	99998.8	0	0
proton	938.272	7.33582	99998.8	0	0
neutron	939.565	1.33131	99998.8	0	0
C13	12109.5	2.73328	99998.8	0	0
Mn56	52094	0.0891938	99998.9	0	0
neutron	939.565	20.328	99998.8	0	0
neutron	939.565	5.0024	99998.8	0	0
proton	938.272	4.3861	99998.8	0	0
C13	12109.5	0.400695	99998.8	0	0
Al28	26058.3	0.172977	99998.7	0	0
Al28	26058.3	0.186914	99998.8	0	0
Al28	26058.3	0.162837	99998.7	0	0
proton	938.272	21.7797	99998.8	0	0
neutron	939.565	5.35398	99998.8	0	0
neutron	939.565	1.89988	99998.8	0	0
Ne23	21414.1	1.08243	99998.8	0	0
Na24	22341.8	0.19074	99998.9	0	0
neutron	939.565	4.89844	99998.7	0	0
proton	938.272	3.31175	99998.7	0	0
Mg26	24196.5	0.730766	99998.7	0	0
proton	938.272	3.9528	99998.7	0	0
neutron	939.565	3.81287	99998.7	0	0
neutron	939.565	2.00167	99998.7	0	0
Mg25	23268	0.383173	99998.7	0	0
N16	14906	0.28257	99998.8	0	0
proton	938.272	7.62812	99998.8	0	0
proton	938.272	6.55874	99998.8	0	0
neutron	939.565	4.30962	99998.8	0	0
neutron	939.565	2.82524	99998.8	0	0
neutron	939.565	1.61074	99998.8	0	0
V51	47442.3	0.107241	99998.8	0	0
proton	938.272	8.33253	99998.8	0	0
neutron	939.565	5.41716	99998.8	0	0
neutron	939.565	5.10396	99998.8	0	0
alpha	3727.38	8.14822	99998.8	0	0
Ne21	19550.5	3.88939	99998.8	0	0
Na24	22341.8	0.214088	99998.7	0	0
proton	938.272	15.5715	99998.8	0	0
neutron	939.565	2.99892	99998.8	0	0
neutron	939.565	0.959479	99998.8	0	0
Cr53	49301.7	0.558922	99998.8	0	0
neutron	939.565	0.135697	99999	0	0
Al27	25126.5	0.181959	99999	0	0
neutron	939.565	1.47836	99998.9	0	0
Al27	25126.5	0.0922607	99998.9	0	0
Na24	22341.8	0.219101	99998.8	0	0
Al28	26058.3	0.188443	99998.7	0	0
proton	938.272	8.34855	99998.7	0	0
neutron	939.565	1.30723	99998.7	0	0
neutron	939.565	1.12076	99998.7	0	0
Mg25	23268	0.593136	99998.7	0	0
Al28	26058.3	0.163383	99998.8	0	0
neutron	939.565	4.38515	99998.7	0	0
proton	938.272	3.45145	99998.7	0	0
neutron	939.565	0.843044	99998.7	0	0
Ne22	20479.7	0.788927	99998.7	0	0
neutron	939.565	20.8538	99998.8	0	0
proton	938.272	2.36924	99998.8	0	0
alpha	3727.38	15.7919	99998.8	0	0
Ne22	20479.7	0.805065	99998.8	0	0
Al28	26058.3	0.172318	99998.8	0	0
neutron	939.565	4.63943	99998.8	0	0
proton	938.272	4.23487	99998.8	0	0
neutron	939.565	2.39014	99998.8	0	0
neutron	939.565	0.496609	99998.8	0	0
Mg24	22335.8	0.388612	99998.8	0	0
neutron	939.565	5.56595	99998.8	0	0
proton	938.272	2.83442	99998.8	0	0
Ne22	20479.7	0.168763	99998.8	0	0
Al28	26058.3	0.17679	99998.8	0	0
proton	938.272	12.7511	99998.8	0	0
neutron	939.565	9.14013	99998.8	0	0
neutron	939.565	0.627751	99998.8	0	0
C13	12109.5	0.359432	99998.8	0	0
Mn56	52094	0.088994	99998.8	0	0
neutron	939.565	17.8536	99998.7	0	0
neutron	939.565	1.53868	99998.7	0	0
deuteron	1875.61	7.15485	99998.7	0	0
alpha	3727.38	9.2695	99998.7	0	0
O16	14895.1	3.77698	99998.7	0	0
Na25	23272.4	0.195556	99998.8	0	0
neutron	939.565	0.322649	99998.7	0	0
N15	13968.9	0.313689	99998.7	0	0
Al29	26988.5	0.176544	99998.7	0	0
neutron	939.565	7.78606	99998.8	0	0
neutron	939.565	3.67707	99998.8	0	0
N14	13040.2	0.324667	99998.8	0	0
Na25	23272.4	0.212227	99998.8	0	0
Al28	26058.3	0.170588	99998.9	0	0
proton	938.272	8.5354	99998.8	0	0
neutron	939.565	5.57498	99998.8	0	0
neutron	939.565	2.45921	99998.8	0	0
alpha	3727.38	4.61881	99998.8	0	0
O17	15830.5	4.53095	99998.8	0	0
Al28	26058.3	0.164643	99998.8	0	0
neutron	939.565	40.636	99998.8	0	0
proton	938.272	4.83846	99998.8	0	0
Ne22	20479.7	0.916222	99998.8	0	0
Na24	22341.8	0.199822	99998.8	0	0
Na24	22341.8	0.196715	99998.7	0	0
neutron	939.565	10.6238	99998.8	0	0
proton	938.272	4.17429	99998.8	0	0
neutron	939.565	3.73325	99998.8	0	0
neutron	939.565	2.55121	99998.8	0	0
C12	11174.9	2.26529	99998.8	0	0
Na24	22341.8	0.184307	99998.8	0	0
Al28	26058.3	0.191482	99998.8	0	0
neutron	939.565	6.91954	99998.8	0	0
proton	938.272	3.02215	99998.8	0	0
neutron	939.565	1.08464	99998.8	0	0
Ne21	19550.5	0.710571	99998.8	0	0
Na24	22341.8	0.196725	99998.8	0	0
Al28	26058.3	0.18655	99998.8	0	0
Na24	22341.8	0.208949	99998.8	0	0
neutron	939.565	0.20533	99998.8	0	0
N15	13968.9	0.431742	99998.8	0	0
Na24	22341.8	0.189052	99998.8	0	0
Na24	22341.8	0.186082	99998.8	0	0
neutron	939.565	3.55614	99998.7	0	0
neutron	939.565	1.77017	99998.7	0	0
N14	13040.2	0.285799	99998.7	0	0
He3	2808.39	8.7784	99998.7	0	0
F21	19556.7	0.786654	99998.7	0	0
proton	938.272	6.25707	99998.7	0	0
neutron	939.565	3.4788	99998.7	0	0
Mg26	24196.5	0.134023	99998.7	0	0
Al28	26058.3	0.186787	99998.7	0	0
neutron	939.565	14.6458	99998.7	0	0
neutron	939.565	3.24987	99998.7	0	0
Na23	21409.2	1.3981	99998.7	0	0
proton	938.272	6.2697	99998.7	0	0
neutron	939.565	2.64952	99998.7	0	0
Mg26	24196.5	0.230687	99998.7	0	0
Na24	22341.8	0.212472	99998.7	0	0
neutron	939.565	13.4719	99998.7	0	0
neutron	939.565	2.39879	99998.7	0	0
deuteron	1875.61	3.98507	99998.7	0	0
C12	11174.9	0.21079	99998.7	0	0
neutron	939.565	43.2852	99998.8	0	0
neutron	939.565	4.00471	99998.8	0	0
proton	938.272	1.05204	99998.8	0	0
neutron	939.565	0.86321	99998.8	0	0
C12	11174.9	3.21961	99998.8	0	0
N16	14906	0.289713	99998.8	0	0
neutron	939.565	5.94662	99998.7	0	0
proton	938.272	1.94481	99998.7	0	0
C14	13040.9	0.92784	99998.7	0	0
neutron	939.565	14.2108	99998.7	0	0
alpha	3727.38	4.3319	99998.7	0	0
B11	10252.5	0.470764	99998.7	0	0
neutron	939.565	6.3947	99998.7	0	0
neutron	939.565	2.37779	99998.7	0	0
deuteron	1875.61	7.34666	99998.7	0	0
Mg24	22335.8	1.98893	99998.7	0	0
Na24	22341.8	0.211727	99998.8	0	0
neutron	939.565	17.4154	99998.7	0	0
Na23	21409.2	0.381555	99998.7	0	0
neutron	939.565	10.7493	99998.7	0	0
neutron	939.565	1.76762	99998.7	0	0
neutron	939.565	1.70425	99998.7	0	0
Na23	21409.2	0.866821	99998.7	0	0
proton	938.272	13.8181	99998.8	0	0
neutron	939.565	1.32091	99998.8	0	0
Mg26	24196.5	0.462148	99998.8	0	0
neutron	939.565	26.5729	99998.7	0	0
neutron	939.565	10.3954	99998.7	0	0
proton	938.272	1.78783	99998.7	0	0
neutron	939.565	0.86065	99998.7	0	0
C12	11174.9	1.97335	99998.7	0	0
neutron	939.565	14.6032	99998.8	0	0
neutron	939.565	3.62043	99998.8	0	0
neutron	939.565	2.23477	99998.8	0	0
proton	938.272	1.92364	99998.8	0	0
Mg24	22335.8	0.858905	99998.8	0	0
proton	938.272	15.7762	99998.8	0	0
neutron	939.565	6.3252	99998.8	0	0
Ne22	20479.7	0.206808	99998.8	0	0
proton	938.272	4.33925	99998.7	0	0
neutron	939.565	3.5018	99998.7	0	0
neutron	939.565	1.7688	99998.7	0	0
C13	12109.5	1.5716	99998.7	0	0
Mn56	52094	0.0911726	99998.8	0	0
neutron	939.565	0.536863	99998.8	0	0
Na23	21409.2	0.254373	99998.8	0	0
Na24	22341.8	0.209773	99998.8	0	0
Na24	22341.8	0.211193	99998.8	0	0
neutron	939.565	17.1255	99998.8	0	0
neutron	939.565	3.89993	99998.8	0	0
deuteron	1875.61	5.88437	99998.8	0	0
Ne20	18617.7	1.45951	99998.8	0	0
neutron	939.565	6.62956	99998.8	0	0
neutron	939.565	6.32619	99998.8	0	0
neutron	939.565	3.38753	99998.8	0	0
proton	938.272	2.12333	99998.8	0	0
alpha	3727.38	4.25465	99998.8	0	0
O16	14895.1	0.941242	99998.8	0	0
Al30	27922.3	0.16066	99998.7	0	0
neutron	939.565	0.664335	99998.8	0	0
Al27	25126.5	0.257494	99998.8	0	0
neutron	939.565	3.9641	99998.8	0	0
proton	938.272	1.93323	99998.8	0	0
neutron	939.565	0.283412	99998.8	0	0
C13	12109.5	0.652885	99998.8	0	0
Al28	26058.3	0.19147	99998.8	0	0
proton	938.272	26.9866	99998.8	0	0
neutron	939.565	7.63346	99998.8	0	0
neutron	939.565	4.79789	99998.8	0	0
C13	12109.5	2.58262	99998.8	0	0
Na24	22341.8	0.220757	99998.8	0	0
neutron	939.565	1.10863	99998.8	0	0
Na24	22341.8	0.153341	99998.8	0	0
neutron	939.565	1.41952	99998.8	0	0
Al27	25126.5	0.232557	99998.8	0	0
neutron	939.565	7.68749	99998.8	0	0
proton	938.272	6.70519	99998.8	0	0
neutron	939.565	1.97759	99998.8	0	0
neutron	939.565	0.830037	99998.8	0	0
alpha	3727.38	7.20413	99998.8	0	0
O16	14895.1	1.19955	99998.8	0	0
neutron	939.565	28.9271	99998.8	0	0
neutron	939.565	4.13274	99998.8	0	0
Mn54	50232.4	0.737447	99998.8	0	0
Na24	22341.8	0.193814	99998.8	0	0
Na24	22341.8	0.210482	99998.8	0	0
proton	938.272	22.4891	99998.8	0	0
neutron	939.565	9.19981	99998.8	0	0
neutron	939.565	4.00924	99998.8	0	0
C13	12109.5	2.21668	99998.8	0	0
Na24	22341.8	0.198541	99998.8	0	0
neutron	939.565	22.74	99998.8	0	0
proton	938.272	22.2584	99998.8	0	0
neutron	939.565	0.745403	99998.8	0	0
Mg25	23268	1.70517	99998.8	0	0
neutron	939.565	6.57688	99998.8	0	0
neutron	939.565	6.40517	99998.8	0	0
N14	13040.2	0.882911	99998.8	0	0
neutron	939.565	0.423879	99998.7	0	0
Na25	23272.4	0.165068	99998.7	0	0
Al28	26058.3	0.187852	99998.8	0	0
Na24	22341.8	0.214634	99998.7	0	0
proton	938.272	30.8315	99998.7	0	0
neutron	939.565	2.90915	99998.7	0	0
Mg26	24196.5	0.63812	99998.7	0	0
Na24	22341.8	0.215936	99998.8	0	0
proton	938.272	11.1593	99998.8	0	0
neutron	939.565	10.0091	99998.8	0	0
neutron	939.565	8.22643	99998.8	0	0
neutron	939.565	5.52655	99998.8	0	0
C12	11174.9	2.93129	99998.8	0	0
neutron	939.565	5.86363	99998.7	0	0
proton	938.272	4.27389	99998.7	0	0
Mg26	24196.5	0.214052	99998.7	0	0
Na24	22341.8	0.220711	99998.7	0	0
Na24	22341.8	0.20851	99998.8	0	0
proton	938.272	2.68372	99998.8	0	0
neutron	939.565	0.374452	99998.8	0	0
Mg26	24196.5	0.0133153	99998.8	0	0
neutron	939.565	2.66615	99998.8	0	0
Na23	21409.2	0.121816	99998.8	0	0
neutron	939.565	0.578064	99998.7	0	0
Na24	22341.8	0.138372	99998.7	0	0
neutron	939.565	15.9029	99998.8	0	0
neutron	939.565	4.02777	99998.8	0	0
N14	13040.2	2.50605	99998.8	0	0
neutron	939.565	12.8583	99998.7	0	0
proton	938.272	5.19694	99998.7	0	0
neutron	939.565	3.25729	99998.7	0	0
neutron	939.565	2.96031	99998.7	0	0
Ne20	18617.7	1.54996	99998.7	0	0
Na24	22341.8	0.212139	99998.8	0	0
neutron	939.565	8.35242	99998.7	0	0
proton	938.272	3.67049	99998.7	0	0
C14	13040.9	0.908103	99998.7	0	0
neutron	939.565	1.13906	99998.7	0	0
Al27	25126.5	0.0633855	99998.7	0	0
Al28	26058.3	0.182891	99998.8	0	0
Al28	26058.3	0.17496	99998.7	0	0
Na24	22341.8	0.193309	99998.8	0	0
neutron	939.565	1.16961	99998.8	0	0
N15	13968.9	0.348864	99998.8	0	0
N16	14906	0.28505	99998.8	0	0
neutron	939.565	0.133131	99998.8	0	0
N15	13968.9	0.267741	99998.8	0	0
neutron	939.565	4.40971	99999	0	0
proton	938.272	4.16289	99999	0	0
Ne22	20479.7	0.802105	99999	0	0
neutron	939.565	8.50826	99998.8	0	0
neutron	939.565	2.81137	99998.8	0	0
Na22	20482.1	0.131648	99998.8	0	0
neutron	939.565	1.2085	99998.8	0	0
alpha	3727.38	7.55118	99998.8	0	0
Na23	21409.2	0.878718	99998.8	0	0
neutron	939.565	41.8303	99998.8	0	0
neutron	939.565	10.9965	99998.8	0	0
Al27	25126.5	2.18498	99998.8	0	0
Na24	22341.8	0.195581	99998.9	0	0
Na24	22341.8	0.203668	99998.8	0	0
Na24	22341.8	0.199697	99998.8	0	0
proton	938.272	13.0633	99998.8	0	0
neutron	939.565	9.48904	99998.8	0	0
neutron	939.565	7.03203	99998.8	0	0
C13	12109.5	0.816573	99998.8	0	0
neutron	939.565	3.52107	99998.7	0	0
neutron	939.565	2.52691	99998.7	0	0
Na23	21409.2	0.158828	99998.7	0	0
proton	938.272	6.07743	99998.7	0	0
neutron	939.565	3.45344	99998.7	0	0
Ne22	20479.7	1.09382	99998.7	0	0
Na24	22341.8	0.208209	99998.8	0	0
Al28	26058.3	0.189553	99998.8	0	0
proton	938.272	36.1755	99998.8	0	0
neutron	939.565	10.85	99998.8	0	0
neutron	939.565	1.96728	99998.8	0	0
neutron	939.565	1.3621	99998.8	0	0
Mg24	22335.8	1.35309	99998.8	0	0
neutron	939.565	0.258286	99998.8	0	0
Al27	25126.5	0.101896	99998.8	0	0
proton	938.272	5.95055	99998.7	0	0
neutron	939.565	2.41331	99998.7	0	0
neutron	939.565	1.3051	99998.7	0	0
Ne21	19550.5	0.569956	99998.7	0	0
Al28	26058.3	0.185524	99998.7	0	0
neutron	939.565	24.5692	99998.7	0	0
neutron	939.565	23.8865	99998.7	0	0
proton	938.272	1.55677	99998.7	0	0
Mg26	24196.5	1.31928	99998.7	0	0
Na24	22341.8	0.193949	99998.8	0	0
neutron	939.565	7.22194	99998.8	0	0
neutron	939.565	3.12113	99998.8	0	0
deuteron	1875.61	5.87081	99998.8	0	0
C12	11174.9	1.86769	99998.8	0	0
neutron	939.565	54.4238	99998.8	0	0
neutron	939.565	12.9184	99998.8	0	0
N14	13040.2	2.68687	99998.8	0	0
neutron	939.565	13.4001	99998.7	0	0
proton	938.272	2.20739	99998.7	0	0
neutron	939.565	0.218078	99998.7	0	0
C13	12109.5	1.39309	99998.7	0	0
neutron	939.565	2.46818	99998.8	0	0
Al27	25126.5	0.0638045	99998.8	0	0
neutron	939.565	1.90494	99998.7	0	0
Na23	21409.2	0.0666117	99998.7	0	0
Na24	22341.8	0.19602	99998.9	0	0
Al28	26058.3	0.189206	99998.8	0	0
Na24	22341.8	0.214019	99998.8	0	0
neutron	939.565	8.4358	99998.7	0	0
neutron	939.565	4.42759	99998.7	0	0
proton	938.272	4.38891	99998.7	0	0
neutron	939.565	1.40945	99998.7	0	0
C12	11174.9	0.311114	99998.7	0	0
Al28	26058.3	0.183152	99998.7	0	0
neutron	939.565	6.51488	99998.7	0	0
proton	938.272	4.20907	99998.7	0	0
neutron	939.565	1.09234	99998.7	0	0
C13	12109.5	0.0542769	99998.7	0	0
neutron	939.565	13.4692	99998.8	0	0
proton	938.272	7.17292	99998.8	0	0
neutron	939.565	3.33743	99998.8	0	0
proton	938.272	1.81214	99998.8	0	0
triton	2808.92	5.47968	99998.8	0	0
O17	15830.5	2.74448	99998.8	0	0
neutron	939.565	0.497906	99998.8	0	0
deuteron	1875.61	9.08812	99998.8	0	0
Ne21	19550.5	0.914876	99998.8	0	0
Al28	26058.3	0.173949	99998.8	0	0
neutron	939.565	4.11166	99998.7	0	0
neutron	939.565	2.79291	99998.7	0	0
neutron	939.565	2.1067	99998.7	0	0
neutron	939.565	1.48116	99998.7	0	0
neutron	939.565	0.345981	99998.7	0	0
deuteron	1875.61	4.48208	99998.7	0	0
Cr49	45585.6	0.195954	99998.7	0	0
neutron	939.565	6.64706	99998.8	0	0
neutron	939.565	0.157208	99998.8	0	0
N14	13040.2	1.29452	99998.8	0	0
Na24	22341.8	0.214771	99998.7	0	0
neutron	939.565	14.8907	99998.8	0	0
proton	938.272	12.6978	99998.8	0	0
neutron	939.565	6.59081	99998.8	0	0
proton	938.272	3.00792	99998.8	0	0
neutron	939.565	1.95634	99998.8	0	0
B11	10252.5	4.18057	99998.8	0	0
Na24	22341.8	0.195627	99998.7	0	0
Al28	26058.3	0.182077	99998.7	0	0
neutron	939.565	19.1629	99998.8	0	0
proton	938.272	2.48479	99998.8	0	0
triton	2808.92	7.13277	99998.8	0	0
triton	2808.92	4.22024	99998.8	0	0
Be8	7454.85	4.69287	99998.8	0	0
proton	938.272	2.68909	99998.8	0	0
neutron	939.565	1.64063	99998.8	0	0
neutron	939.565	0.275118	99998.8	0	0
Mg25	23268	0.259133	99998.8	0	0
neutron	939.565	0.238998	99998.8	0	0
N15	13968.9	0.389709	99998.8	0	0
neutron	939.565	5.76579	99998.7	0	0
proton	938.272	4.34561	99998.7	0	0
neutron	939.565	2.2179	99998.7	0	0
neutron	939.565	1.40255	99998.7	0	0
C12	11174.9	0.163085	99998.7	0	0
Na24	22341.8	0.215706	99998.8	0	0
neutron	939.565	9.33257	99998.8	0	0
proton	938.272	6.96272	99998.8	0	0
neutron	939.565	0.933874	99998.8	0	0
Ne21	19550.5	1.21178	99998.8	0	0
Na24	22341.8	0.213713	99998.7	0	0
Al28	26058.3	0.179096	99998.8	0	0
Al28	26058.3	0.148107	99998.7	0	0
neutron	939.565	3.23334	99998.8	0	0
proton	938.272	2.77462	99998.8	0	0
Mg26	24196.5	0.213654	99998.8	0	0
Al28	26058.3	0.173805	99998.7	0	0
neutron	939.565	3.7391	99998.8	0	0
neutron	939.565	1.06759	99998.8	0	0
Na22	20482.1	0.576089	99998.8	0	0
Na24	22341.8	0.205182	99998.8	0	0
proton	938.272	7.846	99998.7	0	0
neutron	939.565	3.28881	99998.7	0	0
neutron	939.565	2.54485	99998.7	0	0
deuteron	1875.61	27.5295	99998.7	0	0
B11	10252.5	2.81098	99998.7	0	0
Na24	22341.8	0.215066	99998.7	0	0
neutron	939.565	10.7965	99998.7	0	0
proton	938.272	4.49233	99998.7	0	0
neutron	939.565	3.74867	99998.7	0	0
neutron	939.565	2.84561	99998.7	0	0
neutron	939.565	0.774069	99998.7	0	0
Cr51	47442.5	0.0742541	99998.7	0	0
neutron	939.565	8.47004	99998.7	0	0
proton	938.272	6.63551	99998.7	0	0
neutron	939.565	3.65165	99998.7	0	0
C13	12109.5	0.942298	99998.7	0	0
proton	938.272	27.9662	99998.7	0	0
neutron	939.565	10.8141	99998.7	0	0
neutron	939.565	7.8779	99998.7	0	0
neutron	939.565	3.68903	99998.7	0	0
C12	11174.9	0.449171	99998.7	0	0
Na24	22341.8	0.195333	99998.7	0	0
neutron	939.565	2.63514	99998.7	0	0
N15	13968.9	0.0770608	99998.7	0	0
Na24	22341.8	0.197458	99998.8	0	0
neutron	939.565	3.10436	99998.7	0	0
N15	13968.9	0.423536	99998.7	0	0
Al28	26058.3	0.169232	99998.8	0	0
neutron	939.565	9.43421	99998.8	0	0
neutron	939.565	2.36687	99998.8	0	0
proton	938.272	1.0862	99998.8	0	0
C13	12109.5	0.737895	99998.8	0	0
neutron	939.565	9.78283	99998.7	0	0
proton	938.272	6.98709	99998.7	0	0
neutron	939.565	0.151021	99998.7	0	0
C13	12109.5	1.07092	99998.7	0	0
neutron	939.565	0.800642	99998.8	0	0
Al27	25126.5	0.210003	99998.8	0	0
proton	938.272	8.76051	99998.8	0	0
neutron	939.565	0.0852709	99998.8	0	0
C14	13040.9	0.783011	99998.8	0	0
neutron	939.565	0.808445	99998.8	0	0
Na23	21409.2	0.163379	99998.8	0	0
Na24	22341.8	0.191248	99998.8	0	0
neutron	939.565	1.45819	99998.8	0	0
neutron	939.565	0.64918	99998.8	0	0
neutron	939.565	0.634276	99998.8	0	0
Mn53	49301.8	0.0780717	99998.8	0	0
neutron	939.565	31.9643	99998.8	0	0
neutron	939.565	5.66275	99998.8	0	0
neutron	939.565	2.42562	99998.8	0	0
proton	938.272	2.40557	99998.8	0	0
C12	11174.9	1.73913	99998.8	0	0
neutron	939.565	0.714083	99998.7	0	0
neutron	939.565	0.11013	99998.7	0	0
N14	13040.2	0.345418	99998.7	0	0
Na24	22341.8	0.198919	99998.8	0	0
neutron	939.565	21.7862	99998.7	0	0
proton	938.272	4.36024	99998.7	0	0
C14	13040.9	0.496887	99998.7	0	0
Al28	26058.3	0.190663	99998.6	0	0
neutron	939.565	39.2347	99998.8	0	0
neutron	939.565	4.16255	99998.8	0	0
deuteron	1875.61	5.6201	99998.8	0	0
C12	11174.9	1.99466	99998.8	0	0
neutron	939.565	25.6862	99998.7	0	0
neutron	939.565	4.1503	99998.7	0	0
neutron	939.565	4.07019	99998.7	0	0
proton	938.272	3.38205	99998.7	0	0
Ne20	18617.7	1.88277	99998.7	0	0
neutron	939.565	14.5329	99998.7	0	0
proton	938.272	7.40709	99998.7	0	0
alpha	3727.38	8.48759	99998.7	0	0
Ne22	20479.7	1.94655	99998.7	0	0
neutron	939.565	2.59764	99998.8	0	0
triton	2808.92	10.8635	99998.8	0	0
alpha	3727.38	4.07212	99998.8	0	0
Be8	7454.85	3.81576	99998.8	0	0
neutron	939.565	9.13757	99998.8	0	0
neutron	939.565	6.55951	99998.8	0	0
Al26	24200	0.459424	99998.8	0	0
neutron	939.565	0.937408	99998.7	0	0
Na23	21409.2	0.250018	99998.7	0	0
Na26	24206.4	0.175809	99998.8	0	0
neutron	939.565	1.58452	99998.8	0	0
neutron	939.565	0.436132	99998.8	0	0
Na23	21409.2	0.109806	99998.8	0	0
proton	938.272	6.64998	99998.7	0	0
neutron	939.565	4.54612	99998.7	0	0
neutron	939.565	3.29929	99998.7	0	0
neutron	939.565	3.22676	99998.7	0	0
alpha	3727.38	5.31934	99998.7	0	0
alpha	3727.38	3.24543	99998.7	0	0
C12	11174.9	5.52665	99998.7	0	0
proton	938.272	5.45537	99998.8	0	0
neutron	939.565	2.14693	99998.8	0	0
neutron	939.565	1.78555	99998.8	0	0
neutron	939.565	1.66008	99998.8	0	0
Ne20	18617.7	0.31007	99998.8	0	0
neutron	939.565	5.28406	99998.8	0	0
proton	938.272	3.63176	99998.8	0	0
neutron	939.565	3.13352	99998.8	0	0
Mg25	23268	0.887504	99998.8	0	0
Al28	26058.3	0.168017	99998.8	0	0
neutron	939.565	13.4463	99999.1	0	0
neutron	939.565	11.8602	99999.1	0	0
proton	938.272	5.96816	99999.1	0	0
neutron	939.565	1.67289	99999.1	0	0
alpha	3727.38	5.29644	99999.1	0	0
Be8	7454.85	1.52194	99999.1	0	0
Mn56	52094	0.0971275	99998.7	0	0
neutron	939.565	24.9551	99998.8	0	0
neutron	939.565	8.65107	99998.8	0	0
proton	938.272	6.57685	99998.8	0	0
neutron	939.565	2.832	99998.8	0	0
Cr52	48370	0.590901	99998.8	0	0
neutron	939.565	5.97731	99998.8	0	0
proton	938.272	3.3096	99998.8	0	0
Mg26	24196.5	0.604317	99998.8	0	0
Mn56	52094	0.0908475	99998.8	0	0
neutron	939.565	20.1865	99998.7	0	0
neutron	939.565	0.639004	99998.7	0	0
deuteron	1875.61	4.28773	99998.7	0	0
Ne20	18617.7	0.191049	99998.7	0	0
neutron	939.565	13.7884	99998.8	0	0
neutron	939.565	3.09781	99998.8	0	0
proton	938.272	2.8762	99998.8	0	0
neutron	939.565	2.82233	99998.8	0	0
C12	11174.9	1.85958	99998.8	0	0
Al28	26058.3	0.190723	99998.7	0	0
Al28	26058.3	0.19194	99998.7	0	0
neutron	939.565	3.11262	99998.8	0	0
neutron	939.565	2.27652	99998.8	0	0
Mn54	50232.4	0.258573	99998.8	0	0
Al28	26058.3	0.178138	99998.8	0	0
Al28	26058.3	0.16878	99998.7	0	0
neutron	939.565	4.45766	99998.7	0	0
Na23	21409.2	0.195016	99998.7	0	0
neutron	939.565	3.56829	99998.8	0	0
Na25	23272.4	0.117528	99998.8	0	0
Al28	26058.3	0.181258	99998.8	0	0
neutron	939.565	7.93043	99998.8	0	0
proton	938.272	5.56383	99998.8	0	0
neutron	939.565	2.82156	99998.8	0	0
Ne21	19550.5	1.73839	99998.8	0	0
neutron	939.565	1.67866	99998.8	0	0
Al27	25126.5	0.128157	99998.8	0	0
neutron	939.565	12.5266	99998.8	0	0
proton	938.272	5.13569	99998.8	0	0
neutron	939.565	4.35123	99998.8	0	0
neutron	939.565	3.11198	99998.8	0	0
neutron	939.565	0.79808	99998.8	0	0
Cr51	47442.5	0.11377	99998.8	0	0
neutron	939.565	0.475822	99998.7	0	0
N15	13968.9	0.137728	99998.7	0	0
Na25	23272.4	0.214891	99998.8	0	0
neutron	939.565	22.6195	99998.7	0	0
neutron	939.565	6.04361	99998.7	0	0
proton	938.272	3.84556	99998.7	0	0
Ne21	19550.5	0.347619	99998.7	0	0
Al28	26058.3	0.190322	99998.8	0	0
Al28	26058.3	0.186081	99998.8	0	0
neutron	939.565	0.199707	99998.8	0	0
Na23	21409.2	0.226506	99998.8	0	0
Na24	22341.8	0.207661	99998.8	0	0
Na25	23272.4	0.203806	99998.8	0	0
neutron	939.565	0.512823	99998.9	0	0
N15	13968.9	0.343892	99998.9	0	0
proton	938.272	16.2402	99998.8	0	0
neutron	939.565	8.7251	99998.8	0	0
neutron	939.565	4.97021	99998.8	0	0
neutron	939.565	1.05698	99998.8	0	0
C12	11174.9	1.60321	99998.8	0	0
Na24	22341.8	0.218655	99998.8	0	0
proton	938.272	15.8553	99998.8	0	0
neutron	939.565	13.8106	99998.8	0	0
neutron	939.565	3.00708	99998.8	0	0
neutron	939.565	2.07238	99998.8	0	0
C12	11174.9	2.29638	99998.8	0	0
neutron	939.565	8.85014	99998.7	0	0
neutron	939.565	2.6766	99998.7	0	0
deuteron	1875.61	2.98007	99998.7	0	0
C12	11174.9	2.49632	99998.7	0	0
neutron	939.565	11.3224	99998.8	0	0
neutron	939.565	1.08348	99998.8	0	0
N14	13040.2	0.897588	99998.8	0	0
proton	938.272	2.18653	99998.7	0	0
neutron	939.565	1.16148	99998.7	0	0
Ne22	20479.7	0.0137439	99998.7	0	0
Na25	23272.4	0.183175	99998.8	0	0
proton	938.272	26.1182	99998.8	0	0
neutron	939.565	2.05937	99998.8	0	0
neutron	939.565	0.947767	99998.8	0	0
Ne21	19550.5	0.974991	99998.8	0	0
proton	938.272	18.7226	99998.8	0	0
neutron	939.565	15.6673	99998.8	0	0
neutron	939.565	8.71739	99998.8	0	0
Ne21	19550.5	2.53457	99998.8	0	0
neutron	939.565	0.817817	99998.8	0	0
Al27	25126.5	0.139977	99998.8	0	0
Na24	22341.8	0.191794	99998.7	0	0
Na24	22341.8	0.209	99998.7	0	0
Na24	22341.8	0.206657	99998.7	0	0
Na24	22341.8	0.201417	99998.8	0	0
proton	938.272	14.5807	99998.8	0	0
proton	938.272	13.076	99998.8	0	0
neutron	939.565	3.88749	99998.8	0	0
B13	12123.4	2.57866	99998.8	0	0
proton	938.272	12.2396	99998.8	0	0
neutron	939.565	5.11846	99998.8	0	0
neutron	939.565	4.11723	99998.8	0	0
proton	938.272	3.40971	99998.8	0	0
neutron	939.565	2.83449	99998.8	0	0
proton	938.272	2.12425	99998.8	0	0
Ne22	20479.7	1.29207	99998.8	0	0
Al28	26058.3	0.180563	99998.8	0	0
Na24	22341.8	0.202143	99998.8	0	0
neutron	939.565	6.24259	99998.9	0	0
neutron	939.565	2.6649	99998.9	0	0
N14	13040.2	0.0794305	99998.9	0	0
neutron	939.565	32.5294	99998.8	0	0
neutron	939.565	5.8619	99998.8	0	0
proton	938.272	3.40418	99998.8	0	0
neutron	939.565	2.14581	99998.8	0	0
C12	11174.9	1.31308	99998.8	0	0
neutron	939.565	1.04468	99998.7	0	0
Mn55	51161.7	0.166958	99998.7	0	0
Na24	22341.8	0.212789	99998.8	0	0
neutron	939.565	23.0127	99998.7	0	0
proton	938.272	4.56022	99998.7	0	0
neutron	939.565	3.26512	99998.7	0	0
neutron	939.565	2.92985	99998.7	0	0
Cr52	48370	1.23315	99998.7	0	0
neutron	939.565	3.02408	99998.7	0	0
neutron	939.565	2.08872	99998.7	0	0
Na22	20482.1	0.377243	99998.7	0	0
neutron	939.565	2.01839	99998.8	0	0
Al27	25126.5	0.317803	99998.8	0	0
neutron	939.565	0.58588	99998.8	0	0
N15	13968.9	0.303511	99998.8	0	0
neutron	939.565	4.04046	99998.8	0	0
neutron	939.565	1.66144	99998.8	0	0
neutron	939.565	1.34704	99998.8	0	0
Na23	21409.2	0.271381	99998.8	0	0
neutron	939.565	8.22481	99998.7	0	0
neutron	939.565	7.31015	99998.7	0	0
proton	938.272	5.57249	99998.7	0	0
proton	938.272	3.14637	99998.7	0	0
Na24	22341.8	1.43311	99998.7	0	0
neutron	939.565	17.1458	99998.7	0	0
neutron	939.565	12.6936	99998.7	0	0
proton	938.272	4.65867	99998.7	0	0
Ne22	20479.7	2.07739	99998.7	0	0
Na24	22341.8	0.214425	99998.7	0	0
proton	938.272	15.1176	99998.9	0	0
neutron	939.565	8.55333	99998.9	0	0
neutron	939.565	1.26567	99998.9	0	0
Ne21	19550.5	1.01861	99998.9	0	0
Na25	23272.4	0.18658	99998.8	0	0
Na24	22341.8	0.216564	99998.8	0	0
neutron	939.565	35.6347	99998.8	0	0
proton	938.272	8.35088	99998.8	0	0
neutron	939.565	1.36629	99998.8	0	0
C13	12109.5	3.66536	99998.8	0	0
Al28	26058.3	0.188665	99998.7	0	0
neutron	939.565	24.5815	99998.8	0	0
neutron	939.565	18.5849	99998.8	0	0
neutron	939.565	1.68283	99998.8	0	0
Mn54	50232.4	0.198708	99998.8	0	0
neutron	939.565	12.224	99998.7	0	0
proton	938.272	4.29639	99998.7	0	0
neutron	939.565	2.64241	99998.7	0	0
C13	12109.5	0.360768	99998.7	0	0
neutron	939.565	10.6063	99998.8	0	0
proton	938.272	4.37643	99998.8	0	0
neutron	939.565	1.55601	99998.8	0	0
neutron	939.565	0.182078	99998.8	0	0
Ne20	18617.7	0.181366	99998.8	0	0
neutron	939.565	2.38588	99998.8	0	0
Na23	21409.2	0.264398	99998.8	0	0
neutron	939.565	0.641789	99998.7	0	0
Al27	25126.5	0.221317	99998.7	0	0
neutron	939.565	11.0378	99998.7	0	0
neutron	939.565	6.49	99998.7	0	0
proton	938.272	6.13255	99998.7	0	0
neutron	939.565	0.366271	99998.7	0	0
alpha	3727.38	3.44249	99998.7	0	0
Be8	7454.85	5.34118	99998.7	0	0
neutron	939.565	0.903711	99998.8	0	0
Al27	25126.5	0.215953	99998.8	0	0
Na24	22341.8	0.2138	99999.1	0	0
Al28	26058.3	0.18165	99998.8	0	0
Na25	23272.4	0.178372	99998.8	0	0
neutron	939.565	1.23581	99998.7	0	0
Na23	21409.2	0.315263	99998.7	0	0
neutron	939.565	10.6322	99998.8	0	0
neutron	939.565	7.85588	99998.8	0	0
proton	938.272	5.3249	99998.8	0	0
Ne21	19550.5	0.135742	99998.8	0	0
neutron	939.565	9.62759	99998.8	0	0
proton	938.272	6.52946	99998.8	0	0
neutron	939.565	0.954011	99998.8	0	0
neutron	939.565	0.271362	99998.8	0	0
Cr52	48370	0.115112	99998.8	0	0
Al28	26058.3	0.186979	99998.7	0	0
Mn56	52094	0.0924948	99998.8	0	0
N16	14906	0.289276	99998.7	0	0
Al28	26058.3	0.159596	99998.8	0	0
Al28	26058.3	0.174961	99998.8	0	0
proton	938.272	6.87838	99999	0	0
neutron	939.565	1.14775	99999	0	0
Ne22	20479.7	0.330881	99999	0	0
neutron	939.565	3.71074	99998.8	0	0
neutron	939.565	2.63662	99998.8	0	0
Na24	22341.8	0.160344	99998.8	0	0
proton	938.272	18.4721	99998.7	0	0
neutron	939.565	10.4988	99998.7	0	0
neutron	939.565	1.66653	99998.7	0	0
neutron	939.565	1.28204	99998.7	0	0
C12	11174.9	0.210627	99998.7	0	0
Na24	22341.8	0.209768	99998.7	0	0
neutron	939.565	49.7518	99998.9	0	0
neutron	939.565	4.59092	99998.9	0	0
proton	938.272	4.01039	99998.9	0	0
neutron	939.565	0.537388	99998.9	0	0
Cr52	48370	1.09419	99998.9	0	0
Na24	22341.8	0.217985	99998.8	0	0
neutron	939.565	1.67043	99998.8	0	0
N15	13968.9	0.578273	99998.8	0	0
neutron	939.565	24.1681	99998.8	0	0
neutron	939.565	4.04695	99998.8	0	0
proton	938.272	2.52938	99998.8	0	0
Ne21	19550.5	1.4568	99998.8	0	0
N16	14906	0.292374	99998.7	0	0
neutron	939.565	23.0517	99998.7	0	0
neutron	939.565	15.545	99998.7	0	0
proton	938.272	3.94372	99998.7	0	0
Mg25	23268	1.3923	99998.7	0	0
Mn56	52094	0.0956452	99998.8	0	0
neutron	939.565	7.47652	99998.7	0	0
Mn55	51161.7	0.217041	99998.7	0	0
N16	14906	0.293149	99998.8	0	0
Na24	22341.8	0.21222	99998.7	0	0
neutron	939.565	4.39823	99998.8	0	0
alpha	3727.38	4.9632	99998.8	0	0
F21	19556.7	0.70835	99998.8	0	0
Na24	22341.8	0.190817	99998.8	0	0
Al28	26058.3	0.187444	99998.7	0	0
Al28	26058.3	0.178675	99998.8	0	0
Mn56	52094	0.0944755	99998.8	0	0
Mn56	52094	0.0828729	99998.7	0	0
neutron	939.565	1.23919	99998.8	0	0
Al27	25126.5	0.250337	99998.8	0	0
neutron	939.565	3.82273	99998.7	0	0
proton	938.272	3.16973	99998.7	0	0
alpha	3727.38	8.07538	99998.7	0	0
Ne22	20479.7	1.40122	99998.7	0	0
neutron	939.565	26.2408	99998.7	0	0
proton	938.272	6.14252	99998.7	0	0
neutron	939.565	0.116961	99998.7	0	0
Cr53	49301.7	0.694533	99998.7	0	0
neutron	939.565	2.90571	99998.8	0	0
neutron	939.565	0.43067	99998.8	0	0
Al26	24200	0.23732	99998.8	0	0
Na24	22341.8	0.211539	99998.7	0	0
Al28	26058.3	0.190402	99998.7	0	0
Na24	22341.8	0.210525	99998.7	0	0
neutron	939.565	0.409935	99998.9	0	0
alpha	3727.38	8.84221	99998.9	0	0
F19	17692.3	2.33828	99998.9	0	0
neutron	939.565	0.139077	99998.8	0	0
Na23	21409.2	0.174598	99998.8	0	0
Al28	26058.3	0.18201	99998.8	0	0
neutron	939.565	6.72403	99998.8	0	0
neutron	939.565	1.17284	99998.8	0	0
deuteron	1875.61	5.91488	99998.8	0	0
Ne20	18617.7	0.502525	99998.8	0	0
neutron	939.565	0.316661	99998.8	0	0
Na23	21409.2	0.156901	99998.8	0	0
neutron	939.565	16.7779	99998.7	0	0
neutron	939.565	15.7491	99998.7	0	0
neutron	939.565	9.82208	99998.7	0	0
proton	938.272	1.78454	99998.7	0	0
alpha	3727.38	4.08149	99998.7	0	0
alpha	3727.38	4.53611	99998.7	0	0
alpha	3727.38	5.51973	99998.7	0	0
deuteron	1875.61	15.5411	99998.9	0	0
Mg26	24196.5	1.10971	99998.9	0	0
proton	938.272	3.93366	99998.7	0	0
neutron	939.565	1.52806	99998.7	0	0
C14	13040.9	1.33746	99998.7	0	0
proton	938.272	18.1239	99998.7	0	0
neutron	939.565	11.1539	99998.7	0	0
neutron	939.565	3.65603	99998.7	0	0
neutron	939.565	1.37744	99998.7	0	0
alpha	3727.38	6.79279	99998.7	0	0
O16	14895.1	4.54572	99998.7	0	0
proton	938.272	23.7318	99998.8	0	0
neutron	939.565	11.7539	99998.8	0	0
proton	938.272	7.99972	99998.8	0	0
neutron	939.565	4.29689	99998.8	0	0
B12	11188.7	0.906851	99998.8	0	0
Na24	22341.8	0.175235	99998.8	0	0
neutron	939.565	0.18582	99998.8	0	0
N15	13968.9	0.224098	99998.8	0	0
neutron	939.565	21.5811	99998.8	0	0
proton	938.272	5.51616	99998.8	0	0
Mg26	24196.5	1.21108	99998.8	0	0
neutron	939.565	6.95557	99998.7	0	0
neutron	939.565	5.82732	99998.7	0	0
deuteron	1875.61	4.75545	99998.7	0	0
alpha	3727.38	3.1497	99998.7	0	0
Be8	7454.85	1.71246	99998.7	0	0
N16	14906	0.296834	99998.8	0	0
neutron	939.565	11.1544	99998.7	0	0
neutron	939.565	10.705	99998.7	0	0
proton	938.272	2.9534	99998.7	0	0
Ne21	19550.5	1.30047	99998.7	0	0
neutron	939.565	6.83902	99998.8	0	0
neutron	939.565	0.30295	99998.8	0	0
N14	13040.2	0.434583	99998.8	0	0
Mn56	52094	0.0929774	99998.8	0	0
Al28	26058.3	0.181436	99998.7	0	0
proton	938.272	16.0864	99998.8	0	0
neutron	939.565	1.65986	99998.8	0	0
alpha	3727.38	10.7702	99998.8	0	0
O18	16762	3.84513	99998.8	0	0
Na24	22341.8	0.193744	99998.8	0	0
neutron	939.565	5.30839	99998.8	0	0
proton	938.272	2.43768	99998.8	0	0
neutron	939.565	1.81674	99998.8	0	0
Mg25	23268	0.487611	99998.8	0	0
Na24	22341.8	0.21087	99998.8	0	0
Al28	26058.3	0.169139	99998.8	0	0
Al28	26058.3	0.152975	99998.8	0	0
neutron	939.565	4.35965	99998.9	0	0
Al27	25126.5	0.0762326	99998.9	0	0
neutron	939.565	21.9381	99998.7	0	0
proton	938.272	1.87158	99998.7	0	0
alpha	3727.38	6.62677	99998.7	0	0
Ne22	20479.7	3.0187	99998.7	0	0
proton	938.272	17.9089	99998.8	0	0
neutron	939.565	12.6623	99998.8	0	0
neutron	939.565	7.05291	99998.8	0	0
neutron	939.565	2.02159	99998.8	0	0
Mg24	22335.8	3.00436	99998.8	0	0
proton	938.272	2.38911	99998.8	0	0
Ne23	21414.1	0.495888	99998.8	0	0
neutron	939.565	9.07405	99998.7	0	0
neutron	939.565	1.61086	99998.7	0	0
N14	13040.2	1.19078	99998.7	0	0
neutron	939.565	4.34824	99998.8	0	0
neutron	939.565	3.86089	99998.8	0	0
proton	938.272	1.93397	99998.8	0	0
neutron	939.565	1.15381	99998.8	0	0
alpha	3727.38	5.6558	99998.8	0	0
O16	14895.1	0.899636	99998.8	0	0
Al28	26058.3	0.191744	99998.8	0	0
neutron	939.565	25.1594	99998.8	0	0
proton	938.272	5.5588	99998.8	0	0
neutron	939.565	0.661784	99998.8	0	0
Ne21	19550.5	1.03477	99998.8	0	0
neutron	939.565	0.568003	99998.8	0	0
N15	13968.9	0.114798	99998.8	0	0
neutron	939.565	10.1594	99998.7	0	0
neutron	939.565	3.27989	99998.7	0	0
neutron	939.565	1.36409	99998.7	0	0
N15	13968.9	0.996423	99998.7	0	0
Na24	22341.8	0.215422	99998.8	0	0
Al30	27922.3	0.161967	99998.7	0	0
Na24	22341.8	0.185787	99998.8	0	0
neutron	939.565	4.39732	99998.8	0	0
proton	938.272	3.44085	99998.8	0	0
neutron	939.565	3.13567	99998.8	0	0
neutron	939.565	1.61107	99998.8	0	0
Ne20	18617.7	0.429928	99998.8	0	0
Al28	26058.3	0.174637	99998.8	0	0
Mn56	52094	0.0901823	99998.9	0	0
Na24	22341.8	0.183996	99998.7	0	0
neutron	939.565	16.7798	99998.8	0	0
proton	938.272	2.7856	99998.8	0	0
neutron	939.565	0.286471	99998.8	0	0
neutron	939.565	0.27825	99998.8	0	0
C12	11174.9	0.73119	99998.8	0	0
Al28	26058.3	0.16858	99998.8	0	0
proton	938.272	9.77373	99998.7	0	0
neutron	939.565	4.02086	99998.7	0	0
neutron	939.565	0.496632	99998.7	0	0
Cr53	49301.7	0.128693	99998.7	0	0
proton	938.272	11.8581	99998.8	0	0
neutron	939.565	7.05739	99998.8	0	0
neutron	939.565	3.3957	99998.8	0	0
neutron	939.565	2.80298	99998.8	0	0
neutron	939.565	1.46049	99998.8	0	0
Cr51	47442.5	0.707597	99998.8	0	0
Al28	26058.3	0.185008	99998.7	0	0
Na24	22341.8	0.217568	99998.7	0	0
N16	14906	0.294961	99998.8	0	0
neutron	939.565	12.3141	99998.8	0	0
neutron	939.565	8.12934	99998.8	0	0
proton	938.272	6.39651	99998.8	0	0
neutron	939.565	2.74904	99998.8	0	0
neutron	939.565	0.102386	99998.8	0	0
Ne21	19550.5	0.265737	99998.8	0	0
neutron	939.565	1.82715	99998.8	0	0
Al27	25126.5	0.170389	99998.8	0	0
neutron	939.565	12.4861	99998.7	0	0
neutron	939.565	0.717932	99998.7	0	0
N14	13040.2	0.653889	99998.7	0	0
Na24	22341.8	0.203772	99998.8	0	0
neutron	939.565	1.92429	99998.7	0	0
deuteron	1875.61	4.15763	99998.7	0	0
C13	12109.5	0.900883	99998.7	0	0
neutron	939.565	1.40348	99998.7	0	0
neutron	939.565	0.916389	99998.7	0	0
Na23	21409.2	0.152488	99998.7	0	0
proton	938.272	19.1976	99998.8	0	0
neutron	939.565	2.4064	99998.8	0	0
neutron	939.565	0.356534	99998.8	0	0
Ne21	19550.5	0.750248	99998.8	0	0
neutron	939.565	0.803163	99998.8	0	0
Mn55	51161.7	0.122792	99998.8	0	0
Al28	26058.3	0.159006	99998.7	0	0
Al28	26058.3	0.178221	99998.8	0	0
Na24	22341.8	0.215109	99998.9	0	0
neutron	939.565	0.43669	99998.7	0	0
N15	13968.9	0.153639	99998.7	0	0
proton	938.272	7.38308	99998.8	0	0
neutron	939.565	3.94373	99998.8	0	0
neutron	939.565	2.96301	99998.8	0	0
neutron	939.565	1.3001	99998.8	0	0
C12	11174.9	3.46057	99998.8	0	0
Na25	23272.4	0.186336	99998.7	0	0
Al28	26058.3	0.183682	99998.7	0	0
neutron	939.565	14.1028	99998.7	0	0
proton	938.272	5.03472	99998.7	0	0
Mg26	24196.5	0.194292	99998.7	0	0
neutron	939.565	1.88641	99998.7	0	0
Na23	21409.2	0.0274411	99998.7	0	0
Al28	26058.3	0.153118	99998.8	0	0
proton	938.272	6.57836	99998.8	0	0
neutron	939.565	0.228529	99998.8	0	0
Mg26	24196.5	0.430279	99998.8	0	0
neutron	939.565	1.9233	99998.8	0	0
neutron	939.565	0.145043	99998.8	0	0
deuteron	1875.61	11.8007	99998.8	0	0
Ne20	18617.7	1.33675	99998.8	0	0
proton	938.272	46.1037	99998.8	0	0
neutron	939.565	24.2521	99998.8	0	0
neutron	939.565	1.16469	99998.8	0	0
Cr53	49301.7	0.630052	99998.8	0	0
neutron	939.565	29.9833	99998.8	0	0
proton	938.272	3.66697	99998.8	0	0
Mg26	24196.5	1.16755	99998.8	0	0
Mn56	52094	0.0975286	99998.8	0	0
N16	14906	0.291986	99998.8	0	0
N16	14906	0.284692	99998.8	0	0
N16	14906	0.282012	99998.8	0	0
proton	938.272	6.77432	99998.7	0	0
neutron	939.565	5.32387	99998.7	0	0
neutron	939.565	3.61638	99998.7	0	0
C13	12109.5	1.70939	99998.7	0	0
neutron	939.565	17.6149	99998.7	0	0
neutron	939.565	3.18076	99998.7	0	0
proton	938.272	2.58814	99998.7	0	0
neutron	939.565	0.637771	99998.7	0	0
Ne20	18617.7	1.43069	99998.7	0	0
Na24	22341.8	0.195349	99998.8	0	0
Na25	23272.4	0.174878	99998.7	0	0
Mn56	52094	0.0960745	99998.8	0	0
Na24	22341.8	0.216656	99998.9	0	0
neutron	939.565	7.83613	99998.7	0	0
proton	938.272	7.66563	99998.7	0	0
neutron	939.565	6.41893	99998.7	0	0
neutron	939.565	4.27423	99998.7	0	0
alpha	3727.38	3.83754	99998.7	0	0
O16	14895.1	1.91111	99998.7	0	0
neutron	939.565	0.208948	99998.8	0	0
Al27	25126.5	0.222318	99998.8	0	0
Al28	26058.3	0.19002	99998.8	0	0
neutron	939.565	5.50893	99998.7	0	0
proton	938.272	4.24786	99998.7	0	0
neutron	939.565	0.590867	99998.7	0	0
Ne21	19550.5	0.475075	99998.7	0	0
Al28	26058.3	0.184549	99998.8	0	0
neutron	939.565	13.1088	99998.8	0	0
neutron	939.565	9.30524	99998.8	0	0
neutron	939.565	6.58268	99998.8	0	0
neutron	939.565	0.30623	99998.8	0	0
Na21	19553.6	0.758433	99998.8	0	0
neutron	939.565	18.1001	99998.7	0	0
neutron	939.565	8.50662	99998.7	0	0
proton	938.272	4.54317	99998.7	0	0
C13	12109.5	1.08166	99998.7	0	0
neutron	939.565	8.60692	99998.8	0	0
neutron	939.565	1.37762	99998.8	0	0
Na23	21409.2	0.441411	99998.8	0	0
neutron	939.565	10.2484	99998.8	0	0
proton	938.272	8.5294	99998.8	0	0
neutron	939.565	2.54254	99998.8	0	0
neutron	939.565	1.88716	99998.8	0	0
C12	11174.9	1.07704	99998.8	0	0
Na24	22341.8	0.208861	99998.7	0	0
Na24	22341.8	0.188418	99998.7	0	0
Na24	22341.8	0.203909	99998.8	0	0
neutron	939.565	3.09924	99998.7	0	0
N15	13968.9	0.579221	99998.7	0	0
Na24	22341.8	0.208296	99998.8	0	0
Na24	22341.8	0.2123	99998.7	0	0
proton	938.272	17.7128	99998.8	0	0
neutron	939.565	17.2318	99998.8	0	0
neutron	939.565	1.54067	99998.8	0	0
neutron	939.565	1.0109	99998.8	0	0
Mg24	22335.8	1.5457	99998.8	0	0
neutron	939.565	1.15013	99998.7	0	0
neutron	939.565	0.965767	99998.7	0	0
Mn54	50232.4	0.0419979	99998.7	0	0
Al29	26988.5	0.17537	99998.7	0	0
neutron	939.565	0.950475	99998.7	0	0
Na25	23272.4	0.221985	99998.7	0	0
neutron	939.565	23.003	99998.8	0	0
proton	938.272	10.4009	99998.8	0	0
neutron	939.565	0.281502	99998.8	0	0
alpha	3727.38	8.15081	99998.8	0	0
O17	15830.5	1.76521	99998.8	0	0
Mn56	52094	0.0855095	99998.8	0	0
neutron	939.565	24.5558	99998.7	0	0
proton	938.272	3.27992	99998.7	0	0
Mg26	24196.5	1.09195	99998.7	0	0
Mn56	52094	0.0851054	99998.8	0	0
Na24	22341.8	0.219406	99998.8	0	0
Mn56	52094	0.0850923	99998.7	0	0
Na24	22341.8	0.211264	99998.8	0	0
Al28	26058.3	0.175362	99998.8	0	0
N16	14906	0.279623	99998.7	0	0
Al28	26058.3	0.150919	99998.8	0	0
neutron	939.565	16.2463	99998.9	0	0
proton	938.272	8.7021	99998.9	0	0
neutron	939.565	1.77665	99998.9	0	0
neutron	939.565	1.66247	99998.9	0	0
Ne20	18617.7	2.83188	99998.9	0	0
Al28	26058.3	0.179293	99998.7	0	0
neutron	939.565	12.5204	99998.9	0	0
proton	938.272	4.46979	99998.9	0	0
neutron	939.565	0.507025	99998.9	0	0
C13	12109.5	3.32202	99998.9	0	0
Al28	26058.3	0.176133	99998.7	0	0
Al28	26058.3	0.17899	99998.7	0	0
neutron	939.565	1.5025	99998.8	0	0
Na23	21409.2	0.378703	99998.8	0	0
neutron	939.565	21.9279	99998.7	0	0
neutron	939.565	2.83718	99998.7	0	0
neutron	939.565	0.699516	99998.7	0	0
deuteron	1875.61	3.02202	99998.7	0	0
Mg24	22335.8	2.3618	99998.7	0	0
neutron	939.565	11.0112	99998.7	0	0
proton	938.272	6.31847	99998.7	0	0
neutron	939.565	5.3145	99998.7	0	0
C13	12109.5	0.809205	99998.7	0	0
Mn56	52094	0.0851864	99998.8	0	0
neutron	939.565	0.321277	99998.8	0	0
N15	13968.9	0.389488	99998.8	0	0
neutron	939.565	0.303067	99998.8	0	0
N15	13968.9	0.283788	99998.8	0	0
proton	938.272	25.7396	99998.7	0	0
neutron	939.565	3.57829	99998.7	0	0
neutron	939.565	0.239841	99998.7	0	0
Ne21	19550.5	0.80023	99998.7	0	0
neutron	939.565	26.78	99998.8	0	0
neutron	939.565	19.7464	99998.8	0	0
proton	938.272	2.85253	99998.8	0	0
C13	12109.5	2.52053	99998.8	0	0
Al28	26058.3	0.188067	99998.8	0	0
neutron	939.565	0.947316	99998.8	0	0
Al27	25126.5	0.281563	99998.8	0	0
neutron	939.565	2.87552	99998.8	0	0
neutron	939.565	2.27755	99998.8	0	0
Mn54	50232.4	0.342949	99998.8	0	0
neutron	939.565	2.66195	99998.9	0	0
proton	938.272	2.42033	99998.9	0	0
neutron	939.565	0.130465	99998.9	0	0
Ne21	19550.5	0.0469014	99998.9	0	0
Na24	22341.8	0.213756	99998.8	0	0
neutron	939.565	3.71268	99998.9	0	0
Na23	21409.2	0.150357	99998.9	0	0
deuteron	1875.61	8.28572	99998.8	0	0
alpha	3727.38	6.34738	99998.8	0	0
Ne22	20479.7	3.62432	99998.8	0	0
Al28	26058.3	0.146609	99998.8	0	0
Na24	22341.8	0.213599	99998.7	0	0
Na24	22341.8	0.213967	99998.8	0	0
neutron	939.565	3.1515	99998.8	0	0
proton	938.272	2.55388	99998.8	0	0
Ne22	20479.7	0.20146	99998.8	0	0
proton	938.272	34.2146	99998.8	0	0
neutron	939.565	7.30025	99998.8	0	0
alpha	3727.38	4.60359	99998.8	0	0
Ne22	20479.7	2.70602	99998.8	0	0
Al28	26058.3	0.174413	99998.8	0	0
Al28	26058.3	0.185252	99998.8	0	0
neutron	939.565	0.160251	99998.7	0	0
Na23	21409.2	0.139412	99998.7	0	0
Na24	22341.8	0.194706	99998.8	0	0
neutron	939.565	0.26406	99998.8	0	0
Na25	23272.4	0.167335	99998.8	0	0
neutron	939.565	9.7285	99998.7	0	0
proton	938.272	5.87667	99998.7	0	0
neutron	939.565	5.32912	99998.7	0	0
neutron	939.565	1.1214	99998.7	0	0
alpha	3727.38	1.93025	99998.7	0	0
alpha	3727.38	8.90588	99998.7	0	0
alpha	3727.38	2.12398	99998.7	0	0
Al29	26988.5	0.153979	99998.7	0	0
Na24	22341.8	0.212277	99998.8	0	0
Al28	26058.3	0.181897	99998.8	0	0
neutron	939.565	3.49129	99998.8	0	0
Mn55	51161.7	0.12606	99998.8	0	0
proton	938.272	11.3464	99998.8	0	0
neutron	939.565	5.47745	99998.8	0	0
neutron	939.565	4.97976	99998.8	0	0
neutron	939.565	4.16337	99998.8	0	0
Mg24	22335.8	0.97925	99998.8	0	0
Mn56	52094	0.0982463	99998.7	0	0
neutron	939.565	7.57882	99998.7	0	0
Na23	21409.2	0.555796	99998.7	0	0
Na24	22341.8	0.196641	99998.9	0	0
neutron	939.565	1.05487	99998.7	0	0
Na23	21409.2	0.160466	99998.7	0	0
neutron	939.565	4.92523	99998.7	0	0
neutron	939.565	4.74659	99998.7	0	0
neutron	939.565	2.75075	99998.7	0	0
Mn53	49301.8	0.269007	99998.7	0	0
Na26	24206.4	0.18145	99998.8	0	0
N16	14906	0.292367	99998.8	0	0
neutron	939.565	3.03589	99998.7	0	0
Na23	21409.2	0.0532644	99998.7	0	0
N16	14906	0.285773	99998.8	0	0
Al28	26058.3	0.175614	99998.8	0	0
neutron	939.565	1.40544	99998.7	0	0
N15	13968.9	0.261417	99998.7	0	0
Na24	22341.8	0.181793	99998.8	0	0
Al28	26058.3	0.167879	99998.8	0	0
proton	938.272	5.04722	99998.8	0	0
neutron	939.565	3.81888	99998.8	0	0
neutron	939.565	1.02511	99998.8	0	0
deuteron	1875.61	9.87106	99998.8	0	0
F19	17692.3	1.37918	99998.8	0	0
Na24	22341.8	0.192952	99998.8	0	0
Al28	26058.3	0.166237	99998.8	0	0
proton	938.272	1.84924	99998.8	0	0
neutron	939.565	0.729852	99998.8	0	0
C14	13040.9	0.381817	99998.8	0	0
Na24	22341.8	0.215447	99998.7	0	0
Na24	22341.8	0.219377	99998.7	0	0
neutron	939.565	16.4682	99998.7	0	0
proton	938.272	2.4232	99998.7	0	0
neutron	939.565	1.76216	99998.7	0	0
Mg25	23268	0.581215	99998.7	0	0
neutron	939.565	37.0625	99998.8	0	0
proton	938.272	7.20761	99998.8	0	0
neutron	939.565	1.89662	99998.8	0	0
neutron	939.565	1.04854	99998.8	0	0
C12	11174.9	4.48219	99998.8	0	0
neutron	939.565	6.43778	99998.8	0	0
N15	13968.9	0.553524	99998.8	0	0
proton	938.272	17.9988	99998.7	0	0
neutron	939.565	6.80952	99998.7	0	0
neutron	939.565	3.75645	99998.7	0	0
Ne22	20479.7	0.368472	99998.7	0	0
Na24	22341.8	0.209172	99998.7	0	0
neutron	939.565	42.4191	99998.7	0	0
neutron	939.565	2.23386	99998.7	0	0
Mn54	50232.4	0.404037	99998.7	0	0
neutron	939.565	19.5153	99998.8	0	0
neutron	939.565	16.7418	99998.8	0	0
proton	938.272	4.95948	99998.8	0	0
Ne21	19550.5	3.1352	99998.8	0	0
proton	938.272	5.32561	99998.8	0	0
neutron	939.565	3.56189	99998.8	0	0
proton	938.272	2.85471	99998.8	0	0
neutron	939.565	2.76649	99998.8	0	0
neutron	939.565	2.28036	99998.8	0	0
Na23	21409.2	0.732707	99998.8	0	0
Al28	26058.3	0.164027	99998.8	0	0
proton	938.272	6.34918	99998.7	0	0
neutron	939.565	1.71182	99998.7	0	0
neutron	939.565	1.62247	99998.7	0	0
Ne21	19550.5	0.0844318	99998.7	0	0
proton	938.272	33.3086	99998.8	0	0
neutron	939.565	8.13546	99998.8	0	0
neutron	939.565	1.9979	99998.8	0	0
neutron	939.565	1.96415	99998.8	0	0
C12	11174.9	1.04138	99998.8	0	0
proton	938.272	14.4309	99998.7	0	0
neutron	939.565	3.60405	99998.7	0	0
neutron	939.565	1.72264	99998.7	0	0
Mg25	23268	0.395169	99998.7	0	0
neutron	939.565	20.0949	99998.8	0	0
proton	938.272	2.5043	99998.8	0	0
neutron	939.565	1.84146	99998.8	0	0
neutron	939.565	0.647916	99998.8	0	0
Ne20	18617.7	0.580127	99998.8	0	0
neutron	939.565	6.7509	99998.7	0	0
proton	938.272	2.70527	99998.7	0	0
Ne22	20479.7	0.653185	99998.7	0	0
proton	938.272	44.767	99998.8	0	0
neutron	939.565	20.4876	99998.8	0	0
Ne23	21414.1	1.23701	99998.8	0	0
neutron	939.565	3.41374	99998.8	0	0
deuteron	1875.61	7.39168	99998.8	0	0
C13	12109.5	0.819044	99998.8	0	0
Na24	22341.8	0.20189	99998.8	0	0
Al28	26058.3	0.18954	99998.8	0	0
neutron	939.565	4.17605	99998.8	0	0
deuteron	1875.61	10.1591	99998.8	0	0
Mg25	23268	0.915696	99998.8	0	0
Al28	26058.3	0.189811	99998.7	0	0
proton	938.272	12.1958	99998.8	0	0
proton	938.272	4.06773	99998.8	0	0
neutron	939.565	3.24574	99998.8	0	0
neutron	939.565	1.47718	99998.8	0	0
neutron	939.565	0.757785	99998.8	0	0
Na23	21409.2	0.281267	99998.8	0	0
Na24	22341.8	0.216329	99998.8	0	0
Na24	22341.8	0.20741	99998.8	0	0
N16	14906	0.294882	99999	0	0
neutron	939.565	4.80712	99998.7	0	0
proton	938.272	2.3188	99998.7	0	0
Mg26	24196.5	0.91314	99998.7	0	0
Na24	22341.8	0.208801	99998.8	0	0
Na24	22341.8	0.213264	99998.8	0	0
Al28	26058.3	0.1735	99998.8	0	0
Al28	26058.3	0.152199	99998.8	0	0
neutron	939.565	8.05421	99998.8	0	0
proton	938.272	4.0932	99998.8	0	0
neutron	939.565	3.46607	99998.8	0	0
Ne23	21414.1	0.654507	99998.8	0	0
Al28	26058.3	0.171567	99998.8	0	0
proton	938.272	9.9338	99998.8	0	0
neutron	939.565	4.85013	99998.8	0	0
neutron	939.565	3.23735	99998.8	0	0
neutron	939.565	1.54496	99998.8	0	0
C12	11174.9	1.14176	99998.8	0	0
neutron	939.565	17.8477	99998.8	0	0
neutron	939.565	6.82021	99998.8	0	0
proton	938.272	2.35404	99998.8	0	0
Mg25	23268	0.474719	99998.8	0	0
neutron	939.565	0.765472	99998.7	0	0
Al27	25126.5	0.159496	99998.7	0	0
Na25	23272.4	0.178559	99998.8	0	0
deuteron	1875.61	8.32647	99998.8	0	0
alpha	3727.38	8.90704	99998.8	0	0
O18	16762	1.01447	99998.8	0	0
neutron	939.565	24.1845	99998.7	0	0
neutron	939.565	13.0992	99998.7	0	0
neutron	939.565	0.79303	99998.7	0	0
Na23	21409.2	0.938014	99998.7	0	0
Na24	22341.8	0.207302	99998.7	0	0
Al28	26058.3	0.184884	99998.8	0	0
proton	938.272	5.59959	99998.7	0	0
neutron	939.565	4.36119	99998.7	0	0
neutron	939.565	4.11528	99998.7	0	0
neutron	939.565	3.83949	99998.7	0	0
alpha	3727.38	3.89285	99998.7	0	0
alpha	3727.38	1.47974	99998.7	0	0
alpha	3727.38	7.18342	99998.7	0	0
Na24	22341.8	0.218036	99998.7	0	0
neutron	939.565	4.55431	99998.9	0	0
proton	938.272	1.03847	99998.9	0	0
neutron	939.565	0.491167	99998.9	0	0
C13	12109.5	0.484685	99998.9	0	0
neutron	939.565	2.88478	99998.8	0	0
neutron	939.565	2.61196	99998.8	0	0
proton	938.272	1.62067	99998.8	0	0
C13	12109.5	0.155677	99998.8	0	0
N16	14906	0.292636	99998.7	0	0
neutron	939.565	9.35381	99998.8	0	0
neutron	939.565	5.06183	99998.8	0	0
deuteron	1875.61	3.10401	99998.8	0	0
Mg24	22335.8	1.43456	99998.8	0	0
neutron	939.565	8.96159	99998.8	0	0
alpha	3727.38	4.23696	99998.8	0	0
B11	10252.5	2.80414	99998.8	0	0
Na24	22341.8	0.190127	99998.8	0	0
neutron	939.565	4.13744	99998.8	0	0
Al27	25126.5	0.322728	99998.8	0	0
Na24	22341.8	0.20255	99998.8	0	0
Al28	26058.3	0.186244	99998.7	0	0
proton	938.272	20.2467	99998.8	0	0
proton	938.272	3.24402	99998.8	0	0
neutron	939.565	1.35768	99998.8	0	0
neutron	939.565	1.17287	99998.8	0	0
Na24	22341.8	0.917053	99998.8	0	0
proton	938.272	18.1428	99998.7	0	0
proton	938.272	4.28954	99998.7	0	0
neutron	939.565	2.06426	99998.7	0	0
neutron	939.565	1.10662	99998.7	0	0
Na24	22341.8	1.51581	99998.7	0	0
Na24	22341.8	0.197742	99998.8	0	0
neutron	939.565	10.5525	99998.7	0	0
proton	938.272	5.60785	99998.7	0	0
neutron	939.565	0.335062	99998.7	0	0
C13	12109.5	0.339633	99998.7	0	0
proton	938.272	21.1694	99998.8	0	0
neutron	939.565	8.33637	99998.8	0	0
C14	13040.9	3.16484	99998.8	0	0
neutron	939.565	17.6166	99998.8	0	0
proton	938.272	4.31485	99998.8	0	0
neutron	939.565	2.5405	99998.8	0	0
neutron	939.565	0.386229	99998.8	0	0
Ne20	18617.7	1.38371	99998.8	0	0
neutron	939.565	2.66647	99998.8	0	0
Al27	25126.5	0.244927	99998.8	0	0
Na24	22341.8	0.213092	99998.8	0	0
neutron	939.565	0.603027	99998.8	0	0
Na23	21409.2	0.192049	99998.8	0	0
neutron	939.565	10.8732	99998.8	0	0
neutron	939.565	5.60365	99998.8	0	0
proton	938.272	4.09243	99998.8	0	0
neutron	939.565	2.88529	99998.8	0	0
proton	938.272	2.15101	99998.8	0	0
Na23	21409.2	0.304295	99998.8	0	0
Na24	22341.8	0.195406	99998.8	0	0
neutron	939.565	0.159863	99998.8	0	0
Al27	25126.5	0.231838	99998.8	0	0
proton	938.272	23.117	99998.8	0	0
neutron	939.565	5.46967	99998.8	0	0
Mg26	24196.5	0.724703	99998.8	0	0
Al28	26058.3	0.192441	99998.7	0	0
neutron	939.565	0.942955	99998.7	0	0
Al27	25126.5	0.29238	99998.7	0	0
neutron	939.565	0.541558	99998.8	0	0
Al27	25126.5	0.258059	99998.8	0	0
Na24	22341.8	0.212048	99998.8	0	0
neutron	939.565	22.2061	99998.9	0	0
neutron	939.565	4.50905	99998.9	0	0
proton	938.272	3.20156	99998.9	0	0
neutron	939.565	2.55547	99998.9	0	0
Ne20	18617.7	1.975	99998.9	0	0
neutron	939.565	0.13527	99998.8	0	0
Na24	22341.8	0.188976	99998.8	0	0
Al28	26058.3	0.175219	99998.8	0	0
Na24	22341.8	0.218226	99998.8	0	0
neutron	939.565	28.262	99998.7	0	0
neutron	939.565	11.0367	99998.7	0	0
proton	938.272	5.26525	99998.7	0	0
neutron	939.565	3.90147	99998.7	0	0
Ne22	20479.7	0.411174	99998.7	0	0
Al28	26058.3	0.179405	99998.7	0	0
neutron	939.565	0.16652	99998.8	0	0
Al29	26988.5	0.13818	99998.8	0	0
neutron	939.565	3.39886	99998.8	0	0
proton	938.272	2.89325	99998.8	0	0
C14	13040.9	0.503108	99998.8	0	0
neutron	939.565	0.420929	99998.7	0	0
Al27	25126.5	0.129881	99998.7	0	0
neutron	939.565	4.51348	99998.7	0	0
proton	938.272	2.60875	99998.7	0	0
neutron	939.565	1.22125	99998.7	0	0
Mg26	24196.5	0.091361	99998.7	0	0
neutron	939.565	26.1246	99998.9	0	0
neutron	939.565	1.04365	99998.9	0	0
deuteron	1875.61	4.98449	99998.9	0	0
alpha	3727.38	6.3867	99998.9	0	0
O16	14895.1	1.78203	99998.9	0	0
neutron	939.565	24.6497	99998.8	0	0
proton	938.272	18.3188	99998.8	0	0
neutron	939.565	2.81936	99998.8	0	0
neutron	939.565	2.02042	99998.8	0	0
Mg24	22335.8	0.28046	99998.8	0	0
neutron	939.565	19.4733	99998.7	0	0
proton	938.272	9.8527	99998.7	0	0
neutron	939.565	4.23243	99998.7	0	0
neutron	939.565	0.541499	99998.7	0	0
alpha	3727.38	2.46866	99998.7	0	0
Be8	7454.85	3.02815	99998.7	0	0
proton	938.272	7.69746	99998.8	0	0
neutron	939.565	1.55818	99998.8	0	0
neutron	939.565	1.2879	99998.8	0	0
neutron	939.565	0.736623	99998.8	0	0
neutron	939.565	0.325358	99998.8	0	0
Cr51	47442.5	0.192977	99998.8	0	0
Na24	22341.8	0.197319	99998.7	0	0
Al28	26058.3	0.184901	99998.8	0	0
neutron	939.565	4.30025	99998.7	0	0
proton	938.272	2.15285	99998.7	0	0
Ne22	20479.7	0.775479	99998.7	0	0
Na24	22341.8	0.215637	99998.7	0	0
Al28	26058.3	0.186858	99998.8	0	0
Na25	23272.4	0.185718	99998.8	0	0
neutron	939.565	0.451898	99998.7	0	0
Al28	26058.3	0.0631743	99998.7	0	0
Na24	22341.8	0.206677	99998.7	0	0
neutron	939.565	1.65511	99998.8	0	0
Na23	21409.2	0.170046	99998.8	0	0
neutron	939.565	3.99385	99998.8	0	0
proton	938.272	3.20269	99998.8	0	0
C14	13040.9	1.59634	99998.8	0	0
proton	938.272	19.5989	99998.8	0	0
neutron	939.565	8.07426	99998.8	0	0
neutron	939.565	6.83064	99998.8	0	0
neutron	939.565	3.64594	99998.8	0	0
alpha	3727.38	3.81249	99998.8	0	0
Be8	7454.85	0.804224	99998.8	0	0
Al28	26058.3	0.168493	99998.8	0	0
Na24	22341.8	0.187222	99998.7	0	0
neutron	939.565	12.1645	99998.8	0	0
proton	938.272	2.51268	99998.8	0	0
neutron	939.565	2.17092	99998.8	0	0
C13	12109.5	0.323215	99998.8	0	0
neutron	939.565	25.9022	99998.8	0	0
neutron	939.565	6.36039	99998.8	0	0
proton	938.272	4.02373	99998.8	0	0
Ne21	19550.5	1.90413	99998.8	0	0
Na24	22341.8	0.214662	99998.8	0	0
Al28	26058.3	0.184033	99998.7	0	0
neutron	939.565	10.5141	99998.8	0	0
proton	938.272	4.35834	99998.8	0	0
Ne22	20479.7	0.326652	99998.8	0	0
Al28	26058.3	0.188506	99998.9	0	0
neutron	939.565	38.5931	99998.8	0	0
triton	2808.92	4.72187	99998.8	0	0
alpha	3727.38	9.5219	99998.8	0	0
alpha	3727.38	7.57317	99998.8	0	0
alpha	3727.38	1.27091	99998.8	0	0
Al28	26058.3	0.187985	99998.7	0	0
neutron	939.565	10.8459	99998.7	0	0
proton	938.272	5.35926	99998.7	0	0
neutron	939.565	2.61743	99998.7	0	0
neutron	939.565	1.20625	99998.7	0	0
neutron	939.565	1.03462	99998.7	0	0
Ne21	19550.5	1.66406	99998.7	0	0
Al28	26058.3	0.190745	99998.8	0	0
neutron	939.565	8.39819	99998.7	0	0
proton	938.272	6.26239	99998.7	0	0
neutron	939.565	3.40567	99998.7	0	0
Ne21	19550.5	0.369987	99998.7	0	0
Na24	22341.8	0.207945	99998.8	0	0
neutron	939.565	18.7709	99998.8	0	0
proton	938.272	4.76929	99998.8	0	0
neutron	939.565	4.46373	99998.8	0	0
alpha	3727.38	5.44905	99998.8	0	0
O17	15830.5	2.82888	99998.8	0	0
neutron	939.565	14.6934	99998.8	0	0
neutron	939.565	3.16785	99998.8	0	0
deuteron	1875.61	8.54233	99998.8	0	0
Ne20	18617.7	0.173322	99998.8	0	0
neutron	939.565	2.04613	99998.7	0	0
Al27	25126.5	0.15738	99998.7	0	0
neutron	939.565	31.4845	99998.8	0	0
neutron	939.565	14.1853	99998.8	0	0
proton	938.272	2.36982	99998.8	0	0
neutron	939.565	0.408331	99998.8	0	0
C12	11174.9	5.43432	99998.8	0	0
neutron	939.565	19.4019	99998.8	0	0
proton	938.272	3.19198	99998.8	0	0
neutron	939.565	1.05683	99998.8	0	0
neutron	939.565	0.341642	99998.8	0	0
Ne20	18617.7	0.548267	99998.8	0	0
Na24	22341.8	0.209574	99998.7	0	0
proton	938.272	4.13157	99998.8	0	0
neutron	939.565	1.17721	99998.8	0	0
neutron	939.565	0.842592	99998.8	0	0
Mg25	23268	0.363488	99998.8	0	0
N16	14906	0.294913	99998.8	0	0
neutron	939.565	5.84992	99998.8	0	0
neutron	939.565	0.459088	99998.8	0	0
Na22	20482.1	0.381913	99998.8	0	0
Na25	23272.4	0.187259	99998.8	0	0
neutron	939.565	4.87764	99998.8	0	0
neutron	939.565	0.503462	99998.8	0	0
Al26	24200	0.432265	99998.8	0	0
neutron	939.565	19.6281	99998.8	0	0
proton	938.272	5.02051	99998.8	0	0
neutron	939.565	2.22872	99998.8	0	0
neutron	939.565	0.421699	99998.8	0	0
Ne20	18617.7	2.38821	99998.8	0	0
Al28	26058.3	0.18622	99998.8	0	0
Na25	23272.4	0.211121	99998.8	0	0
Al28	26058.3	0.16085	99998.7	0	0
Na24	22341.8	0.187294	99998.7	0	0
Na24	22341.8	0.19008	99998.7	0	0
neutron	939.565	8.27341	99998.8	0	0
neutron	939.565	4.18704	99998.8	0	0
neutron	939.565	2.13254	99998.8	0	0
proton	938.272	1.78261	99998.8	0	0
C12	11174.9	1.42531	99998.8	0	0
Al28	26058.3	0.178853	99998.7	0	0
Al28	26058.3	0.187816	99998.8	0	0
neutron	939.565	21.3281	99998.9	0	0
proton	938.272	3.69442	99998.9	0	0
neutron	939.565	0.764147	99998.9	0	0
C13	12109.5	2.35445	99998.9	0	0
neutron	939.565	0.745688	99998.8	0	0
Na23	21409.2	0.269098	99998.8	0	0
neutron	939.565	0.705673	99998.7	0	0
Na23	21409.2	0.111718	99998.7	0	0
neutron	939.565	9.24039	99998.8	0	0
proton	938.272	7.91866	99998.8	0	0
neutron	939.565	3.75108	99998.8	0	0
neutron	939.565	1.5029	99998.8	0	0
C12	11174.9	1.97948	99998.8	0	0
neutron	939.565	4.20626	99998.8	0	0
proton	938.272	1.75804	99998.8	0	0
C14	13040.9	0.386573	99998.8	0	0
neutron	939.565	11.5715	99998.8	0	0
neutron	939.565	6.31903	99998.8	0	0
alpha	3727.38	5.50422	99998.8	0	0
F19	17692.3	1.83995	99998.8	0	0
neutron	939.565	8.80132	99998.7	0	0
proton	938.272	4.88284	99998.7	0	0
neutron	939.565	1.10669	99998.7	0	0
Mg25	23268	0.0816772	99998.7	0	0
neutron	939.565	2.89001	99998.7	0	0
N15	13968.9	0.684443	99998.7	0	0
neutron	939.565	11.8046	99998.8	0	0
neutron	939.565	5.96354	99998.8	0	0
neutron	939.565	0.598563	99998.8	0	0
N13	12111.2	1.25206	99998.8	0	0
proton	938.272	22.8754	99998.8	0	0
neutron	939.565	6.281	99998.8	0	0
neutron	939.565	2.68241	99998.8	0	0
neutron	939.565	1.93802	99998.8	0	0
alpha	3727.38	6.3109	99998.8	0	0
O16	14895.1	1.71742	99998.8	0	0
proton	938.272	2.65919	99998.8	0	0
neutron	939.565	1.99148	99998.8	0	0
Ne22	20479.7	0.400467	99998.8	0	0
Mn56	52094	0.0959331	99998.8	0	0
Na24	22341.8	0.216376	99998.8	0	0
neutron	939.565	1.99347	99998.7	0	0
N15	13968.9	0.408776	99998.7	0	0
neutron	939.565	10.4691	99998.7	0	0
proton	938.272	6.3639	99998.7	0	0
neutron	939.565	2.87495	99998.7	0	0
neutron	939.565	1.54121	99998.7	0	0
Cr52	48370	0.238313	99998.7	0	0
neutron	939.565	0.999997	99998.8	0	0
Na24	22341.8	0.268635	99998.8	0	0
neutron	939.565	6.07299	99998.8	0	0
neutron	939.565	4.81296	99998.8	0	0
proton	938.272	3.35806	99998.8	0	0
neutron	939.565	1.43586	99998.8	0	0
alpha	3727.38	3.38999	99998.8	0	0
O16	14895.1	2.17577	99998.8	0	0
neutron	939.565	0.342356	99998.7	0	0
Al27	25126.5	0.258406	99998.7	0	0
neutron	939.565	25.2446	99998.8	0	0
neutron	939.565	9.61326	99998.8	0	0
proton	938.272	4.71245	99998.8	0	0
neutron	939.565	2.01905	99998.8	0	0
Ne20	18617.7	0.849773	99998.8	0	0
Na24	22341.8	0.215672	99998.8	0	0
proton	938.272	5.35384	99998.8	0	0
neutron	939.565	2.6886	99998.8	0	0
neutron	939.565	2.48934	99998.8	0	0
neutron	939.565	2.29029	99998.8	0	0
Cr52	48370	0.219432	99998.8	0	0
neutron	939.565	14.0839	99998.7	0	0
neutron	939.565	3.54906	99998.7	0	0
proton	938.272	1.31306	99998.7	0	0
Ne21	19550.5	0.785181	99998.7	0	0
neutron	939.565	34.0747	99998.8	0	0
neutron	939.565	0.961371	99998.8	0	0
Na23	21409.2	1.6539	99998.8	0	0
neutron	939.565	12.1223	99998.8	0	0
neutron	939.565	4.23175	99998.8	0	0
proton	938.272	3.74942	99998.8	0	0
neutron	939.565	1.54587	99998.8	0	0
Ne21	19550.5	0.444714	99998.8	0	0
neutron	939.565	3.3309	99998.8	0	0
Al27	25126.5	0.278382	99998.8	0	0
Al28	26058.3	0.18617	99998.7	0	0
neutron	939.565	1.15725	99998.8	0	0
Na23	21409.2	0.162233	99998.8	0	0
Na24	22341.8	0.208168	99998.8	0	0
Al28	26058.3	0.182244	99998.8	0	0
neutron	939.565	10.3122	99998.8	0	0
neutron	939.565	10.273	99998.8	0	0
deuteron	1875.61	15.389	99998.8	0	0
C12	11174.9	0.788412	99998.8	0	0
proton	938.272	4.41201	99998.8	0	0
neutron	939.565	2.16579	99998.8	0	0
neutron	939.565	1.18717	99998.8	0	0
neutron	939.565	0.361705	99998.8	0	0
Ne20	18617.7	0.854028	99998.8	0	0
neutron	939.565	25.0228	99998.8	0	0
proton	938.272	3.882	99998.8	0	0
neutron	939.565	1.23199	99998.8	0	0
Mg25	23268	1.46876	99998.8	0	0
neutron	939.565	7.47734	99998.9	0	0
neutron	939.565	4.52704	99998.9	0	0
proton	938.272	2.8807	99998.9	0	0
Mg25	23268	0.296306	99998.9	0	0
proton	938.272	3.99919	99998.8	0	0
neutron	939.565	1.70065	99998.8	0	0
Ne22	20479.7	0.115887	99998.8	0	0
Al28	26058.3	0.178423	99998.8	0	0
neutron	939.565	12.1579	99998.7	0	0
proton	938.272	5.89755	99998.7	0	0
neutron	939.565	5.74339	99998.7	0	0
neutron	939.565	0.112759	99998.7	0	0
Mg24	22335.8	0.193974	99998.7	0	0
triton	2808.92	2.37582	99998.9	0	0
C13	12109.5	1.01954	99998.9	0	0
neutron	939.565	5.67349	99998.7	0	0
N15	13968.9	0.405007	99998.7	0	0
proton	938.272	5.66575	99998.7	0	0
neutron	939.565	1.58121	99998.7	0	0
neutron	939.565	0.0695768	99998.7	0	0
C13	12109.5	0.299191	99998.7	0	0
neutron	939.565	1.53699	99998.7	0	0
Mn55	51161.7	0.0266461	99998.7	0	0
neutron	939.565	33.2771	99998.7	0	0
neutron	939.565	2.30799	99998.7	0	0
proton	938.272	2.19793	99998.7	0	0
Ne21	19550.5	2.06533	99998.7	0	0
neutron	939.565	2.00897	99998.8	0	0
Na23	21409.2	0.242202	99998.8	0	0
proton	938.272	13.1666	99998.8	0	0
neutron	939.565	5.00341	99998.8	0	0
proton	938.272	2.07684	99998.8	0	0
F21	19556.7	0.961499	99998.8	0	0
neutron	939.565	12.4033	99998.8	0	0
Na25	23272.4	0.435094	99998.8	0	0
neutron	939.565	22.5412	99998.8	0	0
proton	938.272	4.1231	99998.8	0	0
neutron	939.565	3.07461	99998.8	0	0
Mg26	24196.5	2.2618	99998.8	0	0
neutron	939.565	17.2735	99998.8	0	0
proton	938.272	4.65054	99998.8	0	0
neutron	939.565	1.64784	99998.8	0	0
neutron	939.565	0.126801	99998.8	0	0
alpha	3727.38	12.4662	99998.8	0	0
O16	14895.1	0.962488	99998.8	0	0
neutron	939.565	28.5847	99998.8	0	0
proton	938.272	7.63182	99998.8	0	0
neutron	939.565	6.13339	99998.8	0	0
Ne21	19550.5	3.61401	99998.8	0	0
neutron	939.565	28.7576	99998.7	0	0
neutron	939.565	1.18031	99998.7	0	0
alpha	3727.38	4.18136	99998.7	0	0
F20	18625.3	3.57454	99998.7	0	0
neutron	939.565	27.1193	99998.7	0	0
proton	938.272	4.44491	99998.7	0	0
neutron	939.565	1.6409	99998.7	0	0
neutron	939.565	1.38598	99998.7	0	0
neutron	939.565	1.09001	99998.7	0	0
Ne21	19550.5	1.61038	99998.7	0	0
proton	938.272	7.47272	99998.7	0	0
neutron	939.565	5.62414	99998.7	0	0
proton	938.272	4.16671	99998.7	0	0
neutron	939.565	1.04518	99998.7	0	0
neutron	939.565	0.380701	99998.7	0	0
V51	47442.3	0.145565	99998.7	0	0
Al28	26058.3	0.191544	99998.8	0	0
neutron	939.565	8.37677	99998.8	0	0
neutron	939.565	5.39992	99998.8	0	0
proton	938.272	4.66202	99998.8	0	0
neutron	939.565	0.401669	99998.8	0	0
Mg24	22335.8	0.754672	99998.8	0	0
neutron	939.565	3.28062	99998.8	0	0
Al27	25126.5	0.315905	99998.8	0	0
neutron	939.565	5.07347	99998.7	0	0
neutron	939.565	1.23077	99998.7	0	0
N14	13040.2	0.037791	99998.7	0	0
proton	938.272	3.47141	99998.8	0	0
neutron	939.565	2.42364	99998.8	0	0
Mg26	24196.5	0.223504	99998.8	0	0
Na24	22341.8	0.212455	99998.7	0	0
neutron	939.565	6.25688	99998.8	0	0
proton	938.272	1.68629	99998.8	0	0
Mg26	24196.5	0.676211	99998.8	0	0
neutron	939.565	9.02414	99998.9	0	0
proton	938.272	3.3707	99998.9	0	0
Ne22	20479.7	0.456587	99998.9	0	0
proton	938.272	5.00943	99998.8	0	0
neutron	939.565	4.85111	99998.8	0	0
neutron	939.565	4.71944	99998.8	0	0
C13	12109.5	1.02551	99998.8	0	0
N16	14906	0.292508	99998.9	0	0
neutron	939.565	0.497328	99998.8	0	0
N15	13968.9	0.255649	99998.8	0	0
neutron	939.565	2.2904	99998.8	0	0
neutron	939.565	0.135614	99998.8	0	0
Al28	26058.3	0.0972906	99998.8	0	0
Na24	22341.8	0.212786	99998.8	0	0
neutron	939.565	13.5735	99998.8	0	0
proton	938.272	9.87107	99998.8	0	0
neutron	939.565	6.56336	99998.8	0	0
Mg25	23268	0.852361	99998.8	0	0
neutron	939.565	0.149337	99998.9	0	0
Mn56	52094	0.112053	99998.9	0	0
neutron	939.565	10.2164	99998.8	0	0
proton	938.272	7.59236	99998.8	0	0
Mg26	24196.5	1.35859	99998.8	0	0
neutron	939.565	0.8452	99998.6	0	0
Na23	21409.2	0.203513	99998.6	0	0
proton	938.272	2.03536	99998.7	0	0
neutron	939.565	1.77931	99998.7	0	0
Mg26	24196.5	0.137556	99998.7	0	0
Al28	26058.3	0.185486	99998.7	0	0
neutron	939.565	3.61943	99998.8	0	0
neutron	939.565	1.58079	99998.8	0	0
Na23	21409.2	0.147853	99998.8	0	0
Na26	24206.4	0.183837	99998.7	0	0
neutron	939.565	1.25087	99998.8	0	0
alpha	3727.38	14.2335	99998.8	0	0
F19	17692.3	2.70697	99998.8	0	0
Al28	26058.3	0.178465	99998.7	0	0
neutron	939.565	12.7409	99998.8	0	0
proton	938.272	7.68199	99998.8	0	0
Cr54	50231.5	0.355216	99998.8	0	0
neutron	939.565	0.147229	99998.8	0	0
Na23	21409.2	0.141324	99998.8	0	0
neutron	939.565	7.55813	99998.8	0	0
proton	938.272	5.97528	99998.8	0	0
neutron	939.565	1.86885	99998.8	0	0
neutron	939.565	1.83109	99998.8	0	0
Mg24	22335.8	0.0568716	99998.8	0	0
neutron	939.565	7.15362	99998.7	0	0
deuteron	1875.61	1.50657	99998.7	0	0
C13	12109.5	0.564379	99998.7	0	0
neutron	939.565	10.7668	99998.7	0	0
proton	938.272	6.34011	99998.7	0	0
neutron	939.565	4.77882	99998.7	0	0
neutron	939.565	1.73315	99998.7	0	0
alpha	3727.38	3.50753	99998.7	0	0
O16	14895.1	2.25816	99998.7	0	0
Mn54	50232.4	0.0969973	99998.7	0	0
neutron	939.565	11.2783	99998.8	0	0
neutron	939.565	7.88576	99998.8	0	0
neutron	939.565	5.94683	99998.8	0	0
Na23	21409.2	0.79361	99998.8	0	0
Al29	26988.5	0.179813	99998.8	0	0
Al28	26058.3	0.168406	99998.8	0	0
neutron	939.565	18.9559	99998.8	0	0
proton	938.272	4.40585	99998.8	0	0
neutron	939.565	0.684533	99998.8	0	0
Ne21	19550.5	0.488898	99998.8	0	0
neutron	939.565	21.4817	99998.7	0	0
neutron	939.565	16.8435	99998.7	0	0
proton	938.272	3.78296	99998.7	0	0
neutron	939.565	0.860232	99998.7	0	0
C12	11174.9	1.79033	99998.7	0	0
neutron	939.565	0.361895	99998.7	0	0
N15	13968.9	0.16764	99998.7	0	0
neutron	939.565	3.05727	99998.9	0	0
alpha	3727.38	5.77419	99998.9	0	0
F19	17692.3	2.14017	99998.9	0	0
neutron	939.565	20.2448	99998.8	0	0
neutron	939.565	3.538	99998.8	0	0
deuteron	1875.61	4.61052	99998.8	0	0
C12	11174.9	2.85969	99998.8	0	0
Na24	22341.8	0.178667	99998.8	0	0
Na25	23272.4	0.207207	99998.8	0	0
neutron	939.565	23.4978	99998.8	0	0
neutron	939.565	1.83613	99998.8	0	0
Mn54	50232.4	0.659525	99998.8	0	0
Al28	26058.3	0.186853	99998.8	0	0
neutron	939.565	5.47257	99998.8	0	0
proton	938.272	2.76663	99998.8	0	0
neutron	939.565	0.403342	99998.8	0	0
Ne21	19550.5	0.451346	99998.8	0	0
Na24	22341.8	0.213045	99998.8	0	0
neutron	939.565	13.3826	99998.8	0	0
proton	938.272	3.84005	99998.8	0	0
neutron	939.565	1.89916	99998.8	0	0
Ne21	19550.5	0.432794	99998.8	0	0
Al28	26058.3	0.15468	99998.8	0	0
neutron	939.565	25.6786	99998.8	0	0
neutron	939.565	19.807	99998.8	0	0
proton	938.272	2.83593	99998.8	0	0
neutron	939.565	0.683998	99998.8	0	0
Mg24	22335.8	0.0458974	99998.8	0	0
neutron	939.565	15.9039	99998.7	0	0
neutron	939.565	4.54202	99998.7	0	0
neutron	939.565	3.57348	99998.7	0	0
proton	938.272	3.39373	99998.7	0	0
Mg24	22335.8	1.58454	99998.7	0	0
neutron	939.565	2.4888	99998.7	0	0
triton	2808.92	2.67168	99998.7	0	0
alpha	3727.38	3.4806	99998.7	0	0
O16	14895.1	2.7999	99998.7	0	0
neutron	939.565	21.862	99998.9	0	0
proton	938.272	20.2983	99998.9	0	0
neutron	939.565	0.587028	99998.9	0	0
C13	12109.5	1.90319	99998.9	0	0
neutron	939.565	22.7758	99998.8	0	0
neutron	939.565	7.34137	99998.8	0	0
N14	13040.2	1.56454	99998.8	0	0
Al28	26058.3	0.181542	99998.8	0	0
neutron	939.565	0.309355	99998.8	0	0
Na25	23272.4	0.170325	99998.8	0	0
neutron	939.565	28.9378	99998.7	0	0
neutron	939.565	0.937665	99998.7	0	0
Mn54	50232.4	0.610533	99998.7	0	0
proton	938.272	8.45114	99998.8	0	0
neutron	939.565	1.50089	99998.8	0	0
neutron	939.565	0.689488	99998.8	0	0
deuteron	1875.61	8.33724	99998.8	0	0
B11	10252.5	0.238691	99998.8	0	0
Na24	22341.8	0.179507	99998.7	0	0
neutron	939.565	0.364731	99998.8	0	0
Na23	21409.2	0.21266	99998.8	0	0
neutron	939.565	12.7243	99998.8	0	0
neutron	939.565	2.34556	99998.8	0	0
Na24	22341.8	0.366355	99998.8	0	0
Na25	23272.4	0.193882	99998.8	0	0
N16	14906	0.271689	99998.8	0	0
neutron	939.565	2.52957	99998.8	0	0
deuteron	1875.61	15.0191	99998.8	0	0
C13	12109.5	3.23574	99998.8	0	0
neutron	939.565	0.137264	99998.7	0	0
Na23	21409.2	0.16525	99998.7	0	0
Al28	26058.3	0.161896	99998.8	0	0
neutron	939.565	2.17234	99998.8	0	0
neutron	939.565	1.02672	99998.8	0	0
Mn54	50232.4	0.219819	99998.8	0	0
neutron	939.565	4.28523	99998.8	0	0
neutron	939.565	2.22096	99998.8	0	0
neutron	939.565	0.402739	99998.8	0	0
Mn54	50232.4	0.0867188	99998.8	0	0
proton	938.272	6.91417	99998.8	0	0
neutron	939.565	2.25311	99998.8	0	0
neutron	939.565	0.537893	99998.8	0	0
Ne21	19550.5	0.363176	99998.8	0	0
neutron	939.565	1.31014	99998.7	0	0
N15	13968.9	0.361777	99998.7	0	0
N16	14906	0.285234	99998.8	0	0
N16	14906	0.289322	99998.7	0	0
neutron	939.565	17.587	99998.8	0	0
neutron	939.565	10.8481	99998.8	0	0
proton	938.272	5.16309	99998.8	0	0
neutron	939.565	2.57165	99998.8	0	0
C12	11174.9	1.06705	99998.8	0	0
neutron	939.565	0.708857	99998.8	0	0
Na23	21409.2	0.0730151	99998.8	0	0
neutron	939.565	26.124	99998.8	0	0
proton	938.272	19.7677	99998.8	0	0
neutron	939.565	5.49466	99998.8	0	0
Mg25	23268	0.767876	99998.8	0	0
Mn56	52094	0.0876127	99998.7	0	0
neutron	939.565	19.9246	99998.8	0	0
proton	938.272	8.03256	99998.8	0	0
neutron	939.565	7.17685	99998.8	0	0
neutron	939.565	5.47669	99998.8	0	0
proton	938.272	1.36987	99998.8	0	0
B11	10252.5	0.499444	99998.8	0	0
Al28	26058.3	0.161882	99998.8	0	0
neutron	939.565	6.6927	99998.8	0	0
proton	938.272	5.04928	99998.8	0	0
neutron	939.565	0.531904	99998.8	0	0
Ne21	19550.5	1.05472	99998.8	0	0
neutron	939.565	0.803144	99998.7	0	0
Mn55	51161.7	0.0402626	99998.7	0	0
Na25	23272.4	0.203677	99998.7	0	0
proton	938.272	11.897	99998.7	0	0
neutron	939.565	9.42309	99998.7	0	0
neutron	939.565	1.73856	99998.7	0	0
Mg25	23268	1.06987	99998.7	0	0
proton	938.272	21.5833	99998.7	0	0
neutron	939.565	8.48237	99998.7	0	0
neutron	939.565	3.59174	99998.7	0	0
neutron	939.565	0.569526	99998.7	0	0
Ne20	18617.7	2.8439	99998.7	0	0
N16	14906	0.284811	99998.9	0	0
neutron	939.565	4.81426	99998.7	0	0
Mn55	51161.7	0.0971359	99998.7	0	0
neutron	939.565	2.49839	99998.8	0	0
neutron	939.565	2.13701	99998.8	0	0
deuteron	1875.61	15.2333	99998.8	0	0
C12	11174.9	1.3239	99998.8	0	0
neutron	939.565	17.6888	99998.8	0	0
neutron	939.565	8.13079	99998.8	0	0
proton	938.272	3.5598	99998.8	0	0
Ne21	19550.5	0.0943627	99998.8	0	0
neutron	939.565	9.46501	99998.8	0	0
neutron	939.565	5.90523	99998.8	0	0
He3	2808.39	6.30255	99998.8	0	0
alpha	3727.38	6.99493	99998.8	0	0
N15	13968.9	0.148815	99998.8	0	0
proton	938.272	27.0534	99998.7	0	0
neutron	939.565	19.9615	99998.7	0	0
neutron	939.565	3.409	99998.7	0	0
Ne21	19550.5	0.433135	99998.7	0	0
Na24	22341.8	0.203582	99998.7	0	0
neutron	939.565	5.86863	99998.8	0	0
Al27	25126.5	0.429226	99998.8	0	0
neutron	939.565	8.15631	99998.8	0	0
neutron	939.565	2.99426	99998.8	0	0
proton	938.272	1.63877	99998.8	0	0
C13	12109.5	0.52637	99998.8	0	0
neutron	939.565	10.9941	99998.8	0	0
proton	938.272	3.11688	99998.8	0	0
neutron	939.565	1.54685	99998.8	0	0
Mg25	23268	0.512416	99998.8	0	0
Na24	22341.8	0.213637	99998.8	0	0
Na24	22341.8	0.209499	99998.8	0	0
neutron	939.565	56.234	99998.7	0	0
proton	938.272	5.79018	99998.7	0	0
Ne24	22344.8	1.55233	99998.7	0	0
proton	938.272	21.3969	99998.8	0	0
neutron	939.565	7.56387	99998.8	0	0
neutron	939.565	1.03423	99998.8	0	0
Ne21	19550.5	1.81618	99998.8	0	0
Al28	26058.3	0.172419	99998.9	0	0
neutron	939.565	0.929206	99998.8	0	0
N15	13968.9	0.378814	99998.8	0	0
neutron	939.565	7.8139	99998.8	0	0
neutron	939.565	4.90733	99998.8	0	0
proton	938.272	4.25909	99998.8	0	0
neutron	939.565	2.81491	99998.8	0	0
alpha	3727.38	3.51235	99998.8	0	0
O16	14895.1	1.59346	99998.8	0	0
neutron	939.565	56.6296	99998.8	0	0
proton	938.272	12.303	99998.8	0	0
neutron	939.565	0.0765284	99998.8	0	0
C13	12109.5	1.55663	99998.8	0	0
neutron	939.565	22.8821	99998.7	0	0
proton	938.272	3.77607	99998.7	0	0
neutron	939.565	1.21249	99998.7	0	0
neutron	939.565	0.224862	99998.7	0	0
C12	11174.9	4.26688	99998.7	0	0
neutron	939.565	0.538772	99998.8	0	0
Al27	25126.5	0.234504	99998.8	0	0
neutron	939.565	22.8839	99998.7	0	0
neutron	939.565	14.9313	99998.7	0	0
neutron	939.565	3.03774	99998.7	0	0
N13	12111.2	0.321743	99998.7	0	0
proton	938.272	7.91282	99998.7	0	0
neutron	939.565	4.27065	99998.7	0	0
neutron	939.565	3.70312	99998.7	0	0
Mg25	23268	0.520216	99998.7	0	0
Na24	22341.8	0.206399	99998.8	0	0
neutron	939.565	1.96673	99998.9	0	0
N15	13968.9	0.391505	99998.9	0	0
deuteron	1875.61	7.6287	99998.8	0	0
Mg26	24196.5	0.199403	99998.8	0	0
Mn56	52094	0.0870364	99998.7	0	0
neutron	939.565	4.62175	99998.8	0	0
neutron	939.565	1.74269	99998.8	0	0
proton	938.272	1.70139	99998.8	0	0
neutron	939.565	1.65715	99998.8	0	0
C12	11174.9	1.0305	99998.8	0	0
Al28	26058.3	0.176085	99998.7	0	0
Al28	26058.3	0.185926	99998.8	0	0
neutron	939.565	0.747088	99998.8	0	0
Mn55	51161.7	0.136278	99998.8	0	0
Al28	26058.3	0.17698	99998.7	0	0
Na24	22341.8	0.205749	99998.7	0	0
Al28	26058.3	0.170954	99998.8	0	0
Na25	23272.4	0.212241	99998.7	0	0
neutron	939.565	0.766757	99998.7	0	0
Al27	25126.5	0.220646	99998.7	0	0
Al28	26058.3	0.186753	99998.8	0	0
Na24	22341.8	0.208735	99998.7	0	0
neutron	939.565	2.30758	99998.7	0	0
Na23	21409.2	0.366511	99998.7	0	0
neutron	939.565	7.34646	99998.8	0	0
neutron	939.565	4.95286	99998.8	0	0
N14	13040.2	0.0671005	99998.8	0	0
neutron	939.565	0.58821	99998.7	0	0
Na23	21409.2	0.17371	99998.7	0	0
Al28	26058.3	0.163937	99998.8	0	0
neutron	939.565	0.193566	99998.8	0	0
Na23	21409.2	0.140164	99998.8	0	0
proton	938.272	6.29594	99998.7	0	0
neutron	939.565	2.35885	99998.7	0	0
neutron	939.565	0.404746	99998.7	0	0
neutron	939.565	0.261241	99998.7	0	0
Cr52	48370	0.124768	99998.7	0	0
neutron	939.565	23.1117	99998.9	0	0
neutron	939.565	18.799	99998.9	0	0
Al26	24200	0.347503	99998.9	0	0
N16	14906	0.282036	99998.9	0	0
Al28	26058.3	0.186206	99998.8	0	0
neutron	939.565	7.51117	99998.7	0	0
proton	938.272	4.06456	99998.7	0	0
neutron	939.565	0.273668	99998.7	0	0
Ne21	19550.5	0.533907	99998.7	0	0
neutron	939.565	18.7	99998.7	0	0
neutron	939.565	3.8535	99998.7	0	0
neutron	939.565	2.29087	99998.7	0	0
N13	12111.2	2.4903	99998.7	0	0
neutron	939.565	16.5484	99998.8	0	0
proton	938.272	4.1995	99998.8	0	0
neutron	939.565	0.881144	99998.8	0	0
Ne21	19550.5	1.31735	99998.8	0	0
Al28	26058.3	0.182228	99998.8	0	0
neutron	939.565	11.5257	99998.8	0	0
neutron	939.565	7.01727	99998.8	0	0
neutron	939.565	4.33232	99998.8	0	0
proton	938.272	3.92566	99998.8	0	0
neutron	939.565	1.11987	99998.8	0	0
Cr51	47442.5	0.188263	99998.8	0	0
neutron	939.565	8.09493	99998.8	0	0
neutron	939.565	0.912661	99998.8	0	0
Na22	20482.1	0.620671	99998.8	0	0
Al28	26058.3	0.172505	99998.8	0	0
neutron	939.565	2.04818	99998.7	0	0
N15	13968.9	0.0307639	99998.7	0	0
Na24	22341.8	0.217927	99998.8	0	0
neutron	939.565	0.506462	99998.8	0	0
N15	13968.9	0.450699	99998.8	0	0
neutron	939.565	23.7135	99998.8	0	0
neutron	939.565	19.4192	99998.8	0	0
neutron	939.565	2.70971	99998.8	0	0
Na23	21409.2	1.23535	99998.8	0	0
Na24	22341.8	0.213492	99998.7	0	0
proton	938.272	38.9044	99998.7	0	0
neutron	939.565	3.3948	99998.7	0	0
neutron	939.565	2.01393	99998.7	0	0
neutron	939.565	1.94083	99998.7	0	0
C12	11174.9	3.06981	99998.7	0	0
neutron	939.565	0.772623	99998.7	0	0
Mn55	51161.7	0.0227167	99998.7	0	0
neutron	939.565	5.30035	99998.7	0	0
neutron	939.565	1.67643	99998.7	0	0
deuteron	1875.61	8.47894	99998.7	0	0
Ne20	18617.7	1.26402	99998.7	0	0
neutron	939.565	0.0235299	99998.8	0	0
Al27	25126.5	0.193496	99998.8	0	0
neutron	939.565	18.8103	99998.8	0	0
proton	938.272	16.7879	99998.8	0	0
neutron	939.565	2.40706	99998.8	0	0
neutron	939.565	0.450138	99998.8	0	0
Ne20	18617.7	1.90262	99998.8	0	0
Na24	22341.8	0.206205	99998.8	0	0
Al28	26058.3	0.185844	99998.6	0	0
deuteron	1875.61	8.16864	99998.9	0	0
Mg26	24196.5	0.585386	99998.9	0	0
neutron	939.565	5.51697	99998.8	0	0
proton	938.272	2.30636	99998.8	0	0
neutron	939.565	1.75326	99998.8	0	0
neutron	939.565	1.31055	99998.8	0	0
Ne22	20479.7	0.238383	99998.8	0	0
neutron	939.565	25.5129	99998.8	0	0
neutron	939.565	6.06327	99998.8	0	0
deuteron	1875.61	3.36924	99998.8	0	0
C12	11174.9	1.92976	99998.8	0	0
Al28	26058.3	0.186363	99998.8	0	0
Na24	22341.8	0.214326	99998.8	0	0
Na24	22341.8	0.196393	99998.9	0	0
Na24	22341.8	0.217403	99998.8	0	0
Na24	22341.8	0.220395	99998.8	0	0
Na24	22341.8	0.207686	99998.9	0	0
Na26	24206.4	0.178691	99998.8	0	0
neutron	939.565	3.9185	99998.8	0	0
proton	938.272	2.25295	99998.8	0	0
Ne22	20479.7	0.114061	99998.8	0	0
neutron	939.565	11.5056	99998.8	0	0
proton	938.272	3.89408	99998.8	0	0
proton	938.272	2.27808	99998.8	0	0
proton	938.272	2.07062	99998.8	0	0
neutron	939.565	0.993843	99998.8	0	0
neutron	939.565	0.85454	99998.8	0	0
Ne22	20479.7	1.64165	99998.8	0	0
neutron	939.565	29.882	99998.8	0	0
neutron	939.565	9.26852	99998.8	0	0
deuteron	1875.61	6.37622	99998.8	0	0
alpha	3727.38	4.08339	99998.8	0	0
alpha	3727.38	4.39597	99998.8	0	0
alpha	3727.38	2.80595	99998.8	0	0
neutron	939.565	19.34	99998.8	0	0
neutron	939.565	3.88848	99998.8	0	0
proton	938.272	3.04057	99998.8	0	0
C13	12109.5	1.37537	99998.8	0	0
neutron	939.565	3.80814	99998.8	0	0
neutron	939.565	0.925246	99998.8	0	0
Al27	25126.5	0.0093522	99998.8	0	0
proton	938.272	4.49294	99998.8	0	0
Ne23	21414.1	0.0142617	99998.8	0	0
neutron	939.565	0.104634	99998.8	0	0
Al27	25126.5	0.17484	99998.8	0	0
Na24	22341.8	0.210745	99998.7	0	0
Al29	26988.5	0.176157	99998.8	0	0
N16	14906	0.29512	99998.8	0	0
neutron	939.565	1.35487	99998.8	0	0
Na23	21409.2	0.0196213	99998.8	0	0
Al28	26058.3	0.189781	99998.7	0	0
neutron	939.565	3.19776	99998.8	0	0
triton	2808.92	11.4019	99998.8	0	0
C12	11174.9	2.71975	99998.8	0	0
proton	938.272	2.30397	99998.8	0	0
neutron	939.565	1.61559	99998.8	0	0
Ne22	20479.7	0.635607	99998.8	0	0
Na24	22341.8	0.185957	99998.8	0	0
neutron	939.565	1.02511	99998.8	0	0
Na23	21409.2	0.133259	99998.8	0	0
N16	14906	0.295661	99998.7	0	0
Al28	26058.3	0.179154	99998.8	0	0
proton	938.272	4.41153	99998.8	0	0
neutron	939.565	1.38735	99998.8	0	0
Mg26	24196.5	0.0655221	99998.8	0	0
Na24	22341.8	0.211322	99998.8	0	0
neutron	939.565	2.09822	99998.8	0	0
neutron	939.565	1.30802	99998.8	0	0
deuteron	1875.61	3.24347	99998.8	0	0
Mg24	22335.8	0.227668	99998.8	0	0
N16	14906	0.280948	99998.8	0	0
Al28	26058.3	0.192533	99998.8	0	0
Na24	22341.8	0.190206	99998.8	0	0
neutron	939.565	6.08227	99998.8	0	0
proton	938.272	5.43692	99998.8	0	0
Mg26	24196.5	0.88283	99998.8	0	0
neutron	939.565	2.84282	99998.7	0	0
neutron	939.565	0.474434	99998.7	0	0
N14	13040.2	0.370719	99998.7	0	0
Na24	22341.8	0.206179	99998.8	0	0
proton	938.272	6.50965	99998.8	0	0
neutron	939.565	3.72274	99998.8	0	0
Ne22	20479.7	0.0203003	99998.8	0	0
neutron	939.565	34.1656	99998.8	0	0
proton	938.272	10.5832	99998.8	0	0
neutron	939.565	2.62888	99998.8	0	0
alpha	3727.38	10.3978	99998.8	0	0
O17	15830.5	0.166187	99998.8	0	0
neutron	939.565	0.487368	99998.8	0	0
Al27	25126.5	0.252032	99998.8	0	0
neutron	939.565	2.23947	99998.8	0	0
Na25	23272.4	0.0481526	99998.8	0	0
neutron	939.565	6.41314	99998.7	0	0
neutron	939.565	4.27428	99998.7	0	0
deuteron	1875.61	6.89575	99998.7	0	0
Ne20	18617.7	0.0953484	99998.7	0	0
Al28	26058.3	0.181561	99998.7	0	0
neutron	939.565	1.34326	99998.8	0	0
N15	13968.9	0.566863	99998.8	0	0
Na26	24206.4	0.186194	99998.8	0	0
Na24	22341.8	0.194406	99998.8	0	0
Na24	22341.8	0.206715	99998.8	0	0
neutron	939.565	3.31414	99998.8	0	0
neutron	939.565	0.96305	99998.8	0	0
Al26	24200	0.0049693	99998.8	0	0
neutron	939.565	8.15134	99998.8	0	0
proton	938.272	3.13167	99998.8	0	0
Ne22	20479.7	0.269218	99998.8	0	0
proton	938.272	2.1793	99998.9	0	0
neutron	939.565	1.34421	99998.9	0	0
Ne22	20479.7	0.30257	99998.9	0	0
Al28	26058.3	0.16531	99998.7	0	0
Al28	26058.3	0.183568	99998.8	0	0
Al30	27922.3	0.162927	99998.7	0	0
neutron	939.565	1.31248	99998.7	0	0
Na23	21409.2	0.177848	99998.7	0	0
Na26	24206.4	0.184888	99998.8	0	0
proton	938.272	16.573	99998.7	0	0
proton	938.272	5.44419	99998.7	0	0
neutron	939.565	3.46132	99998.7	0	0
Na25	23272.4	0.279354	99998.7	0	0
neutron	939.565	0.85991	99998.8	0	0
N15	13968.9	0.472929	99998.8	0	0
Al28	26058.3	0.183501	99998.8	0	0
Al28	26058.3	0.158775	99998.8	0	0
neutron	939.565	1.8463	99998.7	0	0
Na23	21409.2	0.208301	99998.7	0	0
neutron	939.565	18.5966	99998.8	0	0
neutron	939.565	4.11759	99998.8	0	0
neutron	939.565	0.942491	99998.8	0	0
Al27	25126.5	0.520907	99998.8	0	0
neutron	939.565	11.2191	99998.8	0	0
neutron	939.565	3.39721	99998.8	0	0
Na23	21409.2	0.273047	99998.8	0	0
Na26	24206.4	0.181381	99998.8	0	0
neutron	939.565	35.2404	99998.8	0	0
proton	938.272	7.76627	99998.8	0	0
neutron	939.565	5.59573	99998.8	0	0
neutron	939.565	3.66264	99998.8	0	0
Ne20	18617.7	1.07626	99998.8	0	0
neutron	939.565	2.32952	99998.8	0	0
neutron	939.565	1.17837	99998.8	0	0
alpha	3727.38	6.23566	99998.8	0	0
deuteron	1875.61	4.00066	99998.8	0	0
Be8	7454.85	1.71167	99998.8	0	0
Al28	26058.3	0.169179	99998.8	0	0
neutron	939.565	2.20914	99998.8	0	0
N15	13968.9	0.0609166	99998.8	0	0
Mn56	52094	0.0788098	99998.7	0	0
Na24	22341.8	0.206751	99998.7	0	0
proton	938.272	7.95585	99998.7	0	0
neutron	939.565	2.17685	99998.7	0	0
Ne22	20479.7	1.04529	99998.7	0	0
neutron	939.565	2.85802	99998.8	0	0
neutron	939.565	2.65484	99998.8	0	0
proton	938.272	2.63813	99998.8	0	0
neutron	939.565	2.50562	99998.8	0	0
Ne20	18617.7	0.935495	99998.8	0	0
neutron	939.565	5.74264	99998.7	0	0
neutron	939.565	0.787099	99998.7	0	0
N14	13040.2	0.0992099	99998.7	0	0
neutron	939.565	9.21134	99998.8	0	0
proton	938.272	7.04175	99998.8	0	0
neutron	939.565	0.560827	99998.8	0	0
Ne21	19550.5	0.812842	99998.8	0	0
Na26	24206.4	0.182095	99998.7	0	0
neutron	939.565	49.6826	99998.8	0	0
triton	2808.92	2.23745	99998.8	0	0
alpha	3727.38	0.512418	99998.8	0	0
Be8	7454.85	10.1531	99998.8	0	0
neutron	939.565	10.4686	99998.8	0	0
neutron	939.565	5.84336	99998.8	0	0
proton	938.272	2.93567	99998.8	0	0
C13	12109.5	0.690549	99998.8	0	0
neutron	939.565	2.00525	99998.7	0	0
neutron	939.565	1.06565	99998.7	0	0
deuteron	1875.61	6.32765	99998.7	0	0
Mg24	22335.8	0.277622	99998.7	0	0
neutron	939.565	3.4559	99998.8	0	0
N15	13968.9	0.647551	99998.8	0	0
Al28	26058.3	0.175224	99998.7	0	0
neutron	939.565	1.34221	99998.8	0	0
N15	13968.9	0.174459	99998.8	0	0
neutron	939.565	2.43718	99998.8	0	0
N15	13968.9	0.0172699	99998.8	0	0
Na24	22341.8	0.185155	99998.8	0	0
neutron	939.565	12.4883	99998.8	0	0
triton	2808.92	5.94197	99998.8	0	0
C12	11174.9	3.47645	99998.8	0	0
Na24	22341.8	0.212916	99998.8	0	0
neutron	939.565	1.01617	99998.8	0	0
N15	13968.9	0.366022	99998.8	0	0
Na24	22341.8	0.209522	99998.7	0	0
neutron	939.565	13.9666	99998.8	0	0
triton	2808.92	10.6416	99998.8	0	0
C12	11174.9	1.74344	99998.8	0	0
Na24	22341.8	0.216097	99998.8	0	0
neutron	939.565	29.4461	99998.8	0	0
triton	2808.92	10.6972	99998.8	0	0
alpha	3727.38	7.20831	99998.8	0	0
alpha	3727.38	9.77001	99998.8	0	0
alpha	3727.38	1.89743	99998.8	0	0
proton	938.272	6.82106	99998.7	0	0
neutron	939.565	0.488642	99998.7	0	0
Mg26	24196.5	0.146293	99998.7	0	0
neutron	939.565	6.06548	99998.8	0	0
proton	938.272	2.1539	99998.8	0	0
Mg26	24196.5	0.156002	99998.8	0	0
neutron	939.565	1.59334	99998.8	0	0
Al27	25126.5	0.120225	99998.8	0	0
Na24	22341.8	0.218738	99998.8	0	0
Na24	22341.8	0.21367	99998.8	0	0
Al28	26058.3	0.172384	99998.7	0	0
Na24	22341.8	0.215952	99998.7	0	0
neutron	939.565	4.25511	99998.7	0	0
neutron	939.565	0.563385	99998.7	0	0
deuteron	1875.61	12.4036	99998.7	0	0
Ne20	18617.7	1.07487	99998.7	0	0
neutron	939.565	7.2954	99998.7	0	0
proton	938.272	5.72383	99998.7	0	0
neutron	939.565	1.98991	99998.7	0	0
neutron	939.565	1.17051	99998.7	0	0
Ne20	18617.7	0.121527	99998.7	0	0
neutron	939.565	1.94583	99998.8	0	0
neutron	939.565	1.81148	99998.8	0	0
N14	13040.2	0.608569	99998.8	0	0
Al28	26058.3	0.172459	99998.8	0	0
Na24	22341.8	0.199807	99998.8	0	0
neutron	939.565	13.0084	99998.7	0	0
neutron	939.565	2.57187	99998.7	0	0
neutron	939.565	2.10723	99998.7	0	0
Mn53	49301.8	0.601816	99998.7	0	0
neutron	939.565	8.04701	99998.7	0	0
neutron	939.565	2.32395	99998.7	0	0
proton	938.272	1.51867	99998.7	0	0
C13	12109.5	1.77732	99998.7	0	0
Na24	22341.8	0.204302	99998.8	0	0
neutron	939.565	2.20991	99998.8	0	0
neutron	939.565	2.03867	99998.8	0	0
Na22	20482.1	0.643378	99998.8	0	0
Na26	24206.4	0.184269	99998.7	0	0
Al28	26058.3	0.183852	99998.8	0	0
neutron	939.565	11.2592	99998.8	0	0
neutron	939.565	5.73011	99998.8	0	0
neutron	939.565	5.35162	99998.8	0	0
proton	938.272	4.83204	99998.8	0	0
C12	11174.9	1.72531	99998.8	0	0
Al28	26058.3	0.16745	99998.7	0	0
Mn56	52094	0.0980628	99998.8	0	0
Na24	22341.8	0.19893	99998.8	0	0
Na24	22341.8	0.203221	99998.8	0	0
neutron	939.565	0.298504	99998.8	0	0
Na23	21409.2	0.148018	99998.8	0	0
neutron	939.565	2.85495	99998.8	0	0
Mn55	51161.7	0.141765	99998.8	0	0
triton	2808.92	8.89059	99998.9	0	0
C13	12109.5	1.59711	99998.9	0	0
Mn56	52094	0.0886413	99998.8	0	0
Mn56	52094	0.0925789	99998.7	0	0
Mn56	52094	0.0865265	99998.8	0	0
neutron	939.565	0.777917	99998.8	0	0
N15	13968.9	0.19825	99998.8	0	0
proton	938.272	9.89938	99998.8	0	0
proton	938.272	3.74616	99998.8	0	0
neutron	939.565	1.82637	99998.8	0	0
neutron	939.565	1.24049	99998.8	0	0
neutron	939.565	0.999478	99998.8	0	0
Na23	21409.2	0.150429	99998.8	0	0
Na24	22341.8	0.205196	99998.8	0	0
Al28	26058.3	0.187112	99998.8	0	0
neutron	939.565	46.8543	99998.8	0	0
neutron	939.565	2.37821	99998.8	0	0
deuteron	1875.61	5.7886	99998.8	0	0
C12	11174.9	4.98693	99998.8	0	0
Na25	23272.4	0.177769	99998.8	0	0
proton	938.272	5.51061	99998.7	0	0
neutron	939.565	4.50952	99998.7	0	0
Cr52	48370	0.111614	99998.7	0	0
neutron	939.565	16.33	99998.8	0	0
neutron	939.565	6.08768	99998.8	0	0
proton	938.272	1.29258	99998.8	0	0
C13	12109.5	0.801735	99998.8	0	0
Mn56	52094	0.0906888	99998.7	0	0
proton	938.272	4.33795	99998.8	0	0
neutron	939.565	3.78621	99998.8	0	0
neutron	939.565	1.43702	99998.8	0	0
neutron	939.565	0.803235	99998.8	0	0
Mg24	22335.8	1.21045	99998.8	0	0
neutron	939.565	5.98422	99998.8	0	0
proton	938.272	3.93852	99998.8	0	0
neutron	939.565	0.912933	99998.8	0	0
alpha	3727.38	9.57877	99998.8	0	0
Ti49	45583.4	1.64817	99998.8	0	0
neutron	939.565	2.72758	99998.8	0	0
N15	13968.9	0.306563	99998.8	0	0
neutron	939.565	0.903929	99998.8	0	0
deuteron	1875.61	7.75243	99998.8	0	0
Mg25	23268	1.11909	99998.8	0	0
neutron	939.565	33.835	99998.7	0	0
neutron	939.565	5.75248	99998.7	0	0
neutron	939.565	0.290544	99998.7	0	0
N13	12111.2	1.89098	99998.7	0	0
neutron	939.565	10.1296	99998.8	0	0
proton	938.272	3.26041	99998.8	0	0
C14	13040.9	1.1273	99998.8	0	0
neutron	939.565	0.0187021	99998.7	0	0
Mn55	51161.7	0.0907164	99998.7	0	0
neutron	939.565	37.2949	99998.8	0	0
proton	938.272	2.25284	99998.8	0	0
neutron	939.565	1.7435	99998.8	0	0
neutron	939.565	0.167256	99998.8	0	0
Ne20	18617.7	0.928587	99998.8	0	0
neutron	939.565	38.0931	99998.7	0	0
neutron	939.565	2.27515	99998.7	0	0
neutron	939.565	1.23476	99998.7	0	0
Al27	25126.5	3.01751	99998.7	0	0
Na24	22341.8	0.219645	99998.8	0	0
Na25	23272.4	0.206474	99998.8	0	0
neutron	939.565	0.400891	99998.8	0	0
Al27	25126.5	0.114956	99998.8	0	0
alpha	3727.38	16.5064	99998.7	0	0
Na25	23272.4	2.34605	99998.7	0	0
Na24	22341.8	0.217219	99998.8	0	0
neutron	939.565	0.52861	99998.7	0	0
Na23	21409.2	0.313875	99998.7	0	0
Na24	22341.8	0.217171	99998.8	0	0
neutron	939.565	2.917	99998.7	0	0
Na23	21409.2	0.571191	99998.7	0	0
neutron	939.565	4.62168	99998.8	0	0
neutron	939.565	0.641259	99998.8	0	0
N14	13040.2	0.605417	99998.8	0	0
neutron	939.565	3.44144	99998.7	0	0
N15	13968.9	0.294947	99998.7	0	0
neutron	939.565	11.3449	99998.8	0	0
proton	938.272	6.54043	99998.8	0	0
neutron	939.565	5.90928	99998.8	0	0
neutron	939.565	1.49768	99998.8	0	0
Mg24	22335.8	1.98057	99998.8	0	0
neutron	939.565	0.109877	99998.8	0	0
Na23	21409.2	0.170944	99998.8	0	0
Al28	26058.3	0.185596	99998.7	0	0
proton	938.272	5.88149	99998.8	0	0
neutron	939.565	5.69046	99998.8	0	0
neutron	939.565	3.18976	99998.8	0	0
neutron	939.565	1.31768	99998.8	0	0
neutron	939.565	0.374991	99998.8	0	0
Ne21	19550.5	0.392739	99998.8	0	0
neutron	939.565	3.62381	99998.9	0	0
Na23	21409.2	0.0923201	99998.9	0	0
neutron	939.565	4.74324	99998.7	0	0
neutron	939.565	0.287156	99998.7	0	0
deuteron	1875.61	11.1838	99998.7	0	0
Ne20	18617.7	0.752731	99998.7	0	0
neutron	939.565	6.35381	99998.9	0	0
proton	938.272	4.31589	99998.9	0	0
neutron	939.565	2.93968	99998.9	0	0
neutron	939.565	0.387163	99998.9	0	0
Mg24	22335.8	0.0767719	99998.9	0	0
proton	938.272	5.26382	99998.8	0	0
neutron	939.565	4.93344	99998.8	0	0
neutron	939.565	0.222182	99998.8	0	0
Ne21	19550.5	0.207126	99998.8	0	0
proton	938.272	8.16881	99998.8	0	0
neutron	939.565	4.22427	99998.8	0	0
neutron	939.565	3.78053	99998.8	0	0
neutron	939.565	1.60623	99998.8	0	0
neutron	939.565	0.423461	99998.8	0	0
Mg23	21412.8	0.776585	99998.8	0	0
neutron	939.565	11.2105	99998.9	0	0
neutron	939.565	3.2076	99998.9	0	0
deuteron	1875.61	3.2853	99998.9	0	0
C12	11174.9	2.92683	99998.9	0	0
neutron	939.565	1.20227	99998.7	0	0
N15	13968.9	0.165746	99998.7	0	0
neutron	939.565	9.22277	99998.8	0	0
neutron	939.565	6.90724	99998.8	0	0
proton	938.272	2.42023	99998.8	0	0
C13	12109.5	0.382936	99998.8	0	0
neutron	939.565	3.65815	99998.8	0	0
neutron	939.565	2.64337	99998.8	0	0
deuteron	1875.61	5.22314	99998.8	0	0
alpha	3727.38	7.52381	99998.8	0	0
Be8	7454.85	1.09406	99998.8	0	0
Na24	22341.8	0.211904	99998.8	0	0
neutron	939.565	6.59129	99998.8	0	0
neutron	939.565	4.53782	99998.8	0	0
proton	938.272	2.96191	99998.8	0	0
neutron	939.565	1.23687	99998.8	0	0
Ne20	18617.7	0.644397	99998.8	0	0
Na24	22341.8	0.208612	99998.8	0	0
neutron	939.565	0.869344	99998.8	0	0
deuteron	1875.61	3.38618	99998.8	0	0
Mg25	23268	0.193949	99998.8	0	0
neutron	939.565	2.67721	99998.8	0	0
neutron	939.565	0.142311	99998.8	0	0
N14	13040.2	0.64851	99998.8	0	0
neutron	939.565	9.94294	99998.8	0	0
neutron	939.565	9.66592	99998.8	0	0
proton	938.272	7.77893	99998.8	0	0
neutron	939.565	0.622848	99998.8	0	0
C12	11174.9	0.870198	99998.8	0	0
neutron	939.565	33.6758	99998.8	0	0
proton	938.272	18.0813	99998.8	0	0
neutron	939.565	3.65308	99998.8	0	0
neutron	939.565	0.713851	99998.8	0	0
Ne20	18617.7	2.27901	99998.8	0	0
Al28	26058.3	0.161721	99998.7	0	0
neutron	939.565	11.1454	99998.8	0	0
triton	2808.92	6.42324	99998.8	0	0
C12	11174.9	1.33514	99998.8	0	0
neutron	939.565	4.77821	99998.7	0	0
neutron	939.565	1.2348	99998.7	0	0
deuteron	1875.61	2.54698	99998.7	0	0
Ne20	18617.7	1.65142	99998.7	0	0
neutron	939.565	7.07205	99998.8	0	0
deuteron	1875.61	4.26872	99998.8	0	0
Mg25	23268	1.39226	99998.8	0	0
Na24	22341.8	0.178824	99998.7	0	0
neutron	939.565	4.81195	99998.9	0	0
neutron	939.565	1.51708	99998.9	0	0
neutron	939.565	0.956712	99998.9	0	0
deuteron	1875.61	8.34181	99998.9	0	0
Cr51	47442.5	1.00499	99998.9	0	0
neutron	939.565	0.365464	99998.8	0	0
Na23	21409.2	0.158198	99998.8	0	0
neutron	939.565	0.696371	99998.7	0	0
Na23	21409.2	0.268979	99998.7	0	0
neutron	939.565	7.96965	99998.7	0	0
proton	938.272	4.45928	99998.7	0	0
neutron	939.565	2.9645	99998.7	0	0
neutron	939.565	2.14864	99998.7	0	0
Ne20	18617.7	0.305108	99998.7	0	0
neutron	939.565	3.71581	99998.8	0	0
neutron	939.565	2.3189	99998.8	0	0
proton	938.272	1.42259	99998.8	0	0
Ne21	19550.5	0.226827	99998.8	0	0
Mn56	52094	0.0893972	99998.8	0	0
Na24	22341.8	0.205209	99998.7	0	0
neutron	939.565	14.0101	99998.7	0	0
proton	938.272	9.31838	99998.7	0	0
proton	938.272	5.98045	99998.7	0	0
neutron	939.565	2.13238	99998.7	0	0
neutron	939.565	1.7413	99998.7	0	0
B11	10252.5	3.68694	99998.7	0	0
proton	938.272	5.50413	99998.7	0	0
neutron	939.565	1.40476	99998.7	0	0
C14	13040.9	0.222782	99998.7	0	0
Na25	23272.4	0.176355	99998.8	0	0
proton	938.272	30.1558	99998.8	0	0
neutron	939.565	8.01829	99998.8	0	0
neutron	939.565	7.09226	99998.8	0	0
neutron	939.565	2.03796	99998.8	0	0
Mg24	22335.8	0.459392	99998.8	0	0
Na24	22341.8	0.21934	99998.8	0	0
Na24	22341.8	0.183278	99998.8	0	0
neutron	939.565	9.30776	99998.8	0	0
neutron	939.565	4.07434	99998.8	0	0
proton	938.272	2.19271	99998.8	0	0
Ne22	20479.7	0.302146	99998.8	0	0
neutron	939.565	23.6437	99998.8	0	0
neutron	939.565	23.3302	99998.8	0	0
neutron	939.565	3.79495	99998.8	0	0
proton	938.272	1.29691	99998.8	0	0
C12	11174.9	1.86894	99998.8	0	0
Na24	22341.8	0.218876	99998.8	0	0
neutron	939.565	0.564649	99998.8	0	0
N15	13968.9	0.488603	99998.8	0	0
Mn56	52094	0.0962541	99998.8	0	0
neutron	939.565	26.4477	99998.8	0	0
neutron	939.565	1.94449	99998.8	0	0
neutron	939.565	1.48212	99998.8	0	0
Mn53	49301.8	0.392887	99998.8	0	0
Na24	22341.8	0.211662	99998.7	0	0
neutron	939.565	1.7279	99998.8	0	0
N15	13968.9	0.602485	99998.8	0	0
Na24	22341.8	0.217932	99998.8	0	0
neutron	939.565	23.2382	99998.8	0	0
neutron	939.565	1.93375	99998.8	0	0
neutron	939.565	1.31709	99998.8	0	0
Mn53	49301.8	0.659481	99998.8	0	0
Al28	26058.3	0.178118	99998.8	0	0
neutron	939.565	7.6754	99998.7	0	0
Na23	21409.2	0.615418	99998.7	0	0
proton	938.272	28.7523	99998.7	0	0
neutron	939.565	3.7669	99998.7	0	0
neutron	939.565	0.639514	99998.7	0	0
Ne23	21414.1	1.79153	99998.7	0	0
neutron	939.565	7.68204	99998.8	0	0
triton	2808.92	9.11583	99998.8	0	0
alpha	3727.38	9.01475	99998.8	0	0
alpha	3727.38	6.19117	99998.8	0	0
C12	11174.9	6.96357	99998.8	0	0
Na24	22341.8	0.212551	99998.8	0	0
neutron	939.565	33.7694	99998.7	0	0
proton	938.272	11.1597	99998.7	0	0
neutron	939.565	2.65786	99998.7	0	0
Ne21	19550.5	0.681161	99998.7	0	0
Al28	26058.3	0.166415	99998.7	0	0
proton	938.272	2.3945	99998.8	0	0
neutron	939.565	1.38873	99998.8	0	0
Ne22	20479.7	0.0988441	99998.8	0	0
Al28	26058.3	0.178658	99998.8	0	0
Al28	26058.3	0.158717	99998.8	0	0
neutron	939.565	8.31385	99998.7	0	0
neutron	939.565	7.71495	99998.7	0	0
proton	938.272	7.56243	99998.7	0	0
neutron	939.565	3.47365	99998.7	0	0
alpha	3727.38	5.05236	99998.7	0	0
O16	14895.1	2.43379	99998.7	0	0
Al28	26058.3	0.156646	99998.8	0	0
Mn54	50232.4	0.0987222	99998.7	0	0
proton	938.272	11.2022	99998.8	0	0
neutron	939.565	4.95786	99998.8	0	0
neutron	939.565	4.14062	99998.8	0	0
neutron	939.565	2.91147	99998.8	0	0
C12	11174.9	0.804451	99998.8	0	0
proton	938.272	19.5027	99998.8	0	0
neutron	939.565	11.026	99998.8	0	0
proton	938.272	2.44405	99998.8	0	0
neutron	939.565	1.88679	99998.8	0	0
neutron	939.565	1.60454	99998.8	0	0
Na23	21409.2	0.441017	99998.8	0	0
Al28	26058.3	0.181358	99998.7	0	0
neutron	939.565	11.8886	99998.8	0	0
proton	938.272	2.53047	99998.8	0	0
Ne22	20479.7	0.695624	99998.8	0	0
Al29	26988.5	0.187251	99998.8	0	0
Na24	22341.8	0.207399	99998.8	0	0
Na24	22341.8	0.216966	99998.8	0	0
Na24	22341.8	0.211413	99998.8	0	0
neutron	939.565	32.3746	99998.7	0	0
proton	938.272	2.63138	99998.7	0	0
C14	13040.9	2.53357	99998.7	0	0
proton	938.272	3.07131	99998.7	0	0
neutron	939.565	2.47582	99998.7	0	0
Ne22	20479.7	0.0721309	99998.7	0	0
proton	938.272	6.27984	99998.9	0	0
neutron	939.565	4.44029	99998.9	0	0
alpha	3727.38	17.566	99998.9	0	0
Ne22	20479.7	1.75498	99998.9	0	0
Al28	26058.3	0.191901	99998.7	0	0
Na26	24206.4	0.182246	99998.7	0	0
neutron	939.565	1.75769	99998.8	0	0
N15	13968.9	0.578396	99998.8	0	0
neutron	939.565	5.29026	99998.8	0	0
proton	938.272	4.55077	99998.8	0	0
neutron	939.565	1.30649	99998.8	0	0
Ne21	19550.5	0.622603	99998.8	0	0
proton	938.272	18.6469	99998.8	0	0
proton	938.272	6.07818	99998.8	0	0
neutron	939.565	4.17119	99998.8	0	0
neutron	939.565	3.30711	99998.8	0	0
neutron	939.565	0.847882	99998.8	0	0
Na23	21409.2	1.01666	99998.8	0	0
neutron	939.565	14.0548	99998.8	0	0
proton	938.272	5.83679	99998.8	0	0
neutron	939.565	1.30495	99998.8	0	0
neutron	939.565	0.972583	99998.8	0	0
Mg24	22335.8	0.780931	99998.8	0	0
proton	938.272	6.94786	99998.8	0	0
neutron	939.565	3.98896	99998.8	0	0
neutron	939.565	2.00309	99998.8	0	0
Ne23	21414.1	0.323373	99998.8	0	0
Na24	22341.8	0.187016	99998.8	0	0
Mn56	52094	0.0896518	99998.8	0	0
N16	14906	0.294744	99998.7	0	0
neutron	939.565	0.144503	99998.8	0	0
Al27	25126.5	0.141923	99998.8	0	0
neutron	939.565	1.26846	99998.9	0	0
Na23	21409.2	0.217238	99998.9	0	0
neutron	939.565	0.655518	99998.7	0	0
Na23	21409.2	0.21165	99998.7	0	0
neutron	939.565	10.4024	99998.7	0	0
proton	938.272	3.96165	99998.7	0	0
neutron	939.565	2.45343	99998.7	0	0
neutron	939.565	1.37437	99998.7	0	0
Ne22	20479.7	0.330719	99998.7	0	0
proton	938.272	6.96829	99998.7	0	0
neutron	939.565	3.64455	99998.7	0	0
neutron	939.565	1.09718	99998.7	0	0
neutron	939.565	0.557198	99998.7	0	0
alpha	3727.38	3.65702	99998.7	0	0
O16	14895.1	1.37504	99998.7	0	0
Na24	22341.8	0.215383	99998.8	0	0
Na24	22341.8	0.204812	99998.8	0	0
proton	938.272	17.2295	99998.7	0	0
Ne23	21414.1	1.03535	99998.7	0	0
neutron	939.565	5.46599	99998.8	0	0
neutron	939.565	2.77072	99998.8	0	0
N14	13040.2	0.138671	99998.8	0	0
Na25	23272.4	0.194861	99998.8	0	0
neutron	939.565	7.56681	99998.8	0	0
neutron	939.565	5.42286	99998.8	0	0
Na22	20482.1	0.489458	99998.8	0	0
Na24	22341.8	0.215858	99998.7	0	0
proton	938.272	6.18486	99998.8	0	0
neutron	939.565	3.74731	99998.8	0	0
neutron	939.565	2.11058	99998.8	0	0
neutron	939.565	1.27247	99998.8	0	0
Mg24	22335.8	0.204965	99998.8	0	0
Na25	23272.4	0.189637	99998.8	0	0
Na24	22341.8	0.21909	99998.8	0	0
neutron	939.565	19.8365	99998.7	0	0
proton	938.272	4.42132	99998.7	0	0
neutron	939.565	3.33077	99998.7	0	0
Mg25	23268	1.80986	99998.7	0	0
neutron	939.565	3.17771	99998.9	0	0
Na23	21409.2	0.175143	99998.9	0	0
Na24	22341.8	0.21695	99998.8	0	0
Na24	22341.8	0.209173	99998.7	0	0
neutron	939.565	1.16829	99998.8	0	0
deuteron	1875.61	1.56652	99998.8	0	0
C13	12109.5	0.857008	99998.8	0	0
N16	14906	0.287296	99998.8	0	0
proton	938.272	5.41272	99998.8	0	0
neutron	939.565	3.97127	99998.8	0	0
neutron	939.565	2.59658	99998.8	0	0
Ne23	21414.1	1.61177	99998.8	0	0
Al28	26058.3	0.190104	99998.8	0	0
Na25	23272.4	0.165919	99998.7	0	0
Na24	22341.8	0.209123	99998.8	0	0
neutron	939.565	2.79272	99998.7	0	0
Na23	21409.2	0.131905	99998.7	0	0
neutron	939.565	0.128463	99998.7	0	0
N15	13968.9	0.314784	99998.7	0	0
neutron	939.565	2.98319	99998.7	0	0
N15	13968.9	0.226157	99998.7	0	0
neutron	939.565	16.4461	99998.7	0	0
neutron	939.565	13.9172	99998.7	0	0
deuteron	1875.61	5.02777	99998.7	0	0
Mg24	22335.8	2.01813	99998.7	0	0
Al28	26058.3	0.171149	99998.7	0	0
Na24	22341.8	0.196935	99998.7	0	0
neutron	939.565	0.921278	99998.8	0	0
Mn55	51161.7	0.0473477	99998.8	0	0
Na24	22341.8	0.203251	99998.7	0	0
Al28	26058.3	0.170644	99998.8	0	0
Na24	22341.8	0.187029	99998.8	0	0
Na24	22341.8	0.207604	99998.7	0	0
Na24	22341.8	0.204528	99998.8	0	0
neutron	939.565	3.31219	99998.9	0	0
neutron	939.565	0.46952	99998.9	0	0
N14	13040.2	0.0589069	99998.9	0	0
proton	938.272	6.2119	99998.8	0	0
neutron	939.565	3.30794	99998.8	0	0
neutron	939.565	1.6811	99998.8	0	0
neutron	939.565	1.23833	99998.8	0	0
Cr52	48370	0.444008	99998.8	0	0
Mn56	52094	0.0826986	99998.8	0	0
neutron	939.565	6.41177	99998.8	0	0
Na23	21409.2	0.610782	99998.8	0	0
neutron	939.565	7.05301	99998.8	0	0
proton	938.272	2.35576	99998.8	0	0
Mg26	24196.5	0.332094	99998.8	0	0
proton	938.272	3.39857	99998.7	0	0
neutron	939.565	1.84023	99998.7	0	0
Mg26	24196.5	0.269974	99998.7	0	0
neutron	939.565	0.37392	99998.7	0	0
Na23	21409.2	0.221521	99998.7	0	0
Na24	22341.8	0.217407	99998.7	0	0
neutron	939.565	10.0285	99998.8	0	0
proton	938.272	2.51722	99998.8	0	0
Mg26	24196.5	0.907951	99998.8	0	0
Na24	22341.8	0.192063	99998.7	0	0
neutron	939.565	19.1252	99998.7	0	0
alpha	3727.38	11.1996	99998.7	0	0
alpha	3727.38	5.11031	99998.7	0	0
N15	13968.9	2.80663	99998.7	0	0
neutron	939.565	10.2484	99998.7	0	0
proton	938.272	8.88671	99998.7	0	0
neutron	939.565	7.6071	99998.7	0	0
neutron	939.565	6.0572	99998.7	0	0
neutron	939.565	5.50227	99998.7	0	0
neutron	939.565	0.94613	99998.7	0	0
Cr50	46512.2	1.44575	99998.7	0	0
neutron	939.565	9.92313	99998.8	0	0
proton	938.272	3.79367	99998.8	0	0
neutron	939.565	3.57374	99998.8	0	0
neutron	939.565	1.23947	99998.8	0	0
C12	11174.9	0.0875937	99998.8	0	0
proton	938.272	10.0626	99998.7	0	0
neutron	939.565	2.04113	99998.7	0	0
neutron	939.565	1.24288	99998.7	0	0
neutron	939.565	0.398858	99998.7	0	0
Mg24	22335.8	0.917758	99998.7	0	0
Al28	26058.3	0.175292	99998.8	0	0
neutron	939.565	6.08275	99998.8	0	0
proton	938.272	4.12678	99998.8	0	0
triton	2808.92	5.30822	99998.8	0	0
Na23	21409.2	0.329608	99998.8	0	0
Mn56	52094	0.0885554	99998.8	0	0
neutron	939.565	16.5789	99998.8	0	0
proton	938.272	13.1224	99998.8	0	0
neutron	939.565	12.204	99998.8	0	0
neutron	939.565	7.06332	99998.8	0	0
C12	11174.9	1.617	99998.8	0	0
neutron	939.565	10.0925	99998.7	0	0
neutron	939.565	7.06826	99998.7	0	0
proton	938.272	1.73746	99998.7	0	0
neutron	939.565	1.3879	99998.7	0	0
Mg24	22335.8	1.5776	99998.7	0	0
proton	938.272	35.3235	99998.8	0	0
Ne25	23280.2	1.26328	99998.8	0	0
neutron	939.565	1.2953	99998.9	0	0
Al27	25126.5	0.227787	99998.9	0	0
neutron	939.565	27.2217	99998.8	0	0
proton	938.272	4.70039	99998.8	0	0
neutron	939.565	0.894465	99998.8	0	0
neutron	939.565	0.513909	99998.8	0	0
Mg24	22335.8	0.303354	99998.8	0	0
neutron	939.565	0.130554	99998.8	0	0
N15	13968.9	0.326808	99998.8	0	0
Mn56	52094	0.0958559	99998.7	0	0
Al28	26058.3	0.186495	99998.7	0	0
Mn56	52094	0.0855312	99998.9	0	0
neutron	939.565	0.538527	99998.8	0	0
Na24	22341.8	0.148378	99998.8	0	0
proton	938.272	14.7735	99998.8	0	0
neutron	939.565	2.09032	99998.8	0	0
neutron	939.565	0.72512	99998.8	0	0
neutron	939.565	0.354694	99998.8	0	0
C12	11174.9	0.42025	99998.8	0	0
Na24	22341.8	0.208114	99998.8	0	0
Na24	22341.8	0.204127	99998.7	0	0
neutron	939.565	2.56827	99998.8	0	0
neutron	939.565	1.73259	99998.8	0	0
deuteron	1875.61	7.39627	99998.8	0	0
Ne20	18617.7	0.973768	99998.8	0	0
Na24	22341.8	0.217399	99998.8	0	0
Na24	22341.8	0.210015	99998.7	0	0
neutron	939.565	6.62896	99998.8	0	0
proton	938.272	1.68588	99998.8	0	0
alpha	3727.38	7.67287	99998.8	0	0
O18	16762	0.766304	99998.8	0	0
Na24	22341.8	0.186839	99998.8	0	0
Al28	26058.3	0.182033	99998.8	0	0
Na25	23272.4	0.217367	99998.8	0	0
neutron	939.565	0.482053	99998.8	0	0
Na23	21409.2	0.0995187	99998.8	0	0
Al28	26058.3	0.160524	99998.8	0	0
proton	938.272	20.7716	99998.7	0	0
neutron	939.565	2.53519	99998.7	0	0
C14	13040.9	1.37573	99998.7	0	0
proton	938.272	17.7696	99998.8	0	0
neutron	939.565	2.49708	99998.8	0	0
neutron	939.565	1.46488	99998.8	0	0
Ne21	19550.5	0.767756	99998.8	0	0
neutron	939.565	11.7692	99998.7	0	0
neutron	939.565	6.48315	99998.7	0	0
proton	938.272	3.77883	99998.7	0	0
neutron	939.565	0.215308	99998.7	0	0
C12	11174.9	0.456036	99998.7	0	0
Na24	22341.8	0.216538	99998.8	0	0
proton	938.272	14.5574	99998.8	0	0
neutron	939.565	2.17746	99998.8	0	0
neutron	939.565	0.492054	99998.8	0	0
deuteron	1875.61	4.27673	99998.8	0	0
Na23	21409.2	1.00782	99998.8	0	0
N16	14906	0.289251	99998.7	0	0
neutron	939.565	11.0199	99998.8	0	0
proton	938.272	3.09049	99998.8	0	0
Mg26	24196.5	0.0579428	99998.8	0	0
Na24	22341.8	0.208997	99998.8	0	0
Al29	26988.5	0.155373	99998.8	0	0
Al28	26058.3	0.17493	99998.8	0	0
neutron	939.565	0.21382	99998.7	0	0
Na23	21409.2	0.168847	99998.7	0	0
proton	938.272	5.10865	99998.7	0	0
neutron	939.565	2.27752	99998.7	0	0
neutron	939.565	0.414507	99998.7	0	0
Mg26	24196.5	0.485708	99998.7	0	0
neutron	939.565	2.19605	99998.8	0	0
N15	13968.9	0.736723	99998.8	0	0
neutron	939.565	4.54001	99998.8	0	0
neutron	939.565	1.0773	99998.8	0	0
N14	13040.2	0.0328866	99998.8	0	0
neutron	939.565	8.97899	99998.7	0	0
neutron	939.565	8.57417	99998.7	0	0
neutron	939.565	4.42903	99998.7	0	0
proton	938.272	2.21941	99998.7	0	0
alpha	3727.38	10.4543	99998.7	0	0
O16	14895.1	1.83183	99998.7	0	0
Na24	22341.8	0.217436	99998.8	0	0
neutron	939.565	0.86843	99998.7	0	0
Mn55	51161.7	0.107443	99998.7	0	0
Al28	26058.3	0.180976	99998.8	0	0
Al28	26058.3	0.184821	99998.8	0	0
N16	14906	0.283451	99998.7	0	0
neutron	939.565	0.564148	99998.9	0	0
deuteron	1875.61	15.2947	99998.9	0	0
C13	12109.5	1.55977	99998.9	0	0
Al28	26058.3	0.191979	99998.8	0	0
Al28	26058.3	0.184641	99998.8	0	0
Na24	22341.8	0.214718	99998.7	0	0
Al28	26058.3	0.151391	99998.7	0	0
Na24	22341.8	0.208703	99998.8	0	0
neutron	939.565	7.94917	99998.8	0	0
proton	938.272	4.85728	99998.8	0	0
C14	13040.9	0.968239	99998.8	0	0
Al28	26058.3	0.184773	99998.8	0	0
neutron	939.565	5.16577	99998.8	0	0
neutron	939.565	4.98249	99998.8	0	0
proton	938.272	4.00449	99998.8	0	0
neutron	939.565	2.38282	99998.8	0	0
C12	11174.9	2.58428	99998.8	0	0
neutron	939.565	22.8207	99998.7	0	0
proton	938.272	21.5068	99998.7	0	0
neutron	939.565	2.23445	99998.7	0	0
C13	12109.5	0.0832545	99998.7	0	0
neutron	939.565	7.97164	99998.8	0	0
proton	938.272	3.79696	99998.8	0	0
neutron	939.565	2.99857	99998.8	0	0
neutron	939.565	1.19611	99998.8	0	0
C12	11174.9	0.42642	99998.8	0	0
neutron	939.565	2.00958	99998.7	0	0
Mn55	51161.7	0.0662379	99998.7	0	0
N16	14906	0.281552	99998.7	0	0
neutron	939.565	13.4448	99998.8	0	0
neutron	939.565	3.20844	99998.8	0	0
N14	13040.2	1.44372	99998.8	0	0
Na24	22341.8	0.183048	99998.7	0	0
neutron	939.565	20.1133	99998.7	0	0
proton	938.272	7.36994	99998.7	0	0
neutron	939.565	1.09397	99998.7	0	0
C13	12109.5	0.445049	99998.7	0	0
neutron	939.565	1.58336	99998.8	0	0
Mn55	51161.7	0.127155	99998.8	0	0
Na24	22341.8	0.188231	99998.9	0	0
neutron	939.565	0.888471	99998.8	0	0
N15	13968.9	0.136282	99998.8	0	0
Na24	22341.8	0.216938	99998.7	0	0
Na24	22341.8	0.191998	99998.7	0	0
Na24	22341.8	0.200132	99998.8	0	0
neutron	939.565	3.12634	99998.7	0	0
deuteron	1875.61	3.76074	99998.7	0	0
deuteron	1875.61	5.31906	99998.7	0	0
alpha	3727.38	4.268	99998.7	0	0
N15	13968.9	2.11551	99998.7	0	0
proton	938.272	11.2817	99998.8	0	0
neutron	939.565	5.15604	99998.8	0	0
neutron	939.565	2.44814	99998.8	0	0
Mg25	23268	0.22749	99998.8	0	0
neutron	939.565	0.825864	99998.7	0	0
Al27	25126.5	0.301425	99998.7	0	0
neutron	939.565	37.0365	99998.8	0	0
neutron	939.565	35.2515	99998.8	0	0
Al27	25126.5	0.256413	99998.8	0	0
Al28	26058.3	0.176774	99998.8	0	0
Na25	23272.4	0.208316	99998.8	0	0
Al28	26058.3	0.18505	99998.7	0	0
Na24	22341.8	0.197657	99998.8	0	0
neutron	939.565	5.34896	99998.7	0	0
neutron	939.565	5.16557	99998.7	0	0
deuteron	1875.61	10.5792	99998.7	0	0
Ne20	18617.7	2.24194	99998.7	0	0
neutron	939.565	0.423995	99998.8	0	0
Na23	21409.2	0.150549	99998.8	0	0
neutron	939.565	7.86492	99998.7	0	0
proton	938.272	5.00588	99998.7	0	0
neutron	939.565	2.60783	99998.7	0	0
neutron	939.565	1.65319	99998.7	0	0
Ne20	18617.7	1.64023	99998.7	0	0
neutron	939.565	18.5635	99998.8	0	0
proton	938.272	2.14195	99998.8	0	0
Mg26	24196.5	1.28921	99998.8	0	0
Al28	26058.3	0.172704	99998.8	0	0
Na24	22341.8	0.210273	99998.7	0	0
proton	938.272	27.0962	99998.8	0	0
proton	938.272	19.8116	99998.8	0	0
neutron	939.565	2.66401	99998.8	0	0
F21	19556.7	4.0941	99998.8	0	0
neutron	939.565	9.23763	99998.8	0	0
proton	938.272	1.81245	99998.8	0	0
Ne22	20479.7	0.322714	99998.8	0	0
Na24	22341.8	0.203907	99998.8	0	0
neutron	939.565	3.67745	99998.9	0	0
Al27	25126.5	0.0628615	99998.9	0	0
Al28	26058.3	0.190084	99998.7	0	0
neutron	939.565	2.12827	99998.7	0	0
N15	13968.9	0.506354	99998.7	0	0
Al28	26058.3	0.189113	99998.7	0	0
Al28	26058.3	0.176481	99998.7	0	0
Na24	22341.8	0.202973	99998.7	0	0
neutron	939.565	1.29003	99998.8	0	0
neutron	939.565	0.314595	99998.8	0	0
deuteron	1875.61	12.6466	99998.8	0	0
Mg24	22335.8	0.817148	99998.8	0	0
neutron	939.565	6.96072	99998.9	0	0
neutron	939.565	4.51952	99998.9	0	0
proton	938.272	3.54158	99998.9	0	0
deuteron	1875.61	3.24361	99998.9	0	0
Na23	21409.2	1.07491	99998.9	0	0
neutron	939.565	21.6432	99998.8	0	0
proton	938.272	3.91539	99998.8	0	0
Ne22	20479.7	1.11595	99998.8	0	0
proton	938.272	2.27398	99998.7	0	0
neutron	939.565	0.954157	99998.7	0	0
Mg26	24196.5	0.0234441	99998.7	0	0
Na24	22341.8	0.187941	99998.8	0	0
Al28	26058.3	0.155293	99998.8	0	0
neutron	939.565	1.50913	99998.8	0	0
neutron	939.565	1.01657	99998.8	0	0
neutron	939.565	0.653038	99998.8	0	0
Na23	21409.2	0.418369	99998.8	0	0
neutron	939.565	15.2753	99998.7	0	0
neutron	939.565	9.59236	99998.7	0	0
neutron	939.565	4.75172	99998.7	0	0
proton	938.272	2.22799	99998.7	0	0
Mg25	23268	2.14988	99998.7	0	0
proton	938.272	44.578	99998.9	0	0
neutron	939.565	3.94434	99998.9	0	0
neutron	939.565	3.23866	99998.9	0	0
neutron	939.565	1.65228	99998.9	0	0
Mg24	22335.8	0.23271	99998.9	0	0
Na24	22341.8	0.218447	99998.7	0	0
proton	938.272	4.31794	99998.8	0	0
neutron	939.565	4.16964	99998.8	0	0
neutron	939.565	3.83035	99998.8	0	0
Mg26	24196.5	0.673814	99998.8	0	0
Na24	22341.8	0.196128	99998.8	0	0
Na25	23272.4	0.200215	99998.8	0	0
neutron	939.565	46.2663	99998.7	0	0
neutron	939.565	1.96737	99998.7	0	0
proton	938.272	1.93715	99998.7	0	0
C13	12109.5	4.00816	99998.7	0	0
neutron	939.565	5.76122	99998.8	0	0
proton	938.272	1.85309	99998.8	0	0
neutron	939.565	0.691753	99998.8	0	0
C13	12109.5	0.373288	99998.8	0	0
proton	938.272	25.2454	99998.8	0	0
deuteron	1875.61	2.59407	99998.8	0	0
Na26	24206.4	1.13183	99998.8	0	0
neutron	939.565	36.5427	99998.7	0	0
neutron	939.565	2.12053	99998.7	0	0
neutron	939.565	0.83879	99998.7	0	0
Mn53	49301.8	0.551552	99998.7	0	0
Na26	24206.4	0.182122	99998.7	0	0
neutron	939.565	28.574	99998.8	0	0
proton	938.272	10.4547	99998.8	0	0
neutron	939.565	5.71181	99998.8	0	0
C13	12109.5	1.07047	99998.8	0	0
Na24	22341.8	0.215863	99998.8	0	0
neutron	939.565	6.29804	99998.8	0	0
Al27	25126.5	0.461638	99998.8	0	0
Al28	26058.3	0.17079	99998.8	0	0
proton	938.272	20.3947	99998.8	0	0
neutron	939.565	2.15199	99998.8	0	0
C14	13040.9	0.968283	99998.8	0	0
Al28	26058.3	0.168842	99998.8	0	0
Mn56	52094	0.0954085	99998.8	0	0
neutron	939.565	6.4328	99998.8	0	0
proton	938.272	5.36963	99998.8	0	0
C14	13040.9	1.70102	99998.8	0	0
neutron	939.565	27.2803	99998.7	0	0
neutron	939.565	8.03779	99998.7	0	0
neutron	939.565	0.718465	99998.7	0	0
N13	12111.2	0.232984	99998.7	0	0
neutron	939.565	5.84071	99998.8	0	0
Na23	21409.2	0.127178	99998.8	0	0
Na24	22341.8	0.203914	99998.7	0	0
Al28	26058.3	0.18585	99998.8	0	0
Na26	24206.4	0.184984	99998.8	0	0
proton	938.272	4.86289	99998.8	0	0
neutron	939.565	2.32312	99998.8	0	0
neutron	939.565	1.04701	99998.8	0	0
Ne22	20479.7	0.208457	99998.8	0	0
neutron	939.565	17.1024	99998.8	0	0
neutron	939.565	2.65204	99998.8	0	0
deuteron	1875.61	12.5931	99998.8	0	0
C12	11174.9	3.63879	99998.8	0	0
neutron	939.565	16.9555	99998.8	0	0
proton	938.272	3.80069	99998.8	0	0
neutron	939.565	2.50195	99998.8	0	0
neutron	939.565	1.30323	99998.8	0	0
C12	11174.9	4.89279	99998.8	0	0
neutron	939.565	18.2607	99998.8	0	0
neutron	939.565	8.97922	99998.8	0	0
proton	938.272	6.33193	99998.8	0	0
C13	12109.5	0.482296	99998.8	0	0
neutron	939.565	1.13336	99998.8	0	0
Na23	21409.2	0.0520248	99998.8	0	0
Al28	26058.3	0.182703	99998.7	0	0
Na24	22341.8	0.21127	99998.8	0	0
N16	14906	0.293409	99998.8	0	0
proton	938.272	42.3221	99998.7	0	0
neutron	939.565	2.27173	99998.7	0	0
neutron	939.565	1.44253	99998.7	0	0
C13	12109.5	1.84028	99998.7	0	0
proton	938.272	9.19966	99998.8	0	0
neutron	939.565	7.00473	99998.8	0	0
neutron	939.565	2.52838	99998.8	0	0
C13	12109.5	0.452534	99998.8	0	0
Na24	22341.8	0.207352	99998.7	0	0
Na24	22341.8	0.189971	99998.7	0	0
Na24	22341.8	0.19797	99998.8	0	0
Al28	26058.3	0.18345	99998.8	0	0
Na24	22341.8	0.216789	99998.8	0	0
Na25	23272.4	0.207185	99998.8	0	0
Al28	26058.3	0.190811	99998.7	0	0
proton	938.272	4.11198	99998.8	0	0
neutron	939.565	3.27427	99998.8	0	0
neutron	939.565	0.663226	99998.8	0	0
Ne21	19550.5	0.051428	99998.8	0	0
neutron	939.565	0.782531	99998.8	0	0
Na23	21409.2	0.336728	99998.8	0	0
Al28	26058.3	0.188875	99998.8	0	0
Al28	26058.3	0.176412	99998.9	0	0
Na24	22341.8	0.212706	99998.8	0	0
proton	938.272	3.67103	99998.8	0	0
neutron	939.565	3.47551	99998.8	0	0
Ne22	20479.7	0.116223	99998.8	0	0
N16	14906	0.273653	99998.8	0	0
Na24	22341.8	0.195509	99998.8	0	0
neutron	939.565	20.3822	99998.8	0	0
proton	938.272	17.9674	99998.8	0	0
alpha	3727.38	5.5335	99998.8	0	0
Be10	9325.5	4.45954	99998.8	0	0
Mn56	52094	0.0898067	99998.8	0	0
neutron	939.565	23.5146	99998.8	0	0
proton	938.272	2.72909	99998.8	0	0
neutron	939.565	1.59672	99998.8	0	0
Mg25	23268	0.50632	99998.8	0	0
neutron	939.565	6.77685	99998.9	0	0
neutron	939.565	6.00452	99998.9	0	0
proton	938.272	5.92434	99998.9	0	0
Mg25	23268	0.356265	99998.9	0	0
neutron	939.565	1.27333	99998.8	0	0
Na23	21409.2	0.255188	99998.8	0	0
Na24	22341.8	0.197927	99998.7	0	0
neutron	939.565	8.13064	99998.8	0	0
neutron	939.565	5.61768	99998.8	0	0
proton	938.272	5.26775	99998.8	0	0
neutron	939.565	1.25292	99998.8	0	0
Mg24	22335.8	0.607488	99998.8	0	0
proton	938.272	32.3242	99998.8	0	0
neutron	939.565	1.83029	99998.8	0	0
C14	13040.9	1.11783	99998.8	0	0
neutron	939.565	12.2574	99998.7	0	0
neutron	939.565	1.58733	99998.7	0	0
deuteron	1875.61	5.1853	99998.7	0	0
alpha	3727.38	5.42288	99998.7	0	0
O16	14895.1	0.917221	99998.7	0	0
Al28	26058.3	0.190003	99998.8	0	0
neutron	939.565	14.3032	99998.8	0	0
proton	938.272	6.92432	99998.8	0	0
neutron	939.565	2.34362	99998.8	0	0
neutron	939.565	1.16878	99998.8	0	0
Ne20	18617.7	0.370638	99998.8	0	0
Na24	22341.8	0.193334	99998.7	0	0
Na24	22341.8	0.204351	99998.8	0	0
Mn56	52094	0.0874637	99998.8	0	0
neutron	939.565	7.29673	99998.7	0	0
neutron	939.565	4.09111	99998.7	0	0
proton	938.272	1.94175	99998.7	0	0
Mg25	23268	0.545751	99998.7	0	0
Al29	26988.5	0.185003	99998.8	0	0
neutron	939.565	5.68909	99998.7	0	0
Na23	21409.2	0.785409	99998.7	0	0
neutron	939.565	36.7383	99998.7	0	0
proton	938.272	6.26053	99998.7	0	0
neutron	939.565	0.374812	99998.7	0	0
C13	12109.5	2.87019	99998.7	0	0
neutron	939.565	6.83507	99998.8	0	0
neutron	939.565	0.969524	99998.8	0	0
deuteron	1875.61	5.42879	99998.8	0	0
C12	11174.9	1.85973	99998.8	0	0
neutron	939.565	9.80882	99998.7	0	0
proton	938.272	5.5523	99998.7	0	0
neutron	939.565	1.49797	99998.7	0	0
neutron	939.565	1.49427	99998.7	0	0
Mg24	22335.8	2.21785	99998.7	0	0
Na24	22341.8	0.218496	99998.7	0	0
neutron	939.565	7.41985	99998.8	0	0
proton	938.272	6.02554	99998.8	0	0
neutron	939.565	5.02316	99998.8	0	0
Mg25	23268	0.292357	99998.8	0	0
neutron	939.565	22.7868	99998.8	0	0
neutron	939.565	4.99518	99998.8	0	0
neutron	939.565	3.61567	99998.8	0	0
proton	938.272	2.54733	99998.8	0	0
Ne20	18617.7	0.199095	99998.8	0	0
proton	938.272	19.5595	99998.8	0	0
neutron	939.565	2.65347	99998.8	0	0
Ne22	20479.7	1.20682	99998.8	0	0
proton	938.272	12.3029	99998.8	0	0
neutron	939.565	3.93906	99998.8	0	0
neutron	939.565	2.27433	99998.8	0	0
Cr53	49301.7	0.417793	99998.8	0	0
deuteron	1875.61	7.25252	99998.8	0	0
triton	2808.92	7.9699	99998.8	0	0
B11	10252.5	4.23138	99998.8	0	0
neutron	939.565	0.64619	99998.8	0	0
Na23	21409.2	0.110739	99998.8	0	0
Al28	26058.3	0.178507	99998.8	0	0
neutron	939.565	2.01609	99998.8	0	0
N15	13968.9	0.496872	99998.8	0	0
neutron	939.565	0.354337	99998.8	0	0
Na23	21409.2	0.169085	99998.8	0	0
Na24	22341.8	0.197405	99998.8	0	0
neutron	939.565	6.18259	99998.8	0	0
neutron	939.565	2.7992	99998.8	0	0
proton	938.272	2.02718	99998.8	0	0
neutron	939.565	0.458984	99998.8	0	0
Ne20	18617.7	0.598177	99998.8	0	0
Al28	26058.3	0.179947	99998.8	0	0
neutron	939.565	2.25006	99998.7	0	0
Al27	25126.5	0.166109	99998.7	0	0
Na24	22341.8	0.218534	99998.7	0	0
neutron	939.565	24.8918	99998.8	0	0
proton	938.272	4.57959	99998.8	0	0
neutron	939.565	1.15771	99998.8	0	0
neutron	939.565	1.08116	99998.8	0	0
Mg24	22335.8	2.0558	99998.8	0	0
neutron	939.565	15.8598	99998.8	0	0
neutron	939.565	8.34816	99998.8	0	0
Na22	20482.1	0.953204	99998.8	0	0
Na24	22341.8	0.208424	99998.7	0	0
neutron	939.565	7.29599	99998.7	0	0
proton	938.272	4.25566	99998.7	0	0
alpha	3727.38	9.83132	99998.7	0	0
Ne22	20479.7	1.19602	99998.7	0	0
neutron	939.565	11.6263	99998.8	0	0
proton	938.272	6.60892	99998.8	0	0
Ne22	20479.7	0.987568	99998.8	0	0
proton	938.272	12.1619	99998.7	0	0
neutron	939.565	5.03539	99998.7	0	0
neutron	939.565	2.16953	99998.7	0	0
neutron	939.565	0.657953	99998.7	0	0
Mg24	22335.8	0.876769	99998.7	0	0
neutron	939.565	1.04555	99998.7	0	0
Na23	21409.2	0.136616	99998.7	0	0
proton	938.272	19.0406	99998.8	0	0
proton	938.272	13.0944	99998.8	0	0
neutron	939.565	1.52996	99998.8	0	0
B13	12123.4	2.31869	99998.8	0	0
Al28	26058.3	0.157382	99998.7	0	0
Na24	22341.8	0.214286	99998.8	0	0
neutron	939.565	2.43007	99998.8	0	0
Mn55	51161.7	0.118103	99998.8	0	0
neutron	939.565	12.8208	99998.8	0	0
neutron	939.565	3.76455	99998.8	0	0
N14	13040.2	0.882331	99998.8	0	0
neutron	939.565	9.35921	99998.8	0	0
neutron	939.565	4.72715	99998.8	0	0
deuteron	1875.61	7.73635	99998.8	0	0
alpha	3727.38	6.53932	99998.8	0	0
O16	14895.1	3.58104	99998.8	0	0
neutron	939.565	9.45877	99998.8	0	0
neutron	939.565	7.4391	99998.8	0	0
neutron	939.565	6.545	99998.8	0	0
proton	938.272	3.15324	99998.8	0	0
alpha	3727.38	10.1785	99998.8	0	0
alpha	3727.38	4.68506	99998.8	0	0
alpha	3727.38	3.51507	99998.8	0	0
neutron	939.565	0.242454	99998.8	0	0
Mn55	51161.7	0.0905371	99998.8	0	0
Al29	26988.5	0.163689	99998.8	0	0
neutron	939.565	0.0679731	99998.9	0	0
N15	13968.9	0.246624	99998.9	0	0
neutron	939.565	9.3553	99998.8	0	0
neutron	939.565	9.2404	99998.8	0	0
deuteron	1875.61	6.84614	99998.8	0	0
alpha	3727.38	2.90635	99998.8	0	0
Be8	7454.85	3.83426	99998.8	0	0
Na24	22341.8	0.216088	99998.8	0	0
Al28	26058.3	0.189441	99998.7	0	0
N16	14906	0.298457	99998.8	0	0
N16	14906	0.268561	99998.7	0	0
Na24	22341.8	0.212711	99998.8	0	0
Na25	23272.4	0.214329	99998.8	0	0
neutron	939.565	7.81515	99998.8	0	0
neutron	939.565	6.47005	99998.8	0	0
proton	938.272	5.19073	99998.8	0	0
neutron	939.565	4.95112	99998.8	0	0
Cr52	48370	0.968557	99998.8	0	0
neutron	939.565	10.4852	99998.8	0	0
proton	938.272	5.69001	99998.8	0	0
neutron	939.565	3.34768	99998.8	0	0
neutron	939.565	2.55957	99998.8	0	0
Cr52	48370	0.549562	99998.8	0	0
neutron	939.565	27.1463	99998.7	0	0
neutron	939.565	11.7977	99998.7	0	0
proton	938.272	8.03299	99998.7	0	0
Ne21	19550.5	1.13103	99998.7	0	0
neutron	939.565	2.5536	99998.7	0	0
Na23	21409.2	0.416639	99998.7	0	0
Na24	22341.8	0.200893	99998.7	0	0
Na24	22341.8	0.212332	99998.7	0	0
neutron	939.565	2.26288	99998.8	0	0
Na23	21409.2	0.221144	99998.8	0	0
Al28	26058.3	0.178066	99998.8	0	0
neutron	939.565	7.65386	99998.7	0	0
proton	938.272	3.88946	99998.7	0	0
neutron	939.565	2.3726	99998.7	0	0
neutron	939.565	0.852718	99998.7	0	0
Ne20	18617.7	1.25331	99998.7	0	0
Na24	22341.8	0.218212	99998.9	0	0
neutron	939.565	0.219439	99998.8	0	0
Na23	21409.2	0.156242	99998.8	0	0
Na24	22341.8	0.211557	99998.7	0	0
Na24	22341.8	0.214792	99998.8	0	0
Na24	22341.8	0.21343	99998.9	0	0
Al28	26058.3	0.171613	99998.7	0	0
neutron	939.565	17.9752	99998.7	0	0
neutron	939.565	7.54849	99998.7	0	0
proton	938.272	4.6517	99998.7	0	0
neutron	939.565	2.29614	99998.7	0	0
C12	11174.9	2.06841	99998.7	0	0
Al28	26058.3	0.18977	99998.8	0	0
N16	14906	0.284893	99998.8	0	0
neutron	939.565	25.2715	99998.8	0	0
proton	938.272	17.3178	99998.8	0	0
neutron	939.565	1.80945	99998.8	0	0
Mg25	23268	0.227328	99998.8	0	0
Al28	26058.3	0.16263	99998.9	0	0
neutron	939.565	8.01487	99998.7	0	0
proton	938.272	3.01078	99998.7	0	0
Mg26	24196.5	0.514682	99998.7	0	0
neutron	939.565	1.41874	99998.8	0	0
Al27	25126.5	0.113018	99998.8	0	0
neutron	939.565	6.55023	99998.8	0	0
neutron	939.565	2.89026	99998.8	0	0
proton	938.272	1.28339	99998.8	0	0
deuteron	1875.61	14.8568	99998.8	0	0
B11	10252.5	3.28124	99998.8	0	0
Na24	22341.8	0.192545	99998.8	0	0
neutron	939.565	5.07443	99998.7	0	0
Al27	25126.5	0.539892	99998.7	0	0
neutron	939.565	3.01993	99998.7	0	0
Na23	21409.2	0.344222	99998.7	0	0
neutron	939.565	2.07089	99998.8	0	0
Mn55	51161.7	0.194509	99998.8	0	0
neutron	939.565	12.7708	99998.8	0	0
proton	938.272	3.41388	99998.8	0	0
neutron	939.565	1.70628	99998.8	0	0
C13	12109.5	0.98348	99998.8	0	0
neutron	939.565	5.85996	99998.9	0	0
proton	938.272	5.41945	99998.9	0	0
neutron	939.565	4.82405	99998.9	0	0
neutron	939.565	1.38364	99998.9	0	0
Ne20	18617.7	1.20828	99998.9	0	0
neutron	939.565	1.34425	99998.8	0	0
Mn55	51161.7	0.17198	99998.8	0	0
neutron	939.565	0.102356	99998.9	0	0
Al27	25126.5	0.196946	99998.9	0	0
N16	14906	0.290958	99998.7	0	0
Na24	22341.8	0.214358	99998.7	0	0
Na24	22341.8	0.195257	99998.8	0	0
N16	14906	0.297357	99998.7	0	0
Al28	26058.3	0.187347	99998.7	0	0
neutron	939.565	18.4627	99998.8	0	0
neutron	939.565	3.64712	99998.8	0	0
proton	938.272	3.60708	99998.8	0	0
Mg25	23268	1.5274	99998.8	0	0
neutron	939.565	0.0862531	99998.8	0	0
Na23	21409.2	0.215438	99998.8	0	0
neutron	939.565	14.4918	99998.8	0	0
neutron	939.565	1.18479	99998.8	0	0
neutron	939.565	1.11686	99998.8	0	0
Na23	21409.2	0.711429	99998.8	0	0
proton	938.272	2.19861	99998.8	0	0
neutron	939.565	2.19625	99998.8	0	0
Ne22	20479.7	0.166081	99998.8	0	0
neutron	939.565	7.43139	99998.8	0	0
proton	938.272	5.58455	99998.8	0	0
neutron	939.565	0.406969	99998.8	0	0
neutron	939.565	0.187998	99998.8	0	0
Mg24	22335.8	0.963988	99998.8	0	0
N16	14906	0.285345	99998.7	0	0
neutron	939.565	0.283891	99998.8	0	0
Na23	21409.2	0.255372	99998.8	0	0
neutron	939.565	11.3012	99998.8	0	0
neutron	939.565	2.35453	99998.8	0	0
N14	13040.2	1.23249	99998.8	0	0
N16	14906	0.290738	99998.8	0	0
Na24	22341.8	0.198724	99998.7	0	0
Al28	26058.3	0.17765	99998.8	0	0
neutron	939.565	0.174466	99998.8	0	0
Na23	21409.2	0.188182	99998.8	0	0
proton	938.272	2.33831	99998.7	0	0
neutron	939.565	1.55924	99998.7	0	0
Ne22	20479.7	0.07192	99998.7	0	0
neutron	939.565	0.850199	99998.7	0	0
Na23	21409.2	0.261191	99998.7	0	0
neutron	939.565	50.0761	99998.7	0	0
Na25	23272.4	2.31742	99998.7	0	0
Al28	26058.3	0.179965	99998.8	0	0
Na24	22341.8	0.215086	99998.7	0	0
neutron	939.565	0.932467	99998.8	0	0
Al27	25126.5	0.267138	99998.8	0	0
proton	938.272	5.66914	99998.8	0	0
neutron	939.565	4.04159	99998.8	0	0
neutron	939.565	1.34385	99998.8	0	0
Ne23	21414.1	0.42818	99998.8	0	0
Al28	26058.3	0.180197	99998.8	0	0
Na24	22341.8	0.218314	99998.8	0	0
neutron	939.565	5.40376	99998.8	0	0
proton	938.272	3.18879	99998.8	0	0
neutron	939.565	1.72694	99998.8	0	0
neutron	939.565	1.37786	99998.8	0	0
Ne20	18617.7	0.578157	99998.8	0	0
proton	938.272	10.1703	99998.8	0	0
neutron	939.565	3.471	99998.8	0	0
neutron	939.565	1.12147	99998.8	0	0
Ne21	19550.5	0.424451	99998.8	0	0
neutron	939.565	0.627817	99998.7	0	0
Na23	21409.2	0.307445	99998.7	0	0
Na24	22341.8	0.218911	99998.7	0	0
neutron	939.565	8.62213	99998.7	0	0
neutron	939.565	0.547076	99998.7	0	0
deuteron	1875.61	7.92952	99998.7	0	0
alpha	3727.38	7.94319	99998.7	0	0
O16	14895.1	3.31942	99998.7	0	0
neutron	939.565	24.0429	99998.8	0	0
proton	938.272	22.6299	99998.8	0	0
neutron	939.565	1.80621	99998.8	0	0
neutron	939.565	0.398598	99998.8	0	0
Mg24	22335.8	1.12411	99998.8	0	0
neutron	939.565	12.4109	99998.7	0	0
proton	938.272	4.48378	99998.7	0	0
Mg26	24196.5	0.528424	99998.7	0	0
Na24	22341.8	0.212149	99998.8	0	0
Al28	26058.3	0.156993	99998.7	0	0
Na24	22341.8	0.203888	99998.8	0	0
proton	938.272	12.9326	99998.7	0	0
neutron	939.565	10.036	99998.7	0	0
neutron	939.565	4.31751	99998.7	0	0
neutron	939.565	2.21259	99998.7	0	0
Ne20	18617.7	0.287416	99998.7	0	0
neutron	939.565	13.1819	99998.8	0	0
neutron	939.565	4.21258	99998.8	0	0
proton	938.272	2.76274	99998.8	0	0
neutron	939.565	2.64747	99998.8	0	0
neutron	939.565	1.39247	99998.8	0	0
Ne20	18617.7	0.580696	99998.8	0	0
Al28	26058.3	0.190767	99998.7	0	0
neutron	939.565	5.0071	99998.8	0	0
proton	938.272	2.05755	99998.8	0	0
neutron	939.565	1.10341	99998.8	0	0
Ne22	20479.7	0.736664	99998.8	0	0
neutron	939.565	16.6002	99998.8	0	0
proton	938.272	8.77616	99998.8	0	0
neutron	939.565	3.93848	99998.8	0	0
neutron	939.565	2.23402	99998.8	0	0
Mg24	22335.8	0.911098	99998.8	0	0
proton	938.272	9.34906	99998.8	0	0
proton	938.272	9.2061	99998.8	0	0
neutron	939.565	8.11695	99998.8	0	0
neutron	939.565	2.54159	99998.8	0	0
neutron	939.565	1.34156	99998.8	0	0
alpha	3727.38	3.69499	99998.8	0	0
N15	13968.9	1.83391	99998.8	0	0
neutron	939.565	0.179271	99998.8	0	0
Na23	21409.2	0.244217	99998.8	0	0
neutron	939.565	11.4304	99998.8	0	0
neutron	939.565	5.98512	99998.8	0	0
neutron	939.565	5.84377	99998.8	0	0
proton	938.272	1.65769	99998.8	0	0
C12	11174.9	0.652746	99998.8	0	0
neutron	939.565	0.806837	99998.8	0	0
Na23	21409.2	0.17535	99998.8	0	0
neutron	939.565	14.0254	99998.8	0	0
proton	938.272	2.40451	99998.8	0	0
neutron	939.565	1.10805	99998.8	0	0
Mg25	23268	0.924739	99998.8	0	0
neutron	939.565	14.7281	99998.7	0	0
proton	938.272	7.61212	99998.7	0	0
neutron	939.565	0.871825	99998.7	0	0
C13	12109.5	1.02725	99998.7	0	0
neutron	939.565	0.0557822	99998.7	0	0
N15	13968.9	0.294546	99998.7	0	0
N16	14906	0.290413	99998.8	0	0
neutron	939.565	17.914	99998.8	0	0
neutron	939.565	5.32084	99998.8	0	0
proton	938.272	4.02284	99998.8	0	0
neutron	939.565	0.98217	99998.8	0	0
C12	11174.9	1.4552	99998.8	0	0
proton	938.272	4.89044	99998.9	0	0
neutron	939.565	4.21972	99998.9	0	0
neutron	939.565	0.773031	99998.9	0	0
Ne21	19550.5	0.179866	99998.9	0	0
neutron	939.565	1.28675	99998.8	0	0
Al27	25126.5	0.157842	99998.8	0	0
proton	938.272	11.6795	99998.8	0	0
neutron	939.565	6.65428	99998.8	0	0
neutron	939.565	3.38478	99998.8	0	0
neutron	939.565	0.44174	99998.8	0	0
Ne20	18617.7	1.40352	99998.8	0	0
neutron	939.565	1.07988	99998.8	0	0
deuteron	1875.61	5.80823	99998.8	0	0
Mg25	23268	1.00153	99998.8	0	0
proton	938.272	13.2274	99998.8	0	0
proton	938.272	7.47795	99998.8	0	0
neutron	939.565	3.90689	99998.8	0	0
Na25	23272.4	0.251593	99998.8	0	0
neutron	939.565	1.55502	99998.8	0	0
Al27	25126.5	0.334093	99998.8	0	0
neutron	939.565	12.7935	99998.8	0	0
neutron	939.565	4.83055	99998.8	0	0
neutron	939.565	4.67559	99998.8	0	0
proton	938.272	3.01231	99998.8	0	0
alpha	3727.38	5.25321	99998.8	0	0
Be8	7454.85	2.1849	99998.8	0	0
neutron	939.565	8.69775	99998.8	0	0
Na23	21409.2	0.472512	99998.8	0	0
neutron	939.565	0.289411	99998.8	0	0
Al27	25126.5	0.142741	99998.8	0	0
neutron	939.565	12.8001	99998.8	0	0
neutron	939.565	2.1616	99998.8	0	0
proton	938.272	1.54256	99998.8	0	0
Ne21	19550.5	1.66872	99998.8	0	0
Mn56	52094	0.0955796	99998.7	0	0
Na24	22341.8	0.212278	99998.8	0	0
Na24	22341.8	0.219644	99998.7	0	0
neutron	939.565	4.97993	99998.7	0	0
proton	938.272	3.65254	99998.7	0	0
neutron	939.565	2.82595	99998.7	0	0
neutron	939.565	0.462996	99998.7	0	0
Mg24	22335.8	0.122579	99998.7	0	0
proton	938.272	28.5057	99998.7	0	0
neutron	939.565	6.52914	99998.7	0	0
Ne22	20479.7	0.788103	99998.7	0	0
Al28	26058.3	0.183083	99998.7	0	0
neutron	939.565	11.3595	99998.7	0	0
proton	938.272	6.06513	99998.7	0	0
neutron	939.565	0.403737	99998.7	0	0
Ne21	19550.5	1.08789	99998.7	0	0
neutron	939.565	2.93999	99998.8	0	0
Na23	21409.2	0.438263	99998.8	0	0
neutron	939.565	3.45372	99998.8	0	0
neutron	939.565	0.571367	99998.8	0	0
N14	13040.2	0.754572	99998.8	0	0
neutron	939.565	10.19	99998.8	0	0
proton	938.272	7.58009	99998.8	0	0
triton	2808.92	9.3371	99998.8	0	0
B11	10252.5	6.03118	99998.8	0	0
proton	938.272	28.6452	99998.7	0	0
neutron	939.565	8.0574	99998.7	0	0
neutron	939.565	1.6415	99998.7	0	0
neutron	939.565	0.109248	99998.7	0	0
Ne20	18617.7	1.1071	99998.7	0	0
neutron	939.565	18.9484	99998.8	0	0
proton	938.272	7.08592	99998.8	0	0
neutron	939.565	3.5446	99998.8	0	0
Ne21	19550.5	0.207563	99998.8	0	0
Na26	24206.4	0.186055	99998.8	0	0
proton	938.272	2.77181	99998.7	0	0
Mg27	25129.6	0.0779431	99998.7	0	0
proton	938.272	26.0213	99998.7	0	0
neutron	939.565	15.6478	99998.7	0	0
neutron	939.565	1.49274	99998.7	0	0
Mg25	23268	0.661042	99998.7	0	0
Na24	22341.8	0.186741	99998.9	0	0
Al28	26058.3	0.185698	99998.8	0	0
neutron	939.565	1.87461	99998.7	0	0
neutron	939.565	0.296329	99998.7	0	0
alpha	3727.38	8.33723	99998.7	0	0
Na22	20482.1	2.64014	99998.7	0	0
neutron	939.565	18.0534	99998.8	0	0
proton	938.272	7.5304	99998.8	0	0
Ne22	20479.7	2.45942	99998.8	0	0
neutron	939.565	0.117921	99998.8	0	0
Na23	21409.2	0.220405	99998.8	0	0
Al28	26058.3	0.179046	99998.8	0	0
Al28	26058.3	0.172895	99998.7	0	0
neutron	939.565	25.1749	99998.7	0	0
proton	938.272	8.8918	99998.7	0	0
neutron	939.565	6.44834	99998.7	0	0
neutron	939.565	2.15374	99998.7	0	0
alpha	3727.38	6.39754	99998.7	0	0
Be8	7454.85	0.437218	99998.7	0	0
proton	938.272	14.0367	99998.7	0	0
neutron	939.565	3.37762	99998.7	0	0
neutron	939.565	0.508102	99998.7	0	0
Mg25	23268	0.450026	99998.7	0	0
Al28	26058.3	0.178828	99998.8	0	0
Mn56	52094	0.0880595	99998.7	0	0
neutron	939.565	35.2747	99998.8	0	0
proton	938.272	3.76267	99998.8	0	0
neutron	939.565	1.34398	99998.8	0	0
C13	12109.5	2.26137	99998.8	0	0
proton	938.272	9.16509	99998.9	0	0
neutron	939.565	7.36453	99998.9	0	0
proton	938.272	5.94129	99998.9	0	0
B13	12123.4	0.450248	99998.9	0	0
proton	938.272	8.82979	99998.8	0	0
neutron	939.565	8.4193	99998.8	0	0
neutron	939.565	1.48145	99998.8	0	0
Ne21	19550.5	0.0879647	99998.8	0	0
Na24	22341.8	0.189015	99998.7	0	0
Na24	22341.8	0.206796	99998.8	0	0
neutron	939.565	6.69817	99998.8	0	0
neutron	939.565	6.10139	99998.8	0	0
deuteron	1875.61	3.83822	99998.8	0	0
alpha	3727.38	7.49853	99998.8	0	0
alpha	3727.38	7.52601	99998.8	0	0
alpha	3727.38	2.2528	99998.8	0	0
proton	938.272	10.1217	99998.7	0	0
neutron	939.565	9.29781	99998.7	0	0
neutron	939.565	3.35551	99998.7	0	0
neutron	939.565	2.06868	99998.7	0	0
Ne22	20479.7	1.29705	99998.7	0	0
Al28	26058.3	0.184734	99998.8	0	0
proton	938.272	11.8113	99998.8	0	0
neutron	939.565	4.2345	99998.8	0	0
neutron	939.565	3.2998	99998.8	0	0
neutron	939.565	1.40671	99998.8	0	0
neutron	939.565	1.24255	99998.8	0	0
Mg23	21412.8	2.26004	99998.8	0	0
proton	938.272	5.56539	99998.8	0	0
neutron	939.565	3.76141	99998.8	0	0
neutron	939.565	1.45687	99998.8	0	0
neutron	939.565	1.20567	99998.8	0	0
Mg24	22335.8	0.600556	99998.8	0	0
neutron	939.565	18.2364	99998.8	0	0
neutron	939.565	9.92504	99998.8	0	0
neutron	939.565	6.71144	99998.8	0	0
proton	938.272	1.31774	99998.8	0	0
C12	11174.9	1.17783	99998.8	0	0
Al28	26058.3	0.177784	99998.7	0	0
neutron	939.565	13.2765	99998.9	0	0
proton	938.272	9.02859	99998.9	0	0
neutron	939.565	6.52949	99998.9	0	0
neutron	939.565	6.50509	99998.9	0	0
alpha	3727.38	3.52066	99998.9	0	0
O16	14895.1	1.37144	99998.9	0	0
neutron	939.565	45.5688	99998.7	0	0
proton	938.272	10.4642	99998.7	0	0
neutron	939.565	0.680847	99998.7	0	0
Mg25	23268	2.60815	99998.7	0	0
Na24	22341.8	0.218075	99998.8	0	0
Na24	22341.8	0.191931	99998.8	0	0
neutron	939.565	6.18904	99998.8	0	0
proton	938.272	4.27595	99998.8	0	0
neutron	939.565	2.30946	99998.8	0	0
deuteron	1875.61	7.19697	99998.8	0	0
B11	10252.5	2.72298	99998.8	0	0
proton	938.272	6.30788	99998.8	0	0
neutron	939.565	5.01078	99998.8	0	0
neutron	939.565	4.65923	99998.8	0	0
neutron	939.565	2.44247	99998.8	0	0
neutron	939.565	0.206439	99998.8	0	0
Cr51	47442.5	0.60838	99998.8	0	0
neutron	939.565	0.97958	99998.8	0	0
Na23	21409.2	0.207794	99998.8	0	0
neutron	939.565	5.97022	99998.9	0	0
neutron	939.565	3.9324	99998.9	0	0
neutron	939.565	0.791829	99998.9	0	0
Na23	21409.2	0.977505	99998.9	0	0
Na24	22341.8	0.211561	99998.8	0	0
neutron	939.565	13.7549	99998.7	0	0
neutron	939.565	0.171045	99998.7	0	0
N14	13040.2	0.743694	99998.7	0	0
neutron	939.565	27.6998	99998.8	0	0
neutron	939.565	8.14401	99998.8	0	0
Na22	20482.1	1.55787	99998.8	0	0
neutron	939.565	1.32033	99998.8	0	0
N15	13968.9	0.389624	99998.8	0	0
Na24	22341.8	0.188079	99998.8	0	0
Na24	22341.8	0.198292	99998.8	0	0
neutron	939.565	42.9153	99998.8	0	0
proton	938.272	7.1678	99998.8	0	0
neutron	939.565	2.13928	99998.8	0	0
neutron	939.565	0.943963	99998.8	0	0
Mg24	22335.8	1.34971	99998.8	0	0
Al28	26058.3	0.165185	99998.8	0	0
neutron	939.565	4.67779	99998.7	0	0
neutron	939.565	4.49756	99998.7	0	0
neutron	939.565	3.07062	99998.7	0	0
proton	938.272	2.49302	99998.7	0	0
Mg24	22335.8	0.14789	99998.7	0	0
proton	938.272	43.0885	99998.8	0	0
neutron	939.565	7.03215	99998.8	0	0
neutron	939.565	1.79611	99998.8	0	0
Mg25	23268	1.07379	99998.8	0	0
Al28	26058.3	0.157708	99998.8	0	0
N16	14906	0.284633	99998.7	0	0
Al28	26058.3	0.152415	99998.7	0	0
neutron	939.565	23.7383	99998.8	0	0
neutron	939.565	15.8327	99998.8	0	0
neutron	939.565	0.448535	99998.8	0	0
Mn53	49301.8	0.246413	99998.8	0	0
Mn56	52094	0.0932677	99998.7	0	0
neutron	939.565	39.4872	99999.1	0	0
proton	938.272	12.873	99999.1	0	0
neutron	939.565	3.05401	99999.1	0	0
neutron	939.565	0.60522	99999.1	0	0
Mg25	23268	3.21774	99999.1	0	0
Al28	26058.3	0.177586	99998.8	0	0
Al28	26058.3	0.192303	99998.7	0	0
neutron	939.565	4.65451	99998.8	0	0
alpha	3727.38	5.82019	99998.8	0	0
Na23	21409.2	1.14239	99998.8	0	0
Na24	22341.8	0.200214	99998.8	0	0
neutron	939.565	4.15744	99998.8	0	0
deuteron	1875.61	6.17114	99998.8	0	0
C13	12109.5	1.76817	99998.8	0	0
Al28	26058.3	0.178221	99998.7	0	0
neutron	939.565	26.4003	99998.7	0	0
neutron	939.565	14.4445	99998.7	0	0
proton	938.272	14.2424	99998.7	0	0
C13	12109.5	2.36359	99998.7	0	0
Al28	26058.3	0.172027	99998.8	0	0
proton	938.272	12.5768	99998.8	0	0
neutron	939.565	5.16902	99998.8	0	0
neutron	939.565	1.83486	99998.8	0	0
neutron	939.565	0.954278	99998.8	0	0
Mg26	24196.5	0.201543	99998.8	0	0
Al28	26058.3	0.187692	99998.8	0	0
neutron	939.565	15.4327	99998.8	0	0
proton	938.272	6.5461	99998.8	0	0
neutron	939.565	2.55131	99998.8	0	0
neutron	939.565	1.43634	99998.8	0	0
C12	11174.9	1.44708	99998.8	0	0
Na24	22341.8	0.19808	99998.8	0	0
proton	938.272	12.7561	99998.8	0	0
neutron	939.565	6.04758	99998.8	0	0
neutron	939.565	2.01778	99998.8	0	0
Ne22	20479.7	1.24559	99998.8	0	0
Na24	22341.8	0.212407	99998.8	0	0
Al28	26058.3	0.170467	99998.7	0	0
neutron	939.565	2.44301	99998.8	0	0
neutron	939.565	0.9778	99998.8	0	0
deuteron	1875.61	4.34045	99998.8	0	0
C12	11174.9	0.342704	99998.8	0	0
neutron	939.565	2.4849	99998.8	0	0
neutron	939.565	2.06855	99998.8	0	0
deuteron	1875.61	3.2106	99998.8	0	0
C12	11174.9	0.360569	99998.8	0	0
neutron	939.565	15.7063	99998.7	0	0
neutron	939.565	2.28985	99998.7	0	0
deuteron	1875.61	2.97292	99998.7	0	0
alpha	3727.38	4.97824	99998.7	0	0
O16	14895.1	2.22495	99998.7	0	0
Na24	22341.8	0.212039	99998.8	0	0
neutron	939.565	3.20159	99998.7	0	0
proton	938.272	1.43249	99998.7	0	0
triton	2808.92	4.39897	99998.7	0	0
B11	10252.5	2.50519	99998.7	0	0
neutron	939.565	4.4511	99998.7	0	0
Na25	23272.4	0.243458	99998.7	0	0
proton	938.272	5.7323	99998.8	0	0
neutron	939.565	2.71823	99998.8	0	0
Ne22	20479.7	0.658388	99998.8	0	0
Al28	26058.3	0.154103	99998.7	0	0
neutron	939.565	14.3253	99998.8	0	0
proton	938.272	9.93543	99998.8	0	0
alpha	3727.38	13.7476	99998.8	0	0
Be10	9325.5	6.37511	99998.8	0	0
Na24	22341.8	0.213718	99998.8	0	0
Na24	22341.8	0.197651	99998.8	0	0
proton	938.272	5.48317	99998.8	0	0
neutron	939.565	4.17043	99998.8	0	0
Mg28	26060.7	0.119895	99998.8	0	0
Mn56	52094	0.0885265	99998.8	0	0
neutron	939.565	41.9447	99998.8	0	0
Na23	21409.2	1.86987	99998.8	0	0
Na24	22341.8	0.19649	99998.9	0	0
proton	938.272	11.4873	99998.9	0	0
neutron	939.565	2.68322	99998.9	0	0
neutron	939.565	1.41311	99998.9	0	0
neutron	939.565	1.38788	99998.9	0	0
C12	11174.9	1.3308	99998.9	0	0
Al28	26058.3	0.180098	99998.8	0	0
Na24	22341.8	0.200402	99998.8	0	0
proton	938.272	6.3316	99998.7	0	0
neutron	939.565	4.43152	99998.7	0	0
neutron	939.565	2.18436	99998.7	0	0
Mg25	23268	0.282537	99998.7	0	0
neutron	939.565	24.2103	99998.8	0	0
proton	938.272	3.4354	99998.8	0	0
Ne22	20479.7	1.79395	99998.8	0	0
proton	938.272	42.3342	99998.8	0	0
neutron	939.565	19.4247	99998.8	0	0
Ne23	21414.1	0.350187	99998.8	0	0
neutron	939.565	0.21696	99998.8	0	0
N15	13968.9	0.229888	99998.8	0	0
neutron	939.565	48.0118	99998.7	0	0
neutron	939.565	14.2054	99998.7	0	0
neutron	939.565	0.58244	99998.7	0	0
Na23	21409.2	3.38685	99998.7	0	0
neutron	939.565	18.0986	99998.8	0	0
proton	938.272	7.39516	99998.8	0	0
neutron	939.565	2.6225	99998.8	0	0
neutron	939.565	2.45746	99998.8	0	0
neutron	939.565	0.490376	99998.8	0	0
Mg23	21412.8	1.01665	99998.8	0	0
neutron	939.565	0.27391	99998.8	0	0
Na25	23272.4	0.262498	99998.8	0	0
neutron	939.565	8.73007	99998.8	0	0
neutron	939.565	2.33629	99998.8	0	0
Al28	26058.3	0.306244	99998.8	0	0
neutron	939.565	15.215	99998.8	0	0
proton	938.272	9.28245	99998.8	0	0
neutron	939.565	8.023	99998.8	0	0
neutron	939.565	1.70717	99998.8	0	0
Ne20	18617.7	2.15463	99998.8	0	0
neutron	939.565	37.4938	99998.8	0	0
proton	938.272	23.8024	99998.8	0	0
neutron	939.565	1.39424	99998.8	0	0
neutron	939.565	0.739888	99998.8	0	0
C12	11174.9	0.67115	99998.8	0	0
proton	938.272	2.50635	99998.7	0	0
neutron	939.565	0.327187	99998.7	0	0
Mg26	24196.5	0.294947	99998.7	0	0
proton	938.272	27.4934	99998.8	0	0
neutron	939.565	12.8786	99998.8	0	0
neutron	939.565	2.18152	99998.8	0	0
neutron	939.565	1.76945	99998.8	0	0
Ne22	20479.7	2.20957	99998.8	0	0
neutron	939.565	21.4012	99998.8	0	0
proton	938.272	5.44641	99998.8	0	0
neutron	939.565	2.75099	99998.8	0	0
neutron	939.565	1.15049	99998.8	0	0
Cr52	48370	0.703838	99998.8	0	0
Na24	22341.8	0.215298	99998.7	0	0
Al28	26058.3	0.189581	99998.8	0	0
neutron	939.565	5.57618	99998.7	0	0
proton	938.272	3.60765	99998.7	0	0
neutron	939.565	0.851136	99998.7	0	0
Ne21	19550.5	0.706267	99998.7	0	0
Na24	22341.8	0.196807	99998.8	0	0
Al28	26058.3	0.190025	99998.8	0	0
neutron	939.565	0.368632	99998.7	0	0
N15	13968.9	0.18297	99998.7	0	0
Na24	22341.8	0.193149	99998.8	0	0
neutron	939.565	3.43756	99998.8	0	0
proton	938.272	3.09159	99998.8	0	0
neutron	939.565	0.118952	99998.8	0	0
Ne21	19550.5	0.537111	99998.8	0	0
Al28	26058.3	0.179297	99998.9	0	0
Al28	26058.3	0.190144	99998.8	0	0
Na24	22341.8	0.184681	99998.8	0	0
neutron	939.565	0.823717	99998.8	0	0
Al27	25126.5	0.305974	99998.8	0	0
Na24	22341.8	0.218637	99998.8	0	0
Al28	26058.3	0.188498	99998.8	0	0
neutron	939.565	16.5312	99998.9	0	0
proton	938.272	8.00619	99998.9	0	0
proton	938.272	3.66806	99998.9	0	0
neutron	939.565	2.5138	99998.9	0	0
neutron	939.565	2.17391	99998.9	0	0
F19	17692.3	0.105648	99998.9	0	0
Mn56	52094	0.0906203	99998.8	0	0
Al28	26058.3	0.166935	99998.7	0	0
Al28	26058.3	0.179826	99998.8	0	0
neutron	939.565	5.99768	99998.7	0	0
triton	2808.92	2.3107	99998.7	0	0
alpha	3727.38	5.19289	99998.7	0	0
O16	14895.1	4.41869	99998.7	0	0
Al28	26058.3	0.175505	99998.7	0	0
proton	938.272	7.09437	99998.8	0	0
neutron	939.565	2.10009	99998.8	0	0
neutron	939.565	0.922033	99998.8	0	0
Mg25	23268	0.720894	99998.8	0	0
neutron	939.565	6.04971	99998.8	0	0
N15	13968.9	0.828699	99998.8	0	0
neutron	939.565	9.51532	99998.8	0	0
proton	938.272	1.63556	99998.8	0	0
neutron	939.565	0.0712689	99998.8	0	0
Ne21	19550.5	0.32799	99998.8	0	0
neutron	939.565	1.47082	99998.8	0	0
Mn55	51161.7	0.0781141	99998.8	0	0
neutron	939.565	1.31121	99998.7	0	0
Na23	21409.2	0.149444	99998.7	0	0
Al28	26058.3	0.171725	99998.8	0	0
neutron	939.565	7.00582	99998.8	0	0
Na25	23272.4	0.310162	99998.8	0	0
Na24	22341.8	0.215253	99998.7	0	0
Na24	22341.8	0.213278	99998.8	0	0
neutron	939.565	1.18181	99998.8	0	0
Al27	25126.5	0.242449	99998.8	0	0
Al28	26058.3	0.17748	99998.8	0	0
neutron	939.565	33.904	99998.7	0	0
proton	938.272	4.03995	99998.7	0	0
neutron	939.565	3.13831	99998.7	0	0
neutron	939.565	0.959498	99998.7	0	0
Ne20	18617.7	1.90586	99998.7	0	0
Al28	26058.3	0.174183	99998.8	0	0
neutron	939.565	6.05848	99998.8	0	0
neutron	939.565	2.87521	99998.8	0	0
proton	938.272	1.78636	99998.8	0	0
Ne22	20479.7	0.960822	99998.8	0	0
neutron	939.565	32.2519	99998.8	0	0
proton	938.272	2.59434	99998.8	0	0
neutron	939.565	1.63588	99998.8	0	0
C13	12109.5	3.97224	99998.8	0	0
proton	938.272	3.79796	99998.8	0	0
neutron	939.565	0.444798	99998.8	0	0
Ne22	20479.7	0.108305	99998.8	0	0
Al28	26058.3	0.182924	99998.7	0	0
neutron	939.565	25.8367	99998.8	0	0
neutron	939.565	3.21248	99998.8	0	0
neutron	939.565	0.767673	99998.8	0	0
Na23	21409.2	1.22293	99998.8	0	0
neutron	939.565	1.85779	99998.8	0	0
N15	13968.9	0.537365	99998.8	0	0
neutron	939.565	2.41494	99998.8	0	0
triton	2808.92	2.86389	99998.8	0	0
C12	11174.9	1.08309	99998.8	0	0
neutron	939.565	0.341653	99998.8	0	0
Al27	25126.5	0.121635	99998.8	0	0
Al28	26058.3	0.186383	99998.8	0	0
neutron	939.565	7.20541	99998.8	0	0
neutron	939.565	1.63404	99998.8	0	0
Na22	20482.1	0.715163	99998.8	0	0
Na24	22341.8	0.211002	99998.7	0	0
Na24	22341.8	0.202965	99998.8	0	0
neutron	939.565	7.45821	99998.8	0	0
neutron	939.565	2.44769	99998.8	0	0
neutron	939.565	1.85972	99998.8	0	0
proton	938.272	1.14699	99998.8	0	0
C12	11174.9	1.24464	99998.8	0	0
Al28	26058.3	0.158937	99998.8	0	0
Al28	26058.3	0.180972	99998.8	0	0
neutron	939.565	0.442537	99998.8	0	0
Na23	21409.2	0.197454	99998.8	0	0
Al28	26058.3	0.17237	99998.8	0	0
neutron	939.565	0.695821	99998.7	0	0
Al27	25126.5	0.233182	99998.7	0	0
proton	938.272	6.03998	99998.7	0	0
neutron	939.565	4.72304	99998.7	0	0
C14	13040.9	1.72694	99998.7	0	0
neutron	939.565	2.116	99998.7	0	0
Al27	25126.5	0.302213	99998.7	0	0
Al28	26058.3	0.190898	99998.7	0	0
neutron	939.565	2.64081	99998.7	0	0
neutron	939.565	0.745878	99998.7	0	0
Al27	25126.5	0.525092	99998.7	0	0
Na24	22341.8	0.216463	99998.7	0	0
N16	14906	0.280045	99998.8	0	0
neutron	939.565	4.11014	99998.8	0	0
proton	938.272	3.21702	99998.8	0	0
Mg26	24196.5	0.0705682	99998.8	0	0
Na25	23272.4	0.189078	99998.8	0	0
proton	938.272	12.8675	99998.9	0	0
neutron	939.565	11.131	99998.9	0	0
neutron	939.565	10.4864	99998.9	0	0
neutron	939.565	0.777171	99998.9	0	0
C12	11174.9	2.48668	99998.9	0	0
Al28	26058.3	0.174354	99998.8	0	0
proton	938.272	4.80697	99998.8	0	0
neutron	939.565	1.18993	99998.8	0	0
C14	13040.9	0.734623	99998.8	0	0
neutron	939.565	0.877628	99998.8	0	0
Na23	21409.2	0.183889	99998.8	0	0
Na24	22341.8	0.218635	99998.8	0	0
neutron	939.565	11.3428	99998.7	0	0
N15	13968.9	0.330483	99998.7	0	0
neutron	939.565	3.2131	99998.7	0	0
Mn55	51161.7	0.0467203	99998.7	0	0
Al28	26058.3	0.190405	99998.8	0	0
neutron	939.565	3.69891	99998.8	0	0
neutron	939.565	1.94544	99998.8	0	0
Na23	21409.2	0.548061	99998.8	0	0
neutron	939.565	2.68906	99998.7	0	0
neutron	939.565	0.338315	99998.7	0	0
Na24	22341.8	0.0193021	99998.7	0	0
Na24	22341.8	0.213323	99998.7	0	0
neutron	939.565	10.0417	99998.7	0	0
neutron	939.565	1.87445	99998.7	0	0
proton	938.272	1.51728	99998.7	0	0
neutron	939.565	1.0749	99998.7	0	0
alpha	3727.38	5.43302	99998.7	0	0
O16	14895.1	1.11474	99998.7	0	0
neutron	939.565	1.13535	99998.7	0	0
Al27	25126.5	0.175641	99998.7	0	0
neutron	939.565	0.119816	99998.8	0	0
N15	13968.9	0.319152	99998.8	0	0
Al28	26058.3	0.190226	99998.7	0	0
Mn56	52094	0.0901278	99998.8	0	0
Na24	22341.8	0.207051	99998.8	0	0
neutron	939.565	0.836786	99998.7	0	0
Al27	25126.5	0.237062	99998.7	0	0
proton	938.272	5.43481	99998.8	0	0
neutron	939.565	4.67277	99998.8	0	0
neutron	939.565	2.07515	99998.8	0	0
neutron	939.565	0.454088	99998.8	0	0
Ne20	18617.7	0.771151	99998.8	0	0
neutron	939.565	7.89749	99998.8	0	0
proton	938.272	7.67572	99998.8	0	0
Ne22	20479.7	0.424721	99998.8	0	0
proton	938.272	6.39702	99998.8	0	0
neutron	939.565	3.40355	99998.8	0	0
neutron	939.565	0.968285	99998.8	0	0
Mg25	23268	0.455618	99998.8	0	0
neutron	939.565	6.31354	99998.7	0	0
proton	938.272	4.16655	99998.7	0	0
neutron	939.565	2.42987	99998.7	0	0
Ne21	19550.5	1.09836	99998.7	0	0
Na24	22341.8	0.219048	99998.7	0	0
proton	938.272	9.42418	99998.8	0	0
neutron	939.565	3.95919	99998.8	0	0
neutron	939.565	3.60893	99998.8	0	0
Cr53	49301.7	0.0109819	99998.8	0	0
proton	938.272	17.3015	99998.8	0	0
neutron	939.565	12.5693	99998.8	0	0
neutron	939.565	7.96479	99998.8	0	0
neutron	939.565	2.77365	99998.8	0	0
alpha	3727.38	3.0566	99998.8	0	0
Be8	7454.85	5.78073	99998.8	0	0
Na25	23272.4	0.208686	99998.8	0	0
neutron	939.565	0.433612	99998.8	0	0
Na23	21409.2	0.141553	99998.8	0	0
neutron	939.565	0.686173	99998.7	0	0
Na23	21409.2	0.0845702	99998.7	0	0
Na24	22341.8	0.188334	99998.7	0	0
neutron	939.565	11.7167	99998.6	0	0
proton	938.272	7.89133	99998.6	0	0
neutron	939.565	4.07157	99998.6	0	0
proton	938.272	1.413	99998.6	0	0
neutron	939.565	1.03037	99998.6	0	0
F19	17692.3	1.86988	99998.6	0	0
N16	14906	0.294425	99998.8	0	0
neutron	939.565	0.208107	99998.8	0	0
Al27	25126.5	0.115614	99998.8	0	0
Na25	23272.4	0.196695	99998.8	0	0
neutron	939.565	7.40085	99998.8	0	0
neutron	939.565	6.27652	99998.8	0	0
neutron	939.565	2.33315	99998.8	0	0
Al25	23271.8	0.218052	99998.8	0	0
Mn56	52094	0.0854971	99998.7	0	0
neutron	939.565	9.92364	99998.7	0	0
proton	938.272	8.5533	99998.7	0	0
proton	938.272	5.35625	99998.7	0	0
neutron	939.565	4.88177	99998.7	0	0
neutron	939.565	0.154415	99998.7	0	0
F19	17692.3	0.129736	99998.7	0	0
neutron	939.565	17.0444	99998.8	0	0
neutron	939.565	11.5603	99998.8	0	0
proton	938.272	4.27185	99998.8	0	0
neutron	939.565	2.18475	99998.8	0	0
C12	11174.9	1.28844	99998.8	0	0
proton	938.272	2.10874	99998.8	0	0
neutron	939.565	1.20559	99998.8	0	0
Ne22	20479.7	0.0523641	99998.8	0	0
neutron	939.565	9.92893	99998.8	0	0
neutron	939.565	3.01684	99998.8	0	0
deuteron	1875.61	5.45906	99998.8	0	0
Mg24	22335.8	1.81833	99998.8	0	0
proton	938.272	11.3846	99998.7	0	0
neutron	939.565	7.09291	99998.7	0	0
neutron	939.565	4.25493	99998.7	0	0
neutron	939.565	3.44041	99998.7	0	0
C12	11174.9	0.658995	99998.7	0	0
Al28	26058.3	0.182906	99998.8	0	0
Na24	22341.8	0.20274	99998.8	0	0
Na24	22341.8	0.200078	99998.7	0	0
Al28	26058.3	0.185004	99998.8	0	0
Mn56	52094	0.0926361	99998.7	0	0
proton	938.272	27.6792	99998.8	0	0
neutron	939.565	7.01078	99998.8	0	0
neutron	939.565	0.205238	99998.8	0	0
triton	2808.92	4.27329	99998.8	0	0
B10	9324.44	3.6296	99998.8	0	0
neutron	939.565	2.60594	99998.8	0	0
Al27	25126.5	0.173875	99998.8	0	0
neutron	939.565	19.3154	99998.7	0	0
proton	938.272	8.58082	99998.7	0	0
neutron	939.565	8.41011	99998.7	0	0
Ne21	19550.5	3.46612	99998.7	0	0
Al28	26058.3	0.178619	99998.7	0	0
neutron	939.565	2.75895	99998.8	0	0
N15	13968.9	0.692996	99998.8	0	0
Na24	22341.8	0.212402	99998.8	0	0
neutron	939.565	10.2977	99998.8	0	0
neutron	939.565	4.38214	99998.8	0	0
neutron	939.565	1.02464	99998.8	0	0
Na23	21409.2	1.15605	99998.8	0	0
Al28	26058.3	0.171027	99998.8	0	0
neutron	939.565	2.63649	99998.8	0	0
Na23	21409.2	0.345594	99998.8	0	0
neutron	939.565	0.655455	99998.7	0	0
triton	2808.92	3.76198	99998.7	0	0
Ne20	18617.7	0.848508	99998.7	0	0
neutron	939.565	11.7981	99998.9	0	0
proton	938.272	1.84168	99998.9	0	0
Mg26	24196.5	0.414183	99998.9	0	0
neutron	939.565	0.138122	99998.9	0	0
N15	13968.9	0.240293	99998.9	0	0
Mn56	52094	0.0923511	99998.8	0	0
neutron	939.565	7.4092	99998.8	0	0
Na23	21409.2	0.777529	99998.8	0	0
Al28	26058.3	0.181267	99998.7	0	0
neutron	939.565	21.1718	99998.8	0	0
neutron	939.565	7.90315	99998.8	0	0
proton	938.272	3.49863	99998.8	0	0
Ne21	19550.5	0.880252	99998.8	0	0
neutron	939.565	3.50749	99998.8	0	0
Al27	25126.5	0.0967954	99998.8	0	0
neutron	939.565	5.82693	99998.7	0	0
neutron	939.565	0.907447	99998.7	0	0
neutron	939.565	0.636059	99998.7	0	0
Na22	20482.1	0.280671	99998.7	0	0
neutron	939.565	17.5434	99998.7	0	0
proton	938.272	4.36607	99998.7	0	0
Mg26	24196.5	0.778052	99998.7	0	0
proton	938.272	7.74991	99998.7	0	0
neutron	939.565	4.00649	99998.7	0	0
neutron	939.565	3.25269	99998.7	0	0
neutron	939.565	2.43206	99998.7	0	0
Ne20	18617.7	0.211372	99998.7	0	0
Al28	26058.3	0.188452	99998.8	0	0
neutron	939.565	7.96851	99998.8	0	0
N15	13968.9	0.378937	99998.8	0	0
Na24	22341.8	0.201209	99998.8	0	0
Al28	26058.3	0.183166	99998.8	0	0
proton	938.272	3.59766	99998.8	0	0
neutron	939.565	2.89589	99998.8	0	0
neutron	939.565	2.26599	99998.8	0	0
Ne21	19550.5	1.20344	99998.8	0	0
Al28	26058.3	0.16174	99998.8	0	0
neutron	939.565	5.62676	99998.8	0	0
neutron	939.565	4.33874	99998.8	0	0
deuteron	1875.61	10.7782	99998.8	0	0
Ne22	20479.7	1.24008	99998.8	0	0
neutron	939.565	8.19598	99998.7	0	0
neutron	939.565	3.44038	99998.7	0	0
deuteron	1875.61	4.07047	99998.7	0	0
C12	11174.9	0.0699399	99998.7	0	0
Na24	22341.8	0.211964	99998.8	0	0
neutron	939.565	1.11737	99998.8	0	0
Na23	21409.2	0.267868	99998.8	0	0
neutron	939.565	6.80948	99998.8	0	0
proton	938.272	2.58552	99998.8	0	0
neutron	939.565	1.40993	99998.8	0	0
Mg25	23268	0.513694	99998.8	0	0
N16	14906	0.293154	99998.8	0	0
proton	938.272	5.5142	99998.9	0	0
neutron	939.565	3.85463	99998.9	0	0
neutron	939.565	0.543614	99998.9	0	0
Mg25	23268	1.02054	99998.9	0	0
Na24	22341.8	0.20837	99998.8	0	0
neutron	939.565	6.12798	99998.7	0	0
proton	938.272	2.02883	99998.7	0	0
Mg26	24196.5	0.176735	99998.7	0	0
neutron	939.565	6.66563	99998.9	0	0
proton	938.272	2.79034	99998.9	0	0
neutron	939.565	0.618647	99998.9	0	0
Mg25	23268	0.466505	99998.9	0	0
Na24	22341.8	0.199389	99998.7	0	0
proton	938.272	6.07532	99998.7	0	0
neutron	939.565	3.03212	99998.7	0	0
neutron	939.565	0.804719	99998.7	0	0
Mg25	23268	0.494297	99998.7	0	0
Na25	23272.4	0.200757	99998.8	0	0
Mn56	52094	0.0935141	99998.8	0	0
neutron	939.565	0.550675	99998.8	0	0
Mn55	51161.7	0.0558254	99998.8	0	0
neutron	939.565	2.07659	99998.9	0	0
Na23	21409.2	0.125293	99998.9	0	0
neutron	939.565	9.40724	99998.7	0	0
proton	938.272	3.69133	99998.7	0	0
Mg26	24196.5	0.215128	99998.7	0	0
Na25	23272.4	0.189989	99998.8	0	0
proton	938.272	6.76472	99998.8	0	0
neutron	939.565	6.56679	99998.8	0	0
neutron	939.565	4.37408	99998.8	0	0
Ne21	19550.5	0.663049	99998.8	0	0
proton	938.272	21.8959	99998.7	0	0
neutron	939.565	3.49873	99998.7	0	0
neutron	939.565	3.41118	99998.7	0	0
neutron	939.565	0.789144	99998.7	0	0
Ne20	18617.7	2.28317	99998.7	0	0
neutron	939.565	29.461	99998.7	0	0
neutron	939.565	8.21132	99998.7	0	0
proton	938.272	3.54354	99998.7	0	0
C13	12109.5	4.41519	99998.7	0	0
neutron	939.565	18.221	99998.8	0	0
alpha	3727.38	6.77872	99998.8	0	0
alpha	3727.38	4.56786	99998.8	0	0
N15	13968.9	4.56668	99998.8	0	0
neutron	939.565	9.48583	99998.8	0	0
proton	938.272	5.71176	99998.8	0	0
neutron	939.565	3.47913	99998.8	0	0
neutron	939.565	2.37315	99998.8	0	0
neutron	939.565	1.99302	99998.8	0	0
neutron	939.565	0.312953	99998.8	0	0
Cr50	46512.2	0.218635	99998.8	0	0
proton	938.272	4.18599	99998.8	0	0
proton	938.272	2.16917	99998.8	0	0
neutron	939.565	1.76882	99998.8	0	0
neutron	939.565	1.53848	99998.8	0	0
neutron	939.565	0.870687	99998.8	0	0
deuteron	1875.61	2.38633	99998.8	0	0
O17	15830.5	0.426382	99998.8	0	0
neutron	939.565	47.166	99998.8	0	0
proton	938.272	14.2788	99998.8	0	0
Ne22	20479.7	2.59356	99998.8	0	0
Al28	26058.3	0.185245	99998.8	0	0
Na24	22341.8	0.202316	99998.7	0	0
proton	938.272	27.074	99998.8	0	0
neutron	939.565	8.66947	99998.8	0	0
Ne22	20479.7	0.782539	99998.8	0	0
neutron	939.565	0.905592	99998.8	0	0
Na23	21409.2	0.109162	99998.8	0	0
proton	938.272	11.0005	99998.8	0	0
neutron	939.565	6.79458	99998.8	0	0
neutron	939.565	2.84211	99998.8	0	0
C13	12109.5	0.447466	99998.8	0	0
neutron	939.565	2.2701	99998.7	0	0
Al27	25126.5	0.405174	99998.7	0	0
neutron	939.565	4.25958	99998.8	0	0
proton	938.272	1.36583	99998.8	0	0
Ne22	20479.7	0.332164	99998.8	0	0
Al28	26058.3	0.163522	99998.7	0	0
Na24	22341.8	0.211103	99998.8	0	0
neutron	939.565	23.3958	99998.7	0	0
neutron	939.565	3.18234	99998.7	0	0
proton	938.272	2.11836	99998.7	0	0
C13	12109.5	2.25903	99998.7	0	0
neutron	939.565	16.7575	99998.8	0	0
proton	938.272	13.6151	99998.8	0	0
neutron	939.565	1.38638	99998.8	0	0
C13	12109.5	0.267648	99998.8	0	0
Na24	22341.8	0.216809	99998.8	0	0
proton	938.272	31.7123	99998.8	0	0
neutron	939.565	3.72566	99998.8	0	0
neutron	939.565	2.07055	99998.8	0	0
neutron	939.565	1.49481	99998.8	0	0
Mg24	22335.8	1.46659	99998.8	0	0
neutron	939.565	0.151436	99998.8	0	0
N15	13968.9	0.266818	99998.8	0	0
proton	938.272	11.4902	99998.7	0	0
neutron	939.565	5.2588	99998.7	0	0
neutron	939.565	3.29154	99998.7	0	0
neutron	939.565	2.06972	99998.7	0	0
neutron	939.565	1.10533	99998.7	0	0
neutron	939.565	0.872656	99998.7	0	0
Ne20	18617.7	1.57281	99998.7	0	0
proton	938.272	18.802	99998.8	0	0
neutron	939.565	9.04679	99998.8	0	0
neutron	939.565	7.80072	99998.8	0	0
neutron	939.565	6.69037	99998.8	0	0
C12	11174.9	0.426141	99998.8	0	0
Mn56	52094	0.0869202	99998.7	0	0
Al28	26058.3	0.175988	99998.9	0	0
neutron	939.565	1.85858	99998.8	0	0
neutron	939.565	0.799465	99998.8	0	0
Mn54	50232.4	0.175724	99998.8	0	0
neutron	939.565	0.169909	99998.8	0	0
Mn55	51161.7	0.120373	99998.8	0	0
Al28	26058.3	0.18878	99998.8	0	0
Al28	26058.3	0.191717	99998.8	0	0
neutron	939.565	4.58486	99998.8	0	0
proton	938.272	3.60584	99998.8	0	0
proton	938.272	2.41715	99998.8	0	0
neutron	939.565	0.954756	99998.8	0	0
deuteron	1875.61	2.78913	99998.8	0	0
Ne22	20479.7	0.0568883	99998.8	0	0
Al28	26058.3	0.189998	99998.7	0	0
Na25	23272.4	0.194803	99998.8	0	0
neutron	939.565	22.4377	99998.8	0	0
proton	938.272	7.2617	99998.8	0	0
Cr54	50231.5	0.815062	99998.8	0	0
neutron	939.565	2.73448	99998.7	0	0
neutron	939.565	1.00497	99998.7	0	0
N14	13040.2	0.325025	99998.7	0	0
proton	938.272	6.55824	99998.8	0	0
proton	938.272	5.18169	99998.8	0	0
neutron	939.565	2.70714	99998.8	0	0
neutron	939.565	1.53234	99998.8	0	0
neutron	939.565	0.505882	99998.8	0	0
Na23	21409.2	1.84011	99998.8	0	0
Na24	22341.8	0.19462	99998.8	0	0
Mn56	52094	0.0961733	99998.8	0	0
proton	938.272	18.3714	99998.7	0	0
neutron	939.565	2.44811	99998.7	0	0
neutron	939.565	1.11145	99998.7	0	0
Mg26	24196.5	0.442274	99998.7	0	0
Na24	22341.8	0.191574	99998.8	0	0
Na24	22341.8	0.21555	99998.7	0	0
neutron	939.565	0.255297	99998.8	0	0
Al27	25126.5	0.204389	99998.8	0	0
neutron	939.565	13.2954	99998.9	0	0
proton	938.272	5.75878	99998.9	0	0
proton	938.272	4.17092	99998.9	0	0
neutron	939.565	2.50365	99998.9	0	0
neutron	939.565	1.96612	99998.9	0	0
Na23	21409.2	0.967583	99998.9	0	0
neutron	939.565	12.4407	99998.8	0	0
neutron	939.565	5.71221	99998.8	0	0
deuteron	1875.61	7.76571	99998.8	0	0
C12	11174.9	1.52238	99998.8	0	0
neutron	939.565	0.333209	99998.9	0	0
N15	13968.9	0.414538	99998.9	0	0
neutron	939.565	5.61132	99998.7	0	0
neutron	939.565	2.99527	99998.7	0	0
proton	938.272	2.84732	99998.7	0	0
neutron	939.565	0.821022	99998.7	0	0
alpha	3727.38	4.44072	99998.7	0	0
O16	14895.1	2.35668	99998.7	0	0
Na26	24206.4	0.173474	99998.8	0	0
proton	938.272	4.55958	99998.8	0	0
neutron	939.565	4.38746	99998.8	0	0
neutron	939.565	2.99667	99998.8	0	0
neutron	939.565	2.1648	99998.8	0	0
Ne20	18617.7	0.792728	99998.8	0	0
neutron	939.565	27.1146	99998.7	0	0
neutron	939.565	7.51822	99998.7	0	0
proton	938.272	6.31124	99998.7	0	0
neutron	939.565	0.300258	99998.7	0	0
C12	11174.9	3.92226	99998.7	0	0
neutron	939.565	16.1081	99998.7	0	0
proton	938.272	4.92252	99998.7	0	0
neutron	939.565	2.81203	99998.7	0	0
neutron	939.565	0.803345	99998.7	0	0
neutron	939.565	0.450733	99998.7	0	0
Cr51	47442.5	0.343622	99998.7	0	0
Al28	26058.3	0.17295	99998.7	0	0
Na24	22341.8	0.211693	99998.8	0	0
neutron	939.565	8.05654	99998.8	0	0
N15	13968.9	0.608406	99998.8	0	0
neutron	939.565	9.70756	99998.8	0	0
N15	13968.9	1.21559	99998.8	0	0
neutron	939.565	0.814656	99998.7	0	0
Na23	21409.2	0.343822	99998.7	0	0
proton	938.272	16.3314	99998.8	0	0
neutron	939.565	3.21999	99998.8	0	0
Ne22	20479.7	1.93688	99998.8	0	0
neutron	939.565	17.1359	99998.8	0	0
N15	13968.9	1.64684	99998.8	0	0
neutron	939.565	6.81297	99998.8	0	0
neutron	939.565	0.773264	99998.8	0	0
N14	13040.2	0.148414	99998.8	0	0
neutron	939.565	5.54985	99998.8	0	0
proton	938.272	3.86968	99998.8	0	0
Mg26	24196.5	0.0218563	99998.8	0	0
N16	14906	0.288544	99998.8	0	0
proton	938.272	14.309	99998.8	0	0
neutron	939.565	2.00134	99998.8	0	0
neutron	939.565	1.36912	99998.8	0	0
C13	12109.5	1.7626	99998.8	0	0
neutron	939.565	4.76982	99998.9	0	0
neutron	939.565	3.10877	99998.9	0	0
Na24	22341.8	0.100228	99998.9	0	0
neutron	939.565	26.2363	99998.7	0	0
neutron	939.565	5.38579	99998.7	0	0
neutron	939.565	2.95371	99998.7	0	0
Na22	20482.1	0.813951	99998.7	0	0
proton	938.272	4.79142	99998.8	0	0
neutron	939.565	2.33173	99998.8	0	0
Ne22	20479.7	0.476742	99998.8	0	0
neutron	939.565	7.46119	99998.8	0	0
neutron	939.565	6.15496	99998.8	0	0
proton	938.272	4.93262	99998.8	0	0
neutron	939.565	3.00128	99998.8	0	0
C12	11174.9	2.54344	99998.8	0	0
neutron	939.565	13.1408	99998.8	0	0
proton	938.272	5.13006	99998.8	0	0
Mg26	24196.5	0.503921	99998.8	0	0
neutron	939.565	14.905	99998.8	0	0
N15	13968.9	1.66437	99998.8	0	0
neutron	939.565	0.0949866	99998.8	0	0
Na23	21409.2	0.217256	99998.8	0	0
proton	938.272	5.04922	99998.8	0	0
neutron	939.565	1.62459	99998.8	0	0
Mg26	24196.5	0.539401	99998.8	0	0
neutron	939.565	10.4374	99998.8	0	0
neutron	939.565	1.92039	99998.8	0	0
alpha	3727.38	11.7634	99998.8	0	0
Na22	20482.1	1.73433	99998.8	0	0
Mn56	52094	0.0846327	99998.7	0	0
N16	14906	0.284656	99998.7	0	0
Na24	22341.8	0.216693	99998.8	0	0
neutron	939.565	6.19291	99998.8	0	0
proton	938.272	2.20918	99998.8	0	0
Ne22	20479.7	0.290621	99998.8	0	0
neutron	939.565	7.99115	99998.7	0	0
proton	938.272	1.93963	99998.7	0	0
Mg26	24196.5	0.279484	99998.7	0	0
neutron	939.565	22.0906	99998.8	0	0
neutron	939.565	4.56407	99998.8	0	0
proton	938.272	4.37622	99998.8	0	0
neutron	939.565	1.05726	99998.8	0	0
C12	11174.9	2.9399	99998.8	0	0
Na24	22341.8	0.214359	99998.8	0	0
neutron	939.565	22.8399	99998.8	0	0
neutron	939.565	1.68855	99998.8	0	0
deuteron	1875.61	4.03427	99998.8	0	0
C12	11174.9	2.813	99998.8	0	0
neutron	939.565	22.3134	99998.8	0	0
triton	2808.92	3.87958	99998.8	0	0
alpha	3727.38	2.26344	99998.8	0	0
alpha	3727.38	1.46084	99998.8	0	0
alpha	3727.38	9.7684	99998.8	0	0
Mn56	52094	0.082529	99998.7	0	0
neutron	939.565	8.20197	99998.8	0	0
neutron	939.565	3.31609	99998.8	0	0
neutron	939.565	0.585799	99998.8	0	0
Na23	21409.2	0.125172	99998.8	0	0
Na24	22341.8	0.213831	99998.7	0	0
neutron	939.565	0.0688508	99998.7	0	0
Na23	21409.2	0.231078	99998.7	0	0
neutron	939.565	12.1483	99998.8	0	0
neutron	939.565	8.56657	99998.8	0	0
deuteron	1875.61	1.10231	99998.8	0	0
C12	11174.9	2.30666	99998.8	0	0
neutron	939.565	2.46928	99998.8	0	0
Na25	23272.4	0.420581	99998.8	0	0
neutron	939.565	10.3532	99998.7	0	0
N15	13968.9	1.24056	99998.7	0	0
N16	14906	0.29779	99998.8	0	0
Al28	26058.3	0.179844	99998.7	0	0
Na24	22341.8	0.20595	99998.7	0	0
Mn56	52094	0.0909416	99998.7	0	0
proton	938.272	14.0151	99998.8	0	0
neutron	939.565	3.32648	99998.8	0	0
neutron	939.565	1.38577	99998.8	0	0
neutron	939.565	0.52763	99998.8	0	0
Mg24	22335.8	0.54677	99998.8	0	0
neutron	939.565	3.36355	99998.8	0	0
N15	13968.9	0.805508	99998.8	0	0
neutron	939.565	3.88166	99998.7	0	0
N15	13968.9	0.432583	99998.7	0	0
Al28	26058.3	0.1772	99998.7	0	0
Al28	26058.3	0.191312	99998.7	0	0
proton	938.272	7.1057	99998.7	0	0
neutron	939.565	1.73131	99998.7	0	0
Ne22	20479.7	0.457041	99998.7	0	0
Al28	26058.3	0.164777	99998.8	0	0
Na24	22341.8	0.208388	99998.7	0	0
proton	938.272	11.8917	99998.8	0	0
neutron	939.565	9.94539	99998.8	0	0
neutron	939.565	3.18649	99998.8	0	0
Cr53	49301.7	0.36735	99998.8	0	0
neutron	939.565	3.174	99998.8	0	0
proton	938.272	3.12561	99998.8	0	0
neutron	939.565	0.787204	99998.8	0	0
C13	12109.5	0.423892	99998.8	0	0
neutron	939.565	2.10184	99998.8	0	0
neutron	939.565	2.03221	99998.8	0	0
Na24	22341.8	0.321574	99998.8	0	0
neutron	939.565	4.94637	99998.8	0	0
proton	938.272	4.578	99998.8	0	0
neutron	939.565	1.54514	99998.8	0	0
Mg25	23268	0.470849	99998.8	0	0
neutron	939.565	23.9558	99998.7	0	0
neutron	939.565	4.97593	99998.7	0	0
proton	938.272	4.74891	99998.7	0	0
neutron	939.565	3.97608	99998.7	0	0
neutron	939.565	0.733975	99998.7	0	0
Cr52	48370	0.209028	99998.7	0	0
neutron	939.565	1.49887	99998.8	0	0
Na23	21409.2	0.0814328	99998.8	0	0
neutron	939.565	1.06328	99998.8	0	0
Mn55	51161.7	0.0962767	99998.8	0	0
neutron	939.565	6.256	99998.8	0	0
proton	938.272	3.17539	99998.8	0	0
Ne22	20479.7	0.322531	99998.8	0	0
Al28	26058.3	0.188102	99998.8	0	0
Al28	26058.3	0.187415	99998.7	0	0
neutron	939.565	7.75036	99998.8	0	0
neutron	939.565	0.371705	99998.8	0	0
alpha	3727.38	3.15061	99998.8	0	0
B10	9324.44	0.744843	99998.8	0	0
Na24	22341.8	0.196101	99998.8	0	0
Na24	22341.8	0.194639	99999.1	0	0
neutron	939.565	9.9999	99998.9	0	0
neutron	939.565	3.60383	99998.9	0	0
deuteron	1875.61	3.67963	99998.9	0	0
C12	11174.9	0.961972	99998.9	0	0
neutron	939.565	0.429505	99998.8	0	0
Na23	21409.2	0.11995	99998.8	0	0
Na24	22341.8	0.18302	99998.8	0	0
neutron	939.565	5.12961	99998.8	0	0
neutron	939.565	4.74055	99998.8	0	0
deuteron	1875.61	2.8545	99998.8	0	0
C12	11174.9	0.0903783	99998.8	0	0
neutron	939.565	10.2974	99998.8	0	0
proton	938.272	8.90848	99998.8	0	0
Ne22	20479.7	0.700611	99998.8	0	0
neutron	939.565	5.54229	99998.8	0	0
proton	938.272	3.93796	99998.8	0	0
neutron	939.565	3.64401	99998.8	0	0
neutron	939.565	0.257366	99998.8	0	0
Mg24	22335.8	0.169334	99998.8	0	0
proton	938.272	12.2898	99998.8	0	0
neutron	939.565	8.39422	99998.8	0	0
neutron	939.565	4.87289	99998.8	0	0
neutron	939.565	2.5603	99998.8	0	0
alpha	3727.38	1.92579	99998.8	0	0
Be8	7454.85	2.79848	99998.8	0	0
proton	938.272	20.8683	99998.9	0	0
neutron	939.565	4.6163	99998.9	0	0
neutron	939.565	1.78568	99998.9	0	0
neutron	939.565	0.756896	99998.9	0	0
C12	11174.9	2.02129	99998.9	0	0
neutron	939.565	0.808659	99998.8	0	0
N15	13968.9	0.480324	99998.8	0	0
proton	938.272	18.2482	99998.9	0	0
neutron	939.565	1.61154	99998.9	0	0
Cr54	50231.5	0.108895	99998.9	0	0
neutron	939.565	9.99928	99998.8	0	0
neutron	939.565	2.76522	99998.8	0	0
proton	938.272	1.64515	99998.8	0	0
neutron	939.565	1.4644	99998.8	0	0
alpha	3727.38	16.6224	99998.8	0	0
O16	14895.1	4.30057	99998.8	0	0
neutron	939.565	14.4737	99998.7	0	0
neutron	939.565	3.53768	99998.7	0	0
neutron	939.565	2.94043	99998.7	0	0
proton	938.272	1.51721	99998.7	0	0
Ne22	20479.7	2.07362	99998.7	0	0
Na24	22341.8	0.18485	99998.8	0	0
Al28	26058.3	0.17353	99998.7	0	0
neutron	939.565	4.70423	99998.7	0	0
neutron	939.565	1.41364	99998.7	0	0
deuteron	1875.61	2.29215	99998.7	0	0
C12	11174.9	0.766223	99998.7	0	0
neutron	939.565	11.5802	99998.8	0	0
neutron	939.565	6.44072	99998.8	0	0
proton	938.272	5.42387	99998.8	0	0
neutron	939.565	3.03533	99998.8	0	0
C12	11174.9	0.182021	99998.8	0	0
Al28	26058.3	0.174879	99998.7	0	0
Al28	26058.3	0.168863	99998.8	0	0
neutron	939.565	19.6127	99998.8	0	0
proton	938.272	5.24085	99998.8	0	0
neutron	939.565	1.15292	99998.8	0	0
neutron	939.565	0.952762	99998.8	0	0
C12	11174.9	1.08263	99998.8	0	0
neutron	939.565	14.5176	99998.8	0	0
proton	938.272	8.70701	99998.8	0	0
neutron	939.565	1.58232	99998.8	0	0
Ne21	19550.5	0.480219	99998.8	0	0
Na24	22341.8	0.201364	99998.8	0	0
neutron	939.565	2.53454	99998.8	0	0
neutron	939.565	2.2972	99998.8	0	0
N14	13040.2	0.617326	99998.8	0	0
neutron	939.565	15.9127	99998.7	0	0
neutron	939.565	2.51852	99998.7	0	0
deuteron	1875.61	6.5827	99998.7	0	0
Ne20	18617.7	0.776802	99998.7	0	0
neutron	939.565	17.6661	99998.8	0	0
neutron	939.565	5.28918	99998.8	0	0
proton	938.272	1.45324	99998.8	0	0
neutron	939.565	1.33385	99998.8	0	0
Ne20	18617.7	0.917805	99998.8	0	0
neutron	939.565	0.768505	99998.8	0	0
Mn55	51161.7	0.0787295	99998.8	0	0
neutron	939.565	2.34567	99998.7	0	0
N15	13968.9	0.599394	99998.7	0	0
Na24	22341.8	0.209563	99998.7	0	0
