neutron	939.565	8.52468	99846.2	0	0
N15	13968.9	0.309568	99846.2	0	0
neutron	939.565	0.163396	99844.8	0	0
N15	13968.9	0.365097	99844.8	0	0
neutron	939.565	0.452485	99840.9	0	0
Na23	21409.2	0.184884	99840.9	0	0
O16	14895.1	0.262229	99865.6	39.9839	39.5297
neutron	939.565	0.0419465	99847.9	0	0
Na23	21409.2	0.174881	99847.9	0	0
neutron	939.565	6.40644	99834.8	0	0
Na23	21409.2	0.784889	99834.8	0	0
proton	938.272	4.00446	99848.9	0	0
neutron	939.565	2.64316	99848.9	0	0
neutron	939.565	0.28743	99848.9	0	0
Ne21	19550.5	0.304275	99848.9	0	0
neutron	939.565	0.512599	99839	0	0
Na23	21409.2	0.152938	99839	0	0
neutron	939.565	27.7211	99841.8	0	0
neutron	939.565	5.90145	99841.8	0	0
deuteron	1875.61	18.6435	99841.8	0	0
C12	11174.9	5.66355	99841.8	0	0
neutron	939.565	0.927793	99837.8	0	0
N15	13968.9	0.419674	99837.8	0	0
Al28	26058.3	0.185552	99837.4	0	0
neutron	939.565	33.746	99839.9	0	0
neutron	939.565	6.56534	99839.9	0	0
proton	938.272	5.50711	99839.9	0	0
Ne22	20479.7	3.00338	99839.9	0	0
neutron	939.565	10.7333	99839.3	0	0
proton	938.272	9.05843	99839.3	0	0
neutron	939.565	4.89438	99839.3	0	0
neutron	939.565	1.998	99839.3	0	0
alpha	3727.38	9.17701	99839.3	0	0
alpha	3727.38	7.24795	99839.3	0	0
C12	11174.9	3.7617	99839.3	0	0
Al28	26058.3	0.177882	99834.3	0	0
Al28	26058.3	0.187379	99840	0	0
proton	938.272	18.8494	99846.7	0	0
neutron	939.565	6.65222	99846.7	0	0
proton	938.272	5.20234	99846.7	0	0
neutron	939.565	2.81577	99846.7	0	0
neutron	939.565	1.41955	99846.7	0	0
F19	17692.3	0.643137	99846.7	0	0
Na24	22341.8	0.20343	99838.1	0	0
proton	938.272	4.52195	99832.9	0	0
neutron	939.565	0.830337	99832.9	0	0
Mg26	24196.5	0.260912	99832.9	0	0
proton	938.272	6.07795	99839.3	0	0
neutron	939.565	1.47227	99839.3	0	0
Ne22	20479.7	0.508081	99839.3	0	0
proton	938.272	7.70957	99840	0	0
neutron	939.565	2.23222	99840	0	0
neutron	939.565	1.1173	99840	0	0
C13	12109.5	0.998099	99840	0	0
Al28	26058.3	0.176151	99838.7	0	0
neutron	939.565	1.01279	99836.7	0	0
neutron	939.565	0.784934	99836.7	0	0
N14	13040.2	0.241847	99836.7	0	0
proton	938.272	2.4568	99839.8	0	0
neutron	939.565	1.07955	99839.8	0	0
Mg26	24196.5	0.368225	99839.8	0	0
neutron	939.565	4.23606	99832.2	0	0
proton	938.272	1.7003	99832.2	0	0
neutron	939.565	0.911625	99832.2	0	0
Ne22	20479.7	0.322862	99832.2	0	0
neutron	939.565	1.1023	99837.5	0	0
Na23	21409.2	0.182349	99837.5	0	0
N16	14906	0.286217	99840.8	0	0
Na24	22341.8	0.205791	99843.4	0	0
neutron	939.565	17.7032	99837.4	0	0
proton	938.272	3.35944	99837.4	0	0
neutron	939.565	0.532785	99837.4	0	0
neutron	939.565	0.523537	99837.4	0	0
Ne20	18617.7	1.25599	99837.4	0	0
neutron	939.565	13.1884	99835.6	0	0
proton	938.272	4.84271	99835.6	0	0
neutron	939.565	4.01721	99835.6	0	0
neutron	939.565	1.79812	99835.6	0	0
neutron	939.565	0.0795383	99835.6	0	0
Cr51	47442.5	0.708135	99835.6	0	0
neutron	939.565	3.77505	99846.2	0	0
neutron	939.565	3.64342	99846.2	0	0
N14	13040.2	0.336134	99846.2	0	0
Al28	26058.3	0.188543	99835.7	0	0
Na24	22341.8	0.207133	99840.2	0	0
N16	14906	0.291705	99839.2	0	0
Na24	22341.8	0.188241	99840.7	0	0
neutron	939.565	0.542469	99836.3	0	0
Na23	21409.2	0.283913	99836.3	0	0
neutron	939.565	10.4845	99842.5	0	0
N15	13968.9	0.516237	99842.5	0	0
Na24	22341.8	0.212476	99835.9	0	0
neutron	939.565	9.28721	99835.3	0	0
neutron	939.565	7.6316	99835.3	0	0
neutron	939.565	6.50603	99835.3	0	0
proton	938.272	2.40477	99835.3	0	0
Ne20	18617.7	1.53421	99835.3	0	0
Na24	22341.8	0.195782	99840.2	0	0
neutron	939.565	7.82176	99843.5	0	0
proton	938.272	7.53299	99843.5	0	0
neutron	939.565	1.84503	99843.5	0	0
Mg26	24196.5	0.575558	99843.5	0	0
neutron	939.565	3.12551	99833.8	0	0
neutron	939.565	0.696716	99833.8	0	0
Na24	22341.8	0.298764	99833.8	0	0
neutron	939.565	5.89674	99831.1	0	0
N15	13968.9	0.883527	99831.1	0	0
Na24	22341.8	0.209217	99838.2	0	0
neutron	939.565	7.21795	99839.9	0	0
proton	938.272	5.39079	99839.9	0	0
neutron	939.565	3.2164	99839.9	0	0
neutron	939.565	0.463737	99839.9	0	0
alpha	3727.38	9.91493	99839.9	0	0
O16	14895.1	0.769751	99839.9	0	0
neutron	939.565	17.1459	99850.5	0	0
triton	2808.92	9.34874	99850.5	0	0
C12	11174.9	4.80765	99850.5	0	0
neutron	939.565	0.60092	99839.1	0	0
Na23	21409.2	0.301333	99839.1	0	0
proton	938.272	4.34742	99845.5	0	0
neutron	939.565	3.1585	99845.5	0	0
neutron	939.565	0.552416	99845.5	0	0
Mg25	23268	0.259641	99845.5	0	0
neutron	939.565	34.2373	99840.2	0	0
deuteron	1875.61	6.96046	99840.2	0	0
Mg26	24196.5	2.00941	99840.2	0	0
proton	938.272	8.45979	99840.4	0	0
neutron	939.565	4.36938	99840.4	0	0
neutron	939.565	2.4331	99840.4	0	0
neutron	939.565	1.40798	99840.4	0	0
Mg24	22335.8	1.40201	99840.4	0	0
neutron	939.565	2.19639	99845.1	0	0
Na23	21409.2	0.464169	99845.1	0	0
Na24	22341.8	0.209188	99839.1	0	0
neutron	939.565	1.78183	99846.5	0	0
triton	2808.92	9.14258	99846.5	0	0
C12	11174.9	1.84172	99846.5	0	0
neutron	939.565	14.9595	99845.6	0	0
neutron	939.565	11.4814	99845.6	0	0
proton	938.272	6.74393	99845.6	0	0
neutron	939.565	0.838307	99845.6	0	0
Ne21	19550.5	2.8928	99845.6	0	0
Na24	22341.8	0.183294	99832.4	0	0
neutron	939.565	18.6415	99843.8	0	0
proton	938.272	7.57542	99843.8	0	0
neutron	939.565	1.86724	99843.8	0	0
neutron	939.565	0.940968	99843.8	0	0
Mg24	22335.8	1.09373	99843.8	0	0
neutron	939.565	4.71924	99847.2	0	0
deuteron	1875.61	13.5407	99847.2	0	0
Ne21	19550.5	0.496937	99847.2	0	0
neutron	939.565	16.6515	99837.4	0	0
proton	938.272	3.44508	99837.4	0	0
neutron	939.565	0.733428	99837.4	0	0
Mg25	23268	1.11319	99837.4	0	0
Al28	26058.3	0.181785	99851.4	0	0
Al28	26058.3	0.167755	99838.7	0	0
Al28	26058.3	0.169996	99846.9	0	0
neutron	939.565	8.30447	99845.2	0	0
Al27	25126.5	0.642359	99845.2	0	0
Na24	22341.8	0.213912	99842.2	0	0
Al28	26058.3	0.155617	99830.2	0	0
Al28	26058.3	0.175014	99838	0	0
Na24	22341.8	0.207959	99835.8	0	0
Al28	26058.3	0.187493	99844.2	0	0
Al28	26058.3	0.190003	99844.7	0	0
Na24	22341.8	0.201673	99834.2	0	0
N16	14906	0.289418	99838.4	0	0
Na24	22341.8	0.212019	99839.8	0	0
Mn56	52094	0.0864015	99827.7	0	0
proton	938.272	7.91444	99835.3	0	0
neutron	939.565	7.05879	99835.3	0	0
neutron	939.565	0.182764	99835.3	0	0
C13	12109.5	0.625306	99835.3	0	0
Na24	22341.8	0.177458	99840.8	0	0
Al29	26988.5	0.176344	99838.2	0	0
neutron	939.565	4.11386	99855.3	0	0
proton	938.272	2.59035	99855.3	0	0
Mg26	24196.5	0.158601	99855.3	0	0
Na24	22341.8	0.19146	99832.5	0	0
neutron	939.565	6.90428	99833.6	0	0
neutron	939.565	4.82969	99833.6	0	0
deuteron	1875.61	1.00881	99833.6	0	0
C12	11174.9	2.60573	99833.6	0	0
Na24	22341.8	0.213149	99834.5	0	0
Na24	22341.8	0.202633	99841.8	0	0
Na26	24206.4	0.179283	99839.5	0	0
neutron	939.565	9.10683	99831.6	0	0
N15	13968.9	0.806873	99831.6	0	0
neutron	939.565	0.307443	99843.3	0	0
Na23	21409.2	0.115108	99843.3	0	0
Mn56	52094	0.0929047	99833.4	0	0
Mn56	52094	0.0852136	99840	0	0
Al28	26058.3	0.164253	99843.5	0	0
neutron	939.565	1.9151	99842.9	0	0
Na23	21409.2	0.231073	99842.9	0	0
neutron	939.565	7.16227	99843.1	0	0
neutron	939.565	4.28759	99843.1	0	0
deuteron	1875.61	8.59799	99843.1	0	0
Ne20	18617.7	1.09171	99843.1	0	0
neutron	939.565	0.672588	99836.5	0	0
Mn55	51161.7	0.0536068	99836.5	0	0
proton	938.272	11.1305	99832.9	0	0
neutron	939.565	8.80409	99832.9	0	0
neutron	939.565	0.149715	99832.9	0	0
C13	12109.5	0.0850109	99832.9	0	0
neutron	939.565	10.2425	99836.3	0	0
proton	938.272	3.13362	99836.3	0	0
neutron	939.565	2.68274	99836.3	0	0
Ne21	19550.5	0.514636	99836.3	0	0
proton	938.272	28.8127	99842.9	0	0
neutron	939.565	4.44477	99842.9	0	0
neutron	939.565	3.07819	99842.9	0	0
Mg25	23268	0.741481	99842.9	0	0
Na24	22341.8	0.187845	99839.6	0	0
neutron	939.565	0.671731	99840.1	0	0
N15	13968.9	0.132493	99840.1	0	0
Na25	23272.4	0.182924	99839.9	0	0
neutron	939.565	0.486601	99830.5	0	0
Mn55	51161.7	0.0457629	99830.5	0	0
proton	938.272	10.4662	99837.4	0	0
neutron	939.565	7.06732	99837.4	0	0
neutron	939.565	2.75117	99837.4	0	0
Mg25	23268	0.41802	99837.4	0	0
proton	938.272	4.19122	99834.9	0	0
neutron	939.565	3.89442	99834.9	0	0
neutron	939.565	2.6142	99834.9	0	0
neutron	939.565	0.415852	99834.9	0	0
C12	11174.9	0.0358987	99834.9	0	0
Na24	22341.8	0.214073	99842.3	0	0
proton	938.272	12.3097	99846.5	0	0
neutron	939.565	3.69039	99846.5	0	0
Ne22	20479.7	0.257038	99846.5	0	0
proton	938.272	22.9966	99842.1	0	0
neutron	939.565	2.94579	99842.1	0	0
neutron	939.565	2.35581	99842.1	0	0
C13	12109.5	3.87834	99842.1	0	0
neutron	939.565	0.331652	99843	0	0
N15	13968.9	0.405401	99843	0	0
neutron	939.565	11.7009	99848.9	0	0
proton	938.272	3.33646	99848.9	0	0
neutron	939.565	2.37895	99848.9	0	0
Ne21	19550.5	2.37503	99848.9	0	0
Na24	22341.8	0.21672	99841	0	0
Mn56	52094	0.0969686	99850.1	0	0
neutron	939.565	6.59246	99839.5	0	0
proton	938.272	5.75979	99839.5	0	0
neutron	939.565	5.53713	99839.5	0	0
neutron	939.565	2.45561	99839.5	0	0
C12	11174.9	4.03157	99839.5	0	0
neutron	939.565	9.84446	99841.8	0	0
Na23	21409.2	0.55322	99841.8	0	0
O16	14895.1	0.564838	99879.6	47.7181	46.2083
neutron	939.565	0.182448	99841.7	0	0
Mn55	51161.7	0.0748123	99841.7	0	0
Al28	26058.3	0.180566	99830.6	0	0
proton	938.272	4.41692	99835.2	0	0
neutron	939.565	0.157647	99835.2	0	0
Mg26	24196.5	0.45453	99835.2	0	0
neutron	939.565	15.8809	99841.7	0	0
neutron	939.565	6.37572	99841.7	0	0
proton	938.272	4.09152	99841.7	0	0
Ne21	19550.5	2.30486	99841.7	0	0
Al28	26058.3	0.165667	99841.4	0	0
Al28	26058.3	0.160702	99849.7	0	0
neutron	939.565	6.40109	99842	0	0
proton	938.272	5.97603	99842	0	0
neutron	939.565	1.50533	99842	0	0
neutron	939.565	0.97332	99842	0	0
Ne20	18617.7	0.814562	99842	0	0
neutron	939.565	20.492	99848.3	0	0
proton	938.272	6.94287	99848.3	0	0
neutron	939.565	6.16514	99848.3	0	0
neutron	939.565	2.59117	99848.3	0	0
Mg24	22335.8	1.78393	99848.3	0	0
proton	938.272	11.6653	99839.3	0	0
neutron	939.565	2.75755	99839.3	0	0
neutron	939.565	1.23743	99839.3	0	0
Mg25	23268	0.441422	99839.3	0	0
neutron	939.565	3.68628	99832.8	0	0
proton	938.272	3.22375	99832.8	0	0
Mg26	24196.5	0.163612	99832.8	0	0
proton	938.272	15.2096	99837.5	0	0
neutron	939.565	11.6735	99837.5	0	0
neutron	939.565	5.59697	99837.5	0	0
neutron	939.565	4.03677	99837.5	0	0
C12	11174.9	0.597595	99837.5	0	0
Na24	22341.8	0.218995	99847.1	0	0
neutron	939.565	0.101191	99841.2	0	0
Na23	21409.2	0.249669	99841.2	0	0
neutron	939.565	1.84559	99840.2	0	0
N15	13968.9	0.666962	99840.2	0	0
neutron	939.565	0.769052	99835.8	0	0
N15	13968.9	0.259986	99835.8	0	0
proton	938.272	5.54354	99838.7	0	0
neutron	939.565	4.28452	99838.7	0	0
C14	13040.9	0.531276	99838.7	0	0
neutron	939.565	4.98004	99841	0	0
proton	938.272	3.27166	99841	0	0
Mg26	24196.5	0.20723	99841	0	0
neutron	939.565	5.05388	99841.8	0	0
neutron	939.565	0.89872	99841.8	0	0
N14	13040.2	0.133606	99841.8	0	0
neutron	939.565	12.3084	99841.3	0	0
proton	938.272	3.10963	99841.3	0	0
neutron	939.565	1.98676	99841.3	0	0
C13	12109.5	2.59337	99841.3	0	0
O16	14895.1	0.430752	99961.8	105.493	104.747
Na24	22341.8	0.219337	99835.2	0	0
N16	14906	0.288028	99844.1	0	0
neutron	939.565	0.145391	99839.6	0	0
Al27	25126.5	0.189525	99839.6	0	0
neutron	939.565	21.9655	99852.1	0	0
proton	938.272	5.19197	99852.1	0	0
Cr52	48370	0.420951	99852.1	0	0
Na24	22341.8	0.215814	99839.8	0	0
Al28	26058.3	0.180655	99834.2	0	0
Na24	22341.8	0.212081	99846.1	0	0
neutron	939.565	3.9793	99847	0	0
Al29	26988.5	0.205098	99847	0	0
Na25	23272.4	0.184967	99841.5	0	0
neutron	939.565	8.96319	99847.6	0	0
proton	938.272	6.33574	99847.6	0	0
alpha	3727.38	8.1492	99847.6	0	0
O18	16762	2.74748	99847.6	0	0
proton	938.272	4.00661	99845.8	0	0
neutron	939.565	2.29319	99845.8	0	0
Mg26	24196.5	0.110395	99845.8	0	0
neutron	939.565	29.6862	99842.7	0	0
neutron	939.565	3.39544	99842.7	0	0
N14	13040.2	3.63295	99842.7	0	0
Na26	24206.4	0.170728	99841.9	0	0
N16	14906	0.28991	99842.4	0	0
neutron	939.565	9.79199	99835.4	0	0
proton	938.272	4.81588	99835.4	0	0
C14	13040.9	0.584345	99835.4	0	0
neutron	939.565	1.06424	99839.4	0	0
Mn55	51161.7	0.159328	99839.4	0	0
Al28	26058.3	0.176471	99840.4	0	0
neutron	939.565	25.6708	99839.2	0	0
neutron	939.565	3.60789	99839.2	0	0
N14	13040.2	1.32333	99839.2	0	0
Na24	22341.8	0.199053	99839.1	0	0
Na24	22341.8	0.212646	99831.1	0	0
Al28	26058.3	0.180374	99841.8	0	0
neutron	939.565	1.42539	99842.4	0	0
N15	13968.9	0.350549	99842.4	0	0
Al28	26058.3	0.186643	99839.6	0	0
neutron	939.565	8.98292	99845.4	0	0
Na23	21409.2	0.361483	99845.4	0	0
Na24	22341.8	0.215945	99838.2	0	0
Na24	22341.8	0.212177	99834.5	0	0
Na24	22341.8	0.18978	99836.1	0	0
proton	938.272	5.39246	99841.6	0	0
neutron	939.565	3.00227	99841.6	0	0
neutron	939.565	0.127596	99841.6	0	0
alpha	3727.38	6.21871	99841.6	0	0
O17	15830.5	0.267575	99841.6	0	0
neutron	939.565	0.107873	99849.1	0	0
Na23	21409.2	0.155517	99849.1	0	0
neutron	939.565	45.9675	99832.3	0	0
proton	938.272	5.11658	99832.3	0	0
neutron	939.565	3.59965	99832.3	0	0
Ne21	19550.5	1.3379	99832.3	0	0
proton	938.272	5.08839	99850.2	0	0
neutron	939.565	3.13327	99850.2	0	0
Mg26	24196.5	0.354109	99850.2	0	0
neutron	939.565	2.45087	99839.8	0	0
proton	938.272	2.08975	99839.8	0	0
neutron	939.565	0.221862	99839.8	0	0
Mg26	24196.5	0.0456844	99839.8	0	0
Al28	26058.3	0.156731	99835.5	0	0
neutron	939.565	6.93403	99835.7	0	0
proton	938.272	2.16781	99835.7	0	0
Mg26	24196.5	0.542178	99835.7	0	0
Na26	24206.4	0.182602	99841.6	0	0
neutron	939.565	0.282288	99839.9	0	0
Na23	21409.2	0.183862	99839.9	0	0
Al28	26058.3	0.186453	99847	0	0
Mn56	52094	0.0894805	99838.8	0	0
Al28	26058.3	0.173509	99839.3	0	0
Mn56	52094	0.0978091	99834.5	0	0
Na24	22341.8	0.215953	99837.2	0	0
proton	938.272	15.249	99836.7	0	0
neutron	939.565	4.737	99836.7	0	0
neutron	939.565	4.37364	99836.7	0	0
neutron	939.565	2.49773	99836.7	0	0
neutron	939.565	1.95197	99836.7	0	0
neutron	939.565	0.762998	99836.7	0	0
Cr50	46512.2	1.03842	99836.7	0	0
neutron	939.565	1.29025	99838.1	0	0
N15	13968.9	0.326349	99838.1	0	0
neutron	939.565	0.618141	99838.4	0	0
Na23	21409.2	0.257036	99838.4	0	0
Mn56	52094	0.09347	99840.6	0	0
Na24	22341.8	0.218552	99841.9	0	0
Al28	26058.3	0.180337	99835.4	0	0
Na24	22341.8	0.185871	99838.7	0	0
neutron	939.565	10.8197	99835.9	0	0
proton	938.272	4.19887	99835.9	0	0
Mg26	24196.5	1.29814	99835.9	0	0
N16	14906	0.287893	99833.2	0	0
neutron	939.565	0.387048	99835.8	0	0
Na23	21409.2	0.133994	99835.8	0	0
Na24	22341.8	0.218802	99837.2	0	0
neutron	939.565	11.6629	99843.6	0	0
Al27	25126.5	0.411343	99843.6	0	0
neutron	939.565	6.74939	99841.9	0	0
proton	938.272	2.25792	99841.9	0	0
Mg26	24196.5	0.253309	99841.9	0	0
neutron	939.565	5.85118	99834.4	0	0
neutron	939.565	3.42599	99834.4	0	0
neutron	939.565	3.37829	99834.4	0	0
N13	12111.2	0.169724	99834.4	0	0
neutron	939.565	2.37712	99840.3	0	0
neutron	939.565	0.324071	99840.3	0	0
triton	2808.92	3.37728	99840.3	0	0
alpha	3727.38	14.5061	99840.3	0	0
O16	14895.1	6.42066	99840.3	0	0
Na24	22341.8	0.211921	99837	0	0
proton	938.272	12.7395	99837.7	0	0
neutron	939.565	3.76313	99837.7	0	0
neutron	939.565	2.52354	99837.7	0	0
Mg25	23268	1.70304	99837.7	0	0
Mg24	22335.8	0.178715	99849.3	21.0121	20.8203
proton	938.272	16.2844	99848.9	0	0
neutron	939.565	8.07947	99848.9	0	0
neutron	939.565	2.83166	99848.9	0	0
neutron	939.565	0.606102	99848.9	0	0
C12	11174.9	1.86608	99848.9	0	0
Al28	26058.3	0.18263	99832	0	0
Al28	26058.3	0.189932	99840.4	0	0
neutron	939.565	3.94707	99836.3	0	0
Na24	22341.8	0.496826	99836.3	0	0
neutron	939.565	6.05506	99844.8	0	0
proton	938.272	5.91272	99844.8	0	0
neutron	939.565	1.16843	99844.8	0	0
C13	12109.5	1.05737	99844.8	0	0
Al28	26058.3	0.190606	99841.4	0	0
Al28	26058.3	0.167665	99844.4	0	0
Al28	26058.3	0.174735	99837.7	0	0
neutron	939.565	13.2439	99843.7	0	0
alpha	3727.38	6.48978	99843.7	0	0
triton	2808.92	2.92779	99843.7	0	0
Be8	7454.85	0.666215	99843.7	0	0
neutron	939.565	3.94309	99845.1	0	0
neutron	939.565	1.3335	99845.1	0	0
Al26	24200	0.483773	99845.1	0	0
Na24	22341.8	0.220398	99836.2	0	0
N16	14906	0.281111	99844.5	0	0
neutron	939.565	0.682445	99838.8	0	0
Na23	21409.2	0.15008	99838.8	0	0
neutron	939.565	4.50947	99840.5	0	0
proton	938.272	3.32206	99840.5	0	0
neutron	939.565	3.08073	99840.5	0	0
deuteron	1875.61	14.7446	99840.5	0	0
B11	10252.5	1.69473	99840.5	0	0
neutron	939.565	6.29191	99840.3	0	0
neutron	939.565	1.72829	99840.3	0	0
Mn54	50232.4	0.147698	99840.3	0	0
deuteron	1875.61	3.59729	99849.6	0	0
C14	13040.9	0.418731	99849.6	0	0
neutron	939.565	3.83006	99838.6	0	0
Al27	25126.5	0.14759	99838.6	0	0
neutron	939.565	16.5381	99833.8	0	0
neutron	939.565	2.81071	99833.8	0	0
proton	938.272	2.56903	99833.8	0	0
Ne21	19550.5	0.268692	99833.8	0	0
neutron	939.565	9.72174	99840.8	0	0
proton	938.272	7.85746	99840.8	0	0
neutron	939.565	1.02895	99840.8	0	0
neutron	939.565	0.432427	99840.8	0	0
alpha	3727.38	5.05465	99840.8	0	0
O16	14895.1	0.681579	99840.8	0	0
Mn57	53024.9	0.0960591	99841.6	0	0
Al28	26058.3	0.187523	99837.3	0	0
proton	938.272	17.9902	99842.1	0	0
neutron	939.565	2.48932	99842.1	0	0
Ne22	20479.7	0.729188	99842.1	0	0
neutron	939.565	39.7898	99838.2	0	0
proton	938.272	2.9424	99838.2	0	0
neutron	939.565	0.228395	99838.2	0	0
Ne21	19550.5	1.9428	99838.2	0	0
neutron	939.565	8.6131	99835.9	0	0
N15	13968.9	0.70859	99835.9	0	0
proton	938.272	6.99906	99841.7	0	0
neutron	939.565	1.76255	99841.7	0	0
Ne22	20479.7	0.489266	99841.7	0	0
neutron	939.565	0.331054	99843.8	0	0
Al27	25126.5	0.154812	99843.8	0	0
Al28	26058.3	0.185268	99849.9	0	0
proton	938.272	12.7576	99840.5	0	0
neutron	939.565	5.83354	99840.5	0	0
neutron	939.565	4.6951	99840.5	0	0
neutron	939.565	2.61326	99840.5	0	0
Ne20	18617.7	0.759948	99840.5	0	0
N16	14906	0.28921	99837.3	0	0
Na26	24206.4	0.166989	99835.1	0	0
neutron	939.565	0.44162	99845.9	0	0
Na23	21409.2	0.169172	99845.9	0	0
Al28	26058.3	0.163273	99836.4	0	0
Na25	23272.4	0.211454	99844.8	0	0
Al28	26058.3	0.176334	99842.3	0	0
Al28	26058.3	0.170313	99836.8	0	0
Al28	26058.3	0.191249	99831.3	0	0
neutron	939.565	0.783746	99841.7	0	0
Na23	21409.2	0.235697	99841.7	0	0
neutron	939.565	8.73923	99835.5	0	0
proton	938.272	1.90315	99835.5	0	0
neutron	939.565	0.294282	99835.5	0	0
C13	12109.5	1.07798	99835.5	0	0
neutron	939.565	0.0398369	99841.7	0	0
N15	13968.9	0.259925	99841.7	0	0
neutron	939.565	3.88677	99843	0	0
Na25	23272.4	0.226177	99843	0	0
neutron	939.565	4.80477	99844.3	0	0
proton	938.272	3.05162	99844.3	0	0
Mg26	24196.5	0.0668691	99844.3	0	0
Mn56	52094	0.0937224	99841.9	0	0
Al28	26058.3	0.17543	99837.7	0	0
neutron	939.565	1.07118	99842.3	0	0
Na23	21409.2	0.271422	99842.3	0	0
neutron	939.565	7.87684	99847.5	0	0
Al27	25126.5	0.149243	99847.5	0	0
Al30	27922.3	0.162965	99838.3	0	0
Na26	24206.4	0.184761	99832.7	0	0
neutron	939.565	12.1418	99837.2	0	0
proton	938.272	2.46488	99837.2	0	0
Ne22	20479.7	0.212361	99837.2	0	0
Na24	22341.8	0.180902	99842.2	0	0
Mg26	24196.5	0.133922	99988.5	125.178	124.66
proton	938.272	3.21394	99845	0	0
neutron	939.565	0.987108	99845	0	0
C14	13040.9	0.13643	99845	0	0
Na24	22341.8	0.201314	99842.9	0	0
neutron	939.565	6.2785	99837.6	0	0
proton	938.272	5.06999	99837.6	0	0
neutron	939.565	2.66717	99837.6	0	0
Cr53	49301.7	0.0659781	99837.6	0	0
Na24	22341.8	0.207081	99839.7	0	0
neutron	939.565	30.4961	99841.7	0	0
neutron	939.565	1.41783	99841.7	0	0
deuteron	1875.61	1.04901	99841.7	0	0
C12	11174.9	4.72315	99841.7	0	0
N16	14906	0.291969	99838.4	0	0
Mn56	52094	0.0938802	99848.3	0	0
Na24	22341.8	0.214431	99841	0	0
Al28	26058.3	0.183165	99853.9	0	0
Al28	26058.3	0.154613	99846.4	0	0
Al28	26058.3	0.177962	99841.6	0	0
neutron	939.565	7.66488	99835	0	0
proton	938.272	2.91674	99835	0	0
C14	13040.9	0.71892	99835	0	0
Al28	26058.3	0.178076	99842.7	0	0
neutron	939.565	0.52242	99840.9	0	0
Al27	25126.5	0.100256	99840.9	0	0
Na24	22341.8	0.219959	99846	0	0
proton	938.272	7.89692	99839.7	0	0
neutron	939.565	3.33575	99839.7	0	0
neutron	939.565	3.09185	99839.7	0	0
Ne21	19550.5	1.0807	99839.7	0	0
neutron	939.565	0.118796	99832.9	0	0
Mn55	51161.7	0.0662107	99832.9	0	0
neutron	939.565	32.5059	99838	0	0
neutron	939.565	5.27354	99838	0	0
Al26	24200	0.4895	99838	0	0
neutron	939.565	2.8153	99833.8	0	0
neutron	939.565	1.91265	99833.8	0	0
deuteron	1875.61	4.55376	99833.8	0	0
Mg24	22335.8	0.409967	99833.8	0	0
Al28	26058.3	0.165335	99841.3	0	0
Al28	26058.3	0.183242	99835.2	0	0
proton	938.272	15.0027	99847.8	0	0
neutron	939.565	14.6623	99847.8	0	0
neutron	939.565	1.55202	99847.8	0	0
neutron	939.565	1.50407	99847.8	0	0
alpha	3727.38	9.42225	99847.8	0	0
Be8	7454.85	0.130275	99847.8	0	0
neutron	939.565	1.72078	99839.4	0	0
proton	938.272	0.951231	99839.4	0	0
C14	13040.9	0.621205	99839.4	0	0
Al28	26058.3	0.187396	99845.2	0	0
proton	938.272	11.5194	99840	0	0
neutron	939.565	7.02506	99840	0	0
neutron	939.565	6.71048	99840	0	0
neutron	939.565	2.80741	99840	0	0
Mg24	22335.8	2.38771	99840	0	0
neutron	939.565	6.68671	99833.3	0	0
proton	938.272	6.46628	99833.3	0	0
neutron	939.565	5.65279	99833.3	0	0
neutron	939.565	1.73075	99833.3	0	0
Ne22	20479.7	2.04248	99833.3	0	0
proton	938.272	4.52856	99839.2	0	0
neutron	939.565	2.88787	99839.2	0	0
neutron	939.565	2.1391	99839.2	0	0
neutron	939.565	1.78641	99839.2	0	0
Ne22	20479.7	0.324024	99839.2	0	0
neutron	939.565	2.10065	99834.5	0	0
neutron	939.565	0.94601	99834.5	0	0
deuteron	1875.61	5.53102	99834.5	0	0
Ne20	18617.7	0.668732	99834.5	0	0
proton	938.272	4.35976	99843.2	0	0
neutron	939.565	2.38689	99843.2	0	0
neutron	939.565	2.30755	99843.2	0	0
neutron	939.565	0.563832	99843.2	0	0
Mg24	22335.8	0.24878	99843.2	0	0
neutron	939.565	0.646466	99833.3	0	0
Na23	21409.2	0.123162	99833.3	0	0
neutron	939.565	16.1366	99837.8	0	0
neutron	939.565	15.4793	99837.8	0	0
neutron	939.565	2.17233	99837.8	0	0
Na23	21409.2	0.816091	99837.8	0	0
neutron	939.565	1.39311	99843.7	0	0
triton	2808.92	14.9521	99843.7	0	0
alpha	3727.38	3.57777	99843.7	0	0
Be8	7454.85	6.34635	99843.7	0	0
N16	14906	0.284845	99832.9	0	0
neutron	939.565	0.277301	99836.8	0	0
N15	13968.9	0.225655	99836.8	0	0
proton	938.272	3.29453	99839.8	0	0
neutron	939.565	2.32773	99839.8	0	0
neutron	939.565	1.08242	99839.8	0	0
triton	2808.92	7.45076	99839.8	0	0
Na22	20482.1	0.785108	99839.8	0	0
neutron	939.565	12.7075	99841.8	0	0
proton	938.272	4.19252	99841.8	0	0
C14	13040.9	1.58322	99841.8	0	0
neutron	939.565	24.9355	99841.4	0	0
neutron	939.565	13.3713	99841.4	0	0
proton	938.272	3.33606	99841.4	0	0
neutron	939.565	3.25788	99841.4	0	0
Mg24	22335.8	1.96172	99841.4	0	0
Al28	26058.3	0.184323	99847.5	0	0
neutron	939.565	25.473	99847.1	0	0
neutron	939.565	7.16414	99847.1	0	0
proton	938.272	2.37001	99847.1	0	0
Ne21	19550.5	0.708889	99847.1	0	0
neutron	939.565	15.3086	99831.9	0	0
neutron	939.565	2.73151	99831.9	0	0
deuteron	1875.61	1.42168	99831.9	0	0
C12	11174.9	1.457	99831.9	0	0
Al28	26058.3	0.190451	99837	0	0
neutron	939.565	11.0862	99840.8	0	0
Na23	21409.2	0.619136	99840.8	0	0
proton	938.272	10.0176	99840.8	0	0
neutron	939.565	8.93349	99840.8	0	0
neutron	939.565	4.29534	99840.8	0	0
neutron	939.565	1.32462	99840.8	0	0
Mg24	22335.8	1.13071	99840.8	0	0
neutron	939.565	10.8664	99844.7	0	0
proton	938.272	9.51696	99844.7	0	0
neutron	939.565	3.05936	99844.7	0	0
neutron	939.565	2.66885	99844.7	0	0
Ne20	18617.7	0.904335	99844.7	0	0
neutron	939.565	7.55786	99837.4	0	0
neutron	939.565	0.914363	99837.4	0	0
alpha	3727.38	9.31051	99837.4	0	0
Na22	20482.1	2.68528	99837.4	0	0
neutron	939.565	3.48974	99840.9	0	0
Na23	21409.2	0.592421	99840.9	0	0
Na25	23272.4	0.205555	99847.3	0	0
proton	938.272	4.21527	99838.8	0	0
neutron	939.565	0.985083	99838.8	0	0
Mg26	24196.5	0.0950816	99838.8	0	0
proton	938.272	9.81007	99845.1	0	0
neutron	939.565	2.98632	99845.1	0	0
Ne22	20479.7	0.130089	99845.1	0	0
neutron	939.565	5.06117	99838.5	0	0
proton	938.272	1.9731	99838.5	0	0
Mg26	24196.5	0.456703	99838.5	0	0
Na24	22341.8	0.206321	99840.2	0	0
neutron	939.565	1.3441	99837.2	0	0
Na24	22341.8	0.122144	99837.2	0	0
neutron	939.565	40.5946	99846.1	0	0
neutron	939.565	7.69569	99846.1	0	0
proton	938.272	1.64548	99846.1	0	0
C13	12109.5	3.96018	99846.1	0	0
neutron	939.565	27.8836	99840	0	0
neutron	939.565	16.9761	99840	0	0
proton	938.272	4.10394	99840	0	0
neutron	939.565	1.46792	99840	0	0
C12	11174.9	1.1984	99840	0	0
neutron	939.565	7.60294	99842.9	0	0
Na23	21409.2	0.219644	99842.9	0	0
neutron	939.565	4.25082	99839.7	0	0
alpha	3727.38	7.57225	99839.7	0	0
F19	17692.3	1.56846	99839.7	0	0
neutron	939.565	13.124	99834.8	0	0
proton	938.272	9.20912	99834.8	0	0
neutron	939.565	6.91965	99834.8	0	0
neutron	939.565	2.46276	99834.8	0	0
alpha	3727.38	8.48408	99834.8	0	0
Be8	7454.85	2.8184	99834.8	0	0
neutron	939.565	0.631204	99844.9	0	0
Al27	25126.5	0.095751	99844.9	0	0
Na24	22341.8	0.202305	99842.5	0	0
proton	938.272	6.38843	99839.6	0	0
neutron	939.565	4.31738	99839.6	0	0
neutron	939.565	1.13753	99839.6	0	0
Ne21	19550.5	1.02829	99839.6	0	0
Na24	22341.8	0.196947	99833.7	0	0
Al28	26058.3	0.180664	99839.3	0	0
neutron	939.565	5.21472	99832	0	0
neutron	939.565	3.35144	99832	0	0
proton	938.272	3.05814	99832	0	0
neutron	939.565	0.98779	99832	0	0
Mg24	22335.8	0.915326	99832	0	0
neutron	939.565	8.22843	99833.5	0	0
neutron	939.565	4.89338	99833.5	0	0
proton	938.272	3.62737	99833.5	0	0
neutron	939.565	1.62991	99833.5	0	0
C12	11174.9	1.11087	99833.5	0	0
Na24	22341.8	0.218828	99847	0	0
neutron	939.565	4.71606	99841.8	0	0
N15	13968.9	0.0374903	99841.8	0	0
neutron	939.565	0.181373	99838.3	0	0
Na23	21409.2	0.277018	99838.3	0	0
Mn54	50232.4	0.104228	99833.5	0	0
Na24	22341.8	0.190132	99842.5	0	0
Na24	22341.8	0.202734	99841.3	0	0
proton	938.272	8.90787	99840.6	0	0
neutron	939.565	4.54107	99840.6	0	0
neutron	939.565	2.32336	99840.6	0	0
neutron	939.565	0.69952	99840.6	0	0
Ne20	18617.7	0.310284	99840.6	0	0
neutron	939.565	2.33664	99834.6	0	0
N15	13968.9	0.243696	99834.6	0	0
Al28	26058.3	0.187716	99848.2	0	0
Na24	22341.8	0.215798	99837.8	0	0
proton	938.272	3.8063	99833.9	0	0
neutron	939.565	3.1349	99833.9	0	0
Cr52	48370	0.0720673	99833.9	0	0
neutron	939.565	8.9343	99845.3	0	0
neutron	939.565	8.67961	99845.3	0	0
deuteron	1875.61	3.72523	99845.3	0	0
Ne20	18617.7	1.78579	99845.3	0	0
Fe56	52089.8	0.0576829	99986.5	124.474	123.878
neutron	939.565	7.26417	99858.4	0	0
proton	938.272	6.08081	99858.4	0	0
neutron	939.565	3.39487	99858.4	0	0
neutron	939.565	0.737534	99858.4	0	0
Ne20	18617.7	0.432379	99858.4	0	0
neutron	939.565	0.240632	99839.3	0	0
Al27	25126.5	0.148399	99839.3	0	0
proton	938.272	6.98702	99844	0	0
neutron	939.565	3.36556	99844	0	0
neutron	939.565	0.761232	99844	0	0
neutron	939.565	0.512966	99844	0	0
Ne20	18617.7	1.23718	99844	0	0
neutron	939.565	4.78885	99842.2	0	0
proton	938.272	4.48483	99842.2	0	0
neutron	939.565	2.33072	99842.2	0	0
Mg25	23268	0.0576934	99842.2	0	0
neutron	939.565	3.94949	99835.3	0	0
proton	938.272	3.56016	99835.3	0	0
neutron	939.565	2.99275	99835.3	0	0
neutron	939.565	1.40044	99835.3	0	0
C12	11174.9	1.07091	99835.3	0	0
neutron	939.565	0.942298	99840.8	0	0
Al27	25126.5	0.124511	99840.8	0	0
proton	938.272	5.23509	99837.9	0	0
neutron	939.565	4.3716	99837.9	0	0
Ne22	20479.7	0.443916	99837.9	0	0
neutron	939.565	4.4074	99844.1	0	0
neutron	939.565	1.24153	99844.1	0	0
deuteron	1875.61	2.05897	99844.1	0	0
C12	11174.9	1.2862	99844.1	0	0
Na25	23272.4	0.191029	99847.8	0	0
neutron	939.565	3.68185	99837.5	0	0
Al29	26988.5	0.363518	99837.5	0	0
Na24	22341.8	0.210619	99844.1	0	0
neutron	939.565	17.0537	99835.7	0	0
neutron	939.565	0.888935	99835.7	0	0
deuteron	1875.61	2.27184	99835.7	0	0
Ne20	18617.7	0.879629	99835.7	0	0
Al28	26058.3	0.147327	99839.5	0	0
Al28	26058.3	0.186817	99838.4	0	0
Mn56	52094	0.093763	99833	0	0
neutron	939.565	38.4746	99836.8	0	0
neutron	939.565	14.0526	99836.8	0	0
proton	938.272	1.61342	99836.8	0	0
C13	12109.5	2.23881	99836.8	0	0
Na24	22341.8	0.20951	99831	0	0
Al28	26058.3	0.174477	99844.6	0	0
Al28	26058.3	0.178193	99838.3	0	0
neutron	939.565	12.2417	99841.1	0	0
neutron	939.565	10.4614	99841.1	0	0
neutron	939.565	8.04516	99841.1	0	0
Na23	21409.2	0.213937	99841.1	0	0
Na24	22341.8	0.207665	99848	0	0
neutron	939.565	0.878251	99839.1	0	0
Na25	23272.4	0.290359	99839.1	0	0
proton	938.272	33.2073	99841	0	0
neutron	939.565	10.9786	99841	0	0
neutron	939.565	2.5708	99841	0	0
neutron	939.565	1.80305	99841	0	0
Ne20	18617.7	1.0839	99841	0	0
proton	938.272	4.17138	99835.8	0	0
neutron	939.565	1.4557	99835.8	0	0
Mg26	24196.5	0.0918945	99835.8	0	0
neutron	939.565	2.63266	99840.3	0	0
neutron	939.565	1.71525	99840.3	0	0
deuteron	1875.61	7.41261	99840.3	0	0
C12	11174.9	2.94044	99840.3	0	0
neutron	939.565	8.14538	99835.6	0	0
neutron	939.565	0.278463	99835.6	0	0
deuteron	1875.61	7.39192	99835.6	0	0
Ne22	20479.7	0.183218	99835.6	0	0
neutron	939.565	0.581827	99838.9	0	0
Al27	25126.5	0.208294	99838.9	0	0
neutron	939.565	7.99953	99837.5	0	0
proton	938.272	4.1469	99837.5	0	0
neutron	939.565	0.0414629	99837.5	0	0
Mg25	23268	0.144922	99837.5	0	0
Na24	22341.8	0.205668	99847.4	0	0
neutron	939.565	26.7801	99831.9	0	0
neutron	939.565	5.90484	99831.9	0	0
neutron	939.565	0.799821	99831.9	0	0
Mn53	49301.8	0.565855	99831.9	0	0
neutron	939.565	6.38785	99837.5	0	0
neutron	939.565	5.00663	99837.5	0	0
proton	938.272	3.84421	99837.5	0	0
neutron	939.565	3.34251	99837.5	0	0
alpha	3727.38	8.31288	99837.5	0	0
Ne20	18617.7	2.39692	99837.5	0	0
Na24	22341.8	0.211576	99843.2	0	0
neutron	939.565	13.4421	99844.1	0	0
proton	938.272	3.66452	99844.1	0	0
neutron	939.565	1.32114	99844.1	0	0
neutron	939.565	0.768932	99844.1	0	0
Ne20	18617.7	0.634253	99844.1	0	0
neutron	939.565	2.50106	99837.7	0	0
neutron	939.565	1.00295	99837.7	0	0
alpha	3727.38	16.2973	99837.7	0	0
B10	9324.44	7.20089	99837.7	0	0
neutron	939.565	0.379264	99842.7	0	0
N15	13968.9	0.29947	99842.7	0	0
neutron	939.565	2.94576	99843.5	0	0
neutron	939.565	0.343381	99843.5	0	0
deuteron	1875.61	5.75363	99843.5	0	0
Ne22	20479.7	1.74862	99843.5	0	0
neutron	939.565	0.119885	99838.9	0	0
N15	13968.9	0.252837	99838.9	0	0
Al28	26058.3	0.186907	99840.8	0	0
proton	938.272	3.86673	99836.9	0	0
neutron	939.565	1.40903	99836.9	0	0
Mg26	24196.5	0.161968	99836.9	0	0
neutron	939.565	1.1673	99838.4	0	0
Mn55	51161.7	0.0565117	99838.4	0	0
neutron	939.565	45.7376	99838.7	0	0
neutron	939.565	7.49	99838.7	0	0
proton	938.272	1.5973	99838.7	0	0
Ne21	19550.5	2.40683	99838.7	0	0
proton	938.272	3.95564	99840.2	0	0
neutron	939.565	2.14607	99840.2	0	0
Ne22	20479.7	0.191621	99840.2	0	0
Al28	26058.3	0.170434	99840.5	0	0
neutron	939.565	4.98411	99842.5	0	0
neutron	939.565	3.17524	99842.5	0	0
proton	938.272	1.9468	99842.5	0	0
Ne21	19550.5	1.28435	99842.5	0	0
neutron	939.565	0.382911	99844.2	0	0
N15	13968.9	0.244565	99844.2	0	0
neutron	939.565	7.01527	99841.9	0	0
neutron	939.565	6.85189	99841.9	0	0
proton	938.272	2.89733	99841.9	0	0
neutron	939.565	2.09387	99841.9	0	0
C12	11174.9	0.45919	99841.9	0	0
proton	938.272	13.7518	99839.6	0	0
neutron	939.565	3.50747	99839.6	0	0
neutron	939.565	2.91104	99839.6	0	0
neutron	939.565	2.10151	99839.6	0	0
alpha	3727.38	3.94188	99839.6	0	0
O16	14895.1	3.17649	99839.6	0	0
Al28	26058.3	0.191147	99839.5	0	0
neutron	939.565	0.493259	99842.5	0	0
Na23	21409.2	0.344903	99842.5	0	0
Fe56	52089.8	0.158874	99992	126.827	126.389
Mn56	52094	0.0924952	99866.6	0	0
Mn57	53024.9	0.09099	99837.4	0	0
Na24	22341.8	0.216815	99838.4	0	0
neutron	939.565	2.02754	99829.5	0	0
Al27	25126.5	0.041923	99829.5	0	0
Na24	22341.8	0.208787	99847.1	0	0
proton	938.272	4.07412	99848.7	0	0
neutron	939.565	0.730937	99848.7	0	0
Ne22	20479.7	0.216164	99848.7	0	0
deuteron	1875.61	13.7072	99840.4	0	0
C14	13040.9	1.21639	99840.4	0	0
neutron	939.565	4.50664	99838.6	0	0
proton	938.272	2.52823	99838.6	0	0
neutron	939.565	2.24555	99838.6	0	0
Mg25	23268	0.129464	99838.6	0	0
Al28	26058.3	0.185963	99835.7	0	0
neutron	939.565	1.10221	99842.7	0	0
Na23	21409.2	0.272485	99842.7	0	0
Al28	26058.3	0.182897	99837.5	0	0
Na24	22341.8	0.197989	99841.6	0	0
N16	14906	0.29073	99840.8	0	0
Na24	22341.8	0.210692	99837.6	0	0
Na24	22341.8	0.214029	99835.8	0	0
N16	14906	0.287677	99849.7	0	0
Al28	26058.3	0.163122	99838.3	0	0
neutron	939.565	0.0204787	99830.7	0	0
N15	13968.9	0.307491	99830.7	0	0
neutron	939.565	0.236579	99837.4	0	0
N15	13968.9	0.326595	99837.4	0	0
neutron	939.565	30.3008	99840.8	0	0
neutron	939.565	5.36039	99840.8	0	0
proton	938.272	2.37772	99840.8	0	0
neutron	939.565	2.17269	99840.8	0	0
C12	11174.9	1.80212	99840.8	0	0
proton	938.272	14.4841	99833.9	0	0
neutron	939.565	0.702591	99833.9	0	0
Mg26	24196.5	0.393568	99833.9	0	0
neutron	939.565	2.33517	99841.6	0	0
neutron	939.565	1.22745	99841.6	0	0
neutron	939.565	0.886683	99841.6	0	0
Al27	25126.5	0.075821	99841.6	0	0
neutron	939.565	3.98512	99842.8	0	0
proton	938.272	2.57474	99842.8	0	0
C14	13040.9	0.972008	99842.8	0	0
neutron	939.565	2.44592	99842.4	0	0
neutron	939.565	0.421384	99842.4	0	0
Mn54	50232.4	0.0514658	99842.4	0	0
neutron	939.565	16.2959	99837	0	0
proton	938.272	2.95474	99837	0	0
neutron	939.565	0.919159	99837	0	0
C13	12109.5	0.476858	99837	0	0
proton	938.272	4.33749	99844.5	0	0
neutron	939.565	1.53151	99844.5	0	0
Ne22	20479.7	0.176025	99844.5	0	0
Mn56	52094	0.0803362	99833.9	0	0
neutron	939.565	2.05817	99842.5	0	0
proton	938.272	1.72264	99842.5	0	0
neutron	939.565	0.368415	99842.5	0	0
Ne21	19550.5	0.187687	99842.5	0	0
neutron	939.565	1.02401	99839.3	0	0
Na23	21409.2	0.17924	99839.3	0	0
Na26	24206.4	0.162955	99836	0	0
neutron	939.565	2.78058	99834.8	0	0
N15	13968.9	0.106979	99834.8	0	0
neutron	939.565	0.357888	99844.2	0	0
Na23	21409.2	0.245528	99844.2	0	0
proton	938.272	25.2772	99839	0	0
neutron	939.565	19.4681	99839	0	0
neutron	939.565	2.40191	99839	0	0
C13	12109.5	0.174588	99839	0	0
neutron	939.565	15.7789	99847.5	0	0
neutron	939.565	8.54959	99847.5	0	0
proton	938.272	8.01146	99847.5	0	0
neutron	939.565	0.619212	99847.5	0	0
C12	11174.9	0.693038	99847.5	0	0
Na24	22341.8	0.19249	99835.5	0	0
Na24	22341.8	0.200828	99839.9	0	0
neutron	939.565	10.1751	99843	0	0
neutron	939.565	6.55192	99843	0	0
proton	938.272	6.19907	99843	0	0
Mg25	23268	1.54479	99843	0	0
neutron	939.565	20.2097	99838.7	0	0
neutron	939.565	9.98166	99838.7	0	0
proton	938.272	7.14699	99838.7	0	0
neutron	939.565	3.66944	99838.7	0	0
Ne20	18617.7	1.4906	99838.7	0	0
neutron	939.565	7.4092	99847.9	0	0
neutron	939.565	3.27373	99847.9	0	0
deuteron	1875.61	11.8954	99847.9	0	0
C12	11174.9	1.34317	99847.9	0	0
neutron	939.565	13.1329	99840.1	0	0
proton	938.272	4.68116	99840.1	0	0
neutron	939.565	4.08072	99840.1	0	0
neutron	939.565	2.83122	99840.1	0	0
alpha	3727.38	7.13602	99840.1	0	0
O16	14895.1	0.425579	99840.1	0	0
N16	14906	0.289948	99847	0	0
Na24	22341.8	0.179972	99835.8	0	0
neutron	939.565	6.98285	99843.5	0	0
proton	938.272	3.65756	99843.5	0	0
C14	13040.9	0.716066	99843.5	0	0
Mn56	52094	0.0882871	99839.6	0	0
Al28	26058.3	0.187877	99832.4	0	0
neutron	939.565	7.37859	99838.2	0	0
neutron	939.565	2.29838	99838.2	0	0
proton	938.272	1.25026	99838.2	0	0
C13	12109.5	1.08172	99838.2	0	0
neutron	939.565	6.61494	99838.1	0	0
proton	938.272	3.93304	99838.1	0	0
neutron	939.565	3.66568	99838.1	0	0
neutron	939.565	1.51197	99838.1	0	0
Mg24	22335.8	0.322827	99838.1	0	0
neutron	939.565	13.4314	99839.5	0	0
neutron	939.565	8.43993	99839.5	0	0
proton	938.272	2.58191	99839.5	0	0
neutron	939.565	1.26232	99839.5	0	0
alpha	3727.38	12.795	99839.5	0	0
O16	14895.1	1.63833	99839.5	0	0
Al28	26058.3	0.183632	99837.9	0	0
Al28	26058.3	0.175146	99837.7	0	0
neutron	939.565	2.19859	99844.5	0	0
alpha	3727.38	14.5007	99844.5	0	0
Na23	21409.2	3.01432	99844.5	0	0
neutron	939.565	2.77512	99837.1	0	0
N15	13968.9	0.104785	99837.1	0	0
neutron	939.565	3.96337	99839.7	0	0
proton	938.272	2.60716	99839.7	0	0
Mg26	24196.5	0.257762	99839.7	0	0
neutron	939.565	4.52555	99839.6	0	0
neutron	939.565	3.26141	99839.6	0	0
Na24	22341.8	0.717701	99839.6	0	0
neutron	939.565	3.64472	99835.7	0	0
Na23	21409.2	0.329053	99835.7	0	0
Na24	22341.8	0.187463	99844.1	0	0
proton	938.272	20.1814	99839.3	0	0
neutron	939.565	6.58793	99839.3	0	0
neutron	939.565	5.6053	99839.3	0	0
deuteron	1875.61	3.82987	99839.3	0	0
alpha	3727.38	3.7444	99839.3	0	0
N15	13968.9	3.63346	99839.3	0	0
Al28	26058.3	0.147457	99833.9	0	0
neutron	939.565	0.0329271	99844	0	0
Na23	21409.2	0.193135	99844	0	0
neutron	939.565	0.303628	99848.6	0	0
Na23	21409.2	0.215357	99848.6	0	0
neutron	939.565	4.00983	99838	0	0
proton	938.272	2.25716	99838	0	0
neutron	939.565	1.14685	99838	0	0
alpha	3727.38	14.8158	99838	0	0
Be9	8392.75	9.73583	99838	0	0
neutron	939.565	0.705958	99838.7	0	0
Al27	25126.5	0.195202	99838.7	0	0
N16	14906	0.290236	99835.4	0	0
Al28	26058.3	0.179255	99842.6	0	0
Mn56	52094	0.0971806	99836.5	0	0
Na24	22341.8	0.190685	99844.5	0	0
neutron	939.565	1.58131	99838.5	0	0
Al27	25126.5	0.363031	99838.5	0	0
neutron	939.565	5.59119	99843	0	0
N15	13968.9	0.938971	99843	0	0
neutron	939.565	16.7998	99840.9	0	0
proton	938.272	2.52863	99840.9	0	0
neutron	939.565	1.8054	99840.9	0	0
C13	12109.5	2.67718	99840.9	0	0
Al28	26058.3	0.175099	99840.8	0	0
neutron	939.565	12.7393	99840.5	0	0
proton	938.272	9.47383	99840.5	0	0
neutron	939.565	5.30924	99840.5	0	0
neutron	939.565	0.813928	99840.5	0	0
Ne20	18617.7	1.59845	99840.5	0	0
neutron	939.565	4.06321	99840.6	0	0
Na23	21409.2	0.247452	99840.6	0	0
neutron	939.565	0.386542	99842.3	0	0
N15	13968.9	0.161034	99842.3	0	0
Na24	22341.8	0.209045	99837.7	0	0
neutron	939.565	40.7327	99835.9	0	0
neutron	939.565	4.89515	99835.9	0	0
proton	938.272	2.59202	99835.9	0	0
neutron	939.565	0.857462	99835.9	0	0
Ne22	20479.7	0.602811	99835.9	0	0
Al28	26058.3	0.181354	99837.5	0	0
N16	14906	0.290577	99844.2	0	0
proton	938.272	9.23027	99835.3	0	0
neutron	939.565	7.23961	99835.3	0	0
neutron	939.565	3.86203	99835.3	0	0
neutron	939.565	1.28928	99835.3	0	0
C12	11174.9	0.781221	99835.3	0	0
neutron	939.565	7.45015	99835.4	0	0
proton	938.272	7.06039	99835.4	0	0
neutron	939.565	1.724	99835.4	0	0
neutron	939.565	0.113167	99835.4	0	0
Mg24	22335.8	0.17701	99835.4	0	0
Al28	26058.3	0.14544	99841.3	0	0
neutron	939.565	12.83	99838.6	0	0
neutron	939.565	3.61066	99838.6	0	0
neutron	939.565	2.23887	99838.6	0	0
Al27	25126.5	0.12263	99838.6	0	0
Na24	22341.8	0.18901	99846.1	0	0
Na24	22341.8	0.174398	99842.1	0	0
neutron	939.565	18.5551	99846.8	0	0
proton	938.272	4.60155	99846.8	0	0
neutron	939.565	3.06611	99846.8	0	0
neutron	939.565	0.402311	99846.8	0	0
Ne20	18617.7	1.09605	99846.8	0	0
neutron	939.565	1.61251	99840.1	0	0
N15	13968.9	0.407412	99840.1	0	0
neutron	939.565	1.86368	99837.8	0	0
neutron	939.565	1.42999	99837.8	0	0
neutron	939.565	0.431429	99837.8	0	0
Mn53	49301.8	0.0655082	99837.8	0	0
neutron	939.565	4.20354	99842.7	0	0
N15	13968.9	0.592865	99842.7	0	0
Al28	26058.3	0.189581	99839.1	0	0
Na24	22341.8	0.200135	99839.5	0	0
neutron	939.565	2.29645	99837.3	0	0
Al27	25126.5	0.126913	99837.3	0	0
Na24	22341.8	0.216729	99839.7	0	0
neutron	939.565	6.32015	99844	0	0
proton	938.272	5.83983	99844	0	0
neutron	939.565	2.78667	99844	0	0
neutron	939.565	2.26783	99844	0	0
Ne20	18617.7	1.13063	99844	0	0
Al28	26058.3	0.153858	99845.1	0	0
neutron	939.565	16.729	99837.8	0	0
proton	938.272	1.80319	99837.8	0	0
Ne22	20479.7	0.740293	99837.8	0	0
neutron	939.565	27.8172	99845.5	0	0
neutron	939.565	5.34758	99845.5	0	0
proton	938.272	3.01186	99845.5	0	0
Mg25	23268	1.47122	99845.5	0	0
neutron	939.565	0.467658	99842.3	0	0
Na23	21409.2	0.245415	99842.3	0	0
neutron	939.565	1.3043	99837	0	0
Na23	21409.2	0.398597	99837	0	0
neutron	939.565	0.404408	99836.5	0	0
neutron	939.565	0.273807	99836.5	0	0
deuteron	1875.61	4.45313	99836.5	0	0
C12	11174.9	0.776297	99836.5	0	0
neutron	939.565	7.03429	99837.1	0	0
proton	938.272	2.27688	99837.1	0	0
neutron	939.565	0.0294365	99837.1	0	0
Ne21	19550.5	0.220181	99837.1	0	0
N16	14906	0.297312	99840.3	0	0
Mn56	52094	0.0932959	99837	0	0
neutron	939.565	10.5877	99841.7	0	0
neutron	939.565	9.10433	99841.7	0	0
deuteron	1875.61	1.3608	99841.7	0	0
C12	11174.9	4.42668	99841.7	0	0
Na24	22341.8	0.209768	99836.8	0	0
Na24	22341.8	0.21609	99837.3	0	0
Al28	26058.3	0.186323	99834.4	0	0
proton	938.272	17.675	99837.2	0	0
neutron	939.565	17.4463	99837.2	0	0
proton	938.272	7.6213	99837.2	0	0
neutron	939.565	5.01805	99837.2	0	0
Na24	22341.8	2.025	99837.2	0	0
Al28	26058.3	0.185746	99833.7	0	0
neutron	939.565	5.80916	99839.2	0	0
neutron	939.565	5.78863	99839.2	0	0
deuteron	1875.61	3.97524	99839.2	0	0
C12	11174.9	0.376281	99839.2	0	0
neutron	939.565	5.91418	99837.8	0	0
proton	938.272	4.64662	99837.8	0	0
Mg28	26060.7	0.0652117	99837.8	0	0
neutron	939.565	7.11291	99839.7	0	0
proton	938.272	4.62368	99839.7	0	0
neutron	939.565	3.7454	99839.7	0	0
Mg25	23268	0.453063	99839.7	0	0
proton	938.272	4.94914	99837.2	0	0
neutron	939.565	4.16687	99837.2	0	0
neutron	939.565	0.894489	99837.2	0	0
deuteron	1875.61	4.12432	99837.2	0	0
triton	2808.92	7.92678	99837.2	0	0
O16	14895.1	0.380061	99837.2	0	0
neutron	939.565	2.15335	99842.5	0	0
N15	13968.9	0.621579	99842.5	0	0
Na24	22341.8	0.212777	99840.8	0	0
Na24	22341.8	0.213756	99831.4	0	0
neutron	939.565	2.06335	99838.4	0	0
N15	13968.9	0.487292	99838.4	0	0
proton	938.272	14.4371	99840.5	0	0
neutron	939.565	9.20451	99840.5	0	0
neutron	939.565	3.35227	99840.5	0	0
neutron	939.565	1.65888	99840.5	0	0
C12	11174.9	1.08099	99840.5	0	0
Na24	22341.8	0.193476	99836.8	0	0
Na24	22341.8	0.220669	99845.2	0	0
Na24	22341.8	0.213507	99837.8	0	0
neutron	939.565	0.809315	99840.6	0	0
N15	13968.9	0.395746	99840.6	0	0
Na24	22341.8	0.191728	99838.8	0	0
Na24	22341.8	0.17333	99845.1	0	0
proton	938.272	4.29028	99839.7	0	0
Ne24	22344.8	0.0105158	99839.7	0	0
neutron	939.565	5.32122	99834.6	0	0
proton	938.272	5.30357	99834.6	0	0
neutron	939.565	2.59349	99834.6	0	0
neutron	939.565	0.35556	99834.6	0	0
Mg24	22335.8	0.22932	99834.6	0	0
neutron	939.565	1.40456	99848.6	0	0
Al27	25126.5	0.0762527	99848.6	0	0
Al28	26058.3	0.172423	99838	0	0
neutron	939.565	15.0596	99838.3	0	0
proton	938.272	2.35257	99838.3	0	0
Mg26	24196.5	0.561423	99838.3	0	0
neutron	939.565	0.50649	99837.6	0	0
Mn55	51161.7	0.0514772	99837.6	0	0
Na24	22341.8	0.20217	99830.9	0	0
Mn56	52094	0.0806913	99842.2	0	0
neutron	939.565	3.77023	99845.7	0	0
neutron	939.565	2.03713	99845.7	0	0
neutron	939.565	0.799117	99845.7	0	0
Mn53	49301.8	0.153877	99845.7	0	0
neutron	939.565	0.624881	99836.8	0	0
Na23	21409.2	0.154921	99836.8	0	0
Fe56	52089.8	0.085257	99881.1	48.945	48.6123
Al28	26058.3	0.15659	99844.3	0	0
neutron	939.565	47.7356	99840.6	0	0
proton	938.272	8.20975	99840.6	0	0
neutron	939.565	1.00415	99840.6	0	0
Ne22	20479.7	0.785233	99840.6	0	0
N16	14906	0.281898	99841.3	0	0
proton	938.272	11.4413	99834.7	0	0
neutron	939.565	8.56044	99834.7	0	0
neutron	939.565	2.21777	99834.7	0	0
C13	12109.5	4.51283	99834.7	0	0
neutron	939.565	4.61527	99846.6	0	0
proton	938.272	1.98523	99846.6	0	0
Ne22	20479.7	0.273379	99846.6	0	0
Na26	24206.4	0.167202	99838.1	0	0
neutron	939.565	22.5845	99848	0	0
proton	938.272	11.0263	99848	0	0
proton	938.272	2.71787	99848	0	0
neutron	939.565	0.334507	99848	0	0
F20	18625.3	0.966826	99848	0	0
Al28	26058.3	0.169566	99842.3	0	0
Na24	22341.8	0.210423	99839.5	0	0
Al28	26058.3	0.186208	99833.4	0	0
Na25	23272.4	0.211901	99842.2	0	0
neutron	939.565	26.0435	99837.7	0	0
neutron	939.565	6.58908	99837.7	0	0
proton	938.272	3.21753	99837.7	0	0
C13	12109.5	0.983345	99837.7	0	0
Al28	26058.3	0.184156	99838.1	0	0
Al28	26058.3	0.186603	99836.6	0	0
Al30	27922.3	0.149041	99833	0	0
Na24	22341.8	0.211443	99833.6	0	0
Mn56	52094	0.0983586	99838.4	0	0
proton	938.272	32.3889	99842	0	0
neutron	939.565	15.8437	99842	0	0
neutron	939.565	2.35571	99842	0	0
Ne21	19550.5	0.89186	99842	0	0
Na24	22341.8	0.192605	99842.1	0	0
neutron	939.565	7.86024	99839.8	0	0
proton	938.272	6.24111	99839.8	0	0
neutron	939.565	5.92946	99839.8	0	0
neutron	939.565	4.68951	99839.8	0	0
Ne20	18617.7	0.379718	99839.8	0	0
Na24	22341.8	0.215974	99840.9	0	0
N16	14906	0.283304	99840.8	0	0
Al28	26058.3	0.184165	99844.7	0	0
proton	938.272	4.80557	99844.6	0	0
neutron	939.565	4.49145	99844.6	0	0
neutron	939.565	1.45004	99844.6	0	0
deuteron	1875.61	5.68488	99844.6	0	0
F19	17692.3	0.778427	99844.6	0	0
neutron	939.565	1.503	99844.8	0	0
Al27	25126.5	0.227228	99844.8	0	0
neutron	939.565	20.1887	99836.8	0	0
neutron	939.565	9.98992	99836.8	0	0
proton	938.272	3.56158	99836.8	0	0
neutron	939.565	1.04974	99836.8	0	0
C12	11174.9	0.489951	99836.8	0	0
neutron	939.565	3.27572	99835.5	0	0
neutron	939.565	2.22931	99835.5	0	0
Na22	20482.1	0.207134	99835.5	0	0
proton	938.272	9.67478	99844.1	0	0
neutron	939.565	1.42182	99844.1	0	0
Ne22	20479.7	1.06252	99844.1	0	0
Al28	26058.3	0.187427	99838.4	0	0
neutron	939.565	5.15673	99836.3	0	0
N15	13968.9	0.287683	99836.3	0	0
Na25	23272.4	0.195898	99838.5	0	0
neutron	939.565	0.399353	99842.4	0	0
Na23	21409.2	0.15909	99842.4	0	0
neutron	939.565	33.7667	99839.9	0	0
neutron	939.565	5.27861	99839.9	0	0
neutron	939.565	2.31032	99839.9	0	0
neutron	939.565	1.05757	99839.9	0	0
Mn52	48374.2	0.581985	99839.9	0	0
proton	938.272	3.9918	99841.7	0	0
neutron	939.565	3.09057	99841.7	0	0
neutron	939.565	0.706772	99841.7	0	0
C13	12109.5	0.216141	99841.7	0	0
neutron	939.565	19.3637	99837.2	0	0
neutron	939.565	8.11744	99837.2	0	0
proton	938.272	5.40221	99837.2	0	0
alpha	3727.38	3.69416	99837.2	0	0
O17	15830.5	4.95582	99837.2	0	0
proton	938.272	41.1695	99834.8	0	0
neutron	939.565	5.3339	99834.8	0	0
neutron	939.565	3.36993	99834.8	0	0
neutron	939.565	1.80203	99834.8	0	0
C12	11174.9	3.64132	99834.8	0	0
Na24	22341.8	0.219604	99837.8	0	0
proton	938.272	5.78955	99841.9	0	0
neutron	939.565	0.895679	99841.9	0	0
Mg26	24196.5	0.392983	99841.9	0	0
neutron	939.565	1.4606	99838.3	0	0
Na23	21409.2	0.220888	99838.3	0	0
neutron	939.565	0.141953	99837.4	0	0
N15	13968.9	0.295962	99837.4	0	0
Al29	26988.5	0.180914	99839	0	0
N16	14906	0.284688	99839	0	0
neutron	939.565	0.263704	99841.9	0	0
Al27	25126.5	0.144567	99841.9	0	0
neutron	939.565	7.42604	99839.5	0	0
neutron	939.565	5.11276	99839.5	0	0
deuteron	1875.61	7.06359	99839.5	0	0
C12	11174.9	0.466255	99839.5	0	0
neutron	939.565	10.182	99845.6	0	0
deuteron	1875.61	2.83912	99845.6	0	0
C13	12109.5	2.32089	99845.6	0	0
neutron	939.565	1.11553	99841.8	0	0
Al27	25126.5	0.201565	99841.8	0	0
proton	938.272	1.73754	99837.8	0	0
neutron	939.565	1.00739	99837.8	0	0
Ne22	20479.7	0.104715	99837.8	0	0
neutron	939.565	20.5599	99839	0	0
neutron	939.565	3.88425	99839	0	0
deuteron	1875.61	16.0398	99839	0	0
C12	11174.9	3.10377	99839	0	0
Mn56	52094	0.0953125	99835.2	0	0
neutron	939.565	11.9142	99845.2	0	0
neutron	939.565	8.83289	99845.2	0	0
proton	938.272	3.78614	99845.2	0	0
neutron	939.565	1.63716	99845.2	0	0
Ne20	18617.7	0.444756	99845.2	0	0
neutron	939.565	6.34577	99837.2	0	0
neutron	939.565	4.67394	99837.2	0	0
proton	938.272	2.86932	99837.2	0	0
neutron	939.565	1.56031	99837.2	0	0
Ne20	18617.7	0.914153	99837.2	0	0
neutron	939.565	4.28227	99848.4	0	0
N15	13968.9	0.183924	99848.4	0	0
neutron	939.565	0.232995	99849.9	0	0
Mn55	51161.7	0.124959	99849.9	0	0
neutron	939.565	11.8139	99840.2	0	0
N15	13968.9	0.232362	99840.2	0	0
proton	938.272	4.04282	99841.1	0	0
neutron	939.565	3.1447	99841.1	0	0
neutron	939.565	2.41487	99841.1	0	0
neutron	939.565	1.19772	99841.1	0	0
Mg24	22335.8	0.21094	99841.1	0	0
Al28	26058.3	0.178081	99836.6	0	0
neutron	939.565	34.6324	99843	0	0
neutron	939.565	2.44328	99843	0	0
neutron	939.565	0.438154	99843	0	0
Na21	19553.6	3.29527	99843	0	0
proton	938.272	6.63371	99836	0	0
neutron	939.565	4.15014	99836	0	0
neutron	939.565	3.75444	99836	0	0
neutron	939.565	3.49817	99836	0	0
Mg24	22335.8	0.393094	99836	0	0
neutron	939.565	13.2688	99837.5	0	0
neutron	939.565	7.74719	99837.5	0	0
proton	938.272	4.01528	99837.5	0	0
neutron	939.565	3.20021	99837.5	0	0
alpha	3727.38	6.62948	99837.5	0	0
Be8	7454.85	6.1376	99837.5	0	0
neutron	939.565	8.24805	99847	0	0
proton	938.272	5.46645	99847	0	0
C14	13040.9	2.12232	99847	0	0
proton	938.272	9.79098	99835.2	0	0
neutron	939.565	2.77704	99835.2	0	0
neutron	939.565	1.85196	99835.2	0	0
neutron	939.565	0.818385	99835.2	0	0
Mg24	22335.8	0.0824834	99835.2	0	0
proton	938.272	7.97463	99850.5	0	0
neutron	939.565	6.29516	99850.5	0	0
neutron	939.565	2.88811	99850.5	0	0
neutron	939.565	0.760113	99850.5	0	0
Ne20	18617.7	1.06841	99850.5	0	0
proton	938.272	9.55904	99853.1	0	0
neutron	939.565	7.62981	99853.1	0	0
neutron	939.565	5.76572	99853.1	0	0
neutron	939.565	4.10464	99853.1	0	0
Ne20	18617.7	0.652123	99853.1	0	0
proton	938.272	12.1426	99832.1	0	0
neutron	939.565	8.92485	99832.1	0	0
neutron	939.565	8.06071	99832.1	0	0
Ne21	19550.5	2.93046	99832.1	0	0
proton	938.272	3.02507	99841.6	0	0
neutron	939.565	0.075973	99841.6	0	0
Mg26	24196.5	0.285112	99841.6	0	0
neutron	939.565	0.133349	99831.4	0	0
Na23	21409.2	0.153305	99831.4	0	0
neutron	939.565	22.1634	99839.5	0	0
proton	938.272	7.16612	99839.5	0	0
neutron	939.565	2.64471	99839.5	0	0
Ne21	19550.5	0.604785	99839.5	0	0
neutron	939.565	5.04958	99831.5	0	0
alpha	3727.38	14.6502	99831.5	0	0
alpha	3727.38	3.27892	99831.5	0	0
N15	13968.9	4.82846	99831.5	0	0
neutron	939.565	9.90553	99835.5	0	0
neutron	939.565	1.42525	99835.5	0	0
Al26	24200	0.206155	99835.5	0	0
neutron	939.565	4.84308	99839.5	0	0
proton	938.272	4.78821	99839.5	0	0
neutron	939.565	4.51582	99839.5	0	0
neutron	939.565	3.48945	99839.5	0	0
Ne20	18617.7	0.780389	99839.5	0	0
proton	938.272	16.0933	99839.4	0	0
neutron	939.565	4.33326	99839.4	0	0
Mg26	24196.5	0.291754	99839.4	0	0
Na25	23272.4	0.179541	99833.8	0	0
Na24	22341.8	0.209978	99846.8	0	0
Na26	24206.4	0.169362	99847.3	0	0
neutron	939.565	5.46427	99839.5	0	0
neutron	939.565	3.14571	99839.5	0	0
N14	13040.2	0.891011	99839.5	0	0
Al28	26058.3	0.184341	99838.8	0	0
neutron	939.565	1.01325	99836.7	0	0
N15	13968.9	0.240962	99836.7	0	0
neutron	939.565	7.25639	99838.9	0	0
proton	938.272	6.76986	99838.9	0	0
neutron	939.565	5.45517	99838.9	0	0
neutron	939.565	2.05574	99838.9	0	0
alpha	3727.38	1.96414	99838.9	0	0
Be8	7454.85	3.72846	99838.9	0	0
neutron	939.565	6.46208	99837.2	0	0
proton	938.272	2.96138	99837.2	0	0
Mg26	24196.5	1.10815	99837.2	0	0
Na24	22341.8	0.212885	99841.5	0	0
neutron	939.565	0.308451	99837.5	0	0
Al27	25126.5	0.224452	99837.5	0	0
proton	938.272	4.22581	99840.9	0	0
neutron	939.565	3.93463	99840.9	0	0
Ne22	20479.7	0.103359	99840.9	0	0
Na24	22341.8	0.216439	99842	0	0
N16	14906	0.291814	99835	0	0
neutron	939.565	1.50214	99840.9	0	0
N15	13968.9	0.35331	99840.9	0	0
Na24	22341.8	0.213942	99837.1	0	0
neutron	939.565	3.28765	99841.4	0	0
Na23	21409.2	0.0995362	99841.4	0	0
neutron	939.565	6.08873	99834.8	0	0
neutron	939.565	3.11034	99834.8	0	0
Na22	20482.1	0.173827	99834.8	0	0
neutron	939.565	0.1717	99839.4	0	0
N15	13968.9	0.220111	99839.4	0	0
N16	14906	0.281777	99843.9	0	0
neutron	939.565	6.66717	99841	0	0
neutron	939.565	0.71558	99841	0	0
deuteron	1875.61	24.9452	99841	0	0
alpha	3727.38	8.28891	99841	0	0
alpha	3727.38	0.482558	99841	0	0
alpha	3727.38	13.1823	99841	0	0
proton	938.272	2.09728	99840	0	0
neutron	939.565	1.52705	99840	0	0
neutron	939.565	1.22743	99840	0	0
C13	12109.5	0.0474238	99840	0	0
Na24	22341.8	0.214609	99840.1	0	0
neutron	939.565	0.685539	99838.2	0	0
Al27	25126.5	0.0597352	99838.2	0	0
Mn56	52094	0.088707	99839	0	0
Na24	22341.8	0.190271	99841.7	0	0
Na24	22341.8	0.201948	99843.8	0	0
neutron	939.565	5.21865	99843.6	0	0
proton	938.272	5.19017	99843.6	0	0
proton	938.272	4.55117	99843.6	0	0
neutron	939.565	2.59265	99843.6	0	0
neutron	939.565	0.415396	99843.6	0	0
Na23	21409.2	0.0655401	99843.6	0	0
alpha	3727.38	10.0407	99842.4	0	0
deuteron	1875.61	1.99261	99842.4	0	0
O18	16762	2.16771	99842.4	0	0
neutron	939.565	38.6606	99844.9	0	0
neutron	939.565	1.35048	99844.9	0	0
deuteron	1875.61	1.06593	99844.9	0	0
C12	11174.9	4.10723	99844.9	0	0
neutron	939.565	1.21105	99843.9	0	0
N15	13968.9	0.0833448	99843.9	0	0
neutron	939.565	3.55054	99836	0	0
proton	938.272	2.4403	99836	0	0
Ne22	20479.7	0.316799	99836	0	0
Na24	22341.8	0.199118	99843	0	0
Na24	22341.8	0.210398	99845.4	0	0
neutron	939.565	1.05159	99833.1	0	0
Na23	21409.2	0.374029	99833.1	0	0
neutron	939.565	14.1103	99835.6	0	0
neutron	939.565	9.71949	99835.6	0	0
deuteron	1875.61	4.24919	99835.6	0	0
C12	11174.9	0.134788	99835.6	0	0
Na26	24206.4	0.178691	99841.5	0	0
neutron	939.565	11.923	99836.4	0	0
neutron	939.565	11.1186	99836.4	0	0
proton	938.272	1.86589	99836.4	0	0
Ne22	20479.7	0.0834358	99836.4	0	0
neutron	939.565	5.92878	99844	0	0
proton	938.272	3.33339	99844	0	0
proton	938.272	2.66313	99844	0	0
Na25	23272.4	0.754265	99844	0	0
neutron	939.565	6.59971	99846.8	0	0
N15	13968.9	0.33548	99846.8	0	0
Al28	26058.3	0.169071	99842	0	0
neutron	939.565	2.13559	99839	0	0
Na23	21409.2	0.357073	99839	0	0
proton	938.272	30.9479	99841.1	0	0
neutron	939.565	16.0823	99841.1	0	0
neutron	939.565	1.4122	99841.1	0	0
Ne21	19550.5	1.95655	99841.1	0	0
neutron	939.565	1.58316	99843.7	0	0
N15	13968.9	0.221299	99843.7	0	0
neutron	939.565	2.84608	99844.6	0	0
neutron	939.565	2.18969	99844.6	0	0
N14	13040.2	1.17556	99844.6	0	0
Al28	26058.3	0.164657	99843.4	0	0
neutron	939.565	4.21366	99848.1	0	0
proton	938.272	3.78631	99848.1	0	0
neutron	939.565	3.42921	99848.1	0	0
C13	12109.5	0.14397	99848.1	0	0
neutron	939.565	5.87769	99836	0	0
neutron	939.565	4.45974	99836	0	0
proton	938.272	1.27413	99836	0	0
C13	12109.5	2.27736	99836	0	0
neutron	939.565	13.7521	99844.9	0	0
proton	938.272	7.26675	99844.9	0	0
neutron	939.565	2.79975	99844.9	0	0
neutron	939.565	1.66917	99844.9	0	0
alpha	3727.38	5.22451	99844.9	0	0
alpha	3727.38	6.71885	99844.9	0	0
C12	11174.9	1.18386	99844.9	0	0
neutron	939.565	1.12965	99842	0	0
neutron	939.565	0.953848	99842	0	0
N14	13040.2	0.347582	99842	0	0
proton	938.272	12.0007	99842.7	0	0
proton	938.272	4.61099	99842.7	0	0
neutron	939.565	2.95849	99842.7	0	0
proton	938.272	2.62669	99842.7	0	0
Ne24	22344.8	0.852464	99842.7	0	0
neutron	939.565	10.0163	99831.8	0	0
proton	938.272	4.86472	99831.8	0	0
Mg26	24196.5	0.742526	99831.8	0	0
Al28	26058.3	0.164849	99835.8	0	0
neutron	939.565	7.99892	99840.1	0	0
neutron	939.565	2.00451	99840.1	0	0
deuteron	1875.61	6.55611	99840.1	0	0
alpha	3727.38	2.67534	99840.1	0	0
Be8	7454.85	3.17948	99840.1	0	0
neutron	939.565	3.0913	99840.7	0	0
Na23	21409.2	0.0731805	99840.7	0	0
Na24	22341.8	0.188907	99837.9	0	0
neutron	939.565	12.4253	99845.2	0	0
neutron	939.565	6.15445	99845.2	0	0
proton	938.272	1.71282	99845.2	0	0
Ne21	19550.5	0.826695	99845.2	0	0
Al29	26988.5	0.160622	99838.1	0	0
neutron	939.565	8.1884	99838.6	0	0
Na23	21409.2	0.180685	99838.6	0	0
N16	14906	0.290387	99832.2	0	0
neutron	939.565	2.31714	99836.2	0	0
neutron	939.565	1.34219	99836.2	0	0
neutron	939.565	0.610567	99836.2	0	0
deuteron	1875.61	5.25169	99836.2	0	0
Cr51	47442.5	0.0179593	99836.2	0	0
neutron	939.565	2.442	99845.7	0	0
proton	938.272	2.43128	99845.7	0	0
Ne22	20479.7	0.673031	99845.7	0	0
neutron	939.565	1.20061	99843.1	0	0
N15	13968.9	0.579065	99843.1	0	0
neutron	939.565	8.01467	99841.4	0	0
neutron	939.565	2.19165	99841.4	0	0
proton	938.272	1.81847	99841.4	0	0
neutron	939.565	1.29442	99841.4	0	0
Mg24	22335.8	0.462098	99841.4	0	0
neutron	939.565	11.7413	99838	0	0
proton	938.272	6.57485	99838	0	0
neutron	939.565	6.22197	99838	0	0
neutron	939.565	3.20329	99838	0	0
alpha	3727.38	6.44413	99838	0	0
O16	14895.1	1.24902	99838	0	0
proton	938.272	3.16506	99831.8	0	0
neutron	939.565	3.12576	99831.8	0	0
neutron	939.565	1.03293	99831.8	0	0
neutron	939.565	0.865187	99831.8	0	0
alpha	3727.38	5.1515	99831.8	0	0
O16	14895.1	1.03943	99831.8	0	0
Al28	26058.3	0.176481	99842.8	0	0
N16	14906	0.288472	99843	0	0
Na24	22341.8	0.219385	99853.5	0	0
neutron	939.565	3.79642	99838.6	0	0
neutron	939.565	1.55878	99838.6	0	0
neutron	939.565	0.911024	99838.6	0	0
Na23	21409.2	0.0436635	99838.6	0	0
neutron	939.565	4.09391	99844.2	0	0
neutron	939.565	3.51255	99844.2	0	0
alpha	3727.38	6.92466	99844.2	0	0
deuteron	1875.61	7.32308	99844.2	0	0
alpha	3727.38	12.8913	99844.2	0	0
C12	11174.9	1.97061	99844.2	0	0
neutron	939.565	6.83668	99839.6	0	0
proton	938.272	5.84731	99839.6	0	0
neutron	939.565	0.323834	99839.6	0	0
Mg25	23268	0.757977	99839.6	0	0
neutron	939.565	46.7396	99840.2	0	0
proton	938.272	9.04255	99840.2	0	0
Ne22	20479.7	1.3981	99840.2	0	0
neutron	939.565	8.87217	99850	0	0
Na23	21409.2	0.3158	99850	0	0
neutron	939.565	4.18895	99833.7	0	0
Na25	23272.4	0.492019	99833.7	0	0
neutron	939.565	0.561421	99839.5	0	0
Na23	21409.2	0.314668	99839.5	0	0
Al28	26058.3	0.168887	99837.8	0	0
neutron	939.565	7.10901	99841.8	0	0
proton	938.272	5.30255	99841.8	0	0
neutron	939.565	4.60896	99841.8	0	0
neutron	939.565	1.29138	99841.8	0	0
C12	11174.9	0.077222	99841.8	0	0
proton	938.272	16.3334	99837.2	0	0
neutron	939.565	4.42959	99837.2	0	0
neutron	939.565	2.72678	99837.2	0	0
Mg25	23268	0.968813	99837.2	0	0
neutron	939.565	0.0969175	99846.7	0	0
Al27	25126.5	0.16661	99846.7	0	0
neutron	939.565	5.4153	99840.8	0	0
N15	13968.9	0.882859	99840.8	0	0
proton	938.272	25.0993	99839.4	0	0
neutron	939.565	6.02555	99839.4	0	0
neutron	939.565	4.29954	99839.4	0	0
neutron	939.565	0.839271	99839.4	0	0
C12	11174.9	1.4607	99839.4	0	0
neutron	939.565	8.36832	99840.4	0	0
neutron	939.565	7.26657	99840.4	0	0
N14	13040.2	0.57742	99840.4	0	0
Na24	22341.8	0.194421	99842.6	0	0
Na24	22341.8	0.18931	99837.8	0	0
neutron	939.565	34.0178	99840.2	0	0
neutron	939.565	13.7437	99840.2	0	0
deuteron	1875.61	1.57843	99840.2	0	0
C12	11174.9	3.33728	99840.2	0	0
Na24	22341.8	0.183743	99835.7	0	0
neutron	939.565	7.70187	99840.5	0	0
proton	938.272	6.17523	99840.5	0	0
Ne22	20479.7	0.580459	99840.5	0	0
neutron	939.565	7.81015	99838.8	0	0
proton	938.272	4.05267	99838.8	0	0
Mg26	24196.5	0.207712	99838.8	0	0
Na24	22341.8	0.212616	99835.1	0	0
neutron	939.565	45.1855	99840	0	0
neutron	939.565	2.4466	99840	0	0
Al27	25126.5	2.1821	99840	0	0
neutron	939.565	1.7625	99842.3	0	0
Na23	21409.2	0.250532	99842.3	0	0
Na24	22341.8	0.215632	99849	0	0
neutron	939.565	0.917838	99839.5	0	0
Na23	21409.2	0.278639	99839.5	0	0
neutron	939.565	7.60695	99831.2	0	0
proton	938.272	5.77181	99831.2	0	0
neutron	939.565	3.18822	99831.2	0	0
neutron	939.565	1.35277	99831.2	0	0
alpha	3727.38	8.26405	99831.2	0	0
O16	14895.1	1.46206	99831.2	0	0
neutron	939.565	5.33836	99835.6	0	0
neutron	939.565	1.2051	99835.6	0	0
deuteron	1875.61	2.50785	99835.6	0	0
alpha	3727.38	16.4054	99835.6	0	0
O16	14895.1	2.80945	99835.6	0	0
neutron	939.565	40.6081	99847.7	0	0
neutron	939.565	8.07189	99847.7	0	0
proton	938.272	1.06899	99847.7	0	0
C13	12109.5	4.56957	99847.7	0	0
Na24	22341.8	0.183545	99840.6	0	0
neutron	939.565	2.1708	99842	0	0
N15	13968.9	0.262032	99842	0	0
neutron	939.565	6.21704	99843.1	0	0
neutron	939.565	5.08878	99843.1	0	0
N14	13040.2	0.399693	99843.1	0	0
neutron	939.565	0.458401	99832.9	0	0
Na23	21409.2	0.256575	99832.9	0	0
Na24	22341.8	0.2189	99844.4	0	0
Na24	22341.8	0.219492	99843.1	0	0
neutron	939.565	1.50593	99850.8	0	0
N15	13968.9	0.0883765	99850.8	0	0
Al28	26058.3	0.191482	99842.9	0	0
Na24	22341.8	0.215461	99846.7	0	0
proton	938.272	20.766	99835.8	0	0
neutron	939.565	6.53988	99835.8	0	0
neutron	939.565	0.733379	99835.8	0	0
neutron	939.565	0.606777	99835.8	0	0
Ne20	18617.7	2.2389	99835.8	0	0
neutron	939.565	4.28183	99831.2	0	0
proton	938.272	2.87322	99831.2	0	0
neutron	939.565	2.37284	99831.2	0	0
neutron	939.565	0.983789	99831.2	0	0
Ne22	20479.7	1.19214	99831.2	0	0
neutron	939.565	5.85461	99846.2	0	0
neutron	939.565	4.3275	99846.2	0	0
proton	938.272	2.18594	99846.2	0	0
Ne21	19550.5	0.707645	99846.2	0	0
neutron	939.565	0.416441	99839.7	0	0
Mn53	49301.8	0.0689971	99839.7	0	0
neutron	939.565	10.9818	99837.8	0	0
neutron	939.565	2.76794	99837.8	0	0
proton	938.272	2.74803	99837.8	0	0
C13	12109.5	0.790715	99837.8	0	0
proton	938.272	8.51056	99838.1	0	0
neutron	939.565	3.37209	99838.1	0	0
C14	13040.9	0.765217	99838.1	0	0
proton	938.272	26.9081	99842.3	0	0
neutron	939.565	4.77732	99842.3	0	0
neutron	939.565	3.63949	99842.3	0	0
neutron	939.565	0.893433	99842.3	0	0
C12	11174.9	1.4972	99842.3	0	0
neutron	939.565	5.06903	99837.1	0	0
N15	13968.9	0.885083	99837.1	0	0
neutron	939.565	15.3629	99844.3	0	0
proton	938.272	3.33663	99844.3	0	0
Ne22	20479.7	0.864018	99844.3	0	0
deuteron	1875.61	4.01125	99845.6	0	0
Ne22	20479.7	0.378259	99845.6	0	0
proton	938.272	17.3289	99838.7	0	0
proton	938.272	3.90095	99838.7	0	0
neutron	939.565	3.77737	99838.7	0	0
neutron	939.565	3.56969	99838.7	0	0
proton	938.272	3.06103	99838.7	0	0
neutron	939.565	2.79078	99838.7	0	0
Ne22	20479.7	1.38478	99838.7	0	0
neutron	939.565	17.3315	99842.2	0	0
alpha	3727.38	4.119	99842.2	0	0
B11	10252.5	2.90954	99842.2	0	0
N16	14906	0.292793	99840	0	0
neutron	939.565	25.1661	99836.3	0	0
proton	938.272	8.16379	99836.3	0	0
alpha	3727.38	9.80372	99836.3	0	0
Ne22	20479.7	0.13074	99836.3	0	0
Na25	23272.4	0.206148	99831.6	0	0
Al28	26058.3	0.19114	99831.6	0	0
N16	14906	0.292938	99848.5	0	0
Al28	26058.3	0.150362	99844.3	0	0
neutron	939.565	17.4686	99833.7	0	0
proton	938.272	4.37961	99833.7	0	0
Ne22	20479.7	0.434921	99833.7	0	0
neutron	939.565	0.680595	99843	0	0
Al27	25126.5	0.103815	99843	0	0
O16	14895.1	0.590158	99954	99.7523	98.7256
neutron	939.565	18.8183	99838.9	0	0
proton	938.272	6.26858	99838.9	0	0
neutron	939.565	2.14386	99838.9	0	0
Mg25	23268	0.717691	99838.9	0	0
proton	938.272	2.94212	99845.2	0	0
neutron	939.565	0.573872	99845.2	0	0
Ne24	22344.8	0.184157	99845.2	0	0
neutron	939.565	0.0990026	99845.9	0	0
Mn53	49301.8	0.0922132	99845.9	0	0
neutron	939.565	3.1257	99835.4	0	0
neutron	939.565	0.890825	99835.4	0	0
deuteron	1875.61	7.1145	99835.4	0	0
alpha	3727.38	9.45739	99835.4	0	0
O16	14895.1	0.233587	99835.4	0	0
Na24	22341.8	0.21022	99836.2	0	0
Na24	22341.8	0.211382	99844.2	0	0
Al28	26058.3	0.19107	99838.7	0	0
Al28	26058.3	0.185871	99845.6	0	0
Al28	26058.3	0.185798	99839.5	0	0
Na24	22341.8	0.1977	99842.1	0	0
neutron	939.565	0.842032	99840	0	0
Al27	25126.5	0.15255	99840	0	0
proton	938.272	10.6187	99838	0	0
proton	938.272	9.41652	99838	0	0
neutron	939.565	5.79083	99838	0	0
B13	12123.4	1.82932	99838	0	0
neutron	939.565	0.640204	99844	0	0
Na23	21409.2	0.258146	99844	0	0
O16	14895.1	0.532241	99860.2	34.8031	34.045
proton	938.272	27.1774	99857.9	0	0
neutron	939.565	5.76236	99857.9	0	0
neutron	939.565	3.44912	99857.9	0	0
neutron	939.565	0.577145	99857.9	0	0
Ne20	18617.7	1.87493	99857.9	0	0
Na24	22341.8	0.196321	99836.1	0	0
Na24	22341.8	0.203364	99839.6	0	0
neutron	939.565	1.30076	99849.6	0	0
Na25	23272.4	0.293422	99849.6	0	0
neutron	939.565	14.688	99838.1	0	0
neutron	939.565	10.0927	99838.1	0	0
proton	938.272	5.82672	99838.1	0	0
neutron	939.565	4.89393	99838.1	0	0
C12	11174.9	1.96198	99838.1	0	0
neutron	939.565	0.422705	99836.8	0	0
Al27	25126.5	0.193186	99836.8	0	0
Na24	22341.8	0.201447	99839.1	0	0
Mn56	52094	0.0904878	99840.6	0	0
Na24	22341.8	0.20455	99838.4	0	0
Na25	23272.4	0.198857	99843.1	0	0
neutron	939.565	6.05334	99840.3	0	0
neutron	939.565	4.33178	99840.3	0	0
proton	938.272	4.03344	99840.3	0	0
neutron	939.565	0.462597	99840.3	0	0
Mg24	22335.8	0.562323	99840.3	0	0
Na24	22341.8	0.206152	99843.2	0	0
Al28	26058.3	0.189546	99837.5	0	0
Na26	24206.4	0.161688	99840.7	0	0
Al28	26058.3	0.179011	99836.7	0	0
neutron	939.565	12.3791	99838.1	0	0
proton	938.272	3.09136	99838.1	0	0
neutron	939.565	2.2221	99838.1	0	0
Ne21	19550.5	1.17851	99838.1	0	0
neutron	939.565	0.601031	99846	0	0
deuteron	1875.61	6.71122	99846	0	0
C13	12109.5	0.561942	99846	0	0
neutron	939.565	1.11033	99834.8	0	0
Na23	21409.2	0.352182	99834.8	0	0
Al28	26058.3	0.159898	99837	0	0
proton	938.272	8.77262	99849	0	0
neutron	939.565	5.25964	99849	0	0
neutron	939.565	1.46082	99849	0	0
neutron	939.565	0.0490976	99849	0	0
C12	11174.9	2.28581	99849	0	0
triton	2808.92	4.52052	99849.9	0	0
Ne21	19550.5	1.03926	99849.9	0	0
neutron	939.565	0.55735	99847.4	0	0
Al27	25126.5	0.193731	99847.4	0	0
Al28	26058.3	0.18762	99837.7	0	0
neutron	939.565	1.19177	99843.4	0	0
neutron	939.565	0.459944	99843.4	0	0
Mn52	48374.2	0.0857467	99843.4	0	0
neutron	939.565	22.004	99831.3	0	0
proton	938.272	7.94591	99831.3	0	0
neutron	939.565	0.658053	99831.3	0	0
C13	12109.5	2.87988	99831.3	0	0
Na25	23272.4	0.195418	99835.3	0	0
Na26	24206.4	0.180004	99839.8	0	0
neutron	939.565	50.8926	99842.9	0	0
proton	938.272	4.10361	99842.9	0	0
neutron	939.565	1.22077	99842.9	0	0
Ne21	19550.5	1.67427	99842.9	0	0
Na25	23272.4	0.216599	99838.1	0	0
N16	14906	0.285526	99836.2	0	0
neutron	939.565	0.0816059	99842	0	0
Na23	21409.2	0.216837	99842	0	0
proton	938.272	1.99912	99832.8	0	0
neutron	939.565	0.988397	99832.8	0	0
Mg26	24196.5	0.362246	99832.8	0	0
Al29	26988.5	0.162699	99841	0	0
proton	938.272	27.44	99837.9	0	0
neutron	939.565	12.7912	99837.9	0	0
neutron	939.565	6.81153	99837.9	0	0
neutron	939.565	5.04683	99837.9	0	0
C12	11174.9	3.0535	99837.9	0	0
neutron	939.565	8.58055	99846.3	0	0
neutron	939.565	2.68946	99846.3	0	0
deuteron	1875.61	14.4237	99846.3	0	0
alpha	3727.38	2.82399	99846.3	0	0
alpha	3727.38	10.0382	99846.3	0	0
alpha	3727.38	1.53663	99846.3	0	0
N16	14906	0.286964	99843.8	0	0
neutron	939.565	3.68691	99834.8	0	0
neutron	939.565	3.28133	99834.8	0	0
neutron	939.565	3.13672	99834.8	0	0
proton	938.272	3.13245	99834.8	0	0
Ne20	18617.7	0.452044	99834.8	0	0
Na24	22341.8	0.175423	99832.6	0	0
neutron	939.565	0.83455	99836.3	0	0
Al27	25126.5	0.227423	99836.3	0	0
neutron	939.565	13.0643	99837.5	0	0
proton	938.272	6.68224	99837.5	0	0
neutron	939.565	4.04237	99837.5	0	0
neutron	939.565	1.46828	99837.5	0	0
Mg24	22335.8	0.686027	99837.5	0	0
neutron	939.565	7.37078	99841.6	0	0
neutron	939.565	2.84107	99841.6	0	0
neutron	939.565	0.107997	99841.6	0	0
Na23	21409.2	0.279603	99841.6	0	0
neutron	939.565	13.7218	99845.3	0	0
alpha	3727.38	6.18748	99845.3	0	0
F19	17692.3	0.502478	99845.3	0	0
neutron	939.565	0.715262	99838.8	0	0
Na23	21409.2	0.145255	99838.8	0	0
neutron	939.565	19.1567	99836	0	0
neutron	939.565	2.94163	99836	0	0
neutron	939.565	2.15596	99836	0	0
Na23	21409.2	1.15145	99836	0	0
Mn56	52094	0.0952275	99834.1	0	0
proton	938.272	6.58369	99835.6	0	0
neutron	939.565	1.48812	99835.6	0	0
neutron	939.565	0.350917	99835.6	0	0
Ne21	19550.5	0.149236	99835.6	0	0
neutron	939.565	3.13568	99840.7	0	0
neutron	939.565	1.49409	99840.7	0	0
neutron	939.565	1.00731	99840.7	0	0
N13	12111.2	0.724882	99840.7	0	0
neutron	939.565	4.46287	99840.9	0	0
neutron	939.565	3.35632	99840.9	0	0
deuteron	1875.61	1.63268	99840.9	0	0
C12	11174.9	0.755897	99840.9	0	0
Na24	22341.8	0.216472	99840.5	0	0
neutron	939.565	8.49905	99835.5	0	0
neutron	939.565	3.58169	99835.5	0	0
proton	938.272	2.93251	99835.5	0	0
Ne21	19550.5	0.191671	99835.5	0	0
Al28	26058.3	0.180195	99838.2	0	0
neutron	939.565	25.5194	99845.9	0	0
neutron	939.565	7.84176	99845.9	0	0
deuteron	1875.61	13.4598	99845.9	0	0
alpha	3727.38	9.96921	99845.9	0	0
Be8	7454.85	0.261129	99845.9	0	0
Na24	22341.8	0.196085	99841.1	0	0
neutron	939.565	7.00426	99834.9	0	0
neutron	939.565	5.18957	99834.9	0	0
deuteron	1875.61	4.75418	99834.9	0	0
C12	11174.9	2.82787	99834.9	0	0
neutron	939.565	20.4565	99832.3	0	0
neutron	939.565	3.23939	99832.3	0	0
neutron	939.565	0.0425656	99832.3	0	0
alpha	3727.38	9.88394	99832.3	0	0
F19	17692.3	0.0860494	99832.3	0	0
neutron	939.565	15.0984	99845.7	0	0
neutron	939.565	5.07075	99845.7	0	0
proton	938.272	2.46684	99845.7	0	0
neutron	939.565	2.42188	99845.7	0	0
Mg24	22335.8	1.23856	99845.7	0	0
Al28	26058.3	0.186696	99837.9	0	0
neutron	939.565	1.85093	99837.8	0	0
proton	938.272	1.36749	99837.8	0	0
C14	13040.9	1.09624	99837.8	0	0
neutron	939.565	16.6522	99845.3	0	0
proton	938.272	7.86122	99845.3	0	0
neutron	939.565	0.992973	99845.3	0	0
C13	12109.5	2.54716	99845.3	0	0
proton	938.272	10.0765	99842	0	0
neutron	939.565	3.10642	99842	0	0
neutron	939.565	0.273205	99842	0	0
Mg25	23268	0.499236	99842	0	0
neutron	939.565	3.34652	99839.7	0	0
deuteron	1875.61	6.26382	99839.7	0	0
deuteron	1875.61	5.61392	99839.7	0	0
Na23	21409.2	2.25105	99839.7	0	0
Al28	26058.3	0.175798	99833.1	0	0
Al28	26058.3	0.18877	99835.1	0	0
Al28	26058.3	0.192732	99849.9	0	0
neutron	939.565	3.82507	99838.8	0	0
neutron	939.565	0.929069	99838.8	0	0
Mn54	50232.4	0.136056	99838.8	0	0
proton	938.272	8.68999	99841.1	0	0
neutron	939.565	1.07395	99841.1	0	0
Mg26	24196.5	0.299775	99841.1	0	0
neutron	939.565	6.50719	99848.7	0	0
proton	938.272	5.96653	99848.7	0	0
Ne22	20479.7	0.793492	99848.7	0	0
Na25	23272.4	0.212562	99844.8	0	0
Al28	26058.3	0.188151	99841.8	0	0
Mn56	52094	0.0940267	99833.3	0	0
neutron	939.565	18.1202	99840.7	0	0
triton	2808.92	4.39799	99840.7	0	0
alpha	3727.38	10.1422	99840.7	0	0
O16	14895.1	2.85651	99840.7	0	0
Al28	26058.3	0.172814	99835.6	0	0
Na25	23272.4	0.21164	99853	0	0
Na24	22341.8	0.199048	99840.1	0	0
neutron	939.565	4.99348	99837.9	0	0
neutron	939.565	1.91541	99837.9	0	0
Na23	21409.2	0.124959	99837.9	0	0
Al28	26058.3	0.185356	99846.8	0	0
neutron	939.565	2.25741	99846	0	0
Na23	21409.2	0.0457865	99846	0	0
Na24	22341.8	0.211037	99839.6	0	0
Al28	26058.3	0.186442	99842.9	0	0
Na25	23272.4	0.204972	99843.4	0	0
neutron	939.565	5.4419	99834.6	0	0
alpha	3727.38	6.48876	99834.6	0	0
alpha	3727.38	9.62037	99834.6	0	0
N15	13968.9	3.13388	99834.6	0	0
neutron	939.565	1.41873	99849.4	0	0
Na23	21409.2	0.403917	99849.4	0	0
neutron	939.565	0.621262	99842.1	0	0
N15	13968.9	0.441675	99842.1	0	0
Al28	26058.3	0.145869	99842.5	0	0
neutron	939.565	1.19958	99837.4	0	0
Al27	25126.5	0.169525	99837.4	0	0
neutron	939.565	1.1899	99835.4	0	0
Mn55	51161.7	0.179224	99835.4	0	0
proton	938.272	44.8094	99846.6	0	0
neutron	939.565	8.16108	99846.6	0	0
neutron	939.565	0.287273	99846.6	0	0
C13	12109.5	4.76975	99846.6	0	0
neutron	939.565	7.02823	99838.2	0	0
neutron	939.565	4.09186	99838.2	0	0
neutron	939.565	3.03282	99838.2	0	0
Mn53	49301.8	0.578272	99838.2	0	0
Na24	22341.8	0.195766	99836.5	0	0
neutron	939.565	8.20011	99841.2	0	0
Na23	21409.2	0.515622	99841.2	0	0
Na24	22341.8	0.207659	99838.9	0	0
neutron	939.565	6.89193	99841.3	0	0
proton	938.272	1.65066	99841.3	0	0
Ne22	20479.7	1.15687	99841.3	0	0
Al28	26058.3	0.177241	99839.8	0	0
Na26	24206.4	0.184317	99835.4	0	0
neutron	939.565	3.90427	99840.7	0	0
Na23	21409.2	0.208723	99840.7	0	0
Al28	26058.3	0.180487	99842.4	0	0
Na25	23272.4	0.159807	99839.1	0	0
proton	938.272	3.05743	99834.4	0	0
neutron	939.565	1.9401	99834.4	0	0
Mg26	24196.5	0.375091	99834.4	0	0
Na24	22341.8	0.207644	99840.3	0	0
neutron	939.565	12.5151	99834.9	0	0
proton	938.272	11.829	99834.9	0	0
neutron	939.565	5.12658	99834.9	0	0
neutron	939.565	1.0347	99834.9	0	0
C12	11174.9	3.43424	99834.9	0	0
neutron	939.565	8.33526	99835	0	0
neutron	939.565	6.70446	99835	0	0
deuteron	1875.61	27.4875	99835	0	0
alpha	3727.38	7.18248	99835	0	0
Be8	7454.85	1.36791	99835	0	0
neutron	939.565	8.17087	99847	0	0
neutron	939.565	4.60003	99847	0	0
proton	938.272	4.19938	99847	0	0
neutron	939.565	2.30586	99847	0	0
alpha	3727.38	14.3692	99847	0	0
O16	14895.1	2.26329	99847	0	0
Na26	24206.4	0.17269	99840	0	0
proton	938.272	5.89797	99838.3	0	0
neutron	939.565	4.79177	99838.3	0	0
neutron	939.565	3.39002	99838.3	0	0
neutron	939.565	2.51023	99838.3	0	0
neutron	939.565	1.50869	99838.3	0	0
Cr51	47442.5	0.581839	99838.3	0	0
neutron	939.565	7.63222	99835.9	0	0
proton	938.272	1.99141	99835.9	0	0
Ne22	20479.7	0.381317	99835.9	0	0
O16	14895.1	0.999907	99981.5	119.895	118.84
Na24	22341.8	0.212145	99894.4	0	0
Al28	26058.3	0.172723	99841	0	0
Na24	22341.8	0.199096	99847.7	0	0
proton	938.272	2.78979	99834.2	0	0
neutron	939.565	2.57531	99834.2	0	0
Ne22	20479.7	0.727501	99834.2	0	0
neutron	939.565	5.05277	99836.4	0	0
neutron	939.565	4.21904	99836.4	0	0
neutron	939.565	3.78387	99836.4	0	0
proton	938.272	3.72325	99836.4	0	0
Mg24	22335.8	0.37928	99836.4	0	0
Mn56	52094	0.0978971	99840.2	0	0
Al28	26058.3	0.161798	99842.7	0	0
neutron	939.565	2.08434	99838	0	0
triton	2808.92	9.72283	99838	0	0
alpha	3727.38	7.95118	99838	0	0
Ne20	18617.7	0.840484	99838	0	0
neutron	939.565	20.7744	99838.8	0	0
proton	938.272	3.10057	99838.8	0	0
neutron	939.565	1.73265	99838.8	0	0
Mg25	23268	0.956793	99838.8	0	0
Na24	22341.8	0.194691	99843	0	0
neutron	939.565	4.01651	99844.1	0	0
deuteron	1875.61	5.07519	99844.1	0	0
Ne21	19550.5	0.197853	99844.1	0	0
Na24	22341.8	0.187055	99843.4	0	0
Al28	26058.3	0.184754	99848.1	0	0
Al28	26058.3	0.14508	99837.9	0	0
neutron	939.565	2.43347	99841.6	0	0
Na23	21409.2	0.0467513	99841.6	0	0
Na24	22341.8	0.211251	99844	0	0
proton	938.272	4.34964	99849.2	0	0
neutron	939.565	1.56482	99849.2	0	0
Mg26	24196.5	0.147509	99849.2	0	0
neutron	939.565	9.80684	99839.3	0	0
alpha	3727.38	3.23344	99839.3	0	0
B11	10252.5	1.24003	99839.3	0	0
proton	938.272	8.27473	99840.2	0	0
deuteron	1875.61	23.168	99840.2	0	0
Na25	23272.4	1.99811	99840.2	0	0
neutron	939.565	6.54657	99835.7	0	0
neutron	939.565	4.74472	99835.7	0	0
proton	938.272	1.80575	99835.7	0	0
deuteron	1875.61	8.17745	99835.7	0	0
Na23	21409.2	0.231358	99835.7	0	0
neutron	939.565	7.93031	99838	0	0
proton	938.272	5.0387	99838	0	0
neutron	939.565	0.438578	99838	0	0
C13	12109.5	1.18347	99838	0	0
Na24	22341.8	0.203422	99841.5	0	0
neutron	939.565	7.47637	99843.2	0	0
neutron	939.565	0.432288	99843.2	0	0
N14	13040.2	1.03797	99843.2	0	0
neutron	939.565	20.0447	99836.9	0	0
neutron	939.565	16.0463	99836.9	0	0
proton	938.272	4.55289	99836.9	0	0
neutron	939.565	4.06084	99836.9	0	0
Ne21	19550.5	0.22521	99836.9	0	0
Mn56	52094	0.0932775	99838.3	0	0
neutron	939.565	14.3222	99840.4	0	0
proton	938.272	6.15868	99840.4	0	0
neutron	939.565	1.38759	99840.4	0	0
Mg25	23268	0.553699	99840.4	0	0
proton	938.272	25.4939	99836.3	0	0
neutron	939.565	3.62617	99836.3	0	0
neutron	939.565	1.59906	99836.3	0	0
C13	12109.5	4.50614	99836.3	0	0
neutron	939.565	22.9507	99835.6	0	0
proton	938.272	4.28227	99835.6	0	0
neutron	939.565	0.15596	99835.6	0	0
Ne22	20479.7	0.967673	99835.6	0	0
proton	938.272	3.88656	99844.4	0	0
neutron	939.565	2.93619	99844.4	0	0
neutron	939.565	1.21096	99844.4	0	0
neutron	939.565	0.189834	99844.4	0	0
Cr52	48370	0.207699	99844.4	0	0
O16	14895.1	0.32675	99991.4	128.29	126.347
Na24	22341.8	0.218217	99842.6	0	0
Al28	26058.3	0.178514	99838.1	0	0
neutron	939.565	0.346484	99840.2	0	0
Mn56	52094	0.0897797	99840.2	0	0
neutron	939.565	10.8021	99839.8	0	0
proton	938.272	9.19244	99839.8	0	0
neutron	939.565	7.49376	99839.8	0	0
neutron	939.565	3.85722	99839.8	0	0
neutron	939.565	1.09417	99839.8	0	0
Cr51	47442.5	0.656085	99839.8	0	0
neutron	939.565	3.48091	99839.8	0	0
triton	2808.92	4.62034	99839.8	0	0
alpha	3727.38	3.7668	99839.8	0	0
Ne20	18617.7	3.60432	99839.8	0	0
neutron	939.565	12.0409	99837.5	0	0
neutron	939.565	6.4922	99837.5	0	0
proton	938.272	5.4556	99837.5	0	0
neutron	939.565	2.7209	99837.5	0	0
C12	11174.9	0.936482	99837.5	0	0
Na24	22341.8	0.216653	99840.5	0	0
Al28	26058.3	0.172876	99833.6	0	0
proton	938.272	4.30459	99839.3	0	0
neutron	939.565	2.39849	99839.3	0	0
neutron	939.565	0.346999	99839.3	0	0
Mg25	23268	0.720134	99839.3	0	0
Al28	26058.3	0.164732	99842.5	0	0
neutron	939.565	2.93647	99838.4	0	0
deuteron	1875.61	7.56406	99838.4	0	0
Ne21	19550.5	1.20985	99838.4	0	0
Na24	22341.8	0.212643	99840.5	0	0
proton	938.272	8.40805	99831	0	0
neutron	939.565	4.19107	99831	0	0
Mg26	24196.5	0.566766	99831	0	0
neutron	939.565	1.75455	99840	0	0
proton	938.272	1.51002	99840	0	0
alpha	3727.38	12.8198	99840	0	0
Ne22	20479.7	1.86977	99840	0	0
neutron	939.565	35.0167	99839.7	0	0
neutron	939.565	0.560824	99839.7	0	0
neutron	939.565	0.43396	99839.7	0	0
Mn53	49301.8	0.630864	99839.7	0	0
Na24	22341.8	0.177416	99840.7	0	0
neutron	939.565	8.47408	99844.6	0	0
proton	938.272	3.65654	99844.6	0	0
neutron	939.565	2.65721	99844.6	0	0
Mg25	23268	0.920226	99844.6	0	0
neutron	939.565	5.1128	99845.6	0	0
proton	938.272	3.48028	99845.6	0	0
C14	13040.9	0.421295	99845.6	0	0
Mn56	52094	0.0833935	99838.8	0	0
neutron	939.565	2.03035	99838.2	0	0
neutron	939.565	0.718073	99838.2	0	0
deuteron	1875.61	3.92343	99838.2	0	0
Mg24	22335.8	0.528313	99838.2	0	0
neutron	939.565	28.35	99836.8	0	0
proton	938.272	5.75168	99836.8	0	0
neutron	939.565	3.6215	99836.8	0	0
neutron	939.565	2.07931	99836.8	0	0
Mg24	22335.8	0.904429	99836.8	0	0
neutron	939.565	4.12335	99844.7	0	0
N15	13968.9	0.650077	99844.7	0	0
Al28	26058.3	0.189461	99840.4	0	0
neutron	939.565	16.5415	99835.4	0	0
neutron	939.565	8.98572	99835.4	0	0
neutron	939.565	1.77718	99835.4	0	0
Mn53	49301.8	0.0173477	99835.4	0	0
Al28	26058.3	0.181912	99840	0	0
Na24	22341.8	0.199668	99835.5	0	0
neutron	939.565	18.3233	99847.2	0	0
neutron	939.565	8.44833	99847.2	0	0
proton	938.272	6.85665	99847.2	0	0
neutron	939.565	2.40767	99847.2	0	0
Mg24	22335.8	0.400293	99847.2	0	0
Na24	22341.8	0.208797	99844.4	0	0
neutron	939.565	1.42452	99837.8	0	0
Na23	21409.2	0.455783	99837.8	0	0
neutron	939.565	8.35212	99835.5	0	0
N15	13968.9	0.654979	99835.5	0	0
Al28	26058.3	0.183853	99838.6	0	0
neutron	939.565	0.572411	99852.6	0	0
N15	13968.9	0.254863	99852.6	0	0
Na24	22341.8	0.20489	99837.2	0	0
neutron	939.565	0.852286	99836.3	0	0
Na23	21409.2	0.173966	99836.3	0	0
proton	938.272	16.5505	99834.2	0	0
neutron	939.565	11.9934	99834.2	0	0
neutron	939.565	1.47772	99834.2	0	0
Ne21	19550.5	1.99278	99834.2	0	0
proton	938.272	5.29026	99836.6	0	0
neutron	939.565	0.797545	99836.6	0	0
C14	13040.9	0.232991	99836.6	0	0
Al28	26058.3	0.181293	99837.9	0	0
neutron	939.565	28.837	99842.3	0	0
neutron	939.565	18.4951	99842.3	0	0
neutron	939.565	2.62804	99842.3	0	0
Al25	23271.8	2.65442	99842.3	0	0
neutron	939.565	7.71438	99839.2	0	0
neutron	939.565	4.20665	99839.2	0	0
proton	938.272	2.69875	99839.2	0	0
neutron	939.565	2.43015	99839.2	0	0
C12	11174.9	0.407656	99839.2	0	0
Na24	22341.8	0.20791	99837.9	0	0
N16	14906	0.288562	99841.1	0	0
proton	938.272	3.91362	99850.8	0	0
neutron	939.565	2.13451	99850.8	0	0
Mg26	24196.5	0.134328	99850.8	0	0
proton	938.272	8.09189	99838.8	0	0
neutron	939.565	8.07781	99838.8	0	0
neutron	939.565	6.92243	99838.8	0	0
neutron	939.565	2.01077	99838.8	0	0
alpha	3727.38	12.789	99838.8	0	0
alpha	3727.38	4.54888	99838.8	0	0
O16	14895.1	4.89183	99838.8	0	0
neutron	939.565	4.00735	99837.7	0	0
proton	938.272	2.08736	99837.7	0	0
neutron	939.565	1.43876	99837.7	0	0
C13	12109.5	1.07222	99837.7	0	0
neutron	939.565	23.8539	99836	0	0
proton	938.272	6.3277	99836	0	0
neutron	939.565	3.78322	99836	0	0
neutron	939.565	1.2654	99836	0	0
Ne20	18617.7	1.32876	99836	0	0
neutron	939.565	20.1422	99845	0	0
neutron	939.565	7.60408	99845	0	0
proton	938.272	1.4341	99845	0	0
C13	12109.5	1.33945	99845	0	0
Al28	26058.3	0.170837	99841.6	0	0
proton	938.272	31.8706	99841.2	0	0
neutron	939.565	4.87344	99841.2	0	0
neutron	939.565	3.91162	99841.2	0	0
neutron	939.565	1.55902	99841.2	0	0
Ne20	18617.7	2.39432	99841.2	0	0
Al28	26058.3	0.153302	99843.7	0	0
Al28	26058.3	0.172625	99833.6	0	0
Mn56	52094	0.0930974	99836.3	0	0
Na24	22341.8	0.207191	99844.1	0	0
neutron	939.565	4.4848	99846.5	0	0
deuteron	1875.61	11.4608	99846.5	0	0
Mg25	23268	1.58084	99846.5	0	0
neutron	939.565	1.3149	99837.5	0	0
Na23	21409.2	0.264564	99837.5	0	0
proton	938.272	9.64791	99845.2	0	0
neutron	939.565	5.39634	99845.2	0	0
neutron	939.565	2.17526	99845.2	0	0
Ne21	19550.5	1.00776	99845.2	0	0
Al28	26058.3	0.175494	99843.1	0	0
proton	938.272	3.9666	99838.9	0	0
neutron	939.565	0.940865	99838.9	0	0
Mg26	24196.5	0.433747	99838.9	0	0
neutron	939.565	4.13356	99842.7	0	0
neutron	939.565	2.17811	99842.7	0	0
deuteron	1875.61	6.52429	99842.7	0	0
alpha	3727.38	3.34582	99842.7	0	0
O16	14895.1	3.08599	99842.7	0	0
neutron	939.565	8.32043	99835	0	0
Na23	21409.2	0.38341	99835	0	0
neutron	939.565	1.09682	99843.6	0	0
neutron	939.565	0.658034	99843.6	0	0
N14	13040.2	0.22092	99843.6	0	0
Na24	22341.8	0.208823	99842.7	0	0
Al28	26058.3	0.181261	99840.7	0	0
Al28	26058.3	0.184467	99838.6	0	0
N16	14906	0.293291	99835.6	0	0
neutron	939.565	19.3779	99839.5	0	0
neutron	939.565	0.630827	99839.5	0	0
deuteron	1875.61	8.64072	99839.5	0	0
Mg24	22335.8	0.712839	99839.5	0	0
neutron	939.565	14.3397	99840.9	0	0
neutron	939.565	6.92892	99840.9	0	0
Na23	21409.2	1.08453	99840.9	0	0
Na26	24206.4	0.185141	99836.3	0	0
Na24	22341.8	0.205191	99842.9	0	0
Na24	22341.8	0.210716	99834.8	0	0
neutron	939.565	16.9199	99847.4	0	0
neutron	939.565	4.4273	99847.4	0	0
proton	938.272	1.53102	99847.4	0	0
Ne21	19550.5	1.46066	99847.4	0	0
Al29	26988.5	0.167188	99843.9	0	0
neutron	939.565	7.31383	99835.7	0	0
proton	938.272	3.02301	99835.7	0	0
Ne22	20479.7	0.825751	99835.7	0	0
neutron	939.565	0.636403	99841.8	0	0
Na25	23272.4	0.126873	99841.8	0	0
Si28	26053.2	0.192426	99920.2	82.1025	81.7415
N16	14906	0.29025	99837.4	0	0
neutron	939.565	9.12396	99850	0	0
proton	938.272	3.86369	99850	0	0
neutron	939.565	3.44695	99850	0	0
Ne21	19550.5	0.564436	99850	0	0
neutron	939.565	2.1382	99831	0	0
Na23	21409.2	0.47611	99831	0	0
N16	14906	0.292257	99832.9	0	0
Na24	22341.8	0.176156	99834	0	0
Na24	22341.8	0.209198	99845.8	0	0
neutron	939.565	17.0772	99837	0	0
proton	938.272	2.52845	99837	0	0
neutron	939.565	0.91704	99837	0	0
neutron	939.565	0.25677	99837	0	0
C12	11174.9	2.71734	99837	0	0
neutron	939.565	7.67603	99847.6	0	0
proton	938.272	1.91362	99847.6	0	0
neutron	939.565	1.49335	99847.6	0	0
C13	12109.5	0.391412	99847.6	0	0
neutron	939.565	1.25515	99839.1	0	0
Al27	25126.5	0.290049	99839.1	0	0
proton	938.272	5.56181	99835.6	0	0
neutron	939.565	2.14454	99835.6	0	0
neutron	939.565	1.95145	99835.6	0	0
neutron	939.565	0.93487	99835.6	0	0
Mg24	22335.8	0.213874	99835.6	0	0
proton	938.272	7.71347	99844.9	0	0
neutron	939.565	4.39409	99844.9	0	0
neutron	939.565	4.32539	99844.9	0	0
neutron	939.565	4.05854	99844.9	0	0
Ne20	18617.7	0.724558	99844.9	0	0
Na24	22341.8	0.195082	99839.3	0	0
neutron	939.565	5.79052	99843.5	0	0
neutron	939.565	4.91031	99843.5	0	0
proton	938.272	2.71784	99843.5	0	0
neutron	939.565	1.15016	99843.5	0	0
Ne20	18617.7	0.423485	99843.5	0	0
neutron	939.565	8.01478	99845.7	0	0
neutron	939.565	7.05363	99845.7	0	0
proton	938.272	5.20036	99845.7	0	0
Ne21	19550.5	0.111073	99845.7	0	0
Al28	26058.3	0.176236	99839.2	0	0
Na25	23272.4	0.182778	99848.7	0	0
Na24	22341.8	0.191692	99835.2	0	0
proton	938.272	4.79298	99835.3	0	0
neutron	939.565	0.675287	99835.3	0	0
Ne22	20479.7	0.677078	99835.3	0	0
proton	938.272	14.6982	99831.9	0	0
neutron	939.565	0.526307	99831.9	0	0
deuteron	1875.61	15.9668	99831.9	0	0
B12	11188.7	3.94851	99831.9	0	0
neutron	939.565	12.572	99846.2	0	0
neutron	939.565	1.0943	99846.2	0	0
alpha	3727.38	7.26444	99846.2	0	0
F18	16763.2	2.53202	99846.2	0	0
Al28	26058.3	0.190038	99836.3	0	0
Al28	26058.3	0.184522	99835.2	0	0
proton	938.272	19.1354	99836.4	0	0
neutron	939.565	2.44657	99836.4	0	0
neutron	939.565	1.39819	99836.4	0	0
Mg25	23268	0.667486	99836.4	0	0
Na24	22341.8	0.193073	99841.7	0	0
Mn56	52094	0.0960332	99841.1	0	0
neutron	939.565	1.67127	99833.1	0	0
Al27	25126.5	0.394245	99833.1	0	0
proton	938.272	10.6251	99840.4	0	0
neutron	939.565	3.87957	99840.4	0	0
neutron	939.565	1.79382	99840.4	0	0
neutron	939.565	0.362239	99840.4	0	0
Mg24	22335.8	0.108298	99840.4	0	0
neutron	939.565	5.00688	99840.8	0	0
Na23	21409.2	0.40058	99840.8	0	0
Al28	26058.3	0.187331	99839.6	0	0
proton	938.272	9.6054	99837.5	0	0
neutron	939.565	7.14948	99837.5	0	0
neutron	939.565	2.73015	99837.5	0	0
neutron	939.565	2.10666	99837.5	0	0
neutron	939.565	0.78393	99837.5	0	0
Cr51	47442.5	0.518822	99837.5	0	0
neutron	939.565	16.4371	99844.7	0	0
proton	938.272	13.5749	99844.7	0	0
neutron	939.565	9.76393	99844.7	0	0
neutron	939.565	0.281363	99844.7	0	0
Ne20	18617.7	0.587933	99844.7	0	0
Na24	22341.8	0.204802	99845.9	0	0
Al28	26058.3	0.19026	99841.7	0	0
neutron	939.565	6.61884	99837.7	0	0
neutron	939.565	0.197091	99837.7	0	0
N14	13040.2	0.713257	99837.7	0	0
neutron	939.565	1.28592	99838.4	0	0
Al27	25126.5	0.118727	99838.4	0	0
N16	14906	0.286377	99836.7	0	0
proton	938.272	14.6418	99840.4	0	0
neutron	939.565	4.67988	99840.4	0	0
neutron	939.565	1.4223	99840.4	0	0
neutron	939.565	0.429894	99840.4	0	0
Mg24	22335.8	1.0384	99840.4	0	0
Al28	26058.3	0.190831	99839	0	0
Na24	22341.8	0.213083	99833.5	0	0
Na24	22341.8	0.211198	99843.1	0	0
neutron	939.565	4.85499	99838.6	0	0
proton	938.272	1.97672	99838.6	0	0
Mg26	24196.5	0.636061	99838.6	0	0
proton	938.272	28.3914	99838.3	0	0
proton	938.272	16.6506	99838.3	0	0
neutron	939.565	1.2127	99838.3	0	0
neutron	939.565	0.933946	99838.3	0	0
B12	11188.7	2.67731	99838.3	0	0
neutron	939.565	0.833569	99833.8	0	0
Na23	21409.2	0.36375	99833.8	0	0
Al29	26988.5	0.181979	99838.2	0	0
deuteron	1875.61	4.77345	99836.9	0	0
alpha	3727.38	7.38255	99836.9	0	0
Ne22	20479.7	2.61955	99836.9	0	0
Mn56	52094	0.0878519	99840.7	0	0
Al28	26058.3	0.191798	99842.7	0	0
neutron	939.565	12.2726	99846.9	0	0
neutron	939.565	0.190079	99846.9	0	0
N14	13040.2	0.449736	99846.9	0	0
N16	14906	0.288719	99841.8	0	0
neutron	939.565	5.73537	99840.4	0	0
proton	938.272	4.14795	99840.4	0	0
Mg26	24196.5	0.0743029	99840.4	0	0
Na24	22341.8	0.194873	99836.4	0	0
Si28	26053.2	0.62725	99999.7	130.936	130.284
Na24	22341.8	0.197321	99916.7	0	0
proton	938.272	6.21929	99839.3	0	0
neutron	939.565	4.93654	99839.3	0	0
neutron	939.565	0.505686	99839.3	0	0
Mg25	23268	0.329217	99839.3	0	0
N16	14906	0.28494	99840.6	0	0
proton	938.272	21.3089	99838.4	0	0
neutron	939.565	4.86595	99838.4	0	0
neutron	939.565	0.151809	99838.4	0	0
Ne21	19550.5	0.529534	99838.4	0	0
neutron	939.565	16.6324	99846.2	0	0
neutron	939.565	4.44234	99846.2	0	0
proton	938.272	2.99644	99846.2	0	0
C13	12109.5	0.92333	99846.2	0	0
Na24	22341.8	0.19793	99835.6	0	0
neutron	939.565	2.40025	99836.9	0	0
deuteron	1875.61	7.61836	99836.9	0	0
Mg25	23268	0.345606	99836.9	0	0
neutron	939.565	2.06125	99839.6	0	0
neutron	939.565	0.33953	99839.6	0	0
Na23	21409.2	0.2798	99839.6	0	0
proton	938.272	3.86499	99837.4	0	0
neutron	939.565	2.72565	99837.4	0	0
C14	13040.9	0.120667	99837.4	0	0
neutron	939.565	6.24672	99834.9	0	0
proton	938.272	3.86083	99834.9	0	0
neutron	939.565	2.75479	99834.9	0	0
neutron	939.565	0.729347	99834.9	0	0
C12	11174.9	0.779669	99834.9	0	0
neutron	939.565	11.9215	99833.7	0	0
neutron	939.565	8.55126	99833.7	0	0
proton	938.272	7.31653	99833.7	0	0
neutron	939.565	3.49549	99833.7	0	0
Ne20	18617.7	0.589922	99833.7	0	0
neutron	939.565	2.81245	99833.8	0	0
proton	938.272	2.0466	99833.8	0	0
C14	13040.9	1.06406	99833.8	0	0
neutron	939.565	14.4582	99844.6	0	0
neutron	939.565	14.3976	99844.6	0	0
proton	938.272	3.22622	99844.6	0	0
Ne22	20479.7	0.449547	99844.6	0	0
neutron	939.565	3.27348	99839	0	0
neutron	939.565	1.60204	99839	0	0
Mn54	50232.4	0.130386	99839	0	0
neutron	939.565	33.7423	99839.1	0	0
neutron	939.565	1.10023	99839.1	0	0
neutron	939.565	0.594455	99839.1	0	0
deuteron	1875.61	9.29537	99839.1	0	0
Ne21	19550.5	3.42816	99839.1	0	0
neutron	939.565	3.27939	99828.7	0	0
Na23	21409.2	0.540196	99828.7	0	0
neutron	939.565	0.140452	99834.2	0	0
N15	13968.9	0.300927	99834.2	0	0
proton	938.272	27.5777	99839.1	0	0
neutron	939.565	4.56888	99839.1	0	0
neutron	939.565	4.00409	99839.1	0	0
neutron	939.565	3.57035	99839.1	0	0
Ne21	19550.5	2.20855	99839.1	0	0
neutron	939.565	2.98826	99838.6	0	0
Na23	21409.2	0.00675721	99838.6	0	0
Al28	26058.3	0.18791	99840.9	0	0
neutron	939.565	1.82347	99835.6	0	0
Na23	21409.2	0.0479984	99835.6	0	0
Na26	24206.4	0.167933	99832.9	0	0
neutron	939.565	11.8924	99842.5	0	0
proton	938.272	8.58991	99842.5	0	0
neutron	939.565	0.620675	99842.5	0	0
Ne21	19550.5	0.193117	99842.5	0	0
Na24	22341.8	0.19855	99840.4	0	0
neutron	939.565	5.7924	99834	0	0
Mn55	51161.7	0.0431288	99834	0	0
proton	938.272	12.795	99838.5	0	0
neutron	939.565	3.62253	99838.5	0	0
neutron	939.565	3.44869	99838.5	0	0
Ne21	19550.5	0.801062	99838.5	0	0
neutron	939.565	28.5072	99838.7	0	0
proton	938.272	6.88871	99838.7	0	0
neutron	939.565	1.5143	99838.7	0	0
neutron	939.565	0.267034	99838.7	0	0
alpha	3727.38	6.8304	99838.7	0	0
O16	14895.1	3.4089	99838.7	0	0
neutron	939.565	10.7497	99838.4	0	0
neutron	939.565	7.02075	99838.4	0	0
proton	938.272	6.41772	99838.4	0	0
neutron	939.565	1.06113	99838.4	0	0
neutron	939.565	0.946544	99838.4	0	0
neutron	939.565	0.344861	99838.4	0	0
Cr50	46512.2	0.457588	99838.4	0	0
Mg24	22335.8	0.132175	99850.3	11.9373	11.7405
Al29	26988.5	0.172386	99842.2	0	0
neutron	939.565	6.42786	99843.1	0	0
proton	938.272	3.62917	99843.1	0	0
neutron	939.565	0.22832	99843.1	0	0
Ne21	19550.5	0.562538	99843.1	0	0
Al28	26058.3	0.19279	99838.9	0	0
Na24	22341.8	0.190756	99851.7	0	0
Al28	26058.3	0.179489	99853.1	0	0
Na24	22341.8	0.181434	99836.7	0	0
neutron	939.565	6.5973	99837.7	0	0
neutron	939.565	2.70516	99837.7	0	0
Mn54	50232.4	0.189634	99837.7	0	0
Na24	22341.8	0.212935	99840.1	0	0
Na25	23272.4	0.182279	99838.2	0	0
neutron	939.565	6.51199	99845.9	0	0
neutron	939.565	0.510061	99845.9	0	0
deuteron	1875.61	4.57504	99845.9	0	0
Ne20	18617.7	1.30041	99845.9	0	0
neutron	939.565	10.7525	99843.5	0	0
neutron	939.565	5.96155	99843.5	0	0
deuteron	1875.61	3.45134	99843.5	0	0
Mg24	22335.8	1.9375	99843.5	0	0
Na26	24206.4	0.174207	99838.9	0	0
neutron	939.565	0.240062	99850.4	0	0
Na23	21409.2	0.122592	99850.4	0	0
N16	14906	0.296865	99832.2	0	0
Na24	22341.8	0.214137	99843	0	0
neutron	939.565	7.996	99847.1	0	0
neutron	939.565	6.32229	99847.1	0	0
proton	938.272	3.95778	99847.1	0	0
neutron	939.565	0.445967	99847.1	0	0
alpha	3727.38	13.8197	99847.1	0	0
O16	14895.1	5.08509	99847.1	0	0
neutron	939.565	28.7522	99834.2	0	0
neutron	939.565	3.00845	99834.2	0	0
deuteron	1875.61	0.67661	99834.2	0	0
alpha	3727.38	0.731437	99834.2	0	0
Be8	7454.85	6.50064	99834.2	0	0
Na24	22341.8	0.212236	99842.8	0	0
Na24	22341.8	0.213037	99834.1	0	0
Al28	26058.3	0.191303	99838.9	0	0
neutron	939.565	0.885973	99844.2	0	0
Na23	21409.2	0.356997	99844.2	0	0
neutron	939.565	20.5467	99847.2	0	0
neutron	939.565	20.5315	99847.2	0	0
proton	938.272	7.07166	99847.2	0	0
neutron	939.565	3.11463	99847.2	0	0
C12	11174.9	1.36759	99847.2	0	0
neutron	939.565	10.2624	99839.5	0	0
proton	938.272	2.83855	99839.5	0	0
neutron	939.565	2.63629	99839.5	0	0
Mg25	23268	0.169246	99839.5	0	0
neutron	939.565	1.38609	99843.3	0	0
Na23	21409.2	0.0909159	99843.3	0	0
neutron	939.565	17.166	99845	0	0
neutron	939.565	11.4524	99845	0	0
deuteron	1875.61	3.01625	99845	0	0
C12	11174.9	0.276204	99845	0	0
neutron	939.565	5.07275	99837.2	0	0
neutron	939.565	1.09547	99837.2	0	0
neutron	939.565	0.555098	99837.2	0	0
Al27	25126.5	0.219531	99837.2	0	0
neutron	939.565	6.38485	99832.6	0	0
Al27	25126.5	0.550129	99832.6	0	0
neutron	939.565	29.2952	99840.1	0	0
proton	938.272	5.63183	99840.1	0	0
neutron	939.565	5.37101	99840.1	0	0
C13	12109.5	0.322249	99840.1	0	0
neutron	939.565	0.904714	99835.2	0	0
N15	13968.9	0.10399	99835.2	0	0
Na24	22341.8	0.211446	99832.2	0	0
neutron	939.565	4.23788	99843.6	0	0
neutron	939.565	4.16006	99843.6	0	0
proton	938.272	3.69252	99843.6	0	0
neutron	939.565	0.583123	99843.6	0	0
triton	2808.92	2.73387	99843.6	0	0
B9	8393.31	0.291879	99843.6	0	0
Al28	26058.3	0.183182	99839.6	0	0
Na24	22341.8	0.193817	99845.2	0	0
neutron	939.565	12.5041	99835.9	0	0
proton	938.272	11.748	99835.9	0	0
Ne23	21414.1	1.7377	99835.9	0	0
neutron	939.565	0.201818	99838.2	0	0
Na23	21409.2	0.21509	99838.2	0	0
neutron	939.565	0.357914	99831.8	0	0
Na23	21409.2	0.108733	99831.8	0	0
Na24	22341.8	0.198702	99847.4	0	0
neutron	939.565	14.1457	99838.6	0	0
triton	2808.92	2.97515	99838.6	0	0
alpha	3727.38	3.9499	99838.6	0	0
Be8	7454.85	1.15563	99838.6	0	0
proton	938.272	6.61661	99831.8	0	0
neutron	939.565	5.39147	99831.8	0	0
neutron	939.565	3.8737	99831.8	0	0
neutron	939.565	3.05294	99831.8	0	0
alpha	3727.38	7.11565	99831.8	0	0
O16	14895.1	0.616503	99831.8	0	0
proton	938.272	27.9255	99840.8	0	0
neutron	939.565	3.06659	99840.8	0	0
neutron	939.565	1.52536	99840.8	0	0
C13	12109.5	1.94064	99840.8	0	0
proton	938.272	7.80676	99840.4	0	0
neutron	939.565	4.17578	99840.4	0	0
neutron	939.565	3.886	99840.4	0	0
neutron	939.565	0.63348	99840.4	0	0
He3	2808.39	9.71802	99840.4	0	0
Ti49	45583.4	1.57682	99840.4	0	0
Al28	26058.3	0.182598	99843	0	0
Al28	26058.3	0.171936	99837.2	0	0
neutron	939.565	1.6887	99846.2	0	0
Al27	25126.5	0.0474844	99846.2	0	0
Al28	26058.3	0.17826	99835.3	0	0
Na24	22341.8	0.211126	99841	0	0
neutron	939.565	4.8989	99840.4	0	0
neutron	939.565	0.416532	99840.4	0	0
deuteron	1875.61	7.12796	99840.4	0	0
alpha	3727.38	7.57572	99840.4	0	0
Be8	7454.85	3.48612	99840.4	0	0
Al28	26058.3	0.168446	99845.7	0	0
neutron	939.565	0.751596	99841.4	0	0
Mn55	51161.7	0.0834111	99841.4	0	0
neutron	939.565	2.40279	99839	0	0
Al27	25126.5	0.313534	99839	0	0
proton	938.272	11.7794	99834.5	0	0
neutron	939.565	5.79681	99834.5	0	0
Ne22	20479.7	0.285129	99834.5	0	0
Mn56	52094	0.097766	99832.6	0	0
neutron	939.565	33.1744	99841.9	0	0
proton	938.272	8.90657	99841.9	0	0
neutron	939.565	2.89083	99841.9	0	0
neutron	939.565	1.91054	99841.9	0	0
Ne20	18617.7	2.39492	99841.9	0	0
Na24	22341.8	0.215319	99845.2	0	0
neutron	939.565	16.5466	99839.9	0	0
neutron	939.565	3.99754	99839.9	0	0
N14	13040.2	1.07387	99839.9	0	0
proton	938.272	3.65847	99833.8	0	0
neutron	939.565	0.804639	99833.8	0	0
Ne22	20479.7	0.0644882	99833.8	0	0
neutron	939.565	6.76358	99840.8	0	0
neutron	939.565	2.04502	99840.8	0	0
alpha	3727.38	6.45871	99840.8	0	0
deuteron	1875.61	1.88624	99840.8	0	0
alpha	3727.38	3.54008	99840.8	0	0
alpha	3727.38	6.13794	99840.8	0	0
neutron	939.565	11.7838	99840	0	0
Al27	25126.5	0.913821	99840	0	0
neutron	939.565	0.900141	99844.5	0	0
Na23	21409.2	0.262939	99844.5	0	0
proton	938.272	17.9367	99839.2	0	0
neutron	939.565	2.0852	99839.2	0	0
neutron	939.565	0.22653	99839.2	0	0
Mg25	23268	0.965707	99839.2	0	0
neutron	939.565	2.61047	99838.3	0	0
Na23	21409.2	0.0205112	99838.3	0	0
Na25	23272.4	0.207588	99843.3	0	0
neutron	939.565	2.68387	99835	0	0
neutron	939.565	0.826582	99835	0	0
deuteron	1875.61	12.0595	99835	0	0
Ne20	18617.7	0.948878	99835	0	0
neutron	939.565	8.80549	99845.8	0	0
proton	938.272	8.02013	99845.8	0	0
neutron	939.565	1.27777	99845.8	0	0
neutron	939.565	0.260633	99845.8	0	0
Mg24	22335.8	0.551654	99845.8	0	0
Na24	22341.8	0.208852	99838.7	0	0
Na24	22341.8	0.190187	99846.2	0	0
proton	938.272	9.0717	99844.6	0	0
neutron	939.565	8.9198	99844.6	0	0
neutron	939.565	3.57313	99844.6	0	0
neutron	939.565	2.39598	99844.6	0	0
alpha	3727.38	5.2129	99844.6	0	0
Ne20	18617.7	1.00137	99844.6	0	0
neutron	939.565	26.6615	99840	0	0
proton	938.272	26.2611	99840	0	0
neutron	939.565	1.75936	99840	0	0
neutron	939.565	0.551844	99840	0	0
C12	11174.9	2.09877	99840	0	0
Na24	22341.8	0.211886	99839.5	0	0
Na24	22341.8	0.178443	99836.6	0	0
neutron	939.565	5.52047	99831.4	0	0
neutron	939.565	0.876923	99831.4	0	0
N14	13040.2	0.903814	99831.4	0	0
Na24	22341.8	0.212003	99835.5	0	0
neutron	939.565	2.16203	99841.3	0	0
deuteron	1875.61	2.78644	99841.3	0	0
Ne21	19550.5	0.262587	99841.3	0	0
N16	14906	0.290627	99840.4	0	0
Al28	26058.3	0.183786	99835.6	0	0
Na25	23272.4	0.175809	99832.7	0	0
neutron	939.565	1.15956	99841.5	0	0
Mn55	51161.7	0.158223	99841.5	0	0
neutron	939.565	2.70974	99836.7	0	0
proton	938.272	2.20403	99836.7	0	0
neutron	939.565	1.63777	99836.7	0	0
Ne21	19550.5	0.171874	99836.7	0	0
Al28	26058.3	0.188486	99840.3	0	0
Al28	26058.3	0.164031	99833	0	0
Na24	22341.8	0.214457	99842.7	0	0
neutron	939.565	7.41129	99836.4	0	0
neutron	939.565	2.01558	99836.4	0	0
deuteron	1875.61	6.50985	99836.4	0	0
Ne20	18617.7	0.519216	99836.4	0	0
Na24	22341.8	0.204978	99836.1	0	0
neutron	939.565	57.5448	99834.5	0	0
proton	938.272	2.40759	99834.5	0	0
neutron	939.565	0.434842	99834.5	0	0
Mg25	23268	1.82111	99834.5	0	0
proton	938.272	4.43581	99843.3	0	0
neutron	939.565	4.11941	99843.3	0	0
neutron	939.565	3.2703	99843.3	0	0
neutron	939.565	0.35287	99843.3	0	0
Mg24	22335.8	0.438363	99843.3	0	0
neutron	939.565	16.0214	99840.1	0	0
triton	2808.92	2.2774	99840.1	0	0
alpha	3727.38	20.8401	99840.1	0	0
alpha	3727.38	3.76416	99840.1	0	0
alpha	3727.38	12.2507	99840.1	0	0
neutron	939.565	30.5865	99833.2	0	0
neutron	939.565	5.43504	99833.2	0	0
neutron	939.565	5.14418	99833.2	0	0
proton	938.272	3.99659	99833.2	0	0
proton	938.272	2.99965	99833.2	0	0
Na23	21409.2	0.958636	99833.2	0	0
Al28	26058.3	0.172139	99840.8	0	0
Na24	22341.8	0.209359	99838.4	0	0
Na25	23272.4	0.211774	99844.5	0	0
Al28	26058.3	0.189264	99841.3	0	0
N16	14906	0.28932	99842.8	0	0
Al30	27922.3	0.137707	99842.6	0	0
Al28	26058.3	0.164523	99834.1	0	0
Al28	26058.3	0.184127	99839.9	0	0
Al28	26058.3	0.184832	99843.6	0	0
Al28	26058.3	0.153181	99838.9	0	0
Al28	26058.3	0.177163	99843	0	0
neutron	939.565	13.4913	99841.7	0	0
proton	938.272	2.40425	99841.7	0	0
neutron	939.565	1.08172	99841.7	0	0
Mg25	23268	0.30163	99841.7	0	0
proton	938.272	8.55599	99834.6	0	0
neutron	939.565	5.23966	99834.6	0	0
neutron	939.565	4.95741	99834.6	0	0
neutron	939.565	3.20538	99834.6	0	0
neutron	939.565	2.68538	99834.6	0	0
neutron	939.565	0.203526	99834.6	0	0
Cr50	46512.2	0.494419	99834.6	0	0
Na24	22341.8	0.199268	99833.7	0	0
Al28	26058.3	0.186663	99844.3	0	0
proton	938.272	16.7846	99843.9	0	0
neutron	939.565	3.96995	99843.9	0	0
neutron	939.565	3.44731	99843.9	0	0
neutron	939.565	3.35126	99843.9	0	0
neutron	939.565	0.33458	99843.9	0	0
Cr51	47442.5	0.408528	99843.9	0	0
Al28	26058.3	0.174303	99833.7	0	0
Na24	22341.8	0.187986	99835.3	0	0
neutron	939.565	21.5817	99838.6	0	0
proton	938.272	3.3218	99838.6	0	0
C14	13040.9	0.556748	99838.6	0	0
neutron	939.565	6.59087	99846.9	0	0
neutron	939.565	2.80327	99846.9	0	0
neutron	939.565	1.34503	99846.9	0	0
Na23	21409.2	0.234754	99846.9	0	0
Na24	22341.8	0.196112	99838.9	0	0
neutron	939.565	7.43663	99847.1	0	0
neutron	939.565	4.10834	99847.1	0	0
proton	938.272	2.5572	99847.1	0	0
neutron	939.565	0.433017	99847.1	0	0
Mg24	22335.8	1.55317	99847.1	0	0
proton	938.272	11.0898	99838.1	0	0
neutron	939.565	7.84812	99838.1	0	0
neutron	939.565	4.71511	99838.1	0	0
proton	938.272	4.25471	99838.1	0	0
neutron	939.565	2.17797	99838.1	0	0
alpha	3727.38	5.43806	99838.1	0	0
N15	13968.9	0.881674	99838.1	0	0
neutron	939.565	5.21642	99840.2	0	0
Al27	25126.5	0.0266464	99840.2	0	0
Na25	23272.4	0.217438	99835.4	0	0
neutron	939.565	4.37868	99850.9	0	0
Na23	21409.2	0.307516	99850.9	0	0
neutron	939.565	13.0351	99855	0	0
neutron	939.565	0.560514	99855	0	0
Na23	21409.2	0.902496	99855	0	0
Al28	26058.3	0.166588	99839.7	0	0
Al28	26058.3	0.177986	99841.8	0	0
Al28	26058.3	0.17949	99835.2	0	0
neutron	939.565	25.1031	99838	0	0
proton	938.272	4.74651	99838	0	0
neutron	939.565	3.38614	99838	0	0
Mg25	23268	0.997561	99838	0	0
neutron	939.565	0.0614386	99844.5	0	0
Na23	21409.2	0.210075	99844.5	0	0
neutron	939.565	1.00588	99837.9	0	0
Na23	21409.2	0.395258	99837.9	0	0
neutron	939.565	40.5309	99837.2	0	0
neutron	939.565	6.51664	99837.2	0	0
neutron	939.565	0.953663	99837.2	0	0
N13	12111.2	1.33184	99837.2	0	0
neutron	939.565	13.4429	99842	0	0
proton	938.272	8.86617	99842	0	0
C14	13040.9	0.141289	99842	0	0
neutron	939.565	0.00437092	99845	0	0
Al27	25126.5	0.172476	99845	0	0
proton	938.272	4.05553	99845.1	0	0
neutron	939.565	3.78858	99845.1	0	0
neutron	939.565	2.83693	99845.1	0	0
neutron	939.565	0.544169	99845.1	0	0
Mg24	22335.8	0.0474528	99845.1	0	0
Na24	22341.8	0.218442	99840.9	0	0
Na25	23272.4	0.185758	99847	0	0
neutron	939.565	1.8201	99842.6	0	0
Na23	21409.2	0.106368	99842.6	0	0
N16	14906	0.290786	99843.9	0	0
neutron	939.565	28.1821	99836.1	0	0
proton	938.272	19.885	99836.1	0	0
neutron	939.565	2.14806	99836.1	0	0
C13	12109.5	0.0963386	99836.1	0	0
neutron	939.565	11.5933	99836.2	0	0
N15	13968.9	0.693392	99836.2	0	0
neutron	939.565	10.5644	99842.8	0	0
neutron	939.565	3.00067	99842.8	0	0
proton	938.272	2.26366	99842.8	0	0
neutron	939.565	0.296788	99842.8	0	0
Mg24	22335.8	0.326561	99842.8	0	0
Al28	26058.3	0.162789	99839.4	0	0
neutron	939.565	0.998109	99835.4	0	0
Na23	21409.2	0.178627	99835.4	0	0
proton	938.272	25.3153	99839.3	0	0
neutron	939.565	9.19122	99839.3	0	0
neutron	939.565	8.93502	99839.3	0	0
C13	12109.5	5.55074	99839.3	0	0
neutron	939.565	3.68966	99837.3	0	0
neutron	939.565	1.81049	99837.3	0	0
N14	13040.2	0.265355	99837.3	0	0
neutron	939.565	8.28737	99842.3	0	0
neutron	939.565	7.51545	99842.3	0	0
proton	938.272	3.52478	99842.3	0	0
neutron	939.565	1.40935	99842.3	0	0
Mg24	22335.8	0.536005	99842.3	0	0
O16	14895.1	0.217983	99931.6	88.8816	88.3925
neutron	939.565	28.543	99840.4	0	0
proton	938.272	7.18893	99840.4	0	0
neutron	939.565	1.23205	99840.4	0	0
Mg25	23268	1.17125	99840.4	0	0
Al28	26058.3	0.165517	99847.3	0	0
Al28	26058.3	0.188067	99833.1	0	0
proton	938.272	2.02557	99837.4	0	0
neutron	939.565	0.882519	99837.4	0	0
Ne22	20479.7	0.129145	99837.4	0	0
Na24	22341.8	0.216243	99840.2	0	0
neutron	939.565	4.25895	99845.8	0	0
neutron	939.565	3.04485	99845.8	0	0
proton	938.272	2.16653	99845.8	0	0
Mg26	24196.5	0.848182	99845.8	0	0
neutron	939.565	27.242	99836.2	0	0
proton	938.272	6.61614	99836.2	0	0
C14	13040.9	3.83509	99836.2	0	0
Na26	24206.4	0.154977	99843.1	0	0
neutron	939.565	0.175337	99838.6	0	0
N15	13968.9	0.267477	99838.6	0	0
neutron	939.565	18.6727	99837.6	0	0
proton	938.272	5.4768	99837.6	0	0
Cr54	50231.5	0.326557	99837.6	0	0
Al28	26058.3	0.161498	99840.8	0	0
Na24	22341.8	0.215245	99839	0	0
neutron	939.565	0.98922	99837	0	0
deuteron	1875.61	21.5902	99837	0	0
C13	12109.5	2.90808	99837	0	0
Na24	22341.8	0.215471	99840.3	0	0
neutron	939.565	0.317094	99843.7	0	0
Mn55	51161.7	0.0587042	99843.7	0	0
Na24	22341.8	0.211742	99830.3	0	0
neutron	939.565	7.35505	99837.1	0	0
proton	938.272	3.0523	99837.1	0	0
neutron	939.565	2.83045	99837.1	0	0
proton	938.272	2.10353	99837.1	0	0
deuteron	1875.61	8.28261	99837.1	0	0
Ne22	20479.7	0.264584	99837.1	0	0
Na24	22341.8	0.17848	99833.7	0	0
Al28	26058.3	0.164305	99843.2	0	0
Na24	22341.8	0.204016	99844.2	0	0
proton	938.272	3.60804	99840.7	0	0
neutron	939.565	0.740082	99840.7	0	0
Mg26	24196.5	0.21903	99840.7	0	0
Al28	26058.3	0.186854	99845.2	0	0
neutron	939.565	0.703286	99844.6	0	0
Al27	25126.5	0.192879	99844.6	0	0
N16	14906	0.276515	99832.3	0	0
O16	14895.1	0.268671	99874.6	43.6265	43.116
neutron	939.565	3.91276	99837.8	0	0
proton	938.272	3.64519	99837.8	0	0
Ne22	20479.7	0.142704	99837.8	0	0
neutron	939.565	1.04272	99837	0	0
Na23	21409.2	0.120938	99837	0	0
Al28	26058.3	0.187639	99838.4	0	0
neutron	939.565	2.12939	99835.3	0	0
proton	938.272	1.70681	99835.3	0	0
Ne22	20479.7	0.124252	99835.3	0	0
neutron	939.565	7.33075	99838.1	0	0
neutron	939.565	1.10968	99838.1	0	0
neutron	939.565	0.865496	99838.1	0	0
deuteron	1875.61	6.12215	99838.1	0	0
C11	10254	0.940141	99838.1	0	0
proton	938.272	12.4082	99835.4	0	0
neutron	939.565	3.39333	99835.4	0	0
neutron	939.565	2.78313	99835.4	0	0
neutron	939.565	2.04317	99835.4	0	0
Mg24	22335.8	0.465654	99835.4	0	0
Al28	26058.3	0.18502	99842.4	0	0
neutron	939.565	21.3538	99840.1	0	0
neutron	939.565	9.05963	99840.1	0	0
proton	938.272	7.74557	99840.1	0	0
neutron	939.565	5.77669	99840.1	0	0
Mg24	22335.8	1.22016	99840.1	0	0
neutron	939.565	5.02139	99836.1	0	0
alpha	3727.38	7.04216	99836.1	0	0
Na23	21409.2	2.73928	99836.1	0	0
Mn56	52094	0.0939109	99831.6	0	0
neutron	939.565	18.3784	99840.3	0	0
neutron	939.565	12.6792	99840.3	0	0
proton	938.272	3.46186	99840.3	0	0
Mg25	23268	1.84252	99840.3	0	0
neutron	939.565	0.0294426	99841.5	0	0
Mn55	51161.7	0.0950023	99841.5	0	0
Al28	26058.3	0.158089	99851.7	0	0
neutron	939.565	19.0189	99853.5	0	0
neutron	939.565	2.18189	99853.5	0	0
Na23	21409.2	0.75798	99853.5	0	0
Na24	22341.8	0.215203	99846.6	0	0
Al28	26058.3	0.182393	99836.2	0	0
neutron	939.565	6.86107	99841	0	0
neutron	939.565	2.40961	99841	0	0
Mn54	50232.4	0.338476	99841	0	0
proton	938.272	3.67964	99835.9	0	0
neutron	939.565	2.81168	99835.9	0	0
Mg26	24196.5	0.238874	99835.9	0	0
proton	938.272	2.03955	99837	0	0
neutron	939.565	1.64373	99837	0	0
Ne22	20479.7	0.210922	99837	0	0
neutron	939.565	8.62578	99828.6	0	0
proton	938.272	7.89737	99828.6	0	0
neutron	939.565	6.02412	99828.6	0	0
Mg26	24196.5	0.985407	99828.6	0	0
neutron	939.565	2.13168	99842.3	0	0
neutron	939.565	2.0654	99842.3	0	0
neutron	939.565	0.234341	99842.3	0	0
Mn53	49301.8	0.0729163	99842.3	0	0
neutron	939.565	1.03587	99838.9	0	0
Na23	21409.2	0.167121	99838.9	0	0
proton	938.272	5.86219	99836.3	0	0
neutron	939.565	4.40814	99836.3	0	0
Mg26	24196.5	0.797752	99836.3	0	0
Al28	26058.3	0.16401	99848.7	0	0
proton	938.272	22.2844	99834.4	0	0
neutron	939.565	2.89087	99834.4	0	0
neutron	939.565	2.42737	99834.4	0	0
neutron	939.565	1.20542	99834.4	0	0
Mg24	22335.8	0.453955	99834.4	0	0
proton	938.272	6.17502	99838.4	0	0
neutron	939.565	4.64977	99838.4	0	0
neutron	939.565	2.87981	99838.4	0	0
neutron	939.565	1.47943	99838.4	0	0
Mg24	22335.8	0.495415	99838.4	0	0
neutron	939.565	2.21671	99837.5	0	0
Na23	21409.2	0.366078	99837.5	0	0
proton	938.272	4.42069	99836.9	0	0
neutron	939.565	3.63714	99836.9	0	0
neutron	939.565	2.95703	99836.9	0	0
neutron	939.565	1.65132	99836.9	0	0
neutron	939.565	1.25271	99836.9	0	0
Ne21	19550.5	0.242728	99836.9	0	0
deuteron	1875.61	21.0308	99835	0	0
C14	13040.9	3.22653	99835	0	0
Na24	22341.8	0.199466	99841.3	0	0
neutron	939.565	6.9909	99851.4	0	0
neutron	939.565	5.27957	99851.4	0	0
proton	938.272	2.95342	99851.4	0	0
neutron	939.565	2.56507	99851.4	0	0
Mg24	22335.8	1.12449	99851.4	0	0
Mn56	52094	0.0909128	99850.2	0	0
Na24	22341.8	0.207676	99837.5	0	0
neutron	939.565	3.86131	99838.2	0	0
N15	13968.9	0.413204	99838.2	0	0
neutron	939.565	1.27158	99836.5	0	0
neutron	939.565	0.453654	99836.5	0	0
N14	13040.2	0.395822	99836.5	0	0
neutron	939.565	0.343628	99850.6	0	0
Na23	21409.2	0.194426	99850.6	0	0
neutron	939.565	7.53599	99841.7	0	0
neutron	939.565	5.79516	99841.7	0	0
deuteron	1875.61	13.2197	99841.7	0	0
C12	11174.9	2.66885	99841.7	0	0
neutron	939.565	4.41453	99843.3	0	0
neutron	939.565	2.49733	99843.3	0	0
alpha	3727.38	6.10602	99843.3	0	0
F18	16763.2	0.858598	99843.3	0	0
neutron	939.565	22.9691	99846.4	0	0
proton	938.272	10.5415	99846.4	0	0
proton	938.272	8.81258	99846.4	0	0
neutron	939.565	0.423372	99846.4	0	0
F20	18625.3	2.54751	99846.4	0	0
neutron	939.565	0.253143	99839	0	0
Mn55	51161.7	0.0982211	99839	0	0
neutron	939.565	12.7435	99837.4	0	0
neutron	939.565	8.51133	99837.4	0	0
neutron	939.565	5.60534	99837.4	0	0
Na23	21409.2	0.350604	99837.4	0	0
proton	938.272	11.6517	99843.6	0	0
neutron	939.565	1.58876	99843.6	0	0
Ne22	20479.7	0.0478556	99843.6	0	0
Na24	22341.8	0.218043	99842.8	0	0
Al28	26058.3	0.18826	99838.8	0	0
Na24	22341.8	0.207235	99841.1	0	0
Na24	22341.8	0.18612	99849.8	0	0
Na24	22341.8	0.21499	99848.4	0	0
neutron	939.565	4.13412	99836.3	0	0
Al27	25126.5	0.0516974	99836.3	0	0
Na24	22341.8	0.192713	99844.2	0	0
N16	14906	0.2827	99839.6	0	0
neutron	939.565	16.4932	99849.1	0	0
neutron	939.565	2.52955	99849.1	0	0
alpha	3727.38	3.73469	99849.1	0	0
F18	16763.2	3.30872	99849.1	0	0
neutron	939.565	5.24268	99840.2	0	0
proton	938.272	4.83993	99840.2	0	0
Mg26	24196.5	0.0590438	99840.2	0	0
Na24	22341.8	0.219236	99833.1	0	0
neutron	939.565	36.8747	99848.3	0	0
neutron	939.565	3.70686	99848.3	0	0
deuteron	1875.61	1.59109	99848.3	0	0
C12	11174.9	1.41176	99848.3	0	0
Mn56	52094	0.0954529	99837.8	0	0
Mn56	52094	0.0938693	99842.8	0	0
neutron	939.565	20.4922	99845.4	0	0
proton	938.272	2.95519	99845.4	0	0
alpha	3727.38	11.3964	99845.4	0	0
O18	16762	3.00892	99845.4	0	0
Na24	22341.8	0.217916	99840.2	0	0
Na24	22341.8	0.216205	99839.8	0	0
Na24	22341.8	0.214096	99832.2	0	0
neutron	939.565	26.08	99846.6	0	0
neutron	939.565	8.25247	99846.6	0	0
neutron	939.565	0.34218	99846.6	0	0
Mn53	49301.8	0.300403	99846.6	0	0
Al28	26058.3	0.186609	99842.2	0	0
Al28	26058.3	0.174217	99843	0	0
neutron	939.565	2.63879	99834.7	0	0
proton	938.272	1.98595	99834.7	0	0
Ne22	20479.7	0.441458	99834.7	0	0
Al28	26058.3	0.172801	99842.9	0	0
neutron	939.565	9.5534	99842.5	0	0
proton	938.272	9.11806	99842.5	0	0
neutron	939.565	4.48981	99842.5	0	0
neutron	939.565	1.51794	99842.5	0	0
C12	11174.9	1.41285	99842.5	0	0
neutron	939.565	28.9693	99840.1	0	0
neutron	939.565	4.11932	99840.1	0	0
proton	938.272	2.3262	99840.1	0	0
neutron	939.565	1.28792	99840.1	0	0
alpha	3727.38	3.74682	99840.1	0	0
Be8	7454.85	6.59792	99840.1	0	0
O16	14895.1	0.222011	99999.7	131.113	130.726
Mn56	52094	0.0965303	99846.8	0	0
Na25	23272.4	0.218439	99847.8	0	0
neutron	939.565	1.16702	99843.2	0	0
neutron	939.565	1.13986	99843.2	0	0
triton	2808.92	11.8788	99843.2	0	0
Ne21	19550.5	2.81684	99843.2	0	0
neutron	939.565	3.61932	99846.9	0	0
Al27	25126.5	0.0751995	99846.9	0	0
proton	938.272	2.70249	99840.1	0	0
neutron	939.565	2.44712	99840.1	0	0
Mg26	24196.5	0.303249	99840.1	0	0
neutron	939.565	13.0928	99845	0	0
neutron	939.565	10.1008	99845	0	0
proton	938.272	8.21386	99845	0	0
neutron	939.565	6.748	99845	0	0
alpha	3727.38	2.85703	99845	0	0
Be8	7454.85	8.75931	99845	0	0
Na24	22341.8	0.215123	99839.9	0	0
Na24	22341.8	0.212725	99839.3	0	0
Na24	22341.8	0.204411	99842.9	0	0
neutron	939.565	9.01643	99844.4	0	0
neutron	939.565	0.110824	99844.4	0	0
N14	13040.2	0.77207	99844.4	0	0
neutron	939.565	5.08443	99843.9	0	0
proton	938.272	2.78321	99843.9	0	0
neutron	939.565	0.405073	99843.9	0	0
Ne21	19550.5	0.861542	99843.9	0	0
Al28	26058.3	0.179905	99835.7	0	0
Mn56	52094	0.0878455	99838.5	0	0
N16	14906	0.284679	99842.1	0	0
Na24	22341.8	0.190232	99840.9	0	0
neutron	939.565	0.316932	99840	0	0
N15	13968.9	0.268925	99840	0	0
Na24	22341.8	0.213809	99848.5	0	0
Na24	22341.8	0.208644	99845	0	0
neutron	939.565	0.382067	99843	0	0
Al27	25126.5	0.23303	99843	0	0
neutron	939.565	3.32105	99838.8	0	0
neutron	939.565	2.66736	99838.8	0	0
N14	13040.2	0.54486	99838.8	0	0
neutron	939.565	1.70811	99843.8	0	0
neutron	939.565	0.449601	99843.8	0	0
Na24	22341.8	0.0980721	99843.8	0	0
neutron	939.565	21.7661	99849.5	0	0
neutron	939.565	6.96584	99849.5	0	0
proton	938.272	6.57287	99849.5	0	0
neutron	939.565	3.63369	99849.5	0	0
C12	11174.9	1.58367	99849.5	0	0
neutron	939.565	4.25259	99841.7	0	0
proton	938.272	4.04109	99841.7	0	0
proton	938.272	3.48407	99841.7	0	0
neutron	939.565	0.391032	99841.7	0	0
F20	18625.3	0.0259183	99841.7	0	0
Mn56	52094	0.0794754	99837	0	0
neutron	939.565	7.86907	99845.1	0	0
proton	938.272	6.09812	99845.1	0	0
deuteron	1875.61	12.6459	99845.1	0	0
deuteron	1875.61	4.12728	99845.1	0	0
Ne22	20479.7	2.42031	99845.1	0	0
Na24	22341.8	0.208133	99846.3	0	0
Al28	26058.3	0.191839	99839.7	0	0
neutron	939.565	33.0736	99836.1	0	0
proton	938.272	13.5604	99836.1	0	0
neutron	939.565	0.400573	99836.1	0	0
Ne22	20479.7	0.784851	99836.1	0	0
Na24	22341.8	0.215898	99838.4	0	0
neutron	939.565	32.67	99841.1	0	0
proton	938.272	10.0558	99841.1	0	0
Ne22	20479.7	0.360167	99841.1	0	0
neutron	939.565	10.8489	99831.2	0	0
Na23	21409.2	0.746695	99831.2	0	0
proton	938.272	5.41097	99834.2	0	0
neutron	939.565	4.09019	99834.2	0	0
Ne22	20479.7	0.755976	99834.2	0	0
neutron	939.565	38.1871	99844.1	0	0
Na24	22341.8	1.52746	99844.1	0	0
Al28	26058.3	0.176174	99833.8	0	0
neutron	939.565	4.70242	99842.8	0	0
proton	938.272	2.76371	99842.8	0	0
neutron	939.565	1.63332	99842.8	0	0
Ne21	19550.5	1.23757	99842.8	0	0
neutron	939.565	18.5462	99844.9	0	0
triton	2808.92	6.71296	99844.9	0	0
alpha	3727.38	6.84914	99844.9	0	0
Ne20	18617.7	1.33524	99844.9	0	0
neutron	939.565	2.48421	99838.6	0	0
Al27	25126.5	0.236204	99838.6	0	0
Na24	22341.8	0.217625	99836.7	0	0
Na24	22341.8	0.215963	99847.6	0	0
proton	938.272	5.68524	99843.1	0	0
neutron	939.565	4.54556	99843.1	0	0
neutron	939.565	0.935156	99843.1	0	0
neutron	939.565	0.342822	99843.1	0	0
Cr52	48370	0.250374	99843.1	0	0
neutron	939.565	23.9234	99835.3	0	0
neutron	939.565	22.3771	99835.3	0	0
proton	938.272	2.57049	99835.3	0	0
neutron	939.565	0.253374	99835.3	0	0
C12	11174.9	0.24446	99835.3	0	0
proton	938.272	24.5549	99839.1	0	0
neutron	939.565	0.432269	99839.1	0	0
Mg26	24196.5	0.969868	99839.1	0	0
Na25	23272.4	0.180388	99855	0	0
proton	938.272	23.4758	99837.2	0	0
neutron	939.565	12.0353	99837.2	0	0
neutron	939.565	2.92187	99837.2	0	0
Ne21	19550.5	0.183589	99837.2	0	0
neutron	939.565	51.3956	99852.8	0	0
proton	938.272	7.13352	99852.8	0	0
neutron	939.565	1.48275	99852.8	0	0
Cr53	49301.7	0.68964	99852.8	0	0
neutron	939.565	15.7781	99844.3	0	0
proton	938.272	3.3603	99844.3	0	0
neutron	939.565	2.72406	99844.3	0	0
Ne21	19550.5	0.786485	99844.3	0	0
Al28	26058.3	0.168436	99839	0	0
neutron	939.565	2.98323	99843.1	0	0
neutron	939.565	2.92246	99843.1	0	0
proton	938.272	2.56639	99843.1	0	0
neutron	939.565	1.78394	99843.1	0	0
Ne22	20479.7	0.643293	99843.1	0	0
proton	938.272	9.82715	99839.6	0	0
neutron	939.565	4.088	99839.6	0	0
neutron	939.565	0.304033	99839.6	0	0
Ne21	19550.5	0.803773	99839.6	0	0
neutron	939.565	0.123737	99840.4	0	0
Na24	22341.8	0.216322	99840.4	0	0
proton	938.272	5.74884	99837.5	0	0
neutron	939.565	1.95792	99837.5	0	0
neutron	939.565	1.33312	99837.5	0	0
C13	12109.5	0.805079	99837.5	0	0
Mn56	52094	0.0957732	99843.3	0	0
Al28	26058.3	0.184976	99836.9	0	0
Al28	26058.3	0.173192	99836.1	0	0
Al28	26058.3	0.178575	99838.5	0	0
neutron	939.565	7.82363	99839.3	0	0
neutron	939.565	5.40443	99839.3	0	0
alpha	3727.38	11.1852	99839.3	0	0
deuteron	1875.61	16.4799	99839.3	0	0
Be8	7454.85	0.724156	99839.3	0	0
neutron	939.565	4.36054	99838.9	0	0
neutron	939.565	3.18707	99838.9	0	0
deuteron	1875.61	12.0865	99838.9	0	0
Mg24	22335.8	0.894114	99838.9	0	0
neutron	939.565	0.279155	99835.6	0	0
Na23	21409.2	0.159979	99835.6	0	0
Al28	26058.3	0.183084	99839.1	0	0
neutron	939.565	1.37263	99847.8	0	0
neutron	939.565	0.0416596	99847.8	0	0
Al27	25126.5	0.293723	99847.8	0	0
proton	938.272	35.3092	99840.7	0	0
neutron	939.565	17.5524	99840.7	0	0
neutron	939.565	0.674069	99840.7	0	0
Ne21	19550.5	0.185642	99840.7	0	0
Na24	22341.8	0.207201	99840.7	0	0
neutron	939.565	2.61046	99836	0	0
proton	938.272	2.37472	99836	0	0
neutron	939.565	0.250265	99836	0	0
Ne21	19550.5	0.525824	99836	0	0
proton	938.272	11.2271	99840.9	0	0
neutron	939.565	5.36456	99840.9	0	0
neutron	939.565	0.705581	99840.9	0	0
C13	12109.5	0.386374	99840.9	0	0
Al28	26058.3	0.173673	99843.3	0	0
neutron	939.565	4.00804	99840	0	0
proton	938.272	2.17918	99840	0	0
neutron	939.565	0.876178	99840	0	0
Mg25	23268	0.610379	99840	0	0
Mn56	52094	0.0889446	99837.3	0	0
Al28	26058.3	0.167065	99831.2	0	0
neutron	939.565	4.61035	99837.7	0	0
N15	13968.9	0.17495	99837.7	0	0
neutron	939.565	0.477539	99842.9	0	0
N15	13968.9	0.249452	99842.9	0	0
N16	14906	0.28985	99832.8	0	0
proton	938.272	4.5399	99836.2	0	0
neutron	939.565	2.02584	99836.2	0	0
Mg26	24196.5	0.0770126	99836.2	0	0
neutron	939.565	8.40411	99839.6	0	0
proton	938.272	2.08721	99839.6	0	0
Mg26	24196.5	1.06352	99839.6	0	0
neutron	939.565	3.77073	99838.9	0	0
Na23	21409.2	0.205759	99838.9	0	0
Al29	26988.5	0.179395	99843.3	0	0
neutron	939.565	17.0387	99840.8	0	0
neutron	939.565	3.97279	99840.8	0	0
proton	938.272	0.858195	99840.8	0	0
C13	12109.5	2.21997	99840.8	0	0
Na24	22341.8	0.2091	99833.9	0	0
Na24	22341.8	0.217836	99837.5	0	0
proton	938.272	6.29664	99839.6	0	0
neutron	939.565	3.75996	99839.6	0	0
neutron	939.565	3.42857	99839.6	0	0
proton	938.272	2.56395	99839.6	0	0
neutron	939.565	2.51193	99839.6	0	0
Na23	21409.2	0.318383	99839.6	0	0
neutron	939.565	2.63945	99842.9	0	0
Al27	25126.5	0.153104	99842.9	0	0
neutron	939.565	16.3192	99839.1	0	0
proton	938.272	2.95759	99839.1	0	0
neutron	939.565	1.95377	99839.1	0	0
neutron	939.565	0.115941	99839.1	0	0
Mg24	22335.8	0.875016	99839.1	0	0
Na24	22341.8	0.207004	99840.5	0	0
neutron	939.565	0.20934	99841.7	0	0
Mn55	51161.7	0.108725	99841.7	0	0
Na24	22341.8	0.214562	99838.8	0	0
Na24	22341.8	0.206214	99838.5	0	0
neutron	939.565	1.99749	99831.7	0	0
deuteron	1875.61	8.18593	99831.7	0	0
Mg25	23268	0.160885	99831.7	0	0
neutron	939.565	5.52122	99847.1	0	0
proton	938.272	2.33289	99847.1	0	0
C14	13040.9	0.344209	99847.1	0	0
Al28	26058.3	0.170694	99846.3	0	0
proton	938.272	7.53127	99833.9	0	0
neutron	939.565	5.23922	99833.9	0	0
neutron	939.565	3.26884	99833.9	0	0
neutron	939.565	1.73651	99833.9	0	0
Ne20	18617.7	1.1124	99833.9	0	0
Al28	26058.3	0.184297	99838.4	0	0
proton	938.272	4.41222	99843.4	0	0
neutron	939.565	0.996934	99843.4	0	0
C14	13040.9	0.468187	99843.4	0	0
Al29	26988.5	0.178851	99841.7	0	0
Na26	24206.4	0.170211	99844	0	0
neutron	939.565	22.3181	99835.5	0	0
neutron	939.565	7.41237	99835.5	0	0
Na23	21409.2	1.84038	99835.5	0	0
neutron	939.565	0.33043	99836.8	0	0
Al27	25126.5	0.113583	99836.8	0	0
Na26	24206.4	0.185761	99843.7	0	0
neutron	939.565	29.337	99839.5	0	0
proton	938.272	4.57147	99839.5	0	0
neutron	939.565	0.156741	99839.5	0	0
Ne21	19550.5	2.00612	99839.5	0	0
Al28	26058.3	0.185819	99836.5	0	0
neutron	939.565	4.17499	99839.2	0	0
neutron	939.565	1.52523	99839.2	0	0
deuteron	1875.61	4.01652	99839.2	0	0
C12	11174.9	2.1143	99839.2	0	0
Na24	22341.8	0.202507	99836	0	0
neutron	939.565	11.1538	99844.4	0	0
neutron	939.565	3.12016	99844.4	0	0
neutron	939.565	1.93531	99844.4	0	0
proton	938.272	1.53693	99844.4	0	0
Ne20	18617.7	0.951673	99844.4	0	0
N16	14906	0.294275	99840.6	0	0
proton	938.272	5.90282	99837.9	0	0
neutron	939.565	2.81021	99837.9	0	0
neutron	939.565	0.328404	99837.9	0	0
Mg25	23268	0.194756	99837.9	0	0
neutron	939.565	27.3698	99845.3	0	0
proton	938.272	7.24512	99845.3	0	0
neutron	939.565	4.12376	99845.3	0	0
neutron	939.565	0.730391	99845.3	0	0
Mg24	22335.8	1.44893	99845.3	0	0
Na24	22341.8	0.214437	99840.1	0	0
neutron	939.565	2.41409	99840	0	0
Na25	23272.4	0.0685052	99840	0	0
Na24	22341.8	0.215912	99840.6	0	0
Na24	22341.8	0.211649	99836.4	0	0
Al28	26058.3	0.192621	99842.2	0	0
proton	938.272	10.1937	99832.6	0	0
neutron	939.565	2.57555	99832.6	0	0
neutron	939.565	1.34621	99832.6	0	0
Mg25	23268	0.405641	99832.6	0	0
Na24	22341.8	0.213375	99840.1	0	0
Na24	22341.8	0.210695	99836.9	0	0
Al28	26058.3	0.182276	99846.7	0	0
N16	14906	0.295863	99840.7	0	0
neutron	939.565	17.1415	99841.7	0	0
neutron	939.565	0.462903	99841.7	0	0
deuteron	1875.61	11.0391	99841.7	0	0
C12	11174.9	2.8405	99841.7	0	0
N16	14906	0.295652	99834.6	0	0
neutron	939.565	12.9835	99840.3	0	0
neutron	939.565	2.12592	99840.3	0	0
alpha	3727.38	8.98245	99840.3	0	0
deuteron	1875.61	3.45227	99840.3	0	0
Be8	7454.85	5.15843	99840.3	0	0
Al28	26058.3	0.172714	99839.6	0	0
neutron	939.565	0.512009	99837	0	0
N15	13968.9	0.366454	99837	0	0
Al28	26058.3	0.184123	99841.2	0	0
Na24	22341.8	0.21171	99838.3	0	0
Na24	22341.8	0.204383	99835.6	0	0
proton	938.272	4.28638	99840.6	0	0
neutron	939.565	3.67929	99840.6	0	0
Mg26	24196.5	0.122013	99840.6	0	0
neutron	939.565	0.210524	99846.1	0	0
Na23	21409.2	0.248509	99846.1	0	0
neutron	939.565	3.93883	99844	0	0
Al27	25126.5	0.303454	99844	0	0
Al28	26058.3	0.184123	99837.3	0	0
proton	938.272	8.12922	99843.4	0	0
neutron	939.565	3.37593	99843.4	0	0
neutron	939.565	2.9419	99843.4	0	0
neutron	939.565	2.9215	99843.4	0	0
Mg24	22335.8	0.434913	99843.4	0	0
neutron	939.565	33.9324	99840.1	0	0
neutron	939.565	5.12885	99840.1	0	0
proton	938.272	4.69088	99840.1	0	0
neutron	939.565	2.62081	99840.1	0	0
Cr50	46512.2	1.28536	99840.1	0	0
neutron	939.565	4.80193	99841.3	0	0
proton	938.272	4.779	99841.3	0	0
Cr54	50231.5	0.135656	99841.3	0	0
neutron	939.565	18.1637	99835.8	0	0
neutron	939.565	8.93281	99835.8	0	0
proton	938.272	6.5019	99835.8	0	0
neutron	939.565	0.381954	99835.8	0	0
C12	11174.9	2.84986	99835.8	0	0
N16	14906	0.289625	99844.1	0	0
neutron	939.565	4.2026	99836.8	0	0
N15	13968.9	0.350126	99836.8	0	0
neutron	939.565	1.15323	99843.3	0	0
deuteron	1875.61	13.8191	99843.3	0	0
Ne21	19550.5	1.68372	99843.3	0	0
neutron	939.565	11.3192	99839.5	0	0
proton	938.272	7.92238	99839.5	0	0
neutron	939.565	1.42302	99839.5	0	0
Mg25	23268	0.827931	99839.5	0	0
neutron	939.565	1.02592	99835.1	0	0
Na23	21409.2	0.294339	99835.1	0	0
Na24	22341.8	0.215794	99838.9	0	0
neutron	939.565	0.543377	99839.7	0	0
Al27	25126.5	0.230699	99839.7	0	0
proton	938.272	5.04047	99836.5	0	0
neutron	939.565	4.01265	99836.5	0	0
neutron	939.565	3.9409	99836.5	0	0
Ne21	19550.5	0.514699	99836.5	0	0
Na24	22341.8	0.210337	99839.3	0	0
neutron	939.565	2.63818	99847.7	0	0
Mn55	51161.7	0.209413	99847.7	0	0
Al28	26058.3	0.186831	99837.7	0	0
proton	938.272	2.38817	99833.1	0	0
neutron	939.565	0.797068	99833.1	0	0
Ne22	20479.7	0.402621	99833.1	0	0
Na24	22341.8	0.204256	99838	0	0
neutron	939.565	30.6328	99842.5	0	0
neutron	939.565	27.3674	99842.5	0	0
proton	938.272	1.99893	99842.5	0	0
Ne21	19550.5	3.76823	99842.5	0	0
Na26	24206.4	0.182965	99840.3	0	0
neutron	939.565	4.11433	99844.4	0	0
proton	938.272	2.6291	99844.4	0	0
Ne22	20479.7	0.133414	99844.4	0	0
proton	938.272	12.4428	99836.1	0	0
neutron	939.565	9.47181	99836.1	0	0
neutron	939.565	1.93288	99836.1	0	0
Mg25	23268	0.778416	99836.1	0	0
Na24	22341.8	0.181475	99838.3	0	0
neutron	939.565	53.9278	99842.2	0	0
proton	938.272	1.66475	99842.2	0	0
neutron	939.565	1.28391	99842.2	0	0
Mg25	23268	2.03033	99842.2	0	0
neutron	939.565	12.0723	99830.2	0	0
neutron	939.565	10.4931	99830.2	0	0
neutron	939.565	9.13562	99830.2	0	0
proton	938.272	2.40654	99830.2	0	0
alpha	3727.38	4.85314	99830.2	0	0
O16	14895.1	3.04213	99830.2	0	0
neutron	939.565	5.81815	99842.7	0	0
Mn55	51161.7	0.0321058	99842.7	0	0
Al28	26058.3	0.165598	99836.9	0	0
neutron	939.565	8.38861	99843.3	0	0
neutron	939.565	2.99543	99843.3	0	0
deuteron	1875.61	19.1718	99843.3	0	0
alpha	3727.38	12.215	99843.3	0	0
alpha	3727.38	0.832559	99843.3	0	0
alpha	3727.38	7.19157	99843.3	0	0
neutron	939.565	7.53894	99837.7	0	0
proton	938.272	5.68536	99837.7	0	0
neutron	939.565	1.12184	99837.7	0	0
Ne21	19550.5	0.240782	99837.7	0	0
neutron	939.565	0.292844	99837.7	0	0
Al27	25126.5	0.197829	99837.7	0	0
neutron	939.565	4.21043	99845.6	0	0
Al27	25126.5	0.0802462	99845.6	0	0
Al28	26058.3	0.162	99837.4	0	0
Al28	26058.3	0.172076	99838.2	0	0
proton	938.272	10.0013	99841.9	0	0
neutron	939.565	5.68145	99841.9	0	0
neutron	939.565	2.89791	99841.9	0	0
neutron	939.565	0.888243	99841.9	0	0
Mg24	22335.8	0.0992996	99841.9	0	0
neutron	939.565	1.15161	99836.3	0	0
Mn55	51161.7	0.0654535	99836.3	0	0
neutron	939.565	30.157	99843.5	0	0
neutron	939.565	17.2481	99843.5	0	0
neutron	939.565	2.66604	99843.5	0	0
Na23	21409.2	3.05682	99843.5	0	0
Na26	24206.4	0.172659	99842.8	0	0
neutron	939.565	3.0702	99841.8	0	0
proton	938.272	1.43622	99841.8	0	0
C14	13040.9	1.04229	99841.8	0	0
neutron	939.565	0.42177	99836.6	0	0
Na23	21409.2	0.177624	99836.6	0	0
neutron	939.565	8.62548	99839.3	0	0
proton	938.272	7.13133	99839.3	0	0
neutron	939.565	0.19907	99839.3	0	0
deuteron	1875.61	12.4823	99839.3	0	0
F19	17692.3	1.66552	99839.3	0	0
proton	938.272	35.4941	99846.4	0	0
neutron	939.565	11.8683	99846.4	0	0
C14	13040.9	5.50434	99846.4	0	0
proton	938.272	2.03755	99844.3	0	0
neutron	939.565	1.77806	99844.3	0	0
Ne22	20479.7	0.0255505	99844.3	0	0
neutron	939.565	0.982898	99845.5	0	0
Mn55	51161.7	0.0226839	99845.5	0	0
neutron	939.565	3.96633	99838.4	0	0
Mn53	49301.8	0.0838038	99838.4	0	0
neutron	939.565	0.433937	99847.3	0	0
Na23	21409.2	0.102718	99847.3	0	0
neutron	939.565	13.6251	99843.1	0	0
proton	938.272	13.6218	99843.1	0	0
neutron	939.565	6.45872	99843.1	0	0
neutron	939.565	0.67896	99843.1	0	0
Mg24	22335.8	0.437123	99843.1	0	0
Na25	23272.4	0.192014	99841.7	0	0
proton	938.272	13.6706	99838	0	0
neutron	939.565	2.54533	99838	0	0
alpha	3727.38	6.74681	99838	0	0
Ne22	20479.7	1.54299	99838	0	0
neutron	939.565	24.8723	99839	0	0
neutron	939.565	4.34019	99839	0	0
deuteron	1875.61	5.06492	99839	0	0
C12	11174.9	1.09236	99839	0	0
Na24	22341.8	0.203345	99840.5	0	0
proton	938.272	10.0542	99838.4	0	0
neutron	939.565	2.88984	99838.4	0	0
C14	13040.9	1.05001	99838.4	0	0
Na25	23272.4	0.178708	99841.2	0	0
Na24	22341.8	0.204149	99836.2	0	0
proton	938.272	9.88166	99845.5	0	0
neutron	939.565	1.94876	99845.5	0	0
neutron	939.565	0.365949	99845.5	0	0
Cr53	49301.7	0.433879	99845.5	0	0
neutron	939.565	25.2608	99843.1	0	0
neutron	939.565	18.9624	99843.1	0	0
proton	938.272	7.54849	99843.1	0	0
Ne21	19550.5	0.480347	99843.1	0	0
Al28	26058.3	0.151474	99831.8	0	0
neutron	939.565	4.12705	99846.8	0	0
proton	938.272	3.36682	99846.8	0	0
neutron	939.565	2.49724	99846.8	0	0
Mg27	25129.6	0.766593	99846.8	0	0
neutron	939.565	0.14715	99836.9	0	0
Mn55	51161.7	0.0986007	99836.9	0	0
Al28	26058.3	0.16516	99835	0	0
deuteron	1875.61	1.56753	99844.5	0	0
Ne22	20479.7	0.372959	99844.5	0	0
neutron	939.565	0.0504083	99848.3	0	0
Na23	21409.2	0.224503	99848.3	0	0
Al28	26058.3	0.185423	99842.3	0	0
neutron	939.565	0.509872	99840.4	0	0
Mn55	51161.7	0.108732	99840.4	0	0
neutron	939.565	18.3741	99836.4	0	0
neutron	939.565	8.86529	99836.4	0	0
proton	938.272	6.98591	99836.4	0	0
Mg25	23268	1.77844	99836.4	0	0
Al28	26058.3	0.180239	99839.4	0	0
neutron	939.565	0.914765	99844.9	0	0
Na23	21409.2	0.153658	99844.9	0	0
neutron	939.565	3.10155	99834.1	0	0
Na23	21409.2	0.241446	99834.1	0	0
N16	14906	0.293071	99843.2	0	0
neutron	939.565	13.6401	99834.8	0	0
neutron	939.565	9.20482	99834.8	0	0
neutron	939.565	6.35837	99834.8	0	0
proton	938.272	6.15609	99834.8	0	0
C12	11174.9	0.594511	99834.8	0	0
neutron	939.565	5.54668	99842.5	0	0
neutron	939.565	0.783606	99842.5	0	0
neutron	939.565	0.55569	99842.5	0	0
Mn53	49301.8	0.0178775	99842.5	0	0
Na26	24206.4	0.184115	99848	0	0
proton	938.272	10.9761	99835.9	0	0
neutron	939.565	8.47369	99835.9	0	0
neutron	939.565	8.27946	99835.9	0	0
neutron	939.565	1.23835	99835.9	0	0
alpha	3727.38	4.40607	99835.9	0	0
O16	14895.1	1.76533	99835.9	0	0
proton	938.272	9.2934	99841.8	0	0
neutron	939.565	1.52916	99841.8	0	0
Ne22	20479.7	0.259884	99841.8	0	0
neutron	939.565	3.64677	99843.2	0	0
proton	938.272	2.8808	99843.2	0	0
Mg26	24196.5	0.189445	99843.2	0	0
Na24	22341.8	0.213217	99840.4	0	0
neutron	939.565	2.94497	99837.1	0	0
Al27	25126.5	0.312093	99837.1	0	0
Al28	26058.3	0.180521	99849.5	0	0
Al28	26058.3	0.178427	99846.9	0	0
alpha	3727.38	7.05781	99843.1	0	0
deuteron	1875.61	2.53423	99843.1	0	0
Ne22	20479.7	1.53481	99843.1	0	0
Na24	22341.8	0.205636	99838.9	0	0
neutron	939.565	1.37203	99834.7	0	0
Na23	21409.2	0.110817	99834.7	0	0
Al28	26058.3	0.179257	99834.8	0	0
proton	938.272	19.4766	99842.8	0	0
neutron	939.565	1.82385	99842.8	0	0
Ne22	20479.7	1.76986	99842.8	0	0
Na24	22341.8	0.217016	99837.7	0	0
neutron	939.565	0.299985	99849.1	0	0
Na23	21409.2	0.139687	99849.1	0	0
neutron	939.565	2.3329	99834.5	0	0
Al27	25126.5	0.0740641	99834.5	0	0
Al28	26058.3	0.187347	99843.4	0	0
proton	938.272	3.80662	99843	0	0
neutron	939.565	1.94815	99843	0	0
neutron	939.565	0.855693	99843	0	0
Ne21	19550.5	0.428122	99843	0	0
Al28	26058.3	0.187856	99834.5	0	0
Na24	22341.8	0.207612	99838.3	0	0
proton	938.272	2.39802	99844.3	0	0
neutron	939.565	0.811399	99844.3	0	0
neutron	939.565	0.21709	99844.3	0	0
Ne21	19550.5	0.081848	99844.3	0	0
neutron	939.565	0.934293	99833	0	0
Na23	21409.2	0.276171	99833	0	0
Al28	26058.3	0.174931	99850.3	0	0
Al28	26058.3	0.183399	99840.2	0	0
neutron	939.565	1.68496	99842.3	0	0
Na23	21409.2	0.082917	99842.3	0	0
Na25	23272.4	0.204885	99838.4	0	0
neutron	939.565	4.5748	99842.2	0	0
neutron	939.565	3.04408	99842.2	0	0
neutron	939.565	0.17836	99842.2	0	0
deuteron	1875.61	26.3406	99842.2	0	0
Ne21	19550.5	3.14755	99842.2	0	0
neutron	939.565	21.7412	99843.9	0	0
proton	938.272	2.18546	99843.9	0	0
Ne22	20479.7	0.92874	99843.9	0	0
neutron	939.565	4.88462	99837.1	0	0
neutron	939.565	2.45773	99837.1	0	0
Al26	24200	0.119867	99837.1	0	0
Al28	26058.3	0.191406	99832.9	0	0
neutron	939.565	2.319	99837.5	0	0
Na23	21409.2	0.346021	99837.5	0	0
Al28	26058.3	0.181949	99835.6	0	0
Na24	22341.8	0.212311	99844.7	0	0
neutron	939.565	2.14314	99840.8	0	0
neutron	939.565	0.253183	99840.8	0	0
neutron	939.565	0.196554	99840.8	0	0
Mn53	49301.8	0.0396172	99840.8	0	0
neutron	939.565	1.11955	99845	0	0
Na23	21409.2	0.16705	99845	0	0
neutron	939.565	11.4753	99834.9	0	0
neutron	939.565	6.30885	99834.9	0	0
neutron	939.565	3.65951	99834.9	0	0
proton	938.272	1.98799	99834.9	0	0
Ne20	18617.7	1.91798	99834.9	0	0
Na26	24206.4	0.184577	99835	0	0
proton	938.272	27.8097	99839.4	0	0
neutron	939.565	3.89368	99839.4	0	0
neutron	939.565	1.959	99839.4	0	0
neutron	939.565	1.29085	99839.4	0	0
Ne20	18617.7	0.931211	99839.4	0	0
Mn56	52094	0.0968602	99833.7	0	0
neutron	939.565	9.8765	99837.2	0	0
proton	938.272	2.85558	99837.2	0	0
neutron	939.565	1.26387	99837.2	0	0
Mg25	23268	0.14716	99837.2	0	0
proton	938.272	13.7122	99836.2	0	0
neutron	939.565	5.81159	99836.2	0	0
neutron	939.565	3.90749	99836.2	0	0
proton	938.272	3.40099	99836.2	0	0
neutron	939.565	1.17742	99836.2	0	0
Na23	21409.2	0.513775	99836.2	0	0
neutron	939.565	14.397	99836.5	0	0
neutron	939.565	0.688402	99836.5	0	0
deuteron	1875.61	2.784	99836.5	0	0
alpha	3727.38	9.57423	99836.5	0	0
Be8	7454.85	2.23279	99836.5	0	0
Na24	22341.8	0.185468	99838.4	0	0
N16	14906	0.289409	99834.6	0	0
neutron	939.565	8.73132	99836.5	0	0
proton	938.272	5.5195	99836.5	0	0
neutron	939.565	2.43076	99836.5	0	0
C13	12109.5	0.612172	99836.5	0	0
neutron	939.565	0.0556775	99845.8	0	0
Al27	25126.5	0.179544	99845.8	0	0
neutron	939.565	1.82019	99842.9	0	0
Na23	21409.2	0.294217	99842.9	0	0
Al28	26058.3	0.181673	99836.7	0	0
Na25	23272.4	0.177503	99838.7	0	0
neutron	939.565	0.483279	99839	0	0
Na23	21409.2	0.299528	99839	0	0
Al28	26058.3	0.185842	99836.9	0	0
neutron	939.565	5.22795	99838.9	0	0
proton	938.272	3.08996	99838.9	0	0
Ne22	20479.7	0.188462	99838.9	0	0
neutron	939.565	0.89969	99838	0	0
N15	13968.9	0.338242	99838	0	0
Na24	22341.8	0.207054	99837.6	0	0
proton	938.272	12.341	99840.7	0	0
proton	938.272	8.94669	99840.7	0	0
neutron	939.565	6.99572	99840.7	0	0
neutron	939.565	6.54757	99840.7	0	0
neutron	939.565	2.13028	99840.7	0	0
alpha	3727.38	3.53258	99840.7	0	0
N15	13968.9	2.03797	99840.7	0	0
neutron	939.565	13.4864	99833.6	0	0
neutron	939.565	3.57613	99833.6	0	0
neutron	939.565	1.1548	99833.6	0	0
Mn53	49301.8	0.224687	99833.6	0	0
neutron	939.565	13.8389	99846.5	0	0
proton	938.272	3.25487	99846.5	0	0
neutron	939.565	0.604459	99846.5	0	0
Mg25	23268	0.530497	99846.5	0	0
Na26	24206.4	0.166878	99835.4	0	0
neutron	939.565	2.12715	99842	0	0
Al27	25126.5	0.388004	99842	0	0
neutron	939.565	2.86572	99837.4	0	0
Na23	21409.2	0.423516	99837.4	0	0
Al28	26058.3	0.178667	99843.7	0	0
Al28	26058.3	0.187726	99838.2	0	0
Al28	26058.3	0.172125	99839.5	0	0
proton	938.272	4.1228	99847.4	0	0
neutron	939.565	3.38004	99847.4	0	0
C14	13040.9	0.151811	99847.4	0	0
Al28	26058.3	0.163025	99842.3	0	0
neutron	939.565	5.16279	99836	0	0
neutron	939.565	1.44866	99836	0	0
N14	13040.2	0.102628	99836	0	0
Na24	22341.8	0.199492	99843.4	0	0
proton	938.272	6.20168	99839	0	0
neutron	939.565	4.52871	99839	0	0
neutron	939.565	2.83885	99839	0	0
C13	12109.5	0.944353	99839	0	0
neutron	939.565	19.4887	99837.6	0	0
proton	938.272	6.56498	99837.6	0	0
neutron	939.565	0.844077	99837.6	0	0
neutron	939.565	0.283124	99837.6	0	0
Ne20	18617.7	2.06312	99837.6	0	0
Na25	23272.4	0.212413	99839.2	0	0
Na24	22341.8	0.204795	99831.3	0	0
Na25	23272.4	0.210185	99834.4	0	0
neutron	939.565	1.52288	99836.2	0	0
neutron	939.565	0.554946	99836.2	0	0
deuteron	1875.61	6.45846	99836.2	0	0
Ne20	18617.7	0.684224	99836.2	0	0
Na24	22341.8	0.204187	99841	0	0
neutron	939.565	8.31859	99843.1	0	0
proton	938.272	4.26225	99843.1	0	0
Mg26	24196.5	0.98479	99843.1	0	0
Al28	26058.3	0.180077	99840.1	0	0
neutron	939.565	0.99882	99835.1	0	0
Na23	21409.2	0.21795	99835.1	0	0
Al28	26058.3	0.171043	99850	0	0
Na24	22341.8	0.207139	99847.6	0	0
neutron	939.565	7.52316	99845.1	0	0
proton	938.272	6.02591	99845.1	0	0
neutron	939.565	4.26468	99845.1	0	0
neutron	939.565	4.03656	99845.1	0	0
neutron	939.565	1.9122	99845.1	0	0
neutron	939.565	0.548127	99845.1	0	0
Cr48	44656.7	0.175814	99845.1	0	0
neutron	939.565	11.9476	99834.4	0	0
proton	938.272	9.8517	99834.4	0	0
neutron	939.565	1.36149	99834.4	0	0
neutron	939.565	0.774229	99834.4	0	0
alpha	3727.38	6.30804	99834.4	0	0
Ne20	18617.7	1.8659	99834.4	0	0
Na24	22341.8	0.215747	99841.6	0	0
deuteron	1875.61	8.25321	99839.7	0	0
alpha	3727.38	18.2385	99839.7	0	0
O18	16762	4.50353	99839.7	0	0
proton	938.272	27.4316	99840.3	0	0
neutron	939.565	15.9477	99840.3	0	0
neutron	939.565	3.75904	99840.3	0	0
neutron	939.565	2.93126	99840.3	0	0
C12	11174.9	2.04898	99840.3	0	0
He3	2808.39	9.30067	99840.4	0	0
F21	19556.7	1.22549	99840.4	0	0
neutron	939.565	0.315477	99837.1	0	0
Na23	21409.2	0.11861	99837.1	0	0
neutron	939.565	2.44101	99840.5	0	0
proton	938.272	2.12678	99840.5	0	0
neutron	939.565	1.98941	99840.5	0	0
Ne21	19550.5	0.22416	99840.5	0	0
proton	938.272	6.33059	99840.8	0	0
neutron	939.565	4.01733	99840.8	0	0
triton	2808.92	2.64103	99840.8	0	0
Na23	21409.2	0.274266	99840.8	0	0
Na24	22341.8	0.19438	99843.5	0	0
neutron	939.565	0.551404	99838.3	0	0
N15	13968.9	0.31771	99838.3	0	0
Na26	24206.4	0.185297	99833	0	0
proton	938.272	64.4137	99840.6	0	0
neutron	939.565	2.49425	99840.6	0	0
Mg26	24196.5	2.43058	99840.6	0	0
neutron	939.565	5.58527	99836.7	0	0
proton	938.272	3.57249	99836.7	0	0
neutron	939.565	1.28358	99836.7	0	0
Ne21	19550.5	1.03236	99836.7	0	0
proton	938.272	21.0311	99850.1	0	0
neutron	939.565	0.701844	99850.1	0	0
Ne22	20479.7	0.7151	99850.1	0	0
neutron	939.565	14.4393	99845.3	0	0
neutron	939.565	7.82454	99845.3	0	0
neutron	939.565	5.20283	99845.3	0	0
proton	938.272	3.3174	99845.3	0	0
C12	11174.9	1.53681	99845.3	0	0
neutron	939.565	25.3898	99834.1	0	0
neutron	939.565	9.37163	99834.1	0	0
proton	938.272	5.41482	99834.1	0	0
Ne21	19550.5	0.224532	99834.1	0	0
Al28	26058.3	0.167787	99837.3	0	0
neutron	939.565	6.90907	99848.6	0	0
neutron	939.565	0.956279	99848.6	0	0
Na24	22341.8	0.401852	99848.6	0	0
neutron	939.565	4.29559	99836.3	0	0
neutron	939.565	3.29035	99836.3	0	0
proton	938.272	1.57847	99836.3	0	0
neutron	939.565	1.28057	99836.3	0	0
Ne20	18617.7	0.333922	99836.3	0	0
neutron	939.565	31.186	99830.5	0	0
neutron	939.565	12.5033	99830.5	0	0
proton	938.272	7.45701	99830.5	0	0
Ne21	19550.5	0.520612	99830.5	0	0
Na24	22341.8	0.198554	99844.2	0	0
Na24	22341.8	0.201798	99842.6	0	0
neutron	939.565	1.7624	99835.1	0	0
Al27	25126.5	0.0549199	99835.1	0	0
neutron	939.565	49.2109	99839	0	0
neutron	939.565	4.37337	99839	0	0
proton	938.272	3.71141	99839	0	0
Ne21	19550.5	2.13166	99839	0	0
neutron	939.565	0.344851	99842.8	0	0
Al27	25126.5	0.235828	99842.8	0	0
Mn56	52094	0.0800411	99847.2	0	0
neutron	939.565	14.7373	99836.2	0	0
proton	938.272	9.30665	99836.2	0	0
Ne22	20479.7	1.20085	99836.2	0	0
neutron	939.565	14.3404	99847.3	0	0
proton	938.272	4.91871	99847.3	0	0
neutron	939.565	2.08965	99847.3	0	0
neutron	939.565	1.22657	99847.3	0	0
C12	11174.9	2.13657	99847.3	0	0
neutron	939.565	18.1222	99843.9	0	0
proton	938.272	2.94115	99843.9	0	0
Mg28	26060.7	0.897295	99843.9	0	0
neutron	939.565	1.23476	99842.1	0	0
triton	2808.92	17.4183	99842.1	0	0
C12	11174.9	6.36304	99842.1	0	0
proton	938.272	13.9737	99841	0	0
neutron	939.565	5.45241	99841	0	0
neutron	939.565	3.09247	99841	0	0
deuteron	1875.61	1.3854	99841	0	0
alpha	3727.38	3.95256	99841	0	0
N15	13968.9	1.91513	99841	0	0
Na24	22341.8	0.217272	99839.3	0	0
neutron	939.565	0.259657	99840.7	0	0
Na24	22341.8	0.286065	99840.7	0	0
neutron	939.565	19.444	99837.6	0	0
neutron	939.565	12.1721	99837.6	0	0
N14	13040.2	2.2726	99837.6	0	0
neutron	939.565	26.4915	99838.2	0	0
proton	938.272	5.04564	99838.2	0	0
neutron	939.565	0.572951	99838.2	0	0
Mg25	23268	0.363972	99838.2	0	0
Na24	22341.8	0.212786	99841.4	0	0
neutron	939.565	0.659845	99844.9	0	0
neutron	939.565	0.410233	99844.9	0	0
deuteron	1875.61	10.4938	99844.9	0	0
C12	11174.9	2.47267	99844.9	0	0
neutron	939.565	37.3526	99838.9	0	0
neutron	939.565	0.129712	99838.9	0	0
deuteron	1875.61	2.11332	99838.9	0	0
C12	11174.9	4.23124	99838.9	0	0
neutron	939.565	2.92917	99841.4	0	0
N15	13968.9	0.50429	99841.4	0	0
neutron	939.565	0.498862	99834	0	0
N15	13968.9	0.293708	99834	0	0
Na24	22341.8	0.17279	99841.3	0	0
N16	14906	0.288394	99833.4	0	0
neutron	939.565	2.27243	99835.1	0	0
Al27	25126.5	0.459391	99835.1	0	0
neutron	939.565	40.1652	99830.6	0	0
neutron	939.565	2.50744	99830.6	0	0
Na23	21409.2	1.61006	99830.6	0	0
neutron	939.565	0.360199	99839.4	0	0
Al27	25126.5	0.151851	99839.4	0	0
Al28	26058.3	0.187736	99842.5	0	0
Na24	22341.8	0.206852	99837.9	0	0
neutron	939.565	3.11585	99841.2	0	0
proton	938.272	2.33474	99841.2	0	0
Ne22	20479.7	0.0705639	99841.2	0	0
Al28	26058.3	0.183279	99844.4	0	0
Na24	22341.8	0.196402	99836.7	0	0
neutron	939.565	0.890301	99844.7	0	0
Al27	25126.5	0.162951	99844.7	0	0
neutron	939.565	2.99321	99837.7	0	0
proton	938.272	2.6724	99837.7	0	0
Ne22	20479.7	0.426722	99837.7	0	0
neutron	939.565	17.7579	99844.4	0	0
proton	938.272	15.888	99844.4	0	0
neutron	939.565	0.638671	99844.4	0	0
neutron	939.565	0.440034	99844.4	0	0
Mg24	22335.8	1.53445	99844.4	0	0
proton	938.272	8.39456	99836.1	0	0
neutron	939.565	1.30237	99836.1	0	0
neutron	939.565	1.01775	99836.1	0	0
neutron	939.565	0.930075	99836.1	0	0
Mg24	22335.8	0.972049	99836.1	0	0
neutron	939.565	17.3096	99843.2	0	0
neutron	939.565	9.28475	99843.2	0	0
proton	938.272	5.53721	99843.2	0	0
neutron	939.565	0.569419	99843.2	0	0
Ne20	18617.7	3.56264	99843.2	0	0
N16	14906	0.294742	99838.2	0	0
proton	938.272	1.55381	99837.1	0	0
neutron	939.565	0.637597	99837.1	0	0
C14	13040.9	0.107446	99837.1	0	0
Na24	22341.8	0.205002	99836	0	0
proton	938.272	4.71681	99837.6	0	0
neutron	939.565	4.00711	99837.6	0	0
Mg26	24196.5	0.534224	99837.6	0	0
Na25	23272.4	0.207439	99834.9	0	0
Na24	22341.8	0.182988	99839.8	0	0
neutron	939.565	6.83247	99833.5	0	0
alpha	3727.38	5.76483	99833.5	0	0
B11	10252.5	0.489865	99833.5	0	0
neutron	939.565	6.06399	99840.5	0	0
neutron	939.565	5.26055	99840.5	0	0
neutron	939.565	2.81571	99840.5	0	0
proton	938.272	2.61123	99840.5	0	0
Ne21	19550.5	0.619458	99840.5	0	0
Al28	26058.3	0.16933	99843.9	0	0
neutron	939.565	16.8722	99846.1	0	0
neutron	939.565	1.80572	99846.1	0	0
Na24	22341.8	0.372326	99846.1	0	0
Na24	22341.8	0.205627	99845.1	0	0
Al28	26058.3	0.191295	99844.5	0	0
neutron	939.565	38.6604	99841.1	0	0
neutron	939.565	18.6303	99841.1	0	0
neutron	939.565	0.507109	99841.1	0	0
Al27	25126.5	1.03535	99841.1	0	0
neutron	939.565	16.3709	99843.8	0	0
proton	938.272	14.5771	99843.8	0	0
neutron	939.565	3.73133	99843.8	0	0
neutron	939.565	2.67425	99843.8	0	0
Mg24	22335.8	0.362457	99843.8	0	0
Al28	26058.3	0.178793	99844.6	0	0
Al28	26058.3	0.165003	99833.6	0	0
neutron	939.565	9.75226	99843.9	0	0
proton	938.272	3.47586	99843.9	0	0
neutron	939.565	0.993718	99843.9	0	0
C13	12109.5	0.93067	99843.9	0	0
O16	14895.1	0.200326	99934	88.1467	87.7238
neutron	939.565	4.63511	99862	0	0
proton	938.272	4.05121	99862	0	0
neutron	939.565	2.81024	99862	0	0
neutron	939.565	1.37299	99862	0	0
alpha	3727.38	5.73754	99862	0	0
O16	14895.1	0.934451	99862	0	0
Al28	26058.3	0.18601	99832	0	0
proton	938.272	37.8443	99847.1	0	0
neutron	939.565	9.95924	99847.1	0	0
neutron	939.565	4.1539	99847.1	0	0
C13	12109.5	1.64415	99847.1	0	0
neutron	939.565	22.1243	99835.4	0	0
neutron	939.565	5.97233	99835.4	0	0
proton	938.272	4.69225	99835.4	0	0
proton	938.272	3.93798	99835.4	0	0
neutron	939.565	2.11272	99835.4	0	0
B11	10252.5	2.12504	99835.4	0	0
Na24	22341.8	0.218017	99835.2	0	0
Al28	26058.3	0.181823	99848.2	0	0
neutron	939.565	52.5692	99836.9	0	0
proton	938.272	2.34382	99836.9	0	0
neutron	939.565	1.00888	99836.9	0	0
Ne22	20479.7	1.98422	99836.9	0	0
neutron	939.565	3.77737	99839	0	0
neutron	939.565	2.69296	99839	0	0
Al28	26058.3	0.0252325	99839	0	0
Na24	22341.8	0.213561	99839.1	0	0
neutron	939.565	31.3994	99844.3	0	0
neutron	939.565	4.5874	99844.3	0	0
Na24	22341.8	1.65054	99844.3	0	0
Na24	22341.8	0.190977	99831.1	0	0
neutron	939.565	14.2413	99833.9	0	0
neutron	939.565	5.73401	99833.9	0	0
proton	938.272	4.44125	99833.9	0	0
C13	12109.5	4.52476	99833.9	0	0
N16	14906	0.293051	99835.5	0	0
proton	938.272	6.98174	99839.1	0	0
neutron	939.565	2.94682	99839.1	0	0
neutron	939.565	1.61908	99839.1	0	0
neutron	939.565	1.50321	99839.1	0	0
C12	11174.9	0.432364	99839.1	0	0
Si28	26053.2	0.141806	99851	19.2839	18.9523
neutron	939.565	7.36079	99840.8	0	0
proton	938.272	1.95924	99840.8	0	0
neutron	939.565	0.146804	99840.8	0	0
C13	12109.5	0.988679	99840.8	0	0
Na24	22341.8	0.193255	99838.2	0	0
neutron	939.565	4.05956	99839.9	0	0
neutron	939.565	1.31709	99839.9	0	0
neutron	939.565	1.00285	99839.9	0	0
Na23	21409.2	0.370675	99839.9	0	0
neutron	939.565	12.032	99834.4	0	0
proton	938.272	4.27465	99834.4	0	0
neutron	939.565	0.994628	99834.4	0	0
Ne21	19550.5	0.960451	99834.4	0	0
Al28	26058.3	0.174563	99846.3	0	0
neutron	939.565	7.3211	99836	0	0
proton	938.272	3.72476	99836	0	0
neutron	939.565	0.236882	99836	0	0
Ne21	19550.5	0.613947	99836	0	0
Na24	22341.8	0.217343	99841	0	0
neutron	939.565	0.132857	99841.8	0	0
Na23	21409.2	0.184063	99841.8	0	0
Na24	22341.8	0.205074	99838.5	0	0
Na24	22341.8	0.216322	99836	0	0
proton	938.272	2.20924	99836.3	0	0
neutron	939.565	1.30595	99836.3	0	0
C14	13040.9	0.201833	99836.3	0	0
neutron	939.565	21.3863	99838.6	0	0
proton	938.272	5.69594	99838.6	0	0
neutron	939.565	3.58831	99838.6	0	0
Ne21	19550.5	0.612815	99838.6	0	0
neutron	939.565	12.333	99836.3	0	0
proton	938.272	8.50567	99836.3	0	0
neutron	939.565	4.29545	99836.3	0	0
alpha	3727.38	9.75447	99836.3	0	0
Ne21	19550.5	3.15088	99836.3	0	0
neutron	939.565	0.362703	99837.1	0	0
Al27	25126.5	0.103541	99837.1	0	0
neutron	939.565	8.98574	99841.4	0	0
alpha	3727.38	7.58937	99841.4	0	0
B11	10252.5	3.59145	99841.4	0	0
Al28	26058.3	0.179582	99834.1	0	0
neutron	939.565	31.4795	99836.5	0	0
neutron	939.565	15.5281	99836.5	0	0
deuteron	1875.61	1.9129	99836.5	0	0
C12	11174.9	2.81379	99836.5	0	0
Al28	26058.3	0.168842	99851.1	0	0
neutron	939.565	14.5536	99848.6	0	0
proton	938.272	5.18664	99848.6	0	0
neutron	939.565	2.50248	99848.6	0	0
neutron	939.565	0.793328	99848.6	0	0
Ne20	18617.7	0.516636	99848.6	0	0
Al28	26058.3	0.185364	99836.9	0	0
Al28	26058.3	0.169923	99848.9	0	0
neutron	939.565	6.48823	99838.8	0	0
neutron	939.565	3.09397	99838.8	0	0
Na22	20482.1	0.0123359	99838.8	0	0
neutron	939.565	11.4683	99841.9	0	0
proton	938.272	7.35392	99841.9	0	0
neutron	939.565	2.53453	99841.9	0	0
neutron	939.565	1.41332	99841.9	0	0
alpha	3727.38	4.09783	99841.9	0	0
O16	14895.1	3.22725	99841.9	0	0
Al28	26058.3	0.177525	99839.2	0	0
Na24	22341.8	0.217264	99841.9	0	0
Na24	22341.8	0.218569	99836.1	0	0
Na24	22341.8	0.201225	99840	0	0
Al28	26058.3	0.182868	99835.3	0	0
neutron	939.565	14.3926	99846.7	0	0
proton	938.272	2.23025	99846.7	0	0
Mg26	24196.5	0.270155	99846.7	0	0
neutron	939.565	44.1287	99831.4	0	0
proton	938.272	13.5675	99831.4	0	0
neutron	939.565	3.03643	99831.4	0	0
neutron	939.565	0.326012	99831.4	0	0
C12	11174.9	2.66657	99831.4	0	0
Mn56	52094	0.0906709	99843.1	0	0
Na24	22341.8	0.213286	99836.7	0	0
neutron	939.565	9.98527	99837	0	0
neutron	939.565	9.73992	99837	0	0
neutron	939.565	3.37165	99837	0	0
proton	938.272	2.4738	99837	0	0
Mg24	22335.8	1.30237	99837	0	0
neutron	939.565	1.06732	99840.3	0	0
Al27	25126.5	0.2743	99840.3	0	0
Al28	26058.3	0.186635	99849.3	0	0
neutron	939.565	9.50156	99847.5	0	0
proton	938.272	4.49583	99847.5	0	0
neutron	939.565	0.0611796	99847.5	0	0
C13	12109.5	1.67787	99847.5	0	0
Na24	22341.8	0.210224	99839	0	0
Al28	26058.3	0.177972	99840.3	0	0
Al28	26058.3	0.173724	99833.9	0	0
Al28	26058.3	0.166627	99842.8	0	0
N16	14906	0.292965	99836.1	0	0
neutron	939.565	3.10053	99848.4	0	0
neutron	939.565	1.21038	99848.4	0	0
N14	13040.2	0.338286	99848.4	0	0
neutron	939.565	16.8644	99833.3	0	0
neutron	939.565	3.12447	99833.3	0	0
N14	13040.2	0.904858	99833.3	0	0
proton	938.272	11.0884	99842.9	0	0
neutron	939.565	2.25675	99842.9	0	0
neutron	939.565	0.0222416	99842.9	0	0
Ne21	19550.5	0.0505883	99842.9	0	0
proton	938.272	5.06323	99838.7	0	0
neutron	939.565	4.25947	99838.7	0	0
Ne22	20479.7	0.450975	99838.7	0	0
Na24	22341.8	0.180068	99845.1	0	0
Na24	22341.8	0.200704	99843.6	0	0
neutron	939.565	23.9086	99838.6	0	0
neutron	939.565	8.77897	99838.6	0	0
neutron	939.565	7.33802	99838.6	0	0
proton	938.272	3.31727	99838.6	0	0
Mg24	22335.8	1.74523	99838.6	0	0
neutron	939.565	12.8784	99842.5	0	0
proton	938.272	2.51815	99842.5	0	0
Mg26	24196.5	0.730434	99842.5	0	0
N16	14906	0.287103	99840.6	0	0
neutron	939.565	2.63038	99842.8	0	0
neutron	939.565	1.63956	99842.8	0	0
Mn54	50232.4	0.0232108	99842.8	0	0
Mn56	52094	0.0828016	99839.5	0	0
Al28	26058.3	0.161896	99829.4	0	0
neutron	939.565	9.54784	99839.8	0	0
neutron	939.565	6.58595	99839.8	0	0
proton	938.272	5.2896	99839.8	0	0
Ne21	19550.5	0.343227	99839.8	0	0
neutron	939.565	19.65	99838.5	0	0
neutron	939.565	6.86237	99838.5	0	0
proton	938.272	5.00558	99838.5	0	0
neutron	939.565	1.41905	99838.5	0	0
Ne20	18617.7	0.395612	99838.5	0	0
neutron	939.565	22.1361	99842.9	0	0
proton	938.272	3.27664	99842.9	0	0
neutron	939.565	0.949131	99842.9	0	0
Ne21	19550.5	1.3413	99842.9	0	0
Al28	26058.3	0.167714	99843.3	0	0
proton	938.272	1.6075	99845.8	0	0
neutron	939.565	0.608055	99845.8	0	0
Ne22	20479.7	0.303905	99845.8	0	0
Al28	26058.3	0.191165	99843.2	0	0
neutron	939.565	27.8236	99843.5	0	0
neutron	939.565	3.16114	99843.5	0	0
deuteron	1875.61	8.59331	99843.5	0	0
alpha	3727.38	4.43481	99843.5	0	0
Be8	7454.85	1.6802	99843.5	0	0
Al28	26058.3	0.167533	99841.9	0	0
neutron	939.565	23.2075	99845.4	0	0
proton	938.272	6.71851	99845.4	0	0
neutron	939.565	5.91553	99845.4	0	0
Ne21	19550.5	2.53114	99845.4	0	0
proton	938.272	16.2214	99838.9	0	0
neutron	939.565	7.24127	99838.9	0	0
proton	938.272	3.90004	99838.9	0	0
neutron	939.565	1.29882	99838.9	0	0
neutron	939.565	0.348058	99838.9	0	0
Na23	21409.2	1.14677	99838.9	0	0
Al28	26058.3	0.188055	99843.1	0	0
Al28	26058.3	0.176931	99843	0	0
neutron	939.565	12.0509	99834.7	0	0
proton	938.272	9.51175	99834.7	0	0
neutron	939.565	8.0077	99834.7	0	0
C13	12109.5	3.64519	99834.7	0	0
neutron	939.565	0.0760209	99835.8	0	0
Na23	21409.2	0.217387	99835.8	0	0
Na24	22341.8	0.197861	99834.7	0	0
neutron	939.565	8.24483	99838.5	0	0
proton	938.272	4.03112	99838.5	0	0
neutron	939.565	0.157896	99838.5	0	0
Mg25	23268	1.07669	99838.5	0	0
neutron	939.565	5.69745	99843.6	0	0
proton	938.272	3.65421	99843.6	0	0
proton	938.272	3.43954	99843.6	0	0
proton	938.272	2.8213	99843.6	0	0
Ne24	22344.8	0.824908	99843.6	0	0
neutron	939.565	10.8064	99837.1	0	0
neutron	939.565	2.66927	99837.1	0	0
N14	13040.2	1.32606	99837.1	0	0
neutron	939.565	19.237	99833.7	0	0
proton	938.272	2.56965	99833.7	0	0
alpha	3727.38	6.87049	99833.7	0	0
Ne22	20479.7	3.58213	99833.7	0	0
Na24	22341.8	0.206159	99832.5	0	0
proton	938.272	4.58454	99834.7	0	0
neutron	939.565	3.71529	99834.7	0	0
Mg26	24196.5	0.0541694	99834.7	0	0
Na26	24206.4	0.179298	99842.4	0	0
proton	938.272	9.6925	99845.3	0	0
neutron	939.565	7.47383	99845.3	0	0
neutron	939.565	4.75691	99845.3	0	0
neutron	939.565	2.40023	99845.3	0	0
alpha	3727.38	6.44222	99845.3	0	0
O16	14895.1	0.496328	99845.3	0	0
Na25	23272.4	0.192289	99846.8	0	0
Mn56	52094	0.0959173	99843.9	0	0
neutron	939.565	8.63379	99834.2	0	0
neutron	939.565	0.790745	99834.2	0	0
deuteron	1875.61	3.71235	99834.2	0	0
Ne20	18617.7	1.29067	99834.2	0	0
Al28	26058.3	0.190553	99835.5	0	0
N16	14906	0.28527	99842.5	0	0
Na24	22341.8	0.219066	99841.9	0	0
proton	938.272	2.5595	99842.6	0	0
neutron	939.565	2.24995	99842.6	0	0
neutron	939.565	2.00209	99842.6	0	0
Ne21	19550.5	0.0332147	99842.6	0	0
neutron	939.565	3.72895	99836	0	0
proton	938.272	3.63442	99836	0	0
neutron	939.565	3.01756	99836	0	0
neutron	939.565	0.439836	99836	0	0
Mg24	22335.8	0.0939946	99836	0	0
neutron	939.565	15.5555	99841.1	0	0
neutron	939.565	3.73923	99841.1	0	0
neutron	939.565	2.83656	99841.1	0	0
deuteron	1875.61	3.61161	99841.1	0	0
Ne20	18617.7	1.37514	99841.1	0	0
neutron	939.565	0.415281	99842.3	0	0
N15	13968.9	0.147172	99842.3	0	0
neutron	939.565	15.6044	99837.1	0	0
proton	938.272	6.55843	99837.1	0	0
Mg26	24196.5	0.280256	99837.1	0	0
Al28	26058.3	0.171743	99840.5	0	0
neutron	939.565	18.1383	99846.3	0	0
proton	938.272	11.8937	99846.3	0	0
neutron	939.565	2.2885	99846.3	0	0
C13	12109.5	4.10343	99846.3	0	0
neutron	939.565	0.664067	99842	0	0
Na23	21409.2	0.297568	99842	0	0
Na24	22341.8	0.214198	99841.2	0	0
triton	2808.92	28.4524	99844.7	0	0
C13	12109.5	6.17159	99844.7	0	0
Al28	26058.3	0.164911	99838.5	0	0
Al28	26058.3	0.176651	99835.7	0	0
Al28	26058.3	0.158667	99838.2	0	0
Na24	22341.8	0.202456	99844.8	0	0
neutron	939.565	15.1559	99844	0	0
neutron	939.565	5.12174	99844	0	0
proton	938.272	1.4385	99844	0	0
neutron	939.565	1.16597	99844	0	0
Ne22	20479.7	0.996959	99844	0	0
Al28	26058.3	0.183463	99839.8	0	0
neutron	939.565	0.345321	99833.3	0	0
Al27	25126.5	0.102454	99833.3	0	0
Al28	26058.3	0.170096	99840.3	0	0
neutron	939.565	1.12887	99838.1	0	0
Al27	25126.5	0.244384	99838.1	0	0
neutron	939.565	13.0046	99841	0	0
proton	938.272	5.42934	99841	0	0
neutron	939.565	3.64549	99841	0	0
neutron	939.565	3.32702	99841	0	0
neutron	939.565	0.745376	99841	0	0
Cr51	47442.5	0.155842	99841	0	0
Al28	26058.3	0.161898	99843.7	0	0
Na25	23272.4	0.189191	99843.8	0	0
neutron	939.565	2.21141	99838.3	0	0
N15	13968.9	0.696629	99838.3	0	0
Al28	26058.3	0.173276	99845.1	0	0
Na24	22341.8	0.202497	99839.7	0	0
Al28	26058.3	0.168831	99837.2	0	0
Na24	22341.8	0.208589	99845.4	0	0
Na24	22341.8	0.216861	99845.7	0	0
Na24	22341.8	0.19291	99846	0	0
proton	938.272	12.7708	99837.7	0	0
neutron	939.565	3.83618	99837.7	0	0
alpha	3727.38	4.02373	99837.7	0	0
O18	16762	3.65936	99837.7	0	0
neutron	939.565	5.37864	99835.5	0	0
neutron	939.565	0.615511	99835.5	0	0
N14	13040.2	1.63738	99835.5	0	0
proton	938.272	9.96622	99835.7	0	0
neutron	939.565	1.90263	99835.7	0	0
neutron	939.565	1.61118	99835.7	0	0
neutron	939.565	1.52707	99835.7	0	0
Ne20	18617.7	0.532952	99835.7	0	0
neutron	939.565	4.66629	99833.6	0	0
neutron	939.565	2.6691	99833.6	0	0
N14	13040.2	0.858774	99833.6	0	0
Na24	22341.8	0.189077	99837.1	0	0
neutron	939.565	31.8032	99843.8	0	0
proton	938.272	6.19717	99843.8	0	0
proton	938.272	3.92486	99843.8	0	0
Na25	23272.4	1.77538	99843.8	0	0
Al28	26058.3	0.183579	99837.1	0	0
neutron	939.565	2.68376	99842	0	0
Na23	21409.2	0.399639	99842	0	0
Na24	22341.8	0.193686	99843.6	0	0
Na24	22341.8	0.195365	99836.3	0	0
Al28	26058.3	0.190204	99830.2	0	0
Al28	26058.3	0.190034	99844	0	0
Na24	22341.8	0.217405	99837	0	0
neutron	939.565	8.96748	99837.2	0	0
proton	938.272	3.23895	99837.2	0	0
neutron	939.565	1.90175	99837.2	0	0
deuteron	1875.61	2.04098	99837.2	0	0
Na23	21409.2	0.16973	99837.2	0	0
Al28	26058.3	0.190956	99835.9	0	0
proton	938.272	5.69872	99839.7	0	0
proton	938.272	3.7599	99839.7	0	0
neutron	939.565	3.30918	99839.7	0	0
neutron	939.565	2.85524	99839.7	0	0
triton	2808.92	4.21233	99839.7	0	0
O17	15830.5	1.93497	99839.7	0	0
Na25	23272.4	0.215746	99834.8	0	0
neutron	939.565	6.332	99837.6	0	0
neutron	939.565	2.82164	99837.6	0	0
neutron	939.565	1.56298	99837.6	0	0
Mn53	49301.8	0.536772	99837.6	0	0
neutron	939.565	19.9261	99834	0	0
neutron	939.565	0.704788	99834	0	0
deuteron	1875.61	1.52759	99834	0	0
C12	11174.9	2.33484	99834	0	0
proton	938.272	7.42993	99833.6	0	0
neutron	939.565	1.10304	99833.6	0	0
alpha	3727.38	10.5192	99833.6	0	0
Ne22	20479.7	1.55307	99833.6	0	0
Na24	22341.8	0.185288	99837.4	0	0
Al28	26058.3	0.181583	99831.9	0	0
proton	938.272	22.2387	99847.2	0	0
neutron	939.565	7.11331	99847.2	0	0
neutron	939.565	4.83148	99847.2	0	0
C13	12109.5	1.99264	99847.2	0	0
Na24	22341.8	0.196615	99838.4	0	0
neutron	939.565	27.7233	99844.6	0	0
proton	938.272	16.032	99844.6	0	0
proton	938.272	2.52142	99844.6	0	0
Na25	23272.4	0.480772	99844.6	0	0
Na24	22341.8	0.202231	99843.7	0	0
Mn54	50232.4	0.0892693	99845.4	0	0
neutron	939.565	21.9677	99840.2	0	0
neutron	939.565	9.92933	99840.2	0	0
proton	938.272	7.20395	99840.2	0	0
neutron	939.565	3.37185	99840.2	0	0
C12	11174.9	0.671919	99840.2	0	0
Al28	26058.3	0.1549	99845.6	0	0
Na24	22341.8	0.206656	99846.2	0	0
Al28	26058.3	0.187663	99837.1	0	0
Na24	22341.8	0.20248	99843.9	0	0
Mn56	52094	0.0958903	99842.1	0	0
Na24	22341.8	0.197607	99840.4	0	0
proton	938.272	5.6785	99837.7	0	0
Mg27	25129.6	0.38699	99837.7	0	0
neutron	939.565	6.4093	99841.5	0	0
proton	938.272	4.04554	99841.5	0	0
neutron	939.565	2.52165	99841.5	0	0
Cr53	49301.7	0.682477	99841.5	0	0
N16	14906	0.28825	99838.1	0	0
proton	938.272	42.7979	99842.6	0	0
neutron	939.565	3.16234	99842.6	0	0
neutron	939.565	2.40325	99842.6	0	0
neutron	939.565	0.642866	99842.6	0	0
Ne20	18617.7	0.877454	99842.6	0	0
proton	938.272	16.0499	99844.6	0	0
neutron	939.565	2.14003	99844.6	0	0
neutron	939.565	1.77168	99844.6	0	0
C13	12109.5	3.16566	99844.6	0	0
neutron	939.565	4.76424	99842.6	0	0
neutron	939.565	4.48761	99842.6	0	0
deuteron	1875.61	4.12323	99842.6	0	0
alpha	3727.38	1.92564	99842.6	0	0
Be8	7454.85	3.66473	99842.6	0	0
neutron	939.565	0.912683	99841.6	0	0
Na23	21409.2	0.35673	99841.6	0	0
N16	14906	0.297438	99841.8	0	0
neutron	939.565	4.51936	99841.8	0	0
proton	938.272	3.43302	99841.8	0	0
neutron	939.565	2.10139	99841.8	0	0
C13	12109.5	1.51515	99841.8	0	0
Na24	22341.8	0.196866	99837.7	0	0
neutron	939.565	3.97303	99835.7	0	0
Na23	21409.2	0.357903	99835.7	0	0
neutron	939.565	6.3162	99836.9	0	0
proton	938.272	5.44126	99836.9	0	0
neutron	939.565	0.536776	99836.9	0	0
C13	12109.5	2.24601	99836.9	0	0
Al28	26058.3	0.188475	99843.1	0	0
neutron	939.565	6.3712	99837.7	0	0
neutron	939.565	5.02015	99837.7	0	0
proton	938.272	3.40045	99837.7	0	0
neutron	939.565	2.28729	99837.7	0	0
Ne20	18617.7	0.0264691	99837.7	0	0
N16	14906	0.29566	99837.7	0	0
neutron	939.565	5.57617	99838.7	0	0
Al29	26988.5	0.45164	99838.7	0	0
proton	938.272	6.07123	99839.1	0	0
neutron	939.565	2.15589	99839.1	0	0
neutron	939.565	1.74779	99839.1	0	0
neutron	939.565	0.284241	99839.1	0	0
alpha	3727.38	9.12663	99839.1	0	0
O16	14895.1	1.49488	99839.1	0	0
neutron	939.565	9.75953	99835.3	0	0
neutron	939.565	3.03392	99835.3	0	0
N14	13040.2	0.690418	99835.3	0	0
proton	938.272	41.2698	99841.1	0	0
neutron	939.565	1.90907	99841.1	0	0
C14	13040.9	2.67195	99841.1	0	0
Na24	22341.8	0.217513	99832.8	0	0
Na25	23272.4	0.21656	99843.3	0	0
proton	938.272	3.29183	99847.7	0	0
neutron	939.565	2.57097	99847.7	0	0
neutron	939.565	1.92827	99847.7	0	0
Mg25	23268	0.0906029	99847.7	0	0
Al28	26058.3	0.153333	99844	0	0
Na24	22341.8	0.210625	99835.3	0	0
proton	938.272	10.5232	99839.1	0	0
neutron	939.565	4.07965	99839.1	0	0
neutron	939.565	3.00429	99839.1	0	0
Mg25	23268	0.825755	99839.1	0	0
Mg24	22335.8	0.174091	99993.8	127.233	126.929
Mn56	52094	0.0939148	99842.9	0	0
neutron	939.565	14.1461	99842.5	0	0
neutron	939.565	10.4127	99842.5	0	0
proton	938.272	2.37261	99842.5	0	0
Mg26	24196.5	0.601743	99842.5	0	0
Al28	26058.3	0.159759	99838.1	0	0
neutron	939.565	15.5801	99844.6	0	0
proton	938.272	6.20567	99844.6	0	0
neutron	939.565	0.294296	99844.6	0	0
Ne21	19550.5	1.35018	99844.6	0	0
proton	938.272	24.5331	99835.8	0	0
neutron	939.565	3.64014	99835.8	0	0
neutron	939.565	2.8938	99835.8	0	0
neutron	939.565	0.901265	99835.8	0	0
C12	11174.9	0.680776	99835.8	0	0
neutron	939.565	3.17452	99842.4	0	0
neutron	939.565	2.8057	99842.4	0	0
neutron	939.565	2.22497	99842.4	0	0
N13	12111.2	0.132732	99842.4	0	0
proton	938.272	8.60168	99843.4	0	0
neutron	939.565	1.20224	99843.4	0	0
neutron	939.565	0.670179	99843.4	0	0
Mg25	23268	0.845732	99843.4	0	0
Al28	26058.3	0.180692	99835.9	0	0
neutron	939.565	1.00337	99847.4	0	0
Na23	21409.2	0.191947	99847.4	0	0
proton	938.272	7.984	99839.1	0	0
neutron	939.565	2.70001	99839.1	0	0
C14	13040.9	0.646957	99839.1	0	0
neutron	939.565	0.775888	99850.8	0	0
Na23	21409.2	0.374474	99850.8	0	0
neutron	939.565	0.734456	99843.5	0	0
N15	13968.9	0.402165	99843.5	0	0
neutron	939.565	25.8359	99833.4	0	0
neutron	939.565	18.1229	99833.4	0	0
neutron	939.565	0.769405	99833.4	0	0
Na23	21409.2	0.198757	99833.4	0	0
Mn56	52094	0.092492	99835.4	0	0
Al29	26988.5	0.174308	99837.3	0	0
neutron	939.565	1.18989	99836	0	0
Na23	21409.2	0.252583	99836	0	0
Na26	24206.4	0.18395	99838.5	0	0
neutron	939.565	1.17368	99837.7	0	0
Na25	23272.4	0.0649203	99837.7	0	0
Mn56	52094	0.092001	99843.3	0	0
neutron	939.565	0.829615	99835.3	0	0
Mn55	51161.7	0.0296182	99835.3	0	0
Al28	26058.3	0.185134	99837.9	0	0
neutron	939.565	1.31564	99837.5	0	0
neutron	939.565	0.613143	99837.5	0	0
Na24	22341.8	0.110377	99837.5	0	0
deuteron	1875.61	5.1019	99840.3	0	0
alpha	3727.38	4.72857	99840.3	0	0
O18	16762	2.02846	99840.3	0	0
neutron	939.565	4.79432	99847.3	0	0
neutron	939.565	2.84869	99847.3	0	0
deuteron	1875.61	3.27126	99847.3	0	0
alpha	3727.38	5.58854	99847.3	0	0
O16	14895.1	0.635493	99847.3	0	0
Al28	26058.3	0.175505	99847.4	0	0
neutron	939.565	16.3583	99844	0	0
proton	938.272	2.44834	99844	0	0
Ne22	20479.7	0.627428	99844	0	0
Al28	26058.3	0.188249	99836.7	0	0
proton	938.272	33.7441	99832.5	0	0
neutron	939.565	8.01808	99832.5	0	0
neutron	939.565	2.6906	99832.5	0	0
Ne22	20479.7	0.569153	99832.5	0	0
neutron	939.565	4.92891	99845.8	0	0
Na25	23272.4	0.278573	99845.8	0	0
neutron	939.565	36.228	99846.3	0	0
proton	938.272	4.21513	99846.3	0	0
triton	2808.92	6.21445	99846.3	0	0
B11	10252.5	3.60298	99846.3	0	0
neutron	939.565	9.71524	99838.4	0	0
neutron	939.565	2.07937	99838.4	0	0
Na23	21409.2	1.29359	99838.4	0	0
proton	938.272	13.142	99838.1	0	0
neutron	939.565	1.41016	99838.1	0	0
neutron	939.565	0.630248	99838.1	0	0
Ne21	19550.5	0.712373	99838.1	0	0
Na24	22341.8	0.207928	99841.5	0	0
neutron	939.565	4.57393	99838.8	0	0
neutron	939.565	2.12316	99838.8	0	0
Na24	22341.8	0.663731	99838.8	0	0
neutron	939.565	7.19687	99833.5	0	0
N15	13968.9	1.41687	99833.5	0	0
neutron	939.565	1.05719	99842.7	0	0
Al27	25126.5	0.0905828	99842.7	0	0
Na24	22341.8	0.210912	99832.6	0	0
neutron	939.565	23.3639	99838	0	0
proton	938.272	2.37458	99838	0	0
Mg26	24196.5	1.01149	99838	0	0
neutron	939.565	29.201	99832.2	0	0
neutron	939.565	28.3558	99832.2	0	0
deuteron	1875.61	3.65887	99832.2	0	0
C12	11174.9	0.312446	99832.2	0	0
neutron	939.565	0.871491	99838.3	0	0
N15	13968.9	0.153511	99838.3	0	0
neutron	939.565	2.44002	99841.3	0	0
N15	13968.9	0.0756099	99841.3	0	0
Al28	26058.3	0.167336	99839	0	0
Al28	26058.3	0.184335	99840.3	0	0
Al28	26058.3	0.190017	99845.7	0	0
neutron	939.565	0.852101	99837.5	0	0
Na23	21409.2	0.209265	99837.5	0	0
neutron	939.565	4.27495	99838.3	0	0
triton	2808.92	6.99568	99838.3	0	0
alpha	3727.38	7.84751	99838.3	0	0
O16	14895.1	0.643521	99838.3	0	0
neutron	939.565	23.562	99841.9	0	0
proton	938.272	22.7291	99841.9	0	0
alpha	3727.38	7.6439	99841.9	0	0
Ne22	20479.7	2.14387	99841.9	0	0
proton	938.272	5.73265	99834.7	0	0
neutron	939.565	1.33408	99834.7	0	0
alpha	3727.38	6.54359	99834.7	0	0
O18	16762	2.97654	99834.7	0	0
neutron	939.565	22.5233	99833.3	0	0
neutron	939.565	8.3314	99833.3	0	0
proton	938.272	3.77239	99833.3	0	0
Ne21	19550.5	1.61958	99833.3	0	0
Na26	24206.4	0.162752	99837.9	0	0
Na24	22341.8	0.206684	99847.6	0	0
Na24	22341.8	0.201678	99844.5	0	0
Na24	22341.8	0.208243	99842.7	0	0
Al28	26058.3	0.174149	99845.9	0	0
Mn56	52094	0.0934924	99837.1	0	0
neutron	939.565	0.342506	99843.5	0	0
Na23	21409.2	0.165543	99843.5	0	0
Na26	24206.4	0.182687	99840.6	0	0
Na24	22341.8	0.186824	99838.4	0	0
Na24	22341.8	0.186058	99839.1	0	0
Na24	22341.8	0.212023	99838.3	0	0
neutron	939.565	3.17756	99843.4	0	0
Al27	25126.5	0.212031	99843.4	0	0
neutron	939.565	3.98372	99840.6	0	0
Al27	25126.5	0.0488545	99840.6	0	0
Al28	26058.3	0.186804	99838.1	0	0
neutron	939.565	2.27088	99838.9	0	0
N15	13968.9	0.158724	99838.9	0	0
Al28	26058.3	0.179555	99842.3	0	0
Al28	26058.3	0.182869	99848.9	0	0
Mn56	52094	0.0812148	99842.1	0	0
N16	14906	0.292717	99834.8	0	0
neutron	939.565	6.92783	99840.5	0	0
Al27	25126.5	0.58347	99840.5	0	0
Al28	26058.3	0.182732	99833.4	0	0
Al28	26058.3	0.191201	99849.9	0	0
Al29	26988.5	0.176948	99842.5	0	0
proton	938.272	6.94164	99842.2	0	0
neutron	939.565	0.303121	99842.2	0	0
Ne23	21414.1	0.44472	99842.2	0	0
Al28	26058.3	0.172743	99846.1	0	0
neutron	939.565	23.6475	99834.3	0	0
proton	938.272	8.8619	99834.3	0	0
neutron	939.565	4.57853	99834.3	0	0
neutron	939.565	3.46	99834.3	0	0
Mg24	22335.8	0.564333	99834.3	0	0
N16	14906	0.298712	99836.1	0	0
proton	938.272	36.2004	99838	0	0
neutron	939.565	6.86961	99838	0	0
neutron	939.565	1.84522	99838	0	0
Mg25	23268	1.25907	99838	0	0
proton	938.272	6.24869	99844.4	0	0
neutron	939.565	1.53367	99844.4	0	0
neutron	939.565	1.41992	99844.4	0	0
Cr53	49301.7	0.282286	99844.4	0	0
neutron	939.565	4.97248	99833.6	0	0
proton	938.272	4.69863	99833.6	0	0
alpha	3727.38	4.96068	99833.6	0	0
O18	16762	2.95976	99833.6	0	0
neutron	939.565	0.37863	99843.2	0	0
Al27	25126.5	0.187793	99843.2	0	0
Na24	22341.8	0.215148	99844.1	0	0
Mn56	52094	0.0910232	99842.4	0	0
Al28	26058.3	0.182895	99848.1	0	0
neutron	939.565	13.3365	99840.2	0	0
proton	938.272	9.29817	99840.2	0	0
neutron	939.565	6.34022	99840.2	0	0
neutron	939.565	4.34464	99840.2	0	0
C12	11174.9	0.91057	99840.2	0	0
Al28	26058.3	0.186205	99837.2	0	0
neutron	939.565	0.226354	99839.1	0	0
N15	13968.9	0.276103	99839.1	0	0
neutron	939.565	4.58158	99836.3	0	0
proton	938.272	3.43465	99836.3	0	0
neutron	939.565	2.24086	99836.3	0	0
deuteron	1875.61	5.96941	99836.3	0	0
Na23	21409.2	0.386049	99836.3	0	0
Na24	22341.8	0.203318	99845	0	0
N16	14906	0.290978	99831.2	0	0
Na25	23272.4	0.1753	99841.7	0	0
neutron	939.565	0.0719303	99837.1	0	0
Na23	21409.2	0.238667	99837.1	0	0
Mg24	22335.8	0.132607	99914.1	72.6236	72.2768
neutron	939.565	5.1532	99841.9	0	0
neutron	939.565	0.764049	99841.9	0	0
Na24	22341.8	0.392	99841.9	0	0
neutron	939.565	1.56095	99844.3	0	0
Al27	25126.5	0.0822092	99844.3	0	0
neutron	939.565	12.8178	99843.6	0	0
proton	938.272	5.96355	99843.6	0	0
neutron	939.565	2.35146	99843.6	0	0
neutron	939.565	0.694822	99843.6	0	0
Mg24	22335.8	1.48544	99843.6	0	0
proton	938.272	36.8303	99839.9	0	0
neutron	939.565	3.56823	99839.9	0	0
neutron	939.565	2.69011	99839.9	0	0
Ne21	19550.5	2.08743	99839.9	0	0
deuteron	1875.61	6.16937	99843.9	0	0
Ne22	20479.7	0.277845	99843.9	0	0
Na24	22341.8	0.209026	99837.2	0	0
neutron	939.565	17.4346	99839.9	0	0
neutron	939.565	5.9012	99839.9	0	0
proton	938.272	5.5731	99839.9	0	0
neutron	939.565	2.66915	99839.9	0	0
Cr52	48370	0.922337	99839.9	0	0
proton	938.272	2.93511	99836.1	0	0
neutron	939.565	2.46267	99836.1	0	0
Ne22	20479.7	0.206553	99836.1	0	0
neutron	939.565	28.7433	99840.5	0	0
neutron	939.565	13.6938	99840.5	0	0
Na23	21409.2	0.65557	99840.5	0	0
Na24	22341.8	0.19634	99835	0	0
neutron	939.565	6.04917	99832.6	0	0
proton	938.272	1.05768	99832.6	0	0
neutron	939.565	0.712227	99832.6	0	0
C13	12109.5	0.713016	99832.6	0	0
proton	938.272	14.5905	99839.9	0	0
neutron	939.565	1.70737	99839.9	0	0
Ne22	20479.7	0.521397	99839.9	0	0
proton	938.272	19.054	99843.9	0	0
neutron	939.565	8.69915	99843.9	0	0
neutron	939.565	6.01654	99843.9	0	0
neutron	939.565	1.06117	99843.9	0	0
Ne20	18617.7	0.247394	99843.9	0	0
neutron	939.565	8.20646	99840.6	0	0
proton	938.272	4.73915	99840.6	0	0
Ne22	20479.7	0.840439	99840.6	0	0
Na24	22341.8	0.203898	99842.6	0	0
Na24	22341.8	0.210913	99838.7	0	0
Mn56	52094	0.0926773	99841.5	0	0
proton	938.272	6.49499	99837	0	0
neutron	939.565	4.95737	99837	0	0
neutron	939.565	3.39199	99837	0	0
neutron	939.565	1.85779	99837	0	0
alpha	3727.38	5.89701	99837	0	0
O16	14895.1	2.85709	99837	0	0
neutron	939.565	2.97726	99841.3	0	0
proton	938.272	2.6875	99841.3	0	0
Mg26	24196.5	0.0781685	99841.3	0	0
proton	938.272	18.7454	99836.1	0	0
neutron	939.565	16.0748	99836.1	0	0
neutron	939.565	2.19635	99836.1	0	0
Ne21	19550.5	1.74677	99836.1	0	0
Mn56	52094	0.095085	99839.7	0	0
neutron	939.565	13.6805	99842	0	0
neutron	939.565	10.7675	99842	0	0
neutron	939.565	2.84781	99842	0	0
N15	13968.9	2.2401	99842	0	0
Al28	26058.3	0.190344	99841.5	0	0
neutron	939.565	0.0257333	99840.6	0	0
Na24	22341.8	0.209445	99840.6	0	0
neutron	939.565	8.74575	99838.9	0	0
proton	938.272	5.89503	99838.9	0	0
neutron	939.565	5.40717	99838.9	0	0
C13	12109.5	4.02668	99838.9	0	0
Al28	26058.3	0.191033	99838.3	0	0
neutron	939.565	3.1068	99836.1	0	0
Mn55	51161.7	0.221209	99836.1	0	0
Si28	26053.2	0.229045	99979.8	119.306	119.051
Na24	22341.8	0.191346	99829.7	0	0
Na24	22341.8	0.213424	99837.6	0	0
neutron	939.565	8.93851	99839.5	0	0
neutron	939.565	6.44511	99839.5	0	0
deuteron	1875.61	7.42111	99839.5	0	0
Mg24	22335.8	0.176718	99839.5	0	0
neutron	939.565	3.72974	99846.1	0	0
Na23	21409.2	0.441784	99846.1	0	0
neutron	939.565	15.0061	99834.9	0	0
proton	938.272	3.21671	99834.9	0	0
neutron	939.565	2.04109	99834.9	0	0
C13	12109.5	3.24483	99834.9	0	0
proton	938.272	5.37632	99839.9	0	0
neutron	939.565	4.20547	99839.9	0	0
neutron	939.565	0.791952	99839.9	0	0
Mg25	23268	0.160135	99839.9	0	0
proton	938.272	16.6624	99845	0	0
neutron	939.565	8.15659	99845	0	0
neutron	939.565	2.06282	99845	0	0
Ne21	19550.5	0.895243	99845	0	0
neutron	939.565	7.78967	99842.9	0	0
neutron	939.565	7.39468	99842.9	0	0
proton	938.272	7.08756	99842.9	0	0
Mg26	24196.5	1.44193	99842.9	0	0
neutron	939.565	1.29884	99845.3	0	0
neutron	939.565	0.633629	99845.3	0	0
neutron	939.565	0.337224	99845.3	0	0
Mn53	49301.8	0.129704	99845.3	0	0
Na24	22341.8	0.19626	99835.7	0	0
neutron	939.565	5.25063	99833.6	0	0
proton	938.272	4.03927	99833.6	0	0
Ne22	20479.7	0.267317	99833.6	0	0
proton	938.272	7.64365	99844.8	0	0
neutron	939.565	2.0483	99844.8	0	0
neutron	939.565	1.9479	99844.8	0	0
Ne21	19550.5	0.305998	99844.8	0	0
proton	938.272	25.5992	99849.2	0	0
neutron	939.565	2.7749	99849.2	0	0
neutron	939.565	1.5934	99849.2	0	0
C13	12109.5	0.651633	99849.2	0	0
neutron	939.565	9.65117	99839.8	0	0
proton	938.272	4.21108	99839.8	0	0
Ne22	20479.7	0.74674	99839.8	0	0
Al28	26058.3	0.182145	99836.4	0	0
neutron	939.565	24.6038	99850.1	0	0
neutron	939.565	0.628371	99850.1	0	0
N14	13040.2	1.08042	99850.1	0	0
Na25	23272.4	0.174233	99853.8	0	0
neutron	939.565	1.53675	99839.5	0	0
neutron	939.565	0.820025	99839.5	0	0
Mn54	50232.4	0.201368	99839.5	0	0
proton	938.272	9.37863	99833.8	0	0
neutron	939.565	4.2798	99833.8	0	0
neutron	939.565	3.80314	99833.8	0	0
neutron	939.565	2.5554	99833.8	0	0
alpha	3727.38	7.46455	99833.8	0	0
alpha	3727.38	6.38	99833.8	0	0
C12	11174.9	0.332964	99833.8	0	0
Na24	22341.8	0.193709	99831.7	0	0
neutron	939.565	30.6977	99842.4	0	0
proton	938.272	13.0864	99842.4	0	0
Ne22	20479.7	2.76188	99842.4	0	0
neutron	939.565	31.4351	99839.8	0	0
neutron	939.565	11.7973	99839.8	0	0
proton	938.272	2.67834	99839.8	0	0
neutron	939.565	0.823136	99839.8	0	0
C12	11174.9	1.42578	99839.8	0	0
Al28	26058.3	0.177283	99834.4	0	0
proton	938.272	4.69698	99844.6	0	0
neutron	939.565	3.24964	99844.6	0	0
neutron	939.565	1.00197	99844.6	0	0
Ne21	19550.5	0.3566	99844.6	0	0
Mn56	52094	0.0909405	99836	0	0
O16	14895.1	0.806663	99870.4	44.9063	43.922
neutron	939.565	15.3014	99873.5	0	0
proton	938.272	3.55246	99873.5	0	0
neutron	939.565	3.00297	99873.5	0	0
neutron	939.565	1.90715	99873.5	0	0
C14	13040.9	0.688574	99873.5	0	0
proton	938.272	17.7847	99839.1	0	0
neutron	939.565	2.94281	99839.1	0	0
neutron	939.565	2.87771	99839.1	0	0
neutron	939.565	2.40115	99839.1	0	0
proton	938.272	1.91049	99839.1	0	0
Na23	21409.2	0.625658	99839.1	0	0
proton	938.272	4.39519	99844.7	0	0
neutron	939.565	3.95074	99844.7	0	0
neutron	939.565	0.685726	99844.7	0	0
Mg25	23268	0.531501	99844.7	0	0
Al28	26058.3	0.158897	99851.8	0	0
proton	938.272	4.64417	99847.2	0	0
neutron	939.565	2.91631	99847.2	0	0
neutron	939.565	1.97365	99847.2	0	0
Ne21	19550.5	0.268361	99847.2	0	0
Na24	22341.8	0.214561	99836.2	0	0
Na24	22341.8	0.200124	99838.7	0	0
Na24	22341.8	0.195449	99843.3	0	0
Na24	22341.8	0.21869	99842.7	0	0
neutron	939.565	5.52386	99836.6	0	0
neutron	939.565	0.521252	99836.6	0	0
Na22	20482.1	0.258141	99836.6	0	0
deuteron	1875.61	3.73656	99841.2	0	0
alpha	3727.38	7.1652	99841.2	0	0
alpha	3727.38	7.48091	99841.2	0	0
O18	16762	1.56608	99841.2	0	0
neutron	939.565	9.96458	99837.5	0	0
proton	938.272	4.5116	99837.5	0	0
neutron	939.565	2.22386	99837.5	0	0
neutron	939.565	0.718968	99837.5	0	0
alpha	3727.38	8.2849	99837.5	0	0
O16	14895.1	1.57945	99837.5	0	0
neutron	939.565	10.7237	99835.3	0	0
proton	938.272	6.27353	99835.3	0	0
neutron	939.565	4.74721	99835.3	0	0
neutron	939.565	3.38419	99835.3	0	0
Mg24	22335.8	0.387391	99835.3	0	0
proton	938.272	10.2161	99841.9	0	0
neutron	939.565	8.00083	99841.9	0	0
neutron	939.565	2.65217	99841.9	0	0
neutron	939.565	1.61916	99841.9	0	0
Mg24	22335.8	1.3141	99841.9	0	0
Na24	22341.8	0.20268	99846.1	0	0
neutron	939.565	23.1872	99838.9	0	0
neutron	939.565	2.30249	99838.9	0	0
proton	938.272	1.95089	99838.9	0	0
neutron	939.565	0.88303	99838.9	0	0
C12	11174.9	0.862521	99838.9	0	0
neutron	939.565	12.1253	99836	0	0
triton	2808.92	11.6452	99836	0	0
alpha	3727.38	5.11653	99836	0	0
Be8	7454.85	6.71568	99836	0	0
proton	938.272	6.43471	99843.7	0	0
neutron	939.565	3.21621	99843.7	0	0
neutron	939.565	1.42707	99843.7	0	0
neutron	939.565	0.591453	99843.7	0	0
Cr52	48370	0.0234138	99843.7	0	0
N16	14906	0.284244	99842.6	0	0
Al28	26058.3	0.192699	99837.5	0	0
Na24	22341.8	0.207348	99839.6	0	0
Mn56	52094	0.0928227	99842.3	0	0
Al28	26058.3	0.186135	99843.2	0	0
neutron	939.565	1.45372	99839.2	0	0
Al27	25126.5	0.35845	99839.2	0	0
neutron	939.565	5.84151	99834.4	0	0
proton	938.272	2.5038	99834.4	0	0
C14	13040.9	0.173412	99834.4	0	0
neutron	939.565	6.35857	99840.3	0	0
neutron	939.565	5.3089	99840.3	0	0
neutron	939.565	3.25806	99840.3	0	0
proton	938.272	2.07341	99840.3	0	0
alpha	3727.38	6.02953	99840.3	0	0
O16	14895.1	1.46452	99840.3	0	0
neutron	939.565	7.49327	99839.3	0	0
neutron	939.565	4.11402	99839.3	0	0
proton	938.272	1.67912	99839.3	0	0
Mg25	23268	0.144428	99839.3	0	0
Na24	22341.8	0.217959	99845.2	0	0
Mn56	52094	0.0870452	99844.3	0	0
neutron	939.565	25.215	99837.7	0	0
neutron	939.565	23.1575	99837.7	0	0
N14	13040.2	4.67818	99837.7	0	0
neutron	939.565	0.185103	99844.5	0	0
Na25	23272.4	0.240629	99844.5	0	0
neutron	939.565	0.272788	99834.4	0	0
Na23	21409.2	0.22573	99834.4	0	0
neutron	939.565	5.82495	99842.3	0	0
neutron	939.565	3.321	99842.3	0	0
deuteron	1875.61	2.52247	99842.3	0	0
C12	11174.9	0.503336	99842.3	0	0
proton	938.272	46.7517	99842.6	0	0
neutron	939.565	16.1052	99842.6	0	0
neutron	939.565	1.58791	99842.6	0	0
Ne21	19550.5	4.03096	99842.6	0	0
neutron	939.565	6.13851	99845.8	0	0
proton	938.272	2.63487	99845.8	0	0
neutron	939.565	1.69952	99845.8	0	0
C13	12109.5	0.54262	99845.8	0	0
proton	938.272	4.87013	99840.3	0	0
neutron	939.565	2.42651	99840.3	0	0
Mg26	24196.5	0.112565	99840.3	0	0
neutron	939.565	0.0777645	99838	0	0
Mn55	51161.7	0.0800342	99838	0	0
Al28	26058.3	0.186762	99841.9	0	0
proton	938.272	5.03212	99834.3	0	0
neutron	939.565	4.32186	99834.3	0	0
neutron	939.565	3.52375	99834.3	0	0
neutron	939.565	0.602244	99834.3	0	0
Mg24	22335.8	0.582877	99834.3	0	0
neutron	939.565	0.32119	99843.1	0	0
Na24	22341.8	0.162045	99843.1	0	0
Na24	22341.8	0.219864	99835.2	0	0
neutron	939.565	1.01877	99840.6	0	0
Na23	21409.2	0.360363	99840.6	0	0
Al28	26058.3	0.180709	99836.3	0	0
neutron	939.565	0.643998	99841.7	0	0
Na23	21409.2	0.140277	99841.7	0	0
Na24	22341.8	0.183446	99841.8	0	0
Al28	26058.3	0.153756	99837.4	0	0
neutron	939.565	10.4941	99838.5	0	0
triton	2808.92	7.53261	99838.5	0	0
C12	11174.9	0.68792	99838.5	0	0
Al28	26058.3	0.172238	99834.8	0	0
neutron	939.565	7.83452	99838.9	0	0
proton	938.272	6.14189	99838.9	0	0
neutron	939.565	4.08871	99838.9	0	0
Mg25	23268	0.748525	99838.9	0	0
neutron	939.565	4.89634	99835.4	0	0
N15	13968.9	0.987579	99835.4	0	0
Al28	26058.3	0.188349	99846.4	0	0
neutron	939.565	9.54002	99831.1	0	0
proton	938.272	7.80861	99831.1	0	0
neutron	939.565	1.96014	99831.1	0	0
Mg25	23268	0.409154	99831.1	0	0
Na24	22341.8	0.208463	99842.4	0	0
neutron	939.565	2.76125	99839.8	0	0
Na23	21409.2	0.589568	99839.8	0	0
neutron	939.565	4.94563	99845.6	0	0
proton	938.272	2.16866	99845.6	0	0
neutron	939.565	1.14414	99845.6	0	0
neutron	939.565	0.91354	99845.6	0	0
Mg24	22335.8	0.382218	99845.6	0	0
neutron	939.565	12.6251	99837.5	0	0
neutron	939.565	8.43728	99837.5	0	0
proton	938.272	3.33429	99837.5	0	0
neutron	939.565	3.25128	99837.5	0	0
proton	938.272	2.06989	99837.5	0	0
Na23	21409.2	1.725	99837.5	0	0
Na24	22341.8	0.206824	99834.6	0	0
Al28	26058.3	0.173385	99834.6	0	0
Na24	22341.8	0.206512	99841.7	0	0
neutron	939.565	1.28048	99837.1	0	0
Mn55	51161.7	0.152891	99837.1	0	0
Na24	22341.8	0.21496	99836	0	0
Na24	22341.8	0.182835	99837.5	0	0
neutron	939.565	7.69555	99840	0	0
N15	13968.9	1.19011	99840	0	0
proton	938.272	23.2515	99835.8	0	0
neutron	939.565	5.90644	99835.8	0	0
neutron	939.565	2.04379	99835.8	0	0
neutron	939.565	0.0740734	99835.8	0	0
Mg24	22335.8	0.985436	99835.8	0	0
Mn56	52094	0.0817584	99835.8	0	0
neutron	939.565	33.553	99842.1	0	0
proton	938.272	8.35839	99842.1	0	0
neutron	939.565	4.4682	99842.1	0	0
neutron	939.565	2.90184	99842.1	0	0
alpha	3727.38	3.17504	99842.1	0	0
O16	14895.1	4.07434	99842.1	0	0
Na24	22341.8	0.210893	99853.1	0	0
Al28	26058.3	0.180636	99842.3	0	0
Na24	22341.8	0.192011	99837.2	0	0
proton	938.272	8.96665	99839.7	0	0
Mg27	25129.6	0.754534	99839.7	0	0
proton	938.272	14.6393	99848.7	0	0
neutron	939.565	10.0498	99848.7	0	0
neutron	939.565	0.449346	99848.7	0	0
C13	12109.5	0.259534	99848.7	0	0
neutron	939.565	6.01217	99839.8	0	0
neutron	939.565	2.94353	99839.8	0	0
N14	13040.2	0.934257	99839.8	0	0
neutron	939.565	12.1152	99842.3	0	0
neutron	939.565	11.9284	99842.3	0	0
neutron	939.565	6.96701	99842.3	0	0
proton	938.272	5.59829	99842.3	0	0
C12	11174.9	0.845541	99842.3	0	0
Al28	26058.3	0.190445	99845.6	0	0
neutron	939.565	3.87606	99837.2	0	0
alpha	3727.38	8.7245	99837.2	0	0
triton	2808.92	4.53014	99837.2	0	0
alpha	3727.38	5.2987	99837.2	0	0
alpha	3727.38	10.6602	99837.2	0	0
Mn56	52094	0.0927049	99837.1	0	0
Na25	23272.4	0.216179	99837	0	0
Na25	23272.4	0.207479	99840.9	0	0
Si28	26053.2	0.174302	99969	112.989	112.746
neutron	939.565	0.174011	99842.8	0	0
Al27	25126.5	0.21205	99842.8	0	0
neutron	939.565	1.889	99838.4	0	0
N15	13968.9	0.191439	99838.4	0	0
Na24	22341.8	0.184456	99837.7	0	0
Na24	22341.8	0.213445	99838.4	0	0
neutron	939.565	18.5719	99834	0	0
proton	938.272	6.39878	99834	0	0
neutron	939.565	1.11576	99834	0	0
neutron	939.565	0.830129	99834	0	0
Ne20	18617.7	1.66699	99834	0	0
neutron	939.565	0.177754	99841.5	0	0
Na23	21409.2	0.167615	99841.5	0	0
Al28	26058.3	0.185766	99838.3	0	0
Al28	26058.3	0.173116	99834.5	0	0
proton	938.272	27.5629	99839.8	0	0
neutron	939.565	6.50684	99839.8	0	0
alpha	3727.38	3.41504	99839.8	0	0
Ne22	20479.7	3.29355	99839.8	0	0
Na26	24206.4	0.161726	99843.8	0	0
Na24	22341.8	0.204011	99841.7	0	0
neutron	939.565	24.8068	99835.8	0	0
proton	938.272	9.46926	99835.8	0	0
neutron	939.565	2.18794	99835.8	0	0
C13	12109.5	2.64575	99835.8	0	0
Na24	22341.8	0.195507	99841.7	0	0
neutron	939.565	2.23809	99848.4	0	0
neutron	939.565	0.181802	99848.4	0	0
Al27	25126.5	0.0903086	99848.4	0	0
neutron	939.565	2.0326	99846.9	0	0
Al27	25126.5	0.101765	99846.9	0	0
neutron	939.565	9.97222	99837.7	0	0
neutron	939.565	6.93967	99837.7	0	0
proton	938.272	4.55936	99837.7	0	0
neutron	939.565	4.54123	99837.7	0	0
Cr52	48370	0.111439	99837.7	0	0
proton	938.272	10.8807	99838.1	0	0
neutron	939.565	6.6719	99838.1	0	0
proton	938.272	2.11403	99838.1	0	0
neutron	939.565	2.06124	99838.1	0	0
neutron	939.565	0.598256	99838.1	0	0
Na23	21409.2	0.329116	99838.1	0	0
Na25	23272.4	0.20648	99839.2	0	0
neutron	939.565	5.50708	99836.4	0	0
neutron	939.565	1.6317	99836.4	0	0
deuteron	1875.61	5.6128	99836.4	0	0
Ne20	18617.7	0.443686	99836.4	0	0
Mn56	52094	0.0933266	99832.6	0	0
Al28	26058.3	0.175923	99839.1	0	0
neutron	939.565	14.7097	99839.2	0	0
neutron	939.565	6.10694	99839.2	0	0
neutron	939.565	5.78821	99839.2	0	0
proton	938.272	5.53606	99839.2	0	0
alpha	3727.38	3.44287	99839.2	0	0
alpha	3727.38	2.33761	99839.2	0	0
alpha	3727.38	5.47966	99839.2	0	0
Al28	26058.3	0.171944	99841.4	0	0
Al28	26058.3	0.179475	99836.6	0	0
Na24	22341.8	0.21292	99844.5	0	0
neutron	939.565	19.9758	99842	0	0
neutron	939.565	11.5677	99842	0	0
neutron	939.565	3.77079	99842	0	0
proton	938.272	1.52771	99842	0	0
alpha	3727.38	5.41993	99842	0	0
Ne22	20479.7	2.43566	99842	0	0
neutron	939.565	2.09165	99847.6	0	0
N15	13968.9	0.174155	99847.6	0	0
proton	938.272	20.2922	99839.5	0	0
neutron	939.565	19.6293	99839.5	0	0
neutron	939.565	0.967029	99839.5	0	0
Ne22	20479.7	1.37391	99839.5	0	0
Al28	26058.3	0.18561	99838.5	0	0
Na24	22341.8	0.214993	99832.6	0	0
Si28	26053.2	0.128586	99863	36.9801	36.3201
neutron	939.565	1.65417	99846.7	0	0
Na23	21409.2	0.440124	99846.7	0	0
neutron	939.565	8.14896	99841.2	0	0
proton	938.272	1.91454	99841.2	0	0
neutron	939.565	0.864874	99841.2	0	0
neutron	939.565	0.394143	99841.2	0	0
Mg24	22335.8	0.854268	99841.2	0	0
Al28	26058.3	0.188837	99838.8	0	0
neutron	939.565	5.16859	99841.3	0	0
neutron	939.565	0.190008	99841.3	0	0
N14	13040.2	0.228408	99841.3	0	0
Na24	22341.8	0.214323	99842.3	0	0
N16	14906	0.294816	99838.7	0	0
Na24	22341.8	0.213615	99842.5	0	0
neutron	939.565	9.59781	99847.6	0	0
neutron	939.565	3.67375	99847.6	0	0
proton	938.272	1.64285	99847.6	0	0
C13	12109.5	0.501154	99847.6	0	0
proton	938.272	5.07227	99847.9	0	0
neutron	939.565	2.33424	99847.9	0	0
neutron	939.565	0.891563	99847.9	0	0
Ne21	19550.5	0.568037	99847.9	0	0
proton	938.272	2.9479	99839.9	0	0
neutron	939.565	2.69118	99839.9	0	0
neutron	939.565	0.689386	99839.9	0	0
Ne21	19550.5	0.272467	99839.9	0	0
Na24	22341.8	0.200752	99834.8	0	0
neutron	939.565	2.48221	99832.9	0	0
N15	13968.9	0.200565	99832.9	0	0
proton	938.272	8.49491	99843.9	0	0
neutron	939.565	5.55323	99843.9	0	0
Mg26	24196.5	0.849397	99843.9	0	0
neutron	939.565	10.3453	99841	0	0
neutron	939.565	9.65445	99841	0	0
neutron	939.565	8.9217	99841	0	0
proton	938.272	5.04031	99841	0	0
alpha	3727.38	4.59215	99841	0	0
O16	14895.1	2.01857	99841	0	0
Na24	22341.8	0.208772	99842.3	0	0
proton	938.272	10.3436	99842.2	0	0
neutron	939.565	9.67484	99842.2	0	0
neutron	939.565	0.936044	99842.2	0	0
Ne21	19550.5	0.735546	99842.2	0	0
neutron	939.565	9.07812	99834.2	0	0
neutron	939.565	4.89659	99834.2	0	0
deuteron	1875.61	2.81998	99834.2	0	0
Mg24	22335.8	1.31867	99834.2	0	0
Mn56	52094	0.0853814	99837.3	0	0
proton	938.272	6.80916	99843.5	0	0
neutron	939.565	1.47969	99843.5	0	0
neutron	939.565	0.813248	99843.5	0	0
Mg25	23268	0.403342	99843.5	0	0
neutron	939.565	0.749813	99840.4	0	0
Al27	25126.5	0.181012	99840.4	0	0
neutron	939.565	0.548239	99833.3	0	0
triton	2808.92	7.88272	99833.3	0	0
alpha	3727.38	6.48405	99833.3	0	0
Ne20	18617.7	0.987878	99833.3	0	0
neutron	939.565	27.5807	99834.2	0	0
alpha	3727.38	3.78477	99834.2	0	0
B11	10252.5	5.07212	99834.2	0	0
Al28	26058.3	0.186352	99829.8	0	0
Na26	24206.4	0.174778	99835.7	0	0
Na24	22341.8	0.21491	99840.6	0	0
neutron	939.565	18.8001	99848.8	0	0
proton	938.272	10.886	99848.8	0	0
neutron	939.565	4.03354	99848.8	0	0
C13	12109.5	2.88317	99848.8	0	0
neutron	939.565	12.6349	99835.7	0	0
neutron	939.565	4.99456	99835.7	0	0
proton	938.272	4.80627	99835.7	0	0
neutron	939.565	2.01246	99835.7	0	0
neutron	939.565	0.658747	99835.7	0	0
Mg23	21412.8	2.53075	99835.7	0	0
Mn56	52094	0.0900015	99838.5	0	0
neutron	939.565	2.24688	99836.8	0	0
Na23	21409.2	0.226911	99836.8	0	0
neutron	939.565	0.764539	99837.5	0	0
neutron	939.565	0.685669	99837.5	0	0
deuteron	1875.61	5.18995	99837.5	0	0
C12	11174.9	1.78107	99837.5	0	0
Na24	22341.8	0.21898	99845.9	0	0
Na24	22341.8	0.218691	99843.1	0	0
Al28	26058.3	0.186175	99834.7	0	0
neutron	939.565	15.1867	99837.6	0	0
neutron	939.565	2.98558	99837.6	0	0
neutron	939.565	2.68927	99837.6	0	0
alpha	3727.38	4.8785	99837.6	0	0
F19	17692.3	0.415588	99837.6	0	0
neutron	939.565	8.36823	99840.9	0	0
proton	938.272	4.62461	99840.9	0	0
Ne22	20479.7	0.0549491	99840.9	0	0
Na24	22341.8	0.212059	99845.6	0	0
neutron	939.565	3.36381	99837.8	0	0
proton	938.272	2.86027	99837.8	0	0
Mg26	24196.5	0.291468	99837.8	0	0
proton	938.272	7.95712	99838.3	0	0
neutron	939.565	2.95365	99838.3	0	0
neutron	939.565	1.16109	99838.3	0	0
neutron	939.565	0.506812	99838.3	0	0
Ne20	18617.7	0.0567567	99838.3	0	0
Na24	22341.8	0.21708	99839.6	0	0
neutron	939.565	1.01848	99834.7	0	0
Mn55	51161.7	0.0463714	99834.7	0	0
neutron	939.565	2.29548	99843.9	0	0
neutron	939.565	1.53878	99843.9	0	0
deuteron	1875.61	8.05454	99843.9	0	0
C12	11174.9	1.61553	99843.9	0	0
neutron	939.565	10.5154	99836.5	0	0
proton	938.272	3.03033	99836.5	0	0
neutron	939.565	2.26323	99836.5	0	0
neutron	939.565	1.33113	99836.5	0	0
C12	11174.9	2.32438	99836.5	0	0
neutron	939.565	0.676178	99839.2	0	0
Na23	21409.2	0.368686	99839.2	0	0
Na24	22341.8	0.213619	99841.8	0	0
Na24	22341.8	0.215444	99844.9	0	0
Na24	22341.8	0.215418	99846.8	0	0
neutron	939.565	0.584994	99838	0	0
Mn55	51161.7	0.129599	99838	0	0
neutron	939.565	3.59487	99843.1	0	0
neutron	939.565	1.47682	99843.1	0	0
Mn54	50232.4	0.252431	99843.1	0	0
neutron	939.565	0.167395	99836.3	0	0
N15	13968.9	0.272149	99836.3	0	0
Al28	26058.3	0.175799	99842.2	0	0
Mn56	52094	0.0892507	99836.7	0	0
neutron	939.565	5.79724	99839.3	0	0
proton	938.272	2.04967	99839.3	0	0
neutron	939.565	2.03495	99839.3	0	0
Ne21	19550.5	0.193478	99839.3	0	0
Mn56	52094	0.0920361	99844.1	0	0
Al28	26058.3	0.18344	99837.8	0	0
neutron	939.565	0.190458	99835.3	0	0
Na23	21409.2	0.188339	99835.3	0	0
Mn56	52094	0.0939483	99843.6	0	0
neutron	939.565	7.25058	99832.3	0	0
proton	938.272	3.95266	99832.3	0	0
Ne22	20479.7	0.332212	99832.3	0	0
Na24	22341.8	0.209464	99848.4	0	0
neutron	939.565	12.3761	99836.9	0	0
proton	938.272	1.93011	99836.9	0	0
alpha	3727.38	8.62965	99836.9	0	0
Ne22	20479.7	0.0431963	99836.9	0	0
Na24	22341.8	0.211373	99833.4	0	0
N16	14906	0.287722	99843.8	0	0
Al28	26058.3	0.187711	99838.1	0	0
Al28	26058.3	0.164292	99837.6	0	0
neutron	939.565	22.9264	99837.8	0	0
neutron	939.565	2.1853	99837.8	0	0
proton	938.272	1.65526	99837.8	0	0
C13	12109.5	1.91785	99837.8	0	0
proton	938.272	17.6639	99844.7	0	0
neutron	939.565	4.83113	99844.7	0	0
neutron	939.565	2.12303	99844.7	0	0
Ne21	19550.5	0.409693	99844.7	0	0
Al28	26058.3	0.178236	99840.3	0	0
neutron	939.565	0.403071	99842.7	0	0
Al27	25126.5	0.140482	99842.7	0	0
neutron	939.565	0.0717806	99842.1	0	0
Mn55	51161.7	0.0900682	99842.1	0	0
neutron	939.565	4.36276	99843.1	0	0
Na23	21409.2	0.348765	99843.1	0	0
proton	938.272	8.26079	99847.2	0	0
neutron	939.565	7.6964	99847.2	0	0
neutron	939.565	0.991181	99847.2	0	0
neutron	939.565	0.485098	99847.2	0	0
Ne20	18617.7	1.66713	99847.2	0	0
neutron	939.565	0.129532	99846.2	0	0
Mn55	51161.7	0.106524	99846.2	0	0
proton	938.272	8.34452	99845.7	0	0
neutron	939.565	2.38124	99845.7	0	0
neutron	939.565	0.856231	99845.7	0	0
neutron	939.565	0.306087	99845.7	0	0
Mg24	22335.8	0.259717	99845.7	0	0
proton	938.272	4.31916	99844.5	0	0
neutron	939.565	0.0993554	99844.5	0	0
Mg26	24196.5	0.407102	99844.5	0	0
Na24	22341.8	0.217241	99842.4	0	0
neutron	939.565	0.202851	99842	0	0
Al27	25126.5	0.111188	99842	0	0
neutron	939.565	14.9167	99831.5	0	0
proton	938.272	4.78443	99831.5	0	0
neutron	939.565	4.72679	99831.5	0	0
Ne21	19550.5	0.463309	99831.5	0	0
Na24	22341.8	0.192282	99845.1	0	0
neutron	939.565	11.7883	99846.1	0	0
proton	938.272	2.00644	99846.1	0	0
Ne22	20479.7	0.7399	99846.1	0	0
Al28	26058.3	0.183338	99838.2	0	0
neutron	939.565	20.4751	99835.1	0	0
proton	938.272	8.04556	99835.1	0	0
proton	938.272	1.34484	99835.1	0	0
triton	2808.92	5.72565	99835.1	0	0
Ne22	20479.7	3.52008	99835.1	0	0
neutron	939.565	14.3442	99835.9	0	0
neutron	939.565	13.1795	99835.9	0	0
N14	13040.2	0.166451	99835.9	0	0
neutron	939.565	31.5343	99832.8	0	0
neutron	939.565	0.792729	99832.8	0	0
alpha	3727.38	3.38632	99832.8	0	0
B10	9324.44	7.27517	99832.8	0	0
Al28	26058.3	0.184132	99844.8	0	0
proton	938.272	4.96702	99844.8	0	0
neutron	939.565	4.57405	99844.8	0	0
neutron	939.565	2.64292	99844.8	0	0
neutron	939.565	2.42222	99844.8	0	0
alpha	3727.38	4.089	99844.8	0	0
O16	14895.1	2.33074	99844.8	0	0
neutron	939.565	7.03882	99839.6	0	0
neutron	939.565	1.26871	99839.6	0	0
deuteron	1875.61	4.71028	99839.6	0	0
Mg24	22335.8	1.01381	99839.6	0	0
proton	938.272	5.99233	99847	0	0
neutron	939.565	3.96791	99847	0	0
Mg26	24196.5	0.170482	99847	0	0
proton	938.272	23.4313	99842.5	0	0
neutron	939.565	0.648276	99842.5	0	0
Mg26	24196.5	0.922657	99842.5	0	0
neutron	939.565	4.71063	99836.9	0	0
neutron	939.565	4.45782	99836.9	0	0
deuteron	1875.61	8.84803	99836.9	0	0
Ne20	18617.7	1.56174	99836.9	0	0
neutron	939.565	5.34887	99837.1	0	0
proton	938.272	1.72239	99837.1	0	0
neutron	939.565	0.894605	99837.1	0	0
Ne21	19550.5	0.369048	99837.1	0	0
proton	938.272	3.04608	99835.6	0	0
neutron	939.565	1.46769	99835.6	0	0
Ne22	20479.7	0.0575912	99835.6	0	0
neutron	939.565	0.169584	99841.2	0	0
Na23	21409.2	0.250183	99841.2	0	0
neutron	939.565	30.5021	99839.1	0	0
neutron	939.565	6.57564	99839.1	0	0
neutron	939.565	1.60379	99839.1	0	0
Na23	21409.2	0.761618	99839.1	0	0
proton	938.272	15.9684	99843.8	0	0
neutron	939.565	1.91436	99843.8	0	0
neutron	939.565	1.90068	99843.8	0	0
Ne21	19550.5	1.06035	99843.8	0	0
Na24	22341.8	0.183276	99842.3	0	0
Mn56	52094	0.095678	99840.4	0	0
Na24	22341.8	0.202215	99845.8	0	0
proton	938.272	11.6517	99839.5	0	0
proton	938.272	7.43057	99839.5	0	0
neutron	939.565	2.69543	99839.5	0	0
neutron	939.565	2.47172	99839.5	0	0
F20	18625.3	1.58426	99839.5	0	0
Na24	22341.8	0.218299	99836.4	0	0
neutron	939.565	9.80089	99845.5	0	0
triton	2808.92	13.1675	99845.5	0	0
alpha	3727.38	4.85952	99845.5	0	0
Be8	7454.85	8.50375	99845.5	0	0
Al28	26058.3	0.184674	99847.5	0	0
neutron	939.565	11.2957	99841.6	0	0
neutron	939.565	3.43398	99841.6	0	0
N14	13040.2	1.45758	99841.6	0	0
neutron	939.565	4.04398	99836.6	0	0
N15	13968.9	0.339094	99836.6	0	0
neutron	939.565	2.64221	99841.2	0	0
N15	13968.9	0.107384	99841.2	0	0
proton	938.272	19.4824	99840.4	0	0
neutron	939.565	11.6233	99840.4	0	0
neutron	939.565	0.994481	99840.4	0	0
Ne21	19550.5	2.02989	99840.4	0	0
proton	938.272	7.75723	99843.8	0	0
neutron	939.565	1.06575	99843.8	0	0
neutron	939.565	0.898784	99843.8	0	0
Ne21	19550.5	0.439018	99843.8	0	0
Na24	22341.8	0.203717	99833.5	0	0
proton	938.272	6.2671	99842	0	0
neutron	939.565	0.727069	99842	0	0
neutron	939.565	0.208161	99842	0	0
Mg25	23268	0.369804	99842	0	0
neutron	939.565	3.74297	99845.6	0	0
proton	938.272	3.31721	99845.6	0	0
neutron	939.565	2.50664	99845.6	0	0
Ne21	19550.5	0.64487	99845.6	0	0
neutron	939.565	4.70387	99837.9	0	0
proton	938.272	1.13242	99837.9	0	0
neutron	939.565	0.947964	99837.9	0	0
C13	12109.5	0.498237	99837.9	0	0
neutron	939.565	43.7931	99842.2	0	0
proton	938.272	7.86943	99842.2	0	0
neutron	939.565	1.18555	99842.2	0	0
Ne21	19550.5	2.85649	99842.2	0	0
neutron	939.565	4.9275	99838.7	0	0
Al29	26988.5	0.271506	99838.7	0	0
proton	938.272	5.05259	99842	0	0
neutron	939.565	3.54071	99842	0	0
neutron	939.565	0.464476	99842	0	0
Mg25	23268	0.0247314	99842	0	0
neutron	939.565	9.72271	99842.1	0	0
neutron	939.565	5.59893	99842.1	0	0
proton	938.272	1.95628	99842.1	0	0
deuteron	1875.61	6.14378	99842.1	0	0
F19	17692.3	2.6347	99842.1	0	0
Na24	22341.8	0.190187	99835.8	0	0
neutron	939.565	6.6357	99843.8	0	0
proton	938.272	3.59412	99843.8	0	0
neutron	939.565	1.74246	99843.8	0	0
Mg25	23268	0.462467	99843.8	0	0
proton	938.272	6.58323	99836.2	0	0
neutron	939.565	3.50832	99836.2	0	0
neutron	939.565	0.665862	99836.2	0	0
Ne21	19550.5	0.34327	99836.2	0	0
Mn56	52094	0.0923045	99832.9	0	0
Mn56	52094	0.0899479	99839	0	0
Al28	26058.3	0.189098	99844.6	0	0
Na24	22341.8	0.215391	99838.3	0	0
Al28	26058.3	0.186446	99841.5	0	0
proton	938.272	2.98514	99840.3	0	0
neutron	939.565	0.364762	99840.3	0	0
neutron	939.565	0.33882	99840.3	0	0
alpha	3727.38	9.65722	99840.3	0	0
O17	15830.5	3.61078	99840.3	0	0
proton	938.272	20.0387	99851.9	0	0
neutron	939.565	6.41063	99851.9	0	0
neutron	939.565	5.74242	99851.9	0	0
neutron	939.565	1.43766	99851.9	0	0
Ne20	18617.7	0.435118	99851.9	0	0
Na24	22341.8	0.18294	99838.1	0	0
neutron	939.565	32.9594	99834.6	0	0
neutron	939.565	8.94891	99834.6	0	0
proton	938.272	7.11348	99834.6	0	0
neutron	939.565	2.93146	99834.6	0	0
Cr52	48370	0.640998	99834.6	0	0
Al28	26058.3	0.184398	99844.7	0	0
proton	938.272	33.4107	99845.8	0	0
neutron	939.565	5.87915	99845.8	0	0
proton	938.272	3.91366	99845.8	0	0
neutron	939.565	3.62439	99845.8	0	0
neutron	939.565	0.0203406	99845.8	0	0
Na23	21409.2	2.15807	99845.8	0	0
Na24	22341.8	0.217214	99844.5	0	0
neutron	939.565	2.94847	99842.6	0	0
triton	2808.92	16.7331	99842.6	0	0
C12	11174.9	2.79356	99842.6	0	0
O16	14895.1	0.252937	99966	111.673	111.378
Na24	22341.8	0.189099	99842.8	0	0
neutron	939.565	1.77585	99840.9	0	0
Na23	21409.2	0.0665865	99840.9	0	0
neutron	939.565	11.8444	99843.4	0	0
neutron	939.565	11.1561	99843.4	0	0
proton	938.272	5.11673	99843.4	0	0
neutron	939.565	1.15218	99843.4	0	0
Ne20	18617.7	0.47141	99843.4	0	0
Al28	26058.3	0.188847	99842.8	0	0
proton	938.272	44.6094	99841.7	0	0
neutron	939.565	8.60379	99841.7	0	0
C14	13040.9	5.21011	99841.7	0	0
Na26	24206.4	0.183301	99838.9	0	0
neutron	939.565	4.64124	99850.8	0	0
neutron	939.565	4.29631	99850.8	0	0
neutron	939.565	1.564	99850.8	0	0
Na23	21409.2	0.108754	99850.8	0	0
Al28	26058.3	0.182312	99839.6	0	0
Mn56	52094	0.0850902	99836.6	0	0
Al28	26058.3	0.1821	99837.3	0	0
Al29	26988.5	0.163578	99840	0	0
Al28	26058.3	0.179276	99842.8	0	0
neutron	939.565	7.63488	99838.8	0	0
triton	2808.92	19.5195	99838.8	0	0
C12	11174.9	2.89669	99838.8	0	0
proton	938.272	21.035	99844.4	0	0
neutron	939.565	7.9144	99844.4	0	0
neutron	939.565	4.14206	99844.4	0	0
neutron	939.565	0.13107	99844.4	0	0
C12	11174.9	2.63819	99844.4	0	0
neutron	939.565	2.99643	99844.4	0	0
Al27	25126.5	0.358913	99844.4	0	0
neutron	939.565	5.30983	99841.4	0	0
proton	938.272	4.53328	99841.4	0	0
triton	2808.92	4.00975	99841.4	0	0
alpha	3727.38	6.27232	99841.4	0	0
N15	13968.9	2.57486	99841.4	0	0
proton	938.272	5.98237	99840.6	0	0
neutron	939.565	3.0297	99840.6	0	0
Cr54	50231.5	0.0889237	99840.6	0	0
proton	938.272	9.38904	99841.4	0	0
neutron	939.565	6.30618	99841.4	0	0
neutron	939.565	3.02476	99841.4	0	0
C13	12109.5	2.15542	99841.4	0	0
Na24	22341.8	0.20933	99840	0	0
Mn56	52094	0.0853392	99842.4	0	0
neutron	939.565	0.243056	99838.4	0	0
Na25	23272.4	0.199674	99838.4	0	0
neutron	939.565	20.1326	99841.3	0	0
proton	938.272	4.61245	99841.3	0	0
neutron	939.565	2.25015	99841.3	0	0
Ne21	19550.5	3.05689	99841.3	0	0
neutron	939.565	7.57458	99838.2	0	0
proton	938.272	4.10788	99838.2	0	0
neutron	939.565	2.97684	99838.2	0	0
neutron	939.565	1.70027	99838.2	0	0
Ne20	18617.7	1.5605	99838.2	0	0
proton	938.272	4.21402	99842.8	0	0
neutron	939.565	2.06327	99842.8	0	0
Mg26	24196.5	0.124882	99842.8	0	0
Al28	26058.3	0.176663	99840.4	0	0
neutron	939.565	0.272178	99844.4	0	0
Al27	25126.5	0.104303	99844.4	0	0
neutron	939.565	3.36817	99846.3	0	0
neutron	939.565	2.41485	99846.3	0	0
Mn54	50232.4	0.367672	99846.3	0	0
neutron	939.565	0.282091	99837.2	0	0
Na23	21409.2	0.109698	99837.2	0	0
neutron	939.565	0.401422	99840.7	0	0
Al27	25126.5	0.132126	99840.7	0	0
neutron	939.565	18.5514	99837.1	0	0
neutron	939.565	1.67591	99837.1	0	0
proton	938.272	1.41454	99837.1	0	0
neutron	939.565	1.02601	99837.1	0	0
Ne20	18617.7	0.958594	99837.1	0	0
O16	14895.1	0.324216	99962.9	109.401	108.435
proton	938.272	7.7514	99854.3	0	0
neutron	939.565	7.2362	99854.3	0	0
neutron	939.565	2.44054	99854.3	0	0
neutron	939.565	1.93874	99854.3	0	0
Mg24	22335.8	0.210357	99854.3	0	0
proton	938.272	2.89119	99845.3	0	0
neutron	939.565	2.39417	99845.3	0	0
Mg26	24196.5	0.175025	99845.3	0	0
proton	938.272	34.0621	99844.6	0	0
neutron	939.565	2.96151	99844.6	0	0
neutron	939.565	2.10506	99844.6	0	0
Mg25	23268	2.18848	99844.6	0	0
Al28	26058.3	0.183777	99838.6	0	0
Al28	26058.3	0.183445	99835.8	0	0
Al28	26058.3	0.185215	99846.1	0	0
neutron	939.565	22.7343	99840.5	0	0
proton	938.272	9.13777	99840.5	0	0
neutron	939.565	3.24014	99840.5	0	0
neutron	939.565	1.03583	99840.5	0	0
Mg24	22335.8	1.85361	99840.5	0	0
Na24	22341.8	0.211318	99851.1	0	0
neutron	939.565	14.0095	99847.4	0	0
neutron	939.565	4.64815	99847.4	0	0
proton	938.272	2.80482	99847.4	0	0
C13	12109.5	1.424	99847.4	0	0
neutron	939.565	0.549558	99838	0	0
Na25	23272.4	0.0966999	99838	0	0
Na24	22341.8	0.196551	99842	0	0
proton	938.272	11.486	99833.8	0	0
neutron	939.565	10.4668	99833.8	0	0
neutron	939.565	6.67974	99833.8	0	0
neutron	939.565	3.49211	99833.8	0	0
C12	11174.9	2.25672	99833.8	0	0
proton	938.272	7.44398	99844.7	0	0
neutron	939.565	6.65388	99844.7	0	0
neutron	939.565	5.10499	99844.7	0	0
neutron	939.565	0.272598	99844.7	0	0
Mg24	22335.8	0.526648	99844.7	0	0
neutron	939.565	0.634477	99839.8	0	0
Al27	25126.5	0.0653835	99839.8	0	0
neutron	939.565	8.7842	99835.2	0	0
N15	13968.9	0.591757	99835.2	0	0
neutron	939.565	6.67272	99842	0	0
neutron	939.565	1.2095	99842	0	0
deuteron	1875.61	6.02913	99842	0	0
Ne20	18617.7	0.985851	99842	0	0
Al28	26058.3	0.181235	99839.4	0	0
neutron	939.565	7.27401	99844.7	0	0
neutron	939.565	6.52432	99844.7	0	0
neutron	939.565	5.7093	99844.7	0	0
proton	938.272	4.65694	99844.7	0	0
alpha	3727.38	6.39021	99844.7	0	0
alpha	3727.38	2.24388	99844.7	0	0
O16	14895.1	5.28976	99844.7	0	0
neutron	939.565	1.49508	99837.5	0	0
Al27	25126.5	0.19109	99837.5	0	0
Na24	22341.8	0.207691	99838.1	0	0
neutron	939.565	0.394152	99838.9	0	0
Al27	25126.5	0.254656	99838.9	0	0
N16	14906	0.283493	99843	0	0
Na24	22341.8	0.204413	99843.2	0	0
neutron	939.565	5.66458	99834.1	0	0
neutron	939.565	2.12163	99834.1	0	0
N14	13040.2	0.712948	99834.1	0	0
neutron	939.565	14.5782	99836.8	0	0
proton	938.272	6.16298	99836.8	0	0
neutron	939.565	0.932493	99836.8	0	0
Ne23	21414.1	0.471599	99836.8	0	0
Na24	22341.8	0.216345	99832.9	0	0
neutron	939.565	7.47928	99833.8	0	0
proton	938.272	3.86432	99833.8	0	0
neutron	939.565	3.42154	99833.8	0	0
neutron	939.565	1.24333	99833.8	0	0
Mg24	22335.8	1.61399	99833.8	0	0
neutron	939.565	4.20061	99832.3	0	0
N15	13968.9	0.0524582	99832.3	0	0
neutron	939.565	28.9777	99837.9	0	0
neutron	939.565	21.4839	99837.9	0	0
proton	938.272	3.3192	99837.9	0	0
Ne21	19550.5	2.31232	99837.9	0	0
neutron	939.565	1.33034	99838	0	0
Na23	21409.2	0.0332437	99838	0	0
Mg24	22335.8	0.130635	99850.5	17.5342	17.2637
neutron	939.565	2.58573	99832.3	0	0
proton	938.272	1.81676	99832.3	0	0
Mg26	24196.5	0.658451	99832.3	0	0
Na24	22341.8	0.214297	99835.6	0	0
Na24	22341.8	0.219936	99844.3	0	0
neutron	939.565	1.22475	99846.2	0	0
neutron	939.565	0.313665	99846.2	0	0
N14	13040.2	0.530061	99846.2	0	0
proton	938.272	4.06665	99835.6	0	0
neutron	939.565	2.917	99835.6	0	0
Cr54	50231.5	0.142241	99835.6	0	0
neutron	939.565	4.63771	99839.2	0	0
proton	938.272	3.25032	99839.2	0	0
neutron	939.565	2.75645	99839.2	0	0
neutron	939.565	1.44026	99839.2	0	0
alpha	3727.38	5.5092	99839.2	0	0
O16	14895.1	0.627653	99839.2	0	0
Na24	22341.8	0.213014	99838.2	0	0
Na24	22341.8	0.197249	99839.5	0	0
proton	938.272	10.3314	99843.9	0	0
neutron	939.565	9.6721	99843.9	0	0
proton	938.272	4.98658	99843.9	0	0
neutron	939.565	3.43512	99843.9	0	0
Na24	22341.8	0.130701	99843.9	0	0
Al28	26058.3	0.160004	99835.4	0	0
Al28	26058.3	0.175357	99845.2	0	0
neutron	939.565	4.90433	99838.6	0	0
neutron	939.565	3.48302	99838.6	0	0
proton	938.272	3.31099	99838.6	0	0
Ne21	19550.5	0.111497	99838.6	0	0
Na24	22341.8	0.212285	99832.7	0	0
neutron	939.565	4.32571	99837.1	0	0
neutron	939.565	2.92974	99837.1	0	0
proton	938.272	1.96227	99837.1	0	0
neutron	939.565	1.91959	99837.1	0	0
Mg24	22335.8	1.04774	99837.1	0	0
Al28	26058.3	0.180062	99834	0	0
Al28	26058.3	0.174126	99839.8	0	0
proton	938.272	9.41695	99842.9	0	0
Mg27	25129.6	0.634597	99842.9	0	0
Na24	22341.8	0.199965	99842.2	0	0
Na24	22341.8	0.207672	99836.7	0	0
Na26	24206.4	0.182035	99844.8	0	0
Mn56	52094	0.0917835	99836.2	0	0
neutron	939.565	19.3415	99839.8	0	0
neutron	939.565	6.037	99839.8	0	0
proton	938.272	2.52808	99839.8	0	0
neutron	939.565	1.45414	99839.8	0	0
alpha	3727.38	9.88437	99839.8	0	0
Be8	7454.85	1.53902	99839.8	0	0
Al30	27922.3	0.162226	99849.6	0	0
Al28	26058.3	0.191075	99832.2	0	0
Na25	23272.4	0.218194	99830.4	0	0
Na24	22341.8	0.204732	99837.7	0	0
Mn56	52094	0.0967441	99835.2	0	0
neutron	939.565	0.930156	99841.7	0	0
N15	13968.9	0.265839	99841.7	0	0
neutron	939.565	16.6384	99837.3	0	0
proton	938.272	10.6018	99837.3	0	0
neutron	939.565	2.95993	99837.3	0	0
neutron	939.565	0.813282	99837.3	0	0
Ne22	20479.7	0.144375	99837.3	0	0
Na24	22341.8	0.217818	99842.2	0	0
neutron	939.565	13.7955	99837.9	0	0
neutron	939.565	4.20113	99837.9	0	0
proton	938.272	4.17986	99837.9	0	0
neutron	939.565	3.41125	99837.9	0	0
Mg24	22335.8	1.05508	99837.9	0	0
neutron	939.565	0.130547	99849.4	0	0
Al27	25126.5	0.117869	99849.4	0	0
neutron	939.565	1.26232	99845.9	0	0
Mn55	51161.7	0.1025	99845.9	0	0
neutron	939.565	3.78623	99837.3	0	0
Na25	23272.4	0.369344	99837.3	0	0
proton	938.272	14.3814	99842	0	0
neutron	939.565	2.5336	99842	0	0
neutron	939.565	2.25857	99842	0	0
neutron	939.565	1.48093	99842	0	0
Mg24	22335.8	0.104982	99842	0	0
Na24	22341.8	0.208757	99832.4	0	0
Al30	27922.3	0.156195	99839.3	0	0
neutron	939.565	4.81429	99838.1	0	0
proton	938.272	4.58258	99838.1	0	0
neutron	939.565	1.92505	99838.1	0	0
neutron	939.565	0.364657	99838.1	0	0
Ne20	18617.7	0.156516	99838.1	0	0
Al28	26058.3	0.152421	99842.9	0	0
Mn56	52094	0.0901196	99839.6	0	0
neutron	939.565	2.79771	99841.5	0	0
neutron	939.565	0.298002	99841.5	0	0
Al28	26058.3	0.28744	99841.5	0	0
Al28	26058.3	0.188785	99840.7	0	0
Mn56	52094	0.0886079	99837.6	0	0
neutron	939.565	0.171194	99842.7	0	0
N15	13968.9	0.220787	99842.7	0	0
proton	938.272	3.78423	99838	0	0
neutron	939.565	0.518834	99838	0	0
Mg26	24196.5	0.555127	99838	0	0
neutron	939.565	6.72265	99842.8	0	0
proton	938.272	5.94259	99842.8	0	0
Mg26	24196.5	0.635734	99842.8	0	0
neutron	939.565	0.528476	99831.8	0	0
Mn55	51161.7	0.045243	99831.8	0	0
Na26	24206.4	0.184389	99839.7	0	0
Al28	26058.3	0.192416	99835.2	0	0
neutron	939.565	23.7122	99845.2	0	0
neutron	939.565	1.45545	99845.2	0	0
Na23	21409.2	0.400953	99845.2	0	0
proton	938.272	8.27196	99844.3	0	0
neutron	939.565	3.50645	99844.3	0	0
neutron	939.565	2.5196	99844.3	0	0
neutron	939.565	1.54038	99844.3	0	0
alpha	3727.38	4.66658	99844.3	0	0
O16	14895.1	2.68581	99844.3	0	0
neutron	939.565	7.79812	99842.8	0	0
neutron	939.565	3.03284	99842.8	0	0
neutron	939.565	0.75609	99842.8	0	0
Na23	21409.2	1.48893	99842.8	0	0
neutron	939.565	0.579333	99841	0	0
Mn55	51161.7	0.0675252	99841	0	0
neutron	939.565	15.225	99850.5	0	0
proton	938.272	7.24496	99850.5	0	0
neutron	939.565	1.36839	99850.5	0	0
neutron	939.565	0.922319	99850.5	0	0
Mg24	22335.8	1.85579	99850.5	0	0
Mn56	52094	0.0975732	99847.5	0	0
neutron	939.565	9.56007	99851.6	0	0
neutron	939.565	1.33973	99851.6	0	0
Na22	20482.1	0.36867	99851.6	0	0
neutron	939.565	24.2999	99833.6	0	0
proton	938.272	10.1759	99833.6	0	0
neutron	939.565	3.50564	99833.6	0	0
neutron	939.565	3.01612	99833.6	0	0
Ne20	18617.7	3.57423	99833.6	0	0
N16	14906	0.285699	99838.8	0	0
neutron	939.565	0.967185	99844.2	0	0
neutron	939.565	0.826902	99844.2	0	0
N14	13040.2	0.0155784	99844.2	0	0
Na24	22341.8	0.206874	99838.1	0	0
proton	938.272	28.3295	99840.9	0	0
neutron	939.565	9.18349	99840.9	0	0
neutron	939.565	6.08326	99840.9	0	0
neutron	939.565	5.87262	99840.9	0	0
C12	11174.9	0.607848	99840.9	0	0
N16	14906	0.275372	99849.3	0	0
proton	938.272	15.3085	99835.6	0	0
neutron	939.565	1.81043	99835.6	0	0
neutron	939.565	0.0754954	99835.6	0	0
Ne21	19550.5	0.739959	99835.6	0	0
neutron	939.565	3.20735	99842.6	0	0
neutron	939.565	1.35823	99842.6	0	0
neutron	939.565	1.16591	99842.6	0	0
Mn53	49301.8	0.26697	99842.6	0	0
neutron	939.565	10.4168	99841.5	0	0
neutron	939.565	6.02528	99841.5	0	0
deuteron	1875.61	5.91278	99841.5	0	0
Ne20	18617.7	0.301375	99841.5	0	0
neutron	939.565	20.8644	99838.7	0	0
neutron	939.565	9.99417	99838.7	0	0
proton	938.272	2.67286	99838.7	0	0
Ne21	19550.5	0.43507	99838.7	0	0
triton	2808.92	12.801	99837.5	0	0
C13	12109.5	1.67218	99837.5	0	0
neutron	939.565	6.71511	99835.9	0	0
neutron	939.565	0.445943	99835.9	0	0
Na22	20482.1	0.0750485	99835.9	0	0
Na24	22341.8	0.213608	99840.5	0	0
neutron	939.565	1.61631	99840.6	0	0
N15	13968.9	0.330414	99840.6	0	0
neutron	939.565	5.69721	99838.7	0	0
proton	938.272	2.98996	99838.7	0	0
neutron	939.565	2.22052	99838.7	0	0
neutron	939.565	1.66767	99838.7	0	0
alpha	3727.38	5.48375	99838.7	0	0
O16	14895.1	2.45378	99838.7	0	0
Na24	22341.8	0.213672	99842	0	0
proton	938.272	8.48563	99838.2	0	0
neutron	939.565	6.48317	99838.2	0	0
neutron	939.565	6.30958	99838.2	0	0
neutron	939.565	1.86636	99838.2	0	0
Ne20	18617.7	1.03131	99838.2	0	0
neutron	939.565	0.0969289	99839.2	0	0
N15	13968.9	0.328389	99839.2	0	0
proton	938.272	24.036	99837.1	0	0
neutron	939.565	1.81184	99837.1	0	0
deuteron	1875.61	8.15117	99837.1	0	0
Na24	22341.8	2.64051	99837.1	0	0
neutron	939.565	12.7257	99836.5	0	0
proton	938.272	6.93591	99836.5	0	0
Ne22	20479.7	1.13785	99836.5	0	0
neutron	939.565	0.546873	99849.1	0	0
N15	13968.9	0.341971	99849.1	0	0
Al28	26058.3	0.170951	99834.4	0	0
proton	938.272	4.73128	99848.6	0	0
neutron	939.565	0.844232	99848.6	0	0
C14	13040.9	0.914328	99848.6	0	0
proton	938.272	14.8901	99838.6	0	0
neutron	939.565	12.9171	99838.6	0	0
neutron	939.565	0.909997	99838.6	0	0
Ne21	19550.5	2.65039	99838.6	0	0
neutron	939.565	11.4594	99840.2	0	0
proton	938.272	5.53597	99840.2	0	0
C14	13040.9	1.92107	99840.2	0	0
Na24	22341.8	0.204733	99838.3	0	0
Al28	26058.3	0.185801	99839.6	0	0
neutron	939.565	35.5329	99838	0	0
neutron	939.565	10.1355	99838	0	0
Na23	21409.2	1.16813	99838	0	0
neutron	939.565	0.299055	99850.8	0	0
Na23	21409.2	0.110765	99850.8	0	0
Na25	23272.4	0.208266	99838	0	0
neutron	939.565	8.93325	99837.6	0	0
proton	938.272	2.53863	99837.6	0	0
neutron	939.565	1.66115	99837.6	0	0
Ne21	19550.5	0.120897	99837.6	0	0
proton	938.272	26.1232	99838.6	0	0
neutron	939.565	7.04931	99838.6	0	0
neutron	939.565	4.50221	99838.6	0	0
neutron	939.565	0.151098	99838.6	0	0
C12	11174.9	1.11328	99838.6	0	0
neutron	939.565	0.129029	99831.4	0	0
Na23	21409.2	0.200396	99831.4	0	0
neutron	939.565	2.34104	99838	0	0
Na23	21409.2	0.488695	99838	0	0
neutron	939.565	3.99179	99837.2	0	0
proton	938.272	3.53701	99837.2	0	0
Mg26	24196.5	0.835402	99837.2	0	0
neutron	939.565	19.0854	99835	0	0
neutron	939.565	9.59347	99835	0	0
deuteron	1875.61	5.55433	99835	0	0
alpha	3727.38	15.762	99835	0	0
Be8	7454.85	4.04325	99835	0	0
proton	938.272	12.5343	99843.2	0	0
neutron	939.565	10.3052	99843.2	0	0
neutron	939.565	2.69368	99843.2	0	0
neutron	939.565	1.67107	99843.2	0	0
Mg24	22335.8	1.11846	99843.2	0	0
proton	938.272	8.17752	99840.2	0	0
neutron	939.565	8.16009	99840.2	0	0
neutron	939.565	2.79234	99840.2	0	0
neutron	939.565	1.17088	99840.2	0	0
alpha	3727.38	5.46081	99840.2	0	0
O16	14895.1	4.33255	99840.2	0	0
neutron	939.565	5.94449	99835.5	0	0
neutron	939.565	0.377899	99835.5	0	0
N14	13040.2	0.445492	99835.5	0	0
neutron	939.565	6.70812	99833.2	0	0
proton	938.272	5.05283	99833.2	0	0
Ne22	20479.7	1.5863	99833.2	0	0
neutron	939.565	4.69536	99841.5	0	0
proton	938.272	4.05826	99841.5	0	0
neutron	939.565	2.35278	99841.5	0	0
neutron	939.565	2.04723	99841.5	0	0
Ne20	18617.7	0.0504543	99841.5	0	0
proton	938.272	16.6001	99839.7	0	0
neutron	939.565	12.5103	99839.7	0	0
neutron	939.565	5.02319	99839.7	0	0
neutron	939.565	0.875173	99839.7	0	0
Mg24	22335.8	1.08172	99839.7	0	0
neutron	939.565	3.6024	99835	0	0
Al27	25126.5	0.376844	99835	0	0
neutron	939.565	10.7069	99837.9	0	0
neutron	939.565	6.30117	99837.9	0	0
neutron	939.565	4.16583	99837.9	0	0
proton	938.272	3.63827	99837.9	0	0
Ne20	18617.7	0.411746	99837.9	0	0
Al28	26058.3	0.153484	99833.4	0	0
proton	938.272	28.7523	99840.6	0	0
neutron	939.565	7.36904	99840.6	0	0
neutron	939.565	3.34223	99840.6	0	0
neutron	939.565	2.88062	99840.6	0	0
C12	11174.9	3.17051	99840.6	0	0
Mn56	52094	0.0936058	99838.9	0	0
neutron	939.565	2.43843	99844	0	0
Al27	25126.5	0.11422	99844	0	0
neutron	939.565	5.94494	99836.5	0	0
proton	938.272	3.83025	99836.5	0	0
Mg26	24196.5	0.379934	99836.5	0	0
Al28	26058.3	0.171729	99836	0	0
Al28	26058.3	0.189955	99844.5	0	0
neutron	939.565	3.19159	99841.1	0	0
Al28	26058.3	0.145354	99841.1	0	0
proton	938.272	5.40349	99842.7	0	0
neutron	939.565	4.10633	99842.7	0	0
neutron	939.565	2.25802	99842.7	0	0
neutron	939.565	0.93389	99842.7	0	0
Ne20	18617.7	1.15335	99842.7	0	0
neutron	939.565	34.0338	99843.7	0	0
neutron	939.565	23.3412	99843.7	0	0
neutron	939.565	3.52365	99843.7	0	0
Na23	21409.2	1.01518	99843.7	0	0
neutron	939.565	0.420248	99838.2	0	0
Mn55	51161.7	0.0740685	99838.2	0	0
Na24	22341.8	0.199314	99838.4	0	0
neutron	939.565	1.51845	99838.6	0	0
N15	13968.9	0.366517	99838.6	0	0
neutron	939.565	12.7395	99839.7	0	0
proton	938.272	12.0049	99839.7	0	0
neutron	939.565	3.55315	99839.7	0	0
Ne21	19550.5	0.347099	99839.7	0	0
proton	938.272	15.6453	99839.4	0	0
neutron	939.565	2.51446	99839.4	0	0
neutron	939.565	1.844	99839.4	0	0
C13	12109.5	0.393769	99839.4	0	0
neutron	939.565	30.3669	99838.6	0	0
neutron	939.565	5.86231	99838.6	0	0
Al26	24200	1.89052	99838.6	0	0
Na26	24206.4	0.186483	99843.6	0	0
Na24	22341.8	0.204748	99836.6	0	0
Na25	23272.4	0.189277	99839.1	0	0
Al28	26058.3	0.182065	99838.2	0	0
neutron	939.565	16.4194	99844.7	0	0
proton	938.272	3.19162	99844.7	0	0
C14	13040.9	0.651214	99844.7	0	0
neutron	939.565	8.20536	99835.6	0	0
neutron	939.565	7.14889	99835.6	0	0
neutron	939.565	0.505226	99835.6	0	0
deuteron	1875.61	9.04772	99835.6	0	0
Cr51	47442.5	0.231585	99835.6	0	0
neutron	939.565	0.60523	99836.8	0	0
Al27	25126.5	0.124536	99836.8	0	0
Na24	22341.8	0.201038	99843.1	0	0
neutron	939.565	5.6275	99847.4	0	0
proton	938.272	2.568	99847.4	0	0
neutron	939.565	0.0907682	99847.4	0	0
Mg25	23268	0.173111	99847.4	0	0
Na24	22341.8	0.207072	99839.4	0	0
Al28	26058.3	0.160755	99835.3	0	0
Na25	23272.4	0.204238	99843.8	0	0
N16	14906	0.290984	99842.7	0	0
proton	938.272	3.08998	99835.4	0	0
neutron	939.565	2.38894	99835.4	0	0
Mg26	24196.5	0.297967	99835.4	0	0
Na26	24206.4	0.186351	99837.8	0	0
proton	938.272	12.3797	99834.5	0	0
neutron	939.565	1.9543	99834.5	0	0
neutron	939.565	0.342082	99834.5	0	0
Ne21	19550.5	0.267482	99834.5	0	0
neutron	939.565	2.53539	99843.6	0	0
N15	13968.9	0.413295	99843.6	0	0
neutron	939.565	6.36714	99841.1	0	0
neutron	939.565	6.28219	99841.1	0	0
deuteron	1875.61	5.43558	99841.1	0	0
alpha	3727.38	5.3212	99841.1	0	0
alpha	3727.38	5.3875	99841.1	0	0
alpha	3727.38	2.8996	99841.1	0	0
Na24	22341.8	0.210544	99841.3	0	0
Al28	26058.3	0.16022	99841.1	0	0
neutron	939.565	0.210166	99840.1	0	0
Na24	22341.8	0.266242	99840.1	0	0
Na24	22341.8	0.213689	99846.3	0	0
Mn56	52094	0.0891702	99841.8	0	0
neutron	939.565	8.36627	99841.3	0	0
neutron	939.565	4.85947	99841.3	0	0
proton	938.272	3.41824	99841.3	0	0
neutron	939.565	1.44547	99841.3	0	0
Ne22	20479.7	1.05067	99841.3	0	0
proton	938.272	36.4931	99833.5	0	0
neutron	939.565	1.73546	99833.5	0	0
Mg26	24196.5	1.29362	99833.5	0	0
neutron	939.565	6.85535	99839.1	0	0
neutron	939.565	3.65209	99839.1	0	0
proton	938.272	3.10813	99839.1	0	0
neutron	939.565	2.04764	99839.1	0	0
alpha	3727.38	5.16517	99839.1	0	0
Be8	7454.85	2.59641	99839.1	0	0
neutron	939.565	2.36416	99839.8	0	0
Na25	23272.4	0.333722	99839.8	0	0
neutron	939.565	3.9773	99846.8	0	0
proton	938.272	1.67189	99846.8	0	0
neutron	939.565	0.796235	99846.8	0	0
Ne21	19550.5	0.175925	99846.8	0	0
neutron	939.565	20.3015	99835.1	0	0
neutron	939.565	8.50666	99835.1	0	0
neutron	939.565	6.26547	99835.1	0	0
proton	938.272	3.56172	99835.1	0	0
Mg24	22335.8	1.52279	99835.1	0	0
neutron	939.565	10.3453	99843.1	0	0
neutron	939.565	8.31118	99843.1	0	0
proton	938.272	3.1306	99843.1	0	0
alpha	3727.38	5.74639	99843.1	0	0
Ne21	19550.5	3.71768	99843.1	0	0
neutron	939.565	8.02819	99838	0	0
neutron	939.565	7.40913	99838	0	0
proton	938.272	6.41163	99838	0	0
neutron	939.565	4.50673	99838	0	0
Mg24	22335.8	0.999942	99838	0	0
proton	938.272	4.78475	99839.1	0	0
neutron	939.565	2.93756	99839.1	0	0
neutron	939.565	2.19232	99839.1	0	0
Ne21	19550.5	1.00723	99839.1	0	0
neutron	939.565	0.034791	99837.4	0	0
N15	13968.9	0.318435	99837.4	0	0
proton	938.272	5.53135	99843	0	0
neutron	939.565	3.63617	99843	0	0
neutron	939.565	2.54986	99843	0	0
alpha	3727.38	8.40357	99843	0	0
Ne21	19550.5	1.25009	99843	0	0
Na24	22341.8	0.198952	99843.5	0	0
neutron	939.565	6.2471	99840.6	0	0
proton	938.272	2.81711	99840.6	0	0
Ne22	20479.7	0.654859	99840.6	0	0
Al28	26058.3	0.175846	99838.8	0	0
Na24	22341.8	0.207095	99840.7	0	0
Na24	22341.8	0.216197	99839.5	0	0
Al28	26058.3	0.18776	99850	0	0
neutron	939.565	3.55989	99833.8	0	0
Na23	21409.2	0.0723842	99833.8	0	0
Al29	26988.5	0.166508	99842	0	0
neutron	939.565	3.94576	99835.6	0	0
proton	938.272	2.68065	99835.6	0	0
neutron	939.565	1.73192	99835.6	0	0
neutron	939.565	0.900661	99835.6	0	0
C12	11174.9	1.72541	99835.6	0	0
Mn56	52094	0.0894054	99834.6	0	0
Na24	22341.8	0.209107	99840	0	0
neutron	939.565	0.972349	99847.2	0	0
N15	13968.9	0.322164	99847.2	0	0
neutron	939.565	14.9556	99834.1	0	0
proton	938.272	3.74236	99834.1	0	0
neutron	939.565	2.49549	99834.1	0	0
neutron	939.565	1.84706	99834.1	0	0
C12	11174.9	2.02657	99834.1	0	0
N16	14906	0.28732	99838.7	0	0
neutron	939.565	5.16627	99844.9	0	0
proton	938.272	3.94499	99844.9	0	0
neutron	939.565	0.467719	99844.9	0	0
Ne21	19550.5	1.22862	99844.9	0	0
neutron	939.565	0.236831	99841.4	0	0
Mn55	51161.7	0.121389	99841.4	0	0
neutron	939.565	28.7701	99837.2	0	0
proton	938.272	8.08425	99837.2	0	0
neutron	939.565	1.42857	99837.2	0	0
neutron	939.565	0.572207	99837.2	0	0
Ne20	18617.7	0.60096	99837.2	0	0
Na26	24206.4	0.162832	99836.8	0	0
Na24	22341.8	0.219922	99841.4	0	0
neutron	939.565	0.534477	99841.2	0	0
Mn55	51161.7	0.0852031	99841.2	0	0
Al28	26058.3	0.190578	99837.2	0	0
proton	938.272	15.2628	99840.4	0	0
neutron	939.565	8.74311	99840.4	0	0
neutron	939.565	0.745477	99840.4	0	0
C13	12109.5	2.54335	99840.4	0	0
Na24	22341.8	0.200918	99838	0	0
proton	938.272	10.4027	99838.3	0	0
neutron	939.565	3.22026	99838.3	0	0
neutron	939.565	3.10348	99838.3	0	0
neutron	939.565	2.39895	99838.3	0	0
Ne21	19550.5	0.778727	99838.3	0	0
proton	938.272	2.47324	99841.7	0	0
neutron	939.565	1.82833	99841.7	0	0
Mg26	24196.5	0.108822	99841.7	0	0
Mn56	52094	0.0842343	99843.9	0	0
neutron	939.565	7.14198	99844.5	0	0
neutron	939.565	1.72674	99844.5	0	0
deuteron	1875.61	6.3145	99844.5	0	0
Ne22	20479.7	0.8013	99844.5	0	0
proton	938.272	8.79792	99829.6	0	0
neutron	939.565	1.4493	99829.6	0	0
Mg26	24196.5	0.848868	99829.6	0	0
Na24	22341.8	0.214608	99851.1	0	0
Al28	26058.3	0.173851	99838.8	0	0
Na24	22341.8	0.205829	99844.8	0	0
Na24	22341.8	0.202361	99845	0	0
Na26	24206.4	0.17396	99842.5	0	0
neutron	939.565	37.7481	99833.7	0	0
neutron	939.565	2.25936	99833.7	0	0
deuteron	1875.61	2.13583	99833.7	0	0
Mg24	22335.8	1.96063	99833.7	0	0
neutron	939.565	6.35081	99840	0	0
Mn55	51161.7	0.0577695	99840	0	0
Na24	22341.8	0.214962	99840.2	0	0
neutron	939.565	0.093214	99835.9	0	0
Na23	21409.2	0.203051	99835.9	0	0
neutron	939.565	34.6398	99836.1	0	0
neutron	939.565	21.1258	99836.1	0	0
Al27	25126.5	0.557735	99836.1	0	0
neutron	939.565	1.22462	99840.6	0	0
triton	2808.92	2.71299	99840.6	0	0
alpha	3727.38	5.36887	99840.6	0	0
alpha	3727.38	5.97558	99840.6	0	0
O16	14895.1	1.61898	99840.6	0	0
neutron	939.565	7.61865	99838.6	0	0
proton	938.272	6.61272	99838.6	0	0
Mg26	24196.5	1.30782	99838.6	0	0
Al30	27922.3	0.148883	99836.5	0	0
neutron	939.565	0.349528	99836	0	0
Mn55	51161.7	0.130942	99836	0	0
Al29	26988.5	0.159108	99843.8	0	0
neutron	939.565	3.70673	99842.7	0	0
neutron	939.565	2.61318	99842.7	0	0
deuteron	1875.61	13.6223	99842.7	0	0
Ne20	18617.7	1.64053	99842.7	0	0
neutron	939.565	12.2944	99840.5	0	0
proton	938.272	9.242	99840.5	0	0
neutron	939.565	1.07913	99840.5	0	0
Mg25	23268	0.491954	99840.5	0	0
neutron	939.565	3.16991	99837.9	0	0
neutron	939.565	3.1094	99837.9	0	0
deuteron	1875.61	5.92988	99837.9	0	0
C12	11174.9	0.857161	99837.9	0	0
neutron	939.565	6.02431	99840.2	0	0
proton	938.272	4.22185	99840.2	0	0
Mg26	24196.5	0.269762	99840.2	0	0
Al28	26058.3	0.171425	99848.4	0	0
Na24	22341.8	0.20194	99843	0	0
neutron	939.565	13.4528	99839.5	0	0
proton	938.272	7.45509	99839.5	0	0
neutron	939.565	5.66988	99839.5	0	0
neutron	939.565	0.370017	99839.5	0	0
C12	11174.9	2.32634	99839.5	0	0
neutron	939.565	7.593	99836.6	0	0
neutron	939.565	3.00203	99836.6	0	0
deuteron	1875.61	4.86774	99836.6	0	0
C12	11174.9	0.0722443	99836.6	0	0
neutron	939.565	4.47058	99838.9	0	0
Al27	25126.5	0.0758312	99838.9	0	0
Na24	22341.8	0.201905	99843.3	0	0
Na24	22341.8	0.193042	99839.5	0	0
neutron	939.565	9.74881	99840.7	0	0
neutron	939.565	5.01095	99840.7	0	0
neutron	939.565	1.47338	99840.7	0	0
deuteron	1875.61	7.44312	99840.7	0	0
alpha	3727.38	4.91494	99840.7	0	0
O16	14895.1	1.99537	99840.7	0	0
neutron	939.565	6.9298	99840.1	0	0
neutron	939.565	5.18816	99840.1	0	0
deuteron	1875.61	7.04213	99840.1	0	0
Ne20	18617.7	1.14071	99840.1	0	0
proton	938.272	3.53628	99847.7	0	0
neutron	939.565	2.70732	99847.7	0	0
Mg26	24196.5	0.289878	99847.7	0	0
Na24	22341.8	0.204779	99839.6	0	0
Al28	26058.3	0.145921	99843	0	0
neutron	939.565	5.46527	99844.2	0	0
neutron	939.565	2.08265	99844.2	0	0
deuteron	1875.61	9.02699	99844.2	0	0
Ne20	18617.7	2.13207	99844.2	0	0
Mn56	52094	0.092971	99843.6	0	0
proton	938.272	7.84466	99833	0	0
neutron	939.565	2.7066	99833	0	0
neutron	939.565	1.55467	99833	0	0
neutron	939.565	0.876584	99833	0	0
Ne20	18617.7	0.450934	99833	0	0
neutron	939.565	1.37491	99841.1	0	0
Na23	21409.2	0.178888	99841.1	0	0
neutron	939.565	15.2609	99837.6	0	0
proton	938.272	2.5168	99837.6	0	0
neutron	939.565	2.48936	99837.6	0	0
C13	12109.5	0.477236	99837.6	0	0
Mn56	52094	0.0963543	99837.2	0	0
neutron	939.565	14.1338	99844.1	0	0
neutron	939.565	5.65273	99844.1	0	0
proton	938.272	2.2256	99844.1	0	0
neutron	939.565	1.79202	99844.1	0	0
Ne21	19550.5	0.410111	99844.1	0	0
neutron	939.565	5.4271	99838.2	0	0
proton	938.272	5.1756	99838.2	0	0
neutron	939.565	0.905348	99838.2	0	0
alpha	3727.38	12.9294	99838.2	0	0
O17	15830.5	1.91086	99838.2	0	0
Al28	26058.3	0.169774	99846	0	0
neutron	939.565	4.72276	99841.5	0	0
proton	938.272	4.25897	99841.5	0	0
neutron	939.565	2.00493	99841.5	0	0
Ne21	19550.5	0.705664	99841.5	0	0
neutron	939.565	13.9587	99837.6	0	0
proton	938.272	6.44866	99837.6	0	0
neutron	939.565	5.63813	99837.6	0	0
Mg25	23268	1.09752	99837.6	0	0
neutron	939.565	0.149	99840.4	0	0
Na23	21409.2	0.196212	99840.4	0	0
Na24	22341.8	0.215593	99843.3	0	0
neutron	939.565	31.592	99832.3	0	0
neutron	939.565	16.1563	99832.3	0	0
Na24	22341.8	1.63111	99832.3	0	0
Al28	26058.3	0.176375	99839.3	0	0
neutron	939.565	2.23091	99847.8	0	0
N15	13968.9	0.728901	99847.8	0	0
Al29	26988.5	0.176367	99841.6	0	0
neutron	939.565	3.63241	99833.9	0	0
proton	938.272	2.9593	99833.9	0	0
Ne22	20479.7	0.174036	99833.9	0	0
N16	14906	0.292944	99840.3	0	0
Al28	26058.3	0.190646	99842.7	0	0
neutron	939.565	3.00773	99838.4	0	0
alpha	3727.38	5.47812	99838.4	0	0
B11	10252.5	2.24124	99838.4	0	0
Na24	22341.8	0.20433	99835.5	0	0
Mg24	22335.8	0.162725	99841.8	16.6328	16.3866
neutron	939.565	6.73221	99838.7	0	0
proton	938.272	2.17036	99838.7	0	0
Mg26	24196.5	0.251221	99838.7	0	0
Al28	26058.3	0.187473	99842	0	0
neutron	939.565	1.49207	99832.6	0	0
N15	13968.9	0.593289	99832.6	0	0
neutron	939.565	7.1799	99834.1	0	0
proton	938.272	1.98455	99834.1	0	0
neutron	939.565	0.227206	99834.1	0	0
Mg25	23268	0.357172	99834.1	0	0
neutron	939.565	0.0738483	99839.6	0	0
Na23	21409.2	0.204594	99839.6	0	0
neutron	939.565	25.447	99835.5	0	0
neutron	939.565	22.3055	99835.5	0	0
neutron	939.565	2.64203	99835.5	0	0
Mn53	49301.8	0.212888	99835.5	0	0
Na24	22341.8	0.202912	99844.5	0	0
neutron	939.565	10.1649	99840.4	0	0
neutron	939.565	5.90559	99840.4	0	0
neutron	939.565	0.873967	99840.4	0	0
Na23	21409.2	1.61479	99840.4	0	0
neutron	939.565	37.3175	99845.7	0	0
neutron	939.565	3.16523	99845.7	0	0
proton	938.272	1.84871	99845.7	0	0
C13	12109.5	3.68161	99845.7	0	0
neutron	939.565	0.60106	99851.7	0	0
Na23	21409.2	0.079262	99851.7	0	0
Na24	22341.8	0.194488	99831.7	0	0
Al28	26058.3	0.18139	99832.4	0	0
Al28	26058.3	0.185205	99839.1	0	0
proton	938.272	10.9847	99837.8	0	0
neutron	939.565	3.05469	99837.8	0	0
neutron	939.565	2.89587	99837.8	0	0
neutron	939.565	0.261873	99837.8	0	0
Ne20	18617.7	0.724352	99837.8	0	0
neutron	939.565	4.61861	99841.2	0	0
alpha	3727.38	8.88238	99841.2	0	0
F19	17692.3	1.10619	99841.2	0	0
neutron	939.565	0.601716	99830.8	0	0
N15	13968.9	0.213614	99830.8	0	0
proton	938.272	14.8225	99835	0	0
neutron	939.565	6.38645	99835	0	0
Mg26	24196.5	0.135629	99835	0	0
Al28	26058.3	0.189541	99850.2	0	0
Na24	22341.8	0.186941	99844.7	0	0
neutron	939.565	8.25565	99844.3	0	0
proton	938.272	8.21843	99844.3	0	0
neutron	939.565	8.19757	99844.3	0	0
neutron	939.565	2.03018	99844.3	0	0
Ne20	18617.7	0.0825253	99844.3	0	0
Na24	22341.8	0.213665	99836.7	0	0
neutron	939.565	1.18123	99843.8	0	0
deuteron	1875.61	1.47177	99843.8	0	0
C13	12109.5	0.351715	99843.8	0	0
neutron	939.565	6.98908	99845.6	0	0
proton	938.272	2.50176	99845.6	0	0
Mg26	24196.5	0.731429	99845.6	0	0
Na24	22341.8	0.185355	99837.5	0	0
neutron	939.565	5.40644	99838.8	0	0
proton	938.272	3.5556	99838.8	0	0
neutron	939.565	0.378486	99838.8	0	0
Ne21	19550.5	1.25408	99838.8	0	0
Na24	22341.8	0.212495	99836.6	0	0
neutron	939.565	0.833261	99841.6	0	0
Na23	21409.2	0.357751	99841.6	0	0
Al28	26058.3	0.188794	99842	0	0
proton	938.272	12.509	99836.8	0	0
neutron	939.565	3.98365	99836.8	0	0
neutron	939.565	1.20005	99836.8	0	0
neutron	939.565	0.303575	99836.8	0	0
Ne20	18617.7	0.683777	99836.8	0	0
Na24	22341.8	0.200685	99838.4	0	0
Mn56	52094	0.0882379	99838.3	0	0
Na24	22341.8	0.213016	99833.8	0	0
neutron	939.565	17.2649	99836.7	0	0
proton	938.272	4.57081	99836.7	0	0
neutron	939.565	1.69488	99836.7	0	0
neutron	939.565	1.44922	99836.7	0	0
C12	11174.9	2.37147	99836.7	0	0
neutron	939.565	13.2385	99842.1	0	0
proton	938.272	3.34131	99842.1	0	0
Ne22	20479.7	1.72824	99842.1	0	0
neutron	939.565	9.97183	99848.3	0	0
neutron	939.565	6.59817	99848.3	0	0
neutron	939.565	2.5283	99848.3	0	0
deuteron	1875.61	5.99339	99848.3	0	0
C11	10254	1.15573	99848.3	0	0
neutron	939.565	25.4624	99840.2	0	0
proton	938.272	5.9442	99840.2	0	0
neutron	939.565	4.80032	99840.2	0	0
neutron	939.565	3.61395	99840.2	0	0
Ne20	18617.7	2.66547	99840.2	0	0
neutron	939.565	0.894957	99843	0	0
Na23	21409.2	0.0732718	99843	0	0
Al28	26058.3	0.180177	99838.4	0	0
neutron	939.565	0.926128	99841.7	0	0
Na23	21409.2	0.16214	99841.7	0	0
neutron	939.565	9.59085	99836.3	0	0
proton	938.272	3.74186	99836.3	0	0
Mg26	24196.5	0.412213	99836.3	0	0
neutron	939.565	20.2776	99847.5	0	0
proton	938.272	3.47594	99847.5	0	0
neutron	939.565	2.93588	99847.5	0	0
neutron	939.565	2.1639	99847.5	0	0
C12	11174.9	0.962003	99847.5	0	0
neutron	939.565	2.96081	99836.3	0	0
neutron	939.565	0.855125	99836.3	0	0
Na24	22341.8	0.0183615	99836.3	0	0
neutron	939.565	19.7161	99852.8	0	0
proton	938.272	6.24996	99852.8	0	0
Ne22	20479.7	1.39815	99852.8	0	0
neutron	939.565	23.5359	99840.1	0	0
proton	938.272	6.75174	99840.1	0	0
neutron	939.565	1.79738	99840.1	0	0
neutron	939.565	1.25733	99840.1	0	0
Ne20	18617.7	0.0815717	99840.1	0	0
neutron	939.565	1.52656	99835.8	0	0
Al27	25126.5	0.269086	99835.8	0	0
neutron	939.565	0.605769	99845.7	0	0
Al27	25126.5	0.0874853	99845.7	0	0
neutron	939.565	1.68182	99843.3	0	0
Al28	26058.3	0.0271	99843.3	0	0
Na24	22341.8	0.208094	99834.7	0	0
Al28	26058.3	0.187694	99841.6	0	0
neutron	939.565	0.153437	99837.5	0	0
Mn55	51161.7	0.0613844	99837.5	0	0
neutron	939.565	2.84229	99840.3	0	0
Al27	25126.5	0.492449	99840.3	0	0
neutron	939.565	2.7877	99838.7	0	0
neutron	939.565	2.21583	99838.7	0	0
deuteron	1875.61	12.6155	99838.7	0	0
alpha	3727.38	11.3179	99838.7	0	0
Be8	7454.85	0.292315	99838.7	0	0
Al28	26058.3	0.176257	99837.3	0	0
neutron	939.565	6.08004	99845.1	0	0
neutron	939.565	4.78576	99845.1	0	0
proton	938.272	2.86261	99845.1	0	0
neutron	939.565	2.71479	99845.1	0	0
alpha	3727.38	12.5037	99845.1	0	0
O16	14895.1	1.99532	99845.1	0	0
proton	938.272	5.14246	99837.7	0	0
neutron	939.565	2.39058	99837.7	0	0
Mg26	24196.5	0.719358	99837.7	0	0
N16	14906	0.283633	99832.2	0	0
neutron	939.565	0.312593	99839.2	0	0
Al27	25126.5	0.260721	99839.2	0	0
neutron	939.565	12.2153	99832.9	0	0
proton	938.272	4.52038	99832.9	0	0
neutron	939.565	2.91003	99832.9	0	0
Ne21	19550.5	0.475481	99832.9	0	0
Al28	26058.3	0.149804	99847.3	0	0
Al28	26058.3	0.182317	99855.8	0	0
neutron	939.565	0.518314	99835.5	0	0
Mn55	51161.7	0.051153	99835.5	0	0
proton	938.272	17.3592	99842.6	0	0
neutron	939.565	1.7304	99842.6	0	0
neutron	939.565	1.28706	99842.6	0	0
C13	12109.5	0.788341	99842.6	0	0
neutron	939.565	0.566873	99841	0	0
Mn55	51161.7	0.067252	99841	0	0
neutron	939.565	15.656	99840.6	0	0
neutron	939.565	5.00341	99840.6	0	0
proton	938.272	1.90643	99840.6	0	0
Mg26	24196.5	0.6383	99840.6	0	0
neutron	939.565	27.4941	99845.1	0	0
neutron	939.565	24.7547	99845.1	0	0
proton	938.272	2.40705	99845.1	0	0
neutron	939.565	1.22782	99845.1	0	0
C12	11174.9	1.90855	99845.1	0	0
Na24	22341.8	0.217067	99848.5	0	0
neutron	939.565	0.125113	99843.6	0	0
Al27	25126.5	0.135848	99843.6	0	0
neutron	939.565	1.09524	99835.7	0	0
neutron	939.565	0.533117	99835.7	0	0
Na23	21409.2	0.397358	99835.7	0	0
proton	938.272	10.5361	99834	0	0
neutron	939.565	6.36758	99834	0	0
neutron	939.565	0.49829	99834	0	0
C13	12109.5	0.234974	99834	0	0
Al28	26058.3	0.183302	99844.1	0	0
Al28	26058.3	0.16688	99842.2	0	0
proton	938.272	4.67449	99838.4	0	0
neutron	939.565	2.25486	99838.4	0	0
alpha	3727.38	10.1974	99838.4	0	0
Ne22	20479.7	1.6069	99838.4	0	0
neutron	939.565	9.47806	99841.2	0	0
proton	938.272	3.81441	99841.2	0	0
proton	938.272	2.03489	99841.2	0	0
neutron	939.565	1.25623	99841.2	0	0
F20	18625.3	0.152398	99841.2	0	0
neutron	939.565	18.7665	99842	0	0
neutron	939.565	4.48949	99842	0	0
deuteron	1875.61	7.15729	99842	0	0
Ne20	18617.7	3.39804	99842	0	0
neutron	939.565	1.70457	99838.9	0	0
Al27	25126.5	0.281676	99838.9	0	0
neutron	939.565	3.44467	99837.7	0	0
Al27	25126.5	0.351339	99837.7	0	0
neutron	939.565	5.32909	99837.8	0	0
alpha	3727.38	7.50184	99837.8	0	0
triton	2808.92	9.41014	99837.8	0	0
alpha	3727.38	4.40035	99837.8	0	0
alpha	3727.38	2.03008	99837.8	0	0
neutron	939.565	9.58186	99837.9	0	0
proton	938.272	4.90345	99837.9	0	0
neutron	939.565	2.75402	99837.9	0	0
neutron	939.565	0.546635	99837.9	0	0
Ne20	18617.7	0.0673267	99837.9	0	0
Na24	22341.8	0.217629	99836.7	0	0
neutron	939.565	0.480551	99841.4	0	0
neutron	939.565	0.291399	99841.4	0	0
Na22	20482.1	0.0478349	99841.4	0	0
neutron	939.565	16.4426	99844.7	0	0
proton	938.272	8.42588	99844.7	0	0
neutron	939.565	2.74125	99844.7	0	0
neutron	939.565	0.526268	99844.7	0	0
Ne20	18617.7	1.57728	99844.7	0	0
neutron	939.565	1.91706	99837.3	0	0
deuteron	1875.61	17.1794	99837.3	0	0
Mg26	24196.5	1.02988	99837.3	0	0
Al28	26058.3	0.188507	99838.1	0	0
Na24	22341.8	0.216672	99835.7	0	0
Na24	22341.8	0.212679	99839.3	0	0
proton	938.272	12.0396	99840	0	0
neutron	939.565	11.3709	99840	0	0
neutron	939.565	10.4604	99840	0	0
neutron	939.565	3.60377	99840	0	0
neutron	939.565	1.97138	99840	0	0
Ne20	18617.7	0.878233	99840	0	0
deuteron	1875.61	4.8734	99839.2	0	0
Ne22	20479.7	0.714051	99839.2	0	0
Al28	26058.3	0.167582	99840.5	0	0
neutron	939.565	11.2921	99836	0	0
neutron	939.565	6.95621	99836	0	0
proton	938.272	3.90436	99836	0	0
Mg25	23268	0.247813	99836	0	0
proton	938.272	2.70467	99844.5	0	0
neutron	939.565	1.69419	99844.5	0	0
Ne22	20479.7	0.4108	99844.5	0	0
N16	14906	0.281339	99841.1	0	0
Mn56	52094	0.0964031	99842.2	0	0
neutron	939.565	2.67694	99839.6	0	0
neutron	939.565	2.67452	99839.6	0	0
neutron	939.565	1.51055	99839.6	0	0
deuteron	1875.61	6.6948	99839.6	0	0
Ne21	19550.5	0.688666	99839.6	0	0
proton	938.272	4.86154	99847.8	0	0
neutron	939.565	0.8083	99847.8	0	0
Mg26	24196.5	0.056559	99847.8	0	0
neutron	939.565	0.283185	99842.1	0	0
Al27	25126.5	0.111888	99842.1	0	0
neutron	939.565	10.9094	99843.1	0	0
proton	938.272	4.99619	99843.1	0	0
neutron	939.565	3.5202	99843.1	0	0
neutron	939.565	1.64309	99843.1	0	0
C12	11174.9	2.893	99843.1	0	0
neutron	939.565	2.2843	99837.7	0	0
N15	13968.9	0.372017	99837.7	0	0
Al28	26058.3	0.185596	99843.9	0	0
Al28	26058.3	0.175987	99839	0	0
Na24	22341.8	0.219448	99841.4	0	0
neutron	939.565	4.80341	99841	0	0
neutron	939.565	0.256687	99841	0	0
deuteron	1875.61	9.77005	99841	0	0
Mg24	22335.8	1.59363	99841	0	0
neutron	939.565	24.2298	99849	0	0
neutron	939.565	8.10293	99849	0	0
neutron	939.565	6.51369	99849	0	0
proton	938.272	2.50368	99849	0	0
alpha	3727.38	6.39577	99849	0	0
O16	14895.1	0.252373	99849	0	0
neutron	939.565	2.9169	99836.6	0	0
triton	2808.92	5.72382	99836.6	0	0
alpha	3727.38	4.60235	99836.6	0	0
alpha	3727.38	3.67501	99836.6	0	0
alpha	3727.38	3.96908	99836.6	0	0
Al28	26058.3	0.17375	99834.7	0	0
Na24	22341.8	0.190907	99840.9	0	0
Na26	24206.4	0.170046	99844	0	0
Na24	22341.8	0.213961	99839.5	0	0
Al28	26058.3	0.178064	99844.7	0	0
Al28	26058.3	0.163277	99837.9	0	0
Na24	22341.8	0.199751	99836.5	0	0
Al28	26058.3	0.190403	99835.8	0	0
neutron	939.565	3.38015	99837.5	0	0
N15	13968.9	0.219258	99837.5	0	0
neutron	939.565	0.354259	99841.8	0	0
Al27	25126.5	0.152907	99841.8	0	0
neutron	939.565	4.79109	99841.8	0	0
Al27	25126.5	0.608793	99841.8	0	0
neutron	939.565	19.309	99838.8	0	0
proton	938.272	5.68793	99838.8	0	0
neutron	939.565	4.06819	99838.8	0	0
neutron	939.565	1.4808	99838.8	0	0
C12	11174.9	1.20986	99838.8	0	0
neutron	939.565	4.04798	99837.7	0	0
triton	2808.92	5.22523	99837.7	0	0
alpha	3727.38	8.73922	99837.7	0	0
Be8	7454.85	3.66057	99837.7	0	0
Na24	22341.8	0.214313	99848.5	0	0
neutron	939.565	3.96814	99834.1	0	0
deuteron	1875.61	2.80509	99834.1	0	0
Ne21	19550.5	0.485839	99834.1	0	0
Na24	22341.8	0.186907	99835.6	0	0
neutron	939.565	3.80126	99845.9	0	0
N15	13968.9	0.25215	99845.9	0	0
neutron	939.565	8.78911	99837.4	0	0
neutron	939.565	7.03503	99837.4	0	0
proton	938.272	4.48871	99837.4	0	0
Ne21	19550.5	2.241	99837.4	0	0
neutron	939.565	38.9274	99836.1	0	0
proton	938.272	3.58954	99836.1	0	0
neutron	939.565	0.85595	99836.1	0	0
Ne21	19550.5	3.06146	99836.1	0	0
neutron	939.565	26.0539	99837.2	0	0
neutron	939.565	6.71819	99837.2	0	0
proton	938.272	3.76081	99837.2	0	0
neutron	939.565	2.13083	99837.2	0	0
Ne20	18617.7	0.386421	99837.2	0	0
neutron	939.565	0.451483	99845.5	0	0
N15	13968.9	0.181486	99845.5	0	0
Mg24	22335.8	0.172053	99978.8	119.442	118.691
neutron	939.565	5.71361	99835.4	0	0
triton	2808.92	5.6948	99835.4	0	0
C12	11174.9	2.47259	99835.4	0	0
neutron	939.565	19.4398	99848.2	0	0
neutron	939.565	7.32196	99848.2	0	0
alpha	3727.38	7.6707	99848.2	0	0
Na22	20482.1	1.18447	99848.2	0	0
neutron	939.565	2.5532	99842	0	0
proton	938.272	2.45754	99842	0	0
Mg26	24196.5	0.113721	99842	0	0
Na25	23272.4	0.196147	99838.4	0	0
neutron	939.565	4.47172	99840.8	0	0
neutron	939.565	2.32952	99840.8	0	0
neutron	939.565	1.15126	99840.8	0	0
Na23	21409.2	0.554879	99840.8	0	0
Na24	22341.8	0.212666	99842.7	0	0
neutron	939.565	7.38542	99835.7	0	0
proton	938.272	2.9114	99835.7	0	0
neutron	939.565	0.719335	99835.7	0	0
Mg25	23268	0.301494	99835.7	0	0
Al28	26058.3	0.16917	99836.7	0	0
N16	14906	0.283573	99839	0	0
Na24	22341.8	0.209903	99835.5	0	0
Mn56	52094	0.0822106	99837.9	0	0
Na24	22341.8	0.184588	99842.3	0	0
N16	14906	0.297149	99837.2	0	0
Na24	22341.8	0.205422	99831.7	0	0
Na24	22341.8	0.217432	99840.2	0	0
Mn56	52094	0.0875377	99839.9	0	0
neutron	939.565	18.0359	99835.2	0	0
neutron	939.565	3.76103	99835.2	0	0
Na22	20482.1	1.22837	99835.2	0	0
Al28	26058.3	0.181043	99841.4	0	0
neutron	939.565	0.417248	99842.7	0	0
Na23	21409.2	0.196538	99842.7	0	0
neutron	939.565	2.41678	99845.1	0	0
proton	938.272	1.96161	99845.1	0	0
neutron	939.565	0.286111	99845.1	0	0
Ne21	19550.5	0.20181	99845.1	0	0
neutron	939.565	0.953839	99842	0	0
Na25	23272.4	0.0865252	99842	0	0
neutron	939.565	4.05467	99844.1	0	0
neutron	939.565	3.77024	99844.1	0	0
deuteron	1875.61	1.45192	99844.1	0	0
alpha	3727.38	3.92281	99844.1	0	0
O16	14895.1	4.72509	99844.1	0	0
proton	938.272	5.18688	99838.6	0	0
neutron	939.565	1.66646	99838.6	0	0
Ne22	20479.7	0.0928183	99838.6	0	0
Na24	22341.8	0.195801	99838.2	0	0
Al28	26058.3	0.154106	99836.1	0	0
neutron	939.565	0.540921	99844.3	0	0
Na23	21409.2	0.296811	99844.3	0	0
Al28	26058.3	0.189361	99837.2	0	0
neutron	939.565	9.76558	99836.9	0	0
proton	938.272	9.19186	99836.9	0	0
neutron	939.565	4.18237	99836.9	0	0
neutron	939.565	0.732139	99836.9	0	0
Ne20	18617.7	1.1835	99836.9	0	0
Na26	24206.4	0.18445	99844.2	0	0
Na24	22341.8	0.205721	99839.7	0	0
neutron	939.565	24.6446	99837.8	0	0
neutron	939.565	5.1442	99837.8	0	0
proton	938.272	2.53111	99837.8	0	0
C13	12109.5	2.01079	99837.8	0	0
neutron	939.565	5.59848	99832.3	0	0
proton	938.272	4.24371	99832.3	0	0
neutron	939.565	2.47133	99832.3	0	0
neutron	939.565	0.720318	99832.3	0	0
alpha	3727.38	4.61633	99832.3	0	0
O16	14895.1	2.94796	99832.3	0	0
neutron	939.565	0.735807	99844.4	0	0
Na23	21409.2	0.264069	99844.4	0	0
proton	938.272	6.24403	99844.3	0	0
neutron	939.565	5.7481	99844.3	0	0
neutron	939.565	1.18115	99844.3	0	0
neutron	939.565	1.05456	99844.3	0	0
C12	11174.9	0.632242	99844.3	0	0
neutron	939.565	12.5857	99834.4	0	0
neutron	939.565	6.66674	99834.4	0	0
proton	938.272	3.51802	99834.4	0	0
Ne21	19550.5	1.10949	99834.4	0	0
neutron	939.565	2.2003	99841.6	0	0
N15	13968.9	0.25378	99841.6	0	0
O16	14895.1	0.213256	99967.4	109.716	109.131
proton	938.272	6.60396	99843.1	0	0
neutron	939.565	2.21532	99843.1	0	0
neutron	939.565	0.146501	99843.1	0	0
Mg25	23268	0.337834	99843.1	0	0
Na24	22341.8	0.200875	99843.7	0	0
Na24	22341.8	0.19949	99844.8	0	0
Al28	26058.3	0.170678	99837	0	0
neutron	939.565	2.30815	99834.1	0	0
N15	13968.9	0.444177	99834.1	0	0
neutron	939.565	27.6175	99835.4	0	0
neutron	939.565	17.6032	99835.4	0	0
proton	938.272	3.17176	99835.4	0	0
C13	12109.5	1.49176	99835.4	0	0
neutron	939.565	10.5612	99847.4	0	0
proton	938.272	1.18651	99847.4	0	0
neutron	939.565	0.974702	99847.4	0	0
C13	12109.5	0.550923	99847.4	0	0
neutron	939.565	18.6238	99840	0	0
proton	938.272	4.72261	99840	0	0
neutron	939.565	4.62793	99840	0	0
neutron	939.565	0.375503	99840	0	0
Mg24	22335.8	1.33485	99840	0	0
proton	938.272	6.56929	99838.9	0	0
neutron	939.565	3.70739	99838.9	0	0
neutron	939.565	2.43982	99838.9	0	0
Cr53	49301.7	0.336967	99838.9	0	0
proton	938.272	5.79442	99837.2	0	0
neutron	939.565	4.37285	99837.2	0	0
neutron	939.565	4.25582	99837.2	0	0
alpha	3727.38	14.455	99837.2	0	0
Ne21	19550.5	5.74142	99837.2	0	0
Al28	26058.3	0.184447	99842.5	0	0
Na24	22341.8	0.198135	99836.1	0	0
neutron	939.565	3.04331	99836	0	0
Na23	21409.2	0.512815	99836	0	0
Na24	22341.8	0.208192	99842.4	0	0
neutron	939.565	2.57579	99833.5	0	0
proton	938.272	2.03358	99833.5	0	0
Ne22	20479.7	0.385319	99833.5	0	0
Na24	22341.8	0.202749	99839.9	0	0
Al28	26058.3	0.171579	99835.3	0	0
neutron	939.565	8.84999	99835.4	0	0
proton	938.272	8.57734	99835.4	0	0
neutron	939.565	7.72434	99835.4	0	0
C13	12109.5	1.45112	99835.4	0	0
neutron	939.565	43.9488	99845.9	0	0
neutron	939.565	3.36635	99845.9	0	0
neutron	939.565	1.5004	99845.9	0	0
Na23	21409.2	1.03867	99845.9	0	0
Na24	22341.8	0.196717	99836.5	0	0
neutron	939.565	27.5747	99841.8	0	0
proton	938.272	3.7885	99841.8	0	0
neutron	939.565	2.10044	99841.8	0	0
C13	12109.5	3.66046	99841.8	0	0
neutron	939.565	6.73968	99841.4	0	0
neutron	939.565	5.02913	99841.4	0	0
neutron	939.565	2.81331	99841.4	0	0
Na23	21409.2	1.71074	99841.4	0	0
Al28	26058.3	0.178607	99835.9	0	0
Na26	24206.4	0.182509	99846.7	0	0
proton	938.272	24.544	99841.9	0	0
proton	938.272	5.09511	99841.9	0	0
neutron	939.565	3.40939	99841.9	0	0
neutron	939.565	2.02759	99841.9	0	0
neutron	939.565	1.00575	99841.9	0	0
F19	17692.3	0.631072	99841.9	0	0
deuteron	1875.61	8.72408	99850.3	0	0
triton	2808.92	13.2165	99850.3	0	0
B11	10252.5	4.11146	99850.3	0	0
neutron	939.565	6.76095	99836.1	0	0
Na23	21409.2	0.0806236	99836.1	0	0
Na24	22341.8	0.215778	99838.1	0	0
proton	938.272	3.6404	99842	0	0
neutron	939.565	1.45857	99842	0	0
neutron	939.565	0.290269	99842	0	0
Ne21	19550.5	0.131627	99842	0	0
neutron	939.565	4.73261	99836.8	0	0
neutron	939.565	0.583874	99836.8	0	0
N14	13040.2	1.11615	99836.8	0	0
neutron	939.565	0.922331	99840.5	0	0
Mn55	51161.7	0.0332454	99840.5	0	0
N16	14906	0.277857	99835.1	0	0
Al28	26058.3	0.158768	99839.8	0	0
Al28	26058.3	0.187305	99833.1	0	0
neutron	939.565	4.63432	99841.4	0	0
neutron	939.565	3.44388	99841.4	0	0
proton	938.272	3.30499	99841.4	0	0
neutron	939.565	2.04674	99841.4	0	0
Mg24	22335.8	0.562472	99841.4	0	0
Na24	22341.8	0.181643	99837.3	0	0
Na24	22341.8	0.212185	99834.7	0	0
proton	938.272	13.1633	99848.1	0	0
neutron	939.565	1.79533	99848.1	0	0
neutron	939.565	0.523466	99848.1	0	0
Mg25	23268	0.638653	99848.1	0	0
proton	938.272	8.65491	99835.3	0	0
neutron	939.565	3.22242	99835.3	0	0
neutron	939.565	2.63777	99835.3	0	0
neutron	939.565	1.79245	99835.3	0	0
Mg24	22335.8	0.197362	99835.3	0	0
neutron	939.565	0.278273	99839.1	0	0
Na23	21409.2	0.125244	99839.1	0	0
Na24	22341.8	0.195538	99838.2	0	0
Na24	22341.8	0.216396	99848.5	0	0
proton	938.272	3.99075	99834.1	0	0
neutron	939.565	3.70159	99834.1	0	0
neutron	939.565	1.47664	99834.1	0	0
Mg25	23268	0.852117	99834.1	0	0
neutron	939.565	3.20811	99835.8	0	0
proton	938.272	1.97306	99835.8	0	0
Mg26	24196.5	0.53054	99835.8	0	0
neutron	939.565	0.794145	99833.5	0	0
Na23	21409.2	0.125816	99833.5	0	0
neutron	939.565	2.48427	99839.6	0	0
proton	938.272	1.88403	99839.6	0	0
C14	13040.9	0.116462	99839.6	0	0
Mn56	52094	0.0894573	99844.3	0	0
Mn56	52094	0.0944318	99844.6	0	0
neutron	939.565	4.88649	99836.1	0	0
neutron	939.565	3.04734	99836.1	0	0
proton	938.272	2.73433	99836.1	0	0
neutron	939.565	0.870687	99836.1	0	0
Ne20	18617.7	0.331925	99836.1	0	0
neutron	939.565	1.42692	99851.8	0	0
deuteron	1875.61	9.95023	99851.8	0	0
Ne21	19550.5	0.5252	99851.8	0	0
Na24	22341.8	0.210904	99844.4	0	0
proton	938.272	8.81513	99841.7	0	0
neutron	939.565	3.38665	99841.7	0	0
neutron	939.565	2.26251	99841.7	0	0
Ne21	19550.5	0.326799	99841.7	0	0
Na24	22341.8	0.210262	99836	0	0
neutron	939.565	1.50758	99844.2	0	0
alpha	3727.38	8.39314	99844.2	0	0
Na23	21409.2	1.99956	99844.2	0	0
neutron	939.565	17.1277	99845.9	0	0
neutron	939.565	4.52869	99845.9	0	0
neutron	939.565	1.05202	99845.9	0	0
Na21	19553.6	0.308594	99845.9	0	0
Na24	22341.8	0.213586	99836.6	0	0
Na24	22341.8	0.187339	99835.4	0	0
proton	938.272	2.33689	99838.5	0	0
neutron	939.565	2.26761	99838.5	0	0
neutron	939.565	1.87641	99838.5	0	0
Ne21	19550.5	0.0602778	99838.5	0	0
proton	938.272	4.98853	99848.6	0	0
neutron	939.565	3.68064	99848.6	0	0
Mg26	24196.5	0.353731	99848.6	0	0
neutron	939.565	3.52262	99854.5	0	0
Na23	21409.2	0.269475	99854.5	0	0
N16	14906	0.275029	99849.4	0	0
Al28	26058.3	0.157319	99838.4	0	0
Na26	24206.4	0.174231	99841.4	0	0
neutron	939.565	9.68078	99835.3	0	0
neutron	939.565	0.325489	99835.3	0	0
Na24	22341.8	0.799056	99835.3	0	0
Na24	22341.8	0.194174	99839.3	0	0
neutron	939.565	2.33644	99836.4	0	0
neutron	939.565	1.05353	99836.4	0	0
N14	13040.2	0.0349163	99836.4	0	0
neutron	939.565	6.24498	99836.3	0	0
neutron	939.565	1.8198	99836.3	0	0
Mn54	50232.4	0.0212714	99836.3	0	0
Na26	24206.4	0.179281	99840.8	0	0
Al29	26988.5	0.165148	99838	0	0
neutron	939.565	0.654996	99841.8	0	0
Na24	22341.8	0.114215	99841.8	0	0
neutron	939.565	0.284503	99833.6	0	0
Na23	21409.2	0.158377	99833.6	0	0
neutron	939.565	15.2686	99840.8	0	0
neutron	939.565	6.94611	99840.8	0	0
neutron	939.565	5.84185	99840.8	0	0
proton	938.272	1.66789	99840.8	0	0
C12	11174.9	3.82426	99840.8	0	0
neutron	939.565	7.85328	99842.4	0	0
neutron	939.565	4.04308	99842.4	0	0
proton	938.272	3.34578	99842.4	0	0
C13	12109.5	0.200154	99842.4	0	0
neutron	939.565	4.00826	99842.9	0	0
neutron	939.565	2.24651	99842.9	0	0
neutron	939.565	1.24412	99842.9	0	0
Na23	21409.2	1.055	99842.9	0	0
neutron	939.565	2.89759	99842.4	0	0
alpha	3727.38	8.66493	99842.4	0	0
triton	2808.92	6.28298	99842.4	0	0
Ne20	18617.7	3.62072	99842.4	0	0
Al28	26058.3	0.174841	99846	0	0
neutron	939.565	1.11357	99841.7	0	0
neutron	939.565	0.843743	99841.7	0	0
Mn54	50232.4	0.0988141	99841.7	0	0
Na24	22341.8	0.214284	99841	0	0
neutron	939.565	15.8309	99847.2	0	0
proton	938.272	11.2511	99847.2	0	0
triton	2808.92	7.28574	99847.2	0	0
B11	10252.5	0.611742	99847.2	0	0
neutron	939.565	2.25797	99847.6	0	0
Na24	22341.8	0.454495	99847.6	0	0
neutron	939.565	12.6821	99849.4	0	0
neutron	939.565	6.13906	99849.4	0	0
Na22	20482.1	0.625399	99849.4	0	0
neutron	939.565	0.316496	99845.4	0	0
N15	13968.9	0.236853	99845.4	0	0
neutron	939.565	7.72645	99836.5	0	0
proton	938.272	3.19405	99836.5	0	0
Ne22	20479.7	0.915896	99836.5	0	0
neutron	939.565	3.6576	99832.9	0	0
Na23	21409.2	0.586008	99832.9	0	0
proton	938.272	1.79782	99841.8	0	0
neutron	939.565	1.56033	99841.8	0	0
Ne22	20479.7	0.248315	99841.8	0	0
Na24	22341.8	0.218125	99845.1	0	0
Mn56	52094	0.0965173	99841.1	0	0
Al28	26058.3	0.173357	99850.4	0	0
Mn56	52094	0.0826495	99836.3	0	0
proton	938.272	9.0509	99837.5	0	0
neutron	939.565	5.49442	99837.5	0	0
neutron	939.565	3.59795	99837.5	0	0
neutron	939.565	1.09397	99837.5	0	0
C12	11174.9	1.07624	99837.5	0	0
neutron	939.565	6.94359	99840	0	0
neutron	939.565	1.68022	99840	0	0
Mn54	50232.4	0.0281857	99840	0	0
neutron	939.565	1.14058	99835.9	0	0
triton	2808.92	2.26749	99835.9	0	0
C12	11174.9	1.00794	99835.9	0	0
neutron	939.565	7.05352	99835.9	0	0
neutron	939.565	2.2405	99835.9	0	0
deuteron	1875.61	18.3756	99835.9	0	0
C12	11174.9	6.32297	99835.9	0	0
proton	938.272	7.09619	99836.7	0	0
Mg27	25129.6	0.513127	99836.7	0	0
N16	14906	0.278646	99836.6	0	0
Na25	23272.4	0.19839	99849.1	0	0
proton	938.272	9.43568	99840.2	0	0
neutron	939.565	1.59056	99840.2	0	0
Ne22	20479.7	0.976034	99840.2	0	0
neutron	939.565	5.72542	99832.4	0	0
neutron	939.565	4.64321	99832.4	0	0
Mn54	50232.4	0.202342	99832.4	0	0
neutron	939.565	9.69776	99839.9	0	0
Na23	21409.2	0.974505	99839.9	0	0
neutron	939.565	33.3656	99834.7	0	0
proton	938.272	12.2834	99834.7	0	0
neutron	939.565	8.23245	99834.7	0	0
neutron	939.565	2.6114	99834.7	0	0
Ne20	18617.7	1.99282	99834.7	0	0
neutron	939.565	0.194906	99841.8	0	0
Na23	21409.2	0.283748	99841.8	0	0
Na24	22341.8	0.217929	99838.1	0	0
Mn56	52094	0.094575	99840.1	0	0
Al28	26058.3	0.163213	99839.8	0	0
neutron	939.565	27.4619	99839.4	0	0
proton	938.272	11.782	99839.4	0	0
neutron	939.565	2.54313	99839.4	0	0
neutron	939.565	0.397285	99839.4	0	0
Ne20	18617.7	0.321493	99839.4	0	0
Si28	26053.2	0.206975	99895.9	68.6589	67.3326
Na24	22341.8	0.197275	99846.6	0	0
Al30	27922.3	0.158735	99850.9	0	0
proton	938.272	5.13024	99840.8	0	0
neutron	939.565	1.93869	99840.8	0	0
neutron	939.565	0.752173	99840.8	0	0
C13	12109.5	1.28901	99840.8	0	0
proton	938.272	6.08952	99846.3	0	0
neutron	939.565	3.06508	99846.3	0	0
Mg26	24196.5	0.57499	99846.3	0	0
Al28	26058.3	0.176988	99849.7	0	0
Si29	26984.3	0.119007	99942.1	95.4132	95.0887
neutron	939.565	1.86651	99837.7	0	0
neutron	939.565	1.74457	99837.7	0	0
neutron	939.565	0.63356	99837.7	0	0
Mn53	49301.8	0.0335468	99837.7	0	0
neutron	939.565	0.555872	99840.6	0	0
Mn55	51161.7	0.11254	99840.6	0	0
Na24	22341.8	0.166065	99842.1	0	0
proton	938.272	8.13402	99846.7	0	0
neutron	939.565	6.41461	99846.7	0	0
alpha	3727.38	4.27127	99846.7	0	0
Be10	9325.5	1.54189	99846.7	0	0
neutron	939.565	3.2067	99837.4	0	0
alpha	3727.38	4.67737	99837.4	0	0
F19	17692.3	1.43681	99837.4	0	0
Mn56	52094	0.0816024	99836.5	0	0
Na24	22341.8	0.21921	99850.5	0	0
neutron	939.565	8.35141	99839.6	0	0
proton	938.272	6.42712	99839.6	0	0
proton	938.272	3.32884	99839.6	0	0
neutron	939.565	1.52714	99839.6	0	0
Na24	22341.8	0.626398	99839.6	0	0
Al28	26058.3	0.16415	99844.2	0	0
neutron	939.565	31.8444	99841.6	0	0
neutron	939.565	27.9165	99841.6	0	0
proton	938.272	3.3538	99841.6	0	0
neutron	939.565	1.99145	99841.6	0	0
C12	11174.9	0.699017	99841.6	0	0
proton	938.272	30.3555	99835.8	0	0
neutron	939.565	7.05798	99835.8	0	0
neutron	939.565	0.900736	99835.8	0	0
Ne21	19550.5	1.29058	99835.8	0	0
neutron	939.565	13.766	99836.5	0	0
proton	938.272	2.47818	99836.5	0	0
Ne22	20479.7	0.623462	99836.5	0	0
proton	938.272	22.4599	99843.5	0	0
neutron	939.565	4.33277	99843.5	0	0
neutron	939.565	1.58735	99843.5	0	0
C13	12109.5	0.96909	99843.5	0	0
Na24	22341.8	0.198566	99836.8	0	0
neutron	939.565	0.865329	99839.9	0	0
deuteron	1875.61	4.22779	99839.9	0	0
Ne21	19550.5	0.436565	99839.9	0	0
Al28	26058.3	0.174827	99838.6	0	0
neutron	939.565	4.17564	99839.2	0	0
triton	2808.92	6.23715	99839.2	0	0
C12	11174.9	1.22695	99839.2	0	0
Na24	22341.8	0.206313	99835.4	0	0
neutron	939.565	5.69016	99836.6	0	0
neutron	939.565	5.11186	99836.6	0	0
proton	938.272	1.29158	99836.6	0	0
neutron	939.565	0.240589	99836.6	0	0
C12	11174.9	1.09906	99836.6	0	0
Na24	22341.8	0.21466	99841.9	0	0
neutron	939.565	6.54992	99844.2	0	0
N15	13968.9	0.355363	99844.2	0	0
Mn56	52094	0.0888592	99840.2	0	0
Al28	26058.3	0.161361	99841.1	0	0
neutron	939.565	0.296866	99840.6	0	0
N15	13968.9	0.238146	99840.6	0	0
Na24	22341.8	0.21323	99833.9	0	0
Na24	22341.8	0.207324	99847	0	0
Al28	26058.3	0.186848	99839.8	0	0
neutron	939.565	1.97436	99838.2	0	0
N15	13968.9	0.569503	99838.2	0	0
Na24	22341.8	0.196577	99838.8	0	0
Na24	22341.8	0.201493	99836.6	0	0
Al28	26058.3	0.188451	99844	0	0
neutron	939.565	28.3492	99844.8	0	0
neutron	939.565	2.84336	99844.8	0	0
neutron	939.565	2.15526	99844.8	0	0
Na23	21409.2	2.37321	99844.8	0	0
proton	938.272	17.0527	99836.5	0	0
neutron	939.565	5.35414	99836.5	0	0
neutron	939.565	1.29831	99836.5	0	0
Mg25	23268	0.312404	99836.5	0	0
neutron	939.565	1.57268	99845.1	0	0
N15	13968.9	0.494606	99845.1	0	0
proton	938.272	14.9508	99847.1	0	0
neutron	939.565	7.93921	99847.1	0	0
neutron	939.565	3.95529	99847.1	0	0
neutron	939.565	1.92072	99847.1	0	0
alpha	3727.38	8.78062	99847.1	0	0
alpha	3727.38	2.99101	99847.1	0	0
alpha	3727.38	3.55457	99847.1	0	0
neutron	939.565	5.11133	99838.9	0	0
neutron	939.565	4.82471	99838.9	0	0
proton	938.272	2.4291	99838.9	0	0
neutron	939.565	0.664236	99838.9	0	0
alpha	3727.38	5.17331	99838.9	0	0
O16	14895.1	2.87113	99838.9	0	0
neutron	939.565	6.2814	99845.2	0	0
neutron	939.565	4.50893	99845.2	0	0
deuteron	1875.61	8.22831	99845.2	0	0
Ne20	18617.7	1.36853	99845.2	0	0
proton	938.272	2.36245	99833.8	0	0
neutron	939.565	2.17235	99833.8	0	0
Mg26	24196.5	0.158929	99833.8	0	0
Si28	26053.2	0.304997	99888.4	59.9471	59.3589
neutron	939.565	0.644906	99866.2	0	0
Na23	21409.2	0.218957	99866.2	0	0
neutron	939.565	25.9826	99847.1	0	0
neutron	939.565	11.9201	99847.1	0	0
proton	938.272	3.47316	99847.1	0	0
Ne21	19550.5	2.05135	99847.1	0	0
neutron	939.565	0.368204	99842.2	0	0
Na23	21409.2	0.142979	99842.2	0	0
proton	938.272	4.64535	99835.6	0	0
neutron	939.565	3.48817	99835.6	0	0
Ne22	20479.7	0.500771	99835.6	0	0
neutron	939.565	8.26936	99839.4	0	0
neutron	939.565	0.788723	99839.4	0	0
Na23	21409.2	0.523375	99839.4	0	0
Na24	22341.8	0.198407	99838.3	0	0
Na24	22341.8	0.203178	99834.9	0	0
neutron	939.565	9.84827	99831.4	0	0
proton	938.272	5.39238	99831.4	0	0
neutron	939.565	4.44685	99831.4	0	0
neutron	939.565	1.50167	99831.4	0	0
deuteron	1875.61	3.7976	99831.4	0	0
alpha	3727.38	4.41433	99831.4	0	0
N14	13040.2	4.07752	99831.4	0	0
neutron	939.565	15.9901	99841.4	0	0
proton	938.272	3.86463	99841.4	0	0
neutron	939.565	2.77484	99841.4	0	0
neutron	939.565	0.220541	99841.4	0	0
C12	11174.9	0.99606	99841.4	0	0
Na24	22341.8	0.215238	99838.3	0	0
neutron	939.565	20.9724	99845.7	0	0
neutron	939.565	2.52281	99845.7	0	0
proton	938.272	1.18693	99845.7	0	0
C13	12109.5	1.74292	99845.7	0	0
proton	938.272	4.40574	99832.1	0	0
neutron	939.565	2.97226	99832.1	0	0
Ne22	20479.7	0.124667	99832.1	0	0
neutron	939.565	0.163714	99841.4	0	0
N15	13968.9	0.246128	99841.4	0	0
Na24	22341.8	0.198975	99840.3	0	0
neutron	939.565	19.7612	99841.7	0	0
neutron	939.565	3.80059	99841.7	0	0
N14	13040.2	1.81582	99841.7	0	0
proton	938.272	35.651	99835.1	0	0
neutron	939.565	1.68765	99835.1	0	0
neutron	939.565	0.100259	99835.1	0	0
C13	12109.5	1.42616	99835.1	0	0
neutron	939.565	1.94166	99835.6	0	0
Na23	21409.2	0.442232	99835.6	0	0
neutron	939.565	0.371654	99850.8	0	0
Al27	25126.5	0.176224	99850.8	0	0
neutron	939.565	0.935223	99846.2	0	0
Al27	25126.5	0.254724	99846.2	0	0
Na24	22341.8	0.211774	99835.1	0	0
Al28	26058.3	0.181174	99840.7	0	0
O16	14895.1	0.190295	99920.3	80.3026	80.0145
neutron	939.565	4.37508	99843.6	0	0
N15	13968.9	0.400974	99843.6	0	0
Na24	22341.8	0.202365	99847.4	0	0
Na25	23272.4	0.1847	99835.8	0	0
neutron	939.565	5.56873	99837.4	0	0
proton	938.272	4.22524	99837.4	0	0
neutron	939.565	3.9282	99837.4	0	0
neutron	939.565	3.52706	99837.4	0	0
Mg24	22335.8	0.0329719	99837.4	0	0
Al28	26058.3	0.186122	99835.7	0	0
neutron	939.565	8.80453	99839.9	0	0
proton	938.272	7.18999	99839.9	0	0
neutron	939.565	5.64061	99839.9	0	0
neutron	939.565	5.24953	99839.9	0	0
neutron	939.565	2.41739	99839.9	0	0
neutron	939.565	1.37781	99839.9	0	0
Mg24	22335.8	0.254266	99839.9	0	0
neutron	939.565	1.90851	99839	0	0
Na23	21409.2	0.343188	99839	0	0
neutron	939.565	5.16901	99836.2	0	0
Mn55	51161.7	0.179169	99836.2	0	0
neutron	939.565	3.73536	99845.7	0	0
neutron	939.565	0.325326	99845.7	0	0
Na22	20482.1	0.0595875	99845.7	0	0
Na24	22341.8	0.198131	99849.4	0	0
Na26	24206.4	0.183971	99839.3	0	0
neutron	939.565	3.63822	99838	0	0
triton	2808.92	5.44038	99838	0	0
alpha	3727.38	5.61836	99838	0	0
O16	14895.1	1.85018	99838	0	0
neutron	939.565	2.72396	99836.3	0	0
Na23	21409.2	0.325171	99836.3	0	0
Al28	26058.3	0.185163	99836	0	0
Al28	26058.3	0.187799	99846.3	0	0
Na26	24206.4	0.186787	99845.7	0	0
neutron	939.565	1.27813	99846.1	0	0
Na23	21409.2	0.172892	99846.1	0	0
Na24	22341.8	0.220149	99845	0	0
neutron	939.565	6.40291	99853.6	0	0
proton	938.272	5.59714	99853.6	0	0
neutron	939.565	5.52079	99853.6	0	0
Mg25	23268	1.13678	99853.6	0	0
Al28	26058.3	0.167215	99844	0	0
Al28	26058.3	0.184092	99847.8	0	0
Na25	23272.4	0.155084	99852.9	0	0
proton	938.272	11.6573	99845	0	0
neutron	939.565	3.97746	99845	0	0
neutron	939.565	2.02788	99845	0	0
C13	12109.5	1.24474	99845	0	0
proton	938.272	5.36768	99837.7	0	0
neutron	939.565	1.36851	99837.7	0	0
Ne22	20479.7	0.40995	99837.7	0	0
N16	14906	0.297359	99843.7	0	0
Mn56	52094	0.0934142	99839.3	0	0
neutron	939.565	6.62624	99844.3	0	0
N15	13968.9	0.745387	99844.3	0	0
Al28	26058.3	0.182284	99845	0	0
Na24	22341.8	0.216796	99840	0	0
N16	14906	0.297324	99839.6	0	0
neutron	939.565	15.4351	99831.6	0	0
proton	938.272	6.08702	99831.6	0	0
neutron	939.565	1.94397	99831.6	0	0
Mg25	23268	1.58253	99831.6	0	0
Na24	22341.8	0.205928	99848.5	0	0
neutron	939.565	9.78393	99835.5	0	0
neutron	939.565	5.31504	99835.5	0	0
deuteron	1875.61	13.0662	99835.5	0	0
C12	11174.9	1.67184	99835.5	0	0
Al28	26058.3	0.178638	99847.7	0	0
Al28	26058.3	0.181265	99835.4	0	0
Na24	22341.8	0.219448	99836.9	0	0
neutron	939.565	1.31346	99845.6	0	0
Al27	25126.5	0.210064	99845.6	0	0
neutron	939.565	7.29648	99831.4	0	0
N15	13968.9	0.159678	99831.4	0	0
neutron	939.565	26.3784	99846.1	0	0
neutron	939.565	6.15272	99846.1	0	0
neutron	939.565	2.14292	99846.1	0	0
proton	938.272	1.48041	99846.1	0	0
C12	11174.9	1.64851	99846.1	0	0
neutron	939.565	0.471749	99851.5	0	0
alpha	3727.38	3.93833	99851.5	0	0
B11	10252.5	1.69703	99851.5	0	0
neutron	939.565	4.46197	99849	0	0
neutron	939.565	3.48671	99849	0	0
proton	938.272	3.17156	99849	0	0
neutron	939.565	3.15858	99849	0	0
Ne20	18617.7	0.821342	99849	0	0
Al28	26058.3	0.169399	99845.5	0	0
Al28	26058.3	0.176466	99840	0	0
Na24	22341.8	0.176152	99842.2	0	0
proton	938.272	13.0207	99844.8	0	0
neutron	939.565	4.33175	99844.8	0	0
Mg26	24196.5	0.351156	99844.8	0	0
proton	938.272	11.4448	99841.4	0	0
neutron	939.565	11.3991	99841.4	0	0
neutron	939.565	10.8177	99841.4	0	0
neutron	939.565	5.86953	99841.4	0	0
alpha	3727.38	6.28984	99841.4	0	0
O16	14895.1	1.72617	99841.4	0	0
neutron	939.565	6.94506	99833.8	0	0
neutron	939.565	5.90342	99833.8	0	0
proton	938.272	4.08717	99833.8	0	0
neutron	939.565	3.88689	99833.8	0	0
neutron	939.565	2.10949	99833.8	0	0
neutron	939.565	1.32497	99833.8	0	0
Mg24	22335.8	0.417121	99833.8	0	0
neutron	939.565	0.189532	99838.3	0	0
Al27	25126.5	0.126365	99838.3	0	0
neutron	939.565	0.368905	99852.7	0	0
N15	13968.9	0.197443	99852.7	0	0
Al28	26058.3	0.164022	99835.3	0	0
Al28	26058.3	0.18843	99842.3	0	0
neutron	939.565	1.73357	99834	0	0
N15	13968.9	0.506362	99834	0	0
proton	938.272	6.36826	99839.4	0	0
neutron	939.565	6.33195	99839.4	0	0
neutron	939.565	6.08399	99839.4	0	0
neutron	939.565	2.26117	99839.4	0	0
Ne20	18617.7	0.558485	99839.4	0	0
Na24	22341.8	0.203222	99841.2	0	0
neutron	939.565	1.0231	99840.2	0	0
Mn55	51161.7	0.116379	99840.2	0	0
neutron	939.565	5.97917	99838.4	0	0
N15	13968.9	0.518336	99838.4	0	0
proton	938.272	19.3335	99841.7	0	0
neutron	939.565	4.13194	99841.7	0	0
neutron	939.565	0.54155	99841.7	0	0
Mg25	23268	0.386057	99841.7	0	0
neutron	939.565	4.37256	99847.1	0	0
proton	938.272	3.72502	99847.1	0	0
neutron	939.565	2.15712	99847.1	0	0
Ne21	19550.5	0.753517	99847.1	0	0
Al28	26058.3	0.175723	99844.8	0	0
neutron	939.565	0.622104	99839.7	0	0
Al27	25126.5	0.192029	99839.7	0	0
neutron	939.565	10.2836	99835.2	0	0
proton	938.272	2.07206	99835.2	0	0
neutron	939.565	0.133824	99835.2	0	0
C13	12109.5	0.810564	99835.2	0	0
Na24	22341.8	0.195576	99854.4	0	0
neutron	939.565	2.80247	99832.3	0	0
N15	13968.9	0.593834	99832.3	0	0
neutron	939.565	19.7178	99842.7	0	0
proton	938.272	6.05329	99842.7	0	0
neutron	939.565	1.1422	99842.7	0	0
C13	12109.5	0.766843	99842.7	0	0
proton	938.272	8.94297	99837.4	0	0
neutron	939.565	6.42439	99837.4	0	0
neutron	939.565	3.88273	99837.4	0	0
Mg25	23268	0.327693	99837.4	0	0
neutron	939.565	2.21357	99845.7	0	0
Al27	25126.5	0.313555	99845.7	0	0
Al28	26058.3	0.182186	99840.4	0	0
Al28	26058.3	0.183056	99851.3	0	0
Na26	24206.4	0.181679	99842.4	0	0
neutron	939.565	2.88124	99834	0	0
proton	938.272	2.14344	99834	0	0
neutron	939.565	0.478289	99834	0	0
Ne21	19550.5	0.0859279	99834	0	0
proton	938.272	18.4307	99841	0	0
neutron	939.565	5.72755	99841	0	0
neutron	939.565	2.23639	99841	0	0
neutron	939.565	0.1078	99841	0	0
C12	11174.9	0.373274	99841	0	0
proton	938.272	20.7401	99842.8	0	0
neutron	939.565	5.31356	99842.8	0	0
neutron	939.565	0.107104	99842.8	0	0
Mg25	23268	0.533668	99842.8	0	0
neutron	939.565	4.30542	99840.6	0	0
Al27	25126.5	0.240721	99840.6	0	0
proton	938.272	24.1474	99839	0	0
neutron	939.565	11.3876	99839	0	0
neutron	939.565	6.65505	99839	0	0
neutron	939.565	0.408514	99839	0	0
C12	11174.9	0.86456	99839	0	0
neutron	939.565	10.0797	99837.3	0	0
proton	938.272	1.79481	99837.3	0	0
neutron	939.565	1.78617	99837.3	0	0
Ne21	19550.5	0.199819	99837.3	0	0
Fe56	52089.8	0.0689003	99873.9	41.9687	41.872
Na24	22341.8	0.202016	99837.7	0	0
neutron	939.565	24.5597	99838.1	0	0
proton	938.272	5.0133	99838.1	0	0
neutron	939.565	3.66852	99838.1	0	0
neutron	939.565	0.637354	99838.1	0	0
Cr52	48370	0.288852	99838.1	0	0
Mn57	53024.9	0.0814226	99838.6	0	0
N16	14906	0.29717	99838.1	0	0
Na24	22341.8	0.205366	99843.6	0	0
proton	938.272	21.2558	99834.8	0	0
neutron	939.565	9.32045	99834.8	0	0
neutron	939.565	0.919463	99834.8	0	0
Ne22	20479.7	0.283292	99834.8	0	0
Na24	22341.8	0.190693	99840.5	0	0
neutron	939.565	4.39295	99846.7	0	0
Na23	21409.2	0.688878	99846.7	0	0
proton	938.272	25.6877	99846.5	0	0
neutron	939.565	13.0245	99846.5	0	0
neutron	939.565	1.94878	99846.5	0	0
C13	12109.5	0.703121	99846.5	0	0
neutron	939.565	24.7934	99842.7	0	0
neutron	939.565	5.00987	99842.7	0	0
neutron	939.565	4.74763	99842.7	0	0
proton	938.272	4.58042	99842.7	0	0
Cr52	48370	0.727815	99842.7	0	0
neutron	939.565	2.68696	99836.7	0	0
Al27	25126.5	0.181076	99836.7	0	0
Al28	26058.3	0.183176	99842.1	0	0
neutron	939.565	1.70856	99842.3	0	0
Al28	26058.3	0.177813	99842.3	0	0
neutron	939.565	44.6322	99841	0	0
proton	938.272	16.2814	99841	0	0
neutron	939.565	1.11787	99841	0	0
Ne21	19550.5	1.49749	99841	0	0
neutron	939.565	1.16722	99858.6	0	0
Al27	25126.5	0.254023	99858.6	0	0
neutron	939.565	8.82288	99843.3	0	0
neutron	939.565	7.29071	99843.3	0	0
proton	938.272	4.06849	99843.3	0	0
neutron	939.565	1.14419	99843.3	0	0
alpha	3727.38	10.5191	99843.3	0	0
O16	14895.1	2.34742	99843.3	0	0
Na24	22341.8	0.184777	99840	0	0
Na24	22341.8	0.216803	99841.8	0	0
proton	938.272	9.99166	99834.7	0	0
neutron	939.565	8.13329	99834.7	0	0
proton	938.272	7.14668	99834.7	0	0
neutron	939.565	2.48351	99834.7	0	0
neutron	939.565	2.11628	99834.7	0	0
Na23	21409.2	0.728042	99834.7	0	0
neutron	939.565	11.7764	99843.6	0	0
neutron	939.565	9.42614	99843.6	0	0
proton	938.272	6.75763	99843.6	0	0
neutron	939.565	2.85101	99843.6	0	0
neutron	939.565	2.77904	99843.6	0	0
neutron	939.565	0.884262	99843.6	0	0
Ne20	18617.7	2.07365	99843.6	0	0
neutron	939.565	18.676	99842.3	0	0
proton	938.272	4.41992	99842.3	0	0
neutron	939.565	4.25526	99842.3	0	0
neutron	939.565	1.97824	99842.3	0	0
Ne20	18617.7	0.649037	99842.3	0	0
neutron	939.565	6.74524	99838	0	0
proton	938.272	2.18626	99838	0	0
Mg26	24196.5	1.0168	99838	0	0
neutron	939.565	11.4095	99837.5	0	0
proton	938.272	4.07611	99837.5	0	0
C14	13040.9	2.22134	99837.5	0	0
proton	938.272	17.2386	99841	0	0
neutron	939.565	6.64964	99841	0	0
neutron	939.565	4.04169	99841	0	0
neutron	939.565	1.1757	99841	0	0
alpha	3727.38	7.3317	99841	0	0
O16	14895.1	3.37495	99841	0	0
Al28	26058.3	0.192823	99842.7	0	0
neutron	939.565	0.388697	99837.2	0	0
N15	13968.9	0.292151	99837.2	0	0
Na24	22341.8	0.198699	99836	0	0
Na24	22341.8	0.21132	99844.7	0	0
neutron	939.565	8.62166	99835.1	0	0
neutron	939.565	3.12643	99835.1	0	0
Na24	22341.8	0.949049	99835.1	0	0
Na24	22341.8	0.187574	99835.7	0	0
proton	938.272	7.49057	99848.2	0	0
neutron	939.565	4.28211	99848.2	0	0
neutron	939.565	2.26751	99848.2	0	0
C13	12109.5	0.366317	99848.2	0	0
Na24	22341.8	0.193467	99838.4	0	0
Al28	26058.3	0.161423	99838	0	0
neutron	939.565	2.92561	99839.2	0	0
triton	2808.92	2.47898	99839.2	0	0
alpha	3727.38	3.71053	99839.2	0	0
alpha	3727.38	3.04726	99839.2	0	0
C12	11174.9	7.58244	99839.2	0	0
proton	938.272	18.3951	99833	0	0
neutron	939.565	11.5288	99833	0	0
neutron	939.565	2.27908	99833	0	0
deuteron	1875.61	3.31091	99833	0	0
alpha	3727.38	5.09363	99833	0	0
N15	13968.9	3.77934	99833	0	0
proton	938.272	20.1957	99839.8	0	0
neutron	939.565	13.7103	99839.8	0	0
neutron	939.565	1.40869	99839.8	0	0
neutron	939.565	0.591147	99839.8	0	0
C12	11174.9	0.853992	99839.8	0	0
Mn56	52094	0.0951622	99831.7	0	0
neutron	939.565	0.386962	99838.2	0	0
Mn55	51161.7	0.117114	99838.2	0	0
Al28	26058.3	0.173942	99839.7	0	0
Na24	22341.8	0.199426	99837.7	0	0
neutron	939.565	8.84272	99841.3	0	0
proton	938.272	7.2085	99841.3	0	0
neutron	939.565	0.526386	99841.3	0	0
C13	12109.5	0.559045	99841.3	0	0
neutron	939.565	0.0887789	99833.2	0	0
Mn55	51161.7	0.0835916	99833.2	0	0
neutron	939.565	3.79698	99838.2	0	0
proton	938.272	3.31819	99838.2	0	0
neutron	939.565	2.71319	99838.2	0	0
neutron	939.565	2.48817	99838.2	0	0
neutron	939.565	1.55732	99838.2	0	0
neutron	939.565	0.370883	99838.2	0	0
Mg24	22335.8	0.274269	99838.2	0	0
Na24	22341.8	0.219345	99840.3	0	0
neutron	939.565	6.48807	99838.5	0	0
neutron	939.565	3.51883	99838.5	0	0
Na22	20482.1	0.0288508	99838.5	0	0
neutron	939.565	6.51751	99839	0	0
neutron	939.565	2.40388	99839	0	0
proton	938.272	1.32785	99839	0	0
C13	12109.5	1.44508	99839	0	0
neutron	939.565	0.246625	99842.5	0	0
Na23	21409.2	0.134661	99842.5	0	0
neutron	939.565	18.5772	99835.9	0	0
proton	938.272	7.3375	99835.9	0	0
neutron	939.565	6.22218	99835.9	0	0
neutron	939.565	3.84252	99835.9	0	0
Ne21	19550.5	1.71526	99835.9	0	0
Na24	22341.8	0.19081	99843.1	0	0
proton	938.272	6.15298	99843.6	0	0
neutron	939.565	3.45244	99843.6	0	0
neutron	939.565	0.568425	99843.6	0	0
Mg25	23268	0.656073	99843.6	0	0
neutron	939.565	4.95031	99832.1	0	0
proton	938.272	4.90531	99832.1	0	0
neutron	939.565	2.02475	99832.1	0	0
neutron	939.565	0.215142	99832.1	0	0
Mg24	22335.8	0.646887	99832.1	0	0
neutron	939.565	6.61811	99838.2	0	0
proton	938.272	2.74491	99838.2	0	0
Mg26	24196.5	0.239114	99838.2	0	0
neutron	939.565	27.1332	99835.6	0	0
neutron	939.565	4.80169	99835.6	0	0
neutron	939.565	0.0524356	99835.6	0	0
Na22	20482.1	1.56931	99835.6	0	0
neutron	939.565	0.521104	99834.4	0	0
Mn55	51161.7	0.0477149	99834.4	0	0
neutron	939.565	11.2302	99838.1	0	0
neutron	939.565	3.1915	99838.1	0	0
neutron	939.565	0.626805	99838.1	0	0
Al27	25126.5	1.00083	99838.1	0	0
Al28	26058.3	0.1559	99844.3	0	0
Al28	26058.3	0.184537	99839.6	0	0
N16	14906	0.295512	99839	0	0
neutron	939.565	10.9418	99837.9	0	0
proton	938.272	4.97982	99837.9	0	0
neutron	939.565	4.19421	99837.9	0	0
Ne21	19550.5	1.31005	99837.9	0	0
neutron	939.565	0.623341	99843.1	0	0
Na23	21409.2	0.263606	99843.1	0	0
N16	14906	0.296014	99846.3	0	0
proton	938.272	3.04473	99841.2	0	0
neutron	939.565	2.77499	99841.2	0	0
neutron	939.565	1.45467	99841.2	0	0
neutron	939.565	0.985923	99841.2	0	0
C12	11174.9	0.522856	99841.2	0	0
neutron	939.565	3.84067	99838.1	0	0
N15	13968.9	0.139608	99838.1	0	0
Al28	26058.3	0.170788	99842	0	0
proton	938.272	4.87078	99849.9	0	0
neutron	939.565	3.76346	99849.9	0	0
Ne22	20479.7	0.593572	99849.9	0	0
Na24	22341.8	0.209081	99842.7	0	0
neutron	939.565	0.303985	99831.7	0	0
N15	13968.9	0.387173	99831.7	0	0
Na24	22341.8	0.206306	99839.1	0	0
neutron	939.565	12.8686	99833.9	0	0
proton	938.272	2.46247	99833.9	0	0
neutron	939.565	0.569111	99833.9	0	0
alpha	3727.38	4.19079	99833.9	0	0
O17	15830.5	1.83116	99833.9	0	0
neutron	939.565	34.7307	99830.6	0	0
proton	938.272	5.73294	99830.6	0	0
neutron	939.565	3.88424	99830.6	0	0
neutron	939.565	1.76858	99830.6	0	0
Mg24	22335.8	0.451616	99830.6	0	0
proton	938.272	2.46159	99846.9	0	0
neutron	939.565	0.509247	99846.9	0	0
Mg26	24196.5	0.256508	99846.9	0	0
neutron	939.565	15.9071	99839.1	0	0
neutron	939.565	5.59225	99839.1	0	0
neutron	939.565	3.76568	99839.1	0	0
proton	938.272	3.24075	99839.1	0	0
alpha	3727.38	5.36389	99839.1	0	0
O16	14895.1	1.5584	99839.1	0	0
Al28	26058.3	0.192206	99839.6	0	0
neutron	939.565	7.65968	99846.8	0	0
neutron	939.565	3.42003	99846.8	0	0
deuteron	1875.61	4.7281	99846.8	0	0
alpha	3727.38	5.13131	99846.8	0	0
O16	14895.1	4.42793	99846.8	0	0
neutron	939.565	2.21729	99847.1	0	0
Na23	21409.2	0.276481	99847.1	0	0
proton	938.272	7.35769	99837.3	0	0
neutron	939.565	2.68882	99837.3	0	0
neutron	939.565	2.16029	99837.3	0	0
Ne21	19550.5	0.786716	99837.3	0	0
Al28	26058.3	0.188272	99846.8	0	0
neutron	939.565	0.512468	99843.9	0	0
Na23	21409.2	0.255547	99843.9	0	0
neutron	939.565	6.47939	99850.4	0	0
triton	2808.92	10.7472	99850.4	0	0
alpha	3727.38	6.9364	99850.4	0	0
Be8	7454.85	1.40709	99850.4	0	0
neutron	939.565	0.039711	99843.9	0	0
Mn55	51161.7	0.0916539	99843.9	0	0
O16	14895.1	0.390697	99911.2	72.854	72.4524
neutron	939.565	13.4169	99836.9	0	0
proton	938.272	8.6528	99836.9	0	0
neutron	939.565	0.794256	99836.9	0	0
neutron	939.565	0.144869	99836.9	0	0
C12	11174.9	3.58508	99836.9	0	0
neutron	939.565	4.35349	99838.6	0	0
N15	13968.9	0.84095	99838.6	0	0
neutron	939.565	10.0934	99850.4	0	0
proton	938.272	4.82521	99850.4	0	0
proton	938.272	4.46439	99850.4	0	0
neutron	939.565	4.36351	99850.4	0	0
neutron	939.565	4.0587	99850.4	0	0
F19	17692.3	1.52095	99850.4	0	0
neutron	939.565	13.6304	99847.6	0	0
neutron	939.565	8.97014	99847.6	0	0
proton	938.272	8.87317	99847.6	0	0
neutron	939.565	4.33434	99847.6	0	0
C12	11174.9	1.84489	99847.6	0	0
neutron	939.565	2.7333	99843.9	0	0
deuteron	1875.61	14.4177	99843.9	0	0
Mg25	23268	2.02495	99843.9	0	0
proton	938.272	6.64861	99845.1	0	0
neutron	939.565	4.71078	99845.1	0	0
neutron	939.565	1.2684	99845.1	0	0
Mg25	23268	0.202527	99845.1	0	0
neutron	939.565	1.10013	99841.4	0	0
N15	13968.9	0.502275	99841.4	0	0
neutron	939.565	3.38312	99839.9	0	0
neutron	939.565	1.97488	99839.9	0	0
deuteron	1875.61	6.7888	99839.9	0	0
alpha	3727.38	5.97634	99839.9	0	0
O16	14895.1	1.01084	99839.9	0	0
neutron	939.565	5.43619	99835.8	0	0
neutron	939.565	4.83273	99835.8	0	0
Na22	20482.1	0.496305	99835.8	0	0
Al28	26058.3	0.177841	99846.2	0	0
Al28	26058.3	0.167267	99841.6	0	0
Al28	26058.3	0.182989	99845.5	0	0
neutron	939.565	11.0184	99840.9	0	0
neutron	939.565	3.61908	99840.9	0	0
proton	938.272	3.44261	99840.9	0	0
neutron	939.565	2.72053	99840.9	0	0
alpha	3727.38	11.0199	99840.9	0	0
alpha	3727.38	10.8084	99840.9	0	0
C12	11174.9	2.8968	99840.9	0	0
neutron	939.565	1.69514	99832.7	0	0
Na23	21409.2	0.329398	99832.7	0	0
neutron	939.565	19.461	99835.9	0	0
neutron	939.565	4.20152	99835.9	0	0
proton	938.272	4.15661	99835.9	0	0
Ne21	19550.5	0.241347	99835.9	0	0
Al28	26058.3	0.185133	99843.5	0	0
proton	938.272	15.5016	99835.8	0	0
neutron	939.565	1.94587	99835.8	0	0
neutron	939.565	0.681822	99835.8	0	0
Ne21	19550.5	0.269842	99835.8	0	0
Mn56	52094	0.0923629	99836.9	0	0
proton	938.272	7.29067	99845.3	0	0
proton	938.272	6.10974	99845.3	0	0
neutron	939.565	5.13896	99845.3	0	0
Na25	23272.4	2.09867	99845.3	0	0
Na24	22341.8	0.208488	99849.5	0	0
neutron	939.565	5.2724	99839.5	0	0
proton	938.272	2.47298	99839.5	0	0
neutron	939.565	1.67354	99839.5	0	0
neutron	939.565	0.526446	99839.5	0	0
Mg24	22335.8	0.616708	99839.5	0	0
neutron	939.565	3.99157	99833.8	0	0
proton	938.272	3.75163	99833.8	0	0
C14	13040.9	0.497205	99833.8	0	0
neutron	939.565	4.33816	99842.7	0	0
Na23	21409.2	0.623029	99842.7	0	0
proton	938.272	9.29776	99839.9	0	0
neutron	939.565	3.83392	99839.9	0	0
neutron	939.565	1.55801	99839.9	0	0
neutron	939.565	1.31551	99839.9	0	0
alpha	3727.38	7.94381	99839.9	0	0
O16	14895.1	1.50429	99839.9	0	0
neutron	939.565	4.69729	99835.5	0	0
N15	13968.9	0.99031	99835.5	0	0
neutron	939.565	0.399795	99841.6	0	0
Al27	25126.5	0.206393	99841.6	0	0
neutron	939.565	0.628171	99843.5	0	0
Al27	25126.5	0.112809	99843.5	0	0
Na24	22341.8	0.202802	99844.4	0	0
Na24	22341.8	0.210787	99850.3	0	0
Na26	24206.4	0.177355	99843.7	0	0
neutron	939.565	9.46169	99837	0	0
neutron	939.565	0.517644	99837	0	0
deuteron	1875.61	5.60999	99837	0	0
Ne20	18617.7	1.11248	99837	0	0
Al28	26058.3	0.181184	99839.6	0	0
Na24	22341.8	0.21286	99838.3	0	0
neutron	939.565	0.383472	99843.9	0	0
Na23	21409.2	0.188537	99843.9	0	0
Al28	26058.3	0.181619	99842.8	0	0
Al28	26058.3	0.190349	99840.9	0	0
Na25	23272.4	0.208876	99841.7	0	0
neutron	939.565	9.72716	99849.3	0	0
proton	938.272	2.74233	99849.3	0	0
neutron	939.565	1.5326	99849.3	0	0
neutron	939.565	1.12054	99849.3	0	0
Mg24	22335.8	0.206777	99849.3	0	0
neutron	939.565	6.64254	99832.6	0	0
neutron	939.565	6.50139	99832.6	0	0
proton	938.272	3.09105	99832.6	0	0
neutron	939.565	0.424532	99832.6	0	0
alpha	3727.38	3.55516	99832.6	0	0
alpha	3727.38	2.48053	99832.6	0	0
C12	11174.9	6.38549	99832.6	0	0
neutron	939.565	8.05028	99841.9	0	0
neutron	939.565	6.53769	99841.9	0	0
N14	13040.2	0.617872	99841.9	0	0
neutron	939.565	21.7995	99835.6	0	0
neutron	939.565	11.6768	99835.6	0	0
proton	938.272	2.06407	99835.6	0	0
neutron	939.565	1.61317	99835.6	0	0
Ne20	18617.7	2.00812	99835.6	0	0
neutron	939.565	25.5913	99841.6	0	0
proton	938.272	7.41176	99841.6	0	0
neutron	939.565	1.75192	99841.6	0	0
neutron	939.565	1.6204	99841.6	0	0
neutron	939.565	1.05584	99841.6	0	0
Cr51	47442.5	0.973076	99841.6	0	0
proton	938.272	4.68117	99838.8	0	0
neutron	939.565	3.89622	99838.8	0	0
neutron	939.565	1.70223	99838.8	0	0
C13	12109.5	0.850369	99838.8	0	0
Na24	22341.8	0.211882	99834.6	0	0
Na24	22341.8	0.220744	99837.1	0	0
neutron	939.565	12.0735	99833.8	0	0
neutron	939.565	8.35583	99833.8	0	0
proton	938.272	4.28124	99833.8	0	0
neutron	939.565	0.14854	99833.8	0	0
alpha	3727.38	4.86933	99833.8	0	0
O16	14895.1	2.22739	99833.8	0	0
proton	938.272	6.74647	99837.4	0	0
neutron	939.565	4.43092	99837.4	0	0
neutron	939.565	1.89246	99837.4	0	0
Ne21	19550.5	0.259187	99837.4	0	0
Na24	22341.8	0.219236	99844	0	0
Al28	26058.3	0.173066	99839	0	0
neutron	939.565	1.50818	99852.1	0	0
deuteron	1875.61	6.1027	99852.1	0	0
Ne21	19550.5	0.301169	99852.1	0	0
Na24	22341.8	0.193807	99837.7	0	0
Al28	26058.3	0.190221	99833.9	0	0
neutron	939.565	5.93563	99839.6	0	0
proton	938.272	3.66647	99839.6	0	0
neutron	939.565	2.29387	99839.6	0	0
neutron	939.565	1.16699	99839.6	0	0
Mg24	22335.8	0.799622	99839.6	0	0
N16	14906	0.28296	99842.8	0	0
proton	938.272	20.5537	99836.5	0	0
neutron	939.565	3.04833	99836.5	0	0
Ne22	20479.7	0.900127	99836.5	0	0
neutron	939.565	3.52473	99839.9	0	0
proton	938.272	2.60306	99839.9	0	0
C14	13040.9	0.66236	99839.9	0	0
neutron	939.565	1.07836	99837.9	0	0
Al27	25126.5	0.289203	99837.9	0	0
Na24	22341.8	0.209233	99838.3	0	0
proton	938.272	23.2434	99839.1	0	0
neutron	939.565	1.21402	99839.1	0	0
Cr54	50231.5	0.431691	99839.1	0	0
neutron	939.565	1.35897	99843.7	0	0
neutron	939.565	0.509342	99843.7	0	0
Mn55	51161.7	0.0158676	99843.7	0	0
Al28	26058.3	0.182214	99844.2	0	0
neutron	939.565	9.57841	99840.5	0	0
proton	938.272	7.73574	99840.5	0	0
neutron	939.565	1.99839	99840.5	0	0
neutron	939.565	1.77672	99840.5	0	0
Ne20	18617.7	0.953402	99840.5	0	0
neutron	939.565	0.702899	99838.7	0	0
Al27	25126.5	0.264723	99838.7	0	0
proton	938.272	14.4407	99833.9	0	0
neutron	939.565	6.27242	99833.9	0	0
neutron	939.565	0.731456	99833.9	0	0
C13	12109.5	0.740558	99833.9	0	0
neutron	939.565	0.708457	99839.1	0	0
N15	13968.9	0.45146	99839.1	0	0
neutron	939.565	36.6365	99840.6	0	0
deuteron	1875.61	4.04697	99840.6	0	0
C13	12109.5	3.38244	99840.6	0	0
Mn57	53024.9	0.0907725	99835.1	0	0
proton	938.272	7.74268	99842.8	0	0
neutron	939.565	7.25492	99842.8	0	0
neutron	939.565	1.07135	99842.8	0	0
C13	12109.5	0.174433	99842.8	0	0
Al28	26058.3	0.183806	99839.6	0	0
proton	938.272	14.4957	99839.6	0	0
neutron	939.565	1.65683	99839.6	0	0
Mg28	26060.7	0.959653	99839.6	0	0
neutron	939.565	1.25925	99836.8	0	0
Na23	21409.2	0.368608	99836.8	0	0
neutron	939.565	0.050758	99841.8	0	0
N15	13968.9	0.243533	99841.8	0	0
neutron	939.565	4.731	99840.3	0	0
Na23	21409.2	0.456385	99840.3	0	0
neutron	939.565	43.2195	99842.6	0	0
proton	938.272	4.18643	99842.6	0	0
neutron	939.565	3.18634	99842.6	0	0
neutron	939.565	1.54189	99842.6	0	0
Ne20	18617.7	3.43052	99842.6	0	0
neutron	939.565	24.1305	99839	0	0
neutron	939.565	1.24658	99839	0	0
deuteron	1875.61	3.4873	99839	0	0
alpha	3727.38	2.55876	99839	0	0
O16	14895.1	4.67273	99839	0	0
neutron	939.565	0.916943	99837.4	0	0
Mn55	51161.7	0.0521299	99837.4	0	0
proton	938.272	13.4964	99835.1	0	0
neutron	939.565	6.85855	99835.1	0	0
proton	938.272	6.64682	99835.1	0	0
neutron	939.565	3.2087	99835.1	0	0
neutron	939.565	2.88365	99835.1	0	0
Na23	21409.2	1.5045	99835.1	0	0
proton	938.272	3.26614	99841.7	0	0
neutron	939.565	0.704104	99841.7	0	0
Mg26	24196.5	0.52607	99841.7	0	0
Al29	26988.5	0.188411	99846.5	0	0
Na24	22341.8	0.197032	99837.1	0	0
neutron	939.565	7.42221	99833.6	0	0
neutron	939.565	6.04522	99833.6	0	0
neutron	939.565	4.59749	99833.6	0	0
proton	938.272	3.60661	99833.6	0	0
proton	938.272	2.96026	99833.6	0	0
Na23	21409.2	0.128354	99833.6	0	0
Mn56	52094	0.0970949	99839.7	0	0
proton	938.272	5.50728	99841.5	0	0
neutron	939.565	3.88449	99841.5	0	0
neutron	939.565	1.75502	99841.5	0	0
Mg25	23268	0.281221	99841.5	0	0
proton	938.272	4.77392	99842.8	0	0
neutron	939.565	3.17103	99842.8	0	0
neutron	939.565	1.47326	99842.8	0	0
deuteron	1875.61	6.60345	99842.8	0	0
Na23	21409.2	0.130154	99842.8	0	0
neutron	939.565	21.7432	99837.5	0	0
neutron	939.565	2.79343	99837.5	0	0
Mn54	50232.4	0.64686	99837.5	0	0
neutron	939.565	0.190668	99845.5	0	0
Na23	21409.2	0.287159	99845.5	0	0
neutron	939.565	1.1683	99831.7	0	0
Na23	21409.2	0.349581	99831.7	0	0
neutron	939.565	20.9777	99835.5	0	0
neutron	939.565	6.57941	99835.5	0	0
proton	938.272	2.19561	99835.5	0	0
neutron	939.565	0.688628	99835.5	0	0
alpha	3727.38	6.12848	99835.5	0	0
O16	14895.1	6.05447	99835.5	0	0
neutron	939.565	1.5924	99847.8	0	0
Al27	25126.5	0.31234	99847.8	0	0
Na25	23272.4	0.197152	99839.9	0	0
neutron	939.565	20.6866	99840.4	0	0
proton	938.272	7.06899	99840.4	0	0
neutron	939.565	4.47472	99840.4	0	0
neutron	939.565	2.66186	99840.4	0	0
Mg24	22335.8	0.69767	99840.4	0	0
neutron	939.565	0.310065	99838.8	0	0
Al29	26988.5	0.173499	99838.8	0	0
Na24	22341.8	0.191403	99845.8	0	0
neutron	939.565	7.14771	99842.1	0	0
N15	13968.9	0.555322	99842.1	0	0
neutron	939.565	26.949	99846.9	0	0
neutron	939.565	2.60516	99846.9	0	0
Na24	22341.8	0.504488	99846.9	0	0
Na24	22341.8	0.17271	99835.9	0	0
neutron	939.565	11.2292	99838.8	0	0
neutron	939.565	10.7424	99838.8	0	0
proton	938.272	5.31486	99838.8	0	0
Mg25	23268	1.2037	99838.8	0	0
proton	938.272	15.0845	99838.6	0	0
neutron	939.565	7.03122	99838.6	0	0
neutron	939.565	5.05145	99838.6	0	0
neutron	939.565	1.20812	99838.6	0	0
C12	11174.9	1.94489	99838.6	0	0
neutron	939.565	9.18626	99831.7	0	0
proton	938.272	6.55196	99831.7	0	0
Ne22	20479.7	0.440258	99831.7	0	0
neutron	939.565	7.30389	99840.7	0	0
proton	938.272	7.13783	99840.7	0	0
neutron	939.565	1.92799	99840.7	0	0
C13	12109.5	1.88549	99840.7	0	0
N16	14906	0.290784	99832.3	0	0
neutron	939.565	12.2327	99842.1	0	0
triton	2808.92	10.1994	99842.1	0	0
alpha	3727.38	5.24249	99842.1	0	0
alpha	3727.38	3.17208	99842.1	0	0
alpha	3727.38	6.12572	99842.1	0	0
Al28	26058.3	0.174312	99834.6	0	0
Al28	26058.3	0.164847	99842	0	0
neutron	939.565	23.1794	99836.3	0	0
proton	938.272	6.47147	99836.3	0	0
neutron	939.565	3.66924	99836.3	0	0
neutron	939.565	2.56872	99836.3	0	0
Cr52	48370	1.19803	99836.3	0	0
Na24	22341.8	0.217544	99839.4	0	0
neutron	939.565	1.11807	99840.2	0	0
Na23	21409.2	0.309495	99840.2	0	0
Na24	22341.8	0.203913	99839.8	0	0
neutron	939.565	0.170866	99836.1	0	0
N15	13968.9	0.422245	99836.1	0	0
Na26	24206.4	0.182999	99837.5	0	0
Na24	22341.8	0.210821	99838.4	0	0
Al28	26058.3	0.178523	99837.2	0	0
neutron	939.565	4.14155	99846.4	0	0
neutron	939.565	3.18772	99846.4	0	0
neutron	939.565	1.73908	99846.4	0	0
Mn53	49301.8	0.0934547	99846.4	0	0
Mn56	52094	0.0855636	99833.6	0	0
neutron	939.565	0.199663	99845.8	0	0
Na23	21409.2	0.138063	99845.8	0	0
Na24	22341.8	0.186177	99843.1	0	0
Na24	22341.8	0.217154	99838.3	0	0
proton	938.272	27.2635	99840	0	0
neutron	939.565	3.06346	99840	0	0
proton	938.272	1.67775	99840	0	0
neutron	939.565	1.18805	99840	0	0
neutron	939.565	0.954184	99840	0	0
F19	17692.3	0.777375	99840	0	0
N16	14906	0.290349	99837.7	0	0
proton	938.272	12.0557	99846.5	0	0
neutron	939.565	5.93213	99846.5	0	0
neutron	939.565	5.14307	99846.5	0	0
Ne21	19550.5	0.622362	99846.5	0	0
proton	938.272	24.6256	99844.7	0	0
neutron	939.565	6.21999	99844.7	0	0
neutron	939.565	2.42682	99844.7	0	0
neutron	939.565	1.93829	99844.7	0	0
Ne20	18617.7	0.823716	99844.7	0	0
neutron	939.565	1.03859	99837.6	0	0
Al27	25126.5	0.0873257	99837.6	0	0
neutron	939.565	8.45502	99841.1	0	0
proton	938.272	5.90481	99841.1	0	0
neutron	939.565	1.74634	99841.1	0	0
neutron	939.565	1.50119	99841.1	0	0
neutron	939.565	0.554956	99841.1	0	0
neutron	939.565	0.390818	99841.1	0	0
Cr50	46512.2	0.499187	99841.1	0	0
neutron	939.565	15.1038	99833.2	0	0
neutron	939.565	2.62168	99833.2	0	0
proton	938.272	2.60809	99833.2	0	0
neutron	939.565	0.903899	99833.2	0	0
C12	11174.9	2.53239	99833.2	0	0
Na24	22341.8	0.213373	99841.2	0	0
N16	14906	0.295875	99841.6	0	0
N16	14906	0.29686	99840.5	0	0
Na24	22341.8	0.2023	99839.2	0	0
Na24	22341.8	0.200683	99842.1	0	0
neutron	939.565	1.386	99836.3	0	0
neutron	939.565	0.689467	99836.3	0	0
deuteron	1875.61	6.16572	99836.3	0	0
C12	11174.9	0.971444	99836.3	0	0
Al29	26988.5	0.174207	99840.1	0	0
neutron	939.565	8.29475	99848.1	0	0
neutron	939.565	6.54459	99848.1	0	0
proton	938.272	6.40226	99848.1	0	0
neutron	939.565	2.53953	99848.1	0	0
alpha	3727.38	4.16045	99848.1	0	0
Be8	7454.85	1.30824	99848.1	0	0
neutron	939.565	4.56366	99853.5	0	0
proton	938.272	3.82031	99853.5	0	0
Mg26	24196.5	0.138105	99853.5	0	0
Al28	26058.3	0.190263	99843.2	0	0
Al29	26988.5	0.18225	99839.4	0	0
proton	938.272	8.01355	99847.4	0	0
neutron	939.565	7.49079	99847.4	0	0
Ne22	20479.7	0.838133	99847.4	0	0
Al28	26058.3	0.180801	99849	0	0
Al28	26058.3	0.18284	99836.3	0	0
neutron	939.565	8.04466	99853.1	0	0
proton	938.272	7.71352	99853.1	0	0
proton	938.272	2.54694	99853.1	0	0
Na25	23272.4	0.960871	99853.1	0	0
Al28	26058.3	0.162183	99840.7	0	0
neutron	939.565	3.591	99838	0	0
N15	13968.9	0.200527	99838	0	0
neutron	939.565	2.24629	99842.4	0	0
N15	13968.9	0.444133	99842.4	0	0
Na24	22341.8	0.197893	99839.5	0	0
Na24	22341.8	0.204827	99844.4	0	0
neutron	939.565	3.20816	99841.8	0	0
Al27	25126.5	0.186993	99841.8	0	0
neutron	939.565	12.3076	99843.7	0	0
triton	2808.92	7.24396	99843.7	0	0
alpha	3727.38	9.0155	99843.7	0	0
alpha	3727.38	8.31925	99843.7	0	0
C12	11174.9	2.1822	99843.7	0	0
neutron	939.565	0.650411	99840.1	0	0
N15	13968.9	0.341367	99840.1	0	0
neutron	939.565	0.826994	99849.5	0	0
Na25	23272.4	0.205055	99849.5	0	0
neutron	939.565	3.52504	99837.1	0	0
proton	938.272	1.66346	99837.1	0	0
neutron	939.565	0.529909	99837.1	0	0
Ne21	19550.5	0.54408	99837.1	0	0
Na25	23272.4	0.192993	99847.2	0	0
N16	14906	0.285969	99845.3	0	0
Al28	26058.3	0.189689	99832.8	0	0
Na24	22341.8	0.201747	99836.7	0	0
Al28	26058.3	0.18937	99841.9	0	0
proton	938.272	3.37869	99846.7	0	0
neutron	939.565	1.66067	99846.7	0	0
neutron	939.565	1.58278	99846.7	0	0
Ne21	19550.5	0.541777	99846.7	0	0
neutron	939.565	0.482007	99836.5	0	0
Na23	21409.2	0.118634	99836.5	0	0
neutron	939.565	1.77123	99849.5	0	0
neutron	939.565	1.75209	99849.5	0	0
alpha	3727.38	15.8618	99849.5	0	0
V50	46513.8	1.1282	99849.5	0	0
Na24	22341.8	0.210229	99831.6	0	0
neutron	939.565	29.7566	99845.9	0	0
proton	938.272	4.90311	99845.9	0	0
neutron	939.565	0.744276	99845.9	0	0
Mg25	23268	1.77417	99845.9	0	0
Al28	26058.3	0.19104	99841.6	0	0
neutron	939.565	18.6674	99839.5	0	0
proton	938.272	9.8324	99839.5	0	0
neutron	939.565	7.57092	99839.5	0	0
neutron	939.565	0.243953	99839.5	0	0
Ne20	18617.7	0.153023	99839.5	0	0
proton	938.272	5.00799	99841.1	0	0
neutron	939.565	4.60874	99841.1	0	0
Mg26	24196.5	0.130282	99841.1	0	0
Mn56	52094	0.0925271	99840.3	0	0
neutron	939.565	7.3215	99836.6	0	0
N15	13968.9	0.380495	99836.6	0	0
Na24	22341.8	0.208382	99840.9	0	0
N16	14906	0.289247	99840.5	0	0
Na25	23272.4	0.208486	99846	0	0
neutron	939.565	38.0832	99836.9	0	0
proton	938.272	31.0355	99836.9	0	0
Cr54	50231.5	1.28201	99836.9	0	0
Al28	26058.3	0.180686	99841.4	0	0
proton	938.272	7.15086	99836	0	0
neutron	939.565	3.43385	99836	0	0
neutron	939.565	3.25233	99836	0	0
Ne21	19550.5	0.204597	99836	0	0
proton	938.272	32.2101	99838.6	0	0
neutron	939.565	11.1837	99838.6	0	0
neutron	939.565	1.85507	99838.6	0	0
Ne21	19550.5	0.268168	99838.6	0	0
Al28	26058.3	0.161357	99833.7	0	0
neutron	939.565	5.09698	99842.8	0	0
Na23	21409.2	0.290025	99842.8	0	0
neutron	939.565	26.8681	99838.8	0	0
proton	938.272	6.31178	99838.8	0	0
Ne22	20479.7	0.922879	99838.8	0	0
Al28	26058.3	0.185676	99848.2	0	0
Na24	22341.8	0.21839	99840.7	0	0
Mn56	52094	0.0907207	99839.4	0	0
Al28	26058.3	0.192315	99834.1	0	0
Al28	26058.3	0.159067	99835.7	0	0
proton	938.272	27.3062	99842.7	0	0
neutron	939.565	4.05971	99842.7	0	0
proton	938.272	3.49133	99842.7	0	0
neutron	939.565	2.52551	99842.7	0	0
neutron	939.565	0.918163	99842.7	0	0
F19	17692.3	0.388132	99842.7	0	0
Al28	26058.3	0.188274	99836	0	0
neutron	939.565	11.0249	99841	0	0
proton	938.272	4.83854	99841	0	0
neutron	939.565	1.74358	99841	0	0
Mg25	23268	0.292014	99841	0	0
Mn56	52094	0.0901394	99833.5	0	0
neutron	939.565	23.3867	99840.6	0	0
proton	938.272	4.82686	99840.6	0	0
neutron	939.565	1.5815	99840.6	0	0
Mg25	23268	0.792945	99840.6	0	0
neutron	939.565	14.4306	99839.7	0	0
neutron	939.565	1.28528	99839.7	0	0
Al28	26058.3	0.189047	99839.7	0	0
neutron	939.565	9.53154	99838.5	0	0
neutron	939.565	5.01431	99838.5	0	0
neutron	939.565	3.18187	99838.5	0	0
Na22	20482.1	0.260436	99838.5	0	0
neutron	939.565	13.4555	99834.8	0	0
neutron	939.565	7.44834	99834.8	0	0
proton	938.272	4.21703	99834.8	0	0
neutron	939.565	1.02271	99834.8	0	0
Ne20	18617.7	0.608013	99834.8	0	0
Na24	22341.8	0.198817	99847.8	0	0
neutron	939.565	5.19305	99840.2	0	0
neutron	939.565	1.3584	99840.2	0	0
N14	13040.2	0.374888	99840.2	0	0
proton	938.272	10.6895	99845.1	0	0
neutron	939.565	0.960674	99845.1	0	0
Ne22	20479.7	0.249222	99845.1	0	0
neutron	939.565	31.0974	99838.5	0	0
proton	938.272	11.531	99838.5	0	0
neutron	939.565	1.66944	99838.5	0	0
Mg25	23268	2.54933	99838.5	0	0
neutron	939.565	3.98463	99834.2	0	0
N15	13968.9	0.407849	99834.2	0	0
neutron	939.565	2.17931	99842.4	0	0
neutron	939.565	0.524802	99842.4	0	0
neutron	939.565	0.198666	99842.4	0	0
Al27	25126.5	0.0358142	99842.4	0	0
Na24	22341.8	0.201754	99841.5	0	0
neutron	939.565	2.47198	99836.5	0	0
proton	938.272	2.25198	99836.5	0	0
Ne24	22344.8	0.128596	99836.5	0	0
neutron	939.565	1.0477	99842.1	0	0
N15	13968.9	0.216518	99842.1	0	0
proton	938.272	10.3694	99845.1	0	0
neutron	939.565	2.97942	99845.1	0	0
C14	13040.9	0.944136	99845.1	0	0
neutron	939.565	25.6233	99854.4	0	0
proton	938.272	6.35517	99854.4	0	0
neutron	939.565	5.34855	99854.4	0	0
neutron	939.565	2.52076	99854.4	0	0
Mg24	22335.8	2.02383	99854.4	0	0
Na24	22341.8	0.216911	99831.5	0	0
neutron	939.565	12.4147	99842.2	0	0
neutron	939.565	1.82969	99842.2	0	0
N14	13040.2	2.21192	99842.2	0	0
neutron	939.565	2.64697	99841.7	0	0
Na23	21409.2	0.108033	99841.7	0	0
Al28	26058.3	0.181412	99834.6	0	0
proton	938.272	4.49147	99847	0	0
neutron	939.565	2.58301	99847	0	0
Ne22	20479.7	0.246189	99847	0	0
Na25	23272.4	0.187493	99834.6	0	0
neutron	939.565	18.6657	99838.6	0	0
neutron	939.565	7.33583	99838.6	0	0
proton	938.272	5.55112	99838.6	0	0
C13	12109.5	3.50506	99838.6	0	0
proton	938.272	6.03104	99839.1	0	0
neutron	939.565	1.92303	99839.1	0	0
neutron	939.565	0.367411	99839.1	0	0
Ne21	19550.5	0.223722	99839.1	0	0
neutron	939.565	0.251114	99841	0	0
Na23	21409.2	0.283329	99841	0	0
neutron	939.565	27.8706	99834.8	0	0
neutron	939.565	11.3032	99834.8	0	0
deuteron	1875.61	3.35724	99834.8	0	0
Ne20	18617.7	1.41303	99834.8	0	0
neutron	939.565	2.31117	99847.4	0	0
N15	13968.9	0.799497	99847.4	0	0
neutron	939.565	22.1912	99841.2	0	0
neutron	939.565	6.11671	99841.2	0	0
proton	938.272	4.12717	99841.2	0	0
neutron	939.565	1.68379	99841.2	0	0
Mg24	22335.8	0.945794	99841.2	0	0
Na26	24206.4	0.180789	99840.9	0	0
N16	14906	0.285139	99840	0	0
Al28	26058.3	0.181603	99850.3	0	0
Al28	26058.3	0.186026	99845.2	0	0
Al29	26988.5	0.175642	99845.5	0	0
neutron	939.565	12.1385	99836.4	0	0
neutron	939.565	9.86426	99836.4	0	0
proton	938.272	4.54147	99836.4	0	0
neutron	939.565	3.90169	99836.4	0	0
alpha	3727.38	2.73851	99836.4	0	0
Be8	7454.85	1.70225	99836.4	0	0
Mn56	52094	0.0938338	99841.7	0	0
neutron	939.565	16.3572	99839.8	0	0
alpha	3727.38	5.86383	99839.8	0	0
Na23	21409.2	3.51587	99839.8	0	0
neutron	939.565	1.809	99838.4	0	0
Al29	26988.5	0.0906966	99838.4	0	0
Na24	22341.8	0.16968	99840.8	0	0
Al28	26058.3	0.171142	99838.2	0	0
Al30	27922.3	0.158293	99838.1	0	0
neutron	939.565	3.12652	99851.8	0	0
proton	938.272	1.39356	99851.8	0	0
C14	13040.9	0.291842	99851.8	0	0
neutron	939.565	9.89598	99834.9	0	0
neutron	939.565	6.36092	99834.9	0	0
deuteron	1875.61	6.93559	99834.9	0	0
alpha	3727.38	3.21352	99834.9	0	0
O16	14895.1	4.40078	99834.9	0	0
neutron	939.565	1.49253	99840.3	0	0
Al27	25126.5	0.320994	99840.3	0	0
Na24	22341.8	0.191389	99841.5	0	0
Al28	26058.3	0.184367	99841	0	0
neutron	939.565	2.44774	99834.9	0	0
neutron	939.565	0.968197	99834.9	0	0
deuteron	1875.61	5.13046	99834.9	0	0
Mg24	22335.8	0.847571	99834.9	0	0
Al28	26058.3	0.185228	99836.1	0	0
proton	938.272	5.19753	99835.7	0	0
neutron	939.565	2.70843	99835.7	0	0
Mg26	24196.5	0.219801	99835.7	0	0
neutron	939.565	0.601111	99840.3	0	0
N15	13968.9	0.44218	99840.3	0	0
neutron	939.565	18.7301	99838.3	0	0
proton	938.272	2.33118	99838.3	0	0
neutron	939.565	0.163754	99838.3	0	0
Mg25	23268	0.777979	99838.3	0	0
proton	938.272	11.6632	99839.7	0	0
neutron	939.565	9.26229	99839.7	0	0
neutron	939.565	7.44455	99839.7	0	0
neutron	939.565	1.69333	99839.7	0	0
alpha	3727.38	5.08295	99839.7	0	0
Ne20	18617.7	2.7655	99839.7	0	0
proton	938.272	6.62352	99838.5	0	0
neutron	939.565	3.15744	99838.5	0	0
neutron	939.565	1.97447	99838.5	0	0
Cr53	49301.7	0.211806	99838.5	0	0
neutron	939.565	0.273808	99847.5	0	0
Na23	21409.2	0.174936	99847.5	0	0
proton	938.272	2.41247	99838.4	0	0
neutron	939.565	0.589305	99838.4	0	0
Mg26	24196.5	0.197339	99838.4	0	0
Mn56	52094	0.0798735	99836.1	0	0
neutron	939.565	5.69296	99847.2	0	0
neutron	939.565	2.35815	99847.2	0	0
neutron	939.565	0.965082	99847.2	0	0
Mn53	49301.8	0.49988	99847.2	0	0
Al28	26058.3	0.179307	99837.4	0	0
neutron	939.565	9.59283	99836.2	0	0
neutron	939.565	4.72736	99836.2	0	0
proton	938.272	3.14647	99836.2	0	0
neutron	939.565	0.57509	99836.2	0	0
Ne20	18617.7	1.83707	99836.2	0	0
neutron	939.565	13.1863	99836.2	0	0
neutron	939.565	7.43775	99836.2	0	0
proton	938.272	2.36574	99836.2	0	0
neutron	939.565	0.700777	99836.2	0	0
alpha	3727.38	9.09811	99836.2	0	0
alpha	3727.38	7.82799	99836.2	0	0
alpha	3727.38	1.83532	99836.2	0	0
Na24	22341.8	0.216331	99838.5	0	0
Al28	26058.3	0.186603	99839.4	0	0
neutron	939.565	8.26432	99833.2	0	0
neutron	939.565	6.69105	99833.2	0	0
proton	938.272	6.40655	99833.2	0	0
neutron	939.565	2.29884	99833.2	0	0
alpha	3727.38	4.4403	99833.2	0	0
O16	14895.1	3.69955	99833.2	0	0
N16	14906	0.27829	99840.5	0	0
Al28	26058.3	0.187357	99834.6	0	0
neutron	939.565	30.7539	99838.1	0	0
neutron	939.565	6.03176	99838.1	0	0
proton	938.272	1.7394	99838.1	0	0
neutron	939.565	0.88778	99838.1	0	0
Mg24	22335.8	0.797827	99838.1	0	0
neutron	939.565	7.3445	99845.5	0	0
neutron	939.565	6.31023	99845.5	0	0
proton	938.272	2.49609	99845.5	0	0
Ne21	19550.5	0.113829	99845.5	0	0
Na24	22341.8	0.201256	99845.8	0	0
Na24	22341.8	0.180662	99849.6	0	0
Al28	26058.3	0.182631	99839.6	0	0
N16	14906	0.29273	99840	0	0
proton	938.272	3.88399	99834.3	0	0
neutron	939.565	1.83845	99834.3	0	0
neutron	939.565	0.296343	99834.3	0	0
Ne21	19550.5	0.193504	99834.3	0	0
neutron	939.565	0.534173	99839.3	0	0
Na23	21409.2	0.249567	99839.3	0	0
N16	14906	0.294012	99838.4	0	0
neutron	939.565	49.301	99837.9	0	0
neutron	939.565	7.23266	99837.9	0	0
proton	938.272	3.0875	99837.9	0	0
C13	12109.5	4.66906	99837.9	0	0
neutron	939.565	6.40918	99839	0	0
neutron	939.565	2.34273	99839	0	0
neutron	939.565	0.767993	99839	0	0
Mn53	49301.8	0.0513355	99839	0	0
neutron	939.565	20.8391	99840.7	0	0
neutron	939.565	6.75579	99840.7	0	0
deuteron	1875.61	4.95865	99840.7	0	0
alpha	3727.38	6.08149	99840.7	0	0
Be8	7454.85	2.49551	99840.7	0	0
N16	14906	0.290278	99838.1	0	0
neutron	939.565	0.172658	99836.7	0	0
Na23	21409.2	0.172054	99836.7	0	0
Na24	22341.8	0.206668	99840.2	0	0
neutron	939.565	5.54553	99837.6	0	0
proton	938.272	5.38737	99837.6	0	0
neutron	939.565	1.80016	99837.6	0	0
Mg25	23268	0.23544	99837.6	0	0
neutron	939.565	0.0287839	99843.6	0	0
Al27	25126.5	0.180887	99843.6	0	0
Al28	26058.3	0.181697	99834.5	0	0
neutron	939.565	0.0321186	99840.5	0	0
Al27	25126.5	0.184899	99840.5	0	0
neutron	939.565	9.24567	99836.5	0	0
neutron	939.565	4.92011	99836.5	0	0
proton	938.272	4.07908	99836.5	0	0
neutron	939.565	1.73239	99836.5	0	0
Ne20	18617.7	0.34513	99836.5	0	0
N16	14906	0.289895	99831.6	0	0
neutron	939.565	4.30037	99836.3	0	0
N15	13968.9	0.588002	99836.3	0	0
proton	938.272	3.97959	99847.9	0	0
neutron	939.565	0.510876	99847.9	0	0
Ne22	20479.7	0.200819	99847.9	0	0
Na24	22341.8	0.217571	99834.7	0	0
neutron	939.565	9.45203	99845	0	0
neutron	939.565	4.09236	99845	0	0
N14	13040.2	0.387365	99845	0	0
neutron	939.565	2.32849	99855	0	0
N15	13968.9	0.723527	99855	0	0
Na24	22341.8	0.219183	99845.3	0	0
Na24	22341.8	0.18653	99842.3	0	0
Na24	22341.8	0.209933	99839.2	0	0
neutron	939.565	0.295634	99852.4	0	0
Al27	25126.5	0.0997844	99852.4	0	0
neutron	939.565	0.849928	99840.1	0	0
Al27	25126.5	0.26404	99840.1	0	0
proton	938.272	3.53661	99840.3	0	0
neutron	939.565	1.66532	99840.3	0	0
triton	2808.92	10.6931	99840.3	0	0
Na23	21409.2	0.902341	99840.3	0	0
neutron	939.565	0.638655	99837	0	0
Na25	23272.4	0.223048	99837	0	0
neutron	939.565	0.39024	99841.5	0	0
Al27	25126.5	0.264238	99841.5	0	0
proton	938.272	8.56399	99842.6	0	0
neutron	939.565	4.82465	99842.6	0	0
neutron	939.565	4.3358	99842.6	0	0
neutron	939.565	0.423035	99842.6	0	0
Mg24	22335.8	0.0527202	99842.6	0	0
neutron	939.565	5.56389	99845.3	0	0
proton	938.272	5.51973	99845.3	0	0
neutron	939.565	0.251868	99845.3	0	0
Mg25	23268	0.832039	99845.3	0	0
Na24	22341.8	0.20669	99838.7	0	0
Al28	26058.3	0.171892	99838.3	0	0
Al28	26058.3	0.187954	99839.7	0	0
neutron	939.565	5.21486	99840.1	0	0
proton	938.272	3.01186	99840.1	0	0
neutron	939.565	2.18288	99840.1	0	0
neutron	939.565	1.94135	99840.1	0	0
C12	11174.9	0.238591	99840.1	0	0
Na24	22341.8	0.180333	99838.2	0	0
Al28	26058.3	0.17994	99845.4	0	0
Mn56	52094	0.080735	99847.2	0	0
Al28	26058.3	0.183601	99839.5	0	0
proton	938.272	10.132	99843.3	0	0
neutron	939.565	5.28429	99843.3	0	0
alpha	3727.38	9.40701	99843.3	0	0
Ne22	20479.7	0.618258	99843.3	0	0
neutron	939.565	4.12261	99840	0	0
proton	938.272	2.68868	99840	0	0
neutron	939.565	0.792042	99840	0	0
Ne21	19550.5	0.324867	99840	0	0
N16	14906	0.288639	99841.9	0	0
Na25	23272.4	0.21262	99838.1	0	0
neutron	939.565	17.0413	99835.1	0	0
neutron	939.565	13.9959	99835.1	0	0
proton	938.272	4.40214	99835.1	0	0
neutron	939.565	3.58633	99835.1	0	0
C12	11174.9	1.66274	99835.1	0	0
neutron	939.565	24.6937	99837.1	0	0
neutron	939.565	5.66633	99837.1	0	0
neutron	939.565	4.61143	99837.1	0	0
N13	12111.2	0.542267	99837.1	0	0
proton	938.272	6.46944	99841.9	0	0
neutron	939.565	4.51232	99841.9	0	0
Mg26	24196.5	0.975307	99841.9	0	0
neutron	939.565	0.606827	99842.9	0	0
Na23	21409.2	0.238212	99842.9	0	0
Al28	26058.3	0.153885	99835.9	0	0
neutron	939.565	1.03189	99841.1	0	0
Al27	25126.5	0.171432	99841.1	0	0
Al28	26058.3	0.184404	99843.9	0	0
Na24	22341.8	0.215034	99847.7	0	0
Al30	27922.3	0.157527	99839	0	0
Al28	26058.3	0.182166	99841.2	0	0
Na24	22341.8	0.207981	99836	0	0
Na24	22341.8	0.215533	99835.8	0	0
Na24	22341.8	0.213144	99836.5	0	0
Mn56	52094	0.0964685	99838.5	0	0
neutron	939.565	0.154156	99841.8	0	0
Al27	25126.5	0.183084	99841.8	0	0
neutron	939.565	9.98622	99845.3	0	0
alpha	3727.38	7.1847	99845.3	0	0
F19	17692.3	2.22829	99845.3	0	0
neutron	939.565	12.6934	99838.6	0	0
neutron	939.565	2.5541	99838.6	0	0
proton	938.272	1.60108	99838.6	0	0
neutron	939.565	1.26004	99838.6	0	0
Ne22	20479.7	0.507831	99838.6	0	0
neutron	939.565	8.42376	99833.5	0	0
neutron	939.565	2.69833	99833.5	0	0
neutron	939.565	0.428185	99833.5	0	0
Al25	23271.8	0.198369	99833.5	0	0
neutron	939.565	47.3166	99842.8	0	0
neutron	939.565	2.71735	99842.8	0	0
deuteron	1875.61	4.77717	99842.8	0	0
Mg24	22335.8	0.50097	99842.8	0	0
neutron	939.565	39.3681	99841.1	0	0
proton	938.272	4.20562	99841.1	0	0
neutron	939.565	4.19553	99841.1	0	0
Ne22	20479.7	0.465162	99841.1	0	0
Al28	26058.3	0.179816	99839.1	0	0
Al28	26058.3	0.160779	99844.1	0	0
Al28	26058.3	0.187201	99851.1	0	0
Mn56	52094	0.0846018	99839.7	0	0
Na24	22341.8	0.21279	99832.1	0	0
proton	938.272	31.8426	99838.2	0	0
proton	938.272	4.92299	99838.2	0	0
neutron	939.565	0.788028	99838.2	0	0
F21	19556.7	1.01299	99838.2	0	0
O16	14895.1	0.60249	99953.4	103.943	103.22
proton	938.272	2.86428	99840.6	0	0
neutron	939.565	1.5709	99840.6	0	0
neutron	939.565	1.47296	99840.6	0	0
neutron	939.565	1.30089	99840.6	0	0
C12	11174.9	0.496795	99840.6	0	0
Na24	22341.8	0.203498	99836.4	0	0
Al28	26058.3	0.186364	99842.2	0	0
Na26	24206.4	0.177877	99840.6	0	0
N16	14906	0.284555	99849.8	0	0
neutron	939.565	20.259	99842.6	0	0
proton	938.272	5.38932	99842.6	0	0
neutron	939.565	3.26651	99842.6	0	0
neutron	939.565	0.544876	99842.6	0	0
Mg24	22335.8	0.327335	99842.6	0	0
Na24	22341.8	0.209434	99835.8	0	0
neutron	939.565	3.18833	99845.5	0	0
N15	13968.9	0.444005	99845.5	0	0
neutron	939.565	7.65495	99842.3	0	0
triton	2808.92	20.1742	99842.3	0	0
C12	11174.9	4.67304	99842.3	0	0
proton	938.272	13.7594	99837.7	0	0
neutron	939.565	0.606258	99837.7	0	0
C14	13040.9	1.35255	99837.7	0	0
neutron	939.565	4.03561	99835.8	0	0
neutron	939.565	0.985794	99835.8	0	0
Na22	20482.1	0.664171	99835.8	0	0
neutron	939.565	20.7879	99842.7	0	0
neutron	939.565	2.75124	99842.7	0	0
neutron	939.565	1.24788	99842.7	0	0
Na23	21409.2	1.61489	99842.7	0	0
neutron	939.565	1.80084	99835.5	0	0
Mn55	51161.7	0.0979383	99835.5	0	0
proton	938.272	6.42793	99833.8	0	0
neutron	939.565	2.92955	99833.8	0	0
neutron	939.565	1.64715	99833.8	0	0
alpha	3727.38	18.8812	99833.8	0	0
Ne21	19550.5	4.08868	99833.8	0	0
neutron	939.565	25.6797	99840.6	0	0
proton	938.272	2.89081	99840.6	0	0
neutron	939.565	0.623924	99840.6	0	0
Mg25	23268	0.397049	99840.6	0	0
Na24	22341.8	0.217035	99843.6	0	0
proton	938.272	22.8513	99836	0	0
neutron	939.565	4.0993	99836	0	0
neutron	939.565	2.97227	99836	0	0
neutron	939.565	1.41643	99836	0	0
alpha	3727.38	2.06774	99836	0	0
Be8	7454.85	7.81304	99836	0	0
neutron	939.565	7.95592	99834.9	0	0
neutron	939.565	5.91335	99834.9	0	0
N14	13040.2	0.329754	99834.9	0	0
neutron	939.565	5.76057	99841.3	0	0
proton	938.272	2.42814	99841.3	0	0
Ne22	20479.7	0.823283	99841.3	0	0
proton	938.272	14.3465	99846.2	0	0
neutron	939.565	11.6297	99846.2	0	0
neutron	939.565	1.06023	99846.2	0	0
neutron	939.565	0.822328	99846.2	0	0
Mg24	22335.8	1.53867	99846.2	0	0
Al28	26058.3	0.170997	99838.8	0	0
neutron	939.565	36.3912	99832.5	0	0
proton	938.272	5.31188	99832.5	0	0
neutron	939.565	3.98028	99832.5	0	0
neutron	939.565	0.783072	99832.5	0	0
C12	11174.9	5.06013	99832.5	0	0
Na24	22341.8	0.211549	99838.7	0	0
Al28	26058.3	0.179981	99850.4	0	0
N16	14906	0.296115	99840.4	0	0
Na24	22341.8	0.215312	99838.3	0	0
neutron	939.565	17.0467	99849.8	0	0
neutron	939.565	13.4721	99849.8	0	0
neutron	939.565	0.237834	99849.8	0	0
Mn53	49301.8	0.00286673	99849.8	0	0
Na24	22341.8	0.208287	99839.8	0	0
Al28	26058.3	0.162658	99838.7	0	0
neutron	939.565	5.56841	99847.1	0	0
Na24	22341.8	0.155296	99847.1	0	0
Na24	22341.8	0.214601	99839	0	0
proton	938.272	6.30569	99839.5	0	0
neutron	939.565	4.33971	99839.5	0	0
neutron	939.565	0.355966	99839.5	0	0
Cr53	49301.7	0.19375	99839.5	0	0
Na24	22341.8	0.215688	99832.3	0	0
neutron	939.565	23.5462	99840.6	0	0
neutron	939.565	2.3776	99840.6	0	0
deuteron	1875.61	3.30699	99840.6	0	0
C12	11174.9	2.25937	99840.6	0	0
neutron	939.565	6.31441	99837.1	0	0
neutron	939.565	4.95431	99837.1	0	0
proton	938.272	2.80336	99837.1	0	0
alpha	3727.38	20.9092	99837.1	0	0
Ne21	19550.5	5.17749	99837.1	0	0
neutron	939.565	0.11343	99842	0	0
N15	13968.9	0.322603	99842	0	0
neutron	939.565	12.1038	99843.6	0	0
proton	938.272	8.05603	99843.6	0	0
neutron	939.565	6.58718	99843.6	0	0
neutron	939.565	4.75379	99843.6	0	0
C12	11174.9	0.295131	99843.6	0	0
neutron	939.565	15.999	99843.1	0	0
neutron	939.565	9.10919	99843.1	0	0
proton	938.272	2.08732	99843.1	0	0
neutron	939.565	1.85983	99843.1	0	0
C12	11174.9	0.74676	99843.1	0	0
neutron	939.565	6.4391	99841	0	0
proton	938.272	5.20596	99841	0	0
Mg26	24196.5	1.01129	99841	0	0
proton	938.272	12.2477	99840.3	0	0
neutron	939.565	1.20126	99840.3	0	0
Ne22	20479.7	0.435173	99840.3	0	0
neutron	939.565	12.5858	99839.1	0	0
neutron	939.565	6.5746	99839.1	0	0
proton	938.272	3.51115	99839.1	0	0
deuteron	1875.61	4.01532	99839.1	0	0
Na23	21409.2	1.60983	99839.1	0	0
N16	14906	0.287088	99839.9	0	0
Na24	22341.8	0.195246	99842.5	0	0
neutron	939.565	0.593211	99832.8	0	0
Al27	25126.5	0.269406	99832.8	0	0
neutron	939.565	7.82749	99841.6	0	0
neutron	939.565	2.39799	99841.6	0	0
Na24	22341.8	0.242794	99841.6	0	0
neutron	939.565	4.87179	99840	0	0
neutron	939.565	3.4094	99840	0	0
neutron	939.565	3.28829	99840	0	0
proton	938.272	2.18165	99840	0	0
alpha	3727.38	12.1173	99840	0	0
O18	16762	4.12295	99840	0	0
neutron	939.565	1.18199	99836.6	0	0
Al27	25126.5	0.116282	99836.6	0	0
neutron	939.565	3.19131	99843.8	0	0
neutron	939.565	3.18722	99843.8	0	0
deuteron	1875.61	6.48681	99843.8	0	0
Mg24	22335.8	0.934917	99843.8	0	0
neutron	939.565	23.2499	99841.9	0	0
neutron	939.565	7.35417	99841.9	0	0
deuteron	1875.61	2.83241	99841.9	0	0
Ne20	18617.7	0.931358	99841.9	0	0
neutron	939.565	4.64591	99837.8	0	0
triton	2808.92	1.5942	99837.8	0	0
alpha	3727.38	7.22206	99837.8	0	0
O16	14895.1	2.54304	99837.8	0	0
N16	14906	0.282167	99841.8	0	0
Na24	22341.8	0.210934	99838	0	0
neutron	939.565	0.550769	99846.3	0	0
Al27	25126.5	0.124704	99846.3	0	0
proton	938.272	12.6757	99838.1	0	0
neutron	939.565	5.02728	99838.1	0	0
Mg26	24196.5	0.1819	99838.1	0	0
Na24	22341.8	0.21545	99839.6	0	0
neutron	939.565	4.68083	99840.6	0	0
neutron	939.565	1.57363	99840.6	0	0
deuteron	1875.61	3.19471	99840.6	0	0
C12	11174.9	1.525	99840.6	0	0
neutron	939.565	0.157005	99834.4	0	0
Na23	21409.2	0.144538	99834.4	0	0
O16	14895.1	0.410257	99849.9	22.2057	20.9899
N16	14906	0.288714	99838.6	0	0
Na26	24206.4	0.18395	99843.5	0	0
Mg24	22335.8	0.138113	99922.4	79.074	78.4095
neutron	939.565	1.88998	99843.5	0	0
Na23	21409.2	0.069841	99843.5	0	0
neutron	939.565	3.33633	99838.5	0	0
proton	938.272	2.03463	99838.5	0	0
Ne22	20479.7	0.240719	99838.5	0	0
Na24	22341.8	0.182264	99837.9	0	0
neutron	939.565	0.685801	99841	0	0
Al27	25126.5	0.211846	99841	0	0
Al28	26058.3	0.176842	99844.4	0	0
Al28	26058.3	0.177058	99838	0	0
neutron	939.565	4.12163	99837.3	0	0
proton	938.272	2.63081	99837.3	0	0
Ne22	20479.7	0.387605	99837.3	0	0
neutron	939.565	11.3708	99841.9	0	0
neutron	939.565	9.84562	99841.9	0	0
proton	938.272	7.71224	99841.9	0	0
C13	12109.5	0.298851	99841.9	0	0
Al28	26058.3	0.159547	99839.5	0	0
proton	938.272	7.75666	99840.2	0	0
neutron	939.565	6.82161	99840.2	0	0
neutron	939.565	2.10303	99840.2	0	0
neutron	939.565	0.959525	99840.2	0	0
Ne20	18617.7	0.878563	99840.2	0	0
Na24	22341.8	0.175415	99839.8	0	0
Al28	26058.3	0.165526	99841.8	0	0
neutron	939.565	1.1732	99839.1	0	0
neutron	939.565	0.76615	99839.1	0	0
neutron	939.565	0.577367	99839.1	0	0
Na23	21409.2	0.207674	99839.1	0	0
proton	938.272	17.3445	99841	0	0
neutron	939.565	2.76386	99841	0	0
Ne22	20479.7	1.41383	99841	0	0
neutron	939.565	0.178295	99841.9	0	0
Al27	25126.5	0.113229	99841.9	0	0
Na24	22341.8	0.214962	99842.2	0	0
Na24	22341.8	0.186069	99842.6	0	0
neutron	939.565	2.95325	99839.5	0	0
neutron	939.565	2.65241	99839.5	0	0
Mn54	50232.4	0.00774876	99839.5	0	0
N16	14906	0.290422	99835.9	0	0
Na24	22341.8	0.209422	99839.8	0	0
Al28	26058.3	0.158215	99832.5	0	0
Mn56	52094	0.082985	99838.7	0	0
neutron	939.565	0.472172	99835.4	0	0
Mn55	51161.7	0.114532	99835.4	0	0
proton	938.272	7.92017	99839.8	0	0
neutron	939.565	0.731815	99839.8	0	0
neutron	939.565	0.588761	99839.8	0	0
Mg25	23268	0.829896	99839.8	0	0
neutron	939.565	15.2675	99847.7	0	0
proton	938.272	8.20218	99847.7	0	0
neutron	939.565	0.208409	99847.7	0	0
Mg25	23268	1.07696	99847.7	0	0
Al28	26058.3	0.158659	99841.1	0	0
Na24	22341.8	0.218198	99832.9	0	0
Na24	22341.8	0.216262	99838.2	0	0
O16	14895.1	0.245828	99952.6	105.519	104.984
N16	14906	0.294244	99834.7	0	0
neutron	939.565	1.26039	99843.5	0	0
Al27	25126.5	0.217711	99843.5	0	0
Al28	26058.3	0.184498	99839.4	0	0
proton	938.272	43.7348	99839.1	0	0
neutron	939.565	1.1609	99839.1	0	0
neutron	939.565	1.0432	99839.1	0	0
neutron	939.565	0.509734	99839.1	0	0
Cr52	48370	0.591852	99839.1	0	0
neutron	939.565	0.441495	99844.5	0	0
Al27	25126.5	0.249354	99844.5	0	0
Na24	22341.8	0.201419	99843.2	0	0
Al28	26058.3	0.18703	99846.1	0	0
proton	938.272	7.92872	99830.4	0	0
neutron	939.565	4.44205	99830.4	0	0
neutron	939.565	1.33939	99830.4	0	0
neutron	939.565	0.65658	99830.4	0	0
alpha	3727.38	3.58686	99830.4	0	0
Be8	7454.85	2.21233	99830.4	0	0
proton	938.272	4.37337	99845.7	0	0
neutron	939.565	4.35022	99845.7	0	0
Mg26	24196.5	0.618472	99845.7	0	0
neutron	939.565	0.35879	99841	0	0
Al27	25126.5	0.135278	99841	0	0
Na24	22341.8	0.21252	99838.4	0	0
neutron	939.565	15.0616	99836.5	0	0
Na23	21409.2	0.883127	99836.5	0	0
Al28	26058.3	0.187001	99843.8	0	0
Na25	23272.4	0.192411	99836.1	0	0
proton	938.272	28.8752	99839.9	0	0
neutron	939.565	19.5065	99839.9	0	0
neutron	939.565	2.09324	99839.9	0	0
Ne21	19550.5	4.11416	99839.9	0	0
Na24	22341.8	0.219616	99839	0	0
neutron	939.565	51.1275	99841.6	0	0
proton	938.272	3.95609	99841.6	0	0
neutron	939.565	3.62522	99841.6	0	0
Ne21	19550.5	2.78098	99841.6	0	0
neutron	939.565	24.7272	99838.5	0	0
proton	938.272	2.2792	99838.5	0	0
neutron	939.565	1.47266	99838.5	0	0
Mg25	23268	1.13352	99838.5	0	0
proton	938.272	12.0977	99850.3	0	0
neutron	939.565	2.21357	99850.3	0	0
neutron	939.565	1.35923	99850.3	0	0
alpha	3727.38	4.02222	99850.3	0	0
O17	15830.5	0.816475	99850.3	0	0
proton	938.272	9.87236	99840.8	0	0
neutron	939.565	2.14495	99840.8	0	0
Ne22	20479.7	0.650807	99840.8	0	0
Al28	26058.3	0.160213	99849.1	0	0
Al28	26058.3	0.174481	99839.2	0	0
neutron	939.565	4.9967	99844.8	0	0
N15	13968.9	0.264108	99844.8	0	0
Al28	26058.3	0.158526	99840.8	0	0
Al28	26058.3	0.177602	99838.4	0	0
Na24	22341.8	0.209152	99835.5	0	0
neutron	939.565	14.8553	99843	0	0
proton	938.272	12.0153	99843	0	0
neutron	939.565	1.03805	99843	0	0
neutron	939.565	0.480961	99843	0	0
Ne20	18617.7	0.45382	99843	0	0
Al28	26058.3	0.178454	99843.3	0	0
neutron	939.565	30.3401	99843.3	0	0
proton	938.272	2.67434	99843.3	0	0
neutron	939.565	1.93771	99843.3	0	0
neutron	939.565	0.81496	99843.3	0	0
C12	11174.9	1.94719	99843.3	0	0
neutron	939.565	7.24186	99834.1	0	0
neutron	939.565	4.77882	99834.1	0	0
deuteron	1875.61	5.87583	99834.1	0	0
C12	11174.9	0.452795	99834.1	0	0
neutron	939.565	0.638068	99837.6	0	0
Mn55	51161.7	0.0475487	99837.6	0	0
neutron	939.565	2.24017	99842.5	0	0
proton	938.272	1.72523	99842.5	0	0
Ne22	20479.7	0.466983	99842.5	0	0
proton	938.272	10.8596	99844.2	0	0
neutron	939.565	2.56756	99844.2	0	0
neutron	939.565	2.33644	99844.2	0	0
Mg27	25129.6	0.136947	99844.2	0	0
Mn56	52094	0.0863293	99842.6	0	0
neutron	939.565	5.52934	99833.6	0	0
proton	938.272	5.13902	99833.6	0	0
neutron	939.565	2.00227	99833.6	0	0
neutron	939.565	1.62758	99833.6	0	0
Ne20	18617.7	0.735826	99833.6	0	0
neutron	939.565	0.82921	99839.2	0	0
Na23	21409.2	0.0993563	99839.2	0	0
Al28	26058.3	0.185489	99841.4	0	0
neutron	939.565	8.6834	99841.6	0	0
proton	938.272	4.9871	99841.6	0	0
neutron	939.565	1.5272	99841.6	0	0
Ne23	21414.1	0.153393	99841.6	0	0
Al29	26988.5	0.162685	99839.3	0	0
neutron	939.565	1.12424	99842.2	0	0
Mn55	51161.7	0.0478832	99842.2	0	0
neutron	939.565	0.933905	99842.3	0	0
Al29	26988.5	0.0743339	99842.3	0	0
neutron	939.565	3.35963	99835.2	0	0
neutron	939.565	3.33977	99835.2	0	0
neutron	939.565	1.92737	99835.2	0	0
N13	12111.2	1.25706	99835.2	0	0
neutron	939.565	32.1835	99835.7	0	0
proton	938.272	3.50564	99835.7	0	0
Ne22	20479.7	2.79232	99835.7	0	0
Al28	26058.3	0.187852	99836.3	0	0
deuteron	1875.61	4.61576	99839.5	0	0
C14	13040.9	1.1397	99839.5	0	0
neutron	939.565	6.02483	99829.6	0	0
proton	938.272	3.77097	99829.6	0	0
Mg26	24196.5	0.225384	99829.6	0	0
Al28	26058.3	0.16919	99834.5	0	0
neutron	939.565	18.0953	99849.8	0	0
alpha	3727.38	11.3467	99849.8	0	0
alpha	3727.38	3.10513	99849.8	0	0
N15	13968.9	2.46702	99849.8	0	0
neutron	939.565	2.55816	99847.4	0	0
neutron	939.565	2.34297	99847.4	0	0
Na23	21409.2	0.380587	99847.4	0	0
Na24	22341.8	0.203395	99840.3	0	0
neutron	939.565	11.5137	99838.1	0	0
proton	938.272	5.15713	99838.1	0	0
neutron	939.565	0.26911	99838.1	0	0
C13	12109.5	0.278711	99838.1	0	0
proton	938.272	6.07217	99839.6	0	0
neutron	939.565	5.24575	99839.6	0	0
Ne22	20479.7	1.5602	99839.6	0	0
Al29	26988.5	0.165695	99843.2	0	0
Na24	22341.8	0.198588	99838.1	0	0
O16	14895.1	0.3424	99974.4	116.246	115.561
Na25	23272.4	0.210009	99843.3	0	0
Al28	26058.3	0.189105	99841.5	0	0
neutron	939.565	5.72067	99837.9	0	0
proton	938.272	3.08566	99837.9	0	0
neutron	939.565	1.13244	99837.9	0	0
Ne21	19550.5	0.935924	99837.9	0	0
neutron	939.565	5.27047	99833.7	0	0
neutron	939.565	1.07958	99833.7	0	0
alpha	3727.38	10.912	99833.7	0	0
deuteron	1875.61	3.66043	99833.7	0	0
O16	14895.1	2.28886	99833.7	0	0
neutron	939.565	36.61	99844.2	0	0
neutron	939.565	0.485717	99844.2	0	0
deuteron	1875.61	4.92877	99844.2	0	0
C12	11174.9	1.48175	99844.2	0	0
neutron	939.565	4.03342	99837.1	0	0
proton	938.272	3.91465	99837.1	0	0
neutron	939.565	3.4633	99837.1	0	0
Mg25	23268	0.113516	99837.1	0	0
Na24	22341.8	0.215485	99842.6	0	0
neutron	939.565	0.042707	99843.8	0	0
Al27	25126.5	0.154258	99843.8	0	0
Na24	22341.8	0.206336	99844.9	0	0
neutron	939.565	1.60983	99838.4	0	0
Al27	25126.5	0.110372	99838.4	0	0
neutron	939.565	1.33205	99840.3	0	0
Na23	21409.2	0.341616	99840.3	0	0
Al28	26058.3	0.187455	99849.8	0	0
Na25	23272.4	0.203725	99838.6	0	0
neutron	939.565	5.4578	99845.6	0	0
proton	938.272	2.51428	99845.6	0	0
neutron	939.565	1.56862	99845.6	0	0
Mg25	23268	0.358025	99845.6	0	0
neutron	939.565	14.0248	99843.5	0	0
neutron	939.565	4.96959	99843.5	0	0
proton	938.272	3.28616	99843.5	0	0
deuteron	1875.61	3.90335	99843.5	0	0
Na23	21409.2	1.23447	99843.5	0	0
proton	938.272	18.2593	99837.1	0	0
neutron	939.565	3.05644	99837.1	0	0
neutron	939.565	1.96871	99837.1	0	0
Ne23	21414.1	0.838245	99837.1	0	0
Al28	26058.3	0.160767	99840.7	0	0
neutron	939.565	1.45107	99837.9	0	0
alpha	3727.38	5.45757	99837.9	0	0
B11	10252.5	1.35037	99837.9	0	0
O16	14895.1	0.526023	99986.3	121.154	120.485
N16	14906	0.285885	99870	0	0
deuteron	1875.61	16.0155	99843.8	0	0
C14	13040.9	1.67026	99843.8	0	0
neutron	939.565	0.738803	99843.8	0	0
N15	13968.9	0.354	99843.8	0	0
neutron	939.565	1.42285	99838.9	0	0
neutron	939.565	1.15071	99838.9	0	0
neutron	939.565	0.259809	99838.9	0	0
Mn53	49301.8	0.289089	99838.9	0	0
neutron	939.565	0.749711	99836.3	0	0
Na24	22341.8	0.114885	99836.3	0	0
proton	938.272	9.83651	99833.8	0	0
neutron	939.565	3.22492	99833.8	0	0
neutron	939.565	0.425113	99833.8	0	0
Mg25	23268	0.369341	99833.8	0	0
neutron	939.565	2.37866	99839.5	0	0
Na25	23272.4	0.495898	99839.5	0	0
Na24	22341.8	0.22016	99849.1	0	0
neutron	939.565	23.714	99840	0	0
proton	938.272	5.31355	99840	0	0
alpha	3727.38	4.20035	99840	0	0
O18	16762	5.06985	99840	0	0
neutron	939.565	3.98269	99839.6	0	0
proton	938.272	3.3068	99839.6	0	0
neutron	939.565	0.681402	99839.6	0	0
Ne21	19550.5	0.204568	99839.6	0	0
proton	938.272	18.3034	99833.4	0	0
neutron	939.565	11.3489	99833.4	0	0
neutron	939.565	1.14428	99833.4	0	0
neutron	939.565	0.607546	99833.4	0	0
Ne20	18617.7	1.94725	99833.4	0	0
neutron	939.565	2.64493	99841.3	0	0
Na23	21409.2	0.129507	99841.3	0	0
deuteron	1875.61	14.4835	99837.7	0	0
C14	13040.9	1.53531	99837.7	0	0
proton	938.272	6.30236	99834.6	0	0
neutron	939.565	5.27327	99834.6	0	0
Ne22	20479.7	0.141867	99834.6	0	0
Al28	26058.3	0.165337	99847.4	0	0
alpha	3727.38	12.3766	99847.8	0	0
B12	11188.7	4.3805	99847.8	0	0
N16	14906	0.292877	99841.1	0	0
N16	14906	0.295864	99843.8	0	0
Na24	22341.8	0.188591	99838	0	0
proton	938.272	10.1911	99841.3	0	0
neutron	939.565	4.6394	99841.3	0	0
neutron	939.565	4.2496	99841.3	0	0
neutron	939.565	0.104441	99841.3	0	0
Mg24	22335.8	0.780969	99841.3	0	0
neutron	939.565	3.09282	99837.7	0	0
proton	938.272	1.19586	99837.7	0	0
C14	13040.9	0.0808691	99837.7	0	0
neutron	939.565	20.7146	99841.4	0	0
proton	938.272	13.294	99841.4	0	0
neutron	939.565	3.47127	99841.4	0	0
neutron	939.565	0.909427	99841.4	0	0
C12	11174.9	2.82404	99841.4	0	0
neutron	939.565	0.735255	99845.5	0	0
Na23	21409.2	0.373078	99845.5	0	0
Na24	22341.8	0.204367	99846	0	0
proton	938.272	4.08336	99837.8	0	0
Ne23	21414.1	0.507605	99837.8	0	0
Al30	27922.3	0.156036	99839.8	0	0
neutron	939.565	6.50763	99840.5	0	0
proton	938.272	4.32215	99840.5	0	0
Mg26	24196.5	0.747015	99840.5	0	0
proton	938.272	9.91481	99837.2	0	0
neutron	939.565	4.64489	99837.2	0	0
neutron	939.565	4.39032	99837.2	0	0
neutron	939.565	3.74488	99837.2	0	0
alpha	3727.38	3.89278	99837.2	0	0
O16	14895.1	2.76332	99837.2	0	0
neutron	939.565	24.6542	99848.9	0	0
proton	938.272	7.62916	99848.9	0	0
neutron	939.565	1.74182	99848.9	0	0
neutron	939.565	0.453416	99848.9	0	0
Ne20	18617.7	2.26195	99848.9	0	0
neutron	939.565	0.122765	99839.5	0	0
deuteron	1875.61	2.02095	99839.5	0	0
Ne21	19550.5	0.304664	99839.5	0	0
neutron	939.565	9.22202	99845	0	0
proton	938.272	5.42476	99845	0	0
Mg26	24196.5	0.538075	99845	0	0
neutron	939.565	5.5902	99852.4	0	0
neutron	939.565	3.2637	99852.4	0	0
proton	938.272	2.20504	99852.4	0	0
Ne21	19550.5	0.745998	99852.4	0	0
neutron	939.565	2.08571	99841.6	0	0
N15	13968.9	0.752012	99841.6	0	0
neutron	939.565	20.3357	99837.3	0	0
neutron	939.565	3.05391	99837.3	0	0
proton	938.272	1.9769	99837.3	0	0
alpha	3727.38	8.4428	99837.3	0	0
O17	15830.5	0.272249	99837.3	0	0
neutron	939.565	2.1341	99843.6	0	0
Al27	25126.5	0.129159	99843.6	0	0
Na24	22341.8	0.21753	99842.9	0	0
neutron	939.565	4.86296	99841.7	0	0
neutron	939.565	1.64279	99841.7	0	0
Na22	20482.1	0.0811949	99841.7	0	0
neutron	939.565	0.477191	99838.7	0	0
Al27	25126.5	0.230269	99838.7	0	0
neutron	939.565	0.178963	99845.5	0	0
Na23	21409.2	0.173591	99845.5	0	0
neutron	939.565	4.5542	99841.1	0	0
proton	938.272	4.44715	99841.1	0	0
Ne22	20479.7	0.169558	99841.1	0	0
proton	938.272	7.09173	99845.4	0	0
neutron	939.565	7.00539	99845.4	0	0
Ne22	20479.7	0.290044	99845.4	0	0
neutron	939.565	4.44945	99837.5	0	0
neutron	939.565	3.87915	99837.5	0	0
N14	13040.2	0.518793	99837.5	0	0
neutron	939.565	6.30244	99837.3	0	0
neutron	939.565	5.7336	99837.3	0	0
proton	938.272	3.9686	99837.3	0	0
neutron	939.565	2.71358	99837.3	0	0
alpha	3727.38	4.34633	99837.3	0	0
alpha	3727.38	3.59811	99837.3	0	0
C12	11174.9	3.04782	99837.3	0	0
neutron	939.565	3.68795	99838.9	0	0
neutron	939.565	1.67187	99838.9	0	0
Na22	20482.1	0.360296	99838.9	0	0
neutron	939.565	2.09026	99844.4	0	0
neutron	939.565	0.578074	99844.4	0	0
Al26	24200	0.132804	99844.4	0	0
Al28	26058.3	0.1865	99833.6	0	0
neutron	939.565	16.5724	99832.9	0	0
N15	13968.9	0.597405	99832.9	0	0
neutron	939.565	3.86156	99849.6	0	0
neutron	939.565	0.703584	99849.6	0	0
Al27	25126.5	0.689107	99849.6	0	0
neutron	939.565	1.87089	99838.4	0	0
Na23	21409.2	0.193522	99838.4	0	0
N16	14906	0.277926	99844.7	0	0
neutron	939.565	8.04511	99841	0	0
proton	938.272	5.1875	99841	0	0
neutron	939.565	1.80777	99841	0	0
neutron	939.565	0.96753	99841	0	0
alpha	3727.38	17.0423	99841	0	0
O16	14895.1	3.24273	99841	0	0
neutron	939.565	6.05145	99839.7	0	0
proton	938.272	5.55175	99839.7	0	0
neutron	939.565	5.03635	99839.7	0	0
C13	12109.5	1.94657	99839.7	0	0
Mn56	52094	0.0825943	99842	0	0
neutron	939.565	5.47085	99837.2	0	0
neutron	939.565	2.45797	99837.2	0	0
deuteron	1875.61	7.67673	99837.2	0	0
alpha	3727.38	8.64327	99837.2	0	0
alpha	3727.38	6.86273	99837.2	0	0
alpha	3727.38	6.54018	99837.2	0	0
neutron	939.565	8.00973	99846.4	0	0
Na23	21409.2	0.369402	99846.4	0	0
proton	938.272	5.85911	99843	0	0
neutron	939.565	0.729231	99843	0	0
neutron	939.565	0.539597	99843	0	0
Ne23	21414.1	0.0909663	99843	0	0
neutron	939.565	10.9172	99838.2	0	0
neutron	939.565	0.473686	99838.2	0	0
deuteron	1875.61	9.26445	99838.2	0	0
C12	11174.9	1.08248	99838.2	0	0
neutron	939.565	2.21216	99839.1	0	0
N15	13968.9	0.649887	99839.1	0	0
N16	14906	0.28691	99835.2	0	0
neutron	939.565	5.30819	99840.9	0	0
proton	938.272	5.23289	99840.9	0	0
Mg26	24196.5	0.763023	99840.9	0	0
neutron	939.565	0.499683	99840.5	0	0
Al27	25126.5	0.225875	99840.5	0	0
Al28	26058.3	0.176677	99857.6	0	0
Al28	26058.3	0.191652	99841.6	0	0
Al28	26058.3	0.168198	99836	0	0
Al28	26058.3	0.157958	99835.8	0	0
neutron	939.565	11.6387	99833.2	0	0
proton	938.272	6.62696	99833.2	0	0
neutron	939.565	1.70913	99833.2	0	0
Mg25	23268	0.585341	99833.2	0	0
neutron	939.565	12.9013	99832.5	0	0
proton	938.272	3.86412	99832.5	0	0
neutron	939.565	3.75623	99832.5	0	0
neutron	939.565	0.45393	99832.5	0	0
Ne20	18617.7	0.580524	99832.5	0	0
Al28	26058.3	0.18217	99835.7	0	0
neutron	939.565	1.3102	99836.4	0	0
N15	13968.9	0.313421	99836.4	0	0
proton	938.272	3.12301	99840.6	0	0
neutron	939.565	2.67212	99840.6	0	0
neutron	939.565	0.0329764	99840.6	0	0
Mg25	23268	0.182628	99840.6	0	0
neutron	939.565	43.9142	99840.9	0	0
proton	938.272	9.00708	99840.9	0	0
neutron	939.565	4.53904	99840.9	0	0
neutron	939.565	0.593004	99840.9	0	0
Cr52	48370	0.410184	99840.9	0	0
O16	14895.1	0.914912	99949.1	99.9938	99.0352
neutron	939.565	21.9917	99875.3	0	0
proton	938.272	8.80597	99875.3	0	0
Ne22	20479.7	1.94088	99875.3	0	0
Na24	22341.8	0.20736	99838.2	0	0
neutron	939.565	0.26975	99849.2	0	0
Al27	25126.5	0.103553	99849.2	0	0
proton	938.272	12.6912	99832.2	0	0
neutron	939.565	8.13579	99832.2	0	0
neutron	939.565	3.80958	99832.2	0	0
Mg25	23268	1.42722	99832.2	0	0
Mn56	52094	0.0909521	99834.3	0	0
neutron	939.565	4.45235	99848.9	0	0
proton	938.272	1.56905	99848.9	0	0
neutron	939.565	1.28862	99848.9	0	0
neutron	939.565	0.943294	99848.9	0	0
C12	11174.9	0.894412	99848.9	0	0
neutron	939.565	9.14487	99849.5	0	0
neutron	939.565	4.44539	99849.5	0	0
proton	938.272	3.62032	99849.5	0	0
neutron	939.565	1.4264	99849.5	0	0
Mg24	22335.8	0.390527	99849.5	0	0
proton	938.272	4.46589	99847.8	0	0
neutron	939.565	3.4092	99847.8	0	0
neutron	939.565	0.0702064	99847.8	0	0
Ne23	21414.1	0.736182	99847.8	0	0
Al28	26058.3	0.155517	99844.5	0	0
neutron	939.565	32.7774	99833.6	0	0
neutron	939.565	12.1942	99833.6	0	0
neutron	939.565	7.41759	99833.6	0	0
proton	938.272	2.23235	99833.6	0	0
Mg24	22335.8	3.93161	99833.6	0	0
Na24	22341.8	0.213331	99840.4	0	0
neutron	939.565	0.322221	99843.1	0	0
Al27	25126.5	0.14921	99843.1	0	0
triton	2808.92	2.39228	99837.7	0	0
Ne22	20479.7	0.457646	99837.7	0	0
proton	938.272	10.8394	99839.4	0	0
neutron	939.565	7.77556	99839.4	0	0
neutron	939.565	0.323762	99839.4	0	0
Cr53	49301.7	0.441809	99839.4	0	0
Al28	26058.3	0.184899	99842.2	0	0
neutron	939.565	0.22728	99850.4	0	0
Al27	25126.5	0.250552	99850.4	0	0
neutron	939.565	3.96929	99843.6	0	0
N15	13968.9	0.38971	99843.6	0	0
Na24	22341.8	0.211816	99838.2	0	0
neutron	939.565	2.39273	99840.1	0	0
Na25	23272.4	0.115929	99840.1	0	0
O16	14895.1	0.192142	99983.5	122.34	121.861
Na24	22341.8	0.204808	99845.7	0	0
proton	938.272	12.8137	99843.3	0	0
neutron	939.565	3.47642	99843.3	0	0
neutron	939.565	2.84481	99843.3	0	0
proton	938.272	2.13493	99843.3	0	0
deuteron	1875.61	7.61163	99843.3	0	0
Ne22	20479.7	1.80813	99843.3	0	0
neutron	939.565	1.68042	99845.7	0	0
Na24	22341.8	0.25188	99845.7	0	0
Na24	22341.8	0.21332	99851.2	0	0
Na24	22341.8	0.21161	99837.7	0	0
Al28	26058.3	0.177893	99832.4	0	0
Na24	22341.8	0.191575	99840.5	0	0
deuteron	1875.61	2.8817	99832.1	0	0
Mg26	24196.5	0.184993	99832.1	0	0
Na26	24206.4	0.182774	99838.4	0	0
Al30	27922.3	0.144117	99835.5	0	0
Na24	22341.8	0.213805	99842.1	0	0
Al29	26988.5	0.164781	99845.9	0	0
neutron	939.565	5.5275	99845.6	0	0
neutron	939.565	1.2527	99845.6	0	0
N14	13040.2	0.257862	99845.6	0	0
neutron	939.565	7.86574	99847.2	0	0
proton	938.272	7.28193	99847.2	0	0
neutron	939.565	7.14075	99847.2	0	0
neutron	939.565	3.87422	99847.2	0	0
neutron	939.565	0.466027	99847.2	0	0
Cr51	47442.5	0.536514	99847.2	0	0
Al28	26058.3	0.162271	99839.7	0	0
neutron	939.565	0.211657	99842.7	0	0
N15	13968.9	0.290394	99842.7	0	0
neutron	939.565	4.18063	99839.5	0	0
proton	938.272	3.80301	99839.5	0	0
neutron	939.565	1.72624	99839.5	0	0
neutron	939.565	1.38819	99839.5	0	0
alpha	3727.38	3.49967	99839.5	0	0
Be8	7454.85	0.848923	99839.5	0	0
Al28	26058.3	0.156332	99849.4	0	0
neutron	939.565	4.46219	99843.2	0	0
neutron	939.565	3.16484	99843.2	0	0
deuteron	1875.61	10.1222	99843.2	0	0
alpha	3727.38	17.7996	99843.2	0	0
alpha	3727.38	3.0824	99843.2	0	0
C12	11174.9	3.13925	99843.2	0	0
neutron	939.565	10.1103	99849.8	0	0
proton	938.272	3.00938	99849.8	0	0
C14	13040.9	0.595717	99849.8	0	0
proton	938.272	4.09256	99841.1	0	0
neutron	939.565	2.22614	99841.1	0	0
neutron	939.565	1.73353	99841.1	0	0
Ne21	19550.5	0.930026	99841.1	0	0
neutron	939.565	0.0813401	99843.2	0	0
Na23	21409.2	0.215848	99843.2	0	0
neutron	939.565	2.20843	99836.5	0	0
Mn55	51161.7	0.0681997	99836.5	0	0
neutron	939.565	2.90852	99838.1	0	0
proton	938.272	2.81733	99838.1	0	0
neutron	939.565	2.21222	99838.1	0	0
neutron	939.565	0.82285	99838.1	0	0
alpha	3727.38	5.10782	99838.1	0	0
O16	14895.1	1.88752	99838.1	0	0
proton	938.272	1.71122	99838.8	0	0
neutron	939.565	1.70719	99838.8	0	0
Ne22	20479.7	0.139053	99838.8	0	0
Al28	26058.3	0.187235	99839.9	0	0
neutron	939.565	11.5579	99839.2	0	0
neutron	939.565	9.91438	99839.2	0	0
deuteron	1875.61	13.3497	99839.2	0	0
C12	11174.9	3.98815	99839.2	0	0
Mn56	52094	0.0931824	99840.7	0	0
neutron	939.565	34.9884	99845	0	0
proton	938.272	5.78554	99845	0	0
neutron	939.565	2.0752	99845	0	0
neutron	939.565	1.5384	99845	0	0
Cr52	48370	0.443085	99845	0	0
Na26	24206.4	0.173741	99847.7	0	0
proton	938.272	4.89372	99836.9	0	0
neutron	939.565	2.23956	99836.9	0	0
Ne22	20479.7	0.13212	99836.9	0	0
proton	938.272	5.10267	99835.8	0	0
neutron	939.565	5.07796	99835.8	0	0
Mg26	24196.5	0.271623	99835.8	0	0
neutron	939.565	2.19586	99833	0	0
Al27	25126.5	0.104043	99833	0	0
neutron	939.565	19.5075	99838.6	0	0
proton	938.272	5.56843	99838.6	0	0
neutron	939.565	1.57	99838.6	0	0
Mg25	23268	0.212546	99838.6	0	0
Al28	26058.3	0.184401	99838.4	0	0
Mn56	52094	0.0913726	99848.6	0	0
neutron	939.565	0.85	99839.5	0	0
N15	13968.9	0.321884	99839.5	0	0
proton	938.272	17.6546	99845.2	0	0
neutron	939.565	15.7549	99845.2	0	0
neutron	939.565	2.34124	99845.2	0	0
neutron	939.565	1.85122	99845.2	0	0
neutron	939.565	0.52005	99845.2	0	0
Cr51	47442.5	0.187955	99845.2	0	0
Na24	22341.8	0.188476	99840.6	0	0
neutron	939.565	3.42076	99848.7	0	0
proton	938.272	3.23861	99848.7	0	0
neutron	939.565	3.13573	99848.7	0	0
neutron	939.565	1.66367	99848.7	0	0
alpha	3727.38	6.65287	99848.7	0	0
Ne20	18617.7	1.00512	99848.7	0	0
Al28	26058.3	0.174431	99840.3	0	0
Al28	26058.3	0.189159	99840.9	0	0
neutron	939.565	23.4771	99840.8	0	0
neutron	939.565	14.8033	99840.8	0	0
proton	938.272	5.63039	99840.8	0	0
neutron	939.565	0.716943	99840.8	0	0
Mg25	23268	2.1437	99840.8	0	0
Na24	22341.8	0.218301	99838.6	0	0
Al28	26058.3	0.18423	99835.1	0	0
Al28	26058.3	0.181971	99841.2	0	0
Na24	22341.8	0.206566	99847.9	0	0
Na24	22341.8	0.207356	99841.5	0	0
Al28	26058.3	0.169123	99843.9	0	0
proton	938.272	3.59261	99840.5	0	0
neutron	939.565	3.23524	99840.5	0	0
neutron	939.565	2.67997	99840.5	0	0
neutron	939.565	2.31743	99840.5	0	0
alpha	3727.38	9.38624	99840.5	0	0
O16	14895.1	1.92981	99840.5	0	0
neutron	939.565	7.51596	99838.2	0	0
proton	938.272	7.27466	99838.2	0	0
neutron	939.565	2.59038	99838.2	0	0
neutron	939.565	1.27402	99838.2	0	0
alpha	3727.38	3.96735	99838.2	0	0
Be8	7454.85	1.11504	99838.2	0	0
Na24	22341.8	0.217508	99836	0	0
Na24	22341.8	0.216482	99841.9	0	0
neutron	939.565	22.2797	99836.7	0	0
proton	938.272	6.56906	99836.7	0	0
Ne22	20479.7	1.51738	99836.7	0	0
Na24	22341.8	0.210037	99835	0	0
neutron	939.565	0.986525	99846	0	0
Na24	22341.8	0.29628	99846	0	0
neutron	939.565	2.55731	99840.8	0	0
Al27	25126.5	0.245196	99840.8	0	0
proton	938.272	28.9893	99839.1	0	0
neutron	939.565	28.8666	99839.1	0	0
neutron	939.565	0.351026	99839.1	0	0
Cr53	49301.7	0.947445	99839.1	0	0
neutron	939.565	6.12654	99840.4	0	0
proton	938.272	5.22458	99840.4	0	0
neutron	939.565	0.383374	99840.4	0	0
alpha	3727.38	4.61413	99840.4	0	0
O17	15830.5	2.23005	99840.4	0	0
neutron	939.565	1.75859	99847.5	0	0
neutron	939.565	0.303053	99847.5	0	0
deuteron	1875.61	6.1446	99847.5	0	0
Ne20	18617.7	0.148913	99847.5	0	0
neutron	939.565	5.17476	99829.2	0	0
neutron	939.565	2.50914	99829.2	0	0
N14	13040.2	0.184774	99829.2	0	0
proton	938.272	7.81706	99839.4	0	0
neutron	939.565	5.93232	99839.4	0	0
proton	938.272	4.51507	99839.4	0	0
neutron	939.565	2.78455	99839.4	0	0
neutron	939.565	2.70122	99839.4	0	0
V51	47442.3	0.25984	99839.4	0	0
neutron	939.565	15.7784	99844.9	0	0
neutron	939.565	2.97304	99844.9	0	0
N14	13040.2	0.38659	99844.9	0	0
Al28	26058.3	0.184911	99840.4	0	0
proton	938.272	36.5216	99840.8	0	0
neutron	939.565	9.63088	99840.8	0	0
neutron	939.565	0.157987	99840.8	0	0
Ne21	19550.5	2.73732	99840.8	0	0
proton	938.272	6.01656	99837.6	0	0
neutron	939.565	3.30906	99837.6	0	0
neutron	939.565	1.91681	99837.6	0	0
neutron	939.565	1.08936	99837.6	0	0
C12	11174.9	1.22856	99837.6	0	0
neutron	939.565	14.0205	99838	0	0
neutron	939.565	7.86974	99838	0	0
N14	13040.2	2.20141	99838	0	0
Al28	26058.3	0.188212	99836.8	0	0
Al28	26058.3	0.168294	99834.5	0	0
Al28	26058.3	0.183772	99838.2	0	0
Na24	22341.8	0.213847	99843.4	0	0
Na25	23272.4	0.211928	99850.3	0	0
neutron	939.565	14.7565	99845.1	0	0
neutron	939.565	3.25106	99845.1	0	0
deuteron	1875.61	4.14546	99845.1	0	0
C12	11174.9	2.35717	99845.1	0	0
neutron	939.565	42.3284	99840.3	0	0
proton	938.272	4.41283	99840.3	0	0
neutron	939.565	0.987054	99840.3	0	0
C13	12109.5	1.51166	99840.3	0	0
neutron	939.565	2.83414	99838.4	0	0
proton	938.272	2.7678	99838.4	0	0
neutron	939.565	2.07481	99838.4	0	0
Ne21	19550.5	0.921815	99838.4	0	0
neutron	939.565	34.0178	99837.8	0	0
neutron	939.565	10.2763	99837.8	0	0
proton	938.272	9.87669	99837.8	0	0
neutron	939.565	2.88766	99837.8	0	0
Mg24	22335.8	1.12043	99837.8	0	0
neutron	939.565	4.28259	99833.1	0	0
neutron	939.565	3.98389	99833.1	0	0
deuteron	1875.61	11.5859	99833.1	0	0
Ne22	20479.7	1.57126	99833.1	0	0
Al28	26058.3	0.158541	99838.1	0	0
Na24	22341.8	0.189827	99847.3	0	0
Na26	24206.4	0.186225	99849	0	0
Na24	22341.8	0.191957	99839.9	0	0
Mn56	52094	0.0878088	99836.5	0	0
proton	938.272	17.9045	99834.8	0	0
neutron	939.565	0.810839	99834.8	0	0
Ne22	20479.7	0.925846	99834.8	0	0
neutron	939.565	8.82946	99840.8	0	0
neutron	939.565	4.9153	99840.8	0	0
N14	13040.2	0.866868	99840.8	0	0
neutron	939.565	21.6511	99834	0	0
Na25	23272.4	0.755516	99834	0	0
Mn56	52094	0.0904714	99838.2	0	0
Na24	22341.8	0.205388	99836.6	0	0
neutron	939.565	3.19488	99839.8	0	0
neutron	939.565	0.159906	99839.8	0	0
Mn54	50232.4	0.0469186	99839.8	0	0
Al28	26058.3	0.171399	99835.6	0	0
Al28	26058.3	0.185589	99844.6	0	0
Na25	23272.4	0.201415	99840.9	0	0
Na24	22341.8	0.213034	99835.2	0	0
neutron	939.565	6.68885	99836.8	0	0
neutron	939.565	2.96772	99836.8	0	0
Na23	21409.2	0.286645	99836.8	0	0
neutron	939.565	9.49675	99841.1	0	0
proton	938.272	5.8956	99841.1	0	0
neutron	939.565	0.791235	99841.1	0	0
Mg25	23268	0.210955	99841.1	0	0
neutron	939.565	4.79646	99840.5	0	0
neutron	939.565	1.56206	99840.5	0	0
deuteron	1875.61	7.868	99840.5	0	0
C12	11174.9	0.503517	99840.5	0	0
neutron	939.565	15.1423	99836.3	0	0
neutron	939.565	3.89177	99836.3	0	0
proton	938.272	3.20033	99836.3	0	0
neutron	939.565	0.964965	99836.3	0	0
Mg24	22335.8	1.28416	99836.3	0	0
Al28	26058.3	0.169325	99836.7	0	0
neutron	939.565	3.09661	99838.1	0	0
neutron	939.565	0.722715	99838.1	0	0
Mn54	50232.4	0.0198996	99838.1	0	0
neutron	939.565	21.431	99838.6	0	0
proton	938.272	2.416	99838.6	0	0
neutron	939.565	0.561828	99838.6	0	0
C13	12109.5	2.82853	99838.6	0	0
Na24	22341.8	0.217229	99845	0	0
neutron	939.565	14.9853	99840.5	0	0
proton	938.272	3.41267	99840.5	0	0
Mg26	24196.5	1.24688	99840.5	0	0
Al28	26058.3	0.191966	99837.5	0	0
neutron	939.565	4.57608	99841.6	0	0
neutron	939.565	1.86335	99841.6	0	0
Na24	22341.8	0.372794	99841.6	0	0
Al28	26058.3	0.164281	99837.7	0	0
N16	14906	0.289546	99842.2	0	0
neutron	939.565	1.79397	99840.9	0	0
neutron	939.565	1.42427	99840.9	0	0
N14	13040.2	0.258319	99840.9	0	0
neutron	939.565	4.88681	99840	0	0
neutron	939.565	3.18702	99840	0	0
neutron	939.565	2.76842	99840	0	0
proton	938.272	2.53482	99840	0	0
alpha	3727.38	10.1214	99840	0	0
alpha	3727.38	8.15031	99840	0	0
C12	11174.9	6.18661	99840	0	0
neutron	939.565	13.0962	99839.5	0	0
neutron	939.565	11.544	99839.5	0	0
neutron	939.565	5.67771	99839.5	0	0
deuteron	1875.61	7.53349	99839.5	0	0
C11	10254	0.891956	99839.5	0	0
proton	938.272	4.84932	99837.3	0	0
neutron	939.565	3.64935	99837.3	0	0
Ne22	20479.7	0.755278	99837.3	0	0
Al28	26058.3	0.175929	99836	0	0
N16	14906	0.272883	99837.4	0	0
Al28	26058.3	0.188153	99836.8	0	0
neutron	939.565	35.2551	99840.3	0	0
proton	938.272	8.58022	99840.3	0	0
neutron	939.565	1.04269	99840.3	0	0
alpha	3727.38	9.11894	99840.3	0	0
O17	15830.5	1.33841	99840.3	0	0
neutron	939.565	17.7105	99839.6	0	0
proton	938.272	7.4903	99839.6	0	0
proton	938.272	4.59944	99839.6	0	0
neutron	939.565	1.56603	99839.6	0	0
F20	18625.3	1.69602	99839.6	0	0
neutron	939.565	1.67773	99837.5	0	0
N15	13968.9	0.402981	99837.5	0	0
neutron	939.565	12.2538	99837.7	0	0
neutron	939.565	11.1172	99837.7	0	0
proton	938.272	8.02125	99837.7	0	0
neutron	939.565	2.54717	99837.7	0	0
alpha	3727.38	5.56127	99837.7	0	0
Be8	7454.85	5.68285	99837.7	0	0
neutron	939.565	4.83496	99842.4	0	0
proton	938.272	1.07628	99842.4	0	0
alpha	3727.38	6.81202	99842.4	0	0
Ne22	20479.7	2.30248	99842.4	0	0
neutron	939.565	2.43278	99833.1	0	0
Mn55	51161.7	0.176817	99833.1	0	0
proton	938.272	8.47901	99838.4	0	0
neutron	939.565	8.16017	99838.4	0	0
neutron	939.565	0.221884	99838.4	0	0
triton	2808.92	4.02714	99838.4	0	0
B10	9324.44	0.254756	99838.4	0	0
neutron	939.565	0.13259	99833.3	0	0
Al27	25126.5	0.142868	99833.3	0	0
proton	938.272	26.3646	99839.6	0	0
Ne25	23280.2	0.665579	99839.6	0	0
proton	938.272	6.01296	99838.7	0	0
neutron	939.565	4.39118	99838.7	0	0
neutron	939.565	1.92283	99838.7	0	0
Ne21	19550.5	0.462756	99838.7	0	0
Na24	22341.8	0.219615	99837.9	0	0
Al28	26058.3	0.185136	99839.5	0	0
Na24	22341.8	0.183794	99832.9	0	0
proton	938.272	9.33161	99847.2	0	0
proton	938.272	5.46456	99847.2	0	0
neutron	939.565	4.10965	99847.2	0	0
neutron	939.565	2.43216	99847.2	0	0
neutron	939.565	2.37755	99847.2	0	0
F21	19556.7	1.65791	99847.2	0	0
neutron	939.565	20.1936	99839.7	0	0
neutron	939.565	10.4943	99839.7	0	0
proton	938.272	7.19847	99839.7	0	0
neutron	939.565	0.708801	99839.7	0	0
Ne20	18617.7	2.97811	99839.7	0	0
proton	938.272	19.5836	99846.2	0	0
neutron	939.565	2.63693	99846.2	0	0
proton	938.272	2.55806	99846.2	0	0
Na25	23272.4	0.287102	99846.2	0	0
proton	938.272	19.1591	99837.3	0	0
neutron	939.565	11.6936	99837.3	0	0
neutron	939.565	5.96963	99837.3	0	0
C13	12109.5	2.17568	99837.3	0	0
Al28	26058.3	0.181632	99842.1	0	0
neutron	939.565	0.0446591	99841	0	0
Na23	21409.2	0.216338	99841	0	0
Mn56	52094	0.0935562	99848.6	0	0
Na24	22341.8	0.197847	99835.1	0	0
neutron	939.565	18.8968	99838.8	0	0
proton	938.272	11.8684	99838.8	0	0
neutron	939.565	3.93001	99838.8	0	0
neutron	939.565	3.04082	99838.8	0	0
Ne20	18617.7	0.445344	99838.8	0	0
neutron	939.565	14.4846	99834.4	0	0
neutron	939.565	9.48618	99834.4	0	0
proton	938.272	7.64833	99834.4	0	0
proton	938.272	2.87556	99834.4	0	0
neutron	939.565	1.2627	99834.4	0	0
Na23	21409.2	0.44538	99834.4	0	0
neutron	939.565	21.4076	99844	0	0
neutron	939.565	5.36208	99844	0	0
deuteron	1875.61	3.97033	99844	0	0
C12	11174.9	2.64241	99844	0	0
Al28	26058.3	0.173379	99834.2	0	0
neutron	939.565	3.31963	99846.1	0	0
Al28	26058.3	0.324679	99846.1	0	0
neutron	939.565	11.3933	99836.9	0	0
neutron	939.565	4.66303	99836.9	0	0
proton	938.272	2.42026	99836.9	0	0
neutron	939.565	1.33781	99836.9	0	0
Ne20	18617.7	0.558808	99836.9	0	0
neutron	939.565	4.83283	99832.9	0	0
neutron	939.565	0.894753	99832.9	0	0
Mn54	50232.4	0.088939	99832.9	0	0
Mn56	52094	0.0878313	99834.3	0	0
neutron	939.565	9.56318	99834.7	0	0
proton	938.272	5.63597	99834.7	0	0
C14	13040.9	1.55588	99834.7	0	0
neutron	939.565	4.84121	99842.5	0	0
Na23	21409.2	0.32187	99842.5	0	0
neutron	939.565	3.63862	99841.9	0	0
Na23	21409.2	0.21569	99841.9	0	0
Na24	22341.8	0.204449	99850.9	0	0
proton	938.272	15.3046	99844.1	0	0
neutron	939.565	1.75263	99844.1	0	0
neutron	939.565	1.73166	99844.1	0	0
neutron	939.565	1.19313	99844.1	0	0
C12	11174.9	1.07825	99844.1	0	0
neutron	939.565	0.148159	99839.4	0	0
Na23	21409.2	0.136837	99839.4	0	0
proton	938.272	12.6813	99835.6	0	0
neutron	939.565	2.76695	99835.6	0	0
neutron	939.565	2.25875	99835.6	0	0
Mg25	23268	0.110984	99835.6	0	0
neutron	939.565	1.25561	99851.7	0	0
neutron	939.565	0.840899	99851.7	0	0
deuteron	1875.61	5.55319	99851.7	0	0
alpha	3727.38	11.4377	99851.7	0	0
O16	14895.1	1.09173	99851.7	0	0
proton	938.272	18.4456	99841.1	0	0
neutron	939.565	5.79484	99841.1	0	0
Ne22	20479.7	0.822361	99841.1	0	0
neutron	939.565	26.4144	99836.9	0	0
neutron	939.565	3.96717	99836.9	0	0
neutron	939.565	2.3709	99836.9	0	0
proton	938.272	2.05445	99836.9	0	0
C12	11174.9	1.45123	99836.9	0	0
Na24	22341.8	0.209112	99841.7	0	0
Al28	26058.3	0.164292	99845.1	0	0
proton	938.272	32.0354	99848.4	0	0
neutron	939.565	2.84879	99848.4	0	0
neutron	939.565	2.38609	99848.4	0	0
Ne21	19550.5	2.77386	99848.4	0	0
Na24	22341.8	0.194117	99834.5	0	0
neutron	939.565	6.19937	99839.3	0	0
proton	938.272	4.2101	99839.3	0	0
neutron	939.565	2.11848	99839.3	0	0
neutron	939.565	0.42067	99839.3	0	0
C12	11174.9	0.409503	99839.3	0	0
neutron	939.565	19.9191	99841.6	0	0
proton	938.272	8.01553	99841.6	0	0
neutron	939.565	2.12207	99841.6	0	0
neutron	939.565	1.30758	99841.6	0	0
C12	11174.9	1.53498	99841.6	0	0
neutron	939.565	11.9746	99843.4	0	0
proton	938.272	1.07447	99843.4	0	0
neutron	939.565	0.445172	99843.4	0	0
C13	12109.5	2.15444	99843.4	0	0
neutron	939.565	1.60567	99833.9	0	0
Al27	25126.5	0.0237616	99833.9	0	0
neutron	939.565	6.22491	99842.3	0	0
proton	938.272	3.43664	99842.3	0	0
neutron	939.565	0.958853	99842.3	0	0
Mg25	23268	0.171259	99842.3	0	0
neutron	939.565	16.0306	99848.3	0	0
proton	938.272	6.54834	99848.3	0	0
Mg26	24196.5	0.34016	99848.3	0	0
O16	14895.1	0.303266	99964.4	111.335	111.005
Na24	22341.8	0.20574	99854	0	0
Al28	26058.3	0.17465	99842.3	0	0
Na24	22341.8	0.210255	99842.2	0	0
neutron	939.565	8.25342	99838.7	0	0
neutron	939.565	1.88492	99838.7	0	0
N14	13040.2	0.99419	99838.7	0	0
proton	938.272	2.63277	99845.6	0	0
neutron	939.565	1.85551	99845.6	0	0
neutron	939.565	0.354291	99845.6	0	0
Ne21	19550.5	0.431981	99845.6	0	0
Al28	26058.3	0.166372	99843	0	0
neutron	939.565	6.25038	99837.4	0	0
proton	938.272	3.66118	99837.4	0	0
neutron	939.565	2.74656	99837.4	0	0
neutron	939.565	1.39927	99837.4	0	0
Ne20	18617.7	0.897263	99837.4	0	0
Na24	22341.8	0.217424	99837	0	0
neutron	939.565	0.629625	99840	0	0
Al27	25126.5	0.290738	99840	0	0
neutron	939.565	8.21092	99844.4	0	0
proton	938.272	4.48159	99844.4	0	0
neutron	939.565	3.81668	99844.4	0	0
neutron	939.565	0.28359	99844.4	0	0
Cr52	48370	0.301873	99844.4	0	0
neutron	939.565	1.91752	99840.8	0	0
Al27	25126.5	0.249979	99840.8	0	0
neutron	939.565	3.2765	99837.3	0	0
Na23	21409.2	0.216093	99837.3	0	0
Al28	26058.3	0.172637	99842.9	0	0
proton	938.272	17.8081	99835.6	0	0
neutron	939.565	3.1368	99835.6	0	0
neutron	939.565	2.04687	99835.6	0	0
neutron	939.565	0.614501	99835.6	0	0
Ne20	18617.7	1.60991	99835.6	0	0
Na24	22341.8	0.190421	99842.2	0	0
N16	14906	0.294324	99842.9	0	0
Al28	26058.3	0.172791	99843.5	0	0
Al29	26988.5	0.181633	99841.9	0	0
proton	938.272	7.25375	99843.4	0	0
proton	938.272	1.99926	99843.4	0	0
neutron	939.565	1.9033	99843.4	0	0
neutron	939.565	0.626024	99843.4	0	0
triton	2808.92	11.4777	99843.4	0	0
Ne21	19550.5	1.84096	99843.4	0	0
Al28	26058.3	0.191181	99840.9	0	0
neutron	939.565	1.38702	99839.3	0	0
Mn55	51161.7	0.0786982	99839.3	0	0
neutron	939.565	7.47736	99846.3	0	0
neutron	939.565	5.56958	99846.3	0	0
neutron	939.565	2.10502	99846.3	0	0
Na23	21409.2	0.423232	99846.3	0	0
Na24	22341.8	0.212708	99841.2	0	0
neutron	939.565	4.48608	99844.5	0	0
proton	938.272	3.69625	99844.5	0	0
neutron	939.565	3.6049	99844.5	0	0
neutron	939.565	1.50427	99844.5	0	0
Cr52	48370	0.47754	99844.5	0	0
neutron	939.565	6.29775	99837.1	0	0
neutron	939.565	1.57469	99837.1	0	0
triton	2808.92	20.6896	99837.1	0	0
C11	10254	4.27762	99837.1	0	0
neutron	939.565	15.4151	99837.9	0	0
proton	938.272	4.24049	99837.9	0	0
Ne22	20479.7	1.38356	99837.9	0	0
neutron	939.565	19.5602	99833	0	0
neutron	939.565	5.54859	99833	0	0
Na23	21409.2	1.21618	99833	0	0
neutron	939.565	0.154595	99850.3	0	0
Na23	21409.2	0.24517	99850.3	0	0
neutron	939.565	1.32117	99839.4	0	0
Na23	21409.2	0.304738	99839.4	0	0
proton	938.272	4.94524	99838.4	0	0
neutron	939.565	4.23684	99838.4	0	0
neutron	939.565	0.824302	99838.4	0	0
deuteron	1875.61	4.30984	99838.4	0	0
Na23	21409.2	2.73477	99838.4	0	0
neutron	939.565	8.1676	99841.2	0	0
proton	938.272	7.90835	99841.2	0	0
neutron	939.565	0.674182	99841.2	0	0
C13	12109.5	0.544381	99841.2	0	0
proton	938.272	22.3844	99837.2	0	0
neutron	939.565	20.6394	99837.2	0	0
neutron	939.565	0.680139	99837.2	0	0
Mg25	23268	1.19915	99837.2	0	0
neutron	939.565	2.8212	99839.4	0	0
neutron	939.565	0.620314	99839.4	0	0
He3	2808.39	11.8593	99839.4	0	0
B11	10252.5	2.53803	99839.4	0	0
Mn56	52094	0.0977164	99839.7	0	0
Mg24	22335.8	0.234759	99994.4	126.96	126.116
Na24	22341.8	0.195255	99836.3	0	0
Mn56	52094	0.0946548	99839.8	0	0
Na24	22341.8	0.214495	99838.9	0	0
Na24	22341.8	0.207069	99840.2	0	0
Na25	23272.4	0.207872	99835.1	0	0
neutron	939.565	0.597202	99838.5	0	0
Na23	21409.2	0.28465	99838.5	0	0
neutron	939.565	6.1099	99837.7	0	0
alpha	3727.38	8.7051	99837.7	0	0
F19	17692.3	2.4599	99837.7	0	0
neutron	939.565	11.8101	99837.5	0	0
N15	13968.9	0.834625	99837.5	0	0
Na24	22341.8	0.209659	99847.4	0	0
neutron	939.565	5.55556	99841	0	0
neutron	939.565	4.10182	99841	0	0
Na24	22341.8	0.0539499	99841	0	0
neutron	939.565	2.13444	99838.2	0	0
N15	13968.9	0.714658	99838.2	0	0
Al28	26058.3	0.183554	99836.5	0	0
Al28	26058.3	0.178491	99842.3	0	0
neutron	939.565	11.3946	99837.2	0	0
proton	938.272	5.5326	99837.2	0	0
neutron	939.565	0.579754	99837.2	0	0
C13	12109.5	0.44799	99837.2	0	0
proton	938.272	6.32663	99838.5	0	0
neutron	939.565	5.68294	99838.5	0	0
neutron	939.565	2.60261	99838.5	0	0
neutron	939.565	1.64679	99838.5	0	0
Cr52	48370	0.21924	99838.5	0	0
Na26	24206.4	0.184937	99839.4	0	0
neutron	939.565	3.90159	99847.5	0	0
proton	938.272	2.4782	99847.5	0	0
neutron	939.565	0.459567	99847.5	0	0
C13	12109.5	0.22782	99847.5	0	0
neutron	939.565	21.7024	99839.3	0	0
proton	938.272	16.5045	99839.3	0	0
neutron	939.565	7.29828	99839.3	0	0
neutron	939.565	2.25668	99839.3	0	0
C12	11174.9	3.83636	99839.3	0	0
neutron	939.565	0.20871	99839.9	0	0
Na23	21409.2	0.123582	99839.9	0	0
neutron	939.565	3.28398	99832.4	0	0
N15	13968.9	0.892017	99832.4	0	0
neutron	939.565	12.6094	99837.6	0	0
neutron	939.565	1.49448	99837.6	0	0
Na24	22341.8	0.810851	99837.6	0	0
neutron	939.565	6.83726	99848.7	0	0
triton	2808.92	10.0578	99848.7	0	0
alpha	3727.38	3.97344	99848.7	0	0
Be8	7454.85	2.9675	99848.7	0	0
deuteron	1875.61	4.44201	99837.6	0	0
Ne22	20479.7	0.486357	99837.6	0	0
neutron	939.565	26.987	99843.1	0	0
proton	938.272	14.7434	99843.1	0	0
neutron	939.565	3.9569	99843.1	0	0
neutron	939.565	0.0329281	99843.1	0	0
C12	11174.9	3.21234	99843.1	0	0
neutron	939.565	0.679611	99840.3	0	0
N15	13968.9	0.100639	99840.3	0	0
N16	14906	0.288587	99832.7	0	0
neutron	939.565	1.13302	99841.8	0	0
Na23	21409.2	0.333566	99841.8	0	0
Al28	26058.3	0.173567	99842.5	0	0
neutron	939.565	2.13658	99839.1	0	0
triton	2808.92	8.52171	99839.1	0	0
alpha	3727.38	6.85631	99839.1	0	0
alpha	3727.38	3.53454	99839.1	0	0
alpha	3727.38	15.0713	99839.1	0	0
proton	938.272	8.45386	99842.9	0	0
C15	13979.2	0.71704	99842.9	0	0
neutron	939.565	26.6959	99836.4	0	0
triton	2808.92	6.93417	99836.4	0	0
alpha	3727.38	6.72297	99836.4	0	0
alpha	3727.38	8.29911	99836.4	0	0
alpha	3727.38	7.89978	99836.4	0	0
neutron	939.565	3.11504	99836.5	0	0
N15	13968.9	0.662162	99836.5	0	0
neutron	939.565	8.17762	99843.4	0	0
neutron	939.565	6.79503	99843.4	0	0
deuteron	1875.61	1.84553	99843.4	0	0
alpha	3727.38	2.09876	99843.4	0	0
Be8	7454.85	4.06868	99843.4	0	0
Al28	26058.3	0.170694	99845.4	0	0
Si28	26053.2	0.118513	99877.7	53.6325	52.7808
Al28	26058.3	0.155946	99841.9	0	0
neutron	939.565	6.94216	99836.9	0	0
neutron	939.565	3.41512	99836.9	0	0
neutron	939.565	2.67759	99836.9	0	0
Na23	21409.2	1.59595	99836.9	0	0
neutron	939.565	5.44958	99850	0	0
Na23	21409.2	0.369946	99850	0	0
Na26	24206.4	0.186317	99834.6	0	0
Na24	22341.8	0.209233	99849.6	0	0
Na26	24206.4	0.176129	99838.3	0	0
neutron	939.565	0.5376	99837	0	0
neutron	939.565	0.157907	99837	0	0
Mn54	50232.4	0.158584	99837	0	0
proton	938.272	8.59702	99839.9	0	0
neutron	939.565	5.56821	99839.9	0	0
neutron	939.565	2.23871	99839.9	0	0
neutron	939.565	1.79684	99839.9	0	0
Mg24	22335.8	0.58593	99839.9	0	0
Mn56	52094	0.0924099	99839.1	0	0
neutron	939.565	3.34798	99836.3	0	0
N15	13968.9	0.165745	99836.3	0	0
neutron	939.565	1.57367	99837.8	0	0
Na23	21409.2	0.402948	99837.8	0	0
neutron	939.565	14.333	99836.4	0	0
proton	938.272	2.96308	99836.4	0	0
Ne22	20479.7	0.517106	99836.4	0	0
neutron	939.565	5.46126	99843.8	0	0
neutron	939.565	1.5384	99843.8	0	0
N14	13040.2	0.806464	99843.8	0	0
N16	14906	0.275775	99838.4	0	0
neutron	939.565	7.7535	99837.9	0	0
neutron	939.565	4.3615	99837.9	0	0
deuteron	1875.61	2.69084	99837.9	0	0
alpha	3727.38	4.92223	99837.9	0	0
O16	14895.1	0.919422	99837.9	0	0
proton	938.272	5.88874	99837.3	0	0
neutron	939.565	2.47013	99837.3	0	0
Mg26	24196.5	0.404929	99837.3	0	0
neutron	939.565	14.5228	99841.3	0	0
neutron	939.565	7.23129	99841.3	0	0
proton	938.272	1.83535	99841.3	0	0
C13	12109.5	2.06565	99841.3	0	0
proton	938.272	3.19638	99837.9	0	0
Mg27	25129.6	0.205288	99837.9	0	0
N16	14906	0.291187	99839.3	0	0
neutron	939.565	9.44577	99837.1	0	0
neutron	939.565	3.36685	99837.1	0	0
Na24	22341.8	0.268538	99837.1	0	0
neutron	939.565	5.32234	99835.4	0	0
proton	938.272	4.58922	99835.4	0	0
neutron	939.565	4.47285	99835.4	0	0
neutron	939.565	2.88008	99835.4	0	0
Cr52	48370	0.256961	99835.4	0	0
neutron	939.565	0.364751	99837.4	0	0
N15	13968.9	0.417159	99837.4	0	0
Na25	23272.4	0.156495	99844.1	0	0
neutron	939.565	2.4639	99846.7	0	0
Na23	21409.2	0.0774834	99846.7	0	0
Mn56	52094	0.0839349	99838.2	0	0
Al28	26058.3	0.187853	99841.1	0	0
Na24	22341.8	0.207274	99838.2	0	0
Mn56	52094	0.0876678	99833.9	0	0
Al28	26058.3	0.170858	99835.2	0	0
Na24	22341.8	0.21104	99841.1	0	0
Mn56	52094	0.0787038	99829.2	0	0
Mn56	52094	0.0931176	99845.1	0	0
neutron	939.565	2.33199	99834.8	0	0
alpha	3727.38	4.61727	99834.8	0	0
B11	10252.5	1.68975	99834.8	0	0
neutron	939.565	31.0544	99834.3	0	0
proton	938.272	16.732	99834.3	0	0
neutron	939.565	6.7861	99834.3	0	0
neutron	939.565	2.02726	99834.3	0	0
C12	11174.9	2.11166	99834.3	0	0
neutron	939.565	7.71584	99831.7	0	0
proton	938.272	5.14679	99831.7	0	0
Ne22	20479.7	0.529979	99831.7	0	0
neutron	939.565	0.276726	99838	0	0
Mn55	51161.7	0.0979104	99838	0	0
N16	14906	0.280047	99841.7	0	0
neutron	939.565	3.18016	99836.4	0	0
Na23	21409.2	0.276987	99836.4	0	0
Na24	22341.8	0.203149	99842.6	0	0
neutron	939.565	0.651814	99833.2	0	0
Al27	25126.5	0.056365	99833.2	0	0
proton	938.272	7.01845	99843.4	0	0
neutron	939.565	4.67464	99843.4	0	0
neutron	939.565	0.163771	99843.4	0	0
Ne21	19550.5	0.903931	99843.4	0	0
neutron	939.565	1.21625	99838.3	0	0
N15	13968.9	0.336297	99838.3	0	0
proton	938.272	9.18028	99835.2	0	0
neutron	939.565	3.44861	99835.2	0	0
neutron	939.565	2.18806	99835.2	0	0
Mg25	23268	0.132866	99835.2	0	0
neutron	939.565	2.2586	99836.9	0	0
neutron	939.565	1.09272	99836.9	0	0
neutron	939.565	0.597998	99836.9	0	0
Na23	21409.2	0.137451	99836.9	0	0
Al28	26058.3	0.171314	99842.9	0	0
Na24	22341.8	0.195245	99841.5	0	0
neutron	939.565	4.42846	99835.1	0	0
proton	938.272	4.31786	99835.1	0	0
neutron	939.565	0.841057	99835.1	0	0
neutron	939.565	0.699293	99835.1	0	0
C12	11174.9	0.356803	99835.1	0	0
neutron	939.565	6.94377	99843.2	0	0
proton	938.272	6.84032	99843.2	0	0
alpha	3727.38	13.6932	99843.2	0	0
Ne22	20479.7	0.883961	99843.2	0	0
neutron	939.565	1.60319	99839.7	0	0
Na23	21409.2	0.154586	99839.7	0	0
Na24	22341.8	0.19862	99844	0	0
proton	938.272	37.61	99837	0	0
neutron	939.565	5.905	99837	0	0
neutron	939.565	5.6975	99837	0	0
neutron	939.565	3.86186	99837	0	0
C12	11174.9	1.56391	99837	0	0
neutron	939.565	2.84175	99837.8	0	0
neutron	939.565	2.55434	99837.8	0	0
deuteron	1875.61	13.9329	99837.8	0	0
C12	11174.9	1.5396	99837.8	0	0
Al28	26058.3	0.171909	99831.1	0	0
Na24	22341.8	0.184743	99846.5	0	0
Al28	26058.3	0.170459	99844.9	0	0
proton	938.272	4.20923	99839	0	0
neutron	939.565	2.74233	99839	0	0
C14	13040.9	0.178758	99839	0	0
neutron	939.565	7.21856	99842.2	0	0
neutron	939.565	7.09955	99842.2	0	0
proton	938.272	4.22743	99842.2	0	0
neutron	939.565	0.905892	99842.2	0	0
alpha	3727.38	4.20116	99842.2	0	0
Be8	7454.85	0.449317	99842.2	0	0
neutron	939.565	7.99939	99833.4	0	0
neutron	939.565	4.46489	99833.4	0	0
triton	2808.92	5.55379	99833.4	0	0
alpha	3727.38	9.50516	99833.4	0	0
O16	14895.1	4.37004	99833.4	0	0
neutron	939.565	4.25729	99834.1	0	0
alpha	3727.38	5.34358	99834.1	0	0
F21	19556.7	0.690848	99834.1	0	0
neutron	939.565	6.15898	99837.4	0	0
proton	938.272	5.25453	99837.4	0	0
neutron	939.565	1.21982	99837.4	0	0
neutron	939.565	0.60366	99837.4	0	0
Ne20	18617.7	0.723207	99837.4	0	0
neutron	939.565	9.11723	99838.5	0	0
proton	938.272	2.83773	99838.5	0	0
Ne22	20479.7	0.511629	99838.5	0	0
neutron	939.565	0.566861	99839.5	0	0
neutron	939.565	0.523115	99839.5	0	0
Mn54	50232.4	0.0366158	99839.5	0	0
Na26	24206.4	0.177601	99842.3	0	0
proton	938.272	15.5292	99833.1	0	0
neutron	939.565	9.22451	99833.1	0	0
alpha	3727.38	7.05789	99833.1	0	0
Ne22	20479.7	1.93861	99833.1	0	0
proton	938.272	12.9399	99839.5	0	0
neutron	939.565	4.50864	99839.5	0	0
neutron	939.565	2.26377	99839.5	0	0
deuteron	1875.61	12.8469	99839.5	0	0
F19	17692.3	0.430349	99839.5	0	0
neutron	939.565	6.06846	99833.8	0	0
N15	13968.9	0.889379	99833.8	0	0
neutron	939.565	7.51434	99841.9	0	0
neutron	939.565	0.636787	99841.9	0	0
Al28	26058.3	0.634979	99841.9	0	0
Al28	26058.3	0.15643	99837.7	0	0
neutron	939.565	2.34249	99845.6	0	0
Na23	21409.2	0.0891047	99845.6	0	0
proton	938.272	9.73222	99846.7	0	0
neutron	939.565	5.06301	99846.7	0	0
neutron	939.565	3.41175	99846.7	0	0
neutron	939.565	0.661129	99846.7	0	0
Mg24	22335.8	1.73905	99846.7	0	0
proton	938.272	9.19966	99835.7	0	0
neutron	939.565	4.22414	99835.7	0	0
neutron	939.565	0.624069	99835.7	0	0
Ne21	19550.5	0.718334	99835.7	0	0
Na24	22341.8	0.190785	99846.1	0	0
neutron	939.565	19.8268	99840.7	0	0
alpha	3727.38	5.00612	99840.7	0	0
F19	17692.3	3.4615	99840.7	0	0
neutron	939.565	8.43362	99843.7	0	0
N15	13968.9	1.21699	99843.7	0	0
Na24	22341.8	0.20342	99834.7	0	0
Al28	26058.3	0.174123	99842.7	0	0
neutron	939.565	8.58785	99845.5	0	0
proton	938.272	4.49959	99845.5	0	0
Mg26	24196.5	0.321143	99845.5	0	0
neutron	939.565	0.0925766	99836.5	0	0
Mn55	51161.7	0.0724098	99836.5	0	0
Na24	22341.8	0.193385	99842.7	0	0
neutron	939.565	16.8663	99843.6	0	0
proton	938.272	4.5915	99843.6	0	0
neutron	939.565	3.96753	99843.6	0	0
Mg25	23268	0.885579	99843.6	0	0
neutron	939.565	3.09886	99839.3	0	0
neutron	939.565	0.110347	99839.3	0	0
Al26	24200	0.312446	99839.3	0	0
Na24	22341.8	0.21087	99837	0	0
neutron	939.565	7.27054	99839.6	0	0
proton	938.272	4.6051	99839.6	0	0
neutron	939.565	3.67056	99839.6	0	0
neutron	939.565	0.0881145	99839.6	0	0
Ne20	18617.7	1.37799	99839.6	0	0
neutron	939.565	4.80249	99842.7	0	0
neutron	939.565	0.0761798	99842.7	0	0
N14	13040.2	0.0385379	99842.7	0	0
N16	14906	0.297072	99842.3	0	0
Al28	26058.3	0.169427	99835.5	0	0
proton	938.272	30.4975	99839.8	0	0
neutron	939.565	6.31743	99839.8	0	0
neutron	939.565	0.30231	99839.8	0	0
Ne23	21414.1	2.0937	99839.8	0	0
Na24	22341.8	0.211551	99835.5	0	0
neutron	939.565	19.3853	99844.1	0	0
neutron	939.565	6.54949	99844.1	0	0
N14	13040.2	0.919599	99844.1	0	0
neutron	939.565	21.0339	99834.8	0	0
neutron	939.565	7.49769	99834.8	0	0
Al28	26058.3	1.44458	99834.8	0	0
proton	938.272	9.98244	99836.9	0	0
neutron	939.565	5.42253	99836.9	0	0
neutron	939.565	2.04557	99836.9	0	0
neutron	939.565	1.27815	99836.9	0	0
Mg24	22335.8	0.504977	99836.9	0	0
Na24	22341.8	0.219669	99841.3	0	0
neutron	939.565	20.7142	99841.7	0	0
proton	938.272	4.73441	99841.7	0	0
Ne22	20479.7	1.21427	99841.7	0	0
neutron	939.565	5.77466	99845.4	0	0
Na23	21409.2	0.0634852	99845.4	0	0
Na24	22341.8	0.216215	99836.9	0	0
proton	938.272	7.72927	99839.1	0	0
neutron	939.565	1.77239	99839.1	0	0
C14	13040.9	1.18349	99839.1	0	0
Na24	22341.8	0.212578	99845.2	0	0
N16	14906	0.292544	99834.1	0	0
Na24	22341.8	0.188006	99838.3	0	0
Al28	26058.3	0.178884	99845.7	0	0
neutron	939.565	2.15394	99842.6	0	0
Al27	25126.5	0.276316	99842.6	0	0
Na24	22341.8	0.21193	99844	0	0
proton	938.272	10.9134	99845.9	0	0
neutron	939.565	3.64345	99845.9	0	0
neutron	939.565	1.75558	99845.9	0	0
neutron	939.565	0.892903	99845.9	0	0
Ne20	18617.7	1.08294	99845.9	0	0
Na24	22341.8	0.194694	99834.6	0	0
neutron	939.565	7.48813	99839.3	0	0
neutron	939.565	2.03651	99839.3	0	0
Mn54	50232.4	0.0652184	99839.3	0	0
proton	938.272	10.5829	99843.8	0	0
neutron	939.565	5.41063	99843.8	0	0
neutron	939.565	0.969344	99843.8	0	0
alpha	3727.38	13.0299	99843.8	0	0
O17	15830.5	2.7955	99843.8	0	0
neutron	939.565	0.659369	99840.7	0	0
N15	13968.9	0.21259	99840.7	0	0
Al28	26058.3	0.189306	99843.5	0	0
neutron	939.565	17.8642	99840.4	0	0
proton	938.272	14.459	99840.4	0	0
neutron	939.565	2.94808	99840.4	0	0
Ne21	19550.5	1.5816	99840.4	0	0
neutron	939.565	1.56206	99844.8	0	0
triton	2808.92	11.4707	99844.8	0	0
Ne20	18617.7	0.855633	99844.8	0	0
neutron	939.565	15.7441	99836.5	0	0
neutron	939.565	11.399	99836.5	0	0
Mn54	50232.4	0.0826623	99836.5	0	0
N16	14906	0.287196	99835.8	0	0
neutron	939.565	10.8346	99839.4	0	0
Na23	21409.2	1.01208	99839.4	0	0
Na24	22341.8	0.213847	99842.7	0	0
Na24	22341.8	0.187995	99833.6	0	0
neutron	939.565	29.0868	99833.4	0	0
proton	938.272	7.24445	99833.4	0	0
neutron	939.565	2.27661	99833.4	0	0
neutron	939.565	0.292954	99833.4	0	0
alpha	3727.38	5.39576	99833.4	0	0
Ne20	18617.7	4.36604	99833.4	0	0
neutron	939.565	24.3872	99842.1	0	0
proton	938.272	6.94855	99842.1	0	0
neutron	939.565	4.10235	99842.1	0	0
Mg25	23268	1.03163	99842.1	0	0
Na24	22341.8	0.207418	99840.5	0	0
neutron	939.565	18.8083	99839.5	0	0
neutron	939.565	3.37834	99839.5	0	0
N14	13040.2	2.53486	99839.5	0	0
Al28	26058.3	0.182447	99848.6	0	0
neutron	939.565	3.13748	99835.3	0	0
N15	13968.9	0.0259839	99835.3	0	0
neutron	939.565	0.207699	99841.9	0	0
Na23	21409.2	0.271366	99841.9	0	0
Al28	26058.3	0.181943	99854.8	0	0
neutron	939.565	2.07242	99852.3	0	0
Na23	21409.2	0.198784	99852.3	0	0
Al28	26058.3	0.173731	99840.3	0	0
neutron	939.565	9.95786	99843.5	0	0
neutron	939.565	0.41318	99843.5	0	0
triton	2808.92	6.53166	99843.5	0	0
Cr51	47442.5	0.115113	99843.5	0	0
neutron	939.565	0.17153	99844.6	0	0
N15	13968.9	0.20487	99844.6	0	0
neutron	939.565	11.4007	99829.6	0	0
Na23	21409.2	0.305003	99829.6	0	0
proton	938.272	15.1612	99845.5	0	0
neutron	939.565	5.388	99845.5	0	0
neutron	939.565	4.82237	99845.5	0	0
neutron	939.565	4.79688	99845.5	0	0
neutron	939.565	3.05686	99845.5	0	0
neutron	939.565	0.100529	99845.5	0	0
Ne20	18617.7	1.07693	99845.5	0	0
neutron	939.565	5.97994	99843.3	0	0
proton	938.272	5.50412	99843.3	0	0
alpha	3727.38	9.19293	99843.3	0	0
O18	16762	1.00865	99843.3	0	0
neutron	939.565	6.24481	99834.6	0	0
proton	938.272	5.46192	99834.6	0	0
neutron	939.565	5.18788	99834.6	0	0
neutron	939.565	2.73741	99834.6	0	0
C12	11174.9	0.400487	99834.6	0	0
neutron	939.565	31.793	99841.3	0	0
proton	938.272	4.36128	99841.3	0	0
neutron	939.565	2.83618	99841.3	0	0
neutron	939.565	0.989456	99841.3	0	0
Cr52	48370	0.209875	99841.3	0	0
Mn56	52094	0.0830832	99832.2	0	0
neutron	939.565	6.27907	99837.4	0	0
Na23	21409.2	0.324655	99837.4	0	0
neutron	939.565	0.173713	99844.5	0	0
N15	13968.9	0.292502	99844.5	0	0
proton	938.272	9.8819	99847.7	0	0
neutron	939.565	6.61585	99847.7	0	0
neutron	939.565	6.24928	99847.7	0	0
proton	938.272	5.63086	99847.7	0	0
neutron	939.565	4.6306	99847.7	0	0
proton	938.272	4.18115	99847.7	0	0
Ti50	46512.1	1.09978	99847.7	0	0
neutron	939.565	1.14822	99837.8	0	0
Na23	21409.2	0.348501	99837.8	0	0
neutron	939.565	0.738318	99840.2	0	0
Na23	21409.2	0.098213	99840.2	0	0
neutron	939.565	26.2051	99847	0	0
proton	938.272	7.05413	99847	0	0
neutron	939.565	2.62884	99847	0	0
neutron	939.565	1.64787	99847	0	0
C12	11174.9	4.7203	99847	0	0
proton	938.272	6.68342	99844.5	0	0
neutron	939.565	6.24433	99844.5	0	0
C14	13040.9	1.01795	99844.5	0	0
Na24	22341.8	0.199914	99841.8	0	0
neutron	939.565	4.85765	99840.1	0	0
Na23	21409.2	0.11272	99840.1	0	0
proton	938.272	5.52804	99832.9	0	0
neutron	939.565	5.0291	99832.9	0	0
Mg26	24196.5	0.67297	99832.9	0	0
neutron	939.565	7.82732	99840.9	0	0
neutron	939.565	3.73574	99840.9	0	0
proton	938.272	3.59085	99840.9	0	0
neutron	939.565	1.81563	99840.9	0	0
Mg24	22335.8	1.18189	99840.9	0	0
Na24	22341.8	0.200386	99833.4	0	0
neutron	939.565	10.7151	99837.7	0	0
proton	938.272	2.5067	99837.7	0	0
neutron	939.565	0.334715	99837.7	0	0
Ne21	19550.5	0.583348	99837.7	0	0
neutron	939.565	27.295	99837.7	0	0
proton	938.272	6.83747	99837.7	0	0
neutron	939.565	6.0015	99837.7	0	0
neutron	939.565	0.496649	99837.7	0	0
C12	11174.9	1.09639	99837.7	0	0
proton	938.272	11.2181	99838	0	0
neutron	939.565	3.13202	99838	0	0
C14	13040.9	0.576395	99838	0	0
neutron	939.565	11.317	99837.5	0	0
neutron	939.565	1.94005	99837.5	0	0
neutron	939.565	0.427496	99837.5	0	0
Na22	20482.1	0.832233	99837.5	0	0
Na24	22341.8	0.215937	99842.5	0	0
Mn56	52094	0.0955814	99840.6	0	0
neutron	939.565	17.0333	99838.6	0	0
neutron	939.565	4.06062	99838.6	0	0
Na23	21409.2	0.754056	99838.6	0	0
Al28	26058.3	0.169415	99849.8	0	0
Na24	22341.8	0.183838	99840	0	0
neutron	939.565	18.5162	99835.5	0	0
neutron	939.565	5.49149	99835.5	0	0
deuteron	1875.61	1.55743	99835.5	0	0
C12	11174.9	3.14237	99835.5	0	0
neutron	939.565	35.4979	99844	0	0
neutron	939.565	9.96069	99844	0	0
proton	938.272	5.58521	99844	0	0
neutron	939.565	1.27955	99844	0	0
C12	11174.9	1.00095	99844	0	0
neutron	939.565	1.18475	99839.6	0	0
Al27	25126.5	0.193779	99839.6	0	0
Mn56	52094	0.087152	99843.9	0	0
Al28	26058.3	0.16155	99834.1	0	0
Na24	22341.8	0.207554	99836.3	0	0
neutron	939.565	2.61752	99842.7	0	0
Al27	25126.5	0.185352	99842.7	0	0
neutron	939.565	8.63459	99834.2	0	0
neutron	939.565	5.82216	99834.2	0	0
proton	938.272	3.90032	99834.2	0	0
neutron	939.565	0.138394	99834.2	0	0
Cr52	48370	0.437782	99834.2	0	0
neutron	939.565	1.73439	99829.7	0	0
Mn55	51161.7	0.161478	99829.7	0	0
Na24	22341.8	0.220273	99830.4	0	0
neutron	939.565	1.11317	99839.3	0	0
neutron	939.565	0.679696	99839.3	0	0
deuteron	1875.61	4.86875	99839.3	0	0
Mg24	22335.8	0.492952	99839.3	0	0
neutron	939.565	12.935	99837.5	0	0
neutron	939.565	11.6488	99837.5	0	0
proton	938.272	7.83501	99837.5	0	0
neutron	939.565	0.371342	99837.5	0	0
Cr50	46512.2	0.119627	99837.5	0	0
Al28	26058.3	0.17478	99833	0	0
Mn56	52094	0.0967892	99842.3	0	0
proton	938.272	12.275	99841.3	0	0
proton	938.272	6.16283	99841.3	0	0
neutron	939.565	3.01366	99841.3	0	0
neutron	939.565	2.24839	99841.3	0	0
neutron	939.565	1.00387	99841.3	0	0
B11	10252.5	0.298681	99841.3	0	0
Al28	26058.3	0.182161	99841	0	0
Na24	22341.8	0.215381	99843.9	0	0
Na24	22341.8	0.210633	99837.7	0	0
neutron	939.565	9.82963	99837.5	0	0
neutron	939.565	1.01666	99837.5	0	0
deuteron	1875.61	6.8219	99837.5	0	0
C12	11174.9	1.62544	99837.5	0	0
Na24	22341.8	0.217641	99844.4	0	0
Na24	22341.8	0.172539	99839.8	0	0
neutron	939.565	3.82579	99839.1	0	0
Na23	21409.2	0.352447	99839.1	0	0
Al28	26058.3	0.186057	99839.1	0	0
neutron	939.565	4.07974	99832.5	0	0
neutron	939.565	1.63334	99832.5	0	0
neutron	939.565	1.47539	99832.5	0	0
Mn53	49301.8	0.0495196	99832.5	0	0
proton	938.272	34.1851	99838.8	0	0
Cr55	51164.8	0.420448	99838.8	0	0
Al28	26058.3	0.162321	99834.9	0	0
proton	938.272	4.94929	99840.4	0	0
neutron	939.565	1.68488	99840.4	0	0
Ne22	20479.7	0.585787	99840.4	0	0
Al28	26058.3	0.167284	99841.2	0	0
neutron	939.565	6.39684	99840.7	0	0
proton	938.272	5.35877	99840.7	0	0
neutron	939.565	1.53301	99840.7	0	0
neutron	939.565	0.610403	99840.7	0	0
Mg24	22335.8	0.882244	99840.7	0	0
neutron	939.565	0.808662	99835.9	0	0
Na23	21409.2	0.348409	99835.9	0	0
neutron	939.565	2.17222	99840.9	0	0
Na25	23272.4	0.146085	99840.9	0	0
neutron	939.565	10.0562	99841.3	0	0
Na23	21409.2	0.261838	99841.3	0	0
Na24	22341.8	0.217379	99844	0	0
neutron	939.565	19.2809	99845.1	0	0
neutron	939.565	5.25394	99845.1	0	0
proton	938.272	3.93453	99845.1	0	0
C13	12109.5	4.11558	99845.1	0	0
Al28	26058.3	0.160475	99839	0	0
proton	938.272	8.25827	99834.6	0	0
neutron	939.565	1.40854	99834.6	0	0
neutron	939.565	1.03776	99834.6	0	0
Ne21	19550.5	0.253216	99834.6	0	0
neutron	939.565	0.104396	99839	0	0
Na24	22341.8	0.229135	99839	0	0
Mn56	52094	0.0982588	99843.8	0	0
neutron	939.565	2.94372	99846.3	0	0
Mn55	51161.7	0.108377	99846.3	0	0
neutron	939.565	17.9946	99837.4	0	0
neutron	939.565	9.78326	99837.4	0	0
neutron	939.565	6.44438	99837.4	0	0
proton	938.272	1.61289	99837.4	0	0
Ne20	18617.7	1.83458	99837.4	0	0
Al28	26058.3	0.178626	99843.6	0	0
Al28	26058.3	0.179821	99842.8	0	0
Al28	26058.3	0.167182	99841.3	0	0
neutron	939.565	16.601	99838.6	0	0
neutron	939.565	6.63403	99838.6	0	0
N14	13040.2	1.62563	99838.6	0	0
neutron	939.565	20.6956	99835.4	0	0
neutron	939.565	7.80081	99835.4	0	0
neutron	939.565	4.22728	99835.4	0	0
proton	938.272	2.84849	99835.4	0	0
alpha	3727.38	8.97869	99835.4	0	0
O16	14895.1	1.89912	99835.4	0	0
neutron	939.565	12.6891	99844.3	0	0
proton	938.272	4.48809	99844.3	0	0
neutron	939.565	3.8237	99844.3	0	0
C13	12109.5	0.573208	99844.3	0	0
neutron	939.565	28.042	99839.9	0	0
neutron	939.565	14.4496	99839.9	0	0
proton	938.272	5.82991	99839.9	0	0
Ne21	19550.5	1.87699	99839.9	0	0
Al28	26058.3	0.177054	99840.8	0	0
neutron	939.565	10.453	99836.8	0	0
N15	13968.9	1.44211	99836.8	0	0
neutron	939.565	3.98532	99840.8	0	0
Na23	21409.2	0.410665	99840.8	0	0
neutron	939.565	0.8955	99840.1	0	0
Mn55	51161.7	0.0290671	99840.1	0	0
neutron	939.565	34.6744	99842	0	0
neutron	939.565	2.60628	99842	0	0
deuteron	1875.61	4.53772	99842	0	0
C12	11174.9	3.76246	99842	0	0
neutron	939.565	9.66059	99841.2	0	0
neutron	939.565	5.71109	99841.2	0	0
proton	938.272	2.927	99841.2	0	0
C13	12109.5	2.01352	99841.2	0	0
Na24	22341.8	0.20506	99836.9	0	0
neutron	939.565	8.26325	99838.1	0	0
neutron	939.565	3.35449	99838.1	0	0
deuteron	1875.61	4.95044	99838.1	0	0
alpha	3727.38	5.30365	99838.1	0	0
alpha	3727.38	2.42711	99838.1	0	0
C12	11174.9	6.91923	99838.1	0	0
Al28	26058.3	0.186011	99839.5	0	0
neutron	939.565	1.15812	99835.6	0	0
Na23	21409.2	0.228793	99835.6	0	0
Na25	23272.4	0.164392	99840.2	0	0
neutron	939.565	10.7899	99836.6	0	0
proton	938.272	4.59871	99836.6	0	0
Ne22	20479.7	0.781586	99836.6	0	0
Na24	22341.8	0.184692	99837	0	0
Na24	22341.8	0.20628	99835.9	0	0
Al28	26058.3	0.184321	99840	0	0
Al28	26058.3	0.162868	99836	0	0
neutron	939.565	16.9004	99848	0	0
neutron	939.565	8.86133	99848	0	0
proton	938.272	2.97693	99848	0	0
neutron	939.565	0.923612	99848	0	0
alpha	3727.38	5.74735	99848	0	0
O16	14895.1	4.65044	99848	0	0
Al28	26058.3	0.178462	99845.8	0	0
neutron	939.565	10.924	99841.4	0	0
neutron	939.565	6.90536	99841.4	0	0
proton	938.272	5.55886	99841.4	0	0
neutron	939.565	0.202756	99841.4	0	0
Cr52	48370	0.586323	99841.4	0	0
neutron	939.565	7.56013	99844.8	0	0
Al27	25126.5	0.420512	99844.8	0	0
neutron	939.565	1.99189	99844.3	0	0
N15	13968.9	0.563388	99844.3	0	0
N16	14906	0.275507	99839.8	0	0
neutron	939.565	3.71263	99838.2	0	0
N15	13968.9	0.494544	99838.2	0	0
Al28	26058.3	0.189671	99849.4	0	0
Al28	26058.3	0.179348	99839.9	0	0
Na25	23272.4	0.180212	99838.3	0	0
neutron	939.565	1.63936	99836.4	0	0
Na23	21409.2	0.443072	99836.4	0	0
neutron	939.565	0.170242	99841.7	0	0
Na24	22341.8	0.187499	99841.7	0	0
Na24	22341.8	0.212822	99843.8	0	0
neutron	939.565	1.55014	99838.4	0	0
Na23	21409.2	0.11593	99838.4	0	0
Na24	22341.8	0.210926	99839.5	0	0
N16	14906	0.28916	99847.8	0	0
neutron	939.565	8.96998	99842.4	0	0
proton	938.272	4.91214	99842.4	0	0
neutron	939.565	1.60038	99842.4	0	0
Ne21	19550.5	0.35103	99842.4	0	0
neutron	939.565	5.20327	99850.4	0	0
proton	938.272	3.94703	99850.4	0	0
Mg26	24196.5	0.174667	99850.4	0	0
neutron	939.565	19.6035	99844.4	0	0
proton	938.272	7.41871	99844.4	0	0
neutron	939.565	0.770614	99844.4	0	0
Ne21	19550.5	1.92709	99844.4	0	0
Na24	22341.8	0.214956	99840.8	0	0
Al29	26988.5	0.176674	99838.6	0	0
proton	938.272	5.96511	99839.2	0	0
neutron	939.565	4.25948	99839.2	0	0
neutron	939.565	2.84644	99839.2	0	0
neutron	939.565	0.81644	99839.2	0	0
Mg24	22335.8	0.885797	99839.2	0	0
neutron	939.565	0.887927	99840.4	0	0
Al27	25126.5	0.120592	99840.4	0	0
neutron	939.565	12.9919	99847.1	0	0
neutron	939.565	4.34644	99847.1	0	0
proton	938.272	3.93609	99847.1	0	0
Mg25	23268	1.61529	99847.1	0	0
Mn56	52094	0.0884638	99844.5	0	0
Mn56	52094	0.0814116	99844.9	0	0
Al28	26058.3	0.176535	99837.9	0	0
neutron	939.565	4.34458	99837.2	0	0
N15	13968.9	0.588354	99837.2	0	0
neutron	939.565	0.514727	99839.5	0	0
N15	13968.9	0.137734	99839.5	0	0
proton	938.272	22.2207	99832.6	0	0
neutron	939.565	18.0661	99832.6	0	0
proton	938.272	3.47489	99832.6	0	0
neutron	939.565	2.65016	99832.6	0	0
neutron	939.565	1.37093	99832.6	0	0
F19	17692.3	0.803485	99832.6	0	0
neutron	939.565	29.3965	99844.6	0	0
triton	2808.92	13.0081	99844.6	0	0
C12	11174.9	0.854807	99844.6	0	0
Na24	22341.8	0.208827	99833	0	0
Na24	22341.8	0.204504	99836.8	0	0
neutron	939.565	12.749	99840.7	0	0
neutron	939.565	5.60226	99840.7	0	0
proton	938.272	1.5074	99840.7	0	0
C13	12109.5	0.435476	99840.7	0	0
neutron	939.565	3.31476	99836	0	0
proton	938.272	2.57023	99836	0	0
Ne22	20479.7	0.401961	99836	0	0
Na25	23272.4	0.174236	99837.1	0	0
neutron	939.565	2.08112	99847.8	0	0
deuteron	1875.61	2.64646	99847.8	0	0
C13	12109.5	0.993822	99847.8	0	0
proton	938.272	30.404	99840.1	0	0
neutron	939.565	23.3976	99840.1	0	0
neutron	939.565	5.22608	99840.1	0	0
C13	12109.5	1.14263	99840.1	0	0
neutron	939.565	5.54653	99839	0	0
neutron	939.565	2.24792	99839	0	0
neutron	939.565	1.00479	99839	0	0
Na23	21409.2	0.135927	99839	0	0
neutron	939.565	1.01398	99834.4	0	0
Na23	21409.2	0.115583	99834.4	0	0
Na24	22341.8	0.214742	99843	0	0
neutron	939.565	4.02359	99842.1	0	0
Na23	21409.2	0.116109	99842.1	0	0
Al28	26058.3	0.18893	99839.7	0	0
Mg24	22335.8	0.164347	99885.8	56.5792	56.3303
N16	14906	0.294366	99846.2	0	0
neutron	939.565	1.19645	99845.5	0	0
Na23	21409.2	0.205917	99845.5	0	0
neutron	939.565	0.187093	99843.4	0	0
Al27	25126.5	0.143782	99843.4	0	0
Al28	26058.3	0.189538	99835.3	0	0
N16	14906	0.283021	99842.4	0	0
Na24	22341.8	0.206496	99835.5	0	0
Na24	22341.8	0.203149	99846	0	0
Al28	26058.3	0.181153	99834.3	0	0
Na24	22341.8	0.219504	99847.7	0	0
Al30	27922.3	0.160006	99853.5	0	0
Al28	26058.3	0.166928	99839.1	0	0
Na24	22341.8	0.205265	99847.9	0	0
neutron	939.565	5.64001	99839.6	0	0
proton	938.272	2.81295	99839.6	0	0
neutron	939.565	2.19057	99839.6	0	0
neutron	939.565	1.67805	99839.6	0	0
C12	11174.9	0.0957152	99839.6	0	0
neutron	939.565	15.9334	99842.8	0	0
neutron	939.565	4.93949	99842.8	0	0
proton	938.272	4.50311	99842.8	0	0
Mg25	23268	1.37809	99842.8	0	0
neutron	939.565	8.70339	99842.3	0	0
proton	938.272	6.66014	99842.3	0	0
neutron	939.565	2.22854	99842.3	0	0
neutron	939.565	2.14773	99842.3	0	0
Mg24	22335.8	2.3451	99842.3	0	0
neutron	939.565	13.3409	99837.8	0	0
neutron	939.565	7.6449	99837.8	0	0
deuteron	1875.61	7.94223	99837.8	0	0
C12	11174.9	2.26176	99837.8	0	0
neutron	939.565	1.09694	99845.5	0	0
Mn55	51161.7	0.0306959	99845.5	0	0
Mn56	52094	0.0961728	99838.5	0	0
neutron	939.565	21.8852	99847.1	0	0
proton	938.272	3.35703	99847.1	0	0
neutron	939.565	1.52853	99847.1	0	0
Mg25	23268	0.511699	99847.1	0	0
neutron	939.565	4.08779	99838.5	0	0
proton	938.272	2.08071	99838.5	0	0
neutron	939.565	1.99203	99838.5	0	0
Ne21	19550.5	0.355928	99838.5	0	0
neutron	939.565	3.26834	99839.2	0	0
neutron	939.565	1.0094	99839.2	0	0
deuteron	1875.61	11.3188	99839.2	0	0
C12	11174.9	2.44922	99839.2	0	0
neutron	939.565	4.12038	99839.2	0	0
N15	13968.9	0.323772	99839.2	0	0
neutron	939.565	12.662	99841.9	0	0
proton	938.272	3.30093	99841.9	0	0
neutron	939.565	1.16904	99841.9	0	0
C13	12109.5	0.355212	99841.9	0	0
Al28	26058.3	0.164549	99840.9	0	0
neutron	939.565	13.0587	99845.5	0	0
neutron	939.565	10.3535	99845.5	0	0
proton	938.272	4.97703	99845.5	0	0
neutron	939.565	4.23953	99845.5	0	0
Ne20	18617.7	2.32876	99845.5	0	0
proton	938.272	8.2501	99836	0	0
neutron	939.565	4.9747	99836	0	0
neutron	939.565	2.84065	99836	0	0
neutron	939.565	1.28592	99836	0	0
C12	11174.9	1.48608	99836	0	0
Al28	26058.3	0.166066	99842.4	0	0
proton	938.272	36.7874	99838.6	0	0
neutron	939.565	13.7722	99838.6	0	0
C14	13040.9	5.51217	99838.6	0	0
N16	14906	0.290415	99835.2	0	0
neutron	939.565	1.41907	99832	0	0
Na23	21409.2	0.260706	99832	0	0
neutron	939.565	4.37415	99840.9	0	0
neutron	939.565	0.972203	99840.9	0	0
Na24	22341.8	0.264562	99840.9	0	0
neutron	939.565	0.754771	99838.3	0	0
Na23	21409.2	0.352153	99838.3	0	0
proton	938.272	4.1376	99841.2	0	0
neutron	939.565	2.16308	99841.2	0	0
Mg26	24196.5	0.352344	99841.2	0	0
neutron	939.565	3.05866	99849.2	0	0
neutron	939.565	2.39239	99849.2	0	0
N14	13040.2	0.31126	99849.2	0	0
proton	938.272	5.6883	99846.7	0	0
neutron	939.565	0.738525	99846.7	0	0
Mg26	24196.5	0.220512	99846.7	0	0
neutron	939.565	14.3645	99831.4	0	0
neutron	939.565	9.58583	99831.4	0	0
proton	938.272	2.87194	99831.4	0	0
neutron	939.565	2.24811	99831.4	0	0
proton	938.272	2.08742	99831.4	0	0
Na23	21409.2	1.451	99831.4	0	0
neutron	939.565	8.20009	99843.2	0	0
neutron	939.565	4.06531	99843.2	0	0
deuteron	1875.61	8.28661	99843.2	0	0
C12	11174.9	1.66406	99843.2	0	0
proton	938.272	15.4746	99845	0	0
neutron	939.565	4.39964	99845	0	0
neutron	939.565	0.447109	99845	0	0
Ne21	19550.5	0.331872	99845	0	0
Na24	22341.8	0.184264	99838.7	0	0
Mn56	52094	0.0949034	99840.1	0	0
Al28	26058.3	0.173189	99844.3	0	0
Na26	24206.4	0.179903	99834.6	0	0
N16	14906	0.295233	99840	0	0
neutron	939.565	25.326	99842.6	0	0
proton	938.272	6.47649	99842.6	0	0
neutron	939.565	2.00885	99842.6	0	0
neutron	939.565	1.39771	99842.6	0	0
Ne20	18617.7	2.11504	99842.6	0	0
neutron	939.565	5.61312	99834.6	0	0
triton	2808.92	9.40812	99834.6	0	0
alpha	3727.38	3.74949	99834.6	0	0
Be8	7454.85	3.91192	99834.6	0	0
neutron	939.565	2.85306	99839.5	0	0
Mn55	51161.7	0.14326	99839.5	0	0
neutron	939.565	18.7194	99846.8	0	0
proton	938.272	4.37738	99846.8	0	0
Mg26	24196.5	0.545315	99846.8	0	0
N16	14906	0.287622	99841.8	0	0
neutron	939.565	5.15552	99845.8	0	0
Na25	23272.4	0.381007	99845.8	0	0
Na24	22341.8	0.215936	99839.5	0	0
Na24	22341.8	0.208543	99839.3	0	0
neutron	939.565	3.37006	99832.3	0	0
neutron	939.565	0.662076	99832.3	0	0
neutron	939.565	0.0444653	99832.3	0	0
deuteron	1875.61	7.68927	99832.3	0	0
Cr52	48370	0.35701	99832.3	0	0
proton	938.272	3.75573	99840.2	0	0
neutron	939.565	0.308042	99840.2	0	0
Mg26	24196.5	0.229913	99840.2	0	0
Al28	26058.3	0.174358	99840.7	0	0
neutron	939.565	0.626784	99840	0	0
Al27	25126.5	0.0999558	99840	0	0
neutron	939.565	30.4053	99843.7	0	0
proton	938.272	6.30556	99843.7	0	0
neutron	939.565	3.65225	99843.7	0	0
neutron	939.565	0.666141	99843.7	0	0
neutron	939.565	0.309937	99843.7	0	0
Ne21	19550.5	1.39212	99843.7	0	0
neutron	939.565	13.4884	99843.6	0	0
neutron	939.565	2.23338	99843.6	0	0
deuteron	1875.61	4.66379	99843.6	0	0
alpha	3727.38	7.30742	99843.6	0	0
O16	14895.1	2.9991	99843.6	0	0
Na24	22341.8	0.200211	99830.7	0	0
neutron	939.565	0.235853	99837.5	0	0
Na23	21409.2	0.159805	99837.5	0	0
neutron	939.565	37.1083	99836.7	0	0
neutron	939.565	5.3996	99836.7	0	0
proton	938.272	4.99583	99836.7	0	0
Ne21	19550.5	3.17213	99836.7	0	0
neutron	939.565	8.05335	99838.1	0	0
neutron	939.565	2.59003	99838.1	0	0
proton	938.272	2.43824	99838.1	0	0
neutron	939.565	1.37345	99838.1	0	0
alpha	3727.38	5.90459	99838.1	0	0
O16	14895.1	0.791536	99838.1	0	0
neutron	939.565	9.02949	99842.4	0	0
neutron	939.565	1.11783	99842.4	0	0
N14	13040.2	0.512209	99842.4	0	0
neutron	939.565	0.155786	99835.4	0	0
Mn55	51161.7	0.0797928	99835.4	0	0
Al28	26058.3	0.187752	99838.8	0	0
Al28	26058.3	0.164929	99837.4	0	0
Mn56	52094	0.0955628	99838.1	0	0
Na24	22341.8	0.202564	99837.1	0	0
neutron	939.565	3.14405	99842.2	0	0
Na23	21409.2	0.0870226	99842.2	0	0
neutron	939.565	13.2922	99850.8	0	0
proton	938.272	3.39915	99850.8	0	0
Mg26	24196.5	0.684526	99850.8	0	0
Al28	26058.3	0.186049	99836.4	0	0
neutron	939.565	2.62112	99837.5	0	0
deuteron	1875.61	4.47543	99837.5	0	0
Mg25	23268	0.426219	99837.5	0	0
neutron	939.565	18.109	99834.4	0	0
proton	938.272	6.23631	99834.4	0	0
neutron	939.565	0.991997	99834.4	0	0
neutron	939.565	0.333144	99834.4	0	0
C12	11174.9	0.353222	99834.4	0	0
neutron	939.565	0.275171	99836.7	0	0
N15	13968.9	0.218108	99836.7	0	0
neutron	939.565	9.73435	99843.4	0	0
neutron	939.565	4.1574	99843.4	0	0
proton	938.272	2.60282	99843.4	0	0
neutron	939.565	1.22025	99843.4	0	0
Ne21	19550.5	0.476853	99843.4	0	0
Na26	24206.4	0.18211	99848.5	0	0
Al28	26058.3	0.182635	99839.5	0	0
neutron	939.565	3.18248	99838	0	0
neutron	939.565	2.68537	99838	0	0
neutron	939.565	0.460882	99838	0	0
Mn53	49301.8	0.100803	99838	0	0
neutron	939.565	0.255566	99846.2	0	0
N15	13968.9	0.41865	99846.2	0	0
Fe56	52089.8	0.0709106	99962.5	110.617	110.345
neutron	939.565	15.7366	99835.8	0	0
Al27	25126.5	0.917412	99835.8	0	0
Na24	22341.8	0.21103	99844.5	0	0
neutron	939.565	0.77004	99838.4	0	0
Na25	23272.4	0.186864	99838.4	0	0
neutron	939.565	0.639112	99838.4	0	0
Na23	21409.2	0.285607	99838.4	0	0
Na24	22341.8	0.186616	99839.9	0	0
neutron	939.565	2.18355	99847.2	0	0
Al27	25126.5	0.0487185	99847.2	0	0
neutron	939.565	6.31908	99843.6	0	0
proton	938.272	5.22707	99843.6	0	0
neutron	939.565	1.59022	99843.6	0	0
Mg25	23268	0.569479	99843.6	0	0
neutron	939.565	1.52481	99835.1	0	0
proton	938.272	1.07979	99835.1	0	0
C14	13040.9	0.105929	99835.1	0	0
Na24	22341.8	0.216125	99843.2	0	0
neutron	939.565	2.77338	99839.3	0	0
neutron	939.565	1.4825	99839.3	0	0
triton	2808.92	4.85279	99839.3	0	0
C11	10254	1.3514	99839.3	0	0
neutron	939.565	1.79652	99847	0	0
Al27	25126.5	0.252653	99847	0	0
neutron	939.565	3.94634	99848.4	0	0
neutron	939.565	0.115324	99848.4	0	0
Mn54	50232.4	0.0420519	99848.4	0	0
neutron	939.565	18.8645	99839.8	0	0
proton	938.272	3.8621	99839.8	0	0
neutron	939.565	0.6373	99839.8	0	0
Ne21	19550.5	0.408735	99839.8	0	0
neutron	939.565	13.0518	99847.2	0	0
neutron	939.565	11.4778	99847.2	0	0
neutron	939.565	6.57736	99847.2	0	0
proton	938.272	4.2607	99847.2	0	0
C12	11174.9	1.93581	99847.2	0	0
Na25	23272.4	0.215974	99834.1	0	0
proton	938.272	2.95053	99842.6	0	0
proton	938.272	1.91643	99842.6	0	0
neutron	939.565	1.05152	99842.6	0	0
neutron	939.565	0.320446	99842.6	0	0
triton	2808.92	4.61146	99842.6	0	0
O17	15830.5	1.11811	99842.6	0	0
neutron	939.565	3.56428	99839.7	0	0
N15	13968.9	0.581039	99839.7	0	0
neutron	939.565	4.86813	99834.5	0	0
neutron	939.565	1.61465	99834.5	0	0
Na22	20482.1	0.302224	99834.5	0	0
Na24	22341.8	0.21365	99840.3	0	0
Na24	22341.8	0.213907	99842.2	0	0
Al28	26058.3	0.175099	99838.2	0	0
proton	938.272	5.52209	99838.1	0	0
neutron	939.565	1.2794	99838.1	0	0
neutron	939.565	0.18545	99838.1	0	0
Cr51	47442.5	0.0574339	99838.1	0	0
neutron	939.565	11.0294	99841.8	0	0
N15	13968.9	0.898232	99841.8	0	0
neutron	939.565	0.394478	99837.2	0	0
N15	13968.9	0.474819	99837.2	0	0
Na25	23272.4	0.215587	99837.5	0	0
proton	938.272	5.76632	99842.9	0	0
neutron	939.565	5.57387	99842.9	0	0
neutron	939.565	0.647215	99842.9	0	0
Ne21	19550.5	0.843829	99842.9	0	0
neutron	939.565	16.7465	99839.8	0	0
proton	938.272	3.82505	99839.8	0	0
neutron	939.565	3.66173	99839.8	0	0
neutron	939.565	2.24503	99839.8	0	0
alpha	3727.38	3.82655	99839.8	0	0
O16	14895.1	3.05317	99839.8	0	0
neutron	939.565	20.3325	99837	0	0
neutron	939.565	2.09804	99837	0	0
Al27	25126.5	0.729074	99837	0	0
neutron	939.565	1.36018	99840.4	0	0
neutron	939.565	0.922169	99840.4	0	0
N14	13040.2	0.264652	99840.4	0	0
proton	938.272	15.7368	99847	0	0
neutron	939.565	2.4926	99847	0	0
Ne24	22344.8	1.27529	99847	0	0
proton	938.272	7.51983	99834.9	0	0
proton	938.272	1.70789	99834.9	0	0
neutron	939.565	1.16736	99834.9	0	0
Na25	23272.4	0.33723	99834.9	0	0
neutron	939.565	6.77197	99837.6	0	0
neutron	939.565	5.94414	99837.6	0	0
deuteron	1875.61	5.17196	99837.6	0	0
alpha	3727.38	7.53932	99837.6	0	0
O16	14895.1	4.28817	99837.6	0	0
Al28	26058.3	0.188596	99844.4	0	0
neutron	939.565	1.25714	99846	0	0
N15	13968.9	0.163933	99846	0	0
neutron	939.565	5.90996	99832.7	0	0
proton	938.272	2.44276	99832.7	0	0
neutron	939.565	1.28743	99832.7	0	0
Ne22	20479.7	1.05283	99832.7	0	0
neutron	939.565	8.56652	99839	0	0
proton	938.272	5.93575	99839	0	0
neutron	939.565	0.189822	99839	0	0
Mg25	23268	0.631688	99839	0	0
proton	938.272	9.29113	99839.1	0	0
neutron	939.565	2.56906	99839.1	0	0
neutron	939.565	2.15792	99839.1	0	0
neutron	939.565	0.905977	99839.1	0	0
C12	11174.9	1.15008	99839.1	0	0
Mn56	52094	0.0910927	99844.3	0	0
N16	14906	0.287408	99839.2	0	0
Na24	22341.8	0.209402	99846.6	0	0
Al28	26058.3	0.180196	99852.2	0	0
Na24	22341.8	0.208028	99835.1	0	0
Al28	26058.3	0.171086	99837.4	0	0
Na24	22341.8	0.196848	99837	0	0
neutron	939.565	15.1414	99843.1	0	0
proton	938.272	5.48535	99843.1	0	0
neutron	939.565	1.67991	99843.1	0	0
Ne21	19550.5	0.165787	99843.1	0	0
proton	938.272	6.70126	99839.4	0	0
neutron	939.565	5.75691	99839.4	0	0
neutron	939.565	4.01114	99839.4	0	0
proton	938.272	3.03359	99839.4	0	0
neutron	939.565	2.73495	99839.4	0	0
B11	10252.5	4.5373	99839.4	0	0
Al28	26058.3	0.187455	99844.3	0	0
Na24	22341.8	0.194548	99833.6	0	0
Al28	26058.3	0.167318	99845.7	0	0
neutron	939.565	18.4179	99836.7	0	0
neutron	939.565	9.98355	99836.7	0	0
Na22	20482.1	2.63439	99836.7	0	0
Na24	22341.8	0.188404	99846.6	0	0
Al28	26058.3	0.175449	99838.3	0	0
Mn56	52094	0.0916064	99837.6	0	0
Na24	22341.8	0.190955	99845.9	0	0
Na24	22341.8	0.216512	99842.9	0	0
proton	938.272	38.8653	99834.6	0	0
neutron	939.565	20.4486	99834.6	0	0
neutron	939.565	2.63755	99834.6	0	0
C13	12109.5	3.13214	99834.6	0	0
Al28	26058.3	0.186941	99840.7	0	0
Na24	22341.8	0.211394	99842.5	0	0
proton	938.272	7.9638	99835.7	0	0
neutron	939.565	3.95157	99835.7	0	0
neutron	939.565	3.37421	99835.7	0	0
neutron	939.565	0.975617	99835.7	0	0
Mg24	22335.8	0.90111	99835.7	0	0
neutron	939.565	19.488	99846.7	0	0
neutron	939.565	9.72159	99846.7	0	0
neutron	939.565	0.2407	99846.7	0	0
deuteron	1875.61	8.53758	99846.7	0	0
Ne21	19550.5	1.80395	99846.7	0	0
proton	938.272	43.5498	99847	0	0
neutron	939.565	0.937331	99847	0	0
Mg26	24196.5	2.35351	99847	0	0
neutron	939.565	11.9409	99854.2	0	0
proton	938.272	5.98871	99854.2	0	0
Cr52	48370	0.178796	99854.2	0	0
Al28	26058.3	0.169128	99839	0	0
neutron	939.565	7.80208	99841.1	0	0
Al27	25126.5	0.584248	99841.1	0	0
Al28	26058.3	0.179533	99834.8	0	0
neutron	939.565	2.77597	99842.8	0	0
neutron	939.565	0.732982	99842.8	0	0
Na22	20482.1	0.175261	99842.8	0	0
neutron	939.565	12.1253	99838.7	0	0
proton	938.272	6.67345	99838.7	0	0
Ne22	20479.7	0.351285	99838.7	0	0
Al28	26058.3	0.152667	99834.6	0	0
Na24	22341.8	0.211454	99837.8	0	0
Na24	22341.8	0.21593	99842.1	0	0
Na24	22341.8	0.208832	99840	0	0
Na24	22341.8	0.207963	99840.2	0	0
Na24	22341.8	0.197108	99847.2	0	0
N16	14906	0.281707	99836.8	0	0
